Effective Date,Rate Type,Rate (%),1st Percentile (%),25th Percentile (%),75th Percentile (%),99th Percentile (%),Volume ($Billions),Target Rate From (%),Target Rate To (%),Intra Day - Low (%),Intra Day - High (%),Standard Deviation (%),30-Day Average SOFR,90-Day Average SOFR,180-Day Average SOFR,SOFR Index,Revision Indicator (Y/N),Footnote ID
07/28/2026,TGCR,3.64,3.56,3.64,3.65,3.66,1202,,,,,,,,,,,
07/28/2026,BGCR,3.64,3.56,3.64,3.65,3.71,1234,,,,,,,,,,,
07/27/2026,TGCR,3.62,3.55,3.62,3.62,3.65,1201,,,,,,,,,,,
07/27/2026,BGCR,3.62,3.55,3.62,3.62,3.67,1231,,,,,,,,,,,
07/24/2026,TGCR,3.62,3.55,3.62,3.62,3.65,1208,,,,,,,,,,,
07/24/2026,BGCR,3.62,3.55,3.62,3.62,3.67,1240,,,,,,,,,,,
07/23/2026,TGCR,3.62,3.55,3.62,3.62,3.65,1206,,,,,,,,,,,
07/23/2026,BGCR,3.62,3.55,3.62,3.62,3.67,1243,,,,,,,,,,,
07/22/2026,TGCR,3.6,3.55,3.6,3.6,3.63,1219,,,,,,,,,,,
07/22/2026,BGCR,3.6,3.55,3.6,3.6,3.66,1258,,,,,,,,,,,
07/21/2026,TGCR,3.58,3.52,3.58,3.59,3.63,1218,,,,,,,,,,,
07/21/2026,BGCR,3.58,3.52,3.58,3.59,3.66,1248,,,,,,,,,,,
07/20/2026,TGCR,3.54,3.5,3.54,3.55,3.61,1243,,,,,,,,,,,
07/20/2026,BGCR,3.54,3.5,3.54,3.55,3.63,1265,,,,,,,,,,,
07/17/2026,TGCR,3.56,3.53,3.56,3.56,3.63,1248,,,,,,,,,,,
07/17/2026,BGCR,3.56,3.53,3.56,3.57,3.63,1272,,,,,,,,,,,
07/16/2026,TGCR,3.59,3.55,3.59,3.6,3.65,1255,,,,,,,,,,,
07/16/2026,BGCR,3.59,3.55,3.59,3.6,3.66,1281,,,,,,,,,,,
07/15/2026,TGCR,3.62,3.54,3.62,3.63,3.64,1276,,,,,,,,,,,
07/15/2026,BGCR,3.62,3.54,3.62,3.63,3.68,1306,,,,,,,,,,,
07/14/2026,TGCR,3.62,3.54,3.62,3.62,3.64,1273,,,,,,,,,,,
07/14/2026,BGCR,3.62,3.53,3.62,3.62,3.68,1316,,,,,,,,,,,
07/13/2026,TGCR,3.58,3.5,3.58,3.58,3.62,1277,,,,,,,,,,,
07/13/2026,BGCR,3.58,3.5,3.58,3.58,3.66,1313,,,,,,,,,,,
07/10/2026,TGCR,3.52,3.48,3.52,3.52,3.6,1277,,,,,,,,,,,
07/10/2026,BGCR,3.52,3.48,3.52,3.52,3.62,1307,,,,,,,,,,,
07/09/2026,TGCR,3.51,3.5,3.51,3.51,3.6,1281,,,,,,,,,,,
07/09/2026,BGCR,3.51,3.5,3.51,3.51,3.61,1313,,,,,,,,,,,
07/08/2026,TGCR,3.57,3.52,3.57,3.57,3.63,1279,,,,,,,,,,,
07/08/2026,BGCR,3.57,3.52,3.57,3.57,3.63,1319,,,,,,,,,,,
07/07/2026,TGCR,3.6,3.53,3.6,3.6,3.64,1278,,,,,,,,,,,
07/07/2026,BGCR,3.6,3.5,3.6,3.6,3.67,1325,,,,,,,,,,,
07/06/2026,TGCR,3.61,3.5,3.61,3.61,3.65,1264,,,,,,,,,,,
07/06/2026,BGCR,3.61,3.5,3.61,3.61,3.68,1310,,,,,,,,,,,
07/02/2026,TGCR,3.62,3.55,3.62,3.62,3.67,1256,,,,,,,,,,,
07/02/2026,BGCR,3.62,3.55,3.62,3.62,3.68,1296,,,,,,,,,,,
07/01/2026,TGCR,3.63,3.58,3.63,3.63,3.69,1248,,,,,,,,,,,
07/01/2026,BGCR,3.63,3.58,3.63,3.63,3.71,1299,,,,,,,,,,,
06/30/2026,TGCR,3.64,3.54,3.64,3.64,3.66,1245,,,,,,,,,,,
06/30/2026,BGCR,3.64,3.55,3.64,3.65,3.76,1288,,,,,,,,,,,
06/29/2026,TGCR,3.6,3.55,3.6,3.61,3.63,1232,,,,,,,,,,,
06/29/2026,BGCR,3.6,3.55,3.6,3.61,3.67,1276,,,,,,,,,,,
06/26/2026,TGCR,3.6,3.54,3.6,3.6,3.65,1256,,,,,,,,,,,
06/26/2026,BGCR,3.6,3.54,3.6,3.6,3.66,1285,,,,,,,,,,,
06/25/2026,TGCR,3.62,3.55,3.62,3.62,3.64,1259,,,,,,,,,,,
06/25/2026,BGCR,3.62,3.55,3.62,3.62,3.66,1285,,,,,,,,,,,
06/24/2026,TGCR,3.61,3.52,3.61,3.61,3.63,1242,,,,,,,,,,,
06/24/2026,BGCR,3.61,3.52,3.61,3.61,3.66,1284,,,,,,,,,,,
06/23/2026,TGCR,3.6,3.5,3.6,3.6,3.63,1251,,,,,,,,,,,
06/23/2026,BGCR,3.6,3.5,3.6,3.6,3.66,1294,,,,,,,,,,,
06/22/2026,TGCR,3.59,3.5,3.59,3.6,3.64,1259,,,,,,,,,,,
06/22/2026,BGCR,3.59,3.5,3.59,3.6,3.66,1282,,,,,,,,,,,
06/18/2026,TGCR,3.6,3.55,3.6,3.6,3.65,1282,,,,,,,,,,,
06/18/2026,BGCR,3.6,3.55,3.6,3.6,3.67,1303,,,,,,,,,,,
06/17/2026,TGCR,3.61,3.55,3.6,3.61,3.65,1276,,,,,,,,,,,
06/17/2026,BGCR,3.61,3.55,3.6,3.61,3.66,1303,,,,,,,,,,,
06/16/2026,TGCR,3.61,3.55,3.61,3.61,3.7,1276,,,,,,,,,,,
06/16/2026,BGCR,3.61,3.55,3.61,3.61,3.7,1297,,,,,,,,,,,
06/15/2026,TGCR,3.67,3.58,3.67,3.67,3.69,1267,,,,,,,,,,,
06/15/2026,BGCR,3.67,3.58,3.67,3.67,3.71,1297,,,,,,,,,,,
06/12/2026,TGCR,3.63,3.54,3.63,3.64,3.66,1256,,,,,,,,,,,
06/12/2026,BGCR,3.63,3.54,3.63,3.64,3.7,1283,,,,,,,,,,,
06/11/2026,TGCR,3.58,3.54,3.58,3.59,3.63,1241,,,,,,,,,,,
06/11/2026,BGCR,3.58,3.54,3.58,3.59,3.68,1269,,,,,,,,,,,
06/10/2026,TGCR,3.57,3.52,3.57,3.57,3.62,1254,,,,,,,,,,,
06/10/2026,BGCR,3.57,3.53,3.57,3.57,3.64,1281,,,,,,,,,,,
06/09/2026,TGCR,3.59,3.52,3.59,3.59,3.64,1254,,,,,,,,,,,
06/09/2026,BGCR,3.59,3.53,3.59,3.59,3.64,1284,,,,,,,,,,,
06/08/2026,TGCR,3.61,3.53,3.61,3.61,3.64,1254,,,,,,,,,,,
06/08/2026,BGCR,3.61,3.52,3.61,3.61,3.68,1298,,,,,,,,,,,
06/05/2026,TGCR,3.61,3.55,3.6,3.61,3.65,1265,,,,,,,,,,,
06/05/2026,BGCR,3.61,3.55,3.6,3.61,3.67,1304,,,,,,,,,,,
06/04/2026,TGCR,3.59,3.55,3.59,3.59,3.63,1275,,,,,,,,,,,
06/04/2026,BGCR,3.59,3.56,3.59,3.59,3.67,1300,,,,,,,,,,,
06/03/2026,TGCR,3.59,3.55,3.59,3.59,3.64,1268,,,,,,,,,,,
06/03/2026,BGCR,3.59,3.55,3.59,3.59,3.67,1286,,,,,,,,,,,
06/02/2026,TGCR,3.6,3.55,3.6,3.61,3.66,1275,,,,,,,,,,,
06/02/2026,BGCR,3.61,3.55,3.6,3.61,3.68,1295,,,,,,,,,,,
06/01/2026,TGCR,3.63,3.57,3.63,3.64,3.65,1278,,,,,,,,,,,
06/01/2026,BGCR,3.63,3.57,3.63,3.64,3.69,1301,,,,,,,,,,,
05/29/2026,TGCR,3.61,3.55,3.61,3.62,3.63,1277,,,,,,,,,,,
05/29/2026,BGCR,3.61,3.55,3.61,3.62,3.68,1314,,,,,,,,,,,
05/28/2026,TGCR,3.6,3.55,3.6,3.6,3.64,1274,,,,,,,,,,,
05/28/2026,BGCR,3.6,3.55,3.6,3.6,3.68,1304,,,,,,,,,,,
05/27/2026,TGCR,3.62,3.55,3.62,3.62,3.64,1258,,,,,,,,,,,
05/27/2026,BGCR,3.62,3.55,3.62,3.62,3.67,1286,,,,,,,,,,,
05/26/2026,TGCR,3.61,3.5,3.61,3.61,3.64,1261,,,,,,,,,,,
05/26/2026,BGCR,3.61,3.5,3.61,3.62,3.68,1296,,,,,,,,,,,
05/22/2026,TGCR,3.53,3.48,3.52,3.53,3.6,1249,,,,,,,,,,,
05/22/2026,BGCR,3.53,3.48,3.52,3.53,3.62,1276,,,,,,,,,,,
05/21/2026,TGCR,3.51,3.45,3.5,3.51,3.59,1255,,,,,,,,,,,
05/21/2026,BGCR,3.51,3.45,3.5,3.51,3.6,1290,,,,,,,,,,,
05/20/2026,TGCR,3.5,3.45,3.5,3.51,3.55,1255,,,,,,,,,,,
05/20/2026,BGCR,3.5,3.45,3.5,3.51,3.55,1286,,,,,,,,,,,
05/19/2026,TGCR,3.51,3.46,3.51,3.51,3.54,1249,,,,,,,,,,,
05/19/2026,BGCR,3.51,3.46,3.51,3.51,3.54,1292,,,,,,,,,,,
05/18/2026,TGCR,3.52,3.49,3.52,3.52,3.56,1254,,,,,,,,,,,
05/18/2026,BGCR,3.52,3.48,3.52,3.52,3.58,1295,,,,,,,,,,,
05/15/2026,TGCR,3.53,3.5,3.53,3.53,3.59,1267,,,,,,,,,,,
05/15/2026,BGCR,3.53,3.5,3.53,3.53,3.61,1301,,,,,,,,,,,
05/14/2026,TGCR,3.55,3.5,3.55,3.56,3.6,1281,,,,,,,,,,,
05/14/2026,BGCR,3.55,3.5,3.55,3.56,3.61,1314,,,,,,,,,,,
05/13/2026,TGCR,3.58,3.52,3.58,3.58,3.61,1283,,,,,,,,,,,
05/13/2026,BGCR,3.58,3.5,3.58,3.58,3.64,1318,,,,,,,,,,,
05/12/2026,TGCR,3.58,3.53,3.58,3.58,3.62,1290,,,,,,,,,,,
05/12/2026,BGCR,3.58,3.53,3.58,3.58,3.66,1321,,,,,,,,,,,
05/11/2026,TGCR,3.58,3.53,3.58,3.58,3.62,1276,,,,,,,,,,,
05/11/2026,BGCR,3.58,3.53,3.58,3.58,3.64,1299,,,,,,,,,,,
05/08/2026,TGCR,3.58,3.54,3.58,3.58,3.62,1276,,,,,,,,,,,
05/08/2026,BGCR,3.58,3.54,3.58,3.58,3.64,1302,,,,,,,,,,,
05/07/2026,TGCR,3.58,3.55,3.58,3.58,3.62,1276,,,,,,,,,,,
05/07/2026,BGCR,3.58,3.55,3.58,3.58,3.64,1302,,,,,,,,,,,
05/06/2026,TGCR,3.6,3.54,3.6,3.6,3.64,1270,,,,,,,,,,,
05/06/2026,BGCR,3.6,3.5,3.6,3.6,3.66,1307,,,,,,,,,,,
05/05/2026,TGCR,3.6,3.55,3.6,3.6,3.64,1258,,,,,,,,,,,
05/05/2026,BGCR,3.6,3.55,3.6,3.6,3.65,1287,,,,,,,,,,,
05/04/2026,TGCR,3.61,3.54,3.61,3.61,3.65,1253,,,,,,,,,,,
05/04/2026,BGCR,3.61,3.54,3.61,3.61,3.66,1279,,,,,,,,,,,
05/01/2026,TGCR,3.63,3.55,3.63,3.63,3.67,1243,,,,,,,,,,,
05/01/2026,BGCR,3.63,3.57,3.63,3.63,3.68,1272,,,,,,,,,,,
04/30/2026,TGCR,3.64,3.55,3.64,3.64,3.66,1250,,,,,,,,,,,
04/30/2026,BGCR,3.64,3.55,3.64,3.64,3.71,1290,,,,,,,,,,,
04/29/2026,TGCR,3.61,3.55,3.61,3.61,3.65,1202,,,,,,,,,,,
04/29/2026,BGCR,3.61,3.55,3.61,3.61,3.67,1240,,,,,,,,,,,
04/28/2026,TGCR,3.62,3.57,3.62,3.62,3.67,1212,,,,,,,,,,,
04/28/2026,BGCR,3.62,3.57,3.62,3.62,3.68,1248,,,,,,,,,,,
04/27/2026,TGCR,3.65,3.53,3.65,3.65,3.67,1220,,,,,,,,,,,
04/27/2026,BGCR,3.65,3.53,3.65,3.65,3.71,1258,,,,,,,,,,,
04/24/2026,TGCR,3.65,3.58,3.65,3.65,3.67,1219,,,,,,,,,,,
04/24/2026,BGCR,3.65,3.58,3.65,3.65,3.7,1253,,,,,,,,,,,
04/23/2026,TGCR,3.63,3.55,3.63,3.63,3.65,1215,,,,,,,,,,,
04/23/2026,BGCR,3.63,3.55,3.63,3.63,3.69,1239,,,,,,,,,,,
04/22/2026,TGCR,3.62,3.55,3.62,3.62,3.65,1218,,,,,,,,,,,
04/22/2026,BGCR,3.62,3.55,3.62,3.62,3.68,1248,,,,,,,,,,,
04/21/2026,TGCR,3.61,3.56,3.61,3.61,3.64,1216,,,,,,,,,,,
04/21/2026,BGCR,3.61,3.56,3.61,3.61,3.68,1242,,,,,,,,,,,
04/20/2026,TGCR,3.6,3.55,3.6,3.61,3.66,1222,,,,,,,,,,,
04/20/2026,BGCR,3.6,3.55,3.6,3.61,3.67,1248,,,,,,,,,,,
04/17/2026,TGCR,3.62,3.57,3.62,3.62,3.68,1224,,,,,,,,,,,
04/17/2026,BGCR,3.62,3.57,3.62,3.62,3.68,1255,,,,,,,,,,,
04/16/2026,TGCR,3.64,3.58,3.64,3.65,3.73,1242,,,,,,,,,,,
04/16/2026,BGCR,3.64,3.58,3.64,3.65,3.73,1276,,,,,,,,,,,
04/15/2026,TGCR,3.7,3.6,3.7,3.7,3.72,1251,,,,,,,,,,,
04/15/2026,BGCR,3.7,3.6,3.7,3.7,3.76,1287,,,,,,,,,,,
04/14/2026,TGCR,3.64,3.58,3.64,3.64,3.66,1258,,,,,,,,,,,
04/14/2026,BGCR,3.64,3.58,3.64,3.64,3.69,1286,,,,,,,,,,,
04/13/2026,TGCR,3.61,3.56,3.61,3.61,3.64,1253,,,,,,,,,,,
04/13/2026,BGCR,3.61,3.56,3.61,3.61,3.68,1289,,,,,,,,,,,
04/10/2026,TGCR,3.59,3.54,3.59,3.6,3.64,1262,,,,,,,,,,,
04/10/2026,BGCR,3.59,3.54,3.59,3.6,3.69,1297,,,,,,,,,,,
04/09/2026,TGCR,3.54,3.52,3.54,3.55,3.63,1278,,,,,,,,,,,
04/09/2026,BGCR,3.54,3.52,3.54,3.55,3.7,1327,,,,,,,,,,,
04/08/2026,TGCR,3.58,3.53,3.58,3.58,3.63,1286,,,,,,,,,,,
04/08/2026,BGCR,3.58,3.53,3.58,3.58,3.64,1314,,,,,,,,,,,
04/07/2026,TGCR,3.61,3.54,3.61,3.61,3.66,1297,,,,,,,,,,,
04/07/2026,BGCR,3.61,3.52,3.61,3.61,3.66,1331,,,,,,,,,,,
04/06/2026,TGCR,3.63,3.55,3.63,3.63,3.67,1271,,,,,,,,,,,
04/06/2026,BGCR,3.63,3.55,3.63,3.63,3.69,1299,,,,,,,,,,,
04/02/2026,TGCR,3.63,3.59,3.63,3.64,3.66,1264,,,,,,,,,,,
04/02/2026,BGCR,3.63,3.6,3.63,3.64,3.71,1292,,,,,,,,,,,
04/01/2026,TGCR,3.62,3.58,3.62,3.63,3.69,1255,,,,,,,,,,,
04/01/2026,BGCR,3.62,3.58,3.62,3.63,3.69,1294,,,,,,,,,,,
03/31/2026,TGCR,3.66,3.57,3.66,3.66,3.68,1210,,,,,,,,,,,
03/31/2026,BGCR,3.66,3.58,3.66,3.66,3.73,1239,,,,,,,,,,,
03/30/2026,TGCR,3.62,3.57,3.62,3.62,3.64,1239,,,,,,,,,,,
03/30/2026,BGCR,3.62,3.57,3.62,3.62,3.67,1269,,,,,,,,,,,
03/27/2026,TGCR,3.62,3.54,3.62,3.62,3.66,1248,,,,,,,,,,,
03/27/2026,BGCR,3.62,3.55,3.62,3.62,3.68,1276,,,,,,,,,,,
03/26/2026,TGCR,3.63,3.55,3.63,3.64,3.66,1256,,,,,,,,,,,
03/26/2026,BGCR,3.63,3.55,3.63,3.64,3.7,1284,,,,,,,,,,,
03/25/2026,TGCR,3.63,3.55,3.63,3.63,3.66,1272,,,,,,,,,,,
03/25/2026,BGCR,3.63,3.55,3.63,3.63,3.7,1303,,,,,,,,,,,
03/24/2026,TGCR,3.6,3.56,3.6,3.61,3.65,1261,,,,,,,,,,,
03/24/2026,BGCR,3.6,3.56,3.6,3.61,3.68,1293,,,,,,,,,,,
03/23/2026,TGCR,3.6,3.55,3.6,3.6,3.64,1264,,,,,,,,,,,
03/23/2026,BGCR,3.6,3.55,3.6,3.6,3.67,1293,,,,,,,,,,,
03/20/2026,TGCR,3.6,3.55,3.6,3.6,3.64,1279,,,,,,,,,,,
03/20/2026,BGCR,3.6,3.55,3.6,3.6,3.66,1315,,,,,,,,,,,
03/19/2026,TGCR,3.6,3.55,3.6,3.6,3.64,1295,,,,,,,,,,,
03/19/2026,BGCR,3.6,3.55,3.6,3.6,3.67,1328,,,,,,,,,,,
03/18/2026,TGCR,3.6,3.55,3.6,3.6,3.66,1295,,,,,,,,,,,
03/18/2026,BGCR,3.6,3.55,3.6,3.6,3.67,1321,,,,,,,,,,,
03/17/2026,TGCR,3.62,3.58,3.62,3.62,3.71,1289,,,,,,,,,,,
03/17/2026,BGCR,3.62,3.58,3.62,3.62,3.71,1321,,,,,,,,,,,
03/16/2026,TGCR,3.67,3.6,3.67,3.68,3.7,1277,,,,,,,,,,,
03/16/2026,BGCR,3.67,3.6,3.67,3.68,3.73,1305,,,,,,,,,,,
03/13/2026,TGCR,3.63,3.53,3.63,3.63,3.66,1279,,,,,,,,,,,
03/13/2026,BGCR,3.63,3.53,3.63,3.63,3.69,1303,,,,,,,,,,,
03/12/2026,TGCR,3.63,3.54,3.63,3.63,3.65,1287,,,,,,,,,,,
03/12/2026,BGCR,3.63,3.54,3.63,3.63,3.69,1316,,,,,,,,,,,
03/11/2026,TGCR,3.62,3.56,3.61,3.62,3.65,1291,,,,,,,,,,,
03/11/2026,BGCR,3.62,3.56,3.61,3.62,3.68,1315,,,,,,,,,,,
03/10/2026,TGCR,3.61,3.57,3.61,3.62,3.66,1296,,,,,,,,,,,
03/10/2026,BGCR,3.62,3.57,3.61,3.62,3.69,1322,,,,,,,,,,,
03/09/2026,TGCR,3.63,3.55,3.63,3.63,3.66,1289,,,,,,,,,,,
03/09/2026,BGCR,3.63,3.55,3.63,3.63,3.69,1315,,,,,,,,,,,
03/06/2026,TGCR,3.62,3.55,3.62,3.63,3.67,1294,,,,,,,,,,,
03/06/2026,BGCR,3.62,3.55,3.62,3.63,3.68,1317,,,,,,,,,,,
03/05/2026,TGCR,3.63,3.57,3.63,3.64,3.68,1311,,,,,,,,,,,
03/05/2026,BGCR,3.63,3.57,3.63,3.64,3.7,1341,,,,,,,,,,,
03/04/2026,TGCR,3.65,3.57,3.65,3.65,3.71,1318,,,,,,,,,,,
03/04/2026,BGCR,3.65,3.58,3.65,3.66,3.71,1348,,,,,,,,,,,
03/03/2026,TGCR,3.67,3.6,3.66,3.67,3.72,1338,,,,,,,,,,,
03/03/2026,BGCR,3.67,3.6,3.67,3.67,3.75,1381,,,,,,,,,,,
03/02/2026,TGCR,3.69,3.65,3.69,3.7,3.72,1353,,,,,,,,,,,
03/02/2026,BGCR,3.69,3.65,3.69,3.7,3.75,1380,,,,,,,,,,,
02/27/2026,TGCR,3.66,3.55,3.66,3.67,3.69,1320,,,,,,,,,,,
02/27/2026,BGCR,3.66,3.55,3.66,3.67,3.72,1357,,,,,,,,,,,
02/26/2026,TGCR,3.65,3.6,3.65,3.65,3.68,1329,,,,,,,,,,,
02/26/2026,BGCR,3.65,3.6,3.65,3.65,3.7,1352,,,,,,,,,,,
02/25/2026,TGCR,3.65,3.6,3.65,3.65,3.68,1335,,,,,,,,,,,
02/25/2026,BGCR,3.65,3.6,3.65,3.65,3.7,1365,,,,,,,,,,,
02/24/2026,TGCR,3.65,3.6,3.65,3.65,3.67,1346,,,,,,,,,,,
02/24/2026,BGCR,3.65,3.6,3.65,3.65,3.71,1375,,,,,,,,,,,
02/23/2026,TGCR,3.64,3.55,3.64,3.64,3.67,1320,,,,,,,,,,,
02/23/2026,BGCR,3.64,3.55,3.64,3.64,3.7,1350,,,,,,,,,,,
02/20/2026,TGCR,3.64,3.57,3.64,3.64,3.68,1330,,,,,,,,,,,
02/20/2026,BGCR,3.64,3.58,3.64,3.64,3.7,1357,,,,,,,,,,,
02/19/2026,TGCR,3.64,3.5,3.64,3.64,3.74,1346,,,,,,,,,,,
02/19/2026,BGCR,3.64,3.5,3.64,3.64,3.74,1375,,,,,,,,,,,
02/18/2026,TGCR,3.72,3.6,3.72,3.72,3.74,1340,,,,,,,,,,,
02/18/2026,BGCR,3.72,3.6,3.72,3.72,3.78,1367,,,,,,,,,,,
02/17/2026,TGCR,3.67,3.59,3.67,3.68,3.74,1325,,,,,,,,,,,
02/17/2026,BGCR,3.67,3.59,3.67,3.68,3.76,1350,,,,,,,,,,,
02/13/2026,TGCR,3.64,3.57,3.64,3.64,3.66,1311,,,,,,,,,,,
02/13/2026,BGCR,3.64,3.57,3.64,3.64,3.69,1337,,,,,,,,,,,
02/12/2026,TGCR,3.63,3.58,3.63,3.64,3.66,1318,,,,,,,,,,,
02/12/2026,BGCR,3.63,3.58,3.63,3.64,3.7,1342,,,,,,,,,,,
02/11/2026,TGCR,3.62,3.58,3.62,3.63,3.66,1312,,,,,,,,,,,
02/11/2026,BGCR,3.62,3.58,3.62,3.63,3.68,1333,,,,,,,,,,,
02/10/2026,TGCR,3.63,3.57,3.62,3.63,3.65,1314,,,,,,,,,,,
02/10/2026,BGCR,3.63,3.57,3.62,3.63,3.7,1334,,,,,,,,,,,
02/09/2026,TGCR,3.61,3.55,3.61,3.61,3.65,1299,,,,,,,,,,,
02/09/2026,BGCR,3.61,3.55,3.61,3.61,3.67,1322,,,,,,,,,,,
02/06/2026,TGCR,3.62,3.55,3.62,3.62,3.66,1301,,,,,,,,,,,
02/06/2026,BGCR,3.62,3.55,3.62,3.62,3.67,1322,,,,,,,,,,,
02/05/2026,TGCR,3.63,3.55,3.63,3.63,3.66,1290,,,,,,,,,,,
02/05/2026,BGCR,3.63,3.55,3.63,3.63,3.69,1318,,,,,,,,,,,
02/04/2026,TGCR,3.63,3.55,3.63,3.63,3.7,1306,,,,,,,,,,,
02/04/2026,BGCR,3.63,3.55,3.63,3.63,3.7,1345,,,,,,,,,,,
02/03/2026,TGCR,3.66,3.6,3.66,3.66,3.7,1297,,,,,,,,,,,
02/03/2026,BGCR,3.66,3.6,3.66,3.66,3.73,1334,,,,,,,,,,,
02/02/2026,TGCR,3.66,3.6,3.66,3.66,3.69,1299,,,,,,,,,,,
02/02/2026,BGCR,3.66,3.6,3.66,3.67,3.74,1342,,,,,,,,,,,
01/30/2026,TGCR,3.66,3.58,3.66,3.67,3.69,1277,,,,,,,,,,,
01/30/2026,BGCR,3.66,3.58,3.66,3.67,3.73,1314,,,,,,,,,,,
01/29/2026,TGCR,3.63,3.58,3.63,3.64,3.66,1294,,,,,,,,,,,
01/29/2026,BGCR,3.63,3.58,3.63,3.64,3.71,1324,,,,,,,,,,,
01/28/2026,TGCR,3.62,3.57,3.62,3.62,3.67,1279,,,,,,,,,,,
01/28/2026,BGCR,3.62,3.57,3.62,3.62,3.69,1313,,,,,,,,,,,
01/27/2026,TGCR,3.64,3.56,3.64,3.65,3.67,1286,,,,,,,,,,,
01/27/2026,BGCR,3.64,3.56,3.64,3.65,3.72,1315,,,,,,,,,,,
01/26/2026,TGCR,3.65,3.55,3.65,3.65,3.67,1273,,,,,,,,,,,
01/26/2026,BGCR,3.65,3.55,3.65,3.65,3.71,1309,,,,,,,,,,,
01/23/2026,TGCR,3.64,3.55,3.63,3.64,3.66,1271,,,,,,,,,,,
01/23/2026,BGCR,3.64,3.57,3.63,3.64,3.69,1305,,,,,,,,,,,
01/22/2026,TGCR,3.62,3.55,3.62,3.62,3.64,1263,,,,,,,,,,,
01/22/2026,BGCR,3.62,3.55,3.62,3.62,3.68,1290,,,,,,,,,,,
01/21/2026,TGCR,3.61,3.55,3.61,3.61,3.65,1262,,,,,,,,,,,
01/21/2026,BGCR,3.61,3.55,3.61,3.61,3.67,1289,,,,,,,,,,,
01/20/2026,TGCR,3.61,3.55,3.61,3.61,3.66,1287,,,,,,,,,,,
01/20/2026,BGCR,3.61,3.55,3.61,3.61,3.67,1311,,,,,,,,,,,
01/16/2026,TGCR,3.62,3.57,3.62,3.62,3.67,1278,,,,,,,,,,,
01/16/2026,BGCR,3.62,3.57,3.62,3.62,3.68,1310,,,,,,,,,,,
01/15/2026,TGCR,3.63,3.59,3.63,3.63,3.65,1289,,,,,,,,,,,
01/15/2026,BGCR,3.63,3.59,3.63,3.63,3.7,1315,,,,,,,,,,,
01/14/2026,TGCR,3.62,3.58,3.62,3.62,3.66,1293,,,,,,,,,,,
01/14/2026,BGCR,3.62,3.58,3.62,3.62,3.67,1328,,,,,,,,,,,
01/13/2026,TGCR,3.63,3.55,3.63,3.63,3.65,1316,,,,,,,,,,,
01/13/2026,BGCR,3.63,3.55,3.63,3.63,3.69,1343,,,,,,,,,,,
01/12/2026,TGCR,3.62,3.57,3.62,3.62,3.65,1305,,,,,,,,,,,
01/12/2026,BGCR,3.62,3.57,3.62,3.62,3.69,1330,,,,,,,,,,,
01/09/2026,TGCR,3.61,3.56,3.61,3.62,3.65,1296,,,,,,,,,,,
01/09/2026,BGCR,3.61,3.56,3.61,3.62,3.68,1323,,,,,,,,,,,
01/08/2026,TGCR,3.61,3.56,3.61,3.61,3.66,1312,,,,,,,,,,,
01/08/2026,BGCR,3.61,3.56,3.61,3.61,3.68,1343,,,,,,,,,,,
01/07/2026,TGCR,3.62,3.58,3.62,3.62,3.67,1315,,,,,,,,,,,
01/07/2026,BGCR,3.62,3.58,3.62,3.62,3.69,1348,,,,,,,,,,,
01/06/2026,TGCR,3.62,3.57,3.62,3.62,3.71,1317,,,,,,,,,,,
01/06/2026,BGCR,3.62,3.57,3.62,3.62,3.71,1354,,,,,,,,,,,
01/05/2026,TGCR,3.66,3.6,3.66,3.66,3.76,1313,,,,,,,,,,,
01/05/2026,BGCR,3.66,3.6,3.66,3.66,3.76,1348,,,,,,,,,,,
01/02/2026,TGCR,3.7,3.65,3.7,3.71,3.88,1294,,,,,,,,,,,
01/02/2026,BGCR,3.7,3.65,3.7,3.71,3.88,1337,,,,,,,,,,,
12/31/2025,TGCR,3.82,3.59,3.82,3.83,3.85,1255,,,,,,,,,,,
12/31/2025,BGCR,3.82,3.59,3.82,3.83,3.9,1299,,,,,,,,,,,
12/30/2025,TGCR,3.69,3.59,3.69,3.7,3.78,1268,,,,,,,,,,,
12/30/2025,BGCR,3.69,3.58,3.69,3.7,3.78,1296,,,,,,,,,,,
12/29/2025,TGCR,3.75,3.59,3.75,3.76,3.77,1293,,,,,,,,,,,
12/29/2025,BGCR,3.75,3.6,3.75,3.76,3.81,1325,,,,,,,,,,,
12/26/2025,TGCR,3.74,3.58,3.74,3.74,3.76,1282,,,,,,,,,,,
12/26/2025,BGCR,3.74,3.57,3.74,3.74,3.8,1307,,,,,,,,,,,
12/24/2025,TGCR,3.64,3.55,3.64,3.65,3.67,1273,,,,,,,,,,,
12/24/2025,BGCR,3.64,3.55,3.64,3.65,3.7,1301,,,,,,,,,,,
12/23/2025,TGCR,3.64,3.55,3.64,3.64,3.69,1272,,,,,,,,,,,
12/23/2025,BGCR,3.64,3.55,3.64,3.64,3.7,1306,,,,,,,,,,,
12/22/2025,TGCR,3.66,3.58,3.66,3.66,3.68,1292,,,,,,,,,,,
12/22/2025,BGCR,3.66,3.58,3.66,3.66,3.72,1326,,,,,,,,,,,
12/19/2025,TGCR,3.63,3.58,3.63,3.64,3.67,1295,,,,,,,,,,,
12/19/2025,BGCR,3.63,3.58,3.63,3.64,3.7,1325,,,,,,,,,,,
12/18/2025,TGCR,3.63,3.55,3.63,3.63,3.7,1300,,,,,,,,,,,
12/18/2025,BGCR,3.63,3.55,3.63,3.63,3.7,1325,,,,,,,,,,,
12/17/2025,TGCR,3.66,3.6,3.66,3.66,3.7,1312,,,,,,,,,,,
12/17/2025,BGCR,3.66,3.6,3.66,3.66,3.73,1343,,,,,,,,,,,
12/16/2025,TGCR,3.64,3.6,3.64,3.65,3.76,1296,,,,,,,,,,,
12/16/2025,BGCR,3.64,3.6,3.64,3.65,3.76,1336,,,,,,,,,,,
12/15/2025,TGCR,3.73,3.6,3.73,3.73,3.75,1288,,,,,,,,,,,
12/15/2025,BGCR,3.73,3.6,3.73,3.73,3.81,1315,,,,,,,,,,,
12/12/2025,TGCR,3.65,3.59,3.65,3.65,3.68,1303,,,,,,,,,,,
12/12/2025,BGCR,3.65,3.59,3.65,3.65,3.7,1324,,,,,,,,,,,
12/11/2025,TGCR,3.62,3.56,3.62,3.62,3.91,1304,,,,,,,,,,,
12/11/2025,BGCR,3.62,3.56,3.62,3.63,3.91,1338,,,,,,,,,,,
12/10/2025,TGCR,3.87,3.8,3.87,3.87,3.94,1297,,,,,,,,,,,
12/10/2025,BGCR,3.87,3.8,3.87,3.87,3.95,1326,,,,,,,,,,,
12/09/2025,TGCR,3.9,3.82,3.9,3.9,3.96,1285,,,,,,,,,,,
12/09/2025,BGCR,3.9,3.82,3.9,3.9,3.97,1315,,,,,,,,,,,
12/08/2025,TGCR,3.93,3.83,3.93,3.93,3.96,1290,,,,,,,,,,,
12/08/2025,BGCR,3.93,3.83,3.93,3.93,3.99,1311,,,,,,,,,,,
12/05/2025,TGCR,3.9,3.85,3.9,3.9,3.93,1295,,,,,,,,,,,
12/05/2025,BGCR,3.9,3.85,3.9,3.9,3.98,1321,,,,,,,,,,,
12/04/2025,TGCR,3.87,3.81,3.87,3.88,3.96,1298,,,,,,,,,,,
12/04/2025,BGCR,3.87,3.82,3.87,3.88,3.98,1320,,,,,,,,,,,
12/03/2025,TGCR,3.9,3.8,3.9,3.9,4.02,1302,,,,,,,,,,,
12/03/2025,BGCR,3.9,3.8,3.9,3.9,4.02,1331,,,,,,,,,,,
12/02/2025,TGCR,3.96,3.9,3.96,3.97,4.13,1276,,,,,,,,,,,
12/02/2025,BGCR,3.96,3.9,3.96,3.97,4.13,1310,,,,,,,,,,,
12/01/2025,TGCR,4.07,3.85,4.07,4.08,4.13,1270,,,,,,,,,,,
12/01/2025,BGCR,4.07,3.85,4.07,4.08,4.14,1299,,,,,,,,,,,
11/28/2025,TGCR,4.08,3.8,4.08,4.08,4.11,1236,,,,,,,,,,,
11/28/2025,BGCR,4.08,3.8,4.08,4.08,4.15,1269,,,,,,,,,,,
11/26/2025,TGCR,4.02,3.9,4.02,4.02,4.05,1258,,,,,,,,,,,
11/26/2025,BGCR,4.02,3.86,4.02,4.02,4.08,1288,,,,,,,,,,,
11/25/2025,TGCR,3.97,3.8,3.97,3.97,4,1273,,,,,,,,,,,
11/25/2025,BGCR,3.97,3.8,3.97,3.97,4.05,1299,,,,,,,,,,,
11/24/2025,TGCR,3.93,3.84,3.93,3.93,3.96,1260,,,,,,,,,,,
11/24/2025,BGCR,3.93,3.84,3.93,3.93,4,1288,,,,,,,,,,,
11/21/2025,TGCR,3.9,3.8,3.9,3.9,3.93,1251,,,,,,,,,,,
11/21/2025,BGCR,3.9,3.8,3.9,3.9,3.96,1276,,,,,,,,,,,
11/20/2025,TGCR,3.86,3.82,3.86,3.86,3.93,1253,,,,,,,,,,,
11/20/2025,BGCR,3.86,3.82,3.86,3.87,3.95,1276,,,,,,,,,,,
11/19/2025,TGCR,3.87,3.81,3.87,3.87,3.95,1244,,,,,,,,,,,
11/19/2025,BGCR,3.87,3.82,3.87,3.87,3.95,1272,,,,,,,,,,,
11/18/2025,TGCR,3.9,3.8,3.9,3.9,4.01,1256,,,,,,,,,,,
11/18/2025,BGCR,3.9,3.8,3.9,3.9,4.01,1278,,,,,,,,,,,
11/17/2025,TGCR,3.96,3.82,3.96,3.97,4,1246,,,,,,,,,,,
11/17/2025,BGCR,3.96,3.82,3.96,3.97,4.05,1276,,,,,,,,,,,
11/14/2025,TGCR,3.92,3.79,3.92,3.92,4.01,1231,,,,,,,,,,,
11/14/2025,BGCR,3.92,3.8,3.92,3.92,4.01,1265,,,,,,,,,,,
11/13/2025,TGCR,3.97,3.8,3.97,3.97,4,1227,,,,,,,,,,,
11/13/2025,BGCR,3.97,3.8,3.97,3.98,4.04,1260,,,,,,,,,,,
11/12/2025,TGCR,3.95,3.82,3.95,3.95,3.98,1231,,,,,,,,,,,
11/12/2025,BGCR,3.95,3.83,3.95,3.95,4.03,1263,,,,,,,,,,,
11/10/2025,TGCR,3.93,3.83,3.93,3.93,3.96,1214,,,,,,,,,,,
11/10/2025,BGCR,3.93,3.83,3.93,3.93,3.99,1234,,,,,,,,,,,
11/07/2025,TGCR,3.89,3.8,3.89,3.9,3.93,1192,,,,,,,,,,,
11/07/2025,BGCR,3.89,3.8,3.89,3.9,3.98,1216,,,,,,,,,,,
11/06/2025,TGCR,3.89,3.8,3.89,3.9,3.92,1189,,,,,,,,,,,
11/06/2025,BGCR,3.89,3.8,3.89,3.9,3.98,1219,,,,,,,,,,,
11/05/2025,TGCR,3.88,3.8,3.88,3.88,4.01,1171,,,,,,,,,,,
11/05/2025,BGCR,3.88,3.8,3.88,3.88,4.01,1195,,,,,,,,,,,
11/04/2025,TGCR,3.98,3.9,3.98,3.98,4.14,1156,,,,,,,,,,,
11/04/2025,BGCR,3.98,3.9,3.98,3.98,4.14,1183,,,,,,,,,,,
11/03/2025,TGCR,4.09,3.8,4.09,4.09,4.23,1122,,,,,,,,,,,
11/03/2025,BGCR,4.09,3.8,4.09,4.09,4.23,1159,,,,,,,,,,,
10/31/2025,TGCR,4.15,3.9,4.14,4.15,4.19,1117,,,,,,,,,,,
10/31/2025,BGCR,4.15,3.9,4.14,4.15,4.35,1153,,,,,,,,,,,
10/30/2025,TGCR,3.99,3.9,3.98,3.99,4.28,1142,,,,,,,,,,,
10/30/2025,BGCR,3.99,3.9,3.98,3.99,4.28,1170,,,,,,,,,,,
10/29/2025,TGCR,4.24,4.08,4.24,4.24,4.32,1115,,,,,,,,,,,
10/29/2025,BGCR,4.24,4.08,4.24,4.24,4.32,1150,,,,,,,,,,,
10/28/2025,TGCR,4.28,4.09,4.27,4.28,4.31,1111,,,,,,,,,,,
10/28/2025,BGCR,4.28,4.09,4.27,4.28,4.35,1138,,,,,,,,,,,
10/27/2025,TGCR,4.24,4.05,4.24,4.24,4.27,1103,,,,,,,,,,,
10/27/2025,BGCR,4.24,4.06,4.24,4.24,4.32,1131,,,,,,,,,,,
10/24/2025,TGCR,4.21,4.1,4.21,4.21,4.25,1111,,,,,,,,,,,
10/24/2025,BGCR,4.21,4.1,4.21,4.21,4.28,1136,,,,,,,,,,,
10/23/2025,TGCR,4.21,4.09,4.21,4.21,4.24,1113,,,,,,,,,,,
10/23/2025,BGCR,4.21,4.1,4.21,4.21,4.28,1145,,,,,,,,,,,
10/22/2025,TGCR,4.18,4.07,4.18,4.18,4.24,1123,,,,,,,,,,,
10/22/2025,BGCR,4.18,4.08,4.18,4.18,4.24,1152,,,,,,,,,,,
10/21/2025,TGCR,4.21,4.08,4.2,4.21,4.24,1132,,,,,,,,,,,
10/21/2025,BGCR,4.21,4.08,4.2,4.21,4.26,1163,,,,,,,,,,,
10/20/2025,TGCR,4.12,4.09,4.12,4.13,4.19,1135,,,,,,,,,,,
10/20/2025,BGCR,4.12,4.09,4.12,4.13,4.22,1164,,,,,,,,,,,
10/17/2025,TGCR,4.16,4.1,4.15,4.16,4.31,1145,,,,,,,,,,,
10/17/2025,BGCR,4.16,4.1,4.15,4.16,4.31,1180,,,,,,,,,,,
10/16/2025,TGCR,4.25,4.1,4.25,4.26,4.3,1143,,,,,,,,,,,
10/16/2025,BGCR,4.25,4.1,4.25,4.26,4.34,1180,,,,,,,,,,,
10/15/2025,TGCR,4.25,4.1,4.25,4.25,4.28,1141,,,,,,,,,,,
10/15/2025,BGCR,4.25,4.1,4.25,4.25,4.35,1183,,,,,,,,,,,
10/14/2025,TGCR,4.16,4.1,4.16,4.17,4.2,1113,,,,,,,,,,,
10/14/2025,BGCR,4.16,4.1,4.16,4.17,4.28,1144,,,,,,,,,,,
10/10/2025,TGCR,4.12,4.07,4.12,4.12,4.15,1110,,,,,,,,,,,
10/10/2025,BGCR,4.12,4.07,4.12,4.12,4.21,1138,,,,,,,,,,,
10/09/2025,TGCR,4.1,4.06,4.1,4.1,4.14,1120,,,,,,,,,,,
10/09/2025,BGCR,4.1,4.06,4.1,4.1,4.17,1148,,,,,,,,,,,
10/08/2025,TGCR,4.09,4.05,4.09,4.1,4.15,1135,,,,,,,,,,,
10/08/2025,BGCR,4.09,4.05,4.09,4.1,4.16,1167,,,,,,,,,,,
10/07/2025,TGCR,4.12,4.05,4.12,4.12,4.16,1134,,,,,,,,,,,
10/07/2025,BGCR,4.12,4.05,4.12,4.12,4.19,1165,,,,,,,,,,,
10/06/2025,TGCR,4.13,4.05,4.13,4.13,4.19,1147,,,,,,,,,,,
10/06/2025,BGCR,4.13,4.05,4.13,4.13,4.2,1181,,,,,,,,,,,
10/03/2025,TGCR,4.16,4.07,4.16,4.16,4.21,1148,,,,,,,,,,,
10/03/2025,BGCR,4.16,4.07,4.16,4.16,4.23,1177,,,,,,,,,,,
10/02/2025,TGCR,4.17,4.1,4.17,4.17,4.21,1137,,,,,,,,,,,
10/02/2025,BGCR,4.17,4.1,4.17,4.17,4.24,1167,,,,,,,,,,,
10/01/2025,TGCR,4.16,4.1,4.16,4.16,4.25,1119,,,,,,,,,,,
10/01/2025,BGCR,4.16,4.1,4.16,4.17,4.25,1154,,,,,,,,,,,
09/30/2025,TGCR,4.2,4.13,4.2,4.2,4.23,1101,,,,,,,,,,,
09/30/2025,BGCR,4.2,4.13,4.2,4.2,4.32,1140,,,,,,,,,,,
09/29/2025,TGCR,4.12,4.05,4.12,4.12,4.17,1110,,,,,,,,,,,
09/29/2025,BGCR,4.12,4.05,4.12,4.12,4.2,1146,,,,,,,,,,,
09/26/2025,TGCR,4.14,4.05,4.14,4.14,4.19,1113,,,,,,,,,,,
09/26/2025,BGCR,4.14,4.05,4.14,4.14,4.21,1154,,,,,,,,,,,
09/25/2025,TGCR,4.17,4.05,4.16,4.17,4.2,1112,,,,,,,,,,,
09/25/2025,BGCR,4.17,4.05,4.16,4.17,4.23,1141,,,,,,,,,,,
09/24/2025,TGCR,4.12,4.04,4.11,4.12,4.15,1114,,,,,,,,,,,
09/24/2025,BGCR,4.12,4.04,4.12,4.12,4.2,1155,,,,,,,,,,,
09/23/2025,TGCR,4.09,4.04,4.09,4.1,4.15,1127,,,,,,,,,,,
09/23/2025,BGCR,4.09,4.04,4.09,4.1,4.17,1160,,,,,,,,,,,
09/22/2025,TGCR,4.11,4.05,4.11,4.12,4.15,1109,,,,,,,,,,,
09/22/2025,BGCR,4.11,4.05,4.11,4.12,4.18,1146,,,,,,,,,,,
09/19/2025,TGCR,4.11,4.05,4.11,4.12,4.15,1118,,,,,,,,,,,
09/19/2025,BGCR,4.11,4.05,4.11,4.12,4.19,1148,,,,,,,,,,,
09/18/2025,TGCR,4.11,4.05,4.11,4.11,4.39,1125,,,,,,,,,,,
09/18/2025,BGCR,4.11,4.05,4.11,4.11,4.39,1154,,,,,,,,,,,
09/17/2025,TGCR,4.35,4.3,4.35,4.35,4.4,1125,,,,,,,,,,,
09/17/2025,BGCR,4.35,4.3,4.35,4.35,4.43,1149,,,,,,,,,,,
09/16/2025,TGCR,4.36,4.31,4.36,4.36,4.52,1115,,,,,,,,,,,
09/16/2025,BGCR,4.36,4.31,4.36,4.36,4.52,1139,,,,,,,,,,,
09/15/2025,TGCR,4.5,4.32,4.49,4.5,4.52,1097,,,,,,,,,,,
09/15/2025,BGCR,4.5,4.32,4.49,4.5,4.55,1136,,,,,,,,,,,
09/12/2025,TGCR,4.4,4.32,4.4,4.4,4.43,1102,,,,,,,,,,,
09/12/2025,BGCR,4.4,4.32,4.4,4.4,4.48,1136,,,,,,,,,,,
09/11/2025,TGCR,4.38,4.3,4.38,4.38,4.41,1120,,,,,,,,,,,
09/11/2025,BGCR,4.38,4.31,4.38,4.39,4.46,1147,,,,,,,,,,,
09/10/2025,TGCR,4.37,4.3,4.37,4.37,4.41,1118,,,,,,,,,,,
09/10/2025,BGCR,4.37,4.3,4.37,4.37,4.44,1145,,,,,,,,,,,
09/09/2025,TGCR,4.38,4.32,4.38,4.38,4.41,1114,,,,,,,,,,,
09/09/2025,BGCR,4.38,4.32,4.38,4.38,4.45,1143,,,,,,,,,,,
09/08/2025,TGCR,4.39,4.3,4.39,4.39,4.43,1120,,,,,,,,,,,
09/08/2025,BGCR,4.39,4.3,4.39,4.39,4.46,1151,,,,,,,,,,,
09/05/2025,TGCR,4.4,4.33,4.4,4.4,4.43,1127,,,,,,,,,,,
09/05/2025,BGCR,4.4,4.33,4.4,4.4,4.47,1161,,,,,,,,,,,
09/04/2025,TGCR,4.38,4.33,4.37,4.38,4.41,1108,,,,,,,,,,,
09/04/2025,BGCR,4.38,4.33,4.37,4.38,4.47,1131,,,,,,,,,,,
09/03/2025,TGCR,4.36,4.32,4.36,4.36,4.4,1118,,,,,,,,,,,
09/03/2025,BGCR,4.36,4.32,4.36,4.36,4.44,1146,,,,,,,,,,,
09/02/2025,TGCR,4.36,4.31,4.36,4.36,4.39,1118,,,,,,,,,,,
09/02/2025,BGCR,4.36,4.31,4.36,4.36,4.49,1142,,,,,,,,,,,
08/29/2025,TGCR,4.33,4.26,4.33,4.33,4.36,1102,,,,,,,,,,,
08/29/2025,BGCR,4.33,4.26,4.33,4.33,4.38,1129,,,,,,,,,,,
08/28/2025,TGCR,4.33,4.27,4.33,4.33,4.37,1122,,,,,,,,,,,
08/28/2025,BGCR,4.33,4.27,4.33,4.33,4.39,1157,,,,,,,,,,,
08/27/2025,TGCR,4.35,4.29,4.35,4.35,4.39,1120,,,,,,,,,,,
08/27/2025,BGCR,4.35,4.29,4.35,4.35,4.39,1162,,,,,,,,,,,
08/26/2025,TGCR,4.37,4.29,4.37,4.37,4.4,1125,,,,,,,,,,,
08/26/2025,BGCR,4.37,4.29,4.37,4.37,4.43,1164,,,,,,,,,,,
08/25/2025,TGCR,4.35,4.27,4.35,4.36,4.38,1121,,,,,,,,,,,
08/25/2025,BGCR,4.35,4.27,4.35,4.36,4.42,1153,,,,,,,,,,,
08/22/2025,TGCR,4.35,4.28,4.35,4.35,4.38,1118,,,,,,,,,,,
08/22/2025,BGCR,4.35,4.28,4.35,4.35,4.41,1143,,,,,,,,,,,
08/21/2025,TGCR,4.31,4.26,4.31,4.31,4.35,1109,,,,,,,,,,,
08/21/2025,BGCR,4.31,4.26,4.31,4.31,4.37,1132,,,,,,,,,,,
08/20/2025,TGCR,4.3,4.26,4.3,4.3,4.34,1114,,,,,,,,,,,
08/20/2025,BGCR,4.3,4.26,4.3,4.3,4.36,1140,,,,,,,,,,,
08/19/2025,TGCR,4.31,4.26,4.31,4.31,4.35,1118,,,,,,,,,,,
08/19/2025,BGCR,4.31,4.26,4.31,4.31,4.37,1144,,,,,,,,,,,
08/18/2025,TGCR,4.33,4.26,4.33,4.33,4.37,1134,,,,,,,,,,,
08/18/2025,BGCR,4.33,4.27,4.33,4.33,4.38,1159,,,,,,,,,,,
08/15/2025,TGCR,4.34,4.28,4.34,4.34,4.38,1146,,,,,,,,,,,
08/15/2025,BGCR,4.34,4.28,4.34,4.34,4.4,1163,,,,,,,,,,,
08/14/2025,TGCR,4.32,4.27,4.32,4.32,4.36,1144,,,,,,,,,,,
08/14/2025,BGCR,4.32,4.27,4.32,4.32,4.38,1169,,,,,,,,,,,
08/13/2025,TGCR,4.32,4.27,4.32,4.32,4.37,1146,,,,,,,,,,,
08/13/2025,BGCR,4.32,4.27,4.32,4.32,4.38,1177,,,,,,,,,,,
08/12/2025,TGCR,4.34,4.26,4.34,4.35,4.38,1144,,,,,,,,,,,
08/12/2025,BGCR,4.34,4.26,4.34,4.35,4.4,1175,,,,,,,,,,,
08/11/2025,TGCR,4.33,4.26,4.33,4.33,4.36,1137,,,,,,,,,,,
08/11/2025,BGCR,4.33,4.26,4.33,4.33,4.4,1173,,,,,,,,,,,
08/08/2025,TGCR,4.33,4.27,4.33,4.33,4.36,1139,,,,,,,,,,,
08/08/2025,BGCR,4.33,4.27,4.33,4.33,4.39,1169,,,,,,,,,,,
08/07/2025,TGCR,4.33,4.28,4.33,4.33,4.36,1130,,,,,,,,,,,
08/07/2025,BGCR,4.33,4.28,4.33,4.33,4.39,1154,,,,,,,,,,,
08/06/2025,TGCR,4.32,4.27,4.32,4.32,4.35,1147,,,,,,,,,,,
08/06/2025,BGCR,4.32,4.27,4.32,4.32,4.38,1176,,,,,,,,,,,
08/05/2025,TGCR,4.33,4.27,4.33,4.33,4.36,1137,,,,,,,,,,,
08/05/2025,BGCR,4.33,4.27,4.33,4.33,4.39,1167,,,,,,,,,,,
08/04/2025,TGCR,4.31,4.26,4.31,4.32,4.35,1117,,,,,,,,,,,
08/04/2025,BGCR,4.31,4.26,4.31,4.32,4.37,1141,,,,,,,,,,,
08/01/2025,TGCR,4.32,4.25,4.31,4.32,4.4,1109,,,,,,,,,,,
08/01/2025,BGCR,4.32,4.26,4.31,4.32,4.4,1143,,,,,,,,,,,
07/31/2025,TGCR,4.36,4.25,4.36,4.36,4.4,1111,,,,,,,,,,,
07/31/2025,BGCR,4.36,4.25,4.36,4.36,4.43,1134,,,,,,,,,,,
07/30/2025,TGCR,4.31,4.26,4.31,4.31,4.37,1098,,,,,,,,,,,
07/30/2025,BGCR,4.31,4.26,4.31,4.31,4.38,1130,,,,,,,,,,,
07/29/2025,TGCR,4.34,4.26,4.34,4.35,4.37,1098,,,,,,,,,,,
07/29/2025,BGCR,4.34,4.26,4.34,4.35,4.41,1137,,,,,,,,,,,
07/28/2025,TGCR,4.35,4.27,4.35,4.35,4.38,1101,,,,,,,,,,,
07/28/2025,BGCR,4.35,4.26,4.35,4.35,4.41,1142,,,,,,,,,,,
07/25/2025,TGCR,4.35,4.26,4.35,4.35,4.38,1110,,,,,,,,,,,
07/25/2025,BGCR,4.35,4.26,4.35,4.35,4.41,1144,,,,,,,,,,,
07/24/2025,TGCR,4.29,4.25,4.29,4.29,4.32,1108,,,,,,,,,,,
07/24/2025,BGCR,4.29,4.25,4.29,4.29,4.35,1128,,,,,,,,,,,
07/23/2025,TGCR,4.27,4.25,4.27,4.27,4.3,1088,,,,,,,,,,,
07/23/2025,BGCR,4.27,4.25,4.27,4.27,4.32,1110,,,,,,,,,,,
07/22/2025,TGCR,4.27,4.24,4.27,4.27,4.3,1092,,,,,,,,,,,
07/22/2025,BGCR,4.27,4.24,4.27,4.27,4.32,1115,,,,,,,,,,,
07/21/2025,TGCR,4.27,4.21,4.27,4.27,4.32,1077,,,,,,,,,,,
07/21/2025,BGCR,4.27,4.21,4.27,4.27,4.33,1104,,,,,,,,,,,
07/18/2025,TGCR,4.29,4.24,4.29,4.29,4.35,1085,,,,,,,,,,,
07/18/2025,BGCR,4.29,4.2,4.29,4.29,4.36,1119,,,,,,,,,,,
07/17/2025,TGCR,4.33,4.26,4.33,4.33,4.36,1110,,,,,,,,,,,
07/17/2025,BGCR,4.33,4.26,4.33,4.33,4.38,1140,,,,,,,,,,,
07/16/2025,TGCR,4.33,4.26,4.33,4.34,4.38,1108,,,,,,,,,,,
07/16/2025,BGCR,4.33,4.26,4.33,4.34,4.38,1141,,,,,,,,,,,
07/15/2025,TGCR,4.36,4.28,4.36,4.36,4.39,1107,,,,,,,,,,,
07/15/2025,BGCR,4.36,4.28,4.36,4.36,4.43,1131,,,,,,,,,,,
07/14/2025,TGCR,4.32,4.26,4.32,4.32,4.35,1094,,,,,,,,,,,
07/14/2025,BGCR,4.32,4.25,4.32,4.32,4.38,1125,,,,,,,,,,,
07/11/2025,TGCR,4.3,4.26,4.3,4.3,4.34,1094,,,,,,,,,,,
07/11/2025,BGCR,4.3,4.26,4.3,4.3,4.38,1121,,,,,,,,,,,
07/10/2025,TGCR,4.3,4.25,4.3,4.3,4.33,1098,,,,,,,,,,,
07/10/2025,BGCR,4.3,4.25,4.3,4.3,4.37,1123,,,,,,,,,,,
07/09/2025,TGCR,4.31,4.26,4.31,4.31,4.35,1101,,,,,,,,,,,
07/09/2025,BGCR,4.31,4.26,4.31,4.31,4.38,1133,,,,,,,,,,,
07/08/2025,TGCR,4.32,4.26,4.32,4.32,4.35,1088,,,,,,,,,,,
07/08/2025,BGCR,4.32,4.27,4.32,4.32,4.39,1118,,,,,,,,,,,
07/07/2025,TGCR,4.31,4.26,4.31,4.32,4.36,1106,,,,,,,,,,,
07/07/2025,BGCR,4.31,4.26,4.31,4.32,4.39,1136,,,,,,,,,,,
07/03/2025,TGCR,4.32,4.26,4.32,4.32,4.41,1109,,,,,,,,,,,
07/03/2025,BGCR,4.32,4.26,4.32,4.32,4.41,1140,,,,,,,,,,,
07/02/2025,TGCR,4.37,4.28,4.37,4.37,4.45,1104,,,,,,,,,,,
07/02/2025,BGCR,4.37,4.27,4.37,4.37,4.45,1144,,,,,,,,,,,
07/01/2025,TGCR,4.39,4.3,4.39,4.39,4.46,1084,,,,,,,,,,,
07/01/2025,BGCR,4.39,4.3,4.39,4.4,4.5,1114,,,,,,,,,,,
06/30/2025,TGCR,4.39,4.3,4.39,4.39,4.43,1038,,,,,,,,,,,
06/30/2025,BGCR,4.39,4.3,4.39,4.39,4.54,1059,,,,,,,,,,,
06/27/2025,TGCR,4.37,4.28,4.36,4.37,4.41,1058,,,,,,,,,,,
06/27/2025,BGCR,4.37,4.28,4.36,4.37,4.44,1083,,,,,,,,,,,
06/26/2025,TGCR,4.38,4.26,4.37,4.38,4.41,1071,,,,,,,,,,,
06/26/2025,BGCR,4.38,4.26,4.37,4.38,4.47,1104,,,,,,,,,,,
06/25/2025,TGCR,4.33,4.28,4.33,4.33,4.36,1062,,,,,,,,,,,
06/25/2025,BGCR,4.33,4.28,4.33,4.33,4.4,1077,,,,,,,,,,,
06/24/2025,TGCR,4.28,4.25,4.28,4.28,4.33,1066,,,,,,,,,,,
06/24/2025,BGCR,4.28,4.25,4.28,4.28,4.36,1088,,,,,,,,,,,
06/23/2025,TGCR,4.27,4.24,4.27,4.28,4.33,1055,,,,,,,,,,,
06/23/2025,BGCR,4.27,4.24,4.27,4.28,4.34,1081,,,,,,,,,,,
06/20/2025,TGCR,4.27,4.23,4.27,4.27,4.32,1060,,,,,,,,,,,
06/20/2025,BGCR,4.27,4.23,4.27,4.27,4.33,1083,,,,,,,,,,,
06/18/2025,TGCR,4.27,4.25,4.27,4.27,4.33,1062,,,,,,,,,,,
06/18/2025,BGCR,4.27,4.25,4.27,4.27,4.34,1088,,,,,,,,,,,
06/17/2025,TGCR,4.29,4.25,4.29,4.29,4.33,1063,,,,,,,,,,,
06/17/2025,BGCR,4.29,4.25,4.29,4.29,4.36,1087,,,,,,,,,,,
06/16/2025,TGCR,4.3,4.26,4.3,4.3,4.34,1065,,,,,,,,,,,
06/16/2025,BGCR,4.3,4.26,4.3,4.3,4.37,1090,,,,,,,,,,,
06/13/2025,TGCR,4.27,4.24,4.27,4.27,4.33,1062,,,,,,,,,,,
06/13/2025,BGCR,4.27,4.24,4.27,4.27,4.34,1089,,,,,,,,,,,
06/12/2025,TGCR,4.27,4.24,4.27,4.27,4.32,1062,,,,,,,,,,,
06/12/2025,BGCR,4.27,4.24,4.27,4.27,4.34,1098,,,,,,,,,,,
06/11/2025,TGCR,4.27,4.24,4.27,4.27,4.31,1042,,,,,,,,,,,
06/11/2025,BGCR,4.27,4.24,4.27,4.27,4.34,1075,,,,,,,,,,,
06/10/2025,TGCR,4.27,4.24,4.27,4.27,4.32,1051,,,,,,,,,,,
06/10/2025,BGCR,4.27,4.24,4.27,4.27,4.34,1083,,,,,,,,,,,
06/09/2025,TGCR,4.27,4.23,4.27,4.28,4.33,1038,,,,,,,,,,,
06/09/2025,BGCR,4.27,4.24,4.27,4.28,4.35,1071,,,,,,,,,,,
06/06/2025,TGCR,4.27,4.25,4.27,4.27,4.32,1043,,,,,,,,,,,
06/06/2025,BGCR,4.27,4.25,4.27,4.27,4.34,1072,,,,,,,,,,,
06/05/2025,TGCR,4.27,4.24,4.27,4.27,4.32,1054,,,,,,,,,,,
06/05/2025,BGCR,4.27,4.24,4.27,4.27,4.33,1087,,,,,,,,,,,
06/04/2025,TGCR,4.27,4.22,4.27,4.27,4.33,1033,,,,,,,,,,,
06/04/2025,BGCR,4.27,4.22,4.27,4.27,4.34,1060,,,,,,,,,,,
06/03/2025,TGCR,4.3,4.26,4.29,4.3,4.36,1045,,,,,,,,,,,
06/03/2025,BGCR,4.3,4.26,4.29,4.3,4.37,1082,,,,,,,,,,,
06/02/2025,TGCR,4.32,4.26,4.32,4.32,4.36,1046,,,,,,,,,,,
06/02/2025,BGCR,4.32,4.26,4.32,4.32,4.39,1080,,,,,,,,,,,
05/30/2025,TGCR,4.34,4.25,4.34,4.34,4.37,1013,,,,,,,,,,,
05/30/2025,BGCR,4.34,4.25,4.34,4.34,4.42,1049,,,,,,,,,,,
05/29/2025,TGCR,4.32,4.26,4.32,4.32,4.35,1021,,,,,,,,,,,
05/29/2025,BGCR,4.32,4.26,4.32,4.32,4.39,1059,,,,,,,,,,,
05/28/2025,TGCR,4.32,4.26,4.32,4.32,4.35,1020,,,,,,,,,,,
05/28/2025,BGCR,4.32,4.26,4.32,4.32,4.38,1049,,,,,,,,,,,
05/27/2025,TGCR,4.3,4.25,4.3,4.3,4.33,1025,,,,,,,,,,,
05/27/2025,BGCR,4.3,4.25,4.3,4.3,4.38,1061,,,,,,,,,,,
05/23/2025,TGCR,4.26,4.22,4.26,4.26,4.29,1013,,,,,,,,,,,
05/23/2025,BGCR,4.26,4.22,4.26,4.26,4.31,1048,,,,,,,,,,,
05/22/2025,TGCR,4.26,4.23,4.26,4.26,4.29,1017,,,,,,,,,,,
05/22/2025,BGCR,4.26,4.23,4.26,4.26,4.3,1046,,,,,,,,,,,
05/21/2025,TGCR,4.26,4.22,4.26,4.26,4.29,1013,,,,,,,,,,,
05/21/2025,BGCR,4.26,4.21,4.26,4.26,4.32,1043,,,,,,,,,,,
05/20/2025,TGCR,4.26,4.24,4.26,4.27,4.3,1023,,,,,,,,,,,
05/20/2025,BGCR,4.26,4.24,4.26,4.27,4.33,1060,,,,,,,,,,,
05/19/2025,TGCR,4.28,4.23,4.27,4.28,4.31,1018,,,,,,,,,,,
05/19/2025,BGCR,4.28,4.23,4.27,4.28,4.35,1059,,,,,,,,,,,
05/16/2025,TGCR,4.29,4.26,4.29,4.29,4.32,1024,,,,,,,,,,,
05/16/2025,BGCR,4.29,4.26,4.29,4.29,4.36,1062,,,,,,,,,,,
05/15/2025,TGCR,4.3,4.25,4.3,4.3,4.32,1040,,,,,,,,,,,
05/15/2025,BGCR,4.3,4.25,4.3,4.3,4.38,1075,,,,,,,,,,,
05/14/2025,TGCR,4.28,4.25,4.28,4.28,4.31,1028,,,,,,,,,,,
05/14/2025,BGCR,4.28,4.25,4.28,4.28,4.35,1066,,,,,,,,,,,
05/13/2025,TGCR,4.29,4.25,4.29,4.29,4.32,1035,,,,,,,,,,,
05/13/2025,BGCR,4.29,4.25,4.29,4.29,4.36,1075,,,,,,,,,,,
05/12/2025,TGCR,4.27,4.25,4.27,4.27,4.31,1037,,,,,,,,,,,
05/12/2025,BGCR,4.27,4.25,4.27,4.27,4.34,1077,,,,,,,,,,,
05/09/2025,TGCR,4.27,4.25,4.27,4.27,4.33,1035,,,,,,,,,,,
05/09/2025,BGCR,4.27,4.25,4.27,4.27,4.34,1071,,,,,,,,,,,
05/08/2025,TGCR,4.28,4.23,4.28,4.28,4.33,1034,,,,,,,,,,,
05/08/2025,BGCR,4.28,4.23,4.28,4.28,4.34,1066,,,,,,,,,,,
05/07/2025,TGCR,4.29,4.24,4.29,4.29,4.33,1023,,,,,,,,,,,
05/07/2025,BGCR,4.29,4.23,4.29,4.29,4.36,1060,,,,,,,,,,,
05/06/2025,TGCR,4.31,4.25,4.31,4.31,4.34,1035,,,,,,,,,,,
05/06/2025,BGCR,4.31,4.25,4.31,4.31,4.38,1075,,,,,,,,,,,
05/05/2025,TGCR,4.31,4.25,4.31,4.31,4.37,1026,,,,,,,,,,,
05/05/2025,BGCR,4.31,4.26,4.31,4.31,4.38,1072,,,,,,,,,,,
05/02/2025,TGCR,4.33,4.26,4.33,4.34,4.4,1036,,,,,,,,,,,
05/02/2025,BGCR,4.33,4.26,4.33,4.34,4.41,1073,,,,,,,,,,,
05/01/2025,TGCR,4.35,4.27,4.35,4.35,4.42,1044,,,,,,,,,,,
05/01/2025,BGCR,4.35,4.27,4.35,4.35,4.45,1084,,,,,,,,,,,
04/30/2025,TGCR,4.37,4.26,4.37,4.37,4.4,1047,,,,,,,,,,,
04/30/2025,BGCR,4.37,4.26,4.37,4.37,4.52,1088,,,,,,,,,,,
04/29/2025,TGCR,4.35,4.25,4.35,4.35,4.38,1018,,,,,,,,,,,
04/29/2025,BGCR,4.35,4.25,4.35,4.35,4.42,1059,,,,,,,,,,,
04/28/2025,TGCR,4.35,4.26,4.35,4.36,4.38,1011,,,,,,,,,,,
04/28/2025,BGCR,4.35,4.26,4.35,4.36,4.44,1047,,,,,,,,,,,
04/25/2025,TGCR,4.32,4.26,4.31,4.32,4.34,1023,,,,,,,,,,,
04/25/2025,BGCR,4.32,4.26,4.31,4.32,4.39,1055,,,,,,,,,,,
04/24/2025,TGCR,4.28,4.23,4.27,4.28,4.31,1012,,,,,,,,,,,
04/24/2025,BGCR,4.28,4.24,4.27,4.28,4.35,1049,,,,,,,,,,,
04/23/2025,TGCR,4.27,4.22,4.27,4.27,4.34,989,,,,,,,,,,,
04/23/2025,BGCR,4.27,4.22,4.27,4.27,4.34,1025,,,,,,,,,,,
04/22/2025,TGCR,4.29,4.24,4.29,4.3,4.33,993,,,,,,,,,,,
04/22/2025,BGCR,4.29,4.24,4.29,4.3,4.37,1034,,,,,,,,,,,
04/21/2025,TGCR,4.32,4.25,4.32,4.32,4.35,987,,,,,,,,,,,
04/21/2025,BGCR,4.32,4.25,4.32,4.32,4.38,1027,,,,,,,,,,,
04/17/2025,TGCR,4.31,4.26,4.31,4.31,4.36,1016,,,,,,,,,,,
04/17/2025,BGCR,4.31,4.27,4.31,4.32,4.39,1047,,,,,,,,,,,
04/16/2025,TGCR,4.3,4.25,4.3,4.3,4.37,1016,,,,,,,,,,,
04/16/2025,BGCR,4.3,4.25,4.3,4.3,4.37,1047,,,,,,,,,,,
04/15/2025,TGCR,4.35,4.26,4.35,4.36,4.38,999,,,,,,,,,,,
04/15/2025,BGCR,4.35,4.26,4.35,4.36,4.46,1039,,,,,,,,,,,
04/14/2025,TGCR,4.33,4.25,4.32,4.33,4.35,1002,,,,,,,,,,,
04/14/2025,BGCR,4.33,4.24,4.32,4.33,4.39,1042,,,,,,,,,,,
04/11/2025,TGCR,4.32,4.25,4.32,4.33,4.38,1007,,,,,,,,,,,
04/11/2025,BGCR,4.32,4.25,4.32,4.33,4.39,1046,,,,,,,,,,,
04/10/2025,TGCR,4.36,4.25,4.36,4.36,4.43,1020,,,,,,,,,,,
04/10/2025,BGCR,4.36,4.25,4.36,4.36,4.43,1061,,,,,,,,,,,
04/09/2025,TGCR,4.4,4.28,4.4,4.41,4.43,1011,,,,,,,,,,,
04/09/2025,BGCR,4.4,4.26,4.4,4.41,4.46,1052,,,,,,,,,,,
04/08/2025,TGCR,4.37,4.27,4.37,4.38,4.41,1020,,,,,,,,,,,
04/08/2025,BGCR,4.37,4.28,4.37,4.38,4.46,1062,,,,,,,,,,,
04/07/2025,TGCR,4.31,4.26,4.3,4.31,4.36,997,,,,,,,,,,,
04/07/2025,BGCR,4.31,4.26,4.3,4.31,4.43,1029,,,,,,,,,,,
04/04/2025,TGCR,4.33,4.26,4.33,4.34,4.4,968,,,,,,,,,,,
04/04/2025,BGCR,4.33,4.26,4.33,4.34,4.4,1005,,,,,,,,,,,
04/03/2025,TGCR,4.36,4.27,4.36,4.37,4.39,976,,,,,,,,,,,
04/03/2025,BGCR,4.37,4.28,4.36,4.37,4.44,1011,,,,,,,,,,,
04/02/2025,TGCR,4.34,4.27,4.34,4.34,4.4,952,,,,,,,,,,,
04/02/2025,BGCR,4.34,4.27,4.34,4.34,4.43,983,,,,,,,,,,,
04/01/2025,TGCR,4.35,4.28,4.34,4.35,4.42,936,,,,,,,,,,,
04/01/2025,BGCR,4.35,4.28,4.34,4.35,4.44,972,,,,,,,,,,,
03/31/2025,TGCR,4.36,4.3,4.36,4.37,4.4,898,,,,,,,,,,,
03/31/2025,BGCR,4.36,4.3,4.36,4.37,4.55,945,,,,,,,,,,,
03/28/2025,TGCR,4.33,4.26,4.33,4.33,4.37,915,,,,,,,,,,,
03/28/2025,BGCR,4.33,4.26,4.33,4.33,4.4,946,,,,,,,,,,,
03/27/2025,TGCR,4.34,4.25,4.34,4.34,4.37,926,,,,,,,,,,,
03/27/2025,BGCR,4.34,4.26,4.34,4.34,4.42,962,,,,,,,,,,,
03/26/2025,TGCR,4.34,4.27,4.34,4.34,4.37,921,,,,,,,,,,,
03/26/2025,BGCR,4.34,4.27,4.34,4.34,4.41,950,,,,,,,,,,,
03/25/2025,TGCR,4.31,4.27,4.31,4.32,4.35,939,,,,,,,,,,,
03/25/2025,BGCR,4.31,4.27,4.31,4.32,4.39,966,,,,,,,,,,,
03/24/2025,TGCR,4.3,4.25,4.3,4.3,4.33,926,,,,,,,,,,,
03/24/2025,BGCR,4.3,4.25,4.3,4.3,4.35,954,,,,,,,,,,,
03/21/2025,TGCR,4.29,4.24,4.29,4.29,4.32,933,,,,,,,,,,,
03/21/2025,BGCR,4.29,4.25,4.29,4.29,4.34,954,,,,,,,,,,,
03/20/2025,TGCR,4.28,4.23,4.28,4.28,4.32,932,,,,,,,,,,,
03/20/2025,BGCR,4.28,4.23,4.28,4.28,4.35,954,,,,,,,,,,,
03/19/2025,TGCR,4.28,4.23,4.28,4.29,4.32,920,,,,,,,,,,,
03/19/2025,BGCR,4.28,4.23,4.28,4.29,4.34,943,,,,,,,,,,,
03/18/2025,TGCR,4.3,4.24,4.3,4.31,4.33,934,,,,,,,,,,,
03/18/2025,BGCR,4.3,4.24,4.3,4.31,4.37,954,,,,,,,,,,,
03/17/2025,TGCR,4.31,4.26,4.31,4.31,4.34,952,,,,,,,,,,,
03/17/2025,BGCR,4.31,4.26,4.31,4.31,4.37,977,,,,,,,,,,,
03/14/2025,TGCR,4.29,4.24,4.29,4.29,4.32,933,,,,,,,,,,,
03/14/2025,BGCR,4.29,4.24,4.29,4.29,4.35,953,,,,,,,,,,,
03/13/2025,TGCR,4.29,4.24,4.29,4.29,4.32,938,,,,,,,,,,,
03/13/2025,BGCR,4.29,4.24,4.29,4.29,4.34,960,,,,,,,,,,,
03/12/2025,TGCR,4.3,4.25,4.3,4.3,4.33,946,,,,,,,,,,,
03/12/2025,BGCR,4.3,4.25,4.3,4.3,4.35,968,,,,,,,,,,,
03/11/2025,TGCR,4.31,4.26,4.31,4.31,4.34,947,,,,,,,,,,,
03/11/2025,BGCR,4.31,4.26,4.31,4.31,4.37,971,,,,,,,,,,,
03/10/2025,TGCR,4.32,4.26,4.32,4.32,4.35,931,,,,,,,,,,,
03/10/2025,BGCR,4.32,4.26,4.32,4.32,4.38,960,,,,,,,,,,,
03/07/2025,TGCR,4.33,4.26,4.33,4.33,4.36,940,,,,,,,,,,,
03/07/2025,BGCR,4.33,4.26,4.33,4.33,4.38,959,,,,,,,,,,,
03/06/2025,TGCR,4.34,4.26,4.34,4.34,4.36,951,,,,,,,,,,,
03/06/2025,BGCR,4.34,4.26,4.34,4.34,4.4,975,,,,,,,,,,,
03/05/2025,TGCR,4.33,4.27,4.32,4.33,4.35,946,,,,,,,,,,,
03/05/2025,BGCR,4.33,4.27,4.32,4.33,4.39,962,,,,,,,,,,,
03/04/2025,TGCR,4.32,4.26,4.31,4.32,4.34,933,,,,,,,,,,,
03/04/2025,BGCR,4.32,4.26,4.31,4.32,4.38,947,,,,,,,,,,,
03/03/2025,TGCR,4.31,4.26,4.31,4.31,4.4,930,,,,,,,,,,,
03/03/2025,BGCR,4.31,4.26,4.31,4.31,4.4,949,,,,,,,,,,,
02/28/2025,TGCR,4.36,4.27,4.36,4.36,4.39,938,,,,,,,,,,,
02/28/2025,BGCR,4.36,4.27,4.36,4.36,4.44,969,,,,,,,,,,,
02/27/2025,TGCR,4.34,4.25,4.34,4.34,4.36,925,,,,,,,,,,,
02/27/2025,BGCR,4.34,4.25,4.34,4.34,4.42,954,,,,,,,,,,,
02/26/2025,TGCR,4.31,4.26,4.31,4.32,4.35,929,,,,,,,,,,,
02/26/2025,BGCR,4.31,4.26,4.31,4.32,4.38,945,,,,,,,,,,,
02/25/2025,TGCR,4.31,4.26,4.3,4.31,4.35,924,,,,,,,,,,,
02/25/2025,BGCR,4.31,4.26,4.31,4.31,4.38,943,,,,,,,,,,,
02/24/2025,TGCR,4.32,4.26,4.32,4.32,4.35,912,,,,,,,,,,,
02/24/2025,BGCR,4.32,4.26,4.32,4.32,4.38,936,,,,,,,,,,,
02/21/2025,TGCR,4.32,4.26,4.31,4.32,4.35,906,,,,,,,,,,,
02/21/2025,BGCR,4.32,4.26,4.31,4.32,4.38,922,,,,,,,,,,,
02/20/2025,TGCR,4.31,4.26,4.31,4.31,4.36,914,,,,,,,,,,,
02/20/2025,BGCR,4.31,4.26,4.31,4.31,4.39,934,,,,,,,,,,,
02/19/2025,TGCR,4.33,4.26,4.33,4.34,4.38,914,,,,,,,,,,,
02/19/2025,BGCR,4.33,4.26,4.33,4.34,4.39,928,,,,,,,,,,,
02/18/2025,TGCR,4.34,4.29,4.34,4.35,4.37,913,,,,,,,,,,,
02/18/2025,BGCR,4.34,4.29,4.34,4.35,4.43,936,,,,,,,,,,,
02/14/2025,TGCR,4.31,4.26,4.31,4.31,4.35,913,,,,,,,,,,,
02/14/2025,BGCR,4.31,4.26,4.31,4.31,4.38,932,,,,,,,,,,,
02/13/2025,TGCR,4.32,4.26,4.32,4.32,4.35,907,,,,,,,,,,,
02/13/2025,BGCR,4.32,4.26,4.32,4.32,4.38,930,,,,,,,,,,,
02/12/2025,TGCR,4.31,4.25,4.31,4.31,4.35,902,,,,,,,,,,,
02/12/2025,BGCR,4.31,4.25,4.31,4.31,4.38,922,,,,,,,,,,,
02/11/2025,TGCR,4.32,4.26,4.32,4.33,4.36,894,,,,,,,,,,,
02/11/2025,BGCR,4.32,4.26,4.32,4.33,4.39,911,,,,,,,,,,,
02/10/2025,TGCR,4.33,4.25,4.33,4.34,4.37,899,,,,,,,,,,,
02/10/2025,BGCR,4.33,4.25,4.33,4.34,4.4,916,,,,,,,,,,,
02/07/2025,TGCR,4.34,4.26,4.33,4.34,4.37,901,,,,,,,,,,,
02/07/2025,BGCR,4.34,4.27,4.33,4.34,4.41,929,,,,,,,,,,,
02/06/2025,TGCR,4.34,4.26,4.34,4.34,4.37,899,,,,,,,,,,,
02/06/2025,BGCR,4.34,4.27,4.34,4.34,4.41,913,,,,,,,,,,,
02/05/2025,TGCR,4.31,4.26,4.31,4.32,4.34,895,,,,,,,,,,,
02/05/2025,BGCR,4.31,4.26,4.31,4.32,4.38,910,,,,,,,,,,,
02/04/2025,TGCR,4.31,4.26,4.31,4.32,4.36,894,,,,,,,,,,,
02/04/2025,BGCR,4.31,4.26,4.31,4.32,4.38,909,,,,,,,,,,,
02/03/2025,TGCR,4.33,4.26,4.33,4.34,4.39,890,,,,,,,,,,,
02/03/2025,BGCR,4.33,4.26,4.33,4.34,4.4,913,,,,,,,,,,,
01/31/2025,TGCR,4.34,4.25,4.34,4.35,4.37,892,,,,,,,,,,,
01/31/2025,BGCR,4.34,4.25,4.34,4.35,4.43,918,,,,,,,,,,,
01/30/2025,TGCR,4.34,4.25,4.34,4.35,4.37,870,,,,,,,,,,,
01/30/2025,BGCR,4.34,4.25,4.34,4.35,4.43,902,,,,,,,,,,,
01/29/2025,TGCR,4.33,4.25,4.32,4.33,4.36,859,,,,,,,,,,,
01/29/2025,BGCR,4.33,4.25,4.32,4.33,4.4,897,,,,,,,,,,,
01/28/2025,TGCR,4.34,4.27,4.34,4.34,4.36,865,,,,,,,,,,,
01/28/2025,BGCR,4.34,4.27,4.34,4.34,4.42,888,,,,,,,,,,,
01/27/2025,TGCR,4.32,4.26,4.32,4.33,4.35,868,,,,,,,,,,,
01/27/2025,BGCR,4.32,4.26,4.32,4.33,4.4,899,,,,,,,,,,,
01/24/2025,TGCR,4.33,4.26,4.32,4.33,4.36,875,,,,,,,,,,,
01/24/2025,BGCR,4.33,4.26,4.32,4.33,4.39,912,,,,,,,,,,,
01/23/2025,TGCR,4.34,4.26,4.33,4.34,4.36,877,,,,,,,,,,,
01/23/2025,BGCR,4.34,4.26,4.33,4.34,4.41,906,,,,,,,,,,,
01/22/2025,TGCR,4.28,4.23,4.28,4.29,4.32,865,,,,,,,,,,,
01/22/2025,BGCR,4.28,4.21,4.28,4.29,4.36,883,,,,,,,,,,,
01/21/2025,TGCR,4.27,4.22,4.27,4.27,4.31,875,,,,,,,,,,,
01/21/2025,BGCR,4.27,4.22,4.27,4.27,4.32,894,,,,,,,,,,,
01/17/2025,TGCR,4.27,4.22,4.27,4.27,4.31,869,,,,,,,,,,,
01/17/2025,BGCR,4.27,4.22,4.27,4.27,4.32,884,,,,,,,,,,,
01/16/2025,TGCR,4.27,4.24,4.27,4.28,4.32,864,,,,,,,,,,,
01/16/2025,BGCR,4.27,4.24,4.27,4.28,4.34,884,,,,,,,,,,,
01/15/2025,TGCR,4.26,4.21,4.26,4.27,4.31,844,,,,,,,,,,,
01/15/2025,BGCR,4.26,4.21,4.26,4.27,4.31,859,,,,,,,,,,,
01/14/2025,TGCR,4.27,4.2,4.27,4.27,4.31,825,,,,,,,,,,,
01/14/2025,BGCR,4.27,4.2,4.27,4.27,4.32,840,,,,,,,,,,,
01/13/2025,TGCR,4.28,4.22,4.28,4.28,4.31,837,,,,,,,,,,,
01/13/2025,BGCR,4.28,4.22,4.28,4.28,4.33,852,,,,,,,,,,,
01/10/2025,TGCR,4.29,4.24,4.29,4.29,4.32,837,,,,,,,,,,,
01/10/2025,BGCR,4.29,4.24,4.29,4.29,4.35,853,,,,,,,,,,,
01/09/2025,TGCR,4.28,4.23,4.28,4.29,4.31,805,,,,,,,,,,,
01/09/2025,BGCR,4.28,4.23,4.28,4.29,4.36,829,,,,,,,,,,,
01/08/2025,TGCR,4.27,4.22,4.27,4.28,4.31,798,,,,,,,,,,,
01/08/2025,BGCR,4.27,4.22,4.27,4.28,4.34,818,,,,,,,,,,,
01/07/2025,TGCR,4.26,4.22,4.26,4.27,4.3,842,,,,,,,,,,,
01/07/2025,BGCR,4.26,4.22,4.26,4.27,4.32,858,,,,,,,,,,,
01/06/2025,TGCR,4.26,4.23,4.26,4.26,4.32,829,,,,,,,,,,,
01/06/2025,BGCR,4.26,4.23,4.26,4.27,4.32,844,,,,,,,,,,,
01/03/2025,TGCR,4.29,4.24,4.29,4.3,4.41,821,,,,,,,,,,,
01/03/2025,BGCR,4.29,4.24,4.29,4.3,4.41,845,,,,,,,,,,,
01/02/2025,TGCR,4.36,4.2,4.35,4.37,4.5,820,,,,,,,,,,,
01/02/2025,BGCR,4.36,4.2,4.35,4.37,4.5,853,,,,,,,,,,,
12/31/2024,TGCR,4.45,4.25,4.45,4.46,4.5,778,,,,,,,,,,,
12/31/2024,BGCR,4.45,4.25,4.45,4.46,4.65,812,,,,,,,,,,,
12/30/2024,TGCR,4.35,4.25,4.35,4.36,4.47,798,,,,,,,,,,,
12/30/2024,BGCR,4.35,4.25,4.35,4.36,4.47,844,,,,,,,,,,,
12/27/2024,TGCR,4.45,4.3,4.44,4.45,4.54,803,,,,,,,,,,,
12/27/2024,BGCR,4.45,4.25,4.44,4.45,4.6,840,,,,,,,,,,,
12/26/2024,TGCR,4.5,4,4.5,4.52,4.56,814,,,,,,,,,,,
12/26/2024,BGCR,4.5,4.1,4.5,4.53,4.7,867,,,,,,,,,,,
12/24/2024,TGCR,4.39,4.26,4.38,4.39,4.42,825,,,,,,,,,,,
12/24/2024,BGCR,4.39,4.26,4.38,4.4,4.5,858,,,,,,,,,,,
12/23/2024,TGCR,4.29,4.2,4.29,4.3,4.35,815,,,,,,,,,,,
12/23/2024,BGCR,4.29,4.2,4.29,4.3,4.38,846,,,,,,,,,,,
12/20/2024,TGCR,4.28,4.1,4.28,4.29,4.35,817,,,,,,,,,,,
12/20/2024,BGCR,4.28,4.1,4.28,4.29,4.36,849,,,,,,,,,,,
12/19/2024,TGCR,4.26,4.23,4.26,4.27,4.6,827,,,,,,,,,,,
12/19/2024,BGCR,4.27,4.23,4.26,4.27,4.6,864,,,,,,,,,,,
12/18/2024,TGCR,4.56,4.5,4.56,4.56,4.66,820,,,,,,,,,,,
12/18/2024,BGCR,4.56,4.5,4.56,4.57,4.66,847,,,,,,,,,,,
12/17/2024,TGCR,4.59,4.5,4.59,4.59,4.7,830,,,,,,,,,,,
12/17/2024,BGCR,4.59,4.52,4.59,4.59,4.7,856,,,,,,,,,,,
12/16/2024,TGCR,4.61,4.55,4.61,4.61,4.65,818,,,,,,,,,,,
12/16/2024,BGCR,4.61,4.55,4.61,4.62,4.7,842,,,,,,,,,,,
12/13/2024,TGCR,4.59,4.5,4.59,4.59,4.65,815,,,,,,,,,,,
12/13/2024,BGCR,4.59,4.5,4.59,4.59,4.66,844,,,,,,,,,,,
12/12/2024,TGCR,4.6,4.52,4.6,4.61,4.66,812,,,,,,,,,,,
12/12/2024,BGCR,4.6,4.52,4.6,4.61,4.67,842,,,,,,,,,,,
12/11/2024,TGCR,4.6,4.52,4.59,4.6,4.65,820,,,,,,,,,,,
12/11/2024,BGCR,4.6,4.52,4.59,4.6,4.68,855,,,,,,,,,,,
12/10/2024,TGCR,4.61,4.54,4.61,4.61,4.66,832,,,,,,,,,,,
12/10/2024,BGCR,4.61,4.54,4.61,4.62,4.69,864,,,,,,,,,,,
12/09/2024,TGCR,4.6,4.5,4.59,4.6,4.64,811,,,,,,,,,,,
12/09/2024,BGCR,4.6,4.51,4.59,4.6,4.67,845,,,,,,,,,,,
12/06/2024,TGCR,4.58,4.53,4.58,4.59,4.63,809,,,,,,,,,,,
12/06/2024,BGCR,4.58,4.53,4.58,4.59,4.65,838,,,,,,,,,,,
12/05/2024,TGCR,4.57,4.52,4.57,4.57,4.61,822,,,,,,,,,,,
12/05/2024,BGCR,4.57,4.52,4.57,4.58,4.65,853,,,,,,,,,,,
12/04/2024,TGCR,4.58,4.5,4.57,4.58,4.65,808,,,,,,,,,,,
12/04/2024,BGCR,4.58,4.5,4.57,4.58,4.65,836,,,,,,,,,,,
12/03/2024,TGCR,4.6,4.55,4.6,4.61,4.65,798,,,,,,,,,,,
12/03/2024,BGCR,4.6,4.55,4.6,4.61,4.69,832,,,,,,,,,,,
12/02/2024,TGCR,4.6,4.53,4.6,4.61,4.64,791,,,,,,,,,,,
12/02/2024,BGCR,4.6,4.54,4.6,4.61,4.7,841,,,,,,,,,,,
11/29/2024,TGCR,4.58,4.5,4.58,4.58,4.62,750,,,,,,,,,,,
11/29/2024,BGCR,4.58,4.5,4.58,4.58,4.65,773,,,,,,,,,,,
11/27/2024,TGCR,4.56,4.5,4.56,4.57,4.6,753,,,,,,,,,,,
11/27/2024,BGCR,4.56,4.5,4.56,4.57,4.61,767,,,,,,,,,,,
11/26/2024,TGCR,4.57,4.5,4.57,4.57,4.61,777,,,,,,,,,,,
11/26/2024,BGCR,4.57,4.5,4.57,4.58,4.63,804,,,,,,,,,,,
11/25/2024,TGCR,4.57,4.5,4.57,4.58,4.61,760,,,,,,,,,,,
11/25/2024,BGCR,4.57,4.5,4.57,4.58,4.63,796,,,,,,,,,,,
11/22/2024,TGCR,4.56,4.48,4.56,4.56,4.6,773,,,,,,,,,,,
11/22/2024,BGCR,4.56,4.48,4.56,4.57,4.62,802,,,,,,,,,,,
11/21/2024,TGCR,4.56,4.5,4.56,4.56,4.6,771,,,,,,,,,,,
11/21/2024,BGCR,4.56,4.5,4.56,4.56,4.61,798,,,,,,,,,,,
11/20/2024,TGCR,4.56,4.5,4.56,4.56,4.6,763,,,,,,,,,,,
11/20/2024,BGCR,4.56,4.5,4.56,4.56,4.6,790,,,,,,,,,,,
11/19/2024,TGCR,4.56,4.5,4.56,4.56,4.6,780,,,,,,,,,,,
11/19/2024,BGCR,4.56,4.51,4.56,4.56,4.6,812,,,,,,,,,,,
11/18/2024,TGCR,4.56,4.5,4.56,4.56,4.6,783,,,,,,,,,,,
11/18/2024,BGCR,4.56,4.5,4.56,4.56,4.61,811,,,,,,,,,,,
11/15/2024,TGCR,4.56,4.51,4.56,4.57,4.6,799,,,,,,,,,,,
11/15/2024,BGCR,4.56,4.51,4.56,4.57,4.61,833,,,,,,,,,,,
11/14/2024,TGCR,4.57,4.51,4.56,4.57,4.6,800,,,,,,,,,,,
11/14/2024,BGCR,4.57,4.51,4.56,4.57,4.62,827,,,,,,,,,,,
11/13/2024,TGCR,4.58,4.51,4.57,4.58,4.61,788,,,,,,,,,,,
11/13/2024,BGCR,4.58,4.51,4.57,4.58,4.64,820,,,,,,,,,,,
11/12/2024,TGCR,4.58,4.5,4.58,4.59,4.61,788,,,,,,,,,,,
11/12/2024,BGCR,4.58,4.5,4.58,4.59,4.65,822,,,,,,,,,,,
11/08/2024,TGCR,4.57,4.51,4.57,4.58,4.83,785,,,,,,,,,,,
11/08/2024,BGCR,4.57,4.52,4.57,4.58,4.83,816,,,,,,,,,,,
11/07/2024,TGCR,4.82,4.75,4.81,4.82,4.84,784,,,,,,,,,,,
11/07/2024,BGCR,4.82,4.75,4.81,4.82,4.85,807,,,,,,,,,,,
11/06/2024,TGCR,4.81,4.75,4.81,4.81,4.83,774,,,,,,,,,,,
11/06/2024,BGCR,4.81,4.75,4.81,4.81,4.84,797,,,,,,,,,,,
11/05/2024,TGCR,4.81,4.75,4.81,4.81,4.83,778,,,,,,,,,,,
11/05/2024,BGCR,4.81,4.75,4.81,4.82,4.85,803,,,,,,,,,,,
11/04/2024,TGCR,4.82,4.75,4.82,4.82,4.87,764,,,,,,,,,,,
11/04/2024,BGCR,4.82,4.75,4.82,4.82,4.88,796,,,,,,,,,,,
11/01/2024,TGCR,4.84,4.78,4.84,4.84,4.91,761,,,,,,,,,,,
11/01/2024,BGCR,4.84,4.78,4.84,4.84,4.91,788,,,,,,,,,,,
10/31/2024,TGCR,4.85,4.75,4.85,4.86,4.89,763,,,,,,,,,,,
10/31/2024,BGCR,4.85,4.75,4.85,4.86,4.96,795,,,,,,,,,,,
10/30/2024,TGCR,4.81,4.75,4.8,4.81,4.83,768,,,,,,,,,,,
10/30/2024,BGCR,4.81,4.75,4.8,4.81,4.85,798,,,,,,,,,,,
10/29/2024,TGCR,4.81,4.75,4.81,4.81,4.83,763,,,,,,,,,,,
10/29/2024,BGCR,4.81,4.75,4.81,4.81,4.85,794,,,,,,,,,,,
10/28/2024,TGCR,4.81,4.75,4.81,4.82,4.84,757,,,,,,,,,,,
10/28/2024,BGCR,4.81,4.76,4.81,4.82,4.89,791,,,,,,,,,,,
10/25/2024,TGCR,4.82,4.75,4.82,4.83,4.85,765,,,,,,,,,,,
10/25/2024,BGCR,4.82,4.75,4.82,4.83,4.89,799,,,,,,,,,,,
10/24/2024,TGCR,4.83,4.65,4.82,4.83,4.85,785,,,,,,,,,,,
10/24/2024,BGCR,4.83,4.65,4.82,4.83,4.9,816,,,,,,,,,,,
10/23/2024,TGCR,4.82,4.75,4.82,4.82,4.84,773,,,,,,,,,,,
10/23/2024,BGCR,4.82,4.75,4.82,4.82,4.89,808,,,,,,,,,,,
10/22/2024,TGCR,4.82,4.75,4.82,4.82,4.84,780,,,,,,,,,,,
10/22/2024,BGCR,4.82,4.76,4.82,4.82,4.91,811,,,,,,,,,,,
10/21/2024,TGCR,4.81,4.76,4.81,4.82,4.85,783,,,,,,,,,,,
10/21/2024,BGCR,4.81,4.76,4.81,4.82,4.95,818,,,,,,,,,,,
10/18/2024,TGCR,4.82,4.77,4.82,4.83,4.86,785,,,,,,,,,,,
10/18/2024,BGCR,4.82,4.77,4.82,4.83,4.9,824,,,,,,,,,,,
10/17/2024,TGCR,4.84,4.78,4.84,4.84,4.88,794,,,,,,,,,,,
10/17/2024,BGCR,4.84,4.78,4.84,4.84,4.94,826,,,,,,,,,,,
10/16/2024,TGCR,4.84,4.78,4.83,4.84,4.87,785,,,,,,,,,,,
10/16/2024,BGCR,4.84,4.78,4.83,4.84,4.96,822,,,,,,,,,,,
10/15/2024,TGCR,4.83,4.79,4.83,4.84,4.87,795,,,,,,,,,,,
10/15/2024,BGCR,4.83,4.8,4.83,4.84,4.96,834,,,,,,,,,,,
10/11/2024,TGCR,4.81,4.76,4.81,4.81,4.83,772,,,,,,,,,,,
10/11/2024,BGCR,4.81,4.76,4.81,4.81,4.86,805,,,,,,,,,,,
10/10/2024,TGCR,4.81,4.75,4.81,4.81,4.84,769,,,,,,,,,,,
10/10/2024,BGCR,4.81,4.75,4.81,4.81,4.87,805,,,,,,,,,,,
10/09/2024,TGCR,4.82,4.77,4.82,4.82,4.85,768,,,,,,,,,,,
10/09/2024,BGCR,4.82,4.75,4.82,4.82,4.89,808,,,,,,,,,,,
10/08/2024,TGCR,4.83,4.77,4.82,4.83,4.85,771,,,,,,,,,,,
10/08/2024,BGCR,4.83,4.77,4.82,4.83,4.9,807,,,,,,,,,,,
10/07/2024,TGCR,4.82,4.77,4.82,4.82,4.84,773,,,,,,,,,,,
10/07/2024,BGCR,4.82,4.77,4.82,4.82,4.89,811,,,,,,,,,,,
10/04/2024,TGCR,4.82,4.77,4.82,4.83,4.86,779,,,,,,,,,,,
10/04/2024,BGCR,4.82,4.77,4.82,4.83,4.89,812,,,,,,,,,,,
10/03/2024,TGCR,4.82,4.78,4.82,4.83,4.93,787,,,,,,,,,,,
10/03/2024,BGCR,4.82,4.78,4.82,4.83,4.93,821,,,,,,,,,,,
10/02/2024,TGCR,4.87,4.78,4.86,4.87,5.06,777,,,,,,,,,,,
10/02/2024,BGCR,4.87,4.8,4.86,4.87,5.06,816,,,,,,,,,,,
10/01/2024,TGCR,4.92,4.8,4.9,4.92,4.98,771,,,,,,,,,,,
10/01/2024,BGCR,4.92,4.8,4.9,4.92,5.25,801,,,,,,,,,,,
09/30/2024,TGCR,4.88,4.8,4.86,4.88,4.95,742,,,,,,,,,,,
09/30/2024,BGCR,4.88,4.8,4.86,4.88,5.5,790,,,,,,,,,,,
09/27/2024,TGCR,4.83,4.78,4.82,4.83,4.87,753,,,,,,,,,,,
09/27/2024,BGCR,4.83,4.78,4.82,4.83,4.9,787,,,,,,,,,,,
09/26/2024,TGCR,4.83,4.76,4.82,4.83,4.85,747,,,,,,,,,,,
09/26/2024,BGCR,4.83,4.77,4.82,4.83,4.9,782,,,,,,,,,,,
09/25/2024,TGCR,4.83,4.75,4.82,4.83,4.86,756,,,,,,,,,,,
09/25/2024,BGCR,4.83,4.76,4.82,4.83,4.91,793,,,,,,,,,,,
09/24/2024,TGCR,4.83,4.76,4.82,4.83,4.85,768,,,,,,,,,,,
09/24/2024,BGCR,4.83,4.76,4.82,4.83,4.9,811,,,,,,,,,,,
09/23/2024,TGCR,4.82,4.75,4.82,4.82,4.85,781,,,,,,,,,,,
09/23/2024,BGCR,4.82,4.75,4.82,4.82,4.88,811,,,,,,,,,,,
09/20/2024,TGCR,4.81,4.75,4.81,4.82,4.84,789,,,,,,,,,,,
09/20/2024,BGCR,4.81,4.75,4.81,4.82,4.87,824,,,,,,,,,,,
09/19/2024,TGCR,4.81,4.75,4.81,4.81,5.34,815,,,,,,,,,,,
09/19/2024,BGCR,4.81,4.76,4.81,4.81,5.34,844,,,,,,,,,,,
09/18/2024,TGCR,5.32,5.24,5.31,5.32,5.39,783,,,,,,,,,,,
09/18/2024,BGCR,5.32,5.25,5.31,5.32,5.39,817,,,,,,,,,,,
09/17/2024,TGCR,5.33,5.27,5.33,5.33,5.39,770,,,,,,,,,,,
09/17/2024,BGCR,5.33,5.27,5.33,5.33,5.43,803,,,,,,,,,,,
09/16/2024,TGCR,5.33,5.28,5.33,5.34,5.36,783,,,,,,,,,,,
09/16/2024,BGCR,5.33,5.28,5.33,5.34,5.44,818,,,,,,,,,,,
09/13/2024,TGCR,5.32,5.26,5.31,5.32,5.34,779,,,,,,,,,,,
09/13/2024,BGCR,5.32,5.26,5.31,5.32,5.43,810,,,,,,,,,,,
09/12/2024,TGCR,5.31,5.25,5.31,5.31,5.33,785,,,,,,,,,,,
09/12/2024,BGCR,5.31,5.25,5.31,5.31,5.43,820,,,,,,,,,,,
09/11/2024,TGCR,5.31,5.25,5.31,5.31,5.34,769,,,,,,,,,,,
09/11/2024,BGCR,5.31,5.25,5.31,5.31,5.38,805,,,,,,,,,,,
09/10/2024,TGCR,5.31,5.26,5.31,5.32,5.35,766,,,,,,,,,,,
09/10/2024,BGCR,5.31,5.26,5.31,5.32,5.39,808,,,,,,,,,,,
09/09/2024,TGCR,5.32,5.25,5.32,5.33,5.35,768,,,,,,,,,,,
09/09/2024,BGCR,5.32,5.25,5.32,5.33,5.41,800,,,,,,,,,,,
09/06/2024,TGCR,5.32,5.27,5.32,5.33,5.36,770,,,,,,,,,,,
09/06/2024,BGCR,5.33,5.27,5.32,5.33,5.42,807,,,,,,,,,,,
09/05/2024,TGCR,5.32,5.27,5.32,5.33,5.36,773,,,,,,,,,,,
09/05/2024,BGCR,5.32,5.27,5.32,5.33,5.45,803,,,,,,,,,,,
09/04/2024,TGCR,5.32,5.27,5.32,5.33,5.35,760,,,,,,,,,,,
09/04/2024,BGCR,5.32,5.27,5.32,5.33,5.45,793,,,,,,,,,,,
09/03/2024,TGCR,5.33,5.28,5.33,5.33,5.38,757,,,,,,,,,,,
09/03/2024,BGCR,5.33,5.28,5.33,5.33,5.49,783,,,,,,,,,,,
08/30/2024,TGCR,5.32,5.25,5.31,5.32,5.34,732,,,,,,,,,,,
08/30/2024,BGCR,5.32,5.25,5.31,5.32,5.42,767,,,,,,,,,,,
08/29/2024,TGCR,5.32,5.26,5.32,5.32,5.36,745,,,,,,,,,,,
08/29/2024,BGCR,5.32,5.27,5.32,5.32,5.42,777,,,,,,,,,,,
08/28/2024,TGCR,5.34,5.28,5.33,5.34,5.37,752,,,,,,,,,,,
08/28/2024,BGCR,5.34,5.28,5.33,5.34,5.43,778,,,,,,,,,,,
08/27/2024,TGCR,5.34,5.28,5.34,5.35,5.37,753,,,,,,,,,,,
08/27/2024,BGCR,5.34,5.28,5.34,5.35,5.45,783,,,,,,,,,,,
08/26/2024,TGCR,5.32,5.27,5.32,5.32,5.35,766,,,,,,,,,,,
08/26/2024,BGCR,5.32,5.27,5.32,5.32,5.4,787,,,,,,,,,,,
08/23/2024,TGCR,5.32,5.26,5.31,5.32,5.34,760,,,,,,,,,,,
08/23/2024,BGCR,5.32,5.27,5.31,5.32,5.39,779,,,,,,,,,,,
08/22/2024,TGCR,5.31,5.25,5.3,5.31,5.33,761,,,,,,,,,,,
08/22/2024,BGCR,5.31,5.25,5.3,5.31,5.38,783,,,,,,,,,,,
08/21/2024,TGCR,5.3,5.25,5.3,5.31,5.33,762,,,,,,,,,,,
08/21/2024,BGCR,5.3,5.25,5.3,5.31,5.35,785,,,,,,,,,,,
08/20/2024,TGCR,5.31,5.25,5.31,5.32,5.33,765,,,,,,,,,,,
08/20/2024,BGCR,5.31,5.25,5.31,5.32,5.37,784,,,,,,,,,,,
08/19/2024,TGCR,5.31,5.26,5.31,5.32,5.34,776,,,,,,,,,,,
08/19/2024,BGCR,5.31,5.26,5.31,5.32,5.38,798,,,,,,,,,,,
08/16/2024,TGCR,5.31,5.25,5.31,5.32,5.36,778,,,,,,,,,,,
08/16/2024,BGCR,5.32,5.26,5.31,5.32,5.38,799,,,,,,,,,,,
08/15/2024,TGCR,5.32,5.26,5.32,5.33,5.36,797,,,,,,,,,,,
08/15/2024,BGCR,5.32,5.27,5.32,5.33,5.41,817,,,,,,,,,,,
08/14/2024,TGCR,5.32,5.25,5.32,5.32,5.35,781,,,,,,,,,,,
08/14/2024,BGCR,5.32,5.25,5.32,5.32,5.38,801,,,,,,,,,,,
08/13/2024,TGCR,5.34,5.27,5.33,5.34,5.37,780,,,,,,,,,,,
08/13/2024,BGCR,5.34,5.27,5.33,5.34,5.41,808,,,,,,,,,,,
08/12/2024,TGCR,5.33,5.26,5.33,5.33,5.35,787,,,,,,,,,,,
08/12/2024,BGCR,5.33,5.27,5.33,5.33,5.41,814,,,,,,,,,,,
08/09/2024,TGCR,5.33,5.27,5.33,5.33,5.35,795,,,,,,,,,,,
08/09/2024,BGCR,5.33,5.27,5.33,5.33,5.41,816,,,,,,,,,,,
08/08/2024,TGCR,5.33,5.27,5.33,5.33,5.36,796,,,,,,,,,,,
08/08/2024,BGCR,5.33,5.27,5.33,5.33,5.42,816,,,,,,,,,,,
08/07/2024,TGCR,5.32,5.26,5.31,5.32,5.34,789,,,,,,,,,,,
08/07/2024,BGCR,5.32,5.26,5.31,5.32,5.39,809,,,,,,,,,,,
08/06/2024,TGCR,5.32,5.27,5.31,5.32,5.34,791,,,,,,,,,,,
08/06/2024,BGCR,5.32,5.27,5.31,5.32,5.4,812,,,,,,,,,,,
08/05/2024,TGCR,5.32,5.25,5.31,5.32,5.36,789,,,,,,,,,,,
08/05/2024,BGCR,5.32,5.25,5.31,5.32,5.38,809,,,,,,,,,,,
08/02/2024,TGCR,5.33,5.28,5.33,5.33,5.36,784,,,,,,,,,,,
08/02/2024,BGCR,5.33,5.28,5.33,5.33,5.43,808,,,,,,,,,,,
08/01/2024,TGCR,5.34,5.28,5.34,5.35,5.39,803,,,,,,,,,,,
08/01/2024,BGCR,5.34,5.28,5.34,5.35,5.46,825,,,,,,,,,,,
07/31/2024,TGCR,5.34,5.28,5.34,5.34,5.39,797,,,,,,,,,,,
07/31/2024,BGCR,5.34,5.28,5.34,5.34,5.49,820,,,,,,,,,,,
07/30/2024,TGCR,5.32,5.26,5.32,5.32,5.34,786,,,,,,,,,,,
07/30/2024,BGCR,5.32,5.27,5.32,5.32,5.4,808,,,,,,,,,,,
07/29/2024,TGCR,5.33,5.26,5.32,5.33,5.36,770,,,,,,,,,,,
07/29/2024,BGCR,5.33,5.26,5.32,5.33,5.4,795,,,,,,,,,,,
07/26/2024,TGCR,5.34,5.25,5.34,5.34,5.36,779,,,,,,,,,,,
07/26/2024,BGCR,5.34,5.25,5.34,5.34,5.44,806,,,,,,,,,,,
07/25/2024,TGCR,5.34,5.27,5.34,5.34,5.37,791,,,,,,,,,,,
07/25/2024,BGCR,5.34,5.27,5.34,5.34,5.43,813,,,,,,,,,,,
07/24/2024,TGCR,5.33,5.27,5.33,5.33,5.35,778,,,,,,,,,,,
07/24/2024,BGCR,5.33,5.27,5.33,5.33,5.4,799,,,,,,,,,,,
07/23/2024,TGCR,5.32,5.27,5.32,5.32,5.35,773,,,,,,,,,,,
07/23/2024,BGCR,5.32,5.27,5.32,5.32,5.4,796,,,,,,,,,,,
07/22/2024,TGCR,5.32,5.25,5.32,5.32,5.35,769,,,,,,,,,,,
07/22/2024,BGCR,5.32,5.25,5.32,5.32,5.4,792,,,,,,,,,,,
07/19/2024,TGCR,5.32,5.27,5.32,5.32,5.35,770,,,,,,,,,,,
07/19/2024,BGCR,5.32,5.27,5.32,5.32,5.4,791,,,,,,,,,,,
07/18/2024,TGCR,5.32,5.27,5.32,5.33,5.36,778,,,,,,,,,,,
07/18/2024,BGCR,5.32,5.27,5.32,5.33,5.42,799,,,,,,,,,,,
07/17/2024,TGCR,5.33,5.27,5.33,5.34,5.37,770,,,,,,,,,,,
07/17/2024,BGCR,5.33,5.27,5.33,5.34,5.43,788,,,,,,,,,,,
07/16/2024,TGCR,5.33,5.28,5.33,5.34,5.39,776,,,,,,,,,,,
07/16/2024,BGCR,5.34,5.28,5.33,5.34,5.43,790,,,,,,,,,,,
07/15/2024,TGCR,5.33,5.28,5.33,5.33,5.37,770,,,,,,,,,,,
07/15/2024,BGCR,5.33,5.28,5.33,5.33,5.43,792,,,,,,,,,,,
07/12/2024,TGCR,5.32,5.27,5.32,5.33,5.36,756,,,,,,,,,,,
07/12/2024,BGCR,5.32,5.27,5.32,5.33,5.41,774,,,,,,,,,,,
07/11/2024,TGCR,5.32,5.27,5.32,5.33,5.35,755,,,,,,,,,,,
07/11/2024,BGCR,5.32,5.27,5.32,5.33,5.41,773,,,,,,,,,,,
07/10/2024,TGCR,5.33,5.27,5.32,5.33,5.35,745,,,,,,,,,,,
07/10/2024,BGCR,5.33,5.27,5.32,5.33,5.42,767,,,,,,,,,,,
07/09/2024,TGCR,5.33,5.27,5.32,5.33,5.35,743,,,,,,,,,,,
07/09/2024,BGCR,5.33,5.27,5.32,5.33,5.42,758,,,,,,,,,,,
07/08/2024,TGCR,5.31,5.26,5.31,5.31,5.34,758,,,,,,,,,,,
07/08/2024,BGCR,5.31,5.26,5.31,5.31,5.38,772,,,,,,,,,,,
07/05/2024,TGCR,5.31,5.26,5.31,5.31,5.34,748,,,,,,,,,,,
07/05/2024,BGCR,5.31,5.26,5.31,5.31,5.38,763,,,,,,,,,,,
07/03/2024,TGCR,5.32,5.26,5.32,5.32,5.36,742,,,,,,,,,,,
07/03/2024,BGCR,5.32,5.25,5.32,5.32,5.39,756,,,,,,,,,,,
07/02/2024,TGCR,5.33,5.27,5.33,5.34,5.41,744,,,,,,,,,,,
07/02/2024,BGCR,5.33,5.27,5.33,5.34,5.44,758,,,,,,,,,,,
07/01/2024,TGCR,5.33,5.25,5.33,5.34,5.37,733,,,,,,,,,,,
07/01/2024,BGCR,5.33,5.25,5.33,5.34,5.46,752,,,,,,,,,,,
06/28/2024,TGCR,5.32,5.25,5.32,5.32,5.35,682,,,,,,,,,,,
06/28/2024,BGCR,5.32,5.25,5.32,5.33,5.4,706,,,,,,,,,,,
06/27/2024,TGCR,5.32,5.25,5.32,5.33,5.35,719,,,,,,,,,,,
06/27/2024,BGCR,5.32,5.25,5.32,5.33,5.39,732,,,,,,,,,,,
06/26/2024,TGCR,5.33,5.27,5.33,5.34,5.37,725,,,,,,,,,,,
06/26/2024,BGCR,5.33,5.26,5.33,5.34,5.44,740,,,,,,,,,,,
06/25/2024,TGCR,5.32,5.27,5.32,5.33,5.37,739,,,,,,,,,,,
06/25/2024,BGCR,5.32,5.27,5.32,5.33,5.42,751,,,,,,,,,,,
06/24/2024,TGCR,5.3,5.25,5.3,5.31,5.33,737,,,,,,,,,,,
06/24/2024,BGCR,5.3,5.25,5.3,5.31,5.37,755,,,,,,,,,,,
06/21/2024,TGCR,5.3,5.25,5.3,5.31,5.33,746,,,,,,,,,,,
06/21/2024,BGCR,5.3,5.25,5.3,5.31,5.37,760,,,,,,,,,,,
06/20/2024,TGCR,5.31,5.25,5.31,5.31,5.34,749,,,,,,,,,,,
06/20/2024,BGCR,5.31,5.25,5.31,5.31,5.36,767,,,,,,,,,,,
06/18/2024,TGCR,5.32,5.25,5.32,5.32,5.36,746,,,,,,,,,,,
06/18/2024,BGCR,5.32,5.25,5.32,5.32,5.41,763,,,,,,,,,,,
06/17/2024,TGCR,5.32,5.26,5.31,5.32,5.35,756,,,,,,,,,,,
06/17/2024,BGCR,5.32,5.26,5.31,5.32,5.42,772,,,,,,,,,,,
06/14/2024,TGCR,5.3,5.25,5.3,5.31,5.34,771,,,,,,,,,,,
06/14/2024,BGCR,5.3,5.25,5.3,5.31,5.37,785,,,,,,,,,,,
06/13/2024,TGCR,5.31,5.25,5.3,5.31,5.34,756,,,,,,,,,,,
06/13/2024,BGCR,5.31,5.25,5.3,5.31,5.37,769,,,,,,,,,,,
06/12/2024,TGCR,5.31,5.25,5.3,5.31,5.33,737,,,,,,,,,,,
06/12/2024,BGCR,5.31,5.25,5.3,5.31,5.37,755,,,,,,,,,,,
06/11/2024,TGCR,5.31,5.25,5.31,5.31,5.33,735,,,,,,,,,,,
06/11/2024,BGCR,5.31,5.25,5.31,5.31,5.38,750,,,,,,,,,,,
06/10/2024,TGCR,5.32,5.25,5.32,5.32,5.34,737,,,,,,,,,,,
06/10/2024,BGCR,5.32,5.25,5.32,5.32,5.39,751,,,,,,,,,,,
06/07/2024,TGCR,5.32,5.26,5.32,5.32,5.34,742,,,,,,,,,,,
06/07/2024,BGCR,5.32,5.26,5.32,5.32,5.41,758,,,,,,,,,,,
06/06/2024,TGCR,5.32,5.27,5.32,5.32,5.35,750,,,,,,,,,,,
06/06/2024,BGCR,5.32,5.27,5.32,5.32,5.41,771,,,,,,,,,,,
06/05/2024,TGCR,5.32,5.27,5.31,5.32,5.35,745,,,,,,,,,,,
06/05/2024,BGCR,5.32,5.27,5.32,5.32,5.4,762,,,,,,,,,,,
06/04/2024,TGCR,5.32,5.27,5.32,5.32,5.36,769,,,,,,,,,,,
06/04/2024,BGCR,5.32,5.27,5.32,5.32,5.4,787,,,,,,,,,,,
06/03/2024,TGCR,5.32,5.27,5.32,5.32,5.35,764,,,,,,,,,,,
06/03/2024,BGCR,5.32,5.27,5.32,5.32,5.41,781,,,,,,,,,,,
05/31/2024,TGCR,5.33,5.28,5.32,5.33,5.36,771,,,,,,,,,,,
05/31/2024,BGCR,5.33,5.28,5.32,5.33,5.43,794,,,,,,,,,,,
05/30/2024,TGCR,5.32,5.27,5.32,5.33,5.36,725,,,,,,,,,,,
05/30/2024,BGCR,5.32,5.27,5.32,5.33,5.41,746,,,,,,,,,,,
05/29/2024,TGCR,5.32,5.26,5.31,5.32,5.35,719,,,,,,,,,,,
05/29/2024,BGCR,5.32,5.26,5.31,5.32,5.41,736,,,,,,,,,,,
05/28/2024,TGCR,5.31,5.26,5.31,5.32,5.34,735,,,,,,,,,,,
05/28/2024,BGCR,5.31,5.27,5.31,5.32,5.4,748,,,,,,,,,,,
05/24/2024,TGCR,5.31,5.26,5.31,5.31,5.33,718,,,,,,,,,,,
05/24/2024,BGCR,5.31,5.26,5.31,5.31,5.37,728,,,,,,,,,,,
05/23/2024,TGCR,5.3,5.25,5.3,5.31,5.33,715,,,,,,,,,,,
05/23/2024,BGCR,5.3,5.25,5.3,5.31,5.36,725,,,,,,,,,,,
05/22/2024,TGCR,5.3,5.25,5.3,5.31,5.33,713,,,,,,,,,,,
05/22/2024,BGCR,5.3,5.25,5.3,5.31,5.35,725,,,,,,,,,,,
05/21/2024,TGCR,5.3,5.25,5.3,5.31,5.33,715,,,,,,,,,,,
05/21/2024,BGCR,5.3,5.25,5.3,5.31,5.35,726,,,,,,,,,,,
05/20/2024,TGCR,5.3,5.25,5.3,5.31,5.33,707,,,,,,,,,,,
05/20/2024,BGCR,5.3,5.25,5.3,5.31,5.35,717,,,,,,,,,,,
05/17/2024,TGCR,5.3,5.25,5.3,5.31,5.33,711,,,,,,,,,,,
05/17/2024,BGCR,5.3,5.25,5.3,5.31,5.36,722,,,,,,,,,,,
05/16/2024,TGCR,5.3,5.25,5.3,5.31,5.33,737,,,,,,,,,,,
05/16/2024,BGCR,5.3,5.25,5.3,5.31,5.39,753,,,,,,,,,,,
05/15/2024,TGCR,5.3,5.25,5.3,5.3,5.33,719,,,,,,,,,,,
05/15/2024,BGCR,5.3,5.25,5.3,5.31,5.37,735,,,,,,,,,,,
05/14/2024,TGCR,5.3,5.25,5.3,5.3,5.33,713,,,,,,,,,,,
05/14/2024,BGCR,5.3,5.25,5.3,5.31,5.35,736,,,,,,,,,,,
05/13/2024,TGCR,5.3,5.25,5.3,5.3,5.33,702,,,,,,,,,,,
05/13/2024,BGCR,5.3,5.25,5.3,5.3,5.34,719,,,,,,,,,,,
05/10/2024,TGCR,5.3,5.25,5.3,5.31,5.33,709,,,,,,,,,,,
05/10/2024,BGCR,5.3,5.25,5.3,5.31,5.35,722,,,,,,,,,,,
05/09/2024,TGCR,5.3,5.25,5.3,5.31,5.33,706,,,,,,,,,,,
05/09/2024,BGCR,5.3,5.25,5.3,5.31,5.35,717,,,,,,,,,,,
05/08/2024,TGCR,5.3,5.25,5.3,5.31,5.33,705,,,,,,,,,,,
05/08/2024,BGCR,5.3,5.25,5.3,5.31,5.36,716,,,,,,,,,,,
05/07/2024,TGCR,5.3,5.25,5.3,5.31,5.33,703,,,,,,,,,,,
05/07/2024,BGCR,5.3,5.25,5.3,5.31,5.36,714,,,,,,,,,,,
05/06/2024,TGCR,5.3,5.25,5.3,5.31,5.33,700,,,,,,,,,,,
05/06/2024,BGCR,5.3,5.25,5.3,5.31,5.35,712,,,,,,,,,,,
05/03/2024,TGCR,5.3,5.25,5.3,5.31,5.33,695,,,,,,,,,,,
05/03/2024,BGCR,5.3,5.25,5.3,5.31,5.35,706,,,,,,,,,,,
05/02/2024,TGCR,5.31,5.25,5.3,5.31,5.33,697,,,,,,,,,,,
05/02/2024,BGCR,5.31,5.25,5.3,5.31,5.37,703,,,,,,,,,,,
05/01/2024,TGCR,5.31,5.25,5.31,5.31,5.35,693,,,,,,,,,,,
05/01/2024,BGCR,5.31,5.25,5.31,5.31,5.38,708,,,,,,,,,,,
04/30/2024,TGCR,5.31,5.27,5.31,5.32,5.36,701,,,,,,,,,,,
04/30/2024,BGCR,5.31,5.27,5.31,5.32,5.42,718,,,,,,,,,,,
04/29/2024,TGCR,5.31,5.25,5.31,5.31,5.34,666,,,,,,,,,,,
04/29/2024,BGCR,5.31,5.25,5.31,5.31,5.38,696,,,,,,,,,,,
04/26/2024,TGCR,5.31,5.25,5.31,5.31,5.34,673,,,,,,,,,,,
04/26/2024,BGCR,5.31,5.25,5.31,5.31,5.37,688,,,,,,,,,,,
04/25/2024,TGCR,5.31,5.25,5.31,5.31,5.34,681,,,,,,,,,,,
04/25/2024,BGCR,5.31,5.25,5.31,5.31,5.37,690,,,,,,,,,,,
04/24/2024,TGCR,5.3,5.25,5.3,5.31,5.33,664,,,,,,,,,,,
04/24/2024,BGCR,5.3,5.25,5.3,5.31,5.35,673,,,,,,,,,,,
04/23/2024,TGCR,5.3,5.24,5.3,5.3,5.33,679,,,,,,,,,,,
04/23/2024,BGCR,5.3,5.24,5.3,5.3,5.34,689,,,,,,,,,,,
04/22/2024,TGCR,5.3,5.25,5.3,5.3,5.32,687,,,,,,,,,,,
04/22/2024,BGCR,5.3,5.25,5.3,5.3,5.33,697,,,,,,,,,,,
04/19/2024,TGCR,5.3,5.25,5.3,5.3,5.32,689,,,,,,,,,,,
04/19/2024,BGCR,5.3,5.25,5.3,5.3,5.33,701,,,,,,,,,,,
04/18/2024,TGCR,5.3,5.25,5.3,5.3,5.33,690,,,,,,,,,,,
04/18/2024,BGCR,5.3,5.25,5.3,5.3,5.33,702,,,,,,,,,,,
04/17/2024,TGCR,5.3,5.25,5.3,5.3,5.33,685,,,,,,,,,,,
04/17/2024,BGCR,5.3,5.25,5.3,5.31,5.33,701,,,,,,,,,,,
04/16/2024,TGCR,5.31,5.26,5.3,5.31,5.34,696,,,,,,,,,,,
04/16/2024,BGCR,5.31,5.26,5.3,5.31,5.36,705,,,,,,,,,,,
04/15/2024,TGCR,5.31,5.25,5.31,5.32,5.34,695,,,,,,,,,,,
04/15/2024,BGCR,5.31,5.25,5.31,5.32,5.39,705,,,,,,,,,,,
04/12/2024,TGCR,5.3,5.25,5.3,5.31,5.33,687,,,,,,,,,,,
04/12/2024,BGCR,5.3,5.25,5.3,5.31,5.36,701,,,,,,,,,,,
04/11/2024,TGCR,5.3,5.25,5.3,5.31,5.33,688,,,,,,,,,,,
04/11/2024,BGCR,5.3,5.25,5.3,5.31,5.35,699,,,,,,,,,,,
04/10/2024,TGCR,5.3,5.25,5.3,5.31,5.33,698,,,,,,,,,,,
04/10/2024,BGCR,5.3,5.25,5.3,5.31,5.35,707,,,,,,,,,,,
04/09/2024,TGCR,5.31,5.26,5.3,5.31,5.33,705,,,,,,,,,,,
04/09/2024,BGCR,5.31,5.26,5.3,5.31,5.35,714,,,,,,,,,,,
04/08/2024,TGCR,5.31,5.25,5.3,5.31,5.34,688,,,,,,,,,,,
04/08/2024,BGCR,5.31,5.25,5.3,5.31,5.37,700,,,,,,,,,,,
04/05/2024,TGCR,5.31,5.27,5.31,5.31,5.34,695,,,,,,,,,,,
04/05/2024,BGCR,5.31,5.27,5.31,5.31,5.37,705,,,,,,,,,,,
04/04/2024,TGCR,5.31,5.27,5.3,5.31,5.33,697,,,,,,,,,,,
04/04/2024,BGCR,5.31,5.27,5.31,5.31,5.37,710,,,,,,,,,,,
04/03/2024,TGCR,5.31,5.26,5.31,5.31,5.35,679,,,,,,,,,,,
04/03/2024,BGCR,5.31,5.26,5.31,5.31,5.38,695,,,,,,,,,,,
04/02/2024,TGCR,5.33,5.26,5.33,5.33,5.36,668,,,,,,,,,,,
04/02/2024,BGCR,5.33,5.26,5.33,5.33,5.44,684,,,,,,,,,,,
04/01/2024,TGCR,5.33,5.25,5.33,5.34,5.38,656,,,,,,,,,,,
04/01/2024,BGCR,5.33,5.25,5.33,5.34,5.46,674,,,,,,,,,,,
03/28/2024,TGCR,5.32,5.27,5.32,5.33,5.36,604,,,,,,,,,,,
03/28/2024,BGCR,5.32,5.27,5.32,5.33,5.41,622,,,,,,,,,,,
03/27/2024,TGCR,5.33,5.25,5.32,5.33,5.35,644,,,,,,,,,,,
03/27/2024,BGCR,5.33,5.25,5.32,5.33,5.41,656,,,,,,,,,,,
03/26/2024,TGCR,5.31,5.25,5.31,5.32,5.35,656,,,,,,,,,,,
03/26/2024,BGCR,5.31,5.25,5.31,5.32,5.39,664,,,,,,,,,,,
03/25/2024,TGCR,5.31,5.25,5.31,5.31,5.33,660,,,,,,,,,,,
03/25/2024,BGCR,5.31,5.25,5.31,5.31,5.37,671,,,,,,,,,,,
03/22/2024,TGCR,5.31,5.24,5.3,5.31,5.33,670,,,,,,,,,,,
03/22/2024,BGCR,5.31,5.24,5.3,5.31,5.36,679,,,,,,,,,,,
03/21/2024,TGCR,5.3,5.25,5.3,5.3,5.32,678,,,,,,,,,,,
03/21/2024,BGCR,5.3,5.25,5.3,5.31,5.34,684,,,,,,,,,,,
03/20/2024,TGCR,5.3,5.25,5.3,5.3,5.32,673,,,,,,,,,,,
03/20/2024,BGCR,5.3,5.25,5.3,5.3,5.33,685,,,,,,,,,,,
03/19/2024,TGCR,5.3,5.25,5.3,5.3,5.32,669,,,,,,,,,,,
03/19/2024,BGCR,5.3,5,5.3,5.3,5.33,698,,,,,,,,,,,
03/18/2024,TGCR,5.3,5.24,5.3,5.3,5.32,683,,,,,,,,,,,
03/18/2024,BGCR,5.3,5.25,5.3,5.31,5.34,699,,,,,,,,,,,
03/15/2024,TGCR,5.3,5.25,5.3,5.31,5.32,685,,,,,,,,,,,
03/15/2024,BGCR,5.3,5.25,5.3,5.31,5.36,694,,,,,,,,,,,
03/14/2024,TGCR,5.3,5.25,5.3,5.31,5.32,677,,,,,,,,,,,
03/14/2024,BGCR,5.3,5.25,5.3,5.31,5.34,688,,,,,,,,,,,
03/13/2024,TGCR,5.3,5.25,5.3,5.31,5.32,685,,,,,,,,,,,
03/13/2024,BGCR,5.3,5.25,5.3,5.31,5.35,693,,,,,,,,,,,
03/12/2024,TGCR,5.3,5.25,5.3,5.31,5.32,676,,,,,,,,,,,
03/12/2024,BGCR,5.3,5.25,5.3,5.31,5.36,684,,,,,,,,,,,
03/11/2024,TGCR,5.3,5.25,5.3,5.3,5.32,680,,,,,,,,,,,
03/11/2024,BGCR,5.3,5.25,5.3,5.3,5.35,689,,,,,,,,,,,
03/08/2024,TGCR,5.3,5.25,5.3,5.3,5.32,681,,,,,,,,,,,
03/08/2024,BGCR,5.3,5.25,5.3,5.3,5.35,691,,,,,,,,,,,
03/07/2024,TGCR,5.3,5.25,5.3,5.3,5.32,686,,,,,,,,,,,
03/07/2024,BGCR,5.3,5.25,5.3,5.3,5.34,695,,,,,,,,,,,
03/06/2024,TGCR,5.3,5.25,5.29,5.3,5.32,671,,,,,,,,,,,
03/06/2024,BGCR,5.3,5.25,5.29,5.3,5.33,681,,,,,,,,,,,
03/05/2024,TGCR,5.3,5.25,5.3,5.31,5.32,670,,,,,,,,,,,
03/05/2024,BGCR,5.3,5.25,5.3,5.31,5.34,680,,,,,,,,,,,
03/04/2024,TGCR,5.3,5.25,5.3,5.31,5.32,680,,,,,,,,,,,
03/04/2024,BGCR,5.3,5.25,5.3,5.31,5.35,692,,,,,,,,,,,
03/01/2024,TGCR,5.3,5.26,5.3,5.31,5.37,671,,,,,,,,,,,
03/01/2024,BGCR,5.31,5.26,5.3,5.31,5.38,684,,,,,,,,,,,
02/29/2024,TGCR,5.31,5.26,5.3,5.31,5.32,675,,,,,,,,,,,
02/29/2024,BGCR,5.31,5.26,5.3,5.31,5.36,683,,,,,,,,,,,
02/28/2024,TGCR,5.3,5.25,5.3,5.31,5.35,661,,,,,,,,,,,
02/28/2024,BGCR,5.3,5.25,5.3,5.31,5.35,670,,,,,,,,,,,
02/27/2024,TGCR,5.3,5.25,5.3,5.31,5.36,652,,,,,,,,,,,
02/27/2024,BGCR,5.3,5.25,5.3,5.31,5.36,664,,,,,,,,,,,
02/26/2024,TGCR,5.3,5.25,5.3,5.31,5.35,658,,,,,,,,,,,
02/26/2024,BGCR,5.3,5.25,5.3,5.31,5.36,670,,,,,,,,,,,
02/23/2024,TGCR,5.3,5.25,5.3,5.31,5.34,672,,,,,,,,,,,
02/23/2024,BGCR,5.3,5.25,5.3,5.31,5.35,681,,,,,,,,,,,
02/22/2024,TGCR,5.3,5.25,5.29,5.3,5.32,658,,,,,,,,,,,
02/22/2024,BGCR,5.3,5.25,5.29,5.3,5.33,665,,,,,,,,,,,
02/21/2024,TGCR,5.3,5.25,5.29,5.3,5.32,660,,,,,,,,,,,
02/21/2024,BGCR,5.3,5.25,5.29,5.3,5.32,669,,,,,,,,,,,
02/20/2024,TGCR,5.3,5.23,5.29,5.3,5.32,664,,,,,,,,,,,
02/20/2024,BGCR,5.3,5.23,5.29,5.3,5.33,673,,,,,,,,,,,
02/16/2024,TGCR,5.3,5.24,5.29,5.3,5.32,669,,,,,,,,,,,
02/16/2024,BGCR,5.3,5.24,5.29,5.3,5.33,681,,,,,,,,,,,
02/15/2024,TGCR,5.3,5.25,5.29,5.3,5.32,670,,,,,,,,,,,
02/15/2024,BGCR,5.3,5.25,5.29,5.3,5.33,681,,,,,,,,,,,
02/14/2024,TGCR,5.3,5.25,5.29,5.3,5.34,656,,,,,,,,,,,
02/14/2024,BGCR,5.3,5.25,5.29,5.3,5.34,671,,,,,,,,,,,
02/13/2024,TGCR,5.3,5.25,5.3,5.3,5.34,662,,,,,,,,,,,
02/13/2024,BGCR,5.3,5.25,5.3,5.3,5.34,682,,,,,,,,,,,
02/12/2024,TGCR,5.3,5.25,5.3,5.3,5.34,670,,,,,,,,,,,
02/12/2024,BGCR,5.3,5.25,5.3,5.3,5.35,683,,,,,,,,,,,
02/09/2024,TGCR,5.3,5.25,5.3,5.3,5.34,661,,,,,,,,,,,
02/09/2024,BGCR,5.3,5.25,5.3,5.3,5.36,671,,,,,,,,,,,
02/08/2024,TGCR,5.3,5.25,5.3,5.3,5.35,669,,,,,,,,,,,
02/08/2024,BGCR,5.3,5.25,5.3,5.3,5.36,679,,,,,,,,,,,
02/07/2024,TGCR,5.3,5.24,5.3,5.3,5.35,673,,,,,,,,,,,
02/07/2024,BGCR,5.3,5.24,5.3,5.3,5.36,688,,,,,,,,,,,
02/06/2024,TGCR,5.3,5.25,5.3,5.31,5.36,672,,,,,,,,,,,
02/06/2024,BGCR,5.3,5.25,5.3,5.31,5.36,682,,,,,,,,,,,
02/05/2024,TGCR,5.3,5.24,5.3,5.31,5.33,677,,,,,,,,,,,
02/05/2024,BGCR,5.3,5.24,5.3,5.31,5.36,688,,,,,,,,,,,
02/02/2024,TGCR,5.31,5.26,5.31,5.31,5.34,676,,,,,,,,,,,
02/02/2024,BGCR,5.31,5.25,5.31,5.31,5.38,689,,,,,,,,,,,
02/01/2024,TGCR,5.31,5.27,5.31,5.31,5.35,689,,,,,,,,,,,
02/01/2024,BGCR,5.31,5.27,5.31,5.31,5.38,703,,,,,,,,,,,
01/31/2024,TGCR,5.31,5.26,5.31,5.31,5.37,679,,,,,,,,,,,
01/31/2024,BGCR,5.31,5.26,5.31,5.31,5.39,691,,,,,,,,,,,
01/30/2024,TGCR,5.3,5.25,5.3,5.31,5.32,665,,,,,,,,,,,
01/30/2024,BGCR,5.3,5.25,5.3,5.31,5.36,675,,,,,,,,,,,
01/29/2024,TGCR,5.3,5.25,5.3,5.31,5.33,657,,,,,,,,,,,
01/29/2024,BGCR,5.3,5.25,5.3,5.31,5.36,671,,,,,,,,,,,
01/26/2024,TGCR,5.31,5.23,5.31,5.31,5.33,668,,,,,,,,,,,
01/26/2024,BGCR,5.31,5.24,5.31,5.31,5.36,676,,,,,,,,,,,
01/25/2024,TGCR,5.31,5.24,5.31,5.31,5.35,662,,,,,,,,,,,
01/25/2024,BGCR,5.31,5.24,5.31,5.31,5.38,667,,,,,,,,,,,
01/24/2024,TGCR,5.3,5.23,5.3,5.31,5.33,661,,,,,,,,,,,
01/24/2024,BGCR,5.3,5.23,5.3,5.31,5.36,668,,,,,,,,,,,
01/23/2024,TGCR,5.3,5.24,5.29,5.3,5.32,658,,,,,,,,,,,
01/23/2024,BGCR,5.3,5.24,5.29,5.3,5.34,668,,,,,,,,,,,
01/22/2024,TGCR,5.3,5.25,5.29,5.3,5.32,649,,,,,,,,,,,
01/22/2024,BGCR,5.3,5.25,5.29,5.3,5.33,659,,,,,,,,,,,
01/19/2024,TGCR,5.3,5.25,5.29,5.3,5.32,665,,,,,,,,,,,
01/19/2024,BGCR,5.3,5.25,5.29,5.3,5.33,674,,,,,,,,,,,
01/18/2024,TGCR,5.3,5.25,5.29,5.3,5.33,659,,,,,,,,,,,
01/18/2024,BGCR,5.3,5.25,5.29,5.3,5.34,671,,,,,,,,,,,
01/17/2024,TGCR,5.3,5.26,5.3,5.31,5.34,661,,,,,,,,,,,
01/17/2024,BGCR,5.3,5.26,5.3,5.31,5.37,671,,,,,,,,,,,
01/16/2024,TGCR,5.3,5.25,5.3,5.31,5.36,667,,,,,,,,,,,
01/16/2024,BGCR,5.3,5.25,5.3,5.31,5.4,695,,,,,,,,,,,
01/12/2024,TGCR,5.3,5.25,5.3,5.3,5.34,655,,,,,,,,,,,
01/12/2024,BGCR,5.3,5.25,5.3,5.31,5.36,665,,,,,,,,,,,
01/11/2024,TGCR,5.3,5.26,5.3,5.31,5.34,668,,,,,,,,,,,
01/11/2024,BGCR,5.3,5.26,5.3,5.31,5.36,681,,,,,,,,,,,
01/10/2024,TGCR,5.3,5.25,5.3,5.31,5.33,665,,,,,,,,,,,
01/10/2024,BGCR,5.3,5.25,5.3,5.31,5.37,677,,,,,,,,,,,
01/09/2024,TGCR,5.3,5.25,5.3,5.31,5.32,664,,,,,,,,,,,
01/09/2024,BGCR,5.3,5.25,5.3,5.31,5.38,677,,,,,,,,,,,
01/08/2024,TGCR,5.3,5.25,5.3,5.31,5.34,661,,,,,,,,,,,
01/08/2024,BGCR,5.3,5.25,5.3,5.31,5.36,672,,,,,,,,,,,
01/05/2024,TGCR,5.3,5.25,5.3,5.31,5.34,680,,,,,,,,,,,
01/05/2024,BGCR,5.3,5.25,5.3,5.31,5.37,692,,,,,,,,,,,
01/04/2024,TGCR,5.31,5.26,5.31,5.32,5.4,672,,,,,,,,,,,
01/04/2024,BGCR,5.31,5.26,5.31,5.32,5.4,681,,,,,,,,,,,
01/03/2024,TGCR,5.33,5.26,5.33,5.33,5.41,657,,,,,,,,,,,
01/03/2024,BGCR,5.33,5.26,5.33,5.33,5.47,672,,,,,,,,,,,
01/02/2024,TGCR,5.33,5.28,5.33,5.34,5.39,654,,,,,,,,,,,
01/02/2024,BGCR,5.33,5.28,5.33,5.34,5.51,664,,,,,,,,,,,
12/29/2023,TGCR,5.33,5.28,5.33,5.34,5.48,594,,,,,,,,,,,
12/29/2023,BGCR,5.33,5.25,5.33,5.34,5.5,611,,,,,,,,,,,
12/28/2023,TGCR,5.35,5.27,5.34,5.35,5.48,603,,,,,,,,,,,
12/28/2023,BGCR,5.35,5.28,5.34,5.36,5.55,619,,,,,,,,,,,
12/27/2023,TGCR,5.33,5.27,5.31,5.33,5.48,619,,,,,,,,,,,
12/27/2023,BGCR,5.33,5.28,5.32,5.33,5.5,636,,,,,,,,,,,
12/26/2023,TGCR,5.31,5.26,5.3,5.32,5.42,624,,,,,,,,,,,
12/26/2023,BGCR,5.31,5.26,5.3,5.32,5.45,638,,,,,,,,,,,
12/22/2023,TGCR,5.3,5.26,5.3,5.31,5.36,620,,,,,,,,,,,
12/22/2023,BGCR,5.3,5.26,5.3,5.31,5.4,631,,,,,,,,,,,
12/21/2023,TGCR,5.3,5.25,5.29,5.31,5.34,622,,,,,,,,,,,
12/21/2023,BGCR,5.3,5.25,5.29,5.31,5.36,632,,,,,,,,,,,
12/20/2023,TGCR,5.3,5.23,5.29,5.3,5.34,618,,,,,,,,,,,
12/20/2023,BGCR,5.3,5.23,5.29,5.31,5.35,632,,,,,,,,,,,
12/19/2023,TGCR,5.3,5.25,5.29,5.31,5.34,622,,,,,,,,,,,
12/19/2023,BGCR,5.3,5.25,5.29,5.31,5.36,632,,,,,,,,,,,
12/18/2023,TGCR,5.3,5.25,5.3,5.31,5.34,618,,,,,,,,,,,
12/18/2023,BGCR,5.3,5.25,5.3,5.31,5.38,629,,,,,,,,,,,
12/15/2023,TGCR,5.3,5.25,5.3,5.31,5.34,629,,,,,,,,,,,
12/15/2023,BGCR,5.3,5.25,5.3,5.31,5.39,642,,,,,,,,,,,
12/14/2023,TGCR,5.3,5.25,5.28,5.3,5.33,616,,,,,,,,,,,
12/14/2023,BGCR,5.3,5.25,5.28,5.3,5.35,627,,,,,,,,,,,
12/13/2023,TGCR,5.3,5.21,5.29,5.3,5.33,600,,,,,,,,,,,
12/13/2023,BGCR,5.3,5.2,5.29,5.3,5.36,611,,,,,,,,,,,
12/12/2023,TGCR,5.3,5.25,5.29,5.3,5.33,602,,,,,,,,,,,
12/12/2023,BGCR,5.3,5.25,5.29,5.3,5.37,617,,,,,,,,,,,
12/11/2023,TGCR,5.3,5.25,5.3,5.31,5.34,600,,,,,,,,,,,
12/11/2023,BGCR,5.3,5.25,5.3,5.31,5.38,614,,,,,,,,,,,
12/08/2023,TGCR,5.3,5.25,5.3,5.31,5.34,605,,,,,,,,,,,
12/08/2023,BGCR,5.3,5.25,5.3,5.31,5.37,617,,,,,,,,,,,
12/07/2023,TGCR,5.3,5.25,5.3,5.31,5.34,603,,,,,,,,,,,
12/07/2023,BGCR,5.3,5.25,5.3,5.31,5.38,615,,,,,,,,,,,
12/06/2023,TGCR,5.31,5.25,5.3,5.31,5.34,596,,,,,,,,,,,
12/06/2023,BGCR,5.31,5.25,5.3,5.31,5.4,609,,,,,,,,,,,
12/05/2023,TGCR,5.31,5.25,5.31,5.31,5.38,604,,,,,,,,,,,
12/05/2023,BGCR,5.31,5.25,5.31,5.31,5.42,623,,,,,,,,,,,
12/04/2023,TGCR,5.31,5.25,5.31,5.32,5.4,602,,,,,,,,,,,
12/04/2023,BGCR,5.31,5.25,5.31,5.32,5.44,618,,,,,,,,,,,
12/01/2023,TGCR,5.31,5.26,5.31,5.32,5.37,594,,,,,,,,,,,
12/01/2023,BGCR,5.31,5.26,5.31,5.32,5.44,607,,,,,,,,,,,
11/30/2023,TGCR,5.31,5.25,5.3,5.31,5.4,591,,,,,,,,,,,
11/30/2023,BGCR,5.31,5.25,5.3,5.31,5.44,602,,,,,,,,,,,
11/29/2023,TGCR,5.3,5.26,5.3,5.31,5.35,585,,,,,,,,,,,
11/29/2023,BGCR,5.3,5.26,5.3,5.31,5.4,600,,,,,,,,,,,
11/28/2023,TGCR,5.3,5.25,5.3,5.31,5.34,578,,,,,,,,,,,
11/28/2023,BGCR,5.3,5.25,5.3,5.31,5.41,594,,,,,,,,,,,
11/27/2023,TGCR,5.3,5.25,5.3,5.31,5.34,582,,,,,,,,,,,
11/27/2023,BGCR,5.3,5.25,5.3,5.31,5.4,594,,,,,,,,,,,
11/24/2023,TGCR,5.3,5.25,5.3,5.31,5.36,577,,,,,,,,,,,
11/24/2023,BGCR,5.3,5.25,5.3,5.31,5.39,588,,,,,,,,,,,
11/22/2023,TGCR,5.3,5.25,5.29,5.3,5.32,564,,,,,,,,,,,
11/22/2023,BGCR,5.3,5.25,5.29,5.3,5.35,572,,,,,,,,,,,
11/21/2023,TGCR,5.3,5.25,5.29,5.3,5.32,574,,,,,,,,,,,
11/21/2023,BGCR,5.3,5.25,5.29,5.3,5.36,584,,,,,,,,,,,
11/20/2023,TGCR,5.3,5.25,5.29,5.3,5.33,574,,,,,,,,,,,
11/20/2023,BGCR,5.3,5.25,5.29,5.3,5.37,588,,,,,,,,,,,
11/17/2023,TGCR,5.3,5.25,5.3,5.31,5.33,573,,,,,,,,,,,
11/17/2023,BGCR,5.3,5.25,5.3,5.31,5.39,588,,,,,,,,,,,
11/16/2023,TGCR,5.3,5.25,5.3,5.31,5.34,583,,,,,,,,,,,
11/16/2023,BGCR,5.3,5.25,5.3,5.31,5.4,596,,,,,,,,,,,
11/15/2023,TGCR,5.3,5.25,5.3,5.31,5.33,585,,,,,,,,,,,
11/15/2023,BGCR,5.3,5.25,5.3,5.31,5.4,598,,,,,,,,,,,
11/14/2023,TGCR,5.3,5.25,5.3,5.31,5.33,570,,,,,,,,,,,
11/14/2023,BGCR,5.3,5.25,5.3,5.31,5.4,583,,,,,,,,,,,
11/13/2023,TGCR,5.3,5.25,5.3,5.31,5.33,576,,,,,,,,,,,
11/13/2023,BGCR,5.3,5.25,5.3,5.31,5.4,596,,,,,,,,,,,
11/10/2023,TGCR,5.3,5.25,5.29,5.3,5.33,575,,,,,,,,,,,
11/10/2023,BGCR,5.3,5.25,5.29,5.31,5.39,586,,,,,,,,,,,
11/09/2023,TGCR,5.3,5.25,5.29,5.3,5.33,573,,,,,,,,,,,
11/09/2023,BGCR,5.3,5.25,5.29,5.31,5.39,585,,,,,,,,,,,
11/08/2023,TGCR,5.3,5.25,5.29,5.3,5.33,579,,,,,,,,,,,
11/08/2023,BGCR,5.3,5.25,5.29,5.31,5.39,589,,,,,,,,,,,
11/07/2023,TGCR,5.3,5.25,5.29,5.31,5.37,576,,,,,,,,,,,
11/07/2023,BGCR,5.3,5.25,5.29,5.31,5.39,590,,,,,,,,,,,
11/06/2023,TGCR,5.3,5.25,5.3,5.31,5.33,570,,,,,,,,,,,
11/06/2023,BGCR,5.3,5.25,5.3,5.31,5.39,583,,,,,,,,,,,
11/03/2023,TGCR,5.3,5.25,5.3,5.31,5.35,575,,,,,,,,,,,
11/03/2023,BGCR,5.3,5.25,5.3,5.31,5.39,589,,,,,,,,,,,
11/02/2023,TGCR,5.3,5.25,5.3,5.31,5.34,569,,,,,,,,,,,
11/02/2023,BGCR,5.3,5.25,5.3,5.31,5.4,580,,,,,,,,,,,
11/01/2023,TGCR,5.3,5.25,5.3,5.31,5.36,565,,,,,,,,,,,
11/01/2023,BGCR,5.3,5.25,5.3,5.31,5.4,576,,,,,,,,,,,
10/31/2023,TGCR,5.3,5.24,5.29,5.31,5.37,567,,,,,,,,,,,
10/31/2023,BGCR,5.3,5.25,5.29,5.31,5.39,585,,,,,,,,,,,
10/30/2023,TGCR,5.3,5.24,5.29,5.3,5.32,552,,,,,,,,,,,
10/30/2023,BGCR,5.3,5.24,5.29,5.3,5.36,566,,,,,,,,,,,
10/27/2023,TGCR,5.3,5.25,5.29,5.3,5.32,556,,,,,,,,,,,
10/27/2023,BGCR,5.3,5.25,5.29,5.3,5.36,564,,,,,,,,,,,
10/26/2023,TGCR,5.3,5.25,5.29,5.3,5.32,557,,,,,,,,,,,
10/26/2023,BGCR,5.3,5.25,5.29,5.3,5.36,566,,,,,,,,,,,
10/25/2023,TGCR,5.3,5.25,5.28,5.3,5.32,554,,,,,,,,,,,
10/25/2023,BGCR,5.3,5.25,5.28,5.3,5.35,564,,,,,,,,,,,
10/24/2023,TGCR,5.3,5.24,5.27,5.3,5.33,553,,,,,,,,,,,
10/24/2023,BGCR,5.3,5.24,5.27,5.3,5.33,565,,,,,,,,,,,
10/23/2023,TGCR,5.3,5.22,5.27,5.3,5.32,545,,,,,,,,,,,
10/23/2023,BGCR,5.3,5.22,5.27,5.3,5.32,554,,,,,,,,,,,
10/20/2023,TGCR,5.3,5.24,5.27,5.3,5.32,548,,,,,,,,,,,
10/20/2023,BGCR,5.3,5.24,5.27,5.3,5.33,560,,,,,,,,,,,
10/19/2023,TGCR,5.3,5.24,5.27,5.3,5.33,556,,,,,,,,,,,
10/19/2023,BGCR,5.3,5.24,5.27,5.3,5.33,569,,,,,,,,,,,
10/18/2023,TGCR,5.3,5.24,5.28,5.3,5.33,559,,,,,,,,,,,
10/18/2023,BGCR,5.3,5.24,5.28,5.3,5.33,571,,,,,,,,,,,
10/17/2023,TGCR,5.3,5.25,5.29,5.3,5.33,560,,,,,,,,,,,
10/17/2023,BGCR,5.3,5.24,5.29,5.3,5.37,568,,,,,,,,,,,
10/16/2023,TGCR,5.3,5.23,5.29,5.3,5.33,565,,,,,,,,,,,
10/16/2023,BGCR,5.3,5.23,5.29,5.3,5.39,576,,,,,,,,,,,
10/13/2023,TGCR,5.3,5.25,5.29,5.3,5.34,562,,,,,,,,,,,
10/13/2023,BGCR,5.3,5.25,5.29,5.3,5.38,573,,,,,,,,,,,
10/12/2023,TGCR,5.3,5.25,5.29,5.3,5.34,568,,,,,,,,,,,
10/12/2023,BGCR,5.3,5.25,5.29,5.3,5.39,579,,,,,,,,,,,
10/11/2023,TGCR,5.3,5.26,5.29,5.3,5.33,556,,,,,,,,,,,
10/11/2023,BGCR,5.3,5.26,5.29,5.3,5.38,567,,,,,,,,,,,
10/10/2023,TGCR,5.3,5.25,5.29,5.3,5.33,552,,,,,,,,,,,
10/10/2023,BGCR,5.3,5.25,5.29,5.3,5.4,561,,,,,,,,,,,
10/06/2023,TGCR,5.3,5.26,5.29,5.3,5.34,558,,,,,,,,,,,
10/06/2023,BGCR,5.3,5.26,5.29,5.3,5.38,565,,,,,,,,,,,
10/05/2023,TGCR,5.3,5.25,5.29,5.3,5.34,564,,,,,,,,,,,
10/05/2023,BGCR,5.3,5.25,5.29,5.3,5.38,573,,,,,,,,,,,
10/04/2023,TGCR,5.3,5.25,5.3,5.3,5.37,542,,,,,,,,,,,
10/04/2023,BGCR,5.3,5.25,5.3,5.3,5.4,555,,,,,,,,,,,
10/03/2023,TGCR,5.3,5.25,5.3,5.31,5.37,533,,,,,,,,,,,
10/03/2023,BGCR,5.3,5.25,5.3,5.31,5.4,539,,,,,,,,,,,
10/02/2023,TGCR,5.3,5.25,5.29,5.3,5.35,526,,,,,,,,,,,
10/02/2023,BGCR,5.3,5.25,5.29,5.3,5.4,537,,,,,,,,,,,
09/29/2023,TGCR,5.3,3,5.29,5.3,5.37,496,,,,,,,,,,,
09/29/2023,BGCR,5.3,3,5.29,5.3,5.38,510,,,,,,,,,,,
09/28/2023,TGCR,5.3,5.24,5.29,5.3,5.37,530,,,,,,,,,,,
09/28/2023,BGCR,5.3,5.24,5.29,5.3,5.37,538,,,,,,,,,,,
09/27/2023,TGCR,5.3,5.25,5.3,5.31,5.37,544,,,,,,,,,,,
09/27/2023,BGCR,5.3,5.25,5.3,5.31,5.38,554,,,,,,,,,,,
09/26/2023,TGCR,5.3,5.25,5.3,5.3,5.37,555,,,,,,,,,,,
09/26/2023,BGCR,5.3,5.25,5.3,5.31,5.39,568,,,,,,,,,,,
09/25/2023,TGCR,5.3,5.24,5.29,5.3,5.34,561,,,,,,,,,,,
09/25/2023,BGCR,5.3,5.24,5.29,5.3,5.37,579,,,,,,,,,,,
09/22/2023,TGCR,5.3,5.25,5.28,5.3,5.32,563,,,,,,,,,,,
09/22/2023,BGCR,5.3,5.25,5.28,5.3,5.36,579,,,,,,,,,,,
09/21/2023,TGCR,5.3,5.23,5.28,5.3,5.32,559,,,,,,,,,,,
09/21/2023,BGCR,5.3,5.23,5.28,5.3,5.35,577,,,,,,,,,,,
09/20/2023,TGCR,5.3,5.25,5.28,5.3,5.32,554,,,,,,,,,,,
09/20/2023,BGCR,5.3,5.25,5.28,5.3,5.36,568,,,,,,,,,,,
09/19/2023,TGCR,5.3,5.25,5.28,5.3,5.32,555,,,,,,,,,,,
09/19/2023,BGCR,5.3,5.25,5.28,5.3,5.36,567,,,,,,,,,,,
09/18/2023,TGCR,5.3,5.25,5.29,5.3,5.34,561,,,,,,,,,,,
09/18/2023,BGCR,5.3,5.25,5.29,5.3,5.37,574,,,,,,,,,,,
09/15/2023,TGCR,5.3,5.24,5.29,5.3,5.32,570,,,,,,,,,,,
09/15/2023,BGCR,5.3,5.24,5.29,5.3,5.37,584,,,,,,,,,,,
09/14/2023,TGCR,5.3,5.22,5.28,5.3,5.35,563,,,,,,,,,,,
09/14/2023,BGCR,5.3,5.23,5.28,5.3,5.36,575,,,,,,,,,,,
09/13/2023,TGCR,5.3,5.25,5.28,5.3,5.35,556,,,,,,,,,,,
09/13/2023,BGCR,5.3,5.25,5.28,5.3,5.36,570,,,,,,,,,,,
09/12/2023,TGCR,5.3,5.24,5.28,5.3,5.35,561,,,,,,,,,,,
09/12/2023,BGCR,5.3,5.24,5.28,5.3,5.36,573,,,,,,,,,,,
09/11/2023,TGCR,5.3,5.24,5.28,5.3,5.35,560,,,,,,,,,,,
09/11/2023,BGCR,5.3,5.24,5.28,5.3,5.36,572,,,,,,,,,,,
09/08/2023,TGCR,5.3,5.24,5.28,5.3,5.34,561,,,,,,,,,,,
09/08/2023,BGCR,5.3,5.24,5.28,5.3,5.36,572,,,,,,,,,,,
09/07/2023,TGCR,5.3,5.24,5.28,5.3,5.35,565,,,,,,,,,,,
09/07/2023,BGCR,5.3,5.25,5.28,5.3,5.35,574,,,,,,,,,,,
09/06/2023,TGCR,5.29,5.23,5.28,5.3,5.35,543,,,,,,,,,,,
09/06/2023,BGCR,5.3,5.24,5.28,5.3,5.35,552,,,,,,,,,,,
09/05/2023,TGCR,5.29,5.23,5.28,5.3,5.33,546,,,,,,,,,,,
09/05/2023,BGCR,5.29,5.23,5.28,5.3,5.36,553,,,,,,,,,,,
09/01/2023,TGCR,5.3,5.24,5.28,5.3,5.35,554,,,,,,,,,,,
09/01/2023,BGCR,5.3,5.24,5.28,5.3,5.36,559,,,,,,,,,,,
08/31/2023,TGCR,5.3,5.24,5.28,5.3,5.36,550,,,,,,,,,,,
08/31/2023,BGCR,5.3,5.24,5.28,5.3,5.36,557,,,,,,,,,,,
08/30/2023,TGCR,5.28,5.24,5.28,5.3,5.34,538,,,,,,,,,,,
08/30/2023,BGCR,5.29,5.24,5.28,5.3,5.35,549,,,,,,,,,,,
08/29/2023,TGCR,5.28,5.23,5.28,5.3,5.35,534,,,,,,,,,,,
08/29/2023,BGCR,5.29,5.23,5.28,5.3,5.36,542,,,,,,,,,,,
08/28/2023,TGCR,5.28,5.23,5.28,5.3,5.34,547,,,,,,,,,,,
08/28/2023,BGCR,5.29,5.23,5.28,5.3,5.36,558,,,,,,,,,,,
08/25/2023,TGCR,5.28,5.23,5.27,5.3,5.34,543,,,,,,,,,,,
08/25/2023,BGCR,5.28,5.23,5.27,5.3,5.35,550,,,,,,,,,,,
08/24/2023,TGCR,5.28,5.23,5.27,5.3,5.33,553,,,,,,,,,,,
08/24/2023,BGCR,5.28,5.23,5.27,5.3,5.34,561,,,,,,,,,,,
08/23/2023,TGCR,5.27,5.22,5.26,5.3,5.33,536,,,,,,,,,,,
08/23/2023,BGCR,5.27,5.22,5.26,5.3,5.33,542,,,,,,,,,,,
08/22/2023,TGCR,5.27,5.22,5.26,5.3,5.31,543,,,,,,,,,,,
08/22/2023,BGCR,5.27,5.22,5.26,5.3,5.32,550,,,,,,,,,,,
08/21/2023,TGCR,5.27,5.2,5.26,5.3,5.31,540,,,,,,,,,,,
08/21/2023,BGCR,5.27,5.2,5.26,5.3,5.31,549,,,,,,,,,,,
08/18/2023,TGCR,5.27,5.22,5.26,5.3,5.31,541,,,,,,,,,,,
08/18/2023,BGCR,5.27,5.22,5.26,5.3,5.31,549,,,,,,,,,,,
08/17/2023,TGCR,5.27,5.22,5.26,5.3,5.32,548,,,,,,,,,,,
08/17/2023,BGCR,5.28,5.23,5.26,5.3,5.35,564,,,,,,,,,,,
08/16/2023,TGCR,5.28,5.22,5.27,5.3,5.34,538,,,,,,,,,,,
08/16/2023,BGCR,5.28,5.23,5.27,5.3,5.35,550,,,,,,,,,,,
08/15/2023,TGCR,5.28,5.23,5.27,5.3,5.36,541,,,,,,,,,,,
08/15/2023,BGCR,5.29,5.23,5.27,5.3,5.36,558,,,,,,,,,,,
08/14/2023,TGCR,5.28,5.23,5.27,5.3,5.33,552,,,,,,,,,,,
08/14/2023,BGCR,5.28,5.23,5.27,5.3,5.34,564,,,,,,,,,,,
08/11/2023,TGCR,5.28,5.22,5.27,5.3,5.33,547,,,,,,,,,,,
08/11/2023,BGCR,5.28,5.22,5.27,5.3,5.34,561,,,,,,,,,,,
08/10/2023,TGCR,5.28,5.22,5.27,5.3,5.31,555,,,,,,,,,,,
08/10/2023,BGCR,5.28,5.22,5.27,5.3,5.34,566,,,,,,,,,,,
08/09/2023,TGCR,5.27,5.23,5.26,5.3,5.32,551,,,,,,,,,,,
08/09/2023,BGCR,5.27,5.23,5.26,5.3,5.32,561,,,,,,,,,,,
08/08/2023,TGCR,5.27,5.22,5.26,5.3,5.31,561,,,,,,,,,,,
08/08/2023,BGCR,5.28,5.22,5.26,5.3,5.33,572,,,,,,,,,,,
08/07/2023,TGCR,5.28,5.23,5.26,5.3,5.31,566,,,,,,,,,,,
08/07/2023,BGCR,5.28,5.23,5.26,5.3,5.31,576,,,,,,,,,,,
08/04/2023,TGCR,5.28,5.23,5.26,5.3,5.31,567,,,,,,,,,,,
08/04/2023,BGCR,5.28,5.23,5.26,5.3,5.32,580,,,,,,,,,,,
08/03/2023,TGCR,5.28,5.23,5.27,5.3,5.31,572,,,,,,,,,,,
08/03/2023,BGCR,5.28,5.23,5.27,5.3,5.34,579,,,,,,,,,,,
08/02/2023,TGCR,5.28,5.24,5.27,5.3,5.32,565,,,,,,,,,,,
08/02/2023,BGCR,5.28,5.24,5.27,5.3,5.34,582,,,,,,,,,,,
08/01/2023,TGCR,5.28,5.25,5.27,5.3,5.35,579,,,,,,,,,,,
08/01/2023,BGCR,5.28,5.25,5.27,5.3,5.36,589,,,,,,,,,,,
07/31/2023,TGCR,5.28,5.25,5.28,5.3,5.32,574,,,,,,,,,,,
07/31/2023,BGCR,5.29,5.25,5.28,5.3,5.36,583,,,,,,,,,,,
07/28/2023,TGCR,5.28,5.24,5.28,5.3,5.32,574,,,,,,,,,,,
07/28/2023,BGCR,5.28,5.23,5.28,5.3,5.36,597,,,,,,,,,,,
07/27/2023,TGCR,5.28,5.07,5.28,5.3,5.32,583,,,,,,,,,,,
07/27/2023,BGCR,5.28,5.07,5.28,5.3,5.37,591,,,,,,,,,,,
07/26/2023,TGCR,5.04,5,5.03,5.05,5.07,582,,,,,,,,,,,
07/26/2023,BGCR,5.04,5,5.03,5.05,5.11,589,,,,,,,,,,,
07/25/2023,TGCR,5.03,4.99,5.03,5.05,5.07,584,,,,,,,,,,,
07/25/2023,BGCR,5.03,4.99,5.03,5.05,5.12,595,,,,,,,,,,,
07/24/2023,TGCR,5.03,4.99,5.02,5.05,5.06,579,,,,,,,,,,,
07/24/2023,BGCR,5.03,4.98,5.02,5.05,5.11,589,,,,,,,,,,,
07/21/2023,TGCR,5.03,5,5.02,5.05,5.07,582,,,,,,,,,,,
07/21/2023,BGCR,5.03,5,5.02,5.05,5.1,590,,,,,,,,,,,
07/20/2023,TGCR,5.03,4.99,5.02,5.05,5.07,579,,,,,,,,,,,
07/20/2023,BGCR,5.03,4.99,5.02,5.05,5.11,589,,,,,,,,,,,
07/19/2023,TGCR,5.03,5,5.02,5.05,5.07,581,,,,,,,,,,,
07/19/2023,BGCR,5.03,5,5.02,5.05,5.12,589,,,,,,,,,,,
07/18/2023,TGCR,5.03,5,5.02,5.05,5.08,591,,,,,,,,,,,
07/18/2023,BGCR,5.04,5,5.02,5.05,5.12,600,,,,,,,,,,,
07/17/2023,TGCR,5.03,4.99,5.02,5.05,5.07,583,,,,,,,,,,,
07/17/2023,BGCR,5.03,4.99,5.02,5.05,5.11,591,,,,,,,,,,,
07/14/2023,TGCR,5.03,4.99,5.02,5.05,5.08,590,,,,,,,,,,,
07/14/2023,BGCR,5.03,4.99,5.02,5.05,5.11,598,,,,,,,,,,,
07/13/2023,TGCR,5.04,4.99,5.01,5.05,5.09,591,,,,,,,,,,,
07/13/2023,BGCR,5.04,4.99,5.01,5.05,5.11,607,,,,,,,,,,,
07/12/2023,TGCR,5.03,4.99,5.02,5.05,5.07,574,,,,,,,,,,,
07/12/2023,BGCR,5.04,4.99,5.02,5.05,5.1,585,,,,,,,,,,,
07/11/2023,TGCR,5.04,4.99,5.02,5.05,5.07,582,,,,,,,,,,,
07/11/2023,BGCR,5.04,4.99,5.02,5.05,5.11,590,,,,,,,,,,,
07/10/2023,TGCR,5.04,4.97,5.03,5.05,5.07,586,,,,,,,,,,,
07/10/2023,BGCR,5.04,4.97,5.03,5.05,5.13,597,,,,,,,,,,,
07/07/2023,TGCR,5.04,5,5.03,5.05,5.1,578,,,,,,,,,,,
07/07/2023,BGCR,5.04,5,5.03,5.05,5.14,590,,,,,,,,,,,
07/06/2023,TGCR,5.04,4.99,5.04,5.05,5.09,577,,,,,,,,,,,
07/06/2023,BGCR,5.04,4.99,5.04,5.05,5.14,583,,,,,,,,,,,
07/05/2023,TGCR,5.05,4.99,5.03,5.05,5.09,577,,,,,,,,,,,
07/05/2023,BGCR,5.05,4.99,5.03,5.05,5.13,582,,,,,,,,,,,
07/03/2023,TGCR,5.05,4.99,5.04,5.05,5.11,565,,,,,,,,,,,
07/03/2023,BGCR,5.05,4.99,5.04,5.05,5.15,575,,,,,,,,,,,
06/30/2023,TGCR,5.05,3,5.05,5.06,5.09,548,,,,,,,,,,,
06/30/2023,BGCR,5.05,3,5.05,5.06,5.15,556,,,,,,,,,,,
06/29/2023,TGCR,5.05,5,5.05,5.05,5.1,578,,,,,,,,,,,
06/29/2023,BGCR,5.05,5,5.05,5.05,5.14,588,,,,,,,,,,,
06/28/2023,TGCR,5.04,4.95,5.04,5.05,5.09,576,,,,,,,,,,,
06/28/2023,BGCR,5.04,4.95,5.04,5.05,5.14,588,,,,,,,,,,,
06/27/2023,TGCR,5.04,4.98,5.03,5.05,5.08,586,,,,,,,,,,,
06/27/2023,BGCR,5.04,4.98,5.03,5.05,5.13,594,,,,,,,,,,,
06/26/2023,TGCR,5.03,4.97,5.03,5.05,5.07,596,,,,,,,,,,,
06/26/2023,BGCR,5.03,4.97,5.03,5.05,5.12,610,,,,,,,,,,,
06/23/2023,TGCR,5.03,4.97,5.02,5.05,5.06,592,,,,,,,,,,,
06/23/2023,BGCR,5.03,4.97,5.02,5.05,5.11,605,,,,,,,,,,,
06/22/2023,TGCR,5.03,4.97,5.02,5.05,5.1,594,,,,,,,,,,,
06/22/2023,BGCR,5.03,4.97,5.02,5.05,5.11,607,,,,,,,,,,,
06/21/2023,TGCR,5.03,4.94,5.02,5.05,5.06,598,,,,,,,,,,,
06/21/2023,BGCR,5.03,4.94,5.02,5.05,5.1,610,,,,,,,,,,,
06/20/2023,TGCR,5.03,4.85,5.02,5.05,5.1,610,,,,,,,,,,,
06/20/2023,BGCR,5.03,4.9,5.02,5.05,5.1,625,,,,,,,,,,,
06/16/2023,TGCR,5.03,4.95,5.02,5.05,5.07,600,,,,,,,,,,,
06/16/2023,BGCR,5.04,4.95,5.02,5.05,5.11,619,,,,,,,,,,,
06/15/2023,TGCR,5.04,4.95,5.03,5.05,5.08,604,,,,,,,,,,,
06/15/2023,BGCR,5.04,4.95,5.03,5.05,5.14,630,,,,,,,,,,,
06/14/2023,TGCR,5.03,4.97,5.02,5.05,5.06,611,,,,,,,,,,,
06/14/2023,BGCR,5.03,4.97,5.02,5.05,5.09,634,,,,,,,,,,,
06/13/2023,TGCR,5.03,4.95,5.02,5.05,5.06,611,,,,,,,,,,,
06/13/2023,BGCR,5.03,4.95,5.02,5.05,5.1,620,,,,,,,,,,,
06/12/2023,TGCR,5.02,4.93,5.01,5.05,5.06,588,,,,,,,,,,,
06/12/2023,BGCR,5.03,4.93,5.01,5.05,5.09,606,,,,,,,,,,,
06/09/2023,TGCR,5.02,4.96,5.01,5.05,5.06,586,,,,,,,,,,,
06/09/2023,BGCR,5.03,4.96,5.02,5.05,5.11,600,,,,,,,,,,,
06/08/2023,TGCR,5.03,4.96,5.01,5.05,5.06,586,,,,,,,,,,,
06/08/2023,BGCR,5.03,4.96,5.02,5.05,5.09,597,,,,,,,,,,,
06/07/2023,TGCR,5.03,4.96,5.02,5.05,5.06,594,,,,,,,,,,,
06/07/2023,BGCR,5.04,4.96,5.02,5.05,5.1,606,,,,,,,,,,,
06/06/2023,TGCR,5.03,4.95,5.02,5.05,5.07,594,,,,,,,,,,,
06/06/2023,BGCR,5.03,4.95,5.02,5.05,5.11,604,,,,,,,,,,,
06/05/2023,TGCR,5.05,4.95,5.04,5.05,5.08,594,,,,,,,,,,,
06/05/2023,BGCR,5.05,4.95,5.04,5.05,5.13,605,,,,,,,,,,,
06/02/2023,TGCR,5.05,4.95,5.04,5.05,5.1,600,,,,,,,,,,,
06/02/2023,BGCR,5.05,4.95,5.04,5.05,5.15,609,,,,,,,,,,,
06/01/2023,TGCR,5.05,4.98,5.05,5.06,5.12,599,,,,,,,,,,,
06/01/2023,BGCR,5.05,4.98,5.05,5.06,5.2,610,,,,,,,,,,,
05/31/2023,TGCR,5.05,4.97,5.05,5.05,5.08,577,,,,,,,,,,,
05/31/2023,BGCR,5.05,4.97,5.05,5.05,5.18,596,,,,,,,,,,,
05/30/2023,TGCR,5.04,4.8,5.03,5.05,5.1,585,,,,,,,,,,,
05/30/2023,BGCR,5.05,4.8,5.04,5.05,5.14,604,,,,,,,,,,,
05/26/2023,TGCR,5.05,4.96,5.04,5.05,5.1,582,,,,,,,,,,,
05/26/2023,BGCR,5.05,4.96,5.04,5.05,5.14,588,,,,,,,,,,,
05/25/2023,TGCR,5.05,4.84,5.05,5.05,5.09,590,,,,,,,,,,,
05/25/2023,BGCR,5.05,4.84,5.05,5.05,5.16,602,,,,,,,,,,,
05/24/2023,TGCR,5.03,4.96,5.01,5.05,5.1,578,,,,,,,,,,,
05/24/2023,BGCR,5.03,4.96,5.01,5.05,5.11,587,,,,,,,,,,,
05/23/2023,TGCR,5.02,4.96,5,5.05,5.1,580,,,,,,,,,,,
05/23/2023,BGCR,5.02,4.96,5,5.05,5.1,585,,,,,,,,,,,
05/22/2023,TGCR,5.02,4.94,5,5.05,5.06,572,,,,,,,,,,,
05/22/2023,BGCR,5.02,4.94,5,5.05,5.09,580,,,,,,,,,,,
05/19/2023,TGCR,5.02,4.93,5,5.05,5.09,572,,,,,,,,,,,
05/19/2023,BGCR,5.02,4.93,5,5.05,5.09,578,,,,,,,,,,,
05/18/2023,TGCR,5.02,4.95,5.01,5.05,5.07,577,,,,,,,,,,,
05/18/2023,BGCR,5.02,4.95,5.01,5.05,5.1,586,,,,,,,,,,,
05/17/2023,TGCR,5.02,4.94,5.01,5.05,5.08,569,,,,,,,,,,,
05/17/2023,BGCR,5.02,4.94,5.01,5.05,5.1,576,,,,,,,,,,,
05/16/2023,TGCR,5.02,4.97,5.01,5.05,5.08,578,,,,,,,,,,,
05/16/2023,BGCR,5.02,4.97,5.01,5.05,5.11,588,,,,,,,,,,,
05/15/2023,TGCR,5.02,4.95,5.01,5.05,5.07,576,,,,,,,,,,,
05/15/2023,BGCR,5.02,4.95,5.01,5.05,5.11,584,,,,,,,,,,,
05/12/2023,TGCR,5.02,4.95,5.01,5.05,5.06,574,,,,,,,,,,,
05/12/2023,BGCR,5.02,4.95,5.01,5.05,5.1,581,,,,,,,,,,,
05/11/2023,TGCR,5.02,4.96,5.01,5.05,5.07,573,,,,,,,,,,,
05/11/2023,BGCR,5.02,4.96,5.01,5.05,5.1,585,,,,,,,,,,,
05/10/2023,TGCR,5.02,4.95,5.02,5.05,5.07,568,,,,,,,,,,,
05/10/2023,BGCR,5.02,4.95,5.02,5.05,5.11,579,,,,,,,,,,,
05/09/2023,TGCR,5.03,4.95,5.03,5.05,5.07,564,,,,,,,,,,,
05/09/2023,BGCR,5.03,4.95,5.03,5.05,5.12,574,,,,,,,,,,,
05/08/2023,TGCR,5.03,4.8,5.03,5.05,5.07,566,,,,,,,,,,,
05/08/2023,BGCR,5.03,4.8,5.03,5.05,5.13,578,,,,,,,,,,,
05/05/2023,TGCR,5.03,4.97,5.03,5.05,5.08,558,,,,,,,,,,,
05/05/2023,BGCR,5.03,4.97,5.03,5.05,5.14,569,,,,,,,,,,,
05/04/2023,TGCR,5.03,4.82,5.03,5.05,5.07,566,,,,,,,,,,,
05/04/2023,BGCR,5.03,4.82,5.03,5.05,5.12,575,,,,,,,,,,,
05/03/2023,TGCR,4.79,4.73,4.78,4.8,4.82,567,,,,,,,,,,,
05/03/2023,BGCR,4.79,4.73,4.78,4.8,4.88,581,,,,,,,,,,,
05/02/2023,TGCR,4.78,4.7,4.78,4.8,4.83,556,,,,,,,,,,,
05/02/2023,BGCR,4.78,4.7,4.78,4.8,4.87,565,,,,,,,,,,,
05/01/2023,TGCR,4.78,3,4.78,4.8,4.82,558,,,,,,,,,,,
05/01/2023,BGCR,4.78,3,4.78,4.8,4.87,565,,,,,,,,,,,
04/28/2023,TGCR,4.79,4.72,4.78,4.8,4.82,530,,,,,,,,,,,
04/28/2023,BGCR,4.79,4.72,4.78,4.8,4.86,541,,,,,,,,,,,
04/27/2023,TGCR,4.78,4.72,4.77,4.8,4.82,538,,,,,,,,,,,
04/27/2023,BGCR,4.78,4.72,4.77,4.8,4.86,545,,,,,,,,,,,
04/26/2023,TGCR,4.77,4.72,4.76,4.8,4.81,535,,,,,,,,,,,
04/26/2023,BGCR,4.77,4.72,4.76,4.8,4.85,547,,,,,,,,,,,
04/25/2023,TGCR,4.77,4.72,4.76,4.8,4.82,540,,,,,,,,,,,
04/25/2023,BGCR,4.77,4.72,4.76,4.8,4.85,547,,,,,,,,,,,
04/24/2023,TGCR,4.77,4.72,4.76,4.8,4.81,521,,,,,,,,,,,
04/24/2023,BGCR,4.77,4.72,4.76,4.8,4.84,533,,,,,,,,,,,
04/21/2023,TGCR,4.76,4.7,4.75,4.8,4.81,523,,,,,,,,,,,
04/21/2023,BGCR,4.76,4.7,4.75,4.8,4.83,530,,,,,,,,,,,
04/20/2023,TGCR,4.76,4.72,4.75,4.8,4.81,521,,,,,,,,,,,
04/20/2023,BGCR,4.76,4.72,4.75,4.8,4.82,527,,,,,,,,,,,
04/19/2023,TGCR,4.76,4.71,4.76,4.8,4.81,509,,,,,,,,,,,
04/19/2023,BGCR,4.76,4.72,4.76,4.8,4.83,517,,,,,,,,,,,
04/18/2023,TGCR,4.77,4.72,4.77,4.8,4.81,518,,,,,,,,,,,
04/18/2023,BGCR,4.77,4.72,4.77,4.8,4.85,527,,,,,,,,,,,
04/17/2023,TGCR,4.77,4.71,4.76,4.8,4.81,518,,,,,,,,,,,
04/17/2023,BGCR,4.77,4.71,4.76,4.8,4.85,527,,,,,,,,,,,
04/14/2023,TGCR,4.77,4.73,4.76,4.8,4.81,516,,,,,,,,,,,
04/14/2023,BGCR,4.77,4.73,4.76,4.8,4.85,524,,,,,,,,,,,
04/13/2023,TGCR,4.77,4.72,4.75,4.8,4.84,522,,,,,,,,,,,
04/13/2023,BGCR,4.77,4.72,4.75,4.8,4.85,529,,,,,,,,,,,
04/12/2023,TGCR,4.77,4.72,4.75,4.8,4.81,523,,,,,,,,,,,
04/12/2023,BGCR,4.77,4.72,4.75,4.8,4.81,527,,,,,,,,,,,
04/11/2023,TGCR,4.78,4.73,4.77,4.8,4.82,522,,,,,,,,,,,
04/11/2023,BGCR,4.78,4.73,4.77,4.8,4.84,528,,,,,,,,,,,
04/10/2023,TGCR,4.78,2.75,4.77,4.8,4.82,531,,,,,,,,,,,
04/10/2023,BGCR,4.78,2.75,4.77,4.8,4.86,540,,,,,,,,,,,
04/06/2023,TGCR,4.79,4.73,4.77,4.8,4.82,523,,,,,,,,,,,
04/06/2023,BGCR,4.79,4.73,4.77,4.8,4.87,538,,,,,,,,,,,
04/05/2023,TGCR,4.79,4.73,4.78,4.8,4.84,510,,,,,,,,,,,
04/05/2023,BGCR,4.79,4.73,4.78,4.8,4.89,524,,,,,,,,,,,
04/04/2023,TGCR,4.8,4.74,4.79,4.8,4.85,509,,,,,,,,,,,
04/04/2023,BGCR,4.8,4.74,4.79,4.8,4.9,520,,,,,,,,,,,
04/03/2023,TGCR,4.8,4.74,4.79,4.8,4.88,494,,,,,,,,,,,
04/03/2023,BGCR,4.8,4.74,4.79,4.8,4.92,509,,,,,,,,,,,
03/31/2023,TGCR,4.8,2.75,4.8,4.8,4.83,470,,,,,,,,,,,
03/31/2023,BGCR,4.8,2.75,4.8,4.8,4.91,479,,,,,,,,,,,
03/30/2023,TGCR,4.79,4.7,4.78,4.8,4.84,497,,,,,,,,,,,
03/30/2023,BGCR,4.79,4.7,4.78,4.8,4.89,505,,,,,,,,,,,
03/29/2023,TGCR,4.79,4.72,4.78,4.8,4.85,494,,,,,,,,,,,
03/29/2023,BGCR,4.79,4.73,4.78,4.8,4.85,506,,,,,,,,,,,
03/28/2023,TGCR,4.8,4.59,4.8,4.8,4.82,504,,,,,,,,,,,
03/28/2023,BGCR,4.8,4.59,4.8,4.8,4.9,515,,,,,,,,,,,
03/27/2023,TGCR,4.79,4.73,4.77,4.8,4.82,514,,,,,,,,,,,
03/27/2023,BGCR,4.79,4.73,4.77,4.8,4.88,521,,,,,,,,,,,
03/24/2023,TGCR,4.78,4.72,4.77,4.8,4.81,505,,,,,,,,,,,
03/24/2023,BGCR,4.78,4.72,4.77,4.8,4.86,513,,,,,,,,,,,
03/23/2023,TGCR,4.77,4.56,4.76,4.8,4.81,510,,,,,,,,,,,
03/23/2023,BGCR,4.77,4.56,4.76,4.8,4.85,526,,,,,,,,,,,
03/22/2023,TGCR,4.52,4.48,4.51,4.55,4.56,499,,,,,,,,,,,
03/22/2023,BGCR,4.52,4.48,4.51,4.55,4.59,512,,,,,,,,,,,
03/21/2023,TGCR,4.52,4.45,4.51,4.55,4.56,502,,,,,,,,,,,
03/21/2023,BGCR,4.52,4.45,4.51,4.55,4.59,515,,,,,,,,,,,
03/20/2023,TGCR,4.52,4.4,4.51,4.55,4.56,489,,,,,,,,,,,
03/20/2023,BGCR,4.52,4.4,4.51,4.55,4.59,506,,,,,,,,,,,
03/17/2023,TGCR,4.53,4.3,4.52,4.55,4.58,484,,,,,,,,,,,
03/17/2023,BGCR,4.53,4.3,4.52,4.55,4.6,500,,,,,,,,,,,
03/16/2023,TGCR,4.55,4.4,4.53,4.55,4.59,491,,,,,,,,,,,
03/16/2023,BGCR,4.55,4.45,4.53,4.55,4.62,503,,,,,,,,,,,
03/15/2023,TGCR,4.55,4.35,4.54,4.56,4.58,474,,,,,,,,,,,
03/15/2023,BGCR,4.55,4.35,4.54,4.56,4.61,484,,,,,,,,,,,
03/14/2023,TGCR,4.53,2.75,4.52,4.55,4.56,476,,,,,,,,,,,
03/14/2023,BGCR,4.53,2.75,4.52,4.55,4.64,491,,,,,,,,,,,
03/13/2023,TGCR,4.52,4.34,4.51,4.55,4.56,457,,,,,,,,,,,
03/13/2023,BGCR,4.52,4.34,4.51,4.55,4.58,467,,,,,,,,,,,
03/10/2023,TGCR,4.51,4.45,4.5,4.55,4.56,454,,,,,,,,,,,
03/10/2023,BGCR,4.51,4.45,4.5,4.55,4.58,466,,,,,,,,,,,
03/09/2023,TGCR,4.51,4.45,4.5,4.55,4.56,461,,,,,,,,,,,
03/09/2023,BGCR,4.51,4.45,4.5,4.55,4.57,469,,,,,,,,,,,
03/08/2023,TGCR,4.51,4.45,4.5,4.55,4.56,453,,,,,,,,,,,
03/08/2023,BGCR,4.51,4.45,4.5,4.55,4.57,466,,,,,,,,,,,
03/07/2023,TGCR,4.51,4.45,4.5,4.55,4.56,463,,,,,,,,,,,
03/07/2023,BGCR,4.51,4.45,4.5,4.55,4.57,474,,,,,,,,,,,
03/06/2023,TGCR,4.51,4.45,4.5,4.55,4.56,449,,,,,,,,,,,
03/06/2023,BGCR,4.51,4.45,4.5,4.55,4.56,460,,,,,,,,,,,
03/03/2023,TGCR,4.51,4.45,4.51,4.55,4.56,444,,,,,,,,,,,
03/03/2023,BGCR,4.51,4.45,4.51,4.55,4.57,458,,,,,,,,,,,
03/02/2023,TGCR,4.52,4.46,4.51,4.55,4.56,446,,,,,,,,,,,
03/02/2023,BGCR,4.52,4.46,4.51,4.55,4.58,463,,,,,,,,,,,
03/01/2023,TGCR,4.52,4.3,4.51,4.55,4.56,446,,,,,,,,,,,
03/01/2023,BGCR,4.52,4.3,4.51,4.55,4.58,462,,,,,,,,,,,
02/28/2023,TGCR,4.52,4,4.51,4.55,4.56,444,,,,,,,,,,,
02/28/2023,BGCR,4.52,4,4.51,4.55,4.59,462,,,,,,,,,,,
02/27/2023,TGCR,4.51,2.75,4.51,4.55,4.56,445,,,,,,,,,,,
02/27/2023,BGCR,4.51,2.75,4.51,4.55,4.57,473,,,,,,,,,,,
02/24/2023,TGCR,4.51,4.45,4.5,4.55,4.56,442,,,,,,,,,,,
02/24/2023,BGCR,4.51,4.45,4.5,4.55,4.57,456,,,,,,,,,,,
02/23/2023,TGCR,4.51,4.35,4.5,4.55,4.56,444,,,,,,,,,,,
02/23/2023,BGCR,4.51,4.35,4.5,4.55,4.56,457,,,,,,,,,,,
02/22/2023,TGCR,4.52,4.45,4.51,4.55,4.56,445,,,,,,,,,,,
02/22/2023,BGCR,4.52,4.45,4.51,4.55,4.56,457,,,,,,,,,,,
02/21/2023,TGCR,4.52,4.4,4.51,4.55,4.56,460,,,,,,,,,,,
02/21/2023,BGCR,4.52,4.4,4.51,4.55,4.57,475,,,,,,,,,,,
02/17/2023,TGCR,4.52,4.45,4.51,4.55,4.56,450,,,,,,,,,,,
02/17/2023,BGCR,4.52,4.45,4.51,4.55,4.58,461,,,,,,,,,,,
02/16/2023,TGCR,4.53,4.45,4.52,4.55,4.56,456,,,,,,,,,,,
02/16/2023,BGCR,4.53,4.45,4.52,4.55,4.59,463,,,,,,,,,,,
02/15/2023,TGCR,4.53,4.45,4.52,4.55,4.56,458,,,,,,,,,,,
02/15/2023,BGCR,4.53,4.45,4.52,4.55,4.59,470,,,,,,,,,,,
02/14/2023,TGCR,4.52,4.46,4.51,4.55,4.56,455,,,,,,,,,,,
02/14/2023,BGCR,4.52,4.46,4.51,4.55,4.59,466,,,,,,,,,,,
02/13/2023,TGCR,4.52,4.46,4.51,4.55,4.56,452,,,,,,,,,,,
02/13/2023,BGCR,4.52,4.46,4.51,4.55,4.59,467,,,,,,,,,,,
02/10/2023,TGCR,4.52,4.35,4.51,4.55,4.56,455,,,,,,,,,,,
02/10/2023,BGCR,4.52,4.35,4.51,4.55,4.59,468,,,,,,,,,,,
02/09/2023,TGCR,4.52,4.46,4.51,4.55,4.57,466,,,,,,,,,,,
02/09/2023,BGCR,4.52,4.47,4.51,4.55,4.6,481,,,,,,,,,,,
02/08/2023,TGCR,4.52,4.46,4.51,4.55,4.56,466,,,,,,,,,,,
02/08/2023,BGCR,4.52,4.46,4.51,4.55,4.59,480,,,,,,,,,,,
02/07/2023,TGCR,4.52,4.46,4.51,4.55,4.56,461,,,,,,,,,,,
02/07/2023,BGCR,4.52,4.46,4.51,4.55,4.59,474,,,,,,,,,,,
02/06/2023,TGCR,4.52,4.4,4.51,4.55,4.56,460,,,,,,,,,,,
02/06/2023,BGCR,4.52,4.4,4.51,4.55,4.59,473,,,,,,,,,,,
02/03/2023,TGCR,4.52,4.46,4.51,4.55,4.57,459,,,,,,,,,,,
02/03/2023,BGCR,4.52,4.46,4.51,4.55,4.59,470,,,,,,,,,,,
02/02/2023,TGCR,4.52,4.32,4.51,4.55,4.56,468,,,,,,,,,,,
02/02/2023,BGCR,4.52,4.32,4.51,4.55,4.6,489,,,,,,,,,,,
02/01/2023,TGCR,4.27,4.22,4.26,4.3,4.32,472,,,,,,,,,,,
02/01/2023,BGCR,4.27,4.22,4.26,4.3,4.34,487,,,,,,,,,,,
01/31/2023,TGCR,4.28,2.75,4.27,4.3,4.31,468,,,,,,,,,,,
01/31/2023,BGCR,4.28,3.75,4.27,4.3,4.35,482,,,,,,,,,,,
01/30/2023,TGCR,4.27,4.14,4.26,4.3,4.31,452,,,,,,,,,,,
01/30/2023,BGCR,4.27,4.15,4.26,4.3,4.33,473,,,,,,,,,,,
01/27/2023,TGCR,4.27,4.21,4.26,4.3,4.31,454,,,,,,,,,,,
01/27/2023,BGCR,4.27,4.21,4.26,4.3,4.32,472,,,,,,,,,,,
01/26/2023,TGCR,4.27,4.22,4.26,4.3,4.32,455,,,,,,,,,,,
01/26/2023,BGCR,4.27,4.22,4.26,4.3,4.32,473,,,,,,,,,,,
01/25/2023,TGCR,4.27,4.22,4.26,4.3,4.31,445,,,,,,,,,,,
01/25/2023,BGCR,4.27,4.22,4.26,4.3,4.33,467,,,,,,,,,,,
01/24/2023,TGCR,4.27,4.22,4.26,4.3,4.31,441,,,,,,,,,,,
01/24/2023,BGCR,4.27,4.22,4.26,4.3,4.33,464,,,,,,,,,,,
01/23/2023,TGCR,4.26,4.2,4.25,4.3,4.31,425,,,,,,,,,,,
01/23/2023,BGCR,4.26,4.2,4.25,4.3,4.31,448,,,,,,,,,,,
01/20/2023,TGCR,4.26,4.2,4.26,4.3,4.32,435,,,,,,,,,,,
01/20/2023,BGCR,4.26,4.2,4.26,4.3,4.32,462,,,,,,,,,,,
01/19/2023,TGCR,4.27,4.22,4.26,4.3,4.33,433,,,,,,,,,,,
01/19/2023,BGCR,4.27,4.22,4.27,4.3,4.37,453,,,,,,,,,,,
01/18/2023,TGCR,4.27,4.12,4.26,4.3,4.45,429,,,,,,,,,,,
01/18/2023,BGCR,4.27,4.2,4.26,4.3,4.45,449,,,,,,,,,,,
01/17/2023,TGCR,4.28,4.13,4.27,4.3,4.45,429,,,,,,,,,,,
01/17/2023,BGCR,4.28,4.13,4.27,4.3,4.45,449,,,,,,,,,,,
01/13/2023,TGCR,4.27,4.22,4.26,4.3,4.45,418,,,,,,,,,,,
01/13/2023,BGCR,4.27,4.22,4.26,4.3,4.45,445,,,,,,,,,,,
01/12/2023,TGCR,4.27,4.21,4.26,4.3,4.45,414,,,,,,,,,,,
01/12/2023,BGCR,4.27,4.21,4.26,4.3,4.45,447,,,,,,,,,,,
01/11/2023,TGCR,4.27,4.21,4.26,4.3,4.45,413,,,,,,,,,,,
01/11/2023,BGCR,4.27,4.21,4.26,4.3,4.45,448,,,,,,,,,,,
01/10/2023,TGCR,4.27,4.21,4.26,4.3,4.45,407,,,,,,,,,,,
01/10/2023,BGCR,4.27,4.21,4.26,4.3,4.45,437,,,,,,,,,,,
01/09/2023,TGCR,4.27,4.22,4.26,4.3,4.45,401,,,,,,,,,,,
01/09/2023,BGCR,4.27,4.22,4.26,4.3,4.45,437,,,,,,,,,,,
01/06/2023,TGCR,4.27,4.2,4.27,4.3,4.45,391,,,,,,,,,,,
01/06/2023,BGCR,4.27,4.2,4.27,4.3,4.45,424,,,,,,,,,,,
01/05/2023,TGCR,4.27,4.22,4.27,4.3,4.45,392,,,,,,,,,,,
01/05/2023,BGCR,4.27,4.22,4.27,4.3,4.45,432,,,,,,,,,,,
01/04/2023,TGCR,4.27,4.13,4.26,4.3,4.45,382,,,,,,,,,,,
01/04/2023,BGCR,4.27,4.2,4.26,4.3,4.45,416,,,,,,,,,,,
01/03/2023,TGCR,4.26,3.45,4.26,4.3,4.45,374,,,,,,,,,,,
01/03/2023,BGCR,4.27,4.13,4.26,4.3,4.45,430,,,,,,,,,,,
12/30/2022,TGCR,4.26,4.05,4.25,4.3,4.45,335,,,,,,,,,,,
12/30/2022,BGCR,4.26,4.05,4.25,4.3,4.45,354,,,,,,,,,,,
12/29/2022,TGCR,4.26,2.5,4.25,4.3,4.45,366,,,,,,,,,,,
12/29/2022,BGCR,4.26,2.5,4.25,4.3,4.45,380,,,,,,,,,,,
12/28/2022,TGCR,4.26,4.1,4.25,4.3,4.45,362,,,,,,,,,,,
12/28/2022,BGCR,4.26,4.13,4.25,4.3,4.45,379,,,,,,,,,,,
12/27/2022,TGCR,4.26,2.5,4.25,4.3,4.45,361,,,,,,,,,,,
12/27/2022,BGCR,4.27,2.5,4.25,4.3,4.45,389,,,,,,,,,,,
12/23/2022,TGCR,4.26,4.2,4.25,4.3,4.45,352,,,,,,,,,,,
12/23/2022,BGCR,4.26,4.2,4.25,4.3,4.45,364,,,,,,,,,,,
12/22/2022,TGCR,4.26,2.75,4.25,4.3,4.45,376,,,,,,,,,,,
12/22/2022,BGCR,4.26,2.75,4.25,4.3,4.45,391,,,,,,,,,,,
12/21/2022,TGCR,4.26,4.2,4.25,4.3,4.45,376,,,,,,,,,,,
12/21/2022,BGCR,4.26,4.2,4.25,4.3,4.45,388,,,,,,,,,,,
12/20/2022,TGCR,4.26,2.5,4.25,4.3,4.45,385,,,,,,,,,,,
12/20/2022,BGCR,4.26,2.5,4.25,4.3,4.45,398,,,,,,,,,,,
12/19/2022,TGCR,4.27,4.2,4.26,4.3,4.45,393,,,,,,,,,,,
12/19/2022,BGCR,4.27,4.2,4.26,4.3,4.45,414,,,,,,,,,,,
12/16/2022,TGCR,4.28,4.22,4.27,4.3,4.45,391,,,,,,,,,,,
12/16/2022,BGCR,4.28,4.22,4.27,4.3,4.45,414,,,,,,,,,,,
12/15/2022,TGCR,4.27,3.81,4.25,4.3,4.45,400,,,,,,,,,,,
12/15/2022,BGCR,4.27,3.81,4.25,4.3,4.45,417,,,,,,,,,,,
12/14/2022,TGCR,3.76,3.7,3.75,3.8,3.95,397,,,,,,,,,,,
12/14/2022,BGCR,3.76,3.7,3.75,3.8,3.95,411,,,,,,,,,,,
12/13/2022,TGCR,3.76,3.68,3.75,3.8,3.95,391,,,,,,,,,,,
12/13/2022,BGCR,3.76,3.68,3.75,3.8,3.95,412,,,,,,,,,,,
12/12/2022,TGCR,3.76,3.71,3.75,3.8,3.95,392,,,,,,,,,,,
12/12/2022,BGCR,3.76,3.71,3.75,3.8,3.95,409,,,,,,,,,,,
12/09/2022,TGCR,3.76,3.65,3.75,3.8,3.95,398,,,,,,,,,,,
12/09/2022,BGCR,3.76,3.68,3.75,3.8,3.95,418,,,,,,,,,,,
12/08/2022,TGCR,3.76,3.7,3.75,3.8,3.95,392,,,,,,,,,,,
12/08/2022,BGCR,3.76,3.7,3.75,3.8,3.95,418,,,,,,,,,,,
12/07/2022,TGCR,3.76,3.7,3.75,3.8,3.95,394,,,,,,,,,,,
12/07/2022,BGCR,3.76,3.7,3.75,3.8,3.95,411,,,,,,,,,,,
12/06/2022,TGCR,3.77,3.7,3.76,3.8,3.95,399,,,,,,,,,,,
12/06/2022,BGCR,3.77,3.7,3.76,3.8,3.95,417,,,,,,,,,,,
12/05/2022,TGCR,3.78,3.7,3.77,3.8,3.95,400,,,,,,,,,,,
12/05/2022,BGCR,3.78,3.7,3.77,3.8,3.95,415,,,,,,,,,,,
12/02/2022,TGCR,3.78,3.7,3.77,3.8,3.95,416,,,,,,,,,,,
12/02/2022,BGCR,3.78,3.7,3.77,3.8,3.95,431,,,,,,,,,,,
12/01/2022,TGCR,3.78,3.72,3.77,3.8,3.95,417,,,,,,,,,,,
12/01/2022,BGCR,3.78,3.72,3.77,3.8,3.95,442,,,,,,,,,,,
11/30/2022,TGCR,3.79,3.68,3.77,3.8,3.95,395,,,,,,,,,,,
11/30/2022,BGCR,3.79,3.65,3.77,3.8,3.95,414,,,,,,,,,,,
11/29/2022,TGCR,3.77,3.7,3.76,3.8,3.95,398,,,,,,,,,,,
11/29/2022,BGCR,3.77,3.7,3.76,3.8,3.95,409,,,,,,,,,,,
11/28/2022,TGCR,3.77,3.69,3.75,3.8,3.95,393,,,,,,,,,,,
11/28/2022,BGCR,3.77,3.7,3.75,3.8,3.95,411,,,,,,,,,,,
11/25/2022,TGCR,3.76,3.7,3.75,3.8,3.95,388,,,,,,,,,,,
11/25/2022,BGCR,3.76,3.7,3.75,3.8,3.95,398,,,,,,,,,,,
11/23/2022,TGCR,3.76,3.67,3.75,3.8,3.95,375,,,,,,,,,,,
11/23/2022,BGCR,3.76,3.67,3.75,3.8,3.95,381,,,,,,,,,,,
11/22/2022,TGCR,3.76,3.7,3.75,3.8,3.95,393,,,,,,,,,,,
11/22/2022,BGCR,3.76,3.7,3.75,3.8,3.95,412,,,,,,,,,,,
11/21/2022,TGCR,3.76,3.68,3.75,3.8,3.95,395,,,,,,,,,,,
11/21/2022,BGCR,3.76,3.68,3.75,3.8,3.95,404,,,,,,,,,,,
11/18/2022,TGCR,3.76,3.7,3.75,3.8,3.95,400,,,,,,,,,,,
11/18/2022,BGCR,3.76,3.7,3.76,3.8,3.95,411,,,,,,,,,,,
11/17/2022,TGCR,3.77,3.7,3.76,3.8,3.95,401,,,,,,,,,,,
11/17/2022,BGCR,3.77,3.7,3.76,3.8,3.95,419,,,,,,,,,,,
11/16/2022,TGCR,3.77,3.7,3.76,3.8,3.95,408,,,,,,,,,,,
11/16/2022,BGCR,3.77,3.7,3.76,3.8,3.95,423,,,,,,,,,,,
11/15/2022,TGCR,3.77,3.65,3.75,3.8,3.95,407,,,,,,,,,,,
11/15/2022,BGCR,3.77,3.65,3.75,3.8,3.95,441,,,,,,,,,,,
11/14/2022,TGCR,3.75,3.7,3.74,3.79,3.95,405,,,,,,,,,,,
11/14/2022,BGCR,3.75,3.7,3.75,3.8,3.95,429,,,,,,,,,,,
11/10/2022,TGCR,3.75,3.69,3.74,3.77,3.95,395,,,,,,,,,,,
11/10/2022,BGCR,3.75,3.69,3.74,3.79,3.95,411,,,,,,,,,,,
11/09/2022,TGCR,3.75,3.68,3.74,3.76,3.95,390,,,,,,,,,,,
11/09/2022,BGCR,3.75,3.69,3.74,3.78,3.95,405,,,,,,,,,,,
11/08/2022,TGCR,3.75,3.68,3.74,3.76,3.95,388,,,,,,,,,,,
11/08/2022,BGCR,3.75,3.68,3.74,3.78,3.95,401,,,,,,,,,,,
11/07/2022,TGCR,3.75,3.68,3.75,3.77,3.95,393,,,,,,,,,,,
11/07/2022,BGCR,3.75,3.68,3.75,3.78,3.95,405,,,,,,,,,,,
11/04/2022,TGCR,3.75,3.7,3.75,3.78,3.95,397,,,,,,,,,,,
11/04/2022,BGCR,3.76,3.7,3.75,3.8,3.95,409,,,,,,,,,,,
11/03/2022,TGCR,3.75,3.06,3.75,3.78,3.95,393,,,,,,,,,,,
11/03/2022,BGCR,3.76,3.06,3.75,3.8,3.95,418,,,,,,,,,,,
11/02/2022,TGCR,3,2.9,3,3.05,3.2,391,,,,,,,,,,,
11/02/2022,BGCR,3,2.9,3,3.05,3.2,405,,,,,,,,,,,
11/01/2022,TGCR,3,2.93,3,3.05,3.2,395,,,,,,,,,,,
11/01/2022,BGCR,3.01,2.93,3,3.05,3.2,420,,,,,,,,,,,
10/31/2022,TGCR,3,2.9,3,3.05,3.2,386,,,,,,,,,,,
10/31/2022,BGCR,3,2.9,3,3.05,3.2,414,,,,,,,,,,,
10/28/2022,TGCR,3,2.93,2.99,3.04,3.2,384,,,,,,,,,,,
10/28/2022,BGCR,3,2.93,2.99,3.05,3.2,397,,,,,,,,,,,
10/27/2022,TGCR,3,2.92,2.98,3.04,3.2,387,,,,,,,,,,,
10/27/2022,BGCR,3,2.92,2.99,3.05,3.2,406,,,,,,,,,,,
10/26/2022,TGCR,3,2.91,2.98,3.01,3.2,381,,,,,,,,,,,
10/26/2022,BGCR,3,2.92,2.98,3.04,3.2,402,,,,,,,,,,,
10/25/2022,TGCR,3,2.91,2.98,3.02,3.2,379,,,,,,,,,,,
10/25/2022,BGCR,3,2.91,2.98,3.04,3.2,395,,,,,,,,,,,
10/24/2022,TGCR,3,2.91,2.98,3.01,3.2,376,,,,,,,,,,,
10/24/2022,BGCR,3,2.91,2.98,3.03,3.2,388,,,,,,,,,,,
10/21/2022,TGCR,3,2.92,2.98,3.01,3.2,372,,,,,,,,,,,
10/21/2022,BGCR,3,2.92,2.98,3.03,3.2,387,,,,,,,,,,,
10/20/2022,TGCR,3,1.5,2.99,3.03,3.2,380,,,,,,,,,,,
10/20/2022,BGCR,3,1.5,2.99,3.04,3.2,393,,,,,,,,,,,
10/19/2022,TGCR,3,2.93,2.99,3.03,3.2,375,,,,,,,,,,,
10/19/2022,BGCR,3,2.93,2.99,3.05,3.2,385,,,,,,,,,,,
10/18/2022,TGCR,3,2.93,3,3.05,3.2,375,,,,,,,,,,,
10/18/2022,BGCR,3,2.93,3,3.05,3.2,388,,,,,,,,,,,
10/17/2022,TGCR,3,2.85,3,3.05,3.2,373,,,,,,,,,,,
10/17/2022,BGCR,3,2.85,3,3.05,3.2,389,,,,,,,,,,,
10/14/2022,TGCR,3,2.93,3,3.05,3.2,370,,,,,,,,,,,
10/14/2022,BGCR,3,2.93,3,3.05,3.2,387,,,,,,,,,,,
10/13/2022,TGCR,3,2.9,3,3.05,3.2,378,,,,,,,,,,,
10/13/2022,BGCR,3,2.9,3,3.05,3.2,398,,,,,,,,,,,
10/12/2022,TGCR,3,2.92,3,3.03,3.2,371,,,,,,,,,,,
10/12/2022,BGCR,3,2.92,3,3.05,3.2,390,,,,,,,,,,,
10/11/2022,TGCR,3,2.93,3,3.05,3.2,377,,,,,,,,,,,
10/11/2022,BGCR,3,2.93,3,3.05,3.2,407,,,,,,,,,,,
10/07/2022,TGCR,3,2.93,3,3.05,3.2,371,,,,,,,,,,,
10/07/2022,BGCR,3,2.93,3,3.05,3.2,394,,,,,,,,,,,
10/06/2022,TGCR,3,2.93,2.99,3.05,3.2,375,,,,,,,,,,,
10/06/2022,BGCR,3,2.93,3,3.05,3.2,399,,,,,,,,,,,
10/05/2022,TGCR,3,2.93,2.99,3.05,3.2,366,,,,,,,,,,,
10/05/2022,BGCR,3,2.93,2.99,3.05,3.2,397,,,,,,,,,,,
10/04/2022,TGCR,3,2.93,2.98,3.03,3.2,358,,,,,,,,,,,
10/04/2022,BGCR,3,2.93,2.99,3.05,3.2,392,,,,,,,,,,,
10/03/2022,TGCR,2.98,2.9,2.96,3.05,3.2,340,,,,,,,,,,,
10/03/2022,BGCR,2.99,2.9,2.96,3.05,3.2,378,,,,,,,,,,,
09/30/2022,TGCR,2.97,1.5,2.95,3,3.2,314,,,,,,,,,,,
09/30/2022,BGCR,2.97,1.5,2.95,3,3.2,332,,,,,,,,,,,
09/29/2022,TGCR,2.97,2.85,2.94,3,3.2,332,,,,,,,,,,,
09/29/2022,BGCR,2.97,2.85,2.95,3,3.2,350,,,,,,,,,,,
09/28/2022,TGCR,2.98,2.75,2.96,3,3.2,338,,,,,,,,,,,
09/28/2022,BGCR,2.98,2.75,2.96,3,3.2,359,,,,,,,,,,,
09/27/2022,TGCR,2.98,1.5,2.97,3,3.2,352,,,,,,,,,,,
09/27/2022,BGCR,2.98,1.5,2.97,3,3.2,376,,,,,,,,,,,
09/26/2022,TGCR,2.98,1.5,2.97,3,3.2,361,,,,,,,,,,,
09/26/2022,BGCR,2.99,1.5,2.97,3,3.2,384,,,,,,,,,,,
09/23/2022,TGCR,2.98,2.85,2.97,3,3.2,358,,,,,,,,,,,
09/23/2022,BGCR,2.99,2.8,2.97,3,3.2,382,,,,,,,,,,,
09/22/2022,TGCR,2.99,1.5,2.97,3,3.2,369,,,,,,,,,,,
09/22/2022,BGCR,2.99,1.5,2.97,3,3.2,387,,,,,,,,,,,
09/21/2022,TGCR,2.25,2,2.23,2.27,2.45,374,,,,,,,,,,,
09/21/2022,BGCR,2.25,2,2.23,2.26,2.45,393,,,,,,,,,,,
09/20/2022,TGCR,2.25,1,2.24,2.27,2.45,374,,,,,,,,,,,
09/20/2022,BGCR,2.25,1,2.24,2.27,2.45,390,,,,,,,,,,,
09/19/2022,TGCR,2.26,1,2.25,2.28,2.45,373,,,,,,,,,,,
09/19/2022,BGCR,2.26,1,2.25,2.28,2.45,384,,,,,,,,,,,
09/16/2022,TGCR,2.26,1.9,2.25,2.29,2.45,376,,,,,,,,,,,
09/16/2022,BGCR,2.26,1.9,2.25,2.29,2.45,392,,,,,,,,,,,
09/15/2022,TGCR,2.26,1,2.25,2.28,2.45,383,,,,,,,,,,,
09/15/2022,BGCR,2.26,1,2.25,2.3,2.45,407,,,,,,,,,,,
09/14/2022,TGCR,2.26,2.18,2.25,2.29,2.45,375,,,,,,,,,,,
09/14/2022,BGCR,2.26,2.18,2.25,2.29,2.45,394,,,,,,,,,,,
09/13/2022,TGCR,2.26,1,2.25,2.3,2.45,388,,,,,,,,,,,
09/13/2022,BGCR,2.26,1,2.25,2.3,2.45,406,,,,,,,,,,,
09/12/2022,TGCR,2.26,2.15,2.25,2.29,2.45,380,,,,,,,,,,,
09/12/2022,BGCR,2.26,2.16,2.25,2.3,2.45,397,,,,,,,,,,,
09/09/2022,TGCR,2.26,2.18,2.25,2.29,2.45,386,,,,,,,,,,,
09/09/2022,BGCR,2.26,2.18,2.25,2.29,2.45,395,,,,,,,,,,,
09/08/2022,TGCR,2.26,2.15,2.25,2.29,2.45,382,,,,,,,,,,,
09/08/2022,BGCR,2.26,2.15,2.25,2.29,2.45,395,,,,,,,,,,,
09/07/2022,TGCR,2.26,2.15,2.25,2.3,2.45,375,,,,,,,,,,,
09/07/2022,BGCR,2.26,2.15,2.25,2.3,2.45,387,,,,,,,,,,,
09/06/2022,TGCR,2.26,1.68,2.25,2.3,2.45,390,,,,,,,,,,,
09/06/2022,BGCR,2.26,1.88,2.25,2.3,2.45,399,,,,,,,,,,,
09/02/2022,TGCR,2.26,2.18,2.25,2.3,2.45,378,,,,,,,,,,,
09/02/2022,BGCR,2.26,2.18,2.25,2.3,2.45,392,,,,,,,,,,,
09/01/2022,TGCR,2.26,2.18,2.25,2.3,2.45,384,,,,,,,,,,,
09/01/2022,BGCR,2.26,2.18,2.25,2.3,2.45,398,,,,,,,,,,,
08/31/2022,TGCR,2.26,1,2.25,2.3,2.45,381,,,,,,,,,,,
08/31/2022,BGCR,2.26,1,2.25,2.3,2.45,404,,,,,,,,,,,
08/30/2022,TGCR,2.26,2.18,2.25,2.29,2.45,377,,,,,,,,,,,
08/30/2022,BGCR,2.26,2.18,2.25,2.3,2.45,387,,,,,,,,,,,
08/29/2022,TGCR,2.26,2.18,2.25,2.29,2.45,383,,,,,,,,,,,
08/29/2022,BGCR,2.26,2.18,2.25,2.3,2.45,393,,,,,,,,,,,
08/26/2022,TGCR,2.26,2.1,2.25,2.3,2.45,385,,,,,,,,,,,
08/26/2022,BGCR,2.26,2.1,2.25,2.3,2.45,391,,,,,,,,,,,
08/25/2022,TGCR,2.26,2.18,2.25,2.28,2.45,385,,,,,,,,,,,
08/25/2022,BGCR,2.26,2.18,2.25,2.3,2.45,396,,,,,,,,,,,
08/24/2022,TGCR,2.26,2.14,2.25,2.28,2.45,375,,,,,,,,,,,
08/24/2022,BGCR,2.26,2.15,2.25,2.29,2.45,388,,,,,,,,,,,
08/23/2022,TGCR,2.26,2.15,2.25,2.29,2.45,383,,,,,,,,,,,
08/23/2022,BGCR,2.26,2.15,2.25,2.29,2.45,390,,,,,,,,,,,
08/22/2022,TGCR,2.26,0.5,2.25,2.29,2.45,384,,,,,,,,,,,
08/22/2022,BGCR,2.26,0.75,2.25,2.29,2.45,393,,,,,,,,,,,
08/19/2022,TGCR,2.26,2.15,2.25,2.29,2.45,383,,,,,,,,,,,
08/19/2022,BGCR,2.26,2.16,2.25,2.29,2.45,393,,,,,,,,,,,
08/18/2022,TGCR,2.26,1.25,2.25,2.3,2.45,385,,,,,,,,,,,
08/18/2022,BGCR,2.26,1.25,2.25,2.3,2.45,398,,,,,,,,,,,
08/17/2022,TGCR,2.26,2.15,2.25,2.3,2.45,388,,,,,,,,,,,
08/17/2022,BGCR,2.26,2.16,2.25,2.3,2.45,400,,,,,,,,,,,
08/16/2022,TGCR,2.26,2.18,2.25,2.3,2.45,387,,,,,,,,,,,
08/16/2022,BGCR,2.26,2.18,2.25,2.3,2.45,393,,,,,,,,,,,
08/15/2022,TGCR,2.26,2.16,2.25,2.29,2.45,388,,,,,,,,,,,
08/15/2022,BGCR,2.26,2.16,2.25,2.3,2.45,394,,,,,,,,,,,
08/12/2022,TGCR,2.26,2.16,2.25,2.29,2.45,380,,,,,,,,,,,
08/12/2022,BGCR,2.26,2.18,2.25,2.3,2.45,396,,,,,,,,,,,
08/11/2022,TGCR,2.26,2.15,2.25,2.3,2.45,380,,,,,,,,,,,
08/11/2022,BGCR,2.26,2.15,2.25,2.3,2.45,392,,,,,,,,,,,
08/10/2022,TGCR,2.26,2.18,2.25,2.3,2.45,377,,,,,,,,,,,
08/10/2022,BGCR,2.26,2.18,2.25,2.3,2.45,390,,,,,,,,,,,
08/09/2022,TGCR,2.26,2.18,2.25,2.3,2.45,377,,,,,,,,,,,
08/09/2022,BGCR,2.26,2.18,2.25,2.3,2.45,386,,,,,,,,,,,
08/08/2022,TGCR,2.26,2.18,2.25,2.29,2.45,380,,,,,,,,,,,
08/08/2022,BGCR,2.26,2.18,2.25,2.3,2.45,387,,,,,,,,,,,
08/05/2022,TGCR,2.26,2.15,2.25,2.3,2.45,380,,,,,,,,,,,
08/05/2022,BGCR,2.26,2.15,2.25,2.3,2.45,391,,,,,,,,,,,
08/04/2022,TGCR,2.27,2.18,2.25,2.3,2.45,384,,,,,,,,,,,
08/04/2022,BGCR,2.27,2.18,2.25,2.3,2.45,393,,,,,,,,,,,
08/03/2022,TGCR,2.27,0.75,2.26,2.3,2.45,373,,,,,,,,,,,
08/03/2022,BGCR,2.27,0.75,2.26,2.3,2.45,379,,,,,,,,,,,
08/02/2022,TGCR,2.26,2.18,2.25,2.3,2.45,381,,,,,,,,,,,
08/02/2022,BGCR,2.27,2.18,2.25,2.3,2.45,399,,,,,,,,,,,
08/01/2022,TGCR,2.25,0.75,2.24,2.28,2.45,378,,,,,,,,,,,
08/01/2022,BGCR,2.25,0.75,2.24,2.3,2.45,401,,,,,,,,,,,
07/29/2022,TGCR,2.25,2.18,2.24,2.28,2.45,365,,,,,,,,,,,
07/29/2022,BGCR,2.25,2.18,2.24,2.28,2.45,374,,,,,,,,,,,
07/28/2022,TGCR,2.25,1.54,2.24,2.28,2.45,372,,,,,,,,,,,
07/28/2022,BGCR,2.25,1.54,2.24,2.28,2.45,382,,,,,,,,,,,
07/27/2022,TGCR,1.51,1,1.49,1.54,1.7,368,,,,,,,,,,,
07/27/2022,BGCR,1.51,1,1.5,1.54,1.7,385,,,,,,,,,,,
07/26/2022,TGCR,1.5,1.42,1.49,1.53,1.7,369,,,,,,,,,,,
07/26/2022,BGCR,1.51,1.42,1.49,1.54,1.7,376,,,,,,,,,,,
07/25/2022,TGCR,1.5,1.13,1.49,1.53,1.7,367,,,,,,,,,,,
07/25/2022,BGCR,1.51,1.23,1.49,1.53,1.7,379,,,,,,,,,,,
07/22/2022,TGCR,1.5,1.43,1.49,1.54,1.7,364,,,,,,,,,,,
07/22/2022,BGCR,1.5,1.43,1.49,1.54,1.7,371,,,,,,,,,,,
07/21/2022,TGCR,1.5,0.75,1.5,1.53,1.7,371,,,,,,,,,,,
07/21/2022,BGCR,1.51,0.75,1.5,1.54,1.7,377,,,,,,,,,,,
07/20/2022,TGCR,1.51,1,1.5,1.55,1.7,361,,,,,,,,,,,
07/20/2022,BGCR,1.51,1,1.5,1.55,1.7,369,,,,,,,,,,,
07/19/2022,TGCR,1.51,1.43,1.5,1.55,1.7,360,,,,,,,,,,,
07/19/2022,BGCR,1.51,1.43,1.5,1.55,1.7,372,,,,,,,,,,,
07/18/2022,TGCR,1.51,1.43,1.5,1.55,1.7,358,,,,,,,,,,,
07/18/2022,BGCR,1.51,1.43,1.5,1.55,1.7,367,,,,,,,,,,,
07/15/2022,TGCR,1.51,1.43,1.49,1.54,1.7,359,,,,,,,,,,,
07/15/2022,BGCR,1.51,1.43,1.49,1.55,1.7,368,,,,,,,,,,,
07/14/2022,TGCR,1.51,1.43,1.49,1.54,1.7,362,,,,,,,,,,,
07/14/2022,BGCR,1.51,1.43,1.49,1.55,1.7,369,,,,,,,,,,,
07/13/2022,TGCR,1.51,1.25,1.49,1.55,1.7,358,,,,,,,,,,,
07/13/2022,BGCR,1.51,1.3,1.49,1.55,1.7,367,,,,,,,,,,,
07/12/2022,TGCR,1.51,1.43,1.49,1.54,1.7,359,,,,,,,,,,,
07/12/2022,BGCR,1.51,1.43,1.5,1.54,1.7,364,,,,,,,,,,,
07/11/2022,TGCR,1.51,1.37,1.49,1.54,1.7,353,,,,,,,,,,,
07/11/2022,BGCR,1.51,1.37,1.49,1.55,1.7,359,,,,,,,,,,,
07/08/2022,TGCR,1.51,1.42,1.5,1.55,1.7,345,,,,,,,,,,,
07/08/2022,BGCR,1.51,1,1.5,1.55,1.7,368,,,,,,,,,,,
07/07/2022,TGCR,1.51,1.43,1.49,1.55,1.7,355,,,,,,,,,,,
07/07/2022,BGCR,1.51,1.43,1.49,1.55,1.7,361,,,,,,,,,,,
07/06/2022,TGCR,1.51,1.43,1.5,1.55,1.7,349,,,,,,,,,,,
07/06/2022,BGCR,1.51,1.43,1.5,1.55,1.7,359,,,,,,,,,,,
07/05/2022,TGCR,1.5,0.75,1.49,1.54,1.7,349,,,,,,,,,,,
07/05/2022,BGCR,1.51,0.75,1.49,1.55,1.7,362,,,,,,,,,,,
07/01/2022,TGCR,1.5,1,1.48,1.53,1.7,338,,,,,,,,,,,
07/01/2022,BGCR,1.5,1,1.48,1.54,1.7,357,,,,,,,,,,,
06/30/2022,TGCR,1.48,0.1,1.46,1.52,1.7,330,,,,,,,,,,,
06/30/2022,BGCR,1.48,0.1,1.46,1.52,1.7,347,,,,,,,,,,,
06/29/2022,TGCR,1.51,1.3,1.49,1.54,1.7,332,,,,,,,,,,,
06/29/2022,BGCR,1.51,1.3,1.49,1.54,1.7,352,,,,,,,,,,,
06/28/2022,TGCR,1.51,1,1.5,1.55,1.7,338,,,,,,,,,,,
06/28/2022,BGCR,1.51,1,1.5,1.55,1.7,352,,,,,,,,,,,
06/27/2022,TGCR,1.49,0.75,1.47,1.54,1.7,345,,,,,,,,,,,
06/27/2022,BGCR,1.49,1,1.48,1.55,1.7,367,,,,,,,,,,,
06/24/2022,TGCR,1.46,1.35,1.43,1.55,1.7,352,,,,,,,,,,,
06/24/2022,BGCR,1.46,1.35,1.43,1.55,1.7,367,,,,,,,,,,,
06/23/2022,TGCR,1.45,1,1.43,1.55,1.7,358,,,,,,,,,,,
06/23/2022,BGCR,1.46,1,1.43,1.55,1.7,368,,,,,,,,,,,
06/22/2022,TGCR,1.46,0.75,1.43,1.55,1.7,359,,,,,,,,,,,
06/22/2022,BGCR,1.46,0.75,1.43,1.55,1.7,378,,,,,,,,,,,
06/21/2022,TGCR,1.46,0.75,1.43,1.55,1.7,362,,,,,,,,,,,
06/21/2022,BGCR,1.46,0.75,1.43,1.55,1.7,372,,,,,,,,,,,
06/17/2022,TGCR,1.46,1.3,1.44,1.55,1.7,352,,,,,,,,,,,
06/17/2022,BGCR,1.46,1.3,1.44,1.55,1.7,365,,,,,,,,,,,
06/16/2022,TGCR,1.46,0.71,1.44,1.55,1.7,353,,,,,,,,,,,
06/16/2022,BGCR,1.46,0.71,1.44,1.54,1.7,369,,,,,,,,,,,
06/15/2022,TGCR,0.73,0.5,0.68,0.8,0.95,347,,,,,,,,,,,
06/15/2022,BGCR,0.72,0.57,0.68,0.8,0.95,364,,,,,,,,,,,
06/14/2022,TGCR,0.73,0.15,0.69,0.8,0.95,350,,,,,,,,,,,
06/14/2022,BGCR,0.72,0.15,0.68,0.8,0.95,373,,,,,,,,,,,
06/13/2022,TGCR,0.76,0.5,0.73,0.8,0.95,352,,,,,,,,,,,
06/13/2022,BGCR,0.75,0.5,0.73,0.8,0.95,381,,,,,,,,,,,
06/10/2022,TGCR,0.77,0.25,0.75,0.8,0.95,358,,,,,,,,,,,
06/10/2022,BGCR,0.76,0.25,0.75,0.8,0.95,382,,,,,,,,,,,
06/09/2022,TGCR,0.77,0.3,0.75,0.8,0.95,360,,,,,,,,,,,
06/09/2022,BGCR,0.77,0.3,0.75,0.8,0.95,383,,,,,,,,,,,
06/08/2022,TGCR,0.78,0.6,0.75,0.8,0.95,354,,,,,,,,,,,
06/08/2022,BGCR,0.78,0.6,0.75,0.8,0.95,372,,,,,,,,,,,
06/07/2022,TGCR,0.79,0.6,0.76,0.8,0.95,349,,,,,,,,,,,
06/07/2022,BGCR,0.78,0.6,0.76,0.8,0.95,365,,,,,,,,,,,
06/06/2022,TGCR,0.78,0.65,0.77,0.8,0.95,348,,,,,,,,,,,
06/06/2022,BGCR,0.78,0.65,0.77,0.8,0.95,360,,,,,,,,,,,
06/03/2022,TGCR,0.79,0.7,0.77,0.8,0.95,354,,,,,,,,,,,
06/03/2022,BGCR,0.79,0.7,0.77,0.8,0.95,365,,,,,,,,,,,
06/02/2022,TGCR,0.79,0.5,0.77,0.8,0.95,355,,,,,,,,,,,
06/02/2022,BGCR,0.79,0.51,0.77,0.8,0.95,368,,,,,,,,,,,
06/01/2022,TGCR,0.8,0.65,0.77,0.8,0.95,355,,,,,,,,,,,
06/01/2022,BGCR,0.8,0.65,0.77,0.8,0.95,370,,,,,,,,,,,
05/31/2022,TGCR,0.79,0.3,0.77,0.8,0.95,351,,,,,,,,,,,
05/31/2022,BGCR,0.8,0.3,0.77,0.8,0.95,366,,,,,,,,,,,
05/27/2022,TGCR,0.79,0.65,0.77,0.8,0.95,344,,,,,,,,,,,
05/27/2022,BGCR,0.79,0.65,0.77,0.8,0.95,365,,,,,,,,,,,
05/26/2022,TGCR,0.79,0.3,0.77,0.8,0.95,351,,,,,,,,,,,
05/26/2022,BGCR,0.79,0.3,0.77,0.8,0.95,368,,,,,,,,,,,
05/25/2022,TGCR,0.79,0.65,0.77,0.8,0.95,346,,,,,,,,,,,
05/25/2022,BGCR,0.79,0.65,0.77,0.8,0.95,362,,,,,,,,,,,
05/24/2022,TGCR,0.79,0.7,0.77,0.8,0.95,350,,,,,,,,,,,
05/24/2022,BGCR,0.79,0.7,0.77,0.8,0.95,366,,,,,,,,,,,
05/23/2022,TGCR,0.79,0.4,0.77,0.8,0.95,346,,,,,,,,,,,
05/23/2022,BGCR,0.79,0.4,0.77,0.8,0.95,364,,,,,,,,,,,
05/20/2022,TGCR,0.79,0.4,0.77,0.8,0.95,346,,,,,,,,,,,
05/20/2022,BGCR,0.79,0.4,0.77,0.8,0.95,362,,,,,,,,,,,
05/19/2022,TGCR,0.8,0.4,0.77,0.8,0.95,344,,,,,,,,,,,
05/19/2022,BGCR,0.79,0.4,0.77,0.8,0.95,358,,,,,,,,,,,
05/18/2022,TGCR,0.8,0.71,0.77,0.8,0.95,341,,,,,,,,,,,
05/18/2022,BGCR,0.8,0.71,0.78,0.8,0.95,355,,,,,,,,,,,
05/17/2022,TGCR,0.8,0.4,0.78,0.8,0.95,352,,,,,,,,,,,
05/17/2022,BGCR,0.8,0.4,0.78,0.8,0.95,366,,,,,,,,,,,
05/16/2022,TGCR,0.8,0.4,0.78,0.8,0.95,356,,,,,,,,,,,
05/16/2022,BGCR,0.8,0.4,0.78,0.8,0.95,376,,,,,,,,,,,
05/13/2022,TGCR,0.8,0.55,0.77,0.8,0.95,341,,,,,,,,,,,
05/13/2022,BGCR,0.8,0.55,0.77,0.8,0.95,356,,,,,,,,,,,
05/12/2022,TGCR,0.8,0.4,0.77,0.8,0.95,345,,,,,,,,,,,
05/12/2022,BGCR,0.8,0.4,0.77,0.8,0.95,357,,,,,,,,,,,
05/11/2022,TGCR,0.8,0.6,0.77,0.8,0.95,344,,,,,,,,,,,
05/11/2022,BGCR,0.8,0.68,0.77,0.8,0.95,357,,,,,,,,,,,
05/10/2022,TGCR,0.8,0.71,0.77,0.8,0.95,338,,,,,,,,,,,
05/10/2022,BGCR,0.8,0.71,0.77,0.8,0.95,348,,,,,,,,,,,
05/09/2022,TGCR,0.8,0.65,0.77,0.8,0.95,343,,,,,,,,,,,
05/09/2022,BGCR,0.8,0.65,0.77,0.8,0.95,354,,,,,,,,,,,
05/06/2022,TGCR,0.8,0.72,0.77,0.8,0.95,339,,,,,,,,,,,
05/06/2022,BGCR,0.8,0.72,0.77,0.8,0.95,360,,,,,,,,,,,
05/05/2022,TGCR,0.8,0.45,0.78,0.8,0.95,336,,,,,,,,,,,
05/05/2022,BGCR,0.8,0.45,0.78,0.8,0.95,354,,,,,,,,,,,
05/04/2022,TGCR,0.3,0.15,0.28,0.3,0.45,344,,,,,,,,,,,
05/04/2022,BGCR,0.3,0.15,0.28,0.3,0.45,359,,,,,,,,,,,
05/03/2022,TGCR,0.3,0.05,0.28,0.3,0.45,343,,,,,,,,,,,
05/03/2022,BGCR,0.3,0.05,0.28,0.3,0.45,354,,,,,,,,,,,
05/02/2022,TGCR,0.3,0.1,0.28,0.3,0.45,345,,,,,,,,,,,
05/02/2022,BGCR,0.3,0.1,0.28,0.3,0.45,362,,,,,,,,,,,
04/29/2022,TGCR,0.3,0.01,0.27,0.3,0.45,333,,,,,,,,,,,
04/29/2022,BGCR,0.3,0.01,0.27,0.3,0.45,354,,,,,,,,,,,
04/28/2022,TGCR,0.3,0.01,0.27,0.3,0.45,327,,,,,,,,,,,
04/28/2022,BGCR,0.3,0.01,0.27,0.3,0.45,337,,,,,,,,,,,
04/27/2022,TGCR,0.3,0.1,0.27,0.3,0.45,330,,,,,,,,,,,
04/27/2022,BGCR,0.3,0.1,0.27,0.3,0.45,342,,,,,,,,,,,
04/26/2022,TGCR,0.3,0.2,0.27,0.3,0.45,326,,,,,,,,,,,
04/26/2022,BGCR,0.3,0.2,0.27,0.3,0.45,338,,,,,,,,,,,
04/25/2022,TGCR,0.3,0.01,0.27,0.3,0.45,327,,,,,,,,,,,
04/25/2022,BGCR,0.3,0.01,0.27,0.3,0.45,342,,,,,,,,,,,
04/22/2022,TGCR,0.3,0.05,0.27,0.3,0.45,322,,,,,,,,,,,
04/22/2022,BGCR,0.3,0.05,0.27,0.3,0.45,335,,,,,,,,,,,
04/21/2022,TGCR,0.3,0.05,0.27,0.3,0.45,328,,,,,,,,,,,
04/21/2022,BGCR,0.3,0.05,0.26,0.3,0.45,339,,,,,,,,,,,
04/20/2022,TGCR,0.3,0.1,0.27,0.3,0.45,330,,,,,,,,,,,
04/20/2022,BGCR,0.3,0.1,0.26,0.3,0.45,345,,,,,,,,,,,
04/19/2022,TGCR,0.3,0.05,0.28,0.3,0.45,327,,,,,,,,,,,
04/19/2022,BGCR,0.3,0.05,0.28,0.3,0.45,342,,,,,,,,,,,
04/18/2022,TGCR,0.3,0.05,0.28,0.3,0.45,338,,,,,,,,,,,
04/18/2022,BGCR,0.3,0.05,0.28,0.3,0.45,349,,,,,,,,,,,
04/14/2022,TGCR,0.3,0.22,0.28,0.3,0.45,328,,,,,,,,,,,
04/14/2022,BGCR,0.3,0.22,0.28,0.3,0.45,336,,,,,,,,,,,
04/13/2022,TGCR,0.3,0.23,0.28,0.3,0.45,330,,,,,,,,,,,
04/13/2022,BGCR,0.3,0.23,0.28,0.3,0.45,336,,,,,,,,,,,
04/12/2022,TGCR,0.3,0.2,0.28,0.3,0.45,327,,,,,,,,,,,
04/12/2022,BGCR,0.3,0.2,0.28,0.3,0.45,338,,,,,,,,,,,
04/11/2022,TGCR,0.3,0.1,0.29,0.3,0.45,327,,,,,,,,,,,
04/11/2022,BGCR,0.3,0.1,0.29,0.3,0.45,336,,,,,,,,,,,
04/08/2022,TGCR,0.3,0.24,0.29,0.3,0.45,328,,,,,,,,,,,
04/08/2022,BGCR,0.3,0.24,0.29,0.3,0.45,337,,,,,,,,,,,
04/07/2022,TGCR,0.3,0.15,0.29,0.3,0.45,327,,,,,,,,,,,
04/07/2022,BGCR,0.3,0.17,0.29,0.3,0.45,335,,,,,,,,,,,
04/06/2022,TGCR,0.3,0.2,0.29,0.3,0.45,322,,,,,,,,,,,
04/06/2022,BGCR,0.3,0.2,0.29,0.3,0.45,332,,,,,,,,,,,
04/05/2022,TGCR,0.3,0.1,0.29,0.3,0.45,323,,,,,,,,,,,
04/05/2022,BGCR,0.3,0.1,0.29,0.3,0.45,336,,,,,,,,,,,
04/04/2022,TGCR,0.3,0.1,0.29,0.3,0.45,319,,,,,,,,,,,
04/04/2022,BGCR,0.3,0.1,0.29,0.3,0.45,340,,,,,,,,,,,
04/01/2022,TGCR,0.3,0.22,0.29,0.3,0.45,321,,,,,,,,,,,
04/01/2022,BGCR,0.3,0.22,0.29,0.3,0.45,348,,,,,,,,,,,
03/31/2022,TGCR,0.3,0.2,0.29,0.3,0.45,288,,,,,,,,,,,
03/31/2022,BGCR,0.3,0.2,0.29,0.3,0.45,303,,,,,,,,,,,
03/30/2022,TGCR,0.3,0.15,0.29,0.3,0.45,310,,,,,,,,,,,
03/30/2022,BGCR,0.3,0.15,0.28,0.3,0.45,324,,,,,,,,,,,
03/29/2022,TGCR,0.3,0.1,0.3,0.3,0.45,320,,,,,,,,,,,
03/29/2022,BGCR,0.3,0.1,0.3,0.3,0.45,332,,,,,,,,,,,
03/28/2022,TGCR,0.3,0.1,0.3,0.3,0.45,328,,,,,,,,,,,
03/28/2022,BGCR,0.3,0.1,0.3,0.3,0.45,335,,,,,,,,,,,
03/25/2022,TGCR,0.3,0.16,0.3,0.3,0.45,328,,,,,,,,,,,
03/25/2022,BGCR,0.3,0.16,0.3,0.3,0.45,332,,,,,,,,,,,
03/24/2022,TGCR,0.3,0.1,0.3,0.3,0.45,339,,,,,,,,,,,
03/24/2022,BGCR,0.3,0.1,0.3,0.3,0.45,351,,,,,,,,,,,
03/23/2022,TGCR,0.3,0.1,0.3,0.3,0.45,344,,,,,,,,,,,
03/23/2022,BGCR,0.3,0.1,0.3,0.3,0.45,359,,,,,,,,,,,
03/22/2022,TGCR,0.3,0.22,0.3,0.3,0.45,353,,,,,,,,,,,
03/22/2022,BGCR,0.3,0.22,0.3,0.3,0.45,361,,,,,,,,,,,
03/21/2022,TGCR,0.3,0.1,0.3,0.3,0.45,371,,,,,,,,,,,
03/21/2022,BGCR,0.3,0.1,0.3,0.3,0.45,381,,,,,,,,,,,
03/18/2022,TGCR,0.3,0.23,0.3,0.3,0.45,371,,,,,,,,,,,
03/18/2022,BGCR,0.3,0.23,0.3,0.3,0.45,381,,,,,,,,,,,
03/17/2022,TGCR,0.3,0.1,0.3,0.3,0.45,365,,,,,,,,,,,
03/17/2022,BGCR,0.3,0.1,0.3,0.3,0.45,374,,,,,,,,,,,
03/16/2022,TGCR,0.05,0.01,0.05,0.05,0.15,364,,,,,,,,,,,
03/16/2022,BGCR,0.05,0.01,0.05,0.05,0.15,375,,,,,,,,,,,
03/15/2022,TGCR,0.05,0.01,0.05,0.05,0.15,360,,,,,,,,,,,
03/15/2022,BGCR,0.05,0.01,0.05,0.05,0.15,370,,,,,,,,,,,
03/14/2022,TGCR,0.05,0.01,0.05,0.05,0.15,353,,,,,,,,,,,
03/14/2022,BGCR,0.05,0,0.05,0.05,0.15,368,,,,,,,,,,,
03/11/2022,TGCR,0.05,0.01,0.05,0.05,0.15,357,,,,,,,,,,,
03/11/2022,BGCR,0.05,0.01,0.05,0.05,0.15,368,,,,,,,,,,,
03/10/2022,TGCR,0.05,0.01,0.05,0.05,0.15,355,,,,,,,,,,,
03/10/2022,BGCR,0.05,0.01,0.05,0.05,0.15,360,,,,,,,,,,,
03/09/2022,TGCR,0.05,0.01,0.05,0.05,0.15,357,,,,,,,,,,,
03/09/2022,BGCR,0.05,0.01,0.05,0.05,0.15,364,,,,,,,,,,,
03/08/2022,TGCR,0.05,0.01,0.05,0.05,0.15,358,,,,,,,,,,,
03/08/2022,BGCR,0.05,0.01,0.05,0.05,0.15,364,,,,,,,,,,,
03/07/2022,TGCR,0.05,0.01,0.05,0.05,0.15,355,,,,,,,,,,,
03/07/2022,BGCR,0.05,0.01,0.05,0.05,0.15,364,,,,,,,,,,,
03/04/2022,TGCR,0.05,0.01,0.05,0.05,0.15,355,,,,,,,,,,,
03/04/2022,BGCR,0.05,0.01,0.05,0.05,0.15,366,,,,,,,,,,,
03/03/2022,TGCR,0.05,0.01,0.05,0.05,0.15,354,,,,,,,,,,,
03/03/2022,BGCR,0.05,0.01,0.05,0.05,0.15,367,,,,,,,,,,,
03/02/2022,TGCR,0.05,0.01,0.05,0.05,0.15,355,,,,,,,,,,,
03/02/2022,BGCR,0.05,0.01,0.05,0.05,0.15,367,,,,,,,,,,,
03/01/2022,TGCR,0.05,0.01,0.05,0.05,0.15,361,,,,,,,,,,,
03/01/2022,BGCR,0.05,0.01,0.05,0.05,0.15,372,,,,,,,,,,,
02/28/2022,TGCR,0.05,0.01,0.05,0.05,0.15,351,,,,,,,,,,,
02/28/2022,BGCR,0.05,0.01,0.05,0.05,0.15,369,,,,,,,,,,,
02/25/2022,TGCR,0.05,0.01,0.05,0.05,0.15,347,,,,,,,,,,,
02/25/2022,BGCR,0.05,0.01,0.05,0.05,0.15,364,,,,,,,,,,,
02/24/2022,TGCR,0.05,0.01,0.05,0.05,0.15,332,,,,,,,,,,,
02/24/2022,BGCR,0.05,0.01,0.05,0.05,0.15,345,,,,,,,,,,,
02/23/2022,TGCR,0.05,0.01,0.05,0.05,0.15,326,,,,,,,,,,,
02/23/2022,BGCR,0.05,0.01,0.05,0.05,0.15,334,,,,,,,,,,,
02/22/2022,TGCR,0.05,0.01,0.05,0.05,0.15,332,,,,,,,,,,,
02/22/2022,BGCR,0.05,0.01,0.05,0.05,0.15,345,,,,,,,,,,,
02/18/2022,TGCR,0.05,0.01,0.05,0.05,0.15,335,,,,,,,,,,,
02/18/2022,BGCR,0.05,0.01,0.05,0.05,0.15,345,,,,,,,,,,,
02/17/2022,TGCR,0.05,0.01,0.05,0.05,0.15,340,,,,,,,,,,,
02/17/2022,BGCR,0.05,0.01,0.05,0.05,0.15,346,,,,,,,,,,,
02/16/2022,TGCR,0.05,0.01,0.05,0.05,0.15,335,,,,,,,,,,,
02/16/2022,BGCR,0.05,0.01,0.05,0.05,0.15,341,,,,,,,,,,,
02/15/2022,TGCR,0.05,0.01,0.05,0.05,0.15,332,,,,,,,,,,,
02/15/2022,BGCR,0.05,0.01,0.05,0.05,0.15,340,,,,,,,,,,,
02/14/2022,TGCR,0.05,0.01,0.05,0.05,0.15,325,,,,,,,,,,,
02/14/2022,BGCR,0.05,0.01,0.05,0.05,0.15,329,,,,,,,,,,,
02/11/2022,TGCR,0.05,0.01,0.05,0.05,0.15,329,,,,,,,,,,,
02/11/2022,BGCR,0.05,0.01,0.05,0.05,0.15,338,,,,,,,,,,,
02/10/2022,TGCR,0.05,0.01,0.05,0.05,0.15,337,,,,,,,,,,,
02/10/2022,BGCR,0.05,0.01,0.05,0.05,0.15,344,,,,,,,,,,,
02/09/2022,TGCR,0.05,0.01,0.05,0.05,0.15,343,,,,,,,,,,,
02/09/2022,BGCR,0.05,0.01,0.05,0.05,0.15,350,,,,,,,,,,,
02/08/2022,TGCR,0.05,0.01,0.05,0.05,0.15,335,,,,,,,,,,,
02/08/2022,BGCR,0.05,0,0.05,0.05,0.15,346,,,,,,,,,,,
02/07/2022,TGCR,0.05,0.01,0.05,0.05,0.15,335,,,,,,,,,,,
02/07/2022,BGCR,0.05,0,0.05,0.05,0.15,347,,,,,,,,,,,
02/04/2022,TGCR,0.05,0.01,0.05,0.05,0.15,334,,,,,,,,,,,
02/04/2022,BGCR,0.05,0.01,0.05,0.05,0.15,344,,,,,,,,,,,
02/03/2022,TGCR,0.05,0.01,0.05,0.05,0.15,332,,,,,,,,,,,
02/03/2022,BGCR,0.05,0.01,0.05,0.05,0.15,344,,,,,,,,,,,
02/02/2022,TGCR,0.05,0.01,0.05,0.05,0.15,328,,,,,,,,,,,
02/02/2022,BGCR,0.05,0.01,0.05,0.05,0.15,340,,,,,,,,,,,
02/01/2022,TGCR,0.05,0.01,0.05,0.05,0.15,336,,,,,,,,,,,
02/01/2022,BGCR,0.05,0.01,0.05,0.05,0.15,348,,,,,,,,,,,
01/31/2022,TGCR,0.05,0.01,0.05,0.05,0.15,343,,,,,,,,,,,
01/31/2022,BGCR,0.05,0.01,0.05,0.05,0.15,357,,,,,,,,,,,
01/28/2022,TGCR,0.05,0.01,0.05,0.05,0.15,332,,,,,,,,,,,
01/28/2022,BGCR,0.05,0.01,0.05,0.05,0.15,345,,,,,,,,,,,
01/27/2022,TGCR,0.05,0.01,0.05,0.05,0.15,333,,,,,,,,,,,
01/27/2022,BGCR,0.05,0.01,0.05,0.05,0.15,345,,,,,,,,,,,
01/26/2022,TGCR,0.05,0.01,0.05,0.05,0.15,333,,,,,,,,,,,
01/26/2022,BGCR,0.05,0.01,0.05,0.05,0.15,347,,,,,,,,,,,
01/25/2022,TGCR,0.05,0.01,0.05,0.05,0.15,336,,,,,,,,,,,
01/25/2022,BGCR,0.05,0.01,0.05,0.05,0.15,349,,,,,,,,,,,
01/24/2022,TGCR,0.05,0.01,0.05,0.05,0.15,322,,,,,,,,,,,
01/24/2022,BGCR,0.05,0.01,0.05,0.05,0.15,332,,,,,,,,,,,
01/21/2022,TGCR,0.05,0.01,0.05,0.05,0.15,328,,,,,,,,,,,
01/21/2022,BGCR,0.05,0.01,0.05,0.05,0.15,340,,,,,,,,,,,
01/20/2022,TGCR,0.05,0.01,0.05,0.05,0.15,337,,,,,,,,,,,
01/20/2022,BGCR,0.05,0.01,0.05,0.05,0.15,346,,,,,,,,,,,
01/19/2022,TGCR,0.05,0.01,0.05,0.05,0.15,339,,,,,,,,,,,
01/19/2022,BGCR,0.05,0.01,0.05,0.05,0.15,351,,,,,,,,,,,
01/18/2022,TGCR,0.05,0.01,0.05,0.05,0.15,346,,,,,,,,,,,
01/18/2022,BGCR,0.05,0.01,0.05,0.05,0.15,357,,,,,,,,,,,
01/14/2022,TGCR,0.05,0.01,0.05,0.05,0.15,333,,,,,,,,,,,
01/14/2022,BGCR,0.05,0.01,0.05,0.05,0.15,340,,,,,,,,,,,
01/13/2022,TGCR,0.05,0.01,0.05,0.05,0.15,341,,,,,,,,,,,
01/13/2022,BGCR,0.05,0.01,0.05,0.05,0.15,353,,,,,,,,,,,
01/12/2022,TGCR,0.05,0.01,0.05,0.05,0.15,339,,,,,,,,,,,
01/12/2022,BGCR,0.05,0.01,0.05,0.05,0.15,351,,,,,,,,,,,
01/11/2022,TGCR,0.05,0.01,0.05,0.05,0.15,338,,,,,,,,,,,
01/11/2022,BGCR,0.05,0.01,0.05,0.05,0.15,358,,,,,,,,,,,
01/10/2022,TGCR,0.05,0.01,0.05,0.05,0.15,336,,,,,,,,,,,
01/10/2022,BGCR,0.05,0.01,0.05,0.05,0.15,351,,,,,,,,,,,
01/07/2022,TGCR,0.05,0.01,0.05,0.05,0.15,330,,,,,,,,,,,
01/07/2022,BGCR,0.05,0.01,0.05,0.05,0.15,345,,,,,,,,,,,
01/06/2022,TGCR,0.05,0.01,0.05,0.05,0.15,329,,,,,,,,,,,
01/06/2022,BGCR,0.05,0.01,0.05,0.05,0.15,350,,,,,,,,,,,
01/05/2022,TGCR,0.05,0.01,0.05,0.05,0.15,325,,,,,,,,,,,
01/05/2022,BGCR,0.05,0.01,0.05,0.05,0.15,340,,,,,,,,,,,
01/04/2022,TGCR,0.05,0.01,0.05,0.05,0.15,325,,,,,,,,,,,
01/04/2022,BGCR,0.05,0.01,0.05,0.05,0.15,348,,,,,,,,,,,
01/03/2022,TGCR,0.05,0.01,0.05,0.05,0.15,321,,,,,,,,,,,
01/03/2022,BGCR,0.05,0.01,0.05,0.05,0.15,344,,,,,,,,,,,
