Timestamp,Date,Measure,Ethereum,Solana,Polygon,Avalanche C-Chain,Stellar,Base,Arbitrum,Aptos
1644192000000,2022-02-07,Bridged Token Value (Dollar),,,,,2092269.7861710787,,,
1644278400000,2022-02-08,Bridged Token Value (Dollar),,,,,2092270.3552676707,,,
1644364800000,2022-02-09,Bridged Token Value (Dollar),,,,,2092681.474364662,,,
1644451200000,2022-02-10,Bridged Token Value (Dollar),,,,,2093890.4935701196,,,
1644537600000,2022-02-11,Bridged Token Value (Dollar),,,,,2093898.204277869,,,
1644624000000,2022-02-12,Bridged Token Value (Dollar),,,,,2093898.204277869,,,
1644710400000,2022-02-13,Bridged Token Value (Dollar),,,,,2093898.204277869,,,
1644796800000,2022-02-14,Bridged Token Value (Dollar),,,,,2094065.2238143228,,,
1644883200000,2022-02-15,Bridged Token Value (Dollar),,,,,2094532.7933992178,,,
1644969600000,2022-02-16,Bridged Token Value (Dollar),,,,,2094492.8631112021,,,
1645056000000,2022-02-17,Bridged Token Value (Dollar),,,,,2094577.1528126618,,,
1645142400000,2022-02-18,Bridged Token Value (Dollar),,,,,2044479.4317130293,,,
1645228800000,2022-02-19,Bridged Token Value (Dollar),,,,,2044479.4317130293,,,
1645315200000,2022-02-20,Bridged Token Value (Dollar),,,,,2044479.4317130293,,,
1645401600000,2022-02-21,Bridged Token Value (Dollar),,,,,2044479.4317130293,,,
1645488000000,2022-02-22,Bridged Token Value (Dollar),,,,,2045002.989856731,,,
1645574400000,2022-02-23,Bridged Token Value (Dollar),,,,,2048009.5481435412,,,
1645660800000,2022-02-24,Bridged Token Value (Dollar),,,,,2048110.10725113,,,
1645747200000,2022-02-25,Bridged Token Value (Dollar),,,,,2054278.7867012385,,,
1645833600000,2022-02-26,Bridged Token Value (Dollar),,,,,2054278.7867012385,,,
1645920000000,2022-02-27,Bridged Token Value (Dollar),,,,,2054278.7867012385,,,
1646006400000,2022-02-28,Bridged Token Value (Dollar),,,,,2186461.585469834,,,
1646092800000,2022-03-01,Bridged Token Value (Dollar),,,,,2186663.6845615506,,,
1646179200000,2022-03-02,Bridged Token Value (Dollar),,,,,2186654.283708457,,,
1646265600000,2022-03-03,Bridged Token Value (Dollar),,,,,2187574.8828527527,,,
1646352000000,2022-03-04,Bridged Token Value (Dollar),,,,,2054516.4639643552,,,
1646438400000,2022-03-05,Bridged Token Value (Dollar),,,,,2054516.4639643552,,,
1646524800000,2022-03-06,Bridged Token Value (Dollar),,,,,2054516.4639643552,,,
1646611200000,2022-03-07,Bridged Token Value (Dollar),,,,,2053782.0229471766,,,
1646697600000,2022-03-08,Bridged Token Value (Dollar),,,,,2053777.0315756341,,,
1646784000000,2022-03-09,Bridged Token Value (Dollar),,,,,2053777.5902020372,,,
1646870400000,2022-03-10,Bridged Token Value (Dollar),,,,,2053803.1488285298,,,
1646956800000,2022-03-11,Bridged Token Value (Dollar),,,,,2048984.8073972396,,,
1647043200000,2022-03-12,Bridged Token Value (Dollar),,,,,2048984.8073972396,,,
1647129600000,2022-03-13,Bridged Token Value (Dollar),,,,,2048984.8073972396,,,
1647216000000,2022-03-14,Bridged Token Value (Dollar),,,,,2048835.3667711515,,,
1647302400000,2022-03-15,Bridged Token Value (Dollar),,,,,2049066.006006956,,,
1647388800000,2022-03-16,Bridged Token Value (Dollar),,,,,1949087.1247968946,,,
1647475200000,2022-03-17,Bridged Token Value (Dollar),,,,,1949148.7146598732,,,
1647561600000,2022-03-18,Bridged Token Value (Dollar),,,,,1948960.1743535865,,,
1647648000000,2022-03-19,Bridged Token Value (Dollar),,,,,1948960.1743535865,,,
1647734400000,2022-03-20,Bridged Token Value (Dollar),,,,,1948960.1743535865,,,
1647820800000,2022-03-21,Bridged Token Value (Dollar),,,,,1949609.8238397418,,,
1647907200000,2022-03-22,Bridged Token Value (Dollar),,,,,1948398.3151763328,,,
1647993600000,2022-03-23,Bridged Token Value (Dollar),,,,,1948398.3151763328,,,
1648080000000,2022-03-24,Bridged Token Value (Dollar),,,,,1948453.4537580172,,,
1648166400000,2022-03-25,Bridged Token Value (Dollar),,,,,1948623.5835820078,,,
1648252800000,2022-03-26,Bridged Token Value (Dollar),,,,,1948623.5835820078,,,
1648339200000,2022-03-27,Bridged Token Value (Dollar),,,,,1948623.5835820078,,,
1648425600000,2022-03-28,Bridged Token Value (Dollar),,,,,1948630.261513624,,,
1648512000000,2022-03-29,Bridged Token Value (Dollar),,,,,1948134.7558710803,,,
1648598400000,2022-03-30,Bridged Token Value (Dollar),,,,,1948143.074406247,,,
1648684800000,2022-03-31,Bridged Token Value (Dollar),,,,,1958231.4241468809,,,
1648771200000,2022-04-01,Bridged Token Value (Dollar),,,,,1958259.771159476,,,
1648857600000,2022-04-02,Bridged Token Value (Dollar),,,,,1958259.771466876,,,
1648944000000,2022-04-03,Bridged Token Value (Dollar),,,,,1958259.771466876,,,
1649030400000,2022-04-04,Bridged Token Value (Dollar),,,,,1958271.53081695,,,
1649116800000,2022-04-05,Bridged Token Value (Dollar),,,,,1958389.5396162474,,,
1649203200000,2022-04-06,Bridged Token Value (Dollar),,,,,1958404.2079544908,,,
1649289600000,2022-04-07,Bridged Token Value (Dollar),,,,,1958421.026730152,,,
1649376000000,2022-04-08,Bridged Token Value (Dollar),,,,,1948525.2349212845,,,
1649462400000,2022-04-09,Bridged Token Value (Dollar),,,,,1948525.2349212845,,,
1649548800000,2022-04-10,Bridged Token Value (Dollar),,,,,1948525.2349212845,,,
1649635200000,2022-04-11,Bridged Token Value (Dollar),,,,,1952990.8236702883,,,
1649721600000,2022-04-12,Bridged Token Value (Dollar),,,,,1963011.6093524322,,,
1649808000000,2022-04-13,Bridged Token Value (Dollar),,,,,1963032.5546870143,,,
1649894400000,2022-04-14,Bridged Token Value (Dollar),,,,,1963292.4244361669,,,
1649980800000,2022-04-15,Bridged Token Value (Dollar),,,,,1963292.4244361669,,,
1650067200000,2022-04-16,Bridged Token Value (Dollar),,,,,1963292.4244361669,,,
1650153600000,2022-04-17,Bridged Token Value (Dollar),,,,,1963292.4244361669,,,
1650240000000,2022-04-18,Bridged Token Value (Dollar),,,,,1949588.379217351,,,
1650326400000,2022-04-19,Bridged Token Value (Dollar),,,,,1949660.2282546505,,,
1650412800000,2022-04-20,Bridged Token Value (Dollar),,,,,1960023.7877738713,,,
1650499200000,2022-04-21,Bridged Token Value (Dollar),,,,,1960171.246828172,,,
1650585600000,2022-04-22,Bridged Token Value (Dollar),,,,,1960220.2147966581,,,
1650672000000,2022-04-23,Bridged Token Value (Dollar),,,,,1960220.2147966581,,,
1650758400000,2022-04-24,Bridged Token Value (Dollar),,,,,1960220.2147966581,,,
1650844800000,2022-04-25,Bridged Token Value (Dollar),,,,,1960134.933749109,,,
1650931200000,2022-04-26,Bridged Token Value (Dollar),,,,,1960157.4125769907,,,
1651017600000,2022-04-27,Bridged Token Value (Dollar),,,,,1960680.0210337485,,,
1651104000000,2022-04-28,Bridged Token Value (Dollar),,,,,1960590.5462884936,,,
1651190400000,2022-04-29,Bridged Token Value (Dollar),,,,,1960635.9947399949,,,
1651276800000,2022-04-30,Bridged Token Value (Dollar),,,,,1960635.9947399949,,,
1651363200000,2022-05-01,Bridged Token Value (Dollar),,,,,1960635.9947399949,,,
1651449600000,2022-05-02,Bridged Token Value (Dollar),,,,,1961061.3329713058,,,
1651536000000,2022-05-03,Bridged Token Value (Dollar),,,,,1961083.181155193,,,
1651622400000,2022-05-04,Bridged Token Value (Dollar),,,,,1961080.300745571,,,
1651708800000,2022-05-05,Bridged Token Value (Dollar),,,,,1961361.9693266891,,,
1651795200000,2022-05-06,Bridged Token Value (Dollar),,,,,1962140.3561580796,,,
1651881600000,2022-05-07,Bridged Token Value (Dollar),,,,,1962140.3561580796,,,
1651968000000,2022-05-08,Bridged Token Value (Dollar),,,,,1962140.3561580796,,,
1652054400000,2022-05-09,Bridged Token Value (Dollar),,,,,1964402.0751889085,,,
1652140800000,2022-05-10,Bridged Token Value (Dollar),,,,,1964472.3232259005,,,
1652227200000,2022-05-11,Bridged Token Value (Dollar),,,,,1964518.291879415,,,
1652313600000,2022-05-12,Bridged Token Value (Dollar),,,,,1964075.5142805332,,,
1652400000000,2022-05-13,Bridged Token Value (Dollar),,,,,1964314.862582576,,,
1652486400000,2022-05-14,Bridged Token Value (Dollar),,,,,1964314.862582576,,,
1652572800000,2022-05-15,Bridged Token Value (Dollar),,,,,1964314.862582576,,,
1652659200000,2022-05-16,Bridged Token Value (Dollar),,,,,1974740.9210184924,,,
1652745600000,2022-05-17,Bridged Token Value (Dollar),,,,,1973721.660153831,,,
1652832000000,2022-05-18,Bridged Token Value (Dollar),,,,,1974973.1525804312,,,
1652918400000,2022-05-19,Bridged Token Value (Dollar),,,,,1975114.8909522027,,,
1653004800000,2022-05-20,Bridged Token Value (Dollar),,,,,1972167.2654049033,,,
1653091200000,2022-05-21,Bridged Token Value (Dollar),,,,,1972167.2654049033,,,
1653177600000,2022-05-22,Bridged Token Value (Dollar),,,,,1972167.2654049033,,,
1653264000000,2022-05-23,Bridged Token Value (Dollar),,,,,1972799.1856074044,,,
1653350400000,2022-05-24,Bridged Token Value (Dollar),,,,,1973660.523849876,,,
1653436800000,2022-05-25,Bridged Token Value (Dollar),,,,,1973960.5336828865,,,
1653523200000,2022-05-26,Bridged Token Value (Dollar),,,,,1966321.0829048974,,,
1653609600000,2022-05-27,Bridged Token Value (Dollar),,,,,1465888.6089029084,,,
1653696000000,2022-05-28,Bridged Token Value (Dollar),,,,,1465888.6089029084,,,
1653782400000,2022-05-29,Bridged Token Value (Dollar),,,,,1465888.6089029084,,,
1653868800000,2022-05-30,Bridged Token Value (Dollar),,,,,1465888.6089029084,,,
1653955200000,2022-05-31,Bridged Token Value (Dollar),,,,,1466555.6681927831,,,
1654041600000,2022-06-01,Bridged Token Value (Dollar),,,,,1466309.2517521118,,,
1654128000000,2022-06-02,Bridged Token Value (Dollar),,,,,1485578.9020601967,,,
1654214400000,2022-06-03,Bridged Token Value (Dollar),,,,,1485414.116807416,,,
1654300800000,2022-06-04,Bridged Token Value (Dollar),,,,,1485414.116807416,,,
1654387200000,2022-06-05,Bridged Token Value (Dollar),,,,,1485414.116807416,,,
1654473600000,2022-06-06,Bridged Token Value (Dollar),,,,,1485172.637963956,,,
1654560000000,2022-06-07,Bridged Token Value (Dollar),,,,,1436226.1309119351,,,
1654646400000,2022-06-08,Bridged Token Value (Dollar),,,,,1386384.1917881628,,,
1654732800000,2022-06-09,Bridged Token Value (Dollar),,,,,1386456.8872830155,,,
1654819200000,2022-06-10,Bridged Token Value (Dollar),,,,,1386644.2760480577,,,
1654905600000,2022-06-11,Bridged Token Value (Dollar),,,,,1386644.2760480577,,,
1654992000000,2022-06-12,Bridged Token Value (Dollar),,,,,1386644.2760480577,,,
1655078400000,2022-06-13,Bridged Token Value (Dollar),,,,,1385997.5162555098,,,
1655164800000,2022-06-14,Bridged Token Value (Dollar),,,,,1386051.7974602412,,,
1655251200000,2022-06-15,Bridged Token Value (Dollar),,,,,1386349.5071125296,,,
1655337600000,2022-06-16,Bridged Token Value (Dollar),,,,,1386561.5062909708,,,
1655424000000,2022-06-17,Bridged Token Value (Dollar),,,,,1386866.4749584426,,,
1655510400000,2022-06-18,Bridged Token Value (Dollar),,,,,1386866.4749584426,,,
1655596800000,2022-06-19,Bridged Token Value (Dollar),,,,,1386866.4749584426,,,
1655683200000,2022-06-20,Bridged Token Value (Dollar),,,,,1386866.4749584426,,,
1655769600000,2022-06-21,Bridged Token Value (Dollar),,,,,1387133.7040746475,,,
1655856000000,2022-06-22,Bridged Token Value (Dollar),,,,,1385983.354081439,,,
1655942400000,2022-06-23,Bridged Token Value (Dollar),,,,,1385361.502754862,,,
1656028800000,2022-06-24,Bridged Token Value (Dollar),,,,,1382396.794042716,,,
1656115200000,2022-06-25,Bridged Token Value (Dollar),,,,,1382396.794042716,,,
1656201600000,2022-06-26,Bridged Token Value (Dollar),,,,,1382396.794042716,,,
1656288000000,2022-06-27,Bridged Token Value (Dollar),,,,,1382620.2835702747,,,
1656374400000,2022-06-28,Bridged Token Value (Dollar),,,,,1382701.523575194,,,
1656460800000,2022-06-29,Bridged Token Value (Dollar),,,,,1382784.7027520356,,,
1656547200000,2022-06-30,Bridged Token Value (Dollar),,,,,1382859.5017264723,,,
1656633600000,2022-07-01,Bridged Token Value (Dollar),,,,,1383342.482894811,,,
1656720000000,2022-07-02,Bridged Token Value (Dollar),,,,,1383342.482894811,,,
1656806400000,2022-07-03,Bridged Token Value (Dollar),,,,,1383342.482894811,,,
1656892800000,2022-07-04,Bridged Token Value (Dollar),,,,,1383342.482894811,,,
1656979200000,2022-07-05,Bridged Token Value (Dollar),,,,,1383510.77161022,,,
1657065600000,2022-07-06,Bridged Token Value (Dollar),,,,,1383600.2612405033,,,
1657152000000,2022-07-07,Bridged Token Value (Dollar),,,,,1383691.6604907098,,,
1657238400000,2022-07-08,Bridged Token Value (Dollar),,,,,1384470.2792581194,,,
1657324800000,2022-07-09,Bridged Token Value (Dollar),,,,,1384470.2792581194,,,
1657411200000,2022-07-10,Bridged Token Value (Dollar),,,,,1384470.2792581194,,,
1657497600000,2022-07-11,Bridged Token Value (Dollar),,,,,1384613.0179982304,,,
1657584000000,2022-07-12,Bridged Token Value (Dollar),,,,,1387702.7672315228,,,
1657670400000,2022-07-13,Bridged Token Value (Dollar),,,,,1337870.3671431579,,,
1657756800000,2022-07-14,Bridged Token Value (Dollar),,,,,1337968.396922893,,,
1657843200000,2022-07-15,Bridged Token Value (Dollar),,,,,1338479.055809968,,,
1657929600000,2022-07-16,Bridged Token Value (Dollar),,,,,1338479.055809968,,,
1658016000000,2022-07-17,Bridged Token Value (Dollar),,,,,1338479.055809968,,,
1658102400000,2022-07-18,Bridged Token Value (Dollar),,,,,1338851.1054660662,,,
1658188800000,2022-07-19,Bridged Token Value (Dollar),,,,,1340704.3643579383,,,
1658275200000,2022-07-20,Bridged Token Value (Dollar),,,,,1340948.3840842682,,,
1658361600000,2022-07-21,Bridged Token Value (Dollar),,,,,1341040.6528541334,,,
1658448000000,2022-07-22,Bridged Token Value (Dollar),,,,,1341347.4816194437,,,
1658534400000,2022-07-23,Bridged Token Value (Dollar),,,,,1341347.4816194437,,,
1658620800000,2022-07-24,Bridged Token Value (Dollar),,,,,1341347.4816194437,,,
1658707200000,2022-07-25,Bridged Token Value (Dollar),,,,,1341571.6305954414,,,
1658793600000,2022-07-26,Bridged Token Value (Dollar),,,,,1341659.9193120429,,,
1658880000000,2022-07-27,Bridged Token Value (Dollar),,,,,1341689.3080128601,,,
1658966400000,2022-07-28,Bridged Token Value (Dollar),,,,,1340087.850805144,,,
1659052800000,2022-07-29,Bridged Token Value (Dollar),,,,,1340340.3997394778,,,
1659139200000,2022-07-30,Bridged Token Value (Dollar),,,,,1340340.3997394778,,,
1659225600000,2022-07-31,Bridged Token Value (Dollar),,,,,1340340.3997394778,,,
1659312000000,2022-08-01,Bridged Token Value (Dollar),,,,,1341578.5996562338,,,
1659398400000,2022-08-02,Bridged Token Value (Dollar),,,,,1341686.469553005,,,
1659484800000,2022-08-03,Bridged Token Value (Dollar),,,,,1341876.308883843,,,
1659571200000,2022-08-04,Bridged Token Value (Dollar),,,,,1341959.2082307672,,,
1659657600000,2022-08-05,Bridged Token Value (Dollar),,,,,1362247.2891593056,,,
1659744000000,2022-08-06,Bridged Token Value (Dollar),,,,,1362247.2891593056,,,
1659830400000,2022-08-07,Bridged Token Value (Dollar),,,,,1362247.2891593056,,,
1659916800000,2022-08-08,Bridged Token Value (Dollar),,,,,1362377.688122074,,,
1660003200000,2022-08-09,Bridged Token Value (Dollar),,,,,1362465.5633238598,,,
1660089600000,2022-08-10,Bridged Token Value (Dollar),,,,,1362579.8620433912,,,
1660176000000,2022-08-11,Bridged Token Value (Dollar),,,,,1363161.8219003272,,,
1660262400000,2022-08-12,Bridged Token Value (Dollar),,,,,1363438.3718061491,,,
1660348800000,2022-08-13,Bridged Token Value (Dollar),,,,,1363438.3718061491,,,
1660435200000,2022-08-14,Bridged Token Value (Dollar),,,,,1363438.3718061491,,,
1660521600000,2022-08-15,Bridged Token Value (Dollar),,,,,1363733.8209364654,,,
1660608000000,2022-08-16,Bridged Token Value (Dollar),,,,,1364069.3306202008,,,
1660694400000,2022-08-17,Bridged Token Value (Dollar),,,,,1364134.8400521798,,,
1660780800000,2022-08-18,Bridged Token Value (Dollar),,,,,1364224.039887038,,,
1660867200000,2022-08-19,Bridged Token Value (Dollar),,,,,1364530.2791862718,,,
1660953600000,2022-08-20,Bridged Token Value (Dollar),,,,,1364530.2791862718,,,
1661040000000,2022-08-21,Bridged Token Value (Dollar),,,,,1364530.2791862718,,,
1661126400000,2022-08-22,Bridged Token Value (Dollar),,,,,1374739.9287051333,,,
1661212800000,2022-08-23,Bridged Token Value (Dollar),,,,,1374808.7976762836,,,
1661299200000,2022-08-24,Bridged Token Value (Dollar),,,,,1374880.437587586,,,
1661385600000,2022-08-25,Bridged Token Value (Dollar),,,,,1375074.3163376336,,,
1661472000000,2022-08-26,Bridged Token Value (Dollar),,,,,1375290.1259950597,,,
1661558400000,2022-08-27,Bridged Token Value (Dollar),,,,,1375290.1259950597,,,
1661644800000,2022-08-28,Bridged Token Value (Dollar),,,,,1375290.1259950597,,,
1661731200000,2022-08-29,Bridged Token Value (Dollar),,,,,1375411.9051364106,,,
1661817600000,2022-08-30,Bridged Token Value (Dollar),,,,,1375473.8144204367,,,
1661904000000,2022-08-31,Bridged Token Value (Dollar),,,,,1375548.78324763,,,
1661990400000,2022-09-01,Bridged Token Value (Dollar),,,,,1373826.672854128,,,
1662076800000,2022-09-02,Bridged Token Value (Dollar),,,,,1374131.4726219124,,,
1662163200000,2022-09-03,Bridged Token Value (Dollar),,,,,1374131.4726219124,,,
1662249600000,2022-09-04,Bridged Token Value (Dollar),,,,,1374131.4726219124,,,
1662336000000,2022-09-05,Bridged Token Value (Dollar),,,,,1374131.4726219124,,,
1662422400000,2022-09-06,Bridged Token Value (Dollar),,,,,1374314.3116740389,,,
1662508800000,2022-09-07,Bridged Token Value (Dollar),,,,,1374347.4013451075,,,
1662595200000,2022-09-08,Bridged Token Value (Dollar),,,,,1374430.4201747463,,,
1662681600000,2022-09-09,Bridged Token Value (Dollar),,,,,1374679.4889549448,,,
1662768000000,2022-09-10,Bridged Token Value (Dollar),,,,,1374679.4889549448,,,
1662854400000,2022-09-11,Bridged Token Value (Dollar),,,,,1374679.4889549448,,,
1662940800000,2022-09-12,Bridged Token Value (Dollar),,,,,1374787.4976034856,,,
1663027200000,2022-09-13,Bridged Token Value (Dollar),,,,,1374850.5168945738,,,
1663113600000,2022-09-14,Bridged Token Value (Dollar),,,,,1374933.505621606,,,
1663200000000,2022-09-15,Bridged Token Value (Dollar),,,,,1375250.4550410218,,,
1663286400000,2022-09-16,Bridged Token Value (Dollar),,,,,1375550.2549874047,,,
1663372800000,2022-09-17,Bridged Token Value (Dollar),,,,,1375550.2549874047,,,
1663459200000,2022-09-18,Bridged Token Value (Dollar),,,,,1375550.2549874047,,,
1663545600000,2022-09-19,Bridged Token Value (Dollar),,,,,1425906.7537125077,,,
1663632000000,2022-09-20,Bridged Token Value (Dollar),,,,,1426140.5232099625,,,
1663718400000,2022-09-21,Bridged Token Value (Dollar),,,,,1426233.2722607816,,,
1663804800000,2022-09-22,Bridged Token Value (Dollar),,,,,1426240.1609432774,,,
1663891200000,2022-09-23,Bridged Token Value (Dollar),,,,,1376339.7302637245,,,
1663977600000,2022-09-24,Bridged Token Value (Dollar),,,,,1376339.7302637245,,,
1664064000000,2022-09-25,Bridged Token Value (Dollar),,,,,1376339.7302637245,,,
1664150400000,2022-09-26,Bridged Token Value (Dollar),,,,,1376559.530215339,,,
1664236800000,2022-09-27,Bridged Token Value (Dollar),,,,,1376656.859859024,,,
1664323200000,2022-09-28,Bridged Token Value (Dollar),,,,,1346754.1895025896,,,
1664409600000,2022-09-29,Bridged Token Value (Dollar),,,,,1345848.5592607276,,,
1664496000000,2022-09-30,Bridged Token Value (Dollar),,,,,1345946.698707335,,,
1664582400000,2022-10-01,Bridged Token Value (Dollar),,,,,1345946.698707335,,,
1664668800000,2022-10-02,Bridged Token Value (Dollar),,,,,1345946.698707335,,,
1664755200000,2022-10-03,Bridged Token Value (Dollar),,,,,1346380.5218011988,,,
1664841600000,2022-10-04,Bridged Token Value (Dollar),,,,,1346466.8714823993,,,
1664928000000,2022-10-05,Bridged Token Value (Dollar),,,,,1346672.2303920987,,,
1665014400000,2022-10-06,Bridged Token Value (Dollar),,,,,1346773.069206563,,,
1665100800000,2022-10-07,Bridged Token Value (Dollar),,,,,1346916.1580549297,,,
1665187200000,2022-10-08,Bridged Token Value (Dollar),,,,,1346916.1580549297,,,
1665273600000,2022-10-09,Bridged Token Value (Dollar),,,,,1346916.1580549297,,,
1665360000000,2022-10-10,Bridged Token Value (Dollar),,,,,1347045.964291387,,,
1665446400000,2022-10-11,Bridged Token Value (Dollar),,,,,1347145.814310335,,,
1665532800000,2022-10-12,Bridged Token Value (Dollar),,,,,1347252.3937494152,,,
1665619200000,2022-10-13,Bridged Token Value (Dollar),,,,,1347349.9536868888,,,
1665705600000,2022-10-14,Bridged Token Value (Dollar),,,,,1347666.4233233735,,,
1665792000000,2022-10-15,Bridged Token Value (Dollar),,,,,1347666.4233233735,,,
1665878400000,2022-10-16,Bridged Token Value (Dollar),,,,,1347666.4233233735,,,
1665964800000,2022-10-17,Bridged Token Value (Dollar),,,,,1348035.5223101613,,,
1666051200000,2022-10-18,Bridged Token Value (Dollar),,,,,1344654.0510323052,,,
1666137600000,2022-10-19,Bridged Token Value (Dollar),,,,,1344815.9208745426,,,
1666224000000,2022-10-20,Bridged Token Value (Dollar),,,,,1345060.1503427278,,,
1666310400000,2022-10-21,Bridged Token Value (Dollar),,,,,1345398.439702487,,,
1666396800000,2022-10-22,Bridged Token Value (Dollar),,,,,1345398.439702487,,,
1666483200000,2022-10-23,Bridged Token Value (Dollar),,,,,1345398.439702487,,,
1666569600000,2022-10-24,Bridged Token Value (Dollar),,,,,1345530.9284623095,,,
1666656000000,2022-10-25,Bridged Token Value (Dollar),,,,,1345815.3879420399,,,
1666742400000,2022-10-26,Bridged Token Value (Dollar),,,,,1345928.2776274043,,,
1666828800000,2022-10-27,Bridged Token Value (Dollar),,,,,1346040.9964275772,,,
1666915200000,2022-10-28,Bridged Token Value (Dollar),,,,,1346385.4052394244,,,
1667001600000,2022-10-29,Bridged Token Value (Dollar),,,,,1346385.4052394244,,,
1667088000000,2022-10-30,Bridged Token Value (Dollar),,,,,1346385.4052394244,,,
1667174400000,2022-10-31,Bridged Token Value (Dollar),,,,,1346599.4346590685,,,
1667260800000,2022-11-01,Bridged Token Value (Dollar),,,,,1347866.0944964564,,,
1667347200000,2022-11-02,Bridged Token Value (Dollar),,,,,1347981.1833895692,,,
1667433600000,2022-11-03,Bridged Token Value (Dollar),,,,,1348106.6831346513,,,
1667520000000,2022-11-04,Bridged Token Value (Dollar),,,,,1948724.0530452349,,,
1667606400000,2022-11-05,Bridged Token Value (Dollar),,,,,1948724.0530452349,,,
1667692800000,2022-11-06,Bridged Token Value (Dollar),,,,,1948724.0530452349,,,
1667779200000,2022-11-07,Bridged Token Value (Dollar),,,,,1949115.4621390104,,,
1667865600000,2022-11-08,Bridged Token Value (Dollar),,,,,1949302.6707844683,,,
1667952000000,2022-11-09,Bridged Token Value (Dollar),,,,,1950179.8774439804,,,
1668038400000,2022-11-10,Bridged Token Value (Dollar),,,,,1950404.1270066286,,,
1668124800000,2022-11-11,Bridged Token Value (Dollar),,,,,1950997.0768751954,,,
1668211200000,2022-11-12,Bridged Token Value (Dollar),,,,,1950997.0768751954,,,
1668297600000,2022-11-13,Bridged Token Value (Dollar),,,,,1950997.0768751954,,,
1668384000000,2022-11-14,Bridged Token Value (Dollar),,,,,1951339.2364294413,,,
1668470400000,2022-11-15,Bridged Token Value (Dollar),,,,,1952752.875627748,,,
1668556800000,2022-11-16,Bridged Token Value (Dollar),,,,,1952993.9925171447,,,
1668643200000,2022-11-17,Bridged Token Value (Dollar),,,,,1953239.6424452765,,,
1668729600000,2022-11-18,Bridged Token Value (Dollar),,,,,1964437.3022033807,,,
1668816000000,2022-11-19,Bridged Token Value (Dollar),,,,,1964437.3022033807,,,
1668902400000,2022-11-20,Bridged Token Value (Dollar),,,,,1964437.3022033807,,,
1668988800000,2022-11-21,Bridged Token Value (Dollar),,,,,1964822.742207739,,,
1669075200000,2022-11-22,Bridged Token Value (Dollar),,,,,1962696.721296312,,,
1669161600000,2022-11-23,Bridged Token Value (Dollar),,,,,2788086.491279093,,,
1669248000000,2022-11-24,Bridged Token Value (Dollar),,,,,2788086.491279093,,,
1669334400000,2022-11-25,Bridged Token Value (Dollar),,,,,2790573.340230871,,,
1669420800000,2022-11-26,Bridged Token Value (Dollar),,,,,2790573.340230871,,,
1669507200000,2022-11-27,Bridged Token Value (Dollar),,,,,2790573.340230871,,,
1669593600000,2022-11-28,Bridged Token Value (Dollar),,,,,29060949.80999946,,,
1669680000000,2022-11-29,Bridged Token Value (Dollar),,,,,29063656.779444385,,,
1669766400000,2022-11-30,Bridged Token Value (Dollar),,,,,28326442.0950478,,,
1669852800000,2022-12-01,Bridged Token Value (Dollar),,,,,53349402.55831566,,,
1669939200000,2022-12-02,Bridged Token Value (Dollar),,,,,53359442.55831566,,,
1670025600000,2022-12-03,Bridged Token Value (Dollar),,,,,53359442.55831566,,,
1670112000000,2022-12-04,Bridged Token Value (Dollar),,,,,53359442.55831566,,,
1670198400000,2022-12-05,Bridged Token Value (Dollar),,,,,53383865.655415654,,,
1670284800000,2022-12-06,Bridged Token Value (Dollar),,,,,53402213.38410398,,,
1670371200000,2022-12-07,Bridged Token Value (Dollar),,,,,53407534.43401332,,,
1670457600000,2022-12-08,Bridged Token Value (Dollar),,,,,53412990.280791916,,,
1670544000000,2022-12-09,Bridged Token Value (Dollar),,,,,53435943.351646885,,,
1670630400000,2022-12-10,Bridged Token Value (Dollar),,,,,53435943.351646885,,,
1670716800000,2022-12-11,Bridged Token Value (Dollar),,,,,53435943.351646885,,,
1670803200000,2022-12-12,Bridged Token Value (Dollar),,,,,53441403.90923892,,,
1670889600000,2022-12-13,Bridged Token Value (Dollar),,,,,53446691.880550876,,,
1670976000000,2022-12-14,Bridged Token Value (Dollar),,,,,53452256.430506974,,,
1671062400000,2022-12-15,Bridged Token Value (Dollar),,,,,53451201.06002758,,,
1671148800000,2022-12-16,Bridged Token Value (Dollar),,,,,53468654.61084665,,,
1671235200000,2022-12-17,Bridged Token Value (Dollar),,,,,53468654.61084665,,,
1671321600000,2022-12-18,Bridged Token Value (Dollar),,,,,53468654.61084665,,,
1671408000000,2022-12-19,Bridged Token Value (Dollar),,,,,53366362.75134256,,,
1671494400000,2022-12-20,Bridged Token Value (Dollar),,,,,53401934.41914888,,,
1671580800000,2022-12-21,Bridged Token Value (Dollar),,,,,53407941.69024671,,,
1671667200000,2022-12-22,Bridged Token Value (Dollar),,,,,53413374.559934326,,,
1671753600000,2022-12-23,Bridged Token Value (Dollar),,,,,53515150.71265325,,,
1671840000000,2022-12-24,Bridged Token Value (Dollar),,,,,53515150.71265325,,,
1671926400000,2022-12-25,Bridged Token Value (Dollar),,,,,53515150.71265325,,,
1672012800000,2022-12-26,Bridged Token Value (Dollar),,,,,53515150.71265325,,,
1672099200000,2022-12-27,Bridged Token Value (Dollar),,,,,103522627.46975398,,,
1672185600000,2022-12-28,Bridged Token Value (Dollar),,,,,103533988.87083913,,,
1672272000000,2022-12-29,Bridged Token Value (Dollar),,,,,103545376.88532053,,,
1672358400000,2022-12-30,Bridged Token Value (Dollar),,,,,103568479.03889045,,,
1672444800000,2022-12-31,Bridged Token Value (Dollar),,,,,103568479.03889045,,,
1672531200000,2023-01-01,Bridged Token Value (Dollar),,,,,103568479.03889045,,,
1672617600000,2023-01-02,Bridged Token Value (Dollar),,,,,103568479.03889045,,,
1672704000000,2023-01-03,Bridged Token Value (Dollar),,,,,103602733.02530278,,,
1672790400000,2023-01-04,Bridged Token Value (Dollar),,,,,103539217.26278144,,,
1672876800000,2023-01-05,Bridged Token Value (Dollar),,,,,103430538.76503766,,,
1672963200000,2023-01-06,Bridged Token Value (Dollar),,,,,103465477.8089876,,,
1673049600000,2023-01-07,Bridged Token Value (Dollar),,,,,103465477.8089876,,,
1673136000000,2023-01-08,Bridged Token Value (Dollar),,,,,103465477.8089876,,,
1673222400000,2023-01-09,Bridged Token Value (Dollar),,,,,103461958.25864546,,,
1673308800000,2023-01-10,Bridged Token Value (Dollar),,,,,103473630.5918752,,,
1673395200000,2023-01-11,Bridged Token Value (Dollar),,,,,103485307.59142494,,,
1673481600000,2023-01-12,Bridged Token Value (Dollar),,,,,103696112.18759777,,,
1673568000000,2023-01-13,Bridged Token Value (Dollar),,,,,103743367.84212926,,,
1673654400000,2023-01-14,Bridged Token Value (Dollar),,,,,103743367.84212926,,,
1673740800000,2023-01-15,Bridged Token Value (Dollar),,,,,103743367.84212926,,,
1673827200000,2023-01-16,Bridged Token Value (Dollar),,,,,103743367.84212926,,,
1673913600000,2023-01-17,Bridged Token Value (Dollar),,,,,103755615.72743455,,,
1674000000000,2023-01-18,Bridged Token Value (Dollar),,,,,103767455.59230053,,,
1674086400000,2023-01-19,Bridged Token Value (Dollar),,,,,103579217.9599654,,,
1674172800000,2023-01-20,Bridged Token Value (Dollar),,,,,103616553.80769113,,,
1674259200000,2023-01-21,Bridged Token Value (Dollar),,,,,103616553.80769113,,,
1674345600000,2023-01-22,Bridged Token Value (Dollar),,,,,103616553.80769113,,,
1674432000000,2023-01-23,Bridged Token Value (Dollar),,,,,103638558.00258593,,,
1674518400000,2023-01-24,Bridged Token Value (Dollar),,,,,103638777.40449218,,,
1674604800000,2023-01-25,Bridged Token Value (Dollar),,,,,103660910.53731467,,,
1674691200000,2023-01-26,Bridged Token Value (Dollar),,,,,104672746.02131979,,,
1674777600000,2023-01-27,Bridged Token Value (Dollar),,,,,104709014.76642503,,,
1674864000000,2023-01-28,Bridged Token Value (Dollar),,,,,104709014.76642503,,,
1674950400000,2023-01-29,Bridged Token Value (Dollar),,,,,104709014.76642503,,,
1675036800000,2023-01-30,Bridged Token Value (Dollar),,,,,104720980.07491647,,,
1675123200000,2023-01-31,Bridged Token Value (Dollar),,,,,104732184.79083614,,,
1675209600000,2023-02-01,Bridged Token Value (Dollar),,,,,104754287.43949725,,,
1675296000000,2023-02-02,Bridged Token Value (Dollar),,,,,125268695.970361,,,
1675382400000,2023-02-03,Bridged Token Value (Dollar),,,,,125378845.33061348,,,
1675468800000,2023-02-04,Bridged Token Value (Dollar),,,,,125378845.33061348,,,
1675555200000,2023-02-05,Bridged Token Value (Dollar),,,,,125378845.33061348,,,
1675641600000,2023-02-06,Bridged Token Value (Dollar),,,,,125391571.68567656,,,
1675728000000,2023-02-07,Bridged Token Value (Dollar),,,,,125406728.64341958,,,
1675814400000,2023-02-08,Bridged Token Value (Dollar),,,,,125443176.82070726,,,
1675900800000,2023-02-09,Bridged Token Value (Dollar),,,,,125457990.40829246,,,
1675987200000,2023-02-10,Bridged Token Value (Dollar),,,,,125505756.19774142,,,
1676073600000,2023-02-11,Bridged Token Value (Dollar),,,,,125505756.19774142,,,
1676160000000,2023-02-12,Bridged Token Value (Dollar),,,,,125505756.19774142,,,
1676246400000,2023-02-13,Bridged Token Value (Dollar),,,,,125530600.61418217,,,
1676332800000,2023-02-14,Bridged Token Value (Dollar),,,,,125660324.81109469,,,
1676419200000,2023-02-15,Bridged Token Value (Dollar),,,,,125675313.16604318,,,
1676505600000,2023-02-16,Bridged Token Value (Dollar),,,,,125702294.10942023,,,
1676592000000,2023-02-17,Bridged Token Value (Dollar),,,,,125762047.19744633,,,
1676678400000,2023-02-18,Bridged Token Value (Dollar),,,,,125762047.19744633,,,
1676764800000,2023-02-19,Bridged Token Value (Dollar),,,,,125762047.19744633,,,
1676851200000,2023-02-20,Bridged Token Value (Dollar),,,,,125762047.19744633,,,
1676937600000,2023-02-21,Bridged Token Value (Dollar),,,,,175777067.50085515,,,
1677024000000,2023-02-22,Bridged Token Value (Dollar),,,,,175797904.87655544,,,
1677110400000,2023-02-23,Bridged Token Value (Dollar),,,,,175819129.25413954,,,
1677196800000,2023-02-24,Bridged Token Value (Dollar),,,,,175883034.16797394,,,
1677283200000,2023-02-25,Bridged Token Value (Dollar),,,,,175883034.16797394,,,
1677369600000,2023-02-26,Bridged Token Value (Dollar),,,,,175883034.16797394,,,
1677456000000,2023-02-27,Bridged Token Value (Dollar),,,,,225900479.39795783,,,
1677542400000,2023-02-28,Bridged Token Value (Dollar),,,,,225921690.01580143,,,
1677628800000,2023-03-01,Bridged Token Value (Dollar),,,,,225949142.93893495,,,
1677715200000,2023-03-02,Bridged Token Value (Dollar),,,,,225976362.12798384,,,
1677801600000,2023-03-03,Bridged Token Value (Dollar),,,,,226060686.66974923,,,
1677888000000,2023-03-04,Bridged Token Value (Dollar),,,,,226060686.66974923,,,
1677974400000,2023-03-05,Bridged Token Value (Dollar),,,,,226060686.66974923,,,
1678060800000,2023-03-06,Bridged Token Value (Dollar),,,,,226088083.29889268,,,
1678147200000,2023-03-07,Bridged Token Value (Dollar),,,,,225090785.4030697,,,
1678233600000,2023-03-08,Bridged Token Value (Dollar),,,,,225117867.28493294,,,
1678320000000,2023-03-09,Bridged Token Value (Dollar),,,,,225151106.54717988,,,
1678406400000,2023-03-10,Bridged Token Value (Dollar),,,,,225242356.22099036,,,
1678492800000,2023-03-11,Bridged Token Value (Dollar),,,,,225242356.22099036,,,
1678579200000,2023-03-12,Bridged Token Value (Dollar),,,,,225242356.22099036,,,
1678665600000,2023-03-13,Bridged Token Value (Dollar),,,,,225268033.543348,,,
1678752000000,2023-03-14,Bridged Token Value (Dollar),,,,,265612572.78629255,,,
1678838400000,2023-03-15,Bridged Token Value (Dollar),,,,,265640362.1828919,,,
1678924800000,2023-03-16,Bridged Token Value (Dollar),,,,,265672588.26972398,,,
1679011200000,2023-03-17,Bridged Token Value (Dollar),,,,,265787057.82134452,,,
1679097600000,2023-03-18,Bridged Token Value (Dollar),,,,,265787057.82134452,,,
1679184000000,2023-03-19,Bridged Token Value (Dollar),,,,,265787057.82134452,,,
1679270400000,2023-03-20,Bridged Token Value (Dollar),,,,,275346206.1073007,,,
1679356800000,2023-03-21,Bridged Token Value (Dollar),,,,,272430934.31209934,,,
1679443200000,2023-03-22,Bridged Token Value (Dollar),,,,,272474122.97828907,,,
1679529600000,2023-03-23,Bridged Token Value (Dollar),,,,,272717823.6778021,,,
1679616000000,2023-03-24,Bridged Token Value (Dollar),,,,,272818875.71917063,,,
1679702400000,2023-03-25,Bridged Token Value (Dollar),,,,,272818875.71917063,,,
1679788800000,2023-03-26,Bridged Token Value (Dollar),,,,,272818875.71917063,,,
1679875200000,2023-03-27,Bridged Token Value (Dollar),,,,,272824595.41349465,,,
1679961600000,2023-03-28,Bridged Token Value (Dollar),,,,,272855014.0847648,,,
1680048000000,2023-03-29,Bridged Token Value (Dollar),,,,,272888440.0504709,,,
1680134400000,2023-03-30,Bridged Token Value (Dollar),,,,,272921541.77875155,,,
1680220800000,2023-03-31,Bridged Token Value (Dollar),,,,,272954556.6075725,,,
1680307200000,2023-04-01,Bridged Token Value (Dollar),,,,,272954556.6075725,,,
1680393600000,2023-04-02,Bridged Token Value (Dollar),,,,,272954556.6075725,,,
1680480000000,2023-04-03,Bridged Token Value (Dollar),,,,,273058480.68603235,,,
1680566400000,2023-04-04,Bridged Token Value (Dollar),,,,,273112329.5607508,,,
1680652800000,2023-04-05,Bridged Token Value (Dollar),,,,,274926741.14233947,,,
1680739200000,2023-04-06,Bridged Token Value (Dollar),,,,,275080310.0055568,,,
1680825600000,2023-04-07,Bridged Token Value (Dollar),,,,,275080310.0055568,,,
1680912000000,2023-04-08,Bridged Token Value (Dollar),,,,,275080310.0055568,,,
1680998400000,2023-04-09,Bridged Token Value (Dollar),,,,,275080310.0055568,,,
1681084800000,2023-04-10,Bridged Token Value (Dollar),,,,,275115856.2424067,,,
1681171200000,2023-04-11,Bridged Token Value (Dollar),,,,,275150053.6943185,,,
1681257600000,2023-04-12,Bridged Token Value (Dollar),,,,,275184375.04431295,,,
1681344000000,2023-04-13,Bridged Token Value (Dollar),,,,,274938935.54784805,,,
1681430400000,2023-04-14,Bridged Token Value (Dollar),,,,,275042359.92611337,,,
1681516800000,2023-04-15,Bridged Token Value (Dollar),,,,,275042359.92611337,,,
1681603200000,2023-04-16,Bridged Token Value (Dollar),,,,,275042359.92611337,,,
1681689600000,2023-04-17,Bridged Token Value (Dollar),,,,,274581027.1116577,,,
1681776000000,2023-04-18,Bridged Token Value (Dollar),,,,,277615029.5525188,,,
1681862400000,2023-04-19,Bridged Token Value (Dollar),,,,,277599588.8251475,,,
1681948800000,2023-04-20,Bridged Token Value (Dollar),,,,,277734151.3419374,,,
1682035200000,2023-04-21,Bridged Token Value (Dollar),,,,,277837900.34505045,,,
1682121600000,2023-04-22,Bridged Token Value (Dollar),,,,,277837900.34505045,,,
1682208000000,2023-04-23,Bridged Token Value (Dollar),,,,,277837900.34505045,,,
1682294400000,2023-04-24,Bridged Token Value (Dollar),,,,,277837900.34505045,,,
1682380800000,2023-04-25,Bridged Token Value (Dollar),,,,,277939939.4909289,,,
1682467200000,2023-04-26,Bridged Token Value (Dollar),,,,,275935539.33253276,,,
1682553600000,2023-04-27,Bridged Token Value (Dollar),,,,,275970844.09754705,,,
1682640000000,2023-04-28,Bridged Token Value (Dollar),,,,,276076157.74732727,,,
1682726400000,2023-04-29,Bridged Token Value (Dollar),,,,,276076157.74732727,,,
1682812800000,2023-04-30,Bridged Token Value (Dollar),,,,,276076157.74732727,,,
1682899200000,2023-05-01,Bridged Token Value (Dollar),,,,,281478037.1372086,,,
1682985600000,2023-05-02,Bridged Token Value (Dollar),,,,,283846127.73711586,,,
1683072000000,2023-05-03,Bridged Token Value (Dollar),,,,,286156189.05541325,,,
1683158400000,2023-05-04,Bridged Token Value (Dollar),,,,,288160356.469335,,,
1683244800000,2023-05-05,Bridged Token Value (Dollar),,,,,291537347.3303068,,,
1683331200000,2023-05-06,Bridged Token Value (Dollar),,,,,291537347.3303068,,,
1683417600000,2023-05-07,Bridged Token Value (Dollar),,,,,291537347.3303068,,,
1683504000000,2023-05-08,Bridged Token Value (Dollar),,,,,291574736.8027872,,,
1683590400000,2023-05-09,Bridged Token Value (Dollar),,,,,291104768.7929045,,,
1683676800000,2023-05-10,Bridged Token Value (Dollar),,,,,291673423.110936,,,
1683763200000,2023-05-11,Bridged Token Value (Dollar),,,,,291841207.7088853,,,
1683849600000,2023-05-12,Bridged Token Value (Dollar),,,,,290155532.1173972,,,
1683936000000,2023-05-13,Bridged Token Value (Dollar),,,,,290155532.1173972,,,
1684022400000,2023-05-14,Bridged Token Value (Dollar),,,,,290155532.1173972,,,
1684108800000,2023-05-15,Bridged Token Value (Dollar),,,,,290343721.4868429,,,
1684195200000,2023-05-16,Bridged Token Value (Dollar),,,,,290309045.0151435,,,
1684281600000,2023-05-17,Bridged Token Value (Dollar),,,,,288098081.94486827,,,
1684368000000,2023-05-18,Bridged Token Value (Dollar),,,,,288385427.9333619,,,
1684454400000,2023-05-19,Bridged Token Value (Dollar),,,,,290467232.0418386,,,
1684540800000,2023-05-20,Bridged Token Value (Dollar),,,,,290467232.0418386,,,
1684627200000,2023-05-21,Bridged Token Value (Dollar),,,,,290467232.0418386,,,
1684713600000,2023-05-22,Bridged Token Value (Dollar),,,,,290511415.76833105,,,
1684800000000,2023-05-23,Bridged Token Value (Dollar),,,,,290553918.7356205,,,
1684886400000,2023-05-24,Bridged Token Value (Dollar),,,,,290612597.1861259,,,
1684972800000,2023-05-25,Bridged Token Value (Dollar),,,,,289887505.0130571,,,
1685059200000,2023-05-26,Bridged Token Value (Dollar),,,,,290049367.41471606,,,
1685145600000,2023-05-27,Bridged Token Value (Dollar),,,,,290049367.41471606,,,
1685232000000,2023-05-28,Bridged Token Value (Dollar),,,,,290049367.41471606,,,
1685318400000,2023-05-29,Bridged Token Value (Dollar),,,,,290049367.41471606,,,
1685404800000,2023-05-30,Bridged Token Value (Dollar),,,,,290102831.26249987,,,
1685491200000,2023-05-31,Bridged Token Value (Dollar),,,,,289161968.4359067,,,
1685577600000,2023-06-01,Bridged Token Value (Dollar),,,,,295784318.1285691,,,
1685664000000,2023-06-02,Bridged Token Value (Dollar),,,,,296020798.4112339,,,
1685750400000,2023-06-03,Bridged Token Value (Dollar),,,,,296020798.4112339,,,
1685836800000,2023-06-04,Bridged Token Value (Dollar),,,,,296020798.4112339,,,
1685923200000,2023-06-05,Bridged Token Value (Dollar),,,,,295750199.86061555,,,
1686009600000,2023-06-06,Bridged Token Value (Dollar),,,,,309697947.1985419,,,
1686096000000,2023-06-07,Bridged Token Value (Dollar),,,,,309739279.0378563,,,
1686182400000,2023-06-08,Bridged Token Value (Dollar),,,,,309811988.71153677,,,
1686268800000,2023-06-09,Bridged Token Value (Dollar),,,,,304732075.3598891,,,
1686355200000,2023-06-10,Bridged Token Value (Dollar),,,,,304732075.3598891,,,
1686441600000,2023-06-11,Bridged Token Value (Dollar),,,,,304732075.3598891,,,
1686528000000,2023-06-12,Bridged Token Value (Dollar),,,,,304770250.8380937,,,
1686614400000,2023-06-13,Bridged Token Value (Dollar),,,,,304811094.38922715,,,
1686700800000,2023-06-14,Bridged Token Value (Dollar),,,,,309769878.78675085,,,
1686787200000,2023-06-15,Bridged Token Value (Dollar),,,,,307810873.6697849,,,
1686873600000,2023-06-16,Bridged Token Value (Dollar),,,,,306212541.7894949,,,
1686960000000,2023-06-17,Bridged Token Value (Dollar),,,,,306212541.7894949,,,
1687046400000,2023-06-18,Bridged Token Value (Dollar),,,,,306212541.7894949,,,
1687132800000,2023-06-19,Bridged Token Value (Dollar),,,,,306212541.7894949,,,
1687219200000,2023-06-20,Bridged Token Value (Dollar),,,,,306300713.8131771,,,
1687305600000,2023-06-21,Bridged Token Value (Dollar),,,,,303701010.4364391,,,
1687392000000,2023-06-22,Bridged Token Value (Dollar),,,,,303120918.81849664,,,
1687478400000,2023-06-23,Bridged Token Value (Dollar),,,,,303242432.091316,,,
1687564800000,2023-06-24,Bridged Token Value (Dollar),,,,,303242432.091316,,,
1687651200000,2023-06-25,Bridged Token Value (Dollar),,,,,303242432.091316,,,
1687737600000,2023-06-26,Bridged Token Value (Dollar),,,,,299254679.44774514,,,
1687824000000,2023-06-27,Bridged Token Value (Dollar),,,,,298539596.25805163,,,
1687910400000,2023-06-28,Bridged Token Value (Dollar),,,,,298579806.97921973,,,
1687996800000,2023-06-29,Bridged Token Value (Dollar),,,,,297620742.1929028,,,
1688083200000,2023-06-30,Bridged Token Value (Dollar),,,,,297692154.26310366,,,
1688169600000,2023-07-01,Bridged Token Value (Dollar),,,,,297692154.26310366,,,
1688256000000,2023-07-02,Bridged Token Value (Dollar),,,,,297692154.26310366,,,
1688342400000,2023-07-03,Bridged Token Value (Dollar),,,,,297405962.97913605,,,
1688428800000,2023-07-04,Bridged Token Value (Dollar),,,,,297405962.97913605,,,
1688515200000,2023-07-05,Bridged Token Value (Dollar),,,,,297455206.0292904,,,
1688601600000,2023-07-06,Bridged Token Value (Dollar),,,,,297496146.1193244,,,
1688688000000,2023-07-07,Bridged Token Value (Dollar),,,,,298422014.0902989,,,
1688774400000,2023-07-08,Bridged Token Value (Dollar),,,,,298422014.0902989,,,
1688860800000,2023-07-09,Bridged Token Value (Dollar),,,,,298422014.0902989,,,
1688947200000,2023-07-10,Bridged Token Value (Dollar),,,,,298458934.3022641,,,
1689033600000,2023-07-11,Bridged Token Value (Dollar),,,,,300342719.42492306,,,
1689120000000,2023-07-12,Bridged Token Value (Dollar),,,,,297803004.08594126,,,
1689206400000,2023-07-13,Bridged Token Value (Dollar),,,,,294262022.7383825,,,
1689292800000,2023-07-14,Bridged Token Value (Dollar),,,,,294536629.03449506,,,
1689379200000,2023-07-15,Bridged Token Value (Dollar),,,,,294536629.03449506,,,
1689465600000,2023-07-16,Bridged Token Value (Dollar),,,,,294536629.03449506,,,
1689552000000,2023-07-17,Bridged Token Value (Dollar),,,,,294581112.93062305,,,
1689638400000,2023-07-18,Bridged Token Value (Dollar),,,,,294565463.1274355,,,
1689724800000,2023-07-19,Bridged Token Value (Dollar),,,,,293974864.058369,,,
1689811200000,2023-07-20,Bridged Token Value (Dollar),,,,,294024502.1970605,,,
1689897600000,2023-07-21,Bridged Token Value (Dollar),,,,,294143199.9163847,,,
1689984000000,2023-07-22,Bridged Token Value (Dollar),,,,,294143199.9163847,,,
1690070400000,2023-07-23,Bridged Token Value (Dollar),,,,,294143199.9163847,,,
1690156800000,2023-07-24,Bridged Token Value (Dollar),,,,,294473864.67932135,,,
1690243200000,2023-07-25,Bridged Token Value (Dollar),,,,,294513745.4355922,,,
1690329600000,2023-07-26,Bridged Token Value (Dollar),,,,,294453633.118632,,,
1690416000000,2023-07-27,Bridged Token Value (Dollar),,,,,294696172.50615567,,,
1690502400000,2023-07-28,Bridged Token Value (Dollar),,,,,297323919.3545157,,,
1690588800000,2023-07-29,Bridged Token Value (Dollar),,,,,297323919.3545157,,,
1690675200000,2023-07-30,Bridged Token Value (Dollar),,,,,297323919.3545157,,,
1690761600000,2023-07-31,Bridged Token Value (Dollar),,,,,297415228.2222081,,,
1690848000000,2023-08-01,Bridged Token Value (Dollar),,,,,297462164.8263693,,,
1690934400000,2023-08-02,Bridged Token Value (Dollar),,,,,298421824.5724352,,,
1691020800000,2023-08-03,Bridged Token Value (Dollar),,,,,297407001.25377107,,,
1691107200000,2023-08-04,Bridged Token Value (Dollar),,,,,297532127.9843889,,,
1691193600000,2023-08-05,Bridged Token Value (Dollar),,,,,297532127.9843889,,,
1691280000000,2023-08-06,Bridged Token Value (Dollar),,,,,297532127.9843889,,,
1691366400000,2023-08-07,Bridged Token Value (Dollar),,,,,297519758.51225287,,,
1691452800000,2023-08-08,Bridged Token Value (Dollar),,,,,297560227.1385236,,,
1691539200000,2023-08-09,Bridged Token Value (Dollar),,,,,294729783.07957804,,,
1691625600000,2023-08-10,Bridged Token Value (Dollar),,,,,294624290.7368405,,,
1691712000000,2023-08-11,Bridged Token Value (Dollar),,,,,294888862.4428749,,,
1691798400000,2023-08-12,Bridged Token Value (Dollar),,,,,294888862.4428749,,,
1691884800000,2023-08-13,Bridged Token Value (Dollar),,,,,294888862.4428749,,,
1691971200000,2023-08-14,Bridged Token Value (Dollar),,,,,294952716.1544531,,,
1692057600000,2023-08-15,Bridged Token Value (Dollar),,,,,294944058.59932536,,,
1692144000000,2023-08-16,Bridged Token Value (Dollar),,,,,294785302.2565581,,,
1692230400000,2023-08-17,Bridged Token Value (Dollar),,,,,293928905.8669754,,,
1692316800000,2023-08-18,Bridged Token Value (Dollar),,,,,294051234.09748423,,,
1692403200000,2023-08-19,Bridged Token Value (Dollar),,,,,294051234.09748423,,,
1692489600000,2023-08-20,Bridged Token Value (Dollar),,,,,294051234.09748423,,,
1692576000000,2023-08-21,Bridged Token Value (Dollar),,,,,294086658.84481376,,,
1692662400000,2023-08-22,Bridged Token Value (Dollar),,,,,293781897.7391269,,,
1692748800000,2023-08-23,Bridged Token Value (Dollar),,,,,293573099.7583154,,,
1692835200000,2023-08-24,Bridged Token Value (Dollar),,,,,293614323.5867462,,,
1692921600000,2023-08-25,Bridged Token Value (Dollar),,,,,293714756.4696277,,,
1693008000000,2023-08-26,Bridged Token Value (Dollar),,,,,293714756.4696277,,,
1693094400000,2023-08-27,Bridged Token Value (Dollar),,,,,293714756.4696277,,,
1693180800000,2023-08-28,Bridged Token Value (Dollar),,,,,293757027.64827293,,,
1693267200000,2023-08-29,Bridged Token Value (Dollar),,,,,293755320.14497703,,,
1693353600000,2023-08-30,Bridged Token Value (Dollar),,,,,293517407.2645033,,,
1693440000000,2023-08-31,Bridged Token Value (Dollar),,,,,293063647.1803628,,,
1693526400000,2023-09-01,Bridged Token Value (Dollar),,,,,293431385.76392317,,,
1693612800000,2023-09-02,Bridged Token Value (Dollar),,,,,293431385.76392317,,,
1693699200000,2023-09-03,Bridged Token Value (Dollar),,,,,293431385.76392317,,,
1693785600000,2023-09-04,Bridged Token Value (Dollar),,,,,293431385.76392317,,,
1693872000000,2023-09-05,Bridged Token Value (Dollar),,,,,283467114.7897124,,,
1693958400000,2023-09-06,Bridged Token Value (Dollar),,,,,283470255.6771788,,,
1694044800000,2023-09-07,Bridged Token Value (Dollar),,,,,283512764.6466596,,,
1694131200000,2023-09-08,Bridged Token Value (Dollar),,,,,283512764.6466596,,,
1694217600000,2023-09-09,Bridged Token Value (Dollar),,,,,283485040.2761021,,,
1694304000000,2023-09-10,Bridged Token Value (Dollar),,,,,283485040.2761021,,,
1694390400000,2023-09-11,Bridged Token Value (Dollar),,,,,283525259.7698648,,,
1694476800000,2023-09-12,Bridged Token Value (Dollar),,,,,277455496.9380915,,,
1694563200000,2023-09-13,Bridged Token Value (Dollar),,,,,277673132.53196263,,,
1694649600000,2023-09-14,Bridged Token Value (Dollar),,,,,278253229.3151319,,,
1694736000000,2023-09-15,Bridged Token Value (Dollar),,,,,278356128.8060304,,,
1694822400000,2023-09-16,Bridged Token Value (Dollar),,,,,278356128.8060304,,,
1694908800000,2023-09-17,Bridged Token Value (Dollar),,,,,278356128.8060304,,,
1694995200000,2023-09-18,Bridged Token Value (Dollar),,,,,278476745.54837835,,,
1695081600000,2023-09-19,Bridged Token Value (Dollar),,,,,277834621.2490287,,,
1695168000000,2023-09-20,Bridged Token Value (Dollar),,,,,274819502.2801463,,,
1695254400000,2023-09-21,Bridged Token Value (Dollar),,,,,274858327.129533,,,
1695340800000,2023-09-22,Bridged Token Value (Dollar),,,,,274480199.69013226,,,
1695427200000,2023-09-23,Bridged Token Value (Dollar),,,,,274480199.69013226,,,
1695513600000,2023-09-24,Bridged Token Value (Dollar),,,,,274480199.69013226,,,
1695600000000,2023-09-25,Bridged Token Value (Dollar),,,,,307629038.6380465,,,
1695686400000,2023-09-26,Bridged Token Value (Dollar),,,,,307663468.7631521,,,
1695772800000,2023-09-27,Bridged Token Value (Dollar),,,,,307663492.7815962,,,
1695859200000,2023-09-28,Bridged Token Value (Dollar),,,,,307930831.9695145,,,
1695945600000,2023-09-29,Bridged Token Value (Dollar),,,,,308017675.5403878,,,
1696032000000,2023-09-30,Bridged Token Value (Dollar),,,,,308017675.5403878,,,
1696118400000,2023-10-01,Bridged Token Value (Dollar),,,,,308017675.5403878,,,
1696204800000,2023-10-02,Bridged Token Value (Dollar),,,,,308108238.5227809,,,
1696291200000,2023-10-03,Bridged Token Value (Dollar),,,2042015.3614231348,,308117949.6599796,,,
1696377600000,2023-10-04,Bridged Token Value (Dollar),,,2042315.2316297349,,308147972.92670095,,,
1696464000000,2023-10-05,Bridged Token Value (Dollar),,,2042315.2316297349,,308147972.92670095,,,
1696550400000,2023-10-06,Bridged Token Value (Dollar),,,2043474.9325689483,,306578726.6957046,,,
1696636800000,2023-10-07,Bridged Token Value (Dollar),,,2043474.9325689483,,306578726.6957046,,,
1696723200000,2023-10-08,Bridged Token Value (Dollar),,,2043474.9325689483,,306578726.6957046,,,
1696809600000,2023-10-09,Bridged Token Value (Dollar),,,2043766.2605727098,,306623024.0920234,,,
1696896000000,2023-10-10,Bridged Token Value (Dollar),,,2044054.0392123286,,306315960.0329995,,,
1696982400000,2023-10-11,Bridged Token Value (Dollar),,,2044344.4032207609,,306369873.13384646,,,
1697068800000,2023-10-12,Bridged Token Value (Dollar),,,2044634.2810354156,,310357625.3497461,,,
1697155200000,2023-10-13,Bridged Token Value (Dollar),,,2045504.381287613,,310493068.96750915,,,
1697241600000,2023-10-14,Bridged Token Value (Dollar),,,2045504.381287613,,310493068.96750915,,,
1697328000000,2023-10-15,Bridged Token Value (Dollar),,,2045504.381287613,,310493068.96750915,,,
1697414400000,2023-10-16,Bridged Token Value (Dollar),,,2045794.6281317957,,310572095.7076318,,,
1697500800000,2023-10-17,Bridged Token Value (Dollar),,,2046082.663740669,,300217446.39576614,,,
1697587200000,2023-10-18,Bridged Token Value (Dollar),,,2046373.293414392,,300374614.88195235,,,
1697673600000,2023-10-19,Bridged Token Value (Dollar),,,2046663.9725552283,,300518951.89540845,,,
1697760000000,2023-10-20,Bridged Token Value (Dollar),,,2047536.2177603878,,312648422.7610081,,,
1697846400000,2023-10-21,Bridged Token Value (Dollar),,,2047536.2177603878,,312648422.7610081,,,
1697932800000,2023-10-22,Bridged Token Value (Dollar),,,2047536.2177603878,,312648422.7610081,,,
1698019200000,2023-10-23,Bridged Token Value (Dollar),,,2047826.838908528,,312696884.14083934,,,
1698105600000,2023-10-24,Bridged Token Value (Dollar),,,2047826.838908528,,312696884.2118676,,,
1698192000000,2023-10-25,Bridged Token Value (Dollar),,,2048408.57976585,,312018620.4605701,,,
1698278400000,2023-10-26,Bridged Token Value (Dollar),,,2048699.7180288834,,312073467.3549907,,,
1698364800000,2023-10-27,Bridged Token Value (Dollar),,,2049572.650540438,,312207939.05040157,,,
1698451200000,2023-10-28,Bridged Token Value (Dollar),,,2049572.650540438,,312207939.05040157,,,
1698537600000,2023-10-29,Bridged Token Value (Dollar),,,2049572.650540438,,312207939.05040157,,,
1698624000000,2023-10-30,Bridged Token Value (Dollar),,,2049863.5443371565,,312304504.84199643,,,
1698710400000,2023-10-31,Bridged Token Value (Dollar),,,2050153.6123278614,,312347170.3342564,,,
1698796800000,2023-11-01,Bridged Token Value (Dollar),,,2050153.6123278614,,320661184.06306434,,,
1698883200000,2023-11-02,Bridged Token Value (Dollar),,,2050736.6046965518,,320666864.26794654,,,
1698969600000,2023-11-03,Bridged Token Value (Dollar),,,2051610.8398633439,,320666864.26794654,,,
1699056000000,2023-11-04,Bridged Token Value (Dollar),,,2051610.8398633439,,324168745.11659986,,,
1699142400000,2023-11-05,Bridged Token Value (Dollar),,,2051610.8398633439,,324168745.11659986,,,
1699228800000,2023-11-06,Bridged Token Value (Dollar),,,2051901.9531834663,,324874581.7108322,,100.0141895,
1699315200000,2023-11-07,Bridged Token Value (Dollar),,,2052193.3684026613,,324913171.0485678,,100.02839371522117,
1699401600000,2023-11-08,Bridged Token Value (Dollar),,,2052484.8475833556,,324965419.4410254,,100.04260104806572,
1699488000000,2023-11-09,Bridged Token Value (Dollar),,,2052776.4892603185,,325011845.3968246,,100.05681630133384,
1699574400000,2023-11-10,Bridged Token Value (Dollar),,,2053651.5468221602,,324650716.44555867,,100.09946852098678,
1699660800000,2023-11-11,Bridged Token Value (Dollar),,,2053651.5468221602,,324650716.44555867,,100.09946852098678,
1699747200000,2023-11-12,Bridged Token Value (Dollar),,,2053651.5468221602,,324650716.44555867,,100.09946852098678,
1699833600000,2023-11-13,Bridged Token Value (Dollar),,,2053943.3008828112,,321697148.2748131,,100.11368925208168,
1699920000000,2023-11-14,Bridged Token Value (Dollar),,,2053943.3008828112,,321697148.2748131,,100.11368925208168,
1700006400000,2023-11-15,Bridged Token Value (Dollar),,,2054526.8943245318,,321794707.2129265,,150.14923802297534,
1700092800000,2023-11-16,Bridged Token Value (Dollar),,,2054818.926831818,,326841005.43455476,,150.17058038581717,
1700179200000,2023-11-17,Bridged Token Value (Dollar),,,2055694.7646319151,,326729039.1843126,,150.2345884933185,
1700265600000,2023-11-18,Bridged Token Value (Dollar),,,2055694.7646319151,,326729039.1843126,,150.2345884933185,
1700352000000,2023-11-19,Bridged Token Value (Dollar),,,2055694.7646319151,,326729039.1843126,,150.2345884933185,
1700438400000,2023-11-20,Bridged Token Value (Dollar),,,2055986.7842960102,,326765645.8685879,,150.25592991755235,
1700524800000,2023-11-21,Bridged Token Value (Dollar),,,2056278.7652591818,,324773993.4923007,,150.2772685134396,
1700611200000,2023-11-22,Bridged Token Value (Dollar),,,2056862.85741129,,324880104.8980043,,150.31995522239265,
1700697600000,2023-11-23,Bridged Token Value (Dollar),,,2056862.85741129,,324880104.8980043,,150.31995522239265,
1700784000000,2023-11-24,Bridged Token Value (Dollar),,,2057740.1341023303,,328536570.01760566,,150.38406848713447,
1700870400000,2023-11-25,Bridged Token Value (Dollar),,,2057740.1341023303,,328536570.01760566,,150.38406848713447,
1700956800000,2023-11-26,Bridged Token Value (Dollar),,,2057740.1341023303,,328536570.01760566,,150.38406848713447,
1701043200000,2023-11-27,Bridged Token Value (Dollar),,,2058032.6789017154,,328593977.64488405,,160.40544828938314,
1701129600000,2023-11-28,Bridged Token Value (Dollar),,,2058325.0985909626,,328662849.57817477,,160.42823981831424,
1701216000000,2023-11-29,Bridged Token Value (Dollar),,,2058617.2778387077,,327325564.0199823,,160.45101260695645,
1701302400000,2023-11-30,Bridged Token Value (Dollar),,,2058918.8562727063,,326038495.5132033,,160.47373856748007,
1701388800000,2023-12-01,Bridged Token Value (Dollar),,,2058918.8562727063,,326038495.5132033,,160.47373856748007,
1701475200000,2023-12-02,Bridged Token Value (Dollar),,,2059796.2398362807,,326219434.4060598,,160.54212252548575,
1701561600000,2023-12-03,Bridged Token Value (Dollar),,,2059796.2398362807,,326219434.4060598,,160.54212252548575,
1701648000000,2023-12-04,Bridged Token Value (Dollar),,,2059796.2398362807,,326219431.3757263,,160.54212252548575,
1701734400000,2023-12-05,Bridged Token Value (Dollar),,,2060381.873288416,,326363226.52833724,,160.58776725267256,
1701820800000,2023-12-06,Bridged Token Value (Dollar),,,2060674.1178533232,,325147003.2312932,,160.6105450215797,
1701907200000,2023-12-07,Bridged Token Value (Dollar),,,2060966.290533123,,322943933.57846576,,160.6333171877056,
1701993600000,2023-12-08,Bridged Token Value (Dollar),,,2061843.1203975652,,319961766.65845674,,160.70165798996982,
1702080000000,2023-12-09,Bridged Token Value (Dollar),,,2061843.1203975652,,319961766.65845674,,160.70165798996982,
1702166400000,2023-12-10,Bridged Token Value (Dollar),,,2061843.1203975652,,319961766.65845674,,160.70165798996982,
1702252800000,2023-12-11,Bridged Token Value (Dollar),,,2062135.3206809016,,325007116.0005855,,160.72443230753683,
1702339200000,2023-12-12,Bridged Token Value (Dollar),,,2062427.5005102183,,325094165.52901495,,160.74720503090163,
1702425600000,2023-12-13,Bridged Token Value (Dollar),,,2062719.5979922605,,325218307.96491987,,160.76997133605573,
1702512000000,2023-12-14,Bridged Token Value (Dollar),,,2063011.844104904,,325314904.8952473,,160.79274922559463,
1702598400000,2023-12-15,Bridged Token Value (Dollar),,,2063888.7417303238,,325443596.27465796,,160.86109530920223,
1702684800000,2023-12-16,Bridged Token Value (Dollar),,,2063888.7417303238,,325443596.27465796,,160.86109530920223,
1702771200000,2023-12-17,Bridged Token Value (Dollar),,,2063888.7417303238,,325443596.27465796,,160.86109530920223,
1702857600000,2023-12-18,Bridged Token Value (Dollar),,,2064181.0956983673,,325626142.2408008,,160.88388160507498,
1702944000000,2023-12-19,Bridged Token Value (Dollar),,,2064473.7387806666,,325452360.2803213,,160.9066904347379,
1703030400000,2023-12-20,Bridged Token Value (Dollar),,,2064766.2602581356,,325434613.8816079,,160.92948978642568,
1703116800000,2023-12-21,Bridged Token Value (Dollar),,,2065058.8376372142,,325526827.9670743,,160.9522934951284,
1703203200000,2023-12-22,Bridged Token Value (Dollar),,,2066230.5912578076,,325711088.32459706,,161.0436208845511,
1703289600000,2023-12-23,Bridged Token Value (Dollar),,,2066230.5912578076,,325711088.32459706,,161.0436208845511,
1703376000000,2023-12-24,Bridged Token Value (Dollar),,,2066230.5912578076,,325711088.32459706,,161.0436208845511,
1703462400000,2023-12-25,Bridged Token Value (Dollar),,,2066230.5912578076,,325711088.32459706,,161.0436208845511,
1703548800000,2023-12-26,Bridged Token Value (Dollar),,,2066523.9257499261,,323494928.2241227,,161.0664836032336,
1703635200000,2023-12-27,Bridged Token Value (Dollar),,,2066817.4010787176,,323400322.1582992,,161.08935729883603,
1703721600000,2023-12-28,Bridged Token Value (Dollar),,,2067110.6369979477,,323447205.54895157,,161.1122123346709,
1703808000000,2023-12-29,Bridged Token Value (Dollar),,,2067988.964710272,,323585740.20633835,,161.18066988036517,
1703894400000,2023-12-30,Bridged Token Value (Dollar),,,2067988.964710272,,323585740.20633835,,161.18066988036517,
1703980800000,2023-12-31,Bridged Token Value (Dollar),,,2067988.964710272,,323585740.20633835,,161.18066988036517,
1704067200000,2024-01-01,Bridged Token Value (Dollar),,,2067988.964710272,,323585740.20633835,,161.18066988036517,
1704153600000,2024-01-02,Bridged Token Value (Dollar),,,2068572.1603461988,,322229782.4442734,,161.2261246022588,
1704240000000,2024-01-03,Bridged Token Value (Dollar),,,2068860.3414081454,,331840417.8143388,,161.24858565858165,
1704326400000,2024-01-04,Bridged Token Value (Dollar),,,2069148.2853904625,,331123349.800853,,161.2710282367336,
1704412800000,2024-01-05,Bridged Token Value (Dollar),,,2070011.3954221923,,331161632.27342296,,161.33829970455508,
1704499200000,2024-01-06,Bridged Token Value (Dollar),,,2070011.3954221923,,331161632.27342296,,161.33829970455508,
1704585600000,2024-01-07,Bridged Token Value (Dollar),,,2070011.3954221923,,331161632.27342296,,161.33829970455508,
1704672000000,2024-01-08,Bridged Token Value (Dollar),,,2070304.068123357,,331320262.2230915,,161.3611108427354,
1704758400000,2024-01-09,Bridged Token Value (Dollar),,,2070597.1941951462,,331302672.533168,,161.38395731697517,
1704844800000,2024-01-10,Bridged Token Value (Dollar),,,2070890.218898277,,334210450.67637825,,161.4067958904628,
1704931200000,2024-01-11,Bridged Token Value (Dollar),,,2071182.3241763234,,334259682.1263432,,161.42956280324353,
1705017600000,2024-01-12,Bridged Token Value (Dollar),,,2072353.1076222574,,334483852.3230584,,161.520814576498,
1705104000000,2024-01-13,Bridged Token Value (Dollar),,,2072353.1076222574,,334483852.3230584,,161.520814576498,
1705190400000,2024-01-14,Bridged Token Value (Dollar),,,2072353.1076222574,,334483852.3230584,,161.520814576498,
1705276800000,2024-01-15,Bridged Token Value (Dollar),,,2072353.1076222574,,334483852.3230584,,161.520814576498,
1705363200000,2024-01-16,Bridged Token Value (Dollar),,,2072645.9518398955,,334415464.5359862,,161.5436390828058,
1705449600000,2024-01-17,Bridged Token Value (Dollar),,,2072938.8664563934,,334414963.89963365,,161.5436390828058,
1705536000000,2024-01-18,Bridged Token Value (Dollar),,,2073231.7043112412,,333638427.4357329,,161.58929308644252,
1705622400000,2024-01-19,Bridged Token Value (Dollar),,,2074109.541713322,,333779968.4902206,,161.65771241697473,
1705708800000,2024-01-20,Bridged Token Value (Dollar),,,2074109.541713322,,333779968.4902206,,161.65771241697473,
1705795200000,2024-01-21,Bridged Token Value (Dollar),,,2074109.541713322,,333779968.4902206,,161.65771241697473,
1705881600000,2024-01-22,Bridged Token Value (Dollar),,,2074402.192347329,,333875275.6722671,,161.68052183522363,
1705968000000,2024-01-23,Bridged Token Value (Dollar),,,2074694.3532265015,,333938319.0000342,,161.7032930815994,
1706054400000,2024-01-24,Bridged Token Value (Dollar),,,2074986.7564992565,,333972388.59881765,,161.72608322031974,
1706140800000,2024-01-25,Bridged Token Value (Dollar),,,2075279.4769559826,,334389602.41701066,,161.7488980806057,
1706227200000,2024-01-26,Bridged Token Value (Dollar),,,2076157.9261563423,,333536146.85814536,,161.81736509517202,
1706313600000,2024-01-27,Bridged Token Value (Dollar),,,2076157.9261563423,,333536146.85814536,,161.81736509517202,
1706400000000,2024-01-28,Bridged Token Value (Dollar),,,2076157.9261563423,,333536146.85814536,,161.81736509517202,
1706486400000,2024-01-29,Bridged Token Value (Dollar),,,2076450.815983459,,333581937.1331319,,161.8401931563181,
1706572800000,2024-01-30,Bridged Token Value (Dollar),,,2076743.805270045,,330562305.8922415,,161.86302896941265,
1706659200000,2024-01-31,Bridged Token Value (Dollar),,,2077036.2128745709,,330370019.3952714,,161.88581944575458,
1706745600000,2024-02-01,Bridged Token Value (Dollar),,,2077329.5651611325,,330418461.0356938,,161.9086835513498,
1706832000000,2024-02-02,Bridged Token Value (Dollar),,,2078209.6154447652,,330556711.1672813,,161.9086835513498,
1706918400000,2024-02-03,Bridged Token Value (Dollar),,,2078209.6154447652,,330556711.1672813,,161.97727535559292,
1707004800000,2024-02-04,Bridged Token Value (Dollar),,,2078209.6154447652,,330556711.1672813,,161.97727535559292,
1707091200000,2024-02-05,Bridged Token Value (Dollar),,,2078502.9547319852,,330601144.2471588,,162.00013844800935,
1707177600000,2024-02-06,Bridged Token Value (Dollar),,,2078795.961293514,,329328809.03754944,,162.02297560752638,
1707264000000,2024-02-07,Bridged Token Value (Dollar),,,2079088.9135355633,,329388454.5968557,,162.0458085333409,
1707350400000,2024-02-08,Bridged Token Value (Dollar),,,2079381.9424061258,,329422878.93500376,,162.0686474316414,
1707436800000,2024-02-09,Bridged Token Value (Dollar),,,2080247.0879777013,,328814038.2914214,,162.13607755102316,
1707523200000,2024-02-10,Bridged Token Value (Dollar),,,2080247.0879777013,,328814038.2914214,,162.13607755102316,
1707609600000,2024-02-11,Bridged Token Value (Dollar),,,2080247.0879777013,,328814038.2914214,,162.13607755102316,
1707696000000,2024-02-12,Bridged Token Value (Dollar),,,2080540.088699796,,328853576.41930336,,162.15891425541014,
1707782400000,2024-02-13,Bridged Token Value (Dollar),,,2080833.1889458718,,328899904.3251136,,162.1817587167737,
1707868800000,2024-02-14,Bridged Token Value (Dollar),,,2081125.7332839058,,328931654.3629955,,162.20455985023168,
1707955200000,2024-02-15,Bridged Token Value (Dollar),,,2081417.8733898413,,329756977.52191365,,162.22732947752522,
1708041600000,2024-02-16,Bridged Token Value (Dollar),,,2082585.7090859893,,321955596.5736589,,162.31835150086647,
1708128000000,2024-02-17,Bridged Token Value (Dollar),,,2082585.7090859893,,321955596.5736589,,162.31835150086647,
1708214400000,2024-02-18,Bridged Token Value (Dollar),,,2082585.7090859893,,321955596.5736589,,162.31835150086647,
1708300800000,2024-02-19,Bridged Token Value (Dollar),,,2082585.7090859893,,321955596.5736589,,162.31835150086647,
1708387200000,2024-02-20,Bridged Token Value (Dollar),,,2082877.7542451457,,325308759.90127695,,162.34111372793413,
1708473600000,2024-02-21,Bridged Token Value (Dollar),,,2083169.8757673008,,323381664.12924445,,162.36388190679335,
1708560000000,2024-02-22,Bridged Token Value (Dollar),,,2083462.4736417113,,321321130.67128056,,162.38668721291822,
1708646400000,2024-02-23,Bridged Token Value (Dollar),,,2084339.5363384653,,321433895.29848915,,162.45504616231412,
1708732800000,2024-02-24,Bridged Token Value (Dollar),,,2084339.5363384653,,321433895.29848915,,162.45504616231412,
1708819200000,2024-02-25,Bridged Token Value (Dollar),,,2084339.5363384653,,321433895.29848915,,162.45504616231412,
1708905600000,2024-02-26,Bridged Token Value (Dollar),,,2084631.998356167,,319980284.03404486,,162.47784087966133,
1708992000000,2024-02-27,Bridged Token Value (Dollar),,,2084924.5431030244,,321887033.6300805,,162.50064204498332,
1709078400000,2024-02-28,Bridged Token Value (Dollar),,,2085217.0809505917,,321954297.9221823,,162.5234426725693,
1709164800000,2024-02-29,Bridged Token Value (Dollar),,,2085509.1614775546,,322014429.7048184,,162.54620765623133,
1709251200000,2024-03-01,Bridged Token Value (Dollar),,,2086391.064907687,,322248832.0914674,,162.61494389615532,
1709337600000,2024-03-02,Bridged Token Value (Dollar),,,2086391.064907687,,322248832.0914674,,162.61494389615532,
1709424000000,2024-03-03,Bridged Token Value (Dollar),,,2086391.064907687,,322248832.0914674,,162.61494389615532,
1709510400000,2024-03-04,Bridged Token Value (Dollar),,,2086685.085395727,,319219009.3644685,,162.637860081894,
1709596800000,2024-03-05,Bridged Token Value (Dollar),,,2086979.3163395082,,319299520.2811806,,162.66079267071697,
1709683200000,2024-03-06,Bridged Token Value (Dollar),,,2087273.5887710294,,319194540.270502,,162.68372849312672,
1709769600000,2024-03-07,Bridged Token Value (Dollar),,,2087567.9569652537,,319335807.0766641,,162.7066717793561,
1709856000000,2024-03-08,Bridged Token Value (Dollar),,,2088451.9313539267,,332028246.0050368,,162.77556943140107,
1709942400000,2024-03-09,Bridged Token Value (Dollar),,,2088451.9313539267,,332028246.0050368,,162.77556943140107,
1710028800000,2024-03-10,Bridged Token Value (Dollar),,,2088451.9313539267,,352060280.8650778,,162.77556943140107,
1710115200000,2024-03-11,Bridged Token Value (Dollar),,,2088746.8562703168,,347994142.76178986,,162.79855610898946,
1710201600000,2024-03-12,Bridged Token Value (Dollar),,,2089041.8646100557,,348041196.2290637,,162.82154928865862,
1710288000000,2024-03-13,Bridged Token Value (Dollar),,,2089336.7307802036,,350990321.89601237,,162.84453138751917,
1710374400000,2024-03-14,Bridged Token Value (Dollar),,,2089630.9114812342,,351039241.0488493,,162.86746006038305,
1710460800000,2024-03-15,Bridged Token Value (Dollar),,,2090516.5597504473,,411038319.7116989,,162.93648817598046,
1710547200000,2024-03-16,Bridged Token Value (Dollar),,,2090516.5597504473,,411080667.7133828,,162.93648817598046,
1710633600000,2024-03-17,Bridged Token Value (Dollar),,,2090516.5597504473,,411080667.7133828,,162.93648817598046,
1710720000000,2024-03-18,Bridged Token Value (Dollar),,,2090811.9392877573,,348812794.66803133,,162.95951028707728,
1710806400000,2024-03-19,Bridged Token Value (Dollar),,,2091107.0281216206,,349147054.71006304,,162.98250974052115,
1710892800000,2024-03-20,Bridged Token Value (Dollar),,,2091401.8742125859,,349196600.4441348,,163.00549027439456,
1710979200000,2024-03-21,Bridged Token Value (Dollar),,,2091696.889452364,,358448598.46580553,,163.02848399185817,
1711065600000,2024-03-22,Bridged Token Value (Dollar),,,2092582.5452908115,,358094665.9788452,,163.09751269740758,
1711152000000,2024-03-23,Bridged Token Value (Dollar),,,2092582.5452908115,,358094665.9788452,,163.09751269740758,
1711238400000,2024-03-24,Bridged Token Value (Dollar),,,2092582.5452908115,,358094665.9788452,,163.09751269740758,
1711324800000,2024-03-25,Bridged Token Value (Dollar),,,2092877.7689288836,,358103907.19257194,,163.12052265759644,
1711411200000,2024-03-26,Bridged Token Value (Dollar),,,2093172.841672647,,358155695.90371,,163.1435208569654,
1711497600000,2024-03-27,Bridged Token Value (Dollar),,,2093467.4473774212,,358207249.88513464,,163.16648265495195,
1711584000000,2024-03-28,Bridged Token Value (Dollar),,,2094642.4436646758,,358458537.3728337,,163.25806278033872,
1711670400000,2024-03-29,Bridged Token Value (Dollar),,,2094642.4436646758,,358458537.3728337,,163.25806278033872,
1711756800000,2024-03-30,Bridged Token Value (Dollar),,,2094642.4436646758,,358458537.3728337,,163.25806278033872,
1711843200000,2024-03-31,Bridged Token Value (Dollar),,,2094642.4436646758,,358458537.3728337,,163.25806278033872,
1711929600000,2024-04-01,Bridged Token Value (Dollar),,,2094938.1380545206,,356095786.2180259,,163.28110943128723,
1712016000000,2024-04-02,Bridged Token Value (Dollar),,,2095233.8469524595,,356140055.5625861,,163.3041572130079,
1712102400000,2024-04-03,Bridged Token Value (Dollar),,,2095529.2560677752,,361198628.10535765,,163.32718162943752,
1712188800000,2024-04-04,Bridged Token Value (Dollar),,,2095824.2835362076,,361250537.89943004,,163.35017630001195,
1712275200000,2024-04-05,Bridged Token Value (Dollar),,,2096710.4693013125,,361401899.14023197,,163.4192463084576,
1712361600000,2024-04-06,Bridged Token Value (Dollar),,,2096710.4693013125,,361401899.14023197,,163.4192463084576,
1712448000000,2024-04-07,Bridged Token Value (Dollar),,,2096710.4693013125,,361401899.14023197,,163.4192463084576,
1712534400000,2024-04-08,Bridged Token Value (Dollar),,,2097005.5582360514,,361260176.6712274,,163.4422457697638,
1712620800000,2024-04-09,Bridged Token Value (Dollar),,,2097300.5440079286,,361158861.24009377,,163.46523719047622,
1712707200000,2024-04-10,Bridged Token Value (Dollar),,,2097589.3066387293,,361053706.6750234,,163.4877435747283,
1712793600000,2024-04-11,Bridged Token Value (Dollar),,,2097878.00414777,,361082379.4383799,,163.51024488333974,
1712880000000,2024-04-12,Bridged Token Value (Dollar),,,2098749.548683691,,361247383.51227164,,163.57817374298432,
1712966400000,2024-04-13,Bridged Token Value (Dollar),,,2098749.548683691,,361247383.51227164,,163.57817374298432,
1713052800000,2024-04-14,Bridged Token Value (Dollar),,,2098749.548683691,,361247383.51227164,,163.57817374298432,
1713139200000,2024-04-15,Bridged Token Value (Dollar),,,2099045.5689125345,,361219751.0136611,,163.60124579007808,
1713225600000,2024-04-16,Bridged Token Value (Dollar),,,2099341.452474974,,361278238.91107893,,163.6243071852859,
1713312000000,2024-04-17,Bridged Token Value (Dollar),,,2099637.1279238234,,385510422.0607274,,163.6473523599585,
1713398400000,2024-04-18,Bridged Token Value (Dollar),,,2099933.6197822946,,388327967.6949288,,163.6704611662326,
1713484800000,2024-04-19,Bridged Token Value (Dollar),,,2100823.2944591204,,392803034.3289005,,163.73980310317398,
1713571200000,2024-04-20,Bridged Token Value (Dollar),,,2100823.2944591204,,392803034.3289005,,163.73980310317398,
1713657600000,2024-04-21,Bridged Token Value (Dollar),,,2100823.2944591204,,392803034.3289005,,163.73980310317398,
1713744000000,2024-04-22,Bridged Token Value (Dollar),,,2101119.8781877155,,382169062.2223156,,163.76291906987709,
1713830400000,2024-04-23,Bridged Token Value (Dollar),,,2101416.873583617,,380205317.20228696,,163.78606712225053,
1713916800000,2024-04-24,Bridged Token Value (Dollar),,,2101713.9025544478,,378272720.8016794,,163.80921779148005,
1714003200000,2024-04-25,Bridged Token Value (Dollar),,,2102011.0029334268,,378337543.8111786,,163.83237402631627,
1714089600000,2024-04-26,Bridged Token Value (Dollar),,,2102901.5577310175,,373924333.0405312,,163.90178456055526,
1714176000000,2024-04-27,Bridged Token Value (Dollar),,,2102901.5577310175,,373924333.0405312,,163.90178456055526,
1714262400000,2024-04-28,Bridged Token Value (Dollar),,,2102901.5577310175,,373924333.0405312,,163.90178456055526,
1714348800000,2024-04-29,Bridged Token Value (Dollar),,,2103198.5463122125,,365972693.2662522,,163.9249320817852,
1714435200000,2024-04-30,Bridged Token Value (Dollar),,,2103495.612590886,,366026090.07921135,,163.9480856588171,
1714521600000,2024-05-01,Bridged Token Value (Dollar),,,2103792.798658024,,365938683.76720375,,163.97124857225515,
1714608000000,2024-05-02,Bridged Token Value (Dollar),,,2104090.0414387537,,365995694.14751244,,163.99441590599469,
1714694400000,2024-05-03,Bridged Token Value (Dollar),,,2104981.7000919743,,365652593.603909,,164.06391247560083,
1714780800000,2024-05-04,Bridged Token Value (Dollar),,,2104981.7000919743,,365652593.603909,,164.06391247560083,
1714867200000,2024-05-05,Bridged Token Value (Dollar),,,2104981.7000919743,,365652593.603909,,164.06391247560083,
1714953600000,2024-05-06,Bridged Token Value (Dollar),,,2105279.479223196,,365180309.72937894,,164.08712161291527,
1715040000000,2024-05-07,Bridged Token Value (Dollar),,,2105577.4141645366,,365230189.31662613,,164.1103428941917,
1715126400000,2024-05-08,Bridged Token Value (Dollar),,,2105875.2438786156,,365780188.3755767,,164.1335559739734,
1715212800000,2024-05-09,Bridged Token Value (Dollar),,,2106173.172578743,,366306560.7714328,,164.1567767688048,
1715299200000,2024-05-10,Bridged Token Value (Dollar),,,2107067.2009670394,,364962175.5576316,,164.22645803740764,
1715385600000,2024-05-11,Bridged Token Value (Dollar),,,2107067.2009670394,,364962175.5576316,,164.22645803740764,
1715472000000,2024-05-12,Bridged Token Value (Dollar),,,2107067.2009670394,,364962175.5576316,,164.22645803740764,
1715558400000,2024-05-13,Bridged Token Value (Dollar),,,2107365.22033781,,357513232.7635673,,164.24968589917952,
1715644800000,2024-05-14,Bridged Token Value (Dollar),,,2107663.38512074,,355564063.23872054,,164.27292509448833,
1715731200000,2024-05-15,Bridged Token Value (Dollar),,,2107961.522537219,,355614937.14958996,,164.29616215683464,
1715817600000,2024-05-16,Bridged Token Value (Dollar),,,2108259.8349280036,,355639541.1502641,,164.31941285681458,
1715904000000,2024-05-17,Bridged Token Value (Dollar),,,2109155.1854725196,,353791576.6373798,,164.3891971753025,
1715990400000,2024-05-18,Bridged Token Value (Dollar),,,2109155.1854725196,,353791576.6373798,,164.3891971753025,
1716076800000,2024-05-19,Bridged Token Value (Dollar),,,2109155.1854725196,,353791576.6373798,,164.3891971753025,
1716163200000,2024-05-20,Bridged Token Value (Dollar),,,2109453.6499136607,,353657100.04628,,164.41245972620558,
1716249600000,2024-05-21,Bridged Token Value (Dollar),,,2109752.441366449,,350214443.4521779,,164.43574776465104,
1716336000000,2024-05-22,Bridged Token Value (Dollar),,,2110051.300458283,,350267396.3388142,,164.45904107493638,
1716422400000,2024-05-23,Bridged Token Value (Dollar),,,2110350.180784788,,349089560.3144469,,164.48233604026848,
1716508800000,2024-05-24,Bridged Token Value (Dollar),,,2111546.095128737,,347358435.87889063,,164.57554653527913,
1716595200000,2024-05-25,Bridged Token Value (Dollar),,,2111546.095128737,,347358435.87889063,,164.57554653527913,
1716681600000,2024-05-26,Bridged Token Value (Dollar),,,2111546.095128737,,347358435.87889063,,164.57554653527913,
1716768000000,2024-05-27,Bridged Token Value (Dollar),,,2111546.095128737,,347358435.87889063,,164.57554653527913,
1716854400000,2024-05-28,Bridged Token Value (Dollar),,,2111845.261091041,,348319750.8642388,,164.5988637632878,
1716940800000,2024-05-29,Bridged Token Value (Dollar),,,2112144.1062020925,,348370031.2442455,,164.6221559839001,
1717027200000,2024-05-30,Bridged Token Value (Dollar),,,2112442.5817343164,,346495120.80583113,,164.64541939925078,
1717113600000,2024-05-31,Bridged Token Value (Dollar),,,2112740.886088611,,346230383.8428764,,164.66866947286042,
1717200000000,2024-06-01,Bridged Token Value (Dollar),,,2112740.886088611,,346230383.8428764,,164.66866947286042,
1717286400000,2024-06-02,Bridged Token Value (Dollar),,,2112740.886088611,,346230383.8428764,,164.66866947286042,
1717372800000,2024-06-03,Bridged Token Value (Dollar),,,2113636.5910382317,,344076581.77392983,,164.7384814139581,
1717459200000,2024-06-04,Bridged Token Value (Dollar),,,2113935.613547676,,344130659.3196727,,164.7617874611392,
1717545600000,2024-06-05,Bridged Token Value (Dollar),,,2114234.9891092665,,344163245.10397315,,164.78512102547944,
1717632000000,2024-06-06,Bridged Token Value (Dollar),,,2114533.9736502515,,344213694.90919626,,164.80842411336926,
1717718400000,2024-06-07,Bridged Token Value (Dollar),,,2115431.971823647,,342254203.1709701,,164.8784147901133,
1717804800000,2024-06-08,Bridged Token Value (Dollar),,,2115431.971823647,,342254203.1709701,,164.8784147901133,
1717891200000,2024-06-09,Bridged Token Value (Dollar),,,2115431.971823647,,342254203.1709701,,164.8784147901133,
1717977600000,2024-06-10,Bridged Token Value (Dollar),,,2115731.2991013643,,342323202.5938193,,164.90174459117085,
1718064000000,2024-06-11,Bridged Token Value (Dollar),,,2116030.651807143,,342345517.4506255,,164.9250763741113,
1718150400000,2024-06-12,Bridged Token Value (Dollar),,,2116329.922022228,,342309915.4066126,,164.9484017276629,
1718236800000,2024-06-13,Bridged Token Value (Dollar),,,2116629.22821411,,342113053.8121932,,164.97172988527404,
1718323200000,2024-06-14,Bridged Token Value (Dollar),,,2117527.623023508,,342278762.32969606,,165.04175147613694,
1718409600000,2024-06-15,Bridged Token Value (Dollar),,,2117527.623023508,,342278762.32969606,,165.04175147613694,
1718496000000,2024-06-16,Bridged Token Value (Dollar),,,2117527.623023508,,342278762.32969606,,165.04175147613694,
1718582400000,2024-06-17,Bridged Token Value (Dollar),,,2117827.1091902875,,342221663.4993994,,165.0650936611317,
1718668800000,2024-06-18,Bridged Token Value (Dollar),,,2118425.981986743,,342318655.91520786,,165.11177027312192,
1718755200000,2024-06-19,Bridged Token Value (Dollar),,,2118425.981986743,,342318655.91520786,,165.11177027312192,
1718841600000,2024-06-20,Bridged Token Value (Dollar),,,2118725.616394487,,339272715.1499945,,165.13512401213288,
1718928000000,2024-06-21,Bridged Token Value (Dollar),,,2119624.549299011,,338370708.99881434,,165.20518754254874,
1719014400000,2024-06-22,Bridged Token Value (Dollar),,,2119624.549299011,,338370708.99881434,,165.20518754254874,
1719100800000,2024-06-23,Bridged Token Value (Dollar),,,2119624.549299011,,338370708.99881434,,165.20518754254874,
1719187200000,2024-06-24,Bridged Token Value (Dollar),,,2119924.2896457766,,339911850.8484719,,165.2285495385295,
1719273600000,2024-06-25,Bridged Token Value (Dollar),,,2120224.1274974556,,350045830.30073714,,165.25191913411913,
1719360000000,2024-06-26,Bridged Token Value (Dollar),,,2120525.992287384,,399969086.4252852,,165.27544671085394,
1719446400000,2024-06-27,Bridged Token Value (Dollar),,,2120826.0276305587,,399969086.4252852,,165.2988316990845,
1719532800000,2024-06-28,Bridged Token Value (Dollar),,,2121721.548541552,,399847989.993254,,165.36862929606826,
1719619200000,2024-06-29,Bridged Token Value (Dollar),,,2121721.548541552,,399847989.993254,,165.36862929606826,
1719705600000,2024-06-30,Bridged Token Value (Dollar),,,2121721.548541552,,399847989.993254,,165.36862929606826,
1719792000000,2024-07-01,Bridged Token Value (Dollar),,,2122022.0925206244,,398863423.4001438,,165.3920539277767,
1719878400000,2024-07-02,Bridged Token Value (Dollar),,,2122323.1777472435,,398993793.3946971,,165.4155207447403,
1719964800000,2024-07-03,Bridged Token Value (Dollar),,,2122924.189958657,,398614010.36987674,,165.46236410439792,
1720051200000,2024-07-04,Bridged Token Value (Dollar),,,2122924.189958657,,398614010.36987674,,165.46236410439792,
1720137600000,2024-07-05,Bridged Token Value (Dollar),,,2123819.609661043,,398811171.227384,,165.53215381310406,
1720224000000,2024-07-06,Bridged Token Value (Dollar),,,2123819.609661043,,398811171.227384,,165.53215381310406,
1720310400000,2024-07-07,Bridged Token Value (Dollar),,,2123819.609661043,,398811171.227384,,165.53215381310406,
1720396800000,2024-07-08,Bridged Token Value (Dollar),,,2124117.6919908985,,398796033.9303739,,165.55538658195604,
1720483200000,2024-07-09,Bridged Token Value (Dollar),,,2124416.633942516,,398851159.28781474,,165.57868635039742,
1720569600000,2024-07-10,Bridged Token Value (Dollar),,,2124714.7851950065,,399112702.05395275,,165.60192449113327,
1720656000000,2024-07-11,Bridged Token Value (Dollar),,,2125013.71769228,,415163946.03857636,,165.6252235226957,
1720742400000,2024-07-12,Bridged Token Value (Dollar),,,2125902.1923026885,,415341033.39753234,,165.69447192552622,
1720828800000,2024-07-13,Bridged Token Value (Dollar),,,2125902.1923026885,,415341033.39753234,,165.69447192552622,
1720915200000,2024-07-14,Bridged Token Value (Dollar),,,2125902.1923026885,,415341033.39753234,,165.69447192552622,
1721001600000,2024-07-15,Bridged Token Value (Dollar),,,2126202.452602427,,420406222.8095438,,165.7178744470465,
1721088000000,2024-07-16,Bridged Token Value (Dollar),,,2126502.7297962005,,420797745.51906633,,165.74127828530104,
1721174400000,2024-07-17,Bridged Token Value (Dollar),,,2126802.685765255,,420797745.51906633,,165.76465708705084,
1721260800000,2024-07-18,Bridged Token Value (Dollar),,,2127102.5755779613,,420809216.9465846,,165.7880307325234,
1721347200000,2024-07-19,Bridged Token Value (Dollar),,,2128004.3607148775,,421016394.6515201,,165.85831656815245,
1721433600000,2024-07-20,Bridged Token Value (Dollar),,,2128004.3607148775,,421100078.51938516,,165.85831656815245,
1721520000000,2024-07-21,Bridged Token Value (Dollar),,,2128004.3607148775,,421100078.51938516,,165.85831656815245,
1721606400000,2024-07-22,Bridged Token Value (Dollar),,,2128304.7349144053,,421109604.05856174,,165.881727967111,
1721692800000,2024-07-23,Bridged Token Value (Dollar),,,2128605.2813392417,,421169002.2597988,,165.90515278944414,
1721779200000,2024-07-24,Bridged Token Value (Dollar),,,2128905.895748704,,418923493.2733756,,265.928582910552,
1721865600000,2024-07-25,Bridged Token Value (Dollar),,,2129206.354624489,,418982591.91748524,,265.9661142092439,
1721952000000,2024-07-26,Bridged Token Value (Dollar),,,2130108.3460540855,,419164244.0843298,,266.07878490227415,
1722038400000,2024-07-27,Bridged Token Value (Dollar),,,2130108.3460540855,,419164244.0843298,,266.07878490227415,
1722124800000,2024-07-28,Bridged Token Value (Dollar),,,2130108.3460540855,,419164244.0843298,,266.07878490227415,
1722211200000,2024-07-29,Bridged Token Value (Dollar),,,2130406.8402667264,,418053062.16134876,,266.1160707884813,
1722297600000,2024-07-30,Bridged Token Value (Dollar),,,2130705.4189157966,,418111652.71601886,,266.15336722191836,
1722384000000,2024-07-31,Bridged Token Value (Dollar),,,2131004.6914068214,,414223317.07374805,,266.19075032541826,
1722470400000,2024-08-01,Bridged Token Value (Dollar),,,2131304.2829633723,,414289547.7790053,,266.22817328443426,
1722556800000,2024-08-02,Bridged Token Value (Dollar),,,2132201.8007725794,,414471695.2519346,,266.3402851629424,
1722643200000,2024-08-03,Bridged Token Value (Dollar),,,2132201.8007725794,,414471695.2519346,,266.3402851629424,
1722729600000,2024-08-04,Bridged Token Value (Dollar),,,2132201.8007725794,,414471695.2519346,,266.3402851629424,
1722816000000,2024-08-05,Bridged Token Value (Dollar),,,2132502.7823787765,,418477846.8243325,,266.377881757596,
1722902400000,2024-08-06,Bridged Token Value (Dollar),,,2132803.8683141177,,410536940.27548414,,266.4154913843435,
1722988800000,2024-08-07,Bridged Token Value (Dollar),,,2133104.798408721,,410551057.42578125,,266.4530815445159,
1723075200000,2024-08-08,Bridged Token Value (Dollar),,,2133405.7602978335,,410661582.4848872,,266.4906756762441,
1723161600000,2024-08-09,Bridged Token Value (Dollar),,,2134309.270437754,,410762832.5789715,,266.60353607633704,
1723248000000,2024-08-10,Bridged Token Value (Dollar),,,2134309.270437754,,410762832.5789715,,266.60353607633704,
1723334400000,2024-08-11,Bridged Token Value (Dollar),,,2134309.270437754,,410762832.5789715,,266.60353607633704,
1723420800000,2024-08-12,Bridged Token Value (Dollar),,,2134309.270437754,,410762812.5676781,,266.60353607633704,
1723507200000,2024-08-13,Bridged Token Value (Dollar),,,2134908.001112352,,425044786.35506433,,266.678325478799,
1723593600000,2024-08-14,Bridged Token Value (Dollar),,,2135207.460387852,,423199426.5362267,,266.7157319141573,
1723680000000,2024-08-15,Bridged Token Value (Dollar),,,2135507.0299945446,,423242102.55669105,,266.75315213134485,
1723766400000,2024-08-16,Bridged Token Value (Dollar),,,2136405.354517289,,423464244.0019509,,266.86536477907356,
1723852800000,2024-08-17,Bridged Token Value (Dollar),,,2136405.354517289,,423464244.0019509,,266.86536477907356,
1723939200000,2024-08-18,Bridged Token Value (Dollar),,,2136405.354517289,,423464244.0019509,,266.86536477907356,
1724025600000,2024-08-19,Bridged Token Value (Dollar),,,2136706.089889828,,424380016.0526186,,266.90293061587744,
1724112000000,2024-08-20,Bridged Token Value (Dollar),,,2137006.83127198,,422689888.53980196,,266.94049720336164,
1724198400000,2024-08-21,Bridged Token Value (Dollar),,,2137307.343583614,,422749453.46022844,,266.9780351768999,
1724284800000,2024-08-22,Bridged Token Value (Dollar),,,2137607.8425841997,,422783935.76424116,,267.01557148771167,
1724371200000,2024-08-23,Bridged Token Value (Dollar),,,2138509.220508829,,423325823.13849515,,267.1281655458343,
1724457600000,2024-08-24,Bridged Token Value (Dollar),,,2138509.220508829,,423325823.13849515,,267.1281655458343,
1724544000000,2024-08-25,Bridged Token Value (Dollar),,,2138509.220508829,,423325823.13849515,,267.1281655458343,
1724630400000,2024-08-26,Bridged Token Value (Dollar),,,2138809.8671046128,,425385550.8357193,,500367.1257202932,
1724716800000,2024-08-27,Bridged Token Value (Dollar),,,2139110.436194047,,425482298.96134675,,500437.4428128378,
1724803200000,2024-08-28,Bridged Token Value (Dollar),,,2139410.9726538905,,425442227.52226764,,500412.7922718032,
1724889600000,2024-08-29,Bridged Token Value (Dollar),,,2139711.2068927377,,425308854.38663423,,500483.01770100667,
1724976000000,2024-08-30,Bridged Token Value (Dollar),,,2140310.09922128,,425319163.71404815,,500623.0998947631,
1725062400000,2024-08-31,Bridged Token Value (Dollar),,,2140310.09922128,,425319163.71404815,,500623.0998947631,
1725148800000,2024-09-01,Bridged Token Value (Dollar),,,2140310.09922128,,425319163.71404815,,500623.0998947631,
1725235200000,2024-09-02,Bridged Token Value (Dollar),,,2140310.09922128,,425319163.71404815,,500623.0998947631,
1725321600000,2024-09-03,Bridged Token Value (Dollar),,,2141209.662994742,,424680868.5608638,,500833.50978115643,
1725408000000,2024-09-04,Bridged Token Value (Dollar),,,2141508.779278614,,424740697.4892839,,500833.50978115643,
1725494400000,2024-09-05,Bridged Token Value (Dollar),,,2141808.457734169,,424804607.42796284,,14098973.569148611,
1725580800000,2024-09-06,Bridged Token Value (Dollar),,,2142705.7876638127,,424048625.3997462,,17104880.461016167,
1725667200000,2024-09-07,Bridged Token Value (Dollar),,,2142705.7876638127,,424048625.3997462,,17104880.461016167,
1725753600000,2024-09-08,Bridged Token Value (Dollar),,,2142705.7876638127,,424048625.3997462,,17104880.461016167,
1725840000000,2024-09-09,Bridged Token Value (Dollar),,,2143004.429425674,,424134977.5912249,,17107264.470835302,
1725926400000,2024-09-10,Bridged Token Value (Dollar),,,2143302.3884755326,,421213973.46130675,,17109643.0306728,
1726012800000,2024-09-11,Bridged Token Value (Dollar),,,2143600.264641483,,421107793.72921824,,17112020.928861205,
1726099200000,2024-09-12,Bridged Token Value (Dollar),,,2143897.031092921,,414476326.0749179,,17614389.96837466,
1726185600000,2024-09-13,Bridged Token Value (Dollar),,,2144788.103303748,,414543900.77919465,,17621711.072505996,
1726272000000,2024-09-14,Bridged Token Value (Dollar),,,2144788.103303748,,414543900.77919465,,17621711.072505996,
1726358400000,2024-09-15,Bridged Token Value (Dollar),,,2144788.103303748,,414543900.77919465,,17621711.072505996,
1726444800000,2024-09-16,Bridged Token Value (Dollar),,,2145084.911950212,,414471076.80131763,,17624149.670614477,
1726531200000,2024-09-17,Bridged Token Value (Dollar),,,2145381.1202904484,,414000421.8681367,,17626583.336570043,
1726617600000,2024-09-18,Bridged Token Value (Dollar),,,2145676.888967835,,414921229.574773,,17629013.390228573,
1726704000000,2024-09-19,Bridged Token Value (Dollar),,,2145961.789799475,,414999319.6596756,,17631354.152997516,
1726790400000,2024-09-20,Bridged Token Value (Dollar),,,2146807.066980783,,415169425.5701361,,17638299.002347548,
1726876800000,2024-09-21,Bridged Token Value (Dollar),,,2146807.066980783,,415169425.5701361,,17638299.002347548,
1726963200000,2024-09-22,Bridged Token Value (Dollar),,,2146807.066980783,,415169425.5701361,,17638299.002347548,
1727049600000,2024-09-23,Bridged Token Value (Dollar),,,2147088.614287196,,415232887.7249869,,17640612.212346807,
1727136000000,2024-09-24,Bridged Token Value (Dollar),,,2147368.9489121204,,415252182.56686664,,17642915.458880313,
1727222400000,2024-09-25,Bridged Token Value (Dollar),,,2147647.9651491283,,415216658.53749835,,17645207.873457547,
1727308800000,2024-09-26,Bridged Token Value (Dollar),,,2147925.9416682017,,415130259.53468174,,17647491.74564823,
1727395200000,2024-09-27,Bridged Token Value (Dollar),,,2148758.3553314134,,415292040.358844,,17654330.907541815,
1727481600000,2024-09-28,Bridged Token Value (Dollar),,,2148758.3553314134,,415292040.358844,,17654330.907541815,
1727568000000,2024-09-29,Bridged Token Value (Dollar),,,2148758.3553314134,,415292040.358844,,17654330.907541815,
1727654400000,2024-09-30,Bridged Token Value (Dollar),,,2148758.3553314134,,415292040.358844,,17654330.907541815,
1727740800000,2024-10-01,Bridged Token Value (Dollar),,,2149314.758601483,,413044019.9320155,,16658902.35105638,21066309.670253683
1727827200000,2024-10-02,Bridged Token Value (Dollar),,,2149595.828791095,,413163834.5241242,,21661090.869034633,21066153.8
1727913600000,2024-10-03,Bridged Token Value (Dollar),,,2149885.5191531666,,413620770.2398685,,21663909.258550875,21071650.00197761
1728000000000,2024-10-04,Bridged Token Value (Dollar),,,2150723.176898109,,413200613.13868624,,21672350.145851374,21079860.12789623
1728086400000,2024-10-05,Bridged Token Value (Dollar),,,2150723.176898109,,413200613.13868624,,21672350.145851374,21079860.12789623
1728172800000,2024-10-06,Bridged Token Value (Dollar),,,2150723.176898109,,413200613.13868624,,21672350.145851374,21079860.12789623
1728259200000,2024-10-07,Bridged Token Value (Dollar),,,2151002.291299837,,413431843.2566619,,21675162.718436252,21082595.808904048
1728345600000,2024-10-08,Bridged Token Value (Dollar),,,2151280.3298560106,,413505590.06652784,,21677964.449969236,21085320.945238307
1728432000000,2024-10-09,Bridged Token Value (Dollar),,,2151557.681521257,,413652563.38769066,,21680759.259857982,21088039.34915585
1728518400000,2024-10-10,Bridged Token Value (Dollar),,,2151833.1346934335,,413629550.25730896,,21683534.939062227,21090739.145393524
1728604800000,2024-10-11,Bridged Token Value (Dollar),,,2152660.98578518,100,413209661.40461963,,21691877.006940447,21098853.153466802
1728691200000,2024-10-12,Bridged Token Value (Dollar),,,2152660.98578518,100,413209661.40461963,,21691877.006940447,21098853.153466802
1728777600000,2024-10-13,Bridged Token Value (Dollar),,,2152660.98578518,100,413209661.40461963,,21691877.006940447,21098853.153466802
1728864000000,2024-10-14,Bridged Token Value (Dollar),,,2152937.019350726,100.0128229,413223304.25538766,,21694658.534637168,21101558.638307817
1728950400000,2024-10-15,Bridged Token Value (Dollar),,,2153213.262699679,100.02565554530631,413273916.18661386,,21697442.17627375,21104266.1792967
1729036800000,2024-10-16,Bridged Token Value (Dollar),,,2153485.575274586,100.03830558991181,385326232.1124649,,21700186.2083909,21106935.19363186
1729123200000,2024-10-17,Bridged Token Value (Dollar),,,2153761.180511995,100.05110859229951,385439688.11985624,,21702963.419922035,21109636.48030488
1729209600000,2024-10-18,Bridged Token Value (Dollar),,,2154587.0316216177,100.08947278968479,385651498.427392,,21711285.334433552,21117730.885974705
1729296000000,2024-10-19,Bridged Token Value (Dollar),,,2154587.0316216177,100.08947278968479,385651498.427392,,21711285.334433552,21117730.885974705
1729382400000,2024-10-20,Bridged Token Value (Dollar),,,2154587.0316216177,100.08947278968479,385651498.427392,,21711285.334433552,21117730.885974705
1729468800000,2024-10-21,Bridged Token Value (Dollar),,,2154862.0991295967,100.10225081231796,384678367.9907223,,21714057.127387058,21120426.902205992
1729555200000,2024-10-22,Bridged Token Value (Dollar),,,2155136.8742153053,100.11501525072805,384733464.86800706,,21716825.9736676,21123120.052322
1729641600000,2024-10-23,Bridged Token Value (Dollar),,,2155411.7037349157,100.12778221781787,386957636.97029835,,21719595.36846624,21125813.73596043
1729728000000,2024-10-24,Bridged Token Value (Dollar),,,2155685.244878825,100.14048933453135,386480045.3770396,,21722351.780594856,21128494.79185585
1729814400000,2024-10-25,Bridged Token Value (Dollar),,,2156504.2673080233,100.17853631148715,386655749.6596241,,21730604.884040967,21136522.26765309
1729900800000,2024-10-26,Bridged Token Value (Dollar),,,2156504.2673080233,100.17853631148715,386655749.6596241,,21730604.884040967,21136522.26765309
1729987200000,2024-10-27,Bridged Token Value (Dollar),,,2156504.2673080233,100.17853631148715,386655749.6596241,,21730604.884040967,21136522.26765309
1730073600000,2024-10-28,Bridged Token Value (Dollar),,,2156776.8278823686,100.19119787669156,386597427.7000292,,21733351.41519226,21139193.712702498
1730160000000,2024-10-29,Bridged Token Value (Dollar),,,2157048.2625597115,100.20380713932674,386121341.58937347,,21736086.600934565,21141854.12250963
1730246400000,2024-10-30,Bridged Token Value (Dollar),,,2157320.369883937,100.21644764918976,384694365.110446,,21738828.5647871,21144521.125123475
1730332800000,2024-10-31,Bridged Token Value (Dollar),,,2157591.066129309,100.22902260860789,384641720.2851121,,21741556.309517752,21147174.297345214
1730419200000,2024-11-01,Bridged Token Value (Dollar),,,2158410.616307823,100.26709410170066,384268535.3581576,,21749814.73097414,21155206.94576619
1730505600000,2024-11-02,Bridged Token Value (Dollar),,,2158410.616307823,100.26709410170066,384268535.3581576,,21749814.73097414,21155206.94576619
1730592000000,2024-11-03,Bridged Token Value (Dollar),,,2158410.616307823,100.26709410170066,384268535.3581576,,21749814.73097414,21155206.94576619
1730678400000,2024-11-04,Bridged Token Value (Dollar),,,2158683.3358060145,100.2797630495746,382326604.4259244,,21752562.863565028,21157879.9484742
1730764800000,2024-11-05,Bridged Token Value (Dollar),,,2158955.5177117763,100.29240702405824,382373463.8401569,,21755305.578958806,21160547.68208326
1730851200000,2024-11-06,Bridged Token Value (Dollar),,,2159226.686842712,100.30500395096527,382401840.71190214,,21758038.088850133,21163205.489193223
1730937600000,2024-11-07,Bridged Token Value (Dollar),,,2159226.686842712,100.30500395096527,382401840.71190214,,21758038.088850133,21163205.489193223
1731024000000,2024-11-08,Bridged Token Value (Dollar),,,2160300.117418815,100.35486923784468,380169699.1194449,,21768854.80554917,21173726.492846463
1731110400000,2024-11-09,Bridged Token Value (Dollar),,,2160300.117418815,100.35486923784468,380169699.1194449,,21768854.80554917,21173726.492846463
1731196800000,2024-11-10,Bridged Token Value (Dollar),,,2160300.117418815,100.35486923784468,380169699.1194449,,21768854.80554917,21173726.492846463
1731283200000,2024-11-11,Bridged Token Value (Dollar),,,2160568.9991729297,100.36735990664437,380185784.86755854,,21771564.266062543,21176361.880714394
1731369600000,2024-11-12,Bridged Token Value (Dollar),,,2160834.113952542,100.37967558390908,379490645.94496316,,21774235.767627373,21178960.34737533
1731456000000,2024-11-13,Bridged Token Value (Dollar),,,2161098.9306557095,100.3919774142909,385992273.66219544,,21776904.265543405,21181555.89250278
1731542400000,2024-11-14,Bridged Token Value (Dollar),,,2161362.3081045863,100.40421238536234,386043319.30259985,,21779558.260420054,21184137.33108251
1731628800000,2024-11-15,Bridged Token Value (Dollar),,,2162152.7680119933,100.44093251512855,386189573.2246635,,21787523.54580573,21191884.857339647
1731715200000,2024-11-16,Bridged Token Value (Dollar),,,2162152.7680119933,100.44093251512855,386189573.2246635,,21787523.54580573,21191884.857339647
1731801600000,2024-11-17,Bridged Token Value (Dollar),,,2162152.7680119933,100.44093251512855,386189573.2246635,,21787523.54580573,21191884.857339647
1731888000000,2024-11-18,Bridged Token Value (Dollar),,,2162416.6392979543,100.45319042697363,386149384.18655765,,21790182.516966783,21194471.13615952
1731974400000,2024-11-19,Bridged Token Value (Dollar),,,2162680.3049212005,100.46543878493559,386592642.7677043,,21792839.415711258,21197055.399219625
1732060800000,2024-11-20,Bridged Token Value (Dollar),30003653.61,,32166597.301267497,30003754.087674167,236722607.67567107,30003653.61,51792839.415711254,21199636.92500553
1732147200000,2024-11-21,Bridged Token Value (Dollar),30007302.50433378,,32170509.241998293,30007402.99422754,239409174.52524686,30007302.50433378,51805446.663520984,21202215.118850164
1732233600000,2024-11-22,Bridged Token Value (Dollar),30018243.28685607,,32182238.738349963,30018343.813388847,240061262.06589934,30018243.28685607,51824335.13659629,21209945.53129136
1732320000000,2024-11-23,Bridged Token Value (Dollar),30018243.28685607,,32182238.738349963,30018343.813388847,240061262.06589934,30018243.28685607,51824335.13659629,21209945.53129136
1732406400000,2024-11-24,Bridged Token Value (Dollar),30018243.28685607,,32182238.738349963,30018343.813388847,240061262.06589934,30018243.28685607,51824335.13659629,21209945.53129136
1732492800000,2024-11-25,Bridged Token Value (Dollar),30021893.265093807,,32186151.841122635,30021993.803849805,242375675.24219877,30021893.265093807,51830636.561154224,21212524.4909884
1732579200000,2024-11-26,Bridged Token Value (Dollar),30025539.454052746,,32190060.88144989,30025640.005019277,242425116.01051512,30025539.454052746,51836931.44379521,21215100.773300353
1732665600000,2024-11-27,Bridged Token Value (Dollar),30032823.07943905,,32197869.578608572,30032923.654797334,237484073.7374478,30032823.07943905,51849506.09846178,21220247.15366104
1732752000000,2024-11-28,Bridged Token Value (Dollar),30032823.07943905,,32197869.578608572,30032923.654797334,237484073.7374478,30032823.07943905,51849506.09846178,21220247.15366104
1732838400000,2024-11-29,Bridged Token Value (Dollar),30040089.731212884,,32205660.078538205,30040190.33090608,237574780.6713592,30040089.731212884,51862051.449408844,21225381.541001596
1732924800000,2024-11-30,Bridged Token Value (Dollar),30040089.731212884,,32205660.078538205,30040190.33090608,237574780.6713592,30040089.731212884,51862051.449408844,21225381.541001596
1733011200000,2024-12-01,Bridged Token Value (Dollar),30040089.731212884,,32205660.078538205,30040190.33090608,237574780.6713592,30040089.731212884,51862051.449408844,21225381.541001596
1733097600000,2024-12-02,Bridged Token Value (Dollar),30047372.59048714,,32213467.954356328,30047473.214569524,237626946.60762152,30047372.59048714,51874624.781438135,21230527.38005163
1733184000000,2024-12-03,Bridged Token Value (Dollar),30051027.853362773,,32217386.722732976,30051128.489686076,242668248.86544153,30051027.853362773,51880935.32954279,21233110.073707413
1733270400000,2024-12-04,Bridged Token Value (Dollar),30054682.028298713,,32221304.324741073,30054782.676859293,252598099.3217467,30054682.028298713,51887243.99939793,21235691.998659264
1733356800000,2024-12-05,Bridged Token Value (Dollar),30058322.5519328,,32225207.29133393,30058423.21268494,252379261.52918047,30058322.5519328,51893529.10126358,21238264.278031062
1733443200000,2024-12-06,Bridged Token Value (Dollar),30069204.175688084,,32236873.364201915,30069304.872881126,267809122.14283687,30069204.175688084,51912315.440988235,21245952.8907502
1733529600000,2024-12-07,Bridged Token Value (Dollar),30069204.175688084,,32236873.364201915,30069304.872881126,267809122.14283687,30069204.175688084,51912315.440988235,21245952.8907502
1733616000000,2024-12-08,Bridged Token Value (Dollar),30069204.175688084,,32236873.364201915,30069304.872881126,267809122.14283687,30069204.175688084,51912315.440988235,21245952.8907502
1733702400000,2024-12-09,Bridged Token Value (Dollar),30072823.00441063,,32240753.071911298,30072923.713722575,267815788.02054495,30072823.00441063,51918563.08815156,21248509.8411806
1733788800000,2024-12-10,Bridged Token Value (Dollar),30076445.937543616,,32244637.179915376,30076546.658988215,267848560.23431358,30076445.937543616,51924817.821283914,21251069.691658188
1733875200000,2024-12-11,Bridged Token Value (Dollar),30080065.367124185,,32248517.531798244,30080166.100689705,281883413.397763,30080065.367124185,51931066.505785346,21253627.06663595
1733961600000,2024-12-12,Bridged Token Value (Dollar),30083655.15220516,,32252366.102129005,30083755.89779233,281941303.6461039,30083655.15220516,51937264.011193216,21256163.49574371
1734048000000,2024-12-13,Bridged Token Value (Dollar),30094472.963845,,32263963.762708034,30094573.74565937,281946806.0823981,30094472.963845,51955940.183896266,21263807.02083131
1734134400000,2024-12-14,Bridged Token Value (Dollar),30094472.963845,,32263963.762708034,30094573.74565937,281946806.0823981,30094472.963845,51955940.183896266,21263807.02083131
1734220800000,2024-12-15,Bridged Token Value (Dollar),30094472.963845,,32263963.762708034,30094573.74565937,281946806.0823981,30094472.963845,51955940.183896266,21263807.02083131
1734307200000,2024-12-16,Bridged Token Value (Dollar),30098070.938654665,,32267821.11315965,30098171.732518107,279411228.51460195,30098070.938654665,51962151.82828089,21266349.23654349
1734393600000,2024-12-17,Bridged Token Value (Dollar),30101667.327053055,,32271676.76283664,30101768.132960252,279564215.0828464,30101667.327053055,51968360.7338407,21268890.331347417
1734480000000,2024-12-18,Bridged Token Value (Dollar),30105248.9438383,,32275516.57602459,30105349.761739783,279599353.75130033,30105248.9438383,53974544.13727425,21271420.988994602
1734566400000,2024-12-19,Bridged Token Value (Dollar),30108746.812502585,,32279266.60374452,30108847.6421179,278217214.8410098,30108746.812502585,73966815.33160847,21273892.47285647
1734652800000,2024-12-20,Bridged Token Value (Dollar),30119163.11411485,,32290433.80970169,30119263.978612777,279828177.53408015,30119163.11411485,73992404.59517333,21281252.303600807
1734739200000,2024-12-21,Bridged Token Value (Dollar),30119163.11411485,,32290433.80970169,30119263.978612777,279828177.53408015,30119163.11411485,73992404.59517333,21281252.303600807
1734825600000,2024-12-22,Bridged Token Value (Dollar),30119163.11411485,,32290433.80970169,30119263.978612777,279828177.53408015,30119163.11411485,73992404.59517333,21281252.303600807
1734912000000,2024-12-23,Bridged Token Value (Dollar),30119163.11411485,,32294156.57381561,30122736.42855687,279828177.53408015,30122635.552430276,123967935.1794991,21283705.81917889
1734998400000,2024-12-24,Bridged Token Value (Dollar),30129564.812899582,,32301585.360123068,30129665.712231215,285930862.5107914,30129564.81289958,121996452.14346813,21288601.816447005
1735084800000,2024-12-25,Bridged Token Value (Dollar),30129564.812899582,,32301585.360123068,30129665.712231215,285930862.5107914,30129564.81289958,121996452.14346813,21288601.816447005
1735171200000,2024-12-26,Bridged Token Value (Dollar),30133035.49772951,,32305306.244343873,30133136.408683937,285937447.9384228,30133035.497729506,122010505.15878344,21291054.093067445
1735257600000,2024-12-27,Bridged Token Value (Dollar),30143480.36115891,,32316504.071120817,30143581.307091597,293847851.00649023,30143480.361158907,117052797.0501341,21298434.104692455
1735344000000,2024-12-28,Bridged Token Value (Dollar),30143480.36115891,,32316504.071120817,30143581.307091597,293847851.00649023,30143480.361158907,117052797.0501341,21298434.104692455
1735430400000,2024-12-29,Bridged Token Value (Dollar),30143480.36115891,,32316504.071120817,30143581.307091597,293847851.00649023,30143480.361158907,117052797.0501341,21298434.104692455
1735516800000,2024-12-30,Bridged Token Value (Dollar),30146950.960913774,,32320224.864133548,30147051.91846897,297869308.4728354,30146950.96091377,117066274.04097526,21300886.321201533
1735603200000,2024-12-31,Bridged Token Value (Dollar),30150385.180979438,,32323906.65486917,30150486.150035314,281958993.5739792,46154956.54005693,117079609.76264891,21303312.8329677
1735689600000,2025-01-01,Bridged Token Value (Dollar),30150385.180979438,,32323906.65486917,30150486.150035314,281958993.5739792,46154956.54005693,117079609.76264891,21303312.8329677
1735776000000,2025-01-02,Bridged Token Value (Dollar),30157276.86557295,,32331295.156480618,30157377.85770803,282525181.8353914,46165506.50155798,117106381.46860963,21308182.28030512
1735862400000,2025-01-03,Bridged Token Value (Dollar),30167605.431326643,,32342368.301758762,30167706.458050516,277612005.0546603,46181317.7258797,117146489.23319882,21315480.1196543
1735948800000,2025-01-04,Bridged Token Value (Dollar),30167605.431326643,,32342368.301758762,30167706.458050516,277612005.0546603,46181317.7258797,117146489.23319882,21315480.1196543
1736035200000,2025-01-05,Bridged Token Value (Dollar),30167605.431326643,,32342368.301758762,30167706.458050516,277612005.0546603,46181317.7258797,117146489.23319882,21315480.1196543
1736121600000,2025-01-06,Bridged Token Value (Dollar),30171057.29924291,,32346069.012566954,30171158.337526564,277431013.34998816,46186601.930797845,117159893.48593636,21317919.10083603
1736208000000,2025-01-07,Bridged Token Value (Dollar),30174502.260736395,,32349762.319072876,30174603.310556702,277449810.59760875,46191875.563192904,117173270.91973448,21320353.202156883
1736294400000,2025-01-08,Bridged Token Value (Dollar),30181389.440004896,,32357145.99057339,30181490.512889322,275618137.1289516,46202418.627830826,117200015.13295555,21325219.466173507
1736380800000,2025-01-09,Bridged Token Value (Dollar),30181389.440004896,,32357145.99057339,30181490.512889322,275618137.1289516,46202418.627830826,117200015.13295555,21325219.466173507
1736467200000,2025-01-10,Bridged Token Value (Dollar),30191577.611674428,,32368175.829784367,30191778.719012376,273727934.2871703,46218168.01588784,117239966.03971404,21332488.764334697
1736553600000,2025-01-11,Bridged Token Value (Dollar),30191577.611674428,,32368175.829784367,30191778.719012376,273727934.2871703,46218168.01588784,117239966.03971404,21332488.764334697
1736640000000,2025-01-12,Bridged Token Value (Dollar),30191577.611674428,,32368175.829784367,30191778.719012376,273727934.2871703,46218168.01588784,117239966.03971404,21332488.764334697
1736726400000,2025-01-13,Bridged Token Value (Dollar),30195008.28063844,,32371853.825603906,30195209.410828218,268646538.8826951,46223419.78631949,117253288.01705512,21334912.77503299
1736812800000,2025-01-14,Bridged Token Value (Dollar),30198538.95666798,,32375526.800882667,30198635.41967839,268683219.32604694,46223419.78631949,117266591.80962011,21337333.47690627
1736899200000,2025-01-15,Bridged Token Value (Dollar),30201960.45113177,,32379194.948069207,30202056.92507144,268587147.33183783,46233902.09565044,97279878.11447215,21339750.996789202
1736985600000,2025-01-16,Bridged Token Value (Dollar),30205381.48759599,,32382862.604239363,30205477.97246346,266541414.37176067,46239139.10220862,97290897.20082593,21342168.19306411
1737072000000,2025-01-17,Bridged Token Value (Dollar),30219068.30108256,,32397536.08885691,30219164.829669733,266636317.94949314,46260091.21211431,97334982.13862005,21351838.86302659
1737158400000,2025-01-18,Bridged Token Value (Dollar),30219068.30108256,,32397536.08885691,30219164.829669733,266636317.94949314,46260091.21211431,97334982.13862005,21351838.86302659
1737244800000,2025-01-19,Bridged Token Value (Dollar),30219068.30108256,,32397536.08885691,30219164.829669733,266636317.94949314,46260091.21211431,97334982.13862005,21351838.86302659
1737331200000,2025-01-20,Bridged Token Value (Dollar),30219068.30108256,,32397536.08885691,30219164.829669733,266636317.94949314,46260091.21211431,97334982.13862005,21351838.86302659
1737417600000,2025-01-21,Bridged Token Value (Dollar),30222494.508827467,,32401209.289101128,30222591.048358954,287930319.9086745,46265336.13499585,57846017.881559946,21354259.71316504
1737504000000,2025-01-22,Bridged Token Value (Dollar),30225918.113005426,,32404879.6980894,30226014.663472913,288028704.375342,46270577.07227322,57852570.67846557,21356678.723705348
1737590400000,2025-01-23,Bridged Token Value (Dollar),30229344.61376047,,32408553.212466612,30229441.175173208,288165543.89643615,46275822.44370186,57859139.01943539,21359099.780875504
1737676800000,2025-01-24,Bridged Token Value (Dollar),30239634.71289634,,32419585.11638869,30239731.30717868,291465929.2347498,46291574.77993752,57878834.32821675,21366370.439800013
1737763200000,2025-01-25,Bridged Token Value (Dollar),30239634.71289634,,32419585.11638869,30239731.30717868,291465929.2347498,46291574.77993752,57878834.32821675,21366370.439800013
1737849600000,2025-01-26,Bridged Token Value (Dollar),30239634.71289634,,32419585.11638869,30239731.30717868,291465929.2347498,46291574.77993752,57878834.32821675,21366370.439800013
1737936000000,2025-01-27,Bridged Token Value (Dollar),30243065.459933788,,32423263.183159314,30243162.06517494,291506610.3371521,46296826.651679456,57885400.79772895,21368794.497259147
1738022400000,2025-01-28,Bridged Token Value (Dollar),30246497.59421751,,32426942.737181656,30246594.21042191,291039747.85450333,46302080.64705202,57891969.92243848,21371219.53490267
1738108800000,2025-01-29,Bridged Token Value (Dollar),30249922.132921625,,32430614.148065303,30250018.760065008,294199707.6659784,46307323.01492496,57898524.50916507,21373639.20574963
1738195200000,2025-01-30,Bridged Token Value (Dollar),30253352.958090253,,32434292.29859952,30253449.5961927,293246550.6197644,46312575.00627202,57905091.128220804,21376063.31841379
1738281600000,2025-01-31,Bridged Token Value (Dollar),30256780.783993818,,32437967.23365412,30256877.433045745,313286321.08710325,46317822.40627053,57911652.006666,21378485.311892018
1738368000000,2025-02-01,Bridged Token Value (Dollar),30256780.783993818,,32437967.23365412,30256877.433045745,313286321.08710325,46317822.40627053,57911652.006666,21378485.311892018
1738454400000,2025-02-02,Bridged Token Value (Dollar),30256780.783993818,,32437967.23365412,30256877.433045745,313286321.08710325,46317822.40627053,57911652.006666,21378485.311892018
1738540800000,2025-02-03,Bridged Token Value (Dollar),30267072.900288522,,32449001.300150353,30267169.582216494,326471981.4385531,46333577.830422424,57931351.176300935,21385757.396077223
1738627200000,2025-02-04,Bridged Token Value (Dollar),30270508.546000507,,32452684.618736934,30270605.23890294,356464089.59921235,46338837.20117553,57937927.02190431,21388184.91478501
1738713600000,2025-02-05,Bridged Token Value (Dollar),30273935.89406012,,32456359.041500207,30274032.597910512,356110248.1194239,46344083.8696788,57944486.98575344,21390606.5706338
1738800000000,2025-02-06,Bridged Token Value (Dollar),30273935.89406012,,32460033.55573273,30277460.04223705,370099872.9748994,46349330.66879003,57951047.11290304,21393028.286766086
1738886400000,2025-02-07,Bridged Token Value (Dollar),30287657.35847349,,32471069.67500138,30287754.10615427,370203997.6024828,46365089.02407344,57970749.947362006,21400301.72384633
1738972800000,2025-02-08,Bridged Token Value (Dollar),30287657.35847349,,32471069.67500138,30287754.10615427,370203997.6024828,46365089.02407344,57970749.947362006,21400301.72384633
1739059200000,2025-02-09,Bridged Token Value (Dollar),30287657.35847349,,32471069.67500138,30287754.10615427,370203997.6024828,46365089.02407344,57970749.947362006,21400301.72384633
1739145600000,2025-02-10,Bridged Token Value (Dollar),30287657.35847349,,32471069.67500138,30287754.10615427,370203997.6024828,46365089.02407344,57970749.947362006,21400301.72384633
1739232000000,2025-02-11,Bridged Token Value (Dollar),30294521.748289544,,32478448.915302865,30294618.5178972,372447476.2063037,46375597.20042892,60481638.428851604,21405151.88480381
1739318400000,2025-02-12,Bridged Token Value (Dollar),30297937.819150925,,32482111.250159454,30303034.599670514,372477976.00931895,46380826.605520435,60488458.459364116,21407565.572540645
1739404800000,2025-02-13,Bridged Token Value (Dollar),30301349.457843173,,32485768.833332554,30306446.81227554,372523113.1462421,46386049.2257387,50495269.64125202,21409976.12864681
1739491200000,2025-02-14,Bridged Token Value (Dollar),30315014.639216274,,32500419.135417935,30320114.292433154,372539589.11007607,46406968.22067432,50518041.795973755,21419631.5140414
1739577600000,2025-02-15,Bridged Token Value (Dollar),30315014.639216274,,32500419.135417935,30320114.292433154,372539589.11007607,46406968.22067432,50518041.795973755,21419631.5140414
1739664000000,2025-02-16,Bridged Token Value (Dollar),30315014.639216274,,32500419.135417935,30320114.292433154,372539589.11007607,46406968.22067432,50518041.795973755,21419631.5140414
1739750400000,2025-02-17,Bridged Token Value (Dollar),30315014.639216274,,32500419.135417935,30320114.292433154,372539589.11007607,46406968.22067432,50518041.795973755,21419631.5140414
1739836800000,2025-02-18,Bridged Token Value (Dollar),30318431.596091334,,32504082.42016078,30323531.824115627,371414163.9099658,46412198.98209731,53824437.817054786,21422045.827807505
1739923200000,2025-02-19,Bridged Token Value (Dollar),30321854.061923627,,32507751.611000698,30321950.91883873,371450727.11610186,46417438.17676721,53830513.73489333,21424464.03402873
1740009600000,2025-02-20,Bridged Token Value (Dollar),30325268.029794313,,32511411.69126233,30325364.89761463,371493093.22536635,46422664.36254897,53836574.566265255,21426876.235858787
1740096000000,2025-02-21,Bridged Token Value (Dollar),30335504.384668306,,32522385.98330154,30335601.28518655,396530277.13540274,46438334.425749876,58850247.20968325,21434108.920785952
1740182400000,2025-02-22,Bridged Token Value (Dollar),30335504.384668306,,32522385.98330154,30335601.28518655,396530277.13540274,46438334.425749876,58850247.20968325,21434108.920785952
1740268800000,2025-02-23,Bridged Token Value (Dollar),30335504.384668306,,32522385.98330154,30335601.28518655,396530277.13540274,46438334.425749876,58850247.20968325,21434108.920785952
1740355200000,2025-02-24,Bridged Token Value (Dollar),30338916.552536998,,32526044.133799326,30344013.46395471,396414105.7478286,46438334.425749876,58856866.74433964,21436519.85079147
1740441600000,2025-02-25,Bridged Token Value (Dollar),30342324.76574468,,32529698.04454523,30342421.688049223,407328046.38585824,46448775.23244685,58863478.607035965,21438927.986558467
1740528000000,2025-02-26,Bridged Token Value (Dollar),30345740.21918961,,32533359.717475917,30345837.15240412,407273228.750595,46454003.69238211,61945256.51564188,21441341.238048345
1740614400000,2025-02-27,Bridged Token Value (Dollar),30349149.441720277,,32537014.710306738,30349246.38582484,406819669.2681684,46459222.61388094,63950415.81743039,21443750.086971074
1740700800000,2025-02-28,Bridged Token Value (Dollar),30352562.931954585,,32540674.278499264,30352659.88696284,441902978.7597797,46464448.068485215,63957608.576499045,21446161.951318357
1740787200000,2025-03-01,Bridged Token Value (Dollar),30352562.931954585,,32540674.278499264,30352659.88696284,441902978.7597797,46464448.068485215,63957608.576499045,21446161.951318357
1740873600000,2025-03-02,Bridged Token Value (Dollar),30352562.931954585,,32540674.278499264,30352659.88696284,441902978.7597797,46464448.068485215,63957608.576499045,21446161.951318357
1740960000000,2025-03-03,Bridged Token Value (Dollar),30362822.12857815,,32551673.058946073,30362919.116357293,453186065.85702795,46480153.09839681,63979226.31215551,21453410.775504064
1741046400000,2025-03-04,Bridged Token Value (Dollar),30366241.46815498,,32555338.89815928,30366338.466856502,467504591.7459289,46485387.50731814,68845431.39670588,21455826.772811957
1741132800000,2025-03-05,Bridged Token Value (Dollar),30369661.344635367,,32559005.31298133,30369758.354260977,460777467.57999825,46490622.7381446,70601609.83803521,21458243.14947894
1741219200000,2025-03-06,Bridged Token Value (Dollar),30373059.70973983,,32562648.665675852,30373156.73022082,460802733.58836865,46495825.038829,70609510.1581761,21460644.326887365
1741305600000,2025-03-07,Bridged Token Value (Dollar),30383247.016204834,,32573570.37341421,30383344.069227077,449897592.80088747,46511420.01752197,75627554.61154021,21467842.35575847
1741392000000,2025-03-08,Bridged Token Value (Dollar),30383247.016204834,,32573570.37341421,30383344.069227077,449897592.80088747,46511420.01752197,75627554.61154021,21467842.35575847
1741478400000,2025-03-09,Bridged Token Value (Dollar),30383247.016204834,,32573570.37341421,30383344.069227077,449897592.80088747,46511420.01752197,75627554.61154021,21467842.35575847
1741564800000,2025-03-10,Bridged Token Value (Dollar),30386643.40747254,,32577211.609978404,30386740.471343856,449980625.6367542,46516619.29660863,75636008.63773246,21470242.138516206
1741651200000,2025-03-11,Bridged Token Value (Dollar),30390037.56515451,,32580850.451938026,30390134.639867764,450028486.2667759,46521815.15646744,75645457.1042613,21472640.343092836
1741737600000,2025-03-12,Bridged Token Value (Dollar),30393440.763121206,,32584498.985895034,30393537.848705273,449989091.4071372,46527024.85541592,75653928.18512966,21475044.935249016
1741824000000,2025-03-13,Bridged Token Value (Dollar),30396832.184815317,,32588134.894629877,30396929.281232584,450012058.9896257,46532216.526957385,77695704.31305227,21475044.935249016
1741910400000,2025-03-14,Bridged Token Value (Dollar),30407022.145265464,,32599059.447678737,30407119.274232462,451168564.83435154,46547815.56843594,77721750.32170483,21484641.11075622
1741996800000,2025-03-15,Bridged Token Value (Dollar),30407022.145265464,,32599059.447678737,30407119.274232462,451168564.83435154,46547815.56843594,77721750.32170483,21484641.11075622
1742083200000,2025-03-16,Bridged Token Value (Dollar),30407022.145265464,,32599059.447678737,30407119.274232462,451168564.83435154,46547815.56843594,77721750.32170483,21484641.11075622
1742169600000,2025-03-17,Bridged Token Value (Dollar),30410422.501737926,,32602704.93529865,30410519.64156666,451012644.8617353,46553020.917555325,77730441.7895998,21487043.69520235
1742256000000,2025-03-18,Bridged Token Value (Dollar),30413820.379885737,,32606347.765931893,30413917.53056829,450882813.3077613,46558222.472794525,77739126.92278272,21489444.52854259
1742342400000,2025-03-19,Bridged Token Value (Dollar),30417213.284859676,,32609985.264875963,30417310.446380164,454777301.89303637,46563416.41497715,77747799.34430397,21491841.847995304
1742428800000,2025-03-20,Bridged Token Value (Dollar),30420604.195796672,,32613620.62603329,30420701.368148725,457829301.46697754,46568607.304639086,77756466.66897486,21494237.75852452
1742515200000,2025-03-21,Bridged Token Value (Dollar),30430774.56429443,,32624524.17474909,30430871.76913363,457957760.08880776,46584176.35427621,70406521.66969396,21501423.819563136
1742601600000,2025-03-22,Bridged Token Value (Dollar),30430774.56429443,,32624524.17474909,30430871.76913363,457957760.08880776,46584176.35427621,70406521.66969396,21501423.819563136
1742688000000,2025-03-23,Bridged Token Value (Dollar),30430774.56429443,,32624524.17474909,30430871.76913363,457957760.08880776,46584176.35427621,70406521.66969396,21501423.819563136
1742774400000,2025-03-24,Bridged Token Value (Dollar),30434167.413073704,,32628161.61344743,30434264.62875066,457998234.3009734,46589370.21043465,73111941.574421,21503821.099310473
1742860800000,2025-03-25,Bridged Token Value (Dollar),30437559.818412736,,32631798.576737996,30437657.044926032,458040985.9904102,46594563.3877639,73120091.14321248,21506218.06573695
1742947200000,2025-03-26,Bridged Token Value (Dollar),30440963.58985211,,32635447.725509237,30441060.827238053,461762312.79728913,46599773.96459843,73128268.01676485,21508623.063090805
1743033600000,2025-03-27,Bridged Token Value (Dollar),30444373.343065735,,32639103.287279867,30444470.591343433,461794145.7175545,46604993.69847976,73136459.26032194,21511032.286977347
1743120000000,2025-03-28,Bridged Token Value (Dollar),30454577.29234601,,32650042.837611355,30454674.573218122,452369073.87506425,46620614.154402696,73160972.18796284,21518242.075135875
1743206400000,2025-03-29,Bridged Token Value (Dollar),30454577.29234601,,32650042.837611355,30454674.573218122,452369073.87506425,46620614.154402696,73160972.18796284,21518242.075135875
1743292800000,2025-03-30,Bridged Token Value (Dollar),30454577.29234601,,32650042.837611355,30454674.573218122,452369073.87506425,46620614.154402696,73160972.18796284,21518242.075135875
1743379200000,2025-03-31,Bridged Token Value (Dollar),30457863.43259959,,32653565.87518366,30457960.723968595,452378683.6055075,46625644.6585318,73168866.47634484,21520563.95801051
1743465600000,2025-04-01,Bridged Token Value (Dollar),30461245.900165234,,32657192.184288364,30461343.202338833,453929809.06840533,46630822.62287371,73176992.1716425,21522953.902720302
1743552000000,2025-04-02,Bridged Token Value (Dollar),30464655.305573855,,32660847.373180784,30464752.6186381,453980140.6166114,46636041.8243266,73185182.5796683,21525362.880858816
1743638400000,2025-04-03,Bridged Token Value (Dollar),30468075.237313803,,32664513.84724605,30468172.561302315,474030223.9729399,46641277.13974576,73193398.2750795,21527779.296570458
1743724800000,2025-04-04,Bridged Token Value (Dollar),30478373.172531337,,32675554.158945795,30478470.529414482,474068506.92386043,46657041.47164749,73218036.98495589,21535055.492222685
1743811200000,2025-04-05,Bridged Token Value (Dollar),30478373.172531337,,32675554.158945795,30478470.529414482,474068506.92386043,46657041.47164749,73218036.98495589,21535055.492222685
1743897600000,2025-04-06,Bridged Token Value (Dollar),30478373.172531337,,32675554.158945795,30478470.529414482,474068506.92386043,46657041.47164749,73218036.98495589,21535055.492222685
1743984000000,2025-04-07,Bridged Token Value (Dollar),30481804.488739848,,32679232.83818412,30481901.856583625,471524142.1046619,46662294.214690454,73226280.01799573,21537479.95184011
1744070400000,2025-04-08,Bridged Token Value (Dollar),30485238.50786994,,32682914.4151972,30485335.886682983,471421347.74885696,46667551.095432095,73234529.54425,21539906.321256526
1744156800000,2025-04-09,Bridged Token Value (Dollar),30488685.99203708,,32686610.427939672,30488783.381862402,471355069.3753664,46672828.588782825,73242811.41749257,21542342.204642676
1744243200000,2025-04-10,Bridged Token Value (Dollar),30492139.628431514,,32690313.036422506,30492237.029288765,466397377.992378,46678115.500114046,73251108.0701987,21544782.434998248
1744329600000,2025-04-11,Bridged Token Value (Dollar),30502476.555241972,,32701395.150612794,30502573.989118405,466504638.1008211,46693939.52130293,73275940.41558783,21552086.180878058
1744416000000,2025-04-12,Bridged Token Value (Dollar),30502476.555241972,,32701395.150612794,30502573.989118405,466504638.1008211,46693939.52130293,73275940.41558783,21552086.180878058
1744502400000,2025-04-13,Bridged Token Value (Dollar),30502476.555241972,,32701395.150612794,30502573.989118405,466504638.1008211,46693939.52130293,73275940.41558783,21552086.180878058
1744588800000,2025-04-14,Bridged Token Value (Dollar),30505917.69213455,,32705084.35850671,30506015.137002986,466861686.8217468,46699207.298090026,73284207.04080582,21554517.579480555
1744675200000,2025-04-15,Bridged Token Value (Dollar),30509360.803546708,,32708775.683263,30509458.259413455,466892344.09990734,46704478.09752014,73292478.4094019,21556950.373216197
1744761600000,2025-04-16,Bridged Token Value (Dollar),30512831.060281947,,32712496.11024432,30512928.527233712,466945840.290199,46709790.45167687,73300814.9890661,21559402.346979447
1744848000000,2025-04-17,Bridged Token Value (Dollar),30526605.13196635,,32727263.15252591,34208958.612916544,467156798.5768063,46730876.138572775,73333904.36966765,21569134.67082752
1744934400000,2025-04-18,Bridged Token Value (Dollar),30526605.13196635,,32727263.15252591,34208958.612916544,467156798.5768063,46730876.138572775,73333904.36966765,21569134.67082752
1745020800000,2025-04-19,Bridged Token Value (Dollar),30526605.13196635,,32727263.15252591,34208958.612916544,467156798.5768063,46730876.138572775,73333904.36966765,21569134.67082752
1745107200000,2025-04-20,Bridged Token Value (Dollar),30526605.13196635,,32727263.15252591,34208958.612916544,467156798.5768063,46730876.138572775,73333904.36966765,21569134.67082752
1745193600000,2025-04-21,Bridged Token Value (Dollar),30530049.81514265,,32730956.162354566,34212818.820224345,464886242.77448857,46736149.344098,73342179.51410453,21571568.575122043
1745280000000,2025-04-22,Bridged Token Value (Dollar),30533488.689423777,,32734642.944525737,34625424.51792344,464644735.0954809,46741413.65722397,73350440.70386282,21571568.575122043
1745366400000,2025-04-23,Bridged Token Value (Dollar),30536894.30315173,99.91,32738294.068395842,34629286.53389789,464692670.1749691,46746627.05427906,73358621.9919676,21576404.674091533
1745452800000,2025-04-24,Bridged Token Value (Dollar),30540395.19707027,99.91,32741940.13220624,34633143.19753917,467004922.99696773,46751833.22613409,73366791.94169885,21578807.638280086
1745539200000,2025-04-25,Bridged Token Value (Dollar),30550621.15975569,99.954583966,32752903.246988464,34646813.55140858,467154902.1231211,46767487.32946053,73391357.63811186,21586032.95675684
1745625600000,2025-04-26,Bridged Token Value (Dollar),30550621.15975569,99.954583966,32752903.246988464,34646813.55140858,467154902.1231211,46767487.32946053,73391357.63811186,21586032.95675684
1745712000000,2025-04-27,Bridged Token Value (Dollar),30550621.15975569,99.954583966,32752903.246988464,34646813.55140858,467154902.1231211,46767487.32946053,73391357.63811186,21586032.95675684
1745798400000,2025-04-28,Bridged Token Value (Dollar),30554034.85561346,49.960165841,32756563.02364438,34650684.951708004,467184690.17955714,46772713.08172724,73399558.31502299,21588444.958493397
1745884800000,2025-04-29,Bridged Token Value (Dollar),30557451.1328047,49.965751937,32760225.567712616,34654559.27944314,467130964.84198076,46777942.78554962,73407765.19303775,21590858.78411265
1745971200000,2025-04-30,Bridged Token Value (Dollar),40560867.21138173,999149.9713377081,32763887.898849282,34658433.38193411,467090259.5829208,46783172.1853295,73415971.59392421,21593272.469397843
1746057600000,2025-05-01,Bridged Token Value (Dollar),40565424.34649553,3996662.1388344374,32767569.01994638,34662327.360899866,467143018.42468053,46788428.415074036,73424220.0985807,21595698.538339596
1746144000000,2025-05-02,Bridged Token Value (Dollar),40579082.64374215,10083621.476983259,32778601.79490026,34673998.09719763,466891527.0147235,46804181.98534454,73448941.88663946,21602969.766846057
1746230400000,2025-05-03,Bridged Token Value (Dollar),40579082.64374215,10083621.476983259,32778601.79490026,34673998.09719763,466891527.0147235,46804181.98534454,73448941.88663946,21602969.766846057
1746316800000,2025-05-04,Bridged Token Value (Dollar),40579082.64374215,10083621.476983259,32778601.79490026,34673998.09719763,466891527.0147235,46804181.98534454,73448941.88663946,21602969.766846057
1746403200000,2025-05-05,Bridged Token Value (Dollar),40583623.48366907,10084749.844310153,32782269.753219713,34677878.1522587,476975522.6437079,46809419.42011288,77209693.85668552,21605387.160765935
1746489600000,2025-05-06,Bridged Token Value (Dollar),40588160.042852946,10085877.147901999,32785934.253679536,34681754.54951219,497018580.37849855,46814651.917443916,79855060.7278939,21607802.275758926
1746576000000,2025-05-07,Bridged Token Value (Dollar),40592689.559749246,10087002.701534072,32789593.065584444,34685624.929274656,497046106.7005241,46819876.29215395,79863972.31310596,21610213.641669493
1746662400000,2025-05-08,Bridged Token Value (Dollar),40597209.35276828,10088125.838849874,32793244.022824332,34689487.000182405,497101790.29912347,46825089.4512797,82509887.13710316,21612619.830907423
1746748800000,2025-05-09,Bridged Token Value (Dollar),40610785.99331166,10091499.540157279,32804210.837870177,34701087.962493464,447143099.5715619,46840748.83816926,93748042.33108921,21619847.588069133
1746835200000,2025-05-10,Bridged Token Value (Dollar),40610785.99331166,10091499.540157279,32804210.837870177,34701087.962493464,447143099.5715619,46840748.83816926,93748042.33108921,21619847.588069133
1746921600000,2025-05-11,Bridged Token Value (Dollar),40610785.99331166,10091499.540157279,32804210.837870177,34701087.962493464,447143099.5715619,46840748.83816926,93748042.33108921,21619847.588069133
1747008000000,2025-05-12,Bridged Token Value (Dollar),40615248.06281189,10092608.333577754,32807815.167731777,34704900.70983226,447392462.33188516,46845895.41860711,104969075.4034923,21622223.047203023
1747094400000,2025-05-13,Bridged Token Value (Dollar),40619769.92083971,15089231.984033965,32811467.79302566,34108764.54524789,447439772.01402193,46851110.95952764,104980762.03053327,21624630.33578376
1747180800000,2025-05-14,Bridged Token Value (Dollar),40624292.850980856,15090912.139836922,32815121.28434148,34112562.48796248,450649603.5374867,46856327.73703076,104992451.42842385,21627038.195122387
1747267200000,2025-05-15,Bridged Token Value (Dollar),40628816.77223274,15092592.663812814,32818775.576247703,34116361.26292114,455619171.869475,46861545.65768755,105004143.38781492,21629446.582095794
1747353600000,2025-05-16,Bridged Token Value (Dollar),40642416.13104038,15097644.48661443,32829760.742446136,34127780.75959579,455849502.62922996,46877231.24797318,105039290.58469798,21636686.433714647
1747440000000,2025-05-17,Bridged Token Value (Dollar),40642416.13104038,15097644.48661443,32829760.742446136,34127780.75959579,455849502.62922996,46877231.24797318,105039290.58469798,21636686.433714647
1747526400000,2025-05-18,Bridged Token Value (Dollar),40642416.13104038,15097644.48661443,32829760.742446136,34127780.75959579,455849502.62922996,46877231.24797318,105039290.58469798,21636686.433714647
1747612800000,2025-05-19,Bridged Token Value (Dollar),40646946.622451335,15099327.451240642,32833420.341535617,34131585.05157262,455925537.475272,46882456.746694855,111950835.96449803,21639098.318424787
1747699200000,2025-05-20,Bridged Token Value (Dollar),40651476.68400546,15101010.256185755,32837079.59339926,34135388.982595034,450938457.91961217,46887681.74961682,96963312.77321544,21641509.974293277
1747785600000,2025-05-21,Bridged Token Value (Dollar),40656006.55935531,15102692.991960622,32840738.694852512,34139192.757260144,452139906.8938951,46892906.53776954,96974117.58908439,21643921.53103273
1747872000000,2025-05-22,Bridged Token Value (Dollar),40660497.09659181,15104505.315119658,32844366.020122837,34142963.49937857,475193983.5380243,46898085.95308245,91984828.57432033,21646312.145453677
1747958400000,2025-05-23,Bridged Token Value (Dollar),40678482.61691453,15111186.551373716,32858894.19992198,34158066.09299511,475394611.84280586,46918830.571034424,92025516.59148292,21655887.045290224
1748044800000,2025-05-24,Bridged Token Value (Dollar),40678482.61691453,15111186.551373716,32858894.19992198,34158066.09299511,475394611.84280586,46918830.571034424,92025516.59148292,21655887.045290224
1748131200000,2025-05-25,Bridged Token Value (Dollar),40678482.61691453,15111186.551373716,32858894.19992198,34158066.09299511,475394611.84280586,46918830.571034424,92025516.59148292,21655887.045290224
1748217600000,2025-05-26,Bridged Token Value (Dollar),40678482.61691453,15111186.551373716,32858894.19992198,34158066.09299511,475394611.84280586,46918830.571034424,92025516.59148292,21655887.045290224
1748304000000,2025-05-27,Bridged Token Value (Dollar),40682977.10110191,19168730.776153404,32862524.71342434,34161840.14940159,475484977.2426452,46924014.53878655,92035684.30676009,21658279.760938086
1748390400000,2025-05-28,Bridged Token Value (Dollar),40687488.965311356,19170856.64590267,32866169.266002633,34165628.79995968,475560259.95322895,46929218.55277095,92045891.34025677,21660681.72913841
1748476800000,2025-05-29,Bridged Token Value (Dollar),40692002.38777479,19172983.249859545,32869815.077293143,34169418.75899683,475414813.3774171,46934424.36405579,92056101.89893726,21663084.52690194
1748563200000,2025-05-30,Bridged Token Value (Dollar),40696507.6382618,19175106.005873036,32873454.287498966,34173201.85595623,487122392.01269877,46939620.749729045,92066293.97043967,21665482.976968423
1748649600000,2025-05-31,Bridged Token Value (Dollar),40701013.387551546,19177228.99690958,32877093.900623117,34176985.371764496,487176324.1924758,46944817.71072467,92076487.17036617,21667881.692581702
1748736000000,2025-06-01,Bridged Token Value (Dollar),40701013.387551546,19177228.99690958,32877093.900623117,34176985.371764496,487175026.55912656,46944817.71072467,92076487.17036617,21667881.692581702
1748822400000,2025-06-02,Bridged Token Value (Dollar),40710037.86044592,19181481.08718615,32884383.607145324,34184563.29802304,487147729.1194561,46955226.59737639,82096902.92156051,21672686.02531787
1748908800000,2025-06-03,Bridged Token Value (Dollar),45813266.995120585,19183611.32493125,32888035.648135584,34188359.733069226,487197828.04415053,46960441.30397662,82106020.35730827,21675092.928809784
1748995200000,2025-06-04,Bridged Token Value (Dollar),45818291.16477032,21503931.20081249,32891642.356003862,34192109.04261669,487197191.10635126,46965591.27994237,82115024.61748433,21677493.96555388
1749081600000,2025-06-05,Bridged Token Value (Dollar),45823430.178283274,21314205.063873142,32895331.50700085,34195944.05492159,489282595.9471391,46970858.97548701,82124234.69953667,21679901.316291235
1749168000000,2025-06-06,Bridged Token Value (Dollar),46452071.74373401,21316571.835831843,32898984.270485952,34199741.241028555,489448071.8664722,46976074.713729165,82133353.93901564,21682308.6958932
1749254400000,2025-06-07,Bridged Token Value (Dollar),46457160.63420259,21318938.87060164,32902637.439581227,34203538.84878267,489502408.9132902,46981291.03113735,82142474.19111323,21684716.342815407
1749340800000,2025-06-08,Bridged Token Value (Dollar),46462250.089751765,21321306.168211706,32906291.014331713,34207336.87823076,489556751.8046272,46986507.92777586,82151595.45594187,21687124.257087544
1749427200000,2025-06-09,Bridged Token Value (Dollar),56625323.04607245,21323666.58605367,32909933.971091036,34211123.86987454,456623301.0941177,46991709.66310902,80160247.21262,21689525.173552673
1749513600000,2025-06-10,Bridged Token Value (Dollar),60118354.91434139,22028513.575453773,32913565.154475603,34214898.62264897,456661653.55910707,46996894.587378114,75868201.0538167,21691918.330691747
1749600000000,2025-06-11,Bridged Token Value (Dollar),60124986.57007199,22030943.560399324,32917195.849847794,34218922.86943075,451991115.472653,47002078.81482005,72174600.48507495,21694311.166202806
1749686400000,2025-06-12,Bridged Token Value (Dollar),64118976.76034236,22033370.226662584,32920822.468983356,34227293.04101927,433020960.4379247,47007257.22185139,74418787.06950879,21696701.315241233
1749772800000,2025-06-13,Bridged Token Value (Dollar),64126044.606832735,22035798.965062667,32924451.33724208,34231065.92176718,433075015.06478083,47012438.84037939,74426990.2659661,21699092.94262721
1749859200000,2025-06-14,Bridged Token Value (Dollar),64133113.23241311,22038227.971182585,32928080.605511617,34234839.218400426,433122752.0263981,47017621.030078135,74435194.36666326,21701484.833642274
1749945600000,2025-06-15,Bridged Token Value (Dollar),64140182.637169376,23269052.115051847,32931710.273836054,34238612.93096485,433170494.2505299,47022803.7910106,74443399.37169993,21703876.988315485
1750032000000,2025-06-16,Bridged Token Value (Dollar),64147270.4480517,23271623.46165582,32935349.392479863,34242396.468886785,433099791.87597376,47028000.04594353,76179889.2495475,21706275.375242077
1750118400000,2025-06-17,Bridged Token Value (Dollar),72333566.13170283,23274201.655004267,32938998.201033007,34246190.081264384,433146848.7022297,47033210.13698462,76188228.99093778,21708680.148372073
1750204800000,2025-06-18,Bridged Token Value (Dollar),77352943.53710622,23274201.655004267,32942646.65180548,34249983.3216627,432021340.0212463,47038419.71715487,72782046.19419906,21711084.688620027
1750291200000,2025-06-19,Bridged Token Value (Dollar),77360956.36994365,23276779.575402178,32946295.506694462,34253776.98221499,432069191.31093353,47043629.87435836,72790107.81498784,21713489.49520448
1750377600000,2025-06-20,Bridged Token Value (Dollar),77369506.1315157,23279352.05525051,32949936.65830998,34257562.63378759,432121490.7709514,47048829.0321478,72798152.41650033,21715889.22663651
1750464000000,2025-06-21,Bridged Token Value (Dollar),77378056.83798845,23281924.265960142,32953578.212337513,34261348.70374202,432169247.3286775,47054028.76453665,72806197.90708436,21718289.223282058
1750550400000,2025-06-22,Bridged Token Value (Dollar),77386608.48946635,23281924.265960142,32957220.16882153,34265135.192124516,432217009.1633184,47059229.071588404,72814244.2868382,21720689.485170435
1750636800000,2025-06-23,Bridged Token Value (Dollar),77395162.8825554,23287071.759565677,32960863.29289621,34268922.89443379,434015383.2386632,47064431.04582921,72822293.24621591,21723090.511906814
1750723200000,2025-06-24,Bridged Token Value (Dollar),77402343.40575494,23287072.31287507,32964503.952090364,34272708.03404317,434061865.2810978,47069629.50049594,72830336.75979413,21725489.914146215
1750809600000,2025-06-25,Bridged Token Value (Dollar),77410897.06132236,24804273.84463851,32968146.826457605,34276495.4767353,430660726.2739403,47074831.11818241,72838385.16747911,21727890.776311137
1750896000000,2025-06-26,Bridged Token Value (Dollar),77419466.91209243,24783869.779486336,32971796.598120175,34280290.09044355,438145333.2852022,47080042.584436186,66101342.15849653,21730296.18418742
1750982400000,2025-06-27,Bridged Token Value (Dollar),77428053.09482071,24783871.44674092,32975453.325320225,34284091.93572142,438194177.8256872,47085263.98242054,66108673.10799792,21737526.961973004
1751068800000,2025-06-28,Bridged Token Value (Dollar),77436640.22979699,25870033.79693933,32979110.458068505,34287894.20264179,438194177.8256872,47090485.95948247,66116004.87053605,21737526.961973004
1751155200000,2025-06-29,Bridged Token Value (Dollar),77445228.3171269,25870033.79693933,32982767.996409994,34291696.89125144,438291378.7461336,47095708.5156862,66123337.44620111,21737526.961973004
1751241600000,2025-06-30,Bridged Token Value (Dollar),87491004.07353398,25872900.14494396,32986422.42113846,34295496.34268359,438284843.3938192,47100926.62599832,66130962.49867569,21739935.436485335
1751328000000,2025-07-01,Bridged Token Value (Dollar),92527292.48154157,25875774.75351456,32990087.377601564,34299306.743804745,434093717.880807,47106159.7744511,66138309.9792641,21742350.852012005
1751414400000,2025-07-02,Bridged Token Value (Dollar),92537557.64442407,25878645.463717263,32993747.36387541,34303111.97749352,458992217.38262963,47111385.826028794,66145647.49564982,21744762.991900228
1751500800000,2025-07-03,Bridged Token Value (Dollar),110055619.89161065,25890115.78513937,32997402.752261184,34306912.43082595,459060450.23523086,47116605.31233591,66152975.7942198,21754401.03192494
1751587200000,2025-07-04,Bridged Token Value (Dollar),110065873.29464938,25890115.78513937,33001058.545628667,34310713.30521188,459111307.7669611,47121825.37691167,66160304.904694445,21754401.03192494
1751673600000,2025-07-05,Bridged Token Value (Dollar),110076127.83366607,25890115.78513937,33004714.744022727,34314514.600697964,459162170.9325644,47127046.01982014,66167634.82716371,21754401.03192494
1751760000000,2025-07-06,Bridged Token Value (Dollar),110086383.5087866,25890115.78513937,33008371.34748824,34318316.31733086,459213039.73351437,47132267.2411254,66174965.561717555,21754401.03192494
1751846400000,2025-07-07,Bridged Token Value (Dollar),114097947.46625802,25892980.26754984,33012023.393694125,34322113.295848206,445184197.82401806,47137481.955172956,66182287.159907304,21756807.93885511
1751932800000,2025-07-08,Bridged Token Value (Dollar),114917425.48527949,27399122.92439181,33015677.230467387,34325912.13599202,445240704.13657284,47142699.22595072,66190612.34781474,21759216.0258714
1752019200000,2025-07-09,Bridged Token Value (Dollar),114930088.46622856,27402142.08854509,33019315.293972768,34329694.57690211,445811062.0705731,47147893.974263825,66197906.02377057,21761613.71740372
1752105600000,2025-07-10,Bridged Token Value (Dollar),117143776.56234035,27405181.260124132,33022977.466232024,34333502.08332763,446011020.88444656,47153123.14718451,66205248.033527665,21764027.297981117
1752192000000,2025-07-11,Bridged Token Value (Dollar),122897067.60300092,27414284.52139885,33022977.466232024,34337303.21660992,446069763.0206652,47158343.56732469,66212577.75396083,21771256.72022077
1752278400000,2025-07-12,Bridged Token Value (Dollar),122910038.26951195,27414284.52139885,33030289.95576337,34341104.77072356,446119147.2926394,47163564.56542842,66219908.28588256,21771256.72022077
1752364800000,2025-07-13,Bridged Token Value (Dollar),122923010.37203239,27414284.52139885,33033946.807725918,34344906.74571515,446168537.0317273,47168786.14155968,66227239.6293827,21771256.72022077
1752451200000,2025-07-14,Bridged Token Value (Dollar),122936651.50726241,28535507.636537563,33037612.683905013,34348718.10305144,441681731.97255886,47174020.60326417,74849335.6748461,21773672.741892785
1752537600000,2025-07-15,Bridged Token Value (Dollar),122950323.90695979,28538846.097703602,33041286.961999655,34348883.88573527,441702687.6070434,47179267.06196556,91101489.81371318,21776094.300906774
1752624000000,2025-07-16,Bridged Token Value (Dollar),122964031.7615225,28542027.92219388,33044970.768124335,34352713.47714858,436218170.64155126,47184527.12562957,91111646.809914,21778522.139436476
1752710400000,2025-07-17,Bridged Token Value (Dollar),122977685.44168124,28545197.171890303,33048640.015588485,34356527.93374766,431300937.48657966,47189766.40115254,91121763.66495247,21780940.382977795
1752796800000,2025-07-18,Bridged Token Value (Dollar),122991351.90879063,5023.8690719641745,33052312.699377917,34360345.96266334,431353448.0229404,47195010.58336418,91131889.99463257,21788202.714805927
1752883200000,2025-07-19,Bridged Token Value (Dollar),123005019.89464973,5023.8690719641745,33055985.79131141,34364164.41587523,431401383.6024229,47200255.34835995,91142017.44964814,21788202.714805927
1752969600000,2025-07-20,Bridged Token Value (Dollar),123018689.39942731,5023.8690719641745,33059659.29143432,34367983.2934305,431449324.5095744,47205500.69620462,91152146.03012423,21788202.714805927
1753056000000,2025-07-21,Bridged Token Value (Dollar),123032313.35022223,5024.425450392175,33063320.54952187,34371789.4444763,431458567.93014884,47210728.56379022,91162240.85684063,21790615.69289198
1753142400000,2025-07-22,Bridged Token Value (Dollar),123046052.46641561,5024.982448148175,33066985.88311135,34375599.832310535,431514893.5644484,47215962.25073734,89671513.42053753,21793031.356966462
1753228800000,2025-07-23,Bridged Token Value (Dollar),123059681.17023285,5025.539020228174,33070648.41553475,34379407.30812356,431538588.5850214,47221191.93793219,89681445.5270355,21795445.17491259
1753315200000,2025-07-24,Bridged Token Value (Dollar),123073307.81484818,5026.0955082141745,33074310.3945751,34383214.2086536,437590593.7158417,47226420.83495787,88391217.1328616,21797858.6281477
1753401600000,2025-07-25,Bridged Token Value (Dollar),123086992.82439455,5027.772309171174,33077988.058412414,34387037.41470075,439731792.2076622,47231672.12812161,88401045.70309958,21805130.807945363
1753488000000,2025-07-26,Bridged Token Value (Dollar),123100679.35563144,5027.772309171174,33081666.131183766,34390861.04586535,439780677.63594,47236924.00519748,88410875.36621529,21805130.807945363
1753574400000,2025-07-27,Bridged Token Value (Dollar),123114367.40872806,5027.772309171174,33085344.612934627,34394685.102194674,439829568.49869055,47242176.466250405,88420706.12233025,21805130.807945363
1753660800000,2025-07-28,Bridged Token Value (Dollar),103128086.28891715,5028.332563894174,33089031.379055534,34398517.77074498,439876049.58691216,47247440.756458394,85028899.01845488,21807560.597281553
1753747200000,2025-07-29,Bridged Token Value (Dollar),96139567.33250752,5028.892358101174,33092715.1147409,34402347.28893136,441221293.37134546,47252700.71954293,87904726.1157248,21809988.389387727
1753833600000,2025-07-30,Bridged Token Value (Dollar),40971133.068266384,5029.452058733174,33096398.234655026,34406176.16697758,441270739.80610734,47257959.80337491,87914509.6480273,21812415.7756655
1753920000000,2025-07-31,Bridged Token Value (Dollar),40975676.15235666,5030.009749524174,33100068.128773276,34409991.29582185,440947695.1125413,47263200.002247706,87924258.04842962,21814834.445388783
1754006400000,2025-08-01,Bridged Token Value (Dollar),40980235.1315155,5031.688862348175,33103750.86289569,34413819.77280879,441001131.7268092,47268563.53521222,77722581.70758861,21822116.651608508
1754092800000,2025-08-02,Bridged Token Value (Dollar),40984794.61790919,5031.688862348175,33107434.006761387,34417648.67575445,441001131.7268092,47273822.65324437,77728955.76571156,21822116.651608508
1754179200000,2025-08-03,Bridged Token Value (Dollar),40989354.61159417,5031.688862348175,33111117.560415957,34421478.004706234,441099268.3315472,47279082.35640926,77737603.93756983,21822116.651608508
1754265600000,2025-08-04,Bridged Token Value (Dollar),40993889.140926786,5032.245502991174,33114780.544018313,34425285.94955346,441212932.1174073,47284312.6994531,74170750.81548063,21824530.766907327
1754352000000,2025-08-05,Bridged Token Value (Dollar),40998442.25020589,5032.8044244341745,33118458.536463775,34429109.497213304,441263271.9455332,47289459.45021674,68474756.81243221,21826954.773890544
1754438400000,2025-08-06,Bridged Token Value (Dollar),41003007.098762915,5033.364786944175,33122146.011874143,34432942.90312294,441712457.0804466,47294724.75321085,68482380.92880522,21829385.03068898
1754524800000,2025-08-07,Bridged Token Value (Dollar),41007571.79953119,5033.925131312175,33125833.36790106,34436776.18492457,441773024.43136525,57299989.88573873,68490004.7983445,21831815.208806906
1754611200000,2025-08-08,Bridged Token Value (Dollar),41012130.760554224,5035.6042373101745,33129516.087373402,34440604.64668167,441772474.17688215,57306360.13418421,65097190.45182865,21839097.385424323
1754697600000,2025-08-09,Bridged Token Value (Dollar),41016690.228413545,5035.6042373101745,33133199.21626707,34444433.53406279,441821587.5388307,57312731.0908334,65104427.54344259,21839097.385424323
1754784000000,2025-08-10,Bridged Token Value (Dollar),41021250.2031655,5035.6042373101745,33136882.75462759,34448262.847115256,441870706.3606791,57319102.755765036,65111665.43963035,21839097.385424323
1754870400000,2025-08-11,Bridged Token Value (Dollar),41025805.695043065,5036.163451231175,33140562.671731256,34452088.39560095,439214574.35038644,57325468.15676427,65118896.22030076,21841522.66086717
1754956800000,2025-08-12,Bridged Token Value (Dollar),41030361.979997754,5036.722762507175,33144243.229481015,34455914.610086076,439261043.13170964,57331834.66593229,65126128.25979609,21843948.35853236
1755043200000,2025-08-13,Bridged Token Value (Dollar),41034917.66314912,5037.281999908175,33147923.30109527,34459740.319197066,439314400.1632918,57338200.334198914,65133359.344069034,21846373.735806506
1755129600000,2025-08-14,Bridged Token Value (Dollar),41039469.99484483,5037.840825898174,33151600.665410448,34463563.213868596,439388271.8238952,57344561.31946759,65140585.108687945,21848797.328816008
1755216000000,2025-08-15,Bridged Token Value (Dollar),41044032.283277825,5037.840825898174,30925928.005302098,34467394.46987239,449338100.6609357,57350936.217311926,60846424.90864937,21856084.820374656
1755302400000,2025-08-16,Bridged Token Value (Dollar),41048595.0788927,5037.840825898174,30929365.988386087,34471226.15179044,449386941.01354814,57357311.82384287,60853189.10274312,21856084.820374656
1755388800000,2025-08-17,Bridged Token Value (Dollar),41053158.381745845,5037.840825898174,30932804.353664838,34475058.25967008,449435786.79508144,57363688.139139205,60859954.04880088,21856084.820374656
1755475200000,2025-08-18,Bridged Token Value (Dollar),41057721.97399104,5038.400847397174,30936242.936995205,34478890.6105714,449458745.84592223,57370064.858803816,60866719.423872806,21858514.408331543
1755561600000,2025-08-19,Bridged Token Value (Dollar),41062282.17305525,5038.960452502174,30939678.96362573,34482720.11199374,449496096.77436244,57376436.83716755,60873479.768665776,21860942.189809848
1755648000000,2025-08-20,Bridged Token Value (Dollar),41066838.69025886,5039.519605787174,30943112.216041606,34486546.521513686,445746218.55811906,57382803.67085762,53930304.63522179,21863368.011120882
1755734400000,2025-08-21,Bridged Token Value (Dollar),41071393.12587012,5041.759581495175,30946543.9000157,34490371.182982564,511639879.8196173,57389167.59593313,63936285.667796746,21865792.72422342
1755820800000,2025-08-22,Bridged Token Value (Dollar),41076041.33387792,5043.471561378175,30950046.239776343,34494274.59134841,502176140.7268241,57395662.54942942,63943521.5839031,21873217.47280086
1755907200000,2025-08-23,Bridged Token Value (Dollar),41080690.06794135,5043.471561378175,30953548.975910287,34498178.441478044,502232973.3133045,57402158.23798464,63950758.31892599,21873217.47280086
1755993600000,2025-08-24,Bridged Token Value (Dollar),41085339.32811995,5043.471561378175,30957052.108462393,34502082.73342145,502289812.3317884,57408654.661682,63957995.8729581,21873217.47280086
1756080000000,2025-08-25,Bridged Token Value (Dollar),41089992.982334964,5044.0428253141745,30960558.551840615,34505990.7153285,502250250.7044917,57415157.22517822,63965240.26723464,21875695.008397568
1756166400000,2025-08-26,Bridged Token Value (Dollar),41094647.57456002,5044.614204397174,30964065.70199225,34509899.48494475,497620905.04442376,57421661.09935837,63972476.12172163,21878173.04337673
1756252800000,2025-08-27,Bridged Token Value (Dollar),41099291.845061004,5045.184316426174,30967565.074913494,34513799.586725146,497474697.68176734,57428150.55096585,61076636.40713805,21880645.583225053
1756339200000,2025-08-28,Bridged Token Value (Dollar),41103918.55674117,5045.752273005173,30971051.217584237,34517684.94319982,497533150.39779145,57434615.46758598,61083512.04840495,21883108.77502094
1756425600000,2025-08-29,Bridged Token Value (Dollar),41108540.33709982,5047.454518083173,30974533.644594368,34521566.15851695,498143921.46529937,57441073.49365734,61090380.361357465,21890491.304363497
1756512000000,2025-08-30,Bridged Token Value (Dollar),41113162.637137726,5047.454518083173,30978016.463173315,34525447.8102432,498199870.8704472,57447532.24587792,61097249.44659241,21890491.304363497
1756598400000,2025-08-31,Bridged Token Value (Dollar),41117785.456913315,5047.454518083173,30981499.673365105,34529329.89842763,498255826.56734425,57453991.72432936,61104119.30419662,21890491.304363497
1756684800000,2025-09-01,Bridged Token Value (Dollar),41117785.456913315,5047.454518083173,30981499.673365105,34529329.89842763,498255826.56734425,57453991.72432936,61104119.30419662,21890491.304363497
1756771200000,2025-09-02,Bridged Token Value (Dollar),41127060.51913219,5048.593087541173,30988488.263190925,34537118.7829608,497705431.07330686,57466951.79360459,61117902.74370042,21895429.208158497
1756857600000,2025-09-03,Bridged Token Value (Dollar),41131713.47025108,5049.164265168173,30991994.17679907,34791026.17443143,497760166.9264744,57473453.37466271,61124817.378745236,21897906.36943739
1756944000000,2025-09-04,Bridged Token Value (Dollar),41136367.35910339,5049.735557907173,30995500.796972197,34794962.63987896,497816963.04044783,57479956.26601824,61131733.40733237,21900384.029951464
1757030400000,2025-09-05,Bridged Token Value (Dollar),41141037.98670249,5051.455795772173,30999020.029485032,34798913.26370037,497864961.32418716,57486482.54646949,61138674.3109552,21907844.592874724
1757116800000,2025-09-06,Bridged Token Value (Dollar),41145709.144605145,5051.455795772173,31002539.66157191,34802864.33607604,497921488.8501346,57493009.56791532,61145616.00264897,21907844.592874724
1757203200000,2025-09-07,Bridged Token Value (Dollar),41150380.83287158,5051.455795772173,31006059.693278193,34806815.8570569,497978022.7931677,57499537.33043987,61152558.482503176,21907844.592874724
1757289600000,2025-09-08,Bridged Token Value (Dollar),41150380.83287158,5052.031752658173,31009594.9421923,34810784.46058729,498024580.27539086,57506093.31268722,58256538.974916235,21910342.481499515
1757376000000,2025-09-09,Bridged Token Value (Dollar),41159755.46463234,5052.606587986173,31013123.306933608,34814745.336075574,498089917.0361376,57512636.52850261,58263167.57869042,21912835.505998086
1757462400000,2025-09-10,Bridged Token Value (Dollar),41159755.46463234,5053.181357353173,31016651.266801633,34818705.75706077,498146612.5414512,57519178.99349619,68269795.42184466,21915328.244426742
1757548800000,2025-09-11,Bridged Token Value (Dollar),41169118.23615612,5053.755924286173,31020177.984117273,34822664.78318018,498207001.51387155,57525719.15422446,68277557.97066331,21917820.104909446
1757635200000,2025-09-12,Bridged Token Value (Dollar),41173801.568841405,5055.480841935173,31023706.789680295,34826626.153526574,498277275.6410433,57532263.187526666,68285325.11585893,21925300.963760734
1757721600000,2025-09-13,Bridged Token Value (Dollar),41178485.43429509,5055.480841935173,31027235.996674564,34830587.974512085,498333957.2951537,57538807.96526757,68293093.14463249,21925300.963760734
1757808000000,2025-09-14,Bridged Token Value (Dollar),41183169.83257777,5055.480841935173,31030765.605145745,34834550.246187985,498390645.39749116,57545353.48753186,68300862.05708452,21925300.963760734
1757894400000,2025-09-15,Bridged Token Value (Dollar),41187885.387889944,5056.059704602173,31034318.689869065,34838538.87186027,496252959.4481847,57551942.54559689,66407796.64239178,21927811.454571687
1757980800000,2025-09-16,Bridged Token Value (Dollar),41192562.27227574,5056.633820181173,31037842.6367563,34842494.787949175,484315681.7122751,57558477.56867294,66415337.24770052,21930301.357562352
1758067200000,2025-09-17,Bridged Token Value (Dollar),41197221.02749105,5057.2057102961735,31041352.92364499,34846435.369582206,484369781.36254406,57564987.25981052,66422848.623097226,21932781.608854987
1758153600000,2025-09-18,Bridged Token Value (Dollar),41201774.76231732,5057.764708529174,31044784.079590406,34850287.12031578,484413592.1735805,57571350.205677286,66430190.67266978,21935205.948870122
1758240000000,2025-09-19,Bridged Token Value (Dollar),41206291.217781685,5059.428156763173,31048187.14621812,34854107.33851287,479219290.0437747,57577661.06099182,66437472.61621209,21942420.218754645
1758326400000,2025-09-20,Bridged Token Value (Dollar),41210808.16833079,5059.428156763173,31051590.585883137,34857927.975474566,479271820.4414255,57583972.608089596,66444755.35798637,21942420.218754645
1758412800000,2025-09-21,Bridged Token Value (Dollar),41215325.6140189,5059.428156763173,31054994.398626346,34861749.03124678,479324356.5976986,57590284.847046435,66452038.89808011,21942420.218754645
1758499200000,2025-09-22,Bridged Token Value (Dollar),41219842.772490874,5059.982665029173,31058397.99495744,34865569.844078854,479381257.8781425,57596596.68467539,66459321.9750913,21944825.0860682
1758585600000,2025-09-23,Bridged Token Value (Dollar),41224344.51517959,5060.535280915174,31061789.975777663,34869377.61755823,467284428.81373835,57602886.98178911,66466580.19702217,21947221.746250324
1758672000000,2025-09-24,Bridged Token Value (Dollar),41228849.511548206,5061.088296210173,31065184.408186216,34873188.14314428,467269293.65640956,57609181.82527848,63972116.6649061,21949620.138642754
1758758400000,2025-09-25,Bridged Token Value (Dollar),41233362.79247539,5061.642328484173,31068585.082858197,34877005.67617712,467114934.15561175,57615488.24480371,63979119.62854529,21952022.94160971
1758844800000,2025-09-26,Bridged Token Value (Dollar),41237910.04226491,5063.317119636173,31072011.35244697,34880851.9415792,467011715.99890554,57621842.12911125,63986175.29945258,21959286.405008607
1758931200000,2025-09-27,Bridged Token Value (Dollar),41242457.793528944,5063.317119636173,31075437.999887623,34884698.63115065,467063214.0059932,57628196.714130476,63993231.748465165,21959286.405008607
1759017600000,2025-09-28,Bridged Token Value (Dollar),41247006.0463228,5063.317119636173,31078865.02522183,34888545.74493825,467114717.69212526,57634551.99993866,64000288.97566886,21959286.405008607
1759104000000,2025-09-29,Bridged Token Value (Dollar),41251549.56902683,5063.874864269173,31082288.486519817,34892388.857806236,467260951.71669173,57640900.67637966,64007338.86350069,21961705.308243264
1759190400000,2025-09-30,Bridged Token Value (Dollar),41256093.59221806,5064.432670340173,31085712.32492576,34896232.39400848,467317967.37939733,57647250.05215277,64014389.52790586,21964124.477929786
1759276800000,2025-10-01,Bridged Token Value (Dollar),41260639.27112223,5064.990679660173,31089137.410881147,34900077.330686115,467367955.08885694,57653601.74145801,64021442.76137282,21966544.529093012
1759363200000,2025-10-02,Bridged Token Value (Dollar),41265172.45377703,5065.547154991173,31092553.08114107,34903911.697482206,466983732.3590847,57659935.96972054,64028476.605224684,21968957.92744079
1759449600000,2025-10-03,Bridged Token Value (Dollar),41269705.485195905,5067.216708677172,31095968.637447484,34907745.93635625,543517005.620667,57666269.986660704,74035510.21441363,21976198.676284093
1759536000000,2025-10-04,Bridged Token Value (Dollar),41274239.01457402,5067.216708677172,31099384.568957083,34911580.59642628,543568307.9595518,57672604.69940065,74042544.59625344,21976198.676284093
1759622400000,2025-10-05,Bridged Token Value (Dollar),41278773.04196607,5067.216708677172,31102800.87571108,34915415.67773858,543619615.9328033,57678940.108016804,74049579.750829,21976198.676284093
1759708800000,2025-10-06,Bridged Token Value (Dollar),41283276.14331722,5067.769491347172,31106193.880258612,34919224.60043486,543671294.4873087,57685232.30359319,71829068.81948401,21978596.05979769
1759795200000,2025-10-07,Bridged Token Value (Dollar),41287764.750082456,5068.320494720172,31109575.963400632,34923021.262968,543730247.2373954,57691504.24584586,71836878.57864955,21980985.726611484
1759881600000,2025-10-08,Bridged Token Value (Dollar),41292240.38506913,5068.869905729172,31112948.27254464,34926806.953395925,543587904.7687926,57697758.06259762,71844665.76812436,21983368.487445235
1759968000000,2025-10-09,Bridged Token Value (Dollar),41296711.261104584,5069.418732549172,31116316.995905902,34930588.618492,543777429.205951,57704005.22965409,71852444.67746574,21985748.714684844
1760054400000,2025-10-10,Bridged Token Value (Dollar),41301185.76551405,5071.616178556172,31119688.453180656,34934373.35262762,543686101.5377902,57710257.46664729,70659184.3425022,21995278.899165947
1760140800000,2025-10-11,Bridged Token Value (Dollar),41305660.7547367,5071.616178556172,31123060.275753275,34938158.49683972,543745009.9906608,57716510.38107124,70666840.27495433,21995278.899165947
1760227200000,2025-10-12,Bridged Token Value (Dollar),41310136.22882505,5071.616178556172,31126432.46366334,34941944.05117271,543803924.8272449,57722763.972999334,70674497.03692782,21995278.899165947
1760313600000,2025-10-13,Bridged Token Value (Dollar),41314612.18783164,5071.616178556172,31129805.016950432,34945730.015671045,543862846.0471123,57729018.242504984,70682154.62851252,21995278.899165947
1760400000000,2025-10-14,Bridged Token Value (Dollar),41319096.59978235,5072.1666669901715,31133165.941376388,34949523.13004413,543748086.9590198,57735284.32333208,64826691.17962236,21997666.3327235
1760486400000,2025-10-15,Bridged Token Value (Dollar),41323603.56288216,5072.719923713172,31136561.85399352,34953335.31917859,543808317.3680516,57741581.914940216,64833762.28034041,22000065.77217407
1760572800000,2025-10-16,Bridged Token Value (Dollar),41328109.32332025,5073.273032802172,31139956.86015183,34957146.49104845,538868262.9612223,57747877.82606589,64840831.49444441,22002464.571345605
1760659200000,2025-10-17,Bridged Token Value (Dollar),41332581.86321151,5074.920304262172,31143326.835249886,34960929.563507505,538880694.0803608,57754127.31803254,64847848.58789945,22009608.683582064
1760745600000,2025-10-18,Bridged Token Value (Dollar),41337054.88712233,5074.920304262172,31146695.174927033,34964713.045371756,538939008.8629148,57760377.48632102,64854871.441057496,22009608.683582064
1760832000000,2025-10-19,Bridged Token Value (Dollar),41341528.39510509,5074.920304262172,31150065.879247457,34968496.9366855,538997332.9569576,57766628.3310045,64861890.0539196,22009608.683582064
1760918400000,2025-10-20,Bridged Token Value (Dollar),41345970.45964809,5075.465594298172,31153412.89152605,34972254.23174436,539021764.1413903,57772835.23968541,64868859.334282115,22011973.572015896
1761004800000,2025-10-21,Bridged Token Value (Dollar),41350436.5686852,5076.013835940172,31156778.020879768,34976031.864701964,540008149.1959634,57779075.74580233,64875866.33872969,22014351.261377197
1761091200000,2025-10-22,Bridged Token Value (Dollar),41354906.79898089,5076.562583491172,31160146.255524494,34979812.98360273,540074831.4565581,57785322.0105649,64882879.8091361,22016731.14483466
1761177600000,2025-10-23,Bridged Token Value (Dollar),41359378.7118276,5077.111537585171,31163515.757939834,34983595.525679715,541090699.6289111,57791570.62636051,64889895.91934426,22019111.924057007
1761264000000,2025-10-24,Bridged Token Value (Dollar),41363851.382800475,5078.7588571941715,31166885.831589017,34987378.70901341,541727583.6348276,57797820.301487856,64896913.218997955,22026256.245111886
1761350400000,2025-10-25,Bridged Token Value (Dollar),41368324.53745532,5078.7588571941715,31170256.269683488,34991162.30146675,541786093.5852909,57804070.652465306,64903931.27751393,22026256.245111886
1761436800000,2025-10-26,Bridged Token Value (Dollar),41372798.17584444,5078.7588571941715,31173627.072262656,34994946.30308397,541844609.86346,57810321.67936595,64910950.09497425,22026256.245111886
1761523200000,2025-10-27,Bridged Token Value (Dollar),41377273.67828711,5079.308251933171,31176999.2793712,34998731.88140031,541999879.6639816,57816575.310913615,64917971.83700077,22028638.9353812
1761609600000,2025-10-28,Bridged Token Value (Dollar),41381754.6301401,5079.858315620171,31180375.59250816,35002522.06906941,542009195.5307052,57822836.55693691,64925002.12876086,22031024.526834708
1761696000000,2025-10-29,Bridged Token Value (Dollar),41386225.72181912,5080.4071689111715,31183744.47618905,35006303.91656636,542218766.9139333,57829084.02531271,64932016.95061586,22033404.86887971
1761782400000,2025-10-30,Bridged Token Value (Dollar),41390620.235424936,5080.946621785171,31187055.659728765,35010020.99093513,542281090.3199899,57835224.49094176,64938911.62697173,22035744.4419089
1761868800000,2025-10-31,Bridged Token Value (Dollar),41395029.24707365,5081.487854381171,31190377.76727175,35013750.32839113,542440418.185842,57841385.21472499,64945829.049716055,22038091.73347834
1761955200000,2025-11-01,Bridged Token Value (Dollar),41395029.24707365,5081.487854381171,31190377.76727175,35013750.32839113,542440418.185842,57841385.21472499,64945829.049716055,22038091.73347834
1762041600000,2025-11-02,Bridged Token Value (Dollar),41395029.24707365,5081.487854381171,31190377.76727175,35013750.32839113,542440418.185842,57841385.21472499,64945829.049716055,22038091.73347834
1762128000000,2025-11-03,Bridged Token Value (Dollar),41408282.486612536,5083.114768939171,31200363.834569607,35024960.50576501,542804201.7997034,57859904.00182226,64966622.431073755,22045147.55911819
1762214400000,2025-11-04,Bridged Token Value (Dollar),41412648.12042682,5083.650676645171,31203653.257728323,35028653.152326174,542942414.103754,57866004.11364127,62466071.79711004,22047471.7569802
1762300800000,2025-11-05,Bridged Token Value (Dollar),41416970.85546292,5084.181318269171,31206910.35746267,35032309.51319952,542882701.7891195,57872044.28288266,62472592.13061637,22049773.116177138
1762387200000,2025-11-06,Bridged Token Value (Dollar),41421286.462409094,5084.711084878171,31210162.08631501,35035959.84481849,542948060.96424,57878074.49202489,57177099.71224379,22052070.680486068
1762473600000,2025-11-07,Bridged Token Value (Dollar),41425599.77788603,5086.299706246171,31213412.088588282,35039608.23821122,543051839.6792448,57884101.49929103,57183053.72502751,22058960.430980843
1762560000000,2025-11-08,Bridged Token Value (Dollar),41429913.54252069,5086.299706246171,31216662.429293465,35043257.01152146,543108384.2817458,57890129.13416646,57189008.357819386,22058960.430980843
1762646400000,2025-11-09,Bridged Token Value (Dollar),41434227.75635983,5086.299706246171,31219913.1084658,35046906.16478876,543164934.7720894,57896157.39671651,57194963.610683985,22058960.430980843
1762732800000,2025-11-10,Bridged Token Value (Dollar),41438557.40694795,5087.362742884171,31223175.418938816,35050568.375142485,543070551.5176417,57902207.22907724,57200940.172122285,22063570.753710918
1762819200000,2025-11-11,Bridged Token Value (Dollar),41442887.50996091,5087.362742884171,31226438.070305467,35054230.9681772,543127289.0970173,57908257.69361243,57206917.35807862,22063570.753710918
1762905600000,2025-11-12,Bridged Token Value (Dollar),41442887.50996091,5087.362742884171,31226438.070305467,35054230.9681772,542914554.6957142,57908257.69361243,57206917.35807862,22065879.0224196
1762992000000,2025-11-13,Bridged Token Value (Dollar),46752124.57626984,5088.428433298171,31232979.32113444,35061574.05728853,542963092.1546509,57920388.19782779,57218900.946944855,22068192.585703343
1763078400000,2025-11-14,Bridged Token Value (Dollar),46757004.63023788,5090.02201204917,31236239.464412443,34565338.1998851,542970125.8885084,57926434.01120669,57224873.53807614,22075103.836052757
1763164800000,2025-11-15,Bridged Token Value (Dollar),46761885.19359296,5090.02201204917,31239499.947988886,34568946.17957303,543026801.8107396,57932480.455656275,57230846.75263507,22075103.836052757
1763251200000,2025-11-16,Bridged Token Value (Dollar),46766766.26638826,5090.02201204917,31242760.771899294,34572554.535867065,543083483.6486797,57938527.53124242,57236820.59068672,22075103.836052757
1763337600000,2025-11-17,Bridged Token Value (Dollar),46771655.59150111,5090.55415858017,31246027.108809713,33076123.722726125,543090456.9163933,57944584.83048023,55336744.52856902,22077411.721933503
1763424000000,2025-11-18,Bridged Token Value (Dollar),46776519.70336766,5091.08356094017,31249276.601890948,33579563.54036492,543107307.6947746,57950610.89346885,55342499.38398976,22079707.70652035
1763510400000,2025-11-19,Bridged Token Value (Dollar),46781359.52953181,5091.61032008217,31252509.870793115,33583037.917065755,543166110.6781663,57956606.86932617,55348225.506373525,22081992.22763762
1763596800000,2025-11-20,Bridged Token Value (Dollar),46786186.991584376,5092.13573353417,31255734.879791703,33586503.417914495,543202382.0757293,57962587.527502224,55353937.00045998,22084270.912579574
1763683200000,2025-11-21,Bridged Token Value (Dollar),46791032.85243384,5093.71814526617,31258972.180194117,33589982.126748204,543269615.798556,57968590.97962547,55359670.26263461,22091133.732271284
1763769600000,2025-11-22,Bridged Token Value (Dollar),46795879.21519143,5093.71814526617,31262209.815898642,33593461.19588781,543325883.5973035,57974595.0535539,55365404.11862962,22091133.732271284
1763856000000,2025-11-23,Bridged Token Value (Dollar),46800726.07990913,5093.71814526617,31265447.78694001,33596940.62537063,543382157.2237996,57980599.74935192,55371138.568506494,22091133.732271284
1763942400000,2025-11-24,Bridged Token Value (Dollar),46805595.18064976,5094.24809060817,31268700.612862315,33600436.01747635,546329645.3621877,57986631.992969245,55376899.326392025,22093432.071733654
1764028800000,2025-11-25,Bridged Token Value (Dollar),46810483.18256566,5094.78009312417,31271966.065804716,33603944.97821052,546637543.1156447,57992687.652921535,55382682.446742475,22095739.33303177
1764115200000,2025-11-26,Bridged Token Value (Dollar),46815404.62486888,5095.85143367117,31275253.858757008,32782564.67251671,547092715.1212636,57998784.7415839,55388505.131272264,22100385.669290196
1764201600000,2025-11-27,Bridged Token Value (Dollar),46820326.584590256,5095.85143367117,31278541.997372966,32786011.282968435,547146097.3914968,58004882.47126657,55394328.42797274,22100385.669290196
1764288000000,2025-11-28,Bridged Token Value (Dollar),46825287.671329685,5097.471476183169,31281856.274979543,32789485.29217939,547199567.0859233,58011028.67472652,55400198.016851135,22107411.691299863
1764374400000,2025-11-29,Bridged Token Value (Dollar),46830249.28374639,5097.471476183169,31285170.903767325,32792959.669496726,547257548.391933,58017175.529438846,55406068.22767179,22107411.691299863
1764460800000,2025-11-30,Bridged Token Value (Dollar),46835211.42189607,5097.471476183169,31288485.88377352,32796434.41495945,547315535.8436524,58023323.03547254,55411939.06050059,22107411.691299863
1764547200000,2025-12-01,Bridged Token Value (Dollar),46840183.7757871,5098.0126594371695,31291807.688454345,31886905.084011983,546775493.192971,58029483.197609246,55417821.979834825,22109758.76887689
1764633600000,2025-12-02,Bridged Token Value (Dollar),46845105.46125716,5098.548328019169,31295095.6438554,31552521.702380303,546819791.0807458,58035580.58752675,56930093.01206154,22112081.92966977
1764720000000,2025-12-03,Bridged Token Value (Dollar),46849974.58836391,5099.07827623017,31298348.487391718,31555801.30303857,546726778.077113,58041612.8638086,54153869.382859305,22114380.28157762
1764806400000,2025-12-04,Bridged Token Value (Dollar),46854817.65763701,5099.6053883471695,31301583.92286825,31559063.352442473,546483318.6327169,58047612.85749678,51021218.678632766,22116666.33352485
1764892800000,2025-12-05,Bridged Token Value (Dollar),46859674.18710896,5101.19128402917,31304828.350494687,31562334.467963573,546079905.416409,58053629.526789546,51026507.0580267,22123544.262887914
1764979200000,2025-12-06,Bridged Token Value (Dollar),46864531.219963044,5101.19128402917,31308073.114407957,31565605.922537725,546136505.6448454,58059646.81971362,51031795.985564284,22123544.262887914
1765065600000,2025-12-07,Bridged Token Value (Dollar),46869388.756251454,5101.19128402917,31311318.21464292,31568877.716200072,546193111.739936,58065664.73633366,51037085.46130232,22123544.262887914
1765152000000,2025-12-08,Bridged Token Value (Dollar),46874267.53153526,5101.7222823331695,31314577.503689837,31572163.815388184,545964609.8856437,58071708.96557306,51042398.06463924,22123544.262887914
1765238400000,2025-12-09,Bridged Token Value (Dollar),46879128.580575354,5102.251351340169,31317824.95063528,31575437.975064494,546124388.6003406,58077731.23407962,51047691.365488134,22125838.801742725
1765324800000,2025-12-10,Bridged Token Value (Dollar),46883960.69363292,5102.777271000169,31321053.06675989,31578692.64490921,546161767.7369584,58083717.6543043,51052953.15732332,22128119.6820774
1765411200000,2025-12-11,Bridged Token Value (Dollar),46888620.2091825,5103.284405416169,31324165.87829788,31581831.061699033,543427750.1082218,58089490.24649966,51058027.00401991,22130319.091995902
1765497600000,2025-12-12,Bridged Token Value (Dollar),46888620.2091825,5103.284405416169,31324165.87829788,31581831.061699033,543427750.1082218,58089490.24649966,51058027.00401991,22130319.091995902
1765584000000,2025-12-13,Bridged Token Value (Dollar),46897912.66695678,5104.801545527169,31330373.74893771,31588089.99681519,543544557.7119491,58101002.509663664,51068145.76114811,22136898.832791846
1765670400000,2025-12-14,Bridged Token Value (Dollar),46902559.58641862,5104.801545527169,31333478.145599343,31591219.92950987,543598414.1143566,58106759.496786565,51073205.89169385,22136898.832791846
1765756800000,2025-12-15,Bridged Token Value (Dollar),46907255.42378186,5105.312633152169,31336615.222097803,31594382.810857993,543755931.6429546,58112577.087440625,51078319.28999452,22139115.38753074
1765843200000,2025-12-16,Bridged Token Value (Dollar),46911900.086399406,5105.818150998169,31339718.111063864,31597511.223455157,543549023.267711,58118331.278598666,51083376.96301398,22141307.786487337
1765929600000,2025-12-17,Bridged Token Value (Dollar),46916539.72022985,5106.323121518169,31342817.640524767,31600636.24891267,570717441.7161598,58124079.239680454,51088429.160078995,22143497.811728444
1766016000000,2025-12-18,Bridged Token Value (Dollar),46921125.48357172,5106.822228858168,31345881.181549404,31603724.989901546,575773275.3512166,58129760.461557575,51093422.69641039,22145662.408728007
1766102400000,2025-12-19,Bridged Token Value (Dollar),46925705.71133142,5108.317889418168,31348941.024502024,31606810.002398938,575842195.0271418,58135434.8254989,51098410.20492729,22152148.994069584
1766188800000,2025-12-20,Bridged Token Value (Dollar),46930286.3861922,5108.317889418168,31352001.166142654,31609895.31604128,575898404.7449136,58141109.74334594,51103398.20030218,22152148.994069584
1766275200000,2025-12-21,Bridged Token Value (Dollar),46934867.508197725,5108.317889418168,31355061.60650045,31612980.930857964,575954619.9493761,58146785.215152755,51108386.682582594,22152148.994069584
1766361600000,2025-12-22,Bridged Token Value (Dollar),46939466.70279972,5108.818458596168,31358134.120342333,31616078.718472358,578224118.3180952,58152483.07678277,51113394.84450201,22154319.930965733
1766448000000,2025-12-23,Bridged Token Value (Dollar),46944047.90087098,5109.317069059168,31361194.61151621,31619164.384523124,525190906.66816294,58158158.642826095,51118383.409612045,22156482.373041384
1766534400000,2025-12-24,Bridged Token Value (Dollar),46948630.190880254,5110.314576358168,31364255.832164474,31622250.78604876,525243286.05893433,58163835.5616523,51123373.16375687,22160808.499167785
1766620800000,2025-12-25,Bridged Token Value (Dollar),46953212.92817481,5110.314576358168,31367317.3516238,31625337.488843407,525294555.76085377,58169513.03461241,51128363.40496026,22160808.499167785
1766707200000,2025-12-26,Bridged Token Value (Dollar),46957848.834143944,5111.828420175168,31370414.390669215,31628460.00339986,525320204.47734916,58175256.37731212,51133411.542676926,22167373.9441487
1766793600000,2025-12-27,Bridged Token Value (Dollar),46962485.19783733,5111.828420175168,31373511.735499494,31631582.82625649,525372071.5782268,58181000.28707838,51138460.178819366,22167373.9441487
1766880000000,2025-12-28,Bridged Token Value (Dollar),46967122.01930016,5111.828420175168,31376609.386144824,31634705.95744374,525423943.80133724,58186744.763967186,51143509.3134368,22167373.9441487
1766966400000,2025-12-29,Bridged Token Value (Dollar),46971797.87809992,5112.337333365168,31379733.11586887,31637855.38223004,524369968.29305446,58192537.60352891,51148600.956650004,22169581.068497203
1767052800000,2025-12-30,Bridged Token Value (Dollar),46976400.73851759,5112.838301524168,31382808.07867636,31640955.638954654,524401852.306154,58198240.00667375,51153613.110354945,22171753.73575164
1767139200000,2025-12-31,Bridged Token Value (Dollar),46981032.42372481,5113.342406929168,31385902.298021685,31644075.310616832,524453850.5815517,58203978.12034545,51158656.65199317,22173940.0090403
1767225600000,2026-01-01,Bridged Token Value (Dollar),46981032.42372481,5113.342406929168,31385902.298021685,31644075.310616832,524453850.5815517,58203978.12034545,51158656.65199317,22173940.0090403
1767312000000,2026-01-02,Bridged Token Value (Dollar),46990227.40328109,5115.344137307167,31392045.047874074,31650268.589277342,524475125.4436683,58215369.61945267,51168669.262993276,22182621.387206774
1767398400000,2026-01-03,Bridged Token Value (Dollar),46994825.56789188,5115.344137307167,31395116.873625427,31653365.68314114,524526443.5716154,58221066.20504462,51173676.3033331,22182621.387206774
1767484800000,2026-01-04,Bridged Token Value (Dollar),46999424.182449795,5115.344137307167,31398188.9999661,31656463.08006683,524577766.7206337,58226763.348068185,51178683.83363004,22182621.387206774
1767571200000,2026-01-05,Bridged Token Value (Dollar),47003988.53152928,5115.344137307167,31401238.235090833,31659537.397478852,539577176.4714671,58232418.040190734,51183654.05151054,22184775.876129515
1767657600000,2026-01-06,Bridged Token Value (Dollar),47008616.73225605,5115.847863466167,31404330.126612414,31662654.722169157,542010437.1683581,58238151.837000646,51188693.79882307,22186960.504654728
1767744000000,2026-01-07,Bridged Token Value (Dollar),47013182.35013893,5116.344778206167,31407380.2093673,31665729.89418374,542099278.8491313,58243808.10102151,51193665.3983309,22189115.59248497
1767830400000,2026-01-08,Bridged Token Value (Dollar),47017741.87661598,5116.841029967167,31410426.222729526,31668800.963331796,542164067.0951666,58249456.81850638,51198630.36477589,22191267.805016637
1767916800000,2026-01-09,Bridged Token Value (Dollar),47022295.229321495,5118.327913405167,31413468.111674298,31671867.87413592,595269531.5016202,58255097.887413844,51203588.60846828,22197716.324535314
1768003200000,2026-01-10,Bridged Token Value (Dollar),47026849.022988655,5118.327913405167,31416510.295205597,31674935.081949767,595322039.3087286,58260739.502620965,51208547.33233329,22197716.324535314
1768089600000,2026-01-11,Bridged Token Value (Dollar),47031403.257660165,5118.327913405167,31419552.77335195,31678002.586802103,595374552.2022613,58266381.66418065,51213506.53641742,22197716.324535314
1768176000000,2026-01-12,Bridged Token Value (Dollar),47031403.257660165,5118.327913405167,31419552.77335195,31678002.586802103,595374552.2022613,58266381.66418065,51213506.53641742,22197716.324535314
1768262400000,2026-01-13,Bridged Token Value (Dollar),47040521.67773517,5119.3203480451675,31425644.377278514,31684144.298822496,595795733.157322,58277678.31508757,51223435.780151755,22202020.45086361
1768348800000,2026-01-14,Bridged Token Value (Dollar),47045079.8102047,5119.816448084168,31428689.459367383,31687214.429036763,599697264.4313706,58283325.30556095,51228399.22863198,22204172.005388252
1768435200000,2026-01-15,Bridged Token Value (Dollar),47049642.57136025,5120.313051902168,31431737.63367198,31690287.676902592,599723013.870353,58288978.03043236,51233367.71738797,22206325.74477049
1768521600000,2026-01-16,Bridged Token Value (Dollar),47054203.06527307,5122.2987688121675,31434784.29333428,31693359.39766703,594759815.4411347,58294627.94645646,51238333.73729458,22214937.67353695
1768608000000,2026-01-17,Bridged Token Value (Dollar),47058764.00123186,5122.2987688121675,31437831.24830749,31696431.416171543,594817464.942069,58300278.41012357,51243300.23855455,22214937.67353695
1768694400000,2026-01-18,Bridged Token Value (Dollar),47063325.37927946,5122.2987688121675,31440878.498620234,31699503.732444983,594875120.0315144,58305929.421486765,51248267.22121454,22214937.67353695
1768780800000,2026-01-19,Bridged Token Value (Dollar),47067887.19945872,5122.2987688121675,31443926.04430114,31702576.346516214,594932780.7091024,58311580.980599135,51253234.68532121,22214937.67353695
1768867200000,2026-01-20,Bridged Token Value (Dollar),47072436.169552885,5122.793871633167,31446965.005421545,31705640.305412374,595000048.0182981,58317216.619966164,51258188.156693846,22217084.90318725
1768953600000,2026-01-21,Bridged Token Value (Dollar),47076988.638999715,5123.2893553181675,31450006.30430115,31708706.62129759,594875553.1415317,58322856.594619915,51263145.43858685,22219233.78462106
1769040000000,2026-01-22,Bridged Token Value (Dollar),47081544.60872923,5123.785219968167,31453049.941561263,31711775.29479828,594656876.1471771,58328500.905712575,51268106.53201296,22221384.318277378
1769126400000,2026-01-23,Bridged Token Value (Dollar),47086103.983393,5125.274069853167,31456095.853503905,31714846.2616925,594732512.2833191,58334149.43511864,51273071.33314521,22227841.366153043
1769212800000,2026-01-24,Bridged Token Value (Dollar),47090663.79958641,5125.274069853167,31459142.060412522,31717917.52597902,594790104.3081533,58339798.51152803,51278036.61506858,22227841.366153043
1769299200000,2026-01-25,Bridged Token Value (Dollar),47095224.05735221,5125.274069853167,31462188.56231568,31720989.08768663,594847701.9103668,58345448.13499373,51283002.377829626,22227841.366153043
1769385600000,2026-01-26,Bridged Token Value (Dollar),47099799.92351207,5125.772099999167,31465245.49148077,31724071.162428368,594718144.5769311,58351117.09542543,51287985.13690666,22230001.291430824
1769472000000,2026-01-27,Bridged Token Value (Dollar),47104365.44841806,5126.269004620167,31468295.512121998,31727146.271818355,594845492.3913281,58356773.244258836,51292956.63516994,22232156.335373603
1769558400000,2026-01-28,Bridged Token Value (Dollar),47108917.944025554,5126.269004620167,31471336.82847836,31730212.605324086,595083092.423684,58362413.251322575,51297913.94554986,22234305.229155913
1769644800000,2026-01-29,Bridged Token Value (Dollar),47113475.590509884,5127.260538297167,31474381.585902505,32233282.408203013,594927431.2391462,58368059.6397174,49572455.86483035,22236456.554283172
1769731200000,2026-01-30,Bridged Token Value (Dollar),47118048.74430499,5127.7582743161665,31477436.703059413,32236411.189425927,594988096.2808748,58373725.23984791,49577267.70394495,22240774.053761087
1769817600000,2026-01-31,Bridged Token Value (Dollar),47122622.34200145,5127.7582743161665,31480492.116766736,32239540.27434959,595045849.4843228,58379391.38992003,49582080.01012932,22240774.053761087
1769904000000,2026-02-01,Bridged Token Value (Dollar),47122622.34200145,5128.256058649166,31480492.116766736,32239540.27434959,595045849.4843228,58379391.38992003,49582080.01012932,22240774.053761087
1769990400000,2026-02-02,Bridged Token Value (Dollar),47131779.82256904,5128.256058649166,31486609.815241262,32245805.480929725,595205240.3100088,58390736.43218701,49591715.44448393,22245096.617635928
1770076800000,2026-02-03,Bridged Token Value (Dollar),47136355.28149066,5128.754044473167,31489666.472348906,32248935.839234203,595898455.729613,58396404.888098374,49596529.70903585,22247256.350686893
1770163200000,2026-02-04,Bridged Token Value (Dollar),47140895.2195496,5129.2481642611665,31492699.39957519,32252041.89548956,595946497.6688063,58402029.33783517,49601306.59879477,22249399.31698671
1770249600000,2026-02-05,Bridged Token Value (Dollar),47145451.95276331,5129.744112008167,31495743.54688455,32255159.442363262,595806527.0498492,58407674.594795026,49606101.16029323,22251550.211026996
1770336000000,2026-02-06,Bridged Token Value (Dollar),47150000.547129326,5130.2391738091665,31498782.256997973,32258271.42094099,598198978.796799,58413309.76867903,49610887.15815541,22257991.9893811
1770422400000,2026-02-07,Bridged Token Value (Dollar),47154549.580343835,5130.734283373166,31501821.26028622,32261383.69976249,598256466.3077414,58418945.486244746,49615673.61777078,22257991.9893811
1770508800000,2026-02-08,Bridged Token Value (Dollar),47159099.05244918,5131.229440705167,31504860.556777578,32264496.278856725,598313959.3653425,58424581.74754463,49620460.5391839,22257991.9893811
1770595200000,2026-02-09,Bridged Token Value (Dollar),47163641.275392614,5131.7238091761665,31507895.010431826,32267603.898344815,598179907.0020187,58430209.02798481,49625239.833081655,22260136.034204546
1770681600000,2026-02-10,Bridged Token Value (Dollar),47168173.55982826,5132.217095956166,31510922.824618645,32270704.718276635,598187709.8738568,58435823.99578177,49630008.669753894,22262275.38779939
1770768000000,2026-02-11,Bridged Token Value (Dollar),47172708.40237065,5132.710661156167,31513952.34776085,32273807.28836966,598265620.8362976,58441442.13277237,49634780.19804742,22264415.94888572
1770854400000,2026-02-12,Bridged Token Value (Dollar),47177249.90769938,5132.710661156167,31516986.322009176,34527569.1687609,596012171.1764139,58447068.52417226,49639558.73687621,22266559.654976763
1770940800000,2026-02-13,Bridged Token Value (Dollar),47181795.215196654,5133.205363674167,31520022.8363143,34530895.73865026,595996615.8438159,58452699.62601217,49644341.27631906,22275142.898555715
1771027200000,2026-02-14,Bridged Token Value (Dollar),47186340.960613064,5133.700113854166,31523059.64317338,34534222.62903908,596054037.139424,58458331.27038241,49649124.27653722,22275142.898555715
1771113600000,2026-02-15,Bridged Token Value (Dollar),47186340.960613064,5133.700113854166,31523059.64317338,34534222.62903908,596054037.139424,58458331.27038241,49649124.27653722,22275142.898555715
1771200000000,2026-02-16,Bridged Token Value (Dollar),47195433.765372045,5134.6897572191665,31529134.13466617,34540877.37143861,596168896.3287175,58469596.18692301,49658691.65947708,22275142.898555715
1771286400000,2026-02-17,Bridged Token Value (Dollar),47200002.61372857,5135.187023558166,31532186.375554346,34544221.1701543,596120047.0603569,58469596.18692301,49663498.968440555,22277299.511251725
1771372800000,2026-02-18,Bridged Token Value (Dollar),47204600.649183184,5135.187023558166,31535258.115022305,34547586.33000381,591969730.5001518,58480952.87870371,49668336.98785607,22279469.901000813
1771459200000,2026-02-19,Bridged Token Value (Dollar),47209159.811127685,5135.683235643166,31538303.884856828,34550923.03953432,593144881.2130178,58486601.144575596,49673134.104847364,22281621.94146384
1771545600000,2026-02-20,Bridged Token Value (Dollar),47213708.41602193,5136.178298460166,31541342.602003686,34554252.02268647,593203149.9108213,58492236.33150284,49677920.11378728,22288063.73389092
1771632000000,2026-02-21,Bridged Token Value (Dollar),47218257.45917448,5136.673408976166,31544381.611931093,34557581.326586306,593260304.9541314,58497872.061380625,49682706.58385939,22288063.73389092
1771718400000,2026-02-22,Bridged Token Value (Dollar),47222806.94062756,5137.168567196166,31547420.914667256,34560910.95126474,593317465.5031248,58503508.33426127,49687493.51510813,22288063.73389092
1771804800000,2026-02-23,Bridged Token Value (Dollar),47227356.76363067,5137.663762845166,31550460.445577543,36564452.725414485,598103077.2460648,58509145.03028226,49692280.80573332,22290211.36613595
1771891200000,2026-02-24,Bridged Token Value (Dollar),47231913.82573951,5138.159746387167,31553504.812606856,36567980.90258686,597998457.380956,58514790.69470452,49697075.71329283,22292362.415423106
1771977600000,2026-02-25,Bridged Token Value (Dollar),47236472.224974744,5138.6558754601665,31556550.072909825,36571510.114991754,609346574.1777574,58520438.01566926,49701872.027766995,22294514.09586795
1772064000000,2026-02-26,Bridged Token Value (Dollar),47241031.4892739,5139.1520986851665,31559595.911122862,36575039.99714805,618396998.3104151,58526086.40834653,49706669.252455115,22296666.18464498
1772150400000,2026-02-27,Bridged Token Value (Dollar),47245599.05103925,5139.649223318166,31562647.292497676,36578576.303384185,618426782.8110684,58531745.08060932,49711475.20767673,22300978.403885685
1772236800000,2026-02-28,Bridged Token Value (Dollar),47250167.05442536,5140.146396016166,31565698.968899347,36582112.95153278,618486575.4705409,58537404.299988344,49716281.6275685,22300978.403885685
1772323200000,2026-03-01,Bridged Token Value (Dollar),47250167.05442536,5140.146396016166,31565698.968899347,36582112.95153278,618486575.4705409,58537404.299988344,49716281.6275685,22300978.403885685
1772409600000,2026-03-02,Bridged Token Value (Dollar),47259325.932306856,5141.143234020166,31571817.60085608,36589203.95514308,618511104.1409336,58548751.07336304,49725918.53216662,22305301.627328247
1772496000000,2026-03-03,Bridged Token Value (Dollar),47263909.89788499,5141.642145694166,31574879.940876093,36592752.96156991,621490370.985771,58554430.068022154,49730741.74736057,22307465.37573757
1772582400000,2026-03-04,Bridged Token Value (Dollar),47268484.38266836,5142.140025493166,31577935.94720605,36596294.62775805,621593717.8721324,58560097.31709072,49735554.98693133,22309624.648970496
1772668800000,2026-03-05,Bridged Token Value (Dollar),47273045.224189475,5142.636420380166,31580982.839089725,36599825.73103409,621737641.3457608,58565747.663760655,49740353.87116091,22311777.482236426
1772755200000,2026-03-06,Bridged Token Value (Dollar),47277599.73237211,5143.132127411166,31584025.49995649,36603351.93090094,621844938.3864104,58571390.164168485,48995290.58769146,22318227.634941638
1772841600000,2026-03-07,Bridged Token Value (Dollar),47282154.67935755,5143.627882201166,31587068.453967553,36606878.47049852,621904822.2735627,58577033.20820142,49000011.025116935,22318227.634941638
1772928000000,2026-03-08,Bridged Token Value (Dollar),47286710.06518807,5144.123684754167,31590111.70115116,36610405.34985956,621964711.9296486,58582676.79591184,49004731.91733161,22318227.634941638
1773014400000,2026-03-09,Bridged Token Value (Dollar),47291267.65287758,5144.619725500167,31593156.41929714,36613933.93394799,621957730.5736872,58588323.11146679,49009455.09140327,22320378.932316244
1773100800000,2026-03-10,Bridged Token Value (Dollar),47295820.57237959,5145.115258168167,31596198.018838253,36617458.90382355,622822412.370464,58593963.64368602,49014173.427682735,22322528.026187554
1773187200000,2026-03-11,Bridged Token Value (Dollar),47300374.63964669,5145.610915756167,31599240.38514929,36620984.76232394,622991293.3176416,58599605.597851306,49018892.95342791,22324677.661833193
1773273600000,2026-03-12,Bridged Token Value (Dollar),47304937.328385174,5146.107511692167,31602288.51107532,36624517.29575608,623133155.9242923,58605258.233006485,49023621.41387998,22326831.367032737
1773360000000,2026-03-13,Bridged Token Value (Dollar),47309500.2693963,5146.604134936167,31605336.805533286,36628050.024503216,598302231.1062526,58610911.18069781,49028350.13577026,22333293.46314965
1773446400000,2026-03-14,Bridged Token Value (Dollar),47314063.65053972,5147.100806084167,31608385.394023728,36631583.094010405,598359931.9209839,58616564.67366133,49033079.313783735,22333293.46314965
1773532800000,2026-03-15,Bridged Token Value (Dollar),47318627.47185789,5147.5975251391665,31611434.276575003,36635116.50431051,598417638.3019533,58622218.71194963,49037808.9479644,22333293.46314965
1773619200000,2026-03-16,Bridged Token Value (Dollar),47323216.71626188,5148.097011352166,31614500.14313975,36638669.597719796,597650970.6731461,58627904.24645363,49042564.92890303,22335459.703299116
1773705600000,2026-03-17,Bridged Token Value (Dollar),47327784.16384646,5148.594125233166,31617551.448235564,36642205.815554686,597583135.2841103,58633562.77725988,49047298.321099706,22337615.654795125
1773792000000,2026-03-18,Bridged Token Value (Dollar),47332337.38064973,5149.089690258166,31620593.246390194,36645731.01560738,597687776.3687373,58639203.677800424,49052016.96548199,22339764.889000192
1773878400000,2026-03-19,Bridged Token Value (Dollar),47336884.55096955,5149.584597193166,31623631.005162783,36649251.534340315,600744014.6808761,58644837.08745854,49056729.34369984,22341911.269111197
1773964800000,2026-03-20,Bridged Token Value (Dollar),47341428.58190696,5150.079160116165,31626666.666656014,36652769.62249472,625861896.1723228,58650466.60779079,49061438.46847518,22348346.58154737
1774051200000,2026-03-21,Bridged Token Value (Dollar),47345973.049041584,5150.5737705141655,31629702.61955287,36656288.048362546,625919569.1992683,58656096.66852013,49066148.045295656,22348346.58154737
1774137600000,2026-03-22,Bridged Token Value (Dollar),47350517.952415295,5151.068428391165,31632738.86388132,36659806.81197622,625977247.762435,58661727.269698426,49070858.07420467,22348346.58154737
1774224000000,2026-03-23,Bridged Token Value (Dollar),47355059.719396256,5151.562747235165,31635773.012927666,36663323.14732601,623399060.2478797,58667353.98525468,49075564.85276943,22350490.411144923
1774310400000,2026-03-24,Bridged Token Value (Dollar),47359603.105890915,5152.057242344165,31638808.243897844,36666840.73653873,616959371.0245557,58672982.70719809,49080273.3096881,22352635.005194157
1774396800000,2026-03-25,Bridged Token Value (Dollar),47364164.21454684,5152.057242344165,31641855.3142422,36670372.04663639,607017649.1473256,58678633.384816654,49085000.13265001,22354787.96455452
1774483200000,2026-03-26,Bridged Token Value (Dollar),47368728.604323864,5152.554023418165,31644904.57655512,36673905.89704978,599859676.0794708,58684288.12735868,49089730.35594279,22356942.47268754
1774569600000,2026-03-27,Bridged Token Value (Dollar),47373288.49496661,5153.050316189166,31647950.833199974,36677436.26413498,597725662.6033744,58689937.29600205,49094455.91663864,22363400.24757859
1774656000000,2026-03-28,Bridged Token Value (Dollar),47377848.82456145,5153.5466567361655,31650997.383088864,36680966.971066505,597783201.3029406,58695587.008455485,49099181.9322346,22363400.24757859
1774742400000,2026-03-29,Bridged Token Value (Dollar),47382409.59315064,5154.043045062165,31654044.22625002,36684498.01787706,597840745.5420445,58701237.264771335,49103908.40277447,22363400.24757859
1774828800000,2026-03-30,Bridged Token Value (Dollar),47386962.379358806,5154.538563222165,31657085.736743543,36688022.884553604,597795012.5992929,58706877.63185516,49108626.60091726,22365549.278531816
1774915200000,2026-03-31,Bridged Token Value (Dollar),47391540.29163339,5155.036816064165,31660144.032825314,36691567.204380415,597863908.7825736,58712549.12718254,49113370.83800729,22367710.169627815
1775001600000,2026-04-01,Bridged Token Value (Dollar),47396116.51354703,5155.534884929165,31663201.19965341,36695110.21549281,593427629.5964975,58718218.52835136,49118113.323322155,22369870.262830433
1775088000000,2026-04-02,Bridged Token Value (Dollar),47400693.00027092,5156.032981255165,31666258.543389253,36698653.43162708,593382579.5937334,58723888.25758895,49122856.08306835,22378512.38723168
1775174400000,2026-04-03,Bridged Token Value (Dollar),47405269.92889242,5156.531125676165,31669316.1823369,36702196.989888154,593439873.4016118,58729558.53428576,49127599.30076719,22378512.38723168
1775260800000,2026-04-04,Bridged Token Value (Dollar),47409847.2994542,5157.029318197166,31672374.116524853,36705740.89030906,593497172.7408214,58735229.35849464,49132342.9764629,22378512.38723168
1775347200000,2026-04-05,Bridged Token Value (Dollar),47414425.11199893,5157.527558822166,31675432.345981624,36709285.132922836,593554477.6143901,58740900.730268456,49137087.1101997,22378512.38723168
1775433600000,2026-04-06,Bridged Token Value (Dollar),47419003.44888774,5158.025857877165,31678490.92572895,36712829.78149527,593434764.9314803,58746572.75164297,49141831.78733106,22380673.478756405
1775520000000,2026-04-07,Bridged Token Value (Dollar),47423585.452353,5158.524555997165,31681551.95495012,36716377.2688114,593114182.8658409,58752249.315474816,49146580.264253005,22382836.30099852
1775606400000,2026-04-08,Bridged Token Value (Dollar),47428148.3126273,5158.524555997165,31684600.195471466,36719909.935050316,600300821.0574962,58757902.1631427,49151308.90247313,22384990.08716733
1775692800000,2026-04-09,Bridged Token Value (Dollar),47432691.73952306,5159.019055503165,31687635.453431793,36723427.555542454,600359587.4756515,58763530.93513832,49156017.40126075,22387134.700286914
1775779200000,2026-04-10,Bridged Token Value (Dollar),47437254.23072863,5159.5156312431645,31690683.44739502,36726959.93604029,600079626.7104462,58769183.32557343,49160745.657003134,22393596.15764349
1775865600000,2026-04-11,Bridged Token Value (Dollar),47441817.16079452,5160.012254748164,31693731.73454097,36730492.65631338,600137346.4972985,58774836.259704895,49165474.36755052,22393596.15764349
1775952000000,2026-04-12,Bridged Token Value (Dollar),47446380.52976293,5160.508926023164,31696780.31489784,36734025.71639442,600195071.8368692,58780489.737585016,49170203.53294665,22393596.15764349
1776038400000,2026-04-13,Bridged Token Value (Dollar),47450955.641898274,5161.006874102164,31699836.740333263,36737567.868292175,574777304.8134503,58786157.76386894,49174944.86816272,22395755.72700251
1776124800000,2026-04-14,Bridged Token Value (Dollar),47455541.871662974,5161.5060322061645,31702900.59295389,36741118.62770178,574818486.4688786,58791839.56358913,49179697.724934116,22397920.544165514
1776211200000,2026-04-15,Bridged Token Value (Dollar),47460163.04487489,5162.008993501165,31705987.78971073,36744696.441092625,574835418.7102879,58797564.654134,49184486.79471887,22400101.855524875
1776297600000,2026-04-16,Bridged Token Value (Dollar),47464764.924664214,5162.008993501165,31709062.097404785,36748259.31709364,574579576.9067668,58803265.84239556,49189255.87011194,22402274.059897777
1776384000000,2026-04-17,Bridged Token Value (Dollar),47469349.98938877,5162.508023074165,31712125.171714798,36751809.17450368,571900483.3531935,58808946.19876792,49194007.519514926,22408767.48882152
1776470400000,2026-04-18,Bridged Token Value (Dollar),47473935.49702753,5163.007100853165,31715188.541915752,36755359.37482758,571955728.4176383,58814627.10385893,49198759.627924085,22408767.48882152
1776556800000,2026-04-19,Bridged Token Value (Dollar),47478521.447623275,5163.506226842165,31718252.20803623,36758909.91809847,572010978.818738,58820308.5577216,49203512.19538376,22408767.48882152
1776643200000,2026-04-20,Bridged Token Value (Dollar),47483091.20783409,5163.506226842165,31721305.058093,36762447.926419176,572094377.5246762,58825969.953599975,49208247.98422905,22410924.53193596
1776729600000,2026-04-21,Bridged Token Value (Dollar),47487664.87414541,5164.004017559165,31724360.517638806,36765988.95892835,567967857.7015088,58831636.18867785,49212987.82109139,22413083.418829244
1776816000000,2026-04-22,Bridged Token Value (Dollar),47492243.7297679,5164.502373073165,31727419.443928637,36769534.00911575,569026990.2376795,58837308.85270243,49217733.03580308,22415244.755209465
1776902400000,2026-04-23,Bridged Token Value (Dollar),47496831.812957905,5164.502373073165,31730484.534738857,36773086.20348777,565517865.2285122,58842992.948598765,49222487.813338466,22417410.447236378
1776988800000,2026-04-24,Bridged Token Value (Dollar),47501427.98490597,5165.002613429165,31733555.0292824,36776644.66035323,576076282.1845645,58848687.06551578,49227250.97351287,22423919.607453674
1777075200000,2026-04-25,Bridged Token Value (Dollar),47506024.60161626,5165.502902192165,31736625.82095146,36780203.461563334,576131010.9521871,58854381.73344092,49232014.59460861,22423919.607453674
1777161600000,2026-04-26,Bridged Token Value (Dollar),47510621.66313182,5166.0032393671645,31739696.9097748,36783762.607151404,576185745.0171502,58860076.952427514,49236778.67667029,22423919.607453674
1777248000000,2026-04-27,Bridged Token Value (Dollar),47515224.159584194,5166.504167912164,31742771.62943354,36787325.96058644,576840041.2534863,58865778.904662125,49241548.391131036,22426092.10290723
1777334400000,2026-04-28,Bridged Token Value (Dollar),47519812.942357406,5167.003603881164,31745837.187603652,36790878.69659109,577410749.5802135,58871463.867259845,49246303.89366691,22428258.12515522
1777420800000,2026-04-29,Bridged Token Value (Dollar),47524394.51760243,5167.502255394164,31748897.93075026,36794425.85236974,577980338.9312017,58877139.90057714,49251051.92681051,22430420.745266486
1777507200000,2026-04-30,Bridged Token Value (Dollar),47528988.2731009,5168.002232587164,31751966.81097314,36797982.438367054,578537940.1455885,58882831.02379707,49255812.582740806,22432589.11476735
1777593600000,2026-05-01,Bridged Token Value (Dollar),47533580.729753345,5168.002232587164,31755034.82349576,36801538.01876937,579370870.5366513,58888520.53789942,49260571.89263538,22439093.01239909
1777680000000,2026-05-02,Bridged Token Value (Dollar),47538173.63014884,5168.002232587164,31758103.132463034,36805093.94272726,579426772.584849,58894210.60174726,49265331.66239509,22439093.01239909
1777766400000,2026-05-03,Bridged Token Value (Dollar),47542766.97433026,5168.002232587164,31761171.737903606,36808650.21027392,579482680.0340708,58899901.21539371,49270091.89206436,22439093.01239909
1777852800000,2026-05-04,Bridged Token Value (Dollar),47547345.81821756,5168.500586823164,31764230.656353682,36812195.251375675,580539607.3056673,58905573.864879765,49274837.09461449,22441254.343239997
1777939200000,2026-05-05,Bridged Token Value (Dollar),47551924.0570517,5168.500586823164,31767289.17059512,36815739.82403204,581090704.983161,58911245.764776066,49279581.67012866,22443415.38848042
1778025600000,2026-05-06,Bridged Token Value (Dollar),47556501.26260566,5168.998762745164,31770346.994548816,36819283.59670028,581063663.0306282,58916916.384559646,49284325.17482148,22445575.9459863
1778112000000,2026-05-07,Bridged Token Value (Dollar),47561057.12787011,5169.494616023164,31773390.562020548,36822810.84724956,581914950.4891831,58922560.56623237,49289046.56388891,22447726.430332452
1778198400000,2026-05-08,Bridged Token Value (Dollar),47565580.451757975,5169.494616023164,31776412.390070777,36826312.903553225,582045458.8421023,58928164.43296365,49293734.22928569,22454132.411503423
1778284800000,2026-05-09,Bridged Token Value (Dollar),47570104.205839366,5169.494616023164,31779434.505513843,36829815.29292213,582100807.4885786,58933768.832654156,49298422.34050579,22454132.411503423
1778371200000,2026-05-10,Bridged Token Value (Dollar),47574628.3901552,5169.987023157164,31782456.908377074,36833318.01538795,582156161.3998786,58939373.76535458,49303110.897591636,22454132.411503423
1778457600000,2026-05-11,Bridged Token Value (Dollar),47579152.68974048,5170.479440877164,31785479.388246603,36836820.8270979,581301721.6683761,58944978.84086029,49307799.574134886,22456267.99604569
1778544000000,2026-05-12,Bridged Token Value (Dollar),47583680.13159382,5170.972200596164,31788503.96732327,36840326.071620524,578108991.0160441,58950587.80926687,49312491.50711116,22458405.063818455
1778630400000,2026-05-13,Bridged Token Value (Dollar),47588207.62359098,5171.464965773164,31791528.579898752,36843831.35496559,568046967.8674662,58956196.839795746,49317183.492053084,22460542.155260377
1778716800000,2026-05-14,Bridged Token Value (Dollar),47592724.83902324,5171.956612464164,31794546.327166144,36847328.6819693,567950272.4894933,58961793.13886837,49321864.8270617,22462674.395902134
1778803200000,2026-05-15,Bridged Token Value (Dollar),47597224.258175276,5172.446321915164,31797552.18554384,36850812.23070356,568001100.4179496,58967367.39044116,49326527.71921523,19469046.519318912
1778889600000,2026-05-16,Bridged Token Value (Dollar),47601724.10270268,5172.936077663164,31800558.32809557,36854296.10877273,568054798.4565068,58972942.16900404,49331191.05219887,19469046.519318912
1778976000000,2026-05-17,Bridged Token Value (Dollar),47606224.372645654,5173.425879713164,31803564.754848205,36857780.31620795,568108501.5714595,58978517.47460683,49335854.826054305,19469046.519318912
1779062400000,2026-05-18,Bridged Token Value (Dollar),47610740.441908315,5173.917401657164,31806581.736411545,36861276.75582209,564169179.4246837,58984112.35371002,49340534.97325067,19470893.629939456
1779148800000,2026-05-19,Bridged Token Value (Dollar),47615230.32517495,5174.406073558164,31809581.224295616,36864752.92166527,574226801.0634544,58989674.791441426,49345187.98306079,19472730.03026559
1779235200000,2026-05-20,Bridged Token Value (Dollar),47619719.25101385,5174.8946412541645,31812580.072565537,36868228.346246965,582782074.6127576,58995236.043032385,49349840.00065789,19474566.038995665
1779321600000,2026-05-21,Bridged Token Value (Dollar),47624215.933483005,5175.384053170164,31815584.10268921,36871709.776181474,583238521.9423025,59000806.90417669,49354500.05669931,19476405.22025328
1779408000000,2026-05-22,Bridged Token Value (Dollar),47628715.2603672,5175.873754917165,31818589.899426937,36875193.25347996,583324036.5209668,59006381.04144047,49359162.85323273,19483767.314861882
1779494400000,2026-05-23,Bridged Token Value (Dollar),47633215.01232805,5176.363502930165,31821595.980139144,36878677.05988208,583379146.4156324,59011955.70532428,49363826.09028669,19483767.314861882
1779580800000,2026-05-24,Bridged Token Value (Dollar),47637715.18940572,5176.853297212165,31824602.344852664,36882161.19541895,583434261.5173248,59017530.89587785,49368489.76790282,19483767.314861882
1779667200000,2026-05-25,Bridged Token Value (Dollar),47642215.79164036,5177.3431377681645,31827608.993594326,36885645.66012164,583489381.8194491,59023106.61315096,49373153.88612274,19483767.314861882
1779753600000,2026-05-26,Bridged Token Value (Dollar),47646733.94117496,5177.3431377681645,31830627.364893235,36889143.71032782,578901393.3978624,59028704.06946662,49377836.18917153,19485615.276331287
1779840000000,2026-05-27,Bridged Token Value (Dollar),47651264.621458694,5177.3431377681645,31833654.107418735,36892651.46211409,579178164.3120044,59034317.049907885,49382531.47823692,19487468.362983335
1779926400000,2026-05-28,Bridged Token Value (Dollar),47655797.06679569,5177.836442059164,31836682.02909647,36896160.58044321,569142850.3945385,59039932.21704272,49387228.596483536,19489322.171557136
1780012800000,2026-05-29,Bridged Token Value (Dollar),47660334.68977116,5178.330311950164,31839713.409720227,36899673.7074133,569242693.7274597,59045553.79866317,49391931.08048271,19494890.48053444
1780099200000,2026-05-30,Bridged Token Value (Dollar),47664872.74480367,5178.824228866164,31842745.078981742,36903187.1688914,569296895.0809804,59051175.915551506,49396634.01223642,19494890.48053444
1780185600000,2026-05-31,Bridged Token Value (Dollar),47669411.231934346,5179.318192811164,31845777.036908496,36906700.96490935,569351101.5955976,59056798.567758694,49401337.3917873,19494890.48053444
1780272000000,2026-06-01,Bridged Token Value (Dollar),47673953.17343652,5179.812530651165,31848811.30254457,36910217.43537729,576722164.3693488,59062425.49952623,49406044.351213984,19496748.17312032
1780358400000,2026-06-02,Bridged Token Value (Dollar),47678503.032505535,5180.3077302261645,31851850.85754885,36913740.03579867,571426431.815827,59068062.24022863,49410759.51586873,19498609.104058165
1780444800000,2026-06-03,Bridged Token Value (Dollar),47683030.82154602,5180.8005277341645,31854875.668565538,36917245.54912117,571372188.8122617,59073671.63875927,49415451.80864616,19500461.008167207
1780531200000,2026-06-04,Bridged Token Value (Dollar),47687583.12049855,5181.295992862165,31857916.853545617,36920770.038553745,576722936.4957587,59079311.402190626,49420169.50183033,19502322.9370381
1780617600000,2026-06-05,Bridged Token Value (Dollar),47692138.915900335,0,31860960.374345258,36924297.23501382,592213960.8018521,59084955.49731171,49424890.81849683,19507913.547943518
1780704000000,2026-06-06,Bridged Token Value (Dollar),47696695.14653642,0,31864004.185905244,36927824.768441804,592270537.4931945,59090600.13163695,49429612.58621057,19507913.547943518
1780790400000,2026-06-07,Bridged Token Value (Dollar),47701251.812448375,0,31867048.288253352,36931352.6388699,592327119.589522,59096245.30521784,49434334.80501464,19507913.547943518
1780876800000,2026-06-08,Bridged Token Value (Dollar),47705811.90901789,0,31870094.682468563,36934883.165388115,592358977.1958398,59101894.72898028,49439060.579119,19509778.666105874
1780963200000,2026-06-09,Bridged Token Value (Dollar),47710376.16257229,0,31873143.853777308,36938416.91033496,592380120.8618816,59107549.30275848,49443790.66123991,19511645.484510295
1781049600000,2026-06-10,Bridged Token Value (Dollar),47714928.40040346,0,31876184.997924972,36941941.35244604,592437382.2894303,59113188.99046765,49448508.29108206,19513507.388382036
1781136000000,2026-06-11,Bridged Token Value (Dollar),47719482.21774014,0,31879227.197268803,36945467.017444834,577492941.8023196,59118830.63499852,49453227.55781635,19515369.93828492
1781222400000,2026-06-12,Bridged Token Value (Dollar),47724044.432129145,0,31882275.006303404,36948999.18362523,577526857.5094929,59124482.68249043,49457955.52668486,19520968.426598947
1781308800000,2026-06-13,Bridged Token Value (Dollar),47728607.08268801,0,31885323.106723357,36952531.68749788,577582071.8833017,59130135.27034555,49462683.94757017,19520968.426598947
1781395200000,2026-06-14,Bridged Token Value (Dollar),47733170.16945844,0,31888371.498556525,36956064.52909505,577637291.5368127,59135788.398615524,49467412.82051549,19520968.426598947
1781481600000,2026-06-15,Bridged Token Value (Dollar),47737752.36286203,0,31891432.6546669,36959612.16346559,577159812.3133951,59141465.19775864,49472161.494276606,19522842.5825538
1781568000000,2026-06-16,Bridged Token Value (Dollar),47742330.12688711,0,31894490.851709887,36963156.368514396,577353746.5856333,59147136.50942231,49476905.57773094,19524714.92685529
1781654400000,2026-06-17,Bridged Token Value (Dollar),47746905.847291134,0,31897547.683502097,36966698.99134707,577309295.5283568,59152805.28927965,49481647.54331532,19526586.43529843
1781740800000,2026-06-18,Bridged Token Value (Dollar),47751483.090767145,0,31900605.532789797,36970242.79337539,577252470.1281871,59158475.95604419,49486391.087307975,19534076.037765305
1781827200000,2026-06-19,Bridged Token Value (Dollar),47756060.77303929,0,31903663.67521734,36973786.93512928,577307808.2705435,59164147.16642558,49491135.08603912,19534076.037765305
1781913600000,2026-06-20,Bridged Token Value (Dollar),47760638.89414964,0,31906722.11081284,36977331.4166413,577363151.7186345,59169818.92047593,49495879.539552346,19534076.037765305
1782000000000,2026-06-21,Bridged Token Value (Dollar),47765217.45414025,0,31909780.83960439,36980876.23794404,577418500.4722415,59175491.21824736,49500624.44789125,19534076.037765305
1782086400000,2026-06-22,Bridged Token Value (Dollar),47769791.546894096,0,31912836.58403715,36984417.60061433,586897470.6485845,59181157.9816374,49505364.72668963,19535946.880485725
1782172800000,2026-06-23,Bridged Token Value (Dollar),47774371.52342845,0,31915896.259157483,36987963.51863621,586349182.0730168,59186832.034340054,49510111.10303816,19537820.129722264
1782259200000,2026-06-24,Bridged Token Value (Dollar),47778956.33431481,0,31918959.16388968,36991513.17951917,570572343.7543869,59192512.076236725,49514862.4893805,19539695.356249765
1782345600000,2026-06-25,Bridged Token Value (Dollar),47783537.7628798,0,31922019.809045985,36995060.221734926,575625065.9992774,59198187.92783469,49519610.370514885,19541569.199379142
1782432000000,2026-06-26,Bridged Token Value (Dollar),47788123.50709112,0,31925083.33729037,36998610.605218485,563167940.4271015,59203869.12601131,49524362.72409177,19547196.56419383
1782518400000,2026-06-27,Bridged Token Value (Dollar),47788123.50709112,0,31925083.33729037,36998610.605218485,563167940.4271015,59203869.12601131,49524362.72409177,19547196.56419383
1782604800000,2026-06-28,Bridged Token Value (Dollar),47797296.31582555,0,31931211.275819704,37005712.394399874,563276039.0818353,59215233.15807569,49533868.79952692,19547196.56419383
1782691200000,2026-06-29,Bridged Token Value (Dollar),47801870.03911001,0,31934266.773426685,37009253.471018896,538198087.1980293,59220899.463736586,49538608.69543235,19549067.255798142
1782777600000,2026-06-30,Bridged Token Value (Dollar),47806457.5367758,0,31937331.473074663,37012805.21206526,508238867.9232737,59226582.83423722,49543362.86617024,19550943.58124121
1782864000000,2026-07-01,Bridged Token Value (Dollar),47811062.3025722,0,31940407.70877948,37016370.32247609,508098186.5858186,59232287.59792239,49548134.93242487,19552826.969496116
1782950400000,2026-07-02,Bridged Token Value (Dollar),47811062.3025722,0,31943483.68462918,37019935.13173568,513791183.89553785,59237991.879716,49552906.59557455,19560360.974383283
1783036800000,2026-07-03,Bridged Token Value (Dollar),47815667.12281382,0,31946559.956706386,37023500.284299195,513840663.8303537,59243696.71085241,49557678.71825251,19560360.974383283
1783123200000,2026-07-04,Bridged Token Value (Dollar),47820272.386516154,0,31949636.525039632,37027065.78019969,513890148.53084505,59249402.09138452,49562451.300503,19560360.974383283
1783209600000,2026-07-05,Bridged Token Value (Dollar),47824878.0937219,0,31952713.389657445,37030631.61947023,513939637.99626446,59255108.02136525,49567224.34237029,19560360.974383283
1783296000000,2026-07-06,Bridged Token Value (Dollar),47829474.31566939,0,31955783.917603336,37034190.11504634,515789709.84763163,59260802.200225666,49571987.55436069,19562240.86813154
1783382400000,2026-07-07,Bridged Token Value (Dollar),47834077.580398284,0,31958859.150512863,37037754.06329787,515743681.03880715,59266505.1042646,49576758.065010995,19564123.642437108
1783468800000,2026-07-08,Bridged Token Value (Dollar),47838674.97341174,104.940262309,31961930.460794944,37041313.46553886,515684918.14771146,59272200.733938135,49581522.490614556,19566004.015161272
1783555200000,2026-07-09,Bridged Token Value (Dollar),47843268.74156511,104.95033835800001,31964999.349471997,37044870.06133388,515614646.1655315,59277891.87283601,49586283.159659535,19567882.90528693
1783641600000,2026-07-10,Bridged Token Value (Dollar),47847864.35950919,104.96041841800002,31968069.473910544,37048428.089277335,515544129.7283608,59283585.30340719,49591045.74570187,19573522.38702164
1783728000000,2026-07-11,Bridged Token Value (Dollar),47852460.41884603,104.96041841800002,31971139.893223617,37051986.45895672,515593645.9086659,59289279.28081212,49595808.78917365,19573522.38702164
1783814400000,2026-07-12,Bridged Token Value (Dollar),47852460.41884603,104.96041841800002,31971139.893223617,37051986.45895672,515593645.9086659,59289279.28081212,49595808.78917365,19573522.38702164
1783900800000,2026-07-13,Bridged Token Value (Dollar),47861668.6778539,104.98061398300001,31977291.51447683,37059115.69451528,513445203.5630011,59300687.231599286,49605351.60286239,19575408.63524358
1783987200000,2026-07-14,Bridged Token Value (Dollar),47866298.01658611,104.99076707800002,31980384.16624836,37062699.82983056,518411871.58052063,59306422.438264206,49610149.13483731,19577302.07403759
1784073600000,2026-07-15,Bridged Token Value (Dollar),47870935.31877186,105.00093763800002,31983482.138042927,37066290.13062577,498466369.40026736,59312167.51071222,49614954.91959415,19579198.76995162
1784160000000,2026-07-16,Bridged Token Value (Dollar),47875576.373589955,105.00093763800002,31986582.61680139,37069883.33679103,488814975.0708242,59317917.23223071,49619764.59332405,19581097.000724096
1784246400000,2026-07-17,Bridged Token Value (Dollar),47880209.65739309,105.01109935300002,31989677.904096324,37073470.52646652,488876913.54726535,59323657.32637489,49624566.2137023,19586782.70796924
1784332800000,2026-07-18,Bridged Token Value (Dollar),47884843.38955123,105.02126205200003,31992773.490916956,37077058.06326826,488924221.3363839,59329397.97597823,49629368.2987252,19586782.70796924
1784419200000,2026-07-19,Bridged Token Value (Dollar),47889477.570107765,105.03142573400002,31995869.37729227,37080645.94722985,488971533.7030687,59335139.1810945,49634170.84843772,19586782.70796924
1784505600000,2026-07-20,Bridged Token Value (Dollar),47894096.09221807,105.04155510600002,31998954.802968062,37084221.70807983,488949149.1240421,59340860.98723601,49638957.17080098,19588671.722673174
1784592000000,2026-07-21,Bridged Token Value (Dollar),47898722.96298728,105.05170278800001,32002045.806005165,37087803.932644166,488946575.3337159,59346593.13638479,49643752.1451468,19590564.15204939
1784678400000,2026-07-22,Bridged Token Value (Dollar),47903360.48410705,105.06187382800002,32005143.924059644,37091394.40294289,488994605.31911534,59352338.48006633,49648558.15679197,19592460.937509287
1784764800000,2026-07-23,Bridged Token Value (Dollar),47908006.83807909,105.07206424100002,32005143.924059644,37091394.40294289,489042055.4641866,59352338.48006633,49653373.322204806,19594361.33568066
1784851200000,2026-07-24,Bridged Token Value (Dollar),47912658.34967047,105.07206424100002,32011355.40739874,37098593.01385695,489089488.75744665,59363857.44284557,49658193.832623735,19600069.412847675
1784937600000,2026-07-25,Bridged Token Value (Dollar),47917310.31284568,105.08226693000002,32014463.173537087,37102194.665510915,489136971.150783,59369620.67853661,49663014.811033435,19600069.412847675
1785024000000,2026-07-26,Bridged Token Value (Dollar),47921962.72764854,105.09247061000002,32017571.24138744,37105796.6668249,489184458.1536493,59375384.47374125,49667836.25747935,19600069.412847675
1785110400000,2026-07-27,Bridged Token Value (Dollar),47926617.06828632,105.09247061000002,32020680.595800977,37105796.6668249,479173514.7076063,59381150.65482903,49672659.69972966,19601973.077633057
1785196800000,2026-07-28,Bridged Token Value (Dollar),47931277.66060354,105.10269125800002,32023794.12667871,37109404.99934938,479094506.1653391,59386924.58101296,49677489.62079556,19603879.299408335
1785283200000,2026-07-29,Bridged Token Value (Dollar),47935942.97238695,105.11292225500002,32026910.810418293,37113016.985787824,478733050.143318,59392704.35406088,49682324.43279542,19605787.451485302
1785369600000,2026-07-30,Bridged Token Value (Dollar),47940612.81316369,105.12316318400002,32030030.519773424,37116632.478671975,475183835.94689876,59398489.737999305,49687163.9383361,19607697.455958944
1785456000000,2026-07-31,Bridged Token Value (Dollar),47954625.42617529,105.15389275100001,32039391.712583225,37127481.35019757,475279514.18588245,59415849.7188056,49701685.65793021,19613428.73349476