Date,ETH_Adjusted_Close_USD,ETH_Daily_Return,ETH_Daily_Return_Percent
2020-01-01,130.802001953125,,
2020-01-02,127.4101791381836,-0.025930970201487602,-2.59309702014876
2020-01-03,134.1717071533203,0.053068978168561154,5.306897816856115
2020-01-04,135.06936645507812,0.0066903769863495555,0.6690376986349555
2020-01-05,136.2767791748047,0.008939204731726713,0.8939204731726713
2020-01-06,144.3041534423828,0.05890493095145177,5.890493095145177
2020-01-07,143.5439910888672,-0.005267778753292318,-0.5267778753292318
2020-01-08,141.2581329345703,-0.015924443349786155,-1.5924443349786155
2020-01-09,138.9792022705078,-0.016133093484380745,-1.6133093484380745
2020-01-10,143.96377563476562,0.03586560638444225,3.586560638444225
2020-01-11,142.92710876464844,-0.007200886928300676,-0.7200886928300676
2020-01-12,145.87393188476562,0.0206176641057616,2.06176641057616
2020-01-13,144.22659301757812,-0.01129289411687917,-1.129289411687917
2020-01-14,165.95535278320312,0.15065709666300386,15.065709666300386
2020-01-15,166.23068237304688,0.0016590582058744197,0.16590582058744197
2020-01-16,164.39100646972656,-0.01106700566380281,-1.106700566380281
2020-01-17,170.7799530029297,0.038864331269726105,3.8864331269726105
2020-01-18,175.3656768798828,0.02685165206055795,2.685165206055795
2020-01-19,166.9698486328125,-0.047876120324395366,-4.787612032439537
2020-01-20,167.12051391601562,0.0009023502412968121,0.09023502412968121
2020-01-21,169.69715881347656,0.01541788519604359,1.541788519604359
2020-01-22,168.29415893554688,-0.008267668638293424,-0.8267668638293424
2020-01-23,162.92855834960938,-0.03188227458323378,-3.1882274583233783
2020-01-24,163.05117797851562,0.0007525975197246737,0.07525975197246737
2020-01-25,161.283935546875,-0.01083857506306074,-1.083857506306074
2020-01-26,168.0771026611328,0.04211930401638453,4.211930401638453
2020-01-27,170.93089294433594,0.016979054481661038,1.6979054481661038
2020-01-28,176.3703155517578,0.03182234945202822,3.182234945202822
2020-01-29,175.0503387451172,-0.007484121137455557,-0.7484121137455557
2020-01-30,184.6904754638672,0.05507065446349446,5.507065446349446
2020-01-31,180.16017150878906,-0.02452916937757532,-2.452916937757532
2020-02-01,183.6739501953125,0.019503637552609865,1.9503637552609865
2020-02-02,188.61753845214844,0.026915021164291897,2.6915021164291897
2020-02-03,189.8650665283203,0.006614061907548319,0.6614061907548319
2020-02-04,189.25059509277344,-0.00323635857181348,-0.323635857181348
2020-02-05,204.23023986816406,0.07915243155799523,7.915243155799523
2020-02-06,212.33908081054688,0.03970440884570903,3.9704408845709027
2020-02-07,222.72605895996094,0.04891694034731886,4.891694034731886
2020-02-08,223.14651489257812,0.0018877716176568526,0.18877716176568526
2020-02-09,228.5785675048828,0.02434298655714895,2.434298655714895
2020-02-10,223.522705078125,-0.02211870728715548,-2.211870728715548
2020-02-11,235.8511962890625,0.055155431331365135,5.5155431331365135
2020-02-12,265.4061279296875,0.12531177329455678,12.531177329455678
2020-02-13,268.0992431640625,0.010147147902660691,1.0147147902660691
2020-02-14,284.2174987792969,0.060120481598565645,6.0120481598565645
2020-02-15,264.72857666015625,-0.06857045116097638,-6.857045116097638
2020-02-16,259.89471435546875,-0.018259692118138604,-1.8259692118138604
2020-02-17,266.3634338378906,0.02488976929932618,2.488976929932618
2020-02-18,281.944580078125,0.05849581534422277,5.849581534422277
2020-02-19,259.76397705078125,-0.07867008126631714,-7.867008126631713
2020-02-20,257.949462890625,-0.006985241682689214,-0.6985241682689214
2020-02-21,265.6006164550781,0.029661444062387243,2.9661444062387243
2020-02-22,262.33172607421875,-0.012307540639357906,-1.2307540639357906
2020-02-23,273.754150390625,0.04354190965516169,4.354190965516169
2020-02-24,265.2164306640625,-0.031187544424001845,-3.1187544424001845
2020-02-25,247.81759643554688,-0.06560239946277657,-6.560239946277657
2020-02-26,225.68026733398438,-0.08932912521133274,-8.932912521133273
2020-02-27,226.75338745117188,0.0047550462867866905,0.47550462867866905
2020-02-28,226.760498046875,3.135827774425337e-05,0.003135827774425337
2020-02-29,219.8485107421875,-0.030481443479889903,-3.0481443479889903
2020-03-01,218.97059631347656,-0.003993269846346403,-0.39932698463464034
2020-03-02,230.5697784423828,0.05297141408109862,5.297141408109862
2020-03-03,224.47962951660156,-0.026413474337024234,-2.6413474337024234
2020-03-04,224.51797485351562,0.00017081878207236834,0.017081878207236834
2020-03-05,229.2681884765625,0.02115738673549905,2.115738673549905
2020-03-06,243.52529907226562,0.06218529788383864,6.218529788383864
2020-03-07,237.85308837890625,-0.023292079775564356,-2.3292079775564356
2020-03-08,200.68905639648438,-0.15624784288366522,-15.624784288366522
2020-03-09,201.986328125,0.006464088036532978,0.6464088036532978
2020-03-10,200.76724243164062,-0.0060354861869905685,-0.6035486186990568
2020-03-11,194.8685302734375,-0.029380849618490856,-2.9380849618490856
2020-03-12,112.34712219238281,-0.42347221465293294,-42.347221465293295
2020-03-13,133.20181274414062,0.18562727860573336,18.562727860573336
2020-03-14,123.30602264404297,-0.07429170741922175,-7.429170741922175
2020-03-15,125.21430206298828,0.015475962795865161,1.5475962795865161
2020-03-16,110.60587310791016,-0.1166674150987117,-11.66674150987117
2020-03-17,113.9427490234375,0.030169066268947553,3.0169066268947553
2020-03-18,114.84226989746094,0.007894498612091683,0.7894498612091683
2020-03-19,136.59385681152344,0.1894040141620661,18.94040141620661
2020-03-20,132.73716735839844,-0.02823472111521519,-2.823472111521519
2020-03-21,132.81871032714844,0.0006143190364296114,0.06143190364296114
2020-03-22,123.32115173339844,-0.07150768570449428,-7.150768570449428
2020-03-23,134.91160583496094,0.09398593784316334,9.398593784316333
2020-03-24,138.76144409179688,0.028536004986446484,2.8536004986446484
2020-03-25,136.19589233398438,-0.01848893815284358,-1.8488938152843581
2020-03-26,138.36155700683594,0.015901101242766114,1.5901101242766114
2020-03-27,133.9379425048828,-0.031971413141401506,-3.1971413141401506
2020-03-28,130.9864959716797,-0.022035925578709925,-2.2035925578709925
2020-03-29,125.58373260498047,-0.04124672033266197,-4.124672033266197
2020-03-30,132.904541015625,0.05829424129056493,5.829424129056493
2020-03-31,133.59356689453125,0.005184366716448396,0.5184366716448396
2020-04-01,135.63455200195312,0.01527757028175758,1.527757028175758
2020-04-02,142.02914428710938,0.047145747088574996,4.7145747088575
2020-04-03,142.09130859375,0.0004376869758151436,0.04376869758151436
2020-04-04,145.21939086914062,0.02201459263306571,2.201459263306571
2020-04-05,143.54664611816406,-0.011518742372937596,-1.1518742372937596
2020-04-06,169.13587951660156,0.17826423737809294,17.826423737809293
2020-04-07,165.10194396972656,-0.023850264996428838,-2.385026499642884
2020-04-08,172.64173889160156,0.045667511481618295,4.5667511481618295
2020-04-09,170.80714416503906,-0.010626600139346465,-1.0626600139346465
2020-04-10,158.41244506835938,-0.07256546063848213,-7.256546063848212
2020-04-11,158.2160186767578,-0.0012399681825301379,-0.12399681825301379
2020-04-12,161.14242553710938,0.01849627417518529,1.849627417518529
2020-04-13,156.27955627441406,-0.030177461003746964,-3.0177461003746964
2020-04-14,157.5963897705078,0.008426140484949274,0.8426140484949274
2020-04-15,153.28689575195312,-0.02734513160377705,-2.734513160377705
2020-04-16,172.15737915039062,0.12310565300359055,12.310565300359055
2020-04-17,171.63858032226562,-0.003013514905287895,-0.3013514905287895
2020-04-18,186.91400146484375,0.08899759665861406,8.899759665861406
2020-04-19,181.61495971679688,-0.02835015946648367,-2.835015946648367
2020-04-20,172.2971649169922,-0.05130521634525309,-5.130521634525309
2020-04-21,172.73770141601562,0.0025568412529346496,0.25568412529346496
2020-04-22,182.59957885742188,0.05709163292415953,5.709163292415953
2020-04-23,185.02867126464844,0.013302836854422573,1.3302836854422573
2020-04-24,189.2369384765625,0.022743865494742277,2.2743865494742277
2020-04-25,195.5153045654297,0.0331772757444222,3.3177275744422197
2020-04-26,197.31753540039062,0.009217850433584918,0.9217850433584918
2020-04-27,197.22471618652344,-0.00047040529712094603,-0.0470405297120946
2020-04-28,198.41539001464844,0.006037143067803674,0.6037143067803674
2020-04-29,216.96823120117188,0.09350505112105334,9.350505112105335
2020-04-30,207.60205078125,-0.04316844161041067,-4.316844161041066
2020-05-01,214.21910095214844,0.03187372256679111,3.1873722566791107
2020-05-02,215.32537841796875,0.005164233538947682,0.5164233538947682
2020-05-03,210.9331512451172,-0.020398093365129433,-2.0398093365129433
2020-05-04,208.17401123046875,-0.013080637151445917,-1.3080637151445917
2020-05-05,206.77439880371094,-0.006723281251511781,-0.6723281251511781
2020-05-06,204.0557861328125,-0.013147723734789785,-1.3147723734789785
2020-05-07,212.28941345214844,0.04034988409481799,4.034988409481799
2020-05-08,212.9915771484375,0.00330757754176636,0.330757754176636
2020-05-09,211.60012817382812,-0.006532882629624592,-0.6532882629624592
2020-05-10,188.5995635986328,-0.10869825445616221,-10.869825445616222
2020-05-11,185.912841796875,-0.014245641667949727,-1.4245641667949727
2020-05-12,189.3125,0.018286301098228597,1.8286301098228597
2020-05-13,199.1932830810547,0.05219297764835762,5.219297764835762
2020-05-14,202.9490966796875,0.018855121721672363,1.8855121721672363
2020-05-15,195.62266540527344,-0.03609984668213273,-3.609984668213273
2020-05-16,200.6771240234375,0.025837796493022314,2.5837796493022314
2020-05-17,207.15869140625,0.03229848650838507,3.229848650838507
2020-05-18,214.52505493164062,0.035559036772175645,3.5559036772175645
2020-05-19,213.45111083984375,-0.005006147613569434,-0.5006147613569434
2020-05-20,210.09674072265625,-0.015714933991157976,-1.5714933991157976
2020-05-21,199.88360595703125,-0.04861158117206166,-4.861158117206166
2020-05-22,207.169189453125,0.036449129788362455,3.6449129788362455
2020-05-23,208.69439697265625,0.007362134898328376,0.7362134898328376
2020-05-24,202.37034606933594,-0.03030292616887509,-3.030292616887509
2020-05-25,205.3197479248047,0.014574278854364575,1.4574278854364575
2020-05-26,201.90231323242188,-0.016644452016541522,-1.6644452016541522
2020-05-27,208.86343383789062,0.034477666422055187,3.4477666422055187
2020-05-28,219.84042358398438,0.05255582341240994,5.255582341240994
2020-05-29,220.6751251220703,0.0037968519368642983,0.37968519368642983
2020-05-30,242.34559631347656,0.0982007880562834,9.820078805628341
2020-05-31,230.9757080078125,-0.046916009527802616,-4.691600952780261
2020-06-01,246.99176025390625,0.06934085140049451,6.934085140049451
2020-06-02,237.21905517578125,-0.03956692752858926,-3.9566927528589257
2020-06-03,244.1793212890625,0.02934109196296908,2.934109196296908
2020-06-04,244.4263916015625,0.0010118396234197746,0.10118396234197746
2020-06-05,241.22198486328125,-0.01310990485636565,-1.310990485636565
2020-06-06,241.9313201904297,0.0029405915366731428,0.2940591536673143
2020-06-07,245.16725158691406,0.013375413294720584,1.3375413294720584
2020-06-08,246.30990600585938,0.00466071390672762,0.46607139067276204
2020-06-09,244.9114532470703,-0.005677614763718863,-0.5677614763718863
2020-06-10,247.4449462890625,0.01034452659686913,1.034452659686913
2020-06-11,231.70266723632812,-0.06361931932262788,-6.361931932262788
2020-06-12,237.4932098388672,0.02499126432857568,2.499126432857568
2020-06-13,238.90884399414062,0.005960735282637852,0.5960735282637852
2020-06-14,234.1147003173828,-0.020066832171668714,-2.0066832171668714
2020-06-15,229.9289093017578,-0.017879231889114333,-1.7879231889114333
2020-06-16,234.41616821289062,0.01951585350776286,1.951585350776286
2020-06-17,233.0282745361328,-0.005920639720965681,-0.5920639720965681
2020-06-18,232.10116577148438,-0.003978524779853165,-0.39785247798531653
2020-06-19,227.13829040527344,-0.021382380177690008,-2.138238017769001
2020-06-20,229.27426147460938,0.009403835282570938,0.9403835282570938
2020-06-21,228.9898223876953,-0.0012406062725255351,-0.12406062725255351
2020-06-22,242.53318786621094,0.05914396254513776,5.914396254513776
2020-06-23,244.14215087890625,0.0066339911121064965,0.6633991112106497
2020-06-24,235.7724609375,-0.03428203573727662,-3.4282035737276617
2020-06-25,232.94448852539062,-0.01199449842812228,-1.199449842812228
2020-06-26,229.6680450439453,-0.014065340211250277,-1.4065340211250277
2020-06-27,222.9597930908203,-0.029208468909296514,-2.9208468909296514
2020-06-28,225.34716796875,0.01070764753067932,1.070764753067932
2020-06-29,228.1948699951172,0.012636955023823893,1.2636955023823893
2020-06-30,226.31500244140625,-0.008237992176384878,-0.8237992176384878
2020-07-01,231.11341857910156,0.021202377597294486,2.1202377597294486
2020-07-02,229.39219665527344,-0.00744752050491182,-0.744752050491182
2020-07-03,225.38706970214844,-0.017459734949675898,-1.7459734949675898
2020-07-04,229.07411193847656,0.016358712330749814,1.6358712330749814
2020-07-05,227.6645965576172,-0.006153097654430395,-0.6153097654430395
2020-07-06,241.51022338867188,0.06081589777420948,6.081589777420948
2020-07-07,239.07553100585938,-0.01008111519525301,-1.008111519525301
2020-07-08,246.67001342773438,0.03176603807977685,3.176603807977685
2020-07-09,243.01596069335938,-0.014813526312331904,-1.4813526312331904
2020-07-10,240.9849853515625,-0.008357374289335584,-0.8357374289335584
2020-07-11,239.4581756591797,-0.006335704650459517,-0.6335704650459517
2020-07-12,242.13169860839844,0.011164884814891307,1.1164884814891307
2020-07-13,239.60458374023438,-0.010436943542246335,-1.0436943542246335
2020-07-14,240.21148681640625,0.0025329360010484248,0.2532936001048425
2020-07-15,238.42352294921875,-0.007443290455772633,-0.7443290455772633
2020-07-16,233.64088439941406,-0.020059424047782937,-2.0059424047782937
2020-07-17,232.77308654785156,-0.0037142380015947607,-0.37142380015947607
2020-07-18,235.4838104248047,0.01164534919888971,1.164534919888971
2020-07-19,238.48751831054688,0.01275547512299724,1.275547512299724
2020-07-20,236.15316772460938,-0.009788145738083509,-0.9788145738083509
2020-07-21,245.0167236328125,0.037533080727248036,3.7533080727248036
2020-07-22,262.1906433105469,0.07009284681918926,7.009284681918926
2020-07-23,274.6890563964844,0.047669180441096026,4.766918044109603
2020-07-24,279.2154235839844,0.01647814895460087,1.6478148954600869
2020-07-25,304.0567626953125,0.08896836282346765,8.896836282346765
2020-07-26,309.64361572265625,0.018374375158832335,1.8374375158832335
2020-07-27,321.51409912109375,0.03833595396673628,3.833595396673628
2020-07-28,316.6572570800781,-0.015106155699835644,-1.5106155699835644
2020-07-29,318.1908874511719,0.004843187189946141,0.4843187189946141
2020-07-30,334.5866394042969,0.05152803741320544,5.152803741320544
2020-07-31,345.5546569824219,0.032780799608892464,3.2780799608892464
2020-08-01,385.19970703125,0.11472873899322056,11.472873899322057
2020-08-02,370.6717224121094,-0.037715461237258996,-3.7715461237258996
2020-08-03,386.295166015625,0.042149003171452204,4.21490031714522
2020-08-04,389.87548828125,0.009268358966418422,0.9268358966418422
2020-08-05,401.590576171875,0.030048280137513927,3.0048280137513927
2020-08-06,394.9619445800781,-0.016505944076137702,-1.6505944076137702
2020-08-07,379.5128479003906,-0.03911540565284821,-3.911540565284821
2020-08-08,393.98736572265625,0.038139730716217235,3.8139730716217235
2020-08-09,391.1204528808594,-0.007276661870967205,-0.7276661870967205
2020-08-10,395.8875732421875,0.01218836889304864,1.218836889304864
2020-08-11,380.3840637207031,-0.039161394722536436,-3.9161394722536436
2020-08-12,391.024169921875,0.027972008335723553,2.7972008335723553
2020-08-13,428.7417907714844,0.09645854080361627,9.645854080361627
2020-08-14,437.3978271484375,0.020189392691058572,2.018939269105857
2020-08-15,433.35491943359375,-0.009243090532024323,-0.9243090532024323
2020-08-16,433.78662109375,0.0009961849763249209,0.09961849763249209
2020-08-17,429.53125,-0.009809825584340293,-0.9809825584340293
2020-08-18,423.6693115234375,-0.013647292197162653,-1.3647292197162653
2020-08-19,406.4637756347656,-0.04061076745635395,-4.061076745635395
2020-08-20,416.4397888183594,0.024543424978067163,2.4543424978067163
2020-08-21,389.1263427734375,-0.06558798361324525,-6.558798361324525
2020-08-22,395.83514404296875,0.017240676181713432,1.7240676181713432
2020-08-23,391.3844909667969,-0.011243703706330654,-1.1243703706330654
2020-08-24,408.1441955566406,0.04282158587440188,4.282158587440188
2020-08-25,384.00103759765625,-0.05915350070348824,-5.915350070348824
2020-08-26,386.46612548828125,0.006419482369232066,0.6419482369232066
2020-08-27,382.63262939453125,-0.00991935862142268,-0.991935862142268
2020-08-28,395.8746643066406,0.034607699121382396,3.4607699121382396
2020-08-29,399.9214782714844,0.010222462637086371,1.0222462637086371
2020-08-30,428.3957214355469,0.07119958469630605,7.119958469630605
2020-08-31,435.0797424316406,0.015602445733341463,1.5602445733341463
2020-09-01,477.0519104003906,0.09647005795804109,9.647005795804109
2020-09-02,440.0404968261719,-0.07758361882075893,-7.758361882075892
2020-09-03,385.67193603515625,-0.123553539238214,-12.355353923821399
2020-09-04,388.24114990234375,0.006661656260499305,0.6661656260499305
2020-09-05,335.26007080078125,-0.13646435756459385,-13.646435756459386
2020-09-06,353.3622741699219,0.053994510368928994,5.399451036892899
2020-09-07,352.6734924316406,-0.0019492226211732522,-0.19492226211732522
2020-09-08,337.60211181640625,-0.04273465666874776,-4.273465666874776
2020-09-09,351.1100158691406,0.04001131385125989,4.001131385125989
2020-09-10,368.1018981933594,0.04839475251697656,4.839475251697656
2020-09-11,374.6955871582031,0.01791267308646205,1.791267308646205
2020-09-12,387.18310546875,0.03332710268956118,3.3327102689561183
2020-09-13,365.57000732421875,-0.05582138745017029,-5.582138745017029
2020-09-14,377.26885986328125,0.03200167493140915,3.200167493140915
2020-09-15,364.8392028808594,-0.0329464164811436,-3.2946416481143603
2020-09-16,365.8122863769531,0.002667157170638479,0.2667157170638479
2020-09-17,389.01922607421875,0.06343947582272258,6.343947582272258
2020-09-18,384.3645324707031,-0.011965201952840232,-1.1965201952840232
2020-09-19,385.54437255859375,0.003069586260487034,0.3069586260487034
2020-09-20,371.0528259277344,-0.03758723421298804,-3.758723421298804
2020-09-21,341.78607177734375,-0.07887489895061617,-7.887489895061616
2020-09-22,344.503173828125,0.00794971555350954,0.794971555350954
2020-09-23,321.1163024902344,-0.06788579355602253,-6.788579355602254
2020-09-24,349.3555908203125,0.08794099866959249,8.794099866959249
2020-09-25,352.1832580566406,0.008093951580075087,0.8093951580075087
2020-09-26,355.48809814453125,0.009383864826871147,0.9383864826871147
2020-09-27,357.4385070800781,0.005486566064312859,0.5486566064312859
2020-09-28,355.159423828125,-0.006376154798124589,-0.6376154798124589
2020-09-29,359.75738525390625,0.012946190125610713,1.2946190125610713
2020-09-30,359.9378662109375,0.0005016740848944323,0.05016740848944323
2020-10-01,353.2059020996094,-0.01870312835433363,-1.8703128354333631
2020-10-02,346.2389221191406,-0.01972498177140869,-1.972498177140869
2020-10-03,346.5220947265625,0.0008178531913418663,0.08178531913418663
2020-10-04,352.5790100097656,0.017479160421163265,1.7479160421163265
2020-10-05,353.956787109375,0.003907711634822508,0.3907711634822508
2020-10-06,340.81585693359375,-0.03712580364145024,-3.712580364145024
2020-10-07,341.80865478515625,0.0029130036979352347,0.2913003697935235
2020-10-08,350.7661437988281,0.02620615039517382,2.620615039517382
2020-10-09,365.5904846191406,0.042262747082040475,4.2262747082040475
2020-10-10,370.96759033203125,0.014708002366342399,1.4708002366342399
2020-10-11,375.1420593261719,0.011252921017721018,1.1252921017721018
2020-10-12,387.73126220703125,0.033558494889834645,3.3558494889834645
2020-10-13,381.1907653808594,-0.01686863418993423,-1.6868634189934228
2020-10-14,379.4840393066406,-0.0044773541995790644,-0.44773541995790644
2020-10-15,377.44183349609375,-0.005381532815657342,-0.5381532815657342
2020-10-16,366.22900390625,-0.02970743726519065,-2.970743726519065
2020-10-17,368.8559265136719,0.0071728961371237965,0.7172896137123796
2020-10-18,378.21368408203125,0.025369682024107387,2.5369682024107387
2020-10-19,379.93560791015625,0.004552780347713448,0.45527803477134476
2020-10-20,369.13690185546875,-0.02842246378033897,-2.842246378033897
2020-10-21,392.1899719238281,0.06245127472350509,6.245127472350509
2020-10-22,413.7729797363281,0.055032023655851914,5.503202365585191
2020-10-23,409.7666931152344,-0.009682330208334755,-0.9682330208334755
2020-10-24,412.4576110839844,0.006566951423729428,0.6566951423729428
2020-10-25,406.2177734375,-0.015128433756102622,-1.5128433756102622
2020-10-26,393.8883056640625,-0.030351866854822607,-3.0351866854822607
2020-10-27,403.9970397949219,0.025663961040470307,2.5663961040470307
2020-10-28,388.6507568359375,-0.037986127241859236,-3.7986127241859236
2020-10-29,386.7301025390625,-0.004941851425972588,-0.49418514259725876
2020-10-30,382.8199768066406,-0.010110735385608915,-1.0110735385608915
2020-10-31,386.59033203125,0.009848898837674147,0.9848898837674147
2020-11-01,396.3581848144531,0.02526667630791546,2.526667630791546
2020-11-02,383.15673828125,-0.033306859903456054,-3.3306859903456054
2020-11-03,387.6021728515625,0.011602130737028649,1.1602130737028649
2020-11-04,402.1419982910156,0.03751223924387381,3.7512239243873813
2020-11-05,414.0673522949219,0.02965458483467409,2.965458483467409
2020-11-06,454.71929931640625,0.0981771366329065,9.81771366329065
2020-11-07,435.713134765625,-0.04179757617359503,-4.179757617359503
2020-11-08,453.5547790527344,0.040948144234179695,4.0948144234179695
2020-11-09,444.1630554199219,-0.02070692244149086,-2.070692244149086
2020-11-10,449.67962646484375,0.01242014836129579,1.242014836129579
2020-11-11,462.9605407714844,0.029534169495399443,2.9534169495399443
2020-11-12,461.0052795410156,-0.004223386354289427,-0.4223386354289427
2020-11-13,474.6264343261719,0.029546635124694687,2.9546635124694687
2020-11-14,460.14984130859375,-0.030501025586850417,-3.0501025586850417
2020-11-15,447.55908203125,-0.027362302769762148,-2.736230276976215
2020-11-16,459.9403076171875,0.027663890831452376,2.7663890831452376
2020-11-17,480.3600769042969,0.044396563964784974,4.439656396478497
2020-11-18,479.48406982421875,-0.001823646722940775,-0.1823646722940775
2020-11-19,471.63043212890625,-0.016379350617824917,-1.6379350617824917
2020-11-20,509.74456787109375,0.08081356321758748,8.081356321758747
2020-11-21,549.4866333007812,0.07796466688339021,7.796466688339021
2020-11-22,558.068115234375,0.015617271492200935,1.5617271492200935
2020-11-23,608.4540405273438,0.09028633587462331,9.02863358746233
2020-11-24,603.8977661132812,-0.007488280314670304,-0.7488280314670304
2020-11-25,570.6866455078125,-0.05499460748003315,-5.499460748003315
2020-11-26,518.8011474609375,-0.09091766638538712,-9.091766638538711
2020-11-27,517.4937133789062,-0.0025201063807008817,-0.25201063807008817
2020-11-28,538.2297973632812,0.04007021428140933,4.007021428140933
2020-11-29,575.758056640625,0.06972534679646114,6.972534679646114
2020-11-30,614.842529296875,0.06788350107386454,6.788350107386454
2020-12-01,587.3241577148438,-0.04475677961558855,-4.475677961558855
2020-12-02,598.3523559570312,0.018777021338771238,1.8777021338771238
2020-12-03,616.708740234375,0.030678218435329363,3.0678218435329363
2020-12-04,569.3541870117188,-0.07678592848328947,-7.678592848328947
2020-12-05,596.595458984375,0.047845914887590935,4.7845914887590935
2020-12-06,601.9089965820312,0.008906433191264718,0.8906433191264718
2020-12-07,591.8433837890625,-0.01672281499383932,-1.672281499383932
2020-12-08,554.8277587890625,-0.06254293959158741,-6.2542939591587405
2020-12-09,573.4791259765625,0.033616499701109914,3.3616499701109914
2020-12-10,559.6785278320312,-0.024064691319026776,-2.4064691319026776
2020-12-11,545.79736328125,-0.024802031631535493,-2.4802031631535493
2020-12-12,568.5673217773438,0.041718703731370654,4.171870373137065
2020-12-13,589.6632080078125,0.037103585490145585,3.7103585490145585
2020-12-14,586.0111694335938,-0.006193431308962327,-0.6193431308962327
2020-12-15,589.3555908203125,0.005707094951707736,0.5707094951707736
2020-12-16,636.1818237304688,0.07945327683237835,7.945327683237835
2020-12-17,642.8689575195312,0.010511356250089365,1.0511356250089365
2020-12-18,654.8119506835938,0.018577647939548747,1.8577647939548747
2020-12-19,659.2979125976562,0.006850763657229253,0.6850763657229253
2020-12-20,638.2908325195312,-0.03186280386564,-3.186280386564
2020-12-21,609.81787109375,-0.04460813155249255,-4.460813155249255
2020-12-22,634.8541870117188,0.04105539884074627,4.105539884074627
2020-12-23,583.714599609375,-0.0805532804990381,-8.05532804990381
2020-12-24,611.607177734375,0.04778461622112218,4.778461622112218
2020-12-25,626.4107055664062,0.02420430689984565,2.420430689984565
2020-12-26,635.8358154296875,0.015046214535492375,1.5046214535492375
2020-12-27,682.642333984375,0.07361415859069909,7.361415859069909
2020-12-28,730.3973388671875,0.06995611391998069,6.995611391998069
2020-12-29,731.5201416015625,0.0015372492130329984,0.15372492130329984
2020-12-30,751.6189575195312,0.027475410142453693,2.7475410142453693
2020-12-31,737.8034057617188,-0.018381058140691575,-1.8381058140691575
2021-01-01,730.3675537109375,-0.010078365039673964,-1.0078365039673964
2021-01-02,774.5349731445312,0.06047286631119175,6.047286631119175
2021-01-03,975.5076904296875,0.2594753293956862,25.947532939568617
2021-01-04,1040.2330322265625,0.06635041674388553,6.635041674388553
2021-01-05,1100.006103515625,0.057461231702209625,5.7461231702209625
2021-01-06,1207.1121826171875,0.09736862255513934,9.736862255513934
2021-01-07,1225.6781005859375,0.015380441218393326,1.5380441218393326
2021-01-08,1224.1971435546875,-0.0012082756724967059,-0.12082756724967059
2021-01-09,1281.0772705078125,0.04646320835871487,4.646320835871487
2021-01-10,1262.2467041015625,-0.014699009060386903,-1.4699009060386903
2021-01-11,1090.1453857421875,-0.13634523092842832,-13.634523092842832
2021-01-12,1043.4345703125,-0.0428482439504031,-4.28482439504031
2021-01-13,1130.7393798828125,0.08367061246989871,8.36706124698987
2021-01-14,1218.4530029296875,0.07757191852287426,7.757191852287426
2021-01-15,1171.8345947265625,-0.03826032525754719,-3.826032525754719
2021-01-16,1233.53759765625,0.052655044668727724,5.265504466872772
2021-01-17,1230.1722412109375,-0.0027282155417935883,-0.2728215541793588
2021-01-18,1257.279541015625,0.02203536943575002,2.203536943575002
2021-01-19,1377.2958984375,0.09545717838129009,9.545717838129008
2021-01-20,1382.2740478515625,0.00361443711529974,0.361443711529974
2021-01-21,1121.5709228515625,-0.18860451399286926,-18.860451399286926
2021-01-22,1236.51220703125,0.1024824037765284,10.24824037765284
2021-01-23,1230.9906005859375,-0.004465468609136769,-0.4465468609136769
2021-01-24,1391.609375,0.13047928581876245,13.047928581876246
2021-01-25,1324.414794921875,-0.04828551839708972,-4.828551839708972
2021-01-26,1357.05810546875,0.0246473466409749,2.46473466409749
2021-01-27,1253.1871337890625,-0.07654128534445381,-7.654128534445381
2021-01-28,1332.4921875,0.06328269064744974,6.3282690647449735
2021-01-29,1382.5228271484375,0.03754666640282833,3.7546666402828333
2021-01-30,1376.115478515625,-0.004634533699547028,-0.46345336995470277
2021-01-31,1314.9862060546875,-0.04442161534791822,-4.442161534791822
2021-02-01,1369.04052734375,0.041106378941601296,4.11063789416013
2021-02-02,1515.1937255859375,0.10675593258422955,10.675593258422955
2021-02-03,1660.9095458984375,0.09616976222373852,9.616976222373852
2021-02-04,1594.7626953125,-0.03982567909810919,-3.982567909810919
2021-02-05,1718.65087890625,0.07768440029221635,7.768440029221635
2021-02-06,1677.8468017578125,-0.023741923184774527,-2.3741923184774527
2021-02-07,1614.227783203125,-0.03791706041817189,-3.791706041817189
2021-02-08,1746.6168212890625,0.08201385173983122,8.201385173983123
2021-02-09,1768.0350341796875,0.012262685569933707,1.2262685569933707
2021-02-10,1744.243408203125,-0.01345653537210656,-1.345653537210656
2021-02-11,1783.7979736328125,0.022677205052725746,2.2677205052725746
2021-02-12,1843.5325927734375,0.03348732312940794,3.348732312940794
2021-02-13,1814.10986328125,-0.015959972504702824,-1.5959972504702824
2021-02-14,1805.0841064453125,-0.004975308838028325,-0.4975308838028325
2021-02-15,1779.791015625,-0.014012139783403876,-1.4012139783403876
2021-02-16,1781.0675048828125,0.0007172130023165302,0.07172130023165302
2021-02-17,1848.458251953125,0.03783727842182305,3.783727842182305
2021-02-18,1937.44921875,0.04814334686912458,4.814334686912458
2021-02-19,1960.164794921875,0.0117244756414987,1.17244756414987
2021-02-20,1919.5340576171875,-0.02072822520328288,-2.072822520328288
2021-02-21,1935.60107421875,0.00837026909619265,0.8370269096192651
2021-02-22,1781.992919921875,-0.0793594074434344,-7.935940744343439
2021-02-23,1570.2039794921875,-0.11884948478862234,-11.884948478862235
2021-02-24,1626.57568359375,0.03590087965500732,3.5900879655007323
2021-02-25,1475.7037353515625,-0.09275433646521236,-9.275433646521236
2021-02-26,1446.03369140625,-0.02010569143015961,-2.010569143015961
2021-02-27,1459.97314453125,0.009639784472410318,0.9639784472410318
2021-02-28,1416.0489501953125,-0.03008561801322729,-3.008561801322729
2021-03-01,1564.7076416015625,0.10498132242232572,10.498132242232572
2021-03-02,1492.6087646484375,-0.046078177824534605,-4.607817782453461
2021-03-03,1575.8531494140625,0.055771067902868676,5.577106790286868
2021-03-04,1541.914306640625,-0.02153680549869552,-2.153680549869552
2021-03-05,1533.2750244140625,-0.005602958730816177,-0.5602958730816177
2021-03-06,1654.7415771484375,0.07922032955620151,7.922032955620151
2021-03-07,1723.15380859375,0.04134315133557287,4.134315133557287
2021-03-08,1834.7279052734375,0.06474993475523938,6.474993475523938
2021-03-09,1868.048828125,0.01816123402047265,1.816123402047265
2021-03-10,1799.166259765625,-0.03687407273423038,-3.687407273423038
2021-03-11,1826.1949462890625,0.015022895397648561,1.5022895397648561
2021-03-12,1772.1024169921875,-0.02962034771084776,-2.962034771084776
2021-03-13,1924.6854248046875,0.08610281570039335,8.610281570039335
2021-03-14,1854.5643310546875,-0.036432495849089586,-3.6432495849089586
2021-03-15,1791.7022705078125,-0.03389586410902523,-3.389586410902523
2021-03-16,1806.9718017578125,0.008522359714190797,0.8522359714190797
2021-03-17,1823.4493408203125,0.009118868953279069,0.9118868953279069
2021-03-18,1782.8551025390625,-0.022262334013067764,-2.2262334013067764
2021-03-19,1817.6241455078125,0.019501889367920855,1.9501889367920855
2021-03-20,1812.6346435546875,-0.00274506804140795,-0.274506804140795
2021-03-21,1788.217041015625,-0.013470780019506856,-1.3470780019506856
2021-03-22,1691.333984375,-0.0541785781135381,-5.4178578113538105
2021-03-23,1678.650146484375,-0.0074993100167096705,-0.749931001670967
2021-03-24,1593.4134521484375,-0.050776926040515424,-5.077692604051542
2021-03-25,1595.3592529296875,0.0012211524752892,0.12211524752892
2021-03-26,1702.842041015625,0.06737215325548651,6.737215325548651
2021-03-27,1716.49462890625,0.008017530435460829,0.8017530435460829
2021-03-28,1691.35595703125,-0.014645354230451879,-1.464535423045188
2021-03-29,1819.6849365234375,0.07587343099405097,7.587343099405097
2021-03-30,1846.03369140625,0.014479844479645232,1.4479844479645232
2021-03-31,1918.362060546875,0.039180416629085224,3.9180416629085224
2021-04-01,1977.27685546875,0.03071098836529318,3.071098836529318
2021-04-02,2143.2255859375,0.08392791834374091,8.39279183437409
2021-04-03,2028.4224853515625,-0.053565570203716883,-5.356557020371689
2021-04-04,2093.122802734375,0.031896864607867226,3.1896864607867226
2021-04-05,2107.88720703125,0.007053768788714887,0.7053768788714887
2021-04-06,2118.37890625,0.004977353239657756,0.4977353239657756
2021-04-07,1971.0772705078125,-0.06953507481952037,-6.9535074819520375
2021-04-08,2088.57373046875,0.059610275923209555,5.9610275923209555
2021-04-09,2072.10888671875,-0.007883295432574822,-0.7883295432574822
2021-04-10,2135.942138671875,0.030805935133171092,3.080593513317109
2021-04-11,2157.656982421875,0.010166400745060589,1.0166400745060589
2021-04-12,2139.353271484375,-0.008483142170705449,-0.8483142170705449
2021-04-13,2299.187744140625,0.07471158447120319,7.4711584471203185
2021-04-14,2435.10498046875,0.05911532743444026,5.911532743444026
2021-04-15,2519.1162109375,0.03450004461515177,3.450004461515177
2021-04-16,2431.946533203125,-0.034603277671709454,-3.4603277671709454
2021-04-17,2344.89501953125,-0.03579499486660964,-3.579499486660964
2021-04-18,2237.136962890625,-0.04595432023313606,-4.595432023313606
2021-04-19,2166.188720703125,-0.03171385720426667,-3.171385720426667
2021-04-20,2330.2109375,0.07571926454479683,7.571926454479683
2021-04-21,2364.751708984375,0.014823023499079602,1.4823023499079602
2021-04-22,2403.53515625,0.016400642451499525,1.6400642451499525
2021-04-23,2363.586181640625,-0.01662092376951263,-1.662092376951263
2021-04-24,2211.625732421875,-0.06429232426518516,-6.429232426518516
2021-04-25,2316.0595703125,0.047220393740067035,4.7220393740067035
2021-04-26,2534.481689453125,0.09430764300727978,9.43076430072798
2021-04-27,2662.865234375,0.050654753378619466,5.065475337861947
2021-04-28,2746.380126953125,0.03136279354284577,3.136279354284577
2021-04-29,2756.876953125,0.003822058741562495,0.3822058741562495
2021-04-30,2773.20703125,0.005923397526498064,0.5923397526498064
2021-05-01,2945.892822265625,0.062269347030246225,6.2269347030246225
2021-05-02,2952.05615234375,0.0020921772956372653,0.20921772956372653
2021-05-03,3431.086181640625,0.16226995848861292,16.226995848861293
2021-05-04,3253.62939453125,-0.051720294307653125,-5.1720294307653125
2021-05-05,3522.783203125,0.08272417536125909,8.272417536125909
2021-05-06,3490.88037109375,-0.00905614401787469,-0.905614401787469
2021-05-07,3484.72900390625,-0.0017621248893077146,-0.17621248893077146
2021-05-08,3902.647705078125,0.11992860871057798,11.992860871057797
2021-05-09,3928.8447265625,0.006712627801450655,0.6712627801450655
2021-05-10,3952.2939453125,0.005968476837850734,0.5968476837850734
2021-05-11,4168.701171875,0.05475484100041772,5.475484100041772
2021-05-12,3785.8486328125,-0.09183976573938502,-9.183976573938502
2021-05-13,3715.1484375,-0.0186748605582725,-1.86748605582725
2021-05-14,4079.057373046875,0.09795273100628976,9.795273100628975
2021-05-15,3638.1220703125,-0.10809735250304064,-10.809735250304065
2021-05-16,3587.506103515625,-0.013912663131868785,-1.3912663131868785
2021-05-17,3282.397705078125,-0.08504749250140786,-8.504749250140787
2021-05-18,3380.070068359375,0.029756407375664207,2.9756407375664207
2021-05-19,2460.67919921875,-0.2720034941722024,-27.200349417220238
2021-05-20,2784.294189453125,0.13151449824793127,13.151449824793126
2021-05-21,2430.621337890625,-0.12702423935739582,-12.702423935739581
2021-05-22,2295.70556640625,-0.05550670085100928,-5.550670085100928
2021-05-23,2109.579833984375,-0.08107561141354924,-8.107561141354925
2021-05-24,2643.591064453125,0.2531362984543515,25.31362984543515
2021-05-25,2706.62890625,0.023845534449147276,2.3845534449147276
2021-05-26,2888.69873046875,0.06726811488576234,6.726811488576234
2021-05-27,2736.488525390625,-0.052691616288219056,-5.269161628821905
2021-05-28,2419.90625,-0.115689239130076,-11.5689239130076
2021-05-29,2279.51416015625,-0.05801550776760467,-5.801550776760466
2021-05-30,2390.305419921875,0.048603014494119634,4.860301449411963
2021-05-31,2714.9453125,0.1358152351044477,13.581523510444772
2021-06-01,2633.518310546875,-0.0299921333878157,-2.99921333878157
2021-06-02,2706.125,0.027570223894910928,2.757022389491093
2021-06-03,2855.12646484375,0.05506082122730849,5.506082122730849
2021-06-04,2688.195068359375,-0.05846725128986907,-5.8467251289869075
2021-06-05,2630.576904296875,-0.021433773441770665,-2.1433773441770665
2021-06-06,2715.0927734375,0.032128263957071024,3.2128263957071024
2021-06-07,2590.26318359375,-0.04597617844406354,-4.597617844406354
2021-06-08,2517.438720703125,-0.028114696356679736,-2.8114696356679736
2021-06-09,2608.26708984375,0.03607967431090309,3.6079674310903087
2021-06-10,2471.5185546875,-0.05242888494385056,-5.242888494385056
2021-06-11,2353.768798828125,-0.04764267524354615,-4.764267524354615
2021-06-12,2372.484375,0.007951323078627226,0.7951323078627226
2021-06-13,2508.3916015625,0.05728477202826676,5.728477202826676
2021-06-14,2537.89111328125,0.011760329487777943,1.1760329487777943
2021-06-15,2610.936767578125,0.028782028478138377,2.8782028478138377
2021-06-16,2367.66357421875,-0.09317467829181958,-9.317467829181957
2021-06-17,2372.001953125,0.0018323460112703582,0.18323460112703582
2021-06-18,2231.733154296875,-0.05913519533292433,-5.913519533292433
2021-06-19,2178.4990234375,-0.023853268817950024,-2.3853268817950024
2021-06-20,2246.364501953125,0.03115240254206708,3.115240254206708
2021-06-21,1888.447509765625,-0.1593316631723415,-15.933166317234148
2021-06-22,1874.9500732421875,-0.0071473718245484985,-0.7147371824548499
2021-06-23,1989.736328125,0.06122096610515215,6.122096610515215
2021-06-24,1988.456298828125,-0.0006433160408149119,-0.06433160408149119
2021-06-25,1813.21728515625,-0.08812816946248714,-8.812816946248713
2021-06-26,1829.2392578125,0.008836212177885328,0.8836212177885328
2021-06-27,1978.8946533203125,0.0818129147779052,8.18129147779052
2021-06-28,2079.657470703125,0.05091873749506903,5.091873749506903
2021-06-29,2160.768310546875,0.03900201883549914,3.900201883549914
2021-06-30,2274.547607421875,0.052656870391718735,5.2656870391718735
2021-07-01,2113.60546875,-0.07075786769497328,-7.075786769497327
2021-07-02,2150.040283203125,0.017238228700587443,1.7238228700587443
2021-07-03,2226.1142578125,0.035382581063104546,3.5382581063104546
2021-07-04,2321.72412109375,0.0429492165308718,4.29492165308718
2021-07-05,2198.58251953125,-0.05303886040710504,-5.303886040710504
2021-07-06,2324.679443359375,0.057353737104673064,5.735373710467306
2021-07-07,2315.161865234375,-0.004094146464876158,-0.40941464648761583
2021-07-08,2120.0263671875,-0.08428589852706492,-8.42858985270649
2021-07-09,2146.6923828125,0.012578152818153887,1.2578152818153887
2021-07-10,2111.403564453125,-0.016438693611583566,-1.6438693611583566
2021-07-11,2139.664794921875,0.013385044405790802,1.3385044405790802
2021-07-12,2036.7210693359375,-0.04811208084100682,-4.811208084100683
2021-07-13,1940.083984375,-0.04744738315710828,-4.744738315710828
2021-07-14,1994.331298828125,0.02796132275201524,2.796132275201524
2021-07-15,1911.1756591796875,-0.04169600090882597,-4.1696000908825965
2021-07-16,1880.3829345703125,-0.016111927996504405,-1.6111927996504405
2021-07-17,1898.8251953125,0.009807715440898646,0.9807715440898646
2021-07-18,1895.5521240234375,-0.001723734916274866,-0.1723734916274866
2021-07-19,1817.296630859375,-0.04128374639361532,-4.128374639361532
2021-07-20,1787.5107421875,-0.01639021839697663,-1.639021839697663
2021-07-21,1990.9708251953125,0.1138231386284283,11.38231386284283
2021-07-22,2025.2027587890625,0.01719358875607435,1.7193588756074352
2021-07-23,2124.776611328125,0.04916734984036908,4.916734984036908
2021-07-24,2189.21875,0.03032890061397775,3.032890061397775
2021-07-25,2191.373779296875,0.0009843828063664795,0.09843828063664795
2021-07-26,2233.36669921875,0.01916282850447759,1.9162828504477591
2021-07-27,2298.33349609375,0.029089175950248514,2.9089175950248514
2021-07-28,2296.54541015625,-0.0007779923760146135,-0.07779923760146135
2021-07-29,2380.956787109375,0.03675580573317805,3.675580573317805
2021-07-30,2466.96142578125,0.03612188139554173,3.6121881395541733
2021-07-31,2536.2099609375,0.028070376144742504,2.8070376144742504
2021-08-01,2561.85205078125,0.010110397103823221,1.011039710382322
2021-08-02,2610.1533203125,0.01885404331468732,1.8854043314687319
2021-08-03,2502.349609375,-0.04130167760589376,-4.1301677605893765
2021-08-04,2724.619873046875,0.0888246242008488,8.882462420084881
2021-08-05,2827.328857421875,0.03769662894668069,3.769662894668069
2021-08-06,2890.941650390625,0.02249925501300054,2.249925501300054
2021-08-07,3157.23876953125,0.09211431822037741,9.211431822037742
2021-08-08,3013.732666015625,-0.045453041087839874,-4.545304108783988
2021-08-09,3167.856201171875,0.0511404136452529,5.11404136452529
2021-08-10,3141.691162109375,-0.008259541279942217,-0.8259541279942217
2021-08-11,3164.2451171875,0.007178921769949609,0.7178921769949609
2021-08-12,3043.414306640625,-0.03818629912409377,-3.818629912409377
2021-08-13,3322.211669921875,0.09160677291715547,9.160677291715547
2021-08-14,3265.443359375,-0.017087505609842735,-1.7087505609842735
2021-08-15,3310.504150390625,0.013799287280931383,1.3799287280931383
2021-08-16,3156.509521484375,-0.04651697201106941,-4.651697201106941
2021-08-17,3014.845947265625,-0.04487981843695865,-4.487981843695865
2021-08-18,3020.08984375,0.0017393580222999638,0.17393580222999638
2021-08-19,3182.7021484375,0.05384353217968729,5.384353217968729
2021-08-20,3286.935302734375,0.03274989283808627,3.274989283808627
2021-08-21,3226.083984375,-0.01851308673728791,-1.851308673728791
2021-08-22,3242.115478515625,0.004969335646024975,0.4969335646024975
2021-08-23,3319.25732421875,0.023793676139643116,2.3793676139643116
2021-08-24,3172.456298828125,-0.04422706980850821,-4.422706980850821
2021-08-25,3224.915283203125,0.01653576265002532,1.653576265002532
2021-08-26,3100.325439453125,-0.03863352454525626,-3.863352454525626
2021-08-27,3270.600830078125,0.05492177964873113,5.492177964873113
2021-08-28,3244.4033203125,-0.008009999118418598,-0.8009999118418598
2021-08-29,3227.002685546875,-0.005363277326429605,-0.5363277326429605
2021-08-30,3224.374267578125,-0.0008145075244350153,-0.08145075244350153
2021-08-31,3433.732666015625,0.0649299309148601,6.49299309148601
2021-09-01,3834.828125,0.11681033382537342,11.681033382537343
2021-09-02,3790.989990234375,-0.011431577462321041,-1.143157746232104
2021-09-03,3940.61474609375,0.039468517786860335,3.9468517786860335
2021-09-04,3887.828369140625,-0.013395467548673934,-1.3395467548673934
2021-09-05,3952.133544921875,0.016540127206146282,1.6540127206146282
2021-09-06,3928.37939453125,-0.0060104624807395535,-0.6010462480739553
2021-09-07,3426.394287109375,-0.1277842736169259,-12.77842736169259
2021-09-08,3497.315185546875,0.02069840552335589,2.069840552335589
2021-09-09,3427.340087890625,-0.020008233157088995,-2.0008233157088995
2021-09-10,3211.505859375,-0.06297426662682348,-6.297426662682348
2021-09-11,3270.278076171875,0.01830051675767863,1.830051675767863
2021-09-12,3410.134521484375,0.04276591838826538,4.276591838826538
2021-09-13,3285.51171875,-0.036544834800279036,-3.6544834800279036
2021-09-14,3429.169677734375,0.043724683179346746,4.372468317934675
2021-09-15,3615.28271484375,0.054273499009923176,5.427349900992318
2021-09-16,3571.294921875,-0.012167179288121388,-1.2167179288121388
2021-09-17,3398.538818359375,-0.04837351921216426,-4.837351921216426
2021-09-18,3432.018310546875,0.009851143087328929,0.9851143087328929
2021-09-19,3329.447998046875,-0.029886295240556526,-2.9886295240556526
2021-09-20,2958.993408203125,-0.11126606874805267,-11.126606874805267
2021-09-21,2764.43115234375,-0.06575285207462656,-6.575285207462656
2021-09-22,3077.867919921875,0.11338201253895797,11.338201253895797
2021-09-23,3155.523681640625,0.0252303749670717,2.52303749670717
2021-09-24,2931.669189453125,-0.07094052042452526,-7.0940520424525255
2021-09-25,2925.565673828125,-0.002081925084507441,-0.2081925084507441
2021-09-26,3062.265380859375,0.046725906122755845,4.6725906122755845
2021-09-27,2934.138916015625,-0.04184041841853481,-4.184041841853481
2021-09-28,2807.296630859375,-0.04322981589722885,-4.322981589722885
2021-09-29,2853.143310546875,0.01633125590773976,1.6331255907739761
2021-09-30,3001.678955078125,0.0520603518169509,5.20603518169509
2021-10-01,3307.51611328125,0.10188869721917504,10.188869721917504
2021-10-02,3391.6943359375,0.02545058580916182,2.545058580916182
2021-10-03,3418.358642578125,0.00786164789618482,0.786164789618482
2021-10-04,3380.089111328125,-0.01119529436534994,-1.119529436534994
2021-10-05,3518.5185546875,0.040954376881792376,4.095437688179238
2021-10-06,3580.56201171875,0.01763340339603814,1.7633403396038139
2021-10-07,3587.974853515625,0.0020703011908782543,0.20703011908782543
2021-10-08,3563.75927734375,-0.00674909305681104,-0.674909305681104
2021-10-09,3575.716796875,0.003355310670748457,0.3355310670748457
2021-10-10,3425.852783203125,-0.041911600438504726,-4.191160043850473
2021-10-11,3545.35400390625,0.03488218212091221,3.488218212091221
2021-10-12,3492.5732421875,-0.014887303682677766,-1.4887303682677766
2021-10-13,3606.20166015625,0.03253429780547168,3.253429780547168
2021-10-14,3786.01416015625,0.049862020193349066,4.986202019334907
2021-10-15,3862.634765625,0.020237802139014605,2.0237802139014605
2021-10-16,3830.382080078125,-0.008349918515181298,-0.8349918515181298
2021-10-17,3847.1044921875,0.004365729517258554,0.4365729517258554
2021-10-18,3748.76025390625,-0.02556318355297138,-2.556318355297138
2021-10-19,3877.65087890625,0.03438220005285597,3.438220005285597
2021-10-20,4155.9921875,0.0717809099596558,7.17809099596558
2021-10-21,4054.32275390625,-0.02446333607159845,-2.446333607159845
2021-10-22,3970.181884765625,-0.02075337220243678,-2.075337220243678
2021-10-23,4171.66357421875,0.050748730234816186,5.074873023481619
2021-10-24,4087.903076171875,-0.02007844030485162,-2.007844030485162
2021-10-25,4217.876953125,0.031794755044642464,3.1794755044642464
2021-10-26,4131.10205078125,-0.02057312323429894,-2.057312323429894
2021-10-27,3930.25732421875,-0.04861771122902114,-4.861771122902114
2021-10-28,4287.31884765625,0.09084940093801008,9.08494009380101
2021-10-29,4414.74658203125,0.029722010166018054,2.9722010166018054
2021-10-30,4325.650390625,-0.020181496208386274,-2.0181496208386274
2021-10-31,4288.07421875,-0.008686825906328188,-0.8686825906328188
2021-11-01,4324.626953125,0.008524277451908313,0.8524277451908313
2021-11-02,4584.798828125,0.0601605358843722,6.01605358843722
2021-11-03,4607.19384765625,0.004884624248695513,0.48846242486955127
2021-11-04,4537.32421875,-0.015165333002385761,-1.5165333002385761
2021-11-05,4486.2431640625,-0.011257968843489952,-1.1257968843489952
2021-11-06,4521.5810546875,0.007876944992210255,0.7876944992210255
2021-11-07,4620.5546875,0.021889164788917004,2.1889164788917004
2021-11-08,4812.08740234375,0.04145232072718552,4.145232072718552
2021-11-09,4735.06884765625,-0.01600522772092372,-1.600522772092372
2021-11-10,4636.17431640625,-0.020885552973311183,-2.0885552973311183
2021-11-11,4730.38427734375,0.020320625262970626,2.0320625262970626
2021-11-12,4667.115234375,-0.013375032398906361,-1.3375032398906361
2021-11-13,4651.46044921875,-0.0033542744008004943,-0.33542744008004943
2021-11-14,4626.35888671875,-0.005396490580547919,-0.5396490580547919
2021-11-15,4557.50390625,-0.01488319046462594,-1.488319046462594
2021-11-16,4216.365234375,-0.07485208546001998,-7.4852085460019975
2021-11-17,4287.59375,0.016893345729229292,1.6893345729229292
2021-11-18,4000.65087890625,-0.06692398763146579,-6.692398763146579
2021-11-19,4298.306640625,0.07440183378363852,7.440183378363852
2021-11-20,4409.93115234375,0.02596941564469657,2.596941564469657
2021-11-21,4269.73291015625,-0.031791480942506056,-3.1791480942506056
2021-11-22,4088.457763671875,-0.04245585152485365,-4.245585152485365
2021-11-23,4340.763671875,0.06171175606728707,6.171175606728707
2021-11-24,4239.9814453125,-0.023217625786793206,-2.3217625786793206
2021-11-25,4274.7431640625,0.008198554450852713,0.8198554450852713
2021-11-26,4030.908935546875,-0.05704067335916796,-5.704067335916796
2021-11-27,4096.912109375,0.016374265676426303,1.6374265676426303
2021-11-28,4294.45361328125,0.048217169085520206,4.821716908552021
2021-11-29,4445.10498046875,0.03508045044929298,3.5080450449292977
2021-11-30,4631.47900390625,0.041927923919998555,4.1927923919998555
2021-12-01,4586.990234375,-0.009605737064494413,-0.9605737064494413
2021-12-02,4511.30224609375,-0.016500577593133392,-1.6500577593133392
2021-12-03,4220.7060546875,-0.0644151456839035,-6.44151456839035
2021-12-04,4119.58740234375,-0.023957757548988323,-2.3957757548988323
2021-12-05,4198.32275390625,0.019112436240023678,1.9112436240023678
2021-12-06,4358.7373046875,0.03820919928845279,3.820919928845279
2021-12-07,4315.0615234375,-0.01002028298494384,-1.002028298494384
2021-12-08,4439.35791015625,0.028805240908762686,2.8805240908762686
2021-12-09,4119.81591796875,-0.07197932643737959,-7.197932643737959
2021-12-10,3908.49609375,-0.05129351127002291,-5.129351127002291
2021-12-11,4084.452392578125,0.0450189266171952,4.50189266171952
2021-12-12,4134.453125,0.01224172241858712,1.224172241858712
2021-12-13,3784.226806640625,-0.08470922459893049,-8.47092245989305
2021-12-14,3745.4404296875,-0.010249485280602655,-1.0249485280602655
2021-12-15,4018.388671875,0.07287480532970947,7.287480532970947
2021-12-16,3962.4697265625,-0.013915763227156375,-1.3915763227156375
2021-12-17,3879.486572265625,-0.020942280956898096,-2.0942280956898096
2021-12-18,3960.860107421875,0.020975336205050432,2.097533620505043
2021-12-19,3922.592529296875,-0.009661431377819718,-0.9661431377819718
2021-12-20,3933.844482421875,0.0028684990961875823,0.2868499096187582
2021-12-21,4020.260009765625,0.021967194618366825,2.1967194618366825
2021-12-22,3982.099609375,-0.009492022978098258,-0.9492022978098258
2021-12-23,4108.015625,0.03162050877094025,3.1620508770940248
2021-12-24,4047.98291015625,-0.01461355562486455,-1.461355562486455
2021-12-25,4093.281005859375,0.011190288276532456,1.1190288276532456
2021-12-26,4067.328125,-0.0063403613927860425,-0.6340361392786042
2021-12-27,4037.547607421875,-0.007321887161027885,-0.7321887161027885
2021-12-28,3800.89306640625,-0.058613436676413055,-5.8613436676413055
2021-12-29,3628.53173828125,-0.045347586768066606,-4.534758676806661
2021-12-30,3713.85205078125,0.02351372914831229,2.351372914831229
2021-12-31,3682.6328125,-0.008406161003285728,-0.8406161003285728
2022-01-01,3769.697021484375,0.023641838167751006,2.3641838167751006
2022-01-02,3829.56494140625,0.01588136117589123,1.5881361175891229
2022-01-03,3761.38037109375,-0.017804782359288618,-1.7804782359288618
2022-01-04,3794.056640625,0.008687307931515731,0.8687307931515731
2022-01-05,3550.386962890625,-0.06422404850925867,-6.422404850925867
2022-01-06,3418.408203125,-0.0371730634280415,-3.7173063428041497
2022-01-07,3193.21044921875,-0.06587795854818668,-6.587795854818667
2022-01-08,3091.97265625,-0.031704077942472875,-3.1704077942472875
2022-01-09,3157.75146484375,0.021274058960640163,2.1274058960640163
2022-01-10,3083.097900390625,-0.02364136800640171,-2.364136800640171
2022-01-11,3238.111572265625,0.05027854349203764,5.027854349203764
2022-01-12,3372.25830078125,0.04142745718356022,4.142745718356022
2022-01-13,3248.28857421875,-0.03676163434271329,-3.676163434271329
2022-01-14,3310.00146484375,0.018998586244709736,1.8998586244709736
2022-01-15,3330.53076171875,0.006202201749167191,0.6202201749167191
2022-01-16,3350.921875,0.006122481592311324,0.6122481592311324
2022-01-17,3212.304931640625,-0.04136680845756069,-4.136680845756069
2022-01-18,3164.025146484375,-0.015029639521672689,-1.5029639521672689
2022-01-19,3095.825927734375,-0.021554575451392277,-2.1554575451392277
2022-01-20,3001.1201171875,-0.030591452089873683,-3.0591452089873683
2022-01-21,2557.931640625,-0.14767435465989753,-14.767435465989752
2022-01-22,2405.18115234375,-0.05971640752836038,-5.971640752836038
2022-01-23,2535.0390625,0.053990906269038685,5.3990906269038685
2022-01-24,2440.352294921875,-0.03735120652726631,-3.735120652726631
2022-01-25,2455.93505859375,0.006385456601614825,0.6385456601614825
2022-01-26,2468.0302734375,0.0049248919678990255,0.49248919678990255
2022-01-27,2423.001220703125,-0.018244935331225953,-1.8244935331225953
2022-01-28,2547.092041015625,0.05121368460412512,5.121368460412512
2022-01-29,2597.084716796875,0.019627353458854913,1.9627353458854913
2022-01-30,2603.466552734375,0.0024573075711489256,0.24573075711489256
2022-01-31,2688.27880859375,0.03257666428258821,3.257666428258821
2022-02-01,2792.1171875,0.03862634283851252,3.8626342838512517
2022-02-02,2682.85400390625,-0.039132735575322264,-3.9132735575322264
2022-02-03,2679.16259765625,-0.0013759251322007504,-0.13759251322007504
2022-02-04,2983.5869140625,0.11362666703116964,11.362666703116965
2022-02-05,3014.648193359375,0.010410717097086852,1.0410717097086852
2022-02-06,3057.47607421875,0.014206593311191451,1.420659331119145
2022-02-07,3142.470703125,0.027798951436755814,2.7798951436755814
2022-02-08,3122.608642578125,-0.00632052369720526,-0.632052369720526
2022-02-09,3239.45703125,0.037420119536786256,3.7420119536786256
2022-02-10,3077.482177734375,-0.05000061799033162,-5.000061799033162
2022-02-11,2927.383544921875,-0.04877319319619966,-4.877319319619966
2022-02-12,2917.36279296875,-0.0034231086563658586,-0.34231086563658586
2022-02-13,2883.46337890625,-0.011619882910758439,-1.161988291075844
2022-02-14,2933.47900390625,0.01734567720397817,1.7345677203978171
2022-02-15,3179.877197265625,0.08399521286202116,8.399521286202116
2022-02-16,3127.830078125,-0.01636765067071777,-1.636765067071777
2022-02-17,2881.48193359375,-0.07876007915331673,-7.876007915331673
2022-02-18,2785.7275390625,-0.03323095432766643,-3.323095432766643
2022-02-19,2763.701171875,-0.00790686342387692,-0.790686342387692
2022-02-20,2628.6484375,-0.048866619788482835,-4.8866619788482835
2022-02-21,2573.816162109375,-0.02085949365019457,-2.085949365019457
2022-02-22,2639.29931640625,0.02544204798341476,2.544204798341476
2022-02-23,2590.359619140625,-0.01854268553832039,-1.8542685538320391
2022-02-24,2598.067138671875,0.002975463126547284,0.2975463126547284
2022-02-25,2764.53564453125,0.0640739815309288,6.40739815309288
2022-02-26,2781.11181640625,0.005996005841990337,0.5996005841990337
2022-02-27,2621.8017578125,-0.05728286710874153,-5.728286710874153
2022-02-28,2919.201171875,0.1134332194172587,11.34332194172587
2022-03-01,2972.485107421875,0.018252916606172453,1.8252916606172453
2022-03-02,2950.118408203125,-0.0075245790678323266,-0.7524579067832327
2022-03-03,2834.468994140625,-0.03920161771843611,-3.920161771843611
2022-03-04,2617.156005859375,-0.07666797157791327,-7.666797157791327
2022-03-05,2664.8310546875,0.018216357267732075,1.8216357267732075
2022-03-06,2555.037353515625,-0.04120099883208184,-4.120099883208184
2022-03-07,2497.771240234375,-0.02241302390450539,-2.241302390450539
2022-03-08,2576.74755859375,0.031618715552175436,3.1618715552175436
2022-03-09,2729.783447265625,0.0593911064983772,5.93911064983772
2022-03-10,2608.048583984375,-0.04459506244101141,-4.459506244101141
2022-03-11,2559.56298828125,-0.018590756322895086,-1.8590756322895086
2022-03-12,2574.754150390625,0.005935060859578956,0.5935060859578956
2022-03-13,2518.944580078125,-0.021675689037740864,-2.1675689037740864
2022-03-14,2590.696044921875,0.02848473341224711,2.848473341224711
2022-03-15,2620.149658203125,0.011368996119395458,1.1368996119395458
2022-03-16,2772.0556640625,0.057976079871540964,5.797607987154096
2022-03-17,2814.8544921875,0.015439382650158429,1.5439382650158429
2022-03-18,2945.343017578125,0.04635711215367966,4.635711215367966
2022-03-19,2946.257080078125,0.00031034161201071164,0.031034161201071164
2022-03-20,2860.459228515625,-0.029120965764543816,-2.9120965764543816
2022-03-21,2897.9765625,0.013115842942408973,1.3115842942408973
2022-03-22,2973.131103515625,0.025933453702879916,2.5933453702879916
2022-03-23,3031.067138671875,0.019486538985025836,1.9486538985025836
2022-03-24,3108.06201171875,0.02540190286930155,2.540190286930155
2022-03-25,3106.67138671875,-0.0004474251140281771,-0.04474251140281771
2022-03-26,3143.178955078125,0.011751345351635134,1.1751345351635134
2022-03-27,3291.57763671875,0.047212927981994834,4.721292798199483
2022-03-28,3336.634521484375,0.013688537758611341,1.368853775861134
2022-03-29,3401.98779296875,0.0195865837458582,1.95865837458582
2022-03-30,3385.157958984375,-0.004947058898670642,-0.4947058898670642
2022-03-31,3281.642822265625,-0.030579115649246424,-3.0579115649246424
2022-04-01,3449.55224609375,0.051166270347545506,5.116627034754551
2022-04-02,3445.059326171875,-0.0013024646682661123,-0.13024646682661123
2022-04-03,3522.83349609375,0.022575567663241758,2.257556766324176
2022-04-04,3521.2412109375,-0.0004519898990444915,-0.04519898990444915
2022-04-05,3411.79248046875,-0.031082429152761826,-3.1082429152761826
2022-04-06,3171.69189453125,-0.07037373677091652,-7.037373677091652
2022-04-07,3233.274658203125,0.019416376407197067,1.9416376407197067
2022-04-08,3192.073974609375,-0.012742710703286475,-1.2742710703286475
2022-04-09,3261.916259765625,0.02187990808226714,2.187990808226714
2022-04-10,3211.866943359375,-0.015343531967263346,-1.5343531967263346
2022-04-11,2981.05224609375,-0.07186309437345806,-7.186309437345805
2022-04-12,3030.37646484375,0.016545908853034197,1.6545908853034197
2022-04-13,3118.34423828125,0.0290286617712483,2.90286617712483
2022-04-14,3019.909423828125,-0.03156637206525337,-3.1566372065253367
2022-04-15,3040.91650390625,0.0069561954118133595,0.695619541181336
2022-04-16,3062.310302734375,0.007035312808044258,0.7035312808044258
2022-04-17,2993.4033203125,-0.022501632953508044,-2.2501632953508044
2022-04-18,3057.606689453125,0.021448285536718847,2.1448285536718847
2022-04-19,3104.1064453125,0.015207893160284813,1.5207893160284813
2022-04-20,3077.745849609375,-0.00849216873439762,-0.849216873439762
2022-04-21,2987.480712890625,-0.029328327006015287,-2.9328327006015287
2022-04-22,2964.835693359375,-0.007579971791462747,-0.7579971791462747
2022-04-23,2938.114013671875,-0.00901287034129783,-0.901287034129783
2022-04-24,2922.732666015625,-0.005235109183876596,-0.5235109183876596
2022-04-25,3009.3935546875,0.029650638144067543,2.9650638144067543
2022-04-26,2808.29833984375,-0.06682250466394446,-6.682250466394446
2022-04-27,2888.9296875,0.028711816872254436,2.8711816872254436
2022-04-28,2936.94091796875,0.01661903738138304,1.661903738138304
2022-04-29,2815.601806640625,-0.041314794787239206,-4.131479478723921
2022-04-30,2730.186767578125,-0.030336334797430475,-3.0336334797430475
2022-05-01,2827.756103515625,0.03573723860073175,3.5737238600731747
2022-05-02,2857.410400390625,0.010486865128902734,1.0486865128902734
2022-05-03,2783.476318359375,-0.02587450581867512,-2.587450581867512
2022-05-04,2940.644775390625,0.05646480841047263,5.646480841047263
2022-05-05,2749.213134765625,-0.0650985260875554,-6.50985260875554
2022-05-06,2694.979736328125,-0.01972688030319758,-1.972688030319758
2022-05-07,2636.093017578125,-0.02185052375578611,-2.185052375578611
2022-05-08,2517.4599609375,-0.04500336515045189,-4.5003365150451895
2022-05-09,2245.430419921875,-0.10805714698013369,-10.805714698013368
2022-05-10,2343.510986328125,0.04368007377831029,4.368007377831029
2022-05-11,2072.108642578125,-0.11581014355526464,-11.581014355526465
2022-05-12,1961.7015380859375,-0.053282488294059016,-5.328248829405902
2022-05-13,2014.418212890625,0.026872933410718503,2.6872933410718503
2022-05-14,2056.27392578125,0.020778065161833226,2.0778065161833226
2022-05-15,2145.706787109375,0.04349267877534668,4.349267877534668
2022-05-16,2022.7259521484375,-0.057314837096923754,-5.731483709692375
2022-05-17,2090.4091796875,0.033461392764142284,3.3461392764142284
2022-05-18,1916.6561279296875,-0.08311915841461581,-8.31191584146158
2022-05-19,2018.336181640625,0.053050754503766395,5.3050754503766395
2022-05-20,1961.315673828125,-0.02825124393605738,-2.825124393605738
2022-05-21,1974.518310546875,0.006731520527228918,0.6731520527228918
2022-05-22,2043.170166015625,0.03476891305694485,3.476891305694485
2022-05-23,1972.181884765625,-0.03474418451813721,-3.474418451813721
2022-05-24,1978.9827880859375,0.0034484158752532412,0.3448415875253241
2022-05-25,1944.827880859375,-0.017258819749310206,-1.7258819749310206
2022-05-26,1803.913330078125,-0.07245605236746355,-7.245605236746355
2022-05-27,1724.9228515625,-0.04378840002928741,-4.378840002928741
2022-05-28,1757.9417724609375,0.019142259532667127,1.9142259532667127
2022-05-29,1812.031005859375,0.030768501122035552,3.076850112203555
2022-05-30,1996.4412841796875,0.10176993535099799,10.176993535099799
2022-05-31,1942.3280029296875,-0.02710486988964189,-2.710486988964189
2022-06-01,1823.5693359375,-0.061142436711543735,-6.114243671154373
2022-06-02,1834.1505126953125,0.00580245376432198,0.580245376432198
2022-06-03,1775.07861328125,-0.03220668042518249,-3.220668042518249
2022-06-04,1801.6094970703125,0.014946314822654516,1.4946314822654516
2022-06-05,1805.2049560546875,0.0019956927348694364,0.19956927348694364
2022-06-06,1859.2896728515625,0.029960430041737984,2.9960430041737984
2022-06-07,1814.04833984375,-0.024332589842456676,-2.4332589842456676
2022-06-08,1793.572265625,-0.01128750197501005,-1.128750197501005
2022-06-09,1789.8260498046875,-0.0020886896458599535,-0.20886896458599535
2022-06-10,1665.042236328125,-0.06971840279684127,-6.971840279684127
2022-06-11,1529.6634521484375,-0.08130651657115606,-8.130651657115607
2022-06-12,1445.216552734375,-0.05520619538595595,-5.520619538595595
2022-06-13,1204.582763671875,-0.16650362093294369,-16.65036209329437
2022-06-14,1211.662841796875,0.0058776186564533095,0.587761865645331
2022-06-15,1233.2064208984375,0.017780176430609806,1.7780176430609806
2022-06-16,1067.730712890625,-0.13418330070586004,-13.418330070586004
2022-06-17,1086.519287109375,0.01759673482453694,1.7596734824536941
2022-06-18,993.6367797851562,-0.08548629410097963,-8.548629410097963
2022-06-19,1127.656494140625,0.13487797259723666,13.487797259723667
2022-06-20,1127.6424560546875,-1.2448902667161477e-05,-0.0012448902667161477
2022-06-21,1124.8245849609375,-0.0024989047535589615,-0.24989047535589615
2022-06-22,1051.421875,-0.06525702846678672,-6.525702846678671
2022-06-23,1143.38671875,0.0874671204172921,8.74671204172921
2022-06-24,1226.8447265625,0.07299193391343572,7.2991933913435725
2022-06-25,1243.4468994140625,0.013532415710079349,1.3532415710079349
2022-06-26,1199.8316650390625,-0.035076073128295526,-3.5076073128295526
2022-06-27,1193.6806640625,-0.005126553295592751,-0.5126553295592751
2022-06-28,1144.5792236328125,-0.04113448588718749,-4.113448588718748
2022-06-29,1098.94384765625,-0.03987087571947978,-3.987087571947978
2022-06-30,1067.298828125,-0.0287958475755975,-2.87958475755975
2022-07-01,1059.767333984375,-0.007056593656957433,-0.7056593656957433
2022-07-02,1066.5128173828125,0.006365060690327828,0.6365060690327828
2022-07-03,1073.7669677734375,0.0068017470323764595,0.680174703237646
2022-07-04,1151.05908203125,0.0719822052433643,7.1982205243364294
2022-07-05,1134.541015625,-0.014350320208673328,-1.4350320208673328
2022-07-06,1186.9739990234375,0.046215150158809504,4.62151501588095
2022-07-07,1237.5933837890625,0.04264574018240608,4.264574018240608
2022-07-08,1222.5062255859375,-0.012190723060375164,-1.2190723060375164
2022-07-09,1216.978271484375,-0.00452182081846908,-0.452182081846908
2022-07-10,1168.401611328125,-0.03991579906928,-3.991579906928
2022-07-11,1097.236572265625,-0.06090802885970559,-6.090802885970559
2022-07-12,1038.191650390625,-0.05381238956798651,-5.381238956798651
2022-07-13,1113.587158203125,0.07262195547819328,7.262195547819328
2022-07-14,1191.5262451171875,0.0699892112978604,6.99892112978604
2022-07-15,1233.129150390625,0.034915643229785465,3.4915643229785465
2022-07-16,1352.62646484375,0.09690575753178088,9.690575753178088
2022-07-17,1338.6357421875,-0.010343374922703541,-1.034337492270354
2022-07-18,1578.7178955078125,0.17934838115706353,17.934838115706352
2022-07-19,1542.9752197265625,-0.02264031837667424,-2.264031837667424
2022-07-20,1520.20068359375,-0.014760143806359038,-1.4760143806359038
2022-07-21,1576.74951171875,0.037198265160175215,3.7198265160175215
2022-07-22,1537.4051513671875,-0.02495282862569259,-2.495282862569259
2022-07-23,1549.2974853515625,0.00773532856566761,0.773532856566761
2022-07-24,1599.4766845703125,0.03238835646038862,3.2388356460388623
2022-07-25,1445.3834228515625,-0.09633979863866915,-9.633979863866916
2022-07-26,1441.8067626953125,-0.0024745407341075776,-0.24745407341075776
2022-07-27,1636.232666015625,0.13484879413164408,13.484879413164407
2022-07-28,1725.4681396484375,0.054537154456223425,5.4537154456223425
2022-07-29,1727.406982421875,0.0011236618798609044,0.11236618798609044
2022-07-30,1695.969482421875,-0.018199243328242076,-1.8199243328242076
2022-07-31,1681.517333984375,-0.008521467271251915,-0.8521467271251915
2022-08-01,1635.19580078125,-0.027547461014490793,-2.7547461014490793
2022-08-02,1632.9454345703125,-0.0013762059625289647,-0.13762059625289647
2022-08-03,1618.87451171875,-0.008616897144064772,-0.8616897144064772
2022-08-04,1608.205810546875,-0.006590196519029812,-0.6590196519029812
2022-08-05,1732.254638671875,0.07713492098552788,7.713492098552788
2022-08-06,1691.6580810546875,-0.023435675512644583,-2.3435675512644583
2022-08-07,1699.350830078125,0.00454746092581626,0.454746092581626
2022-08-08,1775.51611328125,0.044820223025767714,4.482022302576771
2022-08-09,1703.0250244140625,-0.04082817853633558,-4.082817853633558
2022-08-10,1851.74267578125,0.08732558197044393,8.732558197044394
2022-08-11,1881.22412109375,0.015920919087778707,1.5920919087778707
2022-08-12,1957.2464599609375,0.040411101481618195,4.0411101481618195
2022-08-13,1981.3365478515625,0.012308152490466462,1.2308152490466462
2022-08-14,1936.802001953125,-0.02247702236489202,-2.247702236489202
2022-08-15,1904.2281494140625,-0.016818369924346488,-1.6818369924346488
2022-08-16,1878.139404296875,-0.01370043034245405,-1.370043034245405
2022-08-17,1832.9996337890625,-0.02403430246154259,-2.403430246154259
2022-08-18,1847.0078125,0.007642215771740624,0.7642215771740624
2022-08-19,1612.9873046875,-0.12670250024321428,-12.670250024321428
2022-08-20,1577.0037841796875,-0.022308619790894157,-2.2308619790894157
2022-08-21,1619.3189697265625,0.02683264680235764,2.683264680235764
2022-08-22,1622.505859375,0.0019680431761850414,0.19680431761850414
2022-08-23,1662.7698974609375,0.024815958508431768,2.481595850843177
2022-08-24,1657.0592041015625,-0.0034344459615821554,-0.34344459615821554
2022-08-25,1696.45703125,0.023775751072091955,2.3775751072091955
2022-08-26,1507.7828369140625,-0.11121660664574373,-11.121660664574373
2022-08-27,1491.39501953125,-0.010868818096081423,-1.0868818096081423
2022-08-28,1430.54736328125,-0.040799154786720804,-4.07991547867208
2022-08-29,1553.037353515625,0.08562456118434225,8.562456118434225
2022-08-30,1523.8388671875,-0.018800891209749815,-1.8800891209749815
2022-08-31,1553.6849365234375,0.019586105840063928,1.9586105840063928
2022-09-01,1586.1767578125,0.020912747832753542,2.091274783275354
2022-09-02,1577.220458984375,-0.005646469590486647,-0.5646469590486647
2022-09-03,1556.8726806640625,-0.01290103625298844,-1.290103625298844
2022-09-04,1577.6416015625,0.013340153730219573,1.3340153730219573
2022-09-05,1617.1832275390625,0.025063757153335864,2.5063757153335864
2022-09-06,1561.74853515625,-0.0342785476863805,-3.42785476863805
2022-09-07,1629.9063720703125,0.04364200470163615,4.364200470163615
2022-09-08,1635.34765625,0.0033384029125402837,0.33384029125402837
2022-09-09,1719.08544921875,0.05120488762662756,5.120488762662756
2022-09-10,1776.2037353515625,0.03322597265817717,3.322597265817717
2022-09-11,1761.800048828125,-0.008109253593359123,-0.8109253593359123
2022-09-12,1713.7652587890625,-0.02726460932443109,-2.726460932443109
2022-09-13,1580.7879638671875,-0.07759364606085906,-7.759364606085906
2022-09-14,1634.7550048828125,0.03413932940354747,3.413932940354747
2022-09-15,1471.6934814453125,-0.09974676508128455,-9.974676508128455
2022-09-16,1432.44775390625,-0.026667052639602784,-2.6667052639602784
2022-09-17,1469.74169921875,0.026035117309375133,2.6035117309375133
2022-09-18,1335.3291015625,-0.09145321094699688,-9.145321094699687
2022-09-19,1377.5413818359375,0.031611892696747024,3.1611892696747024
2022-09-20,1324.38818359375,-0.03858555462874502,-3.8585554628745022
2022-09-21,1252.6077880859375,-0.054198909652784066,-5.419890965278407
2022-09-22,1327.68017578125,0.05993287636350053,5.993287636350053
2022-09-23,1328.259521484375,0.00043635938360231386,0.043635938360231386
2022-09-24,1317.9932861328125,-0.0077290884691642026,-0.7729088469164203
2022-09-25,1294.216796875,-0.018039916825051683,-1.8039916825051683
2022-09-26,1335.3201904296875,0.031759279939756135,3.1759279939756135
2022-09-27,1330.127685546875,-0.003888584116399585,-0.3888584116399585
2022-09-28,1337.410888671875,0.005475566897929385,0.5475566897929385
2022-09-29,1335.65234375,-0.0013148875463555587,-0.13148875463555587
2022-09-30,1327.9786376953125,-0.005745287005705868,-0.5745287005705868
2022-10-01,1311.6444091796875,-0.012300068730000668,-1.2300068730000668
2022-10-02,1276.093505859375,-0.027104071096941795,-2.7104071096941795
2022-10-03,1323.439208984375,0.037102064157215064,3.7102064157215064
2022-10-04,1362.1265869140625,0.02923245561039156,2.923245561039156
2022-10-05,1352.837158203125,-0.006819798394790189,-0.6819798394790189
2022-10-06,1351.70947265625,-0.0008335707960394068,-0.08335707960394068
2022-10-07,1332.5169677734375,-0.01419869082155445,-1.419869082155445
2022-10-08,1315.50048828125,-0.012770178469562854,-1.2770178469562854
2022-10-09,1322.604248046875,0.005400043427506773,0.5400043427506773
2022-10-10,1291.337646484375,-0.023640179296771646,-2.3640179296771646
2022-10-11,1279.57568359375,-0.009108355915005362,-0.9108355915005362
2022-10-12,1294.9063720703125,0.011981072064065401,1.1981072064065401
2022-10-13,1288.1239013671875,-0.005237807805579919,-0.5237807805579919
2022-10-14,1297.422119140625,0.007218418789969316,0.7218418789969316
2022-10-15,1274.8717041015625,-0.017380939253601735,-1.7380939253601735
2022-10-16,1306.296630859375,0.024649481713894028,2.464948171389403
2022-10-17,1331.713623046875,0.019457289858260562,1.9457289858260562
2022-10-18,1310.447021484375,-0.01596935046278447,-1.596935046278447
2022-10-19,1285.7442626953125,-0.01885063522910002,-1.8850635229100021
2022-10-20,1283.200927734375,-0.001978103293734268,-0.1978103293734268
2022-10-21,1299.9464111328125,0.013049775009127629,1.3049775009127629
2022-10-22,1314.2991943359375,0.011041057600688076,1.1041057600688076
2022-10-23,1363.447021484375,0.03739470233280473,3.739470233280473
2022-10-24,1344.99853515625,-0.013530768733529763,-1.3530768733529763
2022-10-25,1461.6654052734375,0.0867412618435559,8.67412618435559
2022-10-26,1566.566650390625,0.07176830260791678,7.176830260791678
2022-10-27,1514.3748779296875,-0.03331602421634816,-3.331602421634816
2022-10-28,1555.4779052734375,0.027141910462713303,2.7141910462713303
2022-10-29,1619.698486328125,0.04128672020153079,4.128672020153079
2022-10-30,1590.7833251953125,-0.017852187537918507,-1.7852187537918507
2022-10-31,1572.7144775390625,-0.011358459301194612,-1.1358459301194612
2022-11-01,1579.70458984375,0.004444616238050703,0.44446162380507026
2022-11-02,1519.7117919921875,-0.03797722576567086,-3.7977225765670863
2022-11-03,1531.541748046875,0.007784341818641627,0.7784341818641627
2022-11-04,1645.0933837890625,0.074142044046136,7.4142044046136
2022-11-05,1627.968017578125,-0.010409966011469485,-1.0409966011469485
2022-11-06,1572.2347412109375,-0.034234871794410315,-3.4234871794410315
2022-11-07,1568.59130859375,-0.002317359184151657,-0.23173591841516572
2022-11-08,1332.8355712890625,-0.1502977455077471,-15.029774550774711
2022-11-09,1100.1697998046875,-0.17456449729905577,-17.456449729905575
2022-11-10,1299.464599609375,0.18114912792558768,18.11491279255877
2022-11-11,1287.2210693359375,-0.009421980619647496,-0.9421980619647496
2022-11-12,1255.268310546875,-0.02482305452438449,-2.482305452438449
2022-11-13,1221.8192138671875,-0.026646969734394843,-2.6646969734394843
2022-11-14,1241.604248046875,0.016193094653558227,1.6193094653558227
2022-11-15,1251.7362060546875,0.008160376403149927,0.8160376403149927
2022-11-16,1215.6025390625,-0.028866838569826303,-2.8866838569826303
2022-11-17,1200.80859375,-0.012170051342529575,-1.2170051342529575
2022-11-18,1212.30029296875,0.009569967502366605,0.9569967502366605
2022-11-19,1218.4267578125,0.005053586870582327,0.5053586870582327
2022-11-20,1142.4666748046875,-0.062342756772829966,-6.234275677282996
2022-11-21,1108.35302734375,-0.0298596433605115,-2.98596433605115
2022-11-22,1135.1734619140625,0.024198458350936924,2.4198458350936924
2022-11-23,1183.1995849609375,0.04230729897957275,4.230729897957275
2022-11-24,1203.983154296875,0.01756556510001106,1.756556510001106
2022-11-25,1198.9259033203125,-0.004200433335394882,-0.4200433335394882
2022-11-26,1205.89794921875,0.005815243360018485,0.5815243360018485
2022-11-27,1195.126953125,-0.008931930020055212,-0.8931930020055212
2022-11-28,1170.086181640625,-0.02095239457105269,-2.095239457105269
2022-11-29,1216.9012451171875,0.040009927654150346,4.000992765415035
2022-11-30,1295.6885986328125,0.06474424595402373,6.474424595402373
2022-12-01,1276.27392578125,-0.014984057799110495,-1.4984057799110495
2022-12-02,1294.3033447265625,0.014126606037395906,1.4126606037395906
2022-12-03,1243.3348388671875,-0.03937910387625765,-3.937910387625765
2022-12-04,1280.256591796875,0.029695743878074943,2.9695743878074943
2022-12-05,1259.6767578125,-0.016074772913678648,-1.6074772913678648
2022-12-06,1271.65380859375,0.009508035062938625,0.9508035062938625
2022-12-07,1232.4375,-0.030838824473082838,-3.0838824473082838
2022-12-08,1281.1163330078125,0.0394980134958669,3.94980134958669
2022-12-09,1264.2847900390625,-0.013138184671514397,-1.3138184671514397
2022-12-10,1266.3841552734375,0.0016605160885547754,0.16605160885547754
2022-12-11,1263.8685302734375,-0.0019864627881867047,-0.19864627881867047
2022-12-12,1274.6190185546875,0.00850601785212901,0.8506017852129011
2022-12-13,1320.5491943359375,0.03603443469196854,3.603443469196854
2022-12-14,1309.3287353515625,-0.008496812562910572,-0.8496812562910572
2022-12-15,1266.3538818359375,-0.03282205022719986,-3.282205022719986
2022-12-16,1168.2593994140625,-0.07746214058242495,-7.746214058242495
2022-12-17,1188.1495361328125,0.017025445486444024,1.7025445486444024
2022-12-18,1184.7152099609375,-0.0028904831146532306,-0.28904831146532306
2022-12-19,1167.60986328125,-0.014438361671959554,-1.4438361671959554
2022-12-20,1217.70361328125,0.04290281503722926,4.290281503722926
2022-12-21,1213.5999755859375,-0.0033699807166168716,-0.33699807166168716
2022-12-22,1218.18212890625,0.003775670247603724,0.3775670247603724
2022-12-23,1220.159423828125,0.0016231521337866095,0.16231521337866095
2022-12-24,1221.1485595703125,0.0008106610684399662,0.08106610684399662
2022-12-25,1218.9620361328125,-0.0017905466295349282,-0.17905466295349282
2022-12-26,1226.974365234375,0.006573075177125132,0.6573075177125132
2022-12-27,1212.7916259765625,-0.011559116196452335,-1.1559116196452335
2022-12-28,1189.986083984375,-0.018804171717317075,-1.8804171717317075
2022-12-29,1201.5953369140625,0.009755788816300015,0.9755788816300015
2022-12-30,1199.2327880859375,-0.001966176761464933,-0.19661767614649328
2022-12-31,1196.771240234375,-0.002052602193683639,-0.20526021936836392
2023-01-01,1200.96484375,0.003504097838116227,0.3504097838116227
2023-01-02,1214.6566162109375,0.011400643850810077,1.1400643850810077
2023-01-03,1214.77880859375,0.00010059829352737637,0.010059829352737637
2023-01-04,1256.526611328125,0.03436658792451519,3.436658792451519
2023-01-05,1250.4385986328125,-0.004845112423745301,-0.48451124237453014
2023-01-06,1269.3790283203125,0.015147028977039678,1.5147028977039678
2023-01-07,1264.2703857421875,-0.00402452101708739,-0.402452101708739
2023-01-08,1287.3594970703125,0.018262795354943462,1.8262795354943462
2023-01-09,1321.5389404296875,0.026550037838815266,2.6550037838815266
2023-01-10,1336.5860595703125,0.011386058087499595,1.1386058087499595
2023-01-11,1387.9327392578125,0.03841629150614301,3.8416291506143008
2023-01-12,1417.9384765625,0.021619013988194213,2.1619013988194213
2023-01-13,1451.6148681640625,0.02375024880007759,2.375024880007759
2023-01-14,1550.7069091796875,0.0682633136301174,6.8263313630117395
2023-01-15,1552.4794921875,0.0011430806152468165,0.11430806152468165
2023-01-16,1576.83349609375,0.015687166258109064,1.5687166258109064
2023-01-17,1567.8460693359375,-0.0056996675806778585,-0.5699667580677859
2023-01-18,1515.5069580078125,-0.033382812478710555,-3.3382812478710555
2023-01-19,1552.5565185546875,0.024446974889233086,2.4446974889233086
2023-01-20,1659.754150390625,0.0690458804911851,6.90458804911851
2023-01-21,1627.1181640625,-0.019663144882297257,-1.9663144882297257
2023-01-22,1628.382080078125,0.0007767819470894111,0.0776781947089411
2023-01-23,1628.2510986328125,-8.043655534839544e-05,-0.008043655534839544
2023-01-24,1556.604248046875,-0.04400233517182761,-4.400233517182761
2023-01-25,1611.7110595703125,0.035401940854640435,3.5401940854640435
2023-01-26,1603.10595703125,-0.005339109940311948,-0.5339109940311948
2023-01-27,1598.156494140625,-0.0030874209336673175,-0.30874209336673175
2023-01-28,1572.43505859375,-0.01609444108957936,-1.6094441089579359
2023-01-29,1646.1556396484375,0.046883068812149764,4.688306881214976
2023-01-30,1567.3265380859375,-0.04788678522483769,-4.788678522483769
2023-01-31,1586.535400390625,0.012255813857491304,1.2255813857491304
2023-02-01,1641.792724609375,0.034828926102213,3.4828926102213
2023-02-02,1643.2415771484375,0.0008824820072261819,0.08824820072261819
2023-02-03,1664.74560546875,0.013086346292204398,1.3086346292204398
2023-02-04,1667.0592041015625,0.0013897610693263118,0.13897610693263118
2023-02-05,1631.6458740234375,-0.02124299484445158,-2.124299484445158
2023-02-06,1616.2470703125,-0.009437589342205732,-0.9437589342205732
2023-02-07,1672.0035400390625,0.03449749159686455,3.449749159686455
2023-02-08,1650.716796875,-0.01273127876485547,-1.273127876485547
2023-02-09,1546.438232421875,-0.0631716867790626,-6.31716867790626
2023-02-10,1514.869140625,-0.02041406577709526,-2.041406577709526
2023-02-11,1539.9267578125,0.01654111006391079,1.654111006391079
2023-02-12,1515.03369140625,-0.016165097645040705,-1.6165097645040705
2023-02-13,1507.1658935546875,-0.005193150420476522,-0.5193150420476522
2023-02-14,1556.8751220703125,0.03298192238041198,3.2981922380411977
2023-02-15,1673.7459716796875,0.0750675811775845,7.50675811775845
2023-02-16,1640.067626953125,-0.020121538929091298,-2.01215389290913
2023-02-17,1694.7833251953125,0.03336185492779764,3.336185492779764
2023-02-18,1691.8194580078125,-0.0017488177653378623,-0.17488177653378623
2023-02-19,1681.4361572265625,-0.006137357465717308,-0.6137357465717308
2023-02-20,1702.6751708984375,0.0126314719596059,1.26314719596059
2023-02-21,1658.036376953125,-0.026216858452078218,-2.6216858452078218
2023-02-22,1643.231689453125,-0.008929048666112882,-0.8929048666112882
2023-02-23,1651.0738525390625,0.004772402538407272,0.4772402538407272
2023-02-24,1608.3731689453125,-0.025862370437327087,-2.5862370437327087
2023-02-25,1594.9149169921875,-0.00836761779727413,-0.836761779727413
2023-02-26,1640.817138671875,0.028780357616977614,2.8780357616977614
2023-02-27,1634.326416015625,-0.003955786725572508,-0.39557867255725077
2023-02-28,1605.8951416015625,-0.01739632556596371,-1.739632556596371
2023-03-01,1663.4337158203125,0.035829596047825873,3.5829596047825873
2023-03-02,1647.3193359375,-0.009687419299942324,-0.9687419299942324
2023-03-03,1569.1676025390625,-0.04744176292568125,-4.744176292568126
2023-03-04,1566.9239501953125,-0.0014298360099453955,-0.14298360099453955
2023-03-05,1564.46875,-0.001566891740346743,-0.1566891740346743
2023-03-06,1567.398681640625,0.0018727965263767299,0.187279652637673
2023-03-07,1561.93310546875,-0.0034870363462051746,-0.34870363462051746
2023-03-08,1534.0882568359375,-0.017827171045494916,-1.7827171045494916
2023-03-09,1438.6607666015625,-0.0622046937711358,-6.22046937711358
2023-03-10,1429.1580810546875,-0.0066052302026157195,-0.660523020261572
2023-03-11,1482.61669921875,0.0374056718236595,3.7405671823659503
2023-03-12,1590.29296875,0.07262583079496476,7.262583079496476
2023-03-13,1680.3089599609375,0.05660340137307651,5.660340137307651
2023-03-14,1703.507080078125,0.013805865867504874,1.3805865867504874
2023-03-15,1656.1805419921875,-0.027781826468116,-2.7781826468116
2023-03-16,1677.2154541015625,0.012700856927151394,1.2700856927151394
2023-03-17,1792.485107421875,0.06872680134113085,6.872680134113085
2023-03-18,1761.65966796875,-0.017197040759496796,-1.7197040759496796
2023-03-19,1785.5765380859375,0.013576328363562151,1.3576328363562151
2023-03-20,1735.3212890625,-0.028145110529571027,-2.8145110529571027
2023-03-21,1806.7607421875,0.04116785380048826,4.116785380048826
2023-03-22,1737.717041015625,-0.03821408090164813,-3.821408090164813
2023-03-23,1816.4051513671875,0.04528246457522944,4.528246457522944
2023-03-24,1752.0447998046875,-0.035432817130064076,-3.5432817130064076
2023-03-25,1743.7647705078125,-0.0047259232742210555,-0.47259232742210555
2023-03-26,1775.6767578125,0.01830062623377482,1.830062623377482
2023-03-27,1715.4608154296875,-0.03391154505901961,-3.391154505901961
2023-03-28,1772.78564453125,0.033416577391890856,3.3416577391890856
2023-03-29,1793.0018310546875,0.011403627159211949,1.1403627159211949
2023-03-30,1792.7371826171875,-0.00014760076254038967,-0.014760076254038967
2023-03-31,1822.0220947265625,0.016335306922469428,1.6335306922469428
2023-04-01,1813.860595703125,-0.004479363366151845,-0.4479363366151845
2023-04-02,1795.7081298828125,-0.010007641085160612,-1.0007641085160612
2023-04-03,1810.297119140625,0.008124365544173617,0.8124365544173617
2023-04-04,1871.005126953125,0.03353483092395293,3.353483092395293
2023-04-05,1909.114013671875,0.020368135912491647,2.0368135912491647
2023-04-06,1872.922607421875,-0.018957173846517184,-1.8957173846517184
2023-04-07,1865.6361083984375,-0.00389044320067633,-0.389044320067633
2023-04-08,1849.4981689453125,-0.008650100295806706,-0.8650100295806706
2023-04-09,1859.3878173828125,0.005347206395527104,0.5347206395527104
2023-04-10,1911.20751953125,0.02786922752961596,2.786922752961596
2023-04-11,1892.189697265625,-0.009950684094362172,-0.9950684094362172
2023-04-12,1920.68212890625,0.015057915008098277,1.5057915008098277
2023-04-13,2012.6346435546875,0.04787492592582243,4.787492592582243
2023-04-14,2101.635498046875,0.044221068526871576,4.422106852687158
2023-04-15,2092.466796875,-0.004362650507376609,-0.43626505073766086
2023-04-16,2120.005859375,0.013161051129283452,1.3161051129283452
2023-04-17,2076.242919921875,-0.020642838914618267,-2.0642838914618267
2023-04-18,2104.537353515625,0.013627708647316883,1.3627708647316883
2023-04-19,1936.4034423828125,-0.07989115082796949,-7.98911508279695
2023-04-20,1943.09765625,0.0034570346864029045,0.34570346864029045
2023-04-21,1849.9998779296875,-0.04791204292839435,-4.791204292839435
2023-04-22,1874.2286376953125,0.013096627764505042,1.3096627764505042
2023-04-23,1862.06201171875,-0.006491537762182253,-0.6491537762182253
2023-04-24,1842.7574462890625,-0.010367305335802768,-1.0367305335802768
2023-04-25,1866.753662109375,0.013021906854120191,1.302190685412019
2023-04-26,1866.564208984375,-0.00010148801571707722,-0.010148801571707722
2023-04-27,1908.786376953125,0.022620260136523074,2.2620260136523074
2023-04-28,1892.5128173828125,-0.00852560546680392,-0.852560546680392
2023-04-29,1908.9169921875,0.008667933265241068,0.8667933265241068
2023-04-30,1876.92431640625,-0.016759595054255505,-1.6759595054255505
2023-05-01,1831.954833984375,-0.023959134648528724,-2.3959134648528724
2023-05-02,1870.789306640625,0.02119837887694409,2.119837887694409
2023-05-03,1904.65185546875,0.018100674783592785,1.8100674783592785
2023-05-04,1877.7041015625,-0.014148388236346676,-1.4148388236346676
2023-05-05,1995.0609130859375,0.06250016252602375,6.250016252602375
2023-05-06,1900.2218017578125,-0.04753695022846638,-4.753695022846638
2023-05-07,1873.076416015625,-0.014285377484394957,-1.4285377484394957
2023-05-08,1849.042724609375,-0.012831132355707098,-1.2831132355707098
2023-05-09,1848.6031494140625,-0.0002377312267921594,-0.02377312267921594
2023-05-10,1842.4014892578125,-0.0033547817757508813,-0.33547817757508813
2023-05-11,1796.4906005859375,-0.02491904665707234,-2.491904665707234
2023-05-12,1808.019775390625,0.006417609310578776,0.6417609310578776
2023-05-13,1796.1148681640625,-0.006584500561665818,-0.6584500561665818
2023-05-14,1800.5009765625,0.0024419977119396474,0.24419977119396474
2023-05-15,1817.5499267578125,0.009469003581360047,0.9469003581360047
2023-05-16,1824.1214599609375,0.003615599828306948,0.3615599828306948
2023-05-17,1821.859619140625,-0.0012399617404649232,-0.12399617404649232
2023-05-18,1801.728515625,-0.011049755592651422,-1.1049755592651422
2023-05-19,1812.5894775390625,0.0060280790473556944,0.6028079047355694
2023-05-20,1820.47802734375,0.004352088491321071,0.4352088491321071
2023-05-21,1804.5313720703125,-0.00875959777262747,-0.875959777262747
2023-05-22,1817.5347900390625,0.0072059805498594365,0.7205980549859436
2023-05-23,1854.380615234375,0.020272418111193735,2.0272418111193735
2023-05-24,1800.0999755859375,-0.02927157413235626,-2.927157413235626
2023-05-25,1805.9537353515625,0.0032519081412238915,0.32519081412238915
2023-05-26,1828.689697265625,0.012589448704585227,1.2589448704585227
2023-05-27,1831.1182861328125,0.001328048640957924,0.1328048640957924
2023-05-28,1910.9141845703125,0.04357768640169235,4.357768640169235
2023-05-29,1893.078125,-0.009333783648857619,-0.9333783648857619
2023-05-30,1901.026611328125,0.004198710144688311,0.4198710144688311
2023-05-31,1874.1304931640625,-0.014148207081263298,-1.4148207081263298
2023-06-01,1862.201416015625,-0.006365126223573547,-0.6365126223573547
2023-06-02,1907.256591796875,0.024194577124557304,2.4194577124557304
2023-06-03,1892.4124755859375,-0.007782967574883282,-0.7782967574883282
2023-06-04,1890.5135498046875,-0.0010034418002142775,-0.10034418002142775
2023-06-05,1811.828369140625,-0.041621061468822385,-4.1621061468822385
2023-06-06,1884.494873046875,0.040106725970251,4.0106725970251
2023-06-07,1832.39599609375,-0.027646069882318547,-2.7646069882318547
2023-06-08,1846.3018798828125,0.0075889075389308225,0.7588907538930822
2023-06-09,1840.2252197265625,-0.003291260341800495,-0.3291260341800495
2023-06-10,1752.384765625,-0.04773353454780638,-4.773353454780638
2023-06-11,1753.415283203125,0.0005880658165602348,0.05880658165602348
2023-06-12,1742.5286865234375,-0.006208795362955821,-0.6208795362955821
2023-06-13,1739.03759765625,-0.0020034613456795247,-0.20034613456795247
2023-06-14,1650.519287109375,-0.050900745714856144,-5.090074571485614
2023-06-15,1665.519775390625,0.00908834473998854,0.9088344739988541
2023-06-16,1716.6688232421875,0.030710561716126294,3.0710561716126294
2023-06-17,1727.2041015625,0.006137047622508218,0.6137047622508218
2023-06-18,1720.5775146484375,-0.003836597486115201,-0.3836597486115201
2023-06-19,1737.659423828125,0.009928009075009792,0.9928009075009792
2023-06-20,1792.1199951171875,0.03134133797581806,3.134133797581806
2023-06-21,1891.0072021484375,0.05517889834423939,5.517889834423939
2023-06-22,1872.9429931640625,-0.00955269179506646,-0.9552691795066459
2023-06-23,1892.862060546875,0.010635170133588723,1.0635170133588723
2023-06-24,1876.0596923828125,-0.008876699741769856,-0.8876699741769856
2023-06-25,1900.506103515625,0.01303072137420247,1.303072137420247
2023-06-26,1859.432861328125,-0.021611739163331922,-2.1611739163331922
2023-06-27,1889.703369140625,0.016279430380120807,1.6279430380120807
2023-06-28,1827.97119140625,-0.03266765501002877,-3.2667655010028773
2023-06-29,1852.227294921875,0.013269412357076016,1.3269412357076016
2023-06-30,1933.18896484375,0.04371043993566137,4.371043993566137
2023-07-01,1924.56591796875,-0.004460529742211228,-0.4460529742211228
2023-07-02,1937.4383544921875,0.0066884882472737495,0.668848824727375
2023-07-03,1955.38916015625,0.009265226747700916,0.9265226747700916
2023-07-04,1936.633544921875,-0.009591755757138554,-0.9591755757138554
2023-07-05,1910.5880126953125,-0.013448869712526457,-1.3448869712526457
2023-07-06,1848.636474609375,-0.0324253777759973,-3.24253777759973
2023-07-07,1870.6025390625,0.01188230609685803,1.188230609685803
2023-07-08,1865.53955078125,-0.0027066082588487195,-0.27066082588487195
2023-07-09,1863.009765625,-0.0013560608539179286,-0.13560608539179286
2023-07-10,1880.556396484375,0.009418432035694924,0.9418432035694924
2023-07-11,1878.3360595703125,-0.0011806808443571848,-0.11806808443571848
2023-07-12,1872.11376953125,-0.0033126606963430616,-0.33126606963430616
2023-07-13,2006.511474609375,0.07178928293005193,7.178928293005193
2023-07-14,1939.3470458984375,-0.03347323429785665,-3.3473234297856647
2023-07-15,1931.466552734375,-0.004063477540406812,-0.40634775404068124
2023-07-16,1923.681884765625,-0.0040304440984128,-0.40304440984128
2023-07-17,1911.6461181640625,-0.0062566304215256885,-0.6256630421525688
2023-07-18,1897.5992431640625,-0.007348051957174251,-0.7348051957174251
2023-07-19,1889.0079345703125,-0.004527462068031229,-0.45274620680312294
2023-07-20,1890.9691162109375,0.0010382072011101418,0.10382072011101418
2023-07-21,1892.080078125,0.0005875092853386832,0.05875092853386832
2023-07-22,1864.912353515625,-0.014358654754347167,-1.4358654754347167
2023-07-23,1889.191650390625,0.013019001578937539,1.301900157893754
2023-07-24,1850.0020751953125,-0.020744097184215993,-2.0744097184215993
2023-07-25,1857.741943359375,0.00418370782813593,0.41837078281359297
2023-07-26,1872.159912109375,0.007761018047494739,0.7761018047494739
2023-07-27,1860.357177734375,-0.006304340937255626,-0.6304340937255626
2023-07-28,1874.744873046875,0.007733834924120275,0.7733834924120275
2023-07-29,1881.06884765625,0.0033732454481110175,0.33732454481110175
2023-07-30,1861.643798828125,-0.010326601736203367,-1.0326601736203367
2023-07-31,1856.162353515625,-0.002944411447533879,-0.2944411447533879
2023-08-01,1871.7921142578125,0.008420470716144157,0.8420470716144157
2023-08-02,1839.0897216796875,-0.017471166978973995,-1.7471166978973995
2023-08-03,1835.136474609375,-0.0021495672689105794,-0.21495672689105794
2023-08-04,1827.712890625,-0.00404524899760117,-0.40452489976011696
2023-08-05,1834.9879150390625,0.0039803978247232585,0.39803978247232585
2023-08-06,1827.4620361328125,-0.004101323417211589,-0.41013234172115887
2023-08-07,1826.9388427734375,-0.00028629506333388566,-0.028629506333388566
2023-08-08,1855.807373046875,0.015801585470487156,1.5801585470487156
2023-08-09,1854.297607421875,-0.000813535740253668,-0.0813535740253668
2023-08-10,1850.75341796875,-0.0019113379853046286,-0.19113379853046286
2023-08-11,1847.1243896484375,-0.0019608383726750223,-0.19608383726750223
2023-08-12,1848.889892578125,0.0009558116061818556,0.09558116061818556
2023-08-13,1839.2801513671875,-0.005197573554549306,-0.5197573554549306
2023-08-14,1844.185791015625,0.0026671519533285615,0.26671519533285615
2023-08-15,1826.9327392578125,-0.009355376145865901,-0.9355376145865901
2023-08-16,1805.6590576171875,-0.011644479943617059,-1.1644479943617059
2023-08-17,1684.9334716796875,-0.06685956876976196,-6.685956876976196
2023-08-18,1660.945068359375,-0.014237003254733094,-1.4237003254733094
2023-08-19,1669.471923828125,0.005133737190461396,0.5133737190461396
2023-08-20,1684.85205078125,0.009212569995102449,0.9212569995102449
2023-08-21,1667.26904296875,-0.010435935786971329,-1.0435935786971329
2023-08-22,1633.892578125,-0.020018643652328416,-2.0018643652328416
2023-08-23,1679.2744140625,0.027775287399602888,2.777528739960289
2023-08-24,1659.944580078125,-0.011510825045927042,-1.1510825045927042
2023-08-25,1652.93505859375,-0.004222744282248891,-0.42227442822488914
2023-08-26,1646.3067626953125,-0.004010015919243992,-0.4010015919243992
2023-08-27,1657.5130615234375,0.006806932390764242,0.6806932390764242
2023-08-28,1652.4573974609375,-0.0030501503607176517,-0.30501503607176517
2023-08-29,1729.7257080078125,0.046759638502996026,4.675963850299603
2023-08-30,1705.1121826171875,-0.014229727451396501,-1.42297274513965
2023-08-31,1645.63916015625,-0.03487924317662894,-3.487924317662894
2023-09-01,1628.4912109375,-0.01042023648557433,-1.042023648557433
2023-09-02,1637.025390625,0.0052405439035725365,0.5240543903572537
2023-09-03,1636.11767578125,-0.0005544903878390572,-0.055449038783905724
2023-09-04,1629.6552734375,-0.003949839574139524,-0.3949839574139524
2023-09-05,1633.62939453125,0.0024386268424532176,0.24386268424532176
2023-09-06,1632.2523193359375,-0.0008429544668591138,-0.08429544668591138
2023-09-07,1647.5982666015625,0.009401700388986578,0.9401700388986578
2023-09-08,1636.1378173828125,-0.006955851709160243,-0.6955851709160243
2023-09-09,1635.162353515625,-0.0005961990834902897,-0.05961990834902897
2023-09-10,1616.828857421875,-0.011212034116571123,-1.1212034116571123
2023-09-11,1551.6376953125,-0.04032038506124014,-4.032038506124014
2023-09-12,1592.429443359375,0.02628947992827646,2.628947992827646
2023-09-13,1607.988525390625,0.009770657090104162,0.9770657090104162
2023-09-14,1626.974365234375,0.011807198586281986,1.1807198586281986
2023-09-15,1641.640380859375,0.009014288078772026,0.9014288078772026
2023-09-16,1635.2216796875,-0.003909931338625383,-0.3909931338625383
2023-09-17,1622.896728515625,-0.007537174515831024,-0.7537174515831024
2023-09-18,1637.3470458984375,0.008904027674040194,0.8904027674040194
2023-09-19,1643.544677734375,0.0037851668963293505,0.37851668963293505
2023-09-20,1622.890625,-0.012566772911124402,-1.2566772911124402
2023-09-21,1584.3070068359375,-0.02377462631781635,-2.377462631781635
2023-09-22,1593.268310546875,0.005656292418244391,0.5656292418244391
2023-09-23,1593.8577880859375,0.00036998008129596194,0.036998008129596194
2023-09-24,1580.8533935546875,-0.008159068286052618,-0.8159068286052618
2023-09-25,1588.3228759765625,0.0047249684583838825,0.47249684583838825
2023-09-26,1593.417236328125,0.0032073833529786544,0.32073833529786544
2023-09-27,1597.4912109375,0.0025567531946391053,0.25567531946391053
2023-09-28,1652.8826904296875,0.03467404334555346,3.4674043345553462
2023-09-29,1667.94384765625,0.009112054541902781,0.9112054541902781
2023-09-30,1671.161865234375,0.001929332083119517,0.1929332083119517
2023-10-01,1733.8104248046875,0.037488026069531166,3.7488026069531166
2023-10-02,1663.6275634765625,-0.04047897066718298,-4.047897066718297
2023-10-03,1656.6856689453125,-0.00417274556135816,-0.417274556135816
2023-10-04,1647.838134765625,-0.005340502634588518,-0.5340502634588518
2023-10-05,1611.4764404296875,-0.022066302247040315,-2.2066302247040315
2023-10-06,1645.83154296875,0.021319022529365572,2.131902252936557
2023-10-07,1634.51123046875,-0.006878172039150754,-0.6878172039150754
2023-10-08,1633.548583984375,-0.0005889506700414993,-0.058895067004149926
2023-10-09,1579.806640625,-0.032898895010697204,-3.2898895010697204
2023-10-10,1567.7130126953125,-0.007655131722261288,-0.7655131722261288
2023-10-11,1566.2547607421875,-0.000930177871406368,-0.0930177871406368
2023-10-12,1539.6124267578125,-0.01701021740023334,-1.701021740023334
2023-10-13,1552.0894775390625,0.008104020573232784,0.8104020573232784
2023-10-14,1555.2568359375,0.002040706057397923,0.2040706057397923
2023-10-15,1558.06982421875,0.0018086969407560272,0.18086969407560272
2023-10-16,1600.5343017578125,0.027254540765113022,2.7254540765113022
2023-10-17,1565.4395751953125,-0.02192688186935865,-2.192688186935865
2023-10-18,1563.7498779296875,-0.0010793755903444335,-0.10793755903444335
2023-10-19,1567.45703125,0.0023706817647977108,0.23706817647977108
2023-10-20,1604.6668701171875,0.023738984945261166,2.3738984945261166
2023-10-21,1629.304443359375,0.015353699699918621,1.5353699699918621
2023-10-22,1663.429931640625,0.020944819993793384,2.0944819993793384
2023-10-23,1765.3826904296875,0.061290684296216424,6.1290684296216424
2023-10-24,1784.4375,0.010793585817743923,1.0793585817743923
2023-10-25,1787.3975830078125,0.0016588325496480483,0.16588325496480483
2023-10-26,1804.039306640625,0.009310588640725426,0.9310588640725426
2023-10-27,1780.0452880859375,-0.013300163952285393,-1.3300163952285393
2023-10-28,1776.6181640625,-0.0019253015900076997,-0.19253015900076997
2023-10-29,1795.5460205078125,0.01065386858481232,1.065386858481232
2023-10-30,1810.088623046875,0.008099264721129096,0.8099264721129096
2023-10-31,1816.458984375,0.0035193643267046326,0.35193643267046326
2023-11-01,1847.0897216796875,0.01686288408831138,1.686288408831138
2023-11-02,1800.6209716796875,-0.02515781959835861,-2.515781959835861
2023-11-03,1832.795166015625,0.01786838809609348,1.786838809609348
2023-11-04,1857.6986083984375,0.013587684453004512,1.3587684453004512
2023-11-05,1894.15771484375,0.019625953467631962,1.9625953467631962
2023-11-06,1899.83740234375,0.002998529349214518,0.2998529349214518
2023-11-07,1888.124267578125,-0.006165335386688842,-0.6165335386688842
2023-11-08,1889.3223876953125,0.0006345557534326307,0.06345557534326307
2023-11-09,2120.56103515625,0.12239237144858772,12.239237144858773
2023-11-10,2078.289794921875,-0.019933988946118864,-1.9933988946118864
2023-11-11,2052.7138671875,-0.012306237463546976,-1.2306237463546976
2023-11-12,2045.18701171875,-0.003666782589169526,-0.3666782589169526
2023-11-13,2055.265380859375,0.004927847225156823,0.4927847225156823
2023-11-14,1979.0526123046875,-0.03708171667973137,-3.708171667973137
2023-11-15,2060.408447265625,0.04110847506282078,4.110847506282078
2023-11-16,1960.881591796875,-0.04830442993030459,-4.830442993030459
2023-11-17,1961.28076171875,0.0002035665608492998,0.02035665608492998
2023-11-18,1963.2850341796875,0.0010219202166552588,0.10219202166552588
2023-11-19,2013.2044677734375,0.025426483024461932,2.542648302446193
2023-11-20,2022.2391357421875,0.004487705105652884,0.4487705105652884
2023-11-21,1937.0667724609375,-0.04211784935612506,-4.211784935612506
2023-11-22,2064.42529296875,0.06574813130783852,6.574813130783852
2023-11-23,2062.210693359375,-0.0010727438851469984,-0.10727438851469984
2023-11-24,2081.152099609375,0.009185000500188556,0.9185000500188556
2023-11-25,2084.4130859375,0.0015669139841998359,0.15669139841998359
2023-11-26,2063.2861328125,-0.010135684364837805,-1.0135684364837805
2023-11-27,2027.4173583984375,-0.017384294811873313,-1.7384294811873313
2023-11-28,2049.338134765625,0.010812167645888104,1.0812167645888104
2023-11-29,2029.92919921875,-0.009470831200383945,-0.9470831200383945
2023-11-30,2052.55615234375,0.011146671092621574,1.1146671092621574
2023-12-01,2087.139892578125,0.016849107974407973,1.6849107974407973
2023-12-02,2165.7041015625,0.03764204271297267,3.7642042712972668
2023-12-03,2193.691650390625,0.012923071442646705,1.2923071442646705
2023-12-04,2243.2158203125,0.022575720663866372,2.257572066386637
2023-12-05,2293.841796875,0.02256848231190145,2.256848231190145
2023-12-06,2231.661376953125,-0.027107545082919904,-2.7107545082919904
2023-12-07,2357.57958984375,0.05642353010676748,5.642353010676748
2023-12-08,2358.73193359375,0.0004887825441670657,0.04887825441670657
2023-12-09,2341.17529296875,-0.007443253883560597,-0.7443253883560597
2023-12-10,2352.462646484375,0.004821233826242777,0.4821233826242777
2023-12-11,2224.578857421875,-0.054361666168691425,-5.4361666168691425
2023-12-12,2202.0380859375,-0.010132601687358522,-1.0132601687358522
2023-12-13,2260.648681640625,0.02661652224701272,2.661652224701272
2023-12-14,2316.5791015625,0.02474087211166509,2.474087211166509
2023-12-15,2219.33740234375,-0.041976420815141524,-4.197642081514152
2023-12-16,2226.926513671875,0.0034195392373013167,0.34195392373013167
2023-12-17,2196.481201171875,-0.013671449108484612,-1.3671449108484612
2023-12-18,2217.2734375,0.009466157195896718,0.9466157195896718
2023-12-19,2177.87255859375,-0.017769968394459656,-1.7769968394459656
2023-12-20,2201.911376953125,0.011037752537226941,1.1037752537226941
2023-12-21,2239.54248046875,0.017090198956007274,1.7090198956007274
2023-12-22,2326.52490234375,0.03883937127050796,3.883937127050796
2023-12-23,2309.04638671875,-0.007512713750621014,-0.7512713750621014
2023-12-24,2265.692138671875,-0.018775823775668332,-1.8775823775668332
2023-12-25,2272.561767578125,0.003032022219169095,0.3032022219169095
2023-12-26,2231.46533203125,-0.0180837485401647,-1.8083748540164701
2023-12-27,2378.739990234375,0.06599907965814755,6.599907965814755
2023-12-28,2347.566162109375,-0.013105185204343561,-1.3105185204343561
2023-12-29,2300.690673828125,-0.019967696347748753,-1.9967696347748753
2023-12-30,2292.0654296875,-0.003748980355657072,-0.3748980355657072
2023-12-31,2281.47119140625,-0.004622136062972015,-0.46221360629720154
2024-01-01,2352.327880859375,0.031057455259582145,3.1057455259582145
2024-01-02,2355.83642578125,0.001491520357524756,0.1491520357524756
2024-01-03,2210.761962890625,-0.06158087263741796,-6.1580872637417965
2024-01-04,2269.0380859375,0.02636019798833411,2.636019798833411
2024-01-05,2268.647216796875,-0.00017226204489362296,-0.017226204489362296
2024-01-06,2241.624755859375,-0.011911266210730354,-1.1911266210730354
2024-01-07,2222.865966796875,-0.008368389496710593,-0.8368389496710593
2024-01-08,2333.03271484375,0.04956067963271038,4.956067963271038
2024-01-09,2344.8271484375,0.005055408575588727,0.5055408575588727
2024-01-10,2582.103515625,0.10119141078079541,10.11914107807954
2024-01-11,2619.619140625,0.014529094117638142,1.4529094117638142
2024-01-12,2524.460205078125,-0.036325484903951155,-3.6325484903951155
2024-01-13,2576.597900390625,0.020653007406344237,2.0653007406344237
2024-01-14,2472.2412109375,-0.04050173658734413,-4.050173658734413
2024-01-15,2511.36376953125,0.01582473361444947,1.582473361444947
2024-01-16,2587.691162109375,0.030392806292802277,3.0392806292802277
2024-01-17,2528.369384765625,-0.022924597112815248,-2.292459711281525
2024-01-18,2467.018798828125,-0.024264882460276693,-2.4264882460276693
2024-01-19,2489.49853515625,0.009112105809166549,0.9112105809166549
2024-01-20,2469.589111328125,-0.007997363142403069,-0.7997363142403069
2024-01-21,2453.9130859375,-0.006347624922185768,-0.6347624922185768
2024-01-22,2310.826416015625,-0.05830959162402838,-5.830959162402838
2024-01-23,2240.68603515625,-0.030352942295125973,-3.0352942295125973
2024-01-24,2233.561767578125,-0.0031795028247356694,-0.31795028247356694
2024-01-25,2217.710205078125,-0.007096988643921831,-0.7096988643921831
2024-01-26,2267.19970703125,0.022315585616102362,2.2315585616102362
2024-01-27,2267.885986328125,0.0003026990938410634,0.03026990938410634
2024-01-28,2257.208740234375,-0.004708017139361198,-0.4708017139361198
2024-01-29,2317.064208984375,0.02651747163790663,2.651747163790663
2024-01-30,2344.49365234375,0.011838016077853064,1.1838016077853064
2024-01-31,2282.54443359375,-0.02642328277923489,-2.642328277923489
2024-02-01,2303.82470703125,0.009323048929214206,0.9323048929214206
2024-02-02,2308.0380859375,0.0018288626271742991,0.18288626271742991
2024-02-03,2296.038330078125,-0.005199115184661651,-0.5199115184661651
2024-02-04,2289.546142578125,-0.002827560592065126,-0.2827560592065126
2024-02-05,2298.888916015625,0.0040806224708709316,0.40806224708709316
2024-02-06,2372.201904296875,0.03189061801573012,3.189061801573012
2024-02-07,2423.7451171875,0.021728004179265792,2.172800417926579
2024-02-08,2419.906494140625,-0.0015837568973957605,-0.15837568973957605
2024-02-09,2487.515625,0.02793873689875137,2.793873689875137
2024-02-10,2501.228271484375,0.005512587075457986,0.5512587075457986
2024-02-11,2507.570556640625,0.002535668266889557,0.2535668266889557
2024-02-12,2658.115966796875,0.060036360595147054,6.003636059514705
2024-02-13,2642.185302734375,-0.005993216346274366,-0.5993216346274366
2024-02-14,2777.90234375,0.05136545149773286,5.136545149773286
2024-02-15,2824.37890625,0.016730812227639058,1.6730812227639058
2024-02-16,2803.69140625,-0.007324619212465078,-0.7324619212465078
2024-02-17,2786.672607421875,-0.006070139812886177,-0.6070139812886177
2024-02-18,2878.998046875,0.03313106792926823,3.313106792926823
2024-02-19,2943.57470703125,0.022430254937596983,2.2430254937596983
2024-02-20,3013.503662109375,0.02375647368863687,2.375647368863687
2024-02-21,2970.35546875,-0.014318281375232278,-1.4318281375232278
2024-02-22,2971.00732421875,0.0002194536901753974,0.02194536901753974
2024-02-23,2921.658203125,-0.01661023205546175,-1.6610232055461749
2024-02-24,2992.385986328125,0.02420809632265497,2.420809632265497
2024-02-25,3112.697265625,0.04020580227502868,4.020580227502868
2024-02-26,3178.99365234375,0.021298694046122835,2.1298694046122835
2024-02-27,3244.519287109375,0.0206120684504405,2.06120684504405
2024-02-28,3385.703857421875,0.04351478842287437,4.351478842287437
2024-02-29,3341.919677734375,-0.012932076026531347,-1.2932076026531347
2024-03-01,3435.053955078125,0.02786849665007196,2.786849665007196
2024-03-02,3422.0498046875,-0.003785719397915277,-0.3785719397915277
2024-03-03,3490.99365234375,0.020146944548209422,2.0146944548209422
2024-03-04,3630.433837890625,0.039942835603055116,3.9942835603055116
2024-03-05,3554.964599609375,-0.02078793930730316,-2.078793930730316
2024-03-06,3819.226318359375,0.07433596350833915,7.433596350833915
2024-03-07,3874.34765625,0.01443259270225794,1.443259270225794
2024-03-08,3892.06103515625,0.0045719642318817755,0.45719642318817755
2024-03-09,3915.4189453125,0.006001424424042279,0.6001424424042279
2024-03-10,3881.193115234375,-0.00874129449649308,-0.8741294496493079
2024-03-11,4066.445068359375,0.047730671374699885,4.7730671374699885
2024-03-12,3980.273193359375,-0.021190960052674845,-2.1190960052674845
2024-03-13,4006.45703125,0.006578402189656218,0.6578402189656218
2024-03-14,3883.140380859375,-0.030779476587110888,-3.0779476587110888
2024-03-15,3735.22021484375,-0.03809292261097419,-3.809292261097419
2024-03-16,3522.860107421875,-0.05685343706857138,-5.685343706857138
2024-03-17,3642.4130859375,0.03393634003909307,3.393634003909307
2024-03-18,3517.985107421875,-0.0341608641249429,-3.4160864124942902
2024-03-19,3157.6181640625,-0.10243560798455653,-10.243560798455654
2024-03-20,3513.39306640625,0.11267192037115104,11.267192037115104
2024-03-21,3492.9912109375,-0.0058068810073729216,-0.5806881007372922
2024-03-22,3333.68798828125,-0.04560653406668436,-4.560653406668436
2024-03-23,3336.593994140625,0.0008717090110383907,0.08717090110383907
2024-03-24,3454.636474609375,0.035378137308897495,3.5378137308897495
2024-03-25,3590.8837890625,0.039438972943898865,3.9438972943898865
2024-03-26,3587.5048828125,-0.0009409678643157449,-0.09409678643157449
2024-03-27,3500.115234375,-0.024359450730277232,-2.4359450730277232
2024-03-28,3561.2939453125,0.017479056214108946,1.7479056214108946
2024-03-29,3511.80615234375,-0.013896014686989755,-1.3896014686989755
2024-03-30,3507.9443359375,-0.0010996667352133338,-0.10996667352133338
2024-03-31,3647.8564453125,0.03988435846648297,3.988435846648297
2024-04-01,3505.030029296875,-0.03915351882861429,-3.9153518828614287
2024-04-02,3277.234619140625,-0.0649910010049034,-6.49910010049034
2024-04-03,3311.44189453125,0.010437847565395009,1.0437847565395009
2024-04-04,3330.04052734375,0.00561647566373269,0.561647566373269
2024-04-05,3318.88525390625,-0.0033498911937862585,-0.33498911937862585
2024-04-06,3354.183837890625,0.010635674717235144,1.0635674717235144
2024-04-07,3453.49462890625,0.02960803456678729,2.960803456678729
2024-04-08,3695.292724609375,0.07001548335394525,7.001548335394525
2024-04-09,3505.163330078125,-0.051451781685670994,-5.145178168567099
2024-04-10,3543.737060546875,0.011004831112360725,1.1004831112360725
2024-04-11,3505.247802734375,-0.010861205883757163,-1.0861205883757163
2024-04-12,3243.034912109375,-0.07480580700184813,-7.480580700184813
2024-04-13,3004.900390625,-0.07342952756850973,-7.342952756850973
2024-04-14,3156.94189453125,0.050597851556279494,5.059785155627949
2024-04-15,3101.600341796875,-0.01753011445356112,-1.7530114453561119
2024-04-16,3084.920166015625,-0.005377925568445963,-0.5377925568445963
2024-04-17,2984.7275390625,-0.03247819118850337,-3.247819118850337
2024-04-18,3066.027587890625,0.027238683519387852,2.723868351938785
2024-04-19,3059.278564453125,-0.0022012272375354636,-0.22012272375354636
2024-04-20,3157.627197265625,0.032147655318233825,3.2147655318233825
2024-04-21,3147.28857421875,-0.0032741746890918577,-0.32741746890918577
2024-04-22,3201.652099609375,0.017273130222613897,1.7273130222613897
2024-04-23,3219.91162109375,0.0057031560320381924,0.5703156032038192
2024-04-24,3139.80517578125,-0.024878460883124842,-2.487846088312484
2024-04-25,3156.509521484375,0.005320185415315981,0.5320185415315981
2024-04-26,3130.164794921875,-0.008346157799679732,-0.8346157799679732
2024-04-27,3252.168212890625,0.03897667565831631,3.8976675658316307
2024-04-28,3262.774658203125,0.0032613458524253236,0.32613458524253236
2024-04-29,3215.428955078125,-0.01451087129353712,-1.451087129353712
2024-04-30,3012.286865234375,-0.06317729070733402,-6.317729070733402
2024-05-01,2969.78466796875,-0.014109611457047588,-1.4109611457047588
2024-05-02,2988.16845703125,0.0061902767768931,0.61902767768931
2024-05-03,3103.5419921875,0.03861011747338838,3.8610117473388383
2024-05-04,3117.576416015625,0.004522066678476877,0.4522066678476877
2024-05-05,3137.2490234375,0.006310224609351378,0.6310224609351378
2024-05-06,3062.728759765625,-0.02375337855399917,-2.375337855399917
2024-05-07,3006.5771484375,-0.01833385054066039,-1.833385054066039
2024-05-08,2973.6572265625,-0.010949302229649516,-1.0949302229649516
2024-05-09,3036.0205078125,0.0209719132026831,2.09719132026831
2024-05-10,2909.791259765625,-0.041577205332458456,-4.157720533245845
2024-05-11,2911.60205078125,0.0006223095933592937,0.06223095933592937
2024-05-12,2928.701904296875,0.005873005038939505,0.5873005038939505
2024-05-13,2949.359619140625,0.007053539594945368,0.7053539594945368
2024-05-14,2881.157958984375,-0.023124226599441355,-2.3124226599441355
2024-05-15,3037.056640625,0.05410973083044013,5.410973083044013
2024-05-16,2945.131103515625,-0.030267969283067964,-3.0267969283067964
2024-05-17,3094.11865234375,0.050587747570991715,5.0587747570991715
2024-05-18,3122.948974609375,0.009317781735288744,0.9317781735288744
2024-05-19,3071.843017578125,-0.0163646468279689,-1.6364646827968898
2024-05-20,3663.85546875,0.19272223475749883,19.272223475749882
2024-05-21,3789.312744140625,0.03424187347472718,3.424187347472718
2024-05-22,3737.2177734375,-0.013747867811565229,-1.3747867811565229
2024-05-23,3776.92724609375,0.010625410415868064,1.0625410415868064
2024-05-24,3726.9345703125,-0.013236335392203924,-1.3236335392203924
2024-05-25,3749.236572265625,0.005984006837891798,0.5984006837891798
2024-05-26,3825.8974609375,0.020447066274494885,2.0447066274494885
2024-05-27,3892.0068359375,0.017279442451079374,1.7279442451079374
2024-05-28,3840.25634765625,-0.013296607756030476,-1.3296607756030476
2024-05-29,3763.196533203125,-0.020066320442424512,-2.0066320442424512
2024-05-30,3746.849609375,-0.0043438931992773044,-0.43438931992773044
2024-05-31,3760.026611328125,0.0035168216840502087,0.35168216840502087
2024-06-01,3813.198974609375,0.014141485892959826,1.4141485892959826
2024-06-02,3780.89599609375,-0.00847135927884124,-0.847135927884124
2024-06-03,3766.38916015625,-0.0038368778068711418,-0.3836877806871142
2024-06-04,3812.515869140625,0.01224693121792586,1.224693121792586
2024-06-05,3864.260986328125,0.013572433260235606,1.3572433260235606
2024-06-06,3811.60595703125,-0.0136261576231963,-1.36261576231963
2024-06-07,3678.629150390625,-0.03488734358684775,-3.488734358684775
2024-06-08,3680.949951171875,0.0006308874002707299,0.06308874002707299
2024-06-09,3705.90380859375,0.006779189544245501,0.6779189544245501
2024-06-10,3666.717529296875,-0.010574014146293997,-1.0574014146293997
2024-06-11,3498.33056640625,-0.04592308012417712,-4.592308012417712
2024-06-12,3559.61767578125,0.01751895888957078,1.751895888957078
2024-06-13,3469.28125,-0.025378125970065946,-2.5378125970065946
2024-06-14,3480.27197265625,0.003168011430681794,0.3168011430681794
2024-06-15,3565.549560546875,0.024503138996214258,2.4503138996214258
2024-06-16,3620.5634765625,0.015429295002475696,1.5429295002475696
2024-06-17,3511.37890625,-0.03015678941117861,-3.015678941117861
2024-06-18,3483.681396484375,-0.007887929643914382,-0.7887929643914382
2024-06-19,3559.347412109375,0.021720130807989513,2.1720130807989513
2024-06-20,3511.0869140625,-0.013558805157003362,-1.3558805157003362
2024-06-21,3516.07568359375,0.0014208618736464285,0.14208618736464285
2024-06-22,3494.8134765625,-0.006047141456727134,-0.6047141456727134
2024-06-23,3418.61181640625,-0.02180421377772701,-2.180421377772701
2024-06-24,3350.25634765625,-0.019995095208515723,-1.9995095208515723
2024-06-25,3395.029052734375,0.013363963957398806,1.3363963957398806
2024-06-26,3369.477294921875,-0.007526226555239823,-0.7526226555239823
2024-06-27,3444.800537109375,0.0223545777563241,2.23545777563241
2024-06-28,3373.635986328125,-0.02065854031739267,-2.065854031739267
2024-06-29,3372.9677734375,-0.00019806905467367741,-0.01980690546736774
2024-06-30,3432.88916015625,0.017765182101838528,1.7765182101838528
2024-07-01,3440.341552734375,0.0021708806286613314,0.21708806286613314
2024-07-02,3416.354736328125,-0.0069722194841920215,-0.6972219484192022
2024-07-03,3292.916748046875,-0.03613149037734886,-3.6131490377348863
2024-07-04,3054.52197265625,-0.07239623520151972,-7.239623520151972
2024-07-05,2981.5986328125,-0.023873895979977133,-2.3873895979977133
2024-07-06,3069.3779296875,0.029440346500360093,2.9440346500360093
2024-07-07,2929.38720703125,-0.045608825587177826,-4.560882558717783
2024-07-08,3018.73193359375,0.03049945952793487,3.049945952793487
2024-07-09,3064.032958984375,0.015006640664742665,1.5006640664742665
2024-07-10,3102.21875,0.01246259146908213,1.246259146908213
2024-07-11,3100.330810546875,-0.0006085771524413364,-0.06085771524413364
2024-07-12,3134.15869140625,0.010911055279745563,1.0911055279745563
2024-07-13,3177.19873046875,0.013732565354943382,1.3732565354943382
2024-07-14,3244.0791015625,0.021050106325543716,2.1050106325543716
2024-07-15,3489.552734375,0.0756682020158721,7.56682020158721
2024-07-16,3443.513427734375,-0.013193469233778732,-1.3193469233778732
2024-07-17,3388.75244140625,-0.0159026492788078,-1.59026492788078
2024-07-18,3426.258544921875,0.011067820433664055,1.1067820433664055
2024-07-19,3505.73486328125,0.023196240831611536,2.3196240831611536
2024-07-20,3519.29541015625,0.003868103950767088,0.3868103950767088
2024-07-21,3536.60546875,0.0049186148294897425,0.49186148294897425
2024-07-22,3440.419921875,-0.027197137968854812,-2.719713796885481
2024-07-23,3481.995849609375,0.012084550339342526,1.2084550339342526
2024-07-24,3336.33935546875,-0.04183132330756956,-4.183132330756956
2024-07-25,3174.42724609375,-0.04852986825503891,-4.852986825503891
2024-07-26,3275.951416015625,0.031981885880926875,3.1981885880926875
2024-07-27,3247.60791015625,-0.008651992126869734,-0.8651992126869734
2024-07-28,3271.464599609375,0.007345926636807887,0.7345926636807887
2024-07-29,3320.539306640625,0.015000836945357587,1.5000836945357587
2024-07-30,3278.667724609375,-0.012609873928464688,-1.2609873928464688
2024-07-31,3231.295654296875,-0.01444857310697567,-1.444857310697567
2024-08-01,3201.564453125,-0.009201015429318393,-0.9201015429318393
2024-08-02,2986.01318359375,-0.06732685619396284,-6.732685619396284
2024-08-03,2903.3857421875,-0.02767149249716494,-2.767149249716494
2024-08-04,2686.39892578125,-0.07473578631090383,-7.473578631090383
2024-08-05,2417.206298828125,-0.10020575290203382,-10.020575290203382
2024-08-06,2458.723876953125,0.01717585219975959,1.717585219975959
2024-08-07,2336.58935546875,-0.049673947786168404,-4.967394778616841
2024-08-08,2683.352783203125,0.14840580649003665,14.840580649003666
2024-08-09,2599.5986328125,-0.03121250061300085,-3.121250061300085
2024-08-10,2610.02294921875,0.004009971491242048,0.4009971491242048
2024-08-11,2553.252197265625,-0.021751054706288353,-2.1751054706288353
2024-08-12,2724.431884765625,0.0670437834865365,6.70437834865365
2024-08-13,2703.671875,-0.007619940833063277,-0.7619940833063277
2024-08-14,2662.914794921875,-0.015074713930707695,-1.5074713930707695
2024-08-15,2570.087646484375,-0.03485922591835067,-3.4859225918350667
2024-08-16,2593.1865234375,0.008987583355268836,0.8987583355268836
2024-08-17,2614.546875,0.008237105726658145,0.8237105726658145
2024-08-18,2613.357177734375,-0.00045503000041835495,-0.045503000041835495
2024-08-19,2637.306396484375,0.009164158253623267,0.9164158253623267
2024-08-20,2573.10693359375,-0.024342815448445854,-2.4342815448445854
2024-08-21,2631.3955078125,0.02265299333570292,2.265299333570292
2024-08-22,2622.951416015625,-0.003208978571182075,-0.3208978571182075
2024-08-23,2764.447021484375,0.05394518732020126,5.394518732020126
2024-08-24,2769.3896484375,0.0017879260896347393,0.17879260896347393
2024-08-25,2749.15771484375,-0.007305556877908126,-0.7305556877908126
2024-08-26,2681.340576171875,-0.024668333251928187,-2.4668333251928187
2024-08-27,2458.7265625,-0.08302340092495786,-8.302340092495786
2024-08-28,2528.41552734375,0.02834351973360194,2.834351973360194
2024-08-29,2528.792724609375,0.00014918325787260933,0.014918325787260933
2024-08-30,2525.822021484375,-0.0011747515310726042,-0.11747515310726042
2024-08-31,2513.393798828125,-0.004920466505769938,-0.4920466505769938
2024-09-01,2427.90234375,-0.034014349489517204,-3.4014349489517204
2024-09-02,2538.187255859375,0.04542394894641233,4.542394894641233
2024-09-03,2420.603759765625,-0.04632577672207194,-4.632577672207194
2024-09-04,2448.97705078125,0.011721576032903469,1.172157603290347
2024-09-05,2367.737548828125,-0.03317283105091118,-3.317283105091118
2024-09-06,2223.87646484375,-0.06075888100671323,-6.075888100671323
2024-09-07,2274.107177734375,0.022587006825558698,2.2587006825558698
2024-09-08,2297.29296875,0.010195557730363625,1.0195557730363625
2024-09-09,2358.482177734375,0.026635352920471922,2.663535292047192
2024-09-10,2389.5810546875,0.013185970725884122,1.3185970725884122
2024-09-11,2339.841552734375,-0.020815155801287455,-2.0815155801287455
2024-09-12,2361.78173828125,0.009376782595058808,0.9376782595058808
2024-09-13,2441.607177734375,0.03379882152498004,3.379882152498004
2024-09-14,2418.595703125,-0.009424724345186375,-0.9424724345186375
2024-09-15,2320.897216796875,-0.04039471590968735,-4.039471590968735
2024-09-16,2295.28369140625,-0.011036044683605084,-1.1036044683605084
2024-09-17,2341.707763671875,0.020225853753695455,2.0225853753695455
2024-09-18,2369.72900390625,0.011966155926492306,1.1966155926492306
2024-09-19,2464.752197265625,0.04009875947956032,4.009875947956032
2024-09-20,2561.072021484375,0.039078907942797114,3.9078907942797114
2024-09-21,2615.857177734375,0.021391493792606076,2.1391493792606076
2024-09-22,2582.862548828125,-0.012613314361003103,-1.2613314361003103
2024-09-23,2648.54638671875,0.025430636221980274,2.5430636221980274
2024-09-24,2654.35498046875,0.0021931251720292977,0.21931251720292977
2024-09-25,2579.388671875,-0.028242759218479185,-2.8242759218479185
2024-09-26,2632.199951171875,0.020474339471486358,2.047433947148636
2024-09-27,2695.900634765625,0.024200548885121798,2.4200548885121798
2024-09-28,2677.5390625,-0.006810923232421495,-0.6810923232421495
2024-09-29,2659.346923828125,-0.006794350426726936,-0.6794350426726936
2024-09-30,2603.062744140625,-0.021164662339909768,-2.1164662339909768
2024-10-01,2448.921142578125,-0.059215476810716816,-5.921547681071681
2024-10-02,2365.231689453125,-0.03417400898294953,-3.4174008982949533
2024-10-03,2349.791259765625,-0.006528083382423278,-0.6528083382423278
2024-10-04,2414.7939453125,0.027663174452933648,2.7663174452933648
2024-10-05,2415.6318359375,0.0003469822452661919,0.03469822452661919
2024-10-06,2439.957763671875,0.010070213255379601,1.00702132553796
2024-10-07,2421.796630859375,-0.0074432160600884645,-0.7443216060088464
2024-10-08,2439.8408203125,0.007450745129958358,0.7450745129958358
2024-10-09,2368.283447265625,-0.029328705566008972,-2.9328705566008972
2024-10-10,2383.85791015625,0.0065762664129611625,0.6576266412961163
2024-10-11,2436.513427734375,0.022088362462288513,2.2088362462288513
2024-10-12,2476.523193359375,0.016420909144015505,1.6420909144015505
2024-10-13,2467.677001953125,-0.00357202041554483,-0.357202041554483
2024-10-14,2628.89990234375,0.06533387483978648,6.533387483978648
2024-10-15,2606.02197265625,-0.00870247272142377,-0.8702472721423771
2024-10-16,2611.10205078125,0.0019493612019787498,0.19493612019787498
2024-10-17,2604.2734375,-0.0026152226716711358,-0.2615222671671136
2024-10-18,2641.55224609375,0.014314475606500121,1.431447560650012
2024-10-19,2648.656982421875,0.002689606589697968,0.2689606589697968
2024-10-20,2746.364013671875,0.03688927328017333,3.688927328017333
2024-10-21,2665.712158203125,-0.029366775513825272,-2.936677551382527
2024-10-22,2620.197509765625,-0.01707410468059689,-1.707410468059689
2024-10-23,2509.098876953125,-0.04240086191916037,-4.240086191916037
2024-10-24,2534.49853515625,0.010123020035770258,1.0123020035770258
2024-10-25,2435.93408203125,-0.03888913398757343,-3.888913398757343
2024-10-26,2479.603271484375,0.017927081761059283,1.7927081761059283
2024-10-27,2505.940673828125,0.01062161945285034,1.062161945285034
2024-10-28,2565.34814453125,0.02370665487957191,2.370665487957191
2024-10-29,2637.95751953125,0.02830390688093809,2.830390688093809
2024-10-30,2657.37255859375,0.007359875554762585,0.7359875554762585
2024-10-31,2515.79931640625,-0.05327564692788833,-5.327564692788833
2024-11-01,2511.885498046875,-0.001555695771857435,-0.1555695771857435
2024-11-02,2491.068603515625,-0.00828735806127956,-0.8287358061279559
2024-11-03,2456.42529296875,-0.013907007819047301,-1.3907007819047301
2024-11-04,2397.0263671875,-0.024181043059307794,-2.4181043059307794
2024-11-05,2422.650634765625,0.010690023242502233,1.0690023242502233
2024-11-06,2724.169189453125,0.12445812465100636,12.445812465100637
2024-11-07,2895.58544921875,0.06292423408548897,6.292423408548897
2024-11-08,2962.296630859375,0.023038926949513483,2.3038926949513483
2024-11-09,3131.14453125,0.05699898471735465,5.699898471735465
2024-11-10,3191.331298828125,0.01922197042565066,1.9221970425650658
2024-11-11,3374.81298828125,0.05749377681988088,5.749377681988088
2024-11-12,3246.25732421875,-0.0380926778784183,-3.80926778784183
2024-11-13,3192.595947265625,-0.016530228997185037,-1.6530228997185037
2024-11-14,3058.94873046875,-0.041861613246530704,-4.186161324653071
2024-11-15,3103.04052734375,0.014414035918883572,1.4414035918883572
2024-11-16,3133.27392578125,0.00974315294018413,0.974315294018413
2024-11-17,3075.66162109375,-0.01838725437104416,-1.838725437104416
2024-11-18,3207.8564453125,0.04298093890177013,4.298093890177013
2024-11-19,3111.384033203125,-0.030073793436219964,-3.0073793436219964
2024-11-20,3072.18798828125,-0.012597623598885388,-1.2597623598885388
2024-11-21,3361.053955078125,0.09402613638837987,9.402613638837988
2024-11-22,3331.600830078125,-0.008763062239896535,-0.8763062239896535
2024-11-23,3396.223388671875,0.019396849109391878,1.9396849109391878
2024-11-24,3363.659912109375,-0.009588143309746888,-0.9588143309746888
2024-11-25,3413.5439453125,0.01483028442427825,1.483028442427825
2024-11-26,3326.517333984375,-0.0254945044570557,-2.54945044570557
2024-11-27,3657.249267578125,0.09942287996365606,9.942287996365607
2024-11-28,3579.8115234375,-0.021173767078749073,-2.1173767078749073
2024-11-29,3593.494384765625,0.003822229533186672,0.3822229533186672
2024-11-30,3705.705322265625,0.03122613408711894,3.122613408711894
2024-12-01,3711.1650390625,0.0014733272945559595,0.14733272945559595
2024-12-02,3644.198486328125,-0.018044617264257212,-1.8044617264257212
2024-12-03,3620.711669921875,-0.0064449882448404106,-0.644498824484041
2024-12-04,3841.3310546875,0.06093260244895049,6.093260244895049
2024-12-05,3811.00830078125,-0.007893814272854183,-0.7893814272854183
2024-12-06,4005.810546875,0.051115670898385535,5.1115670898385535
2024-12-07,4002.692626953125,-0.0007783493216640958,-0.07783493216640958
2024-12-08,4005.70458984375,0.0007524841828581152,0.07524841828581152
2024-12-09,3718.6904296875,-0.07165135464156769,-7.165135464156769
2024-12-10,3631.833740234375,-0.02335679484361486,-2.335679484361486
2024-12-11,3832.822021484375,0.055340716460503314,5.534071646050331
2024-12-12,3883.1015625,0.013118151777930187,1.3118151777930187
2024-12-13,3911.205322265625,0.007237451638409276,0.7237451638409276
2024-12-14,3868.4052734375,-0.010942930708463194,-1.0942930708463194
2024-12-15,3951.941162109375,0.02159439944037822,2.159439944037822
2024-12-16,3987.48095703125,0.00899299697642908,0.899299697642908
2024-12-17,3886.76611328125,-0.02525776168846805,-2.525776168846805
2024-12-18,3618.791259765625,-0.06894545380539963,-6.894545380539963
2024-12-19,3417.927978515625,-0.05550562793804503,-5.550562793804503
2024-12-20,3472.553466796875,0.015982047785855658,1.5982047785855658
2024-12-21,3337.222412109375,-0.038971625917780583,-3.8971625917780583
2024-12-22,3277.53515625,-0.01788530954448675,-1.788530954448675
2024-12-23,3415.785400390625,0.042181162840310815,4.2181162840310815
2024-12-24,3492.0498046875,0.022327047913535125,2.2327047913535125
2024-12-25,3493.2353515625,0.00033949884489303805,0.033949884489303805
2024-12-26,3331.225830078125,-0.04637807223950974,-4.637807223950974
2024-12-27,3328.9169921875,-0.000693089573747363,-0.0693089573747363
2024-12-28,3397.90234375,0.02072306150150305,2.072306150150305
2024-12-29,3349.513427734375,-0.014240820106154684,-1.4240820106154684
2024-12-30,3356.392578125,0.0020537760301735375,0.20537760301735375
2024-12-31,3332.53173828125,-0.0071090729967826505,-0.710907299678265
2025-01-01,3353.504150390625,0.006293237021109732,0.6293237021109732
2025-01-02,3451.392578125,0.029189893122086197,2.9189893122086197
2025-01-03,3605.009765625,0.04450875524089293,4.450875524089293
2025-01-04,3657.706787109375,0.014617719482165947,1.4617719482165947
2025-01-05,3634.103759765625,-0.006452957745802013,-0.6452957745802013
2025-01-06,3688.611328125,0.01499890260780301,1.499890260780301
2025-01-07,3381.577392578125,-0.08323835401301194,-8.323835401301194
2025-01-08,3326.329345703125,-0.016337951334858714,-1.6337951334858714
2025-01-09,3219.4306640625,-0.03213713091240178,-3.213713091240178
2025-01-10,3267.489990234375,0.014927896012281394,1.4927896012281394
2025-01-11,3282.2177734375,0.004507369034684849,0.45073690346848494
2025-01-12,3265.951171875,-0.004955978757455792,-0.49559787574557923
2025-01-13,3135.499755859375,-0.03994285558798849,-3.994285558798849
2025-01-14,3223.6845703125,0.028124644018336253,2.8124644018336253
2025-01-15,3450.53759765625,0.07037072715887938,7.037072715887938
2025-01-16,3308.34521484375,-0.041208762051769265,-4.120876205176927
2025-01-17,3474.107177734375,0.05010419171097702,5.010419171097702
2025-01-18,3305.78955078125,-0.0484491750950794,-4.84491750950794
2025-01-19,3208.96435546875,-0.02928958236001966,-2.928958236001966
2025-01-20,3278.035400390625,0.02152440391061483,2.152440391061483
2025-01-21,3327.40625,0.015061109347230373,1.5061109347230373
2025-01-22,3240.224609375,-0.026201080984625813,-2.6201080984625813
2025-01-23,3334.714111328125,0.029161404946970837,2.9161404946970837
2025-01-24,3309.554931640625,-0.007544628669076459,-0.7544628669076459
2025-01-25,3317.26953125,0.0023310081774501334,0.23310081774501334
2025-01-26,3236.13427734375,-0.02445844485711024,-2.445844485711024
2025-01-27,3178.92041015625,-0.017679695057172262,-1.7679695057172262
2025-01-28,3077.112548828125,-0.0320259233300908,-3.20259233300908
2025-01-29,3112.9990234375,0.011662386097330613,1.1662386097330613
2025-01-30,3247.780029296875,0.0432961927853559,4.32961927853559
2025-01-31,3298.26513671875,0.015544497153892722,1.5544497153892722
2025-02-01,3118.32861328125,-0.05455489961504678,-5.455489961504679
2025-02-02,2868.69287109375,-0.08005434100956466,-8.005434100956466
2025-02-03,2884.566650390625,0.005533453740142802,0.5533453740142802
2025-02-04,2735.05126953125,-0.05183287439003281,-5.183287439003282
2025-02-05,2787.779052734375,0.01927853557646908,1.927853557646908
2025-02-06,2688.40087890625,-0.035647794157377954,-3.5647794157377954
2025-02-07,2622.211181640625,-0.024620471517087794,-2.4620471517087794
2025-02-08,2632.308349609375,0.0038506311160004802,0.385063111600048
2025-02-09,2628.72119140625,-0.0013627424019899692,-0.13627424019899692
2025-02-10,2661.166748046875,0.0123427150611084,1.23427150611084
2025-02-11,2602.781982421875,-0.02193953673434812,-2.193953673434812
2025-02-12,2736.902099609375,0.051529524214203315,5.1529524214203315
2025-02-13,2675.902587890625,-0.022287794557012575,-2.2287794557012575
2025-02-14,2726.091552734375,0.018755901306300338,1.8755901306300338
2025-02-15,2693.559814453125,-0.011933472391497446,-1.1933472391497446
2025-02-16,2663.31591796875,-0.011228225310643603,-1.1228225310643603
2025-02-17,2743.19970703125,0.029994109419593684,2.9994109419593684
2025-02-18,2669.3388671875,-0.026925068435387,-2.6925068435387
2025-02-19,2715.77099609375,0.017394617624989728,1.7394617624989728
2025-02-20,2740.386474609375,0.009063900656951951,0.9063900656951951
2025-02-21,2659.655517578125,-0.029459697666460616,-2.9459697666460616
2025-02-22,2764.029296875,0.039243345090012705,3.9243345090012705
2025-02-23,2821.310302734375,0.020723733255699095,2.0723733255699095
2025-02-24,2513.8212890625,-0.10898801644535905,-10.898801644535904
2025-02-25,2493.592529296875,-0.008047015853369976,-0.8047015853369976
2025-02-26,2331.45263671875,-0.06502260921668868,-6.502260921668867
2025-02-27,2305.484375,-0.01113823258073876,-1.113823258073876
2025-02-28,2237.9052734375,-0.029312322518993406,-2.9312322518993406
2025-03-01,2216.643310546875,-0.009500832382402846,-0.9500832382402846
2025-03-02,2519.694580078125,0.13671629895947635,13.671629895947635
2025-03-03,2145.573974609375,-0.14847855308604507,-14.847855308604508
2025-03-04,2170.01513671875,0.011391432967872817,1.1391432967872817
2025-03-05,2241.977294921875,0.03316205356610458,3.3162053566104577
2025-03-06,2202.476806640625,-0.017618594251921915,-1.7618594251921915
2025-03-07,2138.987548828125,-0.02882630029114286,-2.882630029114286
2025-03-08,2201.51025390625,0.029230046295678047,2.9230046295678047
2025-03-09,2015.5091552734375,-0.08448795471326165,-8.448795471326164
2025-03-10,1861.1513671875,-0.07658500963990722,-7.658500963990722
2025-03-11,1919.844970703125,0.031536179458804936,3.1536179458804936
2025-03-12,1908.982666015625,-0.005657907202539225,-0.5657907202539225
2025-03-13,1862.9696044921875,-0.024103446480985946,-2.4103446480985946
2025-03-14,1909.467529296875,0.024959035666801466,2.4959035666801466
2025-03-15,1937.3946533203125,0.01462560823630299,1.462560823630299
2025-03-16,1887.43505859375,-0.025786999381329778,-2.578699938132978
2025-03-17,1927.0029296875,0.020963831795744126,2.0963831795744126
2025-03-18,1932.54345703125,0.002875204421535882,0.2875204421535882
2025-03-19,2057.7490234375,0.06478796942480636,6.478796942480636
2025-03-20,1982.099853515625,-0.03676306928602102,-3.676306928602102
2025-03-21,1964.8475341796875,-0.008704061657306195,-0.8704061657306195
2025-03-22,1980.037841796875,0.007731036303297412,0.7731036303297412
2025-03-23,2005.2991943359375,0.012758015026691494,1.2758015026691494
2025-03-24,2077.47900390625,0.035994533770415726,3.5994533770415726
2025-03-25,2067.76416015625,-0.004676265671871183,-0.46762656718711826
2025-03-26,2009.1893310546875,-0.028327615997143618,-2.832761599714362
2025-03-27,2002.357421875,-0.003400331205273277,-0.3400331205273277
2025-03-28,1895.5029296875,-0.05336434495667708,-5.336434495667708
2025-03-29,1827.3203125,-0.03597072635426679,-3.597072635426679
2025-03-30,1806.2186279296875,-0.01154788485957492,-1.154788485957492
2025-03-31,1823.47998046875,0.009556624138489678,0.9556624138489678
2025-04-01,1905.491455078125,0.044975253629213396,4.49752536292134
2025-04-02,1795.313232421875,-0.05782142048584138,-5.782142048584138
2025-04-03,1815.63720703125,0.011320573057860273,1.1320573057860273
2025-04-04,1815.335205078125,-0.00016633386447217902,-0.0166333864472179
2025-04-05,1805.9732666015625,-0.0051571403729591125,-0.5157140372959113
2025-04-06,1576.72802734375,-0.12693722742042624,-12.693722742042624
2025-04-07,1555.240966796875,-0.013627626435405826,-1.3627626435405826
2025-04-08,1472.5531005859375,-0.05316723773116572,-5.316723773116571
2025-04-09,1668.0400390625,0.1327537447707503,13.27537447707503
2025-04-10,1522.518798828125,-0.08724085563087758,-8.724085563087758
2025-04-11,1567.1497802734375,0.02931391157840868,2.931391157840868
2025-04-12,1643.528564453125,0.04873738626716384,4.873738626716384
2025-04-13,1596.685791015625,-0.028501344272703122,-2.850134427270312
2025-04-14,1622.7698974609375,0.016336405441875312,1.6336405441875312
2025-04-15,1588.6324462890625,-0.021036532181973544,-2.1036532181973544
2025-04-16,1578.1053466796875,-0.00662651680945181,-0.662651680945181
2025-04-17,1582.54833984375,0.002815397066748826,0.2815397066748826
2025-04-18,1588.9246826171875,0.004029161456178265,0.4029161456178265
2025-04-19,1612.9228515625,0.015103402450633574,1.5103402450633574
2025-04-20,1587.5142822265625,-0.01575312130479345,-1.575312130479345
2025-04-21,1579.7344970703125,-0.004900607977736393,-0.4900607977736393
2025-04-22,1757.3316650390625,0.11242216226721125,11.242216226721125
2025-04-23,1796.104248046875,0.022063326905880754,2.2063326905880754
2025-04-24,1769.8316650390625,-0.014627537926254486,-1.4627537926254486
2025-04-25,1786.634521484375,0.009494042160750782,0.9494042160750782
2025-04-26,1821.881103515625,0.019727919508667258,1.9727919508667258
2025-04-27,1792.864990234375,-0.015926458222360718,-1.5926458222360718
2025-04-28,1798.851806640625,0.0033392455309573243,0.33392455309573243
2025-04-29,1799.1756591796875,0.00018003291759050022,0.018003291759050022
2025-04-30,1793.775390625,-0.0030015237962643937,-0.30015237962643937
2025-05-01,1839.2215576171875,0.025335483600515296,2.5335483600515296
2025-05-02,1842.7078857421875,0.0018955454880142941,0.1895545488014294
2025-05-03,1833.8397216796875,-0.004812571830357215,-0.4812571830357215
2025-05-04,1808.59423828125,-0.013766461212495806,-1.3766461212495806
2025-05-05,1819.697509765625,0.006139172208646793,0.6139172208646793
2025-05-06,1815.0875244140625,-0.0025333800408158247,-0.25333800408158247
2025-05-07,1811.606689453125,-0.0019177229274721652,-0.19177229274721652
2025-05-08,2206.5146484375,0.2179876908621854,21.798769086218538
2025-05-09,2345.50732421875,0.0629919569669184,6.299195696691839
2025-05-10,2582.422607421875,0.10100811912068441,10.10081191206844
2025-05-11,2510.23779296875,-0.027952363120453683,-2.7952363120453683
2025-05-12,2496.397705078125,-0.005513456904119418,-0.5513456904119418
2025-05-13,2680.129638671875,0.0735988233044782,7.35988233044782
2025-05-14,2610.063232421875,-0.02614291683469505,-2.614291683469505
2025-05-15,2546.85693359375,-0.02421638604114429,-2.421638604114429
2025-05-16,2536.297607421875,-0.004146022508211833,-0.4146022508211833
2025-05-17,2475.75439453125,-0.023870705359441913,-2.3870705359441913
2025-05-18,2498.233642578125,0.009079756900171487,0.9079756900171487
2025-05-19,2529.166748046875,0.01238199059589462,1.238199059589462
2025-05-20,2524.173095703125,-0.001974425904344268,-0.1974425904344268
2025-05-21,2552.34716796875,0.011161703733228778,1.1161703733228778
2025-05-22,2664.156982421875,0.04380666386466037,4.380666386466037
2025-05-23,2526.44189453125,-0.051691806751355096,-5.169180675135509
2025-05-24,2530.646240234375,0.001664137106111907,0.1664137106111907
2025-05-25,2551.763916015625,0.008344775909608915,0.8344775909608915
2025-05-26,2564.138427734375,0.004849395212889407,0.4849395212889407
2025-05-27,2663.06982421875,0.03858270497969518,3.858270497969518
2025-05-28,2682.212890625,0.007188345657390238,0.7188345657390238
2025-05-29,2632.65478515625,-0.01847657419064974,-1.8476574190649742
2025-05-30,2529.943603515625,-0.039014299261621144,-3.9014299261621144
2025-05-31,2529.08740234375,-0.00033842697943353706,-0.033842697943353706
2025-06-01,2536.266357421875,0.002838555548326349,0.2838555548326349
2025-06-02,2607.097412109375,0.027927293393387842,2.792729339338784
2025-06-03,2593.2802734375,-0.005299816803046031,-0.5299816803046031
2025-06-04,2608.64306640625,0.005924077364914293,0.5924077364914293
2025-06-05,2416.28564453125,-0.07373849813037003,-7.373849813037003
2025-06-06,2477.19482421875,0.02520777285804554,2.520777285804554
2025-06-07,2526.50537109375,0.019905800865118284,1.9905800865118284
2025-06-08,2510.787109375,-0.006221345063654238,-0.6221345063654238
2025-06-09,2681.51708984375,0.06799858890117094,6.799858890117094
2025-06-10,2813.517578125,0.049226047740363876,4.922604774036388
2025-06-11,2773.529296875,-0.01421291324458307,-1.421291324458307
2025-06-12,2651.795166015625,-0.04389141697422694,-4.389141697422694
2025-06-13,2579.486083984375,-0.02726797414745119,-2.726797414745119
2025-06-14,2533.444091796875,-0.017849288846087386,-1.7849288846087386
2025-06-15,2546.837158203125,0.005286505610925474,0.5286505610925474
2025-06-16,2540.60498046875,-0.0024470263889081467,-0.24470263889081467
2025-06-17,2510.761474609375,-0.011746613932036243,-1.1746613932036243
2025-06-18,2524.301513671875,0.005392801825034654,0.5392801825034654
2025-06-19,2521.653564453125,-0.0010489829382142046,-0.10489829382142046
2025-06-20,2407.30419921875,-0.04534697662134013,-4.534697662134013
2025-06-21,2300.49560546875,-0.04436854876282892,-4.436854876282892
2025-06-22,2228.213134765625,-0.031420390689421374,-3.1420390689421374
2025-06-23,2421.824951171875,0.0868910668308287,8.68910668308287
2025-06-24,2448.0087890625,0.01081161455453472,1.081161455453472
2025-06-25,2419.310302734375,-0.011723195789307361,-1.1723195789307361
2025-06-26,2416.146728515625,-0.0013076347482894324,-0.13076347482894324
2025-06-27,2423.866943359375,0.0031952591093227234,0.31952591093227234
2025-06-28,2437.109375,0.00546334924732772,0.546334924732772
2025-06-29,2500.9599609375,0.02619931078698512,2.619931078698512
2025-06-30,2486.46435546875,-0.005796016607685361,-0.5796016607685361
2025-07-01,2405.792724609375,-0.032444314225516746,-3.2444314225516746
2025-07-02,2571.33544921875,0.06881005288444131,6.881005288444131
2025-07-03,2591.00732421875,0.007650450666005781,0.7650450666005781
2025-07-04,2508.518310546875,-0.03183665785149692,-3.183665785149692
2025-07-05,2517.280029296875,0.003492786444157847,0.3492786444157847
2025-07-06,2571.236572265625,0.021434461935417204,2.1434461935417204
2025-07-07,2543.01318359375,-0.010976581842489175,-1.0976581842489175
2025-07-08,2615.505859375,0.028506606355380493,2.8506606355380493
2025-07-09,2770.777587890625,0.05936584999764771,5.936584999764771
2025-07-10,2954.84521484375,0.06643175827521208,6.643175827521208
2025-07-11,2957.88623046875,0.0010291624108509367,0.10291624108509367
2025-07-12,2942.91162109375,-0.005062604917237423,-0.5062604917237423
2025-07-13,2973.35888671875,0.010345966697322684,1.0345966697322684
2025-07-14,3013.350830078125,0.013450089573111779,1.3450089573111779
2025-07-15,3139.8896484375,0.04199272686615596,4.199272686615596
2025-07-16,3371.5068359375,0.07376602792880305,7.376602792880305
2025-07-17,3476.784423828125,0.03122567831346279,3.122567831346279
2025-07-18,3549.016357421875,0.020775499653849394,2.0775499653849394
2025-07-19,3595.273681640625,0.013033843623181607,1.3033843623181607
2025-07-20,3759.471435546875,0.04567044638207407,4.567044638207407
2025-07-21,3763.371337890625,0.0010373538968471152,0.10373538968471152
2025-07-22,3749.1455078125,-0.0037800761075303946,-0.37800761075303946
2025-07-23,3629.70361328125,-0.03185843128317001,-3.185843128317001
2025-07-24,3708.005615234375,0.021572560819185016,2.1572560819185016
2025-07-25,3727.266845703125,0.005194498732584263,0.5194498732584263
2025-07-26,3741.39599609375,0.0037907536475187964,0.37907536475187964
2025-07-27,3875.24658203125,0.03577557309550983,3.5775573095509827
2025-07-28,3787.42578125,-0.022661990384936437,-2.2661990384936437
2025-07-29,3793.454833984375,0.0015918602984175134,0.15918602984175134
2025-07-30,3808.20166015625,0.0038874395023140718,0.3887439502314072
2025-07-31,3696.707763671875,-0.029277308933214563,-2.9277308933214563
2025-08-01,3488.365966796875,-0.05635874139752328,-5.635874139752328
2025-08-02,3392.7412109375,-0.027412478154400954,-2.7412478154400954
2025-08-03,3497.379150390625,0.030841709681774132,3.084170968177413
2025-08-04,3718.986083984375,0.06336371438852972,6.336371438852972
2025-08-05,3611.8994140625,-0.028794587423448093,-2.8794587423448093
2025-08-06,3683.920654296875,0.01993999056395901,1.993999056395901
2025-08-07,3914.325927734375,0.06254349511267532,6.254349511267532
2025-08-08,4009.848876953125,0.02440342244929994,2.440342244929994
2025-08-09,4263.59912109375,0.06328174749903215,6.328174749903215
2025-08-10,4254.2177734375,-0.0022003353011864624,-0.22003353011864624
2025-08-11,4226.966796875,-0.006405637420032861,-0.6405637420032861
2025-08-12,4590.9248046875,0.08610382463415012,8.61038246341501
2025-08-13,4756.27587890625,0.036016942392504525,3.6016942392504525
2025-08-14,4548.16650390625,-0.04375468965602913,-4.375468965602913
2025-08-15,4439.98876953125,-0.023784910750758614,-2.3784910750758614
2025-08-16,4426.18017578125,-0.0031100515039045318,-0.3110051503904532
2025-08-17,4473.271484375,0.010639266076744924,1.0639266076744924
2025-08-18,4312.5048828125,-0.03593937951766457,-3.593937951766457
2025-08-19,4073.464111328125,-0.055429681352263005,-5.5429681352263005
2025-08-20,4334.50048828125,0.06408215951312646,6.408215951312646
2025-08-21,4223.2099609375,-0.025675513855549226,-2.5675513855549226
2025-08-22,4831.3486328125,0.14399915644733907,14.399915644733907
2025-08-23,4776.09033203125,-0.011437448418844975,-1.1437448418844975
2025-08-24,4779.6474609375,0.0007447783980119027,0.07447783980119027
2025-08-25,4372.98779296875,-0.08508151935728459,-8.508151935728458
2025-08-26,4600.4267578125,0.05200997021062914,5.200997021062914
2025-08-27,4503.39306640625,-0.021092323933093016,-2.1092323933093016
2025-08-28,4507.177734375,0.0008404036496352241,0.08404036496352241
2025-08-29,4360.15283203125,-0.032620169651272346,-3.2620169651272346
2025-08-30,4374.1533203125,0.0032110086092389523,0.3211008609238952
2025-08-31,4390.01904296875,0.0036271528440883216,0.36271528440883216
2025-09-01,4314.47021484375,-0.017209225605980594,-1.7209225605980594
2025-09-02,4325.36572265625,0.002525340834435452,0.2525340834435452
2025-09-03,4450.38916015625,0.028904708992612438,2.890470899261244
2025-09-04,4298.744140625,-0.03407455260068215,-3.407455260068215
2025-09-05,4306.98876953125,0.00191791570666755,0.191791570666755
2025-09-06,4274.2421875,-0.007603126867408605,-0.7603126867408605
2025-09-07,4305.34765625,0.007277423081211376,0.7277423081211376
2025-09-08,4308.072265625,0.0006328430576436617,0.06328430576436617
2025-09-09,4309.04150390625,0.00022498189944109015,0.022498189944109015
2025-09-10,4349.14599609375,0.009307056372314992,0.9307056372314992
2025-09-11,4461.2333984375,0.025772278613875654,2.5772278613875654
2025-09-12,4715.24609375,0.05693777317310178,5.693777317310178
2025-09-13,4668.1796875,-0.009981749693273922,-0.9981749693273922
2025-09-14,4609.59765625,-0.012549223717087221,-1.2549223717087221
2025-09-15,4526.8203125,-0.0179576071325368,-1.7957607132536801
2025-09-16,4503.564453125,-0.005137349788500112,-0.5137349788500112
2025-09-17,4592.7333984375,0.019799637873646025,1.9799637873646025
2025-09-18,4589.9189453125,-0.0006128056825500661,-0.06128056825500661
2025-09-19,4470.9169921875,-0.025926809284188335,-2.5926809284188335
2025-09-20,4482.265625,0.002538323308692858,0.2538323308692858
2025-09-21,4451.3291015625,-0.006901983511407805,-0.6901983511407805
2025-09-22,4202.87744140625,-0.055815163176552995,-5.5815163176553
2025-09-23,4165.50390625,-0.008892368544476281,-0.8892368544476281
2025-09-24,4153.46923828125,-0.0028891265593804505,-0.28891265593804505
2025-09-25,3868.333984375,-0.0686499014554498,-6.86499014554498
2025-09-26,4035.887939453125,0.043314242191835106,4.331424219183511
2025-09-27,4018.658203125,-0.004269131498844225,-0.4269131498844225
2025-09-28,4141.4765625,0.03056203169493088,3.056203169493088
2025-09-29,4217.341796875,0.018318402441761972,1.8318402441761972
2025-09-30,4145.95751953125,-0.016926367551390986,-1.6926367551390986
2025-10-01,4351.1123046875,0.04948308905476795,4.948308905476795
2025-10-02,4487.923828125,0.03144288491246505,3.1442884912465052
2025-10-03,4514.87060546875,0.006004285806920251,0.6004285806920251
2025-10-04,4489.197265625,-0.005686395488865736,-0.5686395488865736
2025-10-05,4515.4228515625,0.005841932173111797,0.5841932173111797
2025-10-06,4687.771484375,0.0381688799649984,3.8168879964998403
2025-10-07,4451.15185546875,-0.05047593076900958,-5.047593076900958
2025-10-08,4527.64794921875,0.017185685016793073,1.7185685016793073
2025-10-09,4369.1435546875,-0.03500810935589638,-3.5008109355896377
2025-10-10,3843.0087890625,-0.12042057191289324,-12.042057191289324
2025-10-11,3750.611572265625,-0.02404293663335999,-2.404293663335999
2025-10-12,4164.427734375,0.11033298280456205,11.033298280456204
2025-10-13,4245.4677734375,0.01946006611990403,1.946006611990403
2025-10-14,4125.412109375,-0.028278547964407763,-2.8278547964407763
2025-10-15,3987.45947265625,-0.03343972264134598,-3.343972264134598
2025-10-16,3894.75439453125,-0.023249158708877005,-2.3249158708877005
2025-10-17,3832.558837890625,-0.015969057439913503,-1.5969057439913503
2025-10-18,3890.34619140625,0.015078008181977465,1.5078008181977465
2025-10-19,3984.649658203125,0.024240379173758653,2.4240379173758653
2025-10-20,3980.76025390625,-0.0009760969295927735,-0.09760969295927735
2025-10-21,3876.76416015625,-0.02612468149719649,-2.612468149719649
2025-10-22,3808.122314453125,-0.017705963754152787,-1.7705963754152787
2025-10-23,3856.0263671875,0.01257944172448533,1.257944172448533
2025-10-24,3934.5673828125,0.0203683813713873,2.03683813713873
2025-10-25,3953.470947265625,0.004804483597282472,0.4804483597282472
2025-10-26,4157.9892578125,0.051731330083082616,5.173133008308262
2025-10-27,4120.1220703125,-0.009107091228975794,-0.9107091228975794
2025-10-28,3982.262451171875,-0.03346008122768285,-3.3460081227682847
2025-10-29,3903.35302734375,-0.01981522433432381,-1.981522433432381
2025-10-30,3804.375244140625,-0.025357117972616416,-2.5357117972616416
2025-10-31,3847.080322265625,0.01122525392067275,1.122525392067275
2025-11-01,3874.18798828125,0.007046295825625215,0.7046295825625215
2025-11-02,3911.063232421875,0.009518186585722344,0.9518186585722344
2025-11-03,3602.30810546875,-0.0789440386423853,-7.89440386423853
2025-11-04,3292.574462890625,-0.08598199640611282,-8.59819964061128
2025-11-05,3425.171142578125,0.040271429297028094,4.027142929702809
2025-11-06,3312.2578125,-0.03296574838976807,-3.296574838976807
2025-11-07,3435.301025390625,0.037147836870148554,3.7147836870148554
2025-11-08,3400.3759765625,-0.01016651774327515,-1.016651774327515
2025-11-09,3582.621337890625,0.053595650182295396,5.35956501822954
2025-11-10,3568.4599609375,-0.003952797579624412,-0.3952797579624412
2025-11-11,3415.2822265625,-0.04292544572498369,-4.292544572498369
2025-11-12,3413.09423828125,-0.0006406464052173266,-0.06406464052173266
2025-11-13,3232.757080078125,-0.05283685290035778,-5.283685290035778
2025-11-14,3103.78564453125,-0.039895183075048135,-3.9895183075048135
2025-11-15,3166.63134765625,0.02024808099609965,2.024808099609965
2025-11-16,3092.847412109375,-0.023300450051277788,-2.330045005127779
2025-11-17,3024.538818359375,-0.02208598894421776,-2.208598894421776
2025-11-18,3122.97900390625,0.03254717213392322,3.254717213392322
2025-11-19,3023.07080078125,-0.031991314382848524,-3.1991314382848524
2025-11-20,2831.777587890625,-0.0632777812683677,-6.327778126836769
2025-11-21,2765.69921875,-0.023334590055091975,-2.3334590055091975
2025-11-22,2767.607421875,0.0006899532357182991,0.06899532357182991
2025-11-23,2801.676025390625,0.012309767363083646,1.2309767363083646
2025-11-24,2952.71337890625,0.05390964270915899,5.390964270915899
2025-11-25,2957.936279296875,0.0017688477411781367,0.17688477411781367
2025-11-26,3027.81201171875,0.023623136478952533,2.3623136478952533
2025-11-27,3014.542236328125,-0.0043826285579375845,-0.43826285579375845
2025-11-28,3032.304443359375,0.0058921738820569836,0.5892173882056984
2025-11-29,2991.685302734375,-0.013395469150188521,-1.3395469150188521
2025-11-30,2992.112548828125,0.0001428111751458072,0.014281117514580721
2025-12-01,2800.18896484375,-0.06414317003534598,-6.414317003534597
2025-12-02,2997.939697265625,0.07062049558248629,7.062049558248629
2025-12-03,3191.57177734375,0.06458838390069488,6.458838390069488
2025-12-04,3134.31640625,-0.01793955301277983,-1.793955301277983
2025-12-05,3024.432861328125,-0.03505821706537382,-3.505821706537382
2025-12-06,3040.207763671875,0.005215821632364781,0.5215821632364781
2025-12-07,3061.3017578125,0.0069383396729270075,0.6938339672927007
2025-12-08,3125.197998046875,0.02087224497595197,2.087224497595197
2025-12-09,3321.114990234375,0.0626894655346446,6.268946553464461
2025-12-10,3325.39013671875,0.0012872624094455443,0.12872624094455443
2025-12-11,3237.056884765625,-0.026563274780229462,-2.656327478022946
2025-12-12,3084.172607421875,-0.0472294070775402,-4.72294070775402
2025-12-13,3116.6953125,0.01054503402301843,1.054503402301843
2025-12-14,3060.5947265625,-0.018000022559953033,-1.8000022559953033
2025-12-15,2964.18310546875,-0.03150094334836495,-3.150094334836495
2025-12-16,2964.180908203125,-7.412718940891239e-07,-7.412718940891239e-05
2025-12-17,2831.403564453125,-0.04479394067431908,-4.479394067431908
2025-12-18,2827.069091796875,-0.001530856537254932,-0.1530856537254932
2025-12-19,2977.970703125,0.05337740480626607,5.337740480626607
2025-12-20,2977.58251953125,-0.00013035171680586544,-0.013035171680586544
2025-12-21,3001.61376953125,0.008070725107488519,0.8070725107488519
2025-12-22,3006.07373046875,0.0014858543703297755,0.14858543703297755
2025-12-23,2963.3740234375,-0.014204477620910372,-1.4204477620910372
2025-12-24,2945.590576171875,-0.006001080904730394,-0.6001080904730394
2025-12-25,2903.57958984375,-0.014262330504439258,-1.4262330504439258
2025-12-26,2925.74560546875,0.007634030664264602,0.7634030664264602
2025-12-27,2947.998291015625,0.0076058169600530245,0.7605816960053025
2025-12-28,2948.568115234375,0.0001932919094582708,0.01932919094582708
2025-12-29,2934.538330078125,-0.004758168917232131,-0.47581689172321306
2025-12-30,2971.416748046875,0.01256702548089339,1.256702548089339
2025-12-31,2967.03759765625,-0.0014737583994245407,-0.14737583994245407
2026-01-01,3000.394287109375,0.01124242223269234,1.124242223269234
2026-01-02,3124.422607421875,0.04133734051066695,4.133734051066695
2026-01-03,3125.91748046875,0.00047844777570227315,0.047844777570227315
2026-01-04,3140.71044921875,0.004732360608502573,0.47323606085025727
2026-01-05,3226.13037109375,0.027197643098951785,2.7197643098951785
2026-01-06,3295.94677734375,0.021640912864389295,2.1640912864389295
2026-01-07,3166.843994140625,-0.03917016624496916,-3.9170166244969162
2026-01-08,3104.382568359375,-0.01972355629036915,-1.9723556290369149
2026-01-09,3083.047119140625,-0.006872686838344633,-0.6872686838344633
2026-01-10,3082.39599609375,-0.00021119464663144072,-0.021119464663144072
2026-01-11,3118.88525390625,0.01183795263773435,1.183795263773435
2026-01-12,3092.3251953125,-0.008515881935856728,-0.8515881935856728
2026-01-13,3322.095458984375,0.07430339604003233,7.430339604003233
2026-01-14,3354.72265625,0.009821270239958713,0.9821270239958713
2026-01-15,3317.101318359375,-0.011214440579919382,-1.1214440579919382
2026-01-16,3295.482177734375,-0.006517479736100618,-0.6517479736100618
2026-01-17,3308.8642578125,0.004060735078022848,0.4060735078022848
2026-01-18,3281.15771484375,-0.0083734299173297,-0.83734299173297
2026-01-19,3186.62109375,-0.028811971050971552,-2.881197105097155
2026-01-20,2935.605712890625,-0.07877164352915944,-7.877164352915944
2026-01-21,2978.901123046875,0.014748373722715646,1.4748373722715646
2026-01-22,2949.63330078125,-0.009825039857546347,-0.9825039857546347
2026-01-23,2953.25634765625,0.0012283041671792283,0.12283041671792283
2026-01-24,2948.74072265625,-0.0015290325215363554,-0.15290325215363554
2026-01-25,2815.90234375,-0.04504918926428636,-4.504918926428636
2026-01-26,2926.45703125,0.03926083862438623,3.926083862438623
2026-01-27,3022.2109375,0.032720079340819774,3.2720079340819774
2026-01-28,3006.607421875,-0.005162947242162819,-0.5162947242162819
2026-01-29,2818.232666015625,-0.06265359238084345,-6.265359238084345
2026-01-30,2702.375244140625,-0.041109956346790044,-4.110995634679004
2026-01-31,2445.091796875,-0.09520641066538593,-9.520641066538593
2026-02-01,2267.96484375,-0.0724418417956253,-7.244184179562529
2026-02-02,2344.356689453125,0.03368299377022699,3.3682993770226988
2026-02-03,2227.558837890625,-0.04982085366444211,-4.9820853664442115
2026-02-04,2143.504150390625,-0.037733992059035826,-3.7733992059035826
2026-02-05,1821.68310546875,-0.15013782215594373,-15.013782215594373
2026-02-06,2063.386962890625,0.1326816155325108,13.26816155325108
2026-02-07,2090.54931640625,0.013163964881106383,1.3163964881106383
2026-02-08,2088.762939453125,-0.0008545012256375717,-0.08545012256375717
2026-02-09,2103.567626953125,0.007087777756089597,0.7087777756089597
2026-02-10,2019.4974365234375,-0.03996552777885132,-3.9965527778851317
2026-02-11,1940.621337890625,-0.03905729079240505,-3.9057290792405053
2026-02-12,1946.940673828125,0.0032563467246882194,0.32563467246882194
2026-02-13,2048.52734375,0.05217758881277712,5.217758881277712
2026-02-14,2086.009765625,0.01829725240883784,1.8297252408837839
2026-02-15,1966.04296875,-0.05751017989077156,-5.751017989077156
2026-02-16,1997.917724609375,0.016212644568821766,1.6212644568821766
2026-02-17,1992.1943359375,-0.0028646768590002702,-0.286467685900027
2026-02-18,1953.97412109375,-0.019184983188783145,-1.9184983188783145
2026-02-19,1948.2010498046875,-0.002954528018943803,-0.2954528018943803
2026-02-20,1969.0223388671875,0.010687443713567113,1.0687443713567113
2026-02-21,1973.7371826171875,0.0023945100352251725,0.23945100352251725
2026-02-22,1957.805908203125,-0.008071629067117003,-0.8071629067117003
2026-02-23,1855.5028076171875,-0.05225395436661606,-5.225395436661606
2026-02-24,1852.969482421875,-0.001365303886856295,-0.1365303886856295
2026-02-25,2054.6279296875,0.10882988045871778,10.882988045871777
2026-02-26,2026.7926025390625,-0.013547624241957545,-1.3547624241957545
2026-02-27,1930.7618408203125,-0.04738065532627633,-4.738065532627633
2026-02-28,1965.050537109375,0.017759153699916874,1.7759153699916874
2026-03-01,1939.066650390625,-0.013223011941958851,-1.322301194195885
2026-03-02,2027.2689208984375,0.045486972038864204,4.54869720388642
2026-03-03,1982.7689208984375,-0.021950713860043103,-2.1950713860043103
2026-03-04,2126.50537109375,0.07249278959354588,7.249278959354588
2026-03-05,2071.60546875,-0.025816959171616194,-2.5816959171616194
2026-03-06,1978.751220703125,-0.04482236094062009,-4.482236094062008
2026-03-07,1969.4554443359375,-0.004697799435284367,-0.46977994352843666
2026-03-08,1936.604736328125,-0.016680097080789325,-1.6680097080789325
2026-03-09,1992.938232421875,0.02908879392733521,2.908879392733521
2026-03-10,2037.1204833984375,0.022169403074209226,2.2169403074209226
2026-03-11,2051.5732421875,0.007094700046877733,0.7094700046877733
2026-03-12,2073.13623046875,0.010510464768130001,1.0510464768130001
2026-03-13,2092.5634765625,0.009370945241431228,0.9370945241431228
2026-03-14,2097.086669921875,0.0021615561057222177,0.21615561057222177
2026-03-15,2177.476318359375,0.03833396568225522,3.833396568225522
2026-03-16,2351.176025390625,0.07977111189072517,7.977111189072517
2026-03-17,2318.053466796875,-0.014087655809712052,-1.4087655809712052
2026-03-18,2203.671630859375,-0.04934391616753975,-4.934391616753975
2026-03-19,2137.423828125,-0.03006246566260873,-3.006246566260873
2026-03-20,2146.4970703125,0.00424494293930433,0.42449429393043303
2026-03-21,2076.68994140625,-0.03252141820817256,-3.252141820817256
2026-03-22,2053.04833984375,-0.01138427123429453,-1.138427123429453
2026-03-23,2152.14599609375,0.04826854503462008,4.826854503462008
2026-03-24,2155.704345703125,0.0016533960130185044,0.16533960130185044
2026-03-25,2168.021484375,0.005713742098458985,0.5713742098458985
2026-03-26,2059.578369140625,-0.050019391420208725,-5.0019391420208725
2026-03-27,1991.27197265625,-0.03316523299517671,-3.3165232995176708
2026-03-28,1992.694580078125,0.0007144214559386963,0.07144214559386963
2026-03-29,1982.5596923828125,-0.005086021609450597,-0.5086021609450597
2026-03-30,2023.514892578125,0.020657738756954647,2.0657738756954647
2026-03-31,2104.708251953125,0.040124913175980215,4.0124913175980215
2026-04-01,2138.737060546875,0.016167945634351977,1.6167945634351977
2026-04-02,2056.8525390625,-0.038286390129433245,-3.8286390129433245
2026-04-03,2053.38525390625,-0.001685723740716183,-0.1685723740716183
2026-04-04,2065.3515625,0.005827600335098326,0.5827600335098326
2026-04-05,2108.99560546875,0.021131532161972943,2.1131532161972943
2026-04-06,2107.761474609375,-0.0005851746946151648,-0.05851746946151648
2026-04-07,2241.806640625,0.06359598447469827,6.3595984474698275
2026-04-08,2190.33544921875,-0.022959692630716844,-2.2959692630716844
2026-04-09,2189.14404296875,-0.0005439378020498653,-0.05439378020498653
2026-04-10,2245.148681640625,0.025582893392399164,2.5582893392399164
2026-04-11,2285.39013671875,0.017923737259448957,1.7923737259448957
2026-04-12,2192.201171875,-0.04077595476873197,-4.0775954768731975
2026-04-13,2370.71484375,0.08143124552858283,8.143124552858282
2026-04-14,2323.30859375,-0.01999660571788242,-1.999660571788242
2026-04-15,2359.43701171875,0.015550417222206292,1.5550417222206292
2026-04-16,2348.64501953125,-0.004573969185826421,-0.4573969185826421
2026-04-17,2421.07177734375,0.030837677558848364,3.0837677558848364
2026-04-18,2351.1005859375,-0.02890091572709097,-2.890091572709097
2026-04-19,2264.9169921875,-0.036656702084753356,-3.6656702084753356
2026-04-20,2315.21240234375,0.022206292914811687,2.2206292914811687
2026-04-21,2327.970458984375,0.005510533991485822,0.5510533991485822
2026-04-22,2376.088134765625,0.020669366999717997,2.0669366999717997
2026-04-23,2331.513916015625,-0.018759497216376042,-1.8759497216376042
2026-04-24,2315.690185546875,-0.006786890852357175,-0.6786890852357175
2026-04-25,2318.8291015625,0.0013554991229898228,0.13554991229898228
2026-04-26,2369.72900390625,0.021950691540593592,2.195069154059359
2026-04-27,2303.06396484375,-0.028131925191703266,-2.8131925191703266
2026-04-28,2289.419677734375,-0.0059244064939814045,-0.5924406493981405
2026-04-29,2253.415771484375,-0.01572621507544203,-1.572621507544203
2026-04-30,2256.251220703125,0.0012582894176169646,0.12582894176169646
2026-05-01,2295.09375,0.017215516135995923,1.7215516135995923
2026-05-02,2316.23193359375,0.009210161281538065,0.9210161281538065
2026-05-03,2321.6357421875,0.002333017050397679,0.23330170503976788
2026-05-04,2346.39697265625,0.01066542438971041,1.066542438971041
2026-05-05,2361.1826171875,0.006301424994813232,0.6301424994813232
2026-05-06,2350.802001953125,-0.004396362720448854,-0.4396362720448854
2026-05-07,2291.107666015625,-0.025393178961011564,-2.5393178961011564
2026-05-08,2306.97216796875,0.00692438080865676,0.692438080865676
2026-05-09,2326.727294921875,0.008563227258402195,0.8563227258402195
2026-05-10,2369.0439453125,0.018187198165845242,1.8187198165845242
2026-05-11,2339.36083984375,-0.012529571487047475,-1.2529571487047475
2026-05-12,2274.6435546875,-0.027664515902802167,-2.7664515902802167
2026-05-13,2257.576416015625,-0.007503214574742345,-0.7503214574742345
2026-05-14,2280.934814453125,0.010346670115700896,1.0346670115700896
2026-05-15,2223.328857421875,-0.02525541574718848,-2.525541574718848
2026-05-16,2179.751953125,-0.01959984648757984,-1.9599846487579842
2026-05-17,2127.645263671875,-0.023904871092521485,-2.3904871092521485
2026-05-18,2128.51611328125,0.000409302069402262,0.0409302069402262
2026-05-19,2109.9638671875,-0.008716046816836354,-0.8716046816836354
2026-05-20,2126.9833984375,0.008066266685735402,0.8066266685735402
2026-05-21,2131.41064453125,0.0020814671600175583,0.20814671600175583
2026-05-22,2064.636962890625,-0.031328398313085315,-3.1328398313085315
2026-05-23,2115.951416015625,0.024853983556100134,2.4853983556100134
2026-05-24,2097.993896484375,-0.0084867352791419,-0.8486735279141899
2026-05-25,2111.370361328125,0.00637583591933466,0.637583591933466
2026-05-26,2070.858154296875,-0.019187636510046735,-1.9187636510046735
2026-05-27,2022.1982421875,-0.02349746263809005,-2.349746263809005
2026-05-28,2007.552734375,-0.007242369965002715,-0.7242369965002715
2026-05-29,2011.978515625,0.002204565376648926,0.2204565376648926
2026-05-30,2019.458251953125,0.0037176024843394995,0.37176024843394995
2026-05-31,2004.341552734375,-0.007485522022616653,-0.7485522022616653
2026-06-01,2003.22119140625,-0.0005589672711203697,-0.05589672711203697
2026-06-02,1857.71630859375,-0.0726354550544448,-7.26354550544448
2026-06-03,1811.7322998046875,-0.024752976854615305,-2.4752976854615305
2026-06-04,1769.58056640625,-0.023265983281846703,-2.3265983281846703
2026-06-05,1580.86083984375,-0.10664658628443302,-10.664658628443302
2026-06-06,1568.7677001953125,-0.00764971801669323,-0.764971801669323
2026-06-07,1686.396240234375,0.0749814902642485,7.49814902642485
2026-06-08,1690.1485595703125,0.0022250520052251588,0.22250520052251588
2026-06-09,1637.7066650390625,-0.031027979306495035,-3.1027979306495035
2026-06-10,1620.1376953125,-0.010727787888769158,-1.0727787888769158
2026-06-11,1672.2806396484375,0.032184267106926345,3.2184267106926345
2026-06-12,1665.1278076171875,-0.0042772916588651455,-0.42772916588651455
2026-06-13,1680.214599609375,0.009060440840140016,0.9060440840140016
2026-06-14,1724.61328125,0.026424411293025862,2.6424411293025862
2026-06-15,1794.961181640625,0.0407905361482761,4.07905361482761
2026-06-16,1790.398193359375,-0.002542109728010611,-0.2542109728010611
2026-06-17,1747.885498046875,-0.023744826972111888,-2.3744826972111888
2026-06-18,1709.533447265625,-0.021941969782405923,-2.1941969782405923
2026-06-19,1710.982421875,0.0008475848259608121,0.08475848259608121
2026-06-20,1739.3013916015625,0.01655129203228678,1.655129203228678
2026-06-21,1704.58056640625,-0.019962512168946955,-1.9962512168946955
2026-06-22,1726.5108642578125,0.012865509723484658,1.2865509723484658
2026-06-23,1665.436767578125,-0.03537429039344153,-3.537429039344153
2026-06-24,1619.9249267578125,-0.027327270363134648,-2.732727036313465
2026-06-25,1564.816650390625,-0.034019031040829484,-3.4019031040829484
2026-06-26,1576.6160888671875,0.007540460713794772,0.7540460713794772
2026-06-27,1571.5882568359375,-0.0031890021082193742,-0.3189002108219374
2026-06-28,1570.3612060546875,-0.0007807711567662245,-0.07807711567662245
2026-06-29,1610.205810546875,0.025372891496913352,2.5372891496913352
2026-06-30,1569.5838623046875,-0.02522779881684256,-2.522779881684256
2026-07-01,1608.960693359375,0.025087433682497773,2.5087433682497773
2026-07-02,1698.16943359375,0.05544494691670465,5.544494691670465
2026-07-03,1756.5186767578125,0.03436008328131357,3.436008328131357
2026-07-04,1779.032958984375,0.01281755925767869,1.281755925767869
2026-07-05,1783.0059814453125,0.0022332483728719765,0.22332483728719765
2026-07-06,1797.57373046875,0.008170330988810814,0.8170330988810814
2026-07-07,1768.511474609375,-0.0161674903047212,-1.61674903047212
2026-07-08,1742.6776123046875,-0.014607687128744051,-1.4607687128744051
2026-07-09,1744.484619140625,0.0010369140127690635,0.10369140127690635
2026-07-10,1795.6932373046875,0.0293545827817554,2.93545827817554
2026-07-11,1788.099609375,-0.004228800204808647,-0.4228800204808647
2026-07-12,1805.7880859375,0.009892332882217136,0.9892332882217136
2026-07-13,1773.500732421875,-0.017879923877591963,-1.7879923877591963
2026-07-14,1889.4798583984375,0.06539558955703528,6.539558955703528
2026-07-15,1916.9437255859375,0.014535146837066026,1.4535146837066026
2026-07-16,1863.193359375,-0.028039616131406264,-2.8039616131406264
2026-07-17,1840.9881591796875,-0.01191781845055584,-1.191781845055584
2026-07-18,1861.39208984375,0.011083140628755705,1.1083140628755705
2026-07-19,1871.508544921875,0.00543488668149128,0.543488668149128
2026-07-20,1903.7589111328125,0.017232283709548213,1.7232283709548213
2026-07-21,1928.3837890625,0.012934872050072155,1.2934872050072155
2026-07-22,1933.4901123046875,0.002647980796742777,0.2647980796742777
2026-07-23,1877.1002197265625,-0.029164820765961497,-2.9164820765961497
2026-07-24,1860.1767578125,-0.009015747660254259,-0.9015747660254259
2026-07-25,1873.222412109375,0.007013126167760619,0.7013126167760619
2026-07-26,1953.4112548828125,0.04280796677162302,4.280796677162302
2026-07-27,1890.613525390625,-0.03214772584893022,-3.214772584893022
2026-07-28,1911.5,0.011047458578325564,1.1047458578325564
