Date,USDT_Circulating_Supply,USDC_Circulating_Supply,DAI_Circulating_Supply,Aggregate_Stablecoin_Supply
2020-01-01 00:00:00+00:00,3198834653.0,516597712.0,71149777.0,3786582142.0
2020-01-02 00:00:00+00:00,3200978653.0,514892050.0,72281645.0,3788152348.0
2020-01-03 00:00:00+00:00,4288898575.0,519915526.0,72614968.0,4881429069.0
2020-01-04 00:00:00+00:00,4283023028.0,518840356.0,73383340.0,4875246724.0
2020-01-05 00:00:00+00:00,4287220841.0,518952466.0,73547676.0,4879720983.0
2020-01-06 00:00:00+00:00,4281391701.0,517973272.0,74106275.0,4873471248.0
2020-01-07 00:00:00+00:00,4285344129.0,513964831.0,77855756.0,4877164716.0
2020-01-08 00:00:00+00:00,4279309317.0,490317289.0,80886456.0,4850513062.0
2020-01-09 00:00:00+00:00,4273984481.0,469784290.0,81729630.0,4825498401.0
2020-01-10 00:00:00+00:00,4286942072.0,461732415.0,81784497.0,4830458984.0
2020-01-11 00:00:00+00:00,4288341143.0,458520665.0,83329194.0,4830191002.0
2020-01-12 00:00:00+00:00,4273319340.0,448892630.0,83101741.0,4805313711.0
2020-01-13 00:00:00+00:00,4281347850.0,449197501.0,84458742.0,4815004093.0
2020-01-14 00:00:00+00:00,4282360330.0,447171710.0,85495814.0,4815027854.0
2020-01-15 00:00:00+00:00,4278526948.0,432020884.0,87284469.0,4797832301.0
2020-01-16 00:00:00+00:00,4286133433.0,452134110.0,87663675.0,4825931218.0
2020-01-17 00:00:00+00:00,4277820758.0,448456801.0,89222339.0,4815499898.0
2020-01-18 00:00:00+00:00,4279860810.0,444757303.0,94452683.0,4819070796.0
2020-01-19 00:00:00+00:00,4277817642.0,444284972.0,95750977.0,4817853591.0
2020-01-20 00:00:00+00:00,4282607058.0,444638589.0,96638682.0,4823884329.0
2020-01-21 00:00:00+00:00,4281327773.0,444694131.0,97204216.0,4823226120.0
2020-01-22 00:00:00+00:00,4283473428.0,447471889.0,98675240.0,4829620557.0
2020-01-23 00:00:00+00:00,4282886404.0,458243977.0,99973323.0,4841103704.0
2020-01-24 00:00:00+00:00,4279582980.0,449166380.0,100642563.0,4829391923.0
2020-01-25 00:00:00+00:00,4289750201.0,449600266.0,101217363.0,4840567830.0
2020-01-26 00:00:00+00:00,4283647991.0,449476884.0,101589118.0,4834713993.0
2020-01-27 00:00:00+00:00,4285728294.0,449139167.0,102572368.0,4837439829.0
2020-01-28 00:00:00+00:00,4277424754.0,445977555.0,103533895.0,4826936204.0
2020-01-29 00:00:00+00:00,4295159219.0,446882008.0,105889812.0,4847931039.0
2020-01-30 00:00:00+00:00,4276714294.0,447850721.0,105739484.0,4830304499.0
2020-01-31 00:00:00+00:00,4277899663.0,442466921.0,107294604.0,4827661188.0
2020-02-01 00:00:00+00:00,4277278308.0,440802894.0,107092085.0,4825173287.0
2020-02-02 00:00:00+00:00,4279297792.0,438558615.0,107414287.0,4825270694.0
2020-02-03 00:00:00+00:00,4285631682.0,438330505.0,106714942.0,4830677129.0
2020-02-04 00:00:00+00:00,4291651783.0,437557126.0,107667360.0,4836876269.0
2020-02-05 00:00:00+00:00,4279687870.0,435829632.0,110469099.0,4825986601.0
2020-02-06 00:00:00+00:00,4281286726.0,426708639.0,111404177.0,4819399542.0
2020-02-07 00:00:00+00:00,4280165006.0,426671374.0,112357810.0,4819194190.0
2020-02-08 00:00:00+00:00,4283434129.0,423899681.0,113742950.0,4821076760.0
2020-02-09 00:00:00+00:00,4283445364.0,421470435.0,113854708.0,4818770507.0
2020-02-10 00:00:00+00:00,4304246879.0,426484983.0,115593622.0,4846325484.0
2020-02-11 00:00:00+00:00,4293957672.0,422144696.0,115780846.0,4831883214.0
2020-02-12 00:00:00+00:00,4288414306.0,420429610.0,116713432.0,4825557348.0
2020-02-13 00:00:00+00:00,4276982478.0,430565815.0,118237905.0,4825786198.0
2020-02-14 00:00:00+00:00,4279251913.0,429206851.0,121852078.0,4830310842.0
2020-02-15 00:00:00+00:00,4283562617.0,429538978.0,123258195.0,4836359790.0
2020-02-16 00:00:00+00:00,4282126676.0,429266918.0,124417279.0,4835810873.0
2020-02-17 00:00:00+00:00,4287194543.0,430850992.0,126511838.0,4844557373.0
2020-02-18 00:00:00+00:00,4296553112.0,430318295.0,125802105.0,4852673512.0
2020-02-19 00:00:00+00:00,4285326171.0,432640417.0,121601577.0,4839568165.0
2020-02-20 00:00:00+00:00,4282876600.0,434416693.0,119484617.0,4836777910.0
2020-02-21 00:00:00+00:00,4287659835.0,425180739.0,119994841.0,4832835415.0
2020-02-22 00:00:00+00:00,4286189910.0,424407128.0,120669546.0,4831266584.0
2020-02-23 00:00:00+00:00,4285130709.0,425934495.0,119999880.0,4831065084.0
2020-02-24 00:00:00+00:00,4294456127.0,424523238.0,121265667.0,4840245032.0
2020-02-25 00:00:00+00:00,4289228245.0,427141133.0,122221848.0,4838591226.0
2020-02-26 00:00:00+00:00,4284267567.0,428152155.0,124333572.0,4836753294.0
2020-02-27 00:00:00+00:00,4279357851.0,430280212.0,122816784.0,4832454847.0
2020-02-28 00:00:00+00:00,4290501477.0,442683071.0,122762632.0,4855947180.0
2020-02-29 00:00:00+00:00,4284583526.0,444737275.0,120359117.0,4849679918.0
2020-03-01 00:00:00+00:00,4281707678.0,444538918.0,119609006.0,4845855602.0
2020-03-02 00:00:00+00:00,4287586058.0,445667652.0,118898199.0,4852151909.0
2020-03-03 00:00:00+00:00,4287612679.0,457244830.0,117598592.0,4862456101.0
2020-03-04 00:00:00+00:00,4290848897.0,468968353.0,118062742.0,4877879992.0
2020-03-05 00:00:00+00:00,4294158069.0,468927308.0,118091309.0,4881176686.0
2020-03-06 00:00:00+00:00,4283452585.0,462571693.0,117956145.0,4863980423.0
2020-03-07 00:00:00+00:00,4292195690.0,462713792.0,121583103.0,4876492585.0
2020-03-08 00:00:00+00:00,4288082507.0,464653647.0,122124690.0,4874860844.0
2020-03-09 00:00:00+00:00,4262796415.0,460681051.0,120900824.0,4844378290.0
2020-03-10 00:00:00+00:00,4299840153.0,460225304.0,120616081.0,4880681538.0
2020-03-11 00:00:00+00:00,4301130617.0,457583949.0,119504803.0,4878219369.0
2020-03-12 00:00:00+00:00,4311456649.0,467915568.0,120666966.0,4900039183.0
2020-03-13 00:00:00+00:00,4308381652.0,518795788.0,113644743.0,4940822183.0
2020-03-14 00:00:00+00:00,4340812840.0,563821752.0,99870494.0,5004505086.0
2020-03-15 00:00:00+00:00,4271079465.0,564599306.0,97374034.0,4933052805.0
2020-03-16 00:00:00+00:00,4293832554.0,604610635.0,99441932.0,4997885121.0
2020-03-17 00:00:00+00:00,4317599420.0,606271146.0,94982374.0,5018852940.0
2020-03-18 00:00:00+00:00,4306583145.0,626587117.0,92513458.0,5025683720.0
2020-03-19 00:00:00+00:00,4231721926.0,628140653.0,95234502.0,4955097081.0
2020-03-20 00:00:00+00:00,4294893981.0,651712527.0,82433488.0,5029039996.0
2020-03-21 00:00:00+00:00,4342066152.0,646624347.0,85363930.0,5074054429.0
2020-03-22 00:00:00+00:00,4274759423.0,668188337.0,84357672.0,5027305432.0
2020-03-23 00:00:00+00:00,4298879010.0,669658761.0,83248500.0,5051786271.0
2020-03-24 00:00:00+00:00,4298542913.0,670753144.0,83487153.0,5052783210.0
2020-03-25 00:00:00+00:00,4287070634.0,689313852.0,84073256.0,5060457742.0
2020-03-26 00:00:00+00:00,4304355951.0,688998448.0,83080450.0,5076434849.0
2020-03-27 00:00:00+00:00,4300196109.0,686111344.0,83803875.0,5070111328.0
2020-03-28 00:00:00+00:00,4285259142.0,685378083.0,82564357.0,5053201582.0
2020-03-29 00:00:00+00:00,4291651285.0,689133981.0,83783726.0,5064568992.0
2020-03-30 00:00:00+00:00,4298897388.0,693876956.0,83645144.0,5076419488.0
2020-03-31 00:00:00+00:00,4303567262.0,691237918.0,83014573.0,5077819753.0
2020-04-01 00:00:00+00:00,4282455239.0,693220681.0,84604916.0,5060280836.0
2020-04-02 00:00:00+00:00,4298464572.0,695999747.0,85377599.0,5079841918.0
2020-04-03 00:00:00+00:00,6308898014.0,693825978.0,87174649.0,7089898641.0
2020-04-04 00:00:00+00:00,6345586550.0,702995459.0,87736192.0,7136318201.0
2020-04-05 00:00:00+00:00,6341175558.0,702183762.0,87798252.0,7131157572.0
2020-04-06 00:00:00+00:00,6357859575.0,700351786.0,87512093.0,7145723454.0
2020-04-07 00:00:00+00:00,6348996817.0,686220119.0,87837562.0,7123054498.0
2020-04-08 00:00:00+00:00,6337540895.0,697129228.0,82750900.0,7117421023.0
2020-04-09 00:00:00+00:00,6342789173.0,713025412.0,81205781.0,7137020366.0
2020-04-10 00:00:00+00:00,6351749244.0,711749677.0,81806777.0,7145305698.0
2020-04-11 00:00:00+00:00,6360286246.0,710557997.0,81417143.0,7152261386.0
2020-04-12 00:00:00+00:00,6358136926.0,710605126.0,82301197.0,7151043249.0
2020-04-13 00:00:00+00:00,6360712294.0,717420224.0,81588952.0,7159721470.0
2020-04-14 00:00:00+00:00,6342632339.0,725680674.0,81930550.0,7150243563.0
2020-04-15 00:00:00+00:00,6353107085.0,735203086.0,81971475.0,7170281646.0
2020-04-16 00:00:00+00:00,6338368646.0,735988497.0,82443814.0,7156800957.0
2020-04-17 00:00:00+00:00,6367320936.0,731850213.0,83107754.0,7182278903.0
2020-04-18 00:00:00+00:00,6354943648.0,725926636.0,82938249.0,7163808533.0
2020-04-19 00:00:00+00:00,6348280713.0,728802965.0,85096331.0,7162180009.0
2020-04-20 00:00:00+00:00,6370176429.0,726847322.0,88395293.0,7185419044.0
2020-04-21 00:00:00+00:00,6369201538.0,735999651.0,89671209.0,7194872398.0
2020-04-22 00:00:00+00:00,6355845853.0,725055954.0,90443235.0,7171345042.0
2020-04-23 00:00:00+00:00,7133234308.0,726234993.0,91076089.0,7950545390.0
2020-04-24 00:00:00+00:00,7101969334.0,731974511.0,94361062.0,7928304907.0
2020-04-25 00:00:00+00:00,7109426016.0,753828820.0,96484374.0,7959739210.0
2020-04-26 00:00:00+00:00,7125314350.0,756062774.0,97159438.0,7978536562.0
2020-04-27 00:00:00+00:00,7139857877.0,755111871.0,97931890.0,7992901638.0
2020-04-28 00:00:00+00:00,7149322731.0,752281854.0,98193617.0,7999798202.0
2020-04-29 00:00:00+00:00,7134423240.0,731366478.0,98373950.0,7964163668.0
2020-04-30 00:00:00+00:00,7692068637.0,726001388.0,101018886.0,8519088911.0
2020-05-01 00:00:00+00:00,7699585322.0,726339842.0,101749293.0,8527674457.0
2020-05-02 00:00:00+00:00,7792729873.0,712603897.0,100358351.0,8605692121.0
2020-05-03 00:00:00+00:00,7801751804.0,711461082.0,108999256.0,8622212142.0
2020-05-04 00:00:00+00:00,7820865420.0,710346519.0,111837516.0,8643049455.0
2020-05-05 00:00:00+00:00,7790956108.0,710793062.0,111891118.0,8613640288.0
2020-05-06 00:00:00+00:00,7861206043.0,714139098.0,112363390.0,8687708531.0
2020-05-07 00:00:00+00:00,7930935317.0,711778609.0,112285016.0,8754998942.0
2020-05-08 00:00:00+00:00,8079054026.0,722023647.0,111873857.0,8912951530.0
2020-05-09 00:00:00+00:00,8155833352.0,721261346.0,111758621.0,8988853319.0
2020-05-10 00:00:00+00:00,8313422574.0,722268680.0,112704064.0,9148395318.0
2020-05-11 00:00:00+00:00,8473215859.0,746986295.0,110301833.0,9330503987.0
2020-05-12 00:00:00+00:00,8491686231.0,745026108.0,109685940.0,9346398279.0
2020-05-13 00:00:00+00:00,8640172742.0,748338008.0,109061154.0,9497571904.0
2020-05-14 00:00:00+00:00,8634423670.0,769698234.0,108482288.0,9512604192.0
2020-05-15 00:00:00+00:00,8807791057.0,726205938.0,109739788.0,9643736783.0
2020-05-16 00:00:00+00:00,8864847685.0,727130463.0,110287510.0,9702265658.0
2020-05-17 00:00:00+00:00,8887329333.0,724661419.0,110976490.0,9722967242.0
2020-05-18 00:00:00+00:00,8975796528.0,726279461.0,111791114.0,9813867103.0
2020-05-19 00:00:00+00:00,8946398316.0,724994741.0,114476290.0,9785869347.0
2020-05-20 00:00:00+00:00,8925141349.0,726086024.0,114782483.0,9766009856.0
2020-05-21 00:00:00+00:00,8949763768.0,733473516.0,120124927.0,9803362211.0
2020-05-22 00:00:00+00:00,8937031687.0,730845883.0,119229932.0,9787107502.0
2020-05-23 00:00:00+00:00,8904835043.0,730001403.0,124107292.0,9758943738.0
2020-05-24 00:00:00+00:00,8912893844.0,730880485.0,121333689.0,9765108018.0
2020-05-25 00:00:00+00:00,8973070176.0,728156160.0,121216901.0,9822443237.0
2020-05-26 00:00:00+00:00,9005148940.0,738174061.0,121256917.0,9864579918.0
2020-05-27 00:00:00+00:00,9000991564.0,738446277.0,120523011.0,9859960852.0
2020-05-28 00:00:00+00:00,9015071778.0,740107623.0,120650457.0,9875829858.0
2020-05-29 00:00:00+00:00,9034880313.0,744293975.0,120836439.0,9900010727.0
2020-05-30 00:00:00+00:00,9046743741.0,746020198.0,122347745.0,9915111684.0
2020-05-31 00:00:00+00:00,9107846025.0,747124387.0,126153596.0,9981124008.0
2020-06-01 00:00:00+00:00,9087003496.0,732150217.0,130156743.0,9949310456.0
2020-06-02 00:00:00+00:00,9131206431.0,729757861.0,126002370.0,9986966662.0
2020-06-03 00:00:00+00:00,9212094571.0,741158313.0,121833234.0,10075086118.0
2020-06-04 00:00:00+00:00,9223480386.0,737553656.0,132406317.0,10093440359.0
2020-06-05 00:00:00+00:00,9264926474.0,739424343.0,132259957.0,10136610774.0
2020-06-06 00:00:00+00:00,9267985509.0,738419598.0,132609400.0,10139014507.0
2020-06-07 00:00:00+00:00,9281349701.0,740762681.0,132450127.0,10154562509.0
2020-06-08 00:00:00+00:00,9304968055.0,739704499.0,135549642.0,10180222196.0
2020-06-09 00:00:00+00:00,9330982637.0,745158033.0,135364072.0,10211504742.0
2020-06-10 00:00:00+00:00,9350784918.0,744872916.0,121327220.0,10216985054.0
2020-06-11 00:00:00+00:00,9408692693.0,733633527.0,121599427.0,10263925647.0
2020-06-12 00:00:00+00:00,9436245877.0,734705830.0,125923811.0,10296875518.0
2020-06-13 00:00:00+00:00,9486299303.0,733293831.0,123952238.0,10343545372.0
2020-06-14 00:00:00+00:00,9481923030.0,742538868.0,123845060.0,10348306958.0
2020-06-15 00:00:00+00:00,9493593133.0,742292747.0,119829991.0,10355715871.0
2020-06-16 00:00:00+00:00,9518736918.0,752372162.0,116341350.0,10387450430.0
2020-06-17 00:00:00+00:00,9544643009.0,771764657.0,117505081.0,10433912747.0
2020-06-18 00:00:00+00:00,9549847480.0,802944493.0,119156354.0,10471948327.0
2020-06-19 00:00:00+00:00,9574951885.0,830636248.0,120463657.0,10526051790.0
2020-06-20 00:00:00+00:00,9614392470.0,882367707.0,125014843.0,10621775020.0
2020-06-21 00:00:00+00:00,9627169919.0,912533594.0,126475657.0,10666179170.0
2020-06-22 00:00:00+00:00,9622223222.0,933298872.0,125999318.0,10681521412.0
2020-06-23 00:00:00+00:00,9630499943.0,951762279.0,130842492.0,10713104714.0
2020-06-24 00:00:00+00:00,9601992527.0,945441841.0,128045259.0,10675479627.0
2020-06-25 00:00:00+00:00,9615414191.0,940124658.0,129833260.0,10685372109.0
2020-06-26 00:00:00+00:00,9592877640.0,941549149.0,128732635.0,10663159424.0
2020-06-27 00:00:00+00:00,9629325844.0,953580579.0,129428187.0,10712334610.0
2020-06-28 00:00:00+00:00,9638700261.0,984604097.0,130070969.0,10753375327.0
2020-06-29 00:00:00+00:00,9634384875.0,984899581.0,129354465.0,10748638921.0
2020-06-30 00:00:00+00:00,9628668055.0,981974100.0,129257128.0,10739899283.0
2020-07-01 00:00:00+00:00,9637841653.0,986360474.0,129588691.0,10753790818.0
2020-07-02 00:00:00+00:00,9639104881.0,1001687048.0,148046336.0,10788838265.0
2020-07-03 00:00:00+00:00,9647929508.0,998027103.0,149186035.0,10795142646.0
2020-07-04 00:00:00+00:00,9643357747.0,1039334176.0,164978172.0,10847670095.0
2020-07-05 00:00:00+00:00,9704261208.0,1038416512.0,170877175.0,10913554895.0
2020-07-06 00:00:00+00:00,9708811153.0,1039017303.0,176652872.0,10924481328.0
2020-07-07 00:00:00+00:00,9712908096.0,1046503700.0,182138141.0,10941549937.0
2020-07-08 00:00:00+00:00,9734760496.0,1045241768.0,186937930.0,10966940194.0
2020-07-09 00:00:00+00:00,9736967713.0,1069778242.0,189122931.0,10995868886.0
2020-07-10 00:00:00+00:00,9783869273.0,1092234884.0,189777883.0,11065882040.0
2020-07-11 00:00:00+00:00,9803667487.0,1100018699.0,192464453.0,11096150639.0
2020-07-12 00:00:00+00:00,9824421803.0,1108808904.0,201345310.0,11134576017.0
2020-07-13 00:00:00+00:00,9823245541.0,1108342350.0,194491882.0,11126079773.0
2020-07-14 00:00:00+00:00,9848359866.0,1107133398.0,198857973.0,11154351237.0
2020-07-15 00:00:00+00:00,9845335827.0,1100954442.0,199399810.0,11145690079.0
2020-07-16 00:00:00+00:00,9858754629.0,1107994136.0,200950739.0,11167699504.0
2020-07-17 00:00:00+00:00,9880260498.0,1105670920.0,201961616.0,11187893034.0
2020-07-18 00:00:00+00:00,9880407857.0,1105525121.0,210379201.0,11196312179.0
2020-07-19 00:00:00+00:00,9884364193.0,1123580301.0,212167295.0,11220111789.0
2020-07-20 00:00:00+00:00,9913964260.0,1124222592.0,221183786.0,11259370638.0
2020-07-21 00:00:00+00:00,9913573515.0,1109330263.0,220578969.0,11243482747.0
2020-07-22 00:00:00+00:00,9921658840.0,1117656662.0,222782669.0,11262098171.0
2020-07-23 00:00:00+00:00,10016213022.0,1117412376.0,224399095.0,11358024493.0
2020-07-24 00:00:00+00:00,10062892351.0,1111666685.0,260784026.0,11435343062.0
2020-07-25 00:00:00+00:00,10162563058.0,1109062844.0,285136547.0,11556762449.0
2020-07-26 00:00:00+00:00,10213180914.0,1106484358.0,254444725.0,11574109997.0
2020-07-27 00:00:00+00:00,10216671824.0,1166058592.0,276975318.0,11659705734.0
2020-07-28 00:00:00+00:00,10163253370.0,1168067160.0,287337611.0,11618658141.0
2020-07-29 00:00:00+00:00,10472196877.0,1167917744.0,301443470.0,11941558091.0
2020-07-30 00:00:00+00:00,10617855494.0,1165546374.0,330149283.0,12113551151.0
2020-07-31 00:00:00+00:00,10707864336.0,1145335232.0,347418058.0,12200617626.0
2020-08-01 00:00:00+00:00,10778488967.0,1079713382.0,370563792.0,12228766141.0
2020-08-02 00:00:00+00:00,10941249519.0,1087114066.0,368973994.0,12397337579.0
2020-08-03 00:00:00+00:00,11062349222.0,1097449797.0,369885940.0,12529684959.0
2020-08-04 00:00:00+00:00,11118634671.0,1084969023.0,385394038.0,12588997732.0
2020-08-05 00:00:00+00:00,11182209135.0,1082620641.0,386659620.0,12651489396.0
2020-08-06 00:00:00+00:00,11252929576.0,1080663525.0,389543206.0,12723136307.0
2020-08-07 00:00:00+00:00,11334228794.0,1093371177.0,380719416.0,12808319387.0
2020-08-08 00:00:00+00:00,11495140100.0,1108253404.0,384611514.0,12988005018.0
2020-08-09 00:00:00+00:00,11578515769.0,1147426900.0,383999249.0,13109941918.0
2020-08-10 00:00:00+00:00,11650317902.0,1146087516.0,383463405.0,13179868823.0
2020-08-11 00:00:00+00:00,11698790362.0,1123043261.0,424372186.0,13246205809.0
2020-08-12 00:00:00+00:00,11858746978.0,1133850754.0,428380630.0,13420978362.0
2020-08-13 00:00:00+00:00,11896892578.0,1161006417.0,425553141.0,13483452136.0
2020-08-14 00:00:00+00:00,12000642229.0,1177494755.0,435923683.0,13614060667.0
2020-08-15 00:00:00+00:00,12238797983.0,1205711262.0,415657267.0,13860166512.0
2020-08-16 00:00:00+00:00,12215059078.0,1201078658.0,415930725.0,13832068461.0
2020-08-17 00:00:00+00:00,12248808991.0,1202780393.0,423689537.0,13875278921.0
2020-08-18 00:00:00+00:00,12392582270.0,1218933979.0,429635612.0,14041151861.0
2020-08-19 00:00:00+00:00,12603054668.0,1246578444.0,428248084.0,14277881196.0
2020-08-20 00:00:00+00:00,12605339230.0,1276066354.0,422939403.0,14304344987.0
2020-08-21 00:00:00+00:00,12660117157.0,1308639524.0,433406175.0,14402162856.0
2020-08-22 00:00:00+00:00,12762557154.0,1331937325.0,435985038.0,14530479517.0
2020-08-23 00:00:00+00:00,12812234222.0,1337354145.0,443541608.0,14593129975.0
2020-08-24 00:00:00+00:00,12830042987.0,1355621233.0,445425129.0,14631089349.0
2020-08-25 00:00:00+00:00,12895083176.0,1362784250.0,449461906.0,14707329332.0
2020-08-26 00:00:00+00:00,12865507394.0,1382944810.0,450681552.0,14699133756.0
2020-08-27 00:00:00+00:00,12858452039.0,1400055981.0,453067358.0,14711575378.0
2020-08-28 00:00:00+00:00,13028548270.0,1425062753.0,450446823.0,14904057846.0
2020-08-29 00:00:00+00:00,13129348617.0,1426971000.0,449994717.0,15006314334.0
2020-08-30 00:00:00+00:00,13302097288.0,1461801399.0,442729019.0,15206627706.0
2020-08-31 00:00:00+00:00,13324009301.0,1474977048.0,448769575.0,15247755924.0
2020-09-01 00:00:00+00:00,12620037988.0,1477999422.0,445706300.0,14543743710.0
2020-09-02 00:00:00+00:00,12740037988.0,1523728181.0,468313158.0,14732079327.0
2020-09-03 00:00:00+00:00,12990037988.0,1522951577.0,493459666.0,15006449231.0
2020-09-04 00:00:00+00:00,12990037988.0,1586480719.0,520082677.0,15096601384.0
2020-09-05 00:00:00+00:00,13140037988.0,1652877903.0,467054805.0,15259970696.0
2020-09-06 00:00:00+00:00,13140037988.0,1692102875.0,442472479.0,15274613342.0
2020-09-07 00:00:00+00:00,13140037988.0,1732078007.0,432144170.0,15304260165.0
2020-09-08 00:00:00+00:00,13390010012.0,1781553302.0,438965908.0,15610529222.0
2020-09-09 00:00:00+00:00,13388751547.0,1793153367.0,440052030.0,15621956944.0
2020-09-10 00:00:00+00:00,13638751547.0,1837064695.0,438478453.0,15914294695.0
2020-09-11 00:00:00+00:00,13638660241.0,1849448528.0,462422579.0,15950531348.0
2020-09-12 00:00:00+00:00,13637497824.0,1916836794.0,467274663.0,16021609281.0
2020-09-13 00:00:00+00:00,13637497824.0,1956703144.0,473702955.0,16067903923.0
2020-09-14 00:00:00+00:00,13887497824.0,1997198304.0,473768021.0,16358464149.0
2020-09-15 00:00:00+00:00,12880500640.0,2019501256.0,542737180.0,15442739076.0
2020-09-16 00:00:00+00:00,13880500640.0,2077315390.0,614117909.0,16571933939.0
2020-09-17 00:00:00+00:00,14130500640.0,2082634563.0,576012225.0,16789147428.0
2020-09-18 00:00:00+00:00,14280500640.0,2109682404.0,638473703.0,17028656747.0
2020-09-19 00:00:00+00:00,14280500640.0,2180840808.0,696586954.0,17157928402.0
2020-09-20 00:00:00+00:00,14430500640.0,2285203417.0,786231125.0,17501935182.0
2020-09-21 00:00:00+00:00,14430492515.0,2343766956.0,807885340.0,17582144811.0
2020-09-22 00:00:00+00:00,14430472567.0,2394680063.0,835983752.0,17661136382.0
2020-09-23 00:00:00+00:00,14430472567.0,2398435328.0,850969076.0,17679876971.0
2020-09-24 00:00:00+00:00,14430472567.0,2441320717.0,895329363.0,17767122647.0
2020-09-25 00:00:00+00:00,14430472567.0,2507851671.0,905894982.0,17844219220.0
2020-09-26 00:00:00+00:00,14430472567.0,2511426370.0,904955087.0,17846854024.0
2020-09-27 00:00:00+00:00,14430472567.0,2551406259.0,926941252.0,17908820078.0
2020-09-28 00:00:00+00:00,14430472567.0,2600077490.0,926075192.0,17956625249.0
2020-09-29 00:00:00+00:00,14430472567.0,2544473188.0,912251123.0,17887196878.0
2020-09-30 00:00:00+00:00,14430472567.0,2539063885.0,912393640.0,17881930092.0
2020-10-01 00:00:00+00:00,14429839175.0,2533902793.0,905012707.0,17868754675.0
2020-10-02 00:00:00+00:00,14579839175.0,2536907170.0,879787761.0,17996534106.0
2020-10-03 00:00:00+00:00,14579775579.0,2595297562.0,879406014.0,18054479155.0
2020-10-04 00:00:00+00:00,14579775579.0,2638048549.0,873047487.0,18090871615.0
2020-10-05 00:00:00+00:00,14579775579.0,2646000562.0,870811583.0,18096587724.0
2020-10-06 00:00:00+00:00,14579775579.0,2665620779.0,868989851.0,18114386209.0
2020-10-07 00:00:00+00:00,14579775579.0,2673259510.0,879910778.0,18132945867.0
2020-10-08 00:00:00+00:00,14579767123.0,2710421277.0,874601045.0,18164789445.0
2020-10-09 00:00:00+00:00,14729767123.0,2814977787.0,877710216.0,18422455126.0
2020-10-10 00:00:00+00:00,14729767123.0,2818108221.0,895570110.0,18443445454.0
2020-10-11 00:00:00+00:00,14729767123.0,2863229268.0,902553745.0,18495550136.0
2020-10-12 00:00:00+00:00,14729767123.0,2860196280.0,916255255.0,18506218658.0
2020-10-13 00:00:00+00:00,14729767123.0,2848277736.0,918663868.0,18496708727.0
2020-10-14 00:00:00+00:00,14729767123.0,2782961334.0,939968264.0,18452696721.0
2020-10-15 00:00:00+00:00,14729767123.0,2754688239.0,919880371.0,18404335733.0
2020-10-16 00:00:00+00:00,14729767123.0,2744534535.0,916510954.0,18390812612.0
2020-10-17 00:00:00+00:00,14729767123.0,2709684291.0,914504042.0,18353955456.0
2020-10-18 00:00:00+00:00,14729767123.0,2711217131.0,911111878.0,18352096132.0
2020-10-19 00:00:00+00:00,14729767123.0,2733321425.0,912591980.0,18375680528.0
2020-10-20 00:00:00+00:00,14879767123.0,2742215968.0,908877157.0,18530860248.0
2020-10-21 00:00:00+00:00,15179767123.0,2742213335.0,915037891.0,18837018349.0
2020-10-22 00:00:00+00:00,15179767123.0,2809283940.0,925408778.0,18914459841.0
2020-10-23 00:00:00+00:00,15329767123.0,2795961177.0,920335887.0,19046064187.0
2020-10-24 00:00:00+00:00,15329767123.0,2761552279.0,944023837.0,19035343239.0
2020-10-25 00:00:00+00:00,15329767123.0,2792512038.0,940605460.0,19062884621.0
2020-10-26 00:00:00+00:00,15329767123.0,2814954554.0,941736520.0,19086458197.0
2020-10-27 00:00:00+00:00,15479767123.0,2779249100.0,936683109.0,19195699332.0
2020-10-28 00:00:00+00:00,15479767123.0,2816222774.0,951070598.0,19247060495.0
2020-10-29 00:00:00+00:00,15629767123.0,2846041041.0,949416509.0,19425224673.0
2020-10-30 00:00:00+00:00,15629767123.0,2889404113.0,944896121.0,19464067357.0
2020-10-31 00:00:00+00:00,15779767123.0,2893818230.0,933332297.0,19606917650.0
2020-11-01 00:00:00+00:00,15774190425.0,2939549019.0,934987784.0,19648727228.0
2020-11-02 00:00:00+00:00,15774190425.0,2941916894.0,945481140.0,19661588459.0
2020-11-03 00:00:00+00:00,15774190425.0,2946509745.0,954232998.0,19674933168.0
2020-11-04 00:00:00+00:00,15924190425.0,2929676641.0,960429815.0,19814296881.0
2020-11-05 00:00:00+00:00,15924190425.0,2897362191.0,950721834.0,19772274450.0
2020-11-06 00:00:00+00:00,16224180914.0,2884058038.0,954813316.0,20063052268.0
2020-11-07 00:00:00+00:00,16372592157.0,2865838041.0,960717585.0,20199147783.0
2020-11-08 00:00:00+00:00,16372592157.0,2895866877.0,961963364.0,20230422398.0
2020-11-09 00:00:00+00:00,16372592157.0,2883905303.0,960402760.0,20216900220.0
2020-11-10 00:00:00+00:00,16372592157.0,2853339941.0,965004127.0,20190936225.0
2020-11-11 00:00:00+00:00,16522592157.0,2842054288.0,971958282.0,20336604727.0
2020-11-12 00:00:00+00:00,16672592157.0,2845247475.0,1000763129.0,20518602761.0
2020-11-13 00:00:00+00:00,16872592157.0,2815125574.0,997895359.0,20685613090.0
2020-11-14 00:00:00+00:00,16867724989.0,2816030976.0,1004871785.0,20688627750.0
2020-11-15 00:00:00+00:00,16867724989.0,2834042646.0,1008866537.0,20710634172.0
2020-11-16 00:00:00+00:00,16867724989.0,2826838956.0,1017953549.0,20712517494.0
2020-11-17 00:00:00+00:00,17017724989.0,2841311467.0,1016148605.0,20875185061.0
2020-11-18 00:00:00+00:00,17017724989.0,2789964469.0,1016200633.0,20823890091.0
2020-11-19 00:00:00+00:00,17017724989.0,2803971652.0,1003569677.0,20825266318.0
2020-11-20 00:00:00+00:00,17217724989.0,2801881749.0,994993027.0,21014599765.0
2020-11-21 00:00:00+00:00,17587724989.0,2815683135.0,1003964085.0,21407372209.0
2020-11-22 00:00:00+00:00,17587724989.0,2851864799.0,1021430147.0,21461019935.0
2020-11-23 00:00:00+00:00,17587724989.0,2887621126.0,1019106432.0,21494452547.0
2020-11-24 00:00:00+00:00,17787724989.0,2877345881.0,1021978287.0,21687049157.0
2020-11-25 00:00:00+00:00,17987724989.0,2864825051.0,1040327444.0,21892877484.0
2020-11-26 00:00:00+00:00,17987724989.0,2880745350.0,1046944869.0,21915415208.0
2020-11-27 00:00:00+00:00,17987724989.0,2900747364.0,1018550644.0,21907022997.0
2020-11-28 00:00:00+00:00,17987724989.0,2911102924.0,1018400752.0,21917228665.0
2020-11-29 00:00:00+00:00,17987724989.0,2978517915.0,1018766804.0,21985009708.0
2020-11-30 00:00:00+00:00,17987724989.0,2974734796.0,1032744526.0,21995204311.0
2020-12-01 00:00:00+00:00,18387724989.0,2972700925.0,1053153622.0,22413579536.0
2020-12-02 00:00:00+00:00,18587724989.0,2984040812.0,1060561105.0,22632326906.0
2020-12-03 00:00:00+00:00,18587724989.0,2972606122.0,1075054852.0,22635385963.0
2020-12-04 00:00:00+00:00,18587724989.0,2978729977.0,1082410957.0,22648865923.0
2020-12-05 00:00:00+00:00,18737724989.0,3026963539.0,1069432514.0,22834121042.0
2020-12-06 00:00:00+00:00,18737724989.0,3050659502.0,1072362248.0,22860746739.0
2020-12-07 00:00:00+00:00,18737724989.0,3085248974.0,1080081107.0,22903055070.0
2020-12-08 00:00:00+00:00,18737724989.0,3069719667.0,1075282317.0,22882726973.0
2020-12-09 00:00:00+00:00,18737724989.0,3083526297.0,1070751653.0,22892002939.0
2020-12-10 00:00:00+00:00,18737724989.0,3091066781.0,1085108811.0,22913900581.0
2020-12-11 00:00:00+00:00,18887711955.0,3092572545.0,1084066686.0,23064351186.0
2020-12-12 00:00:00+00:00,18887511915.0,3146985921.0,1067245734.0,23101743570.0
2020-12-13 00:00:00+00:00,18887511915.0,3224048173.0,1096918108.0,23208478196.0
2020-12-14 00:00:00+00:00,18887511915.0,3268275283.0,1096278224.0,23252065422.0
2020-12-15 00:00:00+00:00,18887511915.0,3283636437.0,1097264907.0,23268413259.0
2020-12-16 00:00:00+00:00,19087511915.0,3286581087.0,1099420117.0,23473513119.0
2020-12-17 00:00:00+00:00,19087511915.0,3313438747.0,1116445402.0,23517396064.0
2020-12-18 00:00:00+00:00,19087511915.0,3288966738.0,1126334598.0,23502813251.0
2020-12-19 00:00:00+00:00,19287511915.0,3298370829.0,1125881485.0,23711764229.0
2020-12-20 00:00:00+00:00,19287511915.0,3384564371.0,1136671407.0,23808747693.0
2020-12-21 00:00:00+00:00,19287511915.0,3364288860.0,1126025514.0,23777826289.0
2020-12-22 00:00:00+00:00,19437511915.0,3362730619.0,1127354335.0,23927596869.0
2020-12-23 00:00:00+00:00,19437511915.0,3380941275.0,1124828786.0,23943281976.0
2020-12-24 00:00:00+00:00,19637511915.0,3448424019.0,1122542253.0,24208478187.0
2020-12-25 00:00:00+00:00,19837511915.0,3552136986.0,1118199010.0,24507847911.0
2020-12-26 00:00:00+00:00,19837511915.0,3551176703.0,1119210792.0,24507899410.0
2020-12-27 00:00:00+00:00,19837511915.0,3562211175.0,1129131575.0,24528854665.0
2020-12-28 00:00:00+00:00,19837511915.0,3622466443.0,1108801925.0,24568780283.0
2020-12-29 00:00:00+00:00,20037511915.0,3671915731.0,1133629308.0,24843056954.0
2020-12-30 00:00:00+00:00,20037511915.0,3716225329.0,1139324984.0,24893062228.0
2020-12-31 00:00:00+00:00,20037511915.0,3706429867.0,1157751638.0,24901693420.0
2021-01-01 00:00:00+00:00,20037511915.0,3912904542.0,1168798537.0,25119214994.0
2021-01-02 00:00:00+00:00,20537511915.0,4108062433.0,1206386946.0,25851961294.0
2021-01-03 00:00:00+00:00,21337511915.0,4177113741.0,1184381402.0,26699007058.0
2021-01-04 00:00:00+00:00,21337511915.0,4318339841.0,1237248731.0,26893100487.0
2021-01-05 00:00:00+00:00,21337511915.0,4358020291.0,1313564234.0,27009096440.0
2021-01-06 00:00:00+00:00,21937511915.0,4278750212.0,1320464128.0,27536726255.0
2021-01-07 00:00:00+00:00,22635815112.0,4449904491.0,1313903814.0,28399623417.0
2021-01-08 00:00:00+00:00,22635815112.0,4577910558.0,1363763940.0,28577489610.0
2021-01-09 00:00:00+00:00,23335815112.0,4661438740.0,1391136962.0,29388390814.0
2021-01-10 00:00:00+00:00,23335815112.0,4797659931.0,1414793450.0,29548268493.0
2021-01-11 00:00:00+00:00,23335781472.0,4739427618.0,1430017174.0,29505226264.0
2021-01-12 00:00:00+00:00,23335292613.0,4763226681.0,1373642116.0,29472161410.0
2021-01-13 00:00:00+00:00,23735292613.0,4753023461.0,1368345717.0,29856661791.0
2021-01-14 00:00:00+00:00,23735292613.0,4783448899.0,1368857292.0,29887598804.0
2021-01-15 00:00:00+00:00,23735292613.0,4829830036.0,1408197772.0,29973320421.0
2021-01-16 00:00:00+00:00,23735292613.0,4987046859.0,1291623497.0,30013962969.0
2021-01-17 00:00:00+00:00,23735292613.0,5077567644.0,1369636167.0,30182496424.0
2021-01-18 00:00:00+00:00,23735292613.0,5082665837.0,1383583488.0,30201541938.0
2021-01-19 00:00:00+00:00,24135292613.0,5135636669.0,1404435449.0,30675364731.0
2021-01-20 00:00:00+00:00,24135292613.0,5225182128.0,1403869964.0,30764344705.0
2021-01-21 00:00:00+00:00,24135292613.0,5352905443.0,1408636839.0,30896834895.0
2021-01-22 00:00:00+00:00,24134292613.0,5412225745.0,1412074525.0,30958592883.0
2021-01-23 00:00:00+00:00,24114508571.0,5524837032.0,1443167176.0,31082512779.0
2021-01-24 00:00:00+00:00,24114508571.0,5593182559.0,1462161634.0,31169852764.0
2021-01-25 00:00:00+00:00,24114508571.0,5590009066.0,1532763463.0,31237281100.0
2021-01-26 00:00:00+00:00,24114487168.0,5473643218.0,1575230489.0,31163360875.0
2021-01-27 00:00:00+00:00,24514487168.0,5450842922.0,1594043516.0,31559373606.0
2021-01-28 00:00:00+00:00,24914487168.0,5578912997.0,1605464380.0,32098864545.0
2021-01-29 00:00:00+00:00,25414487168.0,5764361009.0,1617008898.0,32795857075.0
2021-01-30 00:00:00+00:00,25812442493.0,5846953423.0,1626810493.0,33286206409.0
2021-01-31 00:00:00+00:00,25812442493.0,5859422521.0,1647927266.0,33319792280.0
2021-02-01 00:00:00+00:00,26162355430.0,5910175945.0,1645893458.0,33718424833.0
2021-02-02 00:00:00+00:00,26162355430.0,5973595281.0,1655223136.0,33791173847.0
2021-02-03 00:00:00+00:00,24562355430.0,6000843093.0,1706483387.0,32269681910.0
2021-02-04 00:00:00+00:00,26962355430.0,6147802783.0,1735622927.0,34845781140.0
2021-02-05 00:00:00+00:00,27312355430.0,6267691040.0,1769120897.0,35349167367.0
2021-02-06 00:00:00+00:00,28212355430.0,6357013405.0,1818259930.0,36387628765.0
2021-02-07 00:00:00+00:00,28212355430.0,6474065610.0,1826607595.0,36513028635.0
2021-02-08 00:00:00+00:00,29612355430.0,6553273763.0,1801487094.0,37967116287.0
2021-02-09 00:00:00+00:00,29612355430.0,6518000823.0,1891195984.0,38021552237.0
2021-02-10 00:00:00+00:00,30612355430.0,6745657889.0,1951419253.0,39309432572.0
2021-02-11 00:00:00+00:00,30712355430.0,6829745740.0,1965541573.0,39507642743.0
2021-02-12 00:00:00+00:00,30712355430.0,7003477312.0,2030169942.0,39746002684.0
2021-02-13 00:00:00+00:00,31712355430.0,7101233824.0,2047789093.0,40861378347.0
2021-02-14 00:00:00+00:00,31712355430.0,7343818601.0,2070809898.0,41126983929.0
2021-02-15 00:00:00+00:00,31712355430.0,7486771722.0,2069338903.0,41268466055.0
2021-02-16 00:00:00+00:00,32112355430.0,7443119084.0,2118562316.0,41674036830.0
2021-02-17 00:00:00+00:00,33112355430.0,7256220480.0,2196279672.0,42564855582.0
2021-02-18 00:00:00+00:00,33112355430.0,7294788700.0,2254469387.0,42661613517.0
2021-02-19 00:00:00+00:00,33512355430.0,7388030747.0,2300764014.0,43201150191.0
2021-02-20 00:00:00+00:00,34312355430.0,7645031944.0,2323494929.0,44280882303.0
2021-02-21 00:00:00+00:00,34312355430.0,7825613199.0,2357690696.0,44495659325.0
2021-02-22 00:00:00+00:00,34312355430.0,7803825130.0,2384083962.0,44500264522.0
2021-02-23 00:00:00+00:00,34312355430.0,8111769166.0,2368499490.0,44792624086.0
2021-02-24 00:00:00+00:00,34312355430.0,8224938126.0,2303952211.0,44841245767.0
2021-02-25 00:00:00+00:00,34312355430.0,8407132729.0,2324728000.0,45044216159.0
2021-02-26 00:00:00+00:00,34312355430.0,8539555760.0,2334553910.0,45186465100.0
2021-02-27 00:00:00+00:00,34312355430.0,8845426100.0,2314997565.0,45472779095.0
2021-02-28 00:00:00+00:00,34312355430.0,8940467840.0,2322934280.0,45575757550.0
2021-03-01 00:00:00+00:00,35062355430.0,9031079353.0,2355458417.0,46448893200.0
2021-03-02 00:00:00+00:00,35062355430.0,8939495700.0,2462539959.0,46464391089.0
2021-03-03 00:00:00+00:00,36212355430.0,8865649891.0,2526670520.0,47604675841.0
2021-03-04 00:00:00+00:00,36212355430.0,8799157458.0,2529513594.0,47541026482.0
2021-03-05 00:00:00+00:00,36212355430.0,8778991353.0,2560638680.0,47551985463.0
2021-03-06 00:00:00+00:00,36212355430.0,8932240877.0,2550377194.0,47694973501.0
2021-03-07 00:00:00+00:00,36212355430.0,9142429930.0,2582625204.0,47937410564.0
2021-03-08 00:00:00+00:00,36212355430.0,9162719503.0,2551483990.0,47926558923.0
2021-03-09 00:00:00+00:00,36212355430.0,9110866999.0,2571575541.0,47894797970.0
2021-03-10 00:00:00+00:00,37212355430.0,9131349703.0,2634061160.0,48977766293.0
2021-03-11 00:00:00+00:00,37612355430.0,9219625050.0,2626611377.0,49458591857.0
2021-03-12 00:00:00+00:00,37612355430.0,9300395539.0,2664592770.0,49577343739.0
2021-03-13 00:00:00+00:00,37612355430.0,9461251916.0,2717830655.0,49791438001.0
2021-03-14 00:00:00+00:00,37612355430.0,9442060703.0,2746532427.0,49800948560.0
2021-03-15 00:00:00+00:00,38612355430.0,9516069579.0,2760920084.0,50889345093.0
2021-03-16 00:00:00+00:00,39212355430.0,9524386934.0,2777224739.0,51513967103.0
2021-03-17 00:00:00+00:00,39212355430.0,9572795726.0,2806863352.0,51592014508.0
2021-03-18 00:00:00+00:00,39210524739.0,9677787468.0,2855121286.0,51743433493.0
2021-03-19 00:00:00+00:00,39210478983.0,9804533357.0,2873992089.0,51889004429.0
2021-03-20 00:00:00+00:00,39210478983.0,10000638306.0,2871152682.0,52082269971.0
2021-03-21 00:00:00+00:00,40210478983.0,10033128619.0,2872010683.0,53115618285.0
2021-03-22 00:00:00+00:00,40210478983.0,10153875602.0,2893058265.0,53257412850.0
2021-03-23 00:00:00+00:00,40210478983.0,10324918521.0,2920382550.0,53455780054.0
2021-03-24 00:00:00+00:00,40210478983.0,10308188647.0,2916556410.0,53435224040.0
2021-03-25 00:00:00+00:00,40210478983.0,10431237710.0,2915360929.0,53557077622.0
2021-03-26 00:00:00+00:00,40210478983.0,10662669989.0,2922014258.0,53795163230.0
2021-03-27 00:00:00+00:00,41010478983.0,10833025250.0,2959347421.0,54802851654.0
2021-03-28 00:00:00+00:00,41010478983.0,10923641969.0,2976048952.0,54910169904.0
2021-03-29 00:00:00+00:00,41010478983.0,10952357285.0,2993764422.0,54956600690.0
2021-03-30 00:00:00+00:00,41010478983.0,10770164342.0,2987650645.0,54768293970.0
2021-03-31 00:00:00+00:00,41010478983.0,10888346539.0,3014474386.0,54913299908.0
2021-04-01 00:00:00+00:00,42210478983.0,10828130503.0,3011705402.0,56050314888.0
2021-04-02 00:00:00+00:00,42210478983.0,10910547354.0,2962556910.0,56083583247.0
2021-04-03 00:00:00+00:00,42210478983.0,10751466471.0,3034608561.0,55996554015.0
2021-04-04 00:00:00+00:00,42210478983.0,10946433079.0,3060622618.0,56217534680.0
2021-04-05 00:00:00+00:00,42210478983.0,10918801267.0,3063684864.0,56192965114.0
2021-04-06 00:00:00+00:00,43410478983.0,11033570163.0,3050018661.0,57494067807.0
2021-04-07 00:00:00+00:00,43410478983.0,10986219747.0,3063203544.0,57459902274.0
2021-04-08 00:00:00+00:00,44410478983.0,11033411590.0,3053418874.0,58497309447.0
2021-04-09 00:00:00+00:00,44410478983.0,11180168578.0,3042130829.0,58632778390.0
2021-04-10 00:00:00+00:00,44410478983.0,11186033696.0,3046156927.0,58642669606.0
2021-04-11 00:00:00+00:00,44410478983.0,11166165560.0,3113531052.0,58690175595.0
2021-04-12 00:00:00+00:00,45410478983.0,11118030197.0,3144341190.0,59672850370.0
2021-04-13 00:00:00+00:00,45410478983.0,11009729529.0,3129418363.0,59549626875.0
2021-04-14 00:00:00+00:00,47410478983.0,11310440385.0,3168233746.0,61889153114.0
2021-04-15 00:00:00+00:00,47410478983.0,11535583495.0,3147936581.0,62093999059.0
2021-04-16 00:00:00+00:00,47410478983.0,11812432632.0,3197460209.0,62420371824.0
2021-04-17 00:00:00+00:00,48410478983.0,12115983663.0,3322633591.0,63849096237.0
2021-04-18 00:00:00+00:00,48410478983.0,12483647552.0,3438662610.0,64332789145.0
2021-04-19 00:00:00+00:00,50410478983.0,12639137279.0,3438712732.0,66488328994.0
2021-04-20 00:00:00+00:00,50410478983.0,12930239054.0,3426128927.0,66766846964.0
2021-04-21 00:00:00+00:00,50410478984.0,12987391569.0,3441227995.0,66839098548.0
2021-04-22 00:00:00+00:00,50410478984.0,13043977700.0,3434759752.0,66889216436.0
2021-04-23 00:00:00+00:00,50410478984.0,12988860201.0,3453534580.0,66852873765.0
2021-04-24 00:00:00+00:00,50410478984.0,13411122530.0,3431371782.0,67252973296.0
2021-04-25 00:00:00+00:00,50410478984.0,13590355337.0,3444318494.0,67445152815.0
2021-04-26 00:00:00+00:00,50410478984.0,13630330298.0,3466755750.0,67507565032.0
2021-04-27 00:00:00+00:00,50410478984.0,13836785645.0,3484884717.0,67732149346.0
2021-04-28 00:00:00+00:00,50410478984.0,13822975633.0,3551580225.0,67785034842.0
2021-04-29 00:00:00+00:00,50910478984.0,13915412068.0,3570467056.0,68396358108.0
2021-04-30 00:00:00+00:00,50910478984.0,13916570668.0,3669075252.0,68496124904.0
2021-05-01 00:00:00+00:00,51910478984.0,14005444843.0,3657625960.0,69573549787.0
2021-05-02 00:00:00+00:00,51910478984.0,14062872290.0,3730505348.0,69703856622.0
2021-05-03 00:00:00+00:00,52910478984.0,14042296759.0,3781646319.0,70734422062.0
2021-05-04 00:00:00+00:00,52910478984.0,14009748555.0,3894578566.0,70814806105.0
2021-05-05 00:00:00+00:00,54910478984.0,14339394587.0,3966445920.0,73216319491.0
2021-05-06 00:00:00+00:00,54910478984.0,14493174963.0,4094761049.0,73498414996.0
2021-05-07 00:00:00+00:00,54910478984.0,14537012168.0,4290581874.0,73738073026.0
2021-05-08 00:00:00+00:00,54910478984.0,14595495830.0,4370206604.0,73876181418.0
2021-05-09 00:00:00+00:00,54910478984.0,14854492488.0,4408086615.0,74173058087.0
2021-05-10 00:00:00+00:00,55910478984.0,15084907372.0,4499430226.0,75494816582.0
2021-05-11 00:00:00+00:00,56910478984.0,15129779105.0,4595900937.0,76636159026.0
2021-05-12 00:00:00+00:00,57910478984.0,15169491544.0,4591918690.0,77671889218.0
2021-05-13 00:00:00+00:00,57910478984.0,15233860869.0,4639035871.0,77783375724.0
2021-05-14 00:00:00+00:00,57910478984.0,15406742576.0,4505297648.0,77822519208.0
2021-05-15 00:00:00+00:00,57910478984.0,15674809138.0,4597620286.0,78182908408.0
2021-05-16 00:00:00+00:00,57910478984.0,15876014069.0,4620179233.0,78406672286.0
2021-05-17 00:00:00+00:00,57910478984.0,15871710143.0,4686832890.0,78469022017.0
2021-05-18 00:00:00+00:00,58910478984.0,16201756775.0,4729591696.0,79841827455.0
2021-05-19 00:00:00+00:00,58910478984.0,16336061648.0,4788633355.0,80035173987.0
2021-05-20 00:00:00+00:00,58910478984.0,16978168513.0,4376926442.0,80265573939.0
2021-05-21 00:00:00+00:00,58910478984.0,17808298067.0,4251440222.0,80970217273.0
2021-05-22 00:00:00+00:00,59910478984.0,18907721005.0,4243099943.0,83061299932.0
2021-05-23 00:00:00+00:00,59910478984.0,19272769589.0,4234575003.0,83417823576.0
2021-05-24 00:00:00+00:00,60910478984.0,19819733509.0,4050740821.0,84780953314.0
2021-05-25 00:00:00+00:00,60910478984.0,20129350332.0,4214647418.0,85254476734.0
2021-05-26 00:00:00+00:00,60910478984.0,20298460835.0,4267899673.0,85476839492.0
2021-05-27 00:00:00+00:00,60910478984.0,20933949207.0,4373029466.0,86217457657.0
2021-05-28 00:00:00+00:00,61910478984.0,21314460474.0,4392591425.0,87617530883.0
2021-05-29 00:00:00+00:00,61910478984.0,21488782550.0,4436860849.0,87836122383.0
2021-05-30 00:00:00+00:00,61910478984.0,21597915268.0,4495174823.0,88003569075.0
2021-05-31 00:00:00+00:00,59910478984.0,21804393702.0,4433116486.0,86147989172.0
2021-06-01 00:00:00+00:00,62910478984.0,22016650629.0,4440488145.0,89367617758.0
2021-06-02 00:00:00+00:00,62910478984.0,22051151006.0,4415086387.0,89376716377.0
2021-06-03 00:00:00+00:00,62910478984.0,22072022033.0,4418979016.0,89401480033.0
2021-06-04 00:00:00+00:00,62910478984.0,22103354297.0,4500086693.0,89513919974.0
2021-06-05 00:00:00+00:00,62910478984.0,22178155976.0,4546525577.0,89635160537.0
2021-06-06 00:00:00+00:00,62910478984.0,22259877856.0,4556323041.0,89726679881.0
2021-06-07 00:00:00+00:00,62909700685.0,22397581400.0,4583005061.0,89890287146.0
2021-06-08 00:00:00+00:00,62905955597.0,22327443676.0,4654351281.0,89887750554.0
2021-06-09 00:00:00+00:00,62905955597.0,22532015851.0,4658695716.0,90096667164.0
2021-06-10 00:00:00+00:00,62905955597.0,22523679743.0,4878864603.0,90308499943.0
2021-06-11 00:00:00+00:00,62905955597.0,22723444934.0,4880508756.0,90509909287.0
2021-06-12 00:00:00+00:00,62905955597.0,22853962822.0,4994166239.0,90754084658.0
2021-06-13 00:00:00+00:00,62905955597.0,22918644321.0,4977173326.0,90801773244.0
2021-06-14 00:00:00+00:00,62905955597.0,23074734566.0,4994736662.0,90975426825.0
2021-06-15 00:00:00+00:00,62905955597.0,23114348913.0,5026214220.0,91046518730.0
2021-06-16 00:00:00+00:00,62905955597.0,23170626520.0,5126674470.0,91203256587.0
2021-06-17 00:00:00+00:00,62905955597.0,23268904689.0,5103813207.0,91278673493.0
2021-06-18 00:00:00+00:00,62905955597.0,23225391282.0,4988287531.0,91119634410.0
2021-06-19 00:00:00+00:00,62905955597.0,23516402050.0,5021340302.0,91443697949.0
2021-06-20 00:00:00+00:00,62905955597.0,23672636545.0,5035611925.0,91614204067.0
2021-06-21 00:00:00+00:00,62905955597.0,23759863777.0,4977973655.0,91643793029.0
2021-06-22 00:00:00+00:00,62905955597.0,24383420530.0,4846303262.0,92135679389.0
2021-06-23 00:00:00+00:00,62905955597.0,24571507369.0,4837537938.0,92315000904.0
2021-06-24 00:00:00+00:00,62905955597.0,24753912152.0,4903482771.0,92563350520.0
2021-06-25 00:00:00+00:00,62905955597.0,24862198755.0,4926705724.0,92694860076.0
2021-06-26 00:00:00+00:00,62905955597.0,25010707739.0,4889650672.0,92806314008.0
2021-06-27 00:00:00+00:00,62905955597.0,25070575007.0,4921970208.0,92898500812.0
2021-06-28 00:00:00+00:00,62905955597.0,25260194155.0,4949183243.0,93115332995.0
2021-06-29 00:00:00+00:00,62905955597.0,24687952275.0,4956971358.0,92550879230.0
2021-06-30 00:00:00+00:00,62905955597.0,24573756744.0,4960778698.0,92440491039.0
2021-07-01 00:00:00+00:00,62905955597.0,24381470184.0,5133348167.0,92420773948.0
2021-07-02 00:00:00+00:00,62905955597.0,24439450888.0,5172827580.0,92518234065.0
2021-07-03 00:00:00+00:00,62905955597.0,24654720307.0,5187937686.0,92748613590.0
2021-07-04 00:00:00+00:00,62903955597.0,24686785714.0,5186793415.0,92777534726.0
2021-07-05 00:00:00+00:00,62903955597.0,24671631080.0,5194203911.0,92769790588.0
2021-07-06 00:00:00+00:00,62903955597.0,24744825005.0,5237592994.0,92886373596.0
2021-07-07 00:00:00+00:00,62903955597.0,24955768209.0,5244019819.0,93103743625.0
2021-07-08 00:00:00+00:00,62903955597.0,25042262564.0,5245352389.0,93191570550.0
2021-07-09 00:00:00+00:00,62903955597.0,25110227234.0,5244490231.0,93258673062.0
2021-07-10 00:00:00+00:00,62903955597.0,25250790004.0,5280511885.0,93435257486.0
2021-07-11 00:00:00+00:00,62903955597.0,25271561170.0,5252773086.0,93428289853.0
2021-07-12 00:00:00+00:00,62903955597.0,25271742837.0,5292043802.0,93467742236.0
2021-07-13 00:00:00+00:00,62903955597.0,25717273665.0,5268703049.0,93889932311.0
2021-07-14 00:00:00+00:00,62903955597.0,25721428808.0,5236051378.0,93861435783.0
2021-07-15 00:00:00+00:00,62903955597.0,25294025007.0,5255190577.0,93453171181.0
2021-07-16 00:00:00+00:00,62903955597.0,25583613001.0,5252267710.0,93739836308.0
2021-07-17 00:00:00+00:00,62903955597.0,25719555638.0,5247059208.0,93870570443.0
2021-07-18 00:00:00+00:00,62903955597.0,25792550926.0,5260831397.0,93957337920.0
2021-07-19 00:00:00+00:00,62903955597.0,25859342389.0,5293158021.0,94056456007.0
2021-07-20 00:00:00+00:00,62903955597.0,25966619854.0,5228696177.0,94099271628.0
2021-07-21 00:00:00+00:00,62903955597.0,25994113785.0,5215277330.0,94113346712.0
2021-07-22 00:00:00+00:00,62903955597.0,26087221284.0,5246019482.0,94237196363.0
2021-07-23 00:00:00+00:00,62903955597.0,26119242440.0,5256955436.0,94280153473.0
2021-07-24 00:00:00+00:00,62903925765.0,26176013588.0,5273803015.0,94353742368.0
2021-07-25 00:00:00+00:00,62903925765.0,26228817272.0,5289285270.0,94422028307.0
2021-07-26 00:00:00+00:00,62903925765.0,26329323958.0,5296633445.0,94529883168.0
2021-07-27 00:00:00+00:00,62903925765.0,26399764271.0,5307442592.0,94611132628.0
2021-07-28 00:00:00+00:00,62903925765.0,26422439552.0,5341667854.0,94668033171.0
2021-07-29 00:00:00+00:00,62903925765.0,26494404347.0,5367203898.0,94765534010.0
2021-07-30 00:00:00+00:00,62903925765.0,26410392448.0,5379942745.0,94694260958.0
2021-07-31 00:00:00+00:00,62903925765.0,26501892495.0,5391646533.0,94797464793.0
2021-08-01 00:00:00+00:00,62903925765.0,26536204254.0,5394112979.0,94834242998.0
2021-08-02 00:00:00+00:00,62903925765.0,26565127069.0,5409630448.0,94878683282.0
2021-08-03 00:00:00+00:00,62903925765.0,26579266576.0,5434599924.0,94917792265.0
2021-08-04 00:00:00+00:00,62903925765.0,26598047938.0,5448817222.0,94950790925.0
2021-08-05 00:00:00+00:00,61903638976.0,26721362291.0,5414461051.0,94039462318.0
2021-08-06 00:00:00+00:00,61903035039.0,26766156969.0,5461101360.0,94130293368.0
2021-08-07 00:00:00+00:00,61903035039.0,26768807352.0,5461811006.0,94133653397.0
2021-08-08 00:00:00+00:00,62903035039.0,26852275029.0,5498000382.0,95253310450.0
2021-08-09 00:00:00+00:00,62903035039.0,26938626431.0,5555842673.0,95397504143.0
2021-08-10 00:00:00+00:00,62903035039.0,26764596626.0,5532087205.0,95199718870.0
2021-08-11 00:00:00+00:00,62903035039.0,26635488063.0,5575469233.0,95113992335.0
2021-08-12 00:00:00+00:00,62903035039.0,26567142461.0,5600687714.0,95070865214.0
2021-08-13 00:00:00+00:00,62903035039.0,26607935896.0,5632021894.0,95142992829.0
2021-08-14 00:00:00+00:00,62903035039.0,26489971598.0,5676819812.0,95069826449.0
2021-08-15 00:00:00+00:00,63903035039.0,26472784443.0,5688684862.0,96064504344.0
2021-08-16 00:00:00+00:00,63903035039.0,26492011551.0,5741630077.0,96136676667.0
2021-08-17 00:00:00+00:00,63903035039.0,26456711066.0,5736557951.0,96096304056.0
2021-08-18 00:00:00+00:00,63903035039.0,26480743714.0,5722002699.0,96105781452.0
2021-08-19 00:00:00+00:00,63903035039.0,26328862181.0,5735960696.0,95967857916.0
2021-08-20 00:00:00+00:00,63903035039.0,26040861037.0,5742013248.0,95685909324.0
2021-08-21 00:00:00+00:00,64903035039.0,25839526963.0,5751803888.0,96494365890.0
2021-08-22 00:00:00+00:00,64903035039.0,25859885348.0,5771563780.0,96534484167.0
2021-08-23 00:00:00+00:00,65903035039.0,25872442057.0,5800139321.0,97575616417.0
2021-08-24 00:00:00+00:00,63903035039.0,25841134558.0,5787999784.0,95532169381.0
2021-08-25 00:00:00+00:00,65903035039.0,25858643111.0,5787349455.0,97549027605.0
2021-08-26 00:00:00+00:00,65867856076.0,25866097492.0,5773271142.0,97507224710.0
2021-08-27 00:00:00+00:00,65866273216.0,25922310596.0,5778564255.0,97567148067.0
2021-08-28 00:00:00+00:00,65866273216.0,25968977387.0,5825544831.0,97660795434.0
2021-08-29 00:00:00+00:00,65866273216.0,26023568159.0,5822652586.0,97712493961.0
2021-08-30 00:00:00+00:00,65866273216.0,26043510834.0,5850913958.0,97760698008.0
2021-08-31 00:00:00+00:00,65866273216.0,26197671647.0,5842080102.0,97906024965.0
2021-09-01 00:00:00+00:00,65866273216.0,26173617717.0,5860043256.0,97899934189.0
2021-09-02 00:00:00+00:00,65866273216.0,26087515586.0,5873154201.0,97826943003.0
2021-09-03 00:00:00+00:00,66866273216.0,26227262634.0,6060471958.0,99154007808.0
2021-09-04 00:00:00+00:00,66866273216.0,26243385120.0,6100944794.0,99210603130.0
2021-09-05 00:00:00+00:00,66866273216.0,26334475047.0,6112981422.0,99313729685.0
2021-09-06 00:00:00+00:00,67866273216.0,26276363279.0,6147447306.0,100290083801.0
2021-09-07 00:00:00+00:00,69866273216.0,26216068951.0,6187976964.0,102270319131.0
2021-09-08 00:00:00+00:00,69866273216.0,26596570634.0,6216941541.0,102679785391.0
2021-09-09 00:00:00+00:00,69866273216.0,26737068495.0,6231557363.0,102834899074.0
2021-09-10 00:00:00+00:00,69866273216.0,26705320358.0,6232966612.0,102804560186.0
2021-09-11 00:00:00+00:00,69866273216.0,26794583208.0,6155063054.0,102815919478.0
2021-09-12 00:00:00+00:00,69866273216.0,26766456314.0,6283492128.0,102916221658.0
2021-09-13 00:00:00+00:00,69866273216.0,26738357662.0,6305049658.0,102909680536.0
2021-09-14 00:00:00+00:00,69866273216.0,26639308468.0,6305138406.0,102810720090.0
2021-09-15 00:00:00+00:00,69854865455.0,26579660574.0,6286029153.0,102720555182.0
2021-09-16 00:00:00+00:00,69854865455.0,26645488915.0,6286593817.0,102786948187.0
2021-09-17 00:00:00+00:00,69854865455.0,26645466874.0,6311184288.0,102811516617.0
2021-09-18 00:00:00+00:00,69854865455.0,26801934533.0,6337331911.0,102994131899.0
2021-09-19 00:00:00+00:00,69854866565.0,26826637040.0,6330278299.0,103011781904.0
2021-09-20 00:00:00+00:00,69854867148.0,26856289071.0,6341811746.0,103052967965.0
2021-09-21 00:00:00+00:00,69854866237.0,26890217535.0,6087222920.0,102832306692.0
2021-09-22 00:00:00+00:00,69854866237.0,27218846551.0,6059754074.0,103133466862.0
2021-09-23 00:00:00+00:00,69854866237.0,27463684987.0,6025413163.0,103343964387.0
2021-09-24 00:00:00+00:00,69854866677.0,27610838640.0,6094469528.0,103560174845.0
2021-09-25 00:00:00+00:00,69854866777.0,28011510582.0,6046166700.0,103912544059.0
2021-09-26 00:00:00+00:00,69854866826.0,28242681908.0,6064950516.0,104162499250.0
2021-09-27 00:00:00+00:00,69854866829.0,28536821135.0,6079024252.0,104470712216.0
2021-09-28 00:00:00+00:00,69854867329.0,28467552420.0,6175531614.0,104497951363.0
2021-09-29 00:00:00+00:00,69854866928.0,28358231036.0,6183354056.0,104396452020.0
2021-09-30 00:00:00+00:00,69854866928.0,28636867578.0,6191474519.0,104683209025.0
2021-10-01 00:00:00+00:00,69854866948.0,28906272123.0,6199628073.0,104960767144.0
2021-10-02 00:00:00+00:00,69854866961.0,29034929718.0,6219165305.0,105108961984.0
2021-10-03 00:00:00+00:00,69854867398.0,29196108739.0,6219234789.0,105270210926.0
2021-10-04 00:00:00+00:00,69854867416.0,29335103084.0,6272842279.0,105462812779.0
2021-10-05 00:00:00+00:00,69854867916.0,29318381873.0,6290092663.0,105463342452.0
2021-10-06 00:00:00+00:00,69854867916.0,29457097766.0,6313909658.0,105625875340.0
2021-10-07 00:00:00+00:00,69854868849.0,29644208598.0,6414373278.0,105913450725.0
2021-10-08 00:00:00+00:00,69854868949.0,29873275485.0,6446972671.0,106175117105.0
2021-10-09 00:00:00+00:00,69854868949.0,29940014951.0,6493206763.0,106288090663.0
2021-10-10 00:00:00+00:00,69854868949.0,29990191867.0,6537843670.0,106382904486.0
2021-10-11 00:00:00+00:00,69854869292.0,30126990277.0,6543645498.0,106525505067.0
2021-10-12 00:00:00+00:00,69854869385.0,30164503469.0,6554714018.0,106574086872.0
2021-10-13 00:00:00+00:00,69854868418.0,29985270122.0,6607836165.0,106447974705.0
2021-10-14 00:00:00+00:00,69854868510.0,29914298551.0,6638638659.0,106407805720.0
2021-10-15 00:00:00+00:00,69854868514.0,29982070909.0,6770612810.0,106607552233.0
2021-10-16 00:00:00+00:00,69854868220.0,29911165814.0,6991089765.0,106757123799.0
2021-10-17 00:00:00+00:00,69854868215.0,29883146058.0,7027588273.0,106765602546.0
2021-10-18 00:00:00+00:00,69854868216.0,29807322287.0,7011447930.0,106673638433.0
2021-10-19 00:00:00+00:00,69854868235.0,29786559263.0,7041692492.0,106683119990.0
2021-10-20 00:00:00+00:00,69851688810.0,29409166541.0,6965713282.0,106226568633.0
2021-10-21 00:00:00+00:00,69851687895.0,29593936221.0,7151735467.0,106597359583.0
2021-10-22 00:00:00+00:00,69827036382.0,29492912055.0,7375492356.0,106695440793.0
2021-10-23 00:00:00+00:00,69827036366.0,29577500477.0,7391874597.0,106796411440.0
2021-10-24 00:00:00+00:00,69827036480.0,29580198688.0,7387816411.0,106795051579.0
2021-10-25 00:00:00+00:00,69827036293.0,29677955847.0,7338068313.0,106843060453.0
2021-10-26 00:00:00+00:00,69827036429.0,29718228951.0,7323409804.0,106868675184.0
2021-10-27 00:00:00+00:00,69827037411.0,29639563853.0,7339328683.0,106805929947.0
2021-10-28 00:00:00+00:00,69827037345.0,29859532891.0,7610685581.0,107297255817.0
2021-10-29 00:00:00+00:00,69827041933.0,29830271454.0,7629526521.0,107286839908.0
2021-10-30 00:00:00+00:00,69827037366.0,30093078444.0,7689082797.0,107609198607.0
2021-10-31 00:00:00+00:00,69827038133.0,30282457486.0,7793719922.0,107903215541.0
2021-11-01 00:00:00+00:00,69827036482.0,30191297571.0,7793187615.0,107811521668.0
2021-11-02 00:00:00+00:00,70827036542.0,30350376550.0,7820062202.0,108997475294.0
2021-11-03 00:00:00+00:00,70827066350.0,30481678942.0,7823829841.0,109132575133.0
2021-11-04 00:00:00+00:00,70827038739.0,30670289752.0,7840534376.0,109337862867.0
2021-11-05 00:00:00+00:00,71827038872.0,30658382707.0,7807209872.0,110292631451.0
2021-11-06 00:00:00+00:00,72827041833.0,30943053259.0,8156496509.0,111926591601.0
2021-11-07 00:00:00+00:00,72827040355.0,31109831366.0,8143534836.0,112080406557.0
2021-11-08 00:00:00+00:00,73827043696.0,31059361285.0,8124723409.0,113011128390.0
2021-11-09 00:00:00+00:00,72826247458.0,31111888775.0,8392735006.0,112330871239.0
2021-11-10 00:00:00+00:00,74826247595.0,31322223077.0,8632800903.0,114781271575.0
2021-11-11 00:00:00+00:00,74827256205.0,31175956243.0,8581317425.0,114584529873.0
2021-11-12 00:00:00+00:00,74827254378.0,31094550561.0,8555343741.0,114477148680.0
2021-11-13 00:00:00+00:00,74827254413.0,31094291288.0,8585602579.0,114507148280.0
2021-11-14 00:00:00+00:00,74827267246.0,31095110441.0,8532605901.0,114454983588.0
2021-11-15 00:00:00+00:00,74827248400.0,31174186590.0,8493965627.0,114495400617.0
2021-11-16 00:00:00+00:00,74827248042.0,31365834530.0,8489573144.0,114682655716.0
2021-11-17 00:00:00+00:00,74827248495.0,31619044874.0,8487969868.0,114934263237.0
2021-11-18 00:00:00+00:00,74828257862.0,31651215611.0,8491301228.0,114970774701.0
2021-11-19 00:00:00+00:00,74829258657.0,31910484845.0,8523835052.0,115263578554.0
2021-11-20 00:00:00+00:00,74830266435.0,32371040233.0,8634278626.0,115835585294.0
2021-11-21 00:00:00+00:00,74830281044.0,32585312646.0,8675599843.0,116091193533.0
2021-11-22 00:00:00+00:00,74830286300.0,32821282216.0,8700649963.0,116352218479.0
2021-11-23 00:00:00+00:00,74830333625.0,33022273370.0,8633559608.0,116486166603.0
2021-11-24 00:00:00+00:00,74830359667.0,33415931233.0,8727121905.0,116973412805.0
2021-11-25 00:00:00+00:00,74825327934.0,33628100934.0,8741336711.0,117194765579.0
2021-11-26 00:00:00+00:00,75825324253.0,33788152345.0,8789657927.0,118403134525.0
2021-11-27 00:00:00+00:00,75825372956.0,34215777809.0,8664662320.0,118705813085.0
2021-11-28 00:00:00+00:00,75825215934.0,34353890955.0,8672228095.0,118851334984.0
2021-11-29 00:00:00+00:00,75825282561.0,34389661719.0,8718189473.0,118933133753.0
2021-11-30 00:00:00+00:00,74825288076.0,34527673155.0,8746282291.0,118099243522.0
2021-12-01 00:00:00+00:00,74825304935.0,34695791834.0,8837878911.0,118358975680.0
2021-12-02 00:00:00+00:00,74825346385.0,34812394373.0,8900977777.0,118538718535.0
2021-12-03 00:00:00+00:00,74825349042.0,34933554847.0,8895692505.0,118654596394.0
2021-12-04 00:00:00+00:00,75825357980.0,35181666061.0,8918506252.0,119925530293.0
2021-12-05 00:00:00+00:00,76825212404.0,35600852880.0,8920116848.0,121346182132.0
2021-12-06 00:00:00+00:00,76825217045.0,36026646159.0,8997943463.0,121849806667.0
2021-12-07 00:00:00+00:00,77825497682.0,36094667281.0,8929086141.0,122849251104.0
2021-12-08 00:00:00+00:00,77825511845.0,36182931176.0,8950982367.0,122959425388.0
2021-12-09 00:00:00+00:00,75826548664.0,36195995142.0,8963985218.0,120986529024.0
2021-12-10 00:00:00+00:00,77826563879.0,36259784709.0,8940055730.0,123026404318.0
2021-12-11 00:00:00+00:00,77826566388.0,36610078696.0,8864707831.0,123301352915.0
2021-12-12 00:00:00+00:00,77826583952.0,36738352866.0,8921006869.0,123485943687.0
2021-12-13 00:00:00+00:00,77826576923.0,36829045198.0,8916776226.0,123572398347.0
2021-12-14 00:00:00+00:00,77826582576.0,36892798595.0,8860039127.0,123579420298.0
2021-12-15 00:00:00+00:00,78826668918.0,36981384204.0,8815157626.0,124623210748.0
2021-12-16 00:00:00+00:00,78826503907.0,37077691678.0,8864564743.0,124768760328.0
2021-12-17 00:00:00+00:00,78826506202.0,37073253309.0,8878141572.0,124777901083.0
2021-12-18 00:00:00+00:00,78826510608.0,37220428320.0,8916391856.0,124963330784.0
2021-12-19 00:00:00+00:00,78826516825.0,37296508590.0,8941451883.0,125064477298.0
2021-12-20 00:00:00+00:00,78826515056.0,37299514650.0,8917952303.0,125043982009.0
2021-12-21 00:00:00+00:00,78826513846.0,37530007227.0,9010659458.0,125367180531.0
2021-12-22 00:00:00+00:00,78826518047.0,37751450629.0,8985537935.0,125563506611.0
2021-12-23 00:00:00+00:00,77326660026.0,37645692212.0,9012299617.0,123984651855.0
2021-12-24 00:00:00+00:00,77326526474.0,37830603816.0,9004077004.0,124161207294.0
2021-12-25 00:00:00+00:00,77326549331.0,37764246395.0,9007732009.0,124098527735.0
2021-12-26 00:00:00+00:00,77326548012.0,37757745900.0,9026946021.0,124111239933.0
2021-12-27 00:00:00+00:00,78326568755.0,37744670402.0,9056479534.0,125127718691.0
2021-12-28 00:00:00+00:00,78326826932.0,37830272801.0,9035134799.0,125192234532.0
2021-12-29 00:00:00+00:00,78326603400.0,37757431298.0,9011245517.0,125095280215.0
2021-12-30 00:00:00+00:00,78326516689.0,37665480715.0,8928300276.0,124920297680.0
2021-12-31 00:00:00+00:00,79326548035.0,37967254181.0,8940196525.0,126233998741.0
2022-01-01 00:00:00+00:00,79326554298.0,38019686686.0,8945308696.0,126291549680.0
2022-01-02 00:00:00+00:00,78778422990.0,42549565818.0,8989422829.0,130317411637.0
2022-01-03 00:00:00+00:00,78481342990.0,42641327349.0,9019830071.0,130142500410.0
2022-01-04 00:00:00+00:00,78388221317.0,42687912491.0,9061763816.0,130137897624.0
2022-01-05 00:00:00+00:00,78502373121.0,42785333024.0,9094380378.0,130382086523.0
2022-01-06 00:00:00+00:00,78772213379.0,42961099326.0,9057614529.0,130790927234.0
2022-01-07 00:00:00+00:00,78639572254.0,43225368240.0,8981217752.0,130846158246.0
2022-01-08 00:00:00+00:00,78498478180.0,43225368240.0,9009918264.0,130733764684.0
2022-01-09 00:00:00+00:00,78296609765.0,43582658995.0,9001314636.0,130880583396.0
2022-01-10 00:00:00+00:00,78054241928.0,43635931592.0,8930766653.0,130620940173.0
2022-01-11 00:00:00+00:00,78481657327.0,43987565688.0,9010550582.0,131479773597.0
2022-01-12 00:00:00+00:00,78555065237.0,44166089917.0,9023033118.0,131744188272.0
2022-01-13 00:00:00+00:00,78482021770.0,44774203526.0,9081693565.0,132337918861.0
2022-01-14 00:00:00+00:00,78355483483.0,45035577584.0,9137354809.0,132528415876.0
2022-01-15 00:00:00+00:00,78464443412.0,45137094666.0,9125697060.0,132727235138.0
2022-01-16 00:00:00+00:00,78324639023.0,45237354153.0,9170351303.0,132732344479.0
2022-01-17 00:00:00+00:00,78423364533.0,45430902660.0,9256014687.0,133110281880.0
2022-01-18 00:00:00+00:00,78444685550.0,45637274267.0,9334794093.0,133416753910.0
2022-01-19 00:00:00+00:00,78383467334.0,45764592269.0,9331745107.0,133479804710.0
2022-01-20 00:00:00+00:00,78380618748.0,46058070986.0,9390488156.0,133829177890.0
2022-01-21 00:00:00+00:00,78282598757.0,46428142404.0,9402774438.0,134113515599.0
2022-01-22 00:00:00+00:00,78144826788.0,46428142404.0,9166564461.0,133739533653.0
2022-01-23 00:00:00+00:00,78448336905.0,47960656738.0,9115890348.0,135524883991.0
2022-01-24 00:00:00+00:00,78310182894.0,47960656738.0,9146456179.0,135417295811.0
2022-01-25 00:00:00+00:00,78669518056.0,48227447406.0,9293941652.0,136190907114.0
2022-01-26 00:00:00+00:00,78269272661.0,48751308900.0,9245225217.0,136265806778.0
2022-01-27 00:00:00+00:00,78752828372.0,49162186990.0,9359921919.0,137274937281.0
2022-01-28 00:00:00+00:00,78718773466.0,49593244050.0,9167298522.0,137479316038.0
2022-01-29 00:00:00+00:00,78249351193.0,49629722996.0,9078096308.0,136957170497.0
2022-01-30 00:00:00+00:00,78366901631.0,49822470988.0,9135717349.0,137325089968.0
2022-01-31 00:00:00+00:00,78198382293.0,49794511801.0,9137932290.0,137130826384.0
2022-02-01 00:00:00+00:00,78062781790.0,49918615204.0,9156440883.0,137137837877.0
2022-02-02 00:00:00+00:00,78016936425.0,50255165742.0,9194270272.0,137466372439.0
2022-02-03 00:00:00+00:00,78038075904.0,50530744243.0,9170666264.0,137739486411.0
2022-02-04 00:00:00+00:00,78064010106.0,50891956574.0,9203253257.0,138159219937.0
2022-02-05 00:00:00+00:00,78063205577.0,51126955863.0,9228979411.0,138419140851.0
2022-02-06 00:00:00+00:00,78062854578.0,51125781969.0,9322792991.0,138511429538.0
2022-02-07 00:00:00+00:00,78163472784.0,51171401396.0,9360562441.0,138695436621.0
2022-02-08 00:00:00+00:00,78096593702.0,51376105826.0,9471465595.0,138944165123.0
2022-02-09 00:00:00+00:00,78040221425.0,51617308590.0,9667216568.0,139324746583.0
2022-02-10 00:00:00+00:00,78012911279.0,51900324270.0,9749936627.0,139663172176.0
2022-02-11 00:00:00+00:00,78515301962.0,52054797409.0,9795528748.0,140365628119.0
2022-02-12 00:00:00+00:00,78510632875.0,52250598202.0,9837232184.0,140598463261.0
2022-02-13 00:00:00+00:00,78531121017.0,52335045828.0,9819806817.0,140685973662.0
2022-02-14 00:00:00+00:00,78636273860.0,52473422561.0,9828935789.0,140938632210.0
2022-02-15 00:00:00+00:00,78558940144.0,52507811955.0,9810525653.0,140877277752.0
2022-02-16 00:00:00+00:00,78623518666.0,52544445045.0,9951881495.0,141119845206.0
2022-02-17 00:00:00+00:00,78732790424.0,52583527243.0,9886213899.0,141202531566.0
2022-02-18 00:00:00+00:00,78772769798.0,52570695424.0,9781207527.0,141124672749.0
2022-02-19 00:00:00+00:00,78727591077.0,52556151807.0,9763416968.0,141047159852.0
2022-02-20 00:00:00+00:00,79138436958.0,52684758315.0,9788916601.0,141612111874.0
2022-02-21 00:00:00+00:00,79163080615.0,52682266469.0,9759400435.0,141604747519.0
2022-02-22 00:00:00+00:00,79390647858.0,52707824144.0,9707633715.0,141806105717.0
2022-02-23 00:00:00+00:00,79377609211.0,52829973428.0,9713767549.0,141921350188.0
2022-02-24 00:00:00+00:00,79629945704.0,52870303586.0,9652416597.0,142152665887.0
2022-02-25 00:00:00+00:00,79631571239.0,53249174589.0,9386007628.0,142266753456.0
2022-02-26 00:00:00+00:00,79474403713.0,53155258428.0,9204072015.0,141833734156.0
2022-02-27 00:00:00+00:00,79679402405.0,53354079813.0,9230718584.0,142264200802.0
2022-02-28 00:00:00+00:00,79854422104.0,53569960348.0,9245129542.0,142669511994.0
2022-03-01 00:00:00+00:00,79537958060.0,53458489275.0,9240847000.0,142237294335.0
2022-03-02 00:00:00+00:00,79425591344.0,53535209641.0,9268815900.0,142229616885.0
2022-03-03 00:00:00+00:00,79854759317.0,53460734124.0,9187456231.0,142502949672.0
2022-03-04 00:00:00+00:00,79609484426.0,53414694791.0,9206698696.0,142230877913.0
2022-03-05 00:00:00+00:00,79843809462.0,52845480301.0,9298628581.0,141987918344.0
2022-03-06 00:00:00+00:00,79862020238.0,52941838088.0,9284513192.0,142088371518.0
2022-03-07 00:00:00+00:00,80091190392.0,52806695838.0,9402892151.0,142300778381.0
2022-03-08 00:00:00+00:00,79896920565.0,52183496667.0,9433634871.0,141514052103.0
2022-03-09 00:00:00+00:00,80070927071.0,52392565506.0,9334460386.0,141797952963.0
2022-03-10 00:00:00+00:00,80044018130.0,52382602556.0,9373881818.0,141800502504.0
2022-03-11 00:00:00+00:00,80042053180.0,52536873749.0,9369086408.0,141948013337.0
2022-03-12 00:00:00+00:00,80132712134.0,52458033805.0,9398111117.0,141988857056.0
2022-03-13 00:00:00+00:00,80116438308.0,52421564168.0,9413440797.0,141951443273.0
2022-03-14 00:00:00+00:00,80129528500.0,52430189478.0,9409151264.0,141968869242.0
2022-03-15 00:00:00+00:00,80072305020.0,52442627223.0,9382848887.0,141897781130.0
2022-03-16 00:00:00+00:00,80062438312.0,52304672903.0,9353951902.0,141721063117.0
2022-03-17 00:00:00+00:00,80082861271.0,52316342175.0,9383100792.0,141782304238.0
2022-03-18 00:00:00+00:00,80158683653.0,52799091236.0,9406338555.0,142364113444.0
2022-03-19 00:00:00+00:00,80532285250.0,52830384958.0,9461621868.0,142824292076.0
2022-03-20 00:00:00+00:00,80740243739.0,52865924687.0,9472781176.0,143078949602.0
2022-03-21 00:00:00+00:00,80827449077.0,52986600673.0,9534911277.0,143348961027.0
2022-03-22 00:00:00+00:00,80724926155.0,53033013665.0,9530425395.0,143288365215.0
2022-03-23 00:00:00+00:00,80845440415.0,52648557138.0,9498141885.0,142992139438.0
2022-03-24 00:00:00+00:00,80751116254.0,52312387349.0,9452120845.0,142515624448.0
2022-03-25 00:00:00+00:00,80927589777.0,52500264885.0,9294100934.0,142721955596.0
2022-03-26 00:00:00+00:00,81291023435.0,51872642831.0,9268770917.0,142432437183.0
2022-03-27 00:00:00+00:00,81304845677.0,51968286155.0,9239010996.0,142512142828.0
2022-03-28 00:00:00+00:00,81196385911.0,51983272483.0,9230632118.0,142410290512.0
2022-03-29 00:00:00+00:00,81349955673.0,52033109393.0,9208106656.0,142591171722.0
2022-03-30 00:00:00+00:00,81664851060.0,51996541151.0,9189969454.0,142851361665.0
2022-03-31 00:00:00+00:00,81930453189.0,52132452506.0,9225282191.0,143288187886.0
2022-04-01 00:00:00+00:00,82044965080.0,51709881549.0,9191746163.0,142946592792.0
2022-04-02 00:00:00+00:00,82105881308.0,51950236855.0,9209258512.0,143265376675.0
2022-04-03 00:00:00+00:00,82272678352.0,51852952209.0,9101860571.0,143227491132.0
2022-04-04 00:00:00+00:00,82388674421.0,51625573576.0,9076756446.0,143091004443.0
2022-04-05 00:00:00+00:00,82449008616.0,51611805895.0,9082336345.0,143143150856.0
2022-04-06 00:00:00+00:00,82412689459.0,51298300549.0,9051936140.0,142762926148.0
2022-04-07 00:00:00+00:00,82422893105.0,50746204263.0,8979891572.0,142148988940.0
2022-04-08 00:00:00+00:00,82509660677.0,50918438013.0,8969539323.0,142397638013.0
2022-04-09 00:00:00+00:00,82582177981.0,50844820961.0,9039566073.0,142466565015.0
2022-04-10 00:00:00+00:00,82608650899.0,50831613834.0,9025592102.0,142465856835.0
2022-04-11 00:00:00+00:00,82714703438.0,50938471710.0,9039197449.0,142692372597.0
2022-04-12 00:00:00+00:00,82634863680.0,50626993742.0,8810968202.0,142072825624.0
2022-04-13 00:00:00+00:00,82881751671.0,50557027126.0,8765593297.0,142204372094.0
2022-04-14 00:00:00+00:00,82736682157.0,50352516151.0,8733041613.0,141822239921.0
2022-04-15 00:00:00+00:00,82795954521.0,50227458393.0,8808394402.0,141831807316.0
2022-04-16 00:00:00+00:00,82766275586.0,50134682250.0,8791379410.0,141692337246.0
2022-04-17 00:00:00+00:00,82797938661.0,50054012926.0,8786525084.0,141638476671.0
2022-04-18 00:00:00+00:00,82811298303.0,50048713208.0,8759156980.0,141619168491.0
2022-04-19 00:00:00+00:00,82792973865.0,49860188964.0,8725686562.0,141378849391.0
2022-04-20 00:00:00+00:00,82787027489.0,50018475091.0,8698346734.0,141503849314.0
2022-04-21 00:00:00+00:00,83021908772.0,49863548515.0,8723783877.0,141609241164.0
2022-04-22 00:00:00+00:00,83120398074.0,49861799100.0,8704557539.0,141686754713.0
2022-04-23 00:00:00+00:00,83182809348.0,49885461217.0,8701913872.0,141770184437.0
2022-04-24 00:00:00+00:00,83198500617.0,49903732595.0,8708868168.0,141811101380.0
2022-04-25 00:00:00+00:00,83221428016.0,49912345763.0,8716363162.0,141850136941.0
2022-04-26 00:00:00+00:00,83139688331.0,49854024064.0,8665353293.0,141659065688.0
2022-04-27 00:00:00+00:00,83214573094.0,49362464745.0,8644835270.0,141221873109.0
2022-04-28 00:00:00+00:00,83154011772.0,49391470739.0,8599444691.0,141144927202.0
2022-04-29 00:00:00+00:00,83139556788.0,49383094281.0,8572125680.0,141094776749.0
2022-04-30 00:00:00+00:00,83229249235.0,49286152379.0,8511787091.0,141027188705.0
2022-05-01 00:00:00+00:00,83424696945.0,49179894108.0,8459041180.0,141063632233.0
2022-05-02 00:00:00+00:00,83267550080.0,49285265563.0,8430918903.0,140983734546.0
2022-05-03 00:00:00+00:00,83147512568.0,49141005064.0,8338995266.0,140627512898.0
2022-05-04 00:00:00+00:00,83241023586.0,49029382275.0,8289733383.0,140560139244.0
2022-05-05 00:00:00+00:00,83185453774.0,48776655221.0,8197809049.0,140159918044.0
2022-05-06 00:00:00+00:00,83270750871.0,48837550840.0,8214309359.0,140322611070.0
2022-05-07 00:00:00+00:00,83284503885.0,48447145524.0,8159344682.0,139890994091.0
2022-05-08 00:00:00+00:00,83355823233.0,48504620166.0,7975913291.0,139836356690.0
2022-05-09 00:00:00+00:00,83246318700.0,48540724745.0,7556916646.0,139343960091.0
2022-05-10 00:00:00+00:00,83173635948.0,48451920962.0,7163337396.0,138788894306.0
2022-05-11 00:00:00+00:00,82690895711.0,48451920962.0,6982432940.0,138125249613.0
2022-05-12 00:00:00+00:00,79485744715.0,49696713386.0,6176756288.0,135359214389.0
2022-05-13 00:00:00+00:00,79485744715.0,49696713386.0,6007806453.0,135190264554.0
2022-05-14 00:00:00+00:00,76734593140.0,50782055666.0,6025373194.0,133542022000.0
2022-05-15 00:00:00+00:00,75778562416.0,51097427964.0,5991514910.0,132867505290.0
2022-05-16 00:00:00+00:00,75778562416.0,51138746905.0,6043777513.0,132961086834.0
2022-05-17 00:00:00+00:00,75778562416.0,52047290599.0,6020836694.0,133846689709.0
2022-05-18 00:00:00+00:00,74235444120.0,52248992124.0,6121651621.0,132606087865.0
2022-05-19 00:00:00+00:00,74239609934.0,52353529729.0,6100276579.0,132693416242.0
2022-05-20 00:00:00+00:00,74227359934.0,52708142020.0,6208490700.0,133143992654.0
2022-05-21 00:00:00+00:00,73301536761.0,52937861004.0,6138517324.0,132377915089.0
2022-05-22 00:00:00+00:00,73301536752.0,53047105856.0,6116973370.0,132465615978.0
2022-05-23 00:00:00+00:00,73301536752.0,53078695401.0,6136221943.0,132516454096.0
2022-05-24 00:00:00+00:00,73301536751.0,53310325241.0,6169374384.0,132781236376.0
2022-05-25 00:00:00+00:00,73301536751.0,53398883662.0,6171972722.0,132872393135.0
2022-05-26 00:00:00+00:00,73301536751.0,53421325501.0,6171312742.0,132894174994.0
2022-05-27 00:00:00+00:00,73301737670.0,53196594240.0,6185381417.0,132683713327.0
2022-05-28 00:00:00+00:00,72563691346.0,53557691075.0,6205867272.0,132327249693.0
2022-05-29 00:00:00+00:00,72563691346.0,53690918718.0,6230245585.0,132484855649.0
2022-05-30 00:00:00+00:00,72563691346.0,53696778619.0,6241135935.0,132501605900.0
2022-05-31 00:00:00+00:00,72563691346.0,53740917066.0,6294313853.0,132598922265.0
2022-06-01 00:00:00+00:00,72564891346.0,53965998316.0,6365185693.0,132896075355.0
2022-06-02 00:00:00+00:00,72643774670.0,54799193013.0,6392362184.0,133835329867.0
2022-06-03 00:00:00+00:00,72564891346.0,54119107068.0,6408782885.0,133092781299.0
2022-06-04 00:00:00+00:00,72569891345.0,54095128062.0,6421679437.0,133086698844.0
2022-06-05 00:00:00+00:00,72569891345.0,54065388963.0,6416268295.0,133051548603.0
2022-06-06 00:00:00+00:00,72569891345.0,54055865360.0,6434554207.0,133060310912.0
2022-06-07 00:00:00+00:00,72446991345.0,53743345407.0,6455895760.0,132646232512.0
2022-06-08 00:00:00+00:00,72446991345.0,53810188940.0,6504511927.0,132761692212.0
2022-06-09 00:00:00+00:00,72456991345.0,53769837651.0,6571907900.0,132798736896.0
2022-06-10 00:00:00+00:00,72523923241.0,53791821802.0,6582839696.0,132898584739.0
2022-06-11 00:00:00+00:00,72521423239.0,53144746090.0,6656095634.0,132322264963.0
2022-06-12 00:00:00+00:00,72521423239.0,53076161679.0,6613028358.0,132210613276.0
2022-06-13 00:00:00+00:00,72320423093.0,53224899530.0,6591169762.0,132136492385.0
2022-06-14 00:00:00+00:00,71625572083.0,53337651191.0,6455314704.0,131418537978.0
2022-06-15 00:00:00+00:00,70896956466.0,53319593202.0,6357872166.0,130574421834.0
2022-06-16 00:00:00+00:00,70065257821.0,53483595950.0,6285575425.0,129834429196.0
2022-06-17 00:00:00+00:00,69250758856.0,53835748399.0,6237242772.0,129323750027.0
2022-06-18 00:00:00+00:00,68257437389.0,54370927685.0,6367868986.0,128996234060.0
2022-06-19 00:00:00+00:00,68199671483.0,54650530329.0,6284483284.0,129134685096.0
2022-06-20 00:00:00+00:00,67950741493.0,55158414165.0,6286172860.0,129395328518.0
2022-06-21 00:00:00+00:00,67521526405.0,54947604808.0,6280259001.0,128749390214.0
2022-06-22 00:00:00+00:00,67007466804.0,55086476489.0,6318427671.0,128412370964.0
2022-06-23 00:00:00+00:00,67006166804.0,55080391647.0,6333330027.0,128419888478.0
2022-06-24 00:00:00+00:00,67003866803.0,54862379135.0,6328911474.0,128195157412.0
2022-06-25 00:00:00+00:00,66893892036.0,54941607039.0,6323171707.0,128158670782.0
2022-06-26 00:00:00+00:00,66893892036.0,55100604206.0,6344501028.0,128338997270.0
2022-06-27 00:00:00+00:00,66893702036.0,55149302508.0,6322849487.0,128365854031.0
2022-06-28 00:00:00+00:00,66861361158.0,54698932012.0,6331235461.0,127891528631.0
2022-06-29 00:00:00+00:00,66851361158.0,54815361633.0,6250595574.0,127917318365.0
2022-06-30 00:00:00+00:00,66535427995.0,54856604116.0,6322265246.0,127714297357.0
2022-07-01 00:00:00+00:00,66352543726.0,54936211357.0,6319730151.0,127608485234.0
2022-07-02 00:00:00+00:00,66705660402.0,54925910583.0,6396450375.0,128028021360.0
2022-07-03 00:00:00+00:00,66703760402.0,54982243801.0,6406962775.0,128092966978.0
2022-07-04 00:00:00+00:00,66554981805.0,54991190827.0,6430833317.0,127977005949.0
2022-07-05 00:00:00+00:00,66516981805.0,55134883530.0,6440188597.0,128092053932.0
2022-07-06 00:00:00+00:00,66467721853.0,55066135793.0,6433766301.0,127967623947.0
2022-07-07 00:00:00+00:00,66467721853.0,54812392858.0,6420143840.0,127700258551.0
2022-07-08 00:00:00+00:00,66465721853.0,54642413499.0,6445656636.0,127553791988.0
2022-07-09 00:00:00+00:00,66464371853.0,54695202302.0,6461631548.0,127621205703.0
2022-07-10 00:00:00+00:00,66464371853.0,54624871878.0,6487247003.0,127576490734.0
2022-07-11 00:00:00+00:00,66464371853.0,54671697554.0,6425483975.0,127561553382.0
2022-07-12 00:00:00+00:00,66464371853.0,54699936846.0,6454325558.0,127618634257.0
2022-07-13 00:00:00+00:00,66424371853.0,54587310998.0,6401322933.0,127413005784.0
2022-07-14 00:00:00+00:00,66404371853.0,54585468373.0,6465404048.0,127455244274.0
2022-07-15 00:00:00+00:00,66349759464.0,54533826814.0,6496648680.0,127380234958.0
2022-07-16 00:00:00+00:00,66349759464.0,54081737317.0,6540391831.0,126971888612.0
2022-07-17 00:00:00+00:00,66349759464.0,54071732162.0,6588727400.0,127010219026.0
2022-07-18 00:00:00+00:00,66369719504.0,54046926330.0,6713131763.0,127129777597.0
2022-07-19 00:00:00+00:00,66339719504.0,54068077264.0,6772181520.0,127179978288.0
2022-07-20 00:00:00+00:00,66319719504.0,53978364507.0,6813842983.0,127111926994.0
2022-07-21 00:00:00+00:00,66319719504.0,54159942837.0,6833858495.0,127313520836.0
2022-07-22 00:00:00+00:00,66284219403.0,54232540582.0,6808659864.0,127325419849.0
2022-07-23 00:00:00+00:00,66284219403.0,54261692360.0,6868818890.0,127414730653.0
2022-07-24 00:00:00+00:00,66284219403.0,54379972263.0,6918607706.0,127582799372.0
2022-07-25 00:00:00+00:00,66289219402.0,54369542954.0,6913365132.0,127572127488.0
2022-07-26 00:00:00+00:00,66289219402.0,54306232832.0,6872863685.0,127468315919.0
2022-07-27 00:00:00+00:00,66289219401.0,54361164090.0,6883246369.0,127533629860.0
2022-07-28 00:00:00+00:00,66279219400.0,54343399948.0,6927887133.0,127550506481.0
2022-07-29 00:00:00+00:00,66366919400.0,53893876390.0,6987503080.0,127248298870.0
2022-07-30 00:00:00+00:00,66489919400.0,53849225541.0,7017296569.0,127356441510.0
2022-07-31 00:00:00+00:00,66630919400.0,53683064877.0,7000315772.0,127314300049.0
2022-08-01 00:00:00+00:00,66630919400.0,53726203735.0,6970932769.0,127328055904.0
2022-08-02 00:00:00+00:00,66740569600.0,53796587736.0,6990217547.0,127527374883.0
2022-08-03 00:00:00+00:00,66845569599.0,53630543704.0,6986805787.0,127462919090.0
2022-08-04 00:00:00+00:00,66859367154.0,53657548306.0,6943602666.0,127460518126.0
2022-08-05 00:00:00+00:00,66909367154.0,53478347607.0,7019347365.0,127407062126.0
2022-08-06 00:00:00+00:00,66909367154.0,53619870825.0,7039553415.0,127568791394.0
2022-08-07 00:00:00+00:00,66909367154.0,53601863935.0,7079507537.0,127590738626.0
2022-08-08 00:00:00+00:00,66909367153.0,53588099521.0,7007186679.0,127504653353.0
2022-08-09 00:00:00+00:00,66909367153.0,53430802757.0,7038383739.0,127378553649.0
2022-08-10 00:00:00+00:00,66950804389.0,53341661953.0,7070219248.0,127362685590.0
2022-08-11 00:00:00+00:00,67190804388.0,53200912924.0,7111295723.0,127503013035.0
2022-08-12 00:00:00+00:00,67332804384.0,53063299734.0,7006540068.0,127402644186.0
2022-08-13 00:00:00+00:00,67470804384.0,53089031126.0,6835569566.0,127395405076.0
2022-08-14 00:00:00+00:00,67717804384.0,53081467993.0,6850039736.0,127649312113.0
2022-08-15 00:00:00+00:00,67409100679.0,52867217540.0,6810131427.0,127086449646.0
2022-08-16 00:00:00+00:00,67560100679.0,52799309753.0,6800406561.0,127159816993.0
2022-08-17 00:00:00+00:00,67560100679.0,52749290195.0,6774115242.0,127083506116.0
2022-08-18 00:00:00+00:00,67543600679.0,52493601327.0,6732521880.0,126769723886.0
2022-08-19 00:00:00+00:00,67543600678.0,52104509021.0,6692115250.0,126340224949.0
2022-08-20 00:00:00+00:00,67543700675.0,51727137558.0,6641386150.0,125912224383.0
2022-08-21 00:00:00+00:00,67543700675.0,51690403339.0,6585844907.0,125819948921.0
2022-08-22 00:00:00+00:00,67543700675.0,51824006610.0,6551101426.0,125918808711.0
2022-08-23 00:00:00+00:00,67543700675.0,51518618601.0,6527072580.0,125589391856.0
2022-08-24 00:00:00+00:00,67543700675.0,51620113409.0,6511799141.0,125675613225.0
2022-08-25 00:00:00+00:00,67543700675.0,51512901835.0,6496625506.0,125553228016.0
2022-08-26 00:00:00+00:00,67637693999.0,51378982418.0,6511205820.0,125527882237.0
2022-08-27 00:00:00+00:00,67543810675.0,51487872608.0,6492428510.0,125524111793.0
2022-08-28 00:00:00+00:00,67543810675.0,51534370411.0,6478053504.0,125556234590.0
2022-08-29 00:00:00+00:00,67543810675.0,51486631605.0,6472676560.0,125503118840.0
2022-08-30 00:00:00+00:00,67548911675.0,51570546415.0,6482996497.0,125602454587.0
2022-08-31 00:00:00+00:00,67548911675.0,51678549587.0,6513654564.0,125741115826.0
2022-09-01 00:00:00+00:00,67549551675.0,51590370547.0,6512129386.0,125652051608.0
2022-09-02 00:00:00+00:00,67549551675.0,51348197790.0,6549160998.0,125446910463.0
2022-09-03 00:00:00+00:00,67549551675.0,51153820875.0,6543246147.0,125246618697.0
2022-09-04 00:00:00+00:00,67549551675.0,51174630439.0,6535145253.0,125259327367.0
2022-09-05 00:00:00+00:00,67549551675.0,51203610304.0,6449107023.0,125202269002.0
2022-09-06 00:00:00+00:00,67544851675.0,51181892745.0,6422655195.0,125149399615.0
2022-09-07 00:00:00+00:00,67544851675.0,50907240900.0,6408253781.0,124860346356.0
2022-09-08 00:00:00+00:00,67544851675.0,51042989039.0,6405523031.0,124993363745.0
2022-09-09 00:00:00+00:00,67545351175.0,50997992027.0,6410185584.0,124953528786.0
2022-09-10 00:00:00+00:00,67545351175.0,51050879465.0,6411812547.0,125008043187.0
2022-09-11 00:00:00+00:00,67651351175.0,51019974301.0,6435984181.0,125107309657.0
2022-09-12 00:00:00+00:00,67723351175.0,50936944872.0,6440832858.0,125101128905.0
2022-09-13 00:00:00+00:00,67817481045.0,50809493417.0,6423856952.0,125050831414.0
2022-09-14 00:00:00+00:00,67882481045.0,50681108642.0,6389593937.0,124953183624.0
2022-09-15 00:00:00+00:00,67880481045.0,50084380811.0,6383386329.0,124348248185.0
2022-09-16 00:00:00+00:00,67920586030.0,49669098319.0,6371976830.0,123961661179.0
2022-09-17 00:00:00+00:00,67920695920.0,49526524592.0,6374280158.0,123821500670.0
2022-09-18 00:00:00+00:00,67920695918.0,49515350023.0,6433988516.0,123870034457.0
2022-09-19 00:00:00+00:00,67920695918.0,49499176315.0,6426077261.0,123845949494.0
2022-09-20 00:00:00+00:00,67950695918.0,49340934604.0,6379837459.0,123671467981.0
2022-09-21 00:00:00+00:00,67959715798.0,49506165304.0,6418571963.0,123884453065.0
2022-09-22 00:00:00+00:00,67966741908.0,49308982073.0,6412136991.0,123687860972.0
2022-09-23 00:00:00+00:00,67951850744.0,49231187798.0,6473956364.0,123656994906.0
2022-09-24 00:00:00+00:00,67949850742.0,49073761635.0,6477347417.0,123500959794.0
2022-09-25 00:00:00+00:00,67949850742.0,49050254408.0,6471422615.0,123471527765.0
2022-09-26 00:00:00+00:00,67949850742.0,48807362387.0,6470564787.0,123227777916.0
2022-09-27 00:00:00+00:00,67951354338.0,48625214021.0,6461496878.0,123038065237.0
2022-09-28 00:00:00+00:00,67951354336.0,48518903644.0,6449756415.0,122920014395.0
2022-09-29 00:00:00+00:00,67951354336.0,48205971524.0,6405633520.0,122562959380.0
2022-09-30 00:00:00+00:00,67951354326.0,47899407163.0,6412476533.0,122263238022.0
2022-10-01 00:00:00+00:00,67944572025.0,46619611047.0,6410597396.0,120974780468.0
2022-10-02 00:00:00+00:00,67944572025.0,46613738497.0,6407231969.0,120965542491.0
2022-10-03 00:00:00+00:00,67944572025.0,46678435900.0,6374829996.0,120997837921.0
2022-10-04 00:00:00+00:00,67944722036.0,46509624316.0,6328114447.0,120782460799.0
2022-10-05 00:00:00+00:00,68057722036.0,46006787853.0,6348183702.0,120412693591.0
2022-10-06 00:00:00+00:00,68207722035.0,45736691972.0,6338818746.0,120283232753.0
2022-10-07 00:00:00+00:00,68218071686.0,45539319447.0,6329709120.0,120087100253.0
2022-10-08 00:00:00+00:00,68328206686.0,45431686757.0,6312891896.0,120072785339.0
2022-10-09 00:00:00+00:00,68367006686.0,45389156713.0,6313922897.0,120070086296.0
2022-10-10 00:00:00+00:00,68367006686.0,45387752873.0,6306111486.0,120060871045.0
2022-10-11 00:00:00+00:00,68417006686.0,45316481882.0,6280328560.0,120013817128.0
2022-10-12 00:00:00+00:00,68417006686.0,45255103527.0,6246283301.0,119918393514.0
2022-10-13 00:00:00+00:00,68417006686.0,45090996045.0,6202179646.0,119710182377.0
2022-10-14 00:00:00+00:00,68417606686.0,44710075515.0,6037140991.0,119164823192.0
2022-10-15 00:00:00+00:00,68427706686.0,44349247940.0,6029027825.0,118805982451.0
2022-10-16 00:00:00+00:00,68427706686.0,44337665611.0,6018984633.0,118784356930.0
2022-10-17 00:00:00+00:00,68427706685.0,44334672292.0,6021437582.0,118783816559.0
2022-10-18 00:00:00+00:00,68437706685.0,44108792498.0,6001394114.0,118547893297.0
2022-10-19 00:00:00+00:00,68447706685.0,43885450342.0,5913645400.0,118246802427.0
2022-10-20 00:00:00+00:00,68447706562.0,43683773734.0,5876697210.0,118008177506.0
2022-10-21 00:00:00+00:00,68447806562.0,43252431223.0,5796976984.0,117497214769.0
2022-10-22 00:00:00+00:00,68448256112.0,43191998530.0,5748038382.0,117388293024.0
2022-10-23 00:00:00+00:00,68448256112.0,43255109248.0,5755030445.0,117458395805.0
2022-10-24 00:00:00+00:00,68448256112.0,43265485869.0,5786191409.0,117499933390.0
2022-10-25 00:00:00+00:00,68468256112.0,43123867342.0,5785277375.0,117377400829.0
2022-10-26 00:00:00+00:00,68509056112.0,43137558850.0,5790557229.0,117437172191.0
2022-10-27 00:00:00+00:00,68715726112.0,43178435516.0,5792095831.0,117686257459.0
2022-10-28 00:00:00+00:00,68882440613.0,43194850028.0,5797115369.0,117874406010.0
2022-10-29 00:00:00+00:00,68972240613.0,43077339412.0,5769620018.0,117819200043.0
2022-10-30 00:00:00+00:00,69098240613.0,43028537876.0,5782823654.0,117909602143.0
2022-10-31 00:00:00+00:00,69258582034.0,43017550469.0,5774959360.0,118051091863.0
2022-11-01 00:00:00+00:00,69415082044.0,42748681429.0,5683797889.0,117847561362.0
2022-11-02 00:00:00+00:00,69349642963.0,42330104077.0,5657479288.0,117337226328.0
2022-11-03 00:00:00+00:00,69345491008.0,41843624998.0,5668050768.0,116857166774.0
2022-11-04 00:00:00+00:00,69345840658.0,41395137770.0,5658283048.0,116399261476.0
2022-11-05 00:00:00+00:00,69355840658.0,41416693167.0,5692143252.0,116464677077.0
2022-11-06 00:00:00+00:00,69421840658.0,41336999807.0,5722149110.0,116480989575.0
2022-11-07 00:00:00+00:00,69421840658.0,41698583675.0,5772096726.0,116892521059.0
2022-11-08 00:00:00+00:00,69514640653.0,42489263465.0,5787183940.0,117791088058.0
2022-11-09 00:00:00+00:00,69853060833.0,42129207127.0,5751459012.0,117733726972.0
2022-11-10 00:00:00+00:00,68261959893.0,42218821815.0,5437149036.0,115917930744.0
2022-11-11 00:00:00+00:00,68261959893.0,42834596770.0,5391555587.0,116488112250.0
2022-11-12 00:00:00+00:00,67410067070.0,43340036858.0,5394004683.0,116144108611.0
2022-11-13 00:00:00+00:00,66458360239.0,43482420930.0,5441699507.0,115382480676.0
2022-11-14 00:00:00+00:00,66372513988.0,43446544668.0,5436348258.0,115255406914.0
2022-11-15 00:00:00+00:00,66048734131.0,43488762547.0,5466952845.0,115004449523.0
2022-11-16 00:00:00+00:00,65960834131.0,43800330700.0,5439447582.0,115200612413.0
2022-11-17 00:00:00+00:00,65934833971.0,43758235994.0,5430814158.0,115123884123.0
2022-11-18 00:00:00+00:00,65934833971.0,43507651864.0,5449264302.0,114891750137.0
2022-11-19 00:00:00+00:00,65935083722.0,43791914996.0,5425238337.0,115152237055.0
2022-11-20 00:00:00+00:00,65878083722.0,43843771600.0,5432064142.0,115153919464.0
2022-11-21 00:00:00+00:00,65875083722.0,43914502290.0,5405934262.0,115195520274.0
2022-11-22 00:00:00+00:00,65496800213.0,43519430981.0,5352993996.0,114369225190.0
2022-11-23 00:00:00+00:00,65498800213.0,43534633893.0,5367921913.0,114401356019.0
2022-11-24 00:00:00+00:00,65352699103.0,43236266582.0,5243752781.0,113832718466.0
2022-11-25 00:00:00+00:00,65352829103.0,43430142436.0,5261562431.0,114044533970.0
2022-11-26 00:00:00+00:00,65352829103.0,43384627129.0,5253903530.0,113991359762.0
2022-11-27 00:00:00+00:00,65352829103.0,43567987310.0,5266875738.0,114187692151.0
2022-11-28 00:00:00+00:00,65352829103.0,43708198071.0,5189391074.0,114250418248.0
2022-11-29 00:00:00+00:00,65352829103.0,43181658625.0,5197232902.0,113731720630.0
2022-11-30 00:00:00+00:00,65282829103.0,42807756360.0,5177508377.0,113268093840.0
2022-12-01 00:00:00+00:00,65352829103.0,42739041583.0,5190940506.0,113282811192.0
2022-12-02 00:00:00+00:00,65352829103.0,42592471004.0,5201199129.0,113146499236.0
2022-12-03 00:00:00+00:00,65434579462.0,42733811728.0,5223885223.0,113392276413.0
2022-12-04 00:00:00+00:00,65486363712.0,42845723436.0,5223149757.0,113555236905.0
2022-12-05 00:00:00+00:00,65486363712.0,42974788845.0,5220263452.0,113681416009.0
2022-12-06 00:00:00+00:00,65566863712.0,42683118139.0,5219747527.0,113469729378.0
2022-12-07 00:00:00+00:00,65675363712.0,42543671065.0,5170128638.0,113389163415.0
2022-12-08 00:00:00+00:00,65675362712.0,42331667033.0,5172166058.0,113179195803.0
2022-12-09 00:00:00+00:00,65697842712.0,42292932213.0,5176241274.0,113167016199.0
2022-12-10 00:00:00+00:00,65698342212.0,42247074934.0,5173767279.0,113119184425.0
2022-12-11 00:00:00+00:00,65698342212.0,42290118369.0,5180175960.0,113168636541.0
2022-12-12 00:00:00+00:00,65698342212.0,42301377524.0,5174745541.0,113174465277.0
2022-12-13 00:00:00+00:00,65782208212.0,42074216724.0,5162671193.0,113019096129.0
2022-12-14 00:00:00+00:00,65977518212.0,44626616042.0,5163529431.0,115767663685.0
2022-12-15 00:00:00+00:00,65962268212.0,44688619058.0,5152553455.0,115803440725.0
2022-12-16 00:00:00+00:00,66030168212.0,44577243325.0,5129580148.0,115736991685.0
2022-12-17 00:00:00+00:00,66042368212.0,44346361183.0,5138333362.0,115527062757.0
2022-12-18 00:00:00+00:00,66147253212.0,44391601210.0,5147283616.0,115686138038.0
2022-12-19 00:00:00+00:00,66147253212.0,44423748797.0,5147824207.0,115718826216.0
2022-12-20 00:00:00+00:00,66200693212.0,44053252635.0,5150611980.0,115404557827.0
2022-12-21 00:00:00+00:00,66233093212.0,43990112230.0,5170854946.0,115394060388.0
2022-12-22 00:00:00+00:00,66237845405.0,43804615636.0,5175522378.0,115217983419.0
2022-12-23 00:00:00+00:00,66237845405.0,43739095673.0,5164093379.0,115141034457.0
2022-12-24 00:00:00+00:00,66237795405.0,43687642813.0,5152980756.0,115078418974.0
2022-12-25 00:00:00+00:00,66237795405.0,43824498695.0,5157601809.0,115219895909.0
2022-12-26 00:00:00+00:00,66237795405.0,43932373714.0,5147332251.0,115317501370.0
2022-12-27 00:00:00+00:00,66240295405.0,44029716309.0,5136178470.0,115406190184.0
2022-12-28 00:00:00+00:00,66240295405.0,43733866515.0,5121377390.0,115095539310.0
2022-12-29 00:00:00+00:00,66247817799.0,43974243040.0,5080248555.0,115302309394.0
2022-12-30 00:00:00+00:00,66256361891.0,44028750640.0,5077444933.0,115362557464.0
2022-12-31 00:00:00+00:00,66256361891.0,44099863896.0,5061925238.0,115418151025.0
2023-01-01 00:00:00+00:00,66256361891.0,44128050714.0,5056502018.0,115440914623.0
2023-01-02 00:00:00+00:00,66256361891.0,44187371838.0,5052759431.0,115496493160.0
2023-01-03 00:00:00+00:00,66256361891.0,44292114800.0,5057787126.0,115606263817.0
2023-01-04 00:00:00+00:00,66256361891.0,43755897726.0,5059363528.0,115071623145.0
2023-01-05 00:00:00+00:00,66256361891.0,43707557292.0,5035185933.0,114999105116.0
2023-01-06 00:00:00+00:00,66265138847.0,43299974347.0,5016002044.0,114581115238.0
2023-01-07 00:00:00+00:00,66265138847.0,43268699457.0,5004284744.0,114538123048.0
2023-01-08 00:00:00+00:00,66265138847.0,43387399345.0,5047474309.0,114700012501.0
2023-01-09 00:00:00+00:00,66265138847.0,43528571993.0,5066075174.0,114859786014.0
2023-01-10 00:00:00+00:00,66265138847.0,43178991852.0,5072548741.0,114516679440.0
2023-01-11 00:00:00+00:00,66265235156.0,43248929190.0,5072035731.0,114586200077.0
2023-01-12 00:00:00+00:00,66265235023.0,43376173705.0,5058553959.0,114699962687.0
2023-01-13 00:00:00+00:00,66265234655.0,43497346143.0,5059736457.0,114822317255.0
2023-01-14 00:00:00+00:00,66265234518.0,43019641206.0,5085914736.0,114370790460.0
2023-01-15 00:00:00+00:00,66348034455.0,43256713977.0,5098324191.0,114703072623.0
2023-01-16 00:00:00+00:00,66348038279.0,43471957434.0,5102948703.0,114922944416.0
2023-01-17 00:00:00+00:00,66477485277.0,43411669158.0,5099089485.0,114988243920.0
2023-01-18 00:00:00+00:00,66477485276.0,43137150755.0,5097905769.0,114712541800.0
2023-01-19 00:00:00+00:00,66477485276.0,42668616303.0,5113297318.0,114259398897.0
2023-01-20 00:00:00+00:00,66477485276.0,42558209004.0,5112344782.0,114148039062.0
2023-01-21 00:00:00+00:00,66477485276.0,42749802510.0,5115147602.0,114342435388.0
2023-01-22 00:00:00+00:00,66690157269.0,42928688531.0,5135175908.0,114754021708.0
2023-01-23 00:00:00+00:00,66736957267.0,43067678014.0,5138197689.0,114942832970.0
2023-01-24 00:00:00+00:00,66847026263.0,43061027705.0,5141679004.0,115049732972.0
2023-01-25 00:00:00+00:00,67025890257.0,43225760695.0,5156257023.0,115407907975.0
2023-01-26 00:00:00+00:00,67181010253.0,43129927507.0,5156618447.0,115467556207.0
2023-01-27 00:00:00+00:00,67317930248.0,42883164714.0,5142995166.0,115344090128.0
2023-01-28 00:00:00+00:00,67497094240.0,42651052010.0,5131479374.0,115279625624.0
2023-01-29 00:00:00+00:00,67612864237.0,42686584108.0,5136085355.0,115435533700.0
2023-01-30 00:00:00+00:00,67768684232.0,42566618284.0,5131945540.0,115467248056.0
2023-01-31 00:00:00+00:00,67803984798.0,42155501707.0,5124448188.0,115083934693.0
2023-02-01 00:00:00+00:00,67785626780.0,41871646731.0,5109220274.0,114766493785.0
2023-02-02 00:00:00+00:00,67807926779.0,41863253556.0,5099834061.0,114771014396.0
2023-02-03 00:00:00+00:00,68021246768.0,41916156505.0,5107263655.0,115044666928.0
2023-02-04 00:00:00+00:00,68021246768.0,41463032779.0,5095939556.0,114580219103.0
2023-02-05 00:00:00+00:00,68057281686.0,41436743967.0,5103033741.0,114597059394.0
2023-02-06 00:00:00+00:00,68057281686.0,41495257893.0,5108661679.0,114661201258.0
2023-02-07 00:00:00+00:00,68175431684.0,41342044374.0,5106194710.0,114623670768.0
2023-02-08 00:00:00+00:00,68175031684.0,41168900667.0,5096385107.0,114440317458.0
2023-02-09 00:00:00+00:00,68175031684.0,41006514986.0,5101680743.0,114283227413.0
2023-02-10 00:00:00+00:00,68177031683.0,40981967912.0,5089114275.0,114248113870.0
2023-02-11 00:00:00+00:00,68312091683.0,40852727448.0,5083865127.0,114248684258.0
2023-02-12 00:00:00+00:00,68379291680.0,40781641461.0,5081238186.0,114242171327.0
2023-02-13 00:00:00+00:00,68404291680.0,40709074101.0,5082389286.0,114195755067.0
2023-02-14 00:00:00+00:00,69122316678.0,40443960753.0,5095430331.0,114661707762.0
2023-02-15 00:00:00+00:00,69484915674.0,40525652946.0,5086432467.0,115097001087.0
2023-02-16 00:00:00+00:00,69778380670.0,40975801486.0,5087085609.0,115841267765.0
2023-02-17 00:00:00+00:00,70146890659.0,41155854966.0,5090497126.0,116393242751.0
2023-02-18 00:00:00+00:00,70286590658.0,41399631618.0,5069755254.0,116755977530.0
2023-02-19 00:00:00+00:00,70395855657.0,41361539306.0,5082188199.0,116839583162.0
2023-02-20 00:00:00+00:00,70395855657.0,41409293788.0,5084376219.0,116889525664.0
2023-02-21 00:00:00+00:00,70432115656.0,41474981309.0,5087755205.0,116994852170.0
2023-02-22 00:00:00+00:00,70452425653.0,41628495125.0,5025497973.0,117106418751.0
2023-02-23 00:00:00+00:00,70583245569.0,41656338630.0,5034632736.0,117274216935.0
2023-02-24 00:00:00+00:00,70680398565.0,41792319067.0,5023801940.0,117496519572.0
2023-02-25 00:00:00+00:00,70790878484.0,42043206419.0,5022538524.0,117856623427.0
2023-02-26 00:00:00+00:00,70839528483.0,42116692266.0,5022390510.0,117978611259.0
2023-02-27 00:00:00+00:00,70876378483.0,42161843277.0,5027887498.0,118066109258.0
2023-02-28 00:00:00+00:00,70919778481.0,42130176064.0,5031544883.0,118081499428.0
2023-03-01 00:00:00+00:00,70961078475.0,41998033686.0,5025249703.0,117984361864.0
2023-03-02 00:00:00+00:00,71055458455.0,42086086516.0,5013821892.0,118155366863.0
2023-03-03 00:00:00+00:00,71109278154.0,42693916969.0,5022905153.0,118826100276.0
2023-03-04 00:00:00+00:00,71351777828.0,42990691625.0,5008414439.0,119350883892.0
2023-03-05 00:00:00+00:00,71435397827.0,43224112097.0,5016539623.0,119676049547.0
2023-03-06 00:00:00+00:00,71472117827.0,43489028917.0,5002052962.0,119963199706.0
2023-03-07 00:00:00+00:00,71584111032.0,43288611943.0,5004616099.0,119877339074.0
2023-03-08 00:00:00+00:00,71729084555.0,43227648530.0,4992034728.0,119948767813.0
2023-03-09 00:00:00+00:00,71733132005.0,43197203559.0,4978720763.0,119909056327.0
2023-03-10 00:00:00+00:00,71799456169.0,43176044700.0,4914241779.0,119889742648.0
2023-03-11 00:00:00+00:00,72075147930.0,42200261242.0,5099872824.0,119375281996.0
2023-03-12 00:00:00+00:00,72120358309.0,40661099587.0,5829992476.0,118611450372.0
2023-03-13 00:00:00+00:00,72557454192.0,40468620896.0,6354719957.0,119380795045.0
2023-03-14 00:00:00+00:00,72892204290.0,39082309637.0,6281301167.0,118255815094.0
2023-03-15 00:00:00+00:00,73400359945.0,38107230325.0,6040897060.0,117548487330.0
2023-03-16 00:00:00+00:00,74246550264.0,37201853852.0,5795515043.0,117243919159.0
2023-03-17 00:00:00+00:00,75163840900.0,36625309641.0,5566042447.0,117355192988.0
2023-03-18 00:00:00+00:00,76173667892.0,35900827555.0,5459068162.0,117533563609.0
2023-03-19 00:00:00+00:00,76213483077.0,35896107315.0,5430257937.0,117539848329.0
2023-03-20 00:00:00+00:00,76102599077.0,35864646603.0,5409493536.0,117376739216.0
2023-03-21 00:00:00+00:00,76849069864.0,35127847500.0,5399321748.0,117376239112.0
2023-03-22 00:00:00+00:00,77428990195.0,35018475849.0,5386927527.0,117834393571.0
2023-03-23 00:00:00+00:00,77776431260.0,34561811567.0,5295219811.0,117633462638.0
2023-03-24 00:00:00+00:00,78478753062.0,34226726304.0,5283706491.0,117989185857.0
2023-03-25 00:00:00+00:00,79014941308.0,33699932832.0,5243400361.0,117958274501.0
2023-03-26 00:00:00+00:00,79078783060.0,33687836176.0,5241821138.0,118008440374.0
2023-03-27 00:00:00+00:00,79097783049.0,33654085958.0,5234584092.0,117986453099.0
2023-03-28 00:00:00+00:00,79448607421.0,33230005206.0,5147163334.0,117825775961.0
2023-03-29 00:00:00+00:00,79513544279.0,32934314212.0,5118816202.0,117566674693.0
2023-03-30 00:00:00+00:00,79633547900.0,32892475877.0,5103349240.0,117629373017.0
2023-03-31 00:00:00+00:00,79665014575.0,32596518671.0,5096764173.0,117358297419.0
2023-04-01 00:00:00+00:00,79686510462.0,32263624903.0,5097219737.0,117047355102.0
2023-04-02 00:00:00+00:00,79686510462.0,32217032516.0,5098655957.0,117002198935.0
2023-04-03 00:00:00+00:00,79795510453.0,32242579486.0,5109383566.0,117147473505.0
2023-04-04 00:00:00+00:00,79901325455.0,32407648440.0,5092490382.0,117401464277.0
2023-04-05 00:00:00+00:00,79997214449.0,32366379216.0,5093332050.0,117456925715.0
2023-04-06 00:00:00+00:00,80100433550.0,32292582445.0,5083854788.0,117476870783.0
2023-04-07 00:00:00+00:00,80188035456.0,32458357943.0,5085068955.0,117731462354.0
2023-04-08 00:00:00+00:00,80193187657.0,32368455615.0,5082352628.0,117643995900.0
2023-04-09 00:00:00+00:00,80203187657.0,32373973329.0,5077677554.0,117654838540.0
2023-04-10 00:00:00+00:00,80203187657.0,32348239340.0,5070362809.0,117621789806.0
2023-04-11 00:00:00+00:00,80343238527.0,32244073459.0,5056286415.0,117643598401.0
2023-04-12 00:00:00+00:00,80443266292.0,32190008800.0,5044866926.0,117678142018.0
2023-04-13 00:00:00+00:00,80570447403.0,31916012075.0,5020927008.0,117507386486.0
2023-04-14 00:00:00+00:00,80756955086.0,31778490748.0,5010239606.0,117545685440.0
2023-04-15 00:00:00+00:00,80896461591.0,31690139980.0,5013234144.0,117599835715.0
2023-04-16 00:00:00+00:00,80913461589.0,31679783075.0,5026673664.0,117619918328.0
2023-04-17 00:00:00+00:00,80923461589.0,31672385116.0,5015182398.0,117611029103.0
2023-04-18 00:00:00+00:00,81052922317.0,31515167319.0,4882603473.0,117450693109.0
2023-04-19 00:00:00+00:00,81164195713.0,31259252221.0,4864412825.0,117287860759.0
2023-04-20 00:00:00+00:00,81291398302.0,31024125150.0,4857992464.0,117173515916.0
2023-04-21 00:00:00+00:00,81397398449.0,30843626016.0,4850557997.0,117091582462.0
2023-04-22 00:00:00+00:00,80620559312.0,30624432910.0,4800943948.0,116045936170.0
2023-04-23 00:00:00+00:00,81431518639.0,30626893202.0,4780968554.0,116839380395.0
2023-04-24 00:00:00+00:00,81441518639.0,30664917788.0,4779184914.0,116885621341.0
2023-04-25 00:00:00+00:00,81528400004.0,30577494462.0,4790025999.0,116895920465.0
2023-04-26 00:00:00+00:00,81566488286.0,30584538650.0,4788214973.0,116939241909.0
2023-04-27 00:00:00+00:00,81581156971.0,30622150699.0,4791491746.0,116994799416.0
2023-04-28 00:00:00+00:00,81605185849.0,30345877099.0,4782182539.0,116733245487.0
2023-04-29 00:00:00+00:00,81687767335.0,30371295833.0,4732221148.0,116791284316.0
2023-04-30 00:00:00+00:00,81697767321.0,30383345254.0,4732465508.0,116813578083.0
2023-05-01 00:00:00+00:00,81707767325.0,30377707020.0,4736276544.0,116821750889.0
2023-05-02 00:00:00+00:00,81790847851.0,30250696805.0,4728180040.0,116769724696.0
2023-05-03 00:00:00+00:00,81854781265.0,30092013409.0,4704545501.0,116651340175.0
2023-05-04 00:00:00+00:00,81975475257.0,30054378366.0,4685816678.0,116715670301.0
2023-05-05 00:00:00+00:00,82052222893.0,29976504364.0,4681419453.0,116710146710.0
2023-05-06 00:00:00+00:00,82068081639.0,30248649114.0,4672681864.0,116989412617.0
2023-05-07 00:00:00+00:00,82073081634.0,30250436795.0,4684342312.0,117007860741.0
2023-05-08 00:00:00+00:00,82078081629.0,30246077309.0,4685152787.0,117009311725.0
2023-05-09 00:00:00+00:00,82325354103.0,30070588797.0,4686842442.0,117082785342.0
2023-05-10 00:00:00+00:00,82466060394.0,29969310073.0,4691134797.0,117126505264.0
2023-05-11 00:00:00+00:00,82599114600.0,29953642808.0,4689552524.0,117242309932.0
2023-05-12 00:00:00+00:00,82713159758.0,29777410301.0,4683186811.0,117173756870.0
2023-05-13 00:00:00+00:00,82783885203.0,29824998855.0,4668987848.0,117277871906.0
2023-05-14 00:00:00+00:00,82783885203.0,29831494602.0,4668606133.0,117283985938.0
2023-05-15 00:00:00+00:00,82804277277.0,29791341213.0,4667519689.0,117263138179.0
2023-05-16 00:00:00+00:00,82809277270.0,29648720457.0,4663501672.0,117121499399.0
2023-05-17 00:00:00+00:00,82832082711.0,29547500679.0,4664002699.0,117043586089.0
2023-05-18 00:00:00+00:00,82840018135.0,29389266617.0,4667718936.0,116897003688.0
2023-05-19 00:00:00+00:00,82843573932.0,29511174727.0,4668603960.0,117023352619.0
2023-05-20 00:00:00+00:00,82895728300.0,29423527449.0,4666010659.0,116985266408.0
2023-05-21 00:00:00+00:00,82900728295.0,29422981307.0,4648066388.0,116971775990.0
2023-05-22 00:00:00+00:00,82905728289.0,29413145320.0,4658779379.0,116977652988.0
2023-05-23 00:00:00+00:00,82949208885.0,29297607147.0,4655179883.0,116901995915.0
2023-05-24 00:00:00+00:00,83013573950.0,29159242313.0,4635891798.0,116808708061.0
2023-05-25 00:00:00+00:00,83049248000.0,28941549928.0,4624612751.0,116615410679.0
2023-05-26 00:00:00+00:00,83063200196.0,28872556088.0,4622155160.0,116557911444.0
2023-05-27 00:00:00+00:00,83098239535.0,28895224890.0,4618938219.0,116612402644.0
2023-05-28 00:00:00+00:00,83103239529.0,28872583112.0,4622298595.0,116598121236.0
2023-05-29 00:00:00+00:00,83103239529.0,28850915125.0,4623864067.0,116578018721.0
2023-05-30 00:00:00+00:00,83118939765.0,28895495640.0,4626740896.0,116641176301.0
2023-05-31 00:00:00+00:00,83160474162.0,28822973056.0,4629017274.0,116612464492.0
2023-06-01 00:00:00+00:00,83198487627.0,28665011224.0,4619862639.0,116483361490.0
2023-06-02 00:00:00+00:00,83225841346.0,28740695806.0,4602232131.0,116568769283.0
2023-06-03 00:00:00+00:00,83128645073.0,28776788278.0,4591182850.0,116496616201.0
2023-06-04 00:00:00+00:00,83133645068.0,28766911374.0,4589517144.0,116490073586.0
2023-06-05 00:00:00+00:00,83138645060.0,28770478586.0,4589299270.0,116498422916.0
2023-06-06 00:00:00+00:00,83195143057.0,28690969178.0,4586122571.0,116472234806.0
2023-06-07 00:00:00+00:00,83266980941.0,28537436828.0,4573340863.0,116377758632.0
2023-06-08 00:00:00+00:00,83277591266.0,28388688620.0,4568056316.0,116234336202.0
2023-06-09 00:00:00+00:00,83297749826.0,28288057737.0,4552607685.0,116138415248.0
2023-06-10 00:00:00+00:00,83332664064.0,28120319455.0,4542446167.0,115995429686.0
2023-06-11 00:00:00+00:00,83343664057.0,28181539134.0,4544382326.0,116069585517.0
2023-06-12 00:00:00+00:00,83348664057.0,28202990012.0,4542050532.0,116093704601.0
2023-06-13 00:00:00+00:00,83478930155.0,28118370623.0,4516549995.0,116113850773.0
2023-06-14 00:00:00+00:00,83505217924.0,27986919456.0,4491866997.0,115984004377.0
2023-06-15 00:00:00+00:00,83539459054.0,27888345408.0,4484712392.0,115912516854.0
2023-06-16 00:00:00+00:00,83544985808.0,28004076314.0,4390326664.0,115939388786.0
2023-06-17 00:00:00+00:00,83549735056.0,28145000251.0,4398108246.0,116092843553.0
2023-06-18 00:00:00+00:00,83156027042.0,28140675825.0,4416537189.0,115713240056.0
2023-06-19 00:00:00+00:00,83156027042.0,28130413960.0,4426960688.0,115713401690.0
2023-06-20 00:00:00+00:00,83159185882.0,28249176070.0,4420215648.0,115828577600.0
2023-06-21 00:00:00+00:00,83166935125.0,28346860716.0,4445905218.0,115959701059.0
2023-06-22 00:00:00+00:00,83174169306.0,28232880812.0,4424675101.0,115831725219.0
2023-06-23 00:00:00+00:00,83184169317.0,28206917825.0,4447843472.0,115838930614.0
2023-06-24 00:00:00+00:00,83184169317.0,28211878780.0,4452673151.0,115848721248.0
2023-06-25 00:00:00+00:00,83189169317.0,28223195845.0,4454474273.0,115866839435.0
2023-06-26 00:00:00+00:00,83194169312.0,28224054250.0,4449300505.0,115867524067.0
2023-06-27 00:00:00+00:00,83216257484.0,28127374900.0,4425650858.0,115769283242.0
2023-06-28 00:00:00+00:00,83222640434.0,27979425219.0,4410084564.0,115612150217.0
2023-06-29 00:00:00+00:00,83307731669.0,27866383227.0,4397271965.0,115571386861.0
2023-06-30 00:00:00+00:00,83359863360.0,27724620748.0,4379764323.0,115464248431.0
2023-07-01 00:00:00+00:00,83320859006.0,27132925414.0,4344009117.0,114797793537.0
2023-07-02 00:00:00+00:00,83320859006.0,27152516863.0,4341983422.0,114815359291.0
2023-07-03 00:00:00+00:00,83320859006.0,27157152929.0,4338410396.0,114816422331.0
2023-07-04 00:00:00+00:00,83331873579.0,27438030473.0,4333263420.0,115103167472.0
2023-07-05 00:00:00+00:00,83333734068.0,27468737486.0,4334866213.0,115137337767.0
2023-07-06 00:00:00+00:00,83334004999.0,27415757731.0,4317257780.0,115067020510.0
2023-07-07 00:00:00+00:00,83334319952.0,27272490404.0,4310592303.0,114917402659.0
2023-07-08 00:00:00+00:00,83337768993.0,27213544329.0,4307563296.0,114858876618.0
2023-07-09 00:00:00+00:00,83337768983.0,27211802158.0,4299681210.0,114849252351.0
2023-07-10 00:00:00+00:00,83329868983.0,27216440803.0,4293474192.0,114839783978.0
2023-07-11 00:00:00+00:00,83328289818.0,27109264131.0,4287056748.0,114724610697.0
2023-07-12 00:00:00+00:00,83352634014.0,27060818639.0,4293116204.0,114706568857.0
2023-07-13 00:00:00+00:00,83357216574.0,26988918818.0,4282971651.0,114629107043.0
2023-07-14 00:00:00+00:00,83413240012.0,27155801117.0,4286614846.0,114855655975.0
2023-07-15 00:00:00+00:00,83593002993.0,27016341485.0,4281243577.0,114890588055.0
2023-07-16 00:00:00+00:00,83617525941.0,27025204611.0,4282335315.0,114925065867.0
2023-07-17 00:00:00+00:00,83628525930.0,27045950391.0,4276316834.0,114950793155.0
2023-07-18 00:00:00+00:00,83729629319.0,26816244126.0,4267715079.0,114813588524.0
2023-07-19 00:00:00+00:00,83784430445.0,26746754219.0,4266628279.0,114797812943.0
2023-07-20 00:00:00+00:00,83754595772.0,26634551829.0,4257529974.0,114646677575.0
2023-07-21 00:00:00+00:00,83798446907.0,26582269438.0,4251104355.0,114631820700.0
2023-07-22 00:00:00+00:00,83775338994.0,26534110284.0,4230107612.0,114539556890.0
2023-07-23 00:00:00+00:00,83780338989.0,26526966073.0,4231119449.0,114538424511.0
2023-07-24 00:00:00+00:00,83780338989.0,26519666418.0,4232543995.0,114532549402.0
2023-07-25 00:00:00+00:00,83788525522.0,26397964508.0,4201157577.0,114387647607.0
2023-07-26 00:00:00+00:00,83789146039.0,26322031148.0,4194984831.0,114306162018.0
2023-07-27 00:00:00+00:00,83794928377.0,26233307648.0,4181562937.0,114209798962.0
2023-07-28 00:00:00+00:00,83800932183.0,26251972715.0,4175435568.0,114228340466.0
2023-07-29 00:00:00+00:00,83803836403.0,26224182963.0,4155154881.0,114183174247.0
2023-07-30 00:00:00+00:00,83803836403.0,26262929510.0,4149437260.0,114216203173.0
2023-07-31 00:00:00+00:00,83797285742.0,26261362184.0,4153599268.0,114212247194.0
2023-08-01 00:00:00+00:00,83873378189.0,26195419435.0,4167675662.0,114236473286.0
2023-08-02 00:00:00+00:00,83874617419.0,25989002607.0,4107008272.0,113970628298.0
2023-08-03 00:00:00+00:00,83876255948.0,25864742745.0,4080386474.0,113821385167.0
2023-08-04 00:00:00+00:00,83876255948.0,25765219602.0,4053444400.0,113694919950.0
2023-08-05 00:00:00+00:00,83881700967.0,25690465626.0,4029865044.0,113602031637.0
2023-08-06 00:00:00+00:00,83881700967.0,25688180548.0,4035369905.0,113605251420.0
2023-08-07 00:00:00+00:00,83881700967.0,25686797963.0,4032490489.0,113600989419.0
2023-08-08 00:00:00+00:00,83557764340.0,25811578349.0,4025817928.0,113395160617.0
2023-08-09 00:00:00+00:00,83511223882.0,25956408430.0,4042969770.0,113510602082.0
2023-08-10 00:00:00+00:00,83512053052.0,25945179045.0,4046545252.0,113503777349.0
2023-08-11 00:00:00+00:00,83512552527.0,25815464791.0,4005561358.0,113333578676.0
2023-08-12 00:00:00+00:00,83387991626.0,25782353613.0,3969319820.0,113139665059.0
2023-08-13 00:00:00+00:00,83387991626.0,25823761081.0,4007354627.0,113219107334.0
2023-08-14 00:00:00+00:00,83387991626.0,25853211025.0,3993144855.0,113234347506.0
2023-08-15 00:00:00+00:00,83389050707.0,25662906710.0,3964872714.0,113016830131.0
2023-08-16 00:00:00+00:00,83159126422.0,25703967100.0,3927748770.0,112790842292.0
2023-08-17 00:00:00+00:00,82994370395.0,25742157859.0,3925028254.0,112661556508.0
2023-08-18 00:00:00+00:00,82819461935.0,25790323246.0,3933424140.0,112543209321.0
2023-08-19 00:00:00+00:00,82823608782.0,25457553060.0,3931626061.0,112212787903.0
2023-08-20 00:00:00+00:00,82823608782.0,25644378207.0,3929053540.0,112397040529.0
2023-08-21 00:00:00+00:00,82823608782.0,25649020295.0,3969985874.0,112442614951.0
2023-08-22 00:00:00+00:00,82826097691.0,25646447437.0,5085500655.0,113558045783.0
2023-08-23 00:00:00+00:00,82832852959.0,25592161638.0,5081764129.0,113506778726.0
2023-08-24 00:00:00+00:00,82822901509.0,25680714466.0,5065070487.0,113568686462.0
2023-08-25 00:00:00+00:00,82826258267.0,25569315469.0,5112143122.0,113507716858.0
2023-08-26 00:00:00+00:00,82828725797.0,25635926640.0,5104549537.0,113569201974.0
2023-08-27 00:00:00+00:00,82828725797.0,25688679094.0,5134665931.0,113652070822.0
2023-08-28 00:00:00+00:00,82828725797.0,25746763037.0,5152157924.0,113727646758.0
2023-08-29 00:00:00+00:00,82835281925.0,25733184247.0,5154730845.0,113723197017.0
2023-08-30 00:00:00+00:00,82836705499.0,25869198762.0,5197303938.0,113903208199.0
2023-08-31 00:00:00+00:00,82839654049.0,25827476369.0,5204661950.0,113871792368.0
2023-09-01 00:00:00+00:00,82845642167.0,25914941130.0,5214990618.0,113975573915.0
2023-09-02 00:00:00+00:00,82877292012.0,25857627495.0,5201377691.0,113936297198.0
2023-09-03 00:00:00+00:00,82877292012.0,25870674648.0,5220532564.0,113968499224.0
2023-09-04 00:00:00+00:00,82877292012.0,25916593491.0,5236386776.0,114030272279.0
2023-09-05 00:00:00+00:00,82882641165.0,25760615013.0,5227719419.0,113870975597.0
2023-09-06 00:00:00+00:00,82885039764.0,25596726929.0,5218466328.0,113700233021.0
2023-09-07 00:00:00+00:00,82888307993.0,25579952964.0,5248477681.0,113716738638.0
2023-09-08 00:00:00+00:00,82890066233.0,25419930515.0,5240798289.0,113550795037.0
2023-09-09 00:00:00+00:00,82993370803.0,25550154541.0,5258385392.0,113801910736.0
2023-09-10 00:00:00+00:00,82993370803.0,25580353050.0,5265512832.0,113839236685.0
2023-09-11 00:00:00+00:00,82993370803.0,25640222571.0,5290034840.0,113923628214.0
2023-09-12 00:00:00+00:00,83003117902.0,25571258531.0,5300287318.0,113874663751.0
2023-09-13 00:00:00+00:00,83008854473.0,25675045073.0,5314066059.0,113997965605.0
2023-09-14 00:00:00+00:00,83011848204.0,25714552942.0,5334090820.0,114060491966.0
2023-09-15 00:00:00+00:00,83019048237.0,25670470756.0,5361328213.0,114050847206.0
2023-09-16 00:00:00+00:00,83019048236.0,25612143584.0,5370670849.0,114001862669.0
2023-09-17 00:00:00+00:00,83019048236.0,25666974546.0,5391639726.0,114077662508.0
2023-09-18 00:00:00+00:00,83019048236.0,25671163379.0,5425403996.0,114115615611.0
2023-09-19 00:00:00+00:00,83068755239.0,25634462258.0,5410308346.0,114113525843.0
2023-09-20 00:00:00+00:00,83139501601.0,25560926090.0,5415874632.0,114116302323.0
2023-09-21 00:00:00+00:00,83168141273.0,25479830926.0,5422717843.0,114070690042.0
2023-09-22 00:00:00+00:00,83171325515.0,25298919373.0,5428867004.0,113899111892.0
2023-09-23 00:00:00+00:00,83178483701.0,25252642283.0,5432447136.0,113863573120.0
2023-09-24 00:00:00+00:00,83180866470.0,25266630378.0,5458992191.0,113906489039.0
2023-09-25 00:00:00+00:00,83180866470.0,25272353934.0,5463760141.0,113916980545.0
2023-09-26 00:00:00+00:00,83185008082.0,25091997278.0,5461293854.0,113738299214.0
2023-09-27 00:00:00+00:00,83243973134.0,25071733285.0,5458298456.0,113774004875.0
2023-09-28 00:00:00+00:00,83248340765.0,24940524453.0,5453864063.0,113642729281.0
2023-09-29 00:00:00+00:00,83253698407.0,25104355641.0,5475998005.0,113834052053.0
2023-09-30 00:00:00+00:00,83221172676.0,24719546593.0,5485378687.0,113426097956.0
2023-10-01 00:00:00+00:00,83232172676.0,24776652510.0,5478876919.0,113487702105.0
2023-10-02 00:00:00+00:00,83234172676.0,24801192130.0,5485345143.0,113520709949.0
2023-10-03 00:00:00+00:00,83317986709.0,24938605244.0,5495064665.0,113751656618.0
2023-10-04 00:00:00+00:00,83342217736.0,24796660212.0,5477242060.0,113616120008.0
2023-10-05 00:00:00+00:00,83344022138.0,24718523751.0,5472486832.0,113535032721.0
2023-10-06 00:00:00+00:00,83379670190.0,24713919407.0,5471003803.0,113564593400.0
2023-10-07 00:00:00+00:00,83413066842.0,24987213634.0,5477264779.0,113877545255.0
2023-10-08 00:00:00+00:00,83451566842.0,25015532573.0,5487036588.0,113954136003.0
2023-10-09 00:00:00+00:00,83451566842.0,25030759136.0,5497513155.0,113979839133.0
2023-10-10 00:00:00+00:00,83472069062.0,24999133168.0,5506574128.0,113977776358.0
2023-10-11 00:00:00+00:00,83489869062.0,24879384406.0,5501287634.0,113870541102.0
2023-10-12 00:00:00+00:00,83497134325.0,24713509050.0,5483900054.0,113694543429.0
2023-10-13 00:00:00+00:00,83499157750.0,24604428204.0,5450677235.0,113554263189.0
2023-10-14 00:00:00+00:00,83504131933.0,24570148280.0,5458065205.0,113532345418.0
2023-10-15 00:00:00+00:00,83504131933.0,24602589236.0,5476087407.0,113582808576.0
2023-10-16 00:00:00+00:00,83508131933.0,24669094048.0,5483128141.0,113660354122.0
2023-10-17 00:00:00+00:00,83564073494.0,24740884768.0,5476174356.0,113781132618.0
2023-10-18 00:00:00+00:00,83658558996.0,24768367449.0,5484577126.0,113911503571.0
2023-10-19 00:00:00+00:00,83792007688.0,24761705567.0,5483484755.0,114037198010.0
2023-10-20 00:00:00+00:00,83902581464.0,24867638704.0,5516688459.0,114286908627.0
2023-10-21 00:00:00+00:00,84130259194.0,24916454497.0,5540157449.0,114586871140.0
2023-10-22 00:00:00+00:00,84131359672.0,24939168495.0,5550758859.0,114621287026.0
2023-10-23 00:00:00+00:00,84142359672.0,24928945517.0,5554864953.0,114626170142.0
2023-10-24 00:00:00+00:00,84264122116.0,24838422096.0,5510883570.0,114613427782.0
2023-10-25 00:00:00+00:00,84233811435.0,24437827441.0,5483672839.0,114155311715.0
2023-10-26 00:00:00+00:00,84368685906.0,24555653839.0,5480575965.0,114404915710.0
2023-10-27 00:00:00+00:00,84487655718.0,24524779067.0,5495332659.0,114507767444.0
2023-10-28 00:00:00+00:00,84515238111.0,24380740868.0,5468731144.0,114364710123.0
2023-10-29 00:00:00+00:00,84515238111.0,24413937127.0,5444691075.0,114373866313.0
2023-10-30 00:00:00+00:00,84515238111.0,24458926812.0,5436257315.0,114410422238.0
2023-10-31 00:00:00+00:00,84564598508.0,24344687407.0,5342821155.0,114252107070.0
2023-11-01 00:00:00+00:00,84778830833.0,24176878457.0,5287336681.0,114243045971.0
2023-11-02 00:00:00+00:00,84849462984.0,24161194972.0,5337492124.0,114348150080.0
2023-11-03 00:00:00+00:00,85174392534.0,23867421193.0,5326571398.0,114368385125.0
2023-11-04 00:00:00+00:00,85329884145.0,23899424368.0,5331439343.0,114560747856.0
2023-11-05 00:00:00+00:00,85339884144.0,23982608181.0,5349348702.0,114671841027.0
2023-11-06 00:00:00+00:00,85367984142.0,24003236380.0,5344181928.0,114715402450.0
2023-11-07 00:00:00+00:00,85712109690.0,23817430639.0,5330370526.0,114859910855.0
2023-11-08 00:00:00+00:00,86059207862.0,23752297148.0,5317462505.0,115128967515.0
2023-11-09 00:00:00+00:00,86236089163.0,23618587003.0,5283067262.0,115137743428.0
2023-11-10 00:00:00+00:00,86489374731.0,23500780589.0,5275335773.0,115265491093.0
2023-11-11 00:00:00+00:00,86651790617.0,23518074759.0,5256992533.0,115426857909.0
2023-11-12 00:00:00+00:00,86766265615.0,23580366142.0,5286480319.0,115633112076.0
2023-11-13 00:00:00+00:00,86776580495.0,23634897489.0,5270872341.0,115682350325.0
2023-11-14 00:00:00+00:00,87049399807.0,23396607702.0,5254549206.0,115700556715.0
2023-11-15 00:00:00+00:00,87295398005.0,23187038999.0,5227581784.0,115710018788.0
2023-11-16 00:00:00+00:00,87406916113.0,23442920950.0,5215510801.0,116065347864.0
2023-11-17 00:00:00+00:00,87502024032.0,23507080006.0,5207365933.0,116216469971.0
2023-11-18 00:00:00+00:00,87650408687.0,23757478112.0,5196263570.0,116604150369.0
2023-11-19 00:00:00+00:00,87665708687.0,23770394758.0,5210481998.0,116646585443.0
2023-11-20 00:00:00+00:00,87688283686.0,23813281719.0,5232165262.0,116733730667.0
2023-11-21 00:00:00+00:00,87999214565.0,23853840231.0,5223326418.0,117076381214.0
2023-11-22 00:00:00+00:00,88280778060.0,23700765516.0,5236274967.0,117217818543.0
2023-11-23 00:00:00+00:00,88445991835.0,23740658670.0,5235805645.0,117422456150.0
2023-11-24 00:00:00+00:00,88486990065.0,23754368571.0,5234612331.0,117475970967.0
2023-11-25 00:00:00+00:00,88683450806.0,23978886257.0,5268065361.0,117930402424.0
2023-11-26 00:00:00+00:00,88700950806.0,23976050681.0,5285673286.0,117962674773.0
2023-11-27 00:00:00+00:00,88755950804.0,23920388873.0,5290788423.0,117967128100.0
2023-11-28 00:00:00+00:00,88897224190.0,23680900263.0,5277763272.0,117855887725.0
2023-11-29 00:00:00+00:00,89051834037.0,23856423201.0,5281642076.0,118189899314.0
2023-11-30 00:00:00+00:00,89253851478.0,23762150801.0,5279748080.0,118295750359.0
2023-12-01 00:00:00+00:00,89317080453.0,23807958530.0,5281563851.0,118406602834.0
2023-12-02 00:00:00+00:00,89499174101.0,23815559024.0,5274416214.0,118589149339.0
2023-12-03 00:00:00+00:00,89569124098.0,23799118337.0,5260495810.0,118628738245.0
2023-12-04 00:00:00+00:00,89619724097.0,23774520696.0,5282108988.0,118676353781.0
2023-12-05 00:00:00+00:00,89786241693.0,23642787409.0,5296753627.0,118725782729.0
2023-12-06 00:00:00+00:00,90005799511.0,23554487025.0,5294583435.0,118854869971.0
2023-12-07 00:00:00+00:00,90040209002.0,23541269425.0,5312218620.0,118893697047.0
2023-12-08 00:00:00+00:00,90228000442.0,23600185435.0,5324896820.0,119153082697.0
2023-12-09 00:00:00+00:00,90307767897.0,23763399955.0,5341425790.0,119412593642.0
2023-12-10 00:00:00+00:00,90561569096.0,23800765636.0,5360690841.0,119723025573.0
2023-12-11 00:00:00+00:00,90517569096.0,23805577094.0,5366211499.0,119689357689.0
2023-12-12 00:00:00+00:00,90606798292.0,23405513901.0,5324118362.0,119336430555.0
2023-12-13 00:00:00+00:00,90624753215.0,23298020237.0,5225223485.0,119147996937.0
2023-12-14 00:00:00+00:00,90631136003.0,23542287871.0,5205753750.0,119379177624.0
2023-12-15 00:00:00+00:00,90790069493.0,23650623842.0,5203731059.0,119644424394.0
2023-12-16 00:00:00+00:00,90884632596.0,23757991956.0,5186598849.0,119829223401.0
2023-12-17 00:00:00+00:00,90884632596.0,23767281924.0,5218317603.0,119870232123.0
2023-12-18 00:00:00+00:00,90884632596.0,23719180948.0,5219995202.0,119823808746.0
2023-12-19 00:00:00+00:00,90890026114.0,23869459276.0,5229859277.0,119989344667.0
2023-12-20 00:00:00+00:00,90903282682.0,24105525681.0,5226985397.0,120235793760.0
2023-12-21 00:00:00+00:00,90997478400.0,24231924976.0,5228354219.0,120457757595.0
2023-12-22 00:00:00+00:00,91042674797.0,24138399413.0,5228821710.0,120409895920.0
2023-12-23 00:00:00+00:00,91166134358.0,24409485162.0,5243131404.0,120818750924.0
2023-12-24 00:00:00+00:00,91232934358.0,24426184285.0,5268833981.0,120927952624.0
2023-12-25 00:00:00+00:00,91288596668.0,24451863876.0,5267079542.0,121007540086.0
2023-12-26 00:00:00+00:00,91298065200.0,24400862987.0,5250732612.0,120949660799.0
2023-12-27 00:00:00+00:00,91315808078.0,24063409418.0,5229957177.0,120609174673.0
2023-12-28 00:00:00+00:00,91427015093.0,24222944015.0,5225992129.0,120875951237.0
2023-12-29 00:00:00+00:00,91497677422.0,24172541481.0,5202648234.0,120872867137.0
2023-12-30 00:00:00+00:00,91651728372.0,24112008590.0,5200956943.0,120964693905.0
2023-12-31 00:00:00+00:00,91677093371.0,24025552613.0,5189602665.0,120892248649.0
2024-01-01 00:00:00+00:00,91677928371.0,23863493722.0,5165963739.0,120707385832.0
2024-01-02 00:00:00+00:00,91682127370.0,23950386290.0,5204611604.0,120837125264.0
2024-01-03 00:00:00+00:00,92020117112.0,24114881441.0,5221682248.0,121356680801.0
2024-01-04 00:00:00+00:00,92411788606.0,24266940179.0,5231656231.0,121910385016.0
2024-01-05 00:00:00+00:00,92780444258.0,24353067798.0,5230133850.0,122363645906.0
2024-01-06 00:00:00+00:00,93320401318.0,24589809397.0,5202018899.0,123112229614.0
2024-01-07 00:00:00+00:00,93528001318.0,24613313653.0,5203035418.0,123344350389.0
2024-01-08 00:00:00+00:00,93596751318.0,24612675798.0,5212861627.0,123422288743.0
2024-01-09 00:00:00+00:00,94063288707.0,24550664243.0,5235400551.0,123849353501.0
2024-01-10 00:00:00+00:00,94368207275.0,24394441160.0,5237727137.0,124000375572.0
2024-01-11 00:00:00+00:00,94591242888.0,24396846035.0,5242203237.0,124230292160.0
2024-01-12 00:00:00+00:00,94980329573.0,24405992701.0,5231937329.0,124618259603.0
2024-01-13 00:00:00+00:00,94982958944.0,24482663795.0,5190655663.0,124656278402.0
2024-01-14 00:00:00+00:00,94982958944.0,24571655907.0,5186211420.0,124740826271.0
2024-01-15 00:00:00+00:00,94982958938.0,24570818353.0,5150822003.0,124704599294.0
2024-01-16 00:00:00+00:00,95093844052.0,24556922461.0,5141979515.0,124792746028.0
2024-01-17 00:00:00+00:00,95101372849.0,24534036327.0,5138381160.0,124773790336.0
2024-01-18 00:00:00+00:00,95137139323.0,24772680029.0,5130679613.0,125040498965.0
2024-01-19 00:00:00+00:00,95033236391.0,24728677091.0,5120786675.0,124882700157.0
2024-01-20 00:00:00+00:00,95033236391.0,24657925376.0,5110141693.0,124801303460.0
2024-01-21 00:00:00+00:00,95033236391.0,24798972412.0,5108789741.0,124940998544.0
2024-01-22 00:00:00+00:00,94902945511.0,24821227894.0,5104227326.0,124828400731.0
2024-01-23 00:00:00+00:00,94865026114.0,24674962523.0,5083879257.0,124623867894.0
2024-01-24 00:00:00+00:00,95563944196.0,24711208898.0,5104236372.0,125379389466.0
2024-01-25 00:00:00+00:00,95540986301.0,24821272237.0,5128691104.0,125490949642.0
2024-01-26 00:00:00+00:00,95543581705.0,24981649927.0,5152183954.0,125677415586.0
2024-01-27 00:00:00+00:00,96023872796.0,25051595734.0,5163763715.0,126239232245.0
2024-01-28 00:00:00+00:00,96022872795.0,25108525962.0,5164417543.0,126295816300.0
2024-01-29 00:00:00+00:00,96022872795.0,25131033620.0,5165742513.0,126319648928.0
2024-01-30 00:00:00+00:00,96040095474.0,25374565041.0,5154738424.0,126569398939.0
2024-01-31 00:00:00+00:00,96187066652.0,25610422713.0,4888965331.0,126686454696.0
2024-02-01 00:00:00+00:00,96206404754.0,25842279664.0,4827538760.0,126876223178.0
2024-02-02 00:00:00+00:00,96208938476.0,25781117066.0,4826453607.0,126816509149.0
2024-02-03 00:00:00+00:00,96218466557.0,25897770065.0,4813793555.0,126930030177.0
2024-02-04 00:00:00+00:00,96218466557.0,25949372718.0,4818518677.0,126986357952.0
2024-02-05 00:00:00+00:00,96219105918.0,25994030472.0,4818536288.0,127031672678.0
2024-02-06 00:00:00+00:00,96223618245.0,25966881238.0,4800107651.0,126990607134.0
2024-02-07 00:00:00+00:00,96168527921.0,26217899254.0,4810955896.0,127197383071.0
2024-02-08 00:00:00+00:00,96173255742.0,26414784653.0,4802324962.0,127390365357.0
2024-02-09 00:00:00+00:00,96193378383.0,26616157472.0,4804373570.0,127613909425.0
2024-02-10 00:00:00+00:00,96208378383.0,26806565845.0,4820192058.0,127835136286.0
2024-02-11 00:00:00+00:00,96328878383.0,26826968671.0,4837400591.0,127993247645.0
2024-02-12 00:00:00+00:00,96462258382.0,26803610811.0,4851403888.0,128117273081.0
2024-02-13 00:00:00+00:00,96655458382.0,26657271501.0,4819384497.0,128132114380.0
2024-02-14 00:00:00+00:00,96787758381.0,26715501557.0,4811112499.0,128314372437.0
2024-02-15 00:00:00+00:00,96948454100.0,26884937563.0,4806302281.0,128639693944.0
2024-02-16 00:00:00+00:00,97334361243.0,26962603158.0,4836878225.0,129133842626.0
2024-02-17 00:00:00+00:00,97537110494.0,26960510313.0,4823566990.0,129321187797.0
2024-02-18 00:00:00+00:00,97644529575.0,26965558239.0,4844204179.0,129454291993.0
2024-02-19 00:00:00+00:00,97674223122.0,26923120421.0,4852479347.0,129449822890.0
2024-02-20 00:00:00+00:00,97694587262.0,26884372118.0,4897517416.0,129476476796.0
2024-02-21 00:00:00+00:00,97805414635.0,26849138162.0,4858090731.0,129512643528.0
2024-02-22 00:00:00+00:00,97828950767.0,26905476515.0,4859889895.0,129594317177.0
2024-02-23 00:00:00+00:00,97830410207.0,26853304821.0,4833497577.0,129517212605.0
2024-02-24 00:00:00+00:00,97897857760.0,26941129038.0,4854271125.0,129693257923.0
2024-02-25 00:00:00+00:00,97897857760.0,26990807634.0,4868600025.0,129757265419.0
2024-02-26 00:00:00+00:00,97897857458.0,27016393884.0,4872640509.0,129786891851.0
2024-02-27 00:00:00+00:00,98106291060.0,27248948581.0,4893923621.0,130249163262.0
2024-02-28 00:00:00+00:00,98378060190.0,27196072647.0,4904084525.0,130478217362.0
2024-02-29 00:00:00+00:00,98695532864.0,27347800752.0,4918653402.0,130961987018.0
2024-03-01 00:00:00+00:00,98834150546.0,27484804686.0,4926300774.0,131245256006.0
2024-03-02 00:00:00+00:00,99173460259.0,27673628724.0,4944380165.0,131791469148.0
2024-03-03 00:00:00+00:00,99422260259.0,27661749630.0,4922861442.0,132006871331.0
2024-03-04 00:00:00+00:00,99525850149.0,27603887693.0,4927481093.0,132057218935.0
2024-03-05 00:00:00+00:00,100038817337.0,27538326850.0,4885233745.0,132462377932.0
2024-03-06 00:00:00+00:00,100434401358.0,27464080572.0,4705471600.0,132603953530.0
2024-03-07 00:00:00+00:00,100752179979.0,27739878379.0,4776331749.0,133268390107.0
2024-03-08 00:00:00+00:00,101039338406.0,27884612179.0,4375266494.0,133299217079.0
2024-03-09 00:00:00+00:00,101586455788.0,28440553688.0,4337628063.0,134364637539.0
2024-03-10 00:00:00+00:00,101812755784.0,28481735114.0,4335687531.0,134630178429.0
2024-03-11 00:00:00+00:00,102012255784.0,28604591336.0,4511057722.0,135127904842.0
2024-03-12 00:00:00+00:00,102428495868.0,28972227031.0,4507244343.0,135907967242.0
2024-03-13 00:00:00+00:00,102656982792.0,28934440144.0,4503268947.0,136094691883.0
2024-03-14 00:00:00+00:00,103124150069.0,29227668673.0,4523044713.0,136874863455.0
2024-03-15 00:00:00+00:00,103256569684.0,29027559819.0,4525317401.0,136809446904.0
2024-03-16 00:00:00+00:00,103308077351.0,29367700856.0,4613927584.0,137289705791.0
2024-03-17 00:00:00+00:00,103403077351.0,29425677193.0,4664961848.0,137493716392.0
2024-03-18 00:00:00+00:00,103403287141.0,29351921177.0,4620024649.0,137375232967.0
2024-03-19 00:00:00+00:00,103656755951.0,29670459831.0,4678125828.0,138005341610.0
2024-03-20 00:00:00+00:00,103767644673.0,29690124696.0,4633344856.0,138091114225.0
2024-03-21 00:00:00+00:00,103892152366.0,29932564271.0,4604280265.0,138428996902.0
2024-03-22 00:00:00+00:00,104042110539.0,30332201522.0,4627953557.0,139002265618.0
2024-03-23 00:00:00+00:00,104007508096.0,30524444759.0,4707116462.0,139239069317.0
2024-03-24 00:00:00+00:00,103997508096.0,30547102777.0,4776386201.0,139320997074.0
2024-03-25 00:00:00+00:00,104002508096.0,30537647709.0,4825561840.0,139365717645.0
2024-03-26 00:00:00+00:00,104231823342.0,31565676685.0,4725382299.0,140522882326.0
2024-03-27 00:00:00+00:00,104358215527.0,31613745703.0,4754423579.0,140726384809.0
2024-03-28 00:00:00+00:00,104438284293.0,31416151474.0,4748062281.0,140602498048.0
2024-03-29 00:00:00+00:00,104488442732.0,31780276306.0,4759597317.0,141028316355.0
2024-03-30 00:00:00+00:00,104489471207.0,31841917385.0,4832072824.0,141163461416.0
2024-03-31 00:00:00+00:00,104489471207.0,31824931204.0,4828051348.0,141142453759.0
2024-04-01 00:00:00+00:00,104430769909.0,31790934909.0,4835983113.0,141057687931.0
2024-04-02 00:00:00+00:00,104642068610.0,31990864846.0,4899900513.0,141532833969.0
2024-04-03 00:00:00+00:00,105262851088.0,32165088086.0,4905662706.0,142333601880.0
2024-04-04 00:00:00+00:00,106128909629.0,32195126362.0,4877319619.0,143201355610.0
2024-04-05 00:00:00+00:00,106577580717.0,32336584375.0,4930671598.0,143844836690.0
2024-04-06 00:00:00+00:00,106790630717.0,32230297819.0,4984402452.0,144005330988.0
2024-04-07 00:00:00+00:00,106876390717.0,32255081128.0,5051518842.0,144182990687.0
2024-04-08 00:00:00+00:00,106877390717.0,32235006842.0,5021897481.0,144134295040.0
2024-04-09 00:00:00+00:00,107027788864.0,31925953622.0,4804709294.0,143758451780.0
2024-04-10 00:00:00+00:00,107160428303.0,31616443554.0,4745275334.0,143522147191.0
2024-04-11 00:00:00+00:00,107238627404.0,31517808937.0,4791804133.0,143548240474.0
2024-04-12 00:00:00+00:00,107277465966.0,31549341681.0,4809921396.0,143636729043.0
2024-04-13 00:00:00+00:00,107330394387.0,31264179381.0,4879073069.0,143473646837.0
2024-04-14 00:00:00+00:00,107660374387.0,31652420433.0,5066747800.0,144379542620.0
2024-04-15 00:00:00+00:00,107695174387.0,31594412347.0,5013641149.0,144303227883.0
2024-04-16 00:00:00+00:00,108064841620.0,31704938570.0,4933211904.0,144702992094.0
2024-04-17 00:00:00+00:00,108741585291.0,31899526710.0,5038634509.0,145679746510.0
2024-04-18 00:00:00+00:00,109092586086.0,29831505528.0,4942929906.0,143867021520.0
2024-04-19 00:00:00+00:00,109517186689.0,32394404539.0,4983628640.0,146895219868.0
2024-04-20 00:00:00+00:00,109818107184.0,30952792378.0,5026871069.0,145797770631.0
2024-04-21 00:00:00+00:00,109834873894.0,31005255269.0,5084628478.0,145924757641.0
2024-04-22 00:00:00+00:00,109832373894.0,33263733245.0,5109574475.0,148205681614.0
2024-04-23 00:00:00+00:00,110176193831.0,33113780540.0,5169522878.0,148459497249.0
2024-04-24 00:00:00+00:00,110369006778.0,32776174319.0,5179273924.0,148324455021.0
2024-04-25 00:00:00+00:00,110369006778.0,32776174319.0,5152864745.0,148298045842.0
2024-04-26 00:00:00+00:00,110369006778.0,32776174319.0,5152864745.0,148298045842.0
2024-04-27 00:00:00+00:00,110369006778.0,32776174319.0,5152864745.0,148298045842.0
2024-04-28 00:00:00+00:00,110347920449.0,32790717363.0,5233382290.0,148372020102.0
2024-04-29 00:00:00+00:00,110347842716.0,32786787070.0,5220228876.0,148354858662.0
2024-04-30 00:00:00+00:00,110412147302.0,32613350059.0,5196443681.0,148221941042.0
2024-05-01 00:00:00+00:00,110402299123.0,32769862308.0,5177369095.0,148349530526.0
2024-05-02 00:00:00+00:00,110350061982.0,32640836848.0,5131533729.0,148122432559.0
2024-05-03 00:00:00+00:00,110339251952.0,32789477418.0,5196508370.0,148325237740.0
2024-05-04 00:00:00+00:00,110503046757.0,33082677920.0,5259423092.0,148845147769.0
2024-05-05 00:00:00+00:00,110634861194.0,33212705768.0,5359966945.0,149207533907.0
2024-05-06 00:00:00+00:00,110636188433.0,33237118919.0,5381020141.0,149254327493.0
2024-05-07 00:00:00+00:00,110821623436.0,32871551343.0,5298037980.0,148991212759.0
2024-05-08 00:00:00+00:00,110787681018.0,32892068111.0,5326701230.0,149006450359.0
2024-05-09 00:00:00+00:00,110789599190.0,32705018689.0,5345800382.0,148840418261.0
2024-05-10 00:00:00+00:00,110739444345.0,32712102979.0,5369776222.0,148821323546.0
2024-05-11 00:00:00+00:00,110603634075.0,32712591902.0,5389227165.0,148705453142.0
2024-05-12 00:00:00+00:00,110603634065.0,32726303585.0,5399953108.0,148729890758.0
2024-05-13 00:00:00+00:00,110588634065.0,32720396210.0,5403007833.0,148712038108.0
2024-05-14 00:00:00+00:00,110595556329.0,32748090146.0,5402107390.0,148745753865.0
2024-05-15 00:00:00+00:00,110683196744.0,32521671358.0,5371420784.0,148576288886.0
2024-05-16 00:00:00+00:00,110717237401.0,32898068053.0,5395696644.0,149011002098.0
2024-05-17 00:00:00+00:00,110899115803.0,32945131445.0,5367325779.0,149211573027.0
2024-05-18 00:00:00+00:00,111028849260.0,33084845335.0,5365025710.0,149478720305.0
2024-05-19 00:00:00+00:00,111128449259.0,33173562154.0,5431507980.0,149733519393.0
2024-05-20 00:00:00+00:00,111128449259.0,33132170908.0,5441765105.0,149702385272.0
2024-05-21 00:00:00+00:00,111057749078.0,32958614965.0,5314025953.0,149330389996.0
2024-05-22 00:00:00+00:00,111423759590.0,32723866746.0,5251265002.0,149398891338.0
2024-05-23 00:00:00+00:00,111446156187.0,32736190566.0,5239848654.0,149422195407.0
2024-05-24 00:00:00+00:00,111590570266.0,32401500028.0,5208664265.0,149200734559.0
2024-05-25 00:00:00+00:00,111588108138.0,32405022322.0,5224029735.0,149217160195.0
2024-05-26 00:00:00+00:00,111588108133.0,32363989613.0,5225529089.0,149177626835.0
2024-05-27 00:00:00+00:00,111589908132.0,32272615585.0,5202531174.0,149065054891.0
2024-05-28 00:00:00+00:00,111606077061.0,32185054949.0,5251804148.0,149042936158.0
2024-05-29 00:00:00+00:00,111603568790.0,31937897151.0,5243347930.0,148784813871.0
2024-05-30 00:00:00+00:00,111604510878.0,31803642258.0,5238393412.0,148646546548.0
2024-05-31 00:00:00+00:00,111616920065.0,31980740966.0,5263559988.0,148861221019.0
2024-06-01 00:00:00+00:00,111762088179.0,32034473251.0,5220339281.0,149016900711.0
2024-06-02 00:00:00+00:00,111830758178.0,31988646227.0,5230448781.0,149049853186.0
2024-06-03 00:00:00+00:00,111790758178.0,31991608304.0,5198196857.0,148980563339.0
2024-06-04 00:00:00+00:00,112253386803.0,31942582612.0,5162614163.0,149358583578.0
2024-06-05 00:00:00+00:00,112254796393.0,32025618319.0,5176585036.0,149456999748.0
2024-06-06 00:00:00+00:00,112315084780.0,32181050388.0,5222080202.0,149718215370.0
2024-06-07 00:00:00+00:00,112355387840.0,32124188766.0,5182420203.0,149661996809.0
2024-06-08 00:00:00+00:00,112376137266.0,31834632607.0,5194019101.0,149404788974.0
2024-06-09 00:00:00+00:00,112374987252.0,31808895978.0,5177628553.0,149361511783.0
2024-06-10 00:00:00+00:00,112403987892.0,31822150979.0,5185085202.0,149411224073.0
2024-06-11 00:00:00+00:00,112409287892.0,31705178599.0,5207668727.0,149322135218.0
2024-06-12 00:00:00+00:00,112411964316.0,31731991876.0,5199461254.0,149343417446.0
2024-06-13 00:00:00+00:00,112457053102.0,32004866980.0,5204556378.0,149666476460.0
2024-06-14 00:00:00+00:00,112453723055.0,32182896477.0,5187435162.0,149824054694.0
2024-06-15 00:00:00+00:00,112472971806.0,32295116493.0,5139224651.0,149907312950.0
2024-06-16 00:00:00+00:00,112472301806.0,32042724892.0,5159096906.0,149674123604.0
2024-06-17 00:00:00+00:00,112473915172.0,32086373097.0,5156274171.0,149716562440.0
2024-06-18 00:00:00+00:00,112465611554.0,32057726951.0,5184815991.0,149708154496.0
2024-06-19 00:00:00+00:00,112519098919.0,32387564199.0,5180585051.0,150087248169.0
2024-06-20 00:00:00+00:00,112519060290.0,32393738738.0,5171704918.0,150084503946.0
2024-06-21 00:00:00+00:00,112804377136.0,32202287401.0,5102448694.0,150109113231.0
2024-06-22 00:00:00+00:00,112804714097.0,32283135151.0,5088470675.0,150176319923.0
2024-06-23 00:00:00+00:00,112844714097.0,32305268351.0,5127254600.0,150277237048.0
2024-06-24 00:00:00+00:00,112844714097.0,32281950157.0,5125725796.0,150252390050.0
2024-06-25 00:00:00+00:00,112837386516.0,32157441213.0,5097823454.0,150092651183.0
2024-06-26 00:00:00+00:00,112732648639.0,32376832298.0,5105194146.0,150214675083.0
2024-06-27 00:00:00+00:00,112636116562.0,32535459836.0,5057378514.0,150228954912.0
2024-06-28 00:00:00+00:00,112659805872.0,32249839223.0,5084537873.0,149994182968.0
2024-06-29 00:00:00+00:00,112690515631.0,31901796167.0,5045777381.0,149638089179.0
2024-06-30 00:00:00+00:00,112775515629.0,31870357355.0,5059898651.0,149705771635.0
2024-07-01 00:00:00+00:00,112739012075.0,31822097530.0,5006678278.0,149567787883.0
2024-07-02 00:00:00+00:00,112651358402.0,32096874642.0,5071697251.0,149819930295.0
2024-07-03 00:00:00+00:00,112497795679.0,32178206680.0,5093245199.0,149769247558.0
2024-07-04 00:00:00+00:00,112471997936.0,32396935312.0,5092885598.0,149961818846.0
2024-07-05 00:00:00+00:00,112355735371.0,32528521082.0,5061042129.0,149945298582.0
2024-07-06 00:00:00+00:00,112245912309.0,33226925563.0,5115847757.0,150588685629.0
2024-07-07 00:00:00+00:00,112231905142.0,33358010946.0,5241870753.0,150831786841.0
2024-07-08 00:00:00+00:00,112231905142.0,33350470878.0,5241766920.0,150824142940.0
2024-07-09 00:00:00+00:00,112229273118.0,33485526515.0,5165551744.0,150880351377.0
2024-07-10 00:00:00+00:00,112271931338.0,33579112244.0,5172932255.0,151023975837.0
2024-07-11 00:00:00+00:00,112364578514.0,33709067966.0,5174879782.0,151248526262.0
2024-07-12 00:00:00+00:00,112371024626.0,33579251630.0,5192864640.0,151143140896.0
2024-07-13 00:00:00+00:00,112190715732.0,33168662832.0,5202357448.0,150561736012.0
2024-07-14 00:00:00+00:00,112469048012.0,33571110505.0,5278861377.0,151319019894.0
2024-07-15 00:00:00+00:00,112539048012.0,33567281390.0,5263458817.0,151369788219.0
2024-07-16 00:00:00+00:00,112864302779.0,33534861013.0,5246534840.0,151645698632.0
2024-07-17 00:00:00+00:00,113216677692.0,33570247780.0,5270551552.0,152057477024.0
2024-07-18 00:00:00+00:00,113624539190.0,33374823978.0,5244543633.0,152243906801.0
2024-07-19 00:00:00+00:00,113678352175.0,33289055774.0,5226794838.0,152194202787.0
2024-07-20 00:00:00+00:00,113859727368.0,33556248642.0,5262517642.0,152678493652.0
2024-07-21 00:00:00+00:00,114021327368.0,33688606180.0,5384995435.0,153094928983.0
2024-07-22 00:00:00+00:00,114066827367.0,33560640016.0,5339474351.0,152966941734.0
2024-07-23 00:00:00+00:00,114307338921.0,33592678729.0,5244089682.0,153144107332.0
2024-07-24 00:00:00+00:00,114471818448.0,33738013822.0,5241209930.0,153451042200.0
2024-07-25 00:00:00+00:00,114453302193.0,33612787109.0,5194000256.0,153260089558.0
2024-07-26 00:00:00+00:00,114336302185.0,33374136025.0,5181521977.0,152891960187.0
2024-07-27 00:00:00+00:00,114381331841.0,33721211792.0,5166847292.0,153269390925.0
2024-07-28 00:00:00+00:00,114469974704.0,33744379813.0,5187379354.0,153401733871.0
2024-07-29 00:00:00+00:00,114469974704.0,33724328691.0,5184240282.0,153378543677.0
2024-07-30 00:00:00+00:00,114513725531.0,33338671490.0,5142554872.0,152994951893.0
2024-07-31 00:00:00+00:00,114518259273.0,33083244630.0,5211038903.0,152812542806.0
2024-08-01 00:00:00+00:00,114547619142.0,32975847532.0,5192410234.0,152715876908.0
2024-08-02 00:00:00+00:00,114553402686.0,32554955077.0,5183109255.0,152291467018.0
2024-08-03 00:00:00+00:00,114594788858.0,32589592799.0,5163523193.0,152347904850.0
2024-08-04 00:00:00+00:00,114579788856.0,32705368390.0,5163248222.0,152448405468.0
2024-08-05 00:00:00+00:00,114579788856.0,32831859620.0,5194070733.0,152605719209.0
2024-08-06 00:00:00+00:00,114457553704.0,33320174780.0,5139807442.0,152917535926.0
2024-08-07 00:00:00+00:00,114578293183.0,33808347110.0,5158694914.0,153545335207.0
2024-08-08 00:00:00+00:00,114966872515.0,34056404496.0,5133266143.0,154156543154.0
2024-08-09 00:00:00+00:00,115416775013.0,34064648192.0,5151049661.0,154632472866.0
2024-08-10 00:00:00+00:00,115574281399.0,34001117090.0,5134541826.0,154709940315.0
2024-08-11 00:00:00+00:00,115640681399.0,34043435200.0,5139759558.0,154823876157.0
2024-08-12 00:00:00+00:00,115640681399.0,34025247833.0,5120704231.0,154786633463.0
2024-08-13 00:00:00+00:00,115889054746.0,34058003605.0,5119252553.0,155066310904.0
2024-08-14 00:00:00+00:00,116129081961.0,34029385017.0,5116828819.0,155275295797.0
2024-08-15 00:00:00+00:00,116534312382.0,34033979753.0,5151259199.0,155719551334.0
2024-08-16 00:00:00+00:00,116709344091.0,34102608602.0,5141685459.0,155953638152.0
2024-08-17 00:00:00+00:00,116833969260.0,34355462675.0,5156450650.0,156345882585.0
2024-08-18 00:00:00+00:00,116887299260.0,34378786343.0,5169136151.0,156435221754.0
2024-08-19 00:00:00+00:00,116888957760.0,34348233692.0,5159837601.0,156397029053.0
2024-08-20 00:00:00+00:00,116995756969.0,34441773839.0,5099068230.0,156536599038.0
2024-08-21 00:00:00+00:00,117276576505.0,34339670350.0,5086691055.0,156702937910.0
2024-08-22 00:00:00+00:00,117408263940.0,34442321418.0,5075742178.0,156926327536.0
2024-08-23 00:00:00+00:00,117648169338.0,34225560581.0,5064840112.0,156938570031.0
2024-08-24 00:00:00+00:00,117713064005.0,34466304100.0,5064294429.0,157243662534.0
2024-08-25 00:00:00+00:00,117842339087.0,34394484122.0,5061812234.0,157298635443.0
2024-08-26 00:00:00+00:00,117844216713.0,34343148851.0,5074245347.0,157261610911.0
2024-08-27 00:00:00+00:00,117979455231.0,34087886423.0,5245621195.0,157312962849.0
2024-08-28 00:00:00+00:00,117937170815.0,33820804202.0,5262973216.0,157020948233.0
2024-08-29 00:00:00+00:00,118086718409.0,33944435169.0,5257490072.0,157288643650.0
2024-08-30 00:00:00+00:00,118207965633.0,34419245011.0,5252800988.0,157880011632.0
2024-08-31 00:00:00+00:00,118210924869.0,34509386329.0,5250188562.0,157970499760.0
2024-09-01 00:00:00+00:00,118210924869.0,34493737416.0,5250389230.0,157955051515.0
2024-09-02 00:00:00+00:00,118211124869.0,34523332736.0,5248725226.0,157983182831.0
2024-09-03 00:00:00+00:00,118123924395.0,34567470119.0,5247378342.0,157938772856.0
2024-09-04 00:00:00+00:00,118124409888.0,34432573004.0,5260469202.0,157817452094.0
2024-09-05 00:00:00+00:00,118136891800.0,34694349289.0,5191734561.0,158022975650.0
2024-09-06 00:00:00+00:00,118118409375.0,34703034575.0,5162257231.0,157983701181.0
2024-09-07 00:00:00+00:00,118173609123.0,34617185926.0,5264299083.0,158055094132.0
2024-09-08 00:00:00+00:00,118177509123.0,34722999642.0,5292441667.0,158192950432.0
2024-09-09 00:00:00+00:00,118177509123.0,34768456172.0,5294525835.0,158240491130.0
2024-09-10 00:00:00+00:00,118420988938.0,34887333593.0,5266765914.0,158575088445.0
2024-09-11 00:00:00+00:00,118433539059.0,35107738761.0,5278258868.0,158819536688.0
2024-09-12 00:00:00+00:00,118434788760.0,35144079209.0,5283507994.0,158862375963.0
2024-09-13 00:00:00+00:00,118383833822.0,35175581840.0,5290468033.0,158849883695.0
2024-09-14 00:00:00+00:00,118608616138.0,35524394816.0,5317956744.0,159450967698.0
2024-09-15 00:00:00+00:00,119047660344.0,35515079894.0,5335461087.0,159898201325.0
2024-09-16 00:00:00+00:00,118812287090.0,35491876581.0,5336019406.0,159640183077.0
2024-09-17 00:00:00+00:00,118728250450.0,35249878232.0,5331747721.0,159309876403.0
2024-09-18 00:00:00+00:00,118853251348.0,35405736481.0,5288985085.0,159547972914.0
2024-09-19 00:00:00+00:00,118896720603.0,35365866074.0,5248963362.0,159511550039.0
2024-09-20 00:00:00+00:00,119067964666.0,35387947380.0,5143308716.0,159599220762.0
2024-09-21 00:00:00+00:00,119161364466.0,35541185930.0,5064170284.0,159766720680.0
2024-09-22 00:00:00+00:00,119157360693.0,35611894842.0,5059614457.0,159828869992.0
2024-09-23 00:00:00+00:00,119157360693.0,35651896571.0,5060304115.0,159869561379.0
2024-09-24 00:00:00+00:00,119238696383.0,35609776107.0,5099513894.0,159947986384.0
2024-09-25 00:00:00+00:00,119229928664.0,35780423511.0,5025282288.0,160035634463.0
2024-09-26 00:00:00+00:00,119274429856.0,35816830806.0,5070154460.0,160161415122.0
2024-09-27 00:00:00+00:00,119347429356.0,36056633973.0,5083642184.0,160487705513.0
2024-09-28 00:00:00+00:00,119405929000.0,36058585407.0,5005224894.0,160469739301.0
2024-09-29 00:00:00+00:00,119406925003.0,36038353425.0,5007662371.0,160452940799.0
2024-09-30 00:00:00+00:00,119622396997.0,36002121763.0,5034617474.0,160659136234.0
2024-10-01 00:00:00+00:00,119650346135.0,35183237169.0,5032042887.0,159865626191.0
2024-10-02 00:00:00+00:00,119650346135.0,35308113870.0,4824456080.0,159782916085.0
2024-10-03 00:00:00+00:00,119633735737.0,35327000351.0,5028699192.0,159989435280.0
2024-10-04 00:00:00+00:00,119635112439.0,35300864970.0,5004472959.0,159940450368.0
2024-10-05 00:00:00+00:00,119653257237.0,35303828070.0,5001517457.0,159958602764.0
2024-10-06 00:00:00+00:00,119670028849.0,35353561263.0,5006763509.0,160030353621.0
2024-10-07 00:00:00+00:00,119670467363.0,35357850616.0,5025072669.0,160053390648.0
2024-10-08 00:00:00+00:00,119850367555.0,35098642783.0,5223084077.0,160172094415.0
2024-10-09 00:00:00+00:00,119841275909.0,34799002757.0,5207741227.0,159848019893.0
2024-10-10 00:00:00+00:00,119849377370.0,34532097909.0,5179077195.0,159560552474.0
2024-10-11 00:00:00+00:00,119725377367.0,34471039320.0,5167285399.0,159363702086.0
2024-10-12 00:00:00+00:00,119729627115.0,34715463651.0,5144870249.0,159589961015.0
2024-10-13 00:00:00+00:00,119731227066.0,34759320262.0,5151454175.0,159642001503.0
2024-10-14 00:00:00+00:00,119731227066.0,34727446159.0,5144953928.0,159603627153.0
2024-10-15 00:00:00+00:00,119759196663.0,34615883385.0,5117403995.0,159492484043.0
2024-10-16 00:00:00+00:00,119801443876.0,34626254298.0,5118841949.0,159546540123.0
2024-10-17 00:00:00+00:00,119966698833.0,34527890988.0,5128547976.0,159623137797.0
2024-10-18 00:00:00+00:00,120002859304.0,34460456278.0,5100112723.0,159563428305.0
2024-10-19 00:00:00+00:00,120087102221.0,34665504068.0,5105872823.0,159858479112.0
2024-10-20 00:00:00+00:00,120152102217.0,34669562630.0,5108705680.0,159930370527.0
2024-10-21 00:00:00+00:00,120179102217.0,34683804214.0,5115274903.0,159978181334.0
2024-10-22 00:00:00+00:00,120202666053.0,34420505363.0,5037390714.0,159660562130.0
2024-10-23 00:00:00+00:00,120190604126.0,34288248878.0,4972777090.0,159451630094.0
2024-10-24 00:00:00+00:00,120204789939.0,34055928888.0,4953499556.0,159214218383.0
2024-10-25 00:00:00+00:00,120242344735.0,34176177949.0,4957333500.0,159375856184.0
2024-10-26 00:00:00+00:00,120284592333.0,34394600051.0,4887948352.0,159567140736.0
2024-10-27 00:00:00+00:00,120318443412.0,34353139387.0,4931004631.0,159602587430.0
2024-10-28 00:00:00+00:00,120319443409.0,34379494587.0,4908916414.0,159607854410.0
2024-10-29 00:00:00+00:00,120180277118.0,34431370936.0,4875341841.0,159486989895.0
2024-10-30 00:00:00+00:00,120464260834.0,34500643590.0,4903706123.0,159868610547.0
2024-10-31 00:00:00+00:00,120533635657.0,34777501228.0,4923791009.0,160234927894.0
2024-11-01 00:00:00+00:00,120482951828.0,34428836790.0,4818538160.0,159730326778.0
2024-11-02 00:00:00+00:00,120536423457.0,34628613090.0,4887510128.0,160052546675.0
2024-11-03 00:00:00+00:00,120585101455.0,34816221826.0,4866672663.0,160267995944.0
2024-11-04 00:00:00+00:00,120585101455.0,34819119229.0,4869731294.0,160273951978.0
2024-11-05 00:00:00+00:00,121509925391.0,35032825651.0,4881208075.0,161423959117.0
2024-11-06 00:00:00+00:00,121508090966.0,35495702378.0,4770932181.0,161774725525.0
2024-11-07 00:00:00+00:00,121996707673.0,36778932850.0,4789713288.0,163565353811.0
2024-11-08 00:00:00+00:00,122481730696.0,36837551465.0,4714703495.0,164033985656.0
2024-11-09 00:00:00+00:00,123428055689.0,37080522523.0,4741598963.0,165250177175.0
2024-11-10 00:00:00+00:00,123695285992.0,36973238612.0,4732826359.0,165401350963.0
2024-11-11 00:00:00+00:00,123966113535.0,36898324678.0,4717696838.0,165582135051.0
2024-11-12 00:00:00+00:00,125803947511.0,36886004565.0,4725164276.0,167415116352.0
2024-11-13 00:00:00+00:00,126606120653.0,36453658694.0,4623736095.0,167683515442.0
2024-11-14 00:00:00+00:00,127600317350.0,36643380150.0,4662047019.0,168905744519.0
2024-11-15 00:00:00+00:00,129191525913.0,36835407938.0,4658992790.0,170685926641.0
2024-11-16 00:00:00+00:00,129191516826.0,36927137301.0,4651051771.0,170769705898.0
2024-11-17 00:00:00+00:00,129417831726.0,37072910422.0,4663990538.0,171154732686.0
2024-11-18 00:00:00+00:00,129567822731.0,37047044412.0,4668229269.0,171283096412.0
2024-11-19 00:00:00+00:00,129458065433.0,37334703629.0,4646976240.0,171439745302.0
2024-11-20 00:00:00+00:00,129942382199.0,37359206470.0,4701725213.0,172003313882.0
2024-11-21 00:00:00+00:00,131244196679.0,37853997311.0,4732346767.0,173830540757.0
2024-11-22 00:00:00+00:00,131559452114.0,38168544103.0,4740551451.0,174468547668.0
2024-11-23 00:00:00+00:00,132873420057.0,38798750042.0,4711275311.0,176383445410.0
2024-11-24 00:00:00+00:00,134013442053.0,39047159301.0,4754681041.0,177815282395.0
2024-11-25 00:00:00+00:00,134424635741.0,38981295280.0,4719211757.0,178125142778.0
2024-11-26 00:00:00+00:00,134693131223.0,38691389600.0,4725129579.0,178109650402.0
2024-11-27 00:00:00+00:00,134722943242.0,38536964162.0,4618775110.0,177878682514.0
2024-11-28 00:00:00+00:00,135137486676.0,39521814770.0,4721181538.0,179380482984.0
2024-11-29 00:00:00+00:00,135965852342.0,39413361184.0,4731049419.0,180110262945.0
2024-11-30 00:00:00+00:00,136271708422.0,39746464406.0,4748066014.0,180766238842.0
2024-12-01 00:00:00+00:00,134392441049.0,39865840343.0,4679310592.0,178937591984.0
2024-12-02 00:00:00+00:00,134476541006.0,40029815218.0,4698764800.0,179205121024.0
2024-12-03 00:00:00+00:00,135012360931.0,39902043704.0,4701166982.0,179615571617.0
2024-12-04 00:00:00+00:00,135338236018.0,40078216692.0,4690069583.0,180106522293.0
2024-12-05 00:00:00+00:00,136045432502.0,40638149207.0,4641422652.0,181325004361.0
2024-12-06 00:00:00+00:00,136975278080.0,40231975255.0,4566986153.0,181774239488.0
2024-12-07 00:00:00+00:00,138038817923.0,41136147069.0,4549571616.0,183724536608.0
2024-12-08 00:00:00+00:00,138262817923.0,41131834220.0,4541429208.0,183936081351.0
2024-12-09 00:00:00+00:00,138399087923.0,40969386687.0,4575583791.0,183944058401.0
2024-12-10 00:00:00+00:00,138643216096.0,40570582254.0,4474363410.0,183688161760.0
2024-12-11 00:00:00+00:00,138953308451.0,40746368258.0,4508369530.0,184208046239.0
2024-12-12 00:00:00+00:00,140005800450.0,41597995926.0,4517821587.0,186121617963.0
2024-12-13 00:00:00+00:00,140404910980.0,41535712753.0,4501669234.0,186442292967.0
2024-12-14 00:00:00+00:00,140448004125.0,41983548416.0,4522955041.0,186954507582.0
2024-12-15 00:00:00+00:00,140568004125.0,41995372080.0,4535021066.0,187098397271.0
2024-12-16 00:00:00+00:00,140568004125.0,42123004404.0,4502641688.0,187193650217.0
2024-12-17 00:00:00+00:00,140758577764.0,42395161081.0,4527044125.0,187680782970.0
2024-12-18 00:00:00+00:00,140912347295.0,42539086291.0,4540925916.0,187992359502.0
2024-12-19 00:00:00+00:00,140933906305.0,42340498552.0,4516978210.0,187791383067.0
2024-12-20 00:00:00+00:00,140886878527.0,42440941689.0,4504925625.0,187832745841.0
2024-12-21 00:00:00+00:00,140468513507.0,42762296991.0,4444830848.0,187675641346.0
2024-12-22 00:00:00+00:00,140177246923.0,42942740708.0,4447050653.0,187567038284.0
2024-12-23 00:00:00+00:00,140152701207.0,43015598519.0,4411682724.0,187579982450.0
2024-12-24 00:00:00+00:00,139800592088.0,43032426602.0,4428784357.0,187261803047.0
2024-12-25 00:00:00+00:00,139728411369.0,43051898387.0,4440612815.0,187220922571.0
2024-12-26 00:00:00+00:00,139732311008.0,43102087396.0,4468939887.0,187303338291.0
2024-12-27 00:00:00+00:00,139746088403.0,43474413403.0,4480101616.0,187700603422.0
2024-12-28 00:00:00+00:00,139593778477.0,43530143468.0,4449148228.0,187573070173.0
2024-12-29 00:00:00+00:00,139309508042.0,43637942884.0,4448352261.0,187395803187.0
2024-12-30 00:00:00+00:00,139257508041.0,43635466512.0,4331545453.0,187224520006.0
2024-12-31 00:00:00+00:00,138109585231.0,43825884044.0,4421204638.0,186356673913.0
2025-01-01 00:00:00+00:00,137747095441.0,43937243150.0,4380836798.0,186065175389.0
2025-01-02 00:00:00+00:00,137562831740.0,43688575678.0,4294642095.0,185546049513.0
2025-01-03 00:00:00+00:00,137562831740.0,44438565566.0,4409342550.0,186410739856.0
2025-01-04 00:00:00+00:00,137568401171.0,45354600315.0,4452780050.0,187375781536.0
2025-01-05 00:00:00+00:00,137563370385.0,45530602060.0,4462045779.0,187556018224.0
2025-01-06 00:00:00+00:00,137563370382.0,45571803332.0,4474339673.0,187609513387.0
2025-01-07 00:00:00+00:00,137886263996.0,45766768171.0,4492030577.0,188145062744.0
2025-01-08 00:00:00+00:00,137723427073.0,45483765590.0,4450509752.0,187657702415.0
2025-01-09 00:00:00+00:00,137943085879.0,45299722398.0,4444059899.0,187686868176.0
2025-01-10 00:00:00+00:00,137788031415.0,45428928639.0,4463305030.0,187680265084.0
2025-01-11 00:00:00+00:00,137784795397.0,45749299008.0,4431995174.0,187966089579.0
2025-01-12 00:00:00+00:00,137748925154.0,45752842777.0,4416269532.0,187918037463.0
2025-01-13 00:00:00+00:00,137791589208.0,45747612531.0,4489556096.0,188028757835.0
2025-01-14 00:00:00+00:00,137582647234.0,45618418063.0,4514065085.0,187715130382.0
2025-01-15 00:00:00+00:00,137582647233.0,45738260592.0,4524402833.0,187845310658.0
2025-01-16 00:00:00+00:00,137792434596.0,46249378942.0,4676416507.0,188718230045.0
2025-01-17 00:00:00+00:00,137802584445.0,46456612611.0,4626015840.0,188885212896.0
2025-01-18 00:00:00+00:00,138609880783.0,47418782083.0,4719582936.0,190748245802.0
2025-01-19 00:00:00+00:00,138687679683.0,47532720201.0,4664147565.0,190884547449.0
2025-01-20 00:00:00+00:00,138700179650.0,48228754020.0,4595823209.0,191524756879.0
2025-01-21 00:00:00+00:00,138761501548.0,48178477166.0,4606617642.0,191546596356.0
2025-01-22 00:00:00+00:00,138851168099.0,50873887564.0,4646228006.0,194371283669.0
2025-01-23 00:00:00+00:00,139155191071.0,51557366778.0,4660289009.0,195372846858.0
2025-01-24 00:00:00+00:00,139236520740.0,51963749610.0,4667157289.0,195867427639.0
2025-01-25 00:00:00+00:00,139787677372.0,52182714982.0,4705721320.0,196676113674.0
2025-01-26 00:00:00+00:00,139786746494.0,52129911436.0,4719681071.0,196636339001.0
2025-01-27 00:00:00+00:00,139791921674.0,52090923334.0,4719078066.0,196601923074.0
2025-01-28 00:00:00+00:00,139914228538.0,52357894765.0,4628354124.0,196900477427.0
2025-01-29 00:00:00+00:00,139925628535.0,52516661284.0,4673413666.0,197115703485.0
2025-01-30 00:00:00+00:00,139982628523.0,52580071526.0,4701307592.0,197264007641.0
2025-01-31 00:00:00+00:00,140004528519.0,53139562114.0,4696236324.0,197840326957.0
2025-02-01 00:00:00+00:00,139981016588.0,53307616280.0,4672688427.0,197961321295.0
2025-02-02 00:00:00+00:00,139981116584.0,53305126113.0,4641515863.0,197927758560.0
2025-02-03 00:00:00+00:00,139976116582.0,53342579974.0,4576424327.0,197895120883.0
2025-02-04 00:00:00+00:00,139934356581.0,54473269241.0,4543564215.0,198951190037.0
2025-02-05 00:00:00+00:00,141281000185.0,55006342689.0,4534196096.0,200821538970.0
2025-02-06 00:00:00+00:00,141868639474.0,55340707917.0,4532439674.0,201741787065.0
2025-02-07 00:00:00+00:00,141827071091.0,55700438368.0,4568359273.0,202095868732.0
2025-02-08 00:00:00+00:00,142126491830.0,56241432847.0,4562149987.0,202930074664.0
2025-02-09 00:00:00+00:00,142199011789.0,56013396596.0,4518532348.0,202730940733.0
2025-02-10 00:00:00+00:00,142191510636.0,56157297653.0,4503270853.0,202852079142.0
2025-02-11 00:00:00+00:00,142341381105.0,56144945460.0,4485779157.0,202972105722.0
2025-02-12 00:00:00+00:00,142266481024.0,56084052842.0,4505883349.0,202856417215.0
2025-02-13 00:00:00+00:00,142417199851.0,56045541773.0,4518979558.0,202981721182.0
2025-02-14 00:00:00+00:00,142225869513.0,56104910202.0,4558976956.0,202889756671.0
2025-02-15 00:00:00+00:00,142413856453.0,56399848127.0,4583101230.0,203396805810.0
2025-02-16 00:00:00+00:00,142412375399.0,56430534307.0,4619058805.0,203461968511.0
2025-02-17 00:00:00+00:00,142412375399.0,56485382945.0,4619360982.0,203517119326.0
2025-02-18 00:00:00+00:00,142249254877.0,56487109965.0,4637106427.0,203373471269.0
2025-02-19 00:00:00+00:00,142082304427.0,56243872726.0,4647349048.0,202973526201.0
2025-02-20 00:00:00+00:00,142682643615.0,56214009708.0,4687868084.0,203584521407.0
2025-02-21 00:00:00+00:00,142843643165.0,56216426123.0,4742809179.0,203802878467.0
2025-02-22 00:00:00+00:00,142951416400.0,57197162929.0,4624034260.0,204772613589.0
2025-02-23 00:00:00+00:00,142951416393.0,57098172000.0,4672019757.0,204721608150.0
2025-02-24 00:00:00+00:00,142874416382.0,57207742538.0,4700593001.0,204782751921.0
2025-02-25 00:00:00+00:00,142812345771.0,56581207853.0,4626022389.0,204019576013.0
2025-02-26 00:00:00+00:00,142538814688.0,56295739197.0,4406310710.0,203240864595.0
2025-02-27 00:00:00+00:00,142421483648.0,56070800854.0,4302098440.0,202794382942.0
2025-02-28 00:00:00+00:00,142614459639.0,55644719728.0,4290137029.0,202549316396.0
2025-03-01 00:00:00+00:00,142639292034.0,56439118978.0,4345152052.0,203423563064.0
2025-03-02 00:00:00+00:00,142747292027.0,56431084977.0,4358487123.0,203536864127.0
2025-03-03 00:00:00+00:00,142807791999.0,56444913701.0,4397361090.0,203650066790.0
2025-03-04 00:00:00+00:00,142880555491.0,56223346097.0,4393573328.0,203497474916.0
2025-03-05 00:00:00+00:00,142867265394.0,56543003142.0,4406799538.0,203817068074.0
2025-03-06 00:00:00+00:00,143090288607.0,57253427831.0,4408795244.0,204752511682.0
2025-03-07 00:00:00+00:00,143171664724.0,57261905251.0,4419554302.0,204853124277.0
2025-03-08 00:00:00+00:00,143230964706.0,58155297299.0,4403893214.0,205790155219.0
2025-03-09 00:00:00+00:00,143280964688.0,58114363177.0,4400530509.0,205795858374.0
2025-03-10 00:00:00+00:00,143280964686.0,58098036118.0,4389069441.0,205768070245.0
2025-03-11 00:00:00+00:00,143336937920.0,57865312775.0,4277856988.0,205480107683.0
2025-03-12 00:00:00+00:00,143558693183.0,58094447736.0,4218420313.0,205871561232.0
2025-03-13 00:00:00+00:00,143747304639.0,58435054898.0,4223938041.0,206406297578.0
2025-03-14 00:00:00+00:00,143748815811.0,58393894489.0,4186517453.0,206329227753.0
2025-03-15 00:00:00+00:00,143836896633.0,58644981038.0,4206474607.0,206688352278.0
2025-03-16 00:00:00+00:00,143836896629.0,58741712216.0,4224976708.0,206803585553.0
2025-03-17 00:00:00+00:00,143836896614.0,58678410477.0,4228283974.0,206743591065.0
2025-03-18 00:00:00+00:00,144087751990.0,58829451841.0,4231055894.0,207148259725.0
2025-03-19 00:00:00+00:00,144100778448.0,58856306093.0,4243548410.0,207200632951.0
2025-03-20 00:00:00+00:00,144275379309.0,59228005775.0,4264869293.0,207768254377.0
2025-03-21 00:00:00+00:00,143936579287.0,59365980716.0,4223674652.0,207526234655.0
2025-03-22 00:00:00+00:00,144193856062.0,59660481973.0,4164160717.0,208018498752.0
2025-03-23 00:00:00+00:00,144224155760.0,59598492875.0,4163647882.0,207986296517.0
2025-03-24 00:00:00+00:00,144224155757.0,59741013815.0,4181910365.0,208147079937.0
2025-03-25 00:00:00+00:00,144459985751.0,59772731493.0,4318513179.0,208551230423.0
2025-03-26 00:00:00+00:00,144698008877.0,60122188931.0,4309981641.0,209130179449.0
2025-03-27 00:00:00+00:00,144876968397.0,60181897454.0,4319788641.0,209378654492.0
2025-03-28 00:00:00+00:00,144894219396.0,60223295877.0,4293350590.0,209410865863.0
2025-03-29 00:00:00+00:00,144508879395.0,60253064146.0,4143219090.0,208905162631.0
2025-03-30 00:00:00+00:00,144508879383.0,60301592649.0,4153164287.0,208963636319.0
2025-03-31 00:00:00+00:00,144649416568.0,60264872986.0,4154579376.0,209068868930.0
2025-04-01 00:00:00+00:00,144734849785.0,60141755212.0,4199910423.0,209076515420.0
2025-04-02 00:00:00+00:00,144756151239.0,60130023966.0,4230543481.0,209116718686.0
2025-04-03 00:00:00+00:00,144814151238.0,60674263451.0,4169573659.0,209657988348.0
2025-04-04 00:00:00+00:00,144783250273.0,60856319903.0,4167249812.0,209806819988.0
2025-04-05 00:00:00+00:00,144778059970.0,60559404506.0,4122097190.0,209459561666.0
2025-04-06 00:00:00+00:00,144769059956.0,60587997635.0,4149248913.0,209506306504.0
2025-04-07 00:00:00+00:00,144569059955.0,60365664257.0,4133271968.0,209067996180.0
2025-04-08 00:00:00+00:00,144888658855.0,60208660877.0,4109895677.0,209207215409.0
2025-04-09 00:00:00+00:00,144700965625.0,60119574145.0,4045459578.0,208865999348.0
2025-04-10 00:00:00+00:00,145054575983.0,59973924433.0,4041301799.0,209069802215.0
2025-04-11 00:00:00+00:00,144851154191.0,59951281285.0,4013915323.0,208816350799.0
2025-04-12 00:00:00+00:00,144957254190.0,60076679271.0,3983345226.0,209017278687.0
2025-04-13 00:00:00+00:00,145195854190.0,60069768704.0,3997808141.0,209263431035.0
2025-04-14 00:00:00+00:00,145000072564.0,60024999955.0,3998481538.0,209023554057.0
2025-04-15 00:00:00+00:00,144988134604.0,60253477042.0,4008416662.0,209250028308.0
2025-04-16 00:00:00+00:00,145230969405.0,60413403728.0,4041497102.0,209685870235.0
2025-04-17 00:00:00+00:00,145411564253.0,60552429930.0,4059098486.0,210023092669.0
2025-04-18 00:00:00+00:00,145403089797.0,60916066222.0,4055727593.0,210374883612.0
2025-04-19 00:00:00+00:00,145035321798.0,60900318102.0,3995975344.0,209931615244.0
2025-04-20 00:00:00+00:00,145216680932.0,60899206375.0,4018734882.0,210134622189.0
2025-04-21 00:00:00+00:00,145204655279.0,60894831788.0,4022274954.0,210121762021.0
2025-04-22 00:00:00+00:00,145254984859.0,60945423744.0,4050501776.0,210250910379.0
2025-04-23 00:00:00+00:00,145771856311.0,61761862494.0,4121578815.0,211655297620.0
2025-04-24 00:00:00+00:00,146144939953.0,61927441588.0,4112749848.0,212185131389.0
2025-04-25 00:00:00+00:00,146580988029.0,62235315314.0,4123107052.0,212939410395.0
2025-04-26 00:00:00+00:00,146823288025.0,62415525365.0,4142389353.0,213381202743.0
2025-04-27 00:00:00+00:00,147695285561.0,62286522044.0,4146123736.0,214127931341.0
2025-04-28 00:00:00+00:00,147890535534.0,62107481912.0,4151718093.0,214149735539.0
2025-04-29 00:00:00+00:00,148611733563.0,62061041969.0,4110595770.0,214783371302.0
2025-04-30 00:00:00+00:00,148905522663.0,62039097421.0,4116205211.0,215060825295.0
2025-05-01 00:00:00+00:00,149333119679.0,61526472337.0,4117932140.0,214977524156.0
2025-05-02 00:00:00+00:00,149440079658.0,61578347668.0,4103921264.0,215122348590.0
2025-05-03 00:00:00+00:00,149711823199.0,61590877379.0,4104326110.0,215407026688.0
2025-05-04 00:00:00+00:00,149981823181.0,61564127498.0,4110755539.0,215656706218.0
2025-05-05 00:00:00+00:00,149987023181.0,61534505030.0,4136130204.0,215657658415.0
2025-05-06 00:00:00+00:00,149826223167.0,61778127495.0,4113891613.0,215718242275.0
2025-05-07 00:00:00+00:00,150106836051.0,60955931884.0,4155693211.0,215218461146.0
2025-05-08 00:00:00+00:00,150181948939.0,60914641753.0,4166420644.0,215263011336.0
2025-05-09 00:00:00+00:00,150350804952.0,60895892370.0,4232518018.0,215479215340.0
2025-05-10 00:00:00+00:00,150393604947.0,60696326145.0,4338183442.0,215428114534.0
2025-05-11 00:00:00+00:00,150514671503.0,60820431929.0,4373579600.0,215708683032.0
2025-05-12 00:00:00+00:00,150615671502.0,60801635618.0,4440040166.0,215857347286.0
2025-05-13 00:00:00+00:00,150663236041.0,60394565854.0,4480445605.0,215538247500.0
2025-05-14 00:00:00+00:00,150926534831.0,60132774580.0,4516947316.0,215576256727.0
2025-05-15 00:00:00+00:00,151333639504.0,60141238143.0,4522892696.0,215997770343.0
2025-05-16 00:00:00+00:00,151745623801.0,60083061353.0,4517591889.0,216346277043.0
2025-05-17 00:00:00+00:00,151802073801.0,60454761676.0,4514040694.0,216770876171.0
2025-05-18 00:00:00+00:00,151901465555.0,60400485375.0,4510082588.0,216812033518.0
2025-05-19 00:00:00+00:00,152051465524.0,60348769352.0,4501403241.0,216901638117.0
2025-05-20 00:00:00+00:00,152286729390.0,60030391309.0,4497156156.0,216814276855.0
2025-05-21 00:00:00+00:00,152473429748.0,60073124158.0,4523206915.0,217069760821.0
2025-05-22 00:00:00+00:00,152809591181.0,60747877180.0,4537173637.0,218094641998.0
2025-05-23 00:00:00+00:00,153131132875.0,60872525293.0,4652215854.0,218655874022.0
2025-05-24 00:00:00+00:00,153333908216.0,61282666764.0,4512499033.0,219129074013.0
2025-05-25 00:00:00+00:00,153364622848.0,61316726272.0,4522596198.0,219203945318.0
2025-05-26 00:00:00+00:00,153364622847.0,61265406144.0,4520030403.0,219150059394.0
2025-05-27 00:00:00+00:00,153336099489.0,61157993726.0,4514608899.0,219008702114.0
2025-05-28 00:00:00+00:00,153545087010.0,60916601401.0,4533870175.0,218995558586.0
2025-05-29 00:00:00+00:00,153590783310.0,60815590161.0,4576076917.0,218982450388.0
2025-05-30 00:00:00+00:00,153692315960.0,60610949844.0,4707902449.0,219011168253.0
2025-05-31 00:00:00+00:00,153658825957.0,60626705605.0,4712361266.0,218997892828.0
2025-06-01 00:00:00+00:00,153723758271.0,60572085105.0,4785269789.0,219081113165.0
2025-06-02 00:00:00+00:00,153763502089.0,60509667778.0,4760910431.0,219034080298.0
2025-06-03 00:00:00+00:00,153918365325.0,60678592151.0,4317028497.0,218913985973.0
2025-06-04 00:00:00+00:00,154288119435.0,60946475663.0,4375350753.0,219609945851.0
2025-06-05 00:00:00+00:00,154488400144.0,61131468608.0,4322987316.0,219942856068.0
2025-06-06 00:00:00+00:00,154606717162.0,60590144143.0,4325511084.0,219522372389.0
2025-06-07 00:00:00+00:00,155115000492.0,60667869783.0,4359861201.0,220142731476.0
2025-06-08 00:00:00+00:00,155407500492.0,60658782489.0,4352134650.0,220418417631.0
2025-06-09 00:00:00+00:00,155407500531.0,60653704343.0,4354912362.0,220416117236.0
2025-06-10 00:00:00+00:00,156015285591.0,60604413174.0,4378333297.0,220998032062.0
2025-06-11 00:00:00+00:00,155670088658.0,60626528692.0,4408602585.0,220705219935.0
2025-06-12 00:00:00+00:00,156031051481.0,60825163050.0,4444617283.0,221300831814.0
2025-06-13 00:00:00+00:00,156034350481.0,60741300007.0,4411675212.0,221187325700.0
2025-06-14 00:00:00+00:00,156311510783.0,61371511197.0,4376624666.0,222059646646.0
2025-06-15 00:00:00+00:00,156288710782.0,61319855243.0,4368891290.0,221977457315.0
2025-06-16 00:00:00+00:00,156262534400.0,61325008367.0,4362686211.0,221950228978.0
2025-06-17 00:00:00+00:00,156350343711.0,61197763903.0,4364612855.0,221912720469.0
2025-06-18 00:00:00+00:00,156397425951.0,61097319757.0,4549317239.0,222044062947.0
2025-06-19 00:00:00+00:00,156493925950.0,61211469006.0,4617213946.0,222322608902.0
2025-06-20 00:00:00+00:00,156674248726.0,61055394018.0,4485532051.0,222215174795.0
2025-06-21 00:00:00+00:00,156688688065.0,60823311681.0,4455718206.0,221967717952.0
2025-06-22 00:00:00+00:00,156600188057.0,60899502043.0,4456874362.0,221956564462.0
2025-06-23 00:00:00+00:00,156750556577.0,60860420365.0,4454274984.0,222065251926.0
2025-06-24 00:00:00+00:00,155908804295.0,61338513308.0,4370084709.0,221617402312.0
2025-06-25 00:00:00+00:00,157394434423.0,61601316068.0,4363789212.0,223359539703.0
2025-06-26 00:00:00+00:00,157917318269.0,61462201670.0,4335862971.0,223715382910.0
2025-06-27 00:00:00+00:00,158266828122.0,61379856179.0,4334515995.0,223981200296.0
2025-06-28 00:00:00+00:00,158303889518.0,61409457206.0,4328791041.0,224042137765.0
2025-06-29 00:00:00+00:00,158444090587.0,61409457206.0,4324523800.0,224178071593.0
2025-06-30 00:00:00+00:00,158520790585.0,61340894592.0,4293552852.0,224155238029.0
2025-07-01 00:00:00+00:00,158754090584.0,61233561658.0,4283719415.0,224271371657.0
2025-07-02 00:00:00+00:00,158695019985.0,61330570784.0,4273942079.0,224299532848.0
2025-07-03 00:00:00+00:00,159155198929.0,61468509751.0,4282111135.0,224905819815.0
2025-07-04 00:00:00+00:00,159305664246.0,61927821889.0,4288130225.0,225521616360.0
2025-07-05 00:00:00+00:00,159478756035.0,61813045112.0,4324577462.0,225616378609.0
2025-07-06 00:00:00+00:00,159478756029.0,61848765802.0,4319334817.0,225646856648.0
2025-07-07 00:00:00+00:00,159463829126.0,61914514809.0,4324140469.0,225702484404.0
2025-07-08 00:00:00+00:00,159520682149.0,61686814391.0,4301874887.0,225509371427.0
2025-07-09 00:00:00+00:00,159455682148.0,61668157447.0,4312471548.0,225436311143.0
2025-07-10 00:00:00+00:00,159695616477.0,62058362179.0,4329959584.0,226083938240.0
2025-07-11 00:00:00+00:00,159994836080.0,62560460911.0,4338807615.0,226894104606.0
2025-07-12 00:00:00+00:00,160150055260.0,63122747059.0,4323367880.0,227596170199.0
2025-07-13 00:00:00+00:00,160394357834.0,63290662904.0,4307585599.0,227992606337.0
2025-07-14 00:00:00+00:00,160394357833.0,63429308554.0,4318058824.0,228141725211.0
2025-07-15 00:00:00+00:00,160545757830.0,63155113222.0,4316276986.0,228017148038.0
2025-07-16 00:00:00+00:00,160669087149.0,62106490845.0,4321148560.0,227096726554.0
2025-07-17 00:00:00+00:00,162039387242.0,63136403196.0,4345363947.0,229521154385.0
2025-07-18 00:00:00+00:00,161470084202.0,64073956715.0,4357889139.0,229901930056.0
2025-07-19 00:00:00+00:00,161983579210.0,64369490258.0,4382778226.0,230735847694.0
2025-07-20 00:00:00+00:00,162359770647.0,64199001305.0,4367047233.0,230925819185.0
2025-07-21 00:00:00+00:00,162531584793.0,64073586853.0,4352802235.0,230957973881.0
2025-07-22 00:00:00+00:00,162855465485.0,64439196612.0,4358461059.0,231653123156.0
2025-07-23 00:00:00+00:00,163023658144.0,64484839683.0,4352973959.0,231861471786.0
2025-07-24 00:00:00+00:00,163208856646.0,64352254001.0,4353151268.0,231914261915.0
2025-07-25 00:00:00+00:00,163910480196.0,64818032731.0,4337775382.0,233066288309.0
2025-07-26 00:00:00+00:00,163908480684.0,64026821911.0,4328559311.0,232263861906.0
2025-07-27 00:00:00+00:00,164437379973.0,63975475317.0,4370614948.0,232783470238.0
2025-07-28 00:00:00+00:00,164437379970.0,63974615269.0,4367140547.0,232779135786.0
2025-07-29 00:00:00+00:00,164259732060.0,63649526706.0,4364167396.0,232273426162.0
2025-07-30 00:00:00+00:00,164371766732.0,63579399374.0,4348209281.0,232299375387.0
2025-07-31 00:00:00+00:00,164580462391.0,63695606561.0,4345415885.0,232621484837.0
2025-08-01 00:00:00+00:00,164686013950.0,63858929785.0,4336627459.0,232881571194.0
2025-08-02 00:00:00+00:00,164764742593.0,64009861543.0,4306166127.0,233080770263.0
2025-08-03 00:00:00+00:00,164758535749.0,63890957711.0,4306161135.0,232955654595.0
2025-08-04 00:00:00+00:00,164734535747.0,63866936618.0,4330384264.0,232931856629.0
2025-08-05 00:00:00+00:00,164723091665.0,64133803101.0,4332442392.0,233189337158.0
2025-08-06 00:00:00+00:00,164748993280.0,64316656761.0,4326660717.0,233392310758.0
2025-08-07 00:00:00+00:00,164521910565.0,64379034541.0,4316393227.0,233217338333.0
2025-08-08 00:00:00+00:00,165186565785.0,64515908845.0,4361483857.0,234063958487.0
2025-08-09 00:00:00+00:00,165053491593.0,65068392169.0,4375029669.0,234496913431.0
2025-08-10 00:00:00+00:00,165260481580.0,65070089243.0,4392050247.0,234722621070.0
2025-08-11 00:00:00+00:00,164561420921.0,64977770795.0,4396252577.0,233935444293.0
2025-08-12 00:00:00+00:00,164867620918.0,65241866879.0,4459236389.0,234568724186.0
2025-08-13 00:00:00+00:00,164578283964.0,66204397439.0,4446722000.0,235229403403.0
2025-08-14 00:00:00+00:00,165087257083.0,66807090008.0,4506420580.0,236400767671.0
2025-08-15 00:00:00+00:00,166150657095.0,67551596014.0,4615527729.0,238317780838.0
2025-08-16 00:00:00+00:00,166328383729.0,67931397144.0,4623159361.0,238882940234.0
2025-08-17 00:00:00+00:00,166328383729.0,67931397144.0,4623159361.0,238882940234.0
2025-08-18 00:00:00+00:00,167006860890.0,67909546656.0,4697675643.0,239614083189.0
2025-08-19 00:00:00+00:00,167167996960.0,67875713246.0,4699066239.0,239742776445.0
2025-08-20 00:00:00+00:00,167271227574.0,67470520222.0,4856730643.0,239598478439.0
2025-08-21 00:00:00+00:00,167271227574.0,67470520222.0,4856730643.0,239598478439.0
2025-08-22 00:00:00+00:00,166921867399.0,66676060318.0,4786098805.0,238384026522.0
2025-08-23 00:00:00+00:00,166921867399.0,66676060318.0,4786098805.0,238384026522.0
2025-08-24 00:00:00+00:00,167101537709.0,67172441165.0,4870739229.0,239144718103.0
2025-08-25 00:00:00+00:00,167221537708.0,67093456087.0,4936310361.0,239251304156.0
2025-08-26 00:00:00+00:00,167238333460.0,68727991544.0,5126136160.0,241092461164.0
2025-08-27 00:00:00+00:00,167217333459.0,68818681688.0,5092347130.0,241128362277.0
2025-08-28 00:00:00+00:00,167383925958.0,69123274262.0,5193203689.0,241700403909.0
2025-08-29 00:00:00+00:00,168429502725.0,70391528233.0,5262936383.0,244083967341.0
2025-08-30 00:00:00+00:00,167600371918.0,71373163040.0,5224490613.0,244198025571.0
2025-08-31 00:00:00+00:00,168005950273.0,71341964049.0,5177986392.0,244525900714.0
2025-09-01 00:00:00+00:00,167960422397.0,72049974781.0,5130735111.0,245141132289.0
2025-09-02 00:00:00+00:00,167981863668.0,71861411606.0,5187889523.0,245031164797.0
2025-09-03 00:00:00+00:00,166871763653.0,72106640210.0,5164743083.0,244143146946.0
2025-09-04 00:00:00+00:00,168285427737.0,72281330956.0,5146855964.0,245713614657.0
2025-09-05 00:00:00+00:00,170586184029.0,72238076383.0,5123561395.0,247947821807.0
2025-09-06 00:00:00+00:00,168825084008.0,72235878046.0,5085637970.0,246146600024.0
2025-09-07 00:00:00+00:00,168825084007.0,72206302689.0,5018025089.0,246049411785.0
2025-09-08 00:00:00+00:00,168825084004.0,72145141960.0,5011855231.0,245982081195.0
2025-09-09 00:00:00+00:00,168877363164.0,72185877168.0,4967114532.0,246030354864.0
2025-09-10 00:00:00+00:00,169048563162.0,72287339631.0,4972505107.0,246308407900.0
2025-09-11 00:00:00+00:00,169411163153.0,71921402310.0,4968561188.0,246301126651.0
2025-09-12 00:00:00+00:00,169513361626.0,72029014385.0,4978883845.0,246521259856.0
2025-09-13 00:00:00+00:00,170102454965.0,72595950971.0,5037819649.0,247736225585.0
2025-09-14 00:00:00+00:00,170364871683.0,72785742036.0,5102380119.0,248252993838.0
2025-09-15 00:00:00+00:00,170178989121.0,72800537352.0,5105901707.0,248085428180.0
2025-09-16 00:00:00+00:00,170624947838.0,72764259852.0,5096960642.0,248486168332.0
2025-09-17 00:00:00+00:00,170903775343.0,73207475527.0,5105908208.0,249217159078.0
2025-09-18 00:00:00+00:00,171220679162.0,73172467819.0,5094999735.0,249488146716.0
2025-09-19 00:00:00+00:00,171395619409.0,74010712386.0,5095916129.0,250502247924.0
2025-09-20 00:00:00+00:00,172019220193.0,73758281551.0,5111325155.0,250888826899.0
2025-09-21 00:00:00+00:00,172279220193.0,73574557395.0,5146392690.0,251000170278.0
2025-09-22 00:00:00+00:00,171971462933.0,73642796157.0,5201818098.0,250816077188.0
2025-09-23 00:00:00+00:00,172687580334.0,73760589980.0,5192582332.0,251640752646.0
2025-09-24 00:00:00+00:00,173008506231.0,73622311311.0,5179254605.0,251810072147.0
2025-09-25 00:00:00+00:00,173336087144.0,73729893288.0,5183706922.0,252249687354.0
2025-09-26 00:00:00+00:00,173404033837.0,73707162652.0,5375093495.0,252486289984.0
2025-09-27 00:00:00+00:00,174168318428.0,73514538066.0,5101815464.0,252784671958.0
2025-09-28 00:00:00+00:00,174376743851.0,73436316750.0,5079336792.0,252892397393.0
2025-09-29 00:00:00+00:00,174335617850.0,73347331002.0,5091287970.0,252774236822.0
2025-09-30 00:00:00+00:00,174592531943.0,73214277372.0,5079987913.0,252886797228.0
2025-10-01 00:00:00+00:00,174875230173.0,73642961212.0,5076538968.0,253594730353.0
2025-10-02 00:00:00+00:00,175465763402.0,73777519907.0,5070219665.0,254313502974.0
2025-10-03 00:00:00+00:00,176151363391.0,74099214899.0,5017462739.0,255268041029.0
2025-10-04 00:00:00+00:00,176615965939.0,75183499356.0,5050620483.0,256850085778.0
2025-10-05 00:00:00+00:00,176994189391.0,75105831548.0,5044867482.0,257144888421.0
2025-10-06 00:00:00+00:00,176876946043.0,74912337284.0,5029577197.0,256818860524.0
2025-10-07 00:00:00+00:00,177383766513.0,75148679444.0,5012917849.0,257545363806.0
2025-10-08 00:00:00+00:00,177877724056.0,75341515749.0,5014506975.0,258233746780.0
2025-10-09 00:00:00+00:00,178046224055.0,75310826205.0,5024809477.0,258381859737.0
2025-10-10 00:00:00+00:00,177415123608.0,75331286725.0,5080312544.0,257826722877.0
2025-10-11 00:00:00+00:00,179046344878.0,74782003364.0,5100931368.0,258929279610.0
2025-10-12 00:00:00+00:00,179864638049.0,75137167003.0,5110335539.0,260112140591.0
2025-10-13 00:00:00+00:00,179989018048.0,75282039353.0,5063436451.0,260334493852.0
2025-10-14 00:00:00+00:00,180122114669.0,75351059407.0,5000049633.0,260473223709.0
2025-10-15 00:00:00+00:00,180573124485.0,75860518084.0,5009512081.0,261443154650.0
2025-10-16 00:00:00+00:00,181293478152.0,75680208026.0,5039577535.0,262013263713.0
2025-10-17 00:00:00+00:00,181413378149.0,75681558830.0,5057867285.0,262152804264.0
2025-10-18 00:00:00+00:00,181627031669.0,75728951658.0,5044730829.0,262400714156.0
2025-10-19 00:00:00+00:00,181833031406.0,75641628357.0,5076024023.0,262550683786.0
2025-10-20 00:00:00+00:00,181834571467.0,75613370819.0,5099540731.0,262547483017.0
2025-10-21 00:00:00+00:00,182026317119.0,75824634449.0,5140933909.0,262991885477.0
2025-10-22 00:00:00+00:00,182533617116.0,76306245382.0,5107494578.0,263947357076.0
2025-10-23 00:00:00+00:00,182467850715.0,76054020114.0,5139490607.0,263661361436.0
2025-10-24 00:00:00+00:00,182725366353.0,76037162295.0,5144626176.0,263907154824.0
2025-10-25 00:00:00+00:00,183034945595.0,75996678803.0,5148451944.0,264180076342.0
2025-10-26 00:00:00+00:00,183030712256.0,75884447544.0,5158121747.0,264073281547.0
2025-10-27 00:00:00+00:00,183132999190.0,75832109356.0,5130091937.0,264095200483.0
2025-10-28 00:00:00+00:00,183191016851.0,75687574209.0,5126983665.0,264005574725.0
2025-10-29 00:00:00+00:00,183418916842.0,75767724438.0,5129602337.0,264316243617.0
2025-10-30 00:00:00+00:00,183364985897.0,75839252919.0,4873486485.0,264077725301.0
2025-10-31 00:00:00+00:00,183363406166.0,75561827029.0,5127567751.0,264052800946.0
2025-11-01 00:00:00+00:00,183417069851.0,75522646181.0,5101028008.0,264040744040.0
2025-11-02 00:00:00+00:00,183477069850.0,75496535300.0,5089596629.0,264063201779.0
2025-11-03 00:00:00+00:00,183567064850.0,75336932985.0,5118341097.0,264022338932.0
2025-11-04 00:00:00+00:00,183562064846.0,74976036923.0,5146694738.0,263684796507.0
2025-11-05 00:00:00+00:00,183334272915.0,74650691250.0,5106481200.0,263091445365.0
2025-11-06 00:00:00+00:00,183524336772.0,74803089779.0,5049193762.0,263376620313.0
2025-11-07 00:00:00+00:00,183421456118.0,74920844018.0,5000361402.0,263342661538.0
2025-11-08 00:00:00+00:00,183636808748.0,75414201438.0,4875206464.0,263926216650.0
2025-11-09 00:00:00+00:00,183443867184.0,75262040367.0,4884119515.0,263590027066.0
2025-11-10 00:00:00+00:00,183443867160.0,75278195173.0,4873538347.0,263595600680.0
2025-11-11 00:00:00+00:00,183471337794.0,75548040755.0,4915144153.0,263934522702.0
2025-11-12 00:00:00+00:00,183558450276.0,75513232607.0,4895918504.0,263967601387.0
2025-11-13 00:00:00+00:00,184167697723.0,75488730268.0,4889384532.0,264545812523.0
2025-11-14 00:00:00+00:00,184038597717.0,75039053895.0,4872675534.0,263950327146.0
2025-11-15 00:00:00+00:00,183997701199.0,74512961425.0,4855191255.0,263365853879.0
2025-11-16 00:00:00+00:00,184021451196.0,74386582866.0,4855792149.0,263263826211.0
2025-11-17 00:00:00+00:00,184013950770.0,74344757165.0,4847490409.0,263206198344.0
2025-11-18 00:00:00+00:00,184004050756.0,74353102162.0,4840097393.0,263197250311.0
2025-11-19 00:00:00+00:00,183859084400.0,74378487507.0,4859123525.0,263096695432.0
2025-11-20 00:00:00+00:00,183868329147.0,74127103178.0,4822393421.0,262817825746.0
2025-11-21 00:00:00+00:00,184757890184.0,73329673348.0,4818210103.0,262905773635.0
2025-11-22 00:00:00+00:00,184556081188.0,73590490103.0,4731933893.0,262878505184.0
2025-11-23 00:00:00+00:00,184563479971.0,73583121468.0,4721875767.0,262868477206.0
2025-11-24 00:00:00+00:00,184373921964.0,73519809773.0,4738365856.0,262632097593.0
2025-11-25 00:00:00+00:00,184520644518.0,74310233035.0,4754092446.0,263584969999.0
2025-11-26 00:00:00+00:00,184507212685.0,74764041712.0,4774136149.0,264045390546.0
2025-11-27 00:00:00+00:00,184539966838.0,75502521029.0,4785256608.0,264827744475.0
2025-11-28 00:00:00+00:00,184540266673.0,75731063225.0,4773799311.0,265045129209.0
2025-11-29 00:00:00+00:00,184590594407.0,76232241210.0,4770145614.0,265592981231.0
2025-11-30 00:00:00+00:00,184578594365.0,76261384667.0,4753692442.0,265593671474.0
2025-12-01 00:00:00+00:00,184578594363.0,76112349840.0,4753889610.0,265444833813.0
2025-12-02 00:00:00+00:00,184559976578.0,77002074502.0,4690055650.0,266252106730.0
2025-12-03 00:00:00+00:00,184661571286.0,77376936826.0,4674743567.0,266713251679.0
2025-12-04 00:00:00+00:00,185275678813.0,77574727817.0,4649699916.0,267500106546.0
2025-12-05 00:00:00+00:00,185489666066.0,77626613205.0,4646410788.0,267762690059.0
2025-12-06 00:00:00+00:00,185671557706.0,77822254378.0,4637547341.0,268131359425.0
2025-12-07 00:00:00+00:00,185605589591.0,77781643287.0,4632712503.0,268019945381.0
2025-12-08 00:00:00+00:00,185620700098.0,77761395823.0,4636709523.0,268018805444.0
2025-12-09 00:00:00+00:00,185694296048.0,78138457954.0,4627042261.0,268459796263.0
2025-12-10 00:00:00+00:00,186165611819.0,78095651209.0,4650454463.0,268911717491.0
2025-12-11 00:00:00+00:00,186085477252.0,78185014861.0,4640766266.0,268911258379.0
2025-12-12 00:00:00+00:00,186124222838.0,78567461160.0,4626690637.0,269318374635.0
2025-12-13 00:00:00+00:00,186227170549.0,78423998790.0,4639211192.0,269290380531.0
2025-12-14 00:00:00+00:00,186224670549.0,78355359299.0,4639172159.0,269219202007.0
2025-12-15 00:00:00+00:00,186224670548.0,78310744099.0,4649815779.0,269185230426.0
2025-12-16 00:00:00+00:00,186314670545.0,78208036258.0,4638898299.0,269161605102.0
2025-12-17 00:00:00+00:00,186299880874.0,78165831999.0,4623598588.0,269089311461.0
2025-12-18 00:00:00+00:00,186293380860.0,77983298164.0,4612195081.0,268888874105.0
2025-12-19 00:00:00+00:00,186248060817.0,77341285321.0,4593439716.0,268182785854.0
2025-12-20 00:00:00+00:00,186367744185.0,77117379270.0,4577336198.0,268062459653.0
2025-12-21 00:00:00+00:00,186797744183.0,77073197863.0,4553390270.0,268424332316.0
2025-12-22 00:00:00+00:00,186797744182.0,77028439292.0,4560912913.0,268387096387.0
2025-12-23 00:00:00+00:00,186880324181.0,77064482833.0,4549595234.0,268494402248.0
2025-12-24 00:00:00+00:00,187100147046.0,76839734256.0,4543225932.0,268483107234.0
2025-12-25 00:00:00+00:00,186863540033.0,76561361608.0,4526943030.0,267951844671.0
2025-12-26 00:00:00+00:00,186861373315.0,76473668777.0,4540482721.0,267875524813.0
2025-12-27 00:00:00+00:00,186852272294.0,76452764619.0,4527874174.0,267832911087.0
2025-12-28 00:00:00+00:00,186800272292.0,76372786121.0,4536100832.0,267709159245.0
2025-12-29 00:00:00+00:00,186800272291.0,76270278647.0,4530154371.0,267600705309.0
2025-12-30 00:00:00+00:00,187303272279.0,76007865440.0,4516421273.0,267827558992.0
2025-12-31 00:00:00+00:00,187311388515.0,76003970103.0,4498019202.0,267813377820.0
2026-01-01 00:00:00+00:00,187261227273.0,75312364733.0,4496983667.0,267070575673.0
2026-01-02 00:00:00+00:00,187074832375.0,75132503398.0,4494234866.0,266701570639.0
2026-01-03 00:00:00+00:00,187214832372.0,75288915416.0,4495381119.0,266999128907.0
2026-01-04 00:00:00+00:00,187083832372.0,75306641558.0,4496697668.0,266887171598.0
2026-01-05 00:00:00+00:00,187083832369.0,75375012020.0,4498239157.0,266957083546.0
2026-01-06 00:00:00+00:00,187293532611.0,75666723343.0,4498374555.0,267458630509.0
2026-01-07 00:00:00+00:00,187067881365.0,75482167416.0,4520350744.0,267070399525.0
2026-01-08 00:00:00+00:00,187068870349.0,75069992350.0,4516851380.0,266655714079.0
2026-01-09 00:00:00+00:00,186177870330.0,74923084420.0,4510672480.0,265611627230.0
2026-01-10 00:00:00+00:00,186939883564.0,74632467209.0,4509941993.0,266082292766.0
2026-01-11 00:00:00+00:00,187045563563.0,74596182890.0,4509772160.0,266151518613.0
2026-01-12 00:00:00+00:00,186939883553.0,74558603100.0,4535297983.0,266033784636.0
2026-01-13 00:00:00+00:00,186906829735.0,73977140735.0,4529360339.0,265413330809.0
2026-01-14 00:00:00+00:00,186821887714.0,74878925568.0,4623354540.0,266324167822.0
2026-01-15 00:00:00+00:00,186790391342.0,75687822294.0,4689198725.0,267167412361.0
2026-01-16 00:00:00+00:00,186679205004.0,76621049108.0,4688701870.0,267988955982.0
2026-01-17 00:00:00+00:00,186660995531.0,77119711944.0,4681878893.0,268462586368.0
2026-01-18 00:00:00+00:00,186660995511.0,77031538927.0,4684630653.0,268377165091.0
2026-01-19 00:00:00+00:00,186964415062.0,76768398593.0,4691200241.0,268424013896.0
2026-01-20 00:00:00+00:00,186972526151.0,76437212516.0,4654528495.0,268064267162.0
2026-01-21 00:00:00+00:00,186985577484.0,74497118677.0,4645075157.0,266127771318.0
2026-01-22 00:00:00+00:00,186886791640.0,74226424810.0,4643461409.0,265756677859.0
2026-01-23 00:00:00+00:00,186891791639.0,73636751175.0,4651309544.0,265179852358.0
2026-01-24 00:00:00+00:00,186870822577.0,72936917936.0,4628978707.0,264436719220.0
2026-01-25 00:00:00+00:00,186870822575.0,72559398810.0,4625169969.0,264055391354.0
2026-01-26 00:00:00+00:00,186855914873.0,72382705488.0,4620835552.0,263859455913.0
2026-01-27 00:00:00+00:00,186508591426.0,72032645906.0,4628264254.0,263169501586.0
2026-01-28 00:00:00+00:00,186398204268.0,71539998624.0,4599790050.0,262537992942.0
2026-01-29 00:00:00+00:00,186303395123.0,71294078029.0,4612903599.0,262210376751.0
2026-01-30 00:00:00+00:00,185817215159.0,70250401831.0,4599751178.0,260667368168.0
2026-01-31 00:00:00+00:00,185577215258.0,70020388978.0,4712926702.0,260310530938.0
2026-02-01 00:00:00+00:00,185342539535.0,70086068463.0,4712926702.0,260141534700.0
2026-02-02 00:00:00+00:00,185398845864.0,70338001812.0,4712926702.0,260449774378.0
2026-02-03 00:00:00+00:00,185300658701.0,70715185226.0,4712926702.0,260728770629.0
2026-02-04 00:00:00+00:00,185161878190.0,70860356564.0,4712926702.0,260735161456.0
2026-02-05 00:00:00+00:00,185685527539.0,70786876510.0,4712926702.0,261185330751.0
2026-02-06 00:00:00+00:00,185261468141.0,70551319297.0,4712926702.0,260525714140.0
2026-02-07 00:00:00+00:00,183583056218.0,72568034111.0,4712926702.0,260864017031.0
2026-02-08 00:00:00+00:00,183456556217.0,72719099879.0,4712926702.0,260888582798.0
2026-02-09 00:00:00+00:00,184542486578.0,72846879535.0,4712924027.0,262102290140.0
2026-02-10 00:00:00+00:00,184487425874.0,73035841605.0,4425929216.0,261949196695.0
2026-02-11 00:00:00+00:00,184363356800.0,73213052012.0,4427740024.0,262004148836.0
2026-02-12 00:00:00+00:00,183990423483.0,73354762682.0,4408524025.0,261753710190.0
2026-02-13 00:00:00+00:00,183916921483.0,73257305055.0,4406334208.0,261580560746.0
2026-02-14 00:00:00+00:00,183786298904.0,73560911040.0,4386583708.0,261733793652.0
2026-02-15 00:00:00+00:00,183781798903.0,73577053407.0,4392025886.0,261750878196.0
2026-02-16 00:00:00+00:00,183747148903.0,73704128354.0,4387811842.0,261839089099.0
2026-02-17 00:00:00+00:00,183721226771.0,73740960376.0,4385921989.0,261848109136.0
2026-02-18 00:00:00+00:00,183710926769.0,73559763039.0,4391878869.0,261662568677.0
2026-02-19 00:00:00+00:00,183711211231.0,73634544689.0,4436281851.0,261782037771.0
2026-02-20 00:00:00+00:00,183708077229.0,73794951760.0,4429542322.0,261932571311.0
2026-02-21 00:00:00+00:00,182601277225.0,74504560630.0,4422130493.0,261527968348.0
2026-02-22 00:00:00+00:00,182621277216.0,74407823468.0,4406003653.0,261435104337.0
2026-02-23 00:00:00+00:00,183593577216.0,74469491105.0,4409493910.0,262472562231.0
2026-02-24 00:00:00+00:00,183600237166.0,74776633616.0,4412332200.0,262789202982.0
2026-02-25 00:00:00+00:00,183623080164.0,74995415843.0,4417086909.0,263035582916.0
2026-02-26 00:00:00+00:00,183657380162.0,75430875769.0,4436583529.0,263524839460.0
2026-02-27 00:00:00+00:00,183449012069.0,75341602829.0,4435314208.0,263225929106.0
2026-02-28 00:00:00+00:00,183566910286.0,75294578206.0,4408202520.0,263269691012.0
2026-03-01 00:00:00+00:00,183481912039.0,75226382817.0,4405917188.0,263114212044.0
2026-03-02 00:00:00+00:00,183603207038.0,75229952120.0,4427391497.0,263260550655.0
2026-03-03 00:00:00+00:00,183647207037.0,75927178288.0,4455132583.0,264029517908.0
2026-03-04 00:00:00+00:00,183682010410.0,76379844350.0,4449091035.0,264510945795.0
2026-03-05 00:00:00+00:00,183867859980.0,77051592582.0,4494843320.0,265414295882.0
2026-03-06 00:00:00+00:00,184001159386.0,77210083386.0,4506989684.0,265718232456.0
2026-03-07 00:00:00+00:00,183939734587.0,77392088634.0,4500251887.0,265832075108.0
2026-03-08 00:00:00+00:00,183939734585.0,77301689983.0,4516080248.0,265757504816.0
2026-03-09 00:00:00+00:00,183878877627.0,77287342089.0,4536428203.0,265702647919.0
2026-03-10 00:00:00+00:00,184094103543.0,78255879302.0,4519797111.0,266869779956.0
2026-03-11 00:00:00+00:00,183859471310.0,78732373891.0,4528146840.0,267119992041.0
2026-03-12 00:00:00+00:00,183929240437.0,78801464378.0,4509178613.0,267239883428.0
2026-03-13 00:00:00+00:00,183959859223.0,78940784292.0,4522591789.0,267423235304.0
2026-03-14 00:00:00+00:00,183981656765.0,79248572784.0,4538839141.0,267769068690.0
2026-03-15 00:00:00+00:00,184001656763.0,79215217975.0,4236640988.0,267453515726.0
2026-03-16 00:00:00+00:00,184001656762.0,79189828626.0,4537774282.0,267729259670.0
2026-03-17 00:00:00+00:00,184040242955.0,79300344318.0,4540905498.0,267881492771.0
2026-03-18 00:00:00+00:00,184061441677.0,79625059847.0,4550566712.0,268237068236.0
2026-03-19 00:00:00+00:00,183294383734.0,79412405972.0,4552362342.0,267259152048.0
2026-03-20 00:00:00+00:00,184152626358.0,79262014410.0,4564953231.0,267979593999.0
2026-03-21 00:00:00+00:00,184151626357.0,79097935711.0,4569425093.0,267818987161.0
2026-03-22 00:00:00+00:00,184200486118.0,79043679832.0,4574276146.0,267818442096.0
2026-03-23 00:00:00+00:00,184154286014.0,79014808343.0,4569898160.0,267738992517.0
2026-03-24 00:00:00+00:00,184152675122.0,78688051771.0,4560867392.0,267401594285.0
2026-03-25 00:00:00+00:00,184197857195.0,78702027979.0,4553651575.0,267453536749.0
2026-03-26 00:00:00+00:00,184185892777.0,78702307580.0,4565969545.0,267454169902.0
2026-03-27 00:00:00+00:00,184184487538.0,78105931879.0,4562968875.0,266853388292.0
2026-03-28 00:00:00+00:00,184166309525.0,77744257277.0,4555333498.0,266465900300.0
2026-03-29 00:00:00+00:00,184166309523.0,77691200701.0,4557506012.0,266415016236.0
2026-03-30 00:00:00+00:00,184166309516.0,77613255450.0,4580431389.0,266359996355.0
2026-03-31 00:00:00+00:00,184191337488.0,77385924342.0,4609363234.0,266186625064.0
2026-04-01 00:00:00+00:00,184192097658.0,77128465833.0,4654260704.0,265974824195.0
2026-04-02 00:00:00+00:00,184132980772.0,77172711569.0,4690847518.0,265996539859.0
2026-04-03 00:00:00+00:00,183931424483.0,77214991524.0,4685438369.0,265831854376.0
2026-04-04 00:00:00+00:00,184133813594.0,77489380882.0,4691428474.0,266314622950.0
2026-04-05 00:00:00+00:00,184120813592.0,77457133206.0,4701713095.0,266279659893.0
2026-04-06 00:00:00+00:00,184120813591.0,77502952975.0,4701924546.0,266325691112.0
2026-04-07 00:00:00+00:00,184075498313.0,77806327646.0,4720476441.0,266602302400.0
2026-04-08 00:00:00+00:00,184587298322.0,77810765640.0,4699168394.0,267097232356.0
2026-04-09 00:00:00+00:00,184080515963.0,78194175338.0,4664171018.0,266938862319.0
2026-04-10 00:00:00+00:00,184119405073.0,78357752950.0,4664957748.0,267142115771.0
2026-04-11 00:00:00+00:00,184252225449.0,78777246935.0,4668742668.0,267698215052.0
2026-04-12 00:00:00+00:00,184342225447.0,78747362210.0,4671517547.0,267761105204.0
2026-04-13 00:00:00+00:00,184405652445.0,78692174054.0,4654557535.0,267752384034.0
2026-04-14 00:00:00+00:00,184717963773.0,78728827816.0,4623981430.0,268070773019.0
2026-04-15 00:00:00+00:00,185446684215.0,78874522468.0,4609996538.0,268931203221.0
2026-04-16 00:00:00+00:00,185453084206.0,78639229846.0,4581943229.0,268674257281.0
2026-04-17 00:00:00+00:00,185778133795.0,78791772290.0,4592471753.0,269162377838.0
2026-04-18 00:00:00+00:00,186581469848.0,78646776096.0,4603309443.0,269831555387.0
2026-04-19 00:00:00+00:00,186841469847.0,78596559390.0,4597274399.0,270035303636.0
2026-04-20 00:00:00+00:00,187191969805.0,78286249090.0,4616828089.0,270095046984.0
2026-04-21 00:00:00+00:00,187885312105.0,78359313309.0,4651632293.0,270896257707.0
2026-04-22 00:00:00+00:00,188752981910.0,78377024196.0,4678927484.0,271808933590.0
2026-04-23 00:00:00+00:00,188775276509.0,78424230440.0,4669928082.0,271869435031.0
2026-04-24 00:00:00+00:00,189634641748.0,78130445111.0,4663218362.0,272428305221.0
2026-04-25 00:00:00+00:00,189637493986.0,77893928009.0,4660922594.0,272192344589.0
2026-04-26 00:00:00+00:00,189763953903.0,77827971883.0,4668271518.0,272260197304.0
2026-04-27 00:00:00+00:00,189733953885.0,77888719762.0,4672450352.0,272295123999.0
2026-04-28 00:00:00+00:00,189702264419.0,77739956572.0,4656699447.0,272098920438.0
2026-04-29 00:00:00+00:00,189662863914.0,77610904554.0,4658484411.0,271932252879.0
2026-04-30 00:00:00+00:00,189569482834.0,77360195970.0,4651874388.0,271581553192.0
2026-05-01 00:00:00+00:00,189543857677.0,77275650554.0,4643597451.0,271463105682.0
2026-05-02 00:00:00+00:00,189557557704.0,77361967992.0,4632188490.0,271551714186.0
2026-05-03 00:00:00+00:00,189557557526.0,77353205385.0,4619561723.0,271530324634.0
2026-05-04 00:00:00+00:00,189557557525.0,77365561131.0,4628469774.0,271551588430.0
2026-05-05 00:00:00+00:00,189543901543.0,77927977273.0,4614776797.0,272086655613.0
2026-05-06 00:00:00+00:00,189543501975.0,78291368724.0,4627250932.0,272462121631.0
2026-05-07 00:00:00+00:00,189620415595.0,78382045908.0,4640686862.0,272643148365.0
2026-05-08 00:00:00+00:00,189684479477.0,78468387934.0,4641854756.0,272794722167.0
2026-05-09 00:00:00+00:00,189660928647.0,78029221903.0,4662421561.0,272352572111.0
2026-05-10 00:00:00+00:00,189660928627.0,77965736468.0,4657096322.0,272283761417.0
2026-05-11 00:00:00+00:00,189660928627.0,77965736468.0,4658758600.0,272285423695.0
2026-05-12 00:00:00+00:00,189799527727.0,77566151626.0,4641581033.0,272007260386.0
2026-05-13 00:00:00+00:00,189785942690.0,77203347488.0,4623108096.0,271612398274.0
2026-05-14 00:00:00+00:00,189826819800.0,76878764713.0,4614173638.0,271319758151.0
2026-05-15 00:00:00+00:00,189827241530.0,76742348014.0,4626293016.0,271195882560.0
2026-05-16 00:00:00+00:00,189793911824.0,77081393402.0,4614758692.0,271490063918.0
2026-05-17 00:00:00+00:00,189778611130.0,77058251187.0,4613576651.0,271450438968.0
2026-05-18 00:00:00+00:00,189785611120.0,77011638317.0,4607505569.0,271404755006.0
2026-05-19 00:00:00+00:00,189825799111.0,77043325925.0,4598396954.0,271467521990.0
2026-05-20 00:00:00+00:00,190433722531.0,76393906484.0,4592875317.0,271420504332.0
2026-05-21 00:00:00+00:00,189811692787.0,76303288156.0,4591885069.0,270706866012.0
2026-05-22 00:00:00+00:00,189822193050.0,77090457874.0,4575447236.0,271488098160.0
2026-05-23 00:00:00+00:00,189689589981.0,76637508732.0,4575882520.0,270902981233.0
2026-05-24 00:00:00+00:00,189690479084.0,76546057539.0,4579419937.0,270815956560.0
2026-05-25 00:00:00+00:00,189602479076.0,76508588654.0,4586670174.0,270697737904.0
2026-05-26 00:00:00+00:00,189603164022.0,76642526423.0,4592552324.0,270838242769.0
2026-05-27 00:00:00+00:00,189551916392.0,76618013304.0,4611815271.0,270781744967.0
2026-05-28 00:00:00+00:00,189403226522.0,76484214097.0,4610489878.0,270497930497.0
2026-05-29 00:00:00+00:00,188928726319.0,76296656845.0,4595703111.0,269821086275.0
2026-05-30 00:00:00+00:00,188445050162.0,76112551212.0,4593766698.0,269151368072.0
2026-05-31 00:00:00+00:00,188445050151.0,75916857660.0,4583566147.0,268945473958.0
2026-06-01 00:00:00+00:00,188208550099.0,75898768745.0,4585451211.0,268692770055.0
2026-06-02 00:00:00+00:00,188213328258.0,76030858007.0,4600990186.0,268845176451.0
2026-06-03 00:00:00+00:00,188073122085.0,76030849873.0,4590512284.0,268694484242.0
2026-06-04 00:00:00+00:00,187494033381.0,76139139321.0,4579545894.0,268212718596.0
2026-06-05 00:00:00+00:00,187198022473.0,75777945473.0,4560078594.0,267536046540.0
2026-06-06 00:00:00+00:00,187293022469.0,75622610895.0,4516803161.0,267432436525.0
2026-06-07 00:00:00+00:00,186928730081.0,75506165266.0,4499700546.0,266934595893.0
2026-06-08 00:00:00+00:00,186928730080.0,75775091915.0,4483871104.0,267187693099.0
2026-06-09 00:00:00+00:00,186923648138.0,76068885659.0,4444460411.0,267436994208.0
2026-06-10 00:00:00+00:00,186919022158.0,75140122857.0,4421278869.0,266480423884.0
2026-06-11 00:00:00+00:00,186901301279.0,75003922778.0,4434261285.0,266339485342.0
2026-06-12 00:00:00+00:00,186874601278.0,74927024813.0,4422512556.0,266224138647.0
2026-06-13 00:00:00+00:00,186554027088.0,74929049485.0,4414572859.0,265897649432.0
2026-06-14 00:00:00+00:00,186545971088.0,74921868034.0,4417915166.0,265885754288.0
2026-06-15 00:00:00+00:00,186518471084.0,74867993350.0,4418459219.0,265804923653.0
2026-06-16 00:00:00+00:00,186490011079.0,75075476083.0,4416951792.0,265982438954.0
2026-06-17 00:00:00+00:00,186583466515.0,75008754473.0,4401503597.0,265993724585.0
2026-06-18 00:00:00+00:00,186553322590.0,74824037840.0,4387981506.0,265765341936.0
2026-06-19 00:00:00+00:00,186440788208.0,74860897043.0,4385439436.0,265687124687.0
2026-06-20 00:00:00+00:00,186406006279.0,74951105633.0,4389507770.0,265746619682.0
2026-06-21 00:00:00+00:00,186406006277.0,74917759609.0,4470316976.0,265794082862.0
2026-06-22 00:00:00+00:00,186406006277.0,74936058506.0,4473918812.0,265815983595.0
2026-06-23 00:00:00+00:00,186304747882.0,74550072819.0,4877439345.0,265732260046.0
2026-06-24 00:00:00+00:00,186305867760.0,74185498429.0,4868870365.0,265360236554.0
2026-06-25 00:00:00+00:00,186326767609.0,73838400814.0,4872959643.0,265038128066.0
2026-06-26 00:00:00+00:00,186327691674.0,73773176387.0,4850385120.0,264951253181.0
2026-06-27 00:00:00+00:00,185162740804.0,73896519647.0,4848528926.0,263907789377.0
2026-06-28 00:00:00+00:00,185162740804.0,73884653755.0,4846503662.0,263893898221.0
2026-06-29 00:00:00+00:00,185142740797.0,73817794577.0,4843582687.0,263804118061.0
2026-06-30 00:00:00+00:00,184960273387.0,73775508473.0,4848895933.0,263584677793.0
2026-07-01 00:00:00+00:00,184637556560.0,73471642859.0,4845672099.0,262954871518.0
2026-07-02 00:00:00+00:00,184630761247.0,73400134757.0,4841274806.0,262872170810.0
2026-07-03 00:00:00+00:00,184259156627.0,73368628347.0,4842859613.0,262470644587.0
2026-07-04 00:00:00+00:00,184252716069.0,73103725803.0,4852163687.0,262208605559.0
2026-07-05 00:00:00+00:00,184253816068.0,73066241378.0,4850468972.0,262170526418.0
2026-07-06 00:00:00+00:00,184303816067.0,73048217365.0,4848055478.0,262200088910.0
2026-07-07 00:00:00+00:00,184334235438.0,73127249349.0,4851282082.0,262312766869.0
2026-07-08 00:00:00+00:00,183120936383.0,73395532425.0,4855906529.0,261372375337.0
2026-07-09 00:00:00+00:00,183409285255.0,73412395301.0,4861353541.0,261683034097.0
2026-07-10 00:00:00+00:00,184276553999.0,73440620275.0,4873547225.0,262590721499.0
2026-07-11 00:00:00+00:00,184279015269.0,73414108310.0,4876044398.0,262569167977.0
2026-07-12 00:00:00+00:00,184279015269.0,73475033615.0,4865154242.0,262619203126.0
2026-07-13 00:00:00+00:00,184270015266.0,73540725820.0,4863340748.0,262674081834.0
2026-07-14 00:00:00+00:00,184360015264.0,73095920753.0,4860239204.0,262316175221.0
2026-07-15 00:00:00+00:00,184321163972.0,73175307529.0,4871259995.0,262367731496.0
2026-07-16 00:00:00+00:00,184203563971.0,73178147342.0,4857723804.0,262239435117.0
2026-07-17 00:00:00+00:00,184174124548.0,73279825708.0,4852323483.0,262306273739.0
2026-07-18 00:00:00+00:00,184192729802.0,73384607945.0,4854490530.0,262431828277.0
2026-07-19 00:00:00+00:00,184192729801.0,73390197854.0,4851309730.0,262434237385.0
2026-07-20 00:00:00+00:00,184192729800.0,73388153953.0,4846756333.0,262427640086.0
2026-07-21 00:00:00+00:00,184336776752.0,73325145721.0,4845197470.0,262507119943.0
2026-07-22 00:00:00+00:00,184268776752.0,73318948258.0,4849439243.0,262437164253.0
2026-07-23 00:00:00+00:00,184262722742.0,74358238199.0,4852549488.0,263473510429.0
2026-07-24 00:00:00+00:00,183200347298.0,74063861978.0,4858182160.0,262122391436.0
2026-07-25 00:00:00+00:00,184451250259.0,73651288002.0,4853982218.0,262956520479.0
2026-07-26 00:00:00+00:00,184451500248.0,73569380841.0,4854258520.0,262875139609.0
2026-07-27 00:00:00+00:00,184096055246.0,73464865311.0,4858672559.0,262419593116.0
2026-07-28 00:00:00+00:00,184110200247.71,73698954422.84,4805035367.57,262614190038.12
