Date,USDT_Net_Mint_Burn_Units,USDC_Net_Mint_Burn_Units,DAI_Net_Mint_Burn_Units
2020-01-01 00:00:00+00:00,0.0,77917.0,382413.0
2020-01-02 00:00:00+00:00,2144000.0,-1705662.0,1131868.0
2020-01-03 00:00:00+00:00,1087919922.0,5023476.0,333323.0
2020-01-04 00:00:00+00:00,-5875547.0,-1075170.0,768372.0
2020-01-05 00:00:00+00:00,4197813.0,112110.0,164336.0
2020-01-06 00:00:00+00:00,-5829140.0,-979194.0,558599.0
2020-01-07 00:00:00+00:00,3952428.0,-4008441.0,3749481.0
2020-01-08 00:00:00+00:00,-6034812.0,-23647542.0,3030700.0
2020-01-09 00:00:00+00:00,-5324836.0,-20532999.0,843174.0
2020-01-10 00:00:00+00:00,12957591.0,-8051875.0,54867.0
2020-01-11 00:00:00+00:00,1399071.0,-3211750.0,1544697.0
2020-01-12 00:00:00+00:00,-15021803.0,-9628035.0,-227453.0
2020-01-13 00:00:00+00:00,8028510.0,304871.0,1357001.0
2020-01-14 00:00:00+00:00,1012480.0,-2025791.0,1037072.0
2020-01-15 00:00:00+00:00,-3833382.0,-15150826.0,1788655.0
2020-01-16 00:00:00+00:00,7606485.0,20113226.0,379206.0
2020-01-17 00:00:00+00:00,-8312675.0,-3677309.0,1558664.0
2020-01-18 00:00:00+00:00,2040052.0,-3699498.0,5230344.0
2020-01-19 00:00:00+00:00,-2043168.0,-472331.0,1298294.0
2020-01-20 00:00:00+00:00,4789416.0,353617.0,887705.0
2020-01-21 00:00:00+00:00,-1279285.0,55542.0,565534.0
2020-01-22 00:00:00+00:00,2145655.0,2777758.0,1471024.0
2020-01-23 00:00:00+00:00,-587024.0,10772088.0,1298083.0
2020-01-24 00:00:00+00:00,-3303424.0,-9077597.0,669240.0
2020-01-25 00:00:00+00:00,10167221.0,433886.0,574800.0
2020-01-26 00:00:00+00:00,-6102210.0,-123382.0,371755.0
2020-01-27 00:00:00+00:00,2080303.0,-337717.0,983250.0
2020-01-28 00:00:00+00:00,-8303540.0,-3161612.0,961527.0
2020-01-29 00:00:00+00:00,17734465.0,904453.0,2355917.0
2020-01-30 00:00:00+00:00,-18444925.0,968713.0,-150328.0
2020-01-31 00:00:00+00:00,1185369.0,-5383800.0,1555120.0
2020-02-01 00:00:00+00:00,-621355.0,-1664027.0,-202519.0
2020-02-02 00:00:00+00:00,2019484.0,-2244279.0,322202.0
2020-02-03 00:00:00+00:00,6333890.0,-228110.0,-699345.0
2020-02-04 00:00:00+00:00,6020101.0,-773379.0,952418.0
2020-02-05 00:00:00+00:00,-11963913.0,-1727494.0,2801739.0
2020-02-06 00:00:00+00:00,1598856.0,-9120993.0,935078.0
2020-02-07 00:00:00+00:00,-1121720.0,-37265.0,953633.0
2020-02-08 00:00:00+00:00,3269123.0,-2771693.0,1385140.0
2020-02-09 00:00:00+00:00,11235.0,-2429246.0,111758.0
2020-02-10 00:00:00+00:00,20801515.0,5014548.0,1738914.0
2020-02-11 00:00:00+00:00,-10289207.0,-4340287.0,187224.0
2020-02-12 00:00:00+00:00,-5543366.0,-1715086.0,932586.0
2020-02-13 00:00:00+00:00,-11431828.0,10136205.0,1524473.0
2020-02-14 00:00:00+00:00,2269435.0,-1358964.0,3614173.0
2020-02-15 00:00:00+00:00,4310704.0,332127.0,1406117.0
2020-02-16 00:00:00+00:00,-1435941.0,-272060.0,1159084.0
2020-02-17 00:00:00+00:00,5067867.0,1584074.0,2094559.0
2020-02-18 00:00:00+00:00,9358569.0,-532697.0,-709733.0
2020-02-19 00:00:00+00:00,-11226941.0,2322122.0,-4200528.0
2020-02-20 00:00:00+00:00,-2449571.0,1776276.0,-2116960.0
2020-02-21 00:00:00+00:00,4783235.0,-9235954.0,510224.0
2020-02-22 00:00:00+00:00,-1469925.0,-773611.0,674705.0
2020-02-23 00:00:00+00:00,-1059201.0,1527367.0,-669666.0
2020-02-24 00:00:00+00:00,9325418.0,-1411257.0,1265787.0
2020-02-25 00:00:00+00:00,-5227882.0,2617895.0,956181.0
2020-02-26 00:00:00+00:00,-4960678.0,1011022.0,2111724.0
2020-02-27 00:00:00+00:00,-4909716.0,2128057.0,-1516788.0
2020-02-28 00:00:00+00:00,11143626.0,12402859.0,-54152.0
2020-02-29 00:00:00+00:00,-5917951.0,2054204.0,-2403515.0
2020-03-01 00:00:00+00:00,-2875848.0,-198357.0,-750111.0
2020-03-02 00:00:00+00:00,5878380.0,1128734.0,-710807.0
2020-03-03 00:00:00+00:00,26621.0,11577178.0,-1299607.0
2020-03-04 00:00:00+00:00,3236218.0,11723523.0,464150.0
2020-03-05 00:00:00+00:00,3309172.0,-41045.0,28567.0
2020-03-06 00:00:00+00:00,-10705484.0,-6355615.0,-135164.0
2020-03-07 00:00:00+00:00,8743105.0,142099.0,3626958.0
2020-03-08 00:00:00+00:00,-4113183.0,1939855.0,541587.0
2020-03-09 00:00:00+00:00,-25286092.0,-3972596.0,-1223866.0
2020-03-10 00:00:00+00:00,37043738.0,-455747.0,-284743.0
2020-03-11 00:00:00+00:00,1290464.0,-2641355.0,-1111278.0
2020-03-12 00:00:00+00:00,10326032.0,10331619.0,1162163.0
2020-03-13 00:00:00+00:00,-3074997.0,50880220.0,-7022223.0
2020-03-14 00:00:00+00:00,32431188.0,45025964.0,-13774249.0
2020-03-15 00:00:00+00:00,-69733375.0,777554.0,-2496460.0
2020-03-16 00:00:00+00:00,22753089.0,40011329.0,2067898.0
2020-03-17 00:00:00+00:00,23766866.0,1660511.0,-4459558.0
2020-03-18 00:00:00+00:00,-11016275.0,20315971.0,-2468916.0
2020-03-19 00:00:00+00:00,-74861219.0,1553536.0,2721044.0
2020-03-20 00:00:00+00:00,63172055.0,23571874.0,-12801014.0
2020-03-21 00:00:00+00:00,47172171.0,-5088180.0,2930442.0
2020-03-22 00:00:00+00:00,-67306729.0,21563990.0,-1006258.0
2020-03-23 00:00:00+00:00,24119587.0,1470424.0,-1109172.0
2020-03-24 00:00:00+00:00,-336097.0,1094383.0,238653.0
2020-03-25 00:00:00+00:00,-11472279.0,18560708.0,586103.0
2020-03-26 00:00:00+00:00,17285317.0,-315404.0,-992806.0
2020-03-27 00:00:00+00:00,-4159842.0,-2887104.0,723425.0
2020-03-28 00:00:00+00:00,-14936967.0,-733261.0,-1239518.0
2020-03-29 00:00:00+00:00,6392143.0,3755898.0,1219369.0
2020-03-30 00:00:00+00:00,7246103.0,4742975.0,-138582.0
2020-03-31 00:00:00+00:00,4669874.0,-2639038.0,-630571.0
2020-04-01 00:00:00+00:00,-21112023.0,1982763.0,1590343.0
2020-04-02 00:00:00+00:00,16009333.0,2779066.0,772683.0
2020-04-03 00:00:00+00:00,2010433442.0,-2173769.0,1797050.0
2020-04-04 00:00:00+00:00,36688536.0,9169481.0,561543.0
2020-04-05 00:00:00+00:00,-4410992.0,-811697.0,62060.0
2020-04-06 00:00:00+00:00,16684017.0,-1831976.0,-286159.0
2020-04-07 00:00:00+00:00,-8862758.0,-14131667.0,325469.0
2020-04-08 00:00:00+00:00,-11455922.0,10909109.0,-5086662.0
2020-04-09 00:00:00+00:00,5248278.0,15896184.0,-1545119.0
2020-04-10 00:00:00+00:00,8960071.0,-1275735.0,600996.0
2020-04-11 00:00:00+00:00,8537002.0,-1191680.0,-389634.0
2020-04-12 00:00:00+00:00,-2149320.0,47129.0,884054.0
2020-04-13 00:00:00+00:00,2575368.0,6815098.0,-712245.0
2020-04-14 00:00:00+00:00,-18079955.0,8260450.0,341598.0
2020-04-15 00:00:00+00:00,10474746.0,9522412.0,40925.0
2020-04-16 00:00:00+00:00,-14738439.0,785411.0,472339.0
2020-04-17 00:00:00+00:00,28952290.0,-4138284.0,663940.0
2020-04-18 00:00:00+00:00,-12377288.0,-5923577.0,-169505.0
2020-04-19 00:00:00+00:00,-6662935.0,2876329.0,2158082.0
2020-04-20 00:00:00+00:00,21895716.0,-1955643.0,3298962.0
2020-04-21 00:00:00+00:00,-974891.0,9152329.0,1275916.0
2020-04-22 00:00:00+00:00,-13355685.0,-10943697.0,772026.0
2020-04-23 00:00:00+00:00,777388455.0,1179039.0,632854.0
2020-04-24 00:00:00+00:00,-31264974.0,5739518.0,3284973.0
2020-04-25 00:00:00+00:00,7456682.0,21854309.0,2123312.0
2020-04-26 00:00:00+00:00,15888334.0,2233954.0,675064.0
2020-04-27 00:00:00+00:00,14543527.0,-950903.0,772452.0
2020-04-28 00:00:00+00:00,9464854.0,-2830017.0,261727.0
2020-04-29 00:00:00+00:00,-14899491.0,-20915376.0,180333.0
2020-04-30 00:00:00+00:00,557645397.0,-5365090.0,2644936.0
2020-05-01 00:00:00+00:00,7516685.0,338454.0,730407.0
2020-05-02 00:00:00+00:00,93144551.0,-13735945.0,-1390942.0
2020-05-03 00:00:00+00:00,9021931.0,-1142815.0,8640905.0
2020-05-04 00:00:00+00:00,19113616.0,-1114563.0,2838260.0
2020-05-05 00:00:00+00:00,-29909312.0,446543.0,53602.0
2020-05-06 00:00:00+00:00,70249935.0,3346036.0,472272.0
2020-05-07 00:00:00+00:00,69729274.0,-2360489.0,-78374.0
2020-05-08 00:00:00+00:00,148118709.0,10245038.0,-411159.0
2020-05-09 00:00:00+00:00,76779326.0,-762301.0,-115236.0
2020-05-10 00:00:00+00:00,157589222.0,1007334.0,945443.0
2020-05-11 00:00:00+00:00,159793285.0,24717615.0,-2402231.0
2020-05-12 00:00:00+00:00,18470372.0,-1960187.0,-615893.0
2020-05-13 00:00:00+00:00,148486511.0,3311900.0,-624786.0
2020-05-14 00:00:00+00:00,-5749072.0,21360226.0,-578866.0
2020-05-15 00:00:00+00:00,173367387.0,-43492296.0,1257500.0
2020-05-16 00:00:00+00:00,57056628.0,924525.0,547722.0
2020-05-17 00:00:00+00:00,22481648.0,-2469044.0,688980.0
2020-05-18 00:00:00+00:00,88467195.0,1618042.0,814624.0
2020-05-19 00:00:00+00:00,-29398212.0,-1284720.0,2685176.0
2020-05-20 00:00:00+00:00,-21256967.0,1091283.0,306193.0
2020-05-21 00:00:00+00:00,24622419.0,7387492.0,5342444.0
2020-05-22 00:00:00+00:00,-12732081.0,-2627633.0,-894995.0
2020-05-23 00:00:00+00:00,-32196644.0,-844480.0,4877360.0
2020-05-24 00:00:00+00:00,8058801.0,879082.0,-2773603.0
2020-05-25 00:00:00+00:00,60176332.0,-2724325.0,-116788.0
2020-05-26 00:00:00+00:00,32078764.0,10017901.0,40016.0
2020-05-27 00:00:00+00:00,-4157376.0,272216.0,-733906.0
2020-05-28 00:00:00+00:00,14080214.0,1661346.0,127446.0
2020-05-29 00:00:00+00:00,19808535.0,4186352.0,185982.0
2020-05-30 00:00:00+00:00,11863428.0,1726223.0,1511306.0
2020-05-31 00:00:00+00:00,61102284.0,1104189.0,3805851.0
2020-06-01 00:00:00+00:00,-20842529.0,-14974170.0,4003147.0
2020-06-02 00:00:00+00:00,44202935.0,-2392356.0,-4154373.0
2020-06-03 00:00:00+00:00,80888140.0,11400452.0,-4169136.0
2020-06-04 00:00:00+00:00,11385815.0,-3604657.0,10573083.0
2020-06-05 00:00:00+00:00,41446088.0,1870687.0,-146360.0
2020-06-06 00:00:00+00:00,3059035.0,-1004745.0,349443.0
2020-06-07 00:00:00+00:00,13364192.0,2343083.0,-159273.0
2020-06-08 00:00:00+00:00,23618354.0,-1058182.0,3099515.0
2020-06-09 00:00:00+00:00,26014582.0,5453534.0,-185570.0
2020-06-10 00:00:00+00:00,19802281.0,-285117.0,-14036852.0
2020-06-11 00:00:00+00:00,57907775.0,-11239389.0,272207.0
2020-06-12 00:00:00+00:00,27553184.0,1072303.0,4324384.0
2020-06-13 00:00:00+00:00,50053426.0,-1411999.0,-1971573.0
2020-06-14 00:00:00+00:00,-4376273.0,9245037.0,-107178.0
2020-06-15 00:00:00+00:00,11670103.0,-246121.0,-4015069.0
2020-06-16 00:00:00+00:00,25143785.0,10079415.0,-3488641.0
2020-06-17 00:00:00+00:00,25906091.0,19392495.0,1163731.0
2020-06-18 00:00:00+00:00,5204471.0,31179836.0,1651273.0
2020-06-19 00:00:00+00:00,25104405.0,27691755.0,1307303.0
2020-06-20 00:00:00+00:00,39440585.0,51731459.0,4551186.0
2020-06-21 00:00:00+00:00,12777449.0,30165887.0,1460814.0
2020-06-22 00:00:00+00:00,-4946697.0,20765278.0,-476339.0
2020-06-23 00:00:00+00:00,8276721.0,18463407.0,4843174.0
2020-06-24 00:00:00+00:00,-28507416.0,-6320438.0,-2797233.0
2020-06-25 00:00:00+00:00,13421664.0,-5317183.0,1788001.0
2020-06-26 00:00:00+00:00,-22536551.0,1424491.0,-1100625.0
2020-06-27 00:00:00+00:00,36448204.0,12031430.0,695552.0
2020-06-28 00:00:00+00:00,9374417.0,31023518.0,642782.0
2020-06-29 00:00:00+00:00,-4315386.0,295484.0,-716504.0
2020-06-30 00:00:00+00:00,-5716820.0,-2925481.0,-97337.0
2020-07-01 00:00:00+00:00,9173598.0,4386374.0,331563.0
2020-07-02 00:00:00+00:00,1263228.0,15326574.0,18457645.0
2020-07-03 00:00:00+00:00,8824627.0,-3659945.0,1139699.0
2020-07-04 00:00:00+00:00,-4571761.0,41307073.0,15792137.0
2020-07-05 00:00:00+00:00,60903461.0,-917664.0,5899003.0
2020-07-06 00:00:00+00:00,4549945.0,600791.0,5775697.0
2020-07-07 00:00:00+00:00,4096943.0,7486397.0,5485269.0
2020-07-08 00:00:00+00:00,21852400.0,-1261932.0,4799789.0
2020-07-09 00:00:00+00:00,2207217.0,24536474.0,2185001.0
2020-07-10 00:00:00+00:00,46901560.0,22456642.0,654952.0
2020-07-11 00:00:00+00:00,19798214.0,7783815.0,2686570.0
2020-07-12 00:00:00+00:00,20754316.0,8790205.0,8880857.0
2020-07-13 00:00:00+00:00,-1176262.0,-466554.0,-6853428.0
2020-07-14 00:00:00+00:00,25114325.0,-1208952.0,4366091.0
2020-07-15 00:00:00+00:00,-3024039.0,-6178956.0,541837.0
2020-07-16 00:00:00+00:00,13418802.0,7039694.0,1550929.0
2020-07-17 00:00:00+00:00,21505869.0,-2323216.0,1010877.0
2020-07-18 00:00:00+00:00,147359.0,-145799.0,8417585.0
2020-07-19 00:00:00+00:00,3956336.0,18055180.0,1788094.0
2020-07-20 00:00:00+00:00,29600067.0,642291.0,9016491.0
2020-07-21 00:00:00+00:00,-390745.0,-14892329.0,-604817.0
2020-07-22 00:00:00+00:00,8085325.0,8326399.0,2203700.0
2020-07-23 00:00:00+00:00,94554182.0,-244286.0,1616426.0
2020-07-24 00:00:00+00:00,46679329.0,-5745691.0,36384931.0
2020-07-25 00:00:00+00:00,99670707.0,-2603841.0,24352521.0
2020-07-26 00:00:00+00:00,50617856.0,-2578486.0,-30691822.0
2020-07-27 00:00:00+00:00,3490910.0,59574234.0,22530593.0
2020-07-28 00:00:00+00:00,-53418454.0,2008568.0,10362293.0
2020-07-29 00:00:00+00:00,308943507.0,-149416.0,14105859.0
2020-07-30 00:00:00+00:00,145658617.0,-2371370.0,28705813.0
2020-07-31 00:00:00+00:00,90008842.0,-20211142.0,17268775.0
2020-08-01 00:00:00+00:00,70624631.0,-65621850.0,23145734.0
2020-08-02 00:00:00+00:00,162760552.0,7400684.0,-1589798.0
2020-08-03 00:00:00+00:00,121099703.0,10335731.0,911946.0
2020-08-04 00:00:00+00:00,56285449.0,-12480774.0,15508098.0
2020-08-05 00:00:00+00:00,63574464.0,-2348382.0,1265582.0
2020-08-06 00:00:00+00:00,70720441.0,-1957116.0,2883586.0
2020-08-07 00:00:00+00:00,81299218.0,12707652.0,-8823790.0
2020-08-08 00:00:00+00:00,160911306.0,14882227.0,3892098.0
2020-08-09 00:00:00+00:00,83375669.0,39173496.0,-612265.0
2020-08-10 00:00:00+00:00,71802133.0,-1339384.0,-535844.0
2020-08-11 00:00:00+00:00,48472460.0,-23044255.0,40908781.0
2020-08-12 00:00:00+00:00,159956616.0,10807493.0,4008444.0
2020-08-13 00:00:00+00:00,38145600.0,27155663.0,-2827489.0
2020-08-14 00:00:00+00:00,103749651.0,16488338.0,10370542.0
2020-08-15 00:00:00+00:00,238155754.0,28216507.0,-20266416.0
2020-08-16 00:00:00+00:00,-23738905.0,-4632604.0,273458.0
2020-08-17 00:00:00+00:00,33749913.0,1701735.0,7758812.0
2020-08-18 00:00:00+00:00,143773279.0,16153586.0,5946075.0
2020-08-19 00:00:00+00:00,210472398.0,27644465.0,-1387528.0
2020-08-20 00:00:00+00:00,2284562.0,29487910.0,-5308681.0
2020-08-21 00:00:00+00:00,54777927.0,32573170.0,10466772.0
2020-08-22 00:00:00+00:00,102439997.0,23297801.0,2578863.0
2020-08-23 00:00:00+00:00,49677068.0,5416820.0,7556570.0
2020-08-24 00:00:00+00:00,17808765.0,18267088.0,1883521.0
2020-08-25 00:00:00+00:00,65040189.0,7163017.0,4036777.0
2020-08-26 00:00:00+00:00,-29575782.0,20160560.0,1219646.0
2020-08-27 00:00:00+00:00,-7055355.0,17111171.0,2385806.0
2020-08-28 00:00:00+00:00,170096231.0,25006772.0,-2620535.0
2020-08-29 00:00:00+00:00,100800347.0,1908247.0,-452106.0
2020-08-30 00:00:00+00:00,172748671.0,34830399.0,-7265698.0
2020-08-31 00:00:00+00:00,21912013.0,13175649.0,6040556.0
2020-09-01 00:00:00+00:00,-703971313.0,3022374.0,-3063275.0
2020-09-02 00:00:00+00:00,120000000.0,45728759.0,22606858.0
2020-09-03 00:00:00+00:00,250000000.0,-776604.0,25146508.0
2020-09-04 00:00:00+00:00,0.0,63529142.0,26623011.0
2020-09-05 00:00:00+00:00,150000000.0,66397184.0,-53027872.0
2020-09-06 00:00:00+00:00,0.0,39224972.0,-24582326.0
2020-09-07 00:00:00+00:00,0.0,39975132.0,-10328309.0
2020-09-08 00:00:00+00:00,249972024.0,49475295.0,6821738.0
2020-09-09 00:00:00+00:00,-1258465.0,11600065.0,1086122.0
2020-09-10 00:00:00+00:00,250000000.0,43911328.0,-1573577.0
2020-09-11 00:00:00+00:00,-91306.0,12383833.0,23944126.0
2020-09-12 00:00:00+00:00,-1162417.0,67388266.0,4852084.0
2020-09-13 00:00:00+00:00,0.0,39866350.0,6428292.0
2020-09-14 00:00:00+00:00,250000000.0,40495160.0,65066.0
2020-09-15 00:00:00+00:00,-1006997184.0,22302952.0,68969159.0
2020-09-16 00:00:00+00:00,1000000000.0,57814134.0,71380729.0
2020-09-17 00:00:00+00:00,250000000.0,5319173.0,-38105684.0
2020-09-18 00:00:00+00:00,150000000.0,27047841.0,62461478.0
2020-09-19 00:00:00+00:00,0.0,71158404.0,58113251.0
2020-09-20 00:00:00+00:00,150000000.0,104362609.0,89644171.0
2020-09-21 00:00:00+00:00,-8125.0,58563539.0,21654215.0
2020-09-22 00:00:00+00:00,-19948.0,50913107.0,28098412.0
2020-09-23 00:00:00+00:00,0.0,3755265.0,14985324.0
2020-09-24 00:00:00+00:00,0.0,42885389.0,44360287.0
2020-09-25 00:00:00+00:00,0.0,66530954.0,10565619.0
2020-09-26 00:00:00+00:00,0.0,3574699.0,-939895.0
2020-09-27 00:00:00+00:00,0.0,39979889.0,21986165.0
2020-09-28 00:00:00+00:00,0.0,48671231.0,-866060.0
2020-09-29 00:00:00+00:00,0.0,-55604302.0,-13824069.0
2020-09-30 00:00:00+00:00,0.0,-5409303.0,142517.0
2020-10-01 00:00:00+00:00,-633392.0,-5161092.0,-7380933.0
2020-10-02 00:00:00+00:00,150000000.0,3004377.0,-25224946.0
2020-10-03 00:00:00+00:00,-63596.0,58390392.0,-381747.0
2020-10-04 00:00:00+00:00,0.0,42750987.0,-6358527.0
2020-10-05 00:00:00+00:00,0.0,7952013.0,-2235904.0
2020-10-06 00:00:00+00:00,0.0,19620217.0,-1821732.0
2020-10-07 00:00:00+00:00,0.0,7638731.0,10920927.0
2020-10-08 00:00:00+00:00,-8456.0,37161767.0,-5309733.0
2020-10-09 00:00:00+00:00,150000000.0,104556510.0,3109171.0
2020-10-10 00:00:00+00:00,0.0,3130434.0,17859894.0
2020-10-11 00:00:00+00:00,0.0,45121047.0,6983635.0
2020-10-12 00:00:00+00:00,0.0,-3032988.0,13701510.0
2020-10-13 00:00:00+00:00,0.0,-11918544.0,2408613.0
2020-10-14 00:00:00+00:00,0.0,-65316402.0,21304396.0
2020-10-15 00:00:00+00:00,0.0,-28273095.0,-20087893.0
2020-10-16 00:00:00+00:00,0.0,-10153704.0,-3369417.0
2020-10-17 00:00:00+00:00,0.0,-34850244.0,-2006912.0
2020-10-18 00:00:00+00:00,0.0,1532840.0,-3392164.0
2020-10-19 00:00:00+00:00,0.0,22104294.0,1480102.0
2020-10-20 00:00:00+00:00,150000000.0,8894543.0,-3714823.0
2020-10-21 00:00:00+00:00,300000000.0,-2633.0,6160734.0
2020-10-22 00:00:00+00:00,0.0,67070605.0,10370887.0
2020-10-23 00:00:00+00:00,150000000.0,-13322763.0,-5072891.0
2020-10-24 00:00:00+00:00,0.0,-34408898.0,23687950.0
2020-10-25 00:00:00+00:00,0.0,30959759.0,-3418377.0
2020-10-26 00:00:00+00:00,0.0,22442516.0,1131060.0
2020-10-27 00:00:00+00:00,150000000.0,-35705454.0,-5053411.0
2020-10-28 00:00:00+00:00,0.0,36973674.0,14387489.0
2020-10-29 00:00:00+00:00,150000000.0,29818267.0,-1654089.0
2020-10-30 00:00:00+00:00,0.0,43363072.0,-4520388.0
2020-10-31 00:00:00+00:00,150000000.0,4414117.0,-11563824.0
2020-11-01 00:00:00+00:00,-5576698.0,45730789.0,1655487.0
2020-11-02 00:00:00+00:00,0.0,2367875.0,10493356.0
2020-11-03 00:00:00+00:00,0.0,4592851.0,8751858.0
2020-11-04 00:00:00+00:00,150000000.0,-16833104.0,6196817.0
2020-11-05 00:00:00+00:00,0.0,-32314450.0,-9707981.0
2020-11-06 00:00:00+00:00,299990489.0,-13304153.0,4091482.0
2020-11-07 00:00:00+00:00,148411243.0,-18219997.0,5904269.0
2020-11-08 00:00:00+00:00,0.0,30028836.0,1245779.0
2020-11-09 00:00:00+00:00,0.0,-11961574.0,-1560604.0
2020-11-10 00:00:00+00:00,0.0,-30565362.0,4601367.0
2020-11-11 00:00:00+00:00,150000000.0,-11285653.0,6954155.0
2020-11-12 00:00:00+00:00,150000000.0,3193187.0,28804847.0
2020-11-13 00:00:00+00:00,200000000.0,-30121901.0,-2867770.0
2020-11-14 00:00:00+00:00,-4867168.0,905402.0,6976426.0
2020-11-15 00:00:00+00:00,0.0,18011670.0,3994752.0
2020-11-16 00:00:00+00:00,0.0,-7203690.0,9087012.0
2020-11-17 00:00:00+00:00,150000000.0,14472511.0,-1804944.0
2020-11-18 00:00:00+00:00,0.0,-51346998.0,52028.0
2020-11-19 00:00:00+00:00,0.0,14007183.0,-12630956.0
2020-11-20 00:00:00+00:00,200000000.0,-2089903.0,-8576650.0
2020-11-21 00:00:00+00:00,370000000.0,13801386.0,8971058.0
2020-11-22 00:00:00+00:00,0.0,36181664.0,17466062.0
2020-11-23 00:00:00+00:00,0.0,35756327.0,-2323715.0
2020-11-24 00:00:00+00:00,200000000.0,-10275245.0,2871855.0
2020-11-25 00:00:00+00:00,200000000.0,-12520830.0,18349157.0
2020-11-26 00:00:00+00:00,0.0,15920299.0,6617425.0
2020-11-27 00:00:00+00:00,0.0,20002014.0,-28394225.0
2020-11-28 00:00:00+00:00,0.0,10355560.0,-149892.0
2020-11-29 00:00:00+00:00,0.0,67414991.0,366052.0
2020-11-30 00:00:00+00:00,0.0,-3783119.0,13977722.0
2020-12-01 00:00:00+00:00,400000000.0,-2033871.0,20409096.0
2020-12-02 00:00:00+00:00,200000000.0,11339887.0,7407483.0
2020-12-03 00:00:00+00:00,0.0,-11434690.0,14493747.0
2020-12-04 00:00:00+00:00,0.0,6123855.0,7356105.0
2020-12-05 00:00:00+00:00,150000000.0,48233562.0,-12978443.0
2020-12-06 00:00:00+00:00,0.0,23695963.0,2929734.0
2020-12-07 00:00:00+00:00,0.0,34589472.0,7718859.0
2020-12-08 00:00:00+00:00,0.0,-15529307.0,-4798790.0
2020-12-09 00:00:00+00:00,0.0,13806630.0,-4530664.0
2020-12-10 00:00:00+00:00,0.0,7540484.0,14357158.0
2020-12-11 00:00:00+00:00,149986966.0,1505764.0,-1042125.0
2020-12-12 00:00:00+00:00,-200040.0,54413376.0,-16820952.0
2020-12-13 00:00:00+00:00,0.0,77062252.0,29672374.0
2020-12-14 00:00:00+00:00,0.0,44227110.0,-639884.0
2020-12-15 00:00:00+00:00,0.0,15361154.0,986683.0
2020-12-16 00:00:00+00:00,200000000.0,2944650.0,2155210.0
2020-12-17 00:00:00+00:00,0.0,26857660.0,17025285.0
2020-12-18 00:00:00+00:00,0.0,-24472009.0,9889196.0
2020-12-19 00:00:00+00:00,200000000.0,9404091.0,-453113.0
2020-12-20 00:00:00+00:00,0.0,86193542.0,10789922.0
2020-12-21 00:00:00+00:00,0.0,-20275511.0,-10645893.0
2020-12-22 00:00:00+00:00,150000000.0,-1558241.0,1328821.0
2020-12-23 00:00:00+00:00,0.0,18210656.0,-2525549.0
2020-12-24 00:00:00+00:00,200000000.0,67482744.0,-2286533.0
2020-12-25 00:00:00+00:00,200000000.0,103712967.0,-4343243.0
2020-12-26 00:00:00+00:00,0.0,-960283.0,1011782.0
2020-12-27 00:00:00+00:00,0.0,11034472.0,9920783.0
2020-12-28 00:00:00+00:00,0.0,60255268.0,-20329650.0
2020-12-29 00:00:00+00:00,200000000.0,49449288.0,24827383.0
2020-12-30 00:00:00+00:00,0.0,44309598.0,5695676.0
2020-12-31 00:00:00+00:00,0.0,-9795462.0,18426654.0
2021-01-01 00:00:00+00:00,0.0,206474675.0,11046899.0
2021-01-02 00:00:00+00:00,500000000.0,195157891.0,37588409.0
2021-01-03 00:00:00+00:00,800000000.0,69051308.0,-22005544.0
2021-01-04 00:00:00+00:00,0.0,141226100.0,52867329.0
2021-01-05 00:00:00+00:00,0.0,39680450.0,76315503.0
2021-01-06 00:00:00+00:00,600000000.0,-79270079.0,6899894.0
2021-01-07 00:00:00+00:00,698303197.0,171154279.0,-6560314.0
2021-01-08 00:00:00+00:00,0.0,128006067.0,49860126.0
2021-01-09 00:00:00+00:00,700000000.0,83528182.0,27373022.0
2021-01-10 00:00:00+00:00,0.0,136221191.0,23656488.0
2021-01-11 00:00:00+00:00,-33640.0,-58232313.0,15223724.0
2021-01-12 00:00:00+00:00,-488859.0,23799063.0,-56375058.0
2021-01-13 00:00:00+00:00,400000000.0,-10203220.0,-5296399.0
2021-01-14 00:00:00+00:00,0.0,30425438.0,511575.0
2021-01-15 00:00:00+00:00,0.0,46381137.0,39340480.0
2021-01-16 00:00:00+00:00,0.0,157216823.0,-116574275.0
2021-01-17 00:00:00+00:00,0.0,90520785.0,78012670.0
2021-01-18 00:00:00+00:00,0.0,5098193.0,13947321.0
2021-01-19 00:00:00+00:00,400000000.0,52970832.0,20851961.0
2021-01-20 00:00:00+00:00,0.0,89545459.0,-565485.0
2021-01-21 00:00:00+00:00,0.0,127723315.0,4766875.0
2021-01-22 00:00:00+00:00,-1000000.0,59320302.0,3437686.0
2021-01-23 00:00:00+00:00,-19784042.0,112611287.0,31092651.0
2021-01-24 00:00:00+00:00,0.0,68345527.0,18994458.0
2021-01-25 00:00:00+00:00,0.0,-3173493.0,70601829.0
2021-01-26 00:00:00+00:00,-21403.0,-116365848.0,42467026.0
2021-01-27 00:00:00+00:00,400000000.0,-22800296.0,18813027.0
2021-01-28 00:00:00+00:00,400000000.0,128070075.0,11420864.0
2021-01-29 00:00:00+00:00,500000000.0,185448012.0,11544518.0
2021-01-30 00:00:00+00:00,397955325.0,82592414.0,9801595.0
2021-01-31 00:00:00+00:00,0.0,12469098.0,21116773.0
2021-02-01 00:00:00+00:00,349912937.0,50753424.0,-2033808.0
2021-02-02 00:00:00+00:00,0.0,63419336.0,9329678.0
2021-02-03 00:00:00+00:00,-1600000000.0,27247812.0,51260251.0
2021-02-04 00:00:00+00:00,2400000000.0,146959690.0,29139540.0
2021-02-05 00:00:00+00:00,350000000.0,119888257.0,33497970.0
2021-02-06 00:00:00+00:00,900000000.0,89322365.0,49139033.0
2021-02-07 00:00:00+00:00,0.0,117052205.0,8347665.0
2021-02-08 00:00:00+00:00,1400000000.0,79208153.0,-25120501.0
2021-02-09 00:00:00+00:00,0.0,-35272940.0,89708890.0
2021-02-10 00:00:00+00:00,1000000000.0,227657066.0,60223269.0
2021-02-11 00:00:00+00:00,100000000.0,84087851.0,14122320.0
2021-02-12 00:00:00+00:00,0.0,173731572.0,64628369.0
2021-02-13 00:00:00+00:00,1000000000.0,97756512.0,17619151.0
2021-02-14 00:00:00+00:00,0.0,242584777.0,23020805.0
2021-02-15 00:00:00+00:00,0.0,142953121.0,-1470995.0
2021-02-16 00:00:00+00:00,400000000.0,-43652638.0,49223413.0
2021-02-17 00:00:00+00:00,1000000000.0,-186898604.0,77717356.0
2021-02-18 00:00:00+00:00,0.0,38568220.0,58189715.0
2021-02-19 00:00:00+00:00,400000000.0,93242047.0,46294627.0
2021-02-20 00:00:00+00:00,800000000.0,257001197.0,22730915.0
2021-02-21 00:00:00+00:00,0.0,180581255.0,34195767.0
2021-02-22 00:00:00+00:00,0.0,-21788069.0,26393266.0
2021-02-23 00:00:00+00:00,0.0,307944036.0,-15584472.0
2021-02-24 00:00:00+00:00,0.0,113168960.0,-64547279.0
2021-02-25 00:00:00+00:00,0.0,182194603.0,20775789.0
2021-02-26 00:00:00+00:00,0.0,132423031.0,9825910.0
2021-02-27 00:00:00+00:00,0.0,305870340.0,-19556345.0
2021-02-28 00:00:00+00:00,0.0,95041740.0,7936715.0
2021-03-01 00:00:00+00:00,750000000.0,90611513.0,32524137.0
2021-03-02 00:00:00+00:00,0.0,-91583653.0,107081542.0
2021-03-03 00:00:00+00:00,1150000000.0,-73845809.0,64130561.0
2021-03-04 00:00:00+00:00,0.0,-66492433.0,2843074.0
2021-03-05 00:00:00+00:00,0.0,-20166105.0,31125086.0
2021-03-06 00:00:00+00:00,0.0,153249524.0,-10261486.0
2021-03-07 00:00:00+00:00,0.0,210189053.0,32248010.0
2021-03-08 00:00:00+00:00,0.0,20289573.0,-31141214.0
2021-03-09 00:00:00+00:00,0.0,-51852504.0,20091551.0
2021-03-10 00:00:00+00:00,1000000000.0,20482704.0,62485619.0
2021-03-11 00:00:00+00:00,400000000.0,88275347.0,-7449783.0
2021-03-12 00:00:00+00:00,0.0,80770489.0,37981393.0
2021-03-13 00:00:00+00:00,0.0,160856377.0,53237885.0
2021-03-14 00:00:00+00:00,0.0,-19191213.0,28701772.0
2021-03-15 00:00:00+00:00,1000000000.0,74008876.0,14387657.0
2021-03-16 00:00:00+00:00,600000000.0,8317355.0,16304655.0
2021-03-17 00:00:00+00:00,0.0,48408792.0,29638613.0
2021-03-18 00:00:00+00:00,-1830691.0,104991742.0,48257934.0
2021-03-19 00:00:00+00:00,-45756.0,126745889.0,18870803.0
2021-03-20 00:00:00+00:00,0.0,196104949.0,-2839407.0
2021-03-21 00:00:00+00:00,1000000000.0,32490313.0,858001.0
2021-03-22 00:00:00+00:00,0.0,120746983.0,21047582.0
2021-03-23 00:00:00+00:00,0.0,171042919.0,27324285.0
2021-03-24 00:00:00+00:00,0.0,-16729874.0,-3826140.0
2021-03-25 00:00:00+00:00,0.0,123049063.0,-1195481.0
2021-03-26 00:00:00+00:00,0.0,231432279.0,6653329.0
2021-03-27 00:00:00+00:00,800000000.0,170355261.0,37333163.0
2021-03-28 00:00:00+00:00,0.0,90616719.0,16701531.0
2021-03-29 00:00:00+00:00,0.0,28715316.0,17715470.0
2021-03-30 00:00:00+00:00,0.0,-182192943.0,-6113777.0
2021-03-31 00:00:00+00:00,0.0,118182197.0,26823741.0
2021-04-01 00:00:00+00:00,1200000000.0,-60216036.0,-2768984.0
2021-04-02 00:00:00+00:00,0.0,82416851.0,-49148492.0
2021-04-03 00:00:00+00:00,0.0,-159080883.0,72051651.0
2021-04-04 00:00:00+00:00,0.0,194966608.0,26014057.0
2021-04-05 00:00:00+00:00,0.0,-27631812.0,3062246.0
2021-04-06 00:00:00+00:00,1200000000.0,114768896.0,-13666203.0
2021-04-07 00:00:00+00:00,0.0,-47350416.0,13184883.0
2021-04-08 00:00:00+00:00,1000000000.0,47191843.0,-9784670.0
2021-04-09 00:00:00+00:00,0.0,146756988.0,-11288045.0
2021-04-10 00:00:00+00:00,0.0,5865118.0,4026098.0
2021-04-11 00:00:00+00:00,0.0,-19868136.0,67374125.0
2021-04-12 00:00:00+00:00,1000000000.0,-48135363.0,30810138.0
2021-04-13 00:00:00+00:00,0.0,-108300668.0,-14922827.0
2021-04-14 00:00:00+00:00,2000000000.0,300710856.0,38815383.0
2021-04-15 00:00:00+00:00,0.0,225143110.0,-20297165.0
2021-04-16 00:00:00+00:00,0.0,276849137.0,49523628.0
2021-04-17 00:00:00+00:00,1000000000.0,303551031.0,125173382.0
2021-04-18 00:00:00+00:00,0.0,367663889.0,116029019.0
2021-04-19 00:00:00+00:00,2000000000.0,155489727.0,50122.0
2021-04-20 00:00:00+00:00,0.0,291101775.0,-12583805.0
2021-04-21 00:00:00+00:00,1.0,57152515.0,15099068.0
2021-04-22 00:00:00+00:00,0.0,56586131.0,-6468243.0
2021-04-23 00:00:00+00:00,0.0,-55117499.0,18774828.0
2021-04-24 00:00:00+00:00,0.0,422262329.0,-22162798.0
2021-04-25 00:00:00+00:00,0.0,179232807.0,12946712.0
2021-04-26 00:00:00+00:00,0.0,39974961.0,22437256.0
2021-04-27 00:00:00+00:00,0.0,206455347.0,18128967.0
2021-04-28 00:00:00+00:00,0.0,-13810012.0,66695508.0
2021-04-29 00:00:00+00:00,500000000.0,92436435.0,18886831.0
2021-04-30 00:00:00+00:00,0.0,1158600.0,98608196.0
2021-05-01 00:00:00+00:00,1000000000.0,88874175.0,-11449292.0
2021-05-02 00:00:00+00:00,0.0,57427447.0,72879388.0
2021-05-03 00:00:00+00:00,1000000000.0,-20575531.0,51140971.0
2021-05-04 00:00:00+00:00,0.0,-32548204.0,112932247.0
2021-05-05 00:00:00+00:00,2000000000.0,329646032.0,71867354.0
2021-05-06 00:00:00+00:00,0.0,153780376.0,128315129.0
2021-05-07 00:00:00+00:00,0.0,43837205.0,195820825.0
2021-05-08 00:00:00+00:00,0.0,58483662.0,79624730.0
2021-05-09 00:00:00+00:00,0.0,258996658.0,37880011.0
2021-05-10 00:00:00+00:00,1000000000.0,230414884.0,91343611.0
2021-05-11 00:00:00+00:00,1000000000.0,44871733.0,96470711.0
2021-05-12 00:00:00+00:00,1000000000.0,39712439.0,-3982247.0
2021-05-13 00:00:00+00:00,0.0,64369325.0,47117181.0
2021-05-14 00:00:00+00:00,0.0,172881707.0,-133738223.0
2021-05-15 00:00:00+00:00,0.0,268066562.0,92322638.0
2021-05-16 00:00:00+00:00,0.0,201204931.0,22558947.0
2021-05-17 00:00:00+00:00,0.0,-4303926.0,66653657.0
2021-05-18 00:00:00+00:00,1000000000.0,330046632.0,42758806.0
2021-05-19 00:00:00+00:00,0.0,134304873.0,59041659.0
2021-05-20 00:00:00+00:00,0.0,642106865.0,-411706913.0
2021-05-21 00:00:00+00:00,0.0,830129554.0,-125486220.0
2021-05-22 00:00:00+00:00,1000000000.0,1099422938.0,-8340279.0
2021-05-23 00:00:00+00:00,0.0,365048584.0,-8524940.0
2021-05-24 00:00:00+00:00,1000000000.0,546963920.0,-183834182.0
2021-05-25 00:00:00+00:00,0.0,309616823.0,163906597.0
2021-05-26 00:00:00+00:00,0.0,169110503.0,53252255.0
2021-05-27 00:00:00+00:00,0.0,635488372.0,105129793.0
2021-05-28 00:00:00+00:00,1000000000.0,380511267.0,19561959.0
2021-05-29 00:00:00+00:00,0.0,174322076.0,44269424.0
2021-05-30 00:00:00+00:00,0.0,109132718.0,58313974.0
2021-05-31 00:00:00+00:00,-2000000000.0,206478434.0,-62058337.0
2021-06-01 00:00:00+00:00,3000000000.0,212256927.0,7371659.0
2021-06-02 00:00:00+00:00,0.0,34500377.0,-25401758.0
2021-06-03 00:00:00+00:00,0.0,20871027.0,3892629.0
2021-06-04 00:00:00+00:00,0.0,31332264.0,81107677.0
2021-06-05 00:00:00+00:00,0.0,74801679.0,46438884.0
2021-06-06 00:00:00+00:00,0.0,81721880.0,9797464.0
2021-06-07 00:00:00+00:00,-778299.0,137703544.0,26682020.0
2021-06-08 00:00:00+00:00,-3745088.0,-70137724.0,71346220.0
2021-06-09 00:00:00+00:00,0.0,204572175.0,4344435.0
2021-06-10 00:00:00+00:00,0.0,-8336108.0,220168887.0
2021-06-11 00:00:00+00:00,0.0,199765191.0,1644153.0
2021-06-12 00:00:00+00:00,0.0,130517888.0,113657483.0
2021-06-13 00:00:00+00:00,0.0,64681499.0,-16992913.0
2021-06-14 00:00:00+00:00,0.0,156090245.0,17563336.0
2021-06-15 00:00:00+00:00,0.0,39614347.0,31477558.0
2021-06-16 00:00:00+00:00,0.0,56277607.0,100460250.0
2021-06-17 00:00:00+00:00,0.0,98278169.0,-22861263.0
2021-06-18 00:00:00+00:00,0.0,-43513407.0,-115525676.0
2021-06-19 00:00:00+00:00,0.0,291010768.0,33052771.0
2021-06-20 00:00:00+00:00,0.0,156234495.0,14271623.0
2021-06-21 00:00:00+00:00,0.0,87227232.0,-57638270.0
2021-06-22 00:00:00+00:00,0.0,623556753.0,-131670393.0
2021-06-23 00:00:00+00:00,0.0,188086839.0,-8765324.0
2021-06-24 00:00:00+00:00,0.0,182404783.0,65944833.0
2021-06-25 00:00:00+00:00,0.0,108286603.0,23222953.0
2021-06-26 00:00:00+00:00,0.0,148508984.0,-37055052.0
2021-06-27 00:00:00+00:00,0.0,59867268.0,32319536.0
2021-06-28 00:00:00+00:00,0.0,189619148.0,27213035.0
2021-06-29 00:00:00+00:00,0.0,-572241880.0,7788115.0
2021-06-30 00:00:00+00:00,0.0,-114195531.0,3807340.0
2021-07-01 00:00:00+00:00,0.0,-192286560.0,172569469.0
2021-07-02 00:00:00+00:00,0.0,57980704.0,39479413.0
2021-07-03 00:00:00+00:00,0.0,215269419.0,15110106.0
2021-07-04 00:00:00+00:00,-2000000.0,32065407.0,-1144271.0
2021-07-05 00:00:00+00:00,0.0,-15154634.0,7410496.0
2021-07-06 00:00:00+00:00,0.0,73193925.0,43389083.0
2021-07-07 00:00:00+00:00,0.0,210943204.0,6426825.0
2021-07-08 00:00:00+00:00,0.0,86494355.0,1332570.0
2021-07-09 00:00:00+00:00,0.0,67964670.0,-862158.0
2021-07-10 00:00:00+00:00,0.0,140562770.0,36021654.0
2021-07-11 00:00:00+00:00,0.0,20771166.0,-27738799.0
2021-07-12 00:00:00+00:00,0.0,181667.0,39270716.0
2021-07-13 00:00:00+00:00,0.0,445530828.0,-23340753.0
2021-07-14 00:00:00+00:00,0.0,4155143.0,-32651671.0
2021-07-15 00:00:00+00:00,0.0,-427403801.0,19139199.0
2021-07-16 00:00:00+00:00,0.0,289587994.0,-2922867.0
2021-07-17 00:00:00+00:00,0.0,135942637.0,-5208502.0
2021-07-18 00:00:00+00:00,0.0,72995288.0,13772189.0
2021-07-19 00:00:00+00:00,0.0,66791463.0,32326624.0
2021-07-20 00:00:00+00:00,0.0,107277465.0,-64461844.0
2021-07-21 00:00:00+00:00,0.0,27493931.0,-13418847.0
2021-07-22 00:00:00+00:00,0.0,93107499.0,30742152.0
2021-07-23 00:00:00+00:00,0.0,32021156.0,10935954.0
2021-07-24 00:00:00+00:00,-29832.0,56771148.0,16847579.0
2021-07-25 00:00:00+00:00,0.0,52803684.0,15482255.0
2021-07-26 00:00:00+00:00,0.0,100506686.0,7348175.0
2021-07-27 00:00:00+00:00,0.0,70440313.0,10809147.0
2021-07-28 00:00:00+00:00,0.0,22675281.0,34225262.0
2021-07-29 00:00:00+00:00,0.0,71964795.0,25536044.0
2021-07-30 00:00:00+00:00,0.0,-84011899.0,12738847.0
2021-07-31 00:00:00+00:00,0.0,91500047.0,11703788.0
2021-08-01 00:00:00+00:00,0.0,34311759.0,2466446.0
2021-08-02 00:00:00+00:00,0.0,28922815.0,15517469.0
2021-08-03 00:00:00+00:00,0.0,14139507.0,24969476.0
2021-08-04 00:00:00+00:00,0.0,18781362.0,14217298.0
2021-08-05 00:00:00+00:00,-1000286789.0,123314353.0,-34356171.0
2021-08-06 00:00:00+00:00,-603937.0,44794678.0,46640309.0
2021-08-07 00:00:00+00:00,0.0,2650383.0,709646.0
2021-08-08 00:00:00+00:00,1000000000.0,83467677.0,36189376.0
2021-08-09 00:00:00+00:00,0.0,86351402.0,57842291.0
2021-08-10 00:00:00+00:00,0.0,-174029805.0,-23755468.0
2021-08-11 00:00:00+00:00,0.0,-129108563.0,43382028.0
2021-08-12 00:00:00+00:00,0.0,-68345602.0,25218481.0
2021-08-13 00:00:00+00:00,0.0,40793435.0,31334180.0
2021-08-14 00:00:00+00:00,0.0,-117964298.0,44797918.0
2021-08-15 00:00:00+00:00,1000000000.0,-17187155.0,11865050.0
2021-08-16 00:00:00+00:00,0.0,19227108.0,52945215.0
2021-08-17 00:00:00+00:00,0.0,-35300485.0,-5072126.0
2021-08-18 00:00:00+00:00,0.0,24032648.0,-14555252.0
2021-08-19 00:00:00+00:00,0.0,-151881533.0,13957997.0
2021-08-20 00:00:00+00:00,0.0,-288001144.0,6052552.0
2021-08-21 00:00:00+00:00,1000000000.0,-201334074.0,9790640.0
2021-08-22 00:00:00+00:00,0.0,20358385.0,19759892.0
2021-08-23 00:00:00+00:00,1000000000.0,12556709.0,28575541.0
2021-08-24 00:00:00+00:00,-2000000000.0,-31307499.0,-12139537.0
2021-08-25 00:00:00+00:00,2000000000.0,17508553.0,-650329.0
2021-08-26 00:00:00+00:00,-35178963.0,7454381.0,-14078313.0
2021-08-27 00:00:00+00:00,-1582860.0,56213104.0,5293113.0
2021-08-28 00:00:00+00:00,0.0,46666791.0,46980576.0
2021-08-29 00:00:00+00:00,0.0,54590772.0,-2892245.0
2021-08-30 00:00:00+00:00,0.0,19942675.0,28261372.0
2021-08-31 00:00:00+00:00,0.0,154160813.0,-8833856.0
2021-09-01 00:00:00+00:00,0.0,-24053930.0,17963154.0
2021-09-02 00:00:00+00:00,0.0,-86102131.0,13110945.0
2021-09-03 00:00:00+00:00,1000000000.0,139747048.0,187317757.0
2021-09-04 00:00:00+00:00,0.0,16122486.0,40472836.0
2021-09-05 00:00:00+00:00,0.0,91089927.0,12036628.0
2021-09-06 00:00:00+00:00,1000000000.0,-58111768.0,34465884.0
2021-09-07 00:00:00+00:00,2000000000.0,-60294328.0,40529658.0
2021-09-08 00:00:00+00:00,0.0,380501683.0,28964577.0
2021-09-09 00:00:00+00:00,0.0,140497861.0,14615822.0
2021-09-10 00:00:00+00:00,0.0,-31748137.0,1409249.0
2021-09-11 00:00:00+00:00,0.0,89262850.0,-77903558.0
2021-09-12 00:00:00+00:00,0.0,-28126894.0,128429074.0
2021-09-13 00:00:00+00:00,0.0,-28098652.0,21557530.0
2021-09-14 00:00:00+00:00,0.0,-99049194.0,88748.0
2021-09-15 00:00:00+00:00,-11407761.0,-59647894.0,-19109253.0
2021-09-16 00:00:00+00:00,0.0,65828341.0,564664.0
2021-09-17 00:00:00+00:00,0.0,-22041.0,24590471.0
2021-09-18 00:00:00+00:00,0.0,156467659.0,26147623.0
2021-09-19 00:00:00+00:00,1110.0,24702507.0,-7053612.0
2021-09-20 00:00:00+00:00,583.0,29652031.0,11533447.0
2021-09-21 00:00:00+00:00,-911.0,33928464.0,-254588826.0
2021-09-22 00:00:00+00:00,0.0,328629016.0,-27468846.0
2021-09-23 00:00:00+00:00,0.0,244838436.0,-34340911.0
2021-09-24 00:00:00+00:00,440.0,147153653.0,69056365.0
2021-09-25 00:00:00+00:00,100.0,400671942.0,-48302828.0
2021-09-26 00:00:00+00:00,49.0,231171326.0,18783816.0
2021-09-27 00:00:00+00:00,3.0,294139227.0,14073736.0
2021-09-28 00:00:00+00:00,500.0,-69268715.0,96507362.0
2021-09-29 00:00:00+00:00,-401.0,-109321384.0,7822442.0
2021-09-30 00:00:00+00:00,0.0,278636542.0,8120463.0
2021-10-01 00:00:00+00:00,20.0,269404545.0,8153554.0
2021-10-02 00:00:00+00:00,13.0,128657595.0,19537232.0
2021-10-03 00:00:00+00:00,437.0,161179021.0,69484.0
2021-10-04 00:00:00+00:00,18.0,138994345.0,53607490.0
2021-10-05 00:00:00+00:00,500.0,-16721211.0,17250384.0
2021-10-06 00:00:00+00:00,0.0,138715893.0,23816995.0
2021-10-07 00:00:00+00:00,933.0,187110832.0,100463620.0
2021-10-08 00:00:00+00:00,100.0,229066887.0,32599393.0
2021-10-09 00:00:00+00:00,0.0,66739466.0,46234092.0
2021-10-10 00:00:00+00:00,0.0,50176916.0,44636907.0
2021-10-11 00:00:00+00:00,343.0,136798410.0,5801828.0
2021-10-12 00:00:00+00:00,93.0,37513192.0,11068520.0
2021-10-13 00:00:00+00:00,-967.0,-179233347.0,53122147.0
2021-10-14 00:00:00+00:00,92.0,-70971571.0,30802494.0
2021-10-15 00:00:00+00:00,4.0,67772358.0,131974151.0
2021-10-16 00:00:00+00:00,-294.0,-70905095.0,220476955.0
2021-10-17 00:00:00+00:00,-5.0,-28019756.0,36498508.0
2021-10-18 00:00:00+00:00,1.0,-75823771.0,-16140343.0
2021-10-19 00:00:00+00:00,19.0,-20763024.0,30244562.0
2021-10-20 00:00:00+00:00,-3179425.0,-377392722.0,-75979210.0
2021-10-21 00:00:00+00:00,-915.0,184769680.0,186022185.0
2021-10-22 00:00:00+00:00,-24651513.0,-101024166.0,223756889.0
2021-10-23 00:00:00+00:00,-16.0,84588422.0,16382241.0
2021-10-24 00:00:00+00:00,114.0,2698211.0,-4058186.0
2021-10-25 00:00:00+00:00,-187.0,97757159.0,-49748098.0
2021-10-26 00:00:00+00:00,136.0,40273104.0,-14658509.0
2021-10-27 00:00:00+00:00,982.0,-78665098.0,15918879.0
2021-10-28 00:00:00+00:00,-66.0,219969038.0,271356898.0
2021-10-29 00:00:00+00:00,4588.0,-29261437.0,18840940.0
2021-10-30 00:00:00+00:00,-4567.0,262806990.0,59556276.0
2021-10-31 00:00:00+00:00,767.0,189379042.0,104637125.0
2021-11-01 00:00:00+00:00,-1651.0,-91159915.0,-532307.0
2021-11-02 00:00:00+00:00,1000000060.0,159078979.0,26874587.0
2021-11-03 00:00:00+00:00,29808.0,131302392.0,3767639.0
2021-11-04 00:00:00+00:00,-27611.0,188610810.0,16704535.0
2021-11-05 00:00:00+00:00,1000000133.0,-11907045.0,-33324504.0
2021-11-06 00:00:00+00:00,1000002961.0,284670552.0,349286637.0
2021-11-07 00:00:00+00:00,-1478.0,166778107.0,-12961673.0
2021-11-08 00:00:00+00:00,1000003341.0,-50470081.0,-18811427.0
2021-11-09 00:00:00+00:00,-1000796238.0,52527490.0,268011597.0
2021-11-10 00:00:00+00:00,2000000137.0,210334302.0,240065897.0
2021-11-11 00:00:00+00:00,1008610.0,-146266834.0,-51483478.0
2021-11-12 00:00:00+00:00,-1827.0,-81405682.0,-25973684.0
2021-11-13 00:00:00+00:00,35.0,-259273.0,30258838.0
2021-11-14 00:00:00+00:00,12833.0,819153.0,-52996678.0
2021-11-15 00:00:00+00:00,-18846.0,79076149.0,-38640274.0
2021-11-16 00:00:00+00:00,-358.0,191647940.0,-4392483.0
2021-11-17 00:00:00+00:00,453.0,253210344.0,-1603276.0
2021-11-18 00:00:00+00:00,1009367.0,32170737.0,3331360.0
2021-11-19 00:00:00+00:00,1000795.0,259269234.0,32533824.0
2021-11-20 00:00:00+00:00,1007778.0,460555388.0,110443574.0
2021-11-21 00:00:00+00:00,14609.0,214272413.0,41321217.0
2021-11-22 00:00:00+00:00,5256.0,235969570.0,25050120.0
2021-11-23 00:00:00+00:00,47325.0,200991154.0,-67090355.0
2021-11-24 00:00:00+00:00,26042.0,393657863.0,93562297.0
2021-11-25 00:00:00+00:00,-5031733.0,212169701.0,14214806.0
2021-11-26 00:00:00+00:00,999996319.0,160051411.0,48321216.0
2021-11-27 00:00:00+00:00,48703.0,427625464.0,-124995607.0
2021-11-28 00:00:00+00:00,-157022.0,138113146.0,7565775.0
2021-11-29 00:00:00+00:00,66627.0,35770764.0,45961378.0
2021-11-30 00:00:00+00:00,-999994485.0,138011436.0,28092818.0
2021-12-01 00:00:00+00:00,16859.0,168118679.0,91596620.0
2021-12-02 00:00:00+00:00,41450.0,116602539.0,63098866.0
2021-12-03 00:00:00+00:00,2657.0,121160474.0,-5285272.0
2021-12-04 00:00:00+00:00,1000008938.0,248111214.0,22813747.0
2021-12-05 00:00:00+00:00,999854424.0,419186819.0,1610596.0
2021-12-06 00:00:00+00:00,4641.0,425793279.0,77826615.0
2021-12-07 00:00:00+00:00,1000280637.0,68021122.0,-68857322.0
2021-12-08 00:00:00+00:00,14163.0,88263895.0,21896226.0
2021-12-09 00:00:00+00:00,-1998963181.0,13063966.0,13002851.0
2021-12-10 00:00:00+00:00,2000015215.0,63789567.0,-23929488.0
2021-12-11 00:00:00+00:00,2509.0,350293987.0,-75347899.0
2021-12-12 00:00:00+00:00,17564.0,128274170.0,56299038.0
2021-12-13 00:00:00+00:00,-7029.0,90692332.0,-4230643.0
2021-12-14 00:00:00+00:00,5653.0,63753397.0,-56737099.0
2021-12-15 00:00:00+00:00,1000086342.0,88585609.0,-44881501.0
2021-12-16 00:00:00+00:00,-165011.0,96307474.0,49407117.0
2021-12-17 00:00:00+00:00,2295.0,-4438369.0,13576829.0
2021-12-18 00:00:00+00:00,4406.0,147175011.0,38250284.0
2021-12-19 00:00:00+00:00,6217.0,76080270.0,25060027.0
2021-12-20 00:00:00+00:00,-1769.0,3006060.0,-23499580.0
2021-12-21 00:00:00+00:00,-1210.0,230492577.0,92707155.0
2021-12-22 00:00:00+00:00,4201.0,221443402.0,-25121523.0
2021-12-23 00:00:00+00:00,-1499858021.0,-105758417.0,26761682.0
2021-12-24 00:00:00+00:00,-133552.0,184911604.0,-8222613.0
2021-12-25 00:00:00+00:00,22857.0,-66357421.0,3655005.0
2021-12-26 00:00:00+00:00,-1319.0,-6500495.0,19214012.0
2021-12-27 00:00:00+00:00,1000020743.0,-13075498.0,29533513.0
2021-12-28 00:00:00+00:00,258177.0,85602399.0,-21344735.0
2021-12-29 00:00:00+00:00,-223532.0,-72841503.0,-23889282.0
2021-12-30 00:00:00+00:00,-86711.0,-91950583.0,-82945241.0
2021-12-31 00:00:00+00:00,1000031346.0,301773466.0,11896249.0
2022-01-01 00:00:00+00:00,6263.0,52432505.0,5112171.0
2022-01-02 00:00:00+00:00,-548131308.0,4529879132.0,44114133.0
2022-01-03 00:00:00+00:00,-297080000.0,91761531.0,30407242.0
2022-01-04 00:00:00+00:00,-93121673.0,46585142.0,41933745.0
2022-01-05 00:00:00+00:00,114151804.0,97420533.0,32616562.0
2022-01-06 00:00:00+00:00,269840258.0,175766302.0,-36765849.0
2022-01-07 00:00:00+00:00,-132641125.0,264268914.0,-76396777.0
2022-01-08 00:00:00+00:00,-141094074.0,0.0,28700512.0
2022-01-09 00:00:00+00:00,-201868415.0,357290755.0,-8603628.0
2022-01-10 00:00:00+00:00,-242367837.0,53272597.0,-70547983.0
2022-01-11 00:00:00+00:00,427415399.0,351634096.0,79783929.0
2022-01-12 00:00:00+00:00,73407910.0,178524229.0,12482536.0
2022-01-13 00:00:00+00:00,-73043467.0,608113609.0,58660447.0
2022-01-14 00:00:00+00:00,-126538287.0,261374058.0,55661244.0
2022-01-15 00:00:00+00:00,108959929.0,101517082.0,-11657749.0
2022-01-16 00:00:00+00:00,-139804389.0,100259487.0,44654243.0
2022-01-17 00:00:00+00:00,98725510.0,193548507.0,85663384.0
2022-01-18 00:00:00+00:00,21321017.0,206371607.0,78779406.0
2022-01-19 00:00:00+00:00,-61218216.0,127318002.0,-3048986.0
2022-01-20 00:00:00+00:00,-2848586.0,293478717.0,58743049.0
2022-01-21 00:00:00+00:00,-98019991.0,370071418.0,12286282.0
2022-01-22 00:00:00+00:00,-137771969.0,0.0,-236209977.0
2022-01-23 00:00:00+00:00,303510117.0,1532514334.0,-50674113.0
2022-01-24 00:00:00+00:00,-138154011.0,0.0,30565831.0
2022-01-25 00:00:00+00:00,359335162.0,266790668.0,147485473.0
2022-01-26 00:00:00+00:00,-400245395.0,523861494.0,-48716435.0
2022-01-27 00:00:00+00:00,483555711.0,410878090.0,114696702.0
2022-01-28 00:00:00+00:00,-34054906.0,431057060.0,-192623397.0
2022-01-29 00:00:00+00:00,-469422273.0,36478946.0,-89202214.0
2022-01-30 00:00:00+00:00,117550438.0,192747992.0,57621041.0
2022-01-31 00:00:00+00:00,-168519338.0,-27959187.0,2214941.0
2022-02-01 00:00:00+00:00,-135600503.0,124103403.0,18508593.0
2022-02-02 00:00:00+00:00,-45845365.0,336550538.0,37829389.0
2022-02-03 00:00:00+00:00,21139479.0,275578501.0,-23604008.0
2022-02-04 00:00:00+00:00,25934202.0,361212331.0,32586993.0
2022-02-05 00:00:00+00:00,-804529.0,234999289.0,25726154.0
2022-02-06 00:00:00+00:00,-350999.0,-1173894.0,93813580.0
2022-02-07 00:00:00+00:00,100618206.0,45619427.0,37769450.0
2022-02-08 00:00:00+00:00,-66879082.0,204704430.0,110903154.0
2022-02-09 00:00:00+00:00,-56372277.0,241202764.0,195750973.0
2022-02-10 00:00:00+00:00,-27310146.0,283015680.0,82720059.0
2022-02-11 00:00:00+00:00,502390683.0,154473139.0,45592121.0
2022-02-12 00:00:00+00:00,-4669087.0,195800793.0,41703436.0
2022-02-13 00:00:00+00:00,20488142.0,84447626.0,-17425367.0
2022-02-14 00:00:00+00:00,105152843.0,138376733.0,9128972.0
2022-02-15 00:00:00+00:00,-77333716.0,34389394.0,-18410136.0
2022-02-16 00:00:00+00:00,64578522.0,36633090.0,141355842.0
2022-02-17 00:00:00+00:00,109271758.0,39082198.0,-65667596.0
2022-02-18 00:00:00+00:00,39979374.0,-12831819.0,-105006372.0
2022-02-19 00:00:00+00:00,-45178721.0,-14543617.0,-17790559.0
2022-02-20 00:00:00+00:00,410845881.0,128606508.0,25499633.0
2022-02-21 00:00:00+00:00,24643657.0,-2491846.0,-29516166.0
2022-02-22 00:00:00+00:00,227567243.0,25557675.0,-51766720.0
2022-02-23 00:00:00+00:00,-13038647.0,122149284.0,6133834.0
2022-02-24 00:00:00+00:00,252336493.0,40330158.0,-61350952.0
2022-02-25 00:00:00+00:00,1625535.0,378871003.0,-266408969.0
2022-02-26 00:00:00+00:00,-157167526.0,-93916161.0,-181935613.0
2022-02-27 00:00:00+00:00,204998692.0,198821385.0,26646569.0
2022-02-28 00:00:00+00:00,175019699.0,215880535.0,14410958.0
2022-03-01 00:00:00+00:00,-316464044.0,-111471073.0,-4282542.0
2022-03-02 00:00:00+00:00,-112366716.0,76720366.0,27968900.0
2022-03-03 00:00:00+00:00,429167973.0,-74475517.0,-81359669.0
2022-03-04 00:00:00+00:00,-245274891.0,-46039333.0,19242465.0
2022-03-05 00:00:00+00:00,234325036.0,-569214490.0,91929885.0
2022-03-06 00:00:00+00:00,18210776.0,96357787.0,-14115389.0
2022-03-07 00:00:00+00:00,229170154.0,-135142250.0,118378959.0
2022-03-08 00:00:00+00:00,-194269827.0,-623199171.0,30742720.0
2022-03-09 00:00:00+00:00,174006506.0,209068839.0,-99174485.0
2022-03-10 00:00:00+00:00,-26908941.0,-9962950.0,39421432.0
2022-03-11 00:00:00+00:00,-1964950.0,154271193.0,-4795410.0
2022-03-12 00:00:00+00:00,90658954.0,-78839944.0,29024709.0
2022-03-13 00:00:00+00:00,-16273826.0,-36469637.0,15329680.0
2022-03-14 00:00:00+00:00,13090192.0,8625310.0,-4289533.0
2022-03-15 00:00:00+00:00,-57223480.0,12437745.0,-26302377.0
2022-03-16 00:00:00+00:00,-9866708.0,-137954320.0,-28896985.0
2022-03-17 00:00:00+00:00,20422959.0,11669272.0,29148890.0
2022-03-18 00:00:00+00:00,75822382.0,482749061.0,23237763.0
2022-03-19 00:00:00+00:00,373601597.0,31293722.0,55283313.0
2022-03-20 00:00:00+00:00,207958489.0,35539729.0,11159308.0
2022-03-21 00:00:00+00:00,87205338.0,120675986.0,62130101.0
2022-03-22 00:00:00+00:00,-102522922.0,46412992.0,-4485882.0
2022-03-23 00:00:00+00:00,120514260.0,-384456527.0,-32283510.0
2022-03-24 00:00:00+00:00,-94324161.0,-336169789.0,-46021040.0
2022-03-25 00:00:00+00:00,176473523.0,187877536.0,-158019911.0
2022-03-26 00:00:00+00:00,363433658.0,-627622054.0,-25330017.0
2022-03-27 00:00:00+00:00,13822242.0,95643324.0,-29759921.0
2022-03-28 00:00:00+00:00,-108459766.0,14986328.0,-8378878.0
2022-03-29 00:00:00+00:00,153569762.0,49836910.0,-22525462.0
2022-03-30 00:00:00+00:00,314895387.0,-36568242.0,-18137202.0
2022-03-31 00:00:00+00:00,265602129.0,135911355.0,35312737.0
2022-04-01 00:00:00+00:00,114511891.0,-422570957.0,-33536028.0
2022-04-02 00:00:00+00:00,60916228.0,240355306.0,17512349.0
2022-04-03 00:00:00+00:00,166797044.0,-97284646.0,-107397941.0
2022-04-04 00:00:00+00:00,115996069.0,-227378633.0,-25104125.0
2022-04-05 00:00:00+00:00,60334195.0,-13767681.0,5579899.0
2022-04-06 00:00:00+00:00,-36319157.0,-313505346.0,-30400205.0
2022-04-07 00:00:00+00:00,10203646.0,-552096286.0,-72044568.0
2022-04-08 00:00:00+00:00,86767572.0,172233750.0,-10352249.0
2022-04-09 00:00:00+00:00,72517304.0,-73617052.0,70026750.0
2022-04-10 00:00:00+00:00,26472918.0,-13207127.0,-13973971.0
2022-04-11 00:00:00+00:00,106052539.0,106857876.0,13605347.0
2022-04-12 00:00:00+00:00,-79839758.0,-311477968.0,-228229247.0
2022-04-13 00:00:00+00:00,246887991.0,-69966616.0,-45374905.0
2022-04-14 00:00:00+00:00,-145069514.0,-204510975.0,-32551684.0
2022-04-15 00:00:00+00:00,59272364.0,-125057758.0,75352789.0
2022-04-16 00:00:00+00:00,-29678935.0,-92776143.0,-17014992.0
2022-04-17 00:00:00+00:00,31663075.0,-80669324.0,-4854326.0
2022-04-18 00:00:00+00:00,13359642.0,-5299718.0,-27368104.0
2022-04-19 00:00:00+00:00,-18324438.0,-188524244.0,-33470418.0
2022-04-20 00:00:00+00:00,-5946376.0,158286127.0,-27339828.0
2022-04-21 00:00:00+00:00,234881283.0,-154926576.0,25437143.0
2022-04-22 00:00:00+00:00,98489302.0,-1749415.0,-19226338.0
2022-04-23 00:00:00+00:00,62411274.0,23662117.0,-2643667.0
2022-04-24 00:00:00+00:00,15691269.0,18271378.0,6954296.0
2022-04-25 00:00:00+00:00,22927399.0,8613168.0,7494994.0
2022-04-26 00:00:00+00:00,-81739685.0,-58321699.0,-51009869.0
2022-04-27 00:00:00+00:00,74884763.0,-491559319.0,-20518023.0
2022-04-28 00:00:00+00:00,-60561322.0,29005994.0,-45390579.0
2022-04-29 00:00:00+00:00,-14454984.0,-8376458.0,-27319011.0
2022-04-30 00:00:00+00:00,89692447.0,-96941902.0,-60338589.0
2022-05-01 00:00:00+00:00,195447710.0,-106258271.0,-52745911.0
2022-05-02 00:00:00+00:00,-157146865.0,105371455.0,-28122277.0
2022-05-03 00:00:00+00:00,-120037512.0,-144260499.0,-91923637.0
2022-05-04 00:00:00+00:00,93511018.0,-111622789.0,-49261883.0
2022-05-05 00:00:00+00:00,-55569812.0,-252727054.0,-91924334.0
2022-05-06 00:00:00+00:00,85297097.0,60895619.0,16500310.0
2022-05-07 00:00:00+00:00,13753014.0,-390405316.0,-54964677.0
2022-05-08 00:00:00+00:00,71319348.0,57474642.0,-183431391.0
2022-05-09 00:00:00+00:00,-109504533.0,36104579.0,-418996645.0
2022-05-10 00:00:00+00:00,-72682752.0,-88803783.0,-393579250.0
2022-05-11 00:00:00+00:00,-482740237.0,0.0,-180904456.0
2022-05-12 00:00:00+00:00,-3205150996.0,1244792424.0,-805676652.0
2022-05-13 00:00:00+00:00,0.0,0.0,-168949835.0
2022-05-14 00:00:00+00:00,-2751151575.0,1085342280.0,17566741.0
2022-05-15 00:00:00+00:00,-956030724.0,315372298.0,-33858284.0
2022-05-16 00:00:00+00:00,0.0,41318941.0,52262603.0
2022-05-17 00:00:00+00:00,0.0,908543694.0,-22940819.0
2022-05-18 00:00:00+00:00,-1543118296.0,201701525.0,100814927.0
2022-05-19 00:00:00+00:00,4165814.0,104537605.0,-21375042.0
2022-05-20 00:00:00+00:00,-12250000.0,354612291.0,108214121.0
2022-05-21 00:00:00+00:00,-925823173.0,229718984.0,-69973376.0
2022-05-22 00:00:00+00:00,-9.0,109244852.0,-21543954.0
2022-05-23 00:00:00+00:00,0.0,31589545.0,19248573.0
2022-05-24 00:00:00+00:00,-1.0,231629840.0,33152441.0
2022-05-25 00:00:00+00:00,0.0,88558421.0,2598338.0
2022-05-26 00:00:00+00:00,0.0,22441839.0,-659980.0
2022-05-27 00:00:00+00:00,200919.0,-224731261.0,14068675.0
2022-05-28 00:00:00+00:00,-738046324.0,361096835.0,20485855.0
2022-05-29 00:00:00+00:00,0.0,133227643.0,24378313.0
2022-05-30 00:00:00+00:00,0.0,5859901.0,10890350.0
2022-05-31 00:00:00+00:00,0.0,44138447.0,53177918.0
2022-06-01 00:00:00+00:00,1200000.0,225081250.0,70871840.0
2022-06-02 00:00:00+00:00,78883324.0,833194697.0,27176491.0
2022-06-03 00:00:00+00:00,-78883324.0,-680085945.0,16420701.0
2022-06-04 00:00:00+00:00,4999999.0,-23979006.0,12896552.0
2022-06-05 00:00:00+00:00,0.0,-29739099.0,-5411142.0
2022-06-06 00:00:00+00:00,0.0,-9523603.0,18285912.0
2022-06-07 00:00:00+00:00,-122900000.0,-312519953.0,21341553.0
2022-06-08 00:00:00+00:00,0.0,66843533.0,48616167.0
2022-06-09 00:00:00+00:00,10000000.0,-40351289.0,67395973.0
2022-06-10 00:00:00+00:00,66931896.0,21984151.0,10931796.0
2022-06-11 00:00:00+00:00,-2500002.0,-647075712.0,73255938.0
2022-06-12 00:00:00+00:00,0.0,-68584411.0,-43067276.0
2022-06-13 00:00:00+00:00,-201000146.0,148737851.0,-21858596.0
2022-06-14 00:00:00+00:00,-694851010.0,112751661.0,-135855058.0
2022-06-15 00:00:00+00:00,-728615617.0,-18057989.0,-97442538.0
2022-06-16 00:00:00+00:00,-831698645.0,164002748.0,-72296741.0
2022-06-17 00:00:00+00:00,-814498965.0,352152449.0,-48332653.0
2022-06-18 00:00:00+00:00,-993321467.0,535179286.0,130626214.0
2022-06-19 00:00:00+00:00,-57765906.0,279602644.0,-83385702.0
2022-06-20 00:00:00+00:00,-248929990.0,507883836.0,1689576.0
2022-06-21 00:00:00+00:00,-429215088.0,-210809357.0,-5913859.0
2022-06-22 00:00:00+00:00,-514059601.0,138871681.0,38168670.0
2022-06-23 00:00:00+00:00,-1300000.0,-6084842.0,14902356.0
2022-06-24 00:00:00+00:00,-2300001.0,-218012512.0,-4418553.0
2022-06-25 00:00:00+00:00,-109974767.0,79227904.0,-5739767.0
2022-06-26 00:00:00+00:00,0.0,158997167.0,21329321.0
2022-06-27 00:00:00+00:00,-190000.0,48698302.0,-21651541.0
2022-06-28 00:00:00+00:00,-32340878.0,-450370496.0,8385974.0
2022-06-29 00:00:00+00:00,-10000000.0,116429621.0,-80639887.0
2022-06-30 00:00:00+00:00,-315933163.0,41242483.0,71669672.0
2022-07-01 00:00:00+00:00,-182884269.0,79607241.0,-2535095.0
2022-07-02 00:00:00+00:00,353116676.0,-10300774.0,76720224.0
2022-07-03 00:00:00+00:00,-1900000.0,56333218.0,10512400.0
2022-07-04 00:00:00+00:00,-148778597.0,8947026.0,23870542.0
2022-07-05 00:00:00+00:00,-38000000.0,143692703.0,9355280.0
2022-07-06 00:00:00+00:00,-49259952.0,-68747737.0,-6422296.0
2022-07-07 00:00:00+00:00,0.0,-253742935.0,-13622461.0
2022-07-08 00:00:00+00:00,-2000000.0,-169979359.0,25512796.0
2022-07-09 00:00:00+00:00,-1350000.0,52788803.0,15974912.0
2022-07-10 00:00:00+00:00,0.0,-70330424.0,25615455.0
2022-07-11 00:00:00+00:00,0.0,46825676.0,-61763028.0
2022-07-12 00:00:00+00:00,0.0,28239292.0,28841583.0
2022-07-13 00:00:00+00:00,-40000000.0,-112625848.0,-53002625.0
2022-07-14 00:00:00+00:00,-20000000.0,-1842625.0,64081115.0
2022-07-15 00:00:00+00:00,-54612389.0,-51641559.0,31244632.0
2022-07-16 00:00:00+00:00,0.0,-452089497.0,43743151.0
2022-07-17 00:00:00+00:00,0.0,-10005155.0,48335569.0
2022-07-18 00:00:00+00:00,19960040.0,-24805832.0,124404363.0
2022-07-19 00:00:00+00:00,-30000000.0,21150934.0,59049757.0
2022-07-20 00:00:00+00:00,-20000000.0,-89712757.0,41661463.0
2022-07-21 00:00:00+00:00,0.0,181578330.0,20015512.0
2022-07-22 00:00:00+00:00,-35500101.0,72597745.0,-25198631.0
2022-07-23 00:00:00+00:00,0.0,29151778.0,60159026.0
2022-07-24 00:00:00+00:00,0.0,118279903.0,49788816.0
2022-07-25 00:00:00+00:00,4999999.0,-10429309.0,-5242574.0
2022-07-26 00:00:00+00:00,0.0,-63310122.0,-40501447.0
2022-07-27 00:00:00+00:00,-1.0,54931258.0,10382684.0
2022-07-28 00:00:00+00:00,-10000001.0,-17764142.0,44640764.0
2022-07-29 00:00:00+00:00,87700000.0,-449523558.0,59615947.0
2022-07-30 00:00:00+00:00,123000000.0,-44650849.0,29793489.0
2022-07-31 00:00:00+00:00,141000000.0,-166160664.0,-16980797.0
2022-08-01 00:00:00+00:00,0.0,43138858.0,-29383003.0
2022-08-02 00:00:00+00:00,109650200.0,70384001.0,19284778.0
2022-08-03 00:00:00+00:00,104999999.0,-166044032.0,-3411760.0
2022-08-04 00:00:00+00:00,13797555.0,27004602.0,-43203121.0
2022-08-05 00:00:00+00:00,50000000.0,-179200699.0,75744699.0
2022-08-06 00:00:00+00:00,0.0,141523218.0,20206050.0
2022-08-07 00:00:00+00:00,0.0,-18006890.0,39954122.0
2022-08-08 00:00:00+00:00,-1.0,-13764414.0,-72320858.0
2022-08-09 00:00:00+00:00,0.0,-157296764.0,31197060.0
2022-08-10 00:00:00+00:00,41437236.0,-89140804.0,31835509.0
2022-08-11 00:00:00+00:00,239999999.0,-140749029.0,41076475.0
2022-08-12 00:00:00+00:00,141999996.0,-137613190.0,-104755655.0
2022-08-13 00:00:00+00:00,138000000.0,25731392.0,-170970502.0
2022-08-14 00:00:00+00:00,247000000.0,-7563133.0,14470170.0
2022-08-15 00:00:00+00:00,-308703705.0,-214250453.0,-39908309.0
2022-08-16 00:00:00+00:00,151000000.0,-67907787.0,-9724866.0
2022-08-17 00:00:00+00:00,0.0,-50019558.0,-26291319.0
2022-08-18 00:00:00+00:00,-16500000.0,-255688868.0,-41593362.0
2022-08-19 00:00:00+00:00,-1.0,-389092306.0,-40406630.0
2022-08-20 00:00:00+00:00,99997.0,-377371463.0,-50729100.0
2022-08-21 00:00:00+00:00,0.0,-36734219.0,-55541243.0
2022-08-22 00:00:00+00:00,0.0,133603271.0,-34743481.0
2022-08-23 00:00:00+00:00,0.0,-305388009.0,-24028846.0
2022-08-24 00:00:00+00:00,0.0,101494808.0,-15273439.0
2022-08-25 00:00:00+00:00,0.0,-107211574.0,-15173635.0
2022-08-26 00:00:00+00:00,93993324.0,-133919417.0,14580314.0
2022-08-27 00:00:00+00:00,-93883324.0,108890190.0,-18777310.0
2022-08-28 00:00:00+00:00,0.0,46497803.0,-14375006.0
2022-08-29 00:00:00+00:00,0.0,-47738806.0,-5376944.0
2022-08-30 00:00:00+00:00,5101000.0,83914810.0,10319937.0
2022-08-31 00:00:00+00:00,0.0,108003172.0,30658067.0
2022-09-01 00:00:00+00:00,640000.0,-88179040.0,-1525178.0
2022-09-02 00:00:00+00:00,0.0,-242172757.0,37031612.0
2022-09-03 00:00:00+00:00,0.0,-194376915.0,-5914851.0
2022-09-04 00:00:00+00:00,0.0,20809564.0,-8100894.0
2022-09-05 00:00:00+00:00,0.0,28979865.0,-86038230.0
2022-09-06 00:00:00+00:00,-4700000.0,-21717559.0,-26451828.0
2022-09-07 00:00:00+00:00,0.0,-274651845.0,-14401414.0
2022-09-08 00:00:00+00:00,0.0,135748139.0,-2730750.0
2022-09-09 00:00:00+00:00,499500.0,-44997012.0,4662553.0
2022-09-10 00:00:00+00:00,0.0,52887438.0,1626963.0
2022-09-11 00:00:00+00:00,106000000.0,-30905164.0,24171634.0
2022-09-12 00:00:00+00:00,72000000.0,-83029429.0,4848677.0
2022-09-13 00:00:00+00:00,94129870.0,-127451455.0,-16975906.0
2022-09-14 00:00:00+00:00,65000000.0,-128384775.0,-34263015.0
2022-09-15 00:00:00+00:00,-2000000.0,-596727831.0,-6207608.0
2022-09-16 00:00:00+00:00,40104985.0,-415282492.0,-11409499.0
2022-09-17 00:00:00+00:00,109890.0,-142573727.0,2303328.0
2022-09-18 00:00:00+00:00,-2.0,-11174569.0,59708358.0
2022-09-19 00:00:00+00:00,0.0,-16173708.0,-7911255.0
2022-09-20 00:00:00+00:00,30000000.0,-158241711.0,-46239802.0
2022-09-21 00:00:00+00:00,9019880.0,165230700.0,38734504.0
2022-09-22 00:00:00+00:00,7026110.0,-197183231.0,-6434972.0
2022-09-23 00:00:00+00:00,-14891164.0,-77794275.0,61819373.0
2022-09-24 00:00:00+00:00,-2000002.0,-157426163.0,3391053.0
2022-09-25 00:00:00+00:00,0.0,-23507227.0,-5924802.0
2022-09-26 00:00:00+00:00,0.0,-242892021.0,-857828.0
2022-09-27 00:00:00+00:00,1503596.0,-182148366.0,-9067909.0
2022-09-28 00:00:00+00:00,-2.0,-106310377.0,-11740463.0
2022-09-29 00:00:00+00:00,0.0,-312932120.0,-44122895.0
2022-09-30 00:00:00+00:00,-10.0,-306564361.0,6843013.0
2022-10-01 00:00:00+00:00,-6782301.0,-1279796116.0,-1879137.0
2022-10-02 00:00:00+00:00,0.0,-5872550.0,-3365427.0
2022-10-03 00:00:00+00:00,0.0,64697403.0,-32401973.0
2022-10-04 00:00:00+00:00,150011.0,-168811584.0,-46715549.0
2022-10-05 00:00:00+00:00,113000000.0,-502836463.0,20069255.0
2022-10-06 00:00:00+00:00,149999999.0,-270095881.0,-9364956.0
2022-10-07 00:00:00+00:00,10349651.0,-197372525.0,-9109626.0
2022-10-08 00:00:00+00:00,110135000.0,-107632690.0,-16817224.0
2022-10-09 00:00:00+00:00,38800000.0,-42530044.0,1031001.0
2022-10-10 00:00:00+00:00,0.0,-1403840.0,-7811411.0
2022-10-11 00:00:00+00:00,50000000.0,-71270991.0,-25782926.0
2022-10-12 00:00:00+00:00,0.0,-61378355.0,-34045259.0
2022-10-13 00:00:00+00:00,0.0,-164107482.0,-44103655.0
2022-10-14 00:00:00+00:00,600000.0,-380920530.0,-165038655.0
2022-10-15 00:00:00+00:00,10100000.0,-360827575.0,-8113166.0
2022-10-16 00:00:00+00:00,0.0,-11582329.0,-10043192.0
2022-10-17 00:00:00+00:00,-1.0,-2993319.0,2452949.0
2022-10-18 00:00:00+00:00,10000000.0,-225879794.0,-20043468.0
2022-10-19 00:00:00+00:00,10000000.0,-223342156.0,-87748714.0
2022-10-20 00:00:00+00:00,-123.0,-201676608.0,-36948190.0
2022-10-21 00:00:00+00:00,100000.0,-431342511.0,-79720226.0
2022-10-22 00:00:00+00:00,449550.0,-60432693.0,-48938602.0
2022-10-23 00:00:00+00:00,0.0,63110718.0,6992063.0
2022-10-24 00:00:00+00:00,0.0,10376621.0,31160964.0
2022-10-25 00:00:00+00:00,20000000.0,-141618527.0,-914034.0
2022-10-26 00:00:00+00:00,40800000.0,13691508.0,5279854.0
2022-10-27 00:00:00+00:00,206670000.0,40876666.0,1538602.0
2022-10-28 00:00:00+00:00,166714501.0,16414512.0,5019538.0
2022-10-29 00:00:00+00:00,89800000.0,-117510616.0,-27495351.0
2022-10-30 00:00:00+00:00,126000000.0,-48801536.0,13203636.0
2022-10-31 00:00:00+00:00,160341421.0,-10987407.0,-7864294.0
2022-11-01 00:00:00+00:00,156500010.0,-268869040.0,-91161471.0
2022-11-02 00:00:00+00:00,-65439081.0,-418577352.0,-26318601.0
2022-11-03 00:00:00+00:00,-4151955.0,-486479079.0,10571480.0
2022-11-04 00:00:00+00:00,349650.0,-448487228.0,-9767720.0
2022-11-05 00:00:00+00:00,10000000.0,21555397.0,33860204.0
2022-11-06 00:00:00+00:00,66000000.0,-79693360.0,30005858.0
2022-11-07 00:00:00+00:00,0.0,361583868.0,49947616.0
2022-11-08 00:00:00+00:00,92799995.0,790679790.0,15087214.0
2022-11-09 00:00:00+00:00,338420180.0,-360056338.0,-35724928.0
2022-11-10 00:00:00+00:00,-1591100940.0,89614688.0,-314309976.0
2022-11-11 00:00:00+00:00,0.0,615774955.0,-45593449.0
2022-11-12 00:00:00+00:00,-851892823.0,505440088.0,2449096.0
2022-11-13 00:00:00+00:00,-951706831.0,142384072.0,47694824.0
2022-11-14 00:00:00+00:00,-85846251.0,-35876262.0,-5351249.0
2022-11-15 00:00:00+00:00,-323779857.0,42217879.0,30604587.0
2022-11-16 00:00:00+00:00,-87900000.0,311568153.0,-27505263.0
2022-11-17 00:00:00+00:00,-26000160.0,-42094706.0,-8633424.0
2022-11-18 00:00:00+00:00,0.0,-250584130.0,18450144.0
2022-11-19 00:00:00+00:00,249751.0,284263132.0,-24025965.0
2022-11-20 00:00:00+00:00,-57000000.0,51856604.0,6825805.0
2022-11-21 00:00:00+00:00,-3000000.0,70730690.0,-26129880.0
2022-11-22 00:00:00+00:00,-378283509.0,-395071309.0,-52940266.0
2022-11-23 00:00:00+00:00,2000000.0,15202912.0,14927917.0
2022-11-24 00:00:00+00:00,-146101110.0,-298367311.0,-124169132.0
2022-11-25 00:00:00+00:00,130000.0,193875854.0,17809650.0
2022-11-26 00:00:00+00:00,0.0,-45515307.0,-7658901.0
2022-11-27 00:00:00+00:00,0.0,183360181.0,12972208.0
2022-11-28 00:00:00+00:00,0.0,140210761.0,-77484664.0
2022-11-29 00:00:00+00:00,0.0,-526539446.0,7841828.0
2022-11-30 00:00:00+00:00,-70000000.0,-373902265.0,-19724525.0
2022-12-01 00:00:00+00:00,70000000.0,-68714777.0,13432129.0
2022-12-02 00:00:00+00:00,0.0,-146570579.0,10258623.0
2022-12-03 00:00:00+00:00,81750359.0,141340724.0,22686094.0
2022-12-04 00:00:00+00:00,51784250.0,111911708.0,-735466.0
2022-12-05 00:00:00+00:00,0.0,129065409.0,-2886305.0
2022-12-06 00:00:00+00:00,80500000.0,-291670706.0,-515925.0
2022-12-07 00:00:00+00:00,108500000.0,-139447074.0,-49618889.0
2022-12-08 00:00:00+00:00,-1000.0,-212004032.0,2037420.0
2022-12-09 00:00:00+00:00,22480000.0,-38734820.0,4075216.0
2022-12-10 00:00:00+00:00,499500.0,-45857279.0,-2473995.0
2022-12-11 00:00:00+00:00,0.0,43043435.0,6408681.0
2022-12-12 00:00:00+00:00,0.0,11259155.0,-5430419.0
2022-12-13 00:00:00+00:00,83866000.0,-227160800.0,-12074348.0
2022-12-14 00:00:00+00:00,195310000.0,2552399318.0,858238.0
2022-12-15 00:00:00+00:00,-15250000.0,62003016.0,-10975976.0
2022-12-16 00:00:00+00:00,67900000.0,-111375733.0,-22973307.0
2022-12-17 00:00:00+00:00,12200000.0,-230882142.0,8753214.0
2022-12-18 00:00:00+00:00,104885000.0,45240027.0,8950254.0
2022-12-19 00:00:00+00:00,0.0,32147587.0,540591.0
2022-12-20 00:00:00+00:00,53440000.0,-370496162.0,2787773.0
2022-12-21 00:00:00+00:00,32400000.0,-63140405.0,20242966.0
2022-12-22 00:00:00+00:00,4752193.0,-185496594.0,4667432.0
2022-12-23 00:00:00+00:00,0.0,-65519963.0,-11428999.0
2022-12-24 00:00:00+00:00,-50000.0,-51452860.0,-11112623.0
2022-12-25 00:00:00+00:00,0.0,136855882.0,4621053.0
2022-12-26 00:00:00+00:00,0.0,107875019.0,-10269558.0
2022-12-27 00:00:00+00:00,2500000.0,97342595.0,-11153781.0
2022-12-28 00:00:00+00:00,0.0,-295849794.0,-14801080.0
2022-12-29 00:00:00+00:00,7522394.0,240376525.0,-41128835.0
2022-12-30 00:00:00+00:00,8544092.0,54507600.0,-2803622.0
2022-12-31 00:00:00+00:00,0.0,71113256.0,-15519695.0
2023-01-01 00:00:00+00:00,0.0,28186818.0,-5423220.0
2023-01-02 00:00:00+00:00,0.0,59321124.0,-3742587.0
2023-01-03 00:00:00+00:00,0.0,104742962.0,5027695.0
2023-01-04 00:00:00+00:00,0.0,-536217074.0,1576402.0
2023-01-05 00:00:00+00:00,0.0,-48340434.0,-24177595.0
2023-01-06 00:00:00+00:00,8776956.0,-407582945.0,-19183889.0
2023-01-07 00:00:00+00:00,0.0,-31274890.0,-11717300.0
2023-01-08 00:00:00+00:00,0.0,118699888.0,43189565.0
2023-01-09 00:00:00+00:00,0.0,141172648.0,18600865.0
2023-01-10 00:00:00+00:00,0.0,-349580141.0,6473567.0
2023-01-11 00:00:00+00:00,96309.0,69937338.0,-513010.0
2023-01-12 00:00:00+00:00,-133.0,127244515.0,-13481772.0
2023-01-13 00:00:00+00:00,-368.0,121172438.0,1182498.0
2023-01-14 00:00:00+00:00,-137.0,-477704937.0,26178279.0
2023-01-15 00:00:00+00:00,82799937.0,237072771.0,12409455.0
2023-01-16 00:00:00+00:00,3824.0,215243457.0,4624512.0
2023-01-17 00:00:00+00:00,129446998.0,-60288276.0,-3859218.0
2023-01-18 00:00:00+00:00,-1.0,-274518403.0,-1183716.0
2023-01-19 00:00:00+00:00,0.0,-468534452.0,15391549.0
2023-01-20 00:00:00+00:00,0.0,-110407299.0,-952536.0
2023-01-21 00:00:00+00:00,0.0,191593506.0,2802820.0
2023-01-22 00:00:00+00:00,212671993.0,178886021.0,20028306.0
2023-01-23 00:00:00+00:00,46799998.0,138989483.0,3021781.0
2023-01-24 00:00:00+00:00,110068996.0,-6650309.0,3481315.0
2023-01-25 00:00:00+00:00,178863994.0,164732990.0,14578019.0
2023-01-26 00:00:00+00:00,155119996.0,-95833188.0,361424.0
2023-01-27 00:00:00+00:00,136919995.0,-246762793.0,-13623281.0
2023-01-28 00:00:00+00:00,179163992.0,-232112704.0,-11515792.0
2023-01-29 00:00:00+00:00,115769997.0,35532098.0,4605981.0
2023-01-30 00:00:00+00:00,155819995.0,-119965824.0,-4139815.0
2023-01-31 00:00:00+00:00,35300566.0,-411116577.0,-7497352.0
2023-02-01 00:00:00+00:00,-18358018.0,-283854976.0,-15227914.0
2023-02-02 00:00:00+00:00,22299999.0,-8393175.0,-9386213.0
2023-02-03 00:00:00+00:00,213319989.0,52902949.0,7429594.0
2023-02-04 00:00:00+00:00,0.0,-453123726.0,-11324099.0
2023-02-05 00:00:00+00:00,36034918.0,-26288812.0,7094185.0
2023-02-06 00:00:00+00:00,0.0,58513926.0,5627938.0
2023-02-07 00:00:00+00:00,118149998.0,-153213519.0,-2466969.0
2023-02-08 00:00:00+00:00,-400000.0,-173143707.0,-9809603.0
2023-02-09 00:00:00+00:00,0.0,-162385681.0,5295636.0
2023-02-10 00:00:00+00:00,1999999.0,-24547074.0,-12566468.0
2023-02-11 00:00:00+00:00,135060000.0,-129240464.0,-5249148.0
2023-02-12 00:00:00+00:00,67199997.0,-71085987.0,-2626941.0
2023-02-13 00:00:00+00:00,25000000.0,-72567360.0,1151100.0
2023-02-14 00:00:00+00:00,718024998.0,-265113348.0,13041045.0
2023-02-15 00:00:00+00:00,362598996.0,81692193.0,-8997864.0
2023-02-16 00:00:00+00:00,293464996.0,450148540.0,653142.0
2023-02-17 00:00:00+00:00,368509989.0,180053480.0,3411517.0
2023-02-18 00:00:00+00:00,139699999.0,243776652.0,-20741872.0
2023-02-19 00:00:00+00:00,109264999.0,-38092312.0,12432945.0
2023-02-20 00:00:00+00:00,0.0,47754482.0,2188020.0
2023-02-21 00:00:00+00:00,36259999.0,65687521.0,3378986.0
2023-02-22 00:00:00+00:00,20309997.0,153513816.0,-62257232.0
2023-02-23 00:00:00+00:00,130819916.0,27843505.0,9134763.0
2023-02-24 00:00:00+00:00,97152996.0,135980437.0,-10830796.0
2023-02-25 00:00:00+00:00,110479919.0,250887352.0,-1263416.0
2023-02-26 00:00:00+00:00,48649999.0,73485847.0,-148014.0
2023-02-27 00:00:00+00:00,36850000.0,45151011.0,5496988.0
2023-02-28 00:00:00+00:00,43399998.0,-31667213.0,3657385.0
2023-03-01 00:00:00+00:00,41299994.0,-132142378.0,-6295180.0
2023-03-02 00:00:00+00:00,94379980.0,88052830.0,-11427811.0
2023-03-03 00:00:00+00:00,53819699.0,607830453.0,9083261.0
2023-03-04 00:00:00+00:00,242499674.0,296774656.0,-14490714.0
2023-03-05 00:00:00+00:00,83619999.0,233420472.0,8125184.0
2023-03-06 00:00:00+00:00,36720000.0,264916820.0,-14486661.0
2023-03-07 00:00:00+00:00,111993205.0,-200416974.0,2563137.0
2023-03-08 00:00:00+00:00,144973523.0,-60963413.0,-12581371.0
2023-03-09 00:00:00+00:00,4047450.0,-30444971.0,-13313965.0
2023-03-10 00:00:00+00:00,66324164.0,-21158859.0,-64478984.0
2023-03-11 00:00:00+00:00,275691761.0,-975783458.0,185631045.0
2023-03-12 00:00:00+00:00,45210379.0,-1539161655.0,730119652.0
2023-03-13 00:00:00+00:00,437095883.0,-192478691.0,524727481.0
2023-03-14 00:00:00+00:00,334750098.0,-1386311259.0,-73418790.0
2023-03-15 00:00:00+00:00,508155655.0,-975079312.0,-240404107.0
2023-03-16 00:00:00+00:00,846190319.0,-905376473.0,-245382017.0
2023-03-17 00:00:00+00:00,917290636.0,-576544211.0,-229472596.0
2023-03-18 00:00:00+00:00,1009826992.0,-724482086.0,-106974285.0
2023-03-19 00:00:00+00:00,39815185.0,-4720240.0,-28810225.0
2023-03-20 00:00:00+00:00,-110884000.0,-31460712.0,-20764401.0
2023-03-21 00:00:00+00:00,746470787.0,-736799103.0,-10171788.0
2023-03-22 00:00:00+00:00,579920331.0,-109371651.0,-12394221.0
2023-03-23 00:00:00+00:00,347441065.0,-456664282.0,-91707716.0
2023-03-24 00:00:00+00:00,702321802.0,-335085263.0,-11513320.0
2023-03-25 00:00:00+00:00,536188246.0,-526793472.0,-40306130.0
2023-03-26 00:00:00+00:00,63841752.0,-12096656.0,-1579223.0
2023-03-27 00:00:00+00:00,18999989.0,-33750218.0,-7237046.0
2023-03-28 00:00:00+00:00,350824372.0,-424080752.0,-87420758.0
2023-03-29 00:00:00+00:00,64936858.0,-295690994.0,-28347132.0
2023-03-30 00:00:00+00:00,120003621.0,-41838335.0,-15466962.0
2023-03-31 00:00:00+00:00,31466675.0,-295957206.0,-6585067.0
2023-04-01 00:00:00+00:00,21495887.0,-332893768.0,455564.0
2023-04-02 00:00:00+00:00,0.0,-46592387.0,1436220.0
2023-04-03 00:00:00+00:00,108999991.0,25546970.0,10727609.0
2023-04-04 00:00:00+00:00,105815002.0,165068954.0,-16893184.0
2023-04-05 00:00:00+00:00,95888994.0,-41269224.0,841668.0
2023-04-06 00:00:00+00:00,103219101.0,-73796771.0,-9477262.0
2023-04-07 00:00:00+00:00,87601906.0,165775498.0,1214167.0
2023-04-08 00:00:00+00:00,5152201.0,-89902328.0,-2716327.0
2023-04-09 00:00:00+00:00,10000000.0,5517714.0,-4675074.0
2023-04-10 00:00:00+00:00,0.0,-25733989.0,-7314745.0
2023-04-11 00:00:00+00:00,140050870.0,-104165881.0,-14076394.0
2023-04-12 00:00:00+00:00,100027765.0,-54064659.0,-11419489.0
2023-04-13 00:00:00+00:00,127181111.0,-273996725.0,-23939918.0
2023-04-14 00:00:00+00:00,186507683.0,-137521327.0,-10687402.0
2023-04-15 00:00:00+00:00,139506505.0,-88350768.0,2994538.0
2023-04-16 00:00:00+00:00,16999998.0,-10356905.0,13439520.0
2023-04-17 00:00:00+00:00,10000000.0,-7397959.0,-11491266.0
2023-04-18 00:00:00+00:00,129460728.0,-157217797.0,-132578925.0
2023-04-19 00:00:00+00:00,111273396.0,-255915098.0,-18190648.0
2023-04-20 00:00:00+00:00,127202589.0,-235127071.0,-6420361.0
2023-04-21 00:00:00+00:00,106000147.0,-180499134.0,-7434467.0
2023-04-22 00:00:00+00:00,-776839137.0,-219193106.0,-49614049.0
2023-04-23 00:00:00+00:00,810959327.0,2460292.0,-19975394.0
2023-04-24 00:00:00+00:00,10000000.0,38024586.0,-1783640.0
2023-04-25 00:00:00+00:00,86881365.0,-87423326.0,10841085.0
2023-04-26 00:00:00+00:00,38088282.0,7044188.0,-1811026.0
2023-04-27 00:00:00+00:00,14668685.0,37612049.0,3276773.0
2023-04-28 00:00:00+00:00,24028878.0,-276273600.0,-9309207.0
2023-04-29 00:00:00+00:00,82581486.0,25418734.0,-49961391.0
2023-04-30 00:00:00+00:00,9999986.0,12049421.0,244360.0
2023-05-01 00:00:00+00:00,10000004.0,-5638234.0,3811036.0
2023-05-02 00:00:00+00:00,83080526.0,-127010215.0,-8096504.0
2023-05-03 00:00:00+00:00,63933414.0,-158683396.0,-23634539.0
2023-05-04 00:00:00+00:00,120693992.0,-37635043.0,-18728823.0
2023-05-05 00:00:00+00:00,76747636.0,-77874002.0,-4397225.0
2023-05-06 00:00:00+00:00,15858746.0,272144750.0,-8737589.0
2023-05-07 00:00:00+00:00,4999995.0,1787681.0,11660448.0
2023-05-08 00:00:00+00:00,4999995.0,-4359486.0,810475.0
2023-05-09 00:00:00+00:00,247272474.0,-175488512.0,1689655.0
2023-05-10 00:00:00+00:00,140706291.0,-101278724.0,4292355.0
2023-05-11 00:00:00+00:00,133054206.0,-15667265.0,-1582273.0
2023-05-12 00:00:00+00:00,114045158.0,-176232507.0,-6365713.0
2023-05-13 00:00:00+00:00,70725445.0,47588554.0,-14198963.0
2023-05-14 00:00:00+00:00,0.0,6495747.0,-381715.0
2023-05-15 00:00:00+00:00,20392074.0,-40153389.0,-1086444.0
2023-05-16 00:00:00+00:00,4999993.0,-142620756.0,-4018017.0
2023-05-17 00:00:00+00:00,22805441.0,-101219778.0,501027.0
2023-05-18 00:00:00+00:00,7935424.0,-158234062.0,3716237.0
2023-05-19 00:00:00+00:00,3555797.0,121908110.0,885024.0
2023-05-20 00:00:00+00:00,52154368.0,-87647278.0,-2593301.0
2023-05-21 00:00:00+00:00,4999995.0,-546142.0,-17944271.0
2023-05-22 00:00:00+00:00,4999994.0,-9835987.0,10712991.0
2023-05-23 00:00:00+00:00,43480596.0,-115538173.0,-3599496.0
2023-05-24 00:00:00+00:00,64365065.0,-138364834.0,-19288085.0
2023-05-25 00:00:00+00:00,35674050.0,-217692385.0,-11279047.0
2023-05-26 00:00:00+00:00,13952196.0,-68993840.0,-2457591.0
2023-05-27 00:00:00+00:00,35039339.0,22668802.0,-3216941.0
2023-05-28 00:00:00+00:00,4999994.0,-22641778.0,3360376.0
2023-05-29 00:00:00+00:00,0.0,-21667987.0,1565472.0
2023-05-30 00:00:00+00:00,15700236.0,44580515.0,2876829.0
2023-05-31 00:00:00+00:00,41534397.0,-72522584.0,2276378.0
2023-06-01 00:00:00+00:00,38013465.0,-157961832.0,-9154635.0
2023-06-02 00:00:00+00:00,27353719.0,75684582.0,-17630508.0
2023-06-03 00:00:00+00:00,-97196273.0,36092472.0,-11049281.0
2023-06-04 00:00:00+00:00,4999995.0,-9876904.0,-1665706.0
2023-06-05 00:00:00+00:00,4999992.0,3567212.0,-217874.0
2023-06-06 00:00:00+00:00,56497997.0,-79509408.0,-3176699.0
2023-06-07 00:00:00+00:00,71837884.0,-153532350.0,-12781708.0
2023-06-08 00:00:00+00:00,10610325.0,-148748208.0,-5284547.0
2023-06-09 00:00:00+00:00,20158560.0,-100630883.0,-15448631.0
2023-06-10 00:00:00+00:00,34914238.0,-167738282.0,-10161518.0
2023-06-11 00:00:00+00:00,10999993.0,61219679.0,1936159.0
2023-06-12 00:00:00+00:00,5000000.0,21450878.0,-2331794.0
2023-06-13 00:00:00+00:00,130266098.0,-84619389.0,-25500537.0
2023-06-14 00:00:00+00:00,26287769.0,-131451167.0,-24682998.0
2023-06-15 00:00:00+00:00,34241130.0,-98574048.0,-7154605.0
2023-06-16 00:00:00+00:00,5526754.0,115730906.0,-94385728.0
2023-06-17 00:00:00+00:00,4749248.0,140923937.0,7781582.0
2023-06-18 00:00:00+00:00,-393708014.0,-4324426.0,18428943.0
2023-06-19 00:00:00+00:00,0.0,-10261865.0,10423499.0
2023-06-20 00:00:00+00:00,3158840.0,118762110.0,-6745040.0
2023-06-21 00:00:00+00:00,7749243.0,97684646.0,25689570.0
2023-06-22 00:00:00+00:00,7234181.0,-113979904.0,-21230117.0
2023-06-23 00:00:00+00:00,10000011.0,-25962987.0,23168371.0
2023-06-24 00:00:00+00:00,0.0,4960955.0,4829679.0
2023-06-25 00:00:00+00:00,5000000.0,11317065.0,1801122.0
2023-06-26 00:00:00+00:00,4999995.0,858405.0,-5173768.0
2023-06-27 00:00:00+00:00,22088172.0,-96679350.0,-23649647.0
2023-06-28 00:00:00+00:00,6382950.0,-147949681.0,-15566294.0
2023-06-29 00:00:00+00:00,85091235.0,-113041992.0,-12812599.0
2023-06-30 00:00:00+00:00,52131691.0,-141762479.0,-17507642.0
2023-07-01 00:00:00+00:00,-39004354.0,-591695334.0,-35755206.0
2023-07-02 00:00:00+00:00,0.0,19591449.0,-2025695.0
2023-07-03 00:00:00+00:00,0.0,4636066.0,-3573026.0
2023-07-04 00:00:00+00:00,11014573.0,280877544.0,-5146976.0
2023-07-05 00:00:00+00:00,1860489.0,30707013.0,1602793.0
2023-07-06 00:00:00+00:00,270931.0,-52979755.0,-17608433.0
2023-07-07 00:00:00+00:00,314953.0,-143267327.0,-6665477.0
2023-07-08 00:00:00+00:00,3449041.0,-58946075.0,-3029007.0
2023-07-09 00:00:00+00:00,-10.0,-1742171.0,-7882086.0
2023-07-10 00:00:00+00:00,-7900000.0,4638645.0,-6207018.0
2023-07-11 00:00:00+00:00,-1579165.0,-107176672.0,-6417444.0
2023-07-12 00:00:00+00:00,24344196.0,-48445492.0,6059456.0
2023-07-13 00:00:00+00:00,4582560.0,-71899821.0,-10144553.0
2023-07-14 00:00:00+00:00,56023438.0,166882299.0,3643195.0
2023-07-15 00:00:00+00:00,179762981.0,-139459632.0,-5371269.0
2023-07-16 00:00:00+00:00,24522948.0,8863126.0,1091738.0
2023-07-17 00:00:00+00:00,10999989.0,20745780.0,-6018481.0
2023-07-18 00:00:00+00:00,101103389.0,-229706265.0,-8601755.0
2023-07-19 00:00:00+00:00,54801126.0,-69489907.0,-1086800.0
2023-07-20 00:00:00+00:00,-29834673.0,-112202390.0,-9098305.0
2023-07-21 00:00:00+00:00,43851135.0,-52282391.0,-6425619.0
2023-07-22 00:00:00+00:00,-23107913.0,-48159154.0,-20996743.0
2023-07-23 00:00:00+00:00,4999995.0,-7144211.0,1011837.0
2023-07-24 00:00:00+00:00,0.0,-7299655.0,1424546.0
2023-07-25 00:00:00+00:00,8186533.0,-121701910.0,-31386418.0
2023-07-26 00:00:00+00:00,620517.0,-75933360.0,-6172746.0
2023-07-27 00:00:00+00:00,5782338.0,-88723500.0,-13421894.0
2023-07-28 00:00:00+00:00,6003806.0,18665067.0,-6127369.0
2023-07-29 00:00:00+00:00,2904220.0,-27789752.0,-20280687.0
2023-07-30 00:00:00+00:00,0.0,38746547.0,-5717621.0
2023-07-31 00:00:00+00:00,-6550661.0,-1567326.0,4162008.0
2023-08-01 00:00:00+00:00,76092447.0,-65942749.0,14076394.0
2023-08-02 00:00:00+00:00,1239230.0,-206416828.0,-60667390.0
2023-08-03 00:00:00+00:00,1638529.0,-124259862.0,-26621798.0
2023-08-04 00:00:00+00:00,0.0,-99523143.0,-26942074.0
2023-08-05 00:00:00+00:00,5445019.0,-74753976.0,-23579356.0
2023-08-06 00:00:00+00:00,0.0,-2285078.0,5504861.0
2023-08-07 00:00:00+00:00,0.0,-1382585.0,-2879416.0
2023-08-08 00:00:00+00:00,-323936627.0,124780386.0,-6672561.0
2023-08-09 00:00:00+00:00,-46540458.0,144830081.0,17151842.0
2023-08-10 00:00:00+00:00,829170.0,-11229385.0,3575482.0
2023-08-11 00:00:00+00:00,499475.0,-129714254.0,-40983894.0
2023-08-12 00:00:00+00:00,-124560901.0,-33111178.0,-36241538.0
2023-08-13 00:00:00+00:00,0.0,41407468.0,38034807.0
2023-08-14 00:00:00+00:00,0.0,29449944.0,-14209772.0
2023-08-15 00:00:00+00:00,1059081.0,-190304315.0,-28272141.0
2023-08-16 00:00:00+00:00,-229924285.0,41060390.0,-37123944.0
2023-08-17 00:00:00+00:00,-164756027.0,38190759.0,-2720516.0
2023-08-18 00:00:00+00:00,-174908460.0,48165387.0,8395886.0
2023-08-19 00:00:00+00:00,4146847.0,-332770186.0,-1798079.0
2023-08-20 00:00:00+00:00,0.0,186825147.0,-2572521.0
2023-08-21 00:00:00+00:00,0.0,4642088.0,40932334.0
2023-08-22 00:00:00+00:00,2488909.0,-2572858.0,1115514781.0
2023-08-23 00:00:00+00:00,6755268.0,-54285799.0,-3736526.0
2023-08-24 00:00:00+00:00,-9951450.0,88552828.0,-16693642.0
2023-08-25 00:00:00+00:00,3356758.0,-111398997.0,47072635.0
2023-08-26 00:00:00+00:00,2467530.0,66611171.0,-7593585.0
2023-08-27 00:00:00+00:00,0.0,52752454.0,30116394.0
2023-08-28 00:00:00+00:00,0.0,58083943.0,17491993.0
2023-08-29 00:00:00+00:00,6556128.0,-13578790.0,2572921.0
2023-08-30 00:00:00+00:00,1423574.0,136014515.0,42573093.0
2023-08-31 00:00:00+00:00,2948550.0,-41722393.0,7358012.0
2023-09-01 00:00:00+00:00,5988118.0,87464761.0,10328668.0
2023-09-02 00:00:00+00:00,31649845.0,-57313635.0,-13612927.0
2023-09-03 00:00:00+00:00,0.0,13047153.0,19154873.0
2023-09-04 00:00:00+00:00,0.0,45918843.0,15854212.0
2023-09-05 00:00:00+00:00,5349153.0,-155978478.0,-8667357.0
2023-09-06 00:00:00+00:00,2398599.0,-163888084.0,-9253091.0
2023-09-07 00:00:00+00:00,3268229.0,-16773965.0,30011353.0
2023-09-08 00:00:00+00:00,1758240.0,-160022449.0,-7679392.0
2023-09-09 00:00:00+00:00,103304570.0,130224026.0,17587103.0
2023-09-10 00:00:00+00:00,0.0,30198509.0,7127440.0
2023-09-11 00:00:00+00:00,0.0,59869521.0,24522008.0
2023-09-12 00:00:00+00:00,9747099.0,-68964040.0,10252478.0
2023-09-13 00:00:00+00:00,5736571.0,103786542.0,13778741.0
2023-09-14 00:00:00+00:00,2993731.0,39507869.0,20024761.0
2023-09-15 00:00:00+00:00,7200033.0,-44082186.0,27237393.0
2023-09-16 00:00:00+00:00,-1.0,-58327172.0,9342636.0
2023-09-17 00:00:00+00:00,0.0,54830962.0,20968877.0
2023-09-18 00:00:00+00:00,0.0,4188833.0,33764270.0
2023-09-19 00:00:00+00:00,49707003.0,-36701121.0,-15095650.0
2023-09-20 00:00:00+00:00,70746362.0,-73536168.0,5566286.0
2023-09-21 00:00:00+00:00,28639672.0,-81095164.0,6843211.0
2023-09-22 00:00:00+00:00,3184242.0,-180911553.0,6149161.0
2023-09-23 00:00:00+00:00,7158186.0,-46277090.0,3580132.0
2023-09-24 00:00:00+00:00,2382769.0,13988095.0,26545055.0
2023-09-25 00:00:00+00:00,0.0,5723556.0,4767950.0
2023-09-26 00:00:00+00:00,4141612.0,-180356656.0,-2466287.0
2023-09-27 00:00:00+00:00,58965052.0,-20263993.0,-2995398.0
2023-09-28 00:00:00+00:00,4367631.0,-131208832.0,-4434393.0
2023-09-29 00:00:00+00:00,5357642.0,163831188.0,22133942.0
2023-09-30 00:00:00+00:00,-32525731.0,-384809048.0,9380682.0
2023-10-01 00:00:00+00:00,11000000.0,57105917.0,-6501768.0
2023-10-02 00:00:00+00:00,2000000.0,24539620.0,6468224.0
2023-10-03 00:00:00+00:00,83814033.0,137413114.0,9719522.0
2023-10-04 00:00:00+00:00,24231027.0,-141945032.0,-17822605.0
2023-10-05 00:00:00+00:00,1804402.0,-78136461.0,-4755228.0
2023-10-06 00:00:00+00:00,35648052.0,-4604344.0,-1483029.0
2023-10-07 00:00:00+00:00,33396652.0,273294227.0,6260976.0
2023-10-08 00:00:00+00:00,38500000.0,28318939.0,9771809.0
2023-10-09 00:00:00+00:00,0.0,15226563.0,10476567.0
2023-10-10 00:00:00+00:00,20502220.0,-31625968.0,9060973.0
2023-10-11 00:00:00+00:00,17800000.0,-119748762.0,-5286494.0
2023-10-12 00:00:00+00:00,7265263.0,-165875356.0,-17387580.0
2023-10-13 00:00:00+00:00,2023425.0,-109080846.0,-33222819.0
2023-10-14 00:00:00+00:00,4974183.0,-34279924.0,7387970.0
2023-10-15 00:00:00+00:00,0.0,32440956.0,18022202.0
2023-10-16 00:00:00+00:00,4000000.0,66504812.0,7040734.0
2023-10-17 00:00:00+00:00,55941561.0,71790720.0,-6953785.0
2023-10-18 00:00:00+00:00,94485502.0,27482681.0,8402770.0
2023-10-19 00:00:00+00:00,133448692.0,-6661882.0,-1092371.0
2023-10-20 00:00:00+00:00,110573776.0,105933137.0,33203704.0
2023-10-21 00:00:00+00:00,227677730.0,48815793.0,23468990.0
2023-10-22 00:00:00+00:00,1100478.0,22713998.0,10601410.0
2023-10-23 00:00:00+00:00,11000000.0,-10222978.0,4106094.0
2023-10-24 00:00:00+00:00,121762444.0,-90523421.0,-43981383.0
2023-10-25 00:00:00+00:00,-30310681.0,-400594655.0,-27210731.0
2023-10-26 00:00:00+00:00,134874471.0,117826398.0,-3096874.0
2023-10-27 00:00:00+00:00,118969812.0,-30874772.0,14756694.0
2023-10-28 00:00:00+00:00,27582393.0,-144038199.0,-26601515.0
2023-10-29 00:00:00+00:00,0.0,33196259.0,-24040069.0
2023-10-30 00:00:00+00:00,0.0,44989685.0,-8433760.0
2023-10-31 00:00:00+00:00,49360397.0,-114239405.0,-93436160.0
2023-11-01 00:00:00+00:00,214232325.0,-167808950.0,-55484474.0
2023-11-02 00:00:00+00:00,70632151.0,-15683485.0,50155443.0
2023-11-03 00:00:00+00:00,324929550.0,-293773779.0,-10920726.0
2023-11-04 00:00:00+00:00,155491611.0,32003175.0,4867945.0
2023-11-05 00:00:00+00:00,9999999.0,83183813.0,17909359.0
2023-11-06 00:00:00+00:00,28099998.0,20628199.0,-5166774.0
2023-11-07 00:00:00+00:00,344125548.0,-185805741.0,-13811402.0
2023-11-08 00:00:00+00:00,347098172.0,-65133491.0,-12908021.0
2023-11-09 00:00:00+00:00,176881301.0,-133710145.0,-34395243.0
2023-11-10 00:00:00+00:00,253285568.0,-117806414.0,-7731489.0
2023-11-11 00:00:00+00:00,162415886.0,17294170.0,-18343240.0
2023-11-12 00:00:00+00:00,114474998.0,62291383.0,29487786.0
2023-11-13 00:00:00+00:00,10314880.0,54531347.0,-15607978.0
2023-11-14 00:00:00+00:00,272819312.0,-238289787.0,-16323135.0
2023-11-15 00:00:00+00:00,245998198.0,-209568703.0,-26967422.0
2023-11-16 00:00:00+00:00,111518108.0,255881951.0,-12070983.0
2023-11-17 00:00:00+00:00,95107919.0,64159056.0,-8144868.0
2023-11-18 00:00:00+00:00,148384655.0,250398106.0,-11102363.0
2023-11-19 00:00:00+00:00,15300000.0,12916646.0,14218428.0
2023-11-20 00:00:00+00:00,22574999.0,42886961.0,21683264.0
2023-11-21 00:00:00+00:00,310930879.0,40558512.0,-8838844.0
2023-11-22 00:00:00+00:00,281563495.0,-153074715.0,12948549.0
2023-11-23 00:00:00+00:00,165213775.0,39893154.0,-469322.0
2023-11-24 00:00:00+00:00,40998230.0,13709901.0,-1193314.0
2023-11-25 00:00:00+00:00,196460741.0,224517686.0,33453030.0
2023-11-26 00:00:00+00:00,17500000.0,-2835576.0,17607925.0
2023-11-27 00:00:00+00:00,54999998.0,-55661808.0,5115137.0
2023-11-28 00:00:00+00:00,141273386.0,-239488610.0,-13025151.0
2023-11-29 00:00:00+00:00,154609847.0,175522938.0,3878804.0
2023-11-30 00:00:00+00:00,202017441.0,-94272400.0,-1893996.0
2023-12-01 00:00:00+00:00,63228975.0,45807729.0,1815771.0
2023-12-02 00:00:00+00:00,182093648.0,7600494.0,-7147637.0
2023-12-03 00:00:00+00:00,69949997.0,-16440687.0,-13920404.0
2023-12-04 00:00:00+00:00,50599999.0,-24597641.0,21613178.0
2023-12-05 00:00:00+00:00,166517596.0,-131733287.0,14644639.0
2023-12-06 00:00:00+00:00,219557818.0,-88300384.0,-2170192.0
2023-12-07 00:00:00+00:00,34409491.0,-13217600.0,17635185.0
2023-12-08 00:00:00+00:00,187791440.0,58916010.0,12678200.0
2023-12-09 00:00:00+00:00,79767455.0,163214520.0,16528970.0
2023-12-10 00:00:00+00:00,253801199.0,37365681.0,19265051.0
2023-12-11 00:00:00+00:00,-44000000.0,4811458.0,5520658.0
2023-12-12 00:00:00+00:00,89229196.0,-400063193.0,-42093137.0
2023-12-13 00:00:00+00:00,17954923.0,-107493664.0,-98894877.0
2023-12-14 00:00:00+00:00,6382788.0,244267634.0,-19469735.0
2023-12-15 00:00:00+00:00,158933490.0,108335971.0,-2022691.0
2023-12-16 00:00:00+00:00,94563103.0,107368114.0,-17132210.0
2023-12-17 00:00:00+00:00,0.0,9289968.0,31718754.0
2023-12-18 00:00:00+00:00,0.0,-48100976.0,1677599.0
2023-12-19 00:00:00+00:00,5393518.0,150278328.0,9864075.0
2023-12-20 00:00:00+00:00,13256568.0,236066405.0,-2873880.0
2023-12-21 00:00:00+00:00,94195718.0,126399295.0,1368822.0
2023-12-22 00:00:00+00:00,45196397.0,-93525563.0,467491.0
2023-12-23 00:00:00+00:00,123459561.0,271085749.0,14309694.0
2023-12-24 00:00:00+00:00,66800000.0,16699123.0,25702577.0
2023-12-25 00:00:00+00:00,55662310.0,25679591.0,-1754439.0
2023-12-26 00:00:00+00:00,9468532.0,-51000889.0,-16346930.0
2023-12-27 00:00:00+00:00,17742878.0,-337453569.0,-20775435.0
2023-12-28 00:00:00+00:00,111207015.0,159534597.0,-3965048.0
2023-12-29 00:00:00+00:00,70662329.0,-50402534.0,-23343895.0
2023-12-30 00:00:00+00:00,154050950.0,-60532891.0,-1691291.0
2023-12-31 00:00:00+00:00,25364999.0,-86455977.0,-11354278.0
2024-01-01 00:00:00+00:00,835000.0,-162058891.0,-23638926.0
2024-01-02 00:00:00+00:00,4198999.0,86892568.0,38647865.0
2024-01-03 00:00:00+00:00,337989742.0,164495151.0,17070644.0
2024-01-04 00:00:00+00:00,391671494.0,152058738.0,9973983.0
2024-01-05 00:00:00+00:00,368655652.0,86127619.0,-1522381.0
2024-01-06 00:00:00+00:00,539957060.0,236741599.0,-28114951.0
2024-01-07 00:00:00+00:00,207600000.0,23504256.0,1016519.0
2024-01-08 00:00:00+00:00,68750000.0,-637855.0,9826209.0
2024-01-09 00:00:00+00:00,466537389.0,-62011555.0,22538924.0
2024-01-10 00:00:00+00:00,304918568.0,-156223083.0,2326586.0
2024-01-11 00:00:00+00:00,223035613.0,2404875.0,4476100.0
2024-01-12 00:00:00+00:00,389086685.0,9146666.0,-10265908.0
2024-01-13 00:00:00+00:00,2629371.0,76671094.0,-41281666.0
2024-01-14 00:00:00+00:00,0.0,88992112.0,-4444243.0
2024-01-15 00:00:00+00:00,-6.0,-837554.0,-35389417.0
2024-01-16 00:00:00+00:00,110885114.0,-13895892.0,-8842488.0
2024-01-17 00:00:00+00:00,7528797.0,-22886134.0,-3598355.0
2024-01-18 00:00:00+00:00,35766474.0,238643702.0,-7701547.0
2024-01-19 00:00:00+00:00,-103902932.0,-44002938.0,-9892938.0
2024-01-20 00:00:00+00:00,0.0,-70751715.0,-10644982.0
2024-01-21 00:00:00+00:00,0.0,141047036.0,-1351952.0
2024-01-22 00:00:00+00:00,-130290880.0,22255482.0,-4562415.0
2024-01-23 00:00:00+00:00,-37919397.0,-146265371.0,-20348069.0
2024-01-24 00:00:00+00:00,698918082.0,36246375.0,20357115.0
2024-01-25 00:00:00+00:00,-22957895.0,110063339.0,24454732.0
2024-01-26 00:00:00+00:00,2595404.0,160377690.0,23492850.0
2024-01-27 00:00:00+00:00,480291091.0,69945807.0,11579761.0
2024-01-28 00:00:00+00:00,-1000001.0,56930228.0,653828.0
2024-01-29 00:00:00+00:00,0.0,22507658.0,1324970.0
2024-01-30 00:00:00+00:00,17222679.0,243531421.0,-11004089.0
2024-01-31 00:00:00+00:00,146971178.0,235857672.0,-265773093.0
2024-02-01 00:00:00+00:00,19338102.0,231856951.0,-61426571.0
2024-02-02 00:00:00+00:00,2533722.0,-61162598.0,-1085153.0
2024-02-03 00:00:00+00:00,9528081.0,116652999.0,-12660052.0
2024-02-04 00:00:00+00:00,0.0,51602653.0,4725122.0
2024-02-05 00:00:00+00:00,639361.0,44657754.0,17611.0
2024-02-06 00:00:00+00:00,4512327.0,-27149234.0,-18428637.0
2024-02-07 00:00:00+00:00,-55090324.0,251018016.0,10848245.0
2024-02-08 00:00:00+00:00,4727821.0,196885399.0,-8630934.0
2024-02-09 00:00:00+00:00,20122641.0,201372819.0,2048608.0
2024-02-10 00:00:00+00:00,15000000.0,190408373.0,15818488.0
2024-02-11 00:00:00+00:00,120500000.0,20402826.0,17208533.0
2024-02-12 00:00:00+00:00,133379999.0,-23357860.0,14003297.0
2024-02-13 00:00:00+00:00,193200000.0,-146339310.0,-32019391.0
2024-02-14 00:00:00+00:00,132299999.0,58230056.0,-8271998.0
2024-02-15 00:00:00+00:00,160695719.0,169436006.0,-4810218.0
2024-02-16 00:00:00+00:00,385907143.0,77665595.0,30575944.0
2024-02-17 00:00:00+00:00,202749251.0,-2092845.0,-13311235.0
2024-02-18 00:00:00+00:00,107419081.0,5047926.0,20637189.0
2024-02-19 00:00:00+00:00,29693547.0,-42437818.0,8275168.0
2024-02-20 00:00:00+00:00,20364140.0,-38748303.0,45038069.0
2024-02-21 00:00:00+00:00,110827373.0,-35233956.0,-39426685.0
2024-02-22 00:00:00+00:00,23536132.0,56338353.0,1799164.0
2024-02-23 00:00:00+00:00,1459440.0,-52171694.0,-26392318.0
2024-02-24 00:00:00+00:00,67447553.0,87824217.0,20773548.0
2024-02-25 00:00:00+00:00,0.0,49678596.0,14328900.0
2024-02-26 00:00:00+00:00,-302.0,25586250.0,4040484.0
2024-02-27 00:00:00+00:00,208433602.0,232554697.0,21283112.0
2024-02-28 00:00:00+00:00,271769130.0,-52875934.0,10160904.0
2024-02-29 00:00:00+00:00,317472674.0,151728105.0,14568877.0
2024-03-01 00:00:00+00:00,138617682.0,137003934.0,7647372.0
2024-03-02 00:00:00+00:00,339309713.0,188824038.0,18079391.0
2024-03-03 00:00:00+00:00,248800000.0,-11879094.0,-21518723.0
2024-03-04 00:00:00+00:00,103589890.0,-57861937.0,4619651.0
2024-03-05 00:00:00+00:00,512967188.0,-65560843.0,-42247348.0
2024-03-06 00:00:00+00:00,395584021.0,-74246278.0,-179762145.0
2024-03-07 00:00:00+00:00,317778621.0,275797807.0,70860149.0
2024-03-08 00:00:00+00:00,287158427.0,144733800.0,-401065255.0
2024-03-09 00:00:00+00:00,547117382.0,555941509.0,-37638431.0
2024-03-10 00:00:00+00:00,226299996.0,41181426.0,-1940532.0
2024-03-11 00:00:00+00:00,199500000.0,122856222.0,175370191.0
2024-03-12 00:00:00+00:00,416240084.0,367635695.0,-3813379.0
2024-03-13 00:00:00+00:00,228486924.0,-37786887.0,-3975396.0
2024-03-14 00:00:00+00:00,467167277.0,293228529.0,19775766.0
2024-03-15 00:00:00+00:00,132419615.0,-200108854.0,2272688.0
2024-03-16 00:00:00+00:00,51507667.0,340141037.0,88610183.0
2024-03-17 00:00:00+00:00,95000000.0,57976337.0,51034264.0
2024-03-18 00:00:00+00:00,209790.0,-73756016.0,-44937199.0
2024-03-19 00:00:00+00:00,253468810.0,318538654.0,58101179.0
2024-03-20 00:00:00+00:00,110888722.0,19664865.0,-44780972.0
2024-03-21 00:00:00+00:00,124507693.0,242439575.0,-29064591.0
2024-03-22 00:00:00+00:00,149958173.0,399637251.0,23673292.0
2024-03-23 00:00:00+00:00,-34602443.0,192243237.0,79162905.0
2024-03-24 00:00:00+00:00,-10000000.0,22658018.0,69269739.0
2024-03-25 00:00:00+00:00,5000000.0,-9455068.0,49175639.0
2024-03-26 00:00:00+00:00,229315246.0,1028028976.0,-100179541.0
2024-03-27 00:00:00+00:00,126392185.0,48069018.0,29041280.0
2024-03-28 00:00:00+00:00,80068766.0,-197594229.0,-6361298.0
2024-03-29 00:00:00+00:00,50158439.0,364124832.0,11535036.0
2024-03-30 00:00:00+00:00,1028475.0,61641079.0,72475507.0
2024-03-31 00:00:00+00:00,0.0,-16986181.0,-4021476.0
2024-04-01 00:00:00+00:00,-58701298.0,-33996295.0,7931765.0
2024-04-02 00:00:00+00:00,211298701.0,199929937.0,63917400.0
2024-04-03 00:00:00+00:00,620782478.0,174223240.0,5762193.0
2024-04-04 00:00:00+00:00,866058541.0,30038276.0,-28343087.0
2024-04-05 00:00:00+00:00,448671088.0,141458013.0,53351979.0
2024-04-06 00:00:00+00:00,213050000.0,-106286556.0,53730854.0
2024-04-07 00:00:00+00:00,85760000.0,24783309.0,67116390.0
2024-04-08 00:00:00+00:00,1000000.0,-20074286.0,-29621361.0
2024-04-09 00:00:00+00:00,150398147.0,-309053220.0,-217188187.0
2024-04-10 00:00:00+00:00,132639439.0,-309510068.0,-59433960.0
2024-04-11 00:00:00+00:00,78199101.0,-98634617.0,46528799.0
2024-04-12 00:00:00+00:00,38838562.0,31532744.0,18117263.0
2024-04-13 00:00:00+00:00,52928421.0,-285162300.0,69151673.0
2024-04-14 00:00:00+00:00,329980000.0,388241052.0,187674731.0
2024-04-15 00:00:00+00:00,34800000.0,-58008086.0,-53106651.0
2024-04-16 00:00:00+00:00,369667233.0,110526223.0,-80429245.0
2024-04-17 00:00:00+00:00,676743671.0,194588140.0,105422605.0
2024-04-18 00:00:00+00:00,351000795.0,-2068021182.0,-95704603.0
2024-04-19 00:00:00+00:00,424600603.0,2562899011.0,40698734.0
2024-04-20 00:00:00+00:00,300920495.0,-1441612161.0,43242429.0
2024-04-21 00:00:00+00:00,16766710.0,52462891.0,57757409.0
2024-04-22 00:00:00+00:00,-2500000.0,2258477976.0,24945997.0
2024-04-23 00:00:00+00:00,343819937.0,-149952705.0,59948403.0
2024-04-24 00:00:00+00:00,192812947.0,-337606221.0,9751046.0
2024-04-25 00:00:00+00:00,0.0,0.0,-26409179.0
2024-04-26 00:00:00+00:00,0.0,0.0,0.0
2024-04-27 00:00:00+00:00,0.0,0.0,0.0
2024-04-28 00:00:00+00:00,-21086329.0,14543044.0,80517545.0
2024-04-29 00:00:00+00:00,-77733.0,-3930293.0,-13153414.0
2024-04-30 00:00:00+00:00,64304586.0,-173437011.0,-23785195.0
2024-05-01 00:00:00+00:00,-9848179.0,156512249.0,-19074586.0
2024-05-02 00:00:00+00:00,-52237141.0,-129025460.0,-45835366.0
2024-05-03 00:00:00+00:00,-10810030.0,148640570.0,64974641.0
2024-05-04 00:00:00+00:00,163794805.0,293200502.0,62914722.0
2024-05-05 00:00:00+00:00,131814437.0,130027848.0,100543853.0
2024-05-06 00:00:00+00:00,1327239.0,24413151.0,21053196.0
2024-05-07 00:00:00+00:00,185435003.0,-365567576.0,-82982161.0
2024-05-08 00:00:00+00:00,-33942418.0,20516768.0,28663250.0
2024-05-09 00:00:00+00:00,1918172.0,-187049422.0,19099152.0
2024-05-10 00:00:00+00:00,-50154845.0,7084290.0,23975840.0
2024-05-11 00:00:00+00:00,-135810270.0,488923.0,19450943.0
2024-05-12 00:00:00+00:00,-10.0,13711683.0,10725943.0
2024-05-13 00:00:00+00:00,-15000000.0,-5907375.0,3054725.0
2024-05-14 00:00:00+00:00,6922264.0,27693936.0,-900443.0
2024-05-15 00:00:00+00:00,87640415.0,-226418788.0,-30686606.0
2024-05-16 00:00:00+00:00,34040657.0,376396695.0,24275860.0
2024-05-17 00:00:00+00:00,181878402.0,47063392.0,-28370865.0
2024-05-18 00:00:00+00:00,129733457.0,139713890.0,-2300069.0
2024-05-19 00:00:00+00:00,99599999.0,88716819.0,66482270.0
2024-05-20 00:00:00+00:00,0.0,-41391246.0,10257125.0
2024-05-21 00:00:00+00:00,-70700181.0,-173555943.0,-127739152.0
2024-05-22 00:00:00+00:00,366010512.0,-234748219.0,-62760951.0
2024-05-23 00:00:00+00:00,22396597.0,12323820.0,-11416348.0
2024-05-24 00:00:00+00:00,144414079.0,-334690538.0,-31184389.0
2024-05-25 00:00:00+00:00,-2462128.0,3522294.0,15365470.0
2024-05-26 00:00:00+00:00,-5.0,-41032709.0,1499354.0
2024-05-27 00:00:00+00:00,1799999.0,-91374028.0,-22997915.0
2024-05-28 00:00:00+00:00,16168929.0,-87560636.0,49272974.0
2024-05-29 00:00:00+00:00,-2508271.0,-247157798.0,-8456218.0
2024-05-30 00:00:00+00:00,942088.0,-134254893.0,-4954518.0
2024-05-31 00:00:00+00:00,12409187.0,177098708.0,25166576.0
2024-06-01 00:00:00+00:00,145168114.0,53732285.0,-43220707.0
2024-06-02 00:00:00+00:00,68669999.0,-45827024.0,10109500.0
2024-06-03 00:00:00+00:00,-40000000.0,2962077.0,-32251924.0
2024-06-04 00:00:00+00:00,462628625.0,-49025692.0,-35582694.0
2024-06-05 00:00:00+00:00,1409590.0,83035707.0,13970873.0
2024-06-06 00:00:00+00:00,60288387.0,155432069.0,45495166.0
2024-06-07 00:00:00+00:00,40303060.0,-56861622.0,-39659999.0
2024-06-08 00:00:00+00:00,20749426.0,-289556159.0,11598898.0
2024-06-09 00:00:00+00:00,-1150014.0,-25736629.0,-16390548.0
2024-06-10 00:00:00+00:00,29000640.0,13255001.0,7456649.0
2024-06-11 00:00:00+00:00,5300000.0,-116972380.0,22583525.0
2024-06-12 00:00:00+00:00,2676424.0,26813277.0,-8207473.0
2024-06-13 00:00:00+00:00,45088786.0,272875104.0,5095124.0
2024-06-14 00:00:00+00:00,-3330047.0,178029497.0,-17121216.0
2024-06-15 00:00:00+00:00,19248751.0,112220016.0,-48210511.0
2024-06-16 00:00:00+00:00,-670000.0,-252391601.0,19872255.0
2024-06-17 00:00:00+00:00,1613366.0,43648205.0,-2822735.0
2024-06-18 00:00:00+00:00,-8303618.0,-28646146.0,28541820.0
2024-06-19 00:00:00+00:00,53487365.0,329837248.0,-4230940.0
2024-06-20 00:00:00+00:00,-38629.0,6174539.0,-8880133.0
2024-06-21 00:00:00+00:00,285316846.0,-191451337.0,-69256224.0
2024-06-22 00:00:00+00:00,336961.0,80847750.0,-13978019.0
2024-06-23 00:00:00+00:00,40000000.0,22133200.0,38783925.0
2024-06-24 00:00:00+00:00,0.0,-23318194.0,-1528804.0
2024-06-25 00:00:00+00:00,-7327581.0,-124508944.0,-27902342.0
2024-06-26 00:00:00+00:00,-104737877.0,219391085.0,7370692.0
2024-06-27 00:00:00+00:00,-96532077.0,158627538.0,-47815632.0
2024-06-28 00:00:00+00:00,23689310.0,-285620613.0,27159359.0
2024-06-29 00:00:00+00:00,30709759.0,-348043056.0,-38760492.0
2024-06-30 00:00:00+00:00,84999998.0,-31438812.0,14121270.0
2024-07-01 00:00:00+00:00,-36503554.0,-48259825.0,-53220373.0
2024-07-02 00:00:00+00:00,-87653673.0,274777112.0,65018973.0
2024-07-03 00:00:00+00:00,-153562723.0,81332038.0,21547948.0
2024-07-04 00:00:00+00:00,-25797743.0,218728632.0,-359601.0
2024-07-05 00:00:00+00:00,-116262565.0,131585770.0,-31843469.0
2024-07-06 00:00:00+00:00,-109823062.0,698404481.0,54805628.0
2024-07-07 00:00:00+00:00,-14007167.0,131085383.0,126022996.0
2024-07-08 00:00:00+00:00,0.0,-7540068.0,-103833.0
2024-07-09 00:00:00+00:00,-2632024.0,135055637.0,-76215176.0
2024-07-10 00:00:00+00:00,42658220.0,93585729.0,7380511.0
2024-07-11 00:00:00+00:00,92647176.0,129955722.0,1947527.0
2024-07-12 00:00:00+00:00,6446112.0,-129816336.0,17984858.0
2024-07-13 00:00:00+00:00,-180308894.0,-410588798.0,9492808.0
2024-07-14 00:00:00+00:00,278332280.0,402447673.0,76503929.0
2024-07-15 00:00:00+00:00,70000000.0,-3829115.0,-15402560.0
2024-07-16 00:00:00+00:00,325254767.0,-32420377.0,-16923977.0
2024-07-17 00:00:00+00:00,352374913.0,35386767.0,24016712.0
2024-07-18 00:00:00+00:00,407861498.0,-195423802.0,-26007919.0
2024-07-19 00:00:00+00:00,53812985.0,-85768204.0,-17748795.0
2024-07-20 00:00:00+00:00,181375193.0,267192868.0,35722804.0
2024-07-21 00:00:00+00:00,161600000.0,132357538.0,122477793.0
2024-07-22 00:00:00+00:00,45499999.0,-127966164.0,-45521084.0
2024-07-23 00:00:00+00:00,240511554.0,32038713.0,-95384669.0
2024-07-24 00:00:00+00:00,164479527.0,145335093.0,-2879752.0
2024-07-25 00:00:00+00:00,-18516255.0,-125226713.0,-47209674.0
2024-07-26 00:00:00+00:00,-117000008.0,-238651084.0,-12478279.0
2024-07-27 00:00:00+00:00,45029656.0,347075767.0,-14674685.0
2024-07-28 00:00:00+00:00,88642863.0,23168021.0,20532062.0
2024-07-29 00:00:00+00:00,0.0,-20051122.0,-3139072.0
2024-07-30 00:00:00+00:00,43750827.0,-385657201.0,-41685410.0
2024-07-31 00:00:00+00:00,4533742.0,-255426860.0,68484031.0
2024-08-01 00:00:00+00:00,29359869.0,-107397098.0,-18628669.0
2024-08-02 00:00:00+00:00,5783544.0,-420892455.0,-9300979.0
2024-08-03 00:00:00+00:00,41386172.0,34637722.0,-19586062.0
2024-08-04 00:00:00+00:00,-15000002.0,115775591.0,-274971.0
2024-08-05 00:00:00+00:00,0.0,126491230.0,30822511.0
2024-08-06 00:00:00+00:00,-122235152.0,488315160.0,-54263291.0
2024-08-07 00:00:00+00:00,120739479.0,488172330.0,18887472.0
2024-08-08 00:00:00+00:00,388579332.0,248057386.0,-25428771.0
2024-08-09 00:00:00+00:00,449902498.0,8243696.0,17783518.0
2024-08-10 00:00:00+00:00,157506386.0,-63531102.0,-16507835.0
2024-08-11 00:00:00+00:00,66400000.0,42318110.0,5217732.0
2024-08-12 00:00:00+00:00,0.0,-18187367.0,-19055327.0
2024-08-13 00:00:00+00:00,248373347.0,32755772.0,-1451678.0
2024-08-14 00:00:00+00:00,240027215.0,-28618588.0,-2423734.0
2024-08-15 00:00:00+00:00,405230421.0,4594736.0,34430380.0
2024-08-16 00:00:00+00:00,175031709.0,68628849.0,-9573740.0
2024-08-17 00:00:00+00:00,124625169.0,252854073.0,14765191.0
2024-08-18 00:00:00+00:00,53330000.0,23323668.0,12685501.0
2024-08-19 00:00:00+00:00,1658500.0,-30552651.0,-9298550.0
2024-08-20 00:00:00+00:00,106799209.0,93540147.0,-60769371.0
2024-08-21 00:00:00+00:00,280819536.0,-102103489.0,-12377175.0
2024-08-22 00:00:00+00:00,131687435.0,102651068.0,-10948877.0
2024-08-23 00:00:00+00:00,239905398.0,-216760837.0,-10902066.0
2024-08-24 00:00:00+00:00,64894667.0,240743519.0,-545683.0
2024-08-25 00:00:00+00:00,129275082.0,-71819978.0,-2482195.0
2024-08-26 00:00:00+00:00,1877626.0,-51335271.0,12433113.0
2024-08-27 00:00:00+00:00,135238518.0,-255262428.0,171375848.0
2024-08-28 00:00:00+00:00,-42284416.0,-267082221.0,17352021.0
2024-08-29 00:00:00+00:00,149547594.0,123630967.0,-5483144.0
2024-08-30 00:00:00+00:00,121247224.0,474809842.0,-4689084.0
2024-08-31 00:00:00+00:00,2959236.0,90141318.0,-2612426.0
2024-09-01 00:00:00+00:00,0.0,-15648913.0,200668.0
2024-09-02 00:00:00+00:00,200000.0,29595320.0,-1664004.0
2024-09-03 00:00:00+00:00,-87200474.0,44137383.0,-1346884.0
2024-09-04 00:00:00+00:00,485493.0,-134897115.0,13090860.0
2024-09-05 00:00:00+00:00,12481912.0,261776285.0,-68734641.0
2024-09-06 00:00:00+00:00,-18482425.0,8685286.0,-29477330.0
2024-09-07 00:00:00+00:00,55199748.0,-85848649.0,102041852.0
2024-09-08 00:00:00+00:00,3900000.0,105813716.0,28142584.0
2024-09-09 00:00:00+00:00,0.0,45456530.0,2084168.0
2024-09-10 00:00:00+00:00,243479815.0,118877421.0,-27759921.0
2024-09-11 00:00:00+00:00,12550121.0,220405168.0,11492954.0
2024-09-12 00:00:00+00:00,1249701.0,36340448.0,5249126.0
2024-09-13 00:00:00+00:00,-50954938.0,31502631.0,6960039.0
2024-09-14 00:00:00+00:00,224782316.0,348812976.0,27488711.0
2024-09-15 00:00:00+00:00,439044206.0,-9314922.0,17504343.0
2024-09-16 00:00:00+00:00,-235373254.0,-23203313.0,558319.0
2024-09-17 00:00:00+00:00,-84036640.0,-241998349.0,-4271685.0
2024-09-18 00:00:00+00:00,125000898.0,155858249.0,-42762636.0
2024-09-19 00:00:00+00:00,43469255.0,-39870407.0,-40021723.0
2024-09-20 00:00:00+00:00,171244063.0,22081306.0,-105654646.0
2024-09-21 00:00:00+00:00,93399800.0,153238550.0,-79138432.0
2024-09-22 00:00:00+00:00,-4003773.0,70708912.0,-4555827.0
2024-09-23 00:00:00+00:00,0.0,40001729.0,689658.0
2024-09-24 00:00:00+00:00,81335690.0,-42120464.0,39209779.0
2024-09-25 00:00:00+00:00,-8767719.0,170647404.0,-74231606.0
2024-09-26 00:00:00+00:00,44501192.0,36407295.0,44872172.0
2024-09-27 00:00:00+00:00,72999500.0,239803167.0,13487724.0
2024-09-28 00:00:00+00:00,58499644.0,1951434.0,-78417290.0
2024-09-29 00:00:00+00:00,996003.0,-20231982.0,2437477.0
2024-09-30 00:00:00+00:00,215471994.0,-36231662.0,26955103.0
2024-10-01 00:00:00+00:00,27949138.0,-818884594.0,-2574587.0
2024-10-02 00:00:00+00:00,0.0,124876701.0,-207586807.0
2024-10-03 00:00:00+00:00,-16610398.0,18886481.0,204243112.0
2024-10-04 00:00:00+00:00,1376702.0,-26135381.0,-24226233.0
2024-10-05 00:00:00+00:00,18144798.0,2963100.0,-2955502.0
2024-10-06 00:00:00+00:00,16771612.0,49733193.0,5246052.0
2024-10-07 00:00:00+00:00,438514.0,4289353.0,18309160.0
2024-10-08 00:00:00+00:00,179900192.0,-259207833.0,198011408.0
2024-10-09 00:00:00+00:00,-9091646.0,-299640026.0,-15342850.0
2024-10-10 00:00:00+00:00,8101461.0,-266904848.0,-28664032.0
2024-10-11 00:00:00+00:00,-124000003.0,-61058589.0,-11791796.0
2024-10-12 00:00:00+00:00,4249748.0,244424331.0,-22415150.0
2024-10-13 00:00:00+00:00,1599951.0,43856611.0,6583926.0
2024-10-14 00:00:00+00:00,0.0,-31874103.0,-6500247.0
2024-10-15 00:00:00+00:00,27969597.0,-111562774.0,-27549933.0
2024-10-16 00:00:00+00:00,42247213.0,10370913.0,1437954.0
2024-10-17 00:00:00+00:00,165254957.0,-98363310.0,9706027.0
2024-10-18 00:00:00+00:00,36160471.0,-67434710.0,-28435253.0
2024-10-19 00:00:00+00:00,84242917.0,205047790.0,5760100.0
2024-10-20 00:00:00+00:00,64999996.0,4058562.0,2832857.0
2024-10-21 00:00:00+00:00,27000000.0,14241584.0,6569223.0
2024-10-22 00:00:00+00:00,23563836.0,-263298851.0,-77884189.0
2024-10-23 00:00:00+00:00,-12061927.0,-132256485.0,-64613624.0
2024-10-24 00:00:00+00:00,14185813.0,-232319990.0,-19277534.0
2024-10-25 00:00:00+00:00,37554796.0,120249061.0,3833944.0
2024-10-26 00:00:00+00:00,42247598.0,218422102.0,-69385148.0
2024-10-27 00:00:00+00:00,33851079.0,-41460664.0,43056279.0
2024-10-28 00:00:00+00:00,999997.0,26355200.0,-22088217.0
2024-10-29 00:00:00+00:00,-139166291.0,51876349.0,-33574573.0
2024-10-30 00:00:00+00:00,283983716.0,69272654.0,28364282.0
2024-10-31 00:00:00+00:00,69374823.0,276857638.0,20084886.0
2024-11-01 00:00:00+00:00,-50683829.0,-348664438.0,-105252849.0
2024-11-02 00:00:00+00:00,53471629.0,199776300.0,68971968.0
2024-11-03 00:00:00+00:00,48677998.0,187608736.0,-20837465.0
2024-11-04 00:00:00+00:00,0.0,2897403.0,3058631.0
2024-11-05 00:00:00+00:00,924823936.0,213706422.0,11476781.0
2024-11-06 00:00:00+00:00,-1834425.0,462876727.0,-110275894.0
2024-11-07 00:00:00+00:00,488616707.0,1283230472.0,18781107.0
2024-11-08 00:00:00+00:00,485023023.0,58618615.0,-75009793.0
2024-11-09 00:00:00+00:00,946324993.0,242971058.0,26895468.0
2024-11-10 00:00:00+00:00,267230303.0,-107283911.0,-8772604.0
2024-11-11 00:00:00+00:00,270827543.0,-74913934.0,-15129521.0
2024-11-12 00:00:00+00:00,1837833976.0,-12320113.0,7467438.0
2024-11-13 00:00:00+00:00,802173142.0,-432345871.0,-101428181.0
2024-11-14 00:00:00+00:00,994196697.0,189721456.0,38310924.0
2024-11-15 00:00:00+00:00,1591208563.0,192027788.0,-3054229.0
2024-11-16 00:00:00+00:00,-9087.0,91729363.0,-7941019.0
2024-11-17 00:00:00+00:00,226314900.0,145773121.0,12938767.0
2024-11-18 00:00:00+00:00,149991005.0,-25866010.0,4238731.0
2024-11-19 00:00:00+00:00,-109757298.0,287659217.0,-21253029.0
2024-11-20 00:00:00+00:00,484316766.0,24502841.0,54748973.0
2024-11-21 00:00:00+00:00,1301814480.0,494790841.0,30621554.0
2024-11-22 00:00:00+00:00,315255435.0,314546792.0,8204684.0
2024-11-23 00:00:00+00:00,1313967943.0,630205939.0,-29276140.0
2024-11-24 00:00:00+00:00,1140021996.0,248409259.0,43405730.0
2024-11-25 00:00:00+00:00,411193688.0,-65864021.0,-35469284.0
2024-11-26 00:00:00+00:00,268495482.0,-289905680.0,5917822.0
2024-11-27 00:00:00+00:00,29812019.0,-154425438.0,-106354469.0
2024-11-28 00:00:00+00:00,414543434.0,984850608.0,102406428.0
2024-11-29 00:00:00+00:00,828365666.0,-108453586.0,9867881.0
2024-11-30 00:00:00+00:00,305856080.0,333103222.0,17016595.0
2024-12-01 00:00:00+00:00,-1879267373.0,119375937.0,-68755422.0
2024-12-02 00:00:00+00:00,84099957.0,163974875.0,19454208.0
2024-12-03 00:00:00+00:00,535819925.0,-127771514.0,2402182.0
2024-12-04 00:00:00+00:00,325875087.0,176172988.0,-11097399.0
2024-12-05 00:00:00+00:00,707196484.0,559932515.0,-48646931.0
2024-12-06 00:00:00+00:00,929845578.0,-406173952.0,-74436499.0
2024-12-07 00:00:00+00:00,1063539843.0,904171814.0,-17414537.0
2024-12-08 00:00:00+00:00,224000000.0,-4312849.0,-8142408.0
2024-12-09 00:00:00+00:00,136270000.0,-162447533.0,34154583.0
2024-12-10 00:00:00+00:00,244128173.0,-398804433.0,-101220381.0
2024-12-11 00:00:00+00:00,310092355.0,175786004.0,34006120.0
2024-12-12 00:00:00+00:00,1052491999.0,851627668.0,9452057.0
2024-12-13 00:00:00+00:00,399110530.0,-62283173.0,-16152353.0
2024-12-14 00:00:00+00:00,43093145.0,447835663.0,21285807.0
2024-12-15 00:00:00+00:00,120000000.0,11823664.0,12066025.0
2024-12-16 00:00:00+00:00,0.0,127632324.0,-32379378.0
2024-12-17 00:00:00+00:00,190573639.0,272156677.0,24402437.0
2024-12-18 00:00:00+00:00,153769531.0,143925210.0,13881791.0
2024-12-19 00:00:00+00:00,21559010.0,-198587739.0,-23947706.0
2024-12-20 00:00:00+00:00,-47027778.0,100443137.0,-12052585.0
2024-12-21 00:00:00+00:00,-418365020.0,321355302.0,-60094777.0
2024-12-22 00:00:00+00:00,-291266584.0,180443717.0,2219805.0
2024-12-23 00:00:00+00:00,-24545716.0,72857811.0,-35367929.0
2024-12-24 00:00:00+00:00,-352109119.0,16828083.0,17101633.0
2024-12-25 00:00:00+00:00,-72180719.0,19471785.0,11828458.0
2024-12-26 00:00:00+00:00,3899639.0,50189009.0,28327072.0
2024-12-27 00:00:00+00:00,13777395.0,372326007.0,11161729.0
2024-12-28 00:00:00+00:00,-152309926.0,55730065.0,-30953388.0
2024-12-29 00:00:00+00:00,-284270435.0,107799416.0,-795967.0
2024-12-30 00:00:00+00:00,-52000001.0,-2476372.0,-116806808.0
2024-12-31 00:00:00+00:00,-1147922810.0,190417532.0,89659185.0
2025-01-01 00:00:00+00:00,-362489790.0,111359106.0,-40367840.0
2025-01-02 00:00:00+00:00,-184263701.0,-248667472.0,-86194703.0
2025-01-03 00:00:00+00:00,0.0,749989888.0,114700455.0
2025-01-04 00:00:00+00:00,5569431.0,916034749.0,43437500.0
2025-01-05 00:00:00+00:00,-5030786.0,176001745.0,9265729.0
2025-01-06 00:00:00+00:00,-3.0,41201272.0,12293894.0
2025-01-07 00:00:00+00:00,322893614.0,194964839.0,17690904.0
2025-01-08 00:00:00+00:00,-162836923.0,-283002581.0,-41520825.0
2025-01-09 00:00:00+00:00,219658806.0,-184043192.0,-6449853.0
2025-01-10 00:00:00+00:00,-155054464.0,129206241.0,19245131.0
2025-01-11 00:00:00+00:00,-3236018.0,320370369.0,-31309856.0
2025-01-12 00:00:00+00:00,-35870243.0,3543769.0,-15725642.0
2025-01-13 00:00:00+00:00,42664054.0,-5230246.0,73286564.0
2025-01-14 00:00:00+00:00,-208941974.0,-129194468.0,24508989.0
2025-01-15 00:00:00+00:00,-1.0,119842529.0,10337748.0
2025-01-16 00:00:00+00:00,209787363.0,511118350.0,152013674.0
2025-01-17 00:00:00+00:00,10149849.0,207233669.0,-50400667.0
2025-01-18 00:00:00+00:00,807296338.0,962169472.0,93567096.0
2025-01-19 00:00:00+00:00,77798900.0,113938118.0,-55435371.0
2025-01-20 00:00:00+00:00,12499967.0,696033819.0,-68324356.0
2025-01-21 00:00:00+00:00,61321898.0,-50276854.0,10794433.0
2025-01-22 00:00:00+00:00,89666551.0,2695410398.0,39610364.0
2025-01-23 00:00:00+00:00,304022972.0,683479214.0,14061003.0
2025-01-24 00:00:00+00:00,81329669.0,406382832.0,6868280.0
2025-01-25 00:00:00+00:00,551156632.0,218965372.0,38564031.0
2025-01-26 00:00:00+00:00,-930878.0,-52803546.0,13959751.0
2025-01-27 00:00:00+00:00,5175180.0,-38988102.0,-603005.0
2025-01-28 00:00:00+00:00,122306864.0,266971431.0,-90723942.0
2025-01-29 00:00:00+00:00,11399997.0,158766519.0,45059542.0
2025-01-30 00:00:00+00:00,56999988.0,63410242.0,27893926.0
2025-01-31 00:00:00+00:00,21899996.0,559490588.0,-5071268.0
2025-02-01 00:00:00+00:00,-23511931.0,168054166.0,-23547897.0
2025-02-02 00:00:00+00:00,99996.0,-2490167.0,-31172564.0
2025-02-03 00:00:00+00:00,-5000002.0,37453861.0,-65091536.0
2025-02-04 00:00:00+00:00,-41760001.0,1130689267.0,-32860112.0
2025-02-05 00:00:00+00:00,1346643604.0,533073448.0,-9368119.0
2025-02-06 00:00:00+00:00,587639289.0,334365228.0,-1756422.0
2025-02-07 00:00:00+00:00,-41568383.0,359730451.0,35919599.0
2025-02-08 00:00:00+00:00,299420739.0,540994479.0,-6209286.0
2025-02-09 00:00:00+00:00,72519959.0,-228036251.0,-43617639.0
2025-02-10 00:00:00+00:00,-7501153.0,143901057.0,-15261495.0
2025-02-11 00:00:00+00:00,149870469.0,-12352193.0,-17491696.0
2025-02-12 00:00:00+00:00,-74900081.0,-60892618.0,20104192.0
2025-02-13 00:00:00+00:00,150718827.0,-38511069.0,13096209.0
2025-02-14 00:00:00+00:00,-191330338.0,59368429.0,39997398.0
2025-02-15 00:00:00+00:00,187986940.0,294937925.0,24124274.0
2025-02-16 00:00:00+00:00,-1481054.0,30686180.0,35957575.0
2025-02-17 00:00:00+00:00,0.0,54848638.0,302177.0
2025-02-18 00:00:00+00:00,-163120522.0,1727020.0,17745445.0
2025-02-19 00:00:00+00:00,-166950450.0,-243237239.0,10242621.0
2025-02-20 00:00:00+00:00,600339188.0,-29863018.0,40519036.0
2025-02-21 00:00:00+00:00,160999550.0,2416415.0,54941095.0
2025-02-22 00:00:00+00:00,107773235.0,980736806.0,-118774919.0
2025-02-23 00:00:00+00:00,-7.0,-98990929.0,47985497.0
2025-02-24 00:00:00+00:00,-77000011.0,109570538.0,28573244.0
2025-02-25 00:00:00+00:00,-62070611.0,-626534685.0,-74570612.0
2025-02-26 00:00:00+00:00,-273531083.0,-285468656.0,-219711679.0
2025-02-27 00:00:00+00:00,-117331040.0,-224938343.0,-104212270.0
2025-02-28 00:00:00+00:00,192975991.0,-426081126.0,-11961411.0
2025-03-01 00:00:00+00:00,24832395.0,794399250.0,55015023.0
2025-03-02 00:00:00+00:00,107999993.0,-8034001.0,13335071.0
2025-03-03 00:00:00+00:00,60499972.0,13828724.0,38873967.0
2025-03-04 00:00:00+00:00,72763492.0,-221567604.0,-3787762.0
2025-03-05 00:00:00+00:00,-13290097.0,319657045.0,13226210.0
2025-03-06 00:00:00+00:00,223023213.0,710424689.0,1995706.0
2025-03-07 00:00:00+00:00,81376117.0,8477420.0,10759058.0
2025-03-08 00:00:00+00:00,59299982.0,893392048.0,-15661088.0
2025-03-09 00:00:00+00:00,49999982.0,-40934122.0,-3362705.0
2025-03-10 00:00:00+00:00,-2.0,-16327059.0,-11461068.0
2025-03-11 00:00:00+00:00,55973234.0,-232723343.0,-111212453.0
2025-03-12 00:00:00+00:00,221755263.0,229134961.0,-59436675.0
2025-03-13 00:00:00+00:00,188611456.0,340607162.0,5517728.0
2025-03-14 00:00:00+00:00,1511172.0,-41160409.0,-37420588.0
2025-03-15 00:00:00+00:00,88080822.0,251086549.0,19957154.0
2025-03-16 00:00:00+00:00,-4.0,96731178.0,18502101.0
2025-03-17 00:00:00+00:00,-15.0,-63301739.0,3307266.0
2025-03-18 00:00:00+00:00,250855376.0,151041364.0,2771920.0
2025-03-19 00:00:00+00:00,13026458.0,26854252.0,12492516.0
2025-03-20 00:00:00+00:00,174600861.0,371699682.0,21320883.0
2025-03-21 00:00:00+00:00,-338800022.0,137974941.0,-41194641.0
2025-03-22 00:00:00+00:00,257276775.0,294501257.0,-59513935.0
2025-03-23 00:00:00+00:00,30299698.0,-61989098.0,-512835.0
2025-03-24 00:00:00+00:00,-3.0,142520940.0,18262483.0
2025-03-25 00:00:00+00:00,235829994.0,31717678.0,136602814.0
2025-03-26 00:00:00+00:00,238023126.0,349457438.0,-8531538.0
2025-03-27 00:00:00+00:00,178959520.0,59708523.0,9807000.0
2025-03-28 00:00:00+00:00,17250999.0,41398423.0,-26438051.0
2025-03-29 00:00:00+00:00,-385340001.0,29768269.0,-150131500.0
2025-03-30 00:00:00+00:00,-12.0,48528503.0,9945197.0
2025-03-31 00:00:00+00:00,140537185.0,-36719663.0,1415089.0
2025-04-01 00:00:00+00:00,85433217.0,-123117774.0,45331047.0
2025-04-02 00:00:00+00:00,21301454.0,-11731246.0,30633058.0
2025-04-03 00:00:00+00:00,57999999.0,544239485.0,-60969822.0
2025-04-04 00:00:00+00:00,-30900965.0,182056452.0,-2323847.0
2025-04-05 00:00:00+00:00,-5190303.0,-296915397.0,-45152622.0
2025-04-06 00:00:00+00:00,-9000014.0,28593129.0,27151723.0
2025-04-07 00:00:00+00:00,-200000001.0,-222333378.0,-15976945.0
2025-04-08 00:00:00+00:00,319598900.0,-157003380.0,-23376291.0
2025-04-09 00:00:00+00:00,-187693230.0,-89086732.0,-64436099.0
2025-04-10 00:00:00+00:00,353610358.0,-145649712.0,-4157779.0
2025-04-11 00:00:00+00:00,-203421792.0,-22643148.0,-27386476.0
2025-04-12 00:00:00+00:00,106099999.0,125397986.0,-30570097.0
2025-04-13 00:00:00+00:00,238600000.0,-6910567.0,14462915.0
2025-04-14 00:00:00+00:00,-195781626.0,-44768749.0,673397.0
2025-04-15 00:00:00+00:00,-11937960.0,228477087.0,9935124.0
2025-04-16 00:00:00+00:00,242834801.0,159926686.0,33080440.0
2025-04-17 00:00:00+00:00,180594848.0,139026202.0,17601384.0
2025-04-18 00:00:00+00:00,-8474456.0,363636292.0,-3370893.0
2025-04-19 00:00:00+00:00,-367767999.0,-15748120.0,-59752249.0
2025-04-20 00:00:00+00:00,181359134.0,-1111727.0,22759538.0
2025-04-21 00:00:00+00:00,-12025653.0,-4374587.0,3540072.0
2025-04-22 00:00:00+00:00,50329580.0,50591956.0,28226822.0
2025-04-23 00:00:00+00:00,516871452.0,816438750.0,71077039.0
2025-04-24 00:00:00+00:00,373083642.0,165579094.0,-8828967.0
2025-04-25 00:00:00+00:00,436048076.0,307873726.0,10357204.0
2025-04-26 00:00:00+00:00,242299996.0,180210051.0,19282301.0
2025-04-27 00:00:00+00:00,871997536.0,-129003321.0,3734383.0
2025-04-28 00:00:00+00:00,195249973.0,-179040132.0,5594357.0
2025-04-29 00:00:00+00:00,721198029.0,-46439943.0,-41122323.0
2025-04-30 00:00:00+00:00,293789100.0,-21944548.0,5609441.0
2025-05-01 00:00:00+00:00,427597016.0,-512625084.0,1726929.0
2025-05-02 00:00:00+00:00,106959979.0,51875331.0,-14010876.0
2025-05-03 00:00:00+00:00,271743541.0,12529711.0,404846.0
2025-05-04 00:00:00+00:00,269999982.0,-26749881.0,6429429.0
2025-05-05 00:00:00+00:00,5200000.0,-29622468.0,25374665.0
2025-05-06 00:00:00+00:00,-160800014.0,243622465.0,-22238591.0
2025-05-07 00:00:00+00:00,280612884.0,-822195611.0,41801598.0
2025-05-08 00:00:00+00:00,75112888.0,-41290131.0,10727433.0
2025-05-09 00:00:00+00:00,168856013.0,-18749383.0,66097374.0
2025-05-10 00:00:00+00:00,42799995.0,-199566225.0,105665424.0
2025-05-11 00:00:00+00:00,121066556.0,124105784.0,35396158.0
2025-05-12 00:00:00+00:00,100999999.0,-18796311.0,66460566.0
2025-05-13 00:00:00+00:00,47564539.0,-407069764.0,40405439.0
2025-05-14 00:00:00+00:00,263298790.0,-261791274.0,36501711.0
2025-05-15 00:00:00+00:00,407104673.0,8463563.0,5945380.0
2025-05-16 00:00:00+00:00,411984297.0,-58176790.0,-5300807.0
2025-05-17 00:00:00+00:00,56450000.0,371700323.0,-3551195.0
2025-05-18 00:00:00+00:00,99391754.0,-54276301.0,-3958106.0
2025-05-19 00:00:00+00:00,149999969.0,-51716023.0,-8679347.0
2025-05-20 00:00:00+00:00,235263866.0,-318378043.0,-4247085.0
2025-05-21 00:00:00+00:00,186700358.0,42732849.0,26050759.0
2025-05-22 00:00:00+00:00,336161433.0,674753022.0,13966722.0
2025-05-23 00:00:00+00:00,321541694.0,124648113.0,115042217.0
2025-05-24 00:00:00+00:00,202775341.0,410141471.0,-139716821.0
2025-05-25 00:00:00+00:00,30714632.0,34059508.0,10097165.0
2025-05-26 00:00:00+00:00,-1.0,-51320128.0,-2565795.0
2025-05-27 00:00:00+00:00,-28523358.0,-107412418.0,-5421504.0
2025-05-28 00:00:00+00:00,208987521.0,-241392325.0,19261276.0
2025-05-29 00:00:00+00:00,45696300.0,-101011240.0,42206742.0
2025-05-30 00:00:00+00:00,101532650.0,-204640317.0,131825532.0
2025-05-31 00:00:00+00:00,-33490003.0,15755761.0,4458817.0
2025-06-01 00:00:00+00:00,64932314.0,-54620500.0,72908523.0
2025-06-02 00:00:00+00:00,39743818.0,-62417327.0,-24359358.0
2025-06-03 00:00:00+00:00,154863236.0,168924373.0,-443881934.0
2025-06-04 00:00:00+00:00,369754110.0,267883512.0,58322256.0
2025-06-05 00:00:00+00:00,200280709.0,184992945.0,-52363437.0
2025-06-06 00:00:00+00:00,118317018.0,-541324465.0,2523768.0
2025-06-07 00:00:00+00:00,508283330.0,77725640.0,34350117.0
2025-06-08 00:00:00+00:00,292500000.0,-9087294.0,-7726551.0
2025-06-09 00:00:00+00:00,39.0,-5078146.0,2777712.0
2025-06-10 00:00:00+00:00,607785060.0,-49291169.0,23420935.0
2025-06-11 00:00:00+00:00,-345196933.0,22115518.0,30269288.0
2025-06-12 00:00:00+00:00,360962823.0,198634358.0,36014698.0
2025-06-13 00:00:00+00:00,3299000.0,-83863043.0,-32942071.0
2025-06-14 00:00:00+00:00,277160302.0,630211190.0,-35050546.0
2025-06-15 00:00:00+00:00,-22800001.0,-51655954.0,-7733376.0
2025-06-16 00:00:00+00:00,-26176382.0,5153124.0,-6205079.0
2025-06-17 00:00:00+00:00,87809311.0,-127244464.0,1926644.0
2025-06-18 00:00:00+00:00,47082240.0,-100444146.0,184704384.0
2025-06-19 00:00:00+00:00,96499999.0,114149249.0,67896707.0
2025-06-20 00:00:00+00:00,180322776.0,-156074988.0,-131681895.0
2025-06-21 00:00:00+00:00,14439339.0,-232082337.0,-29813845.0
2025-06-22 00:00:00+00:00,-88500008.0,76190362.0,1156156.0
2025-06-23 00:00:00+00:00,150368520.0,-39081678.0,-2599378.0
2025-06-24 00:00:00+00:00,-841752282.0,478092943.0,-84190275.0
2025-06-25 00:00:00+00:00,1485630128.0,262802760.0,-6295497.0
2025-06-26 00:00:00+00:00,522883846.0,-139114398.0,-27926241.0
2025-06-27 00:00:00+00:00,349509853.0,-82345491.0,-1346976.0
2025-06-28 00:00:00+00:00,37061396.0,29601027.0,-5724954.0
2025-06-29 00:00:00+00:00,140201069.0,0.0,-4267241.0
2025-06-30 00:00:00+00:00,76699998.0,-68562614.0,-30970948.0
2025-07-01 00:00:00+00:00,233299999.0,-107332934.0,-9833437.0
2025-07-02 00:00:00+00:00,-59070599.0,97009126.0,-9777336.0
2025-07-03 00:00:00+00:00,460178944.0,137938967.0,8169056.0
2025-07-04 00:00:00+00:00,150465317.0,459312138.0,6019090.0
2025-07-05 00:00:00+00:00,173091789.0,-114776777.0,36447237.0
2025-07-06 00:00:00+00:00,-6.0,35720690.0,-5242645.0
2025-07-07 00:00:00+00:00,-14926903.0,65749007.0,4805652.0
2025-07-08 00:00:00+00:00,56853023.0,-227700418.0,-22265582.0
2025-07-09 00:00:00+00:00,-65000001.0,-18656944.0,10596661.0
2025-07-10 00:00:00+00:00,239934329.0,390204732.0,17488036.0
2025-07-11 00:00:00+00:00,299219603.0,502098732.0,8848031.0
2025-07-12 00:00:00+00:00,155219180.0,562286148.0,-15439735.0
2025-07-13 00:00:00+00:00,244302574.0,167915845.0,-15782281.0
2025-07-14 00:00:00+00:00,-1.0,138645650.0,10473225.0
2025-07-15 00:00:00+00:00,151399997.0,-274195332.0,-1781838.0
2025-07-16 00:00:00+00:00,123329319.0,-1048622377.0,4871574.0
2025-07-17 00:00:00+00:00,1370300093.0,1029912351.0,24215387.0
2025-07-18 00:00:00+00:00,-569303040.0,937553519.0,12525192.0
2025-07-19 00:00:00+00:00,513495008.0,295533543.0,24889087.0
2025-07-20 00:00:00+00:00,376191437.0,-170488953.0,-15730993.0
2025-07-21 00:00:00+00:00,171814146.0,-125414452.0,-14244998.0
2025-07-22 00:00:00+00:00,323880692.0,365609759.0,5658824.0
2025-07-23 00:00:00+00:00,168192659.0,45643071.0,-5487100.0
2025-07-24 00:00:00+00:00,185198502.0,-132585682.0,177309.0
2025-07-25 00:00:00+00:00,701623550.0,465778730.0,-15375886.0
2025-07-26 00:00:00+00:00,-1999512.0,-791210820.0,-9216071.0
2025-07-27 00:00:00+00:00,528899289.0,-51346594.0,42055637.0
2025-07-28 00:00:00+00:00,-3.0,-860048.0,-3474401.0
2025-07-29 00:00:00+00:00,-177647910.0,-325088563.0,-2973151.0
2025-07-30 00:00:00+00:00,112034672.0,-70127332.0,-15958115.0
2025-07-31 00:00:00+00:00,208695659.0,116207187.0,-2793396.0
2025-08-01 00:00:00+00:00,105551559.0,163323224.0,-8788426.0
2025-08-02 00:00:00+00:00,78728643.0,150931758.0,-30461332.0
2025-08-03 00:00:00+00:00,-6206844.0,-118903832.0,-4992.0
2025-08-04 00:00:00+00:00,-24000002.0,-24021093.0,24223129.0
2025-08-05 00:00:00+00:00,-11444082.0,266866483.0,2058128.0
2025-08-06 00:00:00+00:00,25901615.0,182853660.0,-5781675.0
2025-08-07 00:00:00+00:00,-227082715.0,62377780.0,-10267490.0
2025-08-08 00:00:00+00:00,664655220.0,136874304.0,45090630.0
2025-08-09 00:00:00+00:00,-133074192.0,552483324.0,13545812.0
2025-08-10 00:00:00+00:00,206989987.0,1697074.0,17020578.0
2025-08-11 00:00:00+00:00,-699060659.0,-92318448.0,4202330.0
2025-08-12 00:00:00+00:00,306199997.0,264096084.0,62983812.0
2025-08-13 00:00:00+00:00,-289336954.0,962530560.0,-12514389.0
2025-08-14 00:00:00+00:00,508973119.0,602692569.0,59698580.0
2025-08-15 00:00:00+00:00,1063400012.0,744506006.0,109107149.0
2025-08-16 00:00:00+00:00,177726634.0,379801130.0,7631632.0
2025-08-17 00:00:00+00:00,0.0,0.0,0.0
2025-08-18 00:00:00+00:00,678477161.0,-21850488.0,74516282.0
2025-08-19 00:00:00+00:00,161136070.0,-33833410.0,1390596.0
2025-08-20 00:00:00+00:00,103230614.0,-405193024.0,157664404.0
2025-08-21 00:00:00+00:00,0.0,0.0,0.0
2025-08-22 00:00:00+00:00,-349360175.0,-794459904.0,-70631838.0
2025-08-23 00:00:00+00:00,0.0,0.0,0.0
2025-08-24 00:00:00+00:00,179670310.0,496380847.0,84640424.0
2025-08-25 00:00:00+00:00,119999999.0,-78985078.0,65571132.0
2025-08-26 00:00:00+00:00,16795752.0,1634535457.0,189825799.0
2025-08-27 00:00:00+00:00,-21000001.0,90690144.0,-33789030.0
2025-08-28 00:00:00+00:00,166592499.0,304592574.0,100856559.0
2025-08-29 00:00:00+00:00,1045576767.0,1268253971.0,69732694.0
2025-08-30 00:00:00+00:00,-829130807.0,981634807.0,-38445770.0
2025-08-31 00:00:00+00:00,405578355.0,-31198991.0,-46504221.0
2025-09-01 00:00:00+00:00,-45527876.0,708010732.0,-47251281.0
2025-09-02 00:00:00+00:00,21441271.0,-188563175.0,57154412.0
2025-09-03 00:00:00+00:00,-1110100015.0,245228604.0,-23146440.0
2025-09-04 00:00:00+00:00,1413664084.0,174690746.0,-17887119.0
2025-09-05 00:00:00+00:00,2300756292.0,-43254573.0,-23294569.0
2025-09-06 00:00:00+00:00,-1761100021.0,-2198337.0,-37923425.0
2025-09-07 00:00:00+00:00,-1.0,-29575357.0,-67612881.0
2025-09-08 00:00:00+00:00,-3.0,-61160729.0,-6169858.0
2025-09-09 00:00:00+00:00,52279160.0,40735208.0,-44740699.0
2025-09-10 00:00:00+00:00,171199998.0,101462463.0,5390575.0
2025-09-11 00:00:00+00:00,362599991.0,-365937321.0,-3943919.0
2025-09-12 00:00:00+00:00,102198473.0,107612075.0,10322657.0
2025-09-13 00:00:00+00:00,589093339.0,566936586.0,58935804.0
2025-09-14 00:00:00+00:00,262416718.0,189791065.0,64560470.0
2025-09-15 00:00:00+00:00,-185882562.0,14795316.0,3521588.0
2025-09-16 00:00:00+00:00,445958717.0,-36277500.0,-8941065.0
2025-09-17 00:00:00+00:00,278827505.0,443215675.0,8947566.0
2025-09-18 00:00:00+00:00,316903819.0,-35007708.0,-10908473.0
2025-09-19 00:00:00+00:00,174940247.0,838244567.0,916394.0
2025-09-20 00:00:00+00:00,623600784.0,-252430835.0,15409026.0
2025-09-21 00:00:00+00:00,260000000.0,-183724156.0,35067535.0
2025-09-22 00:00:00+00:00,-307757260.0,68238762.0,55425408.0
2025-09-23 00:00:00+00:00,716117401.0,117793823.0,-9235766.0
2025-09-24 00:00:00+00:00,320925897.0,-138278669.0,-13327727.0
2025-09-25 00:00:00+00:00,327580913.0,107581977.0,4452317.0
2025-09-26 00:00:00+00:00,67946693.0,-22730636.0,191386573.0
2025-09-27 00:00:00+00:00,764284591.0,-192624586.0,-273278031.0
2025-09-28 00:00:00+00:00,208425423.0,-78221316.0,-22478672.0
2025-09-29 00:00:00+00:00,-41126001.0,-88985748.0,11951178.0
2025-09-30 00:00:00+00:00,256914093.0,-133053630.0,-11300057.0
2025-10-01 00:00:00+00:00,282698230.0,428683840.0,-3448945.0
2025-10-02 00:00:00+00:00,590533229.0,134558695.0,-6319303.0
2025-10-03 00:00:00+00:00,685599989.0,321694992.0,-52756926.0
2025-10-04 00:00:00+00:00,464602548.0,1084284457.0,33157744.0
2025-10-05 00:00:00+00:00,378223452.0,-77667808.0,-5753001.0
2025-10-06 00:00:00+00:00,-117243348.0,-193494264.0,-15290285.0
2025-10-07 00:00:00+00:00,506820470.0,236342160.0,-16659348.0
2025-10-08 00:00:00+00:00,493957543.0,192836305.0,1589126.0
2025-10-09 00:00:00+00:00,168499999.0,-30689544.0,10302502.0
2025-10-10 00:00:00+00:00,-631100447.0,20460520.0,55503067.0
2025-10-11 00:00:00+00:00,1631221270.0,-549283361.0,20618824.0
2025-10-12 00:00:00+00:00,818293171.0,355163639.0,9404171.0
2025-10-13 00:00:00+00:00,124379999.0,144872350.0,-46899088.0
2025-10-14 00:00:00+00:00,133096621.0,69020054.0,-63386818.0
2025-10-15 00:00:00+00:00,451009816.0,509458677.0,9462448.0
2025-10-16 00:00:00+00:00,720353667.0,-180310058.0,30065454.0
2025-10-17 00:00:00+00:00,119899997.0,1350804.0,18289750.0
2025-10-18 00:00:00+00:00,213653520.0,47392828.0,-13136456.0
2025-10-19 00:00:00+00:00,205999737.0,-87323301.0,31293194.0
2025-10-20 00:00:00+00:00,1540061.0,-28257538.0,23516708.0
2025-10-21 00:00:00+00:00,191745652.0,211263630.0,41393178.0
2025-10-22 00:00:00+00:00,507299997.0,481610933.0,-33439331.0
2025-10-23 00:00:00+00:00,-65766401.0,-252225268.0,31996029.0
2025-10-24 00:00:00+00:00,257515638.0,-16857819.0,5135569.0
2025-10-25 00:00:00+00:00,309579242.0,-40483492.0,3825768.0
2025-10-26 00:00:00+00:00,-4233339.0,-112231259.0,9669803.0
2025-10-27 00:00:00+00:00,102286934.0,-52338188.0,-28029810.0
2025-10-28 00:00:00+00:00,58017661.0,-144535147.0,-3108272.0
2025-10-29 00:00:00+00:00,227899991.0,80150229.0,2618672.0
2025-10-30 00:00:00+00:00,-53930945.0,71528481.0,-256115852.0
2025-10-31 00:00:00+00:00,-1579731.0,-277425890.0,254081266.0
2025-11-01 00:00:00+00:00,53663685.0,-39180848.0,-26539743.0
2025-11-02 00:00:00+00:00,59999999.0,-26110881.0,-11431379.0
2025-11-03 00:00:00+00:00,89995000.0,-159602315.0,28744468.0
2025-11-04 00:00:00+00:00,-5000004.0,-360896062.0,28353641.0
2025-11-05 00:00:00+00:00,-227791931.0,-325345673.0,-40213538.0
2025-11-06 00:00:00+00:00,190063857.0,152398529.0,-57287438.0
2025-11-07 00:00:00+00:00,-102880654.0,117754239.0,-48832360.0
2025-11-08 00:00:00+00:00,215352630.0,493357420.0,-125154938.0
2025-11-09 00:00:00+00:00,-192941564.0,-152161071.0,8913051.0
2025-11-10 00:00:00+00:00,-24.0,16154806.0,-10581168.0
2025-11-11 00:00:00+00:00,27470634.0,269845582.0,41605806.0
2025-11-12 00:00:00+00:00,87112482.0,-34808148.0,-19225649.0
2025-11-13 00:00:00+00:00,609247447.0,-24502339.0,-6533972.0
2025-11-14 00:00:00+00:00,-129100006.0,-449676373.0,-16708998.0
2025-11-15 00:00:00+00:00,-40896518.0,-526092470.0,-17484279.0
2025-11-16 00:00:00+00:00,23749997.0,-126378559.0,600894.0
2025-11-17 00:00:00+00:00,-7500426.0,-41825701.0,-8301740.0
2025-11-18 00:00:00+00:00,-9900014.0,8344997.0,-7393016.0
2025-11-19 00:00:00+00:00,-144966356.0,25385345.0,19026132.0
2025-11-20 00:00:00+00:00,9244747.0,-251384329.0,-36730104.0
2025-11-21 00:00:00+00:00,889561037.0,-797429830.0,-4183318.0
2025-11-22 00:00:00+00:00,-201808996.0,260816755.0,-86276210.0
2025-11-23 00:00:00+00:00,7398783.0,-7368635.0,-10058126.0
2025-11-24 00:00:00+00:00,-189558007.0,-63311695.0,16490089.0
2025-11-25 00:00:00+00:00,146722554.0,790423262.0,15726590.0
2025-11-26 00:00:00+00:00,-13431833.0,453808677.0,20043703.0
2025-11-27 00:00:00+00:00,32754153.0,738479317.0,11120459.0
2025-11-28 00:00:00+00:00,299835.0,228542196.0,-11457297.0
2025-11-29 00:00:00+00:00,50327734.0,501177985.0,-3653697.0
2025-11-30 00:00:00+00:00,-12000042.0,29143457.0,-16453172.0
2025-12-01 00:00:00+00:00,-2.0,-149034827.0,197168.0
2025-12-02 00:00:00+00:00,-18617785.0,889724662.0,-63833960.0
2025-12-03 00:00:00+00:00,101594708.0,374862324.0,-15312083.0
2025-12-04 00:00:00+00:00,614107527.0,197790991.0,-25043651.0
2025-12-05 00:00:00+00:00,213987253.0,51885388.0,-3289128.0
2025-12-06 00:00:00+00:00,181891640.0,195641173.0,-8863447.0
2025-12-07 00:00:00+00:00,-65968115.0,-40611091.0,-4834838.0
2025-12-08 00:00:00+00:00,15110507.0,-20247464.0,3997020.0
2025-12-09 00:00:00+00:00,73595950.0,377062131.0,-9667262.0
2025-12-10 00:00:00+00:00,471315771.0,-42806745.0,23412202.0
2025-12-11 00:00:00+00:00,-80134567.0,89363652.0,-9688197.0
2025-12-12 00:00:00+00:00,38745586.0,382446299.0,-14075629.0
2025-12-13 00:00:00+00:00,102947711.0,-143462370.0,12520555.0
2025-12-14 00:00:00+00:00,-2500000.0,-68639491.0,-39033.0
2025-12-15 00:00:00+00:00,-1.0,-44615200.0,10643620.0
2025-12-16 00:00:00+00:00,89999997.0,-102707841.0,-10917480.0
2025-12-17 00:00:00+00:00,-14789671.0,-42204259.0,-15299711.0
2025-12-18 00:00:00+00:00,-6500014.0,-182533835.0,-11403507.0
2025-12-19 00:00:00+00:00,-45320043.0,-642012843.0,-18755365.0
2025-12-20 00:00:00+00:00,119683368.0,-223906051.0,-16103518.0
2025-12-21 00:00:00+00:00,429999998.0,-44181407.0,-23945928.0
2025-12-22 00:00:00+00:00,-1.0,-44758571.0,7522643.0
2025-12-23 00:00:00+00:00,82579999.0,36043541.0,-11317679.0
2025-12-24 00:00:00+00:00,219822865.0,-224748577.0,-6369302.0
2025-12-25 00:00:00+00:00,-236607013.0,-278372648.0,-16282902.0
2025-12-26 00:00:00+00:00,-2166718.0,-87692831.0,13539691.0
2025-12-27 00:00:00+00:00,-9101021.0,-20904158.0,-12608547.0
2025-12-28 00:00:00+00:00,-52000002.0,-79978498.0,8226658.0
2025-12-29 00:00:00+00:00,-1.0,-102507474.0,-5946461.0
2025-12-30 00:00:00+00:00,502999988.0,-262413207.0,-13733098.0
2025-12-31 00:00:00+00:00,8116236.0,-3895337.0,-18402071.0
2026-01-01 00:00:00+00:00,-50161242.0,-691605370.0,-1035535.0
2026-01-02 00:00:00+00:00,-186394898.0,-179861335.0,-2748801.0
2026-01-03 00:00:00+00:00,139999997.0,156412018.0,1146253.0
2026-01-04 00:00:00+00:00,-131000000.0,17726142.0,1316549.0
2026-01-05 00:00:00+00:00,-3.0,68370462.0,1541489.0
2026-01-06 00:00:00+00:00,209700242.0,291711323.0,135398.0
2026-01-07 00:00:00+00:00,-225651246.0,-184555927.0,21976189.0
2026-01-08 00:00:00+00:00,988984.0,-412175066.0,-3499364.0
2026-01-09 00:00:00+00:00,-891000019.0,-146907930.0,-6178900.0
2026-01-10 00:00:00+00:00,762013234.0,-290617211.0,-730487.0
2026-01-11 00:00:00+00:00,105679999.0,-36284319.0,-169833.0
2026-01-12 00:00:00+00:00,-105680010.0,-37579790.0,25525823.0
2026-01-13 00:00:00+00:00,-33053818.0,-581462365.0,-5937644.0
2026-01-14 00:00:00+00:00,-84942021.0,901784833.0,93994201.0
2026-01-15 00:00:00+00:00,-31496372.0,808896726.0,65844185.0
2026-01-16 00:00:00+00:00,-111186338.0,933226814.0,-496855.0
2026-01-17 00:00:00+00:00,-18209473.0,498662836.0,-6822977.0
2026-01-18 00:00:00+00:00,-20.0,-88173017.0,2751760.0
2026-01-19 00:00:00+00:00,303419551.0,-263140334.0,6569588.0
2026-01-20 00:00:00+00:00,8111089.0,-331186077.0,-36671746.0
2026-01-21 00:00:00+00:00,13051333.0,-1940093839.0,-9453338.0
2026-01-22 00:00:00+00:00,-98785844.0,-270693867.0,-1613748.0
2026-01-23 00:00:00+00:00,4999999.0,-589673635.0,7848135.0
2026-01-24 00:00:00+00:00,-20969062.0,-699833239.0,-22330837.0
2026-01-25 00:00:00+00:00,-2.0,-377519126.0,-3808738.0
2026-01-26 00:00:00+00:00,-14907702.0,-176693322.0,-4334417.0
2026-01-27 00:00:00+00:00,-347323447.0,-350059582.0,7428702.0
2026-01-28 00:00:00+00:00,-110387158.0,-492647282.0,-28474204.0
2026-01-29 00:00:00+00:00,-94809145.0,-245920595.0,13113549.0
2026-01-30 00:00:00+00:00,-486179964.0,-1043676198.0,-13152421.0
2026-01-31 00:00:00+00:00,-239999901.0,-230012853.0,113175524.0
2026-02-01 00:00:00+00:00,-234675723.0,65679485.0,0.0
2026-02-02 00:00:00+00:00,56306329.0,251933349.0,0.0
2026-02-03 00:00:00+00:00,-98187163.0,377183414.0,0.0
2026-02-04 00:00:00+00:00,-138780511.0,145171338.0,0.0
2026-02-05 00:00:00+00:00,523649349.0,-73480054.0,0.0
2026-02-06 00:00:00+00:00,-424059398.0,-235557213.0,0.0
2026-02-07 00:00:00+00:00,-1678411923.0,2016714814.0,0.0
2026-02-08 00:00:00+00:00,-126500001.0,151065768.0,0.0
2026-02-09 00:00:00+00:00,1085930361.0,127779656.0,-2675.0
2026-02-10 00:00:00+00:00,-55060704.0,188962070.0,-286994811.0
2026-02-11 00:00:00+00:00,-124069074.0,177210407.0,1810808.0
2026-02-12 00:00:00+00:00,-372933317.0,141710670.0,-19215999.0
2026-02-13 00:00:00+00:00,-73502000.0,-97457627.0,-2189817.0
2026-02-14 00:00:00+00:00,-130622579.0,303605985.0,-19750500.0
2026-02-15 00:00:00+00:00,-4500001.0,16142367.0,5442178.0
2026-02-16 00:00:00+00:00,-34650000.0,127074947.0,-4214044.0
2026-02-17 00:00:00+00:00,-25922132.0,36832022.0,-1889853.0
2026-02-18 00:00:00+00:00,-10300002.0,-181197337.0,5956880.0
2026-02-19 00:00:00+00:00,284462.0,74781650.0,44402982.0
2026-02-20 00:00:00+00:00,-3134002.0,160407071.0,-6739529.0
2026-02-21 00:00:00+00:00,-1106800004.0,709608870.0,-7411829.0
2026-02-22 00:00:00+00:00,19999991.0,-96737162.0,-16126840.0
2026-02-23 00:00:00+00:00,972300000.0,61667637.0,3490257.0
2026-02-24 00:00:00+00:00,6659950.0,307142511.0,2838290.0
2026-02-25 00:00:00+00:00,22842998.0,218782227.0,4754709.0
2026-02-26 00:00:00+00:00,34299998.0,435459926.0,19496620.0
2026-02-27 00:00:00+00:00,-208368093.0,-89272940.0,-1269321.0
2026-02-28 00:00:00+00:00,117898217.0,-47024623.0,-27111688.0
2026-03-01 00:00:00+00:00,-84998247.0,-68195389.0,-2285332.0
2026-03-02 00:00:00+00:00,121294999.0,3569303.0,21474309.0
2026-03-03 00:00:00+00:00,43999999.0,697226168.0,27741086.0
2026-03-04 00:00:00+00:00,34803373.0,452666062.0,-6041548.0
2026-03-05 00:00:00+00:00,185849570.0,671748232.0,45752285.0
2026-03-06 00:00:00+00:00,133299406.0,158490804.0,12146364.0
2026-03-07 00:00:00+00:00,-61424799.0,182005248.0,-6737797.0
2026-03-08 00:00:00+00:00,-2.0,-90398651.0,15828361.0
2026-03-09 00:00:00+00:00,-60856958.0,-14347894.0,20347955.0
2026-03-10 00:00:00+00:00,215225916.0,968537213.0,-16631092.0
2026-03-11 00:00:00+00:00,-234632233.0,476494589.0,8349729.0
2026-03-12 00:00:00+00:00,69769127.0,69090487.0,-18968227.0
2026-03-13 00:00:00+00:00,30618786.0,139319914.0,13413176.0
2026-03-14 00:00:00+00:00,21797542.0,307788492.0,16247352.0
2026-03-15 00:00:00+00:00,19999998.0,-33354809.0,-302198153.0
2026-03-16 00:00:00+00:00,-1.0,-25389349.0,301133294.0
2026-03-17 00:00:00+00:00,38586193.0,110515692.0,3131216.0
2026-03-18 00:00:00+00:00,21198722.0,324715529.0,9661214.0
2026-03-19 00:00:00+00:00,-767057943.0,-212653875.0,1795630.0
2026-03-20 00:00:00+00:00,858242624.0,-150391562.0,12590889.0
2026-03-21 00:00:00+00:00,-1000001.0,-164078699.0,4471862.0
2026-03-22 00:00:00+00:00,48859761.0,-54255879.0,4851053.0
2026-03-23 00:00:00+00:00,-46200104.0,-28871489.0,-4377986.0
2026-03-24 00:00:00+00:00,-1610892.0,-326756572.0,-9030768.0
2026-03-25 00:00:00+00:00,45182073.0,13976208.0,-7215817.0
2026-03-26 00:00:00+00:00,-11964418.0,279601.0,12317970.0
2026-03-27 00:00:00+00:00,-1405239.0,-596375701.0,-3000670.0
2026-03-28 00:00:00+00:00,-18178013.0,-361674602.0,-7635377.0
2026-03-29 00:00:00+00:00,-2.0,-53056576.0,2172514.0
2026-03-30 00:00:00+00:00,-7.0,-77945251.0,22925377.0
2026-03-31 00:00:00+00:00,25027972.0,-227331108.0,28931845.0
2026-04-01 00:00:00+00:00,760170.0,-257458509.0,44897470.0
2026-04-02 00:00:00+00:00,-59116886.0,44245736.0,36586814.0
2026-04-03 00:00:00+00:00,-201556289.0,42279955.0,-5409149.0
2026-04-04 00:00:00+00:00,202389111.0,274389358.0,5990105.0
2026-04-05 00:00:00+00:00,-13000002.0,-32247676.0,10284621.0
2026-04-06 00:00:00+00:00,-1.0,45819769.0,211451.0
2026-04-07 00:00:00+00:00,-45315278.0,303374671.0,18551895.0
2026-04-08 00:00:00+00:00,511800009.0,4437994.0,-21308047.0
2026-04-09 00:00:00+00:00,-506782359.0,383409698.0,-34997376.0
2026-04-10 00:00:00+00:00,38889110.0,163577612.0,786730.0
2026-04-11 00:00:00+00:00,132820376.0,419493985.0,3784920.0
2026-04-12 00:00:00+00:00,89999998.0,-29884725.0,2774879.0
2026-04-13 00:00:00+00:00,63426998.0,-55188156.0,-16960012.0
2026-04-14 00:00:00+00:00,312311328.0,36653762.0,-30576105.0
2026-04-15 00:00:00+00:00,728720442.0,145694652.0,-13984892.0
2026-04-16 00:00:00+00:00,6399991.0,-235292622.0,-28053309.0
2026-04-17 00:00:00+00:00,325049589.0,152542444.0,10528524.0
2026-04-18 00:00:00+00:00,803336053.0,-144996194.0,10837690.0
2026-04-19 00:00:00+00:00,259999999.0,-50216706.0,-6035044.0
2026-04-20 00:00:00+00:00,350499958.0,-310310300.0,19553690.0
2026-04-21 00:00:00+00:00,693342300.0,73064219.0,34804204.0
2026-04-22 00:00:00+00:00,867669805.0,17710887.0,27295191.0
2026-04-23 00:00:00+00:00,22294599.0,47206244.0,-8999402.0
2026-04-24 00:00:00+00:00,859365239.0,-293785329.0,-6709720.0
2026-04-25 00:00:00+00:00,2852238.0,-236517102.0,-2295768.0
2026-04-26 00:00:00+00:00,126459917.0,-65956126.0,7348924.0
2026-04-27 00:00:00+00:00,-30000018.0,60747879.0,4178834.0
2026-04-28 00:00:00+00:00,-31689466.0,-148763190.0,-15750905.0
2026-04-29 00:00:00+00:00,-39400505.0,-129052018.0,1784964.0
2026-04-30 00:00:00+00:00,-93381080.0,-250708584.0,-6610023.0
2026-05-01 00:00:00+00:00,-25625157.0,-84545416.0,-8276937.0
2026-05-02 00:00:00+00:00,13700027.0,86317438.0,-11408961.0
2026-05-03 00:00:00+00:00,-178.0,-8762607.0,-12626767.0
2026-05-04 00:00:00+00:00,-1.0,12355746.0,8908051.0
2026-05-05 00:00:00+00:00,-13655982.0,562416142.0,-13692977.0
2026-05-06 00:00:00+00:00,-399568.0,363391451.0,12474135.0
2026-05-07 00:00:00+00:00,76913620.0,90677184.0,13435930.0
2026-05-08 00:00:00+00:00,64063882.0,86342026.0,1167894.0
2026-05-09 00:00:00+00:00,-23550830.0,-439166031.0,20566805.0
2026-05-10 00:00:00+00:00,-20.0,-63485435.0,-5325239.0
2026-05-11 00:00:00+00:00,0.0,0.0,1662278.0
2026-05-12 00:00:00+00:00,138599100.0,-399584842.0,-17177567.0
2026-05-13 00:00:00+00:00,-13585037.0,-362804138.0,-18472937.0
2026-05-14 00:00:00+00:00,40877110.0,-324582775.0,-8934458.0
2026-05-15 00:00:00+00:00,421730.0,-136416699.0,12119378.0
2026-05-16 00:00:00+00:00,-33329706.0,339045388.0,-11534324.0
2026-05-17 00:00:00+00:00,-15300694.0,-23142215.0,-1182041.0
2026-05-18 00:00:00+00:00,6999990.0,-46612870.0,-6071082.0
2026-05-19 00:00:00+00:00,40187991.0,31687608.0,-9108615.0
2026-05-20 00:00:00+00:00,607923420.0,-649419441.0,-5521637.0
2026-05-21 00:00:00+00:00,-622029744.0,-90618328.0,-990248.0
2026-05-22 00:00:00+00:00,10500263.0,787169718.0,-16437833.0
2026-05-23 00:00:00+00:00,-132603069.0,-452949142.0,435284.0
2026-05-24 00:00:00+00:00,889103.0,-91451193.0,3537417.0
2026-05-25 00:00:00+00:00,-88000008.0,-37468885.0,7250237.0
2026-05-26 00:00:00+00:00,684946.0,133937769.0,5882150.0
2026-05-27 00:00:00+00:00,-51247630.0,-24513119.0,19262947.0
2026-05-28 00:00:00+00:00,-148689870.0,-133799207.0,-1325393.0
2026-05-29 00:00:00+00:00,-474500203.0,-187557252.0,-14786767.0
2026-05-30 00:00:00+00:00,-483676157.0,-184105633.0,-1936413.0
2026-05-31 00:00:00+00:00,-11.0,-195693552.0,-10200551.0
2026-06-01 00:00:00+00:00,-236500052.0,-18088915.0,1885064.0
2026-06-02 00:00:00+00:00,4778159.0,132089262.0,15538975.0
2026-06-03 00:00:00+00:00,-140206173.0,-8134.0,-10477902.0
2026-06-04 00:00:00+00:00,-579088704.0,108289448.0,-10966390.0
2026-06-05 00:00:00+00:00,-296010908.0,-361193848.0,-19467300.0
2026-06-06 00:00:00+00:00,94999996.0,-155334578.0,-43275433.0
2026-06-07 00:00:00+00:00,-364292388.0,-116445629.0,-17102615.0
2026-06-08 00:00:00+00:00,-1.0,268926649.0,-15829442.0
2026-06-09 00:00:00+00:00,-5081942.0,293793744.0,-39410693.0
2026-06-10 00:00:00+00:00,-4625980.0,-928762802.0,-23181542.0
2026-06-11 00:00:00+00:00,-17720879.0,-136200079.0,12982416.0
2026-06-12 00:00:00+00:00,-26700001.0,-76897965.0,-11748729.0
2026-06-13 00:00:00+00:00,-320574190.0,2024672.0,-7939697.0
2026-06-14 00:00:00+00:00,-8056000.0,-7181451.0,3342307.0
2026-06-15 00:00:00+00:00,-27500004.0,-53874684.0,544053.0
2026-06-16 00:00:00+00:00,-28460005.0,207482733.0,-1507427.0
2026-06-17 00:00:00+00:00,93455436.0,-66721610.0,-15448195.0
2026-06-18 00:00:00+00:00,-30143925.0,-184716633.0,-13522091.0
2026-06-19 00:00:00+00:00,-112534382.0,36859203.0,-2542070.0
2026-06-20 00:00:00+00:00,-34781929.0,90208590.0,4068334.0
2026-06-21 00:00:00+00:00,-2.0,-33346024.0,80809206.0
2026-06-22 00:00:00+00:00,0.0,18298897.0,3601836.0
2026-06-23 00:00:00+00:00,-101258395.0,-385985687.0,403520533.0
2026-06-24 00:00:00+00:00,1119878.0,-364574390.0,-8568980.0
2026-06-25 00:00:00+00:00,20899849.0,-347097615.0,4089278.0
2026-06-26 00:00:00+00:00,924065.0,-65224427.0,-22574523.0
2026-06-27 00:00:00+00:00,-1164950870.0,123343260.0,-1856194.0
2026-06-28 00:00:00+00:00,0.0,-11865892.0,-2025264.0
2026-06-29 00:00:00+00:00,-20000007.0,-66859178.0,-2920975.0
2026-06-30 00:00:00+00:00,-182467410.0,-42286104.0,5313246.0
2026-07-01 00:00:00+00:00,-322716827.0,-303865614.0,-3223834.0
2026-07-02 00:00:00+00:00,-6795313.0,-71508102.0,-4397293.0
2026-07-03 00:00:00+00:00,-371604620.0,-31506410.0,1584807.0
2026-07-04 00:00:00+00:00,-6440558.0,-264902544.0,9304074.0
2026-07-05 00:00:00+00:00,1099999.0,-37484425.0,-1694715.0
2026-07-06 00:00:00+00:00,49999999.0,-18024013.0,-2413494.0
2026-07-07 00:00:00+00:00,30419371.0,79031984.0,3226604.0
2026-07-08 00:00:00+00:00,-1213299055.0,268283076.0,4624447.0
2026-07-09 00:00:00+00:00,288348872.0,16862876.0,5447012.0
2026-07-10 00:00:00+00:00,867268744.0,28224974.0,12193684.0
2026-07-11 00:00:00+00:00,2461270.0,-26511965.0,2497173.0
2026-07-12 00:00:00+00:00,0.0,60925305.0,-10890156.0
2026-07-13 00:00:00+00:00,-9000003.0,65692205.0,-1813494.0
2026-07-14 00:00:00+00:00,89999998.0,-444805067.0,-3101544.0
2026-07-15 00:00:00+00:00,-38851292.0,79386776.0,11020791.0
2026-07-16 00:00:00+00:00,-117600001.0,2839813.0,-13536191.0
2026-07-17 00:00:00+00:00,-29439423.0,101678366.0,-5400321.0
2026-07-18 00:00:00+00:00,18605254.0,104782237.0,2167047.0
2026-07-19 00:00:00+00:00,-1.0,5589909.0,-3180800.0
2026-07-20 00:00:00+00:00,-1.0,-2043901.0,-4553397.0
2026-07-21 00:00:00+00:00,144046952.0,-63008232.0,-1558863.0
2026-07-22 00:00:00+00:00,-68000000.0,-6197463.0,4241773.0
2026-07-23 00:00:00+00:00,-6054010.0,1039289941.0,3110245.0
2026-07-24 00:00:00+00:00,-1062375444.0,-294376221.0,5632672.0
2026-07-25 00:00:00+00:00,1250902961.0,-412573976.0,-4199942.0
2026-07-26 00:00:00+00:00,249989.0,-81907161.0,276302.0
2026-07-27 00:00:00+00:00,-355445002.0,-104515530.0,4414039.0
2026-07-28 00:00:00+00:00,14145001.709991455,234089111.83999634,-53637191.430000305
