Date,USDT_Price_USD,USDC_Price_USD,DAI_Price_USD,USDT_Peg_Deviation_USD,USDT_Peg_Deviation_bps,USDC_Peg_Deviation_USD,USDC_Peg_Deviation_bps,DAI_Peg_Deviation_USD,DAI_Peg_Deviation_bps
2020-01-01 00:00:00+00:00,1.001223730959751,1.0032934427708033,1.0042582986591793,0.0012237309597509238,12.237309597509238,0.0032934427708033454,32.93442770803345,0.00425829865917926,42.582986591792604
2020-01-02 00:00:00+00:00,1.0012237307475726,1.003293443742237,1.0042583009836037,0.0012237307475726489,12.237307475726489,0.0032934437422369456,32.934437422369456,0.004258300983603691,42.58300983603691
2020-01-03 00:00:00+00:00,1.001223730966872,1.0032934427120763,1.0042583093887751,0.0012237309668718943,12.237309668718943,0.003293442712076322,32.93442712076322,0.004258309388775139,42.58309388775139
2020-01-04 00:00:00+00:00,1.0012237309876075,1.0032934427328934,1.0042583098561608,0.0012237309876075297,12.237309876075297,0.003293442732893448,32.934427328934476,0.004258309856160825,42.583098561608246
2020-01-05 00:00:00+00:00,1.001223730755791,1.0032934422938073,1.0042583126623879,0.0012237307557909638,12.237307557909638,0.003293442293807347,32.93442293807347,0.004258312662387853,42.58312662387853
2020-01-06 00:00:00+00:00,1.0012237308253706,1.0032934421373,1.0042583033622996,0.0012237308253706392,12.237308253706392,0.0032934421373000955,32.93442137300096,0.004258303362299598,42.583033622995984
2020-01-07 00:00:00+00:00,1.0012237308935148,1.0032934412977375,1.00425831071501,0.0012237308935147961,12.237308935147961,0.003293441297737454,32.934412977374535,0.0042583107150100385,42.58310715010039
2020-01-08 00:00:00+00:00,1.0012237308902154,1.0032934429118203,1.004258302527187,0.0012237308902154354,12.237308902154354,0.0032934429118203212,32.93442911820321,0.004258302527186952,42.58302527186952
2020-01-09 00:00:00+00:00,1.001223730929125,1.0032934434652976,1.0042582965321145,0.0012237309291249776,12.237309291249776,0.0032934434652975852,32.93443465297585,0.004258296532114514,42.58296532114514
2020-01-10 00:00:00+00:00,1.0012237307880283,1.0032934421552362,1.004258313161723,0.0012237307880282877,12.237307880282877,0.0032934421552361925,32.934421552361925,0.004258313161723093,42.58313161723093
2020-01-11 00:00:00+00:00,1.0012237310011043,1.0032934415289658,1.0042583155190485,0.001223731001104289,12.23731001104289,0.0032934415289658237,32.93441528965823,0.004258315519048539,42.583155190485385
2020-01-12 00:00:00+00:00,1.00122373091827,1.00329344235391,1.004258310304233,0.001223730918270105,12.23730918270105,0.0032934423539099367,32.93442353909937,0.0042583103042330706,42.583103042330706
2020-01-13 00:00:00+00:00,1.0012237307463816,1.0032934421868032,1.0042583040131003,0.0012237307463816016,12.237307463816016,0.003293442186803164,32.934421868031635,0.004258304013100345,42.58304013100344
2020-01-14 00:00:00+00:00,1.001223730745703,1.0032934417966646,1.0042583020497355,0.0012237307457030333,12.237307457030333,0.0032934417966645757,32.93441796664575,0.004258302049735541,42.583020497355406
2020-01-15 00:00:00+00:00,1.0012237309858356,1.0032934426382962,1.004258306251482,0.0012237309858356138,12.237309858356138,0.003293442638296229,32.934426382962286,0.004258306251482047,42.58306251482047
2020-01-16 00:00:00+00:00,1.0012237309178518,1.0032934431777332,1.004258308814911,0.001223730917851773,12.23730917851773,0.0032934431777331685,32.93443177733168,0.0042583088149110715,42.583088149110715
2020-01-17 00:00:00+00:00,1.0012237307956884,1.003293443196104,1.0042583057590544,0.0012237307956883825,12.237307956883825,0.003293443196104029,32.93443196104029,0.004258305759054393,42.58305759054393
2020-01-18 00:00:00+00:00,1.0012237306848304,1.0032934433906304,1.0042583120693354,0.001223730684830393,12.23730684830393,0.003293443390630424,32.934433906304236,0.004258312069335357,42.58312069335357
2020-01-19 00:00:00+00:00,1.0012237307520084,1.0032934424799766,1.0042583064191606,0.001223730752008434,12.23730752008434,0.0032934424799766493,32.93442479976649,0.004258306419160585,42.58306419160584
2020-01-20 00:00:00+00:00,1.001223730762366,1.0032934433407894,1.0042583051784584,0.0012237307623659266,12.237307623659266,0.0032934433407894037,32.93443340789403,0.004258305178458377,42.58305178458377
2020-01-21 00:00:00+00:00,1.0012237308792475,1.0032934435107264,1.0042583029526209,0.001223730879247542,12.237308792475421,0.003293443510726357,32.93443510726357,0.004258302952620863,42.58302952620863
2020-01-22 00:00:00+00:00,1.0012237307148295,1.003293442641265,1.0042583022853555,0.0012237307148295073,12.237307148295073,0.0032934426412649653,32.93442641264966,0.004258302285355509,42.583022853555086
2020-01-23 00:00:00+00:00,1.0012237310322087,1.0032934442693178,1.0042583059882886,0.0012237310322087414,12.237310322087414,0.003293444269317769,32.93444269317769,0.00425830598828858,42.5830598828858
2020-01-24 00:00:00+00:00,1.0012237309159502,1.003293443289322,1.0042583076903555,0.001223730915950183,12.23730915950183,0.0032934432893219068,32.93443289321907,0.004258307690355512,42.58307690355512
2020-01-25 00:00:00+00:00,1.0012237306962015,1.0032934411119765,1.0042583108986942,0.0012237306962015193,12.237306962015193,0.0032934411119764917,32.93441111976492,0.0042583108986942175,42.58310898694218
2020-01-26 00:00:00+00:00,1.0012237308039815,1.0032934418936659,1.004258300579005,0.0012237308039815264,12.237308039815264,0.0032934418936658716,32.934418936658716,0.004258300579004892,42.58300579004892
2020-01-27 00:00:00+00:00,1.00122373086678,1.0032934424532163,1.0042583105812668,0.0012237308667799596,12.237308667799596,0.0032934424532162776,32.93442453216278,0.0042583105812668,42.583105812667995
2020-01-28 00:00:00+00:00,1.0012237307027096,1.0032934415275674,1.004258315597998,0.0012237307027096467,12.237307027096467,0.0032934415275673867,32.93441527567387,0.0042583155979980525,42.583155979980525
2020-01-29 00:00:00+00:00,1.0012237308867966,1.0032934420577524,1.0042583133493523,0.0012237308867966146,12.237308867966146,0.0032934420577523937,32.93442057752394,0.004258313349352338,42.583133493523384
2020-01-30 00:00:00+00:00,1.0012237307989786,1.0032934433971805,1.0042583052514233,0.0012237307989786395,12.237307989786395,0.0032934433971805177,32.93443397180518,0.004258305251423344,42.583052514233444
2020-01-31 00:00:00+00:00,1.0012237308988983,1.0032934416808077,1.0042583129343579,0.0012237308988982676,12.237308988982676,0.003293441680807696,32.93441680807696,0.004258312934357855,42.58312934357855
2020-02-01 00:00:00+00:00,1.0012237307519154,1.0032934425335238,1.0042583072315756,0.0012237307519153973,12.237307519153973,0.003293442533523816,32.93442533523816,0.004258307231575609,42.583072315756084
2020-02-02 00:00:00+00:00,1.0012237309144014,1.003293443454531,1.0042583069047417,0.001223730914401422,12.237309144014219,0.0032934434545310864,32.934434545310864,0.0042583069047417155,42.583069047417155
2020-02-03 00:00:00+00:00,1.0012237309197678,1.003293444064542,1.0042583071450295,0.001223730919767796,12.237309197677959,0.003293444064542017,32.93444064542017,0.004258307145029505,42.58307145029505
2020-02-04 00:00:00+00:00,1.001223730923558,1.003293444248466,1.0042583007514998,0.0012237309235580973,12.237309235580973,0.0032934442484660043,32.93444248466004,0.0042583007514997995,42.583007514997995
2020-02-05 00:00:00+00:00,1.0012237308325012,1.0032934428836633,1.0042583129966507,0.0012237308325011576,12.237308325011576,0.003293442883663289,32.93442883663289,0.004258312996650693,42.58312996650693
2020-02-06 00:00:00+00:00,1.001223730933082,1.0032934439839172,1.0042583053236864,0.0012237309330820345,12.237309330820345,0.003293443983917177,32.93443983917177,0.004258305323686429,42.58305323686429
2020-02-07 00:00:00+00:00,1.0012237308591276,1.003293443351557,1.004258306565427,0.0012237308591276364,12.237308591276364,0.0032934433515570127,32.93443351557013,0.004258306565426917,42.58306565426917
2020-02-08 00:00:00+00:00,1.001223730736166,1.0032934419688795,1.00425831227342,0.0012237307361659955,12.237307361659955,0.0032934419688794847,32.93441968879485,0.004258312273420106,42.58312273420106
2020-02-09 00:00:00+00:00,1.0012237307948537,1.0032934409740981,1.0042583131476654,0.0012237307948537168,12.237307948537168,0.0032934409740981163,32.93440974098117,0.004258313147665449,42.583131476654486
2020-02-10 00:00:00+00:00,1.0012237309215923,1.0032934430425187,1.0042583058778105,0.0012237309215923364,12.237309215923364,0.0032934430425186623,32.93443042518662,0.004258305877810509,42.583058778105084
2020-02-11 00:00:00+00:00,1.0012237309730052,1.0032934418297181,1.0042583036575843,0.0012237309730052104,12.237309730052104,0.0032934418297181356,32.93441829718135,0.004258303657584284,42.58303657584284
2020-02-12 00:00:00+00:00,1.001223730643902,1.0032934431045426,1.0042583102174565,0.0012237306439020212,12.237306439020212,0.003293443104542604,32.93443104542604,0.004258310217456485,42.58310217456484
2020-02-13 00:00:00+00:00,1.001223730755719,1.0032934430709508,1.004258304475202,0.0012237307557190213,12.237307557190213,0.003293443070950808,32.93443070950808,0.004258304475202035,42.58304475202035
2020-02-14 00:00:00+00:00,1.0012237307142615,1.0032934423034174,1.004258302431248,0.0012237307142615172,12.237307142615172,0.0032934423034174376,32.93442303417437,0.004258302431247918,42.58302431247918
2020-02-15 00:00:00+00:00,1.0012237309148222,1.0032934426733213,1.004258313209925,0.0012237309148221964,12.237309148221964,0.003293442673321323,32.93442673321323,0.00425831320992498,42.583132099249795
2020-02-16 00:00:00+00:00,1.0012237309627876,1.003293442705967,1.0042583072404276,0.0012237309627876058,12.237309627876058,0.003293442705966987,32.93442705966987,0.004258307240427639,42.58307240427639
2020-02-17 00:00:00+00:00,1.0012237307981664,1.0032934425737612,1.0042583129651472,0.0012237307981664003,12.237307981664003,0.003293442573761185,32.934425737611846,0.004258312965147226,42.58312965147226
2020-02-18 00:00:00+00:00,1.0012237309450023,1.003293441195662,1.0042583071245113,0.001223730945002277,12.23730945002277,0.0032934411956619947,32.93441195661995,0.004258307124511251,42.583071245112514
2020-02-19 00:00:00+00:00,1.0012237308878582,1.0032934417220665,1.0042583082619068,0.0012237308878582098,12.237308878582098,0.0032934417220664702,32.9344172206647,0.0042583082619067625,42.583082619067625
2020-02-20 00:00:00+00:00,1.0012237310316154,1.0032934415805241,1.004258313854745,0.0012237310316154382,12.237310316154382,0.003293441580524137,32.93441580524137,0.004258313854744955,42.58313854744955
2020-02-21 00:00:00+00:00,1.0012237309399337,1.0032934417567771,1.004258308071761,0.0012237309399336649,12.237309399336649,0.003293441756777149,32.93441756777149,0.0042583080717610855,42.583080717610855
2020-02-22 00:00:00+00:00,1.0012237308915695,1.0032934437425378,1.0042583072285696,0.0012237308915694634,12.237308915694634,0.003293443742537816,32.934437425378164,0.004258307228569569,42.58307228569569
2020-02-23 00:00:00+00:00,1.0012237309328713,1.0032934430445695,1.0042583042583042,0.0012237309328713142,12.237309328713142,0.0032934430445694662,32.93443044569466,0.004258304258304202,42.583042583042015
2020-02-24 00:00:00+00:00,1.001223730978868,1.0032934404405913,1.0042583116291275,0.0012237309788680761,12.237309788680761,0.003293440440591322,32.93440440591322,0.004258311629127487,42.58311629127487
2020-02-25 00:00:00+00:00,1.0012237308672296,1.0032934430597205,1.0042583057654308,0.0012237308672296,12.237308672295999,0.003293443059720458,32.93443059720458,0.004258305765430848,42.583057654308476
2020-02-26 00:00:00+00:00,1.0012237307586442,1.0032934413234473,1.0042583108607224,0.001223730758644237,12.23730758644237,0.0032934413234473325,32.934413234473325,0.00425831086072237,42.58310860722369
2020-02-27 00:00:00+00:00,1.0012237307984833,1.0032934421813475,1.004258310492807,0.001223730798483258,12.23730798483258,0.003293442181347528,32.93442181347528,0.004258310492806894,42.583104928068934
2020-02-28 00:00:00+00:00,1.001223730845484,1.0032934419577115,1.004258307202146,0.0012237308454841056,12.237308454841056,0.0032934419577115293,32.93441957711529,0.004258307202146039,42.58307202146039
2020-02-29 00:00:00+00:00,1.001223730840625,1.0032934433031278,1.0042583064147936,0.0012237308406251035,12.237308406251035,0.003293443303127752,32.93443303127752,0.004258306414793633,42.583064147936334
2020-03-01 00:00:00+00:00,1.0012237309022571,1.0032934416779231,1.0042583081076688,0.0012237309022571363,12.237309022571363,0.0032934416779231146,32.93441677923114,0.004258308107668807,42.58308107668807
2020-03-02 00:00:00+00:00,1.0012237310059842,1.0032934429802411,1.0042583067217024,0.0012237310059841633,12.237310059841633,0.003293442980241146,32.93442980241146,0.004258306721702354,42.58306721702354
2020-03-03 00:00:00+00:00,1.0012237308714238,1.0032934434709737,1.0042583077865421,0.0012237308714238004,12.237308714238004,0.0032934434709737115,32.93443470973712,0.004258307786542126,42.58307786542126
2020-03-04 00:00:00+00:00,1.0012237308108591,1.0032934418497959,1.0042583036060606,0.001223730810859136,12.23730810859136,0.003293441849795853,32.93441849795853,0.004258303606060609,42.58303606060609
2020-03-05 00:00:00+00:00,1.0012237309189747,1.003293442232202,1.0042583065956192,0.0012237309189746526,12.237309189746526,0.0032934422322019596,32.9344223220196,0.00425830659561921,42.5830659561921
2020-03-06 00:00:00+00:00,1.0012237308330099,1.0032934419097712,1.0042583029480998,0.0012237308330098617,12.237308330098617,0.003293441909771211,32.93441909771211,0.0042583029480998125,42.58302948099812
2020-03-07 00:00:00+00:00,1.0012237307847442,1.0032934419210051,1.004258305531156,0.001223730784744248,12.23730784744248,0.0032934419210051136,32.93441921005113,0.004258305531156026,42.58305531156026
2020-03-08 00:00:00+00:00,1.0012237306515055,1.0032934423519115,1.0042583035420602,0.0012237306515054946,12.237306515054946,0.0032934423519115352,32.934423519115356,0.004258303542060249,42.583035420602485
2020-03-09 00:00:00+00:00,1.001223730971914,1.0032934434718046,1.0042583084462684,0.0012237309719140832,12.237309719140832,0.0032934434718046024,32.93443471804602,0.0042583084462683995,42.583084462684
2020-03-10 00:00:00+00:00,1.001223730839466,1.0032934434217897,1.0042583044958988,0.0012237308394660307,12.237308394660307,0.0032934434217897213,32.93443421789721,0.0042583044958988125,42.583044958988125
2020-03-11 00:00:00+00:00,1.0012237310299754,1.0032934437566996,1.004258305835624,0.0012237310299754167,12.237310299754167,0.003293443756699599,32.93443756699599,0.004258305835624032,42.58305835624032
2020-03-12 00:00:00+00:00,1.0012237309636927,1.0032934424613973,1.0042583071161333,0.0012237309636926597,12.237309636926597,0.003293442461397289,32.934424613972894,0.004258307116133286,42.58307116133287
2020-03-13 00:00:00+00:00,1.0012237309565073,1.0032934423129896,1.0042583051993879,0.0012237309565072962,12.237309565072962,0.0032934423129895585,32.934423129895585,0.004258305199387857,42.58305199387857
2020-03-14 00:00:00+00:00,1.0012237309452854,1.0032934415769046,1.00425831477313,0.001223730945285384,12.23730945285384,0.0032934415769045877,32.93441576904588,0.004258314773130101,42.58314773130101
2020-03-15 00:00:00+00:00,1.0012237309192749,1.0032934418803554,1.0042583015509041,0.0012237309192748569,12.237309192748569,0.0032934418803554077,32.93441880355408,0.00425830155090412,42.5830155090412
2020-03-16 00:00:00+00:00,1.001223730765911,1.00329344190249,1.0042583042332685,0.0012237307659110908,12.237307659110908,0.003293441902489924,32.93441902489924,0.004258304233268451,42.58304233268451
2020-03-17 00:00:00+00:00,1.0012237309407457,1.0032934422381368,1.004258305862096,0.001223730940745682,12.23730940745682,0.003293442238136768,32.93442238136768,0.004258305862095968,42.583058620959676
2020-03-18 00:00:00+00:00,1.001223730930661,1.0032934430728169,1.0042583101801255,0.0012237309306610822,12.237309306610822,0.0032934430728168707,32.93443072816871,0.0042583101801254575,42.58310180125457
2020-03-19 00:00:00+00:00,1.0012237309281082,1.0032934423048718,1.004258299161369,0.0012237309281082354,12.237309281082354,0.0032934423048718298,32.9344230487183,0.004258299161369106,42.58299161369106
2020-03-20 00:00:00+00:00,1.0012237307889906,1.0032934429078422,1.004258305799216,0.001223730788990629,12.23730788990629,0.00329344290784217,32.9344290784217,0.0042583057992160445,42.58305799216045
2020-03-21 00:00:00+00:00,1.0012237307802307,1.0032934423361575,1.0042582973862615,0.0012237307802307473,12.237307802307473,0.0032934423361574705,32.9344233615747,0.004258297386261489,42.58297386261489
2020-03-22 00:00:00+00:00,1.0012237308541516,1.0032934426989257,1.0042583085981793,0.0012237308541516168,12.237308541516168,0.0032934426989257304,32.934426989257304,0.004258308598179328,42.583085981793275
2020-03-23 00:00:00+00:00,1.001223730881414,1.0032934415682198,1.0042583109605578,0.0012237308814140313,12.237308814140313,0.003293441568219757,32.93441568219757,0.004258310960557843,42.58310960557843
2020-03-24 00:00:00+00:00,1.0012237307167717,1.0032934426320035,1.004258307862049,0.0012237307167717315,12.237307167717315,0.003293442632003485,32.934426320034845,0.00425830786204906,42.583078620490596
2020-03-25 00:00:00+00:00,1.0012237309454137,1.0032934431731106,1.004258310157513,0.0012237309454137257,12.237309454137257,0.003293443173110644,32.93443173110644,0.004258310157513101,42.58310157513101
2020-03-26 00:00:00+00:00,1.0012237308112903,1.0032934413808723,1.004258306256165,0.0012237308112903467,12.237308112903467,0.0032934413808722862,32.934413808722866,0.004258306256164968,42.583062561649676
2020-03-27 00:00:00+00:00,1.0012237309338023,1.0032934421209627,1.004258311444429,0.0012237309338023472,12.237309338023472,0.0032934421209627196,32.934421209627196,0.004258311444429008,42.58311444429008
2020-03-28 00:00:00+00:00,1.001223730893799,1.0032934435109446,1.0042583145170016,0.0012237308937990132,12.237308937990132,0.003293443510944627,32.93443510944627,0.004258314517001649,42.58314517001649
2020-03-29 00:00:00+00:00,1.0012237308325482,1.0032934422950768,1.0042583090658919,0.001223730832548231,12.23730832548231,0.003293442295076776,32.93442295076776,0.004258309065891863,42.583090658918636
2020-03-30 00:00:00+00:00,1.0012237307674952,1.003293442706577,1.0042583105601444,0.001223730767495157,12.23730767495157,0.0032934427065769434,32.934427065769434,0.004258310560144363,42.58310560144363
2020-03-31 00:00:00+00:00,1.0012237308445255,1.0032934434595064,1.0042583125736249,0.001223730844525539,12.23730844525539,0.00329344345950644,32.9344345950644,0.004258312573624856,42.58312573624856
2020-04-01 00:00:00+00:00,1.0012237309458076,1.0032934418469839,1.0042583104745355,0.0012237309458076329,12.237309458076329,0.00329344184698388,32.9344184698388,0.004258310474535509,42.583104745355094
2020-04-02 00:00:00+00:00,1.0012237306861302,1.0032934422891393,1.0042583066783126,0.0012237306861302422,12.237306861302422,0.0032934422891393034,32.934422891393034,0.004258306678312618,42.58306678312618
2020-04-03 00:00:00+00:00,1.0012237308295153,1.003293442552536,1.0042583136755732,0.0012237308295153237,12.237308295153237,0.003293442552535941,32.934425525359416,0.0042583136755731665,42.583136755731665
2020-04-04 00:00:00+00:00,1.0012237308464416,1.0032934423264888,1.0042583110969758,0.001223730846441562,12.23730846441562,0.0032934423264887602,32.9344232648876,0.004258311096975831,42.58311096975831
2020-04-05 00:00:00+00:00,1.0012237308254635,1.0032934427213371,1.0042583080127836,0.0012237308254634538,12.237308254634538,0.0032934427213371364,32.934427213371364,0.004258308012783596,42.583080127835956
2020-04-06 00:00:00+00:00,1.0012237308654304,1.0032934420188657,1.0042583029067766,0.0012237308654303725,12.237308654303725,0.003293442018865722,32.93442018865722,0.004258302906776645,42.583029067766454
2020-04-07 00:00:00+00:00,1.001223730807235,1.003293441765149,1.0042583035262296,0.001223730807234924,12.23730807234924,0.0032934417651488967,32.93441765148897,0.004258303526229579,42.58303526229579
2020-04-08 00:00:00+00:00,1.0012237308016614,1.0032934424605706,1.00425829809706,0.0012237308016613824,12.237308016613824,0.003293442460570617,32.93442460570617,0.00425829809706002,42.582980970600204
2020-04-09 00:00:00+00:00,1.0012237307260725,1.0032934422258712,1.004258305206128,0.0012237307260725139,12.237307260725139,0.003293442225871246,32.93442225871246,0.004258305206128021,42.58305206128021
2020-04-10 00:00:00+00:00,1.0012237307710694,1.0032934430119875,1.0042583024631322,0.001223730771069409,12.23730771069409,0.003293443011987529,32.93443011987529,0.004258302463132191,42.583024631321905
2020-04-11 00:00:00+00:00,1.001223730772321,1.003293441224897,1.0042583046668685,0.0012237307723210744,12.237307723210744,0.0032934412248970535,32.93441224897053,0.004258304666868495,42.58304666868496
2020-04-12 00:00:00+00:00,1.0012237308020504,1.0032934423273496,1.0042583098761007,0.0012237308020504045,12.237308020504045,0.003293442327349627,32.93442327349627,0.004258309876100652,42.583098761006525
2020-04-13 00:00:00+00:00,1.0012237308716734,1.0032934421430528,1.0042583093848294,0.0012237308716733786,12.237308716733786,0.003293442143052827,32.934421430528275,0.004258309384829406,42.58309384829406
2020-04-14 00:00:00+00:00,1.0012237308715302,1.0032934430881646,1.0042583016957656,0.0012237308715301598,12.237308715301598,0.0032934430881645937,32.93443088164594,0.004258301695765576,42.58301695765576
2020-04-15 00:00:00+00:00,1.0012237308290233,1.0032934423781785,1.004258310589141,0.001223730829023273,12.237308290232729,0.003293442378178524,32.93442378178524,0.004258310589140946,42.58310589140946
2020-04-16 00:00:00+00:00,1.0012237309682035,1.0032934427778155,1.0042583061477481,0.0012237309682034958,12.237309682034958,0.003293442777815514,32.93442777815514,0.0042583061477481365,42.583061477481365
2020-04-17 00:00:00+00:00,1.001223730840383,1.003293441686817,1.0042583030218817,0.0012237308403830749,12.237308403830749,0.003293441686816889,32.934416868168896,0.004258303021881682,42.583030218816816
2020-04-18 00:00:00+00:00,1.0012237309141911,1.0032934430029647,1.0042583127116658,0.0012237309141911457,12.237309141911457,0.0032934430029647466,32.934430029647466,0.004258312711665768,42.58312711665768
2020-04-19 00:00:00+00:00,1.0012237308574101,1.0032934429678122,1.0042583152028024,0.0012237308574101213,12.237308574101213,0.003293442967812199,32.93442967812199,0.0042583152028023985,42.58315202802399
2020-04-20 00:00:00+00:00,1.0012237307846783,1.0032934426908433,1.0042583036632957,0.0012237307846783008,12.237307846783008,0.0032934426908433068,32.93442690843307,0.004258303663295715,42.583036632957146
2020-04-21 00:00:00+00:00,1.0012237309423322,1.0032934431377876,1.0042583010116435,0.0012237309423321907,12.237309423321907,0.003293443137787566,32.93443137787566,0.004258301011643484,42.583010116434835
2020-04-22 00:00:00+00:00,1.0012237309053569,1.003293442370656,1.004258306328826,0.001223730905356879,12.23730905356879,0.0032934423706560967,32.93442370656096,0.004258306328825956,42.58306328825956
2020-04-23 00:00:00+00:00,1.0012237308664051,1.0032934422370914,1.0042583075784028,0.0012237308664051483,12.237308664051483,0.003293442237091382,32.93442237091382,0.004258307578402842,42.58307578402842
2020-04-24 00:00:00+00:00,1.0012237307134506,1.0032934425499416,1.0042583136675591,0.0012237307134506104,12.237307134506104,0.003293442549941572,32.934425499415724,0.004258313667559133,42.58313667559133
2020-04-25 00:00:00+00:00,1.0012237308582184,1.0032934413412318,1.0042583061170092,0.0012237308582183637,12.237308582183637,0.003293441341231773,32.93441341231773,0.00425830611700917,42.583061170091696
2020-04-26 00:00:00+00:00,1.001223730711614,1.003293443462143,1.0042583099338225,0.0012237307116140794,12.237307116140794,0.0032934434621429975,32.93443462142997,0.0042583099338224795,42.5830993382248
2020-04-27 00:00:00+00:00,1.0012237308011613,1.0032934431248002,1.0042583064617665,0.001223730801161338,12.23730801161338,0.003293443124800177,32.93443124800177,0.004258306461766503,42.58306461766503
2020-04-28 00:00:00+00:00,1.0012237308804182,1.0032934424601978,1.0042583012294986,0.0012237308804181612,12.237308804181612,0.003293442460197804,32.93442460197804,0.004258301229498551,42.58301229498551
2020-04-29 00:00:00+00:00,1.0012237308758263,1.003293441896034,1.0042583122869417,0.0012237308758262788,12.237308758262788,0.0032934418960339773,32.93441896033977,0.0042583122869417345,42.583122869417345
2020-04-30 00:00:00+00:00,1.0012237308901173,1.0032934413618504,1.0042583027494483,0.0012237308901172916,12.237308901172916,0.003293441361850391,32.93441361850391,0.004258302749448273,42.58302749448273
2020-05-01 00:00:00+00:00,1.001223730838215,1.0032934431813807,1.0042583096867317,0.0012237308382150314,12.237308382150314,0.0032934431813806953,32.93443181380695,0.004258309686731687,42.58309686731687
2020-05-02 00:00:00+00:00,1.0012237308562486,1.0032934425560684,1.004258310302448,0.001223730856248606,12.23730856248606,0.003293442556068449,32.93442556068449,0.004258310302448054,42.583103024480536
2020-05-03 00:00:00+00:00,1.001223730931187,1.0032934422687088,1.0042583042952147,0.0012237309311871059,12.237309311871059,0.0032934422687087572,32.934422687087576,0.004258304295214677,42.58304295214677
2020-05-04 00:00:00+00:00,1.001223730813156,1.0032934419152126,1.0042583027326895,0.0012237308131559654,12.237308131559654,0.003293441915212636,32.93441915212636,0.004258302732689456,42.583027326894566
2020-05-05 00:00:00+00:00,1.0012237309346679,1.0032934423887216,1.004258309403969,0.001223730934667877,12.23730934667877,0.0032934423887216457,32.934423887216454,0.004258309403968985,42.583094039689854
2020-05-06 00:00:00+00:00,1.0012237309322995,1.003293442421213,1.0042582997896379,0.0012237309322995493,12.237309322995493,0.0032934424212129887,32.93442421212988,0.004258299789637876,42.58299789637876
2020-05-07 00:00:00+00:00,1.0012237308226681,1.0032934426103273,1.0042583063799002,0.0012237308226681343,12.237308226681343,0.0032934426103272685,32.934426103272685,0.004258306379900212,42.58306379900212
2020-05-08 00:00:00+00:00,1.0012237308932683,1.0032934433794243,1.0042583049585927,0.0012237308932683266,12.237308932683266,0.003293443379424277,32.934433794242764,0.004258304958592696,42.58304958592696
2020-05-09 00:00:00+00:00,1.0012237307420648,1.00329344281816,1.0042583113118406,0.0012237307420648325,12.237307420648325,0.0032934428181599085,32.93442818159909,0.0042583113118406235,42.58311311840623
2020-05-10 00:00:00+00:00,1.0012237307690597,1.0032934419916977,1.0042583025222587,0.0012237307690596833,12.237307690596833,0.0032934419916976765,32.934419916976765,0.004258302522258672,42.58302522258673
2020-05-11 00:00:00+00:00,1.0012237307738343,1.0032934419499624,1.0042583063873471,0.0012237307738343084,12.237307738343084,0.0032934419499623946,32.93441949962394,0.004258306387347144,42.58306387347144
2020-05-12 00:00:00+00:00,1.001223730919551,1.0032934429728737,1.0042583124145172,0.0012237309195510804,12.237309195510804,0.003293442972873706,32.93442972873706,0.00425831241451724,42.583124145172405
2020-05-13 00:00:00+00:00,1.0012237308576717,1.0032934422328579,1.0042583081415037,0.0012237308576716899,12.237308576716899,0.0032934422328578794,32.93442232857879,0.004258308141503742,42.58308141503741
2020-05-14 00:00:00+00:00,1.0012237307785476,1.0032934426610625,1.0042583080474852,0.0012237307785476492,12.237307785476492,0.0032934426610624623,32.93442661062463,0.004258308047485171,42.58308047485171
2020-05-15 00:00:00+00:00,1.0012237307776999,1.003293441811543,1.0042583005536698,0.001223730777699883,12.23730777699883,0.0032934418115428965,32.93441811542897,0.004258300553669825,42.58300553669825
2020-05-16 00:00:00+00:00,1.001223730895947,1.0032934419913033,1.0042583063122923,0.0012237308959470727,12.237308959470727,0.0032934419913033253,32.93441991303325,0.004258306312292293,42.58306312292292
2020-05-17 00:00:00+00:00,1.001223730841122,1.0032934428926732,1.004258307322569,0.0012237308411220393,12.237308411220393,0.003293442892673193,32.934428926731925,0.004258307322569044,42.58307322569044
2020-05-18 00:00:00+00:00,1.0012237308372283,1.0032934416136545,1.0042583080440544,0.0012237308372282651,12.237308372282651,0.003293441613654524,32.93441613654524,0.00425830804405436,42.5830804405436
2020-05-19 00:00:00+00:00,1.0012237308929584,1.00329344182098,1.0042583053661156,0.0012237308929583524,12.237308929583524,0.0032934418209800143,32.93441820980014,0.0042583053661156,42.583053661156
2020-05-20 00:00:00+00:00,1.0012237308713574,1.0032934417148347,1.0042583065571076,0.001223730871357409,12.237308713574091,0.0032934417148346995,32.934417148346995,0.004258306557107572,42.58306557107572
2020-05-21 00:00:00+00:00,1.0012237308474174,1.003293442704208,1.004258308519097,0.001223730847417448,12.23730847417448,0.0032934427042079495,32.93442704207949,0.0042583085190970316,42.583085190970316
2020-05-22 00:00:00+00:00,1.00122373091906,1.0032934426477436,1.0042583099015774,0.0012237309190599177,12.237309190599177,0.0032934426477435608,32.93442647743561,0.004258309901577384,42.58309901577384
2020-05-23 00:00:00+00:00,1.0012237308099903,1.0032934429853417,1.0042583074006644,0.0012237308099902755,12.237308099902755,0.0032934429853417324,32.93442985341733,0.004258307400664352,42.583074006643514
2020-05-24 00:00:00+00:00,1.0012237308320846,1.003293442702879,1.0042583061988661,0.0012237308320846019,12.237308320846019,0.0032934427028790125,32.934427028790125,0.004258306198866135,42.583061988661356
2020-05-25 00:00:00+00:00,1.0012237308730036,1.003293441890267,1.0042583088310433,0.0012237308730036478,12.237308730036478,0.003293441890267035,32.934418902670345,0.004258308831043278,42.583088310432785
2020-05-26 00:00:00+00:00,1.0012237307870668,1.0032934427372138,1.0042583055282528,0.0012237307870668346,12.237307870668346,0.00329344273721377,32.9344273721377,0.004258305528252793,42.58305528252792
2020-05-27 00:00:00+00:00,1.0012237308436167,1.0032934420224586,1.0042583071543076,0.0012237308436167105,12.237308436167105,0.003293442022458626,32.93442022458626,0.004258307154307639,42.583071543076386
2020-05-28 00:00:00+00:00,1.0012237308001166,1.0032934426348963,1.0042583096059057,0.001223730800116618,12.23730800116618,0.003293442634896282,32.934426348962816,0.004258309605905675,42.58309605905674
2020-05-29 00:00:00+00:00,1.001223730876002,1.0032934432930214,1.0042583015873217,0.001223730876001916,12.237308760019161,0.003293443293021392,32.934432930213916,0.004258301587321656,42.58301587321655
2020-05-30 00:00:00+00:00,1.0012237308049112,1.0032934416609456,1.004258304883347,0.0012237308049112272,12.237308049112272,0.003293441660945584,32.93441660945584,0.004258304883347108,42.58304883347108
2020-05-31 00:00:00+00:00,1.0012237308326697,1.0032934422203514,1.0042583011268265,0.0012237308326696894,12.237308326696894,0.003293442220351439,32.93442220351439,0.004258301126826458,42.583011268264585
2020-06-01 00:00:00+00:00,1.0012237307936434,1.0032934416244255,1.004258311841746,0.0012237307936433517,12.237307936433517,0.003293441624425464,32.934416244254635,0.004258311841746076,42.58311841746077
2020-06-02 00:00:00+00:00,1.001223730849197,1.0032934431109883,1.0042583087921282,0.0012237308491969134,12.237308491969134,0.0032934431109883366,32.93443110988336,0.004258308792128185,42.583087921281845
2020-06-03 00:00:00+00:00,1.0012237308153011,1.0032934434616536,1.0042583126374205,0.0012237308153011384,12.237308153011384,0.0032934434616536112,32.93443461653611,0.004258312637420492,42.583126374204916
2020-06-04 00:00:00+00:00,1.001223730904999,1.0032934417452064,1.00425830891437,0.001223730904998943,12.237309049989431,0.0032934417452064046,32.93441745206405,0.004258308914369957,42.58308914369957
2020-06-05 00:00:00+00:00,1.0012237308123078,1.0032934417470214,1.0042583107750442,0.001223730812307755,12.23730812307755,0.0032934417470213972,32.93441747021397,0.004258310775044238,42.58310775044238
2020-06-06 00:00:00+00:00,1.0012237308732288,1.0032934418406376,1.0042583029558991,0.001223730873228801,12.23730873228801,0.003293441840637623,32.93441840637623,0.004258302955899129,42.58302955899129
2020-06-07 00:00:00+00:00,1.0012237308544443,1.0032934421003856,1.0042583047126863,0.0012237308544442715,12.237308544442715,0.003293442100385624,32.934421003856244,0.004258304712686289,42.583047126862894
2020-06-08 00:00:00+00:00,1.0012237307997938,1.0032934421830522,1.0042583070783766,0.0012237307997937652,12.237307997937652,0.0032934421830521643,32.93442183052164,0.0042583070783766,42.583070783766
2020-06-09 00:00:00+00:00,1.0012237308163796,1.003293442318698,1.0042583086596273,0.001223730816379609,12.23730816379609,0.0032934423186981032,32.934423186981036,0.004258308659627286,42.58308659627286
2020-06-10 00:00:00+00:00,1.0012237307456375,1.0032934436832175,1.0042583024650198,0.0012237307456375301,12.237307456375301,0.0032934436832174896,32.934436832174896,0.004258302465019792,42.58302465019792
2020-06-11 00:00:00+00:00,1.001223730796157,1.0032934427218456,1.0042583095395672,0.0012237307961568966,12.237307961568966,0.0032934427218456186,32.934427218456186,0.004258309539567184,42.58309539567185
2020-06-12 00:00:00+00:00,1.0012237308300906,1.0032934433091405,1.0042583129889548,0.0012237308300906413,12.237308300906413,0.003293443309140498,32.93443309140498,0.004258312988954849,42.58312988954849
2020-06-13 00:00:00+00:00,1.001223730838466,1.0032934424072633,1.004258301491902,0.0012237308384659418,12.237308384659418,0.0032934424072632584,32.93442407263258,0.0042583014919019835,42.58301491901983
2020-06-14 00:00:00+00:00,1.0012237307731024,1.0032934424114213,1.004258304691362,0.0012237307731024494,12.237307731024494,0.0032934424114212657,32.93442411421266,0.004258304691362014,42.58304691362014
2020-06-15 00:00:00+00:00,1.0012237307663436,1.0032934418528003,1.004258307922263,0.0012237307663436336,12.237307663436336,0.0032934418528003384,32.934418528003384,0.004258307922262894,42.58307922262894
2020-06-16 00:00:00+00:00,1.001223730847942,1.0032934432255083,1.00425830540904,0.0012237308479419173,12.237308479419173,0.0032934432255082857,32.934432255082854,0.004258305409039931,42.58305409039931
2020-06-17 00:00:00+00:00,1.001223730734506,1.0032934431201868,1.0042583094768471,0.00122373073450599,12.2373073450599,0.0032934431201867564,32.93443120186757,0.004258309476847133,42.58309476847133
2020-06-18 00:00:00+00:00,1.0012237307480014,1.0032934418543924,1.0042583041773836,0.001223730748001417,12.23730748001417,0.0032934418543923982,32.93441854392398,0.004258304177383598,42.58304177383599
2020-06-19 00:00:00+00:00,1.0012237308490664,1.003293442835642,1.0042583133600202,0.0012237308490663512,12.237308490663512,0.0032934428356419243,32.93442835641925,0.004258313360020249,42.583133600202494
2020-06-20 00:00:00+00:00,1.0012237308843708,1.0032934421522297,1.0042583103511957,0.0012237308843707773,12.237308843707773,0.0032934421522297086,32.934421522297086,0.0042583103511957265,42.58310351195726
2020-06-21 00:00:00+00:00,1.0012237308678587,1.0032934414905497,1.0042583056121226,0.0012237308678586523,12.237308678586523,0.0032934414905496645,32.934414905496645,0.004258305612122593,42.58305612122592
2020-06-22 00:00:00+00:00,1.0012237308081855,1.0032934423175859,1.0042583087632269,0.001223730808185497,12.23730808185497,0.003293442317585882,32.93442317585882,0.004258308763226859,42.58308763226859
2020-06-23 00:00:00+00:00,1.0012237308623386,1.0032934431939176,1.0042583108245906,0.0012237308623386234,12.237308623386234,0.0032934431939175557,32.93443193917555,0.004258310824590605,42.583108245906054
2020-06-24 00:00:00+00:00,1.0012237308003478,1.0032934421399275,1.0042583068225899,0.0012237308003477665,12.237308003477665,0.0032934421399275493,32.93442139927549,0.004258306822589875,42.58306822589874
2020-06-25 00:00:00+00:00,1.0012237308519703,1.0032934430276372,1.0042583079251033,0.0012237308519702506,12.237308519702506,0.003293443027637233,32.934430276372325,0.0042583079251032885,42.583079251032885
2020-06-26 00:00:00+00:00,1.001223730817857,1.0032934425178903,1.004258306372739,0.0012237308178570938,12.237308178570938,0.0032934425178903215,32.93442517890321,0.004258306372739051,42.58306372739051
2020-06-27 00:00:00+00:00,1.0012237308396146,1.0032934416547088,1.0042583073500055,0.0012237308396145785,12.237308396145785,0.0032934416547087952,32.93441654708795,0.004258307350005541,42.58307350005541
2020-06-28 00:00:00+00:00,1.0012237308641836,1.0032934425215987,1.0042583060944215,0.001223730864183592,12.23730864183592,0.0032934425215986884,32.934425215986884,0.00425830609442146,42.5830609442146
2020-06-29 00:00:00+00:00,1.001223730850798,1.003293442359582,1.0042583068160809,0.001223730850798077,12.23730850798077,0.003293442359582066,32.93442359582066,0.004258306816080859,42.583068160808594
2020-06-30 00:00:00+00:00,1.001223730835116,1.00329344226085,1.0042583106132452,0.0012237308351159548,12.237308351159548,0.0032934422608499325,32.934422608499325,0.00425831061324522,42.5831061324522
2020-07-01 00:00:00+00:00,1.0012237308335865,1.0032934419876196,1.0042583036817618,0.0012237308335865116,12.237308335865116,0.0032934419876196053,32.93441987619605,0.0042583036817618325,42.58303681761832
2020-07-02 00:00:00+00:00,1.0012237308490388,1.0032934418055888,1.0042583086960017,0.0012237308490388177,12.237308490388177,0.0032934418055887704,32.934418055887704,0.004258308696001745,42.58308696001745
2020-07-03 00:00:00+00:00,1.0012237308523253,1.003293441621094,1.0042583074213347,0.0012237308523252999,12.237308523252999,0.0032934416210939066,32.93441621093906,0.004258307421334706,42.58307421334706
2020-07-04 00:00:00+00:00,1.0012237309150613,1.0032934421661892,1.0042583087900865,0.0012237309150613385,12.237309150613385,0.003293442166189209,32.93442166189209,0.004258308790086485,42.58308790086485
2020-07-05 00:00:00+00:00,1.0012237307658423,1.00329344242939,1.004258310099052,0.001223730765842257,12.23730765842257,0.0032934424293900033,32.93442429390004,0.004258310099052087,42.583100990520876
2020-07-06 00:00:00+00:00,1.0012237308783505,1.0032934427464486,1.0042583060863002,0.0012237308783504819,12.237308783504819,0.003293442746448605,32.93442746448605,0.004258306086300179,42.58306086300179
2020-07-07 00:00:00+00:00,1.0012237308211425,1.003293442727436,1.0042583063368369,0.0012237308211424658,12.237308211424658,0.0032934427274360356,32.93442727436036,0.004258306336836881,42.58306336836881
2020-07-08 00:00:00+00:00,1.001223730774362,1.0032934428238425,1.0042583118364474,0.0012237307743621084,12.237307743621084,0.003293442823842474,32.93442823842474,0.004258311836447426,42.58311836447426
2020-07-09 00:00:00+00:00,1.0012237308730203,1.0032934423805564,1.0042583096388242,0.0012237308730203011,12.237308730203011,0.0032934423805563995,32.934423805563995,0.004258309638824231,42.58309638824231
2020-07-10 00:00:00+00:00,1.0012237307823644,1.0032934426950604,1.0042583096998716,0.001223730782364374,12.23730782364374,0.003293442695060378,32.93442695060378,0.004258309699871621,42.58309699871621
2020-07-11 00:00:00+00:00,1.0012237308146068,1.003293442196295,1.0042583084160481,0.0012237308146068049,12.237308146068049,0.0032934421962949045,32.934421962949045,0.004258308416048129,42.58308416048129
2020-07-12 00:00:00+00:00,1.0012237308455474,1.00329344216738,1.0042583062898263,0.0012237308455473883,12.237308455473883,0.003293442167380034,32.934421673800344,0.004258306289826264,42.58306289826264
2020-07-13 00:00:00+00:00,1.001223730889127,1.0032934426804136,1.0042583062669936,0.0012237308891269727,12.237308891269727,0.0032934426804136496,32.93442680413649,0.004258306266993639,42.58306266993639
2020-07-14 00:00:00+00:00,1.0012237308713308,1.0032934423318698,1.0042583105279868,0.0012237308713307637,12.237308713307637,0.003293442331869789,32.934423318697895,0.004258310527986753,42.583105279867524
2020-07-15 00:00:00+00:00,1.001223730831706,1.003293442363894,1.0042583089723105,0.0012237308317060158,12.237308317060158,0.0032934423638939503,32.934423638939506,0.004258308972310498,42.58308972310498
2020-07-16 00:00:00+00:00,1.0012237308315304,1.0032934425205298,1.0042583073058517,0.0012237308315303785,12.237308315303785,0.0032934425205297657,32.93442520529766,0.0042583073058517495,42.5830730585175
2020-07-17 00:00:00+00:00,1.0012237308927683,1.0032934419583,1.004258309163064,0.0012237308927682822,12.237308927682822,0.0032934419582999475,32.934419582999475,0.004258309163063911,42.58309163063912
2020-07-18 00:00:00+00:00,1.0012237308595955,1.003293443026158,1.0042583059339596,0.0012237308595954843,12.237308595954843,0.0032934430261579717,32.93443026157972,0.004258305933959594,42.58305933959594
2020-07-19 00:00:00+00:00,1.001223730911146,1.0032934423972248,1.004258304749561,0.001223730911146026,12.23730911146026,0.003293442397224844,32.93442397224844,0.004258304749561015,42.583047495610145
2020-07-20 00:00:00+00:00,1.0012237308590015,1.003293442087312,1.0042583049012463,0.001223730859001515,12.23730859001515,0.0032934420873120818,32.934420873120814,0.004258304901246346,42.58304901246346
2020-07-21 00:00:00+00:00,1.0012237308758183,1.0032934421081416,1.0042583071462265,0.0012237308758182852,12.237308758182852,0.003293442108141642,32.93442108141642,0.004258307146226548,42.58307146226548
2020-07-22 00:00:00+00:00,1.0012237308494272,1.003293442543807,1.004258307005021,0.0012237308494271737,12.237308494271737,0.0032934425438069237,32.93442543806924,0.004258307005021056,42.58307005021056
2020-07-23 00:00:00+00:00,1.0012237308624605,1.0032934430287712,1.0042583104000486,0.0012237308624605259,12.237308624605259,0.0032934430287712146,32.934430287712146,0.004258310400048648,42.583104000486486
2020-07-24 00:00:00+00:00,1.0012237308688665,1.003293443124096,1.004258309134318,0.0012237308688665127,12.237308688665127,0.0032934431240960738,32.934431240960734,0.004258309134318017,42.58309134318017
2020-07-25 00:00:00+00:00,1.0012237307585719,1.003293442765449,1.004258307161165,0.0012237307585718504,12.237307585718504,0.0032934427654489618,32.93442765448962,0.0042583071611650425,42.583071611650425
2020-07-26 00:00:00+00:00,1.0012237308929746,1.0032934419485033,1.0042583040383328,0.0012237308929745616,12.237308929745616,0.0032934419485033395,32.934419485033395,0.0042583040383328274,42.583040383328274
2020-07-27 00:00:00+00:00,1.001223730801515,1.0032934425648483,1.0042583072329931,0.001223730801515055,12.23730801515055,0.0032934425648483145,32.93442564848314,0.0042583072329931415,42.58307232993141
2020-07-28 00:00:00+00:00,1.001223730782577,1.0032934424763726,1.004258307834264,0.0012237307825770927,12.237307825770927,0.0032934424763726433,32.93442476372643,0.004258307834263952,42.583078342639524
2020-07-29 00:00:00+00:00,1.001223730813173,1.0032934425560025,1.0042583075360696,0.0012237308131730629,12.237308131730629,0.0032934425560025016,32.93442556002502,0.004258307536069594,42.58307536069594
2020-07-30 00:00:00+00:00,1.0012237308190286,1.0032934425310134,1.0042583069913862,0.0012237308190286011,12.237308190286011,0.0032934425310133797,32.9344253101338,0.004258306991386185,42.58306991386185
2020-07-31 00:00:00+00:00,1.0012237308569503,1.0032934427358993,1.004258307724465,0.001223730856950267,12.23730856950267,0.0032934427358992657,32.93442735899266,0.004258307724464894,42.58307724464893
2020-08-01 00:00:00+00:00,1.0012237308068304,1.00329344255548,1.0042583059491144,0.0012237308068303587,12.237308068303587,0.0032934425554800306,32.934425554800306,0.0042583059491143604,42.5830594911436
2020-08-02 00:00:00+00:00,1.0012237307975427,1.0032934418861617,1.0042583055325032,0.001223730797542677,12.23730797542677,0.003293441886161652,32.93441886161652,0.0042583055325031705,42.58305532503171
2020-08-03 00:00:00+00:00,1.0012237308485143,1.003293442679456,1.0042583073041382,0.0012237308485143483,12.237308485143483,0.0032934426794559712,32.93442679455971,0.004258307304138231,42.58307304138231
2020-08-04 00:00:00+00:00,1.0012237309168444,1.0032934424156366,1.004258309258017,0.0012237309168443566,12.237309168443566,0.0032934424156365605,32.93442415636561,0.004258309258017068,42.58309258017068
2020-08-05 00:00:00+00:00,1.0012237308240972,1.0032934426566138,1.0042583086384866,0.0012237308240972133,12.237308240972133,0.0032934426566137986,32.93442656613799,0.004258308638486641,42.583086384866405
2020-08-06 00:00:00+00:00,1.0012237308433325,1.003293442332108,1.004258305560077,0.0012237308433324934,12.237308433324934,0.003293442332108043,32.93442332108043,0.0042583055600768915,42.583055600768915
2020-08-07 00:00:00+00:00,1.0012237308115168,1.0032934424061555,1.004258306595007,0.0012237308115168322,12.237308115168322,0.003293442406155478,32.93442406155478,0.004258306595007033,42.583065950070335
2020-08-08 00:00:00+00:00,1.0012237308008103,1.0032934426249684,1.0042583072539009,0.0012237308008102854,12.237308008102854,0.0032934426249684456,32.934426249684456,0.0042583072539008615,42.58307253900861
2020-08-09 00:00:00+00:00,1.0012237308548593,1.0032934420484652,1.0042583078072636,0.001223730854859273,12.237308548592729,0.003293442048465156,32.93442048465156,0.0042583078072635505,42.5830780726355
2020-08-10 00:00:00+00:00,1.0012237308131784,1.003293442208649,1.0042583098640143,0.001223730813178392,12.23730813178392,0.0032934422086490223,32.93442208649022,0.00425830986401432,42.583098640143206
2020-08-11 00:00:00+00:00,1.0012237307924161,1.0032934421392694,1.004258306881592,0.0012237307924161112,12.237307924161112,0.003293442139269409,32.93442139269409,0.004258306881592011,42.583068815920115
2020-08-12 00:00:00+00:00,1.0012237308062075,1.0032934422690343,1.0042583087848767,0.0012237308062075236,12.237308062075236,0.0032934422690342746,32.93442269034274,0.004258308784876652,42.583087848766525
2020-08-13 00:00:00+00:00,1.0012237308107599,1.0032934426063556,1.0042583071898887,0.001223730810759882,12.237308107598821,0.0032934426063555566,32.93442606355556,0.004258307189888733,42.583071898887326
2020-08-14 00:00:00+00:00,1.0012237308403804,1.0032934431202625,1.0042583072964173,0.0012237308403804104,12.237308403804104,0.0032934431202624737,32.93443120262474,0.004258307296417296,42.58307296417296
2020-08-15 00:00:00+00:00,1.0012237307961782,1.0032934427380342,1.0042583063993442,0.001223730796178213,12.237307961782129,0.0032934427380342246,32.93442738034224,0.004258306399344214,42.58306399344214
2020-08-16 00:00:00+00:00,1.001223730880428,1.0032934429178741,1.0042583076785203,0.0012237308804279312,12.237308804279312,0.0032934429178741453,32.93442917874145,0.004258307678520312,42.58307678520312
2020-08-17 00:00:00+00:00,1.0012237308142378,1.0032934424463968,1.0042583090740804,0.0012237308142377668,12.237308142377668,0.0032934424463968437,32.93442446396844,0.004258309074080424,42.58309074080424
2020-08-18 00:00:00+00:00,1.00122373083104,1.0032934425236824,1.0042583085500836,0.001223730831040104,12.23730831040104,0.003293442523682355,32.93442523682355,0.004258308550083578,42.58308550083578
2020-08-19 00:00:00+00:00,1.0012237308657528,1.0032934429596152,1.0042583074347158,0.0012237308657527812,12.237308657527812,0.0032934429596152004,32.934429596152,0.00425830743471578,42.583074347157805
2020-08-20 00:00:00+00:00,1.0012237308110905,1.0032934423721982,1.0042583074247164,0.0012237308110905065,12.237308110905065,0.0032934423721981965,32.934423721981965,0.004258307424716445,42.583074247164454
2020-08-21 00:00:00+00:00,1.0012237307765697,1.0032934424804978,1.0042583080409502,0.0012237307765696759,12.237307765696759,0.003293442480497788,32.93442480497788,0.004258308040950176,42.58308040950176
2020-08-22 00:00:00+00:00,1.0012237307783656,1.0032934425048867,1.0042583089743553,0.0012237307783655726,12.237307783655726,0.0032934425048867233,32.93442504886723,0.004258308974355307,42.583089743553074
2020-08-23 00:00:00+00:00,1.001223730828545,1.0032934425159314,1.0042583085012398,0.0012237308285449888,12.237308285449888,0.003293442515931444,32.93442515931444,0.00425830850123976,42.5830850123976
2020-08-24 00:00:00+00:00,1.0012237308959844,1.0032934428078555,1.0042583071239342,0.0012237308959843762,12.237308959843762,0.0032934428078554845,32.934428078554845,0.0042583071239341574,42.58307123934158
2020-08-25 00:00:00+00:00,1.0012237308425718,1.003293442083734,1.0042583074882434,0.0012237308425717686,12.237308425717686,0.003293442083734055,32.934420837340554,0.004258307488243407,42.58307488243407
2020-08-26 00:00:00+00:00,1.0012237308267642,1.0032934430695033,1.0042583060954755,0.001223730826764191,12.237308267641911,0.003293443069503299,32.93443069503299,0.004258306095475506,42.583060954755055
2020-08-27 00:00:00+00:00,1.0012237308155192,1.00329344187845,1.0042583072162086,0.0012237308155191862,12.237308155191862,0.003293441878450043,32.93441878450043,0.004258307216208568,42.58307216208568
2020-08-28 00:00:00+00:00,1.0012237308155592,1.0032934430361888,1.004258309531911,0.0012237308155591542,12.237308155591542,0.0032934430361888367,32.93443036188837,0.004258309531911086,42.58309531911087
2020-08-29 00:00:00+00:00,1.0012237307781742,1.0032934425436817,1.004258307770311,0.0012237307781741702,12.237307781741702,0.0032934425436816905,32.93442543681691,0.004258307770311109,42.583077703111094
2020-08-30 00:00:00+00:00,1.0012237308634544,1.0032934419157715,1.004258309076415,0.0012237308634543975,12.237308634543975,0.0032934419157715222,32.934419157715226,0.004258309076415001,42.583090764150015
2020-08-31 00:00:00+00:00,1.001223730832939,1.0032934424346378,1.0042583078409448,0.0012237308329390295,12.237308329390295,0.0032934424346378055,32.93442434637805,0.0042583078409448305,42.583078409448305
2020-09-01 00:00:00+00:00,1.0012237308647316,1.0032934424246345,1.0042583064228618,0.001223730864731598,12.237308647315981,0.003293442424634474,32.93442424634474,0.004258306422861846,42.58306422861846
2020-09-02 00:00:00+00:00,1.001223730809491,1.0032934424017192,1.0042583065752768,0.0012237308094908972,12.237308094908972,0.0032934424017192487,32.934424017192484,0.004258306575276816,42.58306575276816
2020-09-03 00:00:00+00:00,1.0012237308324028,1.0032934428617095,1.0042583075067375,0.0012237308324027918,12.237308324027918,0.003293442861709517,32.934428617095165,0.004258307506737502,42.58307506737502
2020-09-04 00:00:00+00:00,1.0012237308324028,1.003293442483999,1.0042583075690483,0.0012237308324027918,12.237308324027918,0.0032934424839989873,32.93442483998987,0.004258307569048325,42.583075690483255
2020-09-05 00:00:00+00:00,1.0012237308609522,1.0032934429035076,1.0042583075448714,0.0012237308609521769,12.237308609521769,0.0032934429035076374,32.93442903507638,0.0042583075448714425,42.583075448714425
2020-09-06 00:00:00+00:00,1.0012237308609522,1.0032934427819584,1.0042583055205112,0.0012237308609521769,12.237308609521769,0.003293442781958422,32.93442781958422,0.0042583055205112075,42.583055205112075
2020-09-07 00:00:00+00:00,1.0012237308609522,1.003293442314345,1.0042583080549252,0.0012237308609521769,12.237308609521769,0.0032934423143449187,32.93442314344919,0.0042583080549252195,42.583080549252195
2020-09-08 00:00:00+00:00,1.001223730825094,1.0032934422974678,1.0042583079139713,0.0012237308250939716,12.237308250939716,0.0032934422974677524,32.934422974677524,0.004258307913971304,42.58307913971304
2020-09-09 00:00:00+00:00,1.001223730826768,1.0032934422167583,1.0042583078187368,0.0012237308267679659,12.237308267679659,0.0032934422167583133,32.934422167583136,0.004258307818736817,42.58307818736817
2020-09-10 00:00:00+00:00,1.001223730774953,1.0032934425317013,1.0042583095867654,0.0012237307749529691,12.237307749529691,0.003293442531701274,32.93442531701274,0.00425830958676543,42.58309586765429
2020-09-11 00:00:00+00:00,1.0012237308287677,1.0032934428332465,1.0042583063401842,0.0012237308287676996,12.237308287676996,0.003293442833246507,32.934428332465075,0.004258306340184204,42.58306340184204
2020-09-12 00:00:00+00:00,1.0012237308643694,1.0032934421019883,1.0042583092077475,0.0012237308643694433,12.237308643694433,0.003293442101988342,32.934421019883416,0.0042583092077475015,42.583092077475015
2020-09-13 00:00:00+00:00,1.0012237308643694,1.003293442349577,1.0042583078249956,0.0012237308643694433,12.237308643694433,0.0032934423495769583,32.93442349576958,0.004258307824995589,42.58307824995589
2020-09-14 00:00:00+00:00,1.0012237308848129,1.0032934426124969,1.004258307675013,0.001223730884812868,12.23730884812868,0.0032934426124968663,32.93442612496867,0.004258307675012896,42.58307675012895
2020-09-15 00:00:00+00:00,1.001223730850263,1.0032934423686242,1.004258307860906,0.0012237308502629496,12.237308502629496,0.0032934423686241665,32.934423686241665,0.004258307860905974,42.58307860905974
2020-09-16 00:00:00+00:00,1.001223730789007,1.0032934426004518,1.0042583076664517,0.0012237307890070603,12.237307890070603,0.0032934426004518347,32.93442600451834,0.004258307666451744,42.583076664517435
2020-09-17 00:00:00+00:00,1.0012237308104321,1.0032934424127293,1.00425830719131,0.0012237308104321443,12.237308104321443,0.0032934424127293305,32.934424127293305,0.00425830719131004,42.5830719131004
2020-09-18 00:00:00+00:00,1.0012237308369323,1.0032934426465454,1.004258308505464,0.0012237308369322797,12.237308369322797,0.003293442646545408,32.93442646545408,0.004258308505463937,42.58308505463937
2020-09-19 00:00:00+00:00,1.0012237308369323,1.0032934425904232,1.0042583068531026,0.0012237308369322797,12.237308369322797,0.00329344259042319,32.9344259042319,0.004258306853102578,42.58306853102578
2020-09-20 00:00:00+00:00,1.0012237307935838,1.0032934424760664,1.0042583076318685,0.0012237307935838437,12.237307935838437,0.003293442476066444,32.93442476066444,0.004258307631868519,42.58307631868519
2020-09-21 00:00:00+00:00,1.001223730789621,1.003293442626725,1.0042583072493927,0.0012237307896210137,12.237307896210137,0.0032934426267250405,32.9344262672504,0.00425830724939269,42.5830724939269
2020-09-22 00:00:00+00:00,1.0012237308873988,1.0032934424610023,1.0042583064461281,0.0012237308873987995,12.237308873987995,0.0032934424610022717,32.93442461002272,0.004258306446128124,42.58306446128124
2020-09-23 00:00:00+00:00,1.0012237308873988,1.003293442565569,1.0042583075016465,0.0012237308873987995,12.237308873987995,0.0032934425655690713,32.93442565569072,0.004258307501646463,42.58307501646463
2020-09-24 00:00:00+00:00,1.0012237308873988,1.0032934423339022,1.0042583077887952,0.0012237308873987995,12.237308873987995,0.0032934423339021635,32.934423339021635,0.0042583077887952125,42.58307788795213
2020-09-25 00:00:00+00:00,1.0012237308873988,1.0032934423895599,1.0042583070627937,0.0012237308873987995,12.237308873987995,0.003293442389559864,32.93442389559864,0.004258307062793731,42.58307062793732
2020-09-26 00:00:00+00:00,1.0012237308873988,1.003293442363592,1.0042583074622795,0.0012237308873987995,12.237308873987995,0.0032934423635919696,32.9344236359197,0.004258307462279509,42.583074622795095
2020-09-27 00:00:00+00:00,1.0012237308873988,1.0032934425751912,1.0042583076235774,0.0012237308873987995,12.237308873987995,0.0032934425751911522,32.93442575191152,0.004258307623577373,42.58307623577373
2020-09-28 00:00:00+00:00,1.0012237308873988,1.003293442611974,1.0042583075694786,0.0012237308873987995,12.237308873987995,0.0032934426119739513,32.93442611973951,0.004258307569478648,42.58307569478647
2020-09-29 00:00:00+00:00,1.0012237308873988,1.0032934424459732,1.0042583066241948,0.0012237308873987995,12.237308873987995,0.0032934424459731826,32.93442445973183,0.0042583066241947964,42.58306624194796
2020-09-30 00:00:00+00:00,1.0012237308873988,1.0032934425358109,1.0042583078505458,0.0012237308873987995,12.237308873987995,0.0032934425358108754,32.934425358108754,0.004258307850545817,42.583078505458175
2020-10-01 00:00:00+00:00,1.0012237308944227,1.0032934424410653,1.0042583070604334,0.0012237308944227365,12.237308944227365,0.0032934424410653307,32.93442441065331,0.004258307060433397,42.58307060433397
2020-10-02 00:00:00+00:00,1.0012237308509269,1.0032934425424798,1.0042583077033735,0.001223730850926863,12.23730850926863,0.003293442542479763,32.93442542479763,0.004258307703373543,42.58307703373543
2020-10-03 00:00:00+00:00,1.0012237308388818,1.0032934427732492,1.0042583083813206,0.0012237308388818313,12.237308388818313,0.0032934427732491667,32.93442773249167,0.004258308381320575,42.58308381320575
2020-10-04 00:00:00+00:00,1.0012237308388818,1.003293442800093,1.004258306742025,0.0012237308388818313,12.237308388818313,0.003293442800093027,32.93442800093027,0.0042583067420249865,42.58306742024986
2020-10-05 00:00:00+00:00,1.0012237308388818,1.0032934426111433,1.0042583069315927,0.0012237308388818313,12.237308388818313,0.0032934426111432824,32.93442611143283,0.004258306931592681,42.583069315926814
2020-10-06 00:00:00+00:00,1.0012237308388818,1.003293442213972,1.0042583075000724,0.0012237308388818313,12.237308388818313,0.0032934422139720976,32.93442213972098,0.004258307500072389,42.583075000723895
2020-10-07 00:00:00+00:00,1.0012237308388818,1.0032934423190363,1.0042583078803928,0.0012237308388818313,12.237308388818313,0.003293442319036277,32.93442319036277,0.004258307880392831,42.58307880392831
2020-10-08 00:00:00+00:00,1.0012237308627416,1.003293442268827,1.0042583072834084,0.0012237308627416343,12.237308627416343,0.003293442268827107,32.93442268827107,0.004258307283408369,42.583072834083694
2020-10-09 00:00:00+00:00,1.001223730820011,1.0032934426846332,1.004258307504991,0.0012237308200109265,12.237308200109265,0.0032934426846331633,32.93442684633163,0.004258307504990899,42.58307504990899
2020-10-10 00:00:00+00:00,1.001223730820011,1.003293442718359,1.004258306476977,0.0012237308200109265,12.237308200109265,0.003293442718359074,32.93442718359074,0.004258306476977003,42.58306476977003
2020-10-11 00:00:00+00:00,1.001223730820011,1.0032934425145028,1.0042583070773254,0.0012237308200109265,12.237308200109265,0.003293442514502809,32.93442514502809,0.0042583070773254406,42.583070773254406
2020-10-12 00:00:00+00:00,1.001223730820011,1.0032934425045823,1.0042583079100593,0.0012237308200109265,12.237308200109265,0.0032934425045823,32.934425045823005,0.004258307910059322,42.583079100593224
2020-10-13 00:00:00+00:00,1.001223730820011,1.003293442518416,1.0042583072397488,0.0012237308200109265,12.237308200109265,0.003293442518415901,32.93442518415901,0.004258307239748849,42.583072397488486
2020-10-14 00:00:00+00:00,1.001223730820011,1.0032934424521185,1.0042583075975,0.0012237308200109265,12.237308200109265,0.003293442452118489,32.934424521184894,0.004258307597500011,42.583075975000106
2020-10-15 00:00:00+00:00,1.001223730820011,1.003293442746644,1.0042583080621035,0.0012237308200109265,12.237308200109265,0.003293442746644004,32.93442746644004,0.0042583080621034775,42.583080621034775
2020-10-16 00:00:00+00:00,1.001223730820011,1.0032934422521305,1.0042583069880036,0.0012237308200109265,12.237308200109265,0.003293442252130463,32.934422521304626,0.004258306988003557,42.58306988003557
2020-10-17 00:00:00+00:00,1.001223730820011,1.0032934427193754,1.0042583070398283,0.0012237308200109265,12.237308200109265,0.0032934427193753724,32.93442719375372,0.004258307039828324,42.58307039828324
2020-10-18 00:00:00+00:00,1.001223730820011,1.0032934426010751,1.0042583069035569,0.0012237308200109265,12.237308200109265,0.003293442601075114,32.93442601075114,0.0042583069035568855,42.583069035568855
2020-10-19 00:00:00+00:00,1.001223730820011,1.0032934425192968,1.0042583072009903,0.0012237308200109265,12.237308200109265,0.003293442519296752,32.934425192967524,0.004258307200990297,42.58307200990296
2020-10-20 00:00:00+00:00,1.0012237308453473,1.0032934422763888,1.004258307044238,0.0012237308453473261,12.237308453473261,0.003293442276388836,32.934422763888364,0.004258307044237908,42.58307044237908
2020-10-21 00:00:00+00:00,1.0012237308286407,1.003293442521313,1.0042583067196722,0.00122373082864069,12.2373082864069,0.003293442521312917,32.934425213129174,0.0042583067196722,42.583067196722
2020-10-22 00:00:00+00:00,1.0012237308286407,1.003293442456372,1.0042583073487985,0.00122373082864069,12.2373082864069,0.0032934424563719755,32.93442456371976,0.004258307348798507,42.58307348798507
2020-10-23 00:00:00+00:00,1.0012237308531486,1.0032934423681377,1.0042583072716798,0.0012237308531486413,12.237308531486413,0.0032934423681376668,32.93442368137667,0.004258307271679751,42.58307271679751
2020-10-24 00:00:00+00:00,1.0012237308531486,1.003293442629771,1.0042583077274563,0.0012237308531486413,12.237308531486413,0.0032934426297710484,32.93442629771049,0.004258307727456279,42.58307727456278
2020-10-25 00:00:00+00:00,1.0012237308531486,1.0032934425616968,1.0042583082602987,0.0012237308531486413,12.237308531486413,0.0032934425616968355,32.934425616968355,0.0042583082602987155,42.583082602987155
2020-10-26 00:00:00+00:00,1.0012237308531486,1.003293442512891,1.004258307833278,0.0012237308531486413,12.237308531486413,0.0032934425128909872,32.93442512890987,0.004258307833278074,42.583078332780744
2020-10-27 00:00:00+00:00,1.0012237308125813,1.0032934424625701,1.0042583078115483,0.001223730812581314,12.23730812581314,0.0032934424625701286,32.93442462570128,0.004258307811548345,42.58307811548345
2020-10-28 00:00:00+00:00,1.0012237308125813,1.0032934422253912,1.0042583074363949,0.001223730812581314,12.23730812581314,0.0032934422253911855,32.934422253911855,0.004258307436394881,42.58307436394881
2020-10-29 00:00:00+00:00,1.0012237308367733,1.0032934423168778,1.004258307035611,0.0012237308367732957,12.237308367732957,0.0032934423168777816,32.93442316877781,0.004258307035611031,42.58307035611031
2020-10-30 00:00:00+00:00,1.0012237308367733,1.0032934423942934,1.0042583072473001,0.0012237308367732957,12.237308367732957,0.003293442394293411,32.93442394293411,0.0042583072473001415,42.583072473001415
2020-10-31 00:00:00+00:00,1.0012237308605052,1.0032934421731112,1.004258307585385,0.001223730860505201,12.23730860505201,0.0032934421731112273,32.93442173111227,0.004258307585385035,42.583075853850346
2020-11-01 00:00:00+00:00,1.0012237308210383,1.0032934422720712,1.0042583080422365,0.0012237308210383269,12.237308210383269,0.0032934422720711787,32.93442272071179,0.0042583080422364805,42.5830804223648
2020-11-02 00:00:00+00:00,1.0012237308210383,1.0032934424557542,1.0042583081033218,0.0012237308210383269,12.237308210383269,0.0032934424557542474,32.93442455754247,0.0042583081033218395,42.58308103321839
2020-11-03 00:00:00+00:00,1.0012237308210383,1.0032934426965556,1.004258306942347,0.0012237308210383269,12.237308210383269,0.0032934426965556263,32.93442696555626,0.004258306942346968,42.58306942346968
2020-11-04 00:00:00+00:00,1.0012237308447032,1.0032934423086046,1.0042583080368033,0.0012237308447031747,12.237308447031747,0.0032934423086046216,32.934423086046216,0.004258308036803271,42.58308036803271
2020-11-05 00:00:00+00:00,1.0012237308447032,1.0032934422315722,1.004258307588211,0.0012237308447031747,12.237308447031747,0.003293442231572241,32.934422315722415,0.004258307588210997,42.583075882109966
2020-11-06 00:00:00+00:00,1.0012237308068273,1.0032934423908428,1.004258306762031,0.00122373080682725,12.237308068272501,0.003293442390842838,32.93442390842838,0.004258306762030983,42.58306762030983
2020-11-07 00:00:00+00:00,1.0012237308428547,1.003293442568969,1.0042583076066,0.0012237308428546534,12.237308428546534,0.0032934425689690183,32.93442568969019,0.004258307606600065,42.58307606600064
2020-11-08 00:00:00+00:00,1.0012237308428547,1.0032934424837514,1.0042583066604187,0.0012237308428546534,12.237308428546534,0.0032934424837514076,32.93442483751407,0.004258306660418709,42.583066604187096
2020-11-09 00:00:00+00:00,1.0012237308428547,1.0032934423991382,1.0042583072126947,0.0012237308428546534,12.237308428546534,0.0032934423991382022,32.93442399138202,0.004258307212694712,42.583072126947116
2020-11-10 00:00:00+00:00,1.0012237308428547,1.0032934424899638,1.0042583071771671,0.0012237308428546534,12.237308428546534,0.0032934424899637715,32.93442489963772,0.004258307177167131,42.583071771671314
2020-11-11 00:00:00+00:00,1.0012237308654643,1.0032934423665028,1.0042583072510924,0.0012237308654643453,12.237308654643453,0.0032934423665027523,32.93442366502752,0.004258307251092441,42.58307251092441
2020-11-12 00:00:00+00:00,1.0012237308276886,1.0032934425150488,1.004258307362161,0.0012237308276885628,12.237308276885628,0.0032934425150488167,32.93442515048817,0.004258307362160929,42.58307362160929
2020-11-13 00:00:00+00:00,1.0012237308178775,1.0032934424260251,1.0042583072079405,0.001223730817877522,12.23730817877522,0.0032934424260251394,32.93442426025139,0.004258307207940515,42.58307207940515
2020-11-14 00:00:00+00:00,1.0012237308240122,1.0032934424653146,1.0042583074416802,0.0012237308240121703,12.237308240121703,0.0032934424653146,32.934424653145996,0.004258307441680209,42.58307441680209
2020-11-15 00:00:00+00:00,1.0012237308240122,1.0032934423245796,1.0042583075584754,0.0012237308240121703,12.237308240121703,0.0032934423245796207,32.93442324579621,0.004258307558475449,42.583075584754496
2020-11-16 00:00:00+00:00,1.0012237308240122,1.0032934426562359,1.0042583072717397,0.0012237308240121703,12.237308240121703,0.0032934426562358787,32.93442656235879,0.004258307271739703,42.58307271739703
2020-11-17 00:00:00+00:00,1.0012237308461303,1.0032934425207105,1.0042583072778022,0.0012237308461302554,12.237308461302554,0.00329344252071051,32.9344252071051,0.004258307277802187,42.58307277802187
2020-11-18 00:00:00+00:00,1.0012237308461303,1.0032934423008237,1.0042583067353787,0.0012237308461302554,12.237308461302554,0.0032934423008237346,32.934423008237346,0.004258306735378747,42.58306735378747
2020-11-19 00:00:00+00:00,1.0012237308461303,1.0032934423546733,1.0042583072186626,0.0012237308461302554,12.237308461302554,0.003293442354673326,32.93442354673326,0.004258307218662605,42.58307218662605
2020-11-20 00:00:00+00:00,1.0012237308363017,1.0032934423457711,1.004258307229323,0.001223730836301673,12.23730836301673,0.0032934423457711137,32.934423457711134,0.004258307229322966,42.58307229322966
2020-11-21 00:00:00+00:00,1.0012237308130223,1.0032934423212363,1.004258307706296,0.0012237308130222946,12.237308130222946,0.003293442321236295,32.93442321236295,0.004258307706296094,42.58307706296094
2020-11-22 00:00:00+00:00,1.0012237308130223,1.0032934422428768,1.0042583068580606,0.0012237308130222946,12.237308130222946,0.003293442242876754,32.93442242876754,0.004258306858060612,42.583068580606124
2020-11-23 00:00:00+00:00,1.0012237308130223,1.003293442451425,1.0042583079291172,0.0012237308130222946,12.237308130222946,0.0032934424514250438,32.93442451425044,0.004258307929117189,42.583079291171885
2020-11-24 00:00:00+00:00,1.0012237308038807,1.0032934424264304,1.0042583076914235,0.0012237308038807182,12.237308038807182,0.0032934424264303708,32.93442426430371,0.004258307691423546,42.58307691423546
2020-11-25 00:00:00+00:00,1.0012237308505363,1.0032934422982327,1.0042583073488542,0.0012237308505362865,12.237308505362865,0.003293442298232696,32.934422982326964,0.00425830734885424,42.5830734885424
2020-11-26 00:00:00+00:00,1.0012237308505363,1.0032934424419013,1.0042583073206695,0.0012237308505362865,12.237308505362865,0.0032934424419013286,32.93442441901328,0.004258307320669452,42.58307320669452
2020-11-27 00:00:00+00:00,1.0012237308505363,1.0032934426205342,1.0042583076507288,0.0012237308505362865,12.237308505362865,0.003293442620534215,32.93442620534215,0.004258307650728765,42.58307650728766
2020-11-28 00:00:00+00:00,1.0012237308505363,1.0032934424684739,1.0042583069498754,0.0012237308505362865,12.237308505362865,0.0032934424684738506,32.9344246847385,0.00425830694987539,42.5830694987539
2020-11-29 00:00:00+00:00,1.0012237308505363,1.003293442671806,1.0042583071837115,0.0012237308505362865,12.237308505362865,0.0032934426718060905,32.934426718060905,0.004258307183711452,42.58307183711452
2020-11-30 00:00:00+00:00,1.0012237308505363,1.0032934424988653,1.0042583077317613,0.0012237308505362865,12.237308505362865,0.0032934424988653177,32.93442498865318,0.004258307731761279,42.58307731761279
2020-12-01 00:00:00+00:00,1.001223730832034,1.0032934426459332,1.0042583075311304,0.0012237308320339757,12.237308320339757,0.003293442645933231,32.934426459332315,0.004258307531130434,42.58307531130434
2020-12-02 00:00:00+00:00,1.0012237308230814,1.0032934425563078,1.0042583072099367,0.0012237308230813593,12.237308230813593,0.003293442556307813,32.93442556307813,0.004258307209936696,42.58307209936696
2020-12-03 00:00:00+00:00,1.0012237308230814,1.0032934427227154,1.004258308300719,0.0012237308230813593,12.237308230813593,0.0032934427227153673,32.93442722715368,0.004258308300719049,42.583083007190496
2020-12-04 00:00:00+00:00,1.0012237308230814,1.0032934425328073,1.0042583077806002,0.0012237308230813593,12.237308230813593,0.003293442532807278,32.93442532807278,0.004258307780600212,42.58307780600212
2020-12-05 00:00:00+00:00,1.0012237308431766,1.0032934423793203,1.0042583070370348,0.001223730843176618,12.23730843176618,0.003293442379320277,32.93442379320277,0.004258307037034781,42.58307037034781
2020-12-06 00:00:00+00:00,1.0012237308431766,1.0032934426124624,1.0042583073103484,0.001223730843176618,12.23730843176618,0.0032934426124624494,32.934426124624494,0.004258307310348375,42.58307310348375
2020-12-07 00:00:00+00:00,1.0012237308431766,1.0032934424695152,1.0042583070569349,0.001223730843176618,12.23730843176618,0.0032934424695152398,32.9344246951524,0.0042583070569348624,42.58307056934862
2020-12-08 00:00:00+00:00,1.0012237308431766,1.0032934424301618,1.0042583077277556,0.001223730843176618,12.23730843176618,0.0032934424301618304,32.93442430161831,0.004258307727755595,42.583077277555944
2020-12-09 00:00:00+00:00,1.0012237308431766,1.003293442643859,1.004258307691821,0.001223730843176618,12.23730843176618,0.0032934426438588904,32.9344264385889,0.004258307691821006,42.58307691821006
2020-12-10 00:00:00+00:00,1.0012237308431766,1.003293442271314,1.0042583075108769,0.001223730843176618,12.23730843176618,0.0032934422713140066,32.934422713140066,0.0042583075108768575,42.583075108768575
2020-12-11 00:00:00+00:00,1.0012237308603111,1.0032934425471982,1.004258307223731,0.001223730860311134,12.237308603111341,0.003293442547198211,32.93442547198211,0.004258307223730995,42.58307223730995
2020-12-12 00:00:00+00:00,1.0012237308494638,1.003293442443081,1.0042583070189157,0.001223730849463811,12.23730849463811,0.0032934424430810516,32.934424430810516,0.004258307018915719,42.58307018915719
2020-12-13 00:00:00+00:00,1.0012237308494638,1.0032934424147018,1.0042583078590221,0.001223730849463811,12.23730849463811,0.0032934424147017527,32.93442414701752,0.004258307859022148,42.583078590221476
2020-12-14 00:00:00+00:00,1.0012237308494638,1.0032934425860602,1.0042583067854498,0.001223730849463811,12.23730849463811,0.0032934425860602357,32.93442586060236,0.004258306785449806,42.583067854498054
2020-12-15 00:00:00+00:00,1.0012237308494638,1.003293442562076,1.0042583071509823,0.001223730849463811,12.23730849463811,0.0032934425620760877,32.93442562076088,0.004258307150982299,42.583071509822986
2020-12-16 00:00:00+00:00,1.001223730840563,1.0032934425512319,1.0042583075637863,0.001223730840562931,12.23730840562931,0.0032934425512318732,32.93442551231873,0.004258307563786312,42.58307563786312
2020-12-17 00:00:00+00:00,1.001223730840563,1.0032934425028621,1.004258307653454,0.001223730840562931,12.23730840562931,0.0032934425028621206,32.934425028621206,0.004258307653453919,42.58307653453919
2020-12-18 00:00:00+00:00,1.001223730840563,1.003293442549859,1.0042583074412494,0.001223730840562931,12.23730840562931,0.0032934425498589714,32.93442549858972,0.004258307441249443,42.583074412494426
2020-12-19 00:00:00+00:00,1.0012237308318468,1.003293442600356,1.0042583078804248,0.001223730831846792,12.237308318467921,0.0032934426003559114,32.93442600355911,0.004258307880424805,42.58307880424805
2020-12-20 00:00:00+00:00,1.0012237308318468,1.00329344245762,1.0042583071679219,0.001223730831846792,12.237308318467921,0.0032934424576200882,32.93442457620088,0.00425830716792186,42.5830716792186
2020-12-21 00:00:00+00:00,1.0012237308318468,1.003293442525622,1.0042583075963942,0.001223730831846792,12.237308318467921,0.0032934425256219146,32.93442525621914,0.0042583075963942285,42.583075963942285
2020-12-22 00:00:00+00:00,1.001223730851151,1.0032934425188342,1.0042583080145782,0.001223730851150906,12.23730851150906,0.003293442518834233,32.93442518834233,0.0042583080145781604,42.58308014578161
2020-12-23 00:00:00+00:00,1.001223730851151,1.0032934422973674,1.0042583067393156,0.001223730851150906,12.23730851150906,0.0032934422973673882,32.93442297367388,0.004258306739315598,42.583067393155986
2020-12-24 00:00:00+00:00,1.0012237308424823,1.0032934424355662,1.0042583074153557,0.0012237308424822846,12.237308424822846,0.003293442435566174,32.93442435566174,0.004258307415355711,42.58307415355711
2020-12-25 00:00:00+00:00,1.0012237308339884,1.0032934425237845,1.0042583081879137,0.0012237308339884123,12.237308339884123,0.0032934425237844955,32.934425237844955,0.0042583081879137286,42.58308187913728
2020-12-26 00:00:00+00:00,1.0012237308339884,1.0032934424215274,1.0042583077594198,0.0012237308339884123,12.237308339884123,0.003293442421527404,32.934424215274035,0.0042583077594198215,42.583077594198215
2020-12-27 00:00:00+00:00,1.0012237308339884,1.0032934425904718,1.0042583070976472,0.0012237308339884123,12.237308339884123,0.003293442590471818,32.93442590471818,0.004258307097647185,42.583070976471845
2020-12-28 00:00:00+00:00,1.0012237308339884,1.0032934422410051,1.0042583070010453,0.0012237308339884123,12.237308339884123,0.00329344224100514,32.9344224100514,0.004258307001045347,42.58307001045347
2020-12-29 00:00:00+00:00,1.0012237308256642,1.0032934424115192,1.0042583073372693,0.0012237308256641821,12.237308256641821,0.0032934424115191874,32.934424115191874,0.004258307337269285,42.58307337269285
2020-12-30 00:00:00+00:00,1.0012237308256642,1.0032934423821103,1.0042583073908964,0.0012237308256641821,12.237308256641821,0.0032934423821102676,32.934423821102676,0.0042583073908963875,42.583073908963875
2020-12-31 00:00:00+00:00,1.0015644877035124,1.0006530820997186,1.0049064184524177,0.0015644877035123628,15.644877035123628,0.0006530820997185938,6.530820997185938,0.004906418452417682,49.064184524176824
2021-01-01 00:00:00+00:00,1.000052064647768,1.0014906085587814,1.002622143939251,5.206464776796871e-05,0.5206464776796871,0.001490608558781359,14.906085587813589,0.002622143939251087,26.22143939251087
2021-01-02 00:00:00+00:00,1.001992606999785,0.9994827792822885,1.0040354373993698,0.001992606999785096,19.92606999785096,-0.0005172207177115418,-5.172207177115418,0.004035437399369846,40.35437399369846
2021-01-03 00:00:00+00:00,1.0031205093295434,1.0026012593081555,1.0054927795970237,0.0031205093295434416,31.205093295434416,0.002601259308155468,26.01259308155468,0.005492779597023656,54.92779597023656
2021-01-04 00:00:00+00:00,1.0007211864748478,0.996563908227157,1.0078514665294087,0.000721186474847757,7.21186474847757,-0.0034360917728429863,-34.36091772842986,0.007851466529408713,78.51466529408712
2021-01-05 00:00:00+00:00,0.9997061274986053,0.9808943195670862,1.0020048010838274,-0.00029387250139467636,-2.9387250139467636,-0.01910568043291383,-191.0568043291383,0.00200480108382739,20.0480108382739
2021-01-06 00:00:00+00:00,1.0027471786332702,0.9999673121839158,1.00049399221544,0.002747178633270231,27.471786332702308,-3.2687816084231436e-05,-0.32687816084231436,0.0004939922154401089,4.9399221544010885
2021-01-07 00:00:00+00:00,1.0078315286250072,1.000257719463939,1.0060378902286984,0.007831528625007245,78.31528625007245,0.00025771946393904344,2.5771946393904344,0.006037890228698384,60.37890228698384
2021-01-08 00:00:00+00:00,1.0011229763926868,1.0038305490633397,1.0003571292550821,0.0011229763926867697,11.229763926867697,0.0038305490633396833,38.30549063339683,0.00035712925508213367,3.5712925508213367
2021-01-09 00:00:00+00:00,1.002575323712138,1.0013946458084313,0.998569398948944,0.002575323712137978,25.75323712137978,0.001394645808431294,13.94645808431294,-0.0014306010510559686,-14.306010510559686
2021-01-10 00:00:00+00:00,1.0052281707930255,0.9986514944591641,1.0059519189885986,0.005228170793025511,52.28170793025511,-0.001348505540835876,-13.48505540835876,0.005951918988598592,59.519189885985924
2021-01-11 00:00:00+00:00,1.0020453162049563,1.0017748548301597,1.00036618721056,0.0020453162049562934,20.453162049562934,0.0017748548301597111,17.74854830159711,0.0003661872105600317,3.6618721056003167
2021-01-12 00:00:00+00:00,1.0085184528129405,1.0037355736335152,1.0098647310257631,0.008518452812940502,85.18452812940502,0.003735573633515177,37.35573633515177,0.00986473102576313,98.64731025763129
2021-01-13 00:00:00+00:00,1.0023252775055225,1.0030626259515532,1.0031953167578045,0.0023252775055224717,23.252775055224717,0.003062625951553155,30.62625951553155,0.0031953167578044894,31.953167578044894
2021-01-14 00:00:00+00:00,1.0036185497436403,1.0023320803118294,1.0014216850882656,0.003618549743640287,36.18549743640287,0.0023320803118294098,23.320803118294098,0.0014216850882655674,14.216850882655674
2021-01-15 00:00:00+00:00,0.9978763563263428,1.003723558772452,1.0015808979706295,-0.0021236436736572495,-21.236436736572493,0.003723558772452007,37.23558772452007,0.0015808979706295467,15.808979706295467
2021-01-16 00:00:00+00:00,1.0005219609550215,1.0017004003049814,0.9994679796383419,0.0005219609550215498,5.219609550215498,0.0017004003049814198,17.004003049814198,-0.0005320203616581143,-5.320203616581143
2021-01-17 00:00:00+00:00,1.002141057783807,1.0004455946544943,1.0015318345488755,0.002141057783807021,21.41057783807021,0.0004455946544943412,4.455946544943412,0.0015318345488755103,15.318345488755103
2021-01-18 00:00:00+00:00,0.9981823506580083,0.997716406631436,0.9993096246028631,-0.0018176493419916895,-18.176493419916895,-0.0022835933685639853,-22.83593368563985,-0.0006903753971368998,-6.903753971368998
2021-01-19 00:00:00+00:00,1.0001498685372496,0.9995710761601776,1.0010221772748773,0.00014986853724963112,1.4986853724963112,-0.0004289238398224038,-4.289238398224038,0.0010221772748773006,10.221772748773006
2021-01-20 00:00:00+00:00,0.9974581028710232,0.9944315615633599,0.9991523887322088,-0.002541897128976789,-25.41897128976789,-0.005568438436640122,-55.68438436640122,-0.000847611267791204,-8.47611267791204
2021-01-21 00:00:00+00:00,0.9977563084952684,1.001522344096449,0.9981625178837169,-0.002243691504731582,-22.43691504731582,0.0015223440964489132,15.223440964489132,-0.0018374821162830957,-18.374821162830955
2021-01-22 00:00:00+00:00,1.0004118150119157,1.001389397145333,1.0011624188178028,0.0004118150119156727,4.118150119156727,0.0013893971453329268,13.893971453329268,0.0011624188178027683,11.624188178027683
2021-01-23 00:00:00+00:00,1.000411815068541,1.0013893970004073,1.0011624190377235,0.00041181506854104377,4.118150685410438,0.0013893970004072997,13.893970004072997,0.0011624190377235166,11.624190377235166
2021-01-24 00:00:00+00:00,0.9985816708269506,0.9996681216855665,0.9988292169892894,-0.001418329173049404,-14.183291730494041,-0.0003318783144334869,-3.318783144334869,-0.0011707830107106076,-11.707830107106076
2021-01-25 00:00:00+00:00,0.9995861459100186,1.0008067267774983,1.0009249313636595,-0.0004138540899814025,-4.138540899814025,0.0008067267774982678,8.067267774982678,0.0009249313636594536,9.249313636594536
2021-01-26 00:00:00+00:00,1.000845728207194,0.999039978348841,1.0017888537707196,0.0008457282071940853,8.457282071940853,-0.0009600216511590487,-9.600216511590487,0.0017888537707195784,17.888537707195784
2021-01-27 00:00:00+00:00,1.0032012535470225,0.9998673339132409,1.0019752647706262,0.003201253547022498,32.012535470224975,-0.0001326660867591034,-1.326660867591034,0.0019752647706261506,19.752647706261506
2021-01-28 00:00:00+00:00,1.0020747524382678,1.000550372626648,1.0004462117060486,0.002074752438267824,20.74752438267824,0.0005503726266480324,5.503726266480324,0.00044621170604863813,4.462117060486381
2021-01-29 00:00:00+00:00,0.9988605467106784,0.9927445210432343,0.9964754597163633,-0.0011394532893216347,-11.394532893216347,-0.007255478956765704,-72.55478956765704,-0.00352454028363669,-35.2454028363669
2021-01-30 00:00:00+00:00,0.9950403069746415,0.9977962961104984,0.9942495336486621,-0.00495969302535848,-49.5969302535848,-0.0022037038895016403,-22.0370388950164,-0.005750466351337913,-57.50466351337913
2021-01-31 00:00:00+00:00,0.9965052218121372,0.9965047695525284,0.9958471589485794,-0.0034947781878628126,-34.94778187862813,-0.0034952304474715756,-34.95230447471576,-0.004152841051420553,-41.528410514205525
2021-02-01 00:00:00+00:00,1.000889276657916,0.9972769380895309,1.0000578245204983,0.0008892766579160494,8.892766579160494,-0.0027230619104691156,-27.230619104691158,5.782452049829523e-05,0.5782452049829523
2021-02-02 00:00:00+00:00,0.9974564629634344,0.9981778514465784,0.9989091633866577,-0.002543537036565624,-25.43537036565624,-0.0018221485534215542,-18.221485534215542,-0.0010908366133423053,-10.908366133423053
2021-02-03 00:00:00+00:00,1.000929243779777,0.9989742384687278,1.0005790141337016,0.0009292437797769892,9.292437797769892,-0.0010257615312722068,-10.257615312722068,0.0005790141337016497,5.790141337016497
2021-02-04 00:00:00+00:00,0.9999192785287009,0.9996756958428281,0.9993403290644592,-8.072147129911666e-05,-0.8072147129911666,-0.0003243041571718841,-3.243041571718841,-0.0006596709355407571,-6.596709355407571
2021-02-05 00:00:00+00:00,1.0013961086621668,0.9951192439440985,1.001292053021292,0.0013961086621667729,13.961086621667729,-0.004880756055901547,-48.80756055901547,0.0012920530212920944,12.920530212920944
2021-02-06 00:00:00+00:00,1.0020402100470773,1.0009691571509278,1.0016552242890817,0.0020402100470773288,20.402100470773288,0.0009691571509278241,9.69157150927824,0.0016552242890817137,16.552242890817137
2021-02-07 00:00:00+00:00,0.9993774421266037,1.000584693950916,0.99875238282911,-0.0006225578733962678,-6.225578733962678,0.0005846939509159821,5.846939509159821,-0.0012476171708899475,-12.476171708899475
2021-02-08 00:00:00+00:00,0.9987334794056266,0.9956883031257548,1.0005951943833353,-0.001266520594373377,-12.66520594373377,-0.004311696874245152,-43.11696874245152,0.000595194383335329,5.95194383335329
2021-02-09 00:00:00+00:00,1.0029681186695116,1.0022510076936821,0.9998196331829774,0.0029681186695116324,29.681186695116324,0.002251007693682139,22.510076936821388,-0.0001803668170226036,-1.803668170226036
2021-02-10 00:00:00+00:00,0.9955613086255088,1.0015524869734467,0.9972843324201844,-0.004438691374491155,-44.38691374491155,0.0015524869734466762,15.524869734466762,-0.0027156675798155616,-27.156675798155618
2021-02-11 00:00:00+00:00,0.9980188425424198,0.9967785934004624,1.000307730453687,-0.001981157457580207,-19.81157457580207,-0.003221406599537624,-32.21406599537624,0.0003077304536869274,3.077304536869274
2021-02-12 00:00:00+00:00,0.9976065478218517,0.9968832422770044,1.000038971614328,-0.0023934521781483475,-23.934521781483475,-0.003116757722995578,-31.16757722995578,3.8971614328087156e-05,0.38971614328087156
2021-02-13 00:00:00+00:00,0.9971660636436049,0.9990964027999876,0.9980508217307904,-0.0028339363563950615,-28.339363563950613,-0.0009035972000124293,-9.035972000124293,-0.001949178269209595,-19.49178269209595
2021-02-14 00:00:00+00:00,0.9987743893673936,0.999356209724549,0.9996568477866141,-0.0012256106326063998,-12.256106326063998,-0.0006437902754510283,-6.437902754510283,-0.00034315221338587776,-3.4315221338587776
2021-02-15 00:00:00+00:00,0.9963012253297011,0.9963685978403604,0.9982979448195296,-0.0036987746702988877,-36.98774670298888,-0.0036314021596396406,-36.31402159639641,-0.0017020551804703965,-17.020551804703963
2021-02-16 00:00:00+00:00,1.0001793502507954,0.9993443427486616,1.0021019074899848,0.000179350250795407,1.79350250795407,-0.0006556572513384262,-6.556572513384262,0.0021019074899848444,21.019074899848444
2021-02-17 00:00:00+00:00,1.0010787189716996,1.0014846443861087,1.0011762900840617,0.0010787189716996437,10.787189716996437,0.0014846443861087355,14.846443861087355,0.0011762900840617263,11.762900840617263
2021-02-18 00:00:00+00:00,1.0006737897292497,0.9990773521651148,1.0011138975825002,0.0006737897292496964,6.737897292496964,-0.0009226478348851597,-9.226478348851597,0.001113897582500245,11.13897582500245
2021-02-19 00:00:00+00:00,1.0002892383980662,1.0020460347983986,1.0013087113592172,0.0002892383980661606,2.892383980661606,0.0020460347983985994,20.460347983985994,0.001308711359217174,13.08711359217174
2021-02-20 00:00:00+00:00,1.0063494201219867,1.0050462652455334,1.0047206093988423,0.006349420121986693,63.49420121986693,0.005046265245533421,50.46265245533421,0.004720609398842335,47.20609398842335
2021-02-21 00:00:00+00:00,1.005056461144265,1.0087647084331697,1.0023220980637064,0.005056461144264945,50.56461144264945,0.008764708433169677,87.64708433169676,0.0023220980637064237,23.220980637064237
2021-02-22 00:00:00+00:00,1.0035908181311353,1.0026040214460827,1.0042233395134093,0.003590818131135265,35.90818131135265,0.0026040214460827382,26.040214460827382,0.004223339513409252,42.23339513409252
2021-02-23 00:00:00+00:00,1.0052654710157856,1.0055739997126047,1.0036834713441294,0.005265471015785561,52.65471015785561,0.005573999712604749,55.73999712604749,0.0036834713441293854,36.83471344129386
2021-02-24 00:00:00+00:00,1.0037090733761964,1.0059974876703406,1.006739179278923,0.0037090733761964145,37.090733761964145,0.005997487670340584,59.97487670340584,0.006739179278923091,67.3917927892309
2021-02-25 00:00:00+00:00,1.0102885652289362,1.0049658151412302,1.0099808510931172,0.010288565228936175,102.88565228936176,0.004965815141230179,49.65815141230179,0.009980851093117193,99.80851093117194
2021-02-26 00:00:00+00:00,1.003721658376398,0.9926747772649944,0.9979514133387478,0.0037216583763979294,37.216583763979294,-0.0073252227350055765,-73.25222735005576,-0.002048586661252183,-20.485866612521832
2021-02-27 00:00:00+00:00,1.0080450601988882,1.0070081106663702,1.0075734425232539,0.008045060198888176,80.45060198888177,0.007008110666370193,70.08110666370193,0.0075734425232538705,75.73442523253871
2021-02-28 00:00:00+00:00,0.9939959644152008,1.009084432767223,1.0062846732796935,-0.006004035584799228,-60.040355847992274,0.009084432767223038,90.84432767223038,0.006284673279693509,62.846732796935086
2021-03-01 00:00:00+00:00,1.0113555250386668,0.9972352415448874,1.0053147429433054,0.01135552503866677,113.5552503866677,-0.0027647584551125926,-27.647584551125924,0.005314742943305362,53.14742943305362
2021-03-02 00:00:00+00:00,1.0082341930956804,1.0026038728336768,1.0053454734620206,0.008234193095680409,82.34193095680409,0.0026038728336768013,26.038728336768013,0.0053454734620206334,53.45473462020634
2021-03-03 00:00:00+00:00,1.0084334103753714,1.0061626676748723,1.0066134839773253,0.008433410375371375,84.33410375371375,0.00616266767487228,61.6266767487228,0.006613483977325307,66.13483977325308
2021-03-04 00:00:00+00:00,0.9992257050758766,0.9969030471235375,1.0005853575974102,-0.0007742949241233976,-7.742949241233976,-0.0030969528764625,-30.969528764624997,0.0005853575974101854,5.8535759741018545
2021-03-05 00:00:00+00:00,1.003303082541295,1.0095295404262372,1.0064005305113957,0.003303082541294966,33.03082541294966,0.009529540426237215,95.29540426237216,0.006400530511395663,64.00530511395664
2021-03-06 00:00:00+00:00,0.9984892002370364,1.0044801017517386,1.0012997285294891,-0.0015107997629636438,-15.107997629636438,0.00448010175173863,44.8010175173863,0.0012997285294891192,12.997285294891192
2021-03-07 00:00:00+00:00,1.0018489938366322,1.000044952053573,1.002634274222006,0.0018489938366321734,18.489938366321734,4.49520535730219e-05,0.449520535730219,0.0026342742220060167,26.342742220060167
2021-03-08 00:00:00+00:00,1.0031368203932378,1.0024270473403358,0.9993405480862924,0.003136820393237816,31.368203932378158,0.0024270473403358306,24.270473403358306,-0.0006594519137076427,-6.594519137076427
2021-03-09 00:00:00+00:00,1.0003581505219972,1.0036598451062517,1.0024911494521016,0.00035815052199716924,3.5815052199716924,0.0036598451062517245,36.59845106251724,0.002491149452101604,24.911494521016042
2021-03-10 00:00:00+00:00,1.0025052876369347,1.0017895863734834,1.00409923283634,0.0025052876369346944,25.052876369346944,0.001789586373483365,17.89586373483365,0.004099232836340061,40.99232836340061
2021-03-11 00:00:00+00:00,0.9970831591176421,0.9978938465615801,0.9993433543252334,-0.002916840882357885,-29.16840882357885,-0.002106153438419911,-21.06153438419911,-0.0006566456747666427,-6.566456747666427
2021-03-12 00:00:00+00:00,1.0022334951916623,0.9991359467491139,1.0045933240297729,0.0022334951916622714,22.334951916622714,-0.000864053250886121,-8.64053250886121,0.004593324029772861,45.9332402977286
2021-03-13 00:00:00+00:00,1.002028328593831,1.0013004938573924,1.0048035866311178,0.0020283285938309525,20.283285938309525,0.001300493857392393,13.00493857392393,0.0048035866311177955,48.035866311177955
2021-03-14 00:00:00+00:00,1.0019526939262469,1.000194679430457,1.0048836437786577,0.0019526939262468623,19.526939262468623,0.00019467943045703429,1.9467943045703429,0.004883643778657687,48.836437786576866
2021-03-15 00:00:00+00:00,1.0037034725389713,0.9941177596973937,1.0051468776957182,0.0037034725389712975,37.034725389712975,-0.005882240302606312,-58.82240302606312,0.005146877695718199,51.468776957181994
2021-03-16 00:00:00+00:00,1.0030356362859276,0.9995327059861342,1.0034317863679378,0.003035636285927623,30.35636285927623,-0.0004672940138658044,-4.672940138658044,0.003431786367937839,34.31786367937839
2021-03-17 00:00:00+00:00,1.0016482420729704,1.0061237229622255,1.0008623184303844,0.0016482420729704295,16.482420729704295,0.00612372296222552,61.2372296222552,0.0008623184303844234,8.623184303844234
2021-03-18 00:00:00+00:00,1.0040468959050215,1.0039799812847057,1.003874845196331,0.004046895905021497,40.46895905021497,0.003979981284705669,39.79981284705669,0.003874845196331078,38.748451963310785
2021-03-19 00:00:00+00:00,1.0038757839215862,1.0037380821366508,1.0042110641314295,0.0038757839215861623,38.75783921586162,0.0037380821366508332,37.38082136650833,0.004211064131429465,42.110641314294654
2021-03-20 00:00:00+00:00,1.0043861429510863,1.0009351522086734,1.0016621491535156,0.004386142951086303,43.861429510863026,0.000935152208673351,9.35152208673351,0.0016621491535155908,16.621491535155908
2021-03-21 00:00:00+00:00,1.0043554721413301,1.0007006714721753,1.0042365942689635,0.004355472141330141,43.55472141330141,0.0007006714721753404,7.006714721753404,0.0042365942689635006,42.365942689635006
2021-03-22 00:00:00+00:00,1.0033918588748385,1.0037714830771076,1.0029970675339994,0.003391858874838505,33.91858874838505,0.003771483077107618,37.71483077107618,0.00299706753399942,29.9706753399942
2021-03-23 00:00:00+00:00,1.003584866249938,1.001392736704968,1.0042962381760567,0.0035848662499380346,35.848662499380346,0.0013927367049679784,13.927367049679784,0.0042962381760567325,42.962381760567325
2021-03-24 00:00:00+00:00,0.9983564056765416,0.9993339581535503,0.9993577336637216,-0.0016435943234583972,-16.435943234583974,-0.0006660418464496942,-6.660418464496942,-0.0006422663362783965,-6.422663362783965
2021-03-25 00:00:00+00:00,0.9988596179115552,1.0003118251247292,1.0022448304547475,-0.0011403820884448024,-11.403820884448024,0.00031182512472915924,3.1182512472915924,0.0022448304547475484,22.448304547475484
2021-03-26 00:00:00+00:00,0.998882298840086,0.9999520864848553,1.00003666785667,-0.001117701159914053,-11.17701159914053,-4.791351514465969e-05,-0.4791351514465969,3.666785666989192e-05,0.3666785666989192
2021-03-27 00:00:00+00:00,0.9995590204394468,1.00304600305441,1.0012433791902529,-0.00044097956055322296,-4.40979560553223,0.0030460030544099403,30.460030544099403,0.001243379190252858,12.43379190252858
2021-03-28 00:00:00+00:00,1.0000047698540677,1.0000581675051052,1.0023854049830832,4.769854067721013e-06,0.04769854067721013,5.8167505105233275e-05,0.5816750510523327,0.0023854049830831503,23.854049830831503
2021-03-29 00:00:00+00:00,1.003428313603903,1.0013425585577032,1.0025302602116366,0.003428313603903055,34.28313603903055,0.0013425585577031551,13.425585577031551,0.0025302602116366035,25.302602116366035
2021-03-30 00:00:00+00:00,0.9992236097019691,1.0035157885987251,0.9992548138104012,-0.0007763902980308934,-7.763902980308934,0.0035157885987251447,35.15788598725145,-0.0007451861895988454,-7.451861895988454
2021-03-31 00:00:00+00:00,0.9999055052977653,1.0006929495652048,1.0003131322012169,-9.449470223465983e-05,-0.9449470223465983,0.0006929495652048256,6.9294956520482565,0.00031313220121687024,3.1313220121687024
2021-04-01 00:00:00+00:00,1.000287826560909,0.99903163339257,0.9991210335518733,0.00028782656090897696,2.8782656090897696,-0.000968366607430049,-9.68366607430049,-0.0008789664481266835,-8.789664481266835
2021-04-02 00:00:00+00:00,1.0007356616827898,0.999717450930739,1.0010588984769917,0.0007356616827898232,7.3566168278982325,-0.00028254906926095114,-2.8254906926095114,0.0010588984769916987,10.588984769916987
2021-04-03 00:00:00+00:00,1.0005610520555699,0.9988782746025828,1.002375166963091,0.0005610520555698884,5.6105205556988835,-0.0011217253974171726,-11.217253974171726,0.0023751669630909245,23.751669630909245
2021-04-04 00:00:00+00:00,1.0006372874378144,0.9954684046719142,0.999616755429728,0.0006372874378144378,6.3728743781443775,-0.00453159532808578,-45.3159532808578,-0.0003832445702719456,-3.832445702719456
2021-04-05 00:00:00+00:00,1.0005229379891398,1.0004181755751704,1.0017188376852588,0.0005229379891398267,5.229379891398267,0.0004181755751704319,4.181755751704319,0.0017188376852588227,17.188376852588227
2021-04-06 00:00:00+00:00,0.9993282015613921,0.9995305685355255,1.0009919480292648,-0.0006717984386078735,-6.717984386078735,-0.00046943146447453454,-4.694314644745345,0.000991948029264833,9.91948029264833
2021-04-07 00:00:00+00:00,1.0003031058009093,0.9998567004814891,0.9999775646642436,0.00030310580090930905,3.0310580090930905,-0.00014329951851088651,-1.4329951851088651,-2.243533575640999e-05,-0.2243533575640999
2021-04-08 00:00:00+00:00,0.9994598870458212,0.9985358718046338,1.0022688115472755,-0.000540112954178773,-5.40112954178773,-0.0014641281953662322,-14.641281953662322,0.00226881154727554,22.6881154727554
2021-04-09 00:00:00+00:00,1.0017759574273042,1.0013443798181698,1.000579402103025,0.0017759574273041867,17.759574273041867,0.0013443798181698163,13.443798181698163,0.0005794021030249841,5.794021030249841
2021-04-10 00:00:00+00:00,0.9995027026614945,1.0012366370758339,0.9987083403467742,-0.0004972973385054535,-4.9729733850545355,0.0012366370758338796,12.366370758338796,-0.0012916596532257518,-12.916596532257518
2021-04-11 00:00:00+00:00,0.9992581024399081,1.0015155815045966,1.0008325322460925,-0.0007418975600919087,-7.418975600919087,0.0015155815045966303,15.155815045966303,0.0008325322460924767,8.325322460924767
2021-04-12 00:00:00+00:00,1.000934680605679,1.0017476148792295,1.0021057454009945,0.000934680605678917,9.34680605678917,0.0017476148792294754,17.476148792294754,0.0021057454009945076,21.057454009945076
2021-04-13 00:00:00+00:00,1.0007932712626415,1.0001568131165668,1.0009711104900294,0.0007932712626415039,7.932712626415039,0.00015681311656678965,1.5681311656678965,0.0009711104900294032,9.711104900294032
2021-04-14 00:00:00+00:00,1.0012285549998532,1.0013376068910689,1.0008061081361892,0.001228554999853193,12.28554999853193,0.0013376068910688765,13.376068910688765,0.0008061081361891986,8.061081361891986
2021-04-15 00:00:00+00:00,0.9996718883602594,0.9999282377002985,1.001856355059778,-0.0003281116397405581,-3.2811163974055813,-7.17622997015166e-05,-0.717622997015166,0.0018563550597781031,18.56355059778103
2021-04-16 00:00:00+00:00,0.9999811965198597,0.9998938310982106,1.001525500453851,-1.8803480140272555e-05,-0.18803480140272555,-0.00010616890178938299,-1.0616890178938299,0.0015255004538510253,15.255004538510253
2021-04-17 00:00:00+00:00,0.9989265487536645,0.9985936669713386,0.9967573279734533,-0.0010734512463355106,-10.734512463355106,-0.001406333028661444,-14.06333028661444,-0.0032426720265467113,-32.42672026546711
2021-04-18 00:00:00+00:00,1.0013489927671018,1.0002436393680076,1.0009246251699,0.0013489927671017643,13.489927671017643,0.00024363936800764208,2.4363936800764208,0.0009246251698999952,9.246251698999952
2021-04-19 00:00:00+00:00,1.0005838704292003,0.999799520098242,0.9988939221457479,0.0005838704292002728,5.838704292002728,-0.00020047990175797725,-2.0047990175797725,-0.0011060778542520966,-11.060778542520966
2021-04-20 00:00:00+00:00,0.9998369132536358,0.9995219202851406,0.9988389494135345,-0.00016308674636422715,-1.6308674636422715,-0.0004780797148593585,-4.780797148593585,-0.0011610505864655396,-11.610505864655396
2021-04-21 00:00:00+00:00,1.0003892617645278,0.998514487847887,1.003224228681192,0.00038926176452780403,3.8926176452780403,-0.001485512152113011,-14.85512152113011,0.0032242286811920984,32.242286811920984
2021-04-22 00:00:00+00:00,0.9971448482954173,0.9995208473102496,0.9942635411432992,-0.0028551517045827257,-28.551517045827257,-0.00047915268975040615,-4.7915268975040615,-0.005736458856700821,-57.36458856700821
2021-04-23 00:00:00+00:00,1.0011028051135489,1.002599449411073,1.0018662060132029,0.001102805113548877,11.02805113548877,0.0025994494110730404,25.994494110730404,0.0018662060132028646,18.662060132028646
2021-04-24 00:00:00+00:00,1.0017695379968183,1.0011830450407495,1.0007454686237784,0.0017695379968183378,17.695379968183378,0.0011830450407495086,11.830450407495086,0.0007454686237784447,7.454686237784447
2021-04-25 00:00:00+00:00,0.998545616080671,0.9983083850694168,0.9993876425761223,-0.0014543839193289498,-14.543839193289498,-0.0016916149305832295,-16.916149305832295,-0.000612357423877663,-6.12357423877663
2021-04-26 00:00:00+00:00,1.0038618406316233,0.9995893452412653,1.002193112681792,0.0038618406316233145,38.61840631623315,-0.0004106547587346965,-4.106547587346965,0.002193112681792009,21.931126817920088
2021-04-27 00:00:00+00:00,1.0005922883019913,1.0007963565587201,1.0012077492777502,0.0005922883019913172,5.922883019913172,0.0007963565587201238,7.963565587201238,0.0012077492777502474,12.077492777502474
2021-04-28 00:00:00+00:00,0.9968497163843573,0.9985809680548686,0.9994078917364171,-0.003150283615642735,-31.50283615642735,-0.001419031945131377,-14.190319451313771,-0.0005921082635829134,-5.9210826358291335
2021-04-29 00:00:00+00:00,1.0016004458929881,1.0006016522514092,1.0011032805899667,0.0016004458929881338,16.004458929881338,0.0006016522514091793,6.016522514091793,0.0011032805899666709,11.032805899666709
2021-04-30 00:00:00+00:00,1.0006978750486941,1.0014708751522434,1.001844965975094,0.0006978750486941188,6.978750486941188,0.0014708751522434227,14.708751522434227,0.0018449659750940928,18.449659750940928
2021-05-01 00:00:00+00:00,1.0013730218714023,1.0006265515375177,0.9993940134873714,0.0013730218714023135,13.730218714023135,0.0006265515375176722,6.265515375176722,-0.0006059865126285535,-6.059865126285535
2021-05-02 00:00:00+00:00,1.000547246385624,0.9998394290331709,1.000729528775896,0.0005472463856239784,5.472463856239784,-0.00016057096682908778,-1.6057096682908778,0.0007295287758959379,7.295287758959379
2021-05-03 00:00:00+00:00,1.0005929141750822,0.9995728727213975,1.0022314617201513,0.0005929141750822264,5.929141750822264,-0.00042712727860250155,-4.2712727860250155,0.0022314617201513176,22.314617201513176
2021-05-04 00:00:00+00:00,1.0013198387227058,0.9999726977969305,1.003411144948,0.0013198387227058017,13.198387227058017,-2.7302203069456965e-05,-0.27302203069456965,0.0034111449480001,34.111449480001
2021-05-05 00:00:00+00:00,1.0035317053973707,0.9925838588683228,0.9999135614081435,0.003531705397370688,35.31705397370688,-0.007416141131677212,-74.16141131677212,-8.643859185653024e-05,-0.8643859185653024
2021-05-06 00:00:00+00:00,0.9984924359697513,1.0004495137205363,1.0005924702249946,-0.0015075640302486537,-15.075640302486537,0.00044951372053625427,4.495137205362543,0.0005924702249946456,5.924702249946456
2021-05-07 00:00:00+00:00,1.0002993082068141,0.9970996597847795,1.0001652148871218,0.0002993082068141195,2.993082068141195,-0.002900340215220454,-29.003402152204536,0.00016521488712184507,1.6521488712184507
2021-05-08 00:00:00+00:00,1.001825304001249,1.0024741310895227,1.001578434299579,0.0018253040012490285,18.253040012490285,0.0024741310895226576,24.741310895226576,0.0015784342995790457,15.784342995790457
2021-05-09 00:00:00+00:00,0.9988440080805251,1.0012773963846513,1.0002986865084547,-0.001155991919474908,-11.55991919474908,0.001277396384651297,12.77396384651297,0.0002986865084546597,2.986865084546597
2021-05-10 00:00:00+00:00,1.0010462673735407,0.9992296222500132,1.0009533840474316,0.0010462673735407435,10.462673735407435,-0.0007703777499867837,-7.7037774998678366,0.0009533840474316158,9.533840474316158
2021-05-11 00:00:00+00:00,1.0071871928386862,0.9990277428442337,1.003393857094357,0.007187192838686185,71.87192838686185,-0.0009722571557663207,-9.722571557663207,0.0033938570943570223,33.93857094357023
2021-05-12 00:00:00+00:00,1.0007263083424267,1.0018008648424874,1.001515954543176,0.0007263083424267069,7.263083424267069,0.0018008648424874263,18.008648424874263,0.0015159545431759902,15.159545431759902
2021-05-13 00:00:00+00:00,1.0031919546901187,0.9923164539832322,1.0001779048541442,0.0031919546901186813,31.919546901186813,-0.007683546016767795,-76.83546016767795,0.0001779048541441508,1.779048541441508
2021-05-14 00:00:00+00:00,0.9929825590958714,1.0058820331781988,0.9934305841006668,-0.007017440904128591,-70.17440904128591,0.005882033178198798,58.820331781987974,-0.006569415899333242,-65.69415899333242
2021-05-15 00:00:00+00:00,0.9986313935510377,1.0000800269393366,1.0004392198299084,-0.0013686064489623062,-13.686064489623062,8.002693933661931e-05,0.8002693933661931,0.00043921982990835495,4.3921982990835495
2021-05-16 00:00:00+00:00,0.9951338033643642,1.004758809904781,0.9993927419568573,-0.004866196635635811,-48.66196635635811,0.004758809904781058,47.58809904781059,-0.0006072580431426555,-6.072580431426555
2021-05-17 00:00:00+00:00,0.997646557973771,1.0109887312979264,1.0007014113959587,-0.0023534420262290023,-23.534420262290023,0.010988731297926435,109.88731297926435,0.0007014113959586954,7.014113959586954
2021-05-18 00:00:00+00:00,1.00593475162704,1.0015880906840733,1.0033825110132721,0.005934751627040047,59.34751627040047,0.0015880906840732845,15.880906840732845,0.003382511013272138,33.82511013272138
2021-05-19 00:00:00+00:00,0.9970266259921673,1.0017199117881292,0.992771345092884,-0.0029733740078327076,-29.733740078327074,0.001719911788129247,17.19911788129247,-0.0072286549071159945,-72.28654907115994
2021-05-20 00:00:00+00:00,0.9941905517167337,0.9966865371281405,0.9948981303899189,-0.00580944828326635,-58.094482832663495,-0.0033134628718595183,-33.13462871859518,-0.005101869610081078,-51.01869610081078
2021-05-21 00:00:00+00:00,1.004576906429045,0.9940896439623816,1.0074147856617799,0.004576906429045069,45.769064290450686,-0.005910356037618358,-59.10356037618358,0.007414785661779888,74.14785661779888
2021-05-22 00:00:00+00:00,0.9988974798879902,0.9970977756131747,1.0011490415181106,-0.0011025201120098416,-11.025201120098416,-0.002902224386825303,-29.022243868253028,0.0011490415181105718,11.490415181105718
2021-05-23 00:00:00+00:00,1.002869640685829,0.9980927708998826,1.0039697494997941,0.002869640685829067,28.69640685829067,-0.0019072291001174246,-19.072291001174246,0.003969749499794117,39.69749499794118
2021-05-24 00:00:00+00:00,1.0013648417380174,0.9997997490229524,1.0031487178675755,0.0013648417380174305,13.648417380174305,-0.0002002509770475669,-2.002509770475669,0.0031487178675755345,31.487178675755345
2021-05-25 00:00:00+00:00,1.0030808314616815,1.0003101654498046,1.0036412044657539,0.003080831461681477,30.80831461681477,0.00031016544980455585,3.1016544980455585,0.003641204465753889,36.412044657538885
2021-05-26 00:00:00+00:00,1.0011599618026081,0.9992174942164771,1.002555857174668,0.0011599618026081338,11.599618026081338,-0.0007825057835229021,-7.825057835229021,0.002555857174667997,25.55857174667997
2021-05-27 00:00:00+00:00,0.9993103805666832,0.9996993852455753,0.9986062298350862,-0.0006896194333168015,-6.896194333168015,-0.00030061475442466623,-3.0061475442466623,-0.0013937701649138212,-13.937701649138212
2021-05-28 00:00:00+00:00,0.9992757281362402,1.0001332859446979,1.0011658646353616,-0.0007242718637597845,-7.242718637597845,0.00013328594469785848,1.3328594469785848,0.0011658646353616131,11.658646353616131
2021-05-29 00:00:00+00:00,1.0006307464849382,1.0056512893514296,1.0059888720661565,0.0006307464849382161,6.307464849382161,0.005651289351429556,56.512893514295556,0.005988872066156503,59.88872066156503
2021-05-30 00:00:00+00:00,0.9991615998963049,0.9962843772649252,0.9993362351593683,-0.0008384001036950695,-8.384001036950695,-0.003715622735074753,-37.15622735074753,-0.0006637648406316865,-6.637648406316865
2021-05-31 00:00:00+00:00,0.9980486952035349,1.0004349271128383,1.0014220199311046,-0.0019513047964651031,-19.51304796465103,0.00043492711283832364,4.349271128383236,0.001422019931104579,14.22019931104579
2021-06-01 00:00:00+00:00,0.9975503745403179,1.0017286032122374,0.9998979974756806,-0.002449625459682081,-24.496254596820812,0.001728603212237445,17.28603212237445,-0.00010200252431935564,-1.0200252431935564
2021-06-02 00:00:00+00:00,1.0023371620813346,1.0006914837232692,1.0031662576390716,0.0023371620813346095,23.371620813346095,0.000691483723269215,6.91483723269215,0.0031662576390716346,31.662576390716346
2021-06-03 00:00:00+00:00,0.9994727385876614,0.9980672301823449,1.0004027009391891,-0.0005272614123386088,-5.272614123386088,-0.0019327698176551111,-19.32769817655111,0.00040270093918914895,4.0270093918914895
2021-06-04 00:00:00+00:00,1.0003289787859548,1.0027632057641265,1.001321335655433,0.00032897878595483654,3.2897878595483654,0.002763205764126475,27.63205764126475,0.0013213356554329092,13.213356554329092
2021-06-05 00:00:00+00:00,1.000645329071653,1.0003120566023382,1.0007615432798873,0.0006453290716530447,6.4532907165304465,0.00031205660233823984,3.1205660233823984,0.0007615432798873112,7.615432798873112
2021-06-06 00:00:00+00:00,1.0010087062763604,1.0017565504740387,1.0008984437589616,0.0010087062763604049,10.087062763604049,0.001756550474038665,17.56550474038665,0.0008984437589616423,8.984437589616423
2021-06-07 00:00:00+00:00,1.0025782335034805,1.0034150066310286,1.0029721237089422,0.0025782335034805204,25.782335034805204,0.003415006631028561,34.15006631028561,0.002972123708942176,29.72123708942176
2021-06-08 00:00:00+00:00,1.0002762650028136,0.9993898524077504,1.002400165420604,0.000276265002813636,2.7626500281363597,-0.0006101475922496435,-6.1014759224964354,0.0024001654206040612,24.001654206040612
2021-06-09 00:00:00+00:00,1.0024226284706066,1.0022643716095974,1.002618879777466,0.0024226284706065915,24.226284706065915,0.00226437160959736,22.6437160959736,0.002618879777465999,26.18879777465999
2021-06-10 00:00:00+00:00,1.00174909109886,1.0017006731776101,1.002161380947837,0.0017490910988600117,17.490910988600117,0.0017006731776101347,17.006731776101347,0.0021613809478369106,21.613809478369106
2021-06-11 00:00:00+00:00,1.0039809916823192,1.0006548474953167,1.004294316647672,0.003980991682319246,39.80991682319246,0.000654847495316746,6.54847495316746,0.004294316647672103,42.94316647672103
2021-06-12 00:00:00+00:00,1.0006831170529433,1.0003960521451136,1.0002803901458195,0.0006831170529433273,6.8311705294332725,0.0003960521451136234,3.960521451136234,0.00028039014581948685,2.8039014581948685
2021-06-13 00:00:00+00:00,1.0042687651185258,1.0000281337321253,1.0035133238998637,0.004268765118525808,42.687651185258076,2.8133732125290578e-05,0.2813373212529058,0.003513323899863696,35.13323899863696
2021-06-14 00:00:00+00:00,0.9994251393742165,1.006797459340274,1.0006030217814914,-0.000574860625783491,-5.7486062578349095,0.006797459340273981,67.97459340273981,0.0006030217814914085,6.030217814914085
2021-06-15 00:00:00+00:00,1.0011189590291092,1.005350864584831,1.0016684239136946,0.00111895902910919,11.1895902910919,0.005350864584831028,53.50864584831028,0.0016684239136945944,16.684239136945944
2021-06-16 00:00:00+00:00,1.0028818769904935,1.0030578924112752,1.004641355549146,0.0028818769904934705,28.818769904934705,0.003057892411275187,30.57892411275187,0.00464135554914602,46.4135554914602
2021-06-17 00:00:00+00:00,0.9985023689552776,1.000570206126044,0.9996162410494738,-0.0014976310447224472,-14.976310447224472,0.0005702061260439706,5.702061260439706,-0.0003837589505262251,-3.837589505262251
2021-06-18 00:00:00+00:00,1.0029194129912997,1.0055552192612571,1.0058595563744779,0.002919412991299719,29.19412991299719,0.005555219261257127,55.552192612571275,0.005859556374477881,58.595563744778815
2021-06-19 00:00:00+00:00,1.0008771187636585,1.0031113834439653,1.0024385222397938,0.0008771187636584798,8.771187636584798,0.003111383443965332,31.11383443965332,0.0024385222397937945,24.385222397937945
2021-06-20 00:00:00+00:00,1.0042114667599555,1.0001229013082031,1.004925267151122,0.00421146675995554,42.1146675995554,0.00012290130820313827,1.2290130820313827,0.004925267151121959,49.25267151121959
2021-06-21 00:00:00+00:00,1.001195364608746,1.0062031082914993,1.0022807740231,0.001195364608745919,11.953646087459191,0.006203108291499282,62.03108291499282,0.0022807740230998963,22.807740230998963
2021-06-22 00:00:00+00:00,0.9972093465184023,0.9995282981735131,1.0016193879284312,-0.0027906534815976825,-27.906534815976826,-0.0004717018264869255,-4.717018264869255,0.001619387928431193,16.19387928431193
2021-06-23 00:00:00+00:00,1.0045332107793876,1.0041915205466774,1.003171212339131,0.00453321077938762,45.3321077938762,0.004191520546677374,41.91520546677374,0.00317121233913098,31.7121233913098
2021-06-24 00:00:00+00:00,1.0028212108426895,1.0039836835646212,1.0033779337612767,0.002821210842689492,28.212108426894922,0.003983683564621199,39.83683564621199,0.003377933761276708,33.77933761276708
2021-06-25 00:00:00+00:00,1.002196630345865,1.0001707846132935,1.0020527249985187,0.002196630345864925,21.96630345864925,0.00017078461329345096,1.7078461329345096,0.002052724998518718,20.52724998518718
2021-06-26 00:00:00+00:00,1.0007034683851477,1.0048690699308003,0.9962402215959365,0.0007034683851476764,7.034683851476764,0.004869069930800274,48.690699308002735,-0.0037597784040634963,-37.59778404063496
2021-06-27 00:00:00+00:00,1.003160689733,1.004215771276506,1.005429552165221,0.0031606897330000994,31.606897330000994,0.004215771276506075,42.15771276506075,0.005429552165221008,54.29552165221008
2021-06-28 00:00:00+00:00,1.0018020695802832,1.0041659414553301,1.007096384448823,0.001802069580283172,18.02069580283172,0.004165941455330113,41.65941455330113,0.00709638444882299,70.9638444882299
2021-06-29 00:00:00+00:00,1.0038513883574411,1.0029938462362813,1.0027054580370647,0.0038513883574411434,38.51388357441144,0.0029938462362812945,29.938462362812945,0.0027054580370646786,27.054580370646786
2021-06-30 00:00:00+00:00,1.0004175517206713,0.999545430512869,0.9999982831324438,0.0004175517206712609,4.175517206712609,-0.00045456948713096246,-4.545694871309625,-1.716867556234014e-06,-0.01716867556234014
2021-07-01 00:00:00+00:00,1.0044595729186154,1.0032763832696365,1.0030061401444,0.004459572918615429,44.59572918615429,0.003276383269636529,32.76383269636529,0.003006140144399927,30.06140144399927
2021-07-02 00:00:00+00:00,1.001630760410941,1.0049284501338425,1.002889419329921,0.0016307604109409013,16.307604109409013,0.004928450133842466,49.28450133842466,0.002889419329920928,28.89419329920928
2021-07-03 00:00:00+00:00,1.0043237594981065,1.0030238129279785,1.007008014205358,0.004323759498106483,43.23759498106483,0.0030238129279784864,30.238129279784864,0.007008014205357904,70.08014205357904
2021-07-04 00:00:00+00:00,1.0032252114684133,1.0025487613790205,1.0029758056211306,0.0032252114684132582,32.25211468413258,0.002548761379020492,25.48761379020492,0.002975805621130645,29.75805621130645
2021-07-05 00:00:00+00:00,0.9951462800057274,1.0011073333948377,0.998385622485432,-0.004853719994272643,-48.53719994272643,0.0011073333948377062,11.073333948377062,-0.001614377514568055,-16.14377514568055
2021-07-06 00:00:00+00:00,1.0038299934036499,1.0016088688439686,1.005892712938053,0.0038299934036498673,38.29993403649867,0.0016088688439686027,16.088688439686027,0.005892712938053046,58.92712938053046
2021-07-07 00:00:00+00:00,1.0025265590771144,1.0020838686096325,1.0033927657816124,0.0025265590771144097,25.265590771144097,0.0020838686096325,20.838686096325,0.0033927657816124057,33.927657816124054
2021-07-08 00:00:00+00:00,0.9998377370722854,1.0002803092964168,1.0014840566319863,-0.00016226292771459594,-1.6226292771459594,0.0002803092964167586,2.803092964167586,0.0014840566319862525,14.840566319862525
2021-07-09 00:00:00+00:00,1.0026752130514354,1.0034025538759088,1.002550212968449,0.0026752130514353656,26.752130514353656,0.0034025538759088203,34.02553875908821,0.0025502129684489283,25.502129684489283
2021-07-10 00:00:00+00:00,1.0033413606506174,1.001775940792066,1.0044440706717583,0.0033413606506174087,33.41360650617409,0.0017759407920661108,17.759407920661108,0.004444070671758338,44.44070671758338
2021-07-11 00:00:00+00:00,1.0043249043469211,1.0022774727929482,1.004892152693306,0.004324904346921121,43.249043469211216,0.0022774727929482097,22.774727929482097,0.004892152693305896,48.921526933058956
2021-07-12 00:00:00+00:00,1.0009603731184575,1.0011482162186898,1.0021610374796366,0.0009603731184575359,9.60373118457536,0.0011482162186897682,11.482162186897682,0.002161037479636585,21.61037479636585
2021-07-13 00:00:00+00:00,1.0023963980574726,1.0039191695944494,1.0039149672714833,0.002396398057472604,23.96398057472604,0.003919169594449379,39.19169594449379,0.003914967271483327,39.14967271483327
2021-07-14 00:00:00+00:00,1.0041312554279558,1.0017239265101092,1.0046958127842878,0.004131255427955782,41.31255427955782,0.0017239265101092194,17.239265101092194,0.004695812784287767,46.95812784287767
2021-07-15 00:00:00+00:00,1.0026076440097167,1.0018631933425763,1.003954128531693,0.002607644009716692,26.07644009716692,0.0018631933425763414,18.631933425763414,0.00395412853169308,39.5412853169308
2021-07-16 00:00:00+00:00,1.0030609403680997,1.0038034667736804,1.004948363342279,0.003060940368099674,30.60940368099674,0.003803466773680375,38.034667736803755,0.004948363342279105,49.48363342279105
2021-07-17 00:00:00+00:00,0.9997070964961562,0.9988126292526267,0.998914651088496,-0.00029290350384381103,-2.9290350384381103,-0.0011873707473732953,-11.873707473732953,-0.001085348911504025,-10.853489115040249
2021-07-18 00:00:00+00:00,1.001775184023647,1.0000238344009387,1.0026398576483404,0.0017751840236470695,17.751840236470695,2.3834400938671507e-05,0.23834400938671507,0.0026398576483404046,26.398576483404046
2021-07-19 00:00:00+00:00,1.0026176595165956,1.0050602001408846,1.002364963590797,0.0026176595165956495,26.176595165956495,0.0050602001408845965,50.602001408845965,0.0023649635907969646,23.649635907969646
2021-07-20 00:00:00+00:00,1.0019205416392887,1.000904984673867,1.0034705948453888,0.0019205416392886754,19.205416392886754,0.0009049846738669043,9.049846738669043,0.003470594845388808,34.705948453888084
2021-07-21 00:00:00+00:00,1.0019450679347395,1.0031523570558225,1.001533710576423,0.001945067934739475,19.45067934739475,0.003152357055822508,31.523570558225078,0.0015337105764230419,15.337105764230419
2021-07-22 00:00:00+00:00,1.0025354811551408,1.0076435079776893,1.004280474191346,0.002535481155140795,25.354811551407952,0.007643507977689312,76.43507977689312,0.004280474191346029,42.80474191346029
2021-07-23 00:00:00+00:00,1.0013959524511076,1.002561829622498,1.0027909072425318,0.0013959524511075738,13.959524511075738,0.0025618296224980686,25.618296224980686,0.002790907242531837,27.90907242531837
2021-07-24 00:00:00+00:00,1.0024531199622815,1.0007620937364254,1.006511034238923,0.0024531199622814803,24.531199622814803,0.0007620937364254399,7.620937364254399,0.006511034238922964,65.11034238922963
2021-07-25 00:00:00+00:00,1.0023050853541589,1.0023801822382072,1.0021198457688782,0.0023050853541588534,23.050853541588534,0.00238018223820724,23.8018223820724,0.002119845768878248,21.19845768878248
2021-07-26 00:00:00+00:00,1.002885629788483,1.005168449452674,1.0026926397962206,0.0028856297884829463,28.856297884829463,0.005168449452674029,51.68449452674029,0.002692639796220586,26.92639796220586
2021-07-27 00:00:00+00:00,1.0064675327501795,0.9941799609866675,0.9991545323529709,0.006467532750179528,64.67532750179528,-0.005820039013332501,-58.20039013332501,-0.0008454676470290856,-8.454676470290856
2021-07-28 00:00:00+00:00,1.0043151082972794,1.003458800078628,1.0046182678658178,0.004315108297279435,43.151082972794356,0.003458800078627977,34.58800078627977,0.00461826786581776,46.1826786581776
2021-07-29 00:00:00+00:00,0.9975663218608658,1.0007159596702595,0.9997710843442229,-0.002433678139134199,-24.336781391341987,0.0007159596702595028,7.159596702595028,-0.0002289156557770955,-2.289156557770955
2021-07-30 00:00:00+00:00,1.0032771292966693,0.9973742767307779,1.0061938636858114,0.0032771292966693455,32.77129296669345,-0.002625723269222058,-26.257232692220576,0.006193863685811429,61.93863685811429
2021-07-31 00:00:00+00:00,1.0021834363488396,1.0056917648061723,1.004265464150745,0.0021834363488395514,21.834363488395514,0.005691764806172284,56.917648061722836,0.004265464150744913,42.65464150744913
2021-08-01 00:00:00+00:00,1.0001525169833732,0.9989643793913797,1.001901303521066,0.00015251698337315212,1.5251698337315212,-0.0010356206086202802,-10.356206086202802,0.001901303521065989,19.01303521065989
2021-08-02 00:00:00+00:00,1.0032971481744213,0.9983395170711803,1.0018274618007696,0.0032971481744212827,32.971481744212824,-0.0016604829288197065,-16.604829288197067,0.0018274618007696475,18.274618007696475
2021-08-03 00:00:00+00:00,1.00105992678818,0.9998084367758816,1.0023774526516553,0.001059926788179899,10.59926788179899,-0.00019156322411839621,-1.9156322411839621,0.002377452651655343,23.77452651655343
2021-08-04 00:00:00+00:00,1.0066964858691598,0.9990714895672957,1.0061247717881332,0.0066964858691598295,66.9648586915983,-0.0009285104327042548,-9.285104327042548,0.006124771788133199,61.24771788133199
2021-08-05 00:00:00+00:00,0.9936301319514855,0.9999243841695645,0.9951163678617438,-0.006369868048514471,-63.698680485144706,-7.561583043547149e-05,-0.7561583043547149,-0.004883632138256155,-48.83632138256155
2021-08-06 00:00:00+00:00,1.0001347122155602,0.9985326970156573,1.0005619348182178,0.0001347122155601621,1.347122155601621,-0.001467302984342722,-14.673029843427221,0.0005619348182177575,5.619348182177575
2021-08-07 00:00:00+00:00,1.0013032483455646,1.0002919416953187,1.0001626434893158,0.0013032483455646116,13.032483455646116,0.00029194169531865377,2.9194169531865377,0.00016264348931582795,1.6264348931582795
2021-08-08 00:00:00+00:00,1.0008233296846152,1.0008474611173699,0.9997775389387014,0.0008233296846151816,8.233296846151816,0.0008474611173698854,8.474611173698854,-0.00022246106129863996,-2.2246106129863996
2021-08-09 00:00:00+00:00,1.0015433844319246,1.000529053255054,1.0035513408426566,0.0015433844319245882,15.433844319245882,0.000529053255053924,5.29053255053924,0.003551340842656625,35.51340842656625
2021-08-10 00:00:00+00:00,1.0050941160756603,0.9999502527156077,1.0039851305995455,0.005094116075660349,50.94116075660349,-4.974728439233189e-05,-0.4974728439233189,0.003985130599545528,39.85130599545528
2021-08-11 00:00:00+00:00,0.9988195523641433,1.0004276023766887,1.0005944111359066,-0.001180447635856674,-11.80447635856674,0.00042760237668870715,4.2760237668870715,0.0005944111359066362,5.944111359066362
2021-08-12 00:00:00+00:00,1.0019241393507476,0.9997230957371197,0.9992560665381173,0.0019241393507476445,19.241393507476445,-0.00027690426288029535,-2.7690426288029535,-0.0007439334618827287,-7.439334618827287
2021-08-13 00:00:00+00:00,1.0012358000047503,1.0008518780670772,1.0002962765471095,0.0012358000047503204,12.358000047503204,0.0008518780670772053,8.518780670772053,0.00029627654710950857,2.9627654710950857
2021-08-14 00:00:00+00:00,0.999571553678081,1.001231745488261,1.000818180452052,-0.0004284463219189627,-4.284463219189627,0.0012317454882611045,12.317454882611045,0.0008181804520519531,8.181804520519531
2021-08-15 00:00:00+00:00,1.0001194162373561,1.000078073351311,0.999989635917364,0.00011941623735611806,1.1941623735611806,7.807335131104765e-05,0.7807335131104765,-1.0364082635994087e-05,-0.10364082635994087
2021-08-16 00:00:00+00:00,1.0011938372872813,0.9987487633796254,1.0009861553120047,0.0011938372872812852,11.938372872812852,-0.0012512366203746295,-12.512366203746295,0.000986155312004744,9.86155312004744
2021-08-17 00:00:00+00:00,0.9998269777641507,0.9998537871547847,1.0011266998529795,-0.0001730222358492517,-1.730222358492517,-0.00014621284521532107,-1.4621284521532107,0.0011266998529795291,11.266998529795291
2021-08-18 00:00:00+00:00,1.0014830378235111,0.997011006153949,1.0018261539795894,0.001483037823511113,14.83037823511113,-0.0029889938460510024,-29.889938460510024,0.0018261539795894066,18.261539795894066
2021-08-19 00:00:00+00:00,1.001799919736673,0.9990774537147478,1.0035431921655553,0.001799919736672928,17.99919736672928,-0.0009225462852522348,-9.225462852522348,0.00354319216555532,35.4319216555532
2021-08-20 00:00:00+00:00,1.0084185047028154,1.004072138161996,1.0095651280531492,0.008418504702815355,84.18504702815355,0.00407213816199592,40.721381619959196,0.009565128053149241,95.6512805314924
2021-08-21 00:00:00+00:00,1.001161378877809,1.00010578533438,0.9996840116534933,0.0011613788778090939,11.613788778090939,0.00010578533437999305,1.0578533437999305,-0.0003159883465067015,-3.159883465067015
2021-08-22 00:00:00+00:00,1.0004812834712773,0.9984787221029562,1.0013598373507016,0.000481283471277294,4.81283471277294,-0.0015212778970438157,-15.212778970438157,0.0013598373507015538,13.598373507015538
2021-08-23 00:00:00+00:00,1.005613441153068,0.9993897894537663,1.0063283121264184,0.005613441153067944,56.134411530679444,-0.0006102105462336693,-6.102105462336693,0.006328312126418378,63.283121264183784
2021-08-24 00:00:00+00:00,1.0000891937448122,0.9999110622641262,1.0003716810781416,8.919374481219933e-05,0.8919374481219933,-8.893773587381748e-05,-0.8893773587381748,0.00037168107814156137,3.7168107814156137
2021-08-25 00:00:00+00:00,1.0019886241797884,0.9993957172875265,1.0023486508125505,0.0019886241797884008,19.886241797884008,-0.0006042827124734806,-6.042827124734806,0.0023486508125505345,23.486508125505345
2021-08-26 00:00:00+00:00,1.000555508030469,1.000155072175122,0.9998546558823653,0.0005555080304691096,5.555080304691096,0.00015507217512200633,1.5507217512200633,-0.00014534411763467148,-1.4534411763467148
2021-08-27 00:00:00+00:00,0.9968368656547978,1.001289289389394,0.9997920881473351,-0.003163134345202212,-31.631343452022122,0.0012892893893940993,12.892893893940993,-0.0002079118526648882,-2.079118526648882
2021-08-28 00:00:00+00:00,1.001392675530604,1.0001085419713682,1.0026754524172676,0.0013926755306039595,13.926755306039595,0.00010854197136822563,1.0854197136822563,0.002675452417267632,26.75452417267632
2021-08-29 00:00:00+00:00,1.0008688757721622,1.0026644569098424,1.0001565504701744,0.0008688757721622142,8.688757721622142,0.0026644569098424054,26.644569098424054,0.00015655047017437695,1.5655047017437695
2021-08-30 00:00:00+00:00,1.0021292290902826,1.0005177460168848,0.999939428608497,0.0021292290902825695,21.292290902825695,0.0005177460168848125,5.177460168848125,-6.0571391502950434e-05,-0.6057139150295043
2021-08-31 00:00:00+00:00,0.9993568461682798,1.00067154769466,0.9978302041775051,-0.0006431538317202001,-6.431538317202001,0.0006715476946599352,6.7154769465993525,-0.00216979582249488,-21.6979582249488
2021-09-01 00:00:00+00:00,1.002210206755172,1.0018303159126865,1.0039901190108211,0.0022102067551719173,22.102067551719173,0.0018303159126864532,18.303159126864532,0.003990119010821136,39.90119010821136
2021-09-02 00:00:00+00:00,1.0011427393918761,0.9998776756265088,1.0001590591644676,0.0011427393918761464,11.427393918761464,-0.00012232437349124492,-1.2232437349124492,0.00015905916446756763,1.5905916446756763
2021-09-03 00:00:00+00:00,0.9995155500158449,0.9992546687287656,0.9998512299031744,-0.00048444998415508866,-4.844499841550887,-0.0007453312712344395,-7.453312712344395,-0.00014877009682556785,-1.4877009682556785
2021-09-04 00:00:00+00:00,0.998864939746906,1.000896245392599,0.9988984888034704,-0.0011350602530939558,-11.350602530939558,0.0008962453925989156,8.962453925989156,-0.0011015111965295699,-11.015111965295699
2021-09-05 00:00:00+00:00,0.997102198033767,1.0002250303068287,0.9983312877472049,-0.0028978019662330157,-28.978019662330155,0.00022503030682874403,2.2503030682874403,-0.0016687122527950793,-16.68712252795079
2021-09-06 00:00:00+00:00,1.00042881812454,1.000175722985368,0.9996451826438804,0.0004288181245399869,4.288181245399869,0.0001757229853680542,1.757229853680542,-0.00035481735611964105,-3.5481735611964105
2021-09-07 00:00:00+00:00,0.9999714467237456,1.0009357489120834,1.0005074642356087,-2.8553276254394966e-05,-0.28553276254394966,0.0009357489120833673,9.357489120833673,0.0005074642356086567,5.074642356086567
2021-09-08 00:00:00+00:00,1.001530777427749,1.001676267125319,1.0016099160550238,0.001530777427749097,15.30777427749097,0.0016762671253189865,16.762671253189865,0.0016099160550238079,16.09916055023808
2021-09-09 00:00:00+00:00,1.0035113613007745,1.000660673327119,1.003973530942204,0.0035113613007744515,35.11361300774452,0.0006606733271190546,6.606733271190546,0.003973530942203984,39.73530942203985
2021-09-10 00:00:00+00:00,1.0037602354026782,1.0023677183105222,1.0044956980751432,0.0037602354026782248,37.60235402678225,0.002367718310522182,23.677183105221822,0.004495698075143162,44.956980751431615
2021-09-11 00:00:00+00:00,0.9989844996486266,1.0007760966027563,0.9977592699085289,-0.0010155003513734329,-10.155003513734329,0.0007760966027563487,7.760966027563487,-0.002240730091471077,-22.40730091471077
2021-09-12 00:00:00+00:00,1.0023842193712695,1.0019571572114534,1.0025973103280061,0.002384219371269536,23.84219371269536,0.0019571572114533975,19.571572114533975,0.0025973103280061416,25.973103280061416
2021-09-13 00:00:00+00:00,1.0106740845428295,0.999191392071521,1.0108952366319333,0.010674084542829476,106.74084542829476,-0.0008086079284790326,-8.086079284790326,0.010895236631933258,108.95236631933258
2021-09-14 00:00:00+00:00,1.0024659580806228,1.0031171595201036,1.004105642625603,0.0024659580806227765,24.659580806227765,0.0031171595201036073,31.171595201036073,0.004105642625602979,41.05642625602979
2021-09-15 00:00:00+00:00,1.0031700620788204,1.0019757498352468,1.0016710614514073,0.0031700620788204237,31.700620788204237,0.0019757498352468428,19.757498352468428,0.0016710614514072741,16.71061451407274
2021-09-16 00:00:00+00:00,1.001199045541845,1.0008658910734796,1.0017966376274314,0.001199045541844912,11.99045541844912,0.0008658910734795633,8.658910734795633,0.00179663762743143,17.9663762743143
2021-09-17 00:00:00+00:00,1.0018228447534843,1.001619458169153,1.0021173796216676,0.0018228447534842651,18.22844753484265,0.0016194581691530985,16.194581691530985,0.002117379621667581,21.17379621667581
2021-09-18 00:00:00+00:00,1.0045733218426396,1.000013898138567,1.004369482045265,0.004573321842639588,45.73321842639588,1.389813856689237e-05,0.1389813856689237,0.004369482045265105,43.69482045265105
2021-09-19 00:00:00+00:00,1.0022957428578119,1.003683605583982,1.003837955592543,0.0022957428578118666,22.957428578118666,0.0036836055839819526,36.83605583981952,0.003837955592542963,38.37955592542963
2021-09-20 00:00:00+00:00,1.003628609692478,1.0039125769655743,1.004497487175962,0.0036286096924780242,36.28609692478024,0.003912576965574344,39.12576965574344,0.0044974871759619894,44.974871759619894
2021-09-21 00:00:00+00:00,1.0002410329860612,0.9948366424399772,0.9911832335195636,0.00024103298606115153,2.4103298606115153,-0.005163357560022841,-51.63357560022841,-0.008816766480436389,-88.16766480436388
2021-09-22 00:00:00+00:00,0.9918777939667791,0.9961806085792353,0.9951586201945264,-0.008122206033220891,-81.22206033220891,-0.003819391420764706,-38.19391420764706,-0.004841379805473611,-48.41379805473611
2021-09-23 00:00:00+00:00,1.000755358285577,0.9998014988519356,1.0006875005726474,0.0007553582855770458,7.553582855770458,-0.00019850114806441166,-1.9850114806441166,0.000687500572647437,6.87500572647437
2021-09-24 00:00:00+00:00,1.001312817751468,1.0032682793947907,1.0024018246268602,0.0013128177514680761,13.128177514680761,0.003268279394790685,32.68279394790685,0.0024018246268602272,24.018246268602272
2021-09-25 00:00:00+00:00,1.0000412548635902,1.001347305633144,1.0022615256373928,4.125486359018993e-05,0.4125486359018993,0.0013473056331438915,13.473056331438915,0.0022615256373927917,22.615256373927917
2021-09-26 00:00:00+00:00,1.002862238124339,1.0031456094817552,1.0041950853404127,0.002862238124339056,28.62238124339056,0.0031456094817552405,31.456094817552405,0.004195085340412685,41.95085340412685
2021-09-27 00:00:00+00:00,1.003592217155238,1.003737044658741,1.0039221478664369,0.0035922171552380533,35.92217155238053,0.003737044658741029,37.370446587410285,0.003922147866436854,39.22147866436853
2021-09-28 00:00:00+00:00,0.9947176084629565,0.9972713173632227,0.9944924040348375,-0.005282391537043463,-52.82391537043463,-0.00272868263677728,-27.286826367772797,-0.005507595965162482,-55.075959651624814
2021-09-29 00:00:00+00:00,0.9968522146463089,0.9978067961319221,0.9946490953452852,-0.0031477853536910905,-31.477853536910906,-0.0021932038680778643,-21.932038680778643,-0.005350904654714772,-53.50904654714772
2021-09-30 00:00:00+00:00,1.0035463528440378,1.0034804999439453,1.0038577582652892,0.0035463528440378145,35.46352844037814,0.003480499943945281,34.804999439452814,0.003857758265289224,38.57758265289224
2021-10-01 00:00:00+00:00,1.001963927353868,1.0045994831652543,1.005784668947511,0.001963927353868078,19.63927353868078,0.00459948316525427,45.9948316525427,0.005784668947510951,57.846689475109514
2021-10-02 00:00:00+00:00,1.0022941171313013,1.0020170321254023,1.0026436044378466,0.002294117131301343,22.94117131301343,0.002017032125402274,20.17032125402274,0.002643604437846614,26.43604437846614
2021-10-03 00:00:00+00:00,1.0029704317498418,0.9996052649651697,0.9994475465042617,0.0029704317498417954,29.704317498417954,-0.0003947350348303402,-3.9473503483034023,-0.0005524534957382921,-5.5245349573829206
2021-10-04 00:00:00+00:00,1.0021788107776888,1.0017906890202357,1.0035773287453957,0.0021788107776887777,21.788107776887777,0.001790689020235714,17.90689020235714,0.003577328745395736,35.77328745395736
2021-10-05 00:00:00+00:00,1.001918387408035,1.0010178746947656,1.003258695236808,0.0019183874080350716,19.183874080350716,0.0010178746947655526,10.178746947655526,0.003258695236808107,32.58695236808107
2021-10-06 00:00:00+00:00,1.0023136603764586,1.0006481153761875,1.0017626778973465,0.002313660376458637,23.136603764586372,0.0006481153761874747,6.481153761874747,0.0017626778973465207,17.626778973465207
2021-10-07 00:00:00+00:00,1.0002134509339962,1.0018520378042308,1.002356079751678,0.0002134509339961621,2.134509339961621,0.0018520378042308216,18.520378042308216,0.002356079751677953,23.56079751677953
2021-10-08 00:00:00+00:00,1.0019793490715865,1.0018494408498237,1.0010843511143526,0.001979349071586478,19.79349071586478,0.001849440849823747,18.49440849823747,0.0010843511143525664,10.843511143525664
2021-10-09 00:00:00+00:00,1.0019431463266948,0.9996156903388715,1.0018395314420083,0.001943146326694789,19.43146326694789,-0.0003843096611284569,-3.843096611284569,0.0018395314420083242,18.395314420083242
2021-10-10 00:00:00+00:00,1.0018475488815852,1.0022408839962758,1.0029879945110403,0.001847548881585226,18.47548881585226,0.0022408839962757554,22.408839962757554,0.0029879945110402595,29.879945110402595
2021-10-11 00:00:00+00:00,1.0012712437071323,1.0009516153368259,1.00127342671643,0.0012712437071322746,12.712437071322746,0.0009516153368258617,9.516153368258617,0.0012734267164300483,12.734267164300483
2021-10-12 00:00:00+00:00,1.003646564244449,1.00613724456596,1.0073081652179565,0.00364656424444898,36.4656424444898,0.006137244565959987,61.372445659599876,0.007308165217956519,73.0816521795652
2021-10-13 00:00:00+00:00,1.001712578989973,1.0013218239101644,1.002014752434468,0.0017125789899730126,17.125789899730126,0.0013218239101644436,13.218239101644436,0.0020147524344680257,20.147524344680257
2021-10-14 00:00:00+00:00,1.0028372618147814,1.0029829938297856,1.0048183285223147,0.002837261814781389,28.37261814781389,0.0029829938297856184,29.829938297856184,0.004818328522314674,48.18328522314674
2021-10-15 00:00:00+00:00,1.0009407806556365,1.0013608362519,1.0019637559218217,0.0009407806556365195,9.407806556365195,0.0013608362518999773,13.608362518999773,0.0019637559218217415,19.637559218217415
2021-10-16 00:00:00+00:00,1.0009005632764474,1.005206940376998,1.004890615790856,0.0009005632764473859,9.005632764473859,0.005206940376998093,52.06940376998092,0.004890615790855923,48.90615790855924
2021-10-17 00:00:00+00:00,1.0027794927105496,1.002447973478362,1.0028508268017027,0.002779492710549558,27.79492710549558,0.002447973478362009,24.47973478362009,0.002850826801702677,28.508268017026772
2021-10-18 00:00:00+00:00,1.0028453038288672,1.002153190024318,1.0047036121966892,0.002845303828867163,28.453038288671628,0.002153190024317908,21.53190024317908,0.004703612196689244,47.03612196689244
2021-10-19 00:00:00+00:00,1.0003767434062214,1.0003859156708401,1.0008396846364305,0.00037674340622140257,3.7674340622140257,0.00038591567084012013,3.8591567084012013,0.0008396846364304711,8.39684636430471
2021-10-20 00:00:00+00:00,1.0038725261852406,0.9995761477299051,0.9998352797547718,0.003872526185240588,38.72526185240588,-0.00042385227009489324,-4.238522700948932,-0.00016472024522817819,-1.6472024522817819
2021-10-21 00:00:00+00:00,0.9999644707082278,1.0029755004654473,1.0003443446714946,-3.55292917721961e-05,-0.35529291772196103,0.002975500465447256,29.75500465447256,0.0003443446714945786,3.443446714945786
2021-10-22 00:00:00+00:00,0.9983232776290334,1.0043668281300886,1.0008728606429593,-0.0016767223709666101,-16.7672237096661,0.004366828130088596,43.66828130088596,0.0008728606429593277,8.728606429593277
2021-10-23 00:00:00+00:00,1.004037908776797,1.0045184236275788,1.0056489435057443,0.0040379087767969946,40.37908776796995,0.004518423627578816,45.18423627578816,0.005648943505744297,56.489435057442975
2021-10-24 00:00:00+00:00,1.0051430563733412,1.0054391322957972,1.006453292738706,0.005143056373341226,51.43056373341226,0.005439132295797178,54.39132295797178,0.006453292738705985,64.53292738705984
2021-10-25 00:00:00+00:00,1.0047735361930779,1.0048651642567423,1.005075310478375,0.004773536193077854,47.73536193077854,0.004865164256742327,48.651642567423266,0.00507531047837495,50.75310478374951
2021-10-26 00:00:00+00:00,1.0041078548176916,1.0036962313999638,1.0049671099902304,0.004107854817691603,41.07854817691603,0.0036962313999637786,36.962313999637786,0.004967109990230423,49.67109990230423
2021-10-27 00:00:00+00:00,1.0004895382543413,0.999589144696582,1.0000258587683148,0.0004895382543412818,4.895382543412818,-0.0004108553034180007,-4.108553034180007,2.5858768314845904e-05,0.25858768314845904
2021-10-28 00:00:00+00:00,1.0015338330834636,0.9992165611536726,0.9991250560900027,0.0015338330834635538,15.338330834635538,-0.0007834388463273667,-7.834388463273667,-0.0008749439099973166,-8.749439099973166
2021-10-29 00:00:00+00:00,1.0024887181554496,1.0017058647648738,0.9990111854281868,0.0024887181554495985,24.887181554495985,0.0017058647648737768,17.058647648737768,-0.0009888145718132124,-9.888145718132124
2021-10-30 00:00:00+00:00,1.0019386525349838,1.0020134987223974,0.9997503513682089,0.0019386525349838202,19.3865253498382,0.002013498722397422,20.13498722397422,-0.00024964863179111063,-2.4964863179111063
2021-10-31 00:00:00+00:00,1.0023825534413062,1.002361707270061,1.004004777091347,0.0023825534413062233,23.825534413062233,0.0023617072700610198,23.617072700610198,0.004004777091346945,40.04777091346945
2021-11-01 00:00:00+00:00,0.9999985722006114,0.9987027221699268,1.0000181937105848,-1.4277993886091522e-06,-0.014277993886091522,-0.0012972778300731624,-12.972778300731624,1.8193710584757383e-05,0.18193710584757383
2021-11-02 00:00:00+00:00,1.001456858228691,1.0004827657401831,1.0016144926566914,0.0014568582286909049,14.568582286909049,0.0004827657401831331,4.827657401831331,0.0016144926566914464,16.144926566914464
2021-11-03 00:00:00+00:00,1.00449383284389,1.003534139120256,1.0026641355223207,0.004493832843889933,44.93832843889933,0.003534139120255908,35.34139120255908,0.0026641355223206986,26.641355223206986
2021-11-04 00:00:00+00:00,1.0021306321524481,1.0008430285207304,1.000836528696319,0.002130632152448131,21.30632152448131,0.0008430285207303712,8.430285207303712,0.0008365286963190055,8.365286963190055
2021-11-05 00:00:00+00:00,1.0043658156026567,1.0052083773800482,1.0046473172355883,0.0043658156026566974,43.65815602656697,0.005208377380048201,52.083773800482014,0.004647317235588311,46.47317235588311
2021-11-06 00:00:00+00:00,1.0042649942683688,1.0026263956345796,1.0034590646816153,0.004264994268368794,42.64994268368794,0.002626395634579559,26.26395634579559,0.003459064681615276,34.590646816152756
2021-11-07 00:00:00+00:00,1.0037147075822563,1.0047929558101996,1.0032716119641587,0.003714707582256338,37.14707582256338,0.004792955810199562,47.92955810199562,0.003271611964158705,32.71611964158705
2021-11-08 00:00:00+00:00,1.005385304396545,1.001761343882703,0.9990482207687915,0.005385304396545054,53.85304396545054,0.0017613438827031036,17.613438827031036,-0.0009517792312084827,-9.517792312084827
2021-11-09 00:00:00+00:00,1.000475560559673,1.0005969657816123,1.0009555678803472,0.0004755605596729051,4.755605596729051,0.0005969657816122798,5.9696578161227976,0.0009555678803472301,9.5556788034723
2021-11-10 00:00:00+00:00,1.0011488958054573,1.0017160232486648,1.0011499772914432,0.001148895805457295,11.48895805457295,0.001716023248664822,17.16023248664822,0.0011499772914431716,11.499772914431716
2021-11-11 00:00:00+00:00,1.0050087826549887,1.003782421750944,1.0044213663381645,0.005008782654988719,50.0878265498872,0.0037824217509438984,37.82421750943898,0.0044213663381644785,44.213663381644785
2021-11-12 00:00:00+00:00,1.0006891807327245,1.0013919181727708,1.0011671075180941,0.0006891807327245036,6.891807327245036,0.0013919181727708452,13.919181727708452,0.0011671075180941237,11.671075180941237
2021-11-13 00:00:00+00:00,1.0054975693713082,1.0059713468392075,1.0076412806668302,0.005497569371308186,54.97569371308187,0.005971346839207525,59.71346839207526,0.00764128066683023,76.4128066683023
2021-11-14 00:00:00+00:00,1.004165877513276,1.0036219648492226,1.003172819923258,0.004165877513276017,41.65877513276017,0.003621964849222614,36.21964849222614,0.003172819923257908,31.72819923257908
2021-11-15 00:00:00+00:00,1.007390251837725,1.009760078971799,1.0083551412987135,0.007390251837724904,73.90251837724904,0.009760078971799091,97.6007897179909,0.008355141298713509,83.55141298713508
2021-11-16 00:00:00+00:00,1.00187726382669,1.002881867399815,1.0031440843429054,0.0018772638266899566,18.772638266899566,0.002881867399814997,28.81867399814997,0.003144084342905362,31.440843429053622
2021-11-17 00:00:00+00:00,1.0024418424126902,1.0033357502865854,1.0023975444442519,0.002441842412690187,24.418424126901872,0.0033357502865853927,33.35750286585393,0.0023975444442518867,23.975444442518867
2021-11-18 00:00:00+00:00,1.006862842483211,1.0068196189888197,1.007680869545051,0.006862842483210896,68.62842483210896,0.0068196189888196646,68.19618988819664,0.007680869545050983,76.80869545050983
2021-11-19 00:00:00+00:00,1.0024947873913292,1.00076754819361,0.9993381522559289,0.002494787391329245,24.94787391329245,0.0007675481936100237,7.675481936100237,-0.0006618477440710757,-6.618477440710757
2021-11-20 00:00:00+00:00,1.008138894220416,1.0055081764662672,1.0062669998669094,0.008138894220415915,81.38894220415915,0.005508176466267223,55.08176466267223,0.006266999866909373,62.66999866909373
2021-11-21 00:00:00+00:00,1.0056917265317975,1.0063141945647485,1.0066940348853064,0.005691726531797503,56.91726531797503,0.006314194564748465,63.141945647484654,0.006694034885306399,66.940348853064
2021-11-22 00:00:00+00:00,1.0030027014075449,1.002942921984715,1.0045095324104352,0.0030027014075448832,30.027014075448832,0.002942921984715019,29.42921984715019,0.004509532410435169,45.09532410435169
2021-11-23 00:00:00+00:00,1.0002238536859123,0.9999017290553064,0.9998445389780183,0.0002238536859122675,2.238536859122675,-9.827094469361253e-05,-0.9827094469361253,-0.00015546102198171763,-1.5546102198171763
2021-11-24 00:00:00+00:00,1.001457444859083,1.0012366069858079,1.0009342579476663,0.0014574448590829459,14.574448590829459,0.0012366069858078532,12.366069858078532,0.0009342579476663282,9.342579476663282
2021-11-25 00:00:00+00:00,1.0006462577623803,0.9999580024455508,1.0022449717530393,0.0006462577623802535,6.4625776238025345,-4.1997554449224594e-05,-0.41997554449224594,0.002244971753039282,22.44971753039282
2021-11-26 00:00:00+00:00,0.9981012716738326,0.997962837763451,0.9979605899172781,-0.0018987283261674426,-18.987283261674428,-0.0020371622365490394,-20.371622365490396,-0.002039410082721904,-20.39410082721904
2021-11-27 00:00:00+00:00,1.0002332221433354,0.9999429300128467,1.0001721286929506,0.000233222143335432,2.33222143335432,-5.706998715326872e-05,-0.5706998715326872,0.00017212869295057942,1.7212869295057942
2021-11-28 00:00:00+00:00,1.0010565448579762,0.9997368930345666,0.9987986676681155,0.0010565448579762382,10.565448579762382,-0.00026310696543341283,-2.6310696543341283,-0.0012013323318844638,-12.013323318844638
2021-11-29 00:00:00+00:00,0.9990792036951022,1.0004934013930886,1.0016378288226266,-0.0009207963048978307,-9.207963048978307,0.0004934013930886216,4.934013930886216,0.0016378288226266413,16.378288226266413
2021-11-30 00:00:00+00:00,0.9996712468387022,0.9984575534887358,0.9986096775069205,-0.0003287531612977679,-3.287531612977679,-0.0015424465112642283,-15.424465112642283,-0.0013903224930794655,-13.903224930794655
2021-12-01 00:00:00+00:00,0.9984956996821092,0.9977658019632214,0.9980027717987819,-0.0015043003178908387,-15.043003178908387,-0.0022341980367786007,-22.341980367786007,-0.0019972282012180598,-19.9722820121806
2021-12-02 00:00:00+00:00,1.000239190379526,1.0007834225565695,1.0013194895318522,0.00023919037952602196,2.3919037952602196,0.0007834225565694908,7.834225565694908,0.001319489531852236,13.19489531852236
2021-12-03 00:00:00+00:00,0.9977433943020403,0.9981847390488103,0.9975399468914085,-0.0022566056979597127,-22.56605697959713,-0.0018152609511896678,-18.152609511896678,-0.0024600531085915422,-24.60053108591542
2021-12-04 00:00:00+00:00,1.0005164295697797,1.002066320334971,0.9997037682179785,0.0005164295697797083,5.164295697797083,0.0020663203349708947,20.663203349708947,-0.00029623178202153877,-2.9623178202153877
2021-12-05 00:00:00+00:00,1.000746466689847,0.9991321446116995,0.9995927005148129,0.000746466689846903,7.46466689846903,-0.0008678553883004758,-8.678553883004758,-0.0004072994851871403,-4.072994851871403
2021-12-06 00:00:00+00:00,1.0013614249203975,1.0012017884986828,1.0004759566469394,0.0013614249203974804,13.614249203974804,0.0012017884986827987,12.017884986827987,0.00047595664693944606,4.759566469394461
2021-12-07 00:00:00+00:00,0.9998202514417941,1.0009222152053892,1.001023860880681,-0.00017974855820590552,-1.7974855820590552,0.0009222152053891541,9.222152053891541,0.0010238608806809602,10.238608806809602
2021-12-08 00:00:00+00:00,1.0014777345149886,1.0020050105848837,1.002961374619363,0.0014777345149885601,14.777345149885601,0.002005010584883671,20.050105848836708,0.0029613746193630774,29.613746193630774
2021-12-09 00:00:00+00:00,0.9998456677218442,1.000099566899207,1.001355766626611,-0.00015433227815575545,-1.5433227815575545,9.956689920698203e-05,0.9956689920698203,0.0013557666266110768,13.557666266110768
2021-12-10 00:00:00+00:00,0.9980983937408557,0.9985747046648302,0.9980080078315127,-0.0019016062591442617,-19.01606259144262,-0.001425295335169774,-14.25295335169774,-0.001991992168487333,-19.91992168487333
2021-12-11 00:00:00+00:00,0.9964470361493086,0.9961241561325705,0.9952292151296734,-0.0035529638506913708,-35.529638506913706,-0.0038758438674294515,-38.75843867429452,-0.004770784870326561,-47.70784870326561
2021-12-12 00:00:00+00:00,1.0001308614676738,0.9976642221736779,0.9995493084963345,0.00013086146767382623,1.3086146767382623,-0.002335777826322105,-23.35777826322105,-0.00045069150366550126,-4.506915036655013
2021-12-13 00:00:00+00:00,0.999384956053671,0.9992315811379889,0.9989776216461036,-0.0006150439463290525,-6.150439463290525,-0.0007684188620110666,-7.684188620110666,-0.0010223783538964026,-10.223783538964026
2021-12-14 00:00:00+00:00,0.9974935997374739,0.998431856644027,0.998837928269569,-0.0025064002625261317,-25.064002625261317,-0.0015681433559729951,-15.681433559729951,-0.0011620717304310357,-11.620717304310357
2021-12-15 00:00:00+00:00,1.002128817293733,1.001547113533782,1.002644274213685,0.002128817293733043,21.28817293733043,0.0015471135337818964,15.471135337818964,0.0026442742136849606,26.442742136849606
2021-12-16 00:00:00+00:00,1.0002532736834753,0.9995022904564755,0.9996574334907534,0.0002532736834752747,2.532736834752747,-0.0004977095435244605,-4.977095435244605,-0.00034256650924657794,-3.4256650924657794
2021-12-17 00:00:00+00:00,0.9994595425440926,1.0004251063392964,0.9998809497470357,-0.0005404574559073616,-5.404574559073616,0.0004251063392963772,4.251063392963772,-0.00011905025296432559,-1.1905025296432559
2021-12-18 00:00:00+00:00,0.9983872529429573,0.9997624271831593,1.000312941831748,-0.0016127470570427294,-16.127470570427292,-0.0002375728168406699,-2.375728168406699,0.0003129418317480148,3.129418317480148
2021-12-19 00:00:00+00:00,0.9999049136851164,1.000468328448435,1.0009100206662713,-9.508631488364117e-05,-0.9508631488364117,0.0004683284484350292,4.683284484350292,0.0009100206662713273,9.100206662713273
2021-12-20 00:00:00+00:00,0.9986366387766394,0.9987582573276191,0.9979977086226405,-0.0013633612233605596,-13.633612233605596,-0.0012417426723808633,-12.417426723808633,-0.002002291377359522,-20.02291377359522
2021-12-21 00:00:00+00:00,1.0031154352516436,1.0031801488413818,1.0038612209419489,0.0031154352516435946,31.154352516435946,0.003180148841381847,31.80148841381847,0.003861220941948851,38.61220941948851
2021-12-22 00:00:00+00:00,1.0023078392336389,1.0020355912082746,1.0018709312810887,0.0023078392336388642,23.078392336388642,0.0020355912082745675,20.355912082745675,0.001870931281088728,18.70931281088728
2021-12-23 00:00:00+00:00,1.001359617846738,1.0022051215191505,1.0015749457522725,0.0013596178467381037,13.596178467381037,0.0022051215191505324,22.051215191505324,0.0015749457522724608,15.749457522724608
2021-12-24 00:00:00+00:00,1.002993960708656,1.0037032919876565,1.0041943296334785,0.002993960708655985,29.93960708655985,0.0037032919876565096,37.032919876565096,0.004194329633478544,41.943296334785444
2021-12-25 00:00:00+00:00,1.0030638121324396,1.002117880578456,1.001541955953632,0.0030638121324395584,30.638121324395584,0.0021178805784560772,21.178805784560772,0.001541955953632046,15.41955953632046
2021-12-26 00:00:00+00:00,1.0011658004180661,0.9999938549827467,0.9993268245998299,0.0011658004180661319,11.658004180661319,-6.145017253267326e-06,-0.061450172532673264,-0.0006731754001700896,-6.731754001700896
2021-12-27 00:00:00+00:00,1.0018770261015757,1.000044386743404,1.00062337037022,0.0018770261015756962,18.77026101575696,4.438674340390136e-05,0.44386743403901363,0.0006233703702200888,6.233703702200888
2021-12-28 00:00:00+00:00,1.0005678641372593,0.9999943110111542,0.9986690072403424,0.0005678641372592885,5.678641372592885,-5.688988845786724e-06,-0.056889888457867244,-0.0013309927596576454,-13.309927596576454
2021-12-29 00:00:00+00:00,1.0004601482566011,0.9999649206803941,0.9999219383159994,0.0004601482566011228,4.601482566011228,-3.5079319605890724e-05,-0.35079319605890724,-7.806168400059654e-05,-0.7806168400059654
2021-12-30 00:00:00+00:00,1.0022754173494994,1.0052491203416731,1.003109144869894,0.002275417349499431,22.754173494994312,0.00524912034167313,52.4912034167313,0.0031091448698941093,31.091448698941093
2021-12-31 00:00:00+00:00,1.0013363724078002,1.0032391820702573,1.0034488589723702,0.001336372407800157,13.363724078001571,0.003239182070257307,32.39182070257307,0.003448858972370239,34.48858972370239
2022-01-01 00:00:00+00:00,0.9985822067781048,1.0004306190141758,0.9993700114561144,-0.0014177932218951694,-14.177932218951694,0.00043061901417584814,4.306190141758481,-0.000629988543885629,-6.29988543885629
2022-01-02 00:00:00+00:00,1.0056235944841931,1.0049661491001773,1.0045838469036152,0.0056235944841931396,56.2359448419314,0.004966149100177342,49.66149100177341,0.004583846903615241,45.838469036152404
2022-01-03 00:00:00+00:00,1.0004834410262937,1.000327995394832,1.001728658508782,0.0004834410262937183,4.834410262937183,0.0003279953948320813,3.279953948320813,0.0017286585087818995,17.286585087818995
2022-01-04 00:00:00+00:00,1.0009629642404405,1.0008293667207893,1.002153552597072,0.0009629642404405114,9.629642404405114,0.0008293667207892597,8.293667207892597,0.0021535525970719505,21.535525970719505
2022-01-05 00:00:00+00:00,0.9986834480679877,0.9998077875893735,0.9999623798449394,-0.0013165519320122998,-13.165519320122998,-0.00019221241062650218,-1.9221241062650218,-3.7620155060591465e-05,-0.37620155060591465
2022-01-06 00:00:00+00:00,1.0030243967229124,1.001544955646883,1.0027253962862919,0.003024396722912437,30.24396722912437,0.0015449556468829506,15.449556468829506,0.00272539628629187,27.2539628629187
2022-01-07 00:00:00+00:00,1.00117144155747,1.0005977337857839,0.9999307222007994,0.0011714415574699544,11.714415574699544,0.0005977337857838716,5.977337857838716,-6.927779920062882e-05,-0.6927779920062882
2022-01-08 00:00:00+00:00,1.0020948041772597,1.0022072714909045,1.0034421579742756,0.0020948041772597126,20.948041772597126,0.0022072714909044944,22.072714909044944,0.003442157974275606,34.42157974275606
2022-01-09 00:00:00+00:00,0.9976930894895434,0.999402944850084,0.9979787957942013,-0.0023069105104566168,-23.06910510456617,-0.000597055149916037,-5.97055149916037,-0.0020212042057986546,-20.212042057986544
2022-01-10 00:00:00+00:00,0.9994756681637142,1.000593347066406,1.0028566735635658,-0.0005243318362857519,-5.243318362857519,0.0005933470664059026,5.933470664059026,0.0028566735635657814,28.566735635657814
2022-01-11 00:00:00+00:00,1.0010964177991486,1.0007153853710204,1.0010705133845283,0.0010964177991485968,10.964177991485968,0.0007153853710204494,7.153853710204494,0.0010705133845283488,10.705133845283488
2022-01-12 00:00:00+00:00,1.0004184134135823,0.9998590606953955,0.9996134357533232,0.0004184134135822859,4.184134135822859,-0.00014093930460445936,-1.4093930460445936,-0.00038656424667682376,-3.8656424667682376
2022-01-13 00:00:00+00:00,1.000972444201599,1.0014087269461616,1.0014295911777993,0.000972444201599032,9.72444201599032,0.0014087269461615648,14.087269461615648,0.0014295911777992831,14.295911777992831
2022-01-14 00:00:00+00:00,0.999478513268202,1.0002214839585746,1.000619253615327,-0.000521486731797971,-5.21486731797971,0.00022148395857457537,2.2148395857457537,0.0006192536153271089,6.192536153271089
2022-01-15 00:00:00+00:00,1.0008938665585343,1.0008576322487401,0.9991799307000007,0.0008938665585342953,8.938665585342953,0.0008576322487401367,8.576322487401367,-0.0008200692999993375,-8.200692999993375
2022-01-16 00:00:00+00:00,0.9997643619654017,1.0001212369755634,0.999419094446441,-0.00023563803459825117,-2.3563803459825117,0.00012123697556343238,1.2123697556343238,-0.0005809055535590524,-5.809055535590524
2022-01-17 00:00:00+00:00,1.000303512290524,0.9997303949452278,1.0001707531862736,0.000303512290523944,3.03512290523944,-0.0002696050547722484,-2.696050547722484,0.0001707531862735756,1.707531862735756
2022-01-18 00:00:00+00:00,1.0021094070406404,1.002406183383292,1.0014080128462455,0.002109407040640443,21.09407040640443,0.0024061833832920154,24.061833832920154,0.0014080128462454766,14.080128462454766
2022-01-19 00:00:00+00:00,1.000021973983272,0.9996010732075862,0.9998180801146479,2.197398327208333e-05,0.2197398327208333,-0.0003989267924138229,-3.989267924138229,-0.0001819198853520998,-1.819198853520998
2022-01-20 00:00:00+00:00,0.9989611725155961,0.9987928148354954,0.99749555234943,-0.0010388274844038703,-10.388274844038703,-0.0012071851645045761,-12.071851645045761,-0.0025044476505700075,-25.044476505700075
2022-01-21 00:00:00+00:00,1.0000747517851083,1.0002063531406584,1.0016078492682863,7.475178510829572e-05,0.7475178510829572,0.0002063531406584218,2.063531406584218,0.0016078492682862766,16.078492682862766
2022-01-22 00:00:00+00:00,0.9992637307757289,1.0029016449727353,1.0024367183687009,-0.0007362692242710578,-7.362692242710578,0.0029016449727352622,29.016449727352622,0.002436718368700852,24.36718368700852
2022-01-23 00:00:00+00:00,1.0025120296206997,1.004079740005832,1.0046806253005622,0.0025120296206997406,25.120296206997406,0.004079740005832111,40.79740005832111,0.004680625300562236,46.80625300562235
2022-01-24 00:00:00+00:00,0.9999797822972506,1.0050951569186162,1.0030098942651917,-2.0217702749403266e-05,-0.20217702749403266,0.005095156918616173,50.95156918616173,0.003009894265191715,30.09894265191715
2022-01-25 00:00:00+00:00,1.0052319388013413,1.000985872061603,1.00389694914775,0.005231938801341318,52.31938801341318,0.0009858720616029437,9.858720616029437,0.003896949147750073,38.969491477500725
2022-01-26 00:00:00+00:00,1.001427965920727,1.002754609712643,1.0018360098971724,0.0014279659207270257,14.279659207270257,0.0027546097126429636,27.546097126429636,0.0018360098971723637,18.360098971723637
2022-01-27 00:00:00+00:00,1.0016301524104454,1.0008363770311595,1.0014064500872895,0.0016301524104453957,16.301524104453957,0.0008363770311594632,8.363770311594632,0.001406450087289457,14.06450087289457
2022-01-28 00:00:00+00:00,1.0070379318885003,1.0025949194989192,1.0040239380130878,0.007037931888500326,70.37931888500326,0.0025949194989192126,25.949194989192126,0.004023938013087758,40.23938013087758
2022-01-29 00:00:00+00:00,1.0018345700738902,1.0003506015740085,1.0014095947614836,0.001834570073890207,18.34570073890207,0.0003506015740084578,3.506015740084578,0.0014095947614836124,14.095947614836124
2022-01-30 00:00:00+00:00,1.0031558349233265,1.0031210945968025,1.0020260173660065,0.003155834923326495,31.55834923326495,0.0031210945968025428,31.210945968025428,0.002026017366006494,20.26017366006494
2022-01-31 00:00:00+00:00,1.0018702555693801,1.0007130267717432,1.000315021813321,0.0018702555693801415,18.702555693801415,0.0007130267717432304,7.130267717432304,0.00031502181332099255,3.1502181332099255
2022-02-01 00:00:00+00:00,1.0016174186226114,1.0010944390940482,1.0013154112120533,0.001617418622611444,16.17418622611444,0.0010944390940481608,10.944390940481608,0.0013154112120532524,13.154112120532524
2022-02-02 00:00:00+00:00,1.0014445867674944,1.000651388181029,1.0017185468267253,0.0014445867674943713,14.445867674943713,0.0006513881810290556,6.513881810290556,0.0017185468267253423,17.185468267253423
2022-02-03 00:00:00+00:00,1.0019361690591382,1.0008908161689354,1.0012885372403515,0.001936169059138182,19.36169059138182,0.0008908161689353822,8.908161689353822,0.001288537240351495,12.88537240351495
2022-02-04 00:00:00+00:00,1.0014022128872366,1.0018205292788318,1.00083607902392,0.0014022128872366313,14.022128872366313,0.0018205292788318062,18.20529278831806,0.0008360790239199112,8.360790239199112
2022-02-05 00:00:00+00:00,1.0055295027895599,1.0109247319456431,1.004345692108945,0.005529502789559881,55.295027895598814,0.01092473194564314,109.2473194564314,0.004345692108945087,43.45692108945087
2022-02-06 00:00:00+00:00,1.0004555913845614,0.9984807416921838,0.9998959242148853,0.0004555913845614157,4.555913845614157,-0.0015192583078161848,-15.192583078161848,-0.00010407578511473226,-1.0407578511473226
2022-02-07 00:00:00+00:00,1.0003523320423096,1.0016139883557391,1.0007135241116223,0.0003523320423095555,3.523320423095555,0.0016139883557391155,16.139883557391155,0.0007135241116222879,7.135241116222879
2022-02-08 00:00:00+00:00,1.0012987622531533,0.9991344731313307,1.0003575999897827,0.001298762253153285,12.98762253153285,-0.000865526868669253,-8.65526868669253,0.0003575999897826865,3.575999897826865
2022-02-09 00:00:00+00:00,1.0014548302007205,1.0009916193888868,1.0020578454884161,0.0014548302007204583,14.548302007204583,0.0009916193888868108,9.916193888868108,0.0020578454884161435,20.578454884161435
2022-02-10 00:00:00+00:00,1.001174307079406,1.0013323797292721,1.0012159231853026,0.0011743070794059118,11.743070794059118,0.0013323797292721373,13.323797292721373,0.0012159231853026142,12.159231853026142
2022-02-11 00:00:00+00:00,1.0016565674811129,1.0019474373361499,1.0024054293143503,0.0016565674811128694,16.565674811128694,0.001947437336149882,19.47437336149882,0.0024054293143502825,24.054293143502825
2022-02-12 00:00:00+00:00,1.002044962613607,1.0003195478439395,0.999990634662446,0.002044962613606982,20.44962613606982,0.00031954784393950497,3.1954784393950497,-9.36533755402369e-06,-0.0936533755402369
2022-02-13 00:00:00+00:00,1.0020008637590438,1.0008991098078837,1.001920195208663,0.002000863759043847,20.00863759043847,0.0008991098078836579,8.991098078836579,0.0019201952086629337,19.201952086629337
2022-02-14 00:00:00+00:00,1.001159994853805,1.000207457460724,1.0007838522059145,0.0011599948538050242,11.599948538050242,0.00020745746072403648,2.074574607240365,0.0007838522059144815,7.838522059144815
2022-02-15 00:00:00+00:00,1.0011559666389789,0.9999529954132899,1.000029320753054,0.001155966638978878,11.55966638978878,-4.700458671014207e-05,-0.4700458671014207,2.9320753053951876e-05,0.29320753053951876
2022-02-16 00:00:00+00:00,0.9995509977090956,1.0000372536811137,0.9992287153937819,-0.0004490022909043878,-4.490022909043878,3.725368111373584e-05,0.37253681113735837,-0.0007712846062181145,-7.7128460621811445
2022-02-17 00:00:00+00:00,1.0007566553996012,0.9989945014955793,1.0000141883436302,0.000756655399601236,7.56655399601236,-0.0010054985044206655,-10.054985044206655,1.4188343630205935e-05,0.14188343630205935
2022-02-18 00:00:00+00:00,1.0010632835587068,0.9993043308119659,0.9991588008967924,0.0010632835587067735,10.632835587067735,-0.0006956691880340982,-6.956691880340982,-0.0008411991032075683,-8.411991032075683
2022-02-19 00:00:00+00:00,1.0004173027213277,1.0007035124286834,1.0005105546568724,0.00041730272132767254,4.173027213276725,0.0007035124286833838,7.035124286833838,0.0005105546568724417,5.105546568724417
2022-02-20 00:00:00+00:00,1.0023439555812612,1.0024519527303823,1.002936864636998,0.0023439555812612145,23.439555812612145,0.002451952730382345,24.519527303823452,0.002936864636998049,29.36864636998049
2022-02-21 00:00:00+00:00,1.0010460394461242,1.0016246907116337,1.000443322110699,0.0010460394461242473,10.460394461242473,0.0016246907116337361,16.24690711633736,0.00044332211069897376,4.433221106989738
2022-02-22 00:00:00+00:00,1.0019240318239147,1.0016619795907469,1.0006714860893369,0.0019240318239146514,19.240318239146514,0.001661979590746876,16.61979590746876,0.0006714860893368702,6.7148608933687015
2022-02-23 00:00:00+00:00,0.9995265690744085,0.9997218294266222,0.9993246776838226,-0.00047343092559148925,-4.7343092559148925,-0.0002781705733777562,-2.781705733777562,-0.0006753223161773958,-6.753223161773958
2022-02-24 00:00:00+00:00,1.0019596616903401,1.0004966672067106,1.0004650006508624,0.00195966169034012,19.5966169034012,0.0004966672067105993,4.966672067105993,0.0004650006508624127,4.650006508624127
2022-02-25 00:00:00+00:00,1.0011559240960315,1.0008244235021264,1.0011209579639178,0.001155924096031491,11.55924096031491,0.0008244235021264146,8.244235021264146,0.001120957963917757,11.20957963917757
2022-02-26 00:00:00+00:00,1.0024861622581471,1.0013726670541698,1.0003098867539661,0.0024861622581471288,24.861622581471288,0.0013726670541698294,13.726670541698294,0.00030988675396614873,3.0988675396614873
2022-02-27 00:00:00+00:00,1.0024715029362172,1.0025797638808955,1.0023674793897281,0.002471502936217229,24.71502936217229,0.002579763880895536,25.79763880895536,0.0023674793897281443,23.674793897281443
2022-02-28 00:00:00+00:00,1.0025360426218632,1.0024356061335944,1.0015626116361454,0.0025360426218632437,25.360426218632437,0.0024356061335943924,24.356061335943924,0.0015626116361453501,15.626116361453501
2022-03-01 00:00:00+00:00,1.0001039995896521,1.0005005774454707,1.0007604524780034,0.00010399958965212619,1.039995896521262,0.0005005774454707179,5.005774454707179,0.0007604524780033817,7.604524780033817
2022-03-02 00:00:00+00:00,0.9993903527417217,1.0005139115767827,1.0005158142152764,-0.0006096472582782786,-6.096472582782786,0.0005139115767827107,5.139115767827107,0.0005158142152763556,5.158142152763556
2022-03-03 00:00:00+00:00,1.0012250061967085,0.9996553708567252,0.9998868152431039,0.0012250061967085113,12.250061967085113,-0.00034462914327482164,-3.4462914327482164,-0.00011318475689614527,-1.1318475689614527
2022-03-04 00:00:00+00:00,1.0009026478002983,0.9993073172626976,0.9988709688083399,0.0009026478002982508,9.026478002982508,-0.0006926827373023858,-6.926827373023858,-0.0011290311916600793,-11.290311916600793
2022-03-05 00:00:00+00:00,1.0015430892742991,1.0001582515468186,0.9998674880936187,0.0015430892742991364,15.430892742991364,0.00015825154681858855,1.5825154681858855,-0.00013251190638130517,-1.3251190638130517
2022-03-06 00:00:00+00:00,1.0016383399845141,1.0011706272626384,1.001538361323274,0.0016383399845141255,16.383399845141255,0.0011706272626383907,11.706272626383907,0.0015383613232740068,15.383613232740068
2022-03-07 00:00:00+00:00,1.0009572741099833,0.9999293398698633,1.000655109715296,0.0009572741099832527,9.572741099832527,-7.066013013667938e-05,-0.7066013013667938,0.0006551097152960317,6.551097152960317
2022-03-08 00:00:00+00:00,1.00005508644099,0.9985686959715133,1.0000864645506375,5.508644099005977e-05,0.5508644099005977,-0.0014313040284866796,-14.313040284866796,8.646455063754388e-05,0.8646455063754388
2022-03-09 00:00:00+00:00,1.0001625225219193,1.0000849056150818,0.9997318603436622,0.00016252252191928385,1.6252252191928385,8.490561508178729e-05,0.8490561508178729,-0.0002681396563377625,-2.681396563377625
2022-03-10 00:00:00+00:00,1.0001962064294985,0.9999741333012511,1.000137483278008,0.0001962064294984689,1.962064294984689,-2.5866698748933104e-05,-0.25866698748933104,0.00013748327800811033,1.3748327800811033
2022-03-11 00:00:00+00:00,1.00099147332992,1.0003230850217906,1.0000970973006742,0.0009914733299198897,9.914733299198897,0.0003230850217905701,3.230850217905701,9.70973006741982e-05,0.970973006741982
2022-03-12 00:00:00+00:00,0.9995716448615567,0.9992508425468998,0.9982997975017451,-0.00042835513844330375,-4.2835513844330375,-0.0007491574531002243,-7.491574531002243,-0.0017002024982548658,-17.002024982548658
2022-03-13 00:00:00+00:00,0.999966505612872,1.0003452289203352,0.9998180789536015,-3.34943871279636e-05,-0.334943871279636,0.00034522892033517216,3.4522892033517216,-0.00018192104639846995,-1.8192104639846995
2022-03-14 00:00:00+00:00,1.0007095097283645,1.0010941313310353,1.0014037767732076,0.0007095097283644769,7.095097283644769,0.0010941313310353085,10.941313310353085,0.0014037767732075768,14.037767732075768
2022-03-15 00:00:00+00:00,0.9997050107150768,1.0007202201338883,0.9996745386143615,-0.0002949892849232194,-2.949892849232194,0.000720220133888283,7.20220133888283,-0.0003254613856384925,-3.2546138563849247
2022-03-16 00:00:00+00:00,1.0002701882237923,0.9998504694788073,0.9983274584727494,0.00027018822379232255,2.7018822379232255,-0.00014953052119270893,-1.4953052119270893,-0.001672541527250604,-16.72541527250604
2022-03-17 00:00:00+00:00,1.000895969522832,0.9999267674527553,1.000737422537963,0.0008959695228321074,8.959695228321074,-7.323254724467265e-05,-0.7323254724467265,0.0007374225379630506,7.374225379630506
2022-03-18 00:00:00+00:00,1.0011828848189481,1.000661742999398,1.0004497081383226,0.0011828848189481267,11.828848189481267,0.0006617429993980295,6.617429993980295,0.00044970813832256873,4.497081383225687
2022-03-19 00:00:00+00:00,1.0013238153700599,1.0001809569437663,1.0001117773479806,0.0013238153700598776,13.238153700598776,0.00018095694376629723,1.8095694376629723,0.00011177734798062389,1.1177734798062389
2022-03-20 00:00:00+00:00,1.0002337243377788,0.9998901531745754,0.9995768311411906,0.00023372433777879564,2.3372433777879564,-0.00010984682542458657,-1.0984682542458657,-0.00042316885880944177,-4.231688588094418
2022-03-21 00:00:00+00:00,0.999705664520263,0.9995387480855616,0.9993197920975264,-0.0002943354797370068,-2.943354797370068,-0.0004612519144383542,-4.612519144383542,-0.0006802079024735841,-6.802079024735841
2022-03-22 00:00:00+00:00,1.0002161567787191,0.999038969738323,0.9991889963270627,0.0002161567787191121,2.161567787191121,-0.0009610302616770428,-9.610302616770428,-0.0008110036729372938,-8.110036729372938
2022-03-23 00:00:00+00:00,0.9996097475029136,0.9995525568547253,0.9988920598231303,-0.0003902524970863519,-3.902524970863519,-0.000447443145274673,-4.47443145274673,-0.0011079401768696595,-11.079401768696595
2022-03-24 00:00:00+00:00,0.9983480265637394,0.998884668088062,0.9992236831161674,-0.0016519734362605565,-16.519734362605565,-0.0011153319119380223,-11.153319119380223,-0.0007763168838326173,-7.763168838326173
2022-03-25 00:00:00+00:00,0.9996152844402534,1.0002616763749685,0.9992663665858139,-0.00038471555974661786,-3.8471555974661786,0.0002616763749685447,2.616763749685447,-0.0007336334141860856,-7.336334141860856
2022-03-26 00:00:00+00:00,0.9997329751172667,0.9991693696590633,0.9992566058583493,-0.00026702488273333547,-2.6702488273333547,-0.0008306303409366667,-8.306303409366667,-0.0007433941416506995,-7.433941416506995
2022-03-27 00:00:00+00:00,0.9995156908586182,0.9992760087010031,0.998889255678509,-0.00048430914138175574,-4.843091413817557,-0.0007239912989969177,-7.239912989969177,-0.0011107443214910528,-11.107443214910528
2022-03-28 00:00:00+00:00,0.9987822978832042,1.000660115867296,0.9986630630662947,-0.001217702116795838,-12.17702116795838,0.000660115867296085,6.60115867296085,-0.0013369369337052905,-13.369369337052905
2022-03-29 00:00:00+00:00,0.9977101902581389,0.9993075320614061,0.997864033103137,-0.002289809741861104,-22.89809741861104,-0.0006924679385938992,-6.924679385938992,-0.0021359668968630174,-21.359668968630174
2022-03-30 00:00:00+00:00,0.9997415220290491,1.0010908889850052,0.9994220068927772,-0.00025847797095090996,-2.5847797095090996,0.0010908889850052006,10.908889850052006,-0.0005779931072228406,-5.779931072228406
2022-03-31 00:00:00+00:00,0.9993940566533243,1.0078603676079279,0.998782376325468,-0.0006059433466757413,-6.0594334667574135,0.007860367607927854,78.60367607927854,-0.0012176236745320423,-12.176236745320423
2022-04-01 00:00:00+00:00,1.0008077952490488,1.0075398703752696,1.0030358450402304,0.0008077952490488371,8.077952490488371,0.007539870375269597,75.39870375269598,0.003035845040230356,30.35845040230356
2022-04-02 00:00:00+00:00,1.0002796048301812,1.0055911087337428,0.9996696950144209,0.0002796048301811904,2.7960483018119042,0.0055911087337428,55.911087337428,-0.0003303049855790663,-3.303049855790663
2022-04-03 00:00:00+00:00,0.9996445747776086,1.0032681375270005,0.9990661334642851,-0.0003554252223914034,-3.554252223914034,0.003268137527000503,32.681375270005034,-0.0009338665357149223,-9.338665357149223
2022-04-04 00:00:00+00:00,1.0006892086127013,1.0010914973935747,1.0004442399687585,0.0006892086127012753,6.892086127012753,0.0010914973935747252,10.914973935747252,0.0004442399687585308,4.442399687585308
2022-04-05 00:00:00+00:00,1.0005960915337249,1.0004016879208253,0.9995387654849067,0.0005960915337248629,5.960915337248629,0.0004016879208252888,4.016879208252888,-0.0004612345150932784,-4.612345150932784
2022-04-06 00:00:00+00:00,1.0008745206772538,0.9979936309605093,1.0002567199949335,0.0008745206772537983,8.745206772537983,-0.0020063690394906963,-20.063690394906963,0.0002567199949334853,2.567199949334853
2022-04-07 00:00:00+00:00,0.9997690801756285,1.0014919605140833,0.9997407000985111,-0.0002309198243715116,-2.309198243715116,0.0014919605140832903,14.919605140832903,-0.00025929990148887416,-2.5929990148887416
2022-04-08 00:00:00+00:00,1.0002149312802222,0.9965315374765638,0.9991226565025674,0.0002149312802222081,2.149312802222081,-0.0034684625234362443,-34.68462523436244,-0.0008773434974326255,-8.773434974326255
2022-04-09 00:00:00+00:00,1.000854436837646,0.9983373652733512,1.001941005669775,0.0008544368376459666,8.544368376459666,-0.0016626347266488484,-16.626347266488484,0.0019410056697750644,19.410056697750644
2022-04-10 00:00:00+00:00,1.000629158719267,1.0013035144864058,1.0010450772529274,0.0006291587192670534,6.291587192670534,0.0013035144864057546,13.035144864057546,0.001045077252927351,10.450772529273511
2022-04-11 00:00:00+00:00,1.0009235374706658,0.9977366828228306,1.0000263026669505,0.0009235374706657584,9.235374706657584,-0.0022633171771694327,-22.63317177169433,2.6302666950472897e-05,0.26302666950472897
2022-04-12 00:00:00+00:00,1.0009510266187929,0.9978439586289429,1.0003542307642526,0.0009510266187928718,9.510266187928718,-0.0021560413710570714,-21.560413710570714,0.00035423076425256106,3.5423076425256106
2022-04-13 00:00:00+00:00,1.0015217695144845,0.9975094853839765,1.0023692729398144,0.0015217695144844612,15.217695144844612,-0.0024905146160234537,-24.905146160234537,0.002369272939814371,23.692729398143708
2022-04-14 00:00:00+00:00,1.001569177801373,1.0000578524217392,1.0015096866114064,0.0015691778013728896,15.691778013728896,5.785242173916849e-05,0.5785242173916849,0.00150968661140638,15.0968661140638
2022-04-15 00:00:00+00:00,1.0012285369567688,0.9994327863301964,1.0011970159961963,0.0012285369567688331,12.285369567688331,-0.0005672136698036123,-5.672136698036123,0.00119701599619626,11.970159961962601
2022-04-16 00:00:00+00:00,1.0005182605317964,0.9999587068490895,1.0002635635310386,0.0005182605317963773,5.182605317963773,-4.129315091050412e-05,-0.4129315091050412,0.0002635635310386242,2.6356353103862418
2022-04-17 00:00:00+00:00,1.0009584476894395,0.9978280022390866,1.000756416551078,0.0009584476894395344,9.584476894395344,-0.002171997760913369,-21.71997760913369,0.0007564165510780541,7.564165510780541
2022-04-18 00:00:00+00:00,1.0008919375799392,0.9998454945491233,1.0012847252339117,0.0008919375799392171,8.91937579939217,-0.00015450545087669632,-1.5450545087669632,0.0012847252339116544,12.847252339116544
2022-04-19 00:00:00+00:00,1.0007810191370277,0.9991704090606262,1.0011206045427512,0.0007810191370276609,7.810191370276609,-0.0008295909393738476,-8.295909393738476,0.0011206045427512024,11.206045427512024
2022-04-20 00:00:00+00:00,0.9996658533246205,0.9994108244614338,0.9995438427414614,-0.0003341466753794542,-3.341466753794542,-0.000589175538566189,-5.89175538566189,-0.0004561572585386475,-4.561572585386475
2022-04-21 00:00:00+00:00,0.9999946212029258,0.9988019643852256,0.9997526442618908,-5.37879707418476e-06,-0.0537879707418476,-0.0011980356147743842,-11.980356147743842,-0.00024735573810918954,-2.4735573810918954
2022-04-22 00:00:00+00:00,1.000616324249968,0.999342968894197,1.000165675394015,0.0006163242499679367,6.163242499679367,-0.0006570311058029521,-6.570311058029521,0.00016567539401490805,1.6567539401490805
2022-04-23 00:00:00+00:00,1.0001412686598603,0.9994630212020397,1.0002577023897254,0.00014126865986030523,1.4126865986030523,-0.0005369787979603302,-5.369787979603302,0.0002577023897254449,2.577023897254449
2022-04-24 00:00:00+00:00,1.001014268434818,1.0010521060503852,1.0009004329665723,0.0010142684348179998,10.142684348179998,0.0010521060503851931,10.521060503851931,0.0009004329665722732,9.004329665722732
2022-04-25 00:00:00+00:00,1.000218592944554,0.9992038359770008,0.9986335752906758,0.0002185929445539525,2.185929445539525,-0.0007961640229992017,-7.9616402299920175,-0.0013664247093242432,-13.664247093242432
2022-04-26 00:00:00+00:00,1.000162256826683,0.9994745287167517,0.9998434411207335,0.0001622568266830271,1.622568266830271,-0.0005254712832483133,-5.254712832483133,-0.00015655887926646628,-1.5655887926646628
2022-04-27 00:00:00+00:00,1.0005013171064745,0.9979337196891018,1.0003337167117587,0.000501317106474497,5.01317106474497,-0.002066280310898172,-20.66280310898172,0.00033371671175874695,3.3371671175874695
2022-04-28 00:00:00+00:00,0.9998493401492841,0.9975890703350534,1.0000800133060592,-0.00015065985071593957,-1.5065985071593957,-0.002410929664946604,-24.10929664946604,8.001330605922341e-05,0.8001330605922341
2022-04-29 00:00:00+00:00,0.9996537859821241,0.9985310295748739,1.0003559330688674,-0.0003462140178759343,-3.462140178759343,-0.0014689704251260594,-14.689704251260594,0.00035593306886738674,3.5593306886738674
2022-04-30 00:00:00+00:00,1.001221616894716,0.9973827291688737,1.0007153263979591,0.0012216168947158934,12.216168947158934,-0.0026172708311262838,-26.172708311262838,0.0007153263979591262,7.153263979591262
2022-05-01 00:00:00+00:00,1.003268916807451,0.9979603620581264,1.0011375253761325,0.0032689168074508945,32.68916807450894,-0.002039637941873562,-20.39637941873562,0.0011375253761325421,11.375253761325421
2022-05-02 00:00:00+00:00,1.001379061986208,0.9982434800743979,1.0015201383321857,0.0013790619862079634,13.790619862079634,-0.001756519925602107,-17.565199256021067,0.001520138332185672,15.20138332185672
2022-05-03 00:00:00+00:00,1.0005221894276692,0.9983558256512097,1.000417091494725,0.0005221894276692396,5.221894276692396,-0.0016441743487902727,-16.441743487902727,0.0004170914947250193,4.170914947250193
2022-05-04 00:00:00+00:00,1.0010901511789587,0.9984317940705689,1.0012211545935554,0.0010901511789587204,10.901511789587204,-0.0015682059294310768,-15.682059294310768,0.001221154593555429,12.211545935554291
2022-05-05 00:00:00+00:00,0.9996788744090694,0.9999476710121177,1.0000782700592519,-0.0003211255909305599,-3.2112559093055992,-5.2328987882321876e-05,-0.5232898788232188,7.827005925187258e-05,0.7827005925187258
2022-05-06 00:00:00+00:00,1.0003777855209777,0.9992701838567464,1.00099209740513,0.00037778552097766926,3.7778552097766926,-0.0007298161432536254,-7.298161432536254,0.0009920974051300657,9.920974051300657
2022-05-07 00:00:00+00:00,1.0007634262561953,0.9970394902434665,1.0007515059406091,0.0007634262561952987,7.634262561952987,-0.0029605097565335026,-29.605097565335026,0.0007515059406091318,7.515059406091318
2022-05-08 00:00:00+00:00,1.00163084750084,0.9972543032283478,1.0008932617168793,0.0016308475008399714,16.308475008399714,-0.0027456967716521508,-27.456967716521508,0.0008932617168793122,8.932617168793122
2022-05-09 00:00:00+00:00,1.0,0.9992029244061919,1.0,0.0,0.0,-0.0007970755938081497,-7.970755938081497,0.0,0.0
2022-05-10 00:00:00+00:00,1.0,0.9992029243994208,1.0,0.0,0.0,-0.0007970756005791779,-7.970756005791779,0.0,0.0
2022-05-11 00:00:00+00:00,1.0,1.0,1.0,0.0,0.0,0.0,0.0,0.0,0.0
2022-05-12 00:00:00+00:00,1.0,1.0,1.0,0.0,0.0,0.0,0.0,0.0,0.0
2022-05-13 00:00:00+00:00,1.0,1.0,1.0,0.0,0.0,0.0,0.0,0.0,0.0
2022-05-14 00:00:00+00:00,1.0,1.0,1.0,0.0,0.0,0.0,0.0,0.0,0.0
2022-05-15 00:00:00+00:00,0.9989457600084647,1.0001999999883986,1.0027999998751569,-0.0010542399915353107,-10.542399915353107,0.00019999998839859146,1.9999998839859146,0.002799999875156889,27.99999875156889
2022-05-16 00:00:00+00:00,0.9991184099978928,1.0002765700150273,1.000813339999599,-0.000881590002107191,-8.81590002107191,0.00027657001502734424,2.7657001502734424,0.0008133399995990942,8.133399995990942
2022-05-17 00:00:00+00:00,0.9991184099978928,1.0002765699969074,1.0005891199479857,-0.000881590002107191,-8.81590002107191,0.00027656999690739426,2.7656999690739426,0.0005891199479857168,5.891199479857168
2022-05-18 00:00:00+00:00,0.9989583600001772,1.0001988000070001,1.0009485500579747,-0.0010416399998227632,-10.416399998227632,0.00019880000700012168,1.9880000700012168,0.0009485500579746731,9.48550057974673
2022-05-19 00:00:00+00:00,0.9990243200083568,1.0004459299902193,1.00056741001087,-0.0009756799916431635,-9.756799916431635,0.000445929990219307,4.45929990219307,0.0005674100108699065,5.674100108699065
2022-05-20 00:00:00+00:00,0.9993781900091686,1.0005011999851934,1.0003468899454098,-0.0006218099908313901,-6.218099908313901,0.000501199985193379,5.0119998519337905,0.00034688994540976736,3.4688994540976736
2022-05-21 00:00:00+00:00,0.9993781899941796,1.000501200001224,1.0006267599807788,-0.0006218100058204001,-6.218100058204001,0.0005012000012238893,5.012000012238893,0.0006267599807787683,6.267599807787683
2022-05-22 00:00:00+00:00,0.9989015799999882,1.0000938300010844,1.001413729875368,-0.0010984200000118127,-10.984200000118127,9.38300010844273e-05,0.938300010844273,0.0014137298753680305,14.137298753680305
2022-05-23 00:00:00+00:00,0.9991000000010477,1.000436950000839,1.000081169977981,-0.0008999999989522944,-8.999999989522944,0.00043695000083898705,4.3695000083898705,8.116997798102155e-05,0.8116997798102155
2022-05-24 00:00:00+00:00,0.9990000000102454,1.0001523699951798,0.9999368700980427,-0.0009999999897546408,-9.999999897546408,0.00015236999517975747,1.5236999517975747,-6.312990195733725e-05,-0.6312990195733725
2022-05-25 00:00:00+00:00,0.9990000000102454,1.0001523700018056,1.000609910018977,-0.0009999999897546408,-9.999999897546408,0.00015237000180556848,1.5237000180556848,0.0006099100189769224,6.099100189769224
2022-05-26 00:00:00+00:00,0.998986470007411,1.00012672001184,1.000378440065775,-0.0010135299925889685,-10.135299925889685,0.00012672001183999804,1.2672001183999804,0.00037844006577492095,3.7844006577492095
2022-05-27 00:00:00+00:00,0.9990567300012548,1.0000751700002064,1.0020000000268374,-0.0009432699987451665,-9.432699987451665,7.517000020640374e-05,0.7517000020640374,0.002000000026837423,20.00000026837423
2022-05-28 00:00:00+00:00,0.999118670001295,1.0003100199927728,1.0013603199407903,-0.0008813299987050494,-8.813299987050494,0.0003100199927728031,3.100199927728031,0.0013603199407903332,13.603199407903332
2022-05-29 00:00:00+00:00,0.9991785900097641,1.000132160003394,1.0011246999663819,-0.000821409990235944,-8.21409990235944,0.0001321600033941106,1.321600033941106,0.0011246999663818702,11.246999663818702
2022-05-30 00:00:00+00:00,0.9996161300027147,1.0003994000115384,1.0,-0.00038386999728534654,-3.8386999728534654,0.00039940001153837557,3.9940001153837557,0.0,0.0
2022-05-31 00:00:00+00:00,0.9994658799975432,1.000355160016651,1.0000906399034628,-0.0005341200024567838,-5.341200024567838,0.0003551600166509239,3.551600166509239,9.063990346280804e-05,0.9063990346280804
2022-06-01 00:00:00+00:00,0.9994658800105523,1.000355160000706,1.000910389936679,-0.0005341199894477455,-5.341199894477455,0.0003551600007059008,3.551600007059008,0.0009103899366789125,9.103899366789125
2022-06-02 00:00:00+00:00,0.9993999999972744,1.0002388299951224,1.0005172299229659,-0.0006000000027256425,-6.000000027256425,0.00023882999512236935,2.3882999512236935,0.0005172299229658783,5.172299229658783
2022-06-03 00:00:00+00:00,0.9995000000092744,1.0006816800017349,0.9998919999300304,-0.0004999999907255859,-4.999999907255859,0.0006816800017348523,6.816800017348523,-0.00010800006996958267,-1.0800006996958267
2022-06-04 00:00:00+00:00,0.999451340008066,1.000299300003162,1.0015222700067643,-0.0005486599919339863,-5.486599919339863,0.0002993000031619175,2.993000031619175,0.0015222700067643036,15.222700067643036
2022-06-05 00:00:00+00:00,0.9992999999991938,1.0002165599882766,1.0002692200389043,-0.0007000000008061669,-7.000000008061669,0.00021655998827663225,2.1655998827663225,0.00026922003890428314,2.6922003890428314
2022-06-06 00:00:00+00:00,0.9993469200088134,1.000399399988442,1.0001872300646235,-0.0006530799911865781,-6.530799911865781,0.0003993999884419619,3.993999884419619,0.00018723006462351144,1.8723006462351144
2022-06-07 00:00:00+00:00,0.99950261999386,1.0003278000069884,1.0007481499360515,-0.0004973800061399691,-4.973800061399691,0.00032780000698839906,3.2780000698839906,0.0007481499360515453,7.481499360515453
2022-06-08 00:00:00+00:00,0.99950261999386,1.0003278000012166,1.0002020600492012,-0.0004973800061399691,-4.973800061399691,0.0003278000012165716,3.278000012165716,0.00020206004920120257,2.0206004920120257
2022-06-09 00:00:00+00:00,0.9995611899913341,1.0005983700045522,1.0012807401028856,-0.0004388100086658575,-4.388100086658575,0.0005983700045522067,5.983700045522067,0.0012807401028855914,12.807401028855914
2022-06-10 00:00:00+00:00,0.9995648900033285,1.0009560599971739,1.0,-0.0004351099966715122,-4.351099966715122,0.0009560599971738526,9.560599971738526,0.0,0.0
2022-06-11 00:00:00+00:00,0.9996957000012635,1.0004999999991533,1.0013982700237147,-0.0003042999987364903,-3.0429999873649027,0.0004999999991532889,4.9999999915328885,0.0013982700237147316,13.982700237147316
2022-06-12 00:00:00+00:00,0.9992480800077477,1.000423960009318,1.0020000000429454,-0.0007519199922523256,-7.519199922523256,0.00042396000931810285,4.2396000931810285,0.0020000000429454268,20.000000429454268
2022-06-13 00:00:00+00:00,0.9996000000032799,1.0007164799997135,1.0020000000722178,-0.0003999999967201351,-3.999999967201351,0.0007164799997134708,7.164799997134708,0.002000000072217789,20.00000072217789
2022-06-14 00:00:00+00:00,0.9983000000075546,1.0003519999958896,1.0014881399963425,-0.0016999999924454112,-16.999999924454112,0.00035199999588964026,3.5199999588964026,0.0014881399963424524,14.881399963424524
2022-06-15 00:00:00+00:00,0.9989434100032781,1.000387869988461,1.0009999999738906,-0.0010565899967218684,-10.565899967218684,0.0003878699884609649,3.8786998846096488,0.000999999973890553,9.99999973890553
2022-06-16 00:00:00+00:00,0.9985999999992778,1.0005119999976366,1.000022089942545,-0.001400000000722157,-14.00000000722157,0.0005119999976366252,5.119999976366252,2.2089942544933905e-05,0.22089942544933905
2022-06-17 00:00:00+00:00,0.9988984199991421,1.0009934999993608,1.0015447000144442,-0.0011015800008579157,-11.015800008579157,0.0009934999993608251,9.934999993608251,0.001544700014444178,15.44700014444178
2022-06-18 00:00:00+00:00,0.9988150000044825,1.0004201199974432,1.0008210999647598,-0.0011849999955174662,-11.849999955174662,0.0004201199974431802,4.201199974431802,0.0008210999647597639,8.210999647597639
2022-06-19 00:00:00+00:00,0.9989797599975633,1.0002591200106339,1.000221720058282,-0.001020240002436723,-10.20240002436723,0.00025912001063388423,2.5912001063388423,0.00022172005828191566,2.2172005828191566
2022-06-20 00:00:00+00:00,0.9987180100012746,1.0005972000010999,1.0005617400409825,-0.001281989998725419,-12.81989998725419,0.0005972000010998624,5.972000010998624,0.0005617400409825279,5.617400409825279
2022-06-21 00:00:00+00:00,0.9989000000006738,1.0000590600083723,1.0009579700453504,-0.0010999999993261955,-10.999999993261955,5.906000837230252e-05,0.5906000837230252,0.0009579700453503648,9.579700453503648
2022-06-22 00:00:00+00:00,0.9989836499983024,1.0001481400067698,1.0009999998938026,-0.0010163500016976412,-10.163500016976412,0.00014814000676977024,1.4814000676977024,0.0009999998938026167,9.999998938026167
2022-06-23 00:00:00+00:00,0.999341489998539,1.000763980007072,0.9997396399693416,-0.000658510001460999,-6.58510001460999,0.0007639800070720071,7.639800070720071,-0.00026036003065843527,-2.6036003065843527
2022-06-24 00:00:00+00:00,0.999181110007258,1.0000110000151199,1.0,-0.0008188899927420445,-8.188899927420445,1.1000015119888573e-05,0.11000015119888573,0.0,0.0
2022-06-25 00:00:00+00:00,0.9992223300002936,0.9999927400012214,1.0005902800323876,-0.0007776699997064096,-7.776699997064096,-7.2599987785970654e-06,-0.07259998778597065,0.0005902800323875912,5.902800323875912
2022-06-26 00:00:00+00:00,0.9992999999914073,1.0002993000029246,1.0005599800495453,-0.000700000008592716,-7.0000000859271605,0.00029930000292455183,2.9930000292455183,0.0005599800495452723,5.5998004954527225
2022-06-27 00:00:00+00:00,0.9994466800031476,1.0001989500048238,1.0009961998957828,-0.000553319996852375,-5.53319996852375,0.00019895000482383907,1.9895000482383907,0.0009961998957828122,9.961998957828122
2022-06-28 00:00:00+00:00,0.9994478799958505,1.00024457998553,1.0007284500834648,-0.0005521200041495034,-5.5212000414950335,0.00024457998552995797,2.4457998552995797,0.0007284500834647822,7.284500834647822
2022-06-29 00:00:00+00:00,0.9991000000006313,1.0003676299927549,1.0,-0.0008999999993687391,-8.999999993687391,0.00036762999275485875,3.6762999275485875,0.0,0.0
2022-06-30 00:00:00+00:00,0.9989226899989975,1.0001450299946233,1.0005584400310052,-0.0010773100010025294,-10.773100010025294,0.00014502999462329136,1.4502999462329136,0.0005584400310052473,5.584400310052473
2022-07-01 00:00:00+00:00,0.9989052599957591,1.0009740300009455,1.0001954899925283,-0.0010947400042409239,-10.947400042409239,0.000974030000945536,9.74030000945536,0.00019548999252827493,1.9548999252827493
2022-07-02 00:00:00+00:00,0.9989191799981364,1.0007032499887576,1.000794119973142,-0.0010808200018636027,-10.808200018636027,0.0007032499887575927,7.032499887575927,0.000794119973142049,7.94119973142049
2022-07-03 00:00:00+00:00,0.9990117900010024,1.0004563899954833,1.001000000035118,-0.0009882099989976245,-9.882099989976245,0.0004563899954832529,4.563899954832529,0.0010000000351180205,10.000000351180205
2022-07-04 00:00:00+00:00,0.9990960299985315,1.0001883300005738,1.0,-0.0009039700014684682,-9.039700014684682,0.0001883300005738331,1.883300005738331,0.0,0.0
2022-07-05 00:00:00+00:00,0.9990105999969612,1.0,1.0005481699715508,-0.0009894000030388206,-9.894000030388206,0.0,0.0,0.000548169971550827,5.48169971550827
2022-07-06 00:00:00+00:00,0.9997582900007386,1.0005317399991542,0.9997585499803189,-0.00024170999926143022,-2.417099992614302,0.0005317399991542349,5.317399991542349,-0.000241450019681122,-2.41450019681122
2022-07-07 00:00:00+00:00,0.9996810300036025,1.0007256399862534,1.0010000000249215,-0.0003189699963974668,-3.189699963974668,0.0007256399862534124,7.256399862534124,0.0010000000249215102,10.000000249215102
2022-07-08 00:00:00+00:00,0.9990999999950004,1.000282040012751,1.0013875500209006,-0.0009000000049995682,-9.000000049995682,0.0002820400127510059,2.8204001275100588,0.0013875500209006297,13.875500209006297
2022-07-09 00:00:00+00:00,1.0000997499986108,1.000165950003254,1.0003729698888117,9.9749998610843e-05,0.9974999861084299,0.00016595000325403397,1.6595000325403397,0.0003729698888117472,3.729698888117472
2022-07-10 00:00:00+00:00,0.9995176300007633,1.0,0.9998841599526498,-0.0004823699992366759,-4.823699992366759,0.0,0.0,-0.00011584004735021303,-1.1584004735021303
2022-07-11 00:00:00+00:00,1.0000152399995932,1.0003993999999439,1.0010000000038908,1.5239999593186226e-05,0.15239999593186226,0.00039939999994387243,3.9939999994387243,0.0010000000038907775,10.000000038907775
2022-07-12 00:00:00+00:00,1.0000152399995932,1.000399399985808,1.0009999999135464,1.5239999593186226e-05,0.15239999593186226,0.0003993999858080688,3.993999858080688,0.0009999999135463788,9.999999135463788
2022-07-13 00:00:00+00:00,1.0000308900023103,1.0006513999929636,1.0010000000104666,3.089000231026873e-05,0.30890002310268727,0.0006513999929635972,6.513999929635972,0.0010000000104666285,10.000000104666285
2022-07-14 00:00:00+00:00,0.999262219991954,0.9999000200023437,1.0004476598799568,-0.0007377800080460295,-7.377800080460295,-9.997999765631871e-05,-0.9997999765631871,0.00044765987995676326,4.476598799567633
2022-07-15 00:00:00+00:00,0.9995203100017677,1.0000207900135794,1.000244170044916,-0.0004796899982323355,-4.796899982323355,2.0790013579352618e-05,0.20790013579352618,0.00024417004491605887,2.4417004491605887
2022-07-16 00:00:00+00:00,0.9995203100017677,1.000020789994105,1.0001427599483528,-0.0004796899982323355,-4.796899982323355,2.0789994104930543e-05,0.20789994104930543,0.0001427599483527775,1.427599483527775
2022-07-17 00:00:00+00:00,0.9999953399981779,1.000027809983884,1.0003095200144416,-4.6600018220877e-06,-0.046600018220877004,2.780998388396405e-05,0.2780998388396405,0.00030952001444162214,3.0952001444162214
2022-07-18 00:00:00+00:00,0.9997934299993663,0.9998484899964523,0.9999683699043165,-0.00020657000063373232,-2.065700006337323,-0.00015151000354773903,-1.5151000354773903,-3.1630095683521375e-05,-0.31630095683521375
2022-07-19 00:00:00+00:00,0.9998999999992524,0.9997726700000819,0.9996605700846601,-0.00010000000074761317,-1.0000000074761317,-0.00022732999991814662,-2.273299999181466,-0.00033942991533986167,-3.3942991533986167
2022-07-20 00:00:00+00:00,1.0000092599909136,0.9998999999898237,0.9996866800415968,9.259990913612626e-06,0.09259990913612626,-0.00010000001017629323,-1.0000001017629323,-0.00031331995840322424,-3.1331995840322424
2022-07-21 00:00:00+00:00,1.0000592899974459,1.0002450899928006,1.000805179973221,5.928999744586605e-05,0.5928999744586605,0.0002450899928005956,2.4508999280059562,0.0008051799732209375,8.051799732209375
2022-07-22 00:00:00+00:00,1.0000398000010222,1.0002462199973798,0.9997613000160879,3.980000102221659e-05,0.3980000102221659,0.00024621999737983735,2.4621999737983735,-0.00023869998391212732,-2.3869998391212732
2022-07-23 00:00:00+00:00,1.000131359999083,1.0000939299859317,0.9999528199818354,0.0001313599990830916,1.313599990830916,9.392998593171775e-05,0.9392998593171775,-4.718001816461648e-05,-0.4718001816461648
2022-07-24 00:00:00+00:00,1.0001228900041874,1.0000860099923807,1.0002023200417602,0.0001228900041874148,1.228900041874148,8.600999238073115e-05,0.8600999238073115,0.00020232004176024,2.0232004176024
2022-07-25 00:00:00+00:00,1.0001026900008991,1.0000913699974303,0.9998666999381047,0.0001026900008991305,1.026900008991305,9.136999743031282e-05,0.9136999743031282,-0.00013330006189526955,-1.3330006189526955
2022-07-26 00:00:00+00:00,1.0000419699918794,1.0,1.0006408600842198,4.19699918794425e-05,0.41969991879442503,0.0,0.0,0.0006408600842198187,6.408600842198187
2022-07-27 00:00:00+00:00,1.0003257500117686,1.000371780007627,1.0000763199472804,0.00032575001176859963,3.2575001176859963,0.0003717800076270539,3.7178000762705388,7.631994728041214e-05,0.7631994728041214
2022-07-28 00:00:00+00:00,1.0000953699976738,1.0000197299948297,0.9997755200149563,9.536999767378873e-05,0.9536999767378873,1.972999482968696e-05,0.1972999482968696,-0.00022447998504371292,-2.244799850437129
2022-07-29 00:00:00+00:00,1.000229099996466,1.0000480999915693,1.0000634000436104,0.00022909999646603119,2.290999964660312,4.8099991569294787e-05,0.48099991569294787,6.340004361038432e-05,0.6340004361038432
2022-07-30 00:00:00+00:00,1.000258850005464,1.0000063799989052,0.9999968100250888,0.0002588500054641063,2.588500054641063,6.379998905181594e-06,0.06379998905181594,-3.18997491122186e-06,-0.0318997491122186
2022-07-31 00:00:00+00:00,1.000303970006453,1.0,1.0,0.00030397000645310257,3.0397000645310257,0.0,0.0,0.0,0.0
2022-08-01 00:00:00+00:00,1.0003105800007916,1.00002091999661,1.0005719600420953,0.00031058000079164927,3.1058000079164927,2.0919996609913838e-05,0.20919996609913838,0.0005719600420952542,5.719600420952542
2022-08-02 00:00:00+00:00,1.0002773399914167,0.999890489987415,0.9998725199903996,0.00027733999141665855,2.7733999141665855,-0.00010951001258496795,-1.0951001258496795,-0.0001274800096003892,-1.2748000960038919
2022-08-03 00:00:00+00:00,1.0003810599887593,1.0000871499835204,1.0000055199759628,0.00038105998875925806,3.8105998875925806,8.714998352044034e-05,0.8714998352044034,5.519975962764434e-06,0.05519975962764434
2022-08-04 00:00:00+00:00,1.000171100004187,1.0006100199884895,1.0000983999276551,0.00017110000418707472,1.7110000418707472,0.0006100199884895297,6.1001998848952965,9.839992765514616e-05,0.9839992765514616
2022-08-05 00:00:00+00:00,1.0004081399983524,1.000029400010852,1.000025949990865,0.0004081399983524303,4.081399983524303,2.9400010852054237e-05,0.29400010852054237,2.594999086502625e-05,0.2594999086502625
2022-08-06 00:00:00+00:00,1.0003054699942528,1.0000157199931115,0.9998206200130098,0.0003054699942528494,3.0546999425284938,1.5719993111451558e-05,0.15719993111451558,-0.00017937998699024682,-1.7937998699024682
2022-08-07 00:00:00+00:00,1.0003054699942528,1.0000157199943835,1.0003664099496248,0.0003054699942528494,3.0546999425284938,1.57199943835451e-05,0.157199943835451,0.0003664099496247797,3.664099496247797
2022-08-08 00:00:00+00:00,1.0001286900080868,1.0000438600178212,1.0000315500371444,0.00012869000808679587,1.2869000808679587,4.386001782119564e-05,0.4386001782119564,3.1550037144389975e-05,0.31550037144389975
2022-08-09 00:00:00+00:00,1.0001174100030275,0.9999413499921711,1.0001042600158234,0.00011741000302745164,1.1741000302745164,-5.865000782889762e-05,-0.5865000782889762,0.00010426001582342082,1.0426001582342082
2022-08-10 00:00:00+00:00,1.0001858899995837,0.9999499999830835,1.0005293500623844,0.00018588999958368824,1.8588999958368824,-5.000001691646272e-05,-0.5000001691646272,0.000529350062384415,5.2935006238441495
2022-08-11 00:00:00+00:00,1.0002650200003138,0.9998999999866994,1.0001364299893847,0.00026502000031380923,2.6502000031380923,-0.00010000001330057184,-1.0000001330057184,0.00013642998938467876,1.3642998938467876
2022-08-12 00:00:00+00:00,1.000394240002965,0.999969609993949,1.0002064301332703,0.0003942400029650628,3.942400029650628,-3.0390006050984297e-05,-0.303900060509843,0.00020643013327026338,2.064301332702634
2022-08-13 00:00:00+00:00,1.0005059400034082,1.0000001699974517,0.9997879199405401,0.0005059400034082007,5.059400034082007,1.6999745167112223e-07,0.0016999745167112223,-0.00021208005945994035,-2.1208005945994035
2022-08-14 00:00:00+00:00,1.0003972000014572,1.0,1.0,0.00039720000145715417,3.9720000145715417,0.0,0.0,0.0,0.0
2022-08-15 00:00:00+00:00,1.0002956000124505,0.999853870009441,0.9997865600663393,0.00029560001245054757,2.9560001245054757,-0.00014612999055896303,-1.4612999055896303,-0.00021343993366074177,-2.1343993366074177
2022-08-16 00:00:00+00:00,1.0003108799985334,0.99989423999999,0.9994176099672167,0.00031087999853340875,3.1087999853340875,-0.00010576000000994679,-1.0576000000994679,-0.0005823900327832643,-5.823900327832643
2022-08-17 00:00:00+00:00,1.0001425400036887,1.0001793299960062,1.000003929959714,0.0001425400036887403,1.4254000368874031,0.0001793299960062278,1.7932999600622779,3.929959714099596e-06,0.03929959714099596
2022-08-18 00:00:00+00:00,1.0001106699957487,1.0000720399992458,0.9997933199438781,0.00011066999574871339,1.106699957487134,7.203999924576543e-05,0.7203999924576543,-0.00020668005612189955,-2.0668005612189955
2022-08-19 00:00:00+00:00,1.0000999199914167,1.0,1.0006077499935464,9.991999141667485e-05,0.9991999141667485,0.0,0.0,0.0006077499935464026,6.077499935464026
2022-08-20 00:00:00+00:00,1.0000679199977816,1.0000238799991323,1.0009999999774144,6.791999778155144e-05,0.6791999778155144,2.387999913233685e-05,0.2387999913233685,0.0009999999774144008,9.999999774144008
2022-08-21 00:00:00+00:00,1.0001565600032916,1.0000055400032017,1.0004630600998148,0.0001565600032915615,1.565600032915615,5.540003201742749e-06,0.05540003201742749,0.0004630600998147827,4.630600998147827
2022-08-22 00:00:00+00:00,1.0000414799895772,0.999907850004035,1.001044770116493,4.1479989577153376e-05,0.41479989577153376,-9.214999596496298e-05,-0.9214999596496298,0.0010447701164930656,10.447701164930656
2022-08-23 00:00:00+00:00,0.9999174600007953,1.0000575399938993,1.0003006899304312,-8.253999920471156e-05,-0.8253999920471156,5.753999389934705e-05,0.5753999389934705,0.0003006899304311972,3.006899304311972
2022-08-24 00:00:00+00:00,0.999923869998999,1.0,0.9996655699979613,-7.613000100104017e-05,-0.7613000100104017,0.0,0.0,-0.0003344300020386992,-3.344300020386992
2022-08-25 00:00:00+00:00,1.0001134099986149,1.0001297000122689,1.0000044399973453,0.00011340999861486623,1.1340999861486623,0.00012970001226886296,1.2970001226886296,4.439997345340174e-06,0.04439997345340174
2022-08-26 00:00:00+00:00,1.0,0.9999835299968941,1.0001000198761956,0.0,0.0,-1.647000310589508e-05,-0.1647000310589508,0.00010001987619556729,1.000198761955673
2022-08-27 00:00:00+00:00,1.0000645999974889,0.999958749995049,0.9998509499182764,6.45999974888678e-05,0.645999974888678,-4.125000495103226e-05,-0.4125000495103226,-0.00014905008172361178,-1.4905008172361178
2022-08-28 00:00:00+00:00,1.0001567699970462,1.0000919900051595,0.9996881598772297,0.0001567699970461689,1.567699970461689,9.19900051594702e-05,0.919900051594702,-0.0003118401227703016,-3.118401227703016
2022-08-29 00:00:00+00:00,1.000032160000721,1.0000241700022163,0.9998608499912438,3.216000072092662e-05,0.3216000072092662,2.4170002216328257e-05,0.24170002216328257,-0.00013915000875619477,-1.3915000875619477
2022-08-30 00:00:00+00:00,1.0,0.9999919600037459,0.9999493599911473,0.0,0.0,-8.039996254094461e-06,-0.08039996254094461,-5.0640008852687046e-05,-0.5064000885268705
2022-08-31 00:00:00+00:00,1.0000577599979519,1.0000477799980791,1.0,5.775999795187836e-05,0.5775999795187836,4.77799980791449e-05,0.47779998079144903,0.0,0.0
2022-09-01 00:00:00+00:00,1.0000300699997207,1.0000034300005627,0.9999318800389695,3.0069999720661045e-05,0.30069999720661045,3.4300005626874963e-06,0.03430000562687496,-6.811996103051055e-05,-0.6811996103051055
2022-09-02 00:00:00+00:00,1.0000326399945718,1.0,0.9999452200060268,3.263999457181477e-05,0.3263999457181477,0.0,0.0,-5.4779993973186336e-05,-0.5477999397318634
2022-09-03 00:00:00+00:00,1.0000084899897301,1.0,0.9999258800618066,8.489989730131597e-06,0.08489989730131597,0.0,0.0,-7.411993819339546e-05,-0.7411993819339546
2022-09-04 00:00:00+00:00,1.0000447400008596,1.0,0.9998425500948847,4.4740000859633255e-05,0.44740000859633255,0.0,0.0,-0.00015744990511534773,-1.5744990511534773
2022-09-05 00:00:00+00:00,1.0,1.0003672999987372,0.9998427399333919,0.0,0.0,0.00036729999873719166,3.6729999873719166,-0.00015726006660810032,-1.5726006660810032
2022-09-06 00:00:00+00:00,0.9999606900017669,0.9999120199985093,0.9997807500235889,-3.930999823309467e-05,-0.3930999823309467,-8.798000149068397e-05,-0.8798000149068397,-0.00021924997641109556,-2.1924997641109556
2022-09-07 00:00:00+00:00,1.000032979996917,0.9999729699945298,0.9998766799775716,3.2979996916981946e-05,0.32979996916981946,-2.7030005470218832e-05,-0.2703000547021883,-0.00012332002242843032,-1.2332002242843032
2022-09-08 00:00:00+00:00,1.0000347599993453,0.9999969999993558,0.999717490048628,3.475999934532403e-05,0.34759999345324033,-3.000000644237666e-06,-0.03000000644237666,-0.00028250995137202306,-2.8250995137202306
2022-09-09 00:00:00+00:00,1.00007119000666,1.0,0.9999888800411367,7.119000665989361e-05,0.7119000665989361,0.0,0.0,-1.111995886327044e-05,-0.1111995886327044
2022-09-10 00:00:00+00:00,1.0001666999993948,1.000049190004684,0.9996380401044186,0.00016669999939478153,1.6669999939478153,4.919000468395218e-05,0.4919000468395218,-0.0003619598955814096,-3.619598955814096
2022-09-11 00:00:00+00:00,1.000376850004578,0.9999809299982344,0.9999106500289889,0.0003768500045779888,3.768500045779888,-1.907000176559759e-05,-0.19070001765597588,-8.934997101106568e-05,-0.8934997101106568
2022-09-12 00:00:00+00:00,1.0002858199965619,1.0000071299918147,1.0,0.00028581999656185353,2.8581999656185353,7.129991814736059e-06,0.07129991814736059,0.0,0.0
2022-09-13 00:00:00+00:00,1.0000613000060743,0.9999080000077616,0.9991176999982486,6.130000607429409e-05,0.6130000607429409,-9.199999223841182e-05,-0.9199999223841182,-0.0008823000017513793,-8.823000017513793
2022-09-14 00:00:00+00:00,1.0002399900055097,0.999953179990265,1.0005976598885082,0.00023999000550967153,2.3999000550967153,-4.682000973499356e-05,-0.4682000973499356,0.0005976598885082396,5.976598885082396
2022-09-15 00:00:00+00:00,1.0000377200037562,1.0,0.9997882799300647,3.772000375623641e-05,0.3772000375623641,0.0,0.0,-0.00021172006993530612,-2.117200699353061
2022-09-16 00:00:00+00:00,1.0000456899915238,1.000014350008841,0.9999641499010284,4.5689991523767404e-05,0.45689991523767404,1.4350008840979811e-05,0.1435000884097981,-3.585009897155711e-05,-0.3585009897155711
2022-09-17 00:00:00+00:00,1.0000425500057215,1.0000370699946166,1.0,4.255000572150891e-05,0.4255000572150891,3.706999461661198e-05,0.3706999461661198,0.0,0.0
2022-09-18 00:00:00+00:00,1.000001179993799,1.0000861099840357,1.000142120085811,1.1799937988943299e-06,0.011799937988943299,8.610998403568715e-05,0.8610998403568715,0.00014212008581093727,1.4212008581093727
2022-09-19 00:00:00+00:00,1.0000425500057226,1.0000370700107881,1.000117469953961,4.255000572261913e-05,0.42550005722619133,3.7070010788120555e-05,0.37070010788120555,0.00011746995396100246,1.1746995396100246
2022-09-20 00:00:00+00:00,1.0000867399946443,0.9999894300137566,1.0000056999884768,8.673999464425819e-05,0.8673999464425819,-1.0569986243380569e-05,-0.10569986243380569,5.699988476770557e-06,0.056999884767705566
2022-09-21 00:00:00+00:00,1.0001012100024145,0.9999492200014976,0.9998663400511912,0.00010121000241447575,1.0121000241447575,-5.077999850244819e-05,-0.5077999850244819,-0.00013365994880876197,-1.3365994880876197
2022-09-22 00:00:00+00:00,1.0001287300046227,1.000094929986449,0.9997426500709021,0.00012873000462265693,1.2873000462265693,9.492998644899941e-05,0.9492998644899941,-0.000257349929097872,-2.57349929097872
2022-09-23 00:00:00+00:00,1.0000014499972985,1.0000750900021989,0.9991102999964552,1.4499972984527432e-06,0.014499972984527432,7.509000219885209e-05,0.7509000219885209,-0.0008897000035448244,-8.897000035448244
2022-09-24 00:00:00+00:00,0.9999931900071163,1.000033859988406,1.000328419932273,-6.809992883716198e-06,-0.06809992883716198,3.3859988405993136e-05,0.33859988405993136,0.00032841993227306077,3.2841993227306077
2022-09-25 00:00:00+00:00,1.0000074800017138,0.9999639799829517,0.9996446799820073,7.480001713799922e-06,0.07480001713799922,-3.6020017048277175e-05,-0.36020017048277175,-0.0003553200179926552,-3.5532001799265522
2022-09-26 00:00:00+00:00,1.0000408300087447,0.9999854099880597,0.9996176798963562,4.083000874466336e-05,0.4083000874466336,-1.4590011940263103e-05,-0.14590011940263103,-0.0003823201036438073,-3.823201036438073
2022-09-27 00:00:00+00:00,1.0,1.0002596299934958,0.9999745300503726,0.0,0.0,0.0002596299934958246,2.596299934958246,-2.546994962737692e-05,-0.2546994962737692
2022-09-28 00:00:00+00:00,0.9999854300034241,1.0000395300152303,0.9998317800037414,-1.4569996575897193e-05,-0.14569996575897193,3.953001523027133e-05,0.3953001523027133,-0.00016821999625860062,-1.6821999625860062
2022-09-29 00:00:00+00:00,0.9999458800043658,1.000090209985662,1.0000619100357149,-5.411999563420533e-05,-0.5411999563420533,9.02099856618932e-05,0.902099856618932,6.191003571487386e-05,0.6191003571487386
2022-09-30 00:00:00+00:00,1.0000441400032383,1.000090089987655,0.9997442100580706,4.414000323826883e-05,0.4414000323826883,9.008998765502874e-05,0.9008998765502874,-0.0002557899419294296,-2.557899419294296
2022-10-01 00:00:00+00:00,1.0000584400031034,0.9999940499932588,0.9998981999711279,5.844000310339936e-05,0.5844000310339936,-5.9500067411955015e-06,-0.059500067411955015,-0.00010180002887205664,-1.0180002887205664
2022-10-02 00:00:00+00:00,1.0000678499968814,1.0,0.9998176599496237,6.784999688136395e-05,0.6784999688136395,0.0,0.0,-0.00018234005037631729,-1.8234005037631729
2022-10-03 00:00:00+00:00,1.0,1.00004024001584,0.9999540099108236,0.0,0.0,4.024001583990966e-05,0.4024001583990966,-4.599008917638425e-05,-0.4599008917638425
2022-10-04 00:00:00+00:00,1.0000437899944372,1.0000217299970675,0.999925580043796,4.378999443721554e-05,0.4378999443721554,2.172999706751e-05,0.21729997067509998,-7.441995620405262e-05,-0.7441995620405262
2022-10-05 00:00:00+00:00,1.0002483600022796,0.9999164899968179,0.9997121899608191,0.00024836000227956845,2.4836000227956845,-8.351000318207458e-05,-0.8351000318207458,-0.0002878100391808802,-2.878100391808802
2022-10-06 00:00:00+00:00,1.000157900010126,0.9999690399996383,0.9997207099507117,0.00015790001012594423,1.5790001012594423,-3.096000036173496e-05,-0.30960000361734963,-0.00027929004928828327,-2.7929004928828327
2022-10-07 00:00:00+00:00,1.0001261399917547,1.0,0.9998509800399801,0.00012613999175470347,1.2613999175470347,0.0,0.0,-0.0001490199600199249,-1.490199600199249
2022-10-08 00:00:00+00:00,1.0,0.9998999999928618,0.999980810062647,0.0,0.0,-0.00010000000713816792,-1.0000000713816792,-1.918993735294805e-05,-0.1918993735294805
2022-10-09 00:00:00+00:00,1.0001455800024377,1.000045879988764,0.9998659500577046,0.0001455800024376952,1.455800024376952,4.587998876393051e-05,0.4587998876393051,-0.0001340499422953778,-1.340499422953778
2022-10-10 00:00:00+00:00,1.0001212899964758,1.0000208199996736,0.9999155600085438,0.00012128999647575966,1.2128999647575966,2.081999967362691e-05,0.2081999967362691,-8.443999145624215e-05,-0.8443999145624215
2022-10-11 00:00:00+00:00,1.0000468899935175,1.0000350600032044,0.9998598100415307,4.688999351754042e-05,0.4688999351754042,3.506000320441238e-05,0.3506000320441238,-0.0001401899584693167,-1.401899584693167
2022-10-12 00:00:00+00:00,0.9999800399920116,0.9999557900028048,0.9999160399913471,-1.9960007988428785e-05,-0.19960007988428785,-4.420999719523255e-05,-0.44209997195232553,-8.396000865285025e-05,-0.8396000865285025
2022-10-13 00:00:00+00:00,0.9999849699943069,1.0,0.9998547899204143,-1.5030005693139614e-05,-0.15030005693139614,0.0,0.0,-0.0001452100795856781,-1.452100795856781
2022-10-14 00:00:00+00:00,0.9999601599919665,1.0,0.9997413000620115,-3.984000803347598e-05,-0.3984000803347598,0.0,0.0,-0.00025869993798854907,-2.5869993798854907
2022-10-15 00:00:00+00:00,1.0,0.9999285100165782,1.0005305701172478,0.0,0.0,-7.14899834217686e-05,-0.714899834217686,0.000530570117247775,5.30570117247775
2022-10-16 00:00:00+00:00,1.0000756499998422,0.9999740200124628,0.9996681799137599,7.564999984221998e-05,0.7564999984221998,-2.5979987537172455e-05,-0.25979987537172455,-0.00033182008624010884,-3.3182008624010884
2022-10-17 00:00:00+00:00,1.0000679900032514,0.999996200017023,0.9999728700999096,6.799000325141691e-05,0.6799000325141691,-3.7999829769486126e-06,-0.037999829769486126,-2.7129900090350212e-05,-0.2712990009035021
2022-10-18 00:00:00+00:00,1.0,1.0000386799978729,1.0001391699968598,0.0,0.0,3.8679997872881344e-05,0.38679997872881344,0.00013916999685981146,1.3916999685981146
2022-10-19 00:00:00+00:00,1.000056039992949,0.9999920300008939,0.9997151300279181,5.603999294900852e-05,0.5603999294900852,-7.969999106127723e-06,-0.07969999106127723,-0.00028486997208188036,-2.8486997208188036
2022-10-20 00:00:00+00:00,1.0000857599954014,1.0000442199891375,0.9999090000759117,8.575999540139101e-05,0.8575999540139101,4.421998913750613e-05,0.4421998913750613,-9.09999240883419e-05,-0.909999240883419
2022-10-21 00:00:00+00:00,1.0,1.0000041999951186,0.9997678300252503,0.0,0.0,4.199995118581157e-06,0.04199995118581157,-0.00023216997474972967,-2.3216997474972967
2022-10-22 00:00:00+00:00,1.0,1.0001696300066993,1.0001774400120906,0.0,0.0,0.00016963000669933948,1.6963000669933948,0.00017744001209063498,1.7744001209063498
2022-10-23 00:00:00+00:00,1.0000584799997454,1.0,0.999931409919761,5.847999974539775e-05,0.5847999974539775,0.0,0.0,-6.859008023896163e-05,-0.6859008023896163
2022-10-24 00:00:00+00:00,1.0000052200015062,0.9999060999797321,0.9999061299632855,5.220001506156535e-06,0.05220001506156535,-9.390002026787858e-05,-0.9390002026787858,-9.38700367144607e-05,-0.938700367144607
2022-10-25 00:00:00+00:00,1.0001518900084587,1.0000075300064677,0.999661500067661,0.00015189000845872158,1.5189000845872158,7.5300064676930845e-06,0.07530006467693084,-0.0003384999323390314,-3.384999323390314
2022-10-26 00:00:00+00:00,1.0000394200001177,1.0000148400145272,0.9999036400163346,3.9420000117695864e-05,0.39420000117695864,1.4840014527228718e-05,0.14840014527228718,-9.63599836654172e-05,-0.963599836654172
2022-10-27 00:00:00+00:00,1.0001641299981552,1.0,1.0001977600221788,0.00016412999815518248,1.6412999815518248,0.0,0.0,0.0001977600221787501,1.977600221787501
2022-10-28 00:00:00+00:00,1.0001515299967179,0.9999155099971956,0.9998501401223364,0.0001515299967178585,1.515299967178585,-8.449000280441599e-05,-0.8449000280441599,-0.00014985987766358289,-1.4985987766358289
2022-10-29 00:00:00+00:00,1.000079040001478,0.9999463699933298,0.9998587101061324,7.904000147807011e-05,0.7904000147807011,-5.3630006670246644e-05,-0.5363000667024664,-0.00014128989386763546,-1.4128989386763546
2022-10-30 00:00:00+00:00,1.0002592899882987,0.999961170002922,0.9998398899818847,0.0002592899882987165,2.5928998829871652,-3.882999707804924e-05,-0.3882999707804924,-0.00016011001811533365,-1.6011001811533365
2022-10-31 00:00:00+00:00,1.0001835399978845,0.9999683100040533,0.999557909962504,0.00018353999788445208,1.8353999788445208,-3.16899959467154e-05,-0.316899959467154,-0.0004420900374959569,-4.420900374959569
2022-11-01 00:00:00+00:00,1.0,1.0,0.999927340132766,0.0,0.0,0.0,0.0,-7.265986723403728e-05,-0.7265986723403728
2022-11-02 00:00:00+00:00,0.9998399999981843,0.999945880005496,1.0006425499440557,-0.00016000000181570773,-1.6000000181570773,-5.411999450399829e-05,-0.5411999450399829,0.0006425499440556592,6.425499440556592
2022-11-03 00:00:00+00:00,0.9999352199986661,1.0000231099958488,0.9999715598877642,-6.478000133391948e-05,-0.6478000133391948,2.3109995848757947e-05,0.23109995848757947,-2.844011223579468e-05,-0.2844011223579468
2022-11-04 00:00:00+00:00,1.0000969600041791,1.0000021599879796,1.0,9.69600041791363e-05,0.969600041791363,2.1599879795886068e-06,0.021599879795886068,0.0,0.0
2022-11-05 00:00:00+00:00,0.9999838500119186,1.0000007299955087,0.9999296500488003,-1.6149988081415323e-05,-0.16149988081415323,7.299955087081145e-07,0.007299955087081145,-7.034995119969967e-05,-0.7034995119969967
2022-11-06 00:00:00+00:00,1.0002279000074046,1.0000976200019072,0.9992375899480885,0.00022790000740458005,2.2790000740458005,9.762000190716158e-05,0.9762000190716158,-0.0007624100519114663,-7.624100519114663
2022-11-07 00:00:00+00:00,1.0,0.9999866700028871,1.0000767999950526,0.0,0.0,-1.3329997112898617e-05,-0.13329997112898617,7.679999505261215e-05,0.7679999505261215
2022-11-08 00:00:00+00:00,1.0000499999995303,1.0000808099910423,1.0000640999152344,4.999999953025913e-05,0.4999999953025913,8.080999104231879e-05,0.8080999104231879,6.409991523437242e-05,0.6409991523437242
2022-11-09 00:00:00+00:00,1.0003567400011228,1.0000861099993898,1.0005270000175044,0.0003567400011228461,3.567400011228461,8.610999938984953e-05,0.8610999938984953,0.0005270000175043865,5.270000175043865
2022-11-10 00:00:00+00:00,0.9992223099939819,1.0012045599998702,0.999393879958379,-0.000777690006018128,-7.77690006018128,0.001204559999870236,12.045599998702361,-0.0006061200416209722,-6.061200416209722
2022-11-11 00:00:00+00:00,0.998399999997492,0.9998325399900806,1.002390510084154,-0.0016000000025080396,-16.000000025080396,-0.0001674600099194068,-1.674600099194068,0.0023905100841539184,23.905100841539184
2022-11-12 00:00:00+00:00,0.9979500000073208,1.0010297600148848,1.0000656999800384,-0.0020499999926791856,-20.49999992679186,0.0010297600148847508,10.297600148847508,6.569998003835842e-05,0.6569998003835842
2022-11-13 00:00:00+00:00,0.9982999999910666,1.0003031200130559,1.0007358298624995,-0.0017000000089334444,-17.000000089334442,0.00030312001305587977,3.0312001305587977,0.0007358298624995374,7.358298624995374
2022-11-14 00:00:00+00:00,0.9987831700029532,1.0004142799879148,1.0002680900727534,-0.0012168299970467533,-12.168299970467533,0.0004142799879147674,4.142799879147674,0.000268090072753413,2.68090072753413
2022-11-15 00:00:00+00:00,0.9985999999967206,1.0002874999946592,1.0013025599821137,-0.0014000000032794446,-14.000000032794446,0.0002874999946591572,2.874999946591572,0.0013025599821137046,13.025599821137046
2022-11-16 00:00:00+00:00,0.9990000000019861,1.0002920100098696,1.000381720012685,-0.000999999998013923,-9.99999998013923,0.00029201000986955883,2.9201000986955883,0.000381720012684994,3.81720012684994
2022-11-17 00:00:00+00:00,0.999100000008704,1.0000824799930348,0.9997839399460444,-0.0008999999912959744,-8.999999912959744,8.24799930347897e-05,0.824799930347897,-0.00021606005395558014,-2.1606005395558014
2022-11-18 00:00:00+00:00,0.9993000000118253,0.9999989599990332,1.0005437899202123,-0.0006999999881747154,-6.999999881747154,-1.0400009667899113e-06,-0.010400009667899113,0.000543789920212312,5.43789920212312
2022-11-19 00:00:00+00:00,0.9989999999957837,1.0,1.000133689979121,-0.0010000000042162949,-10.000000042162949,0.0,0.0,0.00013368997912110991,1.3368997912110991
2022-11-20 00:00:00+00:00,0.9994500000007149,1.0000868200170991,0.999944299994976,-0.0005499999992850668,-5.499999992850668,8.682001709914289e-05,0.8682001709914289,-5.57000050239731e-05,-0.557000050239731
2022-11-21 00:00:00+00:00,0.9987999999918998,1.0001800899836635,1.003573789850869,-0.001200000008100166,-12.00000008100166,0.0001800899836634784,1.800899836634784,0.0035737898508689803,35.7378985086898
2022-11-22 00:00:00+00:00,0.9990000000032521,1.0002697599838823,1.0007442599418153,-0.0009999999967479356,-9.999999967479356,0.000269759983882345,2.69759983882345,0.0007442599418152618,7.442599418152618
2022-11-23 00:00:00+00:00,0.9993730499968478,0.9999601800027936,1.0004560500394148,-0.0006269500031521602,-6.269500031521602,-3.981999720636953e-05,-0.3981999720636953,0.0004560500394148459,4.560500394148459
2022-11-24 00:00:00+00:00,0.998799999998831,0.9998721799906216,0.9998385900260083,-0.0012000000011690437,-12.000000011690437,-0.00012782000937838767,-1.2782000937838767,-0.00016140997399172186,-1.6140997399172186
2022-11-25 00:00:00+00:00,0.9992252599972343,1.0000192700035748,1.0002465001635936,-0.0007747400027656726,-7.747400027656726,1.927000357482278e-05,0.1927000357482278,0.0002465001635936215,2.465001635936215
2022-11-26 00:00:00+00:00,0.9997358600042732,1.0001691600109452,1.0007475099185918,-0.0002641399957268309,-2.641399957268309,0.00016916001094524624,1.6916001094524624,0.0007475099185918488,7.475099185918488
2022-11-27 00:00:00+00:00,0.9995152299994532,0.9999258300142027,0.9998006000042069,-0.0004847700005468081,-4.847700005468081,-7.416998579734546e-05,-0.7416998579734546,-0.00019939999579310363,-1.9939999579310363
2022-11-28 00:00:00+00:00,0.9994500000001018,1.0001529400042788,0.99983990009846,-0.000549999999898243,-5.49999999898243,0.00015294000427878984,1.5294000427878984,-0.00016009990153997844,-1.6009990153997844
2022-11-29 00:00:00+00:00,0.9995999999945098,1.000086820009221,0.9997242001605415,-0.00040000000549023085,-4.0000000549023085,8.68200092210003e-05,0.868200092210003,-0.0002757998394584682,-2.757998394584682
2022-11-30 00:00:00+00:00,0.9995999999945039,1.000100959998082,0.9996786601046576,-0.00040000000549611503,-4.00000005496115,0.00010095999808190648,1.0095999808190648,-0.0003213398953424429,-3.213398953424429
2022-12-01 00:00:00+00:00,1.0,1.0000089300083919,0.9999467399020119,0.0,0.0,8.930008391860866e-06,0.08930008391860866,-5.326009798811704e-05,-0.5326009798811704
2022-12-02 00:00:00+00:00,1.0001000000013724,0.9999830500090043,0.9996054800154528,0.00010000000137244669,1.000000013724467,-1.6949990995662745e-05,-0.16949990995662745,-0.0003945199845472036,-3.945199845472036
2022-12-03 00:00:00+00:00,1.0001299999949558,1.0,0.999814279993035,0.0001299999949557762,1.2999999495577619,0.0,0.0,-0.00018572000696503999,-1.8572000696503999
2022-12-04 00:00:00+00:00,1.0001400000012266,1.0000756600131828,1.0002365999554854,0.0001400000012266034,1.4000000122660339,7.566001318282112e-05,0.7566001318282112,0.000236599955485417,2.36599955485417
2022-12-05 00:00:00+00:00,1.0000899999887904,1.0000007799921977,1.0001950300036313,8.999998879044568e-05,0.8999998879044568,7.799921977191815e-07,0.007799921977191815,0.0001950300036313024,1.950300036313024
2022-12-06 00:00:00+00:00,1.0000799999985213,1.0,0.9998954999265427,7.999999852126294e-05,0.7999999852126294,0.0,0.0,-0.00010450007345730317,-1.0450007345730317
2022-12-07 00:00:00+00:00,1.0,0.9999691500059317,1.0001103699810883,0.0,0.0,-3.0849994068327113e-05,-0.30849994068327113,0.00011036998108826523,1.1036998108826523
2022-12-08 00:00:00+00:00,0.999959999992516,0.999982010016298,1.0002617899318809,-4.000000748405341e-05,-0.4000000748405341,-1.7989983701949264e-05,-0.17989983701949264,0.0002617899318808625,2.6178993188086253
2022-12-09 00:00:00+00:00,1.0,1.0000262599905443,0.9994464400231124,0.0,0.0,2.6259990544286183e-05,0.2625999054428618,-0.0005535599768875521,-5.535599768875521
2022-12-10 00:00:00+00:00,1.0,0.9999253799936463,1.0000559700474305,0.0,0.0,-7.462000635372057e-05,-0.7462000635372057,5.597004743052025e-05,0.5597004743052025
2022-12-11 00:00:00+00:00,1.0,1.0000094700136921,0.9999044499638966,0.0,0.0,9.47001369211442e-06,0.0947001369211442,-9.555003610339785e-05,-0.9555003610339785
2022-12-12 00:00:00+00:00,1.0,1.0000560699943792,1.000298300078288,0.0,0.0,5.606999437923754e-05,0.5606999437923754,0.0002983000782879053,2.983000782879053
2022-12-13 00:00:00+00:00,1.000200000005436,1.000003119986781,0.9995715899933741,0.000200000005436074,2.00000005436074,3.119986780930617e-06,0.03119986780930617,-0.0004284100066258567,-4.284100066258567
2022-12-14 00:00:00+00:00,1.0,1.0,0.9998937298591336,0.0,0.0,0.0,0.0,-0.00010627014086639353,-1.0627014086639353
2022-12-15 00:00:00+00:00,1.0000739700003087,1.0000323899916916,0.9998456301313617,7.39700003087318e-05,0.739700003087318,3.238999169163925e-05,0.3238999169163925,-0.00015436986863825997,-1.5436986863825997
2022-12-16 00:00:00+00:00,1.0,1.000036710008918,0.99911813991214,0.0,0.0,3.6710008918028336e-05,0.36710008918028336,-0.0008818600878599536,-8.818600878599536
2022-12-17 00:00:00+00:00,1.0000615000053747,0.9999485300047375,0.999766460072662,6.150000537474831e-05,0.6150000537474831,-5.146999526250973e-05,-0.5146999526250973,-0.000233539927337989,-2.33539927337989
2022-12-18 00:00:00+00:00,1.000200000005406,1.000105239997492,0.9999971998822923,0.00020000000540609797,2.0000000540609797,0.0001052399974919016,1.052399974919016,-2.8001177077019435e-06,-0.028001177077019435
2022-12-19 00:00:00+00:00,1.000119999994173,1.0000360599914095,1.0002065499825255,0.00011999999417300344,1.1999999417300344,3.6059991409542747e-05,0.36059991409542747,0.0002065499825254502,2.065499825254502
2022-12-20 00:00:00+00:00,1.0000400000041014,0.999942899993768,1.0000468200673893,4.00000041014259e-05,0.400000041014259,-5.710000623204703e-05,-0.5710000623204703,4.682006738931932e-05,0.4682006738931932
2022-12-21 00:00:00+00:00,1.0,0.999994229998808,0.9998481299498437,0.0,0.0,-5.770001191951479e-06,-0.05770001191951479,-0.00015187005015626642,-1.5187005015626642
2022-12-22 00:00:00+00:00,1.0,1.000004789997514,0.9997090900415386,0.0,0.0,4.7899975139653606e-06,0.047899975139653606,-0.0002909099584613717,-2.909099584613717
2022-12-23 00:00:00+00:00,0.9999508299978648,1.0000330100103303,1.0000355799143268,-4.917000213522371e-05,-0.4917000213522371,3.301001033029216e-05,0.3301001033029216,3.557991432678875e-05,0.35579914326788753
2022-12-24 00:00:00+00:00,1.0,1.0002170600057456,1.0004825900032916,0.0,0.0,0.00021706000574561735,2.1706000574561735,0.0004825900032916497,4.825900032916497
2022-12-25 00:00:00+00:00,1.0,1.0000664199953606,1.000332979951458,0.0,0.0,6.64199953606115e-05,0.664199953606115,0.000332979951457979,3.32979951457979
2022-12-26 00:00:00+00:00,1.0,1.0003829999969849,1.000009589821988,0.0,0.0,0.0003829999969848785,3.829999969848785,9.589821988065239e-06,0.09589821988065239
2022-12-27 00:00:00+00:00,1.0000067799969377,1.0001055099916474,1.000250300102987,6.779996937655852e-06,0.06779996937655852,0.00010550999164737895,1.0550999164737895,0.0002503001029869889,2.503001029869889
2022-12-28 00:00:00+00:00,0.9996999999942859,1.000022890018189,0.9999903898900135,-0.0003000000057140628,-3.0000000571406282,2.289001818889247e-05,0.2289001818889247,-9.610109986457616e-06,-0.09610109986457616
2022-12-29 00:00:00+00:00,0.9996000000018054,0.9999337499909356,1.0001672000869257,-0.0003999999981946223,-3.999999981946223,-6.62500090643503e-05,-0.662500090643503,0.00016720008692572286,1.6720008692572286
2022-12-30 00:00:00+00:00,0.9996200000078269,0.9999394300096816,1.000117190044964,-0.00037999999217308567,-3.7999999217308567,-6.0569990318448674e-05,-0.6056999031844867,0.00011719004496391072,1.1719004496391072
2022-12-31 00:00:00+00:00,0.9995000500019229,1.0000421699940931,1.000146049964241,-0.0004999499980771205,-4.999499980771205,4.216999409312194e-05,0.42169994093121943,0.0001460499642409463,1.460499642409463
2023-01-01 00:00:00+00:00,0.9997108199959497,1.0002404800082554,0.999910750159222,-0.00028918000405031563,-2.8918000405031563,0.00024048000825538374,2.4048000825538374,-8.924984077796072e-05,-0.8924984077796072
2023-01-02 00:00:00+00:00,0.9995999999963233,1.0004165800144775,1.000162359995801,-0.00040000000367668154,-4.000000036766815,0.00041658001447753,4.1658001447753,0.00016235999580094251,1.6235999580094251
2023-01-03 00:00:00+00:00,0.9996499999948963,1.0000850200090243,1.000110319985025,-0.0003500000051036567,-3.500000051036567,8.502000902432805e-05,0.8502000902432805,0.00011031998502497586,1.1031998502497586
2023-01-04 00:00:00+00:00,0.9996449900005271,1.0,0.9998530099693599,-0.00035500999947291056,-3.5500999947291056,0.0,0.0,-0.00014699003064011507,-1.4699003064011507
2023-01-05 00:00:00+00:00,0.9996999999934693,1.00009265001869,0.9997483300484109,-0.0003000000065307429,-3.000000065307429,9.265001868996592e-05,0.9265001868996592,-0.0002516699515890952,-2.516699515890952
2023-01-06 00:00:00+00:00,0.999600000008131,0.9999416400116141,1.0001676199476446,-0.0003999999918690156,-3.999999918690156,-5.835998838588097e-05,-0.5835998838588097,0.00016761994764458166,1.6761994764458166
2023-01-07 00:00:00+00:00,0.9996750000018905,1.0001262499929175,1.000323850077065,-0.00032499999810953195,-3.2499999810953195,0.00012624999291754868,1.2624999291754868,0.00032385007706503544,3.2385007706503544
2023-01-08 00:00:00+00:00,0.9997402099912633,1.0001400000021134,1.0005068000040018,-0.00025979000873666003,-2.5979000873666003,0.00014000000211344954,1.4000000211344954,0.0005068000040018283,5.068000040018283
2023-01-09 00:00:00+00:00,1.0001540700008729,1.0,0.9999585600306372,0.0001540700008728635,1.5407000087286349,0.0,0.0,-4.143996936278871e-05,-0.4143996936278871
2023-01-10 00:00:00+00:00,1.0,0.9999750300098785,0.9998593699072353,0.0,0.0,-2.496999012147061e-05,-0.2496999012147061,-0.00014063009276465976,-1.4063009276465976
2023-01-11 00:00:00+00:00,0.9999753200000551,1.0,1.0000100799763076,-2.4679999944932085e-05,-0.24679999944932085,0.0,0.0,1.0079976307642013e-05,0.10079976307642013
2023-01-12 00:00:00+00:00,1.0000100000098056,1.0,1.0003350700642393,1.0000009805555266e-05,0.10000009805555266,0.0,0.0,0.00033507006423927344,3.3507006423927344
2023-01-13 00:00:00+00:00,1.0000763200043934,1.0,0.9998822999962427,7.632000439339315e-05,0.7632000439339315,0.0,0.0,-0.00011770000375732614,-1.1770000375732614
2023-01-14 00:00:00+00:00,1.0000842000038268,0.9999699999822449,1.0003014401694839,8.420000382680648e-05,0.8420000382680648,-3.000001775510519e-05,-0.3000001775510519,0.00030144016948385755,3.0144016948385755
2023-01-15 00:00:00+00:00,1.0000999999932854,0.9999799999833445,1.000090830041922,9.999999328536013e-05,0.9999999328536013,-2.0000016655474795e-05,-0.20000016655474795,9.083004192200761e-05,0.9083004192200761
2023-01-16 00:00:00+00:00,1.0003917999940057,1.0,1.0002177299958643,0.00039179999400573706,3.9179999400573706,0.0,0.0,0.00021772999586433528,2.177299958643353
2023-01-17 00:00:00+00:00,1.0001269400002848,0.9999700000017216,1.000395810076669,0.00012694000028479202,1.2694000028479202,-2.9999998278351647e-05,-0.2999999827835165,0.0003958100766690009,3.958100766690009
2023-01-18 00:00:00+00:00,1.000230850007883,1.000030170003749,1.0004096799930473,0.0002308500078829212,2.308500078829212,3.0170003749052654e-05,0.30170003749052654,0.0004096799930473072,4.096799930473072
2023-01-19 00:00:00+00:00,1.0,0.9999500000191042,1.0002971000717389,0.0,0.0,-4.99999808958318e-05,-0.49999980895831797,0.0002971000717388872,2.971000717388872
2023-01-20 00:00:00+00:00,0.9999899999977852,1.0000084800091087,1.0000288399954007,-1.0000002214849424e-05,-0.10000002214849424,8.480009108691178e-06,0.08480009108691178,2.883999540070903e-05,0.2883999540070903
2023-01-21 00:00:00+00:00,1.000100000007106,1.000474999995503,1.0002446101456606,0.00010000000710608248,1.0000000710608248,0.0004749999955029338,4.749999955029338,0.00024461014566057315,2.4461014566057315
2023-01-22 00:00:00+00:00,1.00020000000819,1.0,0.9997797401646479,0.00020000000819009323,2.0000000819009323,0.0,0.0,-0.00022025983535212124,-2.2025983535212124
2023-01-23 00:00:00+00:00,1.0004300000056219,1.0000332199938788,1.00091489998722,0.0004300000056218778,4.300000056218778,3.3219993878841336e-05,0.33219993878841336,0.0009148999872199415,9.148999872199415
2023-01-24 00:00:00+00:00,1.000000440004614,0.9998999999946704,1.0007379499959155,4.400046140773384e-07,0.004400046140773384,-0.00010000000532961462,-1.0000000532961462,0.0007379499959154767,7.379499959154767
2023-01-25 00:00:00+00:00,1.0001984500011711,1.000379999998517,1.000221900109885,0.00019845000117113543,1.9845000117113543,0.00037999999851701105,3.7999999851701105,0.00022190010988509812,2.219001098850981
2023-01-26 00:00:00+00:00,1.0000999999996234,1.0,1.000185130044003,9.999999962340134e-05,0.9999999962340134,0.0,0.0,0.00018513004400300126,1.8513004400300126
2023-01-27 00:00:00+00:00,1.0002541099962072,1.0,0.9997440100646596,0.0002541099962072302,2.541099962072302,0.0,0.0,-0.00025598993534037273,-2.5598993534037273
2023-01-28 00:00:00+00:00,1.0003000000107856,0.9999542400032819,0.9999717701291495,0.0003000000107855616,3.000000107855616,-4.575999671807551e-05,-0.45759996718075513,-2.8229870850493555e-05,-0.28229870850493555
2023-01-29 00:00:00+00:00,1.0003999400011396,1.0000299999877422,0.9998947200128843,0.00039994000113963146,3.9994000113963146,2.999998774222412e-05,0.2999998774222412,-0.00010527998711573616,-1.0527998711573616
2023-01-30 00:00:00+00:00,1.0001441599923433,1.0002018200023004,1.0013709200429277,0.00014415999234329568,1.4415999234329568,0.0002018200023004013,2.018200023004013,0.0013709200429277146,13.709200429277146
2023-01-31 00:00:00+00:00,1.00003036999973,0.9999445500135131,0.9999564099407771,3.0369999729940034e-05,0.30369999729940034,-5.544998648687738e-05,-0.5544998648687738,-4.3590059222942124e-05,-0.43590059222942124
2023-02-01 00:00:00+00:00,1.0001947299984824,1.0002872000014056,1.0004519599618265,0.00019472999848235695,1.9472999848235695,0.0002872000014055853,2.8720000140558533,0.0004519599618264536,4.519599618264536
2023-02-02 00:00:00+00:00,1.0001170400036836,1.0,1.0001383099903964,0.00011704000368362166,1.1704000368362166,0.0,0.0,0.00013830999039643466,1.3830999039643466
2023-02-03 00:00:00+00:00,1.000219999995752,0.9999900000134805,1.0007372699461705,0.00021999999575195162,2.199999957519516,-9.999986519515502e-06,-0.09999986519515502,0.0007372699461705157,7.372699461705157
2023-02-04 00:00:00+00:00,1.0001000000047515,1.0,0.9998930399401307,0.00010000000475152149,1.0000000475152149,0.0,0.0,-0.000106960059869321,-1.06960059869321
2023-02-05 00:00:00+00:00,1.0002099999977363,0.9999799999970881,0.9997439901309091,0.00020999999773629874,2.0999999773629874,-2.000000291191295e-05,-0.2000000291191295,-0.00025600986909091183,-2.5600986909091183
2023-02-06 00:00:00+00:00,1.0002309599885655,1.0000329800095116,1.0004215299691603,0.00023095998856548228,2.3095998856548228,3.298000951157398e-05,0.3298000951157398,0.00042152996916033914,4.215299691603391
2023-02-07 00:00:00+00:00,1.0000961999922553,0.99990000001058,1.0000474500119483,9.619999225529696e-05,0.9619999225529696,-9.999998942000765e-05,-0.9999998942000765,4.7450011948280135e-05,0.47450011948280135
2023-02-08 00:00:00+00:00,1.0001406700042978,1.0,0.9999022100980329,0.00014067000429784926,1.4067000429784926,0.0,0.0,-9.778990196707138e-05,-0.9778990196707138
2023-02-09 00:00:00+00:00,1.0000499399987928,1.000183469992575,0.9995652899286097,4.993999879276956e-05,0.4993999879276956,0.00018346999257490282,1.8346999257490282,-0.0004347100713902874,-4.347100713902874
2023-02-10 00:00:00+00:00,1.0001599999989839,1.0,1.0000840800533999,0.00015999999898386186,1.5999999898386186,0.0,0.0,8.4080053399882e-05,0.84080053399882
2023-02-11 00:00:00+00:00,1.0000999999975364,1.0,1.0009783099818257,9.99999975364041e-05,0.999999975364041,0.0,0.0,0.0009783099818256868,9.783099818256868
2023-02-12 00:00:00+00:00,1.0001301100052578,1.0,1.0007167499075391,0.0001301100052577553,1.301100052577553,0.0,0.0,0.0007167499075391159,7.167499075391159
2023-02-13 00:00:00+00:00,1.0001199999999766,1.0,1.000337420040752,0.00011999999997658328,1.1999999997658328,0.0,0.0,0.00033742004075199006,3.3742004075199006
2023-02-14 00:00:00+00:00,1.0005108399963574,1.0002004200095411,1.0000207499647982,0.0005108399963573707,5.1083999635737065,0.0002004200095411246,2.004200095411246,2.074996479817237e-05,0.2074996479817237
2023-02-15 00:00:00+00:00,1.00039999999612,0.999961560002449,1.0003284699071184,0.0003999999961199485,3.999999961199485,-3.843999755104299e-05,-0.3843999755104299,0.0003284699071184338,3.2846990711843382
2023-02-16 00:00:00+00:00,1.0002331300016396,0.9999204799935124,0.9999740299239772,0.00023313000163960318,2.331300016396032,-7.952000648758784e-05,-0.7952000648758784,-2.597007602278545e-05,-0.2597007602278545
2023-02-17 00:00:00+00:00,1.0000899999977289,0.9999800000024133,1.000381580020953,8.999999772885126e-05,0.8999999772885126,-1.9999997586728213e-05,-0.19999997586728213,0.0003815800209530096,3.815800209530096
2023-02-18 00:00:00+00:00,1.0,0.9999884399937561,1.000370260082776,0.0,0.0,-1.1560006243915844e-05,-0.11560006243915844,0.0003702600827759639,3.702600827759639
2023-02-19 00:00:00+00:00,1.0002848099907713,0.9999423100048974,1.0000529098863464,0.0002848099907712953,2.848099907712953,-5.7689995102583325e-05,-0.5768999510258332,5.290988634643057e-05,0.5290988634643057
2023-02-20 00:00:00+00:00,1.000284269987391,1.0,1.0000807898515585,0.00028426998739106146,2.8426998739106146,0.0,0.0,8.078985155846041e-05,0.8078985155846041
2023-02-21 00:00:00+00:00,1.000064799998658,0.9999399999970715,1.0000268100556147,6.479999865804942e-05,0.6479999865804942,-6.000000292849528e-05,-0.6000000292849528,2.681005561466776e-05,0.2681005561466776
2023-02-22 00:00:00+00:00,1.0001234199946902,0.9999723600145395,0.9999362699971782,0.00012341999469023257,1.2341999469023257,-2.7639985460514715e-05,-0.27639985460514715,-6.373000282178243e-05,-0.6373000282178243
2023-02-23 00:00:00+00:00,1.0001144800006696,0.999894999989345,0.9998644900162982,0.0001144800006696034,1.144800006696034,-0.00010500001065505415,-1.0500001065505415,-0.00013550998370182032,-1.3550998370182032
2023-02-24 00:00:00+00:00,1.0001145199965527,0.9999950799810925,0.9999177399895666,0.00011451999655265332,1.1451999655265332,-4.920018907506041e-06,-0.04920018907506041,-8.226001043343256e-05,-0.8226001043343256
2023-02-25 00:00:00+00:00,1.000014999997496,0.9999099999899558,1.0003073800216011,1.4999997496101258e-05,0.14999997496101258,-9.00000100442222e-05,-0.900000100442222,0.00030738002160113354,3.0738002160113354
2023-02-26 00:00:00+00:00,1.0000964899985414,0.9999000000053803,1.0002026399576005,9.648999854139362e-05,0.9648999854139362,-9.999999461973719e-05,-0.9999999461973719,0.00020263995760050335,2.0263995760050335
2023-02-27 00:00:00+00:00,1.0,0.9999529799969377,0.9998999999502376,0.0,0.0,-4.702000306233689e-05,-0.4702000306233689,-0.0001000000497624054,-1.000000497624054
2023-02-28 00:00:00+00:00,1.0,0.9999532200151026,0.9997000000923971,0.0,0.0,-4.6779984897438176e-05,-0.46779984897438176,-0.000299999907602877,-2.99999907602877
2023-03-01 00:00:00+00:00,1.0001000000021492,0.9998612899822036,0.9997299901337858,0.00010000000214915872,1.0000000214915872,-0.00013871001779641734,-1.3871001779641734,-0.00027000986621417145,-2.7000986621417145
2023-03-02 00:00:00+00:00,1.0001096599919193,0.9998999999917217,0.9996999999137584,0.00010965999191925313,1.0965999191925313,-0.00010000000827825595,-1.0000000827825595,-0.0003000000862416474,-3.0000008624164742
2023-03-03 00:00:00+00:00,1.0000035900097235,0.9999318700131892,0.9996999999095941,3.5900097234975448e-06,0.03590009723497545,-6.81299868108276e-05,-0.681299868108276,-0.00030000009040587194,-3.0000009040587194
2023-03-04 00:00:00+00:00,1.0000600000046294,0.9997182599874026,0.9999026500290784,6.000000462935695e-05,0.6000000462935695,-0.0002817400125973979,-2.817400125973979,-9.73499709215897e-05,-0.973499709215897
2023-03-05 00:00:00+00:00,1.0000400000012168,0.9999977900066568,0.9998461700578498,4.000000121684444e-05,0.4000000121684444,-2.2099933432162544e-06,-0.022099933432162544,-0.00015382994215018542,-1.5382994215018542
2023-03-06 00:00:00+00:00,1.0001000000030404,1.0,0.9999000000592156,0.00010000000304044576,1.0000000304044576,0.0,0.0,-9.999994078435659e-05,-0.9999994078435659
2023-03-07 00:00:00+00:00,0.9999699999906538,0.9999837400191781,0.9998399999152462,-3.000000934616498e-05,-0.3000000934616498,-1.625998082188662e-05,-0.16259980821886622,-0.00016000008475380856,-1.6000008475380856
2023-03-08 00:00:00+00:00,0.9999020499976601,0.9999951699894142,0.9998162300444637,-9.795000233991935e-05,-0.9795000233991935,-4.8300105858212206e-06,-0.048300105858212206,-0.00018376995553626152,-1.8376995553626152
2023-03-09 00:00:00+00:00,0.9999000000027951,0.999963809995296,0.9998500000229879,-9.99999972048915e-05,-0.999999972048915,-3.619000470400646e-05,-0.3619000470400646,-0.00014999997701214962,-1.4999997701214962
2023-03-10 00:00:00+00:00,0.999900000008592,1.0,0.9998349999783355,-9.9999991407973e-05,-0.99999991407973,0.0,0.0,-0.00016500002166452976,-1.6500002166452976
2023-03-11 00:00:00+00:00,1.0029999999890393,0.9975591699916425,0.9975116701066975,0.002999999989039326,29.99999989039326,-0.0024408300083574863,-24.408300083574865,-0.002488329893302499,-24.88329893302499
2023-03-12 00:00:00+00:00,1.0,0.9610649999857319,0.9625490000375088,0.0,0.0,-0.038935000014268084,-389.35000014268087,-0.03745099996249124,-374.5099996249124
2023-03-13 00:00:00+00:00,1.0100000000011027,0.9919229999994315,0.9953070001193131,0.010000000001102682,100.00000001102683,-0.008077000000568546,-80.77000000568546,-0.004692999880686943,-46.929998806869435
2023-03-14 00:00:00+00:00,1.0039999999978049,0.9994270000107978,0.9988149999813566,0.003999999997804871,39.999999978048706,-0.0005729999892022386,-5.729999892022386,-0.0011850000186434118,-11.850000186434118
2023-03-15 00:00:00+00:00,1.0010000000007493,0.9972359999899836,0.9934060000353656,0.0010000000007492904,10.000000007492904,-0.002764000010016421,-27.640000100164208,-0.006593999964634389,-65.93999964634389
2023-03-16 00:00:00+00:00,1.0060000000056029,1.0020000000079565,1.002000000157708,0.006000000005602857,60.00000005602857,0.002000000007956526,20.00000007956526,0.0020000001577080706,20.000001577080706
2023-03-17 00:00:00+00:00,1.0059999999946783,1.0040000000119043,1.0010000000993524,0.005999999994678262,59.99999994678262,0.004000000011904259,40.00000011904259,0.001000000099352416,10.00000099352416
2023-03-18 00:00:00+00:00,1.0050000000070891,1.0029999999814767,1.0009999999703245,0.0050000000070891115,50.00000007089112,0.0029999999814767087,29.999999814767087,0.0009999999703245166,9.999999703245166
2023-03-19 00:00:00+00:00,1.0079999999919174,1.0050000000118398,1.0010000000116017,0.007999999991917361,79.99999991917362,0.005000000011839756,50.00000011839756,0.0010000000116017205,10.000000116017205
2023-03-20 00:00:00+00:00,1.0069999999929176,1.0039999999885123,1.00199999998669,0.0069999999929175605,69.9999999291756,0.003999999988512304,39.99999988512304,0.001999999986689982,19.99999986689982
2023-03-21 00:00:00+00:00,1.0110000000064543,1.006,1.0029999999548092,0.011000000006454291,110.00000006454292,0.006000000000000005,60.00000000000006,0.0029999999548091516,29.999999548091516
2023-03-22 00:00:00+00:00,1.0059999999978044,1.002000000008624,1.0010000000878052,0.005999999997804428,59.999999978044286,0.002000000008623992,20.000000086239922,0.0010000000878052084,10.000000878052084
2023-03-23 00:00:00+00:00,1.0059999999927998,1.0040000000211795,1.0010000000356927,0.005999999992799765,59.99999992799765,0.004000000021179506,40.00000021179506,0.001000000035692672,10.00000035692672
2023-03-24 00:00:00+00:00,1.00499999999605,1.002000000011453,1.0,0.004999999996049942,49.99999996049942,0.0020000000114530625,20.000000114530625,0.0,0.0
2023-03-25 00:00:00+00:00,1.0069999999980257,1.0060000000002374,1.0039999999153222,0.006999999998025697,69.99999998025697,0.006000000000237371,60.00000000237371,0.003999999915322183,39.999999153221836
2023-03-26 00:00:00+00:00,1.0079999999939302,1.0059999999983378,1.0030000001117931,0.007999999993930196,79.99999993930196,0.005999999998337779,59.99999998337779,0.003000000111793133,30.00000111793133
2023-03-27 00:00:00+00:00,1.0009999999993806,1.001000000001248,0.9989539999924029,0.0009999999993806075,9.999999993806075,0.0010000000012480026,10.000000012480026,-0.0010460000075971365,-10.460000075971365
2023-03-28 00:00:00+00:00,1.000999999994701,0.9995530000098429,1.0,0.0009999999947010174,9.999999947010174,-0.0004469999901570709,-4.469999901570709,0.0,0.0
2023-03-29 00:00:00+00:00,1.0010000000090677,1.0,1.0,0.0010000000090677474,10.000000090677474,0.0,0.0,0.0,0.0
2023-03-30 00:00:00+00:00,1.0,0.9999800000157343,0.9994889998945085,0.0,0.0,-1.9999984265717252e-05,-0.19999984265717252,-0.0005110001054915436,-5.110001054915436
2023-03-31 00:00:00+00:00,1.003000000003452,1.0010000000100931,1.0009999999660568,0.003000000003452019,30.00000003452019,0.0010000000100931494,10.000000100931494,0.0009999999660568193,9.999999660568193
2023-04-01 00:00:00+00:00,1.0010000000067514,1.0010000000030064,1.0,0.0010000000067513781,10.000000067513781,0.0010000000030063738,10.000000030063738,0.0,0.0
2023-04-02 00:00:00+00:00,1.0010000000067514,1.0,1.0,0.0010000000067513781,10.000000067513781,0.0,0.0,0.0,0.0
2023-04-03 00:00:00+00:00,1.002000000001178,1.0,0.9999810000563187,0.0020000000011779484,20.000000011779484,0.0,0.0,-1.8999943681263787e-05,-0.18999943681263787
2023-04-04 00:00:00+00:00,1.0020000000011264,0.9998389999814501,0.9995920000148957,0.002000000001126434,20.00000001126434,-0.0001610000185499061,-1.6100001854990609,-0.00040799998510432367,-4.079999851043237
2023-04-05 00:00:00+00:00,1.0010000000068877,0.9989219999936616,0.9998330000888122,0.0010000000068877135,10.000000068877135,-0.0010780000063383977,-10.780000063383977,-0.0001669999111878484,-1.669999111878484
2023-04-06 00:00:00+00:00,1.0009999999931336,1.0,1.0,0.0009999999931336045,9.999999931336045,0.0,0.0,0.0,0.0
2023-04-07 00:00:00+00:00,1.0009999999943133,0.9994350000073261,1.0,0.0009999999943133275,9.999999943133275,-0.000564999992673898,-5.64999992673898,0.0,0.0
2023-04-08 00:00:00+00:00,1.0010000000042771,1.0010000000118944,0.9996219998609668,0.001000000004277135,10.000000042771351,0.0010000000118943753,10.000000118943753,-0.00037800013903321883,-3.7800013903321883
2023-04-09 00:00:00+00:00,1.0020000000085534,1.0030000000004016,1.0010000000878354,0.002000000008553382,20.00000008553382,0.0030000000004015703,30.000000004015703,0.0010000000878354065,10.000000878354065
2023-04-10 00:00:00+00:00,1.0,1.0,0.9997180000615613,0.0,0.0,0.0,0.0,-0.00028199993843869287,-2.8199993843869287
2023-04-11 00:00:00+00:00,1.0019999999993279,1.0,0.9999720000038803,0.0019999999993278728,19.999999993278728,0.0,0.0,-2.799999611968751e-05,-0.2799999611968751
2023-04-12 00:00:00+00:00,1.0009999999963701,0.999611000013147,0.9994460000549081,0.0009999999963701267,9.999999963701267,-0.0003889999868530447,-3.889999868530447,-0.0005539999450918653,-5.539999450918653
2023-04-13 00:00:00+00:00,1.0019999999899962,1.00099999999765,1.0,0.001999999989996226,19.999999899962262,0.0009999999976499918,9.999999976499918,0.0,0.0
2023-04-14 00:00:00+00:00,1.0029999999968053,1.00100000000793,1.0,0.002999999996805336,29.99999996805336,0.0010000000079299909,10.000000079299909,0.0,0.0
2023-04-15 00:00:00+00:00,1.0019999999977502,1.0,1.000999999971276,0.001999999997750246,19.99999997750246,0.0,0.0,0.0009999999712759777,9.999999712759777
2023-04-16 00:00:00+00:00,1.0010000000050796,0.9991499999878077,1.0,0.0010000000050796043,10.000000050796043,-0.0008500000121922646,-8.500000121922646,0.0,0.0
2023-04-17 00:00:00+00:00,1.0,1.0009999999963375,0.9989730000643537,0.0,0.0,0.0009999999963374862,9.999999963374862,-0.0010269999356462556,-10.269999356462556
2023-04-18 00:00:00+00:00,1.000999999996089,0.9999509999745719,0.9999480000779494,0.0009999999960890182,9.999999960890182,-4.9000025428069804e-05,-0.49000025428069804,-5.199992205062731e-05,-0.5199992205062731
2023-04-19 00:00:00+00:00,1.0,0.99902799997309,0.999157000002359,0.0,0.0,-0.0009720000269100026,-9.720000269100026,-0.0008429999976410363,-8.429999976410363
2023-04-20 00:00:00+00:00,1.0009999999962849,0.9994790000065481,0.9999159998696944,0.0009999999962848616,9.999999962848616,-0.0005209999934518983,-5.209999934518983,-8.400013030562814e-05,-0.8400013030562814
2023-04-21 00:00:00+00:00,1.0,1.0,1.0,0.0,0.0,0.0,0.0,0.0,0.0
2023-04-22 00:00:00+00:00,1.0,0.9999580000059501,0.9994989999829091,0.0,0.0,-4.1999994049857214e-05,-0.41999994049857214,-0.000501000017090858,-5.0100001709085795
2023-04-23 00:00:00+00:00,1.0010000000044332,1.0,0.9997930001026315,0.0010000000044332324,10.000000044332324,0.0,0.0,-0.00020699989736849833,-2.0699989736849833
2023-04-24 00:00:00+00:00,1.0010000000044326,1.0,0.9990890000955506,0.0010000000044325663,10.000000044325663,0.0,0.0,-0.0009109999044494277,-9.109999044494277
2023-04-25 00:00:00+00:00,1.000999999999951,0.9982920000176959,0.9992759999631058,0.00099999999995104,9.9999999995104,-0.001707999982304087,-17.079999823040872,-0.0007240000368942123,-7.240000368942123
2023-04-26 00:00:00+00:00,1.0,0.9988039999746735,0.9992870000575891,0.0,0.0,-0.0011960000253264935,-11.960000253264935,-0.000712999942410919,-7.12999942410919
2023-04-27 00:00:00+00:00,1.0030000000010664,0.9948140000171449,1.0010000000530106,0.003000000001066372,30.00000001066372,-0.005185999982855072,-51.85999982855072,0.0010000000530105968,10.000000530105968
2023-04-28 00:00:00+00:00,1.0020000000037008,1.0019999999934752,1.0,0.002000000003700819,20.000000037008192,0.001999999993475221,19.99999993475221,0.0,0.0
2023-04-29 00:00:00+00:00,1.0019999999917981,1.0,1.0,0.001999999991798118,19.99999991798118,0.0,0.0,0.0,0.0
2023-04-30 00:00:00+00:00,1.0009999999960708,1.0,1.0,0.0009999999960708106,9.999999960708106,0.0,0.0,0.0,0.0
2023-05-01 00:00:00+00:00,1.0009999999960224,0.9997229999948825,1.0,0.0009999999960224049,9.999999960224049,-0.00027700000511754475,-2.7700000511754475,0.0,0.0
2023-05-02 00:00:00+00:00,1.0010000000018218,0.9986050000014206,0.9999449999793155,0.0010000000018217658,10.000000018217658,-0.0013949999985793937,-13.949999985793937,-5.50000206844814e-05,-0.550000206844814
2023-05-03 00:00:00+00:00,1.0020000000057419,1.0009999999864083,1.0009999998935073,0.002000000005741853,20.000000057418532,0.0009999999864083176,9.999999864083176,0.0009999998935072973,9.999998935072973
2023-05-04 00:00:00+00:00,1.0009999999968648,0.9992190000167644,0.9998420000074958,0.000999999996864842,9.999999968648421,-0.000780999983235553,-7.80999983235553,-0.0001579999925042097,-1.579999925042097
2023-05-05 00:00:00+00:00,1.0,0.9991399999917615,0.9994189999363853,0.0,0.0,-0.0008600000082384929,-8.600000082384929,-0.0005810000636147228,-5.810000636147228
2023-05-06 00:00:00+00:00,1.0019999999966125,1.0009999999962311,1.0,0.0019999999966124893,19.999999966124893,0.0009999999962311268,9.999999962311268,0.0,0.0
2023-05-07 00:00:00+00:00,1.0019999999967346,0.9987459999914359,0.9988199999846638,0.001999999996734614,19.999999967346138,-0.0012540000085641267,-12.540000085641267,-0.0011800000153362467,-11.800000153362467
2023-05-08 00:00:00+00:00,0.999756999998,0.9987149999782473,0.9999100001602573,-0.00024300000199994898,-2.43000001999949,-0.0012850000217526913,-12.850000217526913,-8.999983974267156e-05,-0.8999983974267156
2023-05-09 00:00:00+00:00,1.0010000000108958,0.9999140000211683,1.0,0.0010000000108958407,10.000000108958407,-8.599997883174115e-05,-0.8599997883174115,0.0,0.0
2023-05-10 00:00:00+00:00,1.0020000000025708,1.00300000002606,1.0009999998301051,0.002000000002570834,20.000000025708342,0.0030000000260599347,30.000000260599347,0.000999999830105125,9.99999830105125
2023-05-11 00:00:00+00:00,1.0010000000048427,0.9987169999907411,1.0010000001015023,0.0010000000048426827,10.000000048426827,-0.00128300000925885,-12.8300000925885,0.001000000101502252,10.00000101502252
2023-05-12 00:00:00+00:00,1.0010000000029258,1.0010000000234742,0.9991470000746892,0.0010000000029257716,10.000000029257716,0.0010000000234742235,10.000000234742235,-0.0008529999253108489,-8.529999253108489
2023-05-13 00:00:00+00:00,1.0019999999950957,1.0,1.0,0.0019999999950957026,19.999999950957026,0.0,0.0,0.0,0.0
2023-05-14 00:00:00+00:00,1.0009999999975479,1.00099999997982,1.0009999999715118,0.0009999999975478513,9.999999975478513,0.000999999979820032,9.99999979820032,0.000999999971511789,9.999999715117891
2023-05-15 00:00:00+00:00,1.0009999999966548,1.0020000000192673,1.0,0.000999999996654788,9.999999966547879,0.0020000000192672562,20.000000192672562,0.0,0.0
2023-05-16 00:00:00+00:00,1.0009999999967394,1.0029999999874868,1.0010000000703334,0.0009999999967393869,9.999999967393869,0.00299999998748679,29.9999998748679,0.0010000000703334067,10.000000703334067
2023-05-17 00:00:00+00:00,1.0010000000034889,0.9999129999850773,1.001000000064537,0.0010000000034888767,10.000000034888767,-8.700001492267795e-05,-0.8700001492267795,0.0010000000645369322,10.000000645369322
2023-05-18 00:00:00+00:00,1.0,0.9994070000035347,1.0,0.0,0.0,-0.0005929999964653376,-5.929999964653376,0.0,0.0
2023-05-19 00:00:00+00:00,1.0,0.999962000021674,1.001000000008568,0.0,0.0,-3.799997832598656e-05,-0.3799997832598656,0.001000000008567925,10.00000008567925
2023-05-20 00:00:00+00:00,1.0,0.999780000001318,0.9996900000652141,0.0,0.0,-0.00021999999868205222,-2.1999999868205222,-0.00030999993478586507,-3.0999993478586507
2023-05-21 00:00:00+00:00,1.0009999999964416,1.001000000023553,1.0,0.000999999996441625,9.99999996441625,0.0010000000235530493,10.000000235530493,0.0,0.0
2023-05-22 00:00:00+00:00,1.0,0.9998279999998314,1.0009999999186483,0.0,0.0,-0.00017200000016859285,-1.7200000016859285,0.0009999999186482977,9.999999186482977
2023-05-23 00:00:00+00:00,1.0,1.0,1.0010000000251333,0.0,0.0,0.0,0.0,0.0010000000251333407,10.000000251333407
2023-05-24 00:00:00+00:00,1.0010000000006023,1.0,1.0,0.0010000000006022969,10.000000006022969,0.0,0.0,0.0,0.0
2023-05-25 00:00:00+00:00,1.0,0.9994309999968568,0.9997769999229066,0.0,0.0,-0.0005690000031431941,-5.690000031431941,-0.00022300007709341596,-2.2300007709341596
2023-05-26 00:00:00+00:00,0.9998170000076553,1.000999999996952,1.0,-0.00018299999234472342,-1.8299999234472342,0.0009999999969521056,9.999999969521056,0.0,0.0
2023-05-27 00:00:00+00:00,1.0,0.9991950000012615,0.9997719999813662,0.0,0.0,-0.0008049999987385092,-8.049999987385092,-0.00022800001863376718,-2.2800001863376718
2023-05-28 00:00:00+00:00,0.9997810000054974,1.000999999996121,1.0,-0.0002189999945025889,-2.189999945025889,0.0009999999961209927,9.999999961209927,0.0,0.0
2023-05-29 00:00:00+00:00,1.0010000000056676,0.9994629999799703,1.0,0.0010000000056675784,10.000000056675784,-0.0005370000200296543,-5.370000200296543,0.0,0.0
2023-05-30 00:00:00+00:00,0.999516999998875,0.9998760000158973,0.9989120000205,-0.0004830000011250002,-4.830000011250002,-0.0001239999841027295,-1.239999841027295,-0.0010879999795000428,-10.879999795000428
2023-05-31 00:00:00+00:00,0.9996969999960448,0.9996850000177858,0.9990179999920217,-0.00030300000395522275,-3.0300000395522275,-0.00031499998221418135,-3.1499998221418135,-0.000982000007978323,-9.820000079783231
2023-06-01 00:00:00+00:00,1.0009999999924637,0.9998910000077941,1.001000000078141,0.000999999992463696,9.99999992463696,-0.00010899999220592704,-1.0899999220592704,0.001000000078140939,10.00000078140939
2023-06-02 00:00:00+00:00,0.9999639999914505,0.9988960000059088,0.9998279999840365,-3.600000854953045e-05,-0.3600000854953045,-0.001103999994091165,-11.039999940911649,-0.00017200001596351377,-1.7200001596351377
2023-06-03 00:00:00+00:00,1.000999999999122,0.9997560000118092,1.0,0.0009999999991219255,9.999999991219255,-0.0002439999881908017,-2.439999881908017,0.0,0.0
2023-06-04 00:00:00+00:00,1.0,1.0,0.9999960000149418,0.0,0.0,0.0,0.0,-3.999985058178446e-06,-0.03999985058178446
2023-06-05 00:00:00+00:00,1.0,1.0010000000143897,1.0009999999411674,0.0,0.0,0.0010000000143897125,10.000000143897125,0.0009999999411673954,9.999999411673954
2023-06-06 00:00:00+00:00,1.0,1.0,0.999284999921124,0.0,0.0,0.0,0.0,-0.000715000078876038,-7.15000078876038
2023-06-07 00:00:00+00:00,0.9999699999931333,1.001000000006027,0.999154000080925,-3.00000068667039e-05,-0.300000068667039,0.0010000000060270686,10.000000060270686,-0.000845999919074969,-8.45999919074969
2023-06-08 00:00:00+00:00,1.001000000008814,1.0009999999781602,1.0,0.0010000000088139505,10.000000088139505,0.0009999999781602487,9.999999781602487,0.0,0.0
2023-06-09 00:00:00+00:00,1.0020000000041778,0.9995250000150266,0.9999090000657502,0.002000000004177771,20.00000004177771,-0.0004749999849733566,-4.749999849733566,-9.099993424976915e-05,-0.9099993424976915
2023-06-10 00:00:00+00:00,0.9999680000030006,1.0,0.9999320000747077,-3.1999996999432234e-05,-0.31999996999432234,0.0,0.0,-6.79999252922725e-05,-0.679999252922725
2023-06-11 00:00:00+00:00,1.000999999999316,0.9997730000136053,0.9999050000706301,0.0009999999993159925,9.999999993159925,-0.00022699998639474916,-2.2699998639474916,-9.499992936989887e-05,-0.9499992936989887
2023-06-12 00:00:00+00:00,1.0009999999993162,1.0009999999995745,1.0009999998828722,0.0009999999993162145,9.999999993162145,0.0009999999995744524,9.999999995744524,0.000999999882872249,9.99999882872249
2023-06-13 00:00:00+00:00,0.9997980000106771,0.9997570000021833,0.9999239999556343,-0.00020199998932290963,-2.0199998932290963,-0.00024299999781673964,-2.4299999781673964,-7.60000443656983e-05,-0.7600004436569829
2023-06-14 00:00:00+00:00,1.0,1.0009999999837067,1.0010000000006678,0.0,0.0,0.0009999999837067008,9.999999837067008,0.0010000000006678,10.000000006678
2023-06-15 00:00:00+00:00,1.0,1.0,0.9989309998990009,0.0,0.0,0.0,0.0,-0.0010690001009990846,-10.690001009990846
2023-06-16 00:00:00+00:00,0.9984080000048636,0.9997160000240385,0.9993570000102389,-0.0015919999951363728,-15.919999951363728,-0.00028399997596151305,-2.8399997596151305,-0.0006429999897611394,-6.429999897611394
2023-06-17 00:00:00+00:00,0.999303000003998,0.9996770000028805,1.0,-0.0006969999960020345,-6.9699999600203455,-0.00032299999711948857,-3.2299999711948857,0.0,0.0
2023-06-18 00:00:00+00:00,0.999787999996788,0.9997810000002016,0.9996749999063577,-0.0002120000032119762,-2.120000032119762,-0.00021899999979835272,-2.189999997983527,-0.00032500009364233584,-3.2500009364233584
2023-06-19 00:00:00+00:00,0.9996200000033186,1.0,0.9997299998612502,-0.0003799999966813683,-3.799999966813683,0.0,0.0,-0.0002700001387497819,-2.700001387497819
2023-06-20 00:00:00+00:00,0.9995700000111745,0.9976489999978962,0.999163000112523,-0.0004299999888255357,-4.299999888255357,-0.0023510000021037536,-23.510000021037534,-0.0008369998874769857,-8.369998874769857
2023-06-21 00:00:00+00:00,1.002999999995491,1.0019999999847602,1.0009999999509662,0.002999999995491054,29.99999995491054,0.0019999999847601924,19.999999847601924,0.0009999999509662238,9.999999509662238
2023-06-22 00:00:00+00:00,0.9995789999913173,1.0,1.0,-0.0004210000086827259,-4.210000086827259,0.0,0.0,0.0,0.0
2023-06-23 00:00:00+00:00,0.9992349999943199,0.9985080000140001,0.9991240001981796,-0.0007650000056801387,-7.650000056801387,-0.0014919999859999145,-14.919999859999145,-0.000875999801820404,-8.75999801820404
2023-06-24 00:00:00+00:00,0.9993089999999766,0.999729000005295,0.999927000031447,-0.0006910000000234229,-6.910000000234229,-0.00027099999470503455,-2.7099999470503455,-7.299996855303359e-05,-0.7299996855303359
2023-06-25 00:00:00+00:00,1.0019999999923788,1.00099999997006,1.0,0.001999999992378765,19.999999923787648,0.0009999999700600615,9.999999700600615,0.0,0.0
2023-06-26 00:00:00+00:00,0.999692999999745,1.0,0.9988410000641214,-0.00030700000025496443,-3.0700000025496443,0.0,0.0,-0.0011589999358786462,-11.589999358786462
2023-06-27 00:00:00+00:00,0.9999790000048928,1.0010000000035553,1.0020000000641713,-2.0999995107184866e-05,-0.20999995107184866,0.001000000003555268,10.00000003555268,0.0020000000641713367,20.000000641713367
2023-06-28 00:00:00+00:00,1.0029999999963712,1.0,1.0009999998721113,0.0029999999963712387,29.999999963712387,0.0,0.0,0.0009999998721113013,9.999998721113013
2023-06-29 00:00:00+00:00,0.9989339999995097,1.000999999991854,0.999656000126433,-0.0010660000004902859,-10.660000004902859,0.0009999999918539615,9.999999918539615,-0.00034399987356703576,-3.4399987356703576
2023-06-30 00:00:00+00:00,0.9998069999955432,0.9995489999984616,0.9997950001566785,-0.00019300000445676702,-1.9300000445676702,-0.00045100000153841524,-4.510000015384152,-0.0002049998433214517,-2.049998433214517
2023-07-01 00:00:00+00:00,1.0,1.0009999999847419,0.9993140000585317,0.0,0.0,0.0009999999847418728,9.999999847418728,-0.0006859999414683404,-6.859999414683404
2023-07-02 00:00:00+00:00,0.999795000001155,0.9998410000066741,0.9998690001907612,-0.00020499999884504572,-2.049999988450457,-0.00015899999332591452,-1.5899999332591452,-0.0001309998092388076,-1.309998092388076
2023-07-03 00:00:00+00:00,0.9998409999949827,1.0010000000026145,1.0,-0.00015900000501734013,-1.5900000501734013,0.001000000002614465,10.000000026144651,0.0,0.0
2023-07-04 00:00:00+00:00,1.0,0.9995030000052876,0.99918600009782,0.0,0.0,-0.0004969999947124215,-4.969999947124215,-0.0008139999021800071,-8.13999902180007
2023-07-05 00:00:00+00:00,1.0,1.0009999999823072,0.9997930000706114,0.0,0.0,0.0009999999823071537,9.999999823071537,-0.0002069999293885516,-2.069999293885516
2023-07-06 00:00:00+00:00,0.9995389999916545,1.0,1.0,-0.00046100000834548016,-4.610000083454802,0.0,0.0,0.0,0.0
2023-07-07 00:00:00+00:00,0.9994219999991871,0.9990800000062949,0.9989210000220241,-0.0005780000008128727,-5.780000008128727,-0.0009199999937050674,-9.199999937050674,-0.0010789999779758919,-10.789999779758919
2023-07-08 00:00:00+00:00,1.001000000000084,0.9997299999988546,0.9998790000368691,0.0010000000000840448,10.000000000840448,-0.00027000000114540956,-2.7000000114540956,-0.00012099996313086336,-1.2099996313086336
2023-07-09 00:00:00+00:00,1.0,0.9997239999777894,0.9999280000109589,0.0,0.0,-0.0002760000222106207,-2.760000222106207,-7.199998904106053e-05,-0.7199998904106053
2023-07-10 00:00:00+00:00,0.999245000000986,0.9992719999964942,0.99942600004337,-0.0007549999990139611,-7.549999990139611,-0.0007280000035058132,-7.280000035058132,-0.0005739999566299891,-5.7399995662998915
2023-07-11 00:00:00+00:00,0.999744999998843,0.9998860000040921,0.9995990001763326,-0.00025500000115696864,-2.5500000115696864,-0.00011399999590788745,-1.1399999590788745,-0.0004009998236673695,-4.009998236673695
2023-07-12 00:00:00+00:00,1.0,0.9990009999933617,0.9996800000431575,0.0,0.0,-0.0009990000066383287,-9.990000066383287,-0.00031999995684250937,-3.1999995684250937
2023-07-13 00:00:00+00:00,1.0,0.9998040000032727,1.0,0.0,0.0,-0.00019599999672725854,-1.9599999672725854,0.0,0.0
2023-07-14 00:00:00+00:00,1.0009999999998562,1.0,1.0,0.000999999999856227,9.99999999856227,0.0,0.0,0.0,0.0
2023-07-15 00:00:00+00:00,1.0010000000000838,0.9999649999982224,0.9998089998886321,0.0010000000000838227,10.000000000838227,-3.500000177758533e-05,-0.3500000177758533,-0.0001910001113678561,-1.910001113678561
2023-07-16 00:00:00+00:00,1.0010000000007055,0.999950000008531,1.0,0.0010000000007055476,10.000000007055476,-4.999999146904077e-05,-0.4999999146904077,0.0,0.0
2023-07-17 00:00:00+00:00,1.0,0.9990099999958253,1.0009999998049723,0.0,0.0,-0.000990000004174707,-9.90000004174707,0.0009999998049723402,9.999998049723402
2023-07-18 00:00:00+00:00,1.0,1.0,1.0,0.0,0.0,0.0,0.0,0.0,0.0
2023-07-19 00:00:00+00:00,1.0,1.000999999991812,1.0,0.0,0.0,0.000999999991811995,9.99999991811995,0.0,0.0
2023-07-20 00:00:00+00:00,0.9997099999973003,0.9999149999964506,1.0,-0.0002900000026997418,-2.900000026997418,-8.500000354938475e-05,-0.8500000354938475,0.0,0.0
2023-07-21 00:00:00+00:00,1.0,1.0,1.0,0.0,0.0,0.0,0.0,0.0,0.0
2023-07-22 00:00:00+00:00,1.0,0.9998410000201686,1.0010000000917234,0.0,0.0,-0.0001589999798313757,-1.589999798313757,0.0010000000917234075,10.000000917234075
2023-07-23 00:00:00+00:00,1.0010000000001313,1.0,1.0,0.0010000000001313403,10.000000001313403,0.0,0.0,0.0,0.0
2023-07-24 00:00:00+00:00,1.0,0.9999279999993249,0.9999740000339914,0.0,0.0,-7.20000006750876e-05,-0.720000006750876,-2.5999966008605213e-05,-0.25999966008605213
2023-07-25 00:00:00+00:00,0.9998620000062304,1.0,0.9998520000765018,-0.0001379999937696219,-1.379999937696219,0.0,0.0,-0.0001479999234982321,-1.479999234982321
2023-07-26 00:00:00+00:00,1.0,1.0,0.9995859999332617,0.0,0.0,0.0,0.0,-0.000414000066738307,-4.14000066738307
2023-07-27 00:00:00+00:00,1.0009999999955008,1.0,1.001000000015066,0.000999999995500822,9.99999995500822,0.0,0.0,0.0010000000150660604,10.000000150660604
2023-07-28 00:00:00+00:00,0.9999430000016042,1.0,1.0,-5.699999839581249e-05,-0.5699999839581249,0.0,0.0,0.0,0.0
2023-07-29 00:00:00+00:00,1.0,1.0,0.999609999856465,0.0,0.0,0.0,0.0,-0.00039000014353496315,-3.9000014353496315
2023-07-30 00:00:00+00:00,0.9996480000049384,0.9995790000123257,0.9997119999833424,-0.00035199999506163593,-3.5199999506163593,-0.0004209999876743087,-4.209999876743087,-0.0002880000166576302,-2.880000166576302
2023-07-31 00:00:00+00:00,1.0,1.0,1.0,0.0,0.0,0.0,0.0,0.0,0.0
2023-08-01 00:00:00+00:00,0.9999200000030417,1.0,1.0009999998411585,-7.999999695829096e-05,-0.7999999695829096,0.0,0.0,0.0009999998411585054,9.999998411585054
2023-08-02 00:00:00+00:00,0.9997919999931225,1.000999999976644,1.0019999998675435,-0.00020800000687748454,-2.0800000687748454,0.000999999976643906,9.99999976643906,0.0019999998675435116,19.999998675435116
2023-08-03 00:00:00+00:00,0.999751999993742,1.0009999999711963,1.0,-0.0002480000062580201,-2.480000062580201,0.0009999999711962637,9.999999711962637,0.0,0.0
2023-08-04 00:00:00+00:00,0.9995099999930197,1.0,1.0,-0.0004900000069802957,-4.900000069802957,0.0,0.0,0.0,0.0
2023-08-05 00:00:00+00:00,0.9983420000024235,0.9999180000070583,1.0009999999890815,-0.0016579999975765425,-16.579999975765425,-8.19999929416726e-05,-0.819999929416726,0.0009999999890815126,9.999999890815126
2023-08-06 00:00:00+00:00,0.9989310000039785,0.999556999999329,0.9993809999928619,-0.0010689999960215024,-10.689999960215024,-0.00044300000067099,-4.4300000067099,-0.0006190000071381041,-6.190000071381041
2023-08-07 00:00:00+00:00,0.9982429999952197,0.9995200000008658,0.9995720002304511,-0.0017570000047802958,-17.570000047802957,-0.000479999999134173,-4.79999999134173,-0.0004279997695488813,-4.279997695488813
2023-08-08 00:00:00+00:00,0.9987450000029524,0.9997900000175615,0.9994710001698816,-0.00125499999704759,-12.5499999704759,-0.00020999998243853568,-2.099999824385357,-0.0005289998301184484,-5.289998301184484
2023-08-09 00:00:00+00:00,0.9995980000000068,1.0,1.0010000000568888,-0.0004019999999932411,-4.019999999932411,0.0,0.0,0.0010000000568888279,10.000000568888279
2023-08-10 00:00:00+00:00,0.9985309999992024,1.0,1.0,-0.0014690000007976378,-14.690000007976378,0.0,0.0,0.0,0.0
2023-08-11 00:00:00+00:00,0.9981669999973896,0.9996810000103942,0.9997419999576499,-0.001833000002610441,-18.330000026104408,-0.0003189999896058282,-3.189999896058282,-0.0002580000423501039,-2.5800004235010388
2023-08-12 00:00:00+00:00,0.9992080000044106,1.0,0.9996389998627019,-0.0007919999955894319,-7.919999955894319,0.0,0.0,-0.00036100013729811753,-3.6100013729811753
2023-08-13 00:00:00+00:00,0.9994590000056323,0.9999680000137312,0.9999470001984428,-0.0005409999943677413,-5.409999943677413,-3.1999986268793634e-05,-0.31999986268793634,-5.2999801557152004e-05,-0.52999801557152
2023-08-14 00:00:00+00:00,0.9994640000061344,1.000999999999033,1.0,-0.0005359999938655546,-5.359999938655546,0.0009999999990331077,9.999999990331077,0.0,0.0
2023-08-15 00:00:00+00:00,0.9992719999989771,0.9997980000060562,0.9998329999352408,-0.0007280000010229104,-7.280000010229104,-0.00020199999394376889,-2.019999939437689,-0.00016700006475922624,-1.6700006475922624
2023-08-16 00:00:00+00:00,0.9990740000008029,0.9996139999727902,0.9998890000288894,-0.0009259999991970691,-9.259999991970691,-0.00038600002720978743,-3.8600002720978743,-0.00011099997111063686,-1.1099997111063686
2023-08-17 00:00:00+00:00,0.9979109999970499,0.9985340000163659,0.9987470001024864,-0.002089000002950092,-20.89000002950092,-0.0014659999836340587,-14.659999836340587,-0.0012529998975135959,-12.529998975135959
2023-08-18 00:00:00+00:00,0.9990439999952893,0.9997550000075714,1.0,-0.0009560000047107442,-9.560000047107442,-0.00024499999242855175,-2.4499999242855175,0.0,0.0
2023-08-19 00:00:00+00:00,0.9995779999988651,0.9989679999904908,0.9998590000698442,-0.00042200000113490344,-4.220000011349034,-0.0010320000095092041,-10.320000095092041,-0.00014099993015581624,-1.4099993015581624
2023-08-20 00:00:00+00:00,0.9990839999957055,1.0009999999919281,0.9998229998667821,-0.0009160000042944816,-9.160000042944816,0.0009999999919281244,9.999999919281244,-0.0001770001332178639,-1.770001332178639
2023-08-21 00:00:00+00:00,1.0,1.0009999999884986,0.999833999913119,0.0,0.0,0.0009999999884986455,9.999999884986455,-0.00016600008688094636,-1.6600008688094636
2023-08-22 00:00:00+00:00,1.0,1.0,0.999328000086552,0.0,0.0,0.0,0.0,-0.0006719999134480181,-6.719999134480181
2023-08-23 00:00:00+00:00,0.9997869999961401,0.9993939999981489,1.0,-0.00021300000385993112,-2.130000038599311,-0.0006060000018510703,-6.060000018510703,0.0,0.0
2023-08-24 00:00:00+00:00,0.9997080000029054,1.0009999999818542,0.9995880000080244,-0.0002919999970946163,-2.9199999709461633,0.0009999999818541827,9.999999818541827,-0.000411999991975609,-4.11999991975609
2023-08-25 00:00:00+00:00,1.0,0.9994979999751826,0.9993340000624498,0.0,0.0,-0.0005020000248173728,-5.020000248173728,-0.0006659999375502323,-6.6599993755023235
2023-08-26 00:00:00+00:00,0.9997740000003636,1.0,1.0,-0.00022599999963635042,-2.2599999963635042,0.0,0.0,0.0,0.0
2023-08-27 00:00:00+00:00,0.999063999992104,0.9996019999719492,0.9999439998621402,-0.0009360000078959541,-9.36000007895954,-0.0003980000280507934,-3.9800002805079338,-5.600013785977964e-05,-0.5600013785977964
2023-08-28 00:00:00+00:00,0.9993389999970037,0.9997589999958021,0.9995120000129872,-0.0006610000029962926,-6.610000029962926,-0.000241000004197911,-2.41000004197911,-0.00048799998701276603,-4.87999987012766
2023-08-29 00:00:00+00:00,0.9993559999946846,1.0,0.999980999977895,-0.0006440000053153927,-6.440000053153927,0.0,0.0,-1.9000022104975756e-05,-0.19000022104975756
2023-08-30 00:00:00+00:00,1.0,0.998898000001381,0.9992979998777205,0.0,0.0,-0.001101999998619041,-11.01999998619041,-0.0007020001222795003,-7.020001222795003
2023-08-31 00:00:00+00:00,0.9998360000031873,0.9998509999991861,0.9991739999559434,-0.0001639999968127137,-1.639999968127137,-0.00014900000081385922,-1.4900000081385922,-0.0008260000440566406,-8.260000440566406
2023-09-01 00:00:00+00:00,0.9990299999988169,0.9993309999851812,0.9994050000800979,-0.00097000000118308,-9.7000000118308,-0.0006690000148188435,-6.690000148188435,-0.0005949999199020839,-5.949999199020839
2023-09-02 00:00:00+00:00,0.9998070000043234,1.00100000001953,1.0010000000594073,-0.00019299999567656823,-1.9299999567656823,0.0010000000195300451,10.000000195300451,0.0010000000594072578,10.000000594072578
2023-09-03 00:00:00+00:00,1.0,1.0,1.0,0.0,0.0,0.0,0.0,0.0,0.0
2023-09-04 00:00:00+00:00,1.0,1.0,0.9998319999958689,0.0,0.0,0.0,0.0,-0.00016800000413108584,-1.6800000413108584
2023-09-05 00:00:00+00:00,0.9995880000019302,0.9993159999871467,0.9988720000965301,-0.0004119999980698452,-4.119999980698452,-0.0006840000128532919,-6.840000128532919,-0.0011279999034699006,-11.279999034699006
2023-09-06 00:00:00+00:00,0.9999350000070538,0.9998050000293457,1.0,-6.499999294617975e-05,-0.6499999294617975,-0.00019499997065430819,-1.9499997065430819,0.0,0.0
2023-09-07 00:00:00+00:00,0.9997249999963574,1.0,0.9996909999244408,-0.00027500000364255595,-2.7500000364255595,0.0,0.0,-0.00030900007555922926,-3.0900007555922926
2023-09-08 00:00:00+00:00,0.9991759999948847,1.0009999999797403,1.0,-0.0008240000051152885,-8.240000051152885,0.000999999979740318,9.99999979740318,0.0,0.0
2023-09-09 00:00:00+00:00,0.9996170000002115,0.9999840000184992,0.9991280000117572,-0.0003829999997885247,-3.8299999978852473,-1.599998150081383e-05,-0.1599998150081383,-0.0008719999882428331,-8.719999882428331
2023-09-10 00:00:00+00:00,0.999856000004767,1.0,0.9990369999728832,-0.00014399999523295737,-1.4399999523295737,0.0,0.0,-0.0009630000271168004,-9.630000271168004
2023-09-11 00:00:00+00:00,1.0010000000023738,1.0,1.0010000000302455,0.0010000000023737687,10.000000023737687,0.0,0.0,0.0010000000302454737,10.000000302454737
2023-09-12 00:00:00+00:00,0.9996889999959944,0.9996889999766589,1.0,-0.0003110000040056349,-3.110000040056349,-0.00031100002334105703,-3.1100002334105703,0.0,0.0
2023-09-13 00:00:00+00:00,0.9999120000023326,1.0009999999971568,0.9988399999300799,-8.799999766739841e-05,-0.8799999766739841,0.0009999999971568307,9.999999971568307,-0.0011600000699201196,-11.600000699201196
2023-09-14 00:00:00+00:00,0.9999359999913875,0.999801000001379,0.9988850000495492,-6.40000086125081e-05,-0.640000086125081,-0.00019899999862105222,-1.9899999862105222,-0.0011149999504508346,-11.149999504508346
2023-09-15 00:00:00+00:00,1.0,0.9999219999890523,0.9987699999444148,0.0,0.0,-7.80000109477097e-05,-0.780000109477097,-0.0012300000555851565,-12.300000555851565
2023-09-16 00:00:00+00:00,1.0,0.9991059999751718,1.0,0.0,0.0,-0.000894000024828201,-8.94000024828201,0.0,0.0
2023-09-17 00:00:00+00:00,1.0,0.9998190000153048,0.9999760000655503,0.0,0.0,-0.00018099998469522927,-1.8099998469522927,-2.399993444968107e-05,-0.2399993444968107
2023-09-18 00:00:00+00:00,1.0,0.9992000000273926,0.9996339999746628,0.0,0.0,-0.0007999999726073792,-7.999999726073792,-0.00036600002533715426,-3.6600002533715426
2023-09-19 00:00:00+00:00,0.9996719999966099,0.9992129999920828,0.9997680000991204,-0.00032800000339006097,-3.2800000339006097,-0.0007870000079172046,-7.870000079172046,-0.0002319999008796314,-2.319999008796314
2023-09-20 00:00:00+00:00,1.0010000000047992,1.0,0.9992389999252109,0.001000000004799162,10.00000004799162,0.0,0.0,-0.0007610000747890755,-7.610000747890755
2023-09-21 00:00:00+00:00,0.9999050000050612,0.9997129999794254,0.9996400000780937,-9.499999493878253e-05,-0.9499999493878253,-0.0002870000205745793,-2.870000205745793,-0.0003599999219062733,-3.599999219062733
2023-09-22 00:00:00+00:00,0.9988620000052431,0.9991379999802176,0.9987990000500664,-0.0011379999947569441,-11.379999947569441,-0.0008620000197824274,-8.620000197824274,-0.0012009999499336121,-12.009999499336121
2023-09-23 00:00:00+00:00,1.0,1.0,1.0009999999749652,0.0,0.0,0.0,0.0,0.0009999999749652488,9.999999749652488
2023-09-24 00:00:00+00:00,1.0,0.9996270000051845,0.9992390000105058,0.0,0.0,-0.00037299999481554824,-3.7299999481554824,-0.0007609999894941932,-7.609999894941932
2023-09-25 00:00:00+00:00,1.0,1.0010000000026116,0.9998760000471257,0.0,0.0,0.0010000000026115785,10.000000026115785,-0.00012399995287426524,-1.2399995287426524
2023-09-26 00:00:00+00:00,1.0,1.0010000000287742,0.9997689999780773,0.0,0.0,0.0010000000287742061,10.000000287742061,-0.0002310000219226671,-2.310000219226671
2023-09-27 00:00:00+00:00,0.9995069999970576,1.0,0.9993709999503185,-0.0004930000029423898,-4.930000029423898,0.0,0.0,-0.0006290000496814718,-6.290000496814718
2023-09-28 00:00:00+00:00,1.0,1.0010000000219321,1.0009999999884485,0.0,0.0,0.0010000000219321237,10.000000219321237,0.0009999999884484634,9.999999884484634
2023-09-29 00:00:00+00:00,1.0,1.0010000000143002,1.0,0.0,0.0,0.0010000000143002286,10.000000143002286,0.0,0.0
2023-09-30 00:00:00+00:00,0.9992740000043592,0.9998930000196383,0.9997040000166537,-0.0007259999956408247,-7.259999956408247,-0.00010699998036167724,-1.0699998036167724,-0.0002959999833462845,-2.9599998334628452
2023-10-01 00:00:00+00:00,1.0,0.9998800000121566,0.9999140000757517,0.0,0.0,-0.00011999998784339994,-1.1999998784339994,-8.599992424829228e-05,-0.8599992424829228
2023-10-02 00:00:00+00:00,0.9998310000021895,1.0,1.0009999999739305,-0.0001689999978105039,-1.689999978105039,0.0,0.0,0.000999999973930521,9.99999973930521
2023-10-03 00:00:00+00:00,1.0,1.0,0.9991890000806751,0.0,0.0,0.0,0.0,-0.0008109999193248729,-8.10999919324873
2023-10-04 00:00:00+00:00,1.0,0.999999000026625,0.9987840000629806,0.0,0.0,-9.99973374993246e-07,-0.00999973374993246,-0.0012159999370193741,-12.159999370193741
2023-10-05 00:00:00+00:00,1.0,0.9991829999961392,0.9990480000847994,0.0,0.0,-0.0008170000038607572,-8.170000038607572,-0.0009519999152005632,-9.519999152005632
2023-10-06 00:00:00+00:00,1.0009999999977213,1.0009999999835315,1.0,0.0009999999977212681,9.999999977212681,0.0009999999835315077,9.999999835315077,0.0,0.0
2023-10-07 00:00:00+00:00,1.0010000000018942,1.0010000000146475,0.9994960000819051,0.0010000000018941524,10.000000018941524,0.0010000000146475063,10.000000146475063,-0.0005039999180949106,-5.039999180949106
2023-10-08 00:00:00+00:00,1.0,1.0,0.9999050000867244,0.0,0.0,0.0,0.0,-9.49999132755508e-05,-0.949999132755508
2023-10-09 00:00:00+00:00,1.0010000000018933,0.9989830000016504,0.9981570001354548,0.0010000000018932642,10.000000018932642,-0.001016999998349588,-10.169999983495881,-0.0018429998645451695,-18.429998645451697
2023-10-10 00:00:00+00:00,1.0009999999992572,1.0009999999932797,1.0009999999767552,0.0009999999992571507,9.999999992571507,0.00099999999327971,9.999999932797099,0.0009999999767551504,9.999999767551504
2023-10-11 00:00:00+00:00,0.9998239999994599,0.9999339999747098,0.9993900000830241,-0.00017600000054007747,-1.7600000054007747,-6.600002529022486e-05,-0.6600002529022486,-0.0006099999169758563,-6.099999169758563
2023-10-12 00:00:00+00:00,0.99990799999231,0.9998389999982621,0.9995759999312344,-9.200000769005179e-05,-0.9200000769005179,-0.00016100000173790985,-1.6100000173790985,-0.0004240000687656398,-4.240000687656398
2023-10-13 00:00:00+00:00,0.9993500000064371,1.0,0.9996570000534989,-0.0006499999935628553,-6.499999935628553,0.0,0.0,-0.0003429999465011102,-3.429999465011102
2023-10-14 00:00:00+00:00,0.9998719999986518,0.9997849999951242,0.9997150001068923,-0.0001280000013481608,-1.280000013481608,-0.0002150000048758427,-2.150000048758427,-0.0002849998931077069,-2.849998931077069
2023-10-15 00:00:00+00:00,0.9999639999970013,0.9999530000282122,0.9995400000378409,-3.600000299874839e-05,-0.3600000299874839,-4.69999717878089e-05,-0.46999971787808903,-0.00045999996215906336,-4.599999621590634
2023-10-16 00:00:00+00:00,0.999940999997414,0.9999650000118236,0.999387999894639,-5.900000258596272e-05,-0.5900000258596272,-3.499998817635408e-05,-0.3499998817635408,-0.0006120001053609991,-6.120001053609991
2023-10-17 00:00:00+00:00,0.999259999992647,1.0,0.9982799999803367,-0.00074000000735297,-7.4000000735297,0.0,0.0,-0.0017200000196633258,-17.20000019663326
2023-10-18 00:00:00+00:00,1.0,0.9995210000003258,0.9989020001247768,0.0,0.0,-0.00047899999967415674,-4.789999996741567,-0.0010979998752231879,-10.979998752231879
2023-10-19 00:00:00+00:00,1.0009999999917891,1.0,0.9993040000710278,0.0009999999917891245,9.999999917891245,0.0,0.0,-0.0006959999289721797,-6.959999289721797
2023-10-20 00:00:00+00:00,1.0,0.9998959999768863,0.9995449998638395,0.0,0.0,-0.00010400002311372614,-1.0400002311372614,-0.0004550001361605105,-4.550001361605105
2023-10-21 00:00:00+00:00,1.0010000000095804,0.9998210000142461,0.9996980000992026,0.0010000000095804484,10.000000095804484,-0.00017899998575388043,-1.7899998575388043,-0.0003019999007973784,-3.0199990079737837
2023-10-22 00:00:00+00:00,1.0,0.9998870000016012,1.0,0.0,0.0,-0.00011299999839875507,-1.1299999839875507,0.0,0.0
2023-10-23 00:00:00+00:00,1.0,0.9988399999919659,0.9985679999302766,0.0,0.0,-0.0011600000080340678,-11.600000080340678,-0.001432000069723438,-14.32000069723438
2023-10-24 00:00:00+00:00,1.0020000000091143,1.00199999999227,1.0009999998965684,0.0020000000091142667,20.000000091142667,0.001999999992269963,19.99999992269963,0.0009999998965684043,9.999998965684043
2023-10-25 00:00:00+00:00,0.9993709999927893,1.0010000000228745,0.9992809999582836,-0.0006290000072106672,-6.290000072106672,0.001000000022874481,10.00000022874481,-0.0007190000417164333,-7.190000417164333
2023-10-26 00:00:00+00:00,1.001000000001114,1.0010000000065566,0.9993929999289773,0.0010000000011141097,10.000000011141097,0.001000000006556645,10.00000006556645,-0.0006070000710226564,-6.070000710226564
2023-10-27 00:00:00+00:00,1.0,1.000999999997268,0.9995059998787237,0.0,0.0,0.000999999997268075,9.999999972680751,-0.0004940001212763168,-4.940001212763168
2023-10-28 00:00:00+00:00,1.0,1.0,0.9999879999586244,0.0,0.0,0.0,0.0,-1.2000041375581638e-05,-0.12000041375581638
2023-10-29 00:00:00+00:00,1.0,1.0,0.9985999999090858,0.0,0.0,0.0,0.0,-0.001400000090914233,-14.00000090914233
2023-10-30 00:00:00+00:00,1.0009999999986867,0.9999029999959428,0.9994329999811644,0.000999999998686718,9.99999998686718,-9.700000405721276e-05,-0.9700000405721276,-0.0005670000188355839,-5.670000188355839
2023-10-31 00:00:00+00:00,1.0009999999939927,0.9993420000128901,1.0,0.0009999999939926951,9.999999939926951,-0.000657999987109914,-6.57999987109914,0.0,0.0
2023-11-01 00:00:00+00:00,0.9998609999939346,0.9996390000050865,0.9996160000539976,-0.00013900000606537066,-1.3900000606537066,-0.0003609999949134579,-3.609999949134579,-0.00038399994600235576,-3.8399994600235576
2023-11-02 00:00:00+00:00,1.0010000000001886,1.001000000001159,0.9998270000257522,0.0010000000001886278,10.000000001886278,0.0010000000011589627,10.000000011589627,-0.00017299997424780056,-1.7299997424780056
2023-11-03 00:00:00+00:00,0.9995680000067472,0.9989940000301732,0.9988509999129462,-0.00043199999325282956,-4.319999932528296,-0.001005999969826754,-10.059999698267541,-0.0011490000870537642,-11.490000870537642
2023-11-04 00:00:00+00:00,1.0009999999983008,0.9998270000173922,0.9996420000534179,0.0009999999983008045,9.999999983008045,-0.00017299998260777993,-1.7299998260777993,-0.00035799994658214374,-3.5799994658214374
2023-11-05 00:00:00+00:00,1.0009999999983126,1.0,0.9990739999809419,0.000999999998312573,9.99999998312573,0.0,0.0,-0.0009260000190580708,-9.260000190580708
2023-11-06 00:00:00+00:00,1.0009999999983366,1.0,1.0010000000134727,0.0009999999983365537,9.999999983365537,0.0,0.0,0.0010000000134726683,10.000000134726683
2023-11-07 00:00:00+00:00,1.0,0.9999149999833867,0.9982309998987864,0.0,0.0,-8.500001661326806e-05,-0.8500001661326806,-0.0017690001012136136,-17.690001012136136
2023-11-08 00:00:00+00:00,1.0010000000016035,0.9994940000150254,0.9985119998509515,0.001000000001603496,10.00000001603496,-0.0005059999849745811,-5.059999849745811,-0.001488000149048485,-14.880001490484851
2023-11-09 00:00:00+00:00,1.0,1.0,1.0,0.0,0.0,0.0,0.0,0.0,0.0
2023-11-10 00:00:00+00:00,1.0,0.9994350000013951,0.9998340001399566,0.0,0.0,-0.0005649999986049314,-5.649999986049314,-0.00016599986004339762,-1.6599986004339762
2023-11-11 00:00:00+00:00,1.00100000000442,1.0,0.9997980000935262,0.0010000000044199098,10.000000044199098,0.0,0.0,-0.0002019999064738487,-2.019999064738487
2023-11-12 00:00:00+00:00,0.9998960000071913,0.9996239999859795,0.9981650000728963,-0.00010399999280874539,-1.039999928087454,-0.00037600001402049443,-3.7600001402049443,-0.0018349999271036754,-18.349999271036754
2023-11-13 00:00:00+00:00,0.9997479999917575,0.9977949999984449,0.998080000169748,-0.00025200000824254776,-2.5200000824254776,-0.002205000001555102,-22.05000001555102,-0.0019199998302520394,-19.19999830252039
2023-11-14 00:00:00+00:00,1.0010000000022172,1.0,0.9998120000477164,0.0010000000022172273,10.000000022172273,0.0,0.0,-0.00018799995228357957,-1.8799995228357957
2023-11-15 00:00:00+00:00,0.9995829999996344,0.9993320000022138,0.9997060000085117,-0.00041700000036559715,-4.1700000036559715,-0.0006679999977862172,-6.679999977862172,-0.0002939999914882696,-2.939999914882696
2023-11-16 00:00:00+00:00,0.9995130000016822,0.9993189999644647,0.9994089999776419,-0.00048699999831780527,-4.869999983178053,-0.0006810000355352841,-6.810000355352841,-0.0005910000223581235,-5.9100002235812354
2023-11-17 00:00:00+00:00,1.0010000000110626,1.0009999999997448,1.0009999998208308,0.0010000000110625962,10.000000110625962,0.0009999999997447606,9.999999997447606,0.0009999998208307659,9.999998208307659
2023-11-18 00:00:00+00:00,1.0,0.9996310000178187,0.9995930000525358,0.0,0.0,-0.00036899998218131724,-3.6899998218131724,-0.00040699994746418167,-4.069999474641817
2023-11-19 00:00:00+00:00,1.0010000000035704,1.0,0.9988340000018555,0.0010000000035703671,10.000000035703671,0.0,0.0,-0.0011659999981444846,-11.659999981444846
2023-11-20 00:00:00+00:00,1.0,0.9995359999881418,0.9995940000184191,0.0,0.0,-0.00046400001185820106,-4.640000118582011,-0.00040599998158086237,-4.059999815808624
2023-11-21 00:00:00+00:00,1.0010000000049433,1.001000000032238,1.0,0.001000000004943269,10.000000049432689,0.001000000032238102,10.00000032238102,0.0,0.0
2023-11-22 00:00:00+00:00,1.0009999999993204,1.0,1.0010000000063022,0.0009999999993204334,9.999999993204334,0.0,0.0,0.0010000000063021819,10.000000063021819
2023-11-23 00:00:00+00:00,0.9999190000038287,0.9999319999911359,0.9978410000740201,-8.099999617128262e-05,-0.8099999617128262,-6.800000886408863e-05,-0.6800000886408863,-0.0021589999259798986,-21.589999259798986
2023-11-24 00:00:00+00:00,1.0,1.0,0.999931999930942,0.0,0.0,0.0,0.0,-6.800006905804956e-05,-0.6800006905804956
2023-11-25 00:00:00+00:00,1.0009999999909116,1.0009999999892822,0.9997070000286202,0.0009999999909116042,9.999999909116042,0.0009999999892822409,9.999999892822409,-0.0002929999713797704,-2.929999713797704
2023-11-26 00:00:00+00:00,1.0009999999909134,0.9994430000095644,0.9987980000548221,0.0009999999909133805,9.999999909133805,-0.0005569999904355694,-5.569999904355694,-0.0012019999451778896,-12.019999451778896
2023-11-27 00:00:00+00:00,1.0,1.0010000000053092,0.9977700000346432,0.0,0.0,0.0010000000053091984,10.000000053091984,-0.002229999965356777,-22.29999965356777
2023-11-28 00:00:00+00:00,1.0,1.001000000031122,0.998050000072076,0.0,0.0,0.0010000000311221058,10.000000311221058,-0.0019499999279239955,-19.499999279239955
2023-11-29 00:00:00+00:00,1.0009999999995844,0.9991440000109009,0.9985280000257253,0.0009999999995844444,9.999999995844444,-0.0008559999890991321,-8.559999890991321,-0.001471999974274718,-14.71999974274718
2023-11-30 00:00:00+00:00,1.0009999999946444,1.0010000000083747,0.9969859999456641,0.000999999994644396,9.99999994644396,0.0010000000083747462,10.000000083747462,-0.0030140000543359413,-30.140000543359413
2023-12-01 00:00:00+00:00,1.0,1.0,0.9992549998237255,0.0,0.0,0.0,0.0,-0.0007450001762745462,-7.450001762745462
2023-12-02 00:00:00+00:00,1.0,0.999617000004459,0.9988709999821034,0.0,0.0,-0.0003829999955410335,-3.8299999554103348,-0.0011290000178966197,-11.290000178966197
2023-12-03 00:00:00+00:00,1.0,1.0009999999858399,0.9990190000740634,0.0,0.0,0.0009999999858398834,9.999999858398834,-0.0009809999259365876,-9.809999259365876
2023-12-04 00:00:00+00:00,1.0009999999989176,1.0,0.9998169999895504,0.0009999999989176445,9.999999989176445,0.0,0.0,-0.00018300001044957437,-1.8300001044957437
2023-12-05 00:00:00+00:00,0.99984100000478,1.0,0.9974179999744964,-0.000158999995219955,-1.58999995219955,0.0,0.0,-0.0025820000255035724,-25.820000255035723
2023-12-06 00:00:00+00:00,1.0010000000054329,0.9981829999967915,0.9972010000065283,0.0010000000054328773,10.000000054328773,-0.001817000003208502,-18.17000003208502,-0.0027989999934716625,-27.989999934716625
2023-12-07 00:00:00+00:00,1.0,1.0010000000244252,1.000999999883288,0.0,0.0,0.0010000000244252405,10.000000244252405,0.0009999998832879164,9.999998832879164
2023-12-08 00:00:00+00:00,1.0,1.0010000000239405,0.9987659999391312,0.0,0.0,0.0010000000239405171,10.000000239405171,-0.0012340000608688229,-12.340000608688229
2023-12-09 00:00:00+00:00,1.0,0.9993849999988353,1.0,0.0,0.0,-0.0006150000011646561,-6.150000011646561,0.0,0.0
2023-12-10 00:00:00+00:00,1.0,1.0,0.9988660000771717,0.0,0.0,0.0,0.0,-0.001133999922828255,-11.339999228282549
2023-12-11 00:00:00+00:00,0.99981799999531,0.9997959999885395,1.0,-0.00018200000469004163,-1.8200000469004163,-0.0002040000114604812,-2.040000114604812,0.0,0.0
2023-12-12 00:00:00+00:00,1.0020000000045912,1.0020000000084595,0.9997950000496251,0.002000000004591218,20.00000004591218,0.002000000008459457,20.00000008459457,-0.0002049999503749289,-2.049999503749289
2023-12-13 00:00:00+00:00,0.9989329999964734,0.9986179999986065,0.9985650001341522,-0.0010670000035265526,-10.670000035265526,-0.0013820000013935463,-13.820000013935463,-0.0014349998658478302,-14.349998658478302
2023-12-14 00:00:00+00:00,0.9992740000081448,1.0010000000054795,0.9970529998657736,-0.0007259999918551863,-7.259999918551863,0.0010000000054795066,10.000000054795066,-0.0029470001342264407,-29.470001342264407
2023-12-15 00:00:00+00:00,0.9995650000025273,1.0010000000066805,0.9972750000260918,-0.0004349999974726515,-4.349999974726515,0.001000000006680546,10.000000066805459,-0.002724999973908182,-27.249999739081822
2023-12-16 00:00:00+00:00,0.998605000005187,0.9984240000135809,0.9980229999854381,-0.001394999994812962,-13.949999948129621,-0.0015759999864191077,-15.759999864191077,-0.0019770000145619138,-19.770000145619136
2023-12-17 00:00:00+00:00,0.9992230000057996,0.9998409999926755,0.9984900001112484,-0.0007769999942004446,-7.769999942004446,-0.0001590000073244946,-1.590000073244946,-0.0015099998887515564,-15.099998887515564
2023-12-18 00:00:00+00:00,0.9989480000054024,1.0020000000043847,0.998668000116679,-0.0010519999945975966,-10.519999945975966,0.0020000000043847166,20.000000043847166,-0.001331999883321,-13.31999883321
2023-12-19 00:00:00+00:00,0.9979789999975398,0.9997840000085304,0.9984520000307457,-0.0020210000024601937,-20.21000002460194,-0.00021599999146959536,-2.1599999146959536,-0.0015479999692542545,-15.479999692542545
2023-12-20 00:00:00+00:00,0.99943799999854,1.0010000000132335,0.9991019999782869,-0.0005620000014600057,-5.620000014600057,0.0010000000132335263,10.000000132335263,-0.0008980000217131412,-8.980000217131412
2023-12-21 00:00:00+00:00,1.0,1.0,0.9994240000057655,0.0,0.0,0.0,0.0,-0.0005759999942345218,-5.7599999423452175
2023-12-22 00:00:00+00:00,1.0,1.001000000024318,0.9990989998777373,0.0,0.0,0.001000000024317993,10.00000024317993,-0.0009010001222626851,-9.010001222626851
2023-12-23 00:00:00+00:00,1.0,1.0,0.9992670000608667,0.0,0.0,0.0,0.0,-0.0007329999391333386,-7.329999391333386
2023-12-24 00:00:00+00:00,1.000999999996076,1.0010000000292718,1.0,0.0009999999960759176,9.999999960759176,0.001000000029271808,10.00000029271808,0.0,0.0
2023-12-25 00:00:00+00:00,0.9998670000039089,0.998654999996451,0.9989129998978854,-0.0001329999960910655,-1.329999960910655,-0.0013450000035489795,-13.450000035489795,-0.0010870001021145992,-10.870001021145992
2023-12-26 00:00:00+00:00,1.0,0.9988910000021549,0.9986020000364856,0.0,0.0,-0.0011089999978450837,-11.089999978450837,-0.001397999963514418,-13.97999963514418
2023-12-27 00:00:00+00:00,0.9999969999936947,1.0,0.9990430000035161,-3.0000063052648684e-06,-0.030000063052648684,0.0,0.0,-0.0009569999964839093,-9.569999964839093
2023-12-28 00:00:00+00:00,1.0009999999989827,1.0019999999987614,1.0,0.0009999999989827035,9.999999989827035,0.001999999998761437,19.99999998761437,0.0,0.0
2023-12-29 00:00:00+00:00,1.0,1.0010000000214707,0.998527000163125,0.0,0.0,0.001000000021470715,10.00000021470715,-0.0014729998368749886,-14.729998368749886
2023-12-30 00:00:00+00:00,1.0009999999959411,1.0,0.9995779999673033,0.0009999999959411365,9.999999959411365,0.0,0.0,-0.00042200003269665665,-4.2200003269665665
2023-12-31 00:00:00+00:00,1.0009999999959531,0.9995469999722666,0.9984659999013624,0.000999999995953127,9.99999995953127,-0.00045300002773340786,-4.530000277334079,-0.001534000098637578,-15.34000098637578
2024-01-01 00:00:00+00:00,0.999868999995818,1.0,0.9996779998691353,-0.00013100000418198032,-1.3100000418198032,0.0,0.0,-0.0003220001308646969,-3.220001308646969
2024-01-02 00:00:00+00:00,1.0029999999988002,1.003000000005428,0.9983580000487583,0.0029999999988001846,29.999999988001846,0.003000000005427994,30.00000005427994,-0.0016419999512417016,-16.419999512417014
2024-01-03 00:00:00+00:00,1.0,0.9994870000074325,0.9982630000124052,0.0,0.0,-0.0005129999925674866,-5.129999925674866,-0.0017369999875948006,-17.369999875948004
2024-01-04 00:00:00+00:00,0.9994020000063454,0.9976430000000784,0.9982399999936081,-0.0005979999936546188,-5.9799999365461876,-0.0023569999999215607,-23.569999999215607,-0.0017600000063918708,-17.600000063918706
2024-01-05 00:00:00+00:00,1.0009999999972192,1.0,0.9996129999617505,0.0009999999972192253,9.999999972192253,0.0,0.0,-0.0003870000382495409,-3.870000382495409
2024-01-06 00:00:00+00:00,1.0,0.9981610000195643,0.9998029999467712,0.0,0.0,-0.001838999980435685,-18.389999804356847,-0.00019700005322875747,-1.9700005322875747
2024-01-07 00:00:00+00:00,1.0009999999966,0.9995679999796084,0.9992009998652674,0.0009999999965999429,9.999999965999429,-0.00043200002039156526,-4.320000203915653,-0.0007990001347325526,-7.990001347325526
2024-01-08 00:00:00+00:00,0.999875999991062,1.0,0.9964149999871078,-0.00012400000893797447,-1.2400000893797447,0.0,0.0,-0.003585000012892192,-35.85000012892192
2024-01-09 00:00:00+00:00,0.9999379999989351,0.9974019999879153,0.9977820000806277,-6.200000106493242e-05,-0.6200000106493242,-0.002598000012084656,-25.980000120846558,-0.0022179999193723265,-22.179999193723265
2024-01-10 00:00:00+00:00,0.9985209999953345,0.996958999982273,0.9986420000863058,-0.0014790000046654983,-14.790000046654983,-0.0030410000177270025,-30.410000177270025,-0.00135799991369423,-13.5799991369423
2024-01-11 00:00:00+00:00,1.001000000001184,1.0,0.9979470000468431,0.0010000000011840537,10.000000011840537,0.0,0.0,-0.0020529999531568865,-20.529999531568865
2024-01-12 00:00:00+00:00,1.0,0.9996109999656104,1.0010000001282509,0.0,0.0,-0.000389000034389575,-3.89000034389575,0.0010000001282508553,10.000001282508553
2024-01-13 00:00:00+00:00,0.9995709999935459,0.9986699999937649,0.9975569999585233,-0.0004290000064540722,-4.290000064540722,-0.0013300000062350659,-13.300000062350659,-0.002443000041476684,-24.430000414766837
2024-01-14 00:00:00+00:00,0.9997489999967883,0.9983339999894619,0.9979280000120011,-0.0002510000032116544,-2.510000032116544,-0.0016660000105380712,-16.66000010538071,-0.002071999987998896,-20.71999987998896
2024-01-15 00:00:00+00:00,1.0010000000006527,0.9999090000191334,0.9984960000567894,0.001000000000652701,10.00000000652701,-9.099998086659067e-05,-0.9099998086659067,-0.0015039999432105988,-15.039999432105988
2024-01-16 00:00:00+00:00,0.9991660000098783,0.9995100000002398,0.9993320000614588,-0.000833999990121681,-8.33999990121681,-0.0004899999997601823,-4.899999997601823,-0.0006679999385411639,-6.679999385411639
2024-01-17 00:00:00+00:00,0.999659000001488,0.9997819999967101,0.9990059999752918,-0.0003409999985120038,-3.409999985120038,-0.00021800000328986435,-2.1800000328986435,-0.0009940000247081748,-9.940000247081748
2024-01-18 00:00:00+00:00,0.9989809999996861,0.9993879999668082,0.9991499999358857,-0.0010190000003138522,-10.190000003138522,-0.0006120000331918396,-6.120000331918396,-0.0008500000641142869,-8.500000641142869
2024-01-19 00:00:00+00:00,0.9988549999965033,0.9987570000252385,0.9978849999643854,-0.00114500000349671,-11.4500000349671,-0.0012429999747615161,-12.429999747615161,-0.0021150000356146004,-21.150000356146002
2024-01-20 00:00:00+00:00,0.9986409999921645,1.0010000000253063,0.9996580000898225,-0.0013590000078355091,-13.590000078355091,0.0010000000253063135,10.000000253063135,-0.00034199991017747067,-3.4199991017747067
2024-01-21 00:00:00+00:00,0.9994070000018926,0.999559000033618,0.999710000004872,-0.0005929999981073575,-5.929999981073575,-0.00044099996638202743,-4.409999663820274,-0.00028999999512802077,-2.8999999512802077
2024-01-22 00:00:00+00:00,0.9988209999974444,0.9995749999941562,0.9989390000377895,-0.0011790000025555525,-11.790000025555525,-0.0004250000058437786,-4.250000058437786,-0.0010609999622105404,-10.609999622105404
2024-01-23 00:00:00+00:00,1.0,1.0019999999981357,1.0,0.0,0.0,0.0019999999981357153,19.999999981357153,0.0,0.0
2024-01-24 00:00:00+00:00,1.000999999997949,1.001999999967788,1.0009999999271193,0.000999999997949086,9.999999979490859,0.001999999967787991,19.99999967787991,0.0009999999271192994,9.999999271192994
2024-01-25 00:00:00+00:00,0.9996989999987084,0.9997099999979344,0.9986600000154737,-0.0003010000012916292,-3.010000012916292,-0.0002900000020655824,-2.900000020655824,-0.0013399999845262744,-13.399999845262744
2024-01-26 00:00:00+00:00,1.0,1.0,0.9997459999464918,0.0,0.0,0.0,0.0,-0.00025400005350817434,-2.5400005350817434
2024-01-27 00:00:00+00:00,0.9994099999994756,0.9995380000091455,0.9998319998652379,-0.0005900000005244488,-5.900000005244488,-0.0004619999908545003,-4.619999908545003,-0.00016800013476214737,-1.6800013476214737
2024-01-28 00:00:00+00:00,0.999440000007969,0.9997509999985876,0.9977809999085893,-0.0005599999920310461,-5.599999920310461,-0.00024900000141236944,-2.4900000141236944,-0.002219000091410739,-22.190000914107387
2024-01-29 00:00:00+00:00,0.9999669999979405,0.9985259999823278,0.9976779998287151,-3.300000205952447e-05,-0.3300000205952447,-0.0014740000176721724,-14.740000176721724,-0.0023220001712849214,-23.220001712849214
2024-01-30 00:00:00+00:00,1.0,1.0009999999983843,0.9989279999205639,0.0,0.0,0.0009999999983842933,9.999999983842933,-0.0010720000794360862,-10.720000794360862
2024-01-31 00:00:00+00:00,0.9995160000026986,0.998710000011705,0.9993020001638461,-0.00048399999730142085,-4.8399999730142085,-0.001289999988295043,-12.89999988295043,-0.0006979998361539286,-6.979998361539286
2024-02-01 00:00:00+00:00,0.9978569999936369,0.9983739999896938,0.9982119998555952,-0.0021430000063631383,-21.430000063631383,-0.0016260000103062167,-16.26000010306217,-0.0017880001444048332,-17.880001444048332
2024-02-02 00:00:00+00:00,1.0009999999950525,1.0019999999948799,0.9987439999441395,0.000999999995052514,9.99999995052514,0.0019999999948798752,19.999999948798752,-0.0012560000558604623,-12.560000558604623
2024-02-03 00:00:00+00:00,0.9998340000046608,1.0,1.0010000000924426,-0.0001659999953391722,-1.659999953391722,0.0,0.0,0.00100000009244261,10.0000009244261
2024-02-04 00:00:00+00:00,0.9991350000059428,0.9998610000311299,0.9997359999856238,-0.0008649999940572028,-8.649999940572028,-0.00013899996887012378,-1.3899996887012378,-0.0002640000143762089,-2.640000143762089
2024-02-05 00:00:00+00:00,0.9996129999998988,0.9990139999632759,0.9994919998826001,-0.00038700000010116753,-3.8700000010116753,-0.0009860000367241106,-9.860000367241106,-0.0005080001173999316,-5.080001173999316
2024-02-06 00:00:00+00:00,0.9983500000010834,0.9997529999871292,0.9992470000127504,-0.0016499999989165737,-16.499999989165737,-0.00024700001287081275,-2.4700001287081275,-0.0007529999872496473,-7.529999872496473
2024-02-07 00:00:00+00:00,0.9990889999993349,1.0020000000187659,1.0010000000216173,-0.0009110000006651298,-9.110000006651298,0.0020000000187658795,20.000000187658795,0.0010000000216172644,10.000000216172644
2024-02-08 00:00:00+00:00,1.0009999999922847,1.000999999975279,1.0030000000237385,0.000999999992284728,9.99999992284728,0.0009999999752789979,9.999999752789979,0.0030000000237384583,30.000000237384583
2024-02-09 00:00:00+00:00,1.0009999999960184,0.999882000021855,1.0,0.000999999996018408,9.99999996018408,-0.00011799997814498919,-1.179999781449892,0.0,0.0
2024-02-10 00:00:00+00:00,1.0,0.9993670000067105,1.0,0.0,0.0,-0.0006329999932894737,-6.3299999328947365,0.0,0.0
2024-02-11 00:00:00+00:00,1.000999999996024,1.0,1.0,0.0009999999960239592,9.999999960239592,0.0,0.0,0.0,0.0
2024-02-12 00:00:00+00:00,1.00099999999604,1.0010000000070514,1.001000000023086,0.0009999999960399464,9.999999960399464,0.0010000000070513604,10.000000070513604,0.0010000000230860895,10.000000230860895
2024-02-13 00:00:00+00:00,0.9998169999987989,0.9999990000101848,1.0,-0.0001830000012010835,-1.830000012010835,-9.999898151757947e-07,-0.009999898151757947,0.0,0.0
2024-02-14 00:00:00+00:00,1.0,0.9990090000016091,0.9992140000881737,0.0,0.0,-0.000990999998390918,-9.909999983909179,-0.0007859999118262628,-7.859999118262628
2024-02-15 00:00:00+00:00,1.0040000000061888,1.0050000000068813,1.0030000000326655,0.004000000006188831,40.00000006188831,0.005000000006881278,50.00000006881278,0.0030000000326655396,30.000000326655396
2024-02-16 00:00:00+00:00,0.9996969999944175,0.9986109999920803,0.9981229998818091,-0.00030300000558247664,-3.0300000558247664,-0.0013890000079197495,-13.890000079197495,-0.001877000118190919,-18.77000118190919
2024-02-17 00:00:00+00:00,1.0009999999949353,0.9994499999878397,0.9996509999750206,0.0009999999949352745,9.999999949352745,-0.0005500000121603232,-5.500000121603232,-0.00034900002497939564,-3.4900002497939564
2024-02-18 00:00:00+00:00,1.0009999999941113,1.0009999999911368,0.9995009999763266,0.000999999994111267,9.99999994111267,0.0009999999911367574,9.999999911367574,-0.0004990000236734238,-4.990000236734238
2024-02-19 00:00:00+00:00,0.9998979999975269,1.0,0.9992389999552944,-0.00010200000247306829,-1.0200000247306829,0.0,0.0,-0.0007610000447055842,-7.610000447055842
2024-02-20 00:00:00+00:00,0.9997160000080088,0.9989350000113698,0.9996559999981836,-0.00028399999199124615,-2.8399999199124615,-0.0010649999886301886,-10.649999886301886,-0.00034400000181644685,-3.4400000181644685
2024-02-21 00:00:00+00:00,0.9998190000005003,0.9988789999955158,1.0,-0.00018099999949972023,-1.8099999949972023,-0.0011210000044842294,-11.210000044842294,0.0,0.0
2024-02-22 00:00:00+00:00,0.9988109999945002,0.9979110000163474,0.9983989999427755,-0.0011890000054998184,-11.890000054998184,-0.0020889999836526396,-20.889999836526396,-0.001601000057224522,-16.010000572245218
2024-02-23 00:00:00+00:00,0.9991900000027361,1.001000000006666,0.9999570000818891,-0.0008099999972639438,-8.099999972639438,0.001000000006665891,10.00000006665891,-4.299991811085313e-05,-0.4299991811085313
2024-02-24 00:00:00+00:00,1.0,1.0009999999985895,0.9997169999440442,0.0,0.0,0.0009999999985894625,9.999999985894625,-0.0002830000559558288,-2.8300005595582878
2024-02-25 00:00:00+00:00,0.9993759999922597,0.9992910000226931,0.9976560000941954,-0.0006240000077403218,-6.240000077403218,-0.00070899997730689,-7.0899997730689,-0.0023439999058045835,-23.439999058045835
2024-02-26 00:00:00+00:00,0.9999090000002929,0.9994960000191564,0.9998489999418917,-9.09999997070754e-05,-0.909999997070754,-0.0005039999808436058,-5.0399998084360575,-0.0001510000581083082,-1.5100005810830819
2024-02-27 00:00:00+00:00,0.9996959999947225,0.9985119999812296,0.9994739999641691,-0.00030400000527752713,-3.0400000527752713,-0.0014880000187703635,-14.880000187703635,-0.0005260000358309203,-5.2600003583092025
2024-02-28 00:00:00+00:00,1.0,1.0010000000129797,0.9997539999578209,0.0,0.0,0.0010000000129797293,10.000000129797293,-0.00024600004217911753,-2.4600004217911753
2024-02-29 00:00:00+00:00,0.9995829999919377,0.997832999971829,0.9985720000118032,-0.0004170000080623293,-4.170000080623293,-0.002167000028171051,-21.67000028171051,-0.0014279999881967598,-14.279999881967598
2024-03-01 00:00:00+00:00,1.0009999999944756,1.0029999999978898,1.0010000000458763,0.0009999999944756421,9.999999944756421,0.0029999999978898018,29.999999978898018,0.0010000000458763036,10.000000458763036
2024-03-02 00:00:00+00:00,1.0009999999973884,1.000999999973838,1.0009999999666288,0.0009999999973884233,9.999999973884233,0.0009999999738379284,9.999999738379284,0.0009999999666288062,9.999999666288062
2024-03-03 00:00:00+00:00,1.0,0.9989680000223471,0.9988799999624284,0.0,0.0,-0.0010319999776529087,-10.319999776529087,-0.0011200000375716224,-11.200000375716224
2024-03-04 00:00:00+00:00,1.0019999999970057,1.0019999999860165,1.0019999999622524,0.0019999999970057303,19.999999970057303,0.0019999999860165207,19.999999860165207,0.001999999962252419,19.99999962252419
2024-03-05 00:00:00+00:00,1.0020000000032587,0.9969509999842274,0.998104999989105,0.0020000000032587284,20.000000032587284,-0.003049000015772574,-30.49000015772574,-0.0018950000108950427,-18.950000108950427
2024-03-06 00:00:00+00:00,1.0009999999964354,0.9998880000008762,1.002000000170015,0.0009999999964354078,9.999999964354078,-0.00011199999912381298,-1.1199999912381298,0.002000000170014893,20.00000170014893
2024-03-07 00:00:00+00:00,0.9987130000062825,0.9965190000229741,1.0010000000525507,-0.001286999993717508,-12.86999993717508,-0.0034809999770258893,-34.80999977025889,0.0010000000525507424,10.000000525507424
2024-03-08 00:00:00+00:00,1.0019999999919635,1.0,1.0020000000027427,0.0019999999919635414,19.999999919635414,0.0,0.0,0.0020000000027426967,20.000000027426967
2024-03-09 00:00:00+00:00,1.0020000000041738,0.9999349999996385,1.000999999985476,0.002000000004173774,20.000000041737742,-6.500000036147036e-05,-0.6500000036147036,0.0009999999854759523,9.999999854759523
2024-03-10 00:00:00+00:00,1.002000000004243,0.9997270000240899,1.001000000108172,0.002000000004243052,20.00000004243052,-0.0002729999759101265,-2.729999759101265,0.0010000001081720278,10.000001081720278
2024-03-11 00:00:00+00:00,1.0,0.9980839999999922,0.9997269999463776,0.0,0.0,-0.0019160000000078004,-19.160000000078004,-0.00027300005362240753,-2.7300005362240753
2024-03-12 00:00:00+00:00,0.9994010000002435,0.9986629999841381,0.9992950000580876,-0.0005989999997565443,-5.989999997565443,-0.0013370000158619,-13.370000158619,-0.0007049999419124209,-7.049999419124209
2024-03-13 00:00:00+00:00,1.0010000000020263,0.9999500000002488,0.9994929998570214,0.001000000002026269,10.00000002026269,-4.9999999751193513e-05,-0.49999999751193513,-0.0005070001429785531,-5.070001429785531
2024-03-14 00:00:00+00:00,1.0009999999993309,1.001000000011188,1.0,0.0009999999993308695,9.999999993308695,0.0010000000111880514,10.000000111880514,0.0,0.0
2024-03-15 00:00:00+00:00,1.001999999996436,1.0030000000187063,1.0029999999551413,0.001999999996435964,19.99999996435964,0.0030000000187062614,30.000000187062614,0.0029999999551413303,29.999999551413303
2024-03-16 00:00:00+00:00,1.0020000000028846,0.9993099999860608,0.9997260000342476,0.0020000000028845832,20.000000028845832,-0.0006900000139391516,-6.900000139391516,-0.0002739999657523917,-2.739999657523917
2024-03-17 00:00:00+00:00,1.0009999999966055,1.001000000027425,0.9986920000208328,0.000999999996605494,9.99999996605494,0.0010000000274250631,10.000000274250631,-0.001307999979167196,-13.079999791671959
2024-03-18 00:00:00+00:00,0.9996670000059762,0.9984689999769005,0.9989989999293616,-0.0003329999940238082,-3.329999940238082,-0.0015310000230994714,-15.310000230994714,-0.0010010000706384137,-10.010000706384137
2024-03-19 00:00:00+00:00,1.0,0.9985360000064908,0.9991490000170213,0.0,0.0,-0.001463999993509213,-14.63999993509213,-0.0008509999829786619,-8.509999829786619
2024-03-20 00:00:00+00:00,1.002999999999817,1.005999999994072,1.001000000031079,0.002999999999816927,29.99999999816927,0.0059999999940720805,59.999999940720805,0.0010000000310790291,10.000000310790291
2024-03-21 00:00:00+00:00,1.0,0.9972839999853015,0.9976730000383676,0.0,0.0,-0.0027160000146985164,-27.160000146985162,-0.0023269999616324366,-23.269999616324366
2024-03-22 00:00:00+00:00,1.0010000000044308,0.9997930000235741,0.9993749999941929,0.00100000000443079,10.0000000443079,-0.0002069999764259256,-2.069999764259256,-0.0006250000058071192,-6.250000058071192
2024-03-23 00:00:00+00:00,0.9994520000041979,0.9998830000012057,0.998866999989685,-0.0005479999958021287,-5.479999958021287,-0.00011699999879433154,-1.1699999879433154,-0.0011330000103150217,-11.330000103150217
2024-03-24 00:00:00+00:00,1.0010000000086925,1.0010000000073003,1.0,0.001000000008692492,10.00000008692492,0.0010000000073002724,10.000000073002724,0.0,0.0
2024-03-25 00:00:00+00:00,0.9987430000065063,1.0,0.999350000040617,-0.0012569999934937126,-12.569999934937126,0.0,0.0,-0.0006499999593829742,-6.499999593829742
2024-03-26 00:00:00+00:00,1.0,1.0,0.9995510001380313,0.0,0.0,0.0,0.0,-0.0004489998619686686,-4.489998619686686
2024-03-27 00:00:00+00:00,0.9999229999961247,1.0009999999777628,1.0,-7.700000387533823e-05,-0.7700000387533823,0.0009999999777627888,9.999999777627888,0.0,0.0
2024-03-28 00:00:00+00:00,1.0009999999971946,1.0020000000016551,1.0020000000922482,0.0009999999971945783,9.999999971945783,0.0020000000016551223,20.000000016551223,0.002000000092248211,20.00000092248211
2024-03-29 00:00:00+00:00,1.0,0.9994369999861636,0.9980949999766545,0.0,0.0,-0.0005630000138363567,-5.630000138363567,-0.0019050000233454822,-19.050000233454824
2024-03-30 00:00:00+00:00,0.9997910000046154,0.9990979999837092,0.9987539999459246,-0.00020899999538459557,-2.0899999538459557,-0.0009020000162908159,-9.02000016290816,-0.0012460000540753802,-12.460000540753802
2024-03-31 00:00:00+00:00,1.0010000000075894,1.0020000000186018,0.9992469999306229,0.0010000000075893745,10.000000075893745,0.0020000000186017886,20.000000186017886,-0.0007530000693770633,-7.530000693770633
2024-04-01 00:00:00+00:00,1.0,1.0,0.9984939999107064,0.0,0.0,0.0,0.0,-0.0015060000892935799,-15.060000892935799
2024-04-02 00:00:00+00:00,0.9994440000014063,0.9987479999933478,0.9990819999328423,-0.0005559999985936814,-5.559999985936814,-0.0012520000066521542,-12.520000066521542,-0.0009180000671576982,-9.180000671576982
2024-04-03 00:00:00+00:00,0.9990449999979959,0.9979139999921467,0.9977109999865531,-0.0009550000020041027,-9.550000020041027,-0.002086000007853306,-20.86000007853306,-0.0022890000134468957,-22.890000134468956
2024-04-04 00:00:00+00:00,1.0010000000034958,1.0010000000198167,0.9979190000260674,0.0010000000034957601,10.000000034957601,0.0010000000198167047,10.000000198167047,-0.002080999973932629,-20.80999973932629
2024-04-05 00:00:00+00:00,0.9999980000015147,0.9988799999845377,1.0,-1.9999984852692165e-06,-0.019999984852692165,-0.001120000015462308,-11.20000015462308,0.0,0.0
2024-04-06 00:00:00+00:00,1.00100000000265,1.0010000000056158,0.9994099998889897,0.0010000000026499922,10.000000026499922,0.001000000005615842,10.00000005615842,-0.0005900001110102915,-5.900001110102915
2024-04-07 00:00:00+00:00,1.0,0.9992629999935309,0.9988390000743463,0.0,0.0,-0.0007370000064691462,-7.370000064691462,-0.0011609999256536607,-11.609999256536607
2024-04-08 00:00:00+00:00,0.9994010000003695,0.9982050000087294,0.999808999884281,-0.000598999999630534,-5.98999999630534,-0.0017949999912706405,-17.949999912706403,-0.00019100011571904218,-1.9100011571904218
2024-04-09 00:00:00+00:00,0.9991849999992914,0.9983550000221822,0.9977189999791067,-0.0008150000007085545,-8.150000007085545,-0.0016449999778177515,-16.449999778177514,-0.0022810000208932646,-22.810000208932646
2024-04-10 00:00:00+00:00,0.9995430000068539,0.9998649999961978,1.0,-0.00045699999314607886,-4.569999931460789,-0.00013500000380217703,-1.3500000380217703,0.0,0.0
2024-04-11 00:00:00+00:00,0.99957600000018,0.9997410000163299,1.0,-0.0004239999998200128,-4.239999998200128,-0.0002589999836700718,-2.589999836700718,0.0,0.0
2024-04-12 00:00:00+00:00,1.001000000000317,0.9993120000024257,0.9997299999536209,0.0010000000003169696,10.000000003169696,-0.0006879999975742956,-6.879999975742956,-0.00027000004637911523,-2.7000004637911523
2024-04-13 00:00:00+00:00,1.0010000000057113,0.9995470000083032,0.9992049998134594,0.0010000000057113212,10.000000057113212,-0.00045299999169678973,-4.529999916967897,-0.0007950001865405509,-7.950001865405509
2024-04-14 00:00:00+00:00,0.9997569999997774,0.9972080000268205,1.0,-0.00024300000022259294,-2.4300000022259294,-0.002791999973179471,-27.91999973179471,0.0,0.0
2024-04-15 00:00:00+00:00,1.0,0.9990910000260623,0.9997209999761791,0.0,0.0,-0.0009089999739376742,-9.089999739376742,-0.0002790000238208634,-2.790000238208634
2024-04-16 00:00:00+00:00,1.0010000000035164,0.9991879999722075,0.9978560000653075,0.0010000000035164103,10.000000035164103,-0.0008120000277924699,-8.1200002779247,-0.0021439999346924976,-21.439999346924978
2024-04-17 00:00:00+00:00,1.00100000000652,1.001000000009091,0.9993619999636294,0.0010000000065200076,10.000000065200076,0.0010000000090910621,10.000000090910621,-0.0006380000363706007,-6.3800003637060065
2024-04-18 00:00:00+00:00,0.9994910000029129,0.9996840000250355,0.9996900000547975,-0.0005089999970870895,-5.089999970870895,-0.00031599997496445376,-3.1599997496445376,-0.0003099999452025326,-3.099999452025326
2024-04-19 00:00:00+00:00,1.0009999999937087,1.0009999999833614,1.0009999998715795,0.0009999999937087,9.999999937087,0.0009999999833614215,9.999999833614215,0.0009999998715795044,9.999998715795044
2024-04-20 00:00:00+00:00,1.0,1.0,1.0009999999862738,0.0,0.0,0.0,0.0,0.0009999999862737585,9.999999862737585
2024-04-21 00:00:00+00:00,1.0,0.9997509999858728,1.0,0.0,0.0,-0.00024900001412719863,-2.4900001412719863,0.0,0.0
2024-04-22 00:00:00+00:00,0.9994370000045736,0.9997219999952534,0.9994890001089572,-0.0005629999954264164,-5.629999954264164,-0.000278000004746648,-2.78000004746648,-0.0005109998910427516,-5.109998910427516
2024-04-23 00:00:00+00:00,1.0,1.0,0.9996610000494518,0.0,0.0,0.0,0.0,-0.0003389999505482022,-3.389999505482022
2024-04-24 00:00:00+00:00,0.999578999998673,0.99985600000311,0.9998539999986299,-0.0004210000013270543,-4.210000013270543,-0.00014399999688996523,-1.4399999688996523,-0.00014600000137010571,-1.4600000137010571
2024-04-25 00:00:00+00:00,0.9998839999980633,1.0,1.0,-0.00011600000193667803,-1.1600000193667803,0.0,0.0,0.0,0.0
2024-04-26 00:00:00+00:00,0.9997229999988901,1.0009999999902672,0.9990459999935434,-0.00027700000110986167,-2.7700000110986167,0.0009999999902672307,9.999999902672307,-0.0009540000064566234,-9.540000064566234
2024-04-27 00:00:00+00:00,0.9987909999927027,0.9983049999838512,0.9987409999444882,-0.0012090000072972895,-12.090000072972895,-0.001695000016148751,-16.95000016148751,-0.0012590000555118275,-12.590000555118275
2024-04-28 00:00:00+00:00,0.999072000001601,0.9997439999891715,0.998767999996423,-0.0009279999983989873,-9.279999983989873,-0.0002560000108284832,-2.5600001082848323,-0.0012320000035770384,-12.320000035770384
2024-04-29 00:00:00+00:00,0.9992580000026758,0.9997939999736607,0.9986859999507807,-0.0007419999973241609,-7.419999973241609,-0.0002060000263393036,-2.060000263393036,-0.0013140000492193327,-13.140000492193327
2024-04-30 00:00:00+00:00,0.9992090000046723,0.9986360000147325,0.999241999867255,-0.0007909999953277236,-7.909999953277236,-0.0013639999852674833,-13.639999852674833,-0.0007580001327449626,-7.580001327449626
2024-05-01 00:00:00+00:00,0.9997669999972434,1.0,0.9987059999244655,-0.00023300000275661148,-2.330000027566115,0.0,0.0,-0.001294000075534485,-12.94000075534485
2024-05-02 00:00:00+00:00,0.9987240000008069,0.999553000002177,0.9996179999774878,-0.0012759999991931448,-12.759999991931448,-0.0004469999978230499,-4.469999978230499,-0.00038200002251220777,-3.8200002251220777
2024-05-03 00:00:00+00:00,0.9997770000016794,0.9991329999976031,0.9981890001266369,-0.00022299999832064987,-2.2299999832064987,-0.0008670000023969227,-8.670000023969227,-0.0018109998733630839,-18.10999873363084
2024-05-04 00:00:00+00:00,1.001000000002199,1.0,0.9994410000966699,0.0010000000021990196,10.000000021990196,0.0,0.0,-0.0005589999033300819,-5.589999033300819
2024-05-05 00:00:00+00:00,1.0009999999982464,0.9985489999719797,0.9985769999930475,0.0009999999982464036,9.999999982464036,-0.0014510000280203439,-14.510000280203439,-0.0014230000069525017,-14.230000069525017
2024-05-06 00:00:00+00:00,1.0,0.9999490000019517,1.0,0.0,0.0,-5.099999804825117e-05,-0.5099999804825117,0.0,0.0
2024-05-07 00:00:00+00:00,1.0010000000050892,1.0009999999895653,0.9992410001560615,0.0010000000050891522,10.000000050891522,0.0009999999895653477,9.999999895653477,-0.0007589998439384571,-7.589998439384571
2024-05-08 00:00:00+00:00,0.9999559999996822,0.9992099999941533,0.9945850000301218,-4.4000000317789834e-05,-0.44000000317789834,-0.0007900000058467249,-7.900000058467249,-0.005414999969878154,-54.149999698781535
2024-05-09 00:00:00+00:00,0.9995699999968563,0.9999710000165718,0.9997479999431823,-0.000430000003143749,-4.30000003143749,-2.899998342820176e-05,-0.2899998342820176,-0.00025200005681769166,-2.5200005681769166
2024-05-10 00:00:00+00:00,0.9999719999949581,1.0,1.001000000144885,-2.8000005041883824e-05,-0.28000005041883824,0.0,0.0,0.0010000001448851048,10.000001448851048
2024-05-11 00:00:00+00:00,0.9992399999990688,0.9997930000160096,0.9985959999888036,-0.000760000000931238,-7.60000000931238,-0.00020699998399043018,-2.069999839904302,-0.001404000011196449,-14.04000011196449
2024-05-12 00:00:00+00:00,1.0,1.0,0.9994769999028665,0.0,0.0,0.0,0.0,-0.0005230000971334636,-5.230000971334636
2024-05-13 00:00:00+00:00,0.9998659999996808,0.9998050000079751,0.9999149999381465,-0.0001340000003191566,-1.340000003191566,-0.00019499999202488016,-1.9499999202488016,-8.500006185352404e-05,-0.8500006185352404
2024-05-14 00:00:00+00:00,1.0,1.0,0.9993399999773052,0.0,0.0,0.0,0.0,-0.0006600000226948399,-6.600000226948399
2024-05-15 00:00:00+00:00,0.9998129999981129,1.0,0.9995609999486497,-0.00018700000188709431,-1.8700000188709431,0.0,0.0,-0.0004390000513503356,-4.390000513503356
2024-05-16 00:00:00+00:00,1.0,0.9996710000118377,0.999485000143014,0.0,0.0,-0.0003289999881622707,-3.289999881622707,-0.0005149998569859982,-5.1499985698599815
2024-05-17 00:00:00+00:00,1.0,1.0,1.0,0.0,0.0,0.0,0.0,0.0,0.0
2024-05-18 00:00:00+00:00,0.9998890000024125,0.999705000011299,0.9999100000585086,-0.0001109999975874576,-1.109999975874576,-0.00029499998870097244,-2.9499998870097244,-8.999994149139212e-05,-0.8999994149139212
2024-05-19 00:00:00+00:00,0.9999679999943875,0.9999960000074944,1.0,-3.200000561254246e-05,-0.3200000561254246,-3.999992505554495e-06,-0.03999992505554495,0.0,0.0
2024-05-20 00:00:00+00:00,1.0,0.9999849999868291,0.9994489999215062,0.0,0.0,-1.5000013170896054e-05,-0.15000013170896054,-0.0005510000784938462,-5.5100007849384625
2024-05-21 00:00:00+00:00,0.9999519999996015,1.0,0.9998939999531462,-4.800000039850705e-05,-0.4800000039850705,0.0,0.0,-0.0001060000468537936,-1.060000468537936
2024-05-22 00:00:00+00:00,0.99987499999954,1.0,1.0,-0.00012500000046000714,-1.2500000046000714,0.0,0.0,0.0,0.0
2024-05-23 00:00:00+00:00,0.9998309999945768,1.0,1.0010000000660324,-0.00016900000542319216,-1.6900000542319216,0.0,0.0,0.0010000000660324027,10.000000660324027
2024-05-24 00:00:00+00:00,0.9998360000046924,1.0,1.001000000141111,-0.00016399999530758436,-1.6399999530758436,0.0,0.0,0.0010000001411110127,10.000001411110127
2024-05-25 00:00:00+00:00,0.9996670000000892,1.0,0.9997709999634985,-0.0003329999999107658,-3.329999999107658,0.0,0.0,-0.00022900003650150325,-2.2900003650150325
2024-05-26 00:00:00+00:00,1.0,0.999484999989207,0.9988139999042306,0.0,0.0,-0.0005150000107929653,-5.150000107929653,-0.0011860000957694128,-11.860000957694128
2024-05-27 00:00:00+00:00,0.999733000004223,1.0,0.9996710001453611,-0.0002669999957769509,-2.669999957769509,0.0,0.0,-0.00032899985463885617,-3.2899985463885617
2024-05-28 00:00:00+00:00,0.9990569999970299,0.9997620000024192,0.9994959998649211,-0.0009430000029700958,-9.430000029700958,-0.0002379999975807845,-2.379999975807845,-0.000504000135078897,-5.04000135078897
2024-05-29 00:00:00+00:00,0.9985420000026506,0.9997360000265473,0.9999660001582233,-0.0014579999973494129,-14.579999973494129,-0.0002639999734527221,-2.639999734527221,-3.399984177665516e-05,-0.3399984177665516
2024-05-30 00:00:00+00:00,0.9987880000016499,1.0,0.9996180000540975,-0.0012119999983500884,-12.119999983500884,0.0,0.0,-0.0003819999459024892,-3.819999459024892
2024-05-31 00:00:00+00:00,0.9993819999964179,0.9996550000198016,0.9999320000150438,-0.000618000003582142,-6.18000003582142,-0.0003449999801984349,-3.449999801984349,-6.799998495621296e-05,-0.6799998495621296
2024-06-01 00:00:00+00:00,0.999182000001167,1.0,1.0,-0.00081799999883303,-8.1799999883303,0.0,0.0,0.0,0.0
2024-06-02 00:00:00+00:00,0.99921000000859,0.9998679999781787,0.9999089999692323,-0.0007899999914100508,-7.899999914100508,-0.00013200002182134352,-1.3200002182134352,-9.100003076767393e-05,-0.9100003076767393
2024-06-03 00:00:00+00:00,0.9997980000013593,1.0,0.9993190000114688,-0.0002019999986406784,-2.019999986406784,0.0,0.0,-0.0006809999885312168,-6.809999885312168
2024-06-04 00:00:00+00:00,1.0,0.9998279999752451,1.0,0.0,0.0,-0.00017200002475492582,-1.7200002475492582,0.0,0.0
2024-06-05 00:00:00+00:00,0.9999230000028708,0.9996910000018914,0.9994649999988912,-7.699999712917904e-05,-0.7699999712917904,-0.00030899999810862777,-3.0899999810862777,-0.0005350000011088429,-5.350000011088429
2024-06-06 00:00:00+00:00,1.0,1.0009999999879433,0.9994689999209629,0.0,0.0,0.000999999987943312,9.999999879433119,-0.0005310000790370584,-5.310000790370584
2024-06-07 00:00:00+00:00,0.9999589999991227,1.0,0.9996420000834888,-4.100000087725597e-05,-0.4100000087725597,0.0,0.0,-0.000357999916511198,-3.57999916511198
2024-06-08 00:00:00+00:00,0.9998929999972188,1.0,0.9993239999831106,-0.00010700000278118793,-1.0700000278118793,0.0,0.0,-0.0006760000168893887,-6.760000168893887
2024-06-09 00:00:00+00:00,0.9997960000035543,1.0,0.9994179999648191,-0.00020399999644571398,-2.03999996445714,0.0,0.0,-0.0005820000351809407,-5.820000351809407
2024-06-10 00:00:00+00:00,0.9995380000036129,1.0,0.9997929999299556,-0.0004619999963870747,-4.619999963870747,0.0,0.0,-0.00020700007004437193,-2.0700007004437193
2024-06-11 00:00:00+00:00,0.9999190000028401,0.9999229999921818,1.0010000000524226,-8.099999715993622e-05,-0.8099999715993622,-7.700000781818428e-05,-0.7700000781818428,0.0010000000524226227,10.000000524226227
2024-06-12 00:00:00+00:00,0.9999220000019272,1.0,1.0009999999511487,-7.799999807278635e-05,-0.7799999807278635,0.0,0.0,0.0009999999511487445,9.999999511487445
2024-06-13 00:00:00+00:00,0.9994259999953808,0.9999080000238139,1.0,-0.0005740000046191573,-5.7400000461915734,-9.19999761861412e-05,-0.919999761861412,0.0,0.0
2024-06-14 00:00:00+00:00,0.9991679999962808,0.9997060000175322,0.9987720000730488,-0.000832000003719191,-8.32000003719191,-0.00029399998246781855,-2.9399998246781855,-0.0012279999269512176,-12.279999269512176
2024-06-15 00:00:00+00:00,0.9996969999951741,1.0,0.9989900001746392,-0.00030300000482585965,-3.0300000482585965,0.0,0.0,-0.0010099998253607634,-10.099998253607634
2024-06-16 00:00:00+00:00,0.9993989999945356,1.0,0.9990270000561219,-0.0006010000054643694,-6.010000054643694,0.0,0.0,-0.0009729999438781167,-9.729999438781167
2024-06-17 00:00:00+00:00,0.999960999997259,0.9998230000011896,0.998952000064234,-3.9000002741040873e-05,-0.39000002741040873,-0.00017699999881037876,-1.7699999881037876,-0.0010479999357659864,-10.479999357659864
2024-06-18 00:00:00+00:00,0.9997269999995931,1.0,0.9991609999260241,-0.00027300000040686445,-2.7300000040686445,0.0,0.0,-0.0008390000739758596,-8.390000739758596
2024-06-19 00:00:00+00:00,0.9992019999994433,0.999370999996331,0.9984000000157511,-0.0007980000005567423,-7.9800000055674225,-0.0006290000036689447,-6.290000036689447,-0.0015999999842488677,-15.999999842488677
2024-06-20 00:00:00+00:00,0.9991439999965183,0.9998309999952683,0.9978909999365899,-0.0008560000034817383,-8.560000034817383,-0.00016900000473174526,-1.6900000473174526,-0.0021090000634100825,-21.090000634100825
2024-06-21 00:00:00+00:00,0.9993200000040112,0.9998469999991415,0.99928499996398,-0.0006799999959887781,-6.799999959887781,-0.0001530000008584942,-1.530000008584942,-0.000715000036019986,-7.15000036019986
2024-06-22 00:00:00+00:00,0.9996810000070648,1.0,0.9992439999666501,-0.000318999992935165,-3.18999992935165,0.0,0.0,-0.0007560000333498573,-7.560000333498573
2024-06-23 00:00:00+00:00,0.9991180000073867,0.999809999999588,0.9987780000236384,-0.0008819999926132915,-8.819999926132915,-0.00019000000041202725,-1.9000000041202725,-0.0012219999763616318,-12.219999763616318
2024-06-24 00:00:00+00:00,0.998825000000567,0.9992850000112216,0.9988569999190023,-0.0011749999994330462,-11.749999994330462,-0.000714999988778442,-7.1499998877844195,-0.0011430000809976582,-11.430000809976582
2024-06-25 00:00:00+00:00,1.0,1.0,1.0,0.0,0.0,0.0,0.0,0.0,0.0
2024-06-26 00:00:00+00:00,0.9994949999961209,1.0,1.0,-0.0005050000038790969,-5.050000038790969,0.0,0.0,0.0,0.0
2024-06-27 00:00:00+00:00,0.998807000000519,0.9999739999986396,0.999461999928922,-0.0011929999994809704,-11.929999994809704,-2.6000001360437786e-05,-0.26000001360437786,-0.0005380000710779598,-5.380000710779598
2024-06-28 00:00:00+00:00,0.9981990000033328,0.9999189999992888,0.9997529999714095,-0.001800999996667163,-18.00999996667163,-8.100000071120661e-05,-0.8100000071120661,-0.00024700002859046055,-2.4700002859046055
2024-06-29 00:00:00+00:00,0.9984149999935676,0.9998009999823594,0.9992500000070851,-0.0015850000064323577,-15.850000064323577,-0.00019900001764061592,-1.9900001764061592,-0.0007499999929149181,-7.4999999291491815
2024-06-30 00:00:00+00:00,0.9987390000018459,1.000999999988861,1.0,-0.0012609999981540998,-12.609999981540998,0.0009999999888610223,9.999999888610223,0.0,0.0
2024-07-01 00:00:00+00:00,0.9991580000014826,0.9999609999938304,1.0,-0.0008419999985174176,-8.419999985174176,-3.900000616963162e-05,-0.3900000616963162,0.0,0.0
2024-07-02 00:00:00+00:00,0.998913000005175,1.0010000000111536,0.9991719998666774,-0.0010869999948249776,-10.869999948249776,0.0010000000111536345,10.000000111536345,-0.0008280001333226261,-8.280001333226261
2024-07-03 00:00:00+00:00,0.9992559999998682,1.0,1.0009999999609287,-0.0007440000001317504,-7.440000001317504,0.0,0.0,0.0009999999609286991,9.999999609286991
2024-07-04 00:00:00+00:00,0.9986650000021744,0.9989609999934922,0.9989869998253984,-0.0013349999978256033,-13.349999978256033,-0.0010390000065078064,-10.390000065078064,-0.001013000174601597,-10.13000174601597
2024-07-05 00:00:00+00:00,1.000999999996698,1.0009999999974792,0.9995099999295026,0.0009999999966980866,9.999999966980866,0.0009999999974792395,9.999999974792395,-0.0004900000704973762,-4.9000007049737615
2024-07-06 00:00:00+00:00,1.0,1.001000000013152,0.9991899999380689,0.0,0.0,0.001000000013152036,10.000000131520359,-0.0008100000619311043,-8.100000619311043
2024-07-07 00:00:00+00:00,0.9995540000061777,0.9997820000115782,0.9982419999587502,-0.00044599999382233246,-4.459999938223325,-0.0002179999884217576,-2.179999884217576,-0.0017580000412498187,-17.580000412498187
2024-07-08 00:00:00+00:00,0.9996490000062802,1.0,0.9980740000167729,-0.0003509999937197916,-3.5099999371979163,0.0,0.0,-0.001925999983227067,-19.25999983227067
2024-07-09 00:00:00+00:00,0.9992139999970663,0.999249999996603,0.9984340000060214,-0.0007860000029337177,-7.8600000293371775,-0.0007500000033969778,-7.500000033969778,-0.0015659999939785507,-15.659999939785507
2024-07-10 00:00:00+00:00,0.9999699999994668,0.9999659999945292,0.99964799983641,-3.000000053321461e-05,-0.3000000053321461,-3.400000547082449e-05,-0.3400000547082449,-0.0003520001635900494,-3.5200016359004938
2024-07-11 00:00:00+00:00,1.0,1.0,0.9996050000993048,0.0,0.0,0.0,0.0,-0.0003949999006952476,-3.949999006952476
2024-07-12 00:00:00+00:00,1.0,1.0,0.9998330000760428,0.0,0.0,0.0,0.0,-0.00016699992395718954,-1.6699992395718954
2024-07-13 00:00:00+00:00,1.002999999998253,1.003000000015195,1.0040000000399818,0.0029999999982530667,29.999999982530667,0.00300000001519507,30.0000001519507,0.004000000039981799,40.00000039981799
2024-07-14 00:00:00+00:00,1.0,0.9997520000120711,0.9993320000757429,0.0,0.0,-0.0002479999879289041,-2.479999879289041,-0.0006679999242571455,-6.679999242571455
2024-07-15 00:00:00+00:00,1.0009999999998933,0.9998670000126573,0.9996580001739187,0.0009999999998933085,9.999999998933085,-0.0001329999873427301,-1.329999873427301,-0.0003419998260812962,-3.419998260812962
2024-07-16 00:00:00+00:00,1.001000000001958,1.0,1.0,0.0010000000019581012,10.000000019581012,0.0,0.0,0.0,0.0
2024-07-17 00:00:00+00:00,1.0,1.0,0.9995599999398317,0.0,0.0,0.0,0.0,-0.0004400000601683107,-4.400000601683107
2024-07-18 00:00:00+00:00,0.9998299999970279,1.0,0.9991649999873307,-0.00017000000297207052,-1.7000000297207052,0.0,0.0,-0.0008350000126693402,-8.350000126693402
2024-07-19 00:00:00+00:00,1.0,0.9995860000027167,0.99903399996432,0.0,0.0,-0.0004139999972833097,-4.139999972833097,-0.0009660000356800369,-9.660000356800369
2024-07-20 00:00:00+00:00,1.0029999999990866,1.0019999999915365,1.0009999998780053,0.002999999999086622,29.999999990866222,0.0019999999915365496,19.999999915365496,0.0009999998780052533,9.999998780052533
2024-07-21 00:00:00+00:00,0.9999450000000459,0.9998269999961156,0.9996070000382461,-5.4999999954064016e-05,-0.5499999995406402,-0.00017300000388442704,-1.7300000388442704,-0.0003929999617539037,-3.9299996175390373
2024-07-22 00:00:00+00:00,1.0010000000055495,1.0,0.9993339999845988,0.0010000000055494507,10.000000055494507,0.0,0.0,-0.0006660000154011803,-6.660000154011803
2024-07-23 00:00:00+00:00,1.0,1.0010000000080672,0.9998459999639647,0.0,0.0,0.0010000000080672145,10.000000080672145,-0.00015400003603527335,-1.5400003603527335
2024-07-24 00:00:00+00:00,0.9996669999960094,0.9998490000025823,0.9981289999578399,-0.00033300000399061336,-3.3300000399061336,-0.0001509999974177445,-1.509999974177445,-0.0018710000421601203,-18.7100004216012
2024-07-25 00:00:00+00:00,0.9997469999952368,0.999745000021206,1.0,-0.0002530000047632486,-2.5300000476324858,-0.0002549999787939683,-2.549999787939683,0.0,0.0
2024-07-26 00:00:00+00:00,0.9998189999973367,0.9996240000043567,0.9998879998960584,-0.00018100000266330074,-1.8100000266330074,-0.0003759999956433058,-3.7599999564330577,-0.00011200010394163407,-1.1200010394163407
2024-07-27 00:00:00+00:00,0.9995119999994615,0.9997879999970316,0.9984810000070735,-0.0004880000005385021,-4.880000005385021,-0.00021200000296839328,-2.1200000296839328,-0.0015189999929264841,-15.189999929264841
2024-07-28 00:00:00+00:00,0.9999089999973623,0.9998809999762256,1.0,-9.100000263773111e-05,-0.9100000263773111,-0.0001190000237744071,-1.190000237744071,0.0,0.0
2024-07-29 00:00:00+00:00,0.9999059999966994,0.9998909999948796,1.0,-9.400000330062053e-05,-0.9400000330062053,-0.00010900000512037433,-1.0900000512037433,0.0,0.0
2024-07-30 00:00:00+00:00,1.0,1.0,0.9994520000135839,0.0,0.0,0.0,0.0,-0.0005479999864160812,-5.479999864160812
2024-07-31 00:00:00+00:00,1.0,1.001999999992141,1.0,0.0,0.0,0.001999999992140955,19.99999992140955,0.0,0.0
2024-08-01 00:00:00+00:00,1.0009999999987604,1.0,0.999775000058287,0.0009999999987604369,9.999999987604369,0.0,0.0,-0.00022499994171298887,-2.2499994171298887
2024-08-02 00:00:00+00:00,1.0009999999940116,1.0,0.9997750001123602,0.000999999994011569,9.99999994011569,0.0,0.0,-0.0002249998876397985,-2.249998876397985
2024-08-03 00:00:00+00:00,1.0010000000012391,1.0,0.9997750001391347,0.0010000000012391208,10.000000012391208,0.0,0.0,-0.00022499986086532697,-2.2499986086532697
2024-08-04 00:00:00+00:00,1.0010000000012567,1.0,0.9997749999709389,0.0010000000012566623,10.000000012566623,0.0,0.0,-0.0002250000290611176,-2.250000290611176
2024-08-05 00:00:00+00:00,1.0010000000012567,1.0,0.9997749999836207,0.0010000000012566623,10.000000012566623,0.0,0.0,-0.00022500001637926204,-2.2500001637926204
2024-08-06 00:00:00+00:00,1.001000000002586,1.0,0.99931199990663,0.0010000000025860434,10.000000025860434,0.0,0.0,-0.0006880000933700003,-6.880000933700003
2024-08-07 00:00:00+00:00,0.9998129999984746,1.0,0.9992549999439645,-0.00018700000152538365,-1.8700000152538365,0.0,0.0,-0.0007450000560355052,-7.450000560355052
2024-08-08 00:00:00+00:00,1.005999999999217,1.0049999999859058,1.0050000000555201,0.005999999999217076,59.99999999217076,0.004999999985905834,49.99999985905834,0.0050000000555201485,50.00000055520148
2024-08-09 00:00:00+00:00,1.0009999999998873,1.0,0.9994450001090758,0.0009999999998873133,9.999999998873133,0.0,0.0,-0.0005549998909242237,-5.5499989092422375
2024-08-10 00:00:00+00:00,1.0,0.9998549999993545,1.0,0.0,0.0,-0.0001450000006455454,-1.4500000064554541,0.0,0.0
2024-08-11 00:00:00+00:00,0.9983150000013604,0.9977209999947362,0.9992499999355028,-0.0016849999986395803,-16.8499999863958,-0.0022790000052638204,-22.790000052638206,-0.0007500000644972138,-7.500000644972138
2024-08-12 00:00:00+00:00,1.0009999999965498,1.0010000000049082,1.000999999954889,0.0009999999965497608,9.999999965497608,0.0010000000049081859,10.000000049081859,0.0009999999548890859,9.999999548890859
2024-08-13 00:00:00+00:00,1.0,1.0,0.9997049999029419,0.0,0.0,0.0,0.0,-0.0002950000970580735,-2.950000970580735
2024-08-14 00:00:00+00:00,1.0,1.0,0.9988899999978679,0.0,0.0,0.0,0.0,-0.0011100000021321277,-11.100000021321277
2024-08-15 00:00:00+00:00,1.000999999996722,1.0,0.9997699999254105,0.0009999999967220674,9.999999967220674,0.0,0.0,-0.00023000007458950922,-2.300000745895092
2024-08-16 00:00:00+00:00,0.9999150000021226,0.9994410000061145,0.9994950000304949,-8.499999787736634e-05,-0.8499999787736634,-0.0005589999938855339,-5.589999938855339,-0.0005049999695051488,-5.049999695051488
2024-08-17 00:00:00+00:00,1.0,1.0,0.9996569999171814,0.0,0.0,0.0,0.0,-0.00034300008281862304,-3.4300008281862304
2024-08-18 00:00:00+00:00,1.0,1.0,0.9993070000682209,0.0,0.0,0.0,0.0,-0.0006929999317790703,-6.929999317790703
2024-08-19 00:00:00+00:00,1.0,0.9998979999952424,0.9995229999100121,0.0,0.0,-0.0001020000047575742,-1.020000047575742,-0.0004770000899878557,-4.770000899878557
2024-08-20 00:00:00+00:00,1.0,0.9998929999942155,0.9995969999012937,0.0,0.0,-0.00010700000578445223,-1.0700000578445223,-0.0004030000987063076,-4.030000987063076
2024-08-21 00:00:00+00:00,0.99988000000154,0.9991119999787651,0.9999019999456208,-0.00011999999846001863,-1.1999999846001863,-0.0008880000212349026,-8.880000212349026,-9.800005437921033e-05,-0.9800005437921033
2024-08-22 00:00:00+00:00,0.9996870000052229,0.9996070000092118,0.9995879999561318,-0.0003129999947770745,-3.129999947770745,-0.0003929999907882342,-3.929999907882342,-0.0004120000438682103,-4.120000438682103
2024-08-23 00:00:00+00:00,1.0,0.9996530000152403,1.0009999999778867,0.0,0.0,-0.0003469999847597327,-3.469999847597327,0.0009999999778866897,9.999999778866897
2024-08-24 00:00:00+00:00,0.9992750000034288,0.9987719999836013,0.9999729999900446,-0.0007249999965711629,-7.249999965711629,-0.001228000016398667,-12.28000016398667,-2.700000995536911e-05,-0.2700000995536911
2024-08-25 00:00:00+00:00,1.0009999999992618,1.000999999996453,1.0,0.0009999999992618136,9.999999992618136,0.0009999999964529493,9.999999964529493,0.0,0.0
2024-08-26 00:00:00+00:00,0.9998499999958161,0.9998840000077662,0.9990480001123998,-0.00015000000418385895,-1.5000000418385895,-0.00011599999223377289,-1.1599999223377289,-0.0009519998876001967,-9.519998876001967
2024-08-27 00:00:00+00:00,0.9994130000018698,0.9989509999958263,0.9982330001242112,-0.0005869999981301666,-5.869999981301666,-0.001049000004173739,-10.49000004173739,-0.0017669998757887662,-17.66999875788766
2024-08-28 00:00:00+00:00,1.0009999999930896,1.0,0.9997739999898947,0.0009999999930896397,9.999999930896397,0.0,0.0,-0.00022600001010530946,-2.2600001010530946
2024-08-29 00:00:00+00:00,0.9998749999983159,0.9996170000197301,0.9998520001009333,-0.00012500000168413905,-1.2500000168413905,-0.0003829999802699158,-3.8299998026991577,-0.00014799989906666422,-1.4799989906666422
2024-08-30 00:00:00+00:00,0.9998960000036023,1.0,1.0,-0.00010399999639765234,-1.0399999639765234,0.0,0.0,0.0,0.0
2024-08-31 00:00:00+00:00,1.0,1.0,0.9995400001406655,0.0,0.0,0.0,0.0,-0.0004599998593345367,-4.599998593345367
2024-09-01 00:00:00+00:00,0.9984289999997394,0.9982769999874692,0.997902000115142,-0.0015710000002605584,-15.710000002605584,-0.0017230000125307843,-17.230000125307843,-0.0020979998848580372,-20.979998848580372
2024-09-02 00:00:00+00:00,1.0010000000011081,1.0009999999786812,1.0009999999569419,0.0010000000011081145,10.000000011081145,0.0009999999786811653,9.999999786811653,0.0009999999569418883,9.999999569418883
2024-09-03 00:00:00+00:00,0.9996379999968761,1.0,0.9996669999976914,-0.000362000003123919,-3.62000003123919,0.0,0.0,-0.0003330000023086255,-3.3300000230862548
2024-09-04 00:00:00+00:00,0.9999709999990413,0.9998889999884831,1.0,-2.900000095873434e-05,-0.2900000095873434,-0.00011100001151687078,-1.1100001151687078,0.0,0.0
2024-09-05 00:00:00+00:00,0.9999270000008583,1.0,0.9999379999119334,-7.299999914167632e-05,-0.7299999914167632,0.0,0.0,-6.200008806656054e-05,-0.6200008806656054
2024-09-06 00:00:00+00:00,0.9998389999992328,1.0,1.0,-0.00016100000076724186,-1.6100000076724186,0.0,0.0,0.0,0.0
2024-09-07 00:00:00+00:00,0.999657000007863,0.9997740000005568,1.0009999999842334,-0.0003429999921370497,-3.429999921370497,-0.00022599999944317162,-2.259999994431716,0.0009999999842333906,9.999999842333906
2024-09-08 00:00:00+00:00,0.9992980000034215,0.999380999993618,0.9984120000693812,-0.0007019999965784951,-7.019999965784951,-0.0006190000063820422,-6.190000063820422,-0.0015879999306187553,-15.879999306187553
2024-09-09 00:00:00+00:00,1.0,0.9996450000270665,0.9997019999431167,0.0,0.0,-0.000354999972933534,-3.5499997293353402,-0.00029800005688329634,-2.9800005688329634
2024-09-10 00:00:00+00:00,1.0010000000005235,1.0009999999830024,1.0010000000163288,0.001000000000523471,10.00000000523471,0.0009999999830023754,9.999999830023754,0.001000000016328828,10.00000016328828
2024-09-11 00:00:00+00:00,1.0,1.0,0.9996510000653496,0.0,0.0,0.0,0.0,-0.0003489999346504291,-3.489999346504291
2024-09-12 00:00:00+00:00,0.9998459999955168,0.9998359999997233,1.0,-0.00015400000448317908,-1.5400000448317908,-0.00016400000027672057,-1.6400000027672057,0.0,0.0
2024-09-13 00:00:00+00:00,0.9999120000031789,0.9993070000061156,1.0,-8.79999968210754e-05,-0.879999968210754,-0.0006929999938843912,-6.9299999388439115,0.0,0.0
2024-09-14 00:00:00+00:00,1.0,0.9998730000039869,0.9999150000607827,0.0,0.0,-0.00012699999601306633,-1.2699999601306633,-8.499993921728954e-05,-0.8499993921728954
2024-09-15 00:00:00+00:00,1.0,1.0,0.9998010001417521,0.0,0.0,0.0,0.0,-0.00019899985824789468,-1.9899985824789468
2024-09-16 00:00:00+00:00,1.0009999999992425,1.0,1.0,0.0009999999992424957,9.999999992424957,0.0,0.0,0.0,0.0
2024-09-17 00:00:00+00:00,0.999676000001228,0.9994989999998364,0.9998160001089069,-0.0003239999987719733,-3.2399999877197327,-0.0005010000001636206,-5.010000001636206,-0.00018399989109307846,-1.8399989109307846
2024-09-18 00:00:00+00:00,1.0010000000054857,1.0,1.000999999983929,0.0010000000054857239,10.000000054857239,0.0,0.0,0.0009999999839289675,9.999999839289675
2024-09-19 00:00:00+00:00,1.0,0.999944000014142,1.0,0.0,0.0,-5.599998585803512e-05,-0.5599998585803512,0.0,0.0
2024-09-20 00:00:00+00:00,0.9994039999995039,0.9993640000150809,1.0,-0.0005960000004960886,-5.960000004960886,-0.0006359999849191444,-6.3599998491914445,0.0,0.0
2024-09-21 00:00:00+00:00,1.0,0.9997310000004268,1.0,0.0,0.0,-0.000268999999573194,-2.68999999573194,0.0,0.0
2024-09-22 00:00:00+00:00,1.0010000000025765,1.0010000000044368,1.0020000000169973,0.0010000000025764955,10.000000025764955,0.0010000000044367852,10.000000044367852,0.0020000000169972942,20.000000169972942
2024-09-23 00:00:00+00:00,1.0,1.0,0.999380000108946,0.0,0.0,0.0,0.0,-0.0006199998910539906,-6.199998910539906
2024-09-24 00:00:00+00:00,0.9997510000033493,1.0,1.0010000000207864,-0.0002489999966507339,-2.489999966507339,0.0,0.0,0.0010000000207863735,10.000000207863735
2024-09-25 00:00:00+00:00,0.9996679999942669,0.9997379999988788,1.0,-0.00033200000573307964,-3.3200000573307964,-0.0002620000011211987,-2.620000011211987,0.0,0.0
2024-09-26 00:00:00+00:00,1.0,0.9999639999974598,1.0,0.0,0.0,-3.6000002540226284e-05,-0.36000002540226284,0.0,0.0
2024-09-27 00:00:00+00:00,1.0,1.0,0.9997580000803613,0.0,0.0,0.0,0.0,-0.00024199991963869127,-2.4199991963869127
2024-09-28 00:00:00+00:00,0.999797000004916,0.9996770000023978,0.9997010000486104,-0.0002029999950839967,-2.029999950839967,-0.00032299999760221354,-3.2299999760221354,-0.0002989999513896002,-2.9899995138960023
2024-09-29 00:00:00+00:00,1.0,1.0,0.9996769999891831,0.0,0.0,0.0,0.0,-0.00032300001081686514,-3.2300001081686514
2024-09-30 00:00:00+00:00,0.9986629999982026,0.9990589999883057,0.998884000020058,-0.0013370000017973727,-13.370000017973727,-0.0009410000116942818,-9.410000116942818,-0.0011159999799420506,-11.159999799420506
2024-10-01 00:00:00+00:00,0.9995340000024981,0.9997250000062949,0.9999909998779786,-0.0004659999975018536,-4.659999975018536,-0.0002749999937050607,-2.7499999370506067,-9.000122021429746e-06,-0.09000122021429746
2024-10-02 00:00:00+00:00,1.0,1.0,1.0009999999834178,0.0,0.0,0.0,0.0,0.0009999999834178208,9.999999834178208
2024-10-03 00:00:00+00:00,1.0,1.0,1.000999999961819,0.0,0.0,0.0,0.0,0.000999999961819098,9.99999961819098
2024-10-04 00:00:00+00:00,0.9998190000029378,0.9998120000174036,1.0,-0.00018099999706222558,-1.8099999706222558,-0.0001879999825964429,-1.879999825964429,0.0,0.0
2024-10-05 00:00:00+00:00,0.9996650000014575,0.9997889999921473,1.0,-0.0003349999985424734,-3.349999985424734,-0.0002110000078526797,-2.110000078526797,0.0,0.0
2024-10-06 00:00:00+00:00,1.002999999995429,1.0019999999851217,1.0,0.0029999999954291034,29.999999954291034,0.001999999985121681,19.99999985121681,0.0,0.0
2024-10-07 00:00:00+00:00,0.996645000000024,0.9975129999853496,0.996432000056316,-0.003354999999976016,-33.54999999976016,-0.002487000014650409,-24.87000014650409,-0.0035679999436839527,-35.67999943683952
2024-10-08 00:00:00+00:00,0.9995839999991897,1.0,0.9994800001378572,-0.00041600000081032373,-4.160000008103237,0.0,0.0,-0.0005199998621427948,-5.199998621427948
2024-10-09 00:00:00+00:00,0.9990989999966122,0.9998240000139439,1.0,-0.0009010000033877752,-9.010000033877752,-0.0001759999860561079,-1.759999860561079,0.0,0.0
2024-10-10 00:00:00+00:00,0.9989909999980503,0.9998819999870631,0.9998989999607449,-0.0010090000019497003,-10.090000019497003,-0.0001180000129369363,-1.180000129369363,-0.0001010000392550614,-1.010000392550614
2024-10-11 00:00:00+00:00,0.9996099999930936,0.9994580000090348,0.999722000065977,-0.0003900000069063658,-3.9000000690636583,-0.0005419999909651585,-5.419999909651585,-0.00027799993402299883,-2.7799993402299883
2024-10-12 00:00:00+00:00,0.9998640000024024,0.9999240000068407,1.0,-0.0001359999975976134,-1.3599999759761339,-7.599999315932582e-05,-0.7599999315932582,0.0,0.0
2024-10-13 00:00:00+00:00,1.0,1.0,1.000999999966029,0.0,0.0,0.0,0.0,0.0009999999660290637,9.999999660290637
2024-10-14 00:00:00+00:00,1.0019999999988976,1.0019999999908429,1.0010000000139943,0.0019999999988975503,19.999999988975503,0.0019999999908428823,19.999999908428823,0.001000000013994251,10.000000139942511
2024-10-15 00:00:00+00:00,1.0,0.999981999997138,0.9993930000439608,0.0,0.0,-1.8000002862006426e-05,-0.18000002862006426,-0.0006069999560391892,-6.069999560391892
2024-10-16 00:00:00+00:00,0.9993960000008439,0.9998540000036824,0.9993859999915383,-0.0006039999991560574,-6.039999991560574,-0.00014599999631759175,-1.4599999631759175,-0.0006140000084616792,-6.140000084616792
2024-10-17 00:00:00+00:00,0.999025000003019,0.9993549999909423,0.9997560001376888,-0.0009749999969810297,-9.749999969810297,-0.0006450000090576502,-6.450000090576502,-0.00024399986231116166,-2.4399986231116166
2024-10-18 00:00:00+00:00,0.9998719999999243,0.9998309999742018,0.9998419999627918,-0.0001280000000757342,-1.280000000757342,-0.00016900002579822715,-1.6900002579822715,-0.00015800003720822797,-1.5800003720822797
2024-10-19 00:00:00+00:00,0.9997859999989616,1.0,1.0,-0.00021400000103843908,-2.140000010384391,0.0,0.0,0.0,0.0
2024-10-20 00:00:00+00:00,0.9989829999996229,0.9991740000211246,0.9988269999535382,-0.0010170000003770774,-10.170000003770774,-0.0008259999788754468,-8.259999788754468,-0.001173000046461814,-11.73000046461814
2024-10-21 00:00:00+00:00,0.9976159999973816,0.9992430000227771,0.9986420000622203,-0.0023840000026184027,-23.84000002618403,-0.0007569999772228941,-7.569999772228941,-0.0013579999377797414,-13.579999377797414
2024-10-22 00:00:00+00:00,0.9992609999934541,0.9998550000080659,1.0,-0.0007390000065459201,-7.390000065459201,-0.00014499999193406943,-1.4499999193406943,0.0,0.0
2024-10-23 00:00:00+00:00,0.9990840000031568,0.9997420000061398,0.999700000025539,-0.0009159999968432198,-9.159999968432198,-0.0002579999938602251,-2.579999938602251,-0.0002999999744609516,-2.999999744609516
2024-10-24 00:00:00+00:00,0.999196000000923,0.9996709999883765,0.9998630000886589,-0.0008039999990769875,-8.039999990769875,-0.0003290000116235037,-3.2900001162350367,-0.0001369999113410847,-1.369999113410847
2024-10-25 00:00:00+00:00,0.9953420000064506,0.9961370000122011,0.9956000000806885,-0.004657999993549433,-46.57999993549433,-0.003862999987798932,-38.62999987798932,-0.004399999919311504,-43.99999919311504
2024-10-26 00:00:00+00:00,0.9983250000013116,0.9996180000063813,0.9989609998645093,-0.0016749999986883646,-16.749999986883644,-0.00038199999361865355,-3.8199999361865355,-0.0010390001354907419,-10.390001354907419
2024-10-27 00:00:00+00:00,0.9986589999968043,1.0,0.9993609999917277,-0.0013410000031957026,-13.410000031957026,0.0,0.0,-0.000639000008272328,-6.3900000827232795
2024-10-28 00:00:00+00:00,1.001000000004912,1.001000000012013,1.0,0.0010000000049119606,10.000000049119606,0.001000000012012947,10.00000012012947,0.0,0.0
2024-10-29 00:00:00+00:00,0.9980250000025632,0.9989390000163542,0.9982750001386005,-0.001974999997436777,-19.74999997436777,-0.0010609999836458384,-10.609999836458384,-0.0017249998613995121,-17.24999861399512
2024-10-30 00:00:00+00:00,0.9997660000002918,0.9999319999931631,0.9997159999059756,-0.00023399999970818985,-2.3399999970818985,-6.800000683693241e-05,-0.6800000683693241,-0.00028400009402440585,-2.8400009402440585
2024-10-31 00:00:00+00:00,0.9990699999930394,1.0,1.0009999999981722,-0.0009300000069606407,-9.300000069606407,0.0,0.0,0.0009999999981722407,9.999999981722407
2024-11-01 00:00:00+00:00,0.998845999995099,0.9997620000045316,1.0,-0.0011540000049009569,-11.540000049009569,-0.00023799999546836315,-2.3799999546836315,0.0,0.0
2024-11-02 00:00:00+00:00,0.9998039999999798,0.9998270000018646,0.9993490000190952,-0.00019600000002018003,-1.9600000002018003,-0.00017299999813535916,-1.7299999813535916,-0.0006509999809047873,-6.509999809047873
2024-11-03 00:00:00+00:00,0.9980450000028571,0.9992360000136449,1.0,-0.001954999997142881,-19.54999997142881,-0.0007639999863551239,-7.639999863551239,0.0,0.0
2024-11-04 00:00:00+00:00,0.999582000003385,1.0009999999934232,1.0020000000846043,-0.00041799999661495946,-4.179999966149595,0.0009999999934231507,9.999999934231507,0.0020000000846043253,20.000000846043253
2024-11-05 00:00:00+00:00,1.0009999999967822,1.0019999999913796,1.0009999999846348,0.0009999999967822415,9.999999967822415,0.001999999991379564,19.99999991379564,0.0009999999846348473,9.999999846348473
2024-11-06 00:00:00+00:00,1.0010000000002799,0.9996960000147317,0.9985979999827627,0.0010000000002798881,10.000000002798881,-0.0003039999852683106,-3.0399998526831062,-0.001402000017237337,-14.02000017237337
2024-11-07 00:00:00+00:00,1.0019999999971638,1.0010000000040784,1.000999999939871,0.001999999997163826,19.99999997163826,0.0010000000040784052,10.000000040784052,0.000999999939871099,9.99999939871099
2024-11-08 00:00:00+00:00,1.001000000002482,1.0,0.9994659999292278,0.0010000000024819045,10.000000024819045,0.0,0.0,-0.0005340000707722004,-5.3400007077220035
2024-11-09 00:00:00+00:00,1.0,0.9998850000024311,0.9999260000681758,0.0,0.0,-0.00011499999756892088,-1.1499999756892088,-7.399993182422016e-05,-0.7399993182422016
2024-11-10 00:00:00+00:00,1.0010000000000647,0.9975560000045365,1.001000000135437,0.0010000000000647269,10.000000000647269,-0.0024439999954635194,-24.439999954635194,0.0010000001354371069,10.000001354371069
2024-11-11 00:00:00+00:00,1.0050000000026216,1.0080000000156104,1.004999999959726,0.005000000002621574,50.000000026215744,0.008000000015610409,80.0000001561041,0.004999999959726109,49.999999597261095
2024-11-12 00:00:00+00:00,1.0,0.9998669999893495,0.9996659999721034,0.0,0.0,-0.00013300001065053024,-1.3300001065053024,-0.0003340000278966304,-3.340000278966304
2024-11-13 00:00:00+00:00,1.0009999999948422,0.9993490000222144,0.998905000005196,0.0009999999948422378,9.999999948422378,-0.0006509999777856157,-6.509999777856157,-0.0010949999948040023,-10.949999948040023
2024-11-14 00:00:00+00:00,0.9995640000028574,0.9979669999957687,0.9982849999222627,-0.00043599999714261095,-4.3599999714261095,-0.0020330000042313445,-20.330000042313443,-0.0017150000777372831,-17.15000077737283
2024-11-15 00:00:00+00:00,1.0010000000006734,1.0,0.9986749998812512,0.0010000000006733512,10.000000006733512,0.0,0.0,-0.0013250001187488092,-13.250001187488092
2024-11-16 00:00:00+00:00,1.0,0.9981410000065686,0.9982920000913488,0.0,0.0,-0.0018589999934314205,-18.589999934314207,-0.0017079999086512254,-17.079999086512252
2024-11-17 00:00:00+00:00,0.9988019999954237,0.9989669999855939,0.9985740001087455,-0.0011980000045762607,-11.980000045762607,-0.0010330000144060936,-10.330000144060936,-0.0014259998912544702,-14.259998912544702
2024-11-18 00:00:00+00:00,1.0,0.9990970000028082,0.9988489999761406,0.0,0.0,-0.000902999997191789,-9.02999997191789,-0.001151000023859372,-11.51000023859372
2024-11-19 00:00:00+00:00,1.0010000000043797,0.999657000009234,0.9996250000193674,0.0010000000043797197,10.000000043797197,-0.00034299999076603527,-3.4299999076603527,-0.00037499998063261764,-3.7499998063261764
2024-11-20 00:00:00+00:00,1.0009999999984684,1.0,0.9999659999270996,0.0009999999984684482,9.999999984684482,0.0,0.0,-3.4000072900441936e-05,-0.34000072900441936
2024-11-21 00:00:00+00:00,1.001000000002446,1.0,1.0,0.0010000000024459332,10.000000024459332,0.0,0.0,0.0,0.0
2024-11-22 00:00:00+00:00,1.001999999998267,1.0,1.0,0.0019999999982669436,19.999999982669436,0.0,0.0,0.0,0.0
2024-11-23 00:00:00+00:00,1.0009999999995711,0.9998450000066113,0.9997120000614628,0.0009999999995711217,9.999999995711217,-0.00015499999338874915,-1.5499999338874915,-0.00028799993853723116,-2.8799993853723116
2024-11-24 00:00:00+00:00,1.001999999999209,1.0019999999845828,1.000999999991377,0.001999999999209079,19.99999999209079,0.0019999999845827787,19.999999845827787,0.0009999999913770097,9.999999913770097
2024-11-25 00:00:00+00:00,1.0010000000019268,1.0029999999784511,1.0019999998910836,0.001000000001926793,10.00000001926793,0.002999999978451129,29.99999978451129,0.0019999998910835703,19.999998910835703
2024-11-26 00:00:00+00:00,0.9973240000011341,0.9968530000018402,0.997923000028694,-0.002675999998865919,-26.75999998865919,-0.0031469999981598162,-31.469999981598164,-0.0020769999713059484,-20.769999713059484
2024-11-27 00:00:00+00:00,1.0,0.999694999975852,0.99960299993909,0.0,0.0,-0.00030500002414801664,-3.0500002414801664,-0.0003970000609100355,-3.970000609100355
2024-11-28 00:00:00+00:00,1.0,1.000999999980517,1.001000000097857,0.0,0.0,0.00099999998051703,9.999999805170301,0.0010000000978569457,10.000000978569457
2024-11-29 00:00:00+00:00,1.0009999999974846,0.999873999987547,0.999262000099602,0.0009999999974845686,9.999999974845686,-0.00012600001245299808,-1.2600001245299808,-0.0007379999003980231,-7.379999003980231
2024-11-30 00:00:00+00:00,1.0009999999969033,0.9997260000062206,1.0,0.0009999999969032558,9.999999969032558,-0.00027399999377941686,-2.7399999377941686,0.0,0.0
2024-12-01 00:00:00+00:00,1.0009999999996353,1.0,1.0,0.0009999999996352926,9.999999996352926,0.0,0.0,0.0,0.0
2024-12-02 00:00:00+00:00,1.0009999999999555,1.0,1.0,0.000999999999955481,9.99999999955481,0.0,0.0,0.0,0.0
2024-12-03 00:00:00+00:00,1.002000000001022,1.000999999982357,1.0010000000038288,0.002000000001022073,20.00000001022073,0.0009999999823568917,9.999999823568917,0.001000000003828827,10.00000003828827
2024-12-04 00:00:00+00:00,1.000999999999867,1.001000000007685,1.0009999998756949,0.0009999999998671072,9.999999998671072,0.0010000000076850757,10.000000076850757,0.0009999998756948791,9.999998756948791
2024-12-05 00:00:00+00:00,1.0019999999999707,0.9983589999962765,0.9997670001029676,0.001999999999970692,19.99999999970692,-0.0016410000037234695,-16.410000037234695,-0.0002329998970324043,-2.329998970324043
2024-12-06 00:00:00+00:00,1.000999999999416,0.9994929999864358,0.9993920001272226,0.0009999999994159126,9.999999994159126,-0.000507000013564185,-5.07000013564185,-0.0006079998727773761,-6.079998727773761
2024-12-07 00:00:00+00:00,1.0010000000005579,0.9998059999886082,0.9998840000675792,0.001000000000557888,10.00000000557888,-0.0001940000113918039,-1.940000113918039,-0.0001159999324208405,-1.159999324208405
2024-12-08 00:00:00+00:00,1.001000000000557,1.0,1.0,0.0010000000005569998,10.000000005569998,0.0,0.0,0.0,0.0
2024-12-09 00:00:00+00:00,0.9995539999943183,0.9992440000081859,1.0,-0.0004460000056817348,-4.460000056817348,-0.0007559999918140825,-7.559999918140825,0.0,0.0
2024-12-10 00:00:00+00:00,1.0009999999993076,1.0009999999937393,1.0009999999083667,0.0009999999993075548,9.999999993075548,0.0009999999937393422,9.999999937393422,0.0009999999083667444,9.999999083667444
2024-12-11 00:00:00+00:00,0.9997300000020278,0.9988869999968378,0.9984700000844873,-0.0002699999979721701,-2.699999979721701,-0.0011130000031621679,-11.130000031621679,-0.0015299999155127253,-15.299999155127253
2024-12-12 00:00:00+00:00,1.0,1.0,1.0010000000914157,0.0,0.0,0.0,0.0,0.0010000000914156537,10.000000914156537
2024-12-13 00:00:00+00:00,1.0,0.9999220000143186,0.9998369997967737,0.0,0.0,-7.799998568136512e-05,-0.7799998568136512,-0.0001630002032263489,-1.630002032263489
2024-12-14 00:00:00+00:00,1.0,1.0,1.0,0.0,0.0,0.0,0.0,0.0,0.0
2024-12-15 00:00:00+00:00,0.9997839999992246,1.000999999998095,1.0010000002059527,-0.00021600000077537373,-2.1600000077537373,0.0009999999980949692,9.999999980949692,0.0010000002059527002,10.000002059527002
2024-12-16 00:00:00+00:00,1.0,0.9993709999945426,0.9997479999345664,0.0,0.0,-0.000629000005457403,-6.29000005457403,-0.00025200006543357745,-2.5200006543357745
2024-12-17 00:00:00+00:00,1.0,1.0,1.0009999999723882,0.0,0.0,0.0,0.0,0.0009999999723881992,9.999999723881992
2024-12-18 00:00:00+00:00,0.9997759999985386,0.9998310000137093,1.0,-0.00022400000146138854,-2.2400000146138854,-0.00016899998629071877,-1.6899998629071877,0.0,0.0
2024-12-19 00:00:00+00:00,0.9999190000029141,0.9999019999966485,0.9997679999877618,-8.099999708588435e-05,-0.8099999708588435,-9.800000335147274e-05,-0.9800000335147274,-0.00023200001223822042,-2.320000122382204
2024-12-20 00:00:00+00:00,1.0,1.0010000000073278,1.0010000000832422,0.0,0.0,0.001000000007327806,10.00000007327806,0.0010000000832421918,10.000000832421918
2024-12-21 00:00:00+00:00,0.9994110000032436,0.9998589999970939,0.9985950000768173,-0.0005889999967564341,-5.889999967564341,-0.0001410000029060665,-1.4100000290606651,-0.0014049999231826593,-14.049999231826593
2024-12-22 00:00:00+00:00,0.9991759999961802,1.0010000000067998,1.0,-0.0008240000038197692,-8.240000038197692,0.0010000000067997838,10.000000067997838,0.0,0.0
2024-12-23 00:00:00+00:00,1.000999999998523,1.0019999999991167,1.0010000000625612,0.0009999999985230712,9.999999985230712,0.0019999999991167083,19.999999991167083,0.0010000000625611793,10.000000625611793
2024-12-24 00:00:00+00:00,0.9991990000018776,0.9997219999905967,1.0,-0.0008009999981224425,-8.009999981224425,-0.0002780000094032564,-2.780000094032564,0.0,0.0
2024-12-25 00:00:00+00:00,0.9995459999982933,1.0,1.0,-0.0004540000017067003,-4.540000017067003,0.0,0.0,0.0,0.0
2024-12-26 00:00:00+00:00,0.9995959999974754,1.0009999999908126,1.0,-0.0004040000025246071,-4.040000025246071,0.0009999999908125723,9.999999908125723,0.0,0.0
2024-12-27 00:00:00+00:00,0.9984670000037339,0.9997619999859668,0.9997190001236793,-0.0015329999962661045,-15.329999962661045,-0.0002380000140331795,-2.380000140331795,-0.0002809998763206867,-2.809998763206867
2024-12-28 00:00:00+00:00,0.9977019999995712,0.9999909999837173,0.999908000143168,-0.0022980000004287904,-22.980000004287902,-9.000016282678658e-06,-0.09000016282678658,-9.1999856831948e-05,-0.91999856831948
2024-12-29 00:00:00+00:00,0.9992549999963484,0.9995489999825996,1.0,-0.0007450000036516302,-7.450000036516302,-0.00045100001740039364,-4.510000174003936,0.0,0.0
2024-12-30 00:00:00+00:00,0.9970809999997966,0.9988769999975473,0.999017999915699,-0.0029190000002033978,-29.190000002033976,-0.0011230000024526898,-11.230000024526898,-0.000982000084301049,-9.82000084301049
2024-12-31 00:00:00+00:00,0.9979449999974637,0.9995100000041428,0.9990030000054478,-0.0020550000025363335,-20.550000025363335,-0.0004899999958571932,-4.899999958571932,-0.0009969999945521613,-9.969999945521613
2025-01-01 00:00:00+00:00,0.99739800000245,0.9994220000123062,0.9994560000497877,-0.002601999997549953,-26.01999997549953,-0.0005779999876938113,-5.779999876938113,-0.0005439999502122594,-5.439999502122594
2025-01-02 00:00:00+00:00,0.9989339999973456,0.9999359999964154,0.9999230001027595,-0.0010660000026544436,-10.660000026544436,-6.400000358464109e-05,-0.6400000358464109,-7.699989724052614e-05,-0.7699989724052614
2025-01-03 00:00:00+00:00,1.0,1.0,1.0,0.0,0.0,0.0,0.0,0.0,0.0
2025-01-04 00:00:00+00:00,0.9993179999970824,0.9991520000014799,0.9990200001008359,-0.0006820000029176265,-6.820000029176265,-0.0008479999985201436,-8.479999985201436,-0.0009799998991640857,-9.799998991640857
2025-01-05 00:00:00+00:00,0.9996949999997632,1.0,1.0,-0.0003050000002368103,-3.050000002368103,0.0,0.0,0.0,0.0
2025-01-06 00:00:00+00:00,1.0,0.9996710000065002,1.0,0.0,0.0,-0.00032899999349977893,-3.2899999349977893,0.0,0.0
2025-01-07 00:00:00+00:00,0.9982539999995432,0.9984490000094658,0.999265999876118,-0.001746000000456771,-17.46000000456771,-0.0015509999905342076,-15.509999905342076,-0.0007340001238820282,-7.340001238820282
2025-01-08 00:00:00+00:00,0.9984149999993517,0.999503000010954,0.9993170000360894,-0.0015850000006483178,-15.850000006483178,-0.0004969999890459542,-4.969999890459542,-0.0006829999639106354,-6.829999639106354
2025-01-09 00:00:00+00:00,0.9999469999967493,0.9999820000000699,1.0,-5.3000003250702754e-05,-0.5300000325070275,-1.7999999930129462e-05,-0.17999999930129462,0.0,0.0
2025-01-10 00:00:00+00:00,0.999809000000002,0.9999269999953916,0.9999920000986354,-0.00019099999999805384,-1.9099999999805384,-7.300000460841449e-05,-0.7300000460841449,-7.999901364574846e-06,-0.07999901364574846
2025-01-11 00:00:00+00:00,0.9995460000008001,0.9999989999846776,0.9998670000808083,-0.00045399999919992773,-4.539999991999277,-1.0000153224387631e-06,-0.010000153224387631,-0.00013299991919168974,-1.3299991919168974
2025-01-12 00:00:00+00:00,0.9993929999968674,0.9997990000087028,0.999915999918639,-0.0006070000031326295,-6.070000031326295,-0.00020099999129719048,-2.009999912971905,-8.400008136100201e-05,-0.8400008136100201
2025-01-13 00:00:00+00:00,0.9995940000015854,0.9999510000003065,0.9999720001271146,-0.000405999998414619,-4.05999998414619,-4.899999969354418e-05,-0.48999999693544183,-2.7999872885375865e-05,-0.27999872885375865
2025-01-14 00:00:00+00:00,0.999618000001769,1.0,1.0,-0.0003819999982309641,-3.819999982309641,0.0,0.0,0.0,0.0
2025-01-15 00:00:00+00:00,1.0,0.9999939999904577,0.9999660001539036,0.0,0.0,-6.000009542317386e-06,-0.06000009542317386,-3.3999846096421926e-05,-0.33999846096421926
2025-01-16 00:00:00+00:00,0.9997810000012811,0.9999959999895299,0.9999689999811217,-0.00021899999871888287,-2.1899999871888287,-4.000010470073256e-06,-0.040000104700732564,-3.100001887834658e-05,-0.3100001887834658
2025-01-17 00:00:00+00:00,1.0,0.9999950000013573,1.0,0.0,0.0,-4.999998642674086e-06,-0.04999998642674086,0.0,0.0
2025-01-18 00:00:00+00:00,0.9990700000009248,1.0,0.9999150001164425,-0.0009299999990751706,-9.299999990751706,0.0,0.0,-8.499988355747945e-05,-0.8499988355747945
2025-01-19 00:00:00+00:00,0.9988759999997382,1.0,1.0,-0.0011240000002618045,-11.240000002618045,0.0,0.0,0.0,0.0
2025-01-20 00:00:00+00:00,0.9987710000056946,0.9999950000159676,0.999888000043389,-0.0012289999943053687,-12.289999943053687,-4.999984032361127e-06,-0.049999840323611267,-0.0001119999566110419,-1.119999566110419
2025-01-21 00:00:00+00:00,1.0,1.0,1.0,0.0,0.0,0.0,0.0,0.0,0.0
2025-01-22 00:00:00+00:00,0.99977499999872,1.0,1.0,-0.00022500000128000686,-2.2500000128000686,0.0,0.0,0.0,0.0
2025-01-23 00:00:00+00:00,1.0,1.0,0.9999509998200629,0.0,0.0,0.0,0.0,-4.900017993714201e-05,-0.4900017993714201
2025-01-24 00:00:00+00:00,1.0,0.9999799999998499,1.0009999999380779,0.0,0.0,-2.0000000150122155e-05,-0.20000000150122155,0.0009999999380778668,9.999999380778668
2025-01-25 00:00:00+00:00,0.9998289999987883,0.9999330000173198,1.0009999999319976,-0.00017100000121172965,-1.7100000121172965,-6.6999982680227e-05,-0.66999982680227,0.0009999999319976194,9.999999319976194
2025-01-26 00:00:00+00:00,0.9998639999965889,1.0,1.0,-0.0001360000034110742,-1.360000034110742,0.0,0.0,0.0,0.0
2025-01-27 00:00:00+00:00,0.9997719999938599,1.0,1.0,-0.0002280000061400944,-2.280000061400944,0.0,0.0,0.0,0.0
2025-01-28 00:00:00+00:00,0.9993460000033153,0.9998939999970413,1.0,-0.0006539999966846954,-6.539999966846954,-0.00010600000295868384,-1.0600000295868384,0.0,0.0
2025-01-29 00:00:00+00:00,0.9999820000022414,0.9999919999864857,1.0,-1.799999775864425e-05,-0.17999997758644248,-8.00001351430879e-06,-0.0800001351430879,0.0,0.0
2025-01-30 00:00:00+00:00,1.0,1.0,0.9998840001447835,0.0,0.0,0.0,0.0,-0.00011599985521648648,-1.1599985521648648
2025-01-31 00:00:00+00:00,0.9997429999987814,1.0,0.99964799982668,-0.0002570000012186435,-2.5700000121864353,0.0,0.0,-0.00035200017332004396,-3.5200017332004396
2025-02-01 00:00:00+00:00,0.9997459999943803,1.0,0.9998189999155277,-0.00025400000561970337,-2.5400000561970337,0.0,0.0,-0.00018100008447230476,-1.8100008447230476
2025-02-02 00:00:00+00:00,0.9997109999978052,0.9999680000006681,1.0,-0.0002890000021947836,-2.890000021947836,-3.199999933189979e-05,-0.31999999331899787,0.0,0.0
2025-02-03 00:00:00+00:00,1.0010000000029862,0.9999989999921258,1.0,0.0010000000029861678,10.000000029861678,-1.0000078741745355e-06,-0.010000078741745355,0.0,0.0
2025-02-04 00:00:00+00:00,1.0,1.0,0.9992220002111272,0.0,0.0,0.0,0.0,-0.0007779997888728296,-7.779997888728296
2025-02-05 00:00:00+00:00,1.0,0.9999709999988725,0.9997690000657616,0.0,0.0,-2.900000112748824e-05,-0.2900000112748824,-0.00023099993423836285,-2.3099993423836285
2025-02-06 00:00:00+00:00,1.0,0.9999889999961526,1.0,0.0,0.0,-1.1000003847350115e-05,-0.11000003847350115,0.0,0.0
2025-02-07 00:00:00+00:00,1.0,0.9999560000051739,0.9994600000016242,0.0,0.0,-4.399999482607164e-05,-0.4399999482607164,-0.0005399999983758397,-5.399999983758397
2025-02-08 00:00:00+00:00,1.0,0.9999949999851397,1.0,0.0,0.0,-5.000014860256918e-06,-0.05000014860256918,0.0,0.0
2025-02-09 00:00:00+00:00,1.0,0.9999660000086456,0.9996669998388601,0.0,0.0,-3.3999991354449755e-05,-0.33999991354449755,-0.00033300016113990694,-3.3300016113990694
2025-02-10 00:00:00+00:00,1.0,0.9999560000017225,0.9998180000655625,0.0,0.0,-4.399999827753298e-05,-0.4399999827753298,-0.0001819999344374601,-1.819999344374601
2025-02-11 00:00:00+00:00,0.9998729999957872,0.9999559999928799,0.9996850000968516,-0.00012700000421284052,-1.2700000421284052,-4.4000007120126305e-05,-0.44000007120126305,-0.0003149999031484274,-3.149999031484274
2025-02-12 00:00:00+00:00,1.0,0.9999170000068804,0.9997820001265195,0.0,0.0,-8.299999311955908e-05,-0.8299999311955908,-0.0002179998734804789,-2.179998734804789
2025-02-13 00:00:00+00:00,1.0,0.9999209999964327,0.99989500018889,0.0,0.0,-7.900000356730885e-05,-0.7900000356730885,-0.000104999811110007,-1.04999811110007
2025-02-14 00:00:00+00:00,1.0,0.9999000000003601,1.0,0.0,0.0,-9.999999963994366e-05,-0.9999999963994366,0.0,0.0
2025-02-15 00:00:00+00:00,1.0,0.9999009999993719,0.9999870000689468,0.0,0.0,-9.900000062812442e-05,-0.9900000062812442,-1.2999931053192526e-05,-0.12999931053192526
2025-02-16 00:00:00+00:00,1.0,0.9999929999953953,0.9996269999857688,0.0,0.0,-7.000004604740262e-06,-0.07000004604740262,-0.0003730000142312395,-3.730000142312395
2025-02-17 00:00:00+00:00,1.0,0.9999309999897886,0.9997419998123888,0.0,0.0,-6.900001021137303e-05,-0.6900001021137303,-0.00025800018761124033,-2.5800018761124033
2025-02-18 00:00:00+00:00,0.9993959999996184,0.9998230000082108,0.9995860000131069,-0.0006040000003816326,-6.040000003816326,-0.00017699999178921733,-1.7699999178921733,-0.0004139999868930655,-4.139999868930655
2025-02-19 00:00:00+00:00,0.9998869999957789,0.9999030000116355,0.9997839998696822,-0.00011300000422109768,-1.1300000422109768,-9.699998836454338e-05,-0.9699998836454338,-0.00021600013031775056,-2.1600013031775056
2025-02-20 00:00:00+00:00,1.0,0.9998509999901536,0.9998239999536642,0.0,0.0,-0.0001490000098464117,-1.490000098464117,-0.00017600004633577804,-1.7600004633577804
2025-02-21 00:00:00+00:00,0.9993629999978725,0.9998949999954269,0.9994639999409515,-0.0006370000021275191,-6.370000021275191,-0.0001050000045731414,-1.050000045731414,-0.0005360000590485248,-5.360000590485248
2025-02-22 00:00:00+00:00,1.0,0.999927999995295,0.999756000077733,0.0,0.0,-7.200000470497514e-05,-0.7200000470497514,-0.00024399992226697975,-2.4399992226697975
2025-02-23 00:00:00+00:00,1.0,0.9999479999990193,0.9993410000042515,0.0,0.0,-5.2000000980712e-05,-0.52000000980712,-0.0006589999957484771,-6.589999957484771
2025-02-24 00:00:00+00:00,0.9998789999956761,0.9998949999994142,0.9996219998201031,-0.00012100000432391234,-1.2100000432391234,-0.00010500000058577541,-1.050000005857754,-0.00037800017989686463,-3.7800017989686463
2025-02-25 00:00:00+00:00,0.9989869999948605,0.9998879999872667,1.0,-0.001013000005139486,-10.13000005139486,-0.00011200001273325988,-1.1200001273325988,0.0,0.0
2025-02-26 00:00:00+00:00,0.9985519999976724,0.9998989999939408,0.9995049999549396,-0.0014480000023275874,-14.480000023275874,-0.00010100000605917092,-1.0100000605917092,-0.0004950000450604231,-4.9500004506042306
2025-02-27 00:00:00+00:00,0.9986669999979131,0.9998279999954859,0.9993890000341322,-0.0013330000020869148,-13.330000020869148,-0.0001720000045141168,-1.7200000451411679,-0.0006109999658677756,-6.109999658677756
2025-02-28 00:00:00+00:00,0.999378999996044,0.9998479999891932,0.999179000116735,-0.0006210000039560404,-6.210000039560404,-0.0001520000108068409,-1.520000108068409,-0.0008209998832650056,-8.209998832650056
2025-03-01 00:00:00+00:00,0.9996330000012372,0.9999290000079278,1.0,-0.00036699999876277367,-3.6699999876277367,-7.099999207216268e-05,-0.7099999207216268,0.0,0.0
2025-03-02 00:00:00+00:00,0.9999480000012988,0.9999960000060234,1.0,-5.199999870120209e-05,-0.5199999870120209,-3.9999939766000026e-06,-0.039999939766000026,0.0,0.0
2025-03-03 00:00:00+00:00,0.9991370000034672,0.9996999999842378,0.9998399999486965,-0.0008629999965328317,-8.629999965328317,-0.00030000001576224733,-3.0000001576224733,-0.00016000005130345496,-1.6000005130345496
2025-03-04 00:00:00+00:00,0.9997760000030094,0.9998739999930317,0.9999980000333797,-0.00022399999699063144,-2.2399999699063144,-0.0001260000069682743,-1.260000069682743,-1.9999666203140976e-06,-0.019999666203140976
2025-03-05 00:00:00+00:00,0.9999699999997328,0.999884000006446,1.0,-3.0000000267205174e-05,-0.30000000267205174,-0.00011599999355405011,-1.159999935540501,0.0,0.0
2025-03-06 00:00:00+00:00,0.9999750000015037,0.9998419999929663,1.0,-2.499999849625567e-05,-0.2499999849625567,-0.00015800000703369843,-1.5800000703369843,0.0,0.0
2025-03-07 00:00:00+00:00,0.9995559999939755,0.9998549999871013,0.9996110001410726,-0.00044400000602451417,-4.440000060245142,-0.00014500001289874387,-1.4500001289874387,-0.00038899985892737465,-3.8899985892737465
2025-03-08 00:00:00+00:00,0.9996820000054214,0.999880000011622,0.9998580001899201,-0.0003179999945785994,-3.179999945785994,-0.00011999998837797232,-1.1999998837797232,-0.00014199981007989582,-1.4199981007989582
2025-03-09 00:00:00+00:00,0.9998469999971892,0.9998800000100017,1.0,-0.00015300000281082138,-1.5300000281082138,-0.00011999998999834283,-1.1999998999834283,0.0,0.0
2025-03-10 00:00:00+00:00,0.999437000000825,0.9998020000026053,0.9996280001895737,-0.0005629999991749735,-5.6299999917497345,-0.0001979999973946711,-1.9799999739467111,-0.0003719998104263489,-3.719998104263489
2025-03-11 00:00:00+00:00,0.9997490000029157,0.9998179999987048,0.9995299999495916,-0.0002509999970843335,-2.509999970843335,-0.00018200000129520166,-1.8200000129520166,-0.00047000005040842563,-4.700000504084256
2025-03-12 00:00:00+00:00,0.999767000003564,0.9998529999968533,0.9990679999364018,-0.00023299999643600078,-2.329999964360008,-0.00014700000314671335,-1.4700000314671335,-0.0009320000635981707,-9.320000635981707
2025-03-13 00:00:00+00:00,0.9995230000021761,0.9997610000020642,0.9997199999174893,-0.00047699999782391256,-4.769999978239126,-0.00023899999793575155,-2.3899999793575155,-0.00028000008251072295,-2.8000008251072295
2025-03-14 00:00:00+00:00,1.0,0.9998540000101962,0.9997020000480098,0.0,0.0,-0.00014599998980380224,-1.4599998980380224,-0.00029799995199020213,-2.9799995199020213
2025-03-15 00:00:00+00:00,1.0,0.9998970000008,0.9997450000058921,0.0,0.0,-0.00010299999920004854,-1.0299999920004854,-0.0002549999941079406,-2.549999941079406
2025-03-16 00:00:00+00:00,0.9999330000005154,0.9998569999973935,0.9997849999981586,-6.69999994845627e-05,-0.669999994845627,-0.00014300000260647483,-1.4300000260647483,-0.00021500000184138113,-2.1500000184138113
2025-03-17 00:00:00+00:00,0.9999219999995543,0.9997950000025185,0.9993480000357232,-7.800000044566602e-05,-0.7800000044566602,-0.0002049999974814698,-2.049999974814698,-0.0006519999642767837,-6.5199996427678375
2025-03-18 00:00:00+00:00,0.9996790000026983,0.9997860000117964,0.9995700000081351,-0.0003209999973017297,-3.209999973017297,-0.00021399998820359478,-2.139999882035948,-0.00042999999186488225,-4.2999999186488225
2025-03-19 00:00:00+00:00,1.0,0.9998989999985625,0.9999210000764431,0.0,0.0,-0.00010100000143753451,-1.0100000143753451,-7.899992355686614e-05,-0.7899992355686614
2025-03-20 00:00:00+00:00,0.9995069999999954,0.999798000002812,0.9996889998476209,-0.0004930000000046286,-4.930000000046286,-0.00020199999718795159,-2.019999971879516,-0.00031100015237905954,-3.1100015237905954
2025-03-21 00:00:00+00:00,0.9996329999972093,0.9998970000002316,0.9995490000634641,-0.0003670000027906628,-3.670000027906628,-0.00010299999976837171,-1.029999997683717,-0.00045099993653585635,-4.5099993653585635
2025-03-22 00:00:00+00:00,0.999809999997585,0.9998029999991398,0.9998969998928599,-0.0001900000024149806,-1.900000024149806,-0.00019700000086020353,-1.9700000086020353,-0.00010300010714014984,-1.0300010714014984
2025-03-23 00:00:00+00:00,0.9999550000000638,0.999801000001378,0.9998549999862837,-4.4999999936234936e-05,-0.44999999936234936,-0.00019899999862205142,-1.9899999862205142,-0.0001450000137163121,-1.450000137163121
2025-03-24 00:00:00+00:00,1.0,0.9998890000089297,0.9998829998834755,0.0,0.0,-0.00011099999107033742,-1.1099999107033742,-0.0001170001165244905,-1.170001165244905
2025-03-25 00:00:00+00:00,1.0,0.999893000004513,0.9998819998969836,0.0,0.0,-0.00010699999548702266,-1.0699999548702266,-0.00011800010301643571,-1.180001030164357
2025-03-26 00:00:00+00:00,1.0,0.9997900000112356,0.9997199999673966,0.0,0.0,-0.00020999998876436443,-2.0999998876436443,-0.00028000003260342243,-2.8000003260342243
2025-03-27 00:00:00+00:00,0.9997389999982855,0.9998830000000352,0.9994660000310881,-0.00026100000171447313,-2.6100000171447313,-0.00011699999996483967,-1.1699999996483967,-0.0005339999689119024,-5.339999689119024
2025-03-28 00:00:00+00:00,0.9994029999998579,0.9998860000121211,0.9997019998779089,-0.0005970000001420672,-5.970000001420672,-0.00011399998787886556,-1.1399998787886556,-0.00029800012209113547,-2.9800012209113547
2025-03-29 00:00:00+00:00,0.9996459999951963,0.9999559999970529,0.9997370001498038,-0.00035400000480367844,-3.5400000480367844,-4.400000294713102e-05,-0.44000002947131023,-0.0002629998501961772,-2.629998501961772
2025-03-30 00:00:00+00:00,0.9996940000006311,0.9999390000025139,0.9992440000483901,-0.0003059999993688667,-3.059999993688667,-6.0999997486099744e-05,-0.6099999748609974,-0.0007559999516099092,-7.559999516099092
2025-03-31 00:00:00+00:00,0.9997710000027243,0.9998910000025798,0.9997439998363868,-0.00022899999727565845,-2.2899999727565845,-0.0001089999974202005,-1.089999974202005,-0.00025600016361315703,-2.5600016361315703
2025-04-01 00:00:00+00:00,0.9999779999978946,0.9999840000013865,0.9995069999615561,-2.2000002105393435e-05,-0.22000002105393435,-1.5999998613458466e-05,-0.15999998613458466,-0.0004930000384438804,-4.930000384438804
2025-04-02 00:00:00+00:00,0.9997999999948036,0.9999029999887694,0.9995730000156923,-0.00020000000519637684,-2.0000000519637684,-9.700001123058577e-05,-0.9700001123058577,-0.0004269999843077299,-4.269999843077299
2025-04-03 00:00:00+00:00,0.9995910000059134,0.9998919999909799,0.9997629999897311,-0.0004089999940866118,-4.089999940866118,-0.00010800000902011497,-1.0800000902011497,-0.00023700001026893958,-2.3700001026893958
2025-04-04 00:00:00+00:00,0.9996609999989124,0.999965999997974,1.0,-0.0003390000010875527,-3.390000010875527,-3.400000202602449e-05,-0.3400000202602449,0.0,0.0
2025-04-05 00:00:00+00:00,0.9995729999972868,0.9999700000022322,0.9999560000670435,-0.00042700000271322924,-4.270000027132292,-2.9999997767760078e-05,-0.2999999776776008,-4.3999932956451104e-05,-0.43999932956451104
2025-04-06 00:00:00+00:00,0.9992140000008664,0.9999399999976579,0.9998199999528444,-0.0007859999991336464,-7.859999991336464,-6.0000002342075476e-05,-0.6000000234207548,-0.00018000004715557072,-1.8000004715557072
2025-04-07 00:00:00+00:00,0.9996449999950475,0.9999830000048433,0.9997499999980645,-0.0003550000049524771,-3.5500000495247708,-1.6999995156696812e-05,-0.16999995156696812,-0.0002500000019355353,-2.500000019355353
2025-04-08 00:00:00+00:00,0.9990539999950088,0.9999310000099738,0.9996149999600099,-0.000946000004991232,-9.46000004991232,-6.899999002618618e-05,-0.6899999002618618,-0.000385000039990091,-3.8500003999009103
2025-04-09 00:00:00+00:00,0.9997879999980132,0.999926999998546,1.0,-0.0002120000019868451,-2.120000019868451,-7.300000145404884e-05,-0.7300000145404884,0.0,0.0
2025-04-10 00:00:00+00:00,0.9994579999943661,0.9999589999983618,0.9997839997992192,-0.0005420000056338692,-5.420000056338692,-4.100000163820283e-05,-0.4100000163820283,-0.00021600020078083038,-2.1600020078083038
2025-04-11 00:00:00+00:00,0.9995869999977969,0.9999400000146302,0.9998889999005592,-0.0004130000022031233,-4.130000022031233,-5.999998536976303e-05,-0.5999998536976303,-0.00011100009944076117,-1.1100009944076117
2025-04-12 00:00:00+00:00,0.9998909999979767,0.9999970000006294,1.0,-0.00010900000202329618,-1.0900000202329618,-2.999999370589812e-06,-0.02999999370589812,0.0,0.0
2025-04-13 00:00:00+00:00,0.9997299999974607,0.9998999999978425,1.0,-0.00027000000253929457,-2.7000000253929457,-0.00010000000215748539,-1.000000021574854,0.0,0.0
2025-04-14 00:00:00+00:00,0.9999430000009389,0.999939999999955,1.0,-5.6999999061058126e-05,-0.5699999906105813,-6.000000004502404e-05,-0.6000000004502404,0.0,0.0
2025-04-15 00:00:00+00:00,1.0,0.9999930000056311,0.9999409998959834,0.0,0.0,-6.999994368928064e-06,-0.06999994368928064,-5.900010401660438e-05,-0.5900010401660438
2025-04-16 00:00:00+00:00,1.0,0.9999939999904387,1.0,0.0,0.0,-6.0000095613022e-06,-0.060000095613022,0.0,0.0
2025-04-17 00:00:00+00:00,1.0,0.9999589999938422,1.0,0.0,0.0,-4.100000615780974e-05,-0.41000006157809743,0.0,0.0
2025-04-18 00:00:00+00:00,0.9999039999973901,0.999901000009127,1.0,-9.600000260989727e-05,-0.9600000260989727,-9.899999087303879e-05,-0.9899999087303879,0.0,0.0
2025-04-19 00:00:00+00:00,0.9998930000029812,0.999911000005108,1.0,-0.00010699999701879737,-1.0699999701879737,-8.899999489198063e-05,-0.8899999489198063,0.0,0.0
2025-04-20 00:00:00+00:00,0.9999739999979632,0.9998970000042139,1.0,-2.6000002036785652e-05,-0.2600000203678565,-0.00010299999578611274,-1.0299999578611274,0.0,0.0
2025-04-21 00:00:00+00:00,1.0,0.9999559999934095,1.0,0.0,0.0,-4.400000659054992e-05,-0.4400000659054992,0.0,0.0
2025-04-22 00:00:00+00:00,1.0,0.9999070000066976,1.0,0.0,0.0,-9.29999933023673e-05,-0.929999933023673,0.0,0.0
2025-04-23 00:00:00+00:00,1.0,0.999983000010725,1.0,0.0,0.0,-1.6999989274957272e-05,-0.16999989274957272,0.0,0.0
2025-04-24 00:00:00+00:00,1.0,0.9999600000107145,1.0,0.0,0.0,-3.999998928549964e-05,-0.3999998928549964,0.0,0.0
2025-04-25 00:00:00+00:00,1.000999999999802,0.9999230000044859,1.0,0.0009999999998020481,9.999999998020481,-7.699999551413761e-05,-0.7699999551413761,0.0,0.0
2025-04-26 00:00:00+00:00,1.0,0.9998990000009912,1.0,0.0,0.0,-0.00010099999900881063,-1.0099999900881063,0.0,0.0
2025-04-27 00:00:00+00:00,1.0,0.9998999999872268,0.9999980000596875,0.0,0.0,-0.00010000001277321591,-1.000000127732159,-1.999940312469306e-06,-0.01999940312469306
2025-04-28 00:00:00+00:00,1.0,0.999916999999979,1.0,0.0,0.0,-8.300000002103847e-05,-0.8300000002103847,0.0,0.0
2025-04-29 00:00:00+00:00,1.0,0.999930999998322,1.001000000055953,0.0,0.0,-6.900000167797682e-05,-0.6900000167797682,0.0010000000559529099,10.000000559529099
2025-04-30 00:00:00+00:00,1.0,0.9999009999942726,1.0,0.0,0.0,-9.900000572737877e-05,-0.9900000572737877,0.0,0.0
2025-05-01 00:00:00+00:00,1.0,0.9999799999910077,0.9998990000354887,0.0,0.0,-2.000000899227139e-05,-0.2000000899227139,-0.00010099996451129467,-1.0099996451129467
2025-05-02 00:00:00+00:00,1.0,0.999900999990567,1.0,0.0,0.0,-9.900000943297016e-05,-0.9900000943297016,0.0,0.0
2025-05-03 00:00:00+00:00,1.0,0.9999739999969453,0.9997739999271159,0.0,0.0,-2.6000003054749143e-05,-0.26000003054749143,-0.00022600007288409163,-2.2600007288409163
2025-05-04 00:00:00+00:00,1.0,0.9999639999933391,0.9997350000529914,0.0,0.0,-3.600000666093006e-05,-0.3600000666093006,-0.00026499994700857066,-2.6499994700857066
2025-05-05 00:00:00+00:00,0.9999179999993388,0.9999759999857107,0.999865000139633,-8.200000066116431e-05,-0.8200000066116431,-2.4000014289260463e-05,-0.24000014289260463,-0.00013499986036702438,-1.3499986036702438
2025-05-06 00:00:00+00:00,0.9999700000046388,0.9999830000027099,0.9994909999589238,-2.999999536124065e-05,-0.2999999536124065,-1.6999997290101376e-05,-0.16999997290101376,-0.0005090000410762352,-5.090000410762352
2025-05-07 00:00:00+00:00,1.0,0.9999030000064432,1.0,0.0,0.0,-9.699999355683442e-05,-0.9699999355683442,0.0,0.0
2025-05-08 00:00:00+00:00,0.9999789999995187,0.9999850000102816,1.0,-2.100000048133044e-05,-0.2100000048133044,-1.499998971843386e-05,-0.1499998971843386,0.0,0.0
2025-05-09 00:00:00+00:00,1.0,0.9999959999929302,1.0,0.0,0.0,-4.000007069793199e-06,-0.04000007069793199,0.0,0.0
2025-05-10 00:00:00+00:00,1.0,0.9999870000039522,1.0,0.0,0.0,-1.2999996047757811e-05,-0.1299999604775781,0.0,0.0
2025-05-11 00:00:00+00:00,1.0,0.9999979999977616,0.9998320000852391,0.0,0.0,-2.0000022383781513e-06,-0.020000022383781513,-0.00016799991476090792,-1.6799991476090792
2025-05-12 00:00:00+00:00,1.0,0.9999480000008575,1.0,0.0,0.0,-5.199999914251574e-05,-0.5199999914251574,0.0,0.0
2025-05-13 00:00:00+00:00,1.0,1.0,1.0,0.0,0.0,0.0,0.0,0.0,0.0
2025-05-14 00:00:00+00:00,1.0,0.9999199999994413,1.0,0.0,0.0,-8.000000055874423e-05,-0.8000000055874423,0.0,0.0
2025-05-15 00:00:00+00:00,1.0,0.9999030000016607,1.0010000000672137,0.0,0.0,-9.699999833934214e-05,-0.9699999833934214,0.00100000006721368,10.0000006721368
2025-05-16 00:00:00+00:00,1.0,0.9998560000138946,0.9999789998737533,0.0,0.0,-0.0001439999861053698,-1.439999861053698,-2.1000126246728534e-05,-0.21000126246728534
2025-05-17 00:00:00+00:00,1.0,0.9998520000120429,1.0,0.0,0.0,-0.00014799998795711478,-1.4799998795711478,0.0,0.0
2025-05-18 00:00:00+00:00,1.0,0.999901000000863,0.9999740000326575,0.0,0.0,-9.899999913698387e-05,-0.9899999913698387,-2.5999967342538177e-05,-0.25999967342538177
2025-05-19 00:00:00+00:00,1.0,0.9998520000143184,0.9996230000048556,0.0,0.0,-0.00014799998568160166,-1.4799998568160166,-0.0003769999951444003,-3.769999951444003
2025-05-20 00:00:00+00:00,1.0,0.999892000004354,0.999848000163595,0.0,0.0,-0.00010799999564603535,-1.0799999564603535,-0.00015199983640501458,-1.5199983640501458
2025-05-21 00:00:00+00:00,1.0,0.9997720000051274,1.0,0.0,0.0,-0.00022799999487255196,-2.2799999487255196,0.0,0.0
2025-05-22 00:00:00+00:00,1.0,0.9997900000034207,0.9998710000879784,0.0,0.0,-0.00020999999657933532,-2.0999999657933532,-0.0001289999120216434,-1.289999120216434
2025-05-23 00:00:00+00:00,1.0,0.999811000004606,1.0,0.0,0.0,-0.00018899999539401247,-1.8899999539401247,0.0,0.0
2025-05-24 00:00:00+00:00,1.0,0.9997690000003668,1.0,0.0,0.0,-0.00023099999963316353,-2.3099999963316353,0.0,0.0
2025-05-25 00:00:00+00:00,1.0,0.9997989999996848,0.9999270001155208,0.0,0.0,-0.00020100000031519905,-2.0100000031519905,-7.29998844791746e-05,-0.729998844791746
2025-05-26 00:00:00+00:00,1.0,0.9997930000011721,1.0,0.0,0.0,-0.00020699999882789477,-2.0699999882789477,0.0,0.0
2025-05-27 00:00:00+00:00,1.0,0.9997849999942949,1.0,0.0,0.0,-0.00021500000570506828,-2.1500000570506828,0.0,0.0
2025-05-28 00:00:00+00:00,1.0,0.9997970000013856,0.9997979999504507,0.0,0.0,-0.00020299999861439488,-2.029999986143949,-0.00020200004954928907,-2.0200004954928907
2025-05-29 00:00:00+00:00,0.9999479999982559,0.9997570000067273,0.9999619999831397,-5.2000001744101354e-05,-0.5200000174410135,-0.00024299999327270783,-2.4299999327270783,-3.8000016860273433e-05,-0.38000016860273433
2025-05-30 00:00:00+00:00,1.0,0.9998640000029497,0.9999989999792793,0.0,0.0,-0.00013599999705027344,-1.3599999705027344,-1.0000207206761758e-06,-0.010000207206761758
2025-05-31 00:00:00+00:00,1.0,0.9997940000058494,1.0,0.0,0.0,-0.00020599999415060744,-2.0599999415060744,0.0,0.0
2025-06-01 00:00:00+00:00,1.0,0.9997980000031568,0.9997239998875224,0.0,0.0,-0.00020199999684322734,-2.0199999684322734,-0.0002760001124776368,-2.760001124776368
2025-06-02 00:00:00+00:00,1.0,0.9997750000041324,0.9999439999966678,0.0,0.0,-0.0002249999958675586,-2.249999958675586,-5.600000333216837e-05,-0.5600000333216837
2025-06-03 00:00:00+00:00,1.0009999999978885,0.9998090000016618,0.9998570000173895,0.0009999999978884677,9.999999978884677,-0.0001909999983381594,-1.909999983381594,-0.00014299998261046998,-1.4299998261046998
2025-06-04 00:00:00+00:00,1.0,0.9997689999980007,0.9998879998364327,0.0,0.0,-0.00023100000199927084,-2.3100000199927084,-0.00011200016356727183,-1.1200016356727183
2025-06-05 00:00:00+00:00,1.0,0.9997969999857262,0.9994070001106614,0.0,0.0,-0.00020300001427375758,-2.030000142737576,-0.0005929998893385857,-5.929998893385857
2025-06-06 00:00:00+00:00,1.0009999999989523,0.9998149999944951,1.0,0.0009999999989522834,9.999999989522834,-0.00018500000550492057,-1.8500000550492057,0.0,0.0
2025-06-07 00:00:00+00:00,1.0,0.9997950000050358,0.9997019999169464,0.0,0.0,-0.0002049999949641501,-2.049999949641501,-0.0002980000830535845,-2.980000830535845
2025-06-08 00:00:00+00:00,1.0,0.9997430000016432,0.9997269999447282,0.0,0.0,-0.00025699999835682164,-2.5699999835682164,-0.00027300005527175486,-2.7300005527175486
2025-06-09 00:00:00+00:00,1.0,0.9997329999844953,0.9994580001148597,0.0,0.0,-0.00026700001550472585,-2.6700001550472585,-0.0005419998851402541,-5.419998851402541
2025-06-10 00:00:00+00:00,1.0,0.9997870000001,0.9996099999967636,0.0,0.0,-0.00021299999989998764,-2.1299999989998764,-0.0003900000032364126,-3.900000032364126
2025-06-11 00:00:00+00:00,1.0,0.9997870000100846,0.9997909999864504,0.0,0.0,-0.0002129999899154189,-2.129999899154189,-0.0002090000135496206,-2.090000135496206
2025-06-12 00:00:00+00:00,1.0,0.9997970000016301,1.0,0.0,0.0,-0.00020299999836992377,-2.0299999836992377,0.0,0.0
2025-06-13 00:00:00+00:00,1.0,0.999806000003315,1.0,0.0,0.0,-0.00019399999668501255,-1.9399999668501255,0.0,0.0
2025-06-14 00:00:00+00:00,1.0,0.9997160000029321,0.9995929998261359,0.0,0.0,-0.00028399999706785195,-2.8399999706785195,-0.0004070001738640805,-4.070001738640805
2025-06-15 00:00:00+00:00,1.0,0.9997609999902655,0.9994320000578454,0.0,0.0,-0.00023900000973453572,-2.3900000973453572,-0.0005679999421546178,-5.679999421546178
2025-06-16 00:00:00+00:00,1.0,0.9998029999942649,0.9997050000990777,0.0,0.0,-0.0001970000057350818,-1.970000057350818,-0.0002949999009222992,-2.949999009222992
2025-06-17 00:00:00+00:00,1.0,0.9997349999907561,0.9996520000626722,0.0,0.0,-0.00026500000924389866,-2.6500000924389866,-0.0003479999373278142,-3.479999373278142
2025-06-18 00:00:00+00:00,1.0,0.9997759999938716,0.9999129999120292,0.0,0.0,-0.00022400000612843307,-2.2400000612843307,-8.700008797080105e-05,-0.8700008797080105
2025-06-19 00:00:00+00:00,1.0,0.9998750000102228,0.9995459998118961,0.0,0.0,-0.00012499998977721916,-1.2499998977721916,-0.0004540001881039313,-4.540001881039313
2025-06-20 00:00:00+00:00,1.0,0.9998030000101801,0.9998479999714085,0.0,0.0,-0.00019699998981992373,-1.9699998981992373,-0.00015200002859150352,-1.5200002859150352
2025-06-21 00:00:00+00:00,1.0,0.9998049999963468,0.9998080002009894,0.0,0.0,-0.0001950000036532451,-1.950000036532451,-0.0001919997990106337,-1.9199979901063369
2025-06-22 00:00:00+00:00,1.0,0.9997959999904231,0.99983500006052,0.0,0.0,-0.0002040000095768768,-2.040000095768768,-0.00016499993948004832,-1.6499993948004832
2025-06-23 00:00:00+00:00,1.000999999996319,0.9998950000022728,1.0,0.0009999999963190565,9.999999963190565,-0.00010499999772717317,-1.0499999772717317,0.0,0.0
2025-06-24 00:00:00+00:00,1.0,0.9999010000133276,0.9997999999866822,0.0,0.0,-9.899998667239895e-05,-0.9899998667239895,-0.0002000000133177693,-2.000000133177693
2025-06-25 00:00:00+00:00,1.0,0.9999010000047196,0.9999419999482779,0.0,0.0,-9.899999528040215e-05,-0.9899999528040215,-5.8000051722073565e-05,-0.5800005172207356
2025-06-26 00:00:00+00:00,1.0,0.9998700000035322,0.999725999874086,0.0,0.0,-0.00012999999646778893,-1.2999999646778893,-0.00027400012591405343,-2.7400012591405343
2025-06-27 00:00:00+00:00,1.0,0.9998610000001447,0.9998819999740248,0.0,0.0,-0.00013899999985533817,-1.3899999985533817,-0.00011800002597517345,-1.1800002597517345
2025-06-28 00:00:00+00:00,1.0,0.9997989999983456,0.9996669998652402,0.0,0.0,-0.00020100000165435006,-2.0100000165435006,-0.0003330001347597866,-3.3300013475978663
2025-06-29 00:00:00+00:00,1.0,0.9998640000029314,0.9998560000987854,0.0,0.0,-0.00013599999706859212,-1.3599999706859212,-0.0001439999012146087,-1.439999012146087
2025-06-30 00:00:00+00:00,1.0,0.9997989999969513,0.9998829999263277,0.0,0.0,-0.00020100000304867915,-2.0100000304867915,-0.00011700007367232423,-1.1700007367232423
2025-07-01 00:00:00+00:00,1.0,0.9999000000027076,0.99979000001801,0.0,0.0,-9.999999729237707e-05,-0.9999999729237707,-0.00020999998199000558,-2.099999819900056
2025-07-02 00:00:00+00:00,1.0,0.9998519999914567,0.9997680001315713,0.0,0.0,-0.0001480000085433142,-1.4800000854331419,-0.00023199986842870057,-2.3199986842870057
2025-07-03 00:00:00+00:00,1.0,0.9998709999960611,0.9999160000783118,0.0,0.0,-0.000129000003938895,-1.29000003938895,-8.39999216881715e-05,-0.839999216881715
2025-07-04 00:00:00+00:00,1.0,0.9998830000026,0.999884999994374,0.0,0.0,-0.00011699999740000244,-1.1699999740000244,-0.00011500000562603141,-1.150000056260314
2025-07-05 00:00:00+00:00,1.0,0.9999020000068105,0.9998199999868566,0.0,0.0,-9.799999318949038e-05,-0.9799999318949038,-0.00018000001314344427,-1.8000001314344427
2025-07-06 00:00:00+00:00,1.0,0.999900000009381,0.9997759999997703,0.0,0.0,-9.999999061904852e-05,-0.9999999061904852,-0.00022400000022970712,-2.240000002297071
2025-07-07 00:00:00+00:00,0.9999550000019483,0.9998039999984263,1.0,-4.4999998051742374e-05,-0.44999998051742374,-0.0001960000015737151,-1.960000015737151,0.0,0.0
2025-07-08 00:00:00+00:00,1.0,0.9999019999969251,1.0,0.0,0.0,-9.800000307491619e-05,-0.9800000307491619,0.0,0.0
2025-07-09 00:00:00+00:00,1.0,0.9999900000093155,1.0,0.0,0.0,-9.99999068451718e-06,-0.0999999068451718,0.0,0.0
2025-07-10 00:00:00+00:00,0.9999610000002668,0.9999020000079528,0.9996330000386442,-3.8999999733224655e-05,-0.38999999733224655,-9.79999920471819e-05,-0.979999920471819,-0.00036699996135580726,-3.6699996135580726
2025-07-11 00:00:00+00:00,1.0,0.9999950000048682,1.0,0.0,0.0,-4.999995131815815e-06,-0.04999995131815815,0.0,0.0
2025-07-12 00:00:00+00:00,1.0,0.9998049999948752,0.9998450000049498,0.0,0.0,-0.00019500000512484572,-1.9500000512484572,-0.0001549999950501979,-1.549999950501979
2025-07-13 00:00:00+00:00,1.0,0.9999020000152407,1.0,0.0,0.0,-9.79999847593449e-05,-0.979999847593449,0.0,0.0
2025-07-14 00:00:00+00:00,1.0,0.9998969999965484,1.001000000040759,0.0,0.0,-0.00010300000345164761,-1.0300000345164761,0.0010000000407590637,10.000000407590637
2025-07-15 00:00:00+00:00,1.0,0.9999039999979307,1.0,0.0,0.0,-9.600000206932968e-05,-0.9600000206932968,0.0,0.0
2025-07-16 00:00:00+00:00,1.0,0.9998940000004761,1.0,0.0,0.0,-0.00010599999952387584,-1.0599999952387584,0.0,0.0
2025-07-17 00:00:00+00:00,1.0,0.999869999990742,1.0,0.0,0.0,-0.00013000000925800226,-1.3000000925800226,0.0,0.0
2025-07-18 00:00:00+00:00,1.000999999998749,0.9999049999982509,0.9999100000051654,0.0009999999987488906,9.999999987488906,-9.50000017491126e-05,-0.9500000174911261,-8.999999483461085e-05,-0.8999999483461085
2025-07-19 00:00:00+00:00,1.0,0.9999010000083198,1.0,0.0,0.0,-9.899999168017093e-05,-0.9899999168017093,0.0,0.0
2025-07-20 00:00:00+00:00,1.0,0.9999020000019921,0.9999949998250912,0.0,0.0,-9.79999980078583e-05,-0.979999980078583,-5.000174908786903e-06,-0.05000174908786903
2025-07-21 00:00:00+00:00,1.0,0.9999029999988255,0.9999469998893713,0.0,0.0,-9.700000117451868e-05,-0.9700000117451868,-5.300011062869814e-05,-0.5300011062869814
2025-07-22 00:00:00+00:00,1.0,0.9998690000117346,0.9999219999914194,0.0,0.0,-0.00013099998826537895,-1.3099998826537895,-7.800000858060319e-05,-0.7800000858060319
2025-07-23 00:00:00+00:00,1.0,0.9998049999959399,0.9998369999437895,0.0,0.0,-0.00019500000406014184,-1.9500000406014184,-0.00016300005621050495,-1.6300005621050495
2025-07-24 00:00:00+00:00,1.0,0.9999050000020216,0.9999140000020785,0.0,0.0,-9.499999797835113e-05,-0.9499999797835113,-8.599999792147095e-05,-0.8599999792147095
2025-07-25 00:00:00+00:00,1.0,0.9998189999988323,0.9997099999679052,0.0,0.0,-0.0001810000011677193,-1.810000011677193,-0.00029000003209478376,-2.9000003209478376
2025-07-26 00:00:00+00:00,1.0,0.9998060000070398,0.9998130001365713,0.0,0.0,-0.0001939999929602143,-1.939999929602143,-0.00018699986342873842,-1.8699986342873842
2025-07-27 00:00:00+00:00,1.0,0.9998030000099639,0.9999210001329085,0.0,0.0,-0.00019699999003608415,-1.9699999003608415,-7.899986709147822e-05,-0.7899986709147822
2025-07-28 00:00:00+00:00,0.9999819999990237,0.999785000004421,0.9998899998763883,-1.8000000976292618e-05,-0.18000000976292618,-0.0002149999955789461,-2.149999955789461,-0.00011000012361173095,-1.1000012361173095
2025-07-29 00:00:00+00:00,0.9997929999971777,0.9997789999906052,0.9998490000634247,-0.00020700000282225517,-2.0700000282225517,-0.000221000009394845,-2.21000009394845,-0.0001509999365753023,-1.509999365753023
2025-07-30 00:00:00+00:00,0.9999620000008262,0.9998149999981785,1.0,-3.799999917375452e-05,-0.3799999917375452,-0.00018500000182153364,-1.8500000182153364,0.0,0.0
2025-07-31 00:00:00+00:00,0.9998680000002164,0.9998130000067023,0.999761000091249,-0.00013199999978363852,-1.3199999978363852,-0.00018699999329774286,-1.8699999329774286,-0.00023899990875098087,-2.3899990875098087
2025-08-01 00:00:00+00:00,0.999486000001034,0.999702999986629,0.9997110000773991,-0.0005139999989659527,-5.139999989659527,-0.0002970000133709627,-2.970000133709627,-0.0002889999226008966,-2.8899992260089657
2025-08-02 00:00:00+00:00,0.9997010000002143,0.9997249999988178,0.9998830001014496,-0.00029899999978566516,-2.9899999978566516,-0.0002750000011821907,-2.750000011821907,-0.00011699989855040727,-1.1699989855040727
2025-08-03 00:00:00+00:00,0.9999420000004458,0.9997020000062274,0.9998200000009986,-5.799999955424795e-05,-0.5799999955424795,-0.0002979999937725575,-2.979999937725575,-0.00017999999900142338,-1.7999999900142338
2025-08-04 00:00:00+00:00,0.9999919999956656,0.9998000000050667,0.9999880001411349,-8.000004334429711e-06,-0.08000004334429711,-0.00019999999493325316,-1.9999999493325316,-1.1999858865130442e-05,-0.11999858865130442
2025-08-05 00:00:00+00:00,0.9998489999990373,0.9997920000007018,0.9998370000253658,-0.00015100000096268662,-1.5100000096268662,-0.000207999999298214,-2.07999999298214,-0.00016299997463420368,-1.6299997463420368
2025-08-06 00:00:00+00:00,1.0,0.9998000000054761,1.0,0.0,0.0,-0.00019999999452391393,-1.9999999452391393,0.0,0.0
2025-08-07 00:00:00+00:00,1.0,0.9997970000001837,1.0,0.0,0.0,-0.00020299999981632233,-2.0299999981632233,0.0,0.0
2025-08-08 00:00:00+00:00,1.0,0.9998040000020711,1.0,0.0,0.0,-0.00019599999792885292,-1.9599999792885292,0.0,0.0
2025-08-09 00:00:00+00:00,1.0,0.9998010000006398,1.0,0.0,0.0,-0.0001989999993602387,-1.989999993602387,0.0,0.0
2025-08-10 00:00:00+00:00,1.0,0.9997069999869095,1.0,0.0,0.0,-0.0002930000130905164,-2.9300001309051638,0.0,0.0
2025-08-11 00:00:00+00:00,0.9999559999970863,0.9998060000082217,0.9999760000140684,-4.400000291371331e-05,-0.4400000291371331,-0.00019399999177827087,-1.9399999177827087,-2.39999859316109e-05,-0.239999859316109
2025-08-12 00:00:00+00:00,0.9997400000026608,0.999771999994611,0.9996279999858065,-0.00025999999733916646,-2.5999999733916646,-0.00022800000538902854,-2.2800000538902854,-0.0003720000141934632,-3.720000141934632
2025-08-13 00:00:00+00:00,1.0,0.9998079999895518,1.0,0.0,0.0,-0.00019200001044816783,-1.9200001044816783,0.0,0.0
2025-08-14 00:00:00+00:00,1.0009999999994972,0.9998310000031636,0.9998529999612242,0.0009999999994971809,9.999999994971809,-0.00016899999683639422,-1.6899999683639422,-0.00014700003877576862,-1.4700003877576862
2025-08-15 00:00:00+00:00,1.0009999999994281,0.9998749999926242,1.0,0.000999999999428125,9.99999999428125,-0.0001250000073758084,-1.250000073758084,0.0,0.0
2025-08-16 00:00:00+00:00,1.0010000000016293,0.999871000003409,1.0,0.0010000000016292532,10.000000016292532,-0.00012899999659099493,-1.2899999659099493,0.0,0.0
2025-08-17 00:00:00+00:00,1.0010000000016293,0.9998849999951651,0.9999110000396112,0.0010000000016292532,10.000000016292532,-0.00011500000483488648,-1.1500000483488648,-8.899996038880253e-05,-0.8899996038880253
2025-08-18 00:00:00+00:00,1.0,0.9997630000082091,1.0,0.0,0.0,-0.00023699999179094267,-2.3699999179094267,0.0,0.0
2025-08-19 00:00:00+00:00,0.9999419999989453,0.9998349999953678,0.9996360000236209,-5.800000105471437e-05,-0.5800000105471437,-0.00016500000463215425,-1.6500000463215425,-0.00036399997637914794,-3.6399997637914794
2025-08-20 00:00:00+00:00,1.0,0.9998039999994592,1.0,0.0,0.0,-0.0001960000005407636,-1.960000005407636,0.0,0.0
2025-08-21 00:00:00+00:00,0.9997480000020843,0.9998049999917489,0.9998359999640606,-0.00025199999791569727,-2.5199999791569727,-0.00019500000825112274,-1.9500000825112274,-0.0001640000359394156,-1.640000359394156
2025-08-22 00:00:00+00:00,0.9997499999990999,0.9998039999973353,0.9997929998856344,-0.0002500000009001413,-2.500000009001413,-0.00019600000266473128,-1.9600000266473128,-0.0002070001143655853,-2.070001143655853
2025-08-23 00:00:00+00:00,0.9997049999992973,0.9998079999937167,1.0,-0.0002950000007027054,-2.950000007027054,-0.00019200000628327718,-1.9200000628327718,0.0,0.0
2025-08-24 00:00:00+00:00,0.99993100000061,0.9998050000004045,1.0,-6.899999939002921e-05,-0.6899999939002921,-0.00019499999959549097,-1.9499999959549097,0.0,0.0
2025-08-25 00:00:00+00:00,1.0,0.9998100000097853,0.9999629998953382,0.0,0.0,-0.0001899999902147398,-1.899999902147398,-3.700010466178849e-05,-0.3700010466178849
2025-08-26 00:00:00+00:00,1.0,0.9997830000024015,0.9997459999189721,0.0,0.0,-0.0002169999975984993,-2.169999975984993,-0.0002540000810279386,-2.540000810279386
2025-08-27 00:00:00+00:00,1.0,0.9999060000011432,0.9998559999973922,0.0,0.0,-9.399999885684185e-05,-0.9399999885684185,-0.00014400000260783585,-1.4400000260783585
2025-08-28 00:00:00+00:00,1.0,0.9998109999976205,0.9998650000958974,0.0,0.0,-0.00018900000237953574,-1.8900000237953574,-0.0001349999041025951,-1.349999041025951
2025-08-29 00:00:00+00:00,1.0,0.9997769999971013,0.9999100000521515,0.0,0.0,-0.00022300000289865451,-2.230000028986545,-8.999994784852916e-05,-0.8999994784852916
2025-08-30 00:00:00+00:00,1.0,0.9998020000039499,0.999510999982727,0.0,0.0,-0.00019799999605008,-1.9799999605008,-0.0004890000172730335,-4.8900001727303355
2025-08-31 00:00:00+00:00,1.0,0.9997999999973339,0.9996599998789645,0.0,0.0,-0.00020000000266606754,-2.0000000266606754,-0.0003400001210355219,-3.400001210355219
2025-09-01 00:00:00+00:00,1.0,0.9998020000000921,0.9999030000595952,0.0,0.0,-0.00019799999990788297,-1.9799999990788297,-9.699994040479609e-05,-0.9699994040479609
2025-09-02 00:00:00+00:00,1.0,0.9998080000003945,1.0,0.0,0.0,-0.00019199999960550773,-1.9199999960550773,0.0,0.0
2025-09-03 00:00:00+00:00,1.0,0.9997750000006553,0.9989699998790821,0.0,0.0,-0.00022499999934466608,-2.249999993446661,-0.0010300001209179177,-10.300001209179177
2025-09-04 00:00:00+00:00,1.0,0.9997559999965865,1.0,0.0,0.0,-0.0002440000034135137,-2.440000034135137,0.0,0.0
2025-09-05 00:00:00+00:00,1.0,0.9998169999996966,1.0,0.0,0.0,-0.00018300000030335717,-1.8300000030335717,0.0,0.0
2025-09-06 00:00:00+00:00,1.0,0.9997180000084304,0.9997140000903367,0.0,0.0,-0.00028199999156963695,-2.8199999156963695,-0.0002859999096632704,-2.859999096632704
2025-09-07 00:00:00+00:00,1.0,0.9997930000090937,0.9997819998942616,0.0,0.0,-0.00020699999090634247,-2.0699999090634247,-0.00021800010573835849,-2.180001057383585
2025-09-08 00:00:00+00:00,1.0,0.9998030000133913,0.99986099997548,0.0,0.0,-0.00019699998660871465,-1.9699998660871465,-0.0001390000245200529,-1.390000245200529
2025-09-09 00:00:00+00:00,1.0,0.9998010000077083,0.9997189998356173,0.0,0.0,-0.00019899999229167076,-1.9899999229167076,-0.00028100016438270536,-2.8100016438270536
2025-09-10 00:00:00+00:00,1.0,0.9997179999969005,0.9996739999326058,0.0,0.0,-0.0002820000030995251,-2.820000030995251,-0.0003260000673942498,-3.260000673942498
2025-09-11 00:00:00+00:00,1.0,0.9997110000037206,0.9994699998852062,0.0,0.0,-0.0002889999962794043,-2.889999962794043,-0.0005300001147937605,-5.300001147937605
2025-09-12 00:00:00+00:00,1.000999999996307,0.9997639999915987,0.9999189999179424,0.000999999996307066,9.99999996307066,-0.00023600000840129365,-2.3600000840129365,-8.100008205758069e-05,-0.8100008205758069
2025-09-13 00:00:00+00:00,1.0010000000002057,0.9997549999998333,0.9999089999182303,0.0010000000002057252,10.000000002057252,-0.0002450000001666952,-2.450000001666952,-9.100008176965435e-05,-0.9100008176965435
2025-09-14 00:00:00+00:00,1.0010000000018606,0.9997969999949621,0.9998420000115245,0.0010000000018606237,10.000000018606237,-0.00020300000503792326,-2.0300000503792326,-0.00015799998847554342,-1.5799998847554342
2025-09-15 00:00:00+00:00,1.0,0.9997229999978916,1.0,0.0,0.0,-0.00027700000210839626,-2.7700000210839626,0.0,0.0
2025-09-16 00:00:00+00:00,1.0,0.9997110000013362,0.9995399999794623,0.0,0.0,-0.0002889999986638303,-2.889999986638303,-0.0004600000205376986,-4.600000205376986
2025-09-17 00:00:00+00:00,1.0,0.9996879999913182,0.9996139999154485,0.0,0.0,-0.000312000008681812,-3.12000008681812,-0.0003860000845514744,-3.860000845514744
2025-09-18 00:00:00+00:00,1.0,0.9997710000017842,0.99966199998242,0.0,0.0,-0.0002289999982157953,-2.289999982157953,-0.000338000017579998,-3.38000017579998
2025-09-19 00:00:00+00:00,1.0,0.9996199999960368,0.9992510000354443,0.0,0.0,-0.0003800000039632101,-3.800000039632101,-0.0007489999645556855,-7.489999645556855
2025-09-20 00:00:00+00:00,1.0,0.9996839999995948,0.9997970000012648,0.0,0.0,-0.00031600000040521437,-3.1600000040521437,-0.00020299999873518715,-2.0299999873518715
2025-09-21 00:00:00+00:00,1.0,0.9997030000074253,0.9998219999803396,0.0,0.0,-0.0002969999925747091,-2.969999925747091,-0.00017800001966039591,-1.7800001966039591
2025-09-22 00:00:00+00:00,1.0010000000003896,0.9997069999901416,0.9998559999627269,0.0010000000003895781,10.000000003895781,-0.0002930000098584351,-2.930000098584351,-0.0001440000372731065,-1.440000372731065
2025-09-23 00:00:00+00:00,1.0,0.999655000007363,0.9993309999191362,0.0,0.0,-0.0003449999926370406,-3.449999926370406,-0.0006690000808637908,-6.690000808637908
2025-09-24 00:00:00+00:00,1.0,0.9997049999977825,0.9978790000033219,0.0,0.0,-0.0002950000022174937,-2.9500000221749367,-0.002120999996678141,-21.20999996678141
2025-09-25 00:00:00+00:00,1.0,0.9997050000070522,0.9992540000701837,0.0,0.0,-0.00029499999294779755,-2.9499999294779755,-0.0007459999298162767,-7.459999298162767
2025-09-26 00:00:00+00:00,1.000999999995173,0.999706999995347,0.9981819999951461,0.0009999999951730842,9.999999951730842,-0.00029300000465304343,-2.9300000465304343,-0.0018180000048538814,-18.180000048538815
2025-09-27 00:00:00+00:00,1.0,0.9996139999958304,0.998947999974152,0.0,0.0,-0.00038600000416955105,-3.8600000416955105,-0.0010520000258480433,-10.520000258480433
2025-09-28 00:00:00+00:00,1.0,0.9996080000022605,0.9988060000255246,0.0,0.0,-0.00039199999773953387,-3.9199999773953387,-0.001193999974475446,-11.93999974475446
2025-09-29 00:00:00+00:00,1.0,0.9997069999997762,1.0,0.0,0.0,-0.0002930000002238087,-2.9300000022380868,0.0,0.0
2025-09-30 00:00:00+00:00,1.0,0.9997030000051832,0.9994110001733778,0.0,0.0,-0.0002969999948168045,-2.969999948168045,-0.0005889998266221941,-5.889998266221941
2025-10-01 00:00:00+00:00,1.0,0.9997230000034725,0.9987489998520582,0.0,0.0,-0.00027699999652752716,-2.7699999652752716,-0.001251000147941772,-12.51000147941772
2025-10-02 00:00:00+00:00,1.0005681494216716,0.9998102424286199,1.0000383870942207,0.0005681494216716043,5.681494216716043,-0.000189757571380067,-1.89757571380067,3.838709422065989e-05,0.3838709422065989
2025-10-03 00:00:00+00:00,1.000541582092602,0.9998084006690307,0.9997307902279969,0.0005415820926020221,5.415820926020221,-0.00019159933096934978,-1.9159933096934978,-0.00026920977200306506,-2.6920977200306506
2025-10-04 00:00:00+00:00,1.0003597755370652,0.9997056303685041,0.999157540936936,0.00035977553706523224,3.5977553706523224,-0.00029436963149587214,-2.9436963149587214,-0.0008424590630640161,-8.42459063064016
2025-10-05 00:00:00+00:00,1.0001424674905248,0.9998001989367442,0.999234289896854,0.00014246749052482244,1.4246749052482244,-0.00019980106325578895,-1.9980106325578895,-0.0007657101031459668,-7.657101031459668
2025-10-06 00:00:00+00:00,1.0002943441311303,0.999709858084956,0.9991169842262986,0.00029434413113027524,2.9434413113027524,-0.00029014191504395104,-2.9014191504395104,-0.0008830157737014233,-8.830157737014233
2025-10-07 00:00:00+00:00,1.000450710448716,0.9997089224300169,0.9998069136520573,0.0004507104487159186,4.507104487159186,-0.0002910775699831447,-2.910775699831447,-0.00019308634794268364,-1.9308634794268364
2025-10-08 00:00:00+00:00,1.000179089164588,0.999706428510495,0.9992759168512274,0.00017908916458808655,1.7908916458808655,-0.0002935714895050401,-2.935714895050401,-0.0007240831487725918,-7.240831487725918
2025-10-09 00:00:00+00:00,1.0005310743740952,0.9998086842526361,0.9991798481079007,0.000531074374095164,5.31074374095164,-0.0001913157473638627,-1.913157473638627,-0.0008201518920992745,-8.201518920992745
2025-10-10 00:00:00+00:00,1.0035008658471098,0.9998984600777108,1.0006092814119587,0.0035008658471098464,35.008658471098464,-0.00010153992228922881,-1.0153992228922881,0.0006092814119587064,6.092814119587064
2025-10-11 00:00:00+00:00,1.001590844036465,0.9998057506974065,0.9980761987778228,0.0015908440364649223,15.908440364649223,-0.0001942493025934855,-1.942493025934855,-0.0019238012221771683,-19.238012221771683
2025-10-12 00:00:00+00:00,1.0011088699989248,0.9998850666807859,1.0004678477531963,0.0011088699989247885,11.088699989247885,-0.00011493331921408334,-1.1493331921408334,0.00046784775319630434,4.678477531963043
2025-10-13 00:00:00+00:00,1.0010913343776764,0.9999566439348874,0.9990362776254383,0.0010913343776763895,10.913343776763895,-4.33560651126319e-05,-0.43356065112631903,-0.0009637223745616597,-9.637223745616597
2025-10-14 00:00:00+00:00,1.0006884646131757,0.9999017981159358,0.9998228711582872,0.0006884646131757322,6.8846461317573215,-9.820188406417518e-05,-0.9820188406417518,-0.00017712884171283694,-1.7712884171283694
2025-10-15 00:00:00+00:00,1.0007927829869936,0.9998996009361343,1.0005735550595631,0.0007927829869935898,7.927829869935898,-0.00010039906386571928,-1.0039906386571928,0.0005735550595631356,5.735550595631356
2025-10-16 00:00:00+00:00,1.0005697778544103,0.9998045751804102,0.9988571258285046,0.0005697778544102583,5.697778544102583,-0.00019542481958978453,-1.9542481958978453,-0.0011428741714953894,-11.428741714953894
2025-10-17 00:00:00+00:00,1.0007832458799333,0.9998174218896437,1.0004129904725247,0.0007832458799332809,7.832458799332809,-0.00018257811035626847,-1.8257811035626847,0.0004129904725247435,4.129904725247435
2025-10-18 00:00:00+00:00,1.0005910681081638,0.9998284497841899,0.9989607657617999,0.0005910681081637836,5.910681081637836,-0.0001715502158100568,-1.715502158100568,-0.0010392342382000708,-10.392342382000708
2025-10-19 00:00:00+00:00,1.0005940953256112,0.9998968164598049,0.9989731027717006,0.0005940953256111658,5.9409532561116585,-0.00010318354019511755,-1.0318354019511755,-0.001026897228299406,-10.26897228299406
2025-10-20 00:00:00+00:00,1.0004866971296273,0.9998575477738483,0.9993198140415049,0.0004866971296273448,4.866971296273448,-0.0001424522261517236,-1.424522261517236,-0.0006801859584950609,-6.801859584950609
2025-10-21 00:00:00+00:00,1.000617266963252,0.9998999999926792,0.9998866186552253,0.0006172669632520389,6.172669632520389,-0.00010000000732079961,-1.000000073207996,-0.00011338134477467676,-1.1338134477467676
2025-10-22 00:00:00+00:00,1.000371895292892,0.9998010216211793,0.9989880445449197,0.0003718952928919439,3.718952928919439,-0.00019897837882065783,-1.9897837882065783,-0.00101195545508026,-10.1195545508026
2025-10-23 00:00:00+00:00,1.0005200978398558,0.9998065747875267,0.9993482141993921,0.0005200978398558487,5.200978398558487,-0.00019342521247334155,-1.9342521247334155,-0.0006517858006078736,-6.517858006078736
2025-10-24 00:00:00+00:00,1.000369516479007,0.999871823017774,0.9987728931541322,0.0003695164790069594,3.695164790069594,-0.0001281769822260026,-1.281769822260026,-0.001227106845867798,-12.27106845867798
2025-10-25 00:00:00+00:00,1.0003636589001277,0.9998536704738266,0.9995678871971229,0.00036365890012768354,3.6365890012768354,-0.00014632952617343875,-1.4632952617343875,-0.00043211280287713816,-4.321128028771382
2025-10-26 00:00:00+00:00,1.000266557199055,0.9997966702598572,0.999561858150922,0.0002665571990549953,2.665571990549953,-0.00020332974014281024,-2.0332974014281024,-0.0004381418490779776,-4.381418490779776
2025-10-27 00:00:00+00:00,1.0001171408489724,0.9998986440168252,0.999580526036097,0.00011714084897240795,1.1714084897240795,-0.00010135598317484451,-1.013559831748445,-0.000419473963902961,-4.19473963902961
2025-10-28 00:00:00+00:00,1.0002978177038253,0.9999017537280365,0.9997069754658561,0.00029781770382530937,2.9781770382530937,-9.82462719635313e-05,-0.9824627196353131,-0.0002930245341439264,-2.9302453414392637
2025-10-29 00:00:00+00:00,1.0002948608896571,0.9998537874130156,0.9997614785865222,0.00029486088965713364,2.9486088965713364,-0.00014621258698443995,-1.4621258698443995,-0.0002385214134777991,-2.385214134777991
2025-10-30 00:00:00+00:00,1.0002426209114155,0.999801150467343,1.000087756065666,0.00024262091141546982,2.426209114154698,-0.00019884953265703054,-1.9884953265703054,8.775606566602256e-05,0.8775606566602256
2025-10-31 00:00:00+00:00,0.9996758647363575,0.9997718252631268,0.998712410382347,-0.0003241352636424999,-3.241352636424999,-0.000228174736873199,-2.28174736873199,-0.0012875896176529622,-12.875896176529622
2025-11-01 00:00:00+00:00,0.9998699918986855,0.9998010908547352,0.9990656402998522,-0.0001300081013144716,-1.300081013144716,-0.00019890914526476955,-1.9890914526476955,-0.0009343597001477688,-9.343597001477688
2025-11-02 00:00:00+00:00,0.9999286589925885,0.9997951991712128,1.0002010347920638,-7.134100741146288e-05,-0.7134100741146288,-0.000204800828787155,-2.04800828787155,0.00020103479206379227,2.0103479206379227
2025-11-03 00:00:00+00:00,0.9999370811206824,0.9996919564404803,0.9989178523089745,-6.291887931764162e-05,-0.6291887931764162,-0.00030804355951974394,-3.0804355951974394,-0.0010821476910255479,-10.821476910255479
2025-11-04 00:00:00+00:00,0.9999640270934763,0.9997990246001469,1.0007002045358144,-3.597290652368468e-05,-0.3597290652368468,-0.0002009753998530872,-2.009753998530872,0.0007002045358144304,7.002045358144304
2025-11-05 00:00:00+00:00,1.0000506583512856,0.9998447656303517,1.0000945686434721,5.065835128559293e-05,0.5065835128559293,-0.00015523436964826054,-1.5523436964826054,9.456864347212601e-05,0.9456864347212601
2025-11-06 00:00:00+00:00,0.999673265692961,0.9997991743249592,0.9996010820548898,-0.0003267343070390005,-3.2673430703900053,-0.0002008256750407611,-2.008256750407611,-0.00039891794511015544,-3.9891794511015544
2025-11-07 00:00:00+00:00,0.9997927489247739,0.9999984020868748,0.9999120539567752,-0.00020725107522612252,-2.072510752261225,-1.597913125150896e-06,-0.01597913125150896,-8.794604322481803e-05,-0.8794604322481803
2025-11-08 00:00:00+00:00,0.9997947599925257,0.999802536687838,0.9996510611370899,-0.0002052400074743499,-2.052400074743499,-0.00019746331216197177,-1.9746331216197177,-0.00034893886291009757,-3.4893886291009757
2025-11-09 00:00:00+00:00,0.9995780102099442,0.9997345408269218,0.999746476924613,-0.00042198979005581005,-4.2198979005581005,-0.00026545917307818634,-2.6545917307818634,-0.0002535230753869522,-2.535230753869522
2025-11-10 00:00:00+00:00,0.999629798062746,0.9998100935075934,0.9992677525555541,-0.00037020193725401107,-3.7020193725401107,-0.00018990649240657742,-1.8990649240657742,-0.0007322474444458882,-7.322474444458882
2025-11-11 00:00:00+00:00,0.9995863465982615,0.9997799980802428,0.9990623951492477,-0.00041365340173848963,-4.136534017384896,-0.00022000191975724004,-2.2000191975724004,-0.0009376048507523382,-9.376048507523382
2025-11-12 00:00:00+00:00,0.9999392568253695,0.9997066523543591,0.9997543122911426,-6.074317463045098e-05,-0.6074317463045098,-0.00029334764564092897,-2.9334764564092897,-0.00024568770885735614,-2.4568770885735614
2025-11-13 00:00:00+00:00,0.9995001354790325,0.99970568250491,0.9982981236297657,-0.0004998645209675079,-4.998645209675079,-0.0002943174950900129,-2.9431749509001293,-0.0017018763702343342,-17.018763702343342
2025-11-14 00:00:00+00:00,0.9994653724315412,0.9997931297478547,1.000006711302604,-0.0005346275684587898,-5.346275684587898,-0.00020687025214527477,-2.0687025214527477,6.7113026041010215e-06,0.06711302604101022
2025-11-15 00:00:00+00:00,0.9994791338566977,0.9998110318026459,0.9994964517623313,-0.0005208661433022677,-5.208661433022677,-0.0001889681973541446,-1.889681973541446,-0.0005035482376687384,-5.0354823766873835
2025-11-16 00:00:00+00:00,0.9998045471994366,0.999732708557996,0.9989107637152284,-0.00019545280056343373,-1.9545280056343373,-0.0002672914420039918,-2.672914420039918,-0.0010892362847716441,-10.892362847716441
2025-11-17 00:00:00+00:00,0.9991255638481393,0.9997050483337873,1.0002220018832841,-0.0008744361518606691,-8.744361518606691,-0.0002949516662127394,-2.949516662127394,0.00022200188328413972,2.2200188328413972
2025-11-18 00:00:00+00:00,0.9995955925823683,0.9997896961048656,0.9996468188837538,-0.0004044074176317025,-4.044074176317025,-0.00021030389513443382,-2.103038951344338,-0.00035318111624615955,-3.5318111624615955
2025-11-19 00:00:00+00:00,0.9991633064338267,0.9997056862174303,0.9993818284337606,-0.0008366935661733299,-8.366935661733299,-0.00029431378256972174,-2.9431378256972174,-0.0006181715662394449,-6.181715662394449
2025-11-20 00:00:00+00:00,0.9989471423822793,0.9997043637473951,0.9996771623830564,-0.0010528576177206705,-10.528576177206705,-0.0002956362526048695,-2.9563625260486948,-0.00032283761694362756,-3.2283761694362756
2025-11-21 00:00:00+00:00,0.9995535170978742,0.999685035539564,0.9990094263433992,-0.0004464829021257888,-4.464829021257888,-0.0003149644604359958,-3.149644604359958,-0.0009905736566008239,-9.905736566008239
2025-11-22 00:00:00+00:00,0.9996272800356553,0.9997018895788125,1.0004397544528418,-0.00037271996434473653,-3.7271996434473653,-0.0002981104211875474,-2.981104211875474,0.000439754452841834,4.39754452841834
2025-11-23 00:00:00+00:00,0.9998376237162157,0.9997042368471761,0.999893462466015,-0.00016237628378434898,-1.6237628378434898,-0.0002957631528238691,-2.957631528238691,-0.00010653753398504051,-1.0653753398504051
2025-11-24 00:00:00+00:00,0.9997690363444766,0.9996068348641101,0.9993344524049348,-0.00023096365552344178,-2.309636555234418,-0.00039316513588993907,-3.9316513588993907,-0.0006655475950652079,-6.655475950652079
2025-11-25 00:00:00+00:00,0.9997510233279316,0.999776950060267,1.0004728122192683,-0.0002489766720683573,-2.4897667206835727,-0.0002230499397329888,-2.230499397329888,0.00047281221926831485,4.7281221926831485
2025-11-26 00:00:00+00:00,0.9999183156106437,0.9997043084684325,0.9997736700491404,-8.168438935629574e-05,-0.8168438935629574,-0.00029569153156749906,-2.9569153156749906,-0.00022632995085958285,-2.2632995085958285
2025-11-27 00:00:00+00:00,1.0000514091617256,0.999795858114538,1.000088604652735,5.1409161725635144e-05,0.5140916172563514,-0.00020414188546202805,-2.0414188546202805,8.860465273508034e-05,0.8860465273508034
2025-11-28 00:00:00+00:00,1.0003583309550386,0.9997906184685023,0.999300807431869,0.00035833095503856605,3.5833095503856605,-0.0002093815314977432,-2.093815314977432,-0.0006991925681310018,-6.991925681310018
2025-11-29 00:00:00+00:00,1.0003346599440694,0.9997045962227719,0.9989602621384464,0.00033465994406944866,3.3465994406944866,-0.0002954037772281426,-2.954037772281426,-0.0010397378615536468,-10.397378615536468
2025-11-30 00:00:00+00:00,1.000070731760879,0.9997118844209826,0.9996449791355686,7.0731760879017e-05,0.70731760879017,-0.0002881155790174228,-2.881155790174228,-0.000355020864431399,-3.55020864431399
2025-12-01 00:00:00+00:00,1.0002042161450524,0.99970844225613,0.9996697441192792,0.00020421614505239383,2.0421614505239383,-0.000291557743870019,-2.91557743870019,-0.0003302558807207756,-3.302558807207756
2025-12-02 00:00:00+00:00,1.0003690564241658,0.9998057510775296,0.9996582430743652,0.00036905642416584783,3.6905642416584783,-0.00019424892247044134,-1.9424892247044134,-0.0003417569256347619,-3.417569256347619
2025-12-03 00:00:00+00:00,1.000288021284719,0.999807925583389,1.00026062563273,0.0002880212847189423,2.880212847189423,-0.00019207441661095448,-1.9207441661095448,0.00026062563272999384,2.6062563272999384
2025-12-04 00:00:00+00:00,1.0001870189288848,0.9997119257568945,0.9996074856371441,0.00018701892888484117,1.8701892888484117,-0.0002880742431055072,-2.880742431055072,-0.00039251436285592245,-3.9251436285592245
2025-12-05 00:00:00+00:00,1.0002215426437038,0.9997161315547568,0.9993360688194063,0.00022154264370377597,2.2154264370377597,-0.0002838684452431961,-2.838684452431961,-0.0006639311805937131,-6.639311805937131
2025-12-06 00:00:00+00:00,1.0002600398930053,0.9997179296568128,0.999694064794238,0.00026003989300527053,2.6003989300527053,-0.0002820703431871685,-2.820703431871685,-0.00030593520576205346,-3.0593520576205346
2025-12-07 00:00:00+00:00,1.0002300321778783,0.9997100297827757,0.9997967538457458,0.00023003217787831431,2.300321778783143,-0.00028997021722432237,-2.8997021722432237,-0.00020324615425415526,-2.0324615425415526
2025-12-08 00:00:00+00:00,1.0000937684535767,0.9997554426100672,0.9999614161725869,9.37684535766703e-05,0.937684535766703,-0.00024455738993278686,-2.4455738993278686,-3.858382741306343e-05,-0.3858382741306343
2025-12-09 00:00:00+00:00,1.000110768200412,0.9998026889395606,0.9990366383645183,0.00011076820041200364,1.1076820041200364,-0.00019731106043940905,-1.9731106043940905,-0.0009633616354817187,-9.633616354817187
2025-12-10 00:00:00+00:00,1.0002393362263022,0.9988061613091556,0.999836888844728,0.0002393362263022336,2.393362263022336,-0.0011938386908444398,-11.938386908444398,-0.00016311115527201103,-1.6311115527201103
2025-12-11 00:00:00+00:00,1.0001542505864718,0.9998997919612355,1.0006145159735567,0.00015425058647178247,1.5425058647178247,-0.00010020803876453765,-1.0020803876453765,0.0006145159735566619,6.145159735566619
2025-12-12 00:00:00+00:00,1.0002785286418368,0.9999157283574873,0.9999406610423,0.0002785286418367505,2.7852864183675052,-8.427164251267882e-05,-0.8427164251267882,-5.9338957700050265e-05,-0.5933895770005027
2025-12-13 00:00:00+00:00,1.0002490999882736,0.9999464074382224,0.9991800328024385,0.00024909998827360447,2.4909998827360447,-5.359256177761562e-05,-0.5359256177761562,-0.0008199671975614997,-8.199671975614997
2025-12-14 00:00:00+00:00,1.0002036601213373,1.0000755997937218,0.9997485762631729,0.00020366012133732347,2.0366012133732347,7.559979372184777e-05,0.7559979372184777,-0.0002514237368270722,-2.514237368270722
2025-12-15 00:00:00+00:00,1.0000270910453763,1.0000654057761669,0.9998534316126936,2.7091045376348433e-05,0.2709104537634843,6.540577616687138e-05,0.6540577616687138,-0.00014656838730642274,-1.4656838730642274
2025-12-16 00:00:00+00:00,0.9998742687468921,0.9999902102387858,0.9995442989124259,-0.0001257312531078858,-1.257312531078858,-9.789761214240578e-06,-0.09789761214240578,-0.00045570108757408967,-4.557010875740897
2025-12-17 00:00:00+00:00,0.9998208447915081,0.9999918360109056,0.9995102057505862,-0.00017915520849187683,-1.7915520849187683,-8.163989094422952e-06,-0.08163989094422952,-0.0004897942494137553,-4.897942494137553
2025-12-18 00:00:00+00:00,0.999630304782263,0.9998539724624618,0.9993729215808944,-0.0003696952177369983,-3.696952177369983,-0.00014602753753822917,-1.4602753753822917,-0.0006270784191055867,-6.270784191055867
2025-12-19 00:00:00+00:00,0.9995518667059733,0.9998536943114789,0.9988735979309846,-0.0004481332940267091,-4.481332940267091,-0.00014630568852114223,-1.4630568852114223,-0.0011264020690153753,-11.264020690153753
2025-12-20 00:00:00+00:00,0.9997179952559396,0.9998939578201773,1.0004018197310487,-0.00028200474406037124,-2.8200474406037124,-0.00010604217982268516,-1.0604217982268516,0.0004018197310486915,4.018197310486915
2025-12-21 00:00:00+00:00,0.9998173691114461,1.0002195711670103,0.9997437821203936,-0.00018263088855385856,-1.8263088855385856,0.00021957116701032398,2.1957116701032398,-0.00025621787960639075,-2.5621787960639075
2025-12-22 00:00:00+00:00,0.9995757365789022,0.9999460249482112,0.9996911773965284,-0.00042426342109780357,-4.242634210978036,-5.397505178883488e-05,-0.5397505178883488,-0.0003088226034716479,-3.088226034716479
2025-12-23 00:00:00+00:00,0.9994967483312533,0.9997538740895582,0.9991021695799499,-0.0005032516687466515,-5.032516687466515,-0.000246125910441819,-2.4612591044181897,-0.0008978304200500942,-8.978304200500942
2025-12-24 00:00:00+00:00,0.9995264073898444,0.9999857370277161,1.0001949960255685,-0.00047359261015555987,-4.735926101555599,-1.426297228390716e-05,-0.1426297228390716,0.0001949960255684946,1.949960255684946
2025-12-25 00:00:00+00:00,0.9994746047892347,0.9997249225646243,0.9999183097738255,-0.0005253952107653337,-5.253952107653337,-0.0002750774353756924,-2.750774353756924,-8.169022617454669e-05,-0.8169022617454669
2025-12-26 00:00:00+00:00,0.9993632914021271,0.9999480524465018,0.9996960162421462,-0.0006367085978729037,-6.367085978729037,-5.194755349824387e-05,-0.5194755349824387,-0.0003039837578537874,-3.039837578537874
2025-12-27 00:00:00+00:00,0.9995148287474002,1.000014864799274,0.9996430335875318,-0.0004851712525998364,-4.851712525998364,1.4864799273928142e-05,0.14864799273928142,-0.00035696641246818483,-3.5696641246818483
2025-12-28 00:00:00+00:00,0.9994423074242785,1.0000460505787288,0.999394095699855,-0.000557692575721469,-5.57692575721469,4.605057872875129e-05,0.4605057872875129,-0.0006059043001449549,-6.059043001449549
2025-12-29 00:00:00+00:00,0.998939398558845,0.99976399914463,0.999404131784718,-0.0010606014411550513,-10.606014411550513,-0.00023600085537001103,-2.3600085537001103,-0.0005958682152820138,-5.958682152820138
2025-12-30 00:00:00+00:00,0.9990188490421766,0.9999273438614802,0.9996757213485031,-0.0009811509578233624,-9.811509578233624,-7.265613851981101e-05,-0.7265613851981101,-0.00032427865149686763,-3.2427865149686763
2025-12-31 00:00:00+00:00,0.9986661738136654,0.9997644505415212,0.998787090771517,-0.0013338261863345968,-13.338261863345968,-0.00023554945847881203,-2.3554945847881203,-0.00121290922848305,-12.1290922848305
2026-01-01 00:00:00+00:00,0.9988125703636672,0.9998629769887509,0.9990740351070081,-0.0011874296363327819,-11.874296363327819,-0.00013702301124907112,-1.3702301124907112,-0.000925964892991904,-9.25964892991904
2026-01-02 00:00:00+00:00,0.9995818632094605,0.9998579645490652,0.9992904578654479,-0.0004181367905394806,-4.181367905394806,-0.00014203545093482983,-1.4203545093482983,-0.0007095421345520991,-7.095421345520991
2026-01-03 00:00:00+00:00,0.9995617966004051,0.9999259555942704,0.999299827107718,-0.0004382033995948831,-4.382033995948831,-7.40444057295564e-05,-0.740444057295564,-0.0007001728922819694,-7.001728922819694
2026-01-04 00:00:00+00:00,0.9996093243169476,0.9999574242731628,0.9992745502942716,-0.0003906756830523994,-3.906756830523994,-4.2575726837190686e-05,-0.42575726837190686,-0.0007254497057284093,-7.254497057284093
2026-01-05 00:00:00+00:00,0.9999726149291731,0.9997380534016398,0.9982470151708743,-2.738507082689079e-05,-0.2738507082689079,-0.0002619465983602076,-2.619465983602076,-0.00175298482912567,-17.529848291256698
2026-01-06 00:00:00+00:00,0.9996415473558319,0.9999427571221716,0.9993898280442323,-0.00035845264416811684,-3.5845264416811684,-5.724287782837845e-05,-0.5724287782837845,-0.0006101719557677354,-6.101719557677354
2026-01-07 00:00:00+00:00,0.999115394241959,0.9997903012917904,0.9990796442055914,-0.0008846057580409461,-8.846057580409461,-0.00020969870820963799,-2.09698708209638,-0.0009203557944086338,-9.203557944086338
2026-01-08 00:00:00+00:00,0.9992996619707192,0.9998458534410654,0.9986318203810371,-0.0007003380292808226,-7.003380292808226,-0.00015414655893464246,-1.5414655893464246,-0.0013681796189628503,-13.681796189628503
2026-01-09 00:00:00+00:00,0.9986796575738873,0.9997963666723266,0.9998886551834063,-0.001320342426112675,-13.20342426112675,-0.00020363332767336928,-2.036333276733693,-0.00011134481659369477,-1.1134481659369477
2026-01-10 00:00:00+00:00,0.9987871090123881,1.000211336025591,0.9993145583679794,-0.0012128909876119032,-12.128909876119032,0.00021133602559109121,2.113360255910912,-0.0006854416320205559,-6.854416320205559
2026-01-11 00:00:00+00:00,0.9986468958676223,0.9995024453053485,0.9996524531740424,-0.0013531041323776583,-13.531041323776583,-0.0004975546946515141,-4.975546946515141,-0.000347546825957612,-3.47546825957612
2026-01-12 00:00:00+00:00,0.99898248127481,0.9997466772415966,0.9994903721853198,-0.0010175187251899587,-10.175187251899587,-0.0002533227584033959,-2.533227584033959,-0.0005096278146802247,-5.096278146802247
2026-01-13 00:00:00+00:00,0.9995523882079718,0.9996087246315225,0.9993778894172456,-0.0004476117920282352,-4.476117920282352,-0.000391275368477495,-3.91275368477495,-0.0006221105827544093,-6.221105827544093
2026-01-14 00:00:00+00:00,0.9999677769769182,0.9997514519625005,1.0002215992719434,-3.222302308181213e-05,-0.3222302308181213,-0.0002485480374995186,-2.485480374995186,0.000221599271943429,2.21599271943429
2026-01-15 00:00:00+00:00,0.9996637854733919,0.9998191534174833,0.9996231426510933,-0.0003362145266081473,-3.3621452660814732,-0.00018084658251671382,-1.8084658251671382,-0.00037685734890668954,-3.7685734890668954
2026-01-16 00:00:00+00:00,0.9995227054722132,1.0011330610584257,0.9995523498703491,-0.0004772945277867757,-4.772945277867757,0.0011330610584256995,11.330610584256995,-0.00044765012965086726,-4.476501296508673
2026-01-17 00:00:00+00:00,0.9995871879083212,0.9996499400695428,0.9998668946774912,-0.0004128120916787603,-4.128120916787603,-0.00035005993045722494,-3.5005993045722494,-0.00013310532250876417,-1.3310532250876417
2026-01-18 00:00:00+00:00,0.999646514239253,0.9997968219612641,0.999548970846048,-0.00035348576074700766,-3.5348576074700766,-0.00020317803873592943,-2.0317803873592943,-0.0004510291539520095,-4.510291539520095
2026-01-19 00:00:00+00:00,0.9993421266771048,0.9997014944375551,0.9997784620253647,-0.0006578733228952416,-6.578733228952416,-0.00029850556244492843,-2.9850556244492843,-0.00022153797463531077,-2.2153797463531077
2026-01-20 00:00:00+00:00,0.998739499466303,0.9997035174196697,0.9993638865884739,-0.0012605005336969732,-12.605005336969732,-0.00029648258033032615,-2.9648258033032615,-0.0006361134115261402,-6.361134115261402
2026-01-21 00:00:00+00:00,0.9992232101001884,0.9997974974164382,0.9998916971237286,-0.0007767898998115585,-7.7678989981155855,-0.00020250258356180328,-2.025025835618033,-0.00010830287627139334,-1.0830287627139334
2026-01-22 00:00:00+00:00,0.9990634981612979,0.9997017592850974,0.9989488578519163,-0.0009365018387020863,-9.365018387020863,-0.00029824071490258675,-2.9824071490258675,-0.0010511421480836614,-10.511421480836614
2026-01-23 00:00:00+00:00,0.9987495528618431,0.9996110767443835,0.9995050454117874,-0.0012504471381569182,-12.504471381569182,-0.0003889232556164579,-3.889232556164579,-0.0004949545882125816,-4.9495458821258165
2026-01-24 00:00:00+00:00,0.9985504379909904,0.9996069070120956,0.9996902526257397,-0.0014495620090095862,-14.495620090095862,-0.0003930929879043532,-3.930929879043532,-0.0003097473742602608,-3.0974737426026078
2026-01-25 00:00:00+00:00,0.9989917210541288,0.9996128404939854,1.0000163792899521,-0.0010082789458711883,-10.082789458711883,-0.0003871595060146449,-3.871595060146449,1.6379289952128673e-05,0.16379289952128673
2026-01-26 00:00:00+00:00,0.998944016569483,0.9996046494420584,0.9994055975441907,-0.001055983430517049,-10.55983430517049,-0.00039535055794159835,-3.9535055794159835,-0.0005944024558093286,-5.944024558093286
2026-01-27 00:00:00+00:00,0.9987791554412637,0.9995578835457251,0.9992289478724307,-0.0012208445587362782,-12.208445587362782,-0.0004421164542749434,-4.421164542749434,-0.0007710521275693383,-7.710521275693383
2026-01-28 00:00:00+00:00,0.9985581406749306,0.9996156269565433,0.9992338006818376,-0.00144185932506935,-14.418593250693501,-0.0003843730434567316,-3.8437304345673162,-0.0007661993181623528,-7.661993181623528
2026-01-29 00:00:00+00:00,0.9984652967660024,0.9996043621605075,1.0005644518564325,-0.0015347032339976252,-15.347032339976252,-0.00039563783949247977,-3.9563783949247977,0.0005644518564325018,5.644518564325018
2026-01-30 00:00:00+00:00,0.9984649450173068,0.9997047851761774,0.998929065549554,-0.0015350549826932403,-15.350549826932403,-0.0002952148238225538,-2.952148238225538,-0.0010709344504460372,-10.709344504460372
2026-01-31 00:00:00+00:00,0.9988430425647808,0.9995862818041599,0.999302057254868,-0.0011569574352191525,-11.569574352191525,-0.00041371819584012925,-4.1371819584012925,-0.0006979427451320186,-6.979427451320186
2026-02-01 00:00:00+00:00,0.9988273760004299,0.9996170905632384,1.0000672495075864,-0.0011726239995700771,-11.726239995700771,-0.0003829094367615582,-3.829094367615582,6.72495075864088e-05,0.672495075864088
2026-02-02 00:00:00+00:00,0.9991941701346426,0.9998334260186789,1.0002670875402042,-0.000805829865357377,-8.05829865357377,-0.00016657398132113865,-1.6657398132113865,0.0002670875402042139,2.670875402042139
2026-02-03 00:00:00+00:00,0.9987595829739014,0.9996971737409502,0.9990803060870519,-0.0012404170260985614,-12.404170260985614,-0.0003028262590497599,-3.028262590497599,-0.0009196939129481052,-9.196939129481052
2026-02-04 00:00:00+00:00,0.9978742994732636,0.9997814658470422,0.9991713446342497,-0.0021257005267364404,-21.257005267364406,-0.00021853415295780554,-2.1853415295780554,-0.0008286553657502749,-8.286553657502749
2026-02-05 00:00:00+00:00,0.9982040937523795,0.9998010101208801,1.000898011419996,-0.0017959062476204934,-17.959062476204934,-0.00019898987911992627,-1.9898987911992627,0.0008980114199959033,8.980114199959033
2026-02-06 00:00:00+00:00,0.9992898541973128,0.9998709383879603,0.9999225330621321,-0.0007101458026872454,-7.101458026872454,-0.0001290616120397381,-1.290616120397381,-7.746693786792047e-05,-0.7746693786792047
2026-02-07 00:00:00+00:00,0.9994142062496645,0.9997123655993206,0.9995244345728846,-0.0005857937503355171,-5.857937503355171,-0.00028763440067935964,-2.8763440067935964,-0.0004755654271153542,-4.755654271153542
2026-02-08 00:00:00+00:00,0.9994754715231535,0.9999019138849097,1.0001304389053491,-0.0005245284768464753,-5.245284768464753,-9.808611509032339e-05,-0.9808611509032339,0.0001304389053491395,1.304389053491395
2026-02-09 00:00:00+00:00,0.9995314897365737,0.9998715531940459,0.9999167347069989,-0.00046851026342631386,-4.6851026342631386,-0.00012844680595414104,-1.2844680595414104,-8.326529300106689e-05,-0.8326529300106689
2026-02-10 00:00:00+00:00,0.9994923817731407,0.9998997204271348,0.999473737403757,-0.0005076182268592966,-5.076182268592966,-0.00010027957286518063,-1.0027957286518063,-0.000526262596242999,-5.26262596242999
2026-02-11 00:00:00+00:00,0.9994916988243946,0.9998076084029704,0.9998414407810318,-0.0005083011756054079,-5.083011756054079,-0.0001923915970295509,-1.9239159702955089,-0.000158559218968235,-1.58559218968235
2026-02-12 00:00:00+00:00,0.9993645556774817,0.9998901648549403,0.9998157852842823,-0.0006354443225182749,-6.354443225182749,-0.00010983514505968905,-1.0983514505968905,-0.0001842147157177232,-1.8421471571772319
2026-02-13 00:00:00+00:00,0.9995861176916936,0.9999171541596371,0.9998982750788203,-0.0004138823083064125,-4.138823083064125,-8.284584036288845e-05,-0.8284584036288845,-0.00010172492117965781,-1.0172492117965781
2026-02-14 00:00:00+00:00,0.9996168948315522,0.9999251407177787,0.9996476034420178,-0.00038310516844775044,-3.8310516844775044,-7.485928222128457e-05,-0.7485928222128457,-0.00035239655798224856,-3.5239655798224856
2026-02-15 00:00:00+00:00,0.9996206906265142,0.9998997679214033,0.999702614457678,-0.0003793093734858477,-3.793093734858477,-0.00010023207859666261,-1.002320785966626,-0.00029738554232194847,-2.9738554232194847
2026-02-16 00:00:00+00:00,0.9996376949716094,0.9999991896112018,1.000049438537433,-0.0003623050283906304,-3.623050283906304,-8.103887981780744e-07,-0.008103887981780744,4.943853743299975e-05,0.4943853743299975
2026-02-17 00:00:00+00:00,0.9996526238033477,0.9999978820726065,0.9998133368532196,-0.0003473761966522604,-3.473761966522604,-2.1179273934635034e-06,-0.021179273934635034,-0.00018666314678039697,-1.8666314678039697
2026-02-18 00:00:00+00:00,0.9996527375800558,0.9998857428483621,0.999708015854205,-0.00034726241994420537,-3.4726241994420537,-0.00011425715163793093,-1.1425715163793093,-0.0002919841457950101,-2.919841457950101
2026-02-19 00:00:00+00:00,0.9996819508966901,0.9999996981715567,0.9995353762296381,-0.0003180491033099031,-3.180491033099031,-3.018284433498053e-07,-0.003018284433498053,-0.00046462377036193825,-4.6462377036193825
2026-02-20 00:00:00+00:00,0.9996929044609744,0.9999949092317152,0.9996624732554028,-0.0003070955390256369,-3.070955390256369,-5.090768284810032e-06,-0.05090768284810032,-0.0003375267445971941,-3.375267445971941
2026-02-21 00:00:00+00:00,0.9997559861701016,0.9998952428021318,0.9999630243837764,-0.00024401382989835962,-2.4401382989835962,-0.00010475719786817717,-1.0475719786817717,-3.697561622362233e-05,-0.3697561622362233
2026-02-22 00:00:00+00:00,0.9995992430284373,0.9999388851361584,0.9998030544074994,-0.0004007569715627213,-4.007569715627213,-6.111486384163811e-05,-0.6111486384163811,-0.00019694559250060806,-1.9694559250060806
2026-02-23 00:00:00+00:00,0.9997806635743438,0.999900237360431,0.9997765451046966,-0.00021933642565619138,-2.193364256561914,-9.97626395690121e-05,-0.997626395690121,-0.0002234548953033988,-2.234548953033988
2026-02-24 00:00:00+00:00,1.000060735237449,0.999960265769448,0.9995188501446015,6.073523744909437e-05,0.6073523744909437,-3.97342305520354e-05,-0.397342305520354,-0.0004811498553984883,-4.811498553984883
2026-02-25 00:00:00+00:00,1.0001330954800354,0.999983941698483,0.9995774645058042,0.0001330954800353723,1.330954800353723,-1.6058301516963525e-05,-0.16058301516963525,-0.00042253549419579706,-4.225354941957971
2026-02-26 00:00:00+00:00,1.0001163698511932,0.9999061760860145,0.9990616311013222,0.00011636985119323207,1.1636985119323207,-9.382391398549128e-05,-0.9382391398549128,-0.0009383688986778216,-9.383688986778216
2026-02-27 00:00:00+00:00,1.0000077870247646,0.9999536991002446,0.9995350252759364,7.787024764560613e-06,0.07787024764560613,-4.630089975543594e-05,-0.4630089975543594,-0.00046497472406359375,-4.6497472406359375
2026-02-28 00:00:00+00:00,1.0004110110960764,0.9999033136757858,1.000021043270943,0.00041101109607644126,4.110110960764413,-9.668632421422352e-05,-0.9668632421422352,2.1043270943099657e-05,0.21043270943099657
2026-03-01 00:00:00+00:00,0.9999532172904424,0.9999018751969245,0.9989794054658478,-4.678270955760233e-05,-0.4678270955760233,-9.812480307547222e-05,-0.9812480307547222,-0.0010205945341521527,-10.205945341521527
2026-03-02 00:00:00+00:00,1.00011348990759,0.9999060371859771,0.9987862369967415,0.00011348990759008082,1.1348990759008082,-9.396281402285211e-05,-0.9396281402285211,-0.0012137630032584834,-12.137630032584834
2026-03-03 00:00:00+00:00,1.0000322784271847,1.0000126253078492,0.9993640759400044,3.227842718467322e-05,0.3227842718467322,1.2625307849178924e-05,0.12625307849178924,-0.000635924059995574,-6.35924059995574
2026-03-04 00:00:00+00:00,1.0001041135762687,0.9999041144419405,1.0002263606188495,0.0001041135762687162,1.041135762687162,-9.588555805950527e-05,-0.9588555805950527,0.0002263606188495082,2.263606188495082
2026-03-05 00:00:00+00:00,1.000059094476877,0.9999964600342335,0.9997511230269089,5.909447687701963e-05,0.5909447687701963,-3.5399657665191597e-06,-0.0353996576651916,-0.00024887697309106116,-2.4887697309106116
2026-03-06 00:00:00+00:00,0.9999771870948313,0.9999043395541606,1.0000794517017138,-2.2812905168700937e-05,-0.22812905168700937,-9.566044583941835e-05,-0.9566044583941835,7.945170171375082e-05,0.7945170171375082
2026-03-07 00:00:00+00:00,0.9999707250474614,0.9999858683488286,0.999846162388821,-2.9274952538571597e-05,-0.29274952538571597,-1.4131651171367388e-05,-0.14131651171367388,-0.00015383761117904182,-1.5383761117904182
2026-03-08 00:00:00+00:00,1.0000846200579505,0.999999163084274,0.9997693743373003,8.462005795051297e-05,0.8462005795051297,-8.36915726054599e-07,-0.00836915726054599,-0.00023062566269971274,-2.3062566269971274
2026-03-09 00:00:00+00:00,1.0000062214106087,0.9999625362585679,1.0001530757170456,6.221410608686639e-06,0.062214106086866394,-3.746374143209774e-05,-0.3746374143209774,0.00015307571704559209,1.5307571704559209
2026-03-10 00:00:00+00:00,1.0000255565925766,0.9999621366212171,0.999917622629765,2.555659257663656e-05,0.2555659257663656,-3.7863378782865276e-05,-0.37863378782865276,-8.237737023497615e-05,-0.8237737023497615
2026-03-11 00:00:00+00:00,1.0000878646494789,1.0000160906998912,0.9999104101491549,8.786464947885264e-05,0.8786464947885264,1.609069989116918e-05,0.1609069989116918,-8.95898508450621e-05,-0.895898508450621
2026-03-12 00:00:00+00:00,1.000032494012294,0.9999412320565797,1.0000774050065335,3.249401229399318e-05,0.3249401229399318,-5.876794342030145e-05,-0.5876794342030145,7.740500653352633e-05,0.7740500653352633
2026-03-13 00:00:00+00:00,1.000009661004349,0.9999971951760805,0.9998893786962563,9.661004348959779e-06,0.09661004348959779,-2.804823919455579e-06,-0.02804823919455579,-0.0001106213037437298,-1.106213037437298
2026-03-14 00:00:00+00:00,1.0001198677215315,0.9999107579764335,0.999938470610805,0.00011986772153149694,1.1986772153149694,-8.9242023566527e-05,-0.89242023566527,-6.152938919501416e-05,-0.6152938919501416
2026-03-15 00:00:00+00:00,1.0001049257508854,0.999985340985865,0.999990917332833,0.00010492575088538736,1.0492575088538736,-1.4659014134998927e-05,-0.14659014134998927,-9.082667167037428e-06,-0.09082667167037428
2026-03-16 00:00:00+00:00,0.9999297846648375,0.9999965878319894,0.9999146367853649,-7.021533516249345e-05,-0.7021533516249345,-3.4121680105858587e-06,-0.03412168010585859,-8.536321463514795e-05,-0.8536321463514795
2026-03-17 00:00:00+00:00,1.000121546552215,0.9998905853174457,1.0000584597059148,0.00012154655221507937,1.2154655221507937,-0.00010941468255432074,-1.0941468255432074,5.845970591478178e-05,0.5845970591478178
2026-03-18 00:00:00+00:00,1.000003815481361,0.9999390536470638,1.000025246745575,3.815481361080231e-06,0.03815481361080231,-6.094635293618644e-05,-0.6094635293618644,2.524674557502493e-05,0.2524674557502493
2026-03-19 00:00:00+00:00,1.0001027347571507,0.9999052913092363,0.99998765805624,0.00010273475715072422,1.0273475715072422,-9.470869076366739e-05,-0.9470869076366739,-1.2341943759985874e-05,-0.12341943759985874
2026-03-20 00:00:00+00:00,0.9998980537211373,0.9999552456239422,1.000037327874214,-0.00010194627886273011,-1.019462788627301,-4.475437605777621e-05,-0.44754376057776213,3.7327874214065915e-05,0.37327874214065915
2026-03-21 00:00:00+00:00,0.9998506878622582,0.9999613597501309,0.9999737098217927,-0.0001493121377418305,-1.493121377418305,-3.864024986910408e-05,-0.3864024986910408,-2.6290178207322157e-05,-0.26290178207322157
2026-03-22 00:00:00+00:00,0.9998492537583087,0.9999760197146181,0.9999282518174407,-0.000150746241691313,-1.50746241691313,-2.398028538186381e-05,-0.23980285381863808,-7.174818255928361e-05,-0.7174818255928361
2026-03-23 00:00:00+00:00,0.9996802530461033,0.9998837245803329,0.9999526532118607,-0.0003197469538966935,-3.197469538966935,-0.00011627541966707788,-1.1627541966707788,-4.734678813933524e-05,-0.4734678813933524
2026-03-24 00:00:00+00:00,0.9994952046342068,0.9999079101231139,0.9999105273262898,-0.0005047953657931759,-5.0479536579317585,-9.208987688613668e-05,-0.9208987688613668,-8.947267371017809e-05,-0.8947267371017809
2026-03-25 00:00:00+00:00,0.9996225464125438,0.9998331215810157,0.9998151683355352,-0.00037745358745622237,-3.7745358745622237,-0.00016687841898432865,-1.6687841898432865,-0.00018483166446481292,-1.8483166446481292
2026-03-26 00:00:00+00:00,0.999377071928419,0.9997841417548942,0.9998836823165889,-0.0006229280715810415,-6.229280715810415,-0.00021585824510583773,-2.1585824510583773,-0.0001163176834111379,-1.163176834111379
2026-03-27 00:00:00+00:00,0.9992912847941493,0.9997836968640721,0.9997855185895828,-0.0007087152058506963,-7.0871520585069625,-0.00021630313592790884,-2.1630313592790884,-0.00021448141041724433,-2.1448141041724433
2026-03-28 00:00:00+00:00,0.9992394411965941,0.9997421669239365,0.9998305663020416,-0.0007605588034058641,-7.605588034058641,-0.00025783307606352945,-2.5783307606352945,-0.0001694336979584099,-1.694336979584099
2026-03-29 00:00:00+00:00,0.9992412781938135,0.9997666761250124,0.9999335722214732,-0.0007587218061865242,-7.587218061865242,-0.0002333238749876454,-2.333238749876454,-6.642777852683412e-05,-0.6642777852683412
2026-03-30 00:00:00+00:00,0.9991867443323721,0.9997273543561945,0.9996902427130756,-0.0008132556676279101,-8.132556676279101,-0.0002726456438054692,-2.726456438054692,-0.00030975728692439475,-3.0975728692439475
2026-03-31 00:00:00+00:00,0.9991172677379,0.9996528139809863,0.9998156647769192,-0.0008827322621000055,-8.827322621000055,-0.00034718601901373436,-3.4718601901373436,-0.00018433522308081152,-1.8433522308081152
2026-04-01 00:00:00+00:00,0.999825469608041,0.9999655263076831,0.9999539761492484,-0.00017453039195902686,-1.7453039195902686,-3.4473692316905336e-05,-0.34473692316905336,-4.602385075158644e-05,-0.46023850751586437
2026-04-02 00:00:00+00:00,0.99992283851627,1.0000534486467578,1.0001058793742696,-7.716148373004827e-05,-0.7716148373004827,5.344864675782546e-05,0.5344864675782546,0.00010587937426964622,1.0587937426964622
2026-04-03 00:00:00+00:00,0.9998922692408015,1.0001312252297128,0.9998898310127361,-0.00010773075919845443,-1.0773075919845443,0.0001312252297127614,1.312252297127614,-0.00011016898726390334,-1.1016898726390334
2026-04-04 00:00:00+00:00,0.9999330315776374,1.0000251399221136,0.9999892832214583,-6.696842236264544e-05,-0.6696842236264544,2.5139922113615043e-05,0.25139922113615043,-1.071677854169728e-05,-0.1071677854169728
2026-04-05 00:00:00+00:00,0.9997326623153585,1.0003851394799321,1.0000660072177372,-0.00026733768464148877,-2.6733768464148877,0.0003851394799321284,3.851394799321284,6.60072177371962e-05,0.660072177371962
2026-04-06 00:00:00+00:00,0.9999633820866392,0.9998005075496287,0.9997855680179177,-3.6617913360847965e-05,-0.36617913360847965,-0.00019949245037131913,-1.9949245037131913,-0.00021443198208226377,-2.1443198208226377
2026-04-07 00:00:00+00:00,0.9998559116816573,1.000418888861434,0.9998589843613627,-0.00014408831834267222,-1.4408831834267222,0.00041888886143404136,4.188888614340414,-0.0001410156386373318,-1.410156386373318
2026-04-08 00:00:00+00:00,0.9999676495508939,0.9997948656992549,0.9999099715173987,-3.2350449106099965e-05,-0.32350449106099965,-0.0002051343007450912,-2.051343007450912,-9.002848260131202e-05,-0.9002848260131202
2026-04-09 00:00:00+00:00,1.0000515611386156,0.9999375917198575,0.9993090845109316,5.1561138615596747e-05,0.5156113861559675,-6.240828014247857e-05,-0.6240828014247857,-0.000690915489068411,-6.9091548906841105
2026-04-10 00:00:00+00:00,1.0002291991600953,0.9998285550632294,0.9976154918005915,0.00022919916009533914,2.2919916009533914,-0.0001714449367705706,-1.714449367705706,-0.002384508199408497,-23.84508199408497
2026-04-11 00:00:00+00:00,1.0002758750559246,0.9998166434146661,1.000270067144339,0.0002758750559246348,2.758750559246348,-0.00018335658533386034,-1.8335658533386034,0.00027006714433897017,2.7006714433897017
2026-04-12 00:00:00+00:00,1.000148207297236,0.999937017826873,1.0025370136964618,0.0001482072972360804,1.482072972360804,-6.298217312694643e-05,-0.6298217312694643,0.002537013696461754,25.37013696461754
2026-04-13 00:00:00+00:00,1.0003670825438509,0.9997992865467262,0.9998319986391574,0.0003670825438508718,3.670825438508718,-0.00020071345327377088,-2.007134532737709,-0.00016800136084260675,-1.6800136084260675
2026-04-14 00:00:00+00:00,1.000353001758292,0.9997854486283032,0.9993804843199814,0.0003530017582920042,3.530017582920042,-0.00021455137169679173,-2.1455137169679173,-0.0006195156800186119,-6.195156800186119
2026-04-15 00:00:00+00:00,1.0002282226947283,0.9998407355682553,0.9993455739120123,0.00022822269472833057,2.2822269472833057,-0.00015926443174474336,-1.5926443174474336,-0.000654426087987714,-6.54426087987714
2026-04-16 00:00:00+00:00,1.0001198368638362,0.9998596132996009,1.0001390069601843,0.00011983686383620906,1.1983686383620906,-0.00014038670039906442,-1.4038670039906442,0.00013900696018431802,1.3900696018431802
2026-04-17 00:00:00+00:00,1.000232990778386,0.9998904118571135,0.9998624028553714,0.0002329907783860108,2.329907783860108,-0.00010958814288652974,-1.0958814288652974,-0.0001375971446285762,-1.375971446285762
2026-04-18 00:00:00+00:00,1.00028864353488,0.999821174500747,0.9996717722285001,0.00028864353487989547,2.8864353487989547,-0.00017882549925296587,-1.7882549925296587,-0.00032822777149987825,-3.2822777149987825
2026-04-19 00:00:00+00:00,1.0002850508618006,0.9998237880117464,0.9995677745491041,0.00028505086180063977,2.8505086180063977,-0.00017621198825357176,-1.7621198825357176,-0.00043222545089594,-4.3222545089594
2026-04-20 00:00:00+00:00,1.0002368057403648,1.000022884810817,0.9995580970396405,0.00023680574036477609,2.368057403647761,2.2884810817025425e-05,0.22884810817025425,-0.00044190296035950816,-4.419029603595082
2026-04-21 00:00:00+00:00,1.0002018380978008,0.9998723867453947,0.9996752877474273,0.00020183809780083273,2.0183809780083273,-0.0001276132546053077,-1.276132546053077,-0.00032471225257268976,-3.2471225257268976
2026-04-22 00:00:00+00:00,1.0002694913239796,0.9998183109253499,0.999651760151109,0.000269491323979576,2.69491323979576,-0.0001816890746501043,-1.816890746501043,-0.00034823984889098547,-3.4823984889098547
2026-04-23 00:00:00+00:00,1.0002336469998385,0.9998372005191716,0.9997258084112826,0.00023364699983852155,2.3364699983852155,-0.00016279948082842388,-1.6279948082842388,-0.00027419158871744287,-2.7419158871744287
2026-04-24 00:00:00+00:00,1.000218240531469,0.9998175531320761,0.9995946353240921,0.00021824053146901612,2.182405314690161,-0.0001824468679239022,-1.824468679239022,-0.00040536467590790437,-4.053646759079044
2026-04-25 00:00:00+00:00,1.000157321605411,0.9997354953136062,0.9997616476185573,0.00015732160541093165,1.5732160541093165,-0.0002645046863938294,-2.645046863938294,-0.00023835238144265247,-2.3835238144265247
2026-04-26 00:00:00+00:00,1.000168911831466,0.9999410634905546,0.9996363337065006,0.00016891183146605648,1.6891183146605648,-5.893650944543971e-05,-0.5893650944543971,-0.0003636662934993762,-3.636662934993762
2026-04-27 00:00:00+00:00,0.9999704654497245,0.9999009773941134,0.9996661576084308,-2.953455027554508e-05,-0.2953455027554508,-9.90226058865673e-05,-0.990226058865673,-0.0003338423915691946,-3.338423915691946
2026-04-28 00:00:00+00:00,0.9998691603757287,0.9998739710384206,0.9997566484560798,-0.00013083962427129503,-1.3083962427129503,-0.00012602896157942745,-1.2602896157942745,-0.00024335154392018943,-2.4335154392018943
2026-04-29 00:00:00+00:00,0.999594145303875,0.9998080869681188,0.9993688363552194,-0.00040585469612497427,-4.058546961249743,-0.00019191303188115238,-1.9191303188115238,-0.0006311636447805524,-6.311636447805524
2026-04-30 00:00:00+00:00,0.9994957562231485,0.9997152563443797,0.9996982022980626,-0.0005042437768515429,-5.042437768515429,-0.0002847436556202565,-2.847436556202565,-0.00030179770193738964,-3.0179770193738964
2026-05-01 00:00:00+00:00,0.9997966072946257,0.9997999107106941,0.9998368850857567,-0.00020339270537428344,-2.0339270537428344,-0.00020008928930592695,-2.0008928930592695,-0.00016311491424325641,-1.6311491424325641
2026-05-02 00:00:00+00:00,0.9998184388930894,0.9998646511551893,0.9997523324013096,-0.00018156110691058824,-1.8156110691058824,-0.00013534884481070097,-1.3534884481070097,-0.00024766759869043753,-2.4766759869043753
2026-05-03 00:00:00+00:00,0.9998025584234759,0.9998867685707864,0.9998216157615348,-0.00019744157652412664,-1.9744157652412664,-0.00011323142921360052,-1.1323142921360052,-0.00017838423846516793,-1.7838423846516793
2026-05-04 00:00:00+00:00,0.9997924976850643,0.9998432897038066,0.9996991513247376,-0.0002075023149357147,-2.075023149357147,-0.00015671029619335197,-1.5671029619335197,-0.00030084867526236625,-3.0084867526236625
2026-05-05 00:00:00+00:00,0.9998571223195284,0.9997734053209396,0.999385385442294,-0.0001428776804716092,-1.428776804716092,-0.00022659467906038788,-2.265946790603879,-0.0006146145577059503,-6.146145577059503
2026-05-06 00:00:00+00:00,0.9998587569411715,0.9997895397632134,0.9997293933226442,-0.00014124305882845523,-1.4124305882845523,-0.00021046023678661374,-2.1046023678661374,-0.00027060667735578914,-2.7060667735578914
2026-05-07 00:00:00+00:00,0.9998836686074609,0.9997191986283972,1.000062635555607,-0.00011633139253908187,-1.1633139253908187,-0.0002808013716028013,-2.8080137160280128,6.263555560703793e-05,0.6263555560703793
2026-05-08 00:00:00+00:00,0.999865881367468,0.9998567157004747,0.9995575514297717,-0.00013411863253198764,-1.3411863253198764,-0.00014328429952525923,-1.4328429952525923,-0.0004424485702283487,-4.424485702283487
2026-05-09 00:00:00+00:00,0.9998192841601878,0.9998546928352804,0.9995329191126311,-0.00018071583981216222,-1.8071583981216222,-0.00014530716471961025,-1.4530716471961025,-0.0004670808873689092,-4.670808873689092
2026-05-10 00:00:00+00:00,0.9997204113605059,0.9997868022319417,0.9996700570712396,-0.0002795886394940661,-2.795886394940661,-0.00021319776805828194,-2.1319776805828194,-0.0003299429287604294,-3.299429287604294
2026-05-11 00:00:00+00:00,0.9997204113605059,0.9997868022319417,0.9996700571693069,-0.0002795886394940661,-2.795886394940661,-0.00021319776805828194,-2.1319776805828194,-0.0003299428306930974,-3.2994283069309738
2026-05-12 00:00:00+00:00,0.9997420531621637,0.9998060747544557,0.9997229506517591,-0.00025794683783630923,-2.5794683783630923,-0.0001939252455442908,-1.939252455442908,-0.00027704934824090977,-2.7704934824090977
2026-05-13 00:00:00+00:00,0.9995393755524729,0.9997135949188805,0.9996929269291306,-0.00046062444752714704,-4.60624447527147,-0.0002864050811195451,-2.864050811195451,-0.0003070730708694125,-3.070730708694125
2026-05-14 00:00:00+00:00,0.9997477036277042,0.9996879262682021,0.9997027472072779,-0.000252296372295846,-2.52296372295846,-0.00031207373179786835,-3.1207373179786835,-0.00029725279272208027,-2.9725279272208027
2026-05-15 00:00:00+00:00,0.9993929607938712,0.9998439683133253,0.9995386647597507,-0.0006070392061288121,-6.070392061288121,-0.0001560316866746625,-1.560316866746625,-0.0004613352402492721,-4.613352402492721
2026-05-16 00:00:00+00:00,0.9995308012983969,0.9997997501949725,0.9997470602304681,-0.00046919870160311294,-4.691987016031129,-0.00020024980502753031,-2.002498050275303,-0.00025293976953189024,-2.5293976953189024
2026-05-17 00:00:00+00:00,0.9994899261859721,0.9999711246626322,0.9996920049004296,-0.0005100738140279004,-5.100738140279004,-2.887533736783965e-05,-0.2887533736783965,-0.0003079950995703573,-3.079950995703573
2026-05-18 00:00:00+00:00,0.999291390320866,0.9998163194121157,0.9996154366015483,-0.000708609679133998,-7.08609679133998,-0.00018368058788431618,-1.8368058788431618,-0.0003845633984517205,-3.845633984517205
2026-05-19 00:00:00+00:00,0.9990530933316661,0.9997433357820086,0.9995026705995856,-0.0009469066683338578,-9.469066683338578,-0.00025666421799142025,-2.5666421799142025,-0.0004973294004143591,-4.973294004143591
2026-05-20 00:00:00+00:00,0.9989852990193554,0.9996582320475329,0.9996370759306636,-0.0010147009806446006,-10.147009806446006,-0.000341767952467098,-3.41767952467098,-0.0003629240693363567,-3.629240693363567
2026-05-21 00:00:00+00:00,0.9990096496204217,0.9997203515665488,0.9996904003522219,-0.0009903503795782864,-9.903503795782864,-0.00027964843345118506,-2.7964843345118506,-0.00030959964777810267,-3.0959964777810267
2026-05-22 00:00:00+00:00,0.9987689920749232,0.9997401994416386,0.9995265018066531,-0.0012310079250767991,-12.310079250767991,-0.0002598005583613894,-2.5980055836138938,-0.00047349819334685517,-4.734981933468552
2026-05-23 00:00:00+00:00,0.9987101100011629,0.9997455646546629,0.9996237597900568,-0.0012898899988370571,-12.898899988370571,-0.00025443534533708956,-2.5443534533708956,-0.0003762402099432016,-3.762402099432016
2026-05-24 00:00:00+00:00,0.9987647621423517,0.9997821399881829,0.9996256019269717,-0.0012352378576483414,-12.352378576483414,-0.000217860011817117,-2.17860011817117,-0.00037439807302830364,-3.7439807302830364
2026-05-25 00:00:00+00:00,0.9990642394716323,0.9997176814606046,0.9995277728901725,-0.0009357605283677461,-9.357605283677461,-0.00028231853939542084,-2.8231853939542084,-0.0004722271098275277,-4.722271098275277
2026-05-26 00:00:00+00:00,0.9985719283620785,0.9997414060714724,0.999636042470052,-0.0014280716379214686,-14.280716379214686,-0.0002585939285275618,-2.585939285275618,-0.00036395752994800024,-3.6395752994800024
2026-05-27 00:00:00+00:00,0.9985375964892556,0.999735683879982,0.9997103379208616,-0.0014624035107444477,-14.624035107444477,-0.0002643161200179822,-2.643161200179822,-0.0002896620791383864,-2.8966207913838637
2026-05-28 00:00:00+00:00,0.9986240838353948,0.9995608069404047,0.999605800457632,-0.0013759161646051954,-13.759161646051954,-0.00043919305959527755,-4.3919305959527755,-0.00039419954236796784,-3.9419954236796784
2026-05-29 00:00:00+00:00,0.9987231710830851,0.9997268961464153,0.9995917244968439,-0.0012768289169149405,-12.768289169149405,-0.0002731038535846997,-2.731038535846997,-0.00040827550315614136,-4.082755031561414
2026-05-30 00:00:00+00:00,0.9985253734615948,0.9996295820130707,0.9996604524995405,-0.0014746265384052437,-14.746265384052437,-0.0003704179869292723,-3.704179869292723,-0.00033954750045950277,-3.3954750045950277
2026-05-31 00:00:00+00:00,0.9985084236026641,0.9995946761766957,0.9994947876989807,-0.0014915763973358809,-14.915763973358809,-0.0004053238233042711,-4.053238233042711,-0.0005052123010192977,-5.052123010192977
2026-06-01 00:00:00+00:00,0.9986318070466801,0.9997030925089745,0.9995947072786334,-0.0013681929533199133,-13.681929533199133,-0.00029690749102551095,-2.9690749102551095,-0.0004052927213665791,-4.052927213665791
2026-06-02 00:00:00+00:00,0.9986414654723629,0.99969652153606,0.9996410733487272,-0.001358534527637123,-13.58534527637123,-0.0003034784639399657,-3.034784639399657,-0.0003589266512727951,-3.589266512727951
2026-06-03 00:00:00+00:00,0.9986474054709156,0.9997034969221354,0.9995808267398157,-0.0013525945290844277,-13.525945290844277,-0.00029650307786455166,-2.9650307786455166,-0.00041917326018425793,-4.191732601842579
2026-06-04 00:00:00+00:00,0.998952419879939,0.9997505972858461,0.9996367681341114,-0.001047580120061009,-10.475801200610091,-0.00024940271415385684,-2.4940271415385684,-0.00036323186588860246,-3.6323186588860246
2026-06-05 00:00:00+00:00,0.999716737274788,0.9996824929885626,0.9995823436020366,-0.0002832627252119524,-2.832627252119524,-0.00031750701143740123,-3.1750701143740123,-0.00041765639796342846,-4.176563979634285
2026-06-06 00:00:00+00:00,0.9995347769081231,0.9997293534069007,0.9994478304873822,-0.0004652230918769096,-4.652230918769096,-0.0002706465930992774,-2.706465930992774,-0.0005521695126178283,-5.521695126178283
2026-06-07 00:00:00+00:00,0.9994675613215963,0.9998384747396847,0.9995991995508228,-0.0005324386784036905,-5.324386784036905,-0.00016152526031532055,-1.6152526031532055,-0.0004008004491772299,-4.008004491772299
2026-06-08 00:00:00+00:00,0.9995926664351306,0.9996844635566154,0.9996374333779243,-0.0004073335648694387,-4.073335648694387,-0.00031553644338455644,-3.1553644338455644,-0.00036256662207567736,-3.6256662207567736
2026-06-09 00:00:00+00:00,0.9992982640917475,0.9997894327114005,0.9997408117311274,-0.0007017359082525099,-7.017359082525099,-0.0002105672885994725,-2.105672885994725,-0.00025918826887261215,-2.5918826887261215
2026-06-10 00:00:00+00:00,0.9990684123424698,0.9997337483592078,0.9996388843483286,-0.0009315876575302084,-9.315876575302084,-0.0002662516407921922,-2.662516407921922,-0.00036111565167140647,-3.6111565167140647
2026-06-11 00:00:00+00:00,0.9990110529100914,0.9998040023980678,0.9996836550870953,-0.0009889470899085984,-9.889470899085984,-0.0001959976019322296,-1.959976019322296,-0.0003163449129046647,-3.163449129046647
2026-06-12 00:00:00+00:00,0.9994282524844506,0.9997983890053328,0.9997913624917247,-0.0005717475155494478,-5.717475155494478,-0.00020161099466720067,-2.0161099466720067,-0.00020863750827526673,-2.0863750827526673
2026-06-13 00:00:00+00:00,0.9995676450020456,0.9998347687033922,0.9997091899848515,-0.00043235499795435395,-4.3235499795435395,-0.0001652312966078373,-1.652312966078373,-0.0002908100151485238,-2.908100151485238
2026-06-14 00:00:00+00:00,0.9993974612351881,0.9997346425747022,0.9996567048159566,-0.0006025387648118663,-6.025387648118663,-0.00026535742529776307,-2.6535742529776307,-0.00034329518404341286,-3.4329518404341286
2026-06-15 00:00:00+00:00,0.999444818787125,0.9998274724428686,0.9998362315992669,-0.0005551812128750111,-5.551812128750111,-0.00017252755713137446,-1.7252755713137446,-0.00016376840073306642,-1.6376840073306642
2026-06-16 00:00:00+00:00,0.9990583625096917,0.9998545226807762,0.9997828728849301,-0.0009416374903082891,-9.416374903082891,-0.0001454773192237635,-1.454773192237635,-0.0002171271150699372,-2.171271150699372
2026-06-17 00:00:00+00:00,0.9991994283534871,0.9998207998907003,0.9998838649137198,-0.0008005716465129264,-8.005716465129264,-0.0001792001092997264,-1.792001092997264,-0.00011613508628016689,-1.1613508628016689
2026-06-18 00:00:00+00:00,0.9981284399647636,0.9999733307095205,0.999903122426697,-0.0018715600352363637,-18.715600352363637,-2.666929047945299e-05,-0.2666929047945299,-9.687757330301139e-05,-0.9687757330301139
2026-06-19 00:00:00+00:00,0.9990769311337173,1.0000579532863132,0.9996225103494965,-0.0009230688662826836,-9.230688662826836,5.795328631319485e-05,0.5795328631319485,-0.00037748965050354855,-3.7748965050354855
2026-06-20 00:00:00+00:00,0.9987840137261418,0.99986452358622,0.9995984217155173,-0.0012159862738582161,-12.159862738582161,-0.000135476413779978,-1.3547641377997799,-0.0004015782844827287,-4.015782844827287
2026-06-21 00:00:00+00:00,0.9988925689782053,0.9999455375331391,0.9996801385656371,-0.0011074310217946692,-11.074310217946692,-5.446246686091616e-05,-0.5446246686091616,-0.00031986143436291137,-3.1986143436291137
2026-06-22 00:00:00+00:00,0.9988969619482407,0.9998256049322509,0.99970409252925,-0.0011030380517592642,-11.030380517592642,-0.00017439506774907798,-1.7439506774907798,-0.0002959074707500342,-2.959074707500342
2026-06-23 00:00:00+00:00,0.9988656411798272,0.9997942764450782,0.9995598448595366,-0.001134358820172765,-11.34358820172765,-0.0002057235549217662,-2.057235549217662,-0.0004401551404633608,-4.401551404633608
2026-06-24 00:00:00+00:00,0.9985794666094955,0.9997511874909398,0.9995458320238108,-0.0014205333905045192,-14.205333905045192,-0.00024881250906017005,-2.4881250906017005,-0.00045416797618924587,-4.541679761892459
2026-06-25 00:00:00+00:00,0.9985171420534714,0.9996448599954642,0.999700303079239,-0.0014828579465285818,-14.828579465285818,-0.0003551400045358477,-3.551400045358477,-0.00029969692076103893,-2.9969692076103893
2026-06-26 00:00:00+00:00,0.9986385974960511,0.9997102719572779,0.9995212037925764,-0.0013614025039488942,-13.614025039488942,-0.00028972804272209274,-2.8972804272209274,-0.0004787962074236374,-4.787962074236374
2026-06-27 00:00:00+00:00,0.9985994442031159,0.9996826773288916,0.9996345283224984,-0.0014005557968841398,-14.005557968841398,-0.00031732267110839985,-3.1732267110839985,-0.00036547167750156095,-3.6547167750156095
2026-06-28 00:00:00+00:00,0.9985112732518266,0.9995975961652526,0.9996947630491649,-0.0014887267481733524,-14.887267481733524,-0.00040240383474743346,-4.024038347474335,-0.00030523695083506386,-3.0523695083506386
2026-06-29 00:00:00+00:00,0.9986403786564011,0.9997365198850569,0.9997311285706972,-0.0013596213435989046,-13.596213435989046,-0.0002634801149431487,-2.634801149431487,-0.00026887142930276386,-2.6887142930276386
2026-06-30 00:00:00+00:00,0.9985102209952758,0.9996104629897533,0.9995212617403888,-0.0014897790047242454,-14.897790047242454,-0.00038953701024668774,-3.8953701024668774,-0.0004787382596112,-4.787382596112
2026-07-01 00:00:00+00:00,0.9989177158985254,0.9996767570442712,0.9996817873829478,-0.0010822841014745954,-10.822841014745954,-0.00032324295572883077,-3.2324295572883077,-0.00031821261705222703,-3.1821261705222703
2026-07-02 00:00:00+00:00,0.9988467528944694,0.9997672692828623,0.9997252682292789,-0.0011532471055305527,-11.532471055305527,-0.00023273071713769689,-2.327307171376969,-0.0002747317707211261,-2.747317707211261
2026-07-03 00:00:00+00:00,0.9991273938134565,0.999961568260665,0.9999317504477907,-0.0008726061865435009,-8.726061865435009,-3.843173933504307e-05,-0.3843173933504307,-6.824955220929851e-05,-0.6824955220929851
2026-07-04 00:00:00+00:00,0.9992062004505528,0.9998061828881584,0.9999334177449813,-0.0007937995494472494,-7.937995494472494,-0.00019381711184163208,-1.9381711184163208,-6.658225501865456e-05,-0.6658225501865456
2026-07-05 00:00:00+00:00,0.9989918283812833,0.9997075256288408,0.999566568508708,-0.0010081716187166911,-10.081716187166911,-0.0002924743711592015,-2.924743711592015,-0.0004334314912920467,-4.334314912920467
2026-07-06 00:00:00+00:00,0.9993213728523421,0.9998683456715727,0.9996122513431354,-0.0006786271476578731,-6.786271476578731,-0.00013165432842732194,-1.3165432842732194,-0.00038774865686463933,-3.8774865686463933
2026-07-07 00:00:00+00:00,0.9992674916535219,0.9999178368384769,0.9996228172328323,-0.000732508346478089,-7.3250834647808905,-8.216316152309666e-05,-0.8216316152309666,-0.00037718276716769417,-3.7718276716769417
2026-07-08 00:00:00+00:00,0.9992522592298588,0.9999038036544361,0.9998995205123727,-0.0007477407701411698,-7.477407701411698,-9.619634556390366e-05,-0.9619634556390366,-0.00010047948762725856,-1.0047948762725856
2026-07-09 00:00:00+00:00,0.9992408092981421,0.9998237907243462,0.9999451545752122,-0.0007591907018579258,-7.591907018579258,-0.00017620927565376032,-1.7620927565376032,-5.48454247878416e-05,-0.548454247878416
2026-07-10 00:00:00+00:00,0.9993370307868864,0.9999161011171076,0.9996838657903844,-0.0006629692131135956,-6.629692131135956,-8.3898882892397e-05,-0.83898882892397,-0.0003161342096156261,-3.161342096156261
2026-07-11 00:00:00+00:00,0.9993614536097437,0.9998350744389775,0.9996211170676055,-0.0006385463902562893,-6.385463902562893,-0.0001649255610225442,-1.6492556102254419,-0.00037888293239451976,-3.7888293239451976
2026-07-12 00:00:00+00:00,0.9993808450689111,0.9997949267627565,0.9996391140110538,-0.0006191549310888833,-6.191549310888833,-0.00020507323724350268,-2.050732372435027,-0.0003608859889462357,-3.608859889462357
2026-07-13 00:00:00+00:00,0.9987631829157283,0.999861685795366,0.9996339376382928,-0.001236817084271702,-12.368170842717019,-0.00013831420463394917,-1.3831420463394917,-0.00036606236170722006,-3.6606236170722006
2026-07-14 00:00:00+00:00,0.9993714606617163,0.9999489599971987,0.9999418160324769,-0.0006285393382836624,-6.285393382836624,-5.104000280131693e-05,-0.5104000280131693,-5.818396752310662e-05,-0.5818396752310662
2026-07-15 00:00:00+00:00,0.9993402920566492,0.9998375892852204,0.9996299090991139,-0.0006597079433507957,-6.5970794335079574,-0.0001624107147796261,-1.624107147796261,-0.00037009090088613306,-3.7009090088613306
2026-07-16 00:00:00+00:00,0.9992818650673837,0.9999074722544101,0.9998645149402158,-0.0007181349326162989,-7.181349326162989,-9.252774558987653e-05,-0.9252774558987653,-0.00013548505978422387,-1.3548505978422387
2026-07-17 00:00:00+00:00,0.9992952451745404,0.9998698561042162,0.9998191802333307,-0.0007047548254596192,-7.047548254596192,-0.00013014389578380747,-1.3014389578380747,-0.00018081976666928234,-1.8081976666928234
2026-07-18 00:00:00+00:00,0.9993335127606179,0.9999060199653153,0.9996922517428415,-0.0006664872393821186,-6.664872393821186,-9.398003468474858e-05,-0.9398003468474858,-0.0003077482571585133,-3.077482571585133
2026-07-19 00:00:00+00:00,0.9992150793999514,0.9998283971788023,0.999852139929231,-0.0007849206000486442,-7.849206000486442,-0.00017160282119765835,-1.7160282119765835,-0.00014786007076894592,-1.4786007076894592
2026-07-20 00:00:00+00:00,0.9992247232333488,0.9999072583975288,0.9998010027874863,-0.0007752767666512339,-7.752767666512339,-9.274160247119134e-05,-0.9274160247119134,-0.0001989972125137074,-1.9899721251370739
2026-07-21 00:00:00+00:00,0.999352307618134,0.9998820324335541,0.9997273508441752,-0.0006476923818660163,-6.476923818660163,-0.0001179675664458868,-1.179675664458868,-0.0002726491558248112,-2.726491558248112
2026-07-22 00:00:00+00:00,0.9994167178786635,0.9999370388540796,1.0000036736206204,-0.0005832821213365147,-5.832821213365147,-6.296114592041491e-05,-0.6296114592041491,3.6736206203702437e-06,0.03673620620370244
2026-07-23 00:00:00+00:00,0.9992136818894027,0.9998413820676004,0.9999474451521555,-0.0007863181105972616,-7.863181105972616,-0.000158617932399574,-1.58617932399574,-5.2554847844499264e-05,-0.5255484784449926
2026-07-24 00:00:00+00:00,0.9991050957248825,1.0000023379283145,0.999966297682012,-0.000894904275117514,-8.94904275117514,2.3379283144997487e-06,0.023379283144997487,-3.3702317988049124e-05,-0.33702317988049124
2026-07-25 00:00:00+00:00,0.999076201951677,0.9999270204208804,1.000005962939026,-0.000923798048322988,-9.23798048322988,-7.297957911955866e-05,-0.7297957911955866,5.9629390261051185e-06,0.059629390261051185
2026-07-26 00:00:00+00:00,0.9990481610192168,0.999921059101849,0.9997332665751802,-0.000951838980783215,-9.51838980783215,-7.894089815096983e-05,-0.7894089815096983,-0.00026673342481975393,-2.6673342481975393
2026-07-27 00:00:00+00:00,0.9990602910596382,0.9999470238190252,0.9999870621040549,-0.000939708940361772,-9.39708940361772,-5.297618097477308e-05,-0.5297618097477308,-1.2937895945142053e-05,-0.12937895945142053
2026-07-28 00:00:00+00:00,0.9989495097900075,0.9998601036737801,0.9998123574331866,-0.0010504902099924829,-10.504902099924829,-0.00013989632621991266,-1.3989632621991266,-0.0001876425668133619,-1.8764256681336189
