Date,Symbol,DeFiLlama_ID,Source,Circulating_Supply,Net_Mint_Burn_Units,Net_Flow_USD
2019-11-19 00:00:00+00:00,DAI,5,DeFiLlama,1827422.0,,
2019-11-20 00:00:00+00:00,DAI,5,DeFiLlama,7446885.0,5619463.0,5643392.306172043
2019-11-21 00:00:00+00:00,DAI,5,DeFiLlama,9798854.0,2351969.0,2361984.5192089807
2019-11-22 00:00:00+00:00,DAI,5,DeFiLlama,13541055.0,3742201.0,3758136.449199638
2019-11-23 00:00:00+00:00,DAI,5,DeFiLlama,15682080.0,2141025.0,2150142.1265849303
2019-11-24 00:00:00+00:00,DAI,5,DeFiLlama,18165767.0,2483687.0,2494263.3820251576
2019-11-25 00:00:00+00:00,DAI,5,DeFiLlama,18273066.0,107299.0,107755.91604720302
2019-11-26 00:00:00+00:00,DAI,5,DeFiLlama,20086232.0,1813166.0,1820886.9865682125
2019-11-27 00:00:00+00:00,DAI,5,DeFiLlama,20293699.0,207467.0,208350.46021782426
2019-11-28 00:00:00+00:00,DAI,5,DeFiLlama,20341826.0,48127.0,48331.9377900981
2019-11-29 00:00:00+00:00,DAI,5,DeFiLlama,21845899.0,1504073.0,1510477.835936072
2019-11-30 00:00:00+00:00,DAI,5,DeFiLlama,22943597.0,1097698.0,1102372.3408323466
2019-12-01 00:00:00+00:00,DAI,5,DeFiLlama,23613208.0,669611.0,672462.4010155672
2019-12-02 00:00:00+00:00,DAI,5,DeFiLlama,25862181.0,2248973.0,2258549.8082172573
2019-12-03 00:00:00+00:00,DAI,5,DeFiLlama,42784377.0,16922196.0,16994255.900908317
2019-12-04 00:00:00+00:00,DAI,5,DeFiLlama,49049831.0,6265454.0,6292134.19613617
2019-12-05 00:00:00+00:00,DAI,5,DeFiLlama,49841970.0,792139.0,795512.1645365944
2019-12-06 00:00:00+00:00,DAI,5,DeFiLlama,51021507.0,1179537.0,1184559.8482244166
2019-12-07 00:00:00+00:00,DAI,5,DeFiLlama,53645809.0,2624302.0,2635477.1166467075
2019-12-08 00:00:00+00:00,DAI,5,DeFiLlama,54241123.0,595314.0,597849.0258907803
2019-12-09 00:00:00+00:00,DAI,5,DeFiLlama,56471664.0,2230541.0,2240039.3014117135
2019-12-10 00:00:00+00:00,DAI,5,DeFiLlama,58127495.0,1655831.0,1662882.0447469824
2019-12-11 00:00:00+00:00,DAI,5,DeFiLlama,58851472.0,723977.0,727059.9085131295
2019-12-12 00:00:00+00:00,DAI,5,DeFiLlama,60863245.0,2011773.0,2020339.73441421
2019-12-13 00:00:00+00:00,DAI,5,DeFiLlama,61349714.0,486469.0,488540.53500950313
2019-12-14 00:00:00+00:00,DAI,5,DeFiLlama,62080164.0,730450.0,733560.4756778671
2019-12-15 00:00:00+00:00,DAI,5,DeFiLlama,62563339.0,483175.0,485232.50822298665
2019-12-16 00:00:00+00:00,DAI,5,DeFiLlama,63003778.0,440439.0,442314.528469261
2019-12-17 00:00:00+00:00,DAI,5,DeFiLlama,65599243.0,2595465.0,2606517.2980277375
2019-12-18 00:00:00+00:00,DAI,5,DeFiLlama,64959742.0,-639501.0,-642224.1962700684
2019-12-19 00:00:00+00:00,DAI,5,DeFiLlama,65556883.0,597141.0,599683.8066599963
2019-12-20 00:00:00+00:00,DAI,5,DeFiLlama,67957073.0,2400190.0,2410410.7430649637
2019-12-21 00:00:00+00:00,DAI,5,DeFiLlama,68785662.0,828589.0,832117.3807254774
2019-12-22 00:00:00+00:00,DAI,5,DeFiLlama,69045359.0,259697.0,260802.86829090136
2019-12-23 00:00:00+00:00,DAI,5,DeFiLlama,69398112.0,352753.0,354255.1281998853
2019-12-24 00:00:00+00:00,DAI,5,DeFiLlama,69072165.0,-325947.0,-327334.9801090642
2019-12-25 00:00:00+00:00,DAI,5,DeFiLlama,69188181.0,116016.0,116510.03255738145
2019-12-26 00:00:00+00:00,DAI,5,DeFiLlama,69352681.0,164500.0,165200.4914849651
2019-12-27 00:00:00+00:00,DAI,5,DeFiLlama,68928333.0,-424348.0,-426155.0040409073
2019-12-28 00:00:00+00:00,DAI,5,DeFiLlama,69996894.0,1068561.0,1073111.2567606498
2019-12-29 00:00:00+00:00,DAI,5,DeFiLlama,70295449.0,298555.0,299826.3405344349
2019-12-30 00:00:00+00:00,DAI,5,DeFiLlama,70770760.0,475311.0,477335.02269247925
2019-12-31 00:00:00+00:00,DAI,5,DeFiLlama,70767364.0,-3396.0,-3410.4612028222505
2020-01-01 00:00:00+00:00,DAI,5,DeFiLlama,71149777.0,382413.0,384041.4287651527
2020-01-02 00:00:00+00:00,DAI,5,DeFiLlama,72281645.0,1131868.0,1136687.8346177095
2020-01-03 00:00:00+00:00,DAI,5,DeFiLlama,72614968.0,333323.0,334742.3924603947
2020-01-04 00:00:00+00:00,DAI,5,DeFiLlama,73383340.0,768372.0,771643.966060798
2020-01-05 00:00:00+00:00,DAI,5,DeFiLlama,73547676.0,164336.0,165035.79406968618
2020-01-06 00:00:00+00:00,DAI,5,DeFiLlama,74106275.0,558599.0,560977.6839998772
2020-01-07 00:00:00+00:00,DAI,5,DeFiLlama,77855756.0,3749481.0,3765447.4551180266
2020-01-08 00:00:00+00:00,DAI,5,DeFiLlama,80886456.0,3030700.0,3043605.6374691455
2020-01-09 00:00:00+00:00,DAI,5,DeFiLlama,81729630.0,843174.0,846764.4849201691
2020-01-10 00:00:00+00:00,DAI,5,DeFiLlama,81784497.0,54867.0,55100.64086824426
2020-01-11 00:00:00+00:00,DAI,5,DeFiLlama,83329194.0,1544697.0,1551274.8072073278
2020-01-12 00:00:00+00:00,DAI,5,DeFiLlama,83101741.0,-227453.0,-228421.56545362872
2020-01-13 00:00:00+00:00,DAI,5,DeFiLlama,84458742.0,1357001.0,1362779.5228040812
2020-01-14 00:00:00+00:00,DAI,5,DeFiLlama,85495814.0,1037072.0,1041488.1658233233
2020-01-15 00:00:00+00:00,DAI,5,DeFiLlama,87284469.0,1788655.0,1796271.6407682446
2020-01-16 00:00:00+00:00,DAI,5,DeFiLlama,87663675.0,379206.0,380820.7762524672
2020-01-17 00:00:00+00:00,DAI,5,DeFiLlama,89222339.0,1558664.0,1565301.2678876307
2020-01-18 00:00:00+00:00,DAI,5,DeFiLlama,94452683.0,5230344.0,5252616.436981976
2020-01-19 00:00:00+00:00,DAI,5,DeFiLlama,95750977.0,1298294.0,1303822.5336741577
2020-01-20 00:00:00+00:00,DAI,5,DeFiLlama,96638682.0,887705.0,891485.1187984433
2020-01-21 00:00:00+00:00,DAI,5,DeFiLlama,97204216.0,565534.0,567942.2151020075
2020-01-22 00:00:00+00:00,DAI,5,DeFiLlama,98675240.0,1471024.0,1477288.0648610129
2020-01-23 00:00:00+00:00,DAI,5,DeFiLlama,99973323.0,1298083.0,1303610.6346121957
2020-01-24 00:00:00+00:00,DAI,5,DeFiLlama,100642563.0,669240.0,672089.8298386935
2020-01-25 00:00:00+00:00,DAI,5,DeFiLlama,101217363.0,574800.0,577247.6771045694
2020-01-26 00:00:00+00:00,DAI,5,DeFiLlama,101589118.0,371755.0,373338.044531748
2020-01-27 00:00:00+00:00,DAI,5,DeFiLlama,102572368.0,983250.0,987436.9838790306
2020-01-28 00:00:00+00:00,DAI,5,DeFiLlama,103533895.0,961527.0,965621.4854219963
2020-01-29 00:00:00+00:00,DAI,5,DeFiLlama,105889812.0,2355917.0,2365949.2328110663
2020-01-30 00:00:00+00:00,DAI,5,DeFiLlama,105739484.0,-150328.0,-150968.14251183596
2020-01-31 00:00:00+00:00,DAI,5,DeFiLlama,107294604.0,1555120.0,1561742.1876104786
2020-02-01 00:00:00+00:00,DAI,5,DeFiLlama,107092085.0,-202519.0,-203381.38812223147
2020-02-02 00:00:00+00:00,DAI,5,DeFiLlama,107414287.0,322202.0,323574.0350013216
2020-02-03 00:00:00+00:00,DAI,5,DeFiLlama,106714942.0,-699345.0,-702323.0258103407
2020-02-04 00:00:00+00:00,DAI,5,DeFiLlama,107667360.0,952418.0,956473.6822851419
2020-02-05 00:00:00+00:00,DAI,5,DeFiLlama,110469099.0,2801739.0,2813669.681596923
2020-02-06 00:00:00+00:00,DAI,5,DeFiLlama,111404177.0,935078.0,939059.8476254621
2020-02-07 00:00:00+00:00,DAI,5,DeFiLlama,112357810.0,953633.0,957693.8616649078
2020-02-08 00:00:00+00:00,DAI,5,DeFiLlama,113742950.0,1385140.0,1391038.358662405
2020-02-09 00:00:00+00:00,DAI,5,DeFiLlama,113854708.0,111758.0,112233.9005607568
2020-02-10 00:00:00+00:00,DAI,5,DeFiLlama,115593622.0,1738914.0,1746318.827707207
2020-02-11 00:00:00+00:00,DAI,5,DeFiLlama,115780846.0,187224.0,188021.25664398755
2020-02-12 00:00:00+00:00,DAI,5,DeFiLlama,116713432.0,932586.0,936557.2404924568
2020-02-13 00:00:00+00:00,DAI,5,DeFiLlama,118237905.0,1524473.0,1530964.6701982247
2020-02-14 00:00:00+00:00,DAI,5,DeFiLlama,121852078.0,3614173.0,3629563.2416728507
2020-02-15 00:00:00+00:00,DAI,5,DeFiLlama,123258195.0,1406117.0,1412104.6865958
2020-02-16 00:00:00+00:00,DAI,5,DeFiLlama,124417279.0,1159084.0,1164019.7357894639
2020-02-17 00:00:00+00:00,DAI,5,DeFiLlama,126511838.0,2094559.0,2103478.2877459656
2020-02-18 00:00:00+00:00,DAI,5,DeFiLlama,125802105.0,-709733.0,-712755.2610904007
2020-02-19 00:00:00+00:00,DAI,5,DeFiLlama,121601577.0,-4200528.0,-4218415.143086771
2020-02-20 00:00:00+00:00,DAI,5,DeFiLlama,119484617.0,-2116960.0,-2125974.680097941
2020-02-21 00:00:00+00:00,DAI,5,DeFiLlama,119994841.0,510224.0,512396.6909776062
2020-02-22 00:00:00+00:00,DAI,5,DeFiLlama,120669546.0,674705.0,677578.101178652
2020-02-23 00:00:00+00:00,DAI,5,DeFiLlama,119999880.0,-669666.0,-672517.6415794415
2020-02-24 00:00:00+00:00,DAI,5,DeFiLlama,121265667.0,1265787.0,1271177.1155020983
2020-02-25 00:00:00+00:00,DAI,5,DeFiLlama,122221848.0,956181.0,960252.7110650954
2020-02-26 00:00:00+00:00,DAI,5,DeFiLlama,124333572.0,2111724.0,2120716.3772440483
2020-02-27 00:00:00+00:00,DAI,5,DeFiLlama,122816784.0,-1516788.0,-1523246.9542557637
2020-02-28 00:00:00+00:00,DAI,5,DeFiLlama,122762632.0,-54152.0,-54382.59585161061
2020-02-29 00:00:00+00:00,DAI,5,DeFiLlama,120359117.0,-2403515.0,-2413749.903342553
2020-03-01 00:00:00+00:00,DAI,5,DeFiLlama,119609006.0,-750111.0,-753305.2037529516
2020-03-02 00:00:00+00:00,DAI,5,DeFiLlama,118898199.0,-710807.0,-713833.8342259331
2020-03-03 00:00:00+00:00,DAI,5,DeFiLlama,117598592.0,-1299607.0,-1305141.1266075447
2020-03-04 00:00:00+00:00,DAI,5,DeFiLlama,118062742.0,464150.0,466126.491618753
2020-03-05 00:00:00+00:00,DAI,5,DeFiLlama,118091309.0,28567.0,28688.647044517053
2020-03-06 00:00:00+00:00,DAI,5,DeFiLlama,117956145.0,-135164.0,-135739.56925967697
2020-03-07 00:00:00+00:00,DAI,5,DeFiLlama,121583103.0,3626958.0,3642402.6953126704
2020-03-08 00:00:00+00:00,DAI,5,DeFiLlama,122124690.0,541587.0,543893.2418404338
2020-03-09 00:00:00+00:00,DAI,5,DeFiLlama,120900824.0,-1223866.0,-1229077.5989249006
2020-03-10 00:00:00+00:00,DAI,5,DeFiLlama,120616081.0,-284743.0,-285955.5223970757
2020-03-11 00:00:00+00:00,DAI,5,DeFiLlama,119504803.0,-1111278.0,-1116010.1615924006
2020-03-12 00:00:00+00:00,DAI,5,DeFiLlama,120666966.0,1162163.0,1167111.8469730068
2020-03-13 00:00:00+00:00,DAI,5,DeFiLlama,113644743.0,-7022223.0,-7052125.768712161
2020-03-14 00:00:00+00:00,DAI,5,DeFiLlama,99870494.0,-13774249.0,-13832904.088005472
2020-03-15 00:00:00+00:00,DAI,5,DeFiLlama,97374034.0,-2496460.0,-2507090.67948977
2020-03-16 00:00:00+00:00,DAI,5,DeFiLlama,99441932.0,2067898.0,2076703.7388073674
2020-03-17 00:00:00+00:00,DAI,5,DeFiLlama,94982374.0,-4459558.0,-4478548.161973757
2020-03-18 00:00:00+00:00,DAI,5,DeFiLlama,92513458.0,-2468916.0,-2479429.4101366745
2020-03-19 00:00:00+00:00,DAI,5,DeFiLlama,95234502.0,2721044.0,2732631.0193832484
2020-03-20 00:00:00+00:00,DAI,5,DeFiLlama,82433488.0,-12801014.0,-12855524.632152045
2020-03-21 00:00:00+00:00,DAI,5,DeFiLlama,85363930.0,2930442.0,2942920.693509191
2020-03-22 00:00:00+00:00,DAI,5,DeFiLlama,84357672.0,-1006258.0,-1010542.9570933867
2020-03-23 00:00:00+00:00,DAI,5,DeFiLlama,83248500.0,-1109172.0,-1113895.1992847438
2020-03-24 00:00:00+00:00,DAI,5,DeFiLlama,83487153.0,238653.0,239669.2579462016
2020-03-25 00:00:00+00:00,DAI,5,DeFiLlama,84073256.0,586103.0,588598.8083582489
2020-03-26 00:00:00+00:00,DAI,5,DeFiLlama,83080450.0,-992806.0,-997033.6720009581
2020-03-27 00:00:00+00:00,DAI,5,DeFiLlama,83803875.0,723425.0,726505.5689566861
2020-03-28 00:00:00+00:00,DAI,5,DeFiLlama,82564357.0,-1239518.0,-1244796.2574934848
2020-03-29 00:00:00+00:00,DAI,5,DeFiLlama,83783726.0,1219369.0,1224561.4500673674
2020-03-30 00:00:00+00:00,DAI,5,DeFiLlama,83645144.0,-138582.0,-139172.12519404592
2020-03-31 00:00:00+00:00,DAI,5,DeFiLlama,83014573.0,-630571.0,-633256.1684178632
2020-04-01 00:00:00+00:00,DAI,5,DeFiLlama,84604916.0,1590343.0,1597115.1742550042
2020-04-02 00:00:00+00:00,DAI,5,DeFiLlama,85377599.0,772683.0,775973.3211791186
2020-04-03 00:00:00+00:00,DAI,5,DeFiLlama,87174649.0,1797050.0,1804702.4025906888
2020-04-04 00:00:00+00:00,DAI,5,DeFiLlama,87736192.0,561543.0,563934.2247883291
2020-04-05 00:00:00+00:00,DAI,5,DeFiLlama,87798252.0,62060.0,62324.27059527335
2020-04-06 00:00:00+00:00,DAI,5,DeFiLlama,87512093.0,-286159.0,-287377.5517015003
2020-04-07 00:00:00+00:00,DAI,5,DeFiLlama,87837562.0,325469.0,326854.94579037844
2020-04-08 00:00:00+00:00,DAI,5,DeFiLlama,82750900.0,-5086662.0,-5108322.523114988
2020-04-09 00:00:00+00:00,DAI,5,DeFiLlama,81205781.0,-1545119.0,-1551698.5882817872
2020-04-10 00:00:00+00:00,DAI,5,DeFiLlama,81806777.0,600996.0,603555.2227471326
2020-04-11 00:00:00+00:00,DAI,5,DeFiLlama,81417143.0,-389634.0,-391293.18028057064
2020-04-12 00:00:00+00:00,DAI,5,DeFiLlama,82301197.0,884054.0,887818.5758792063
2020-04-13 00:00:00+00:00,DAI,5,DeFiLlama,81588952.0,-712245.0,-715277.9595677978
2020-04-14 00:00:00+00:00,DAI,5,DeFiLlama,81930550.0,341598.0,343052.6273426701
2020-04-15 00:00:00+00:00,DAI,5,DeFiLlama,81971475.0,40925.0,41099.27136086059
2020-04-16 00:00:00+00:00,DAI,5,DeFiLlama,82443814.0,472339.0,474350.3640675212
2020-04-17 00:00:00+00:00,DAI,5,DeFiLlama,83107754.0,663940.0,666767.2577083481
2020-04-18 00:00:00+00:00,DAI,5,DeFiLlama,82938249.0,-169505.0,-170226.8052961909
2020-04-19 00:00:00+00:00,DAI,5,DeFiLlama,85096331.0,2158082.0,2167271.793389494
2020-04-20 00:00:00+00:00,DAI,5,DeFiLlama,88395293.0,3298962.0,3313009.981969673
2020-04-21 00:00:00+00:00,DAI,5,DeFiLlama,89671209.0,1275916.0,1281349.2343935722
2020-04-22 00:00:00+00:00,DAI,5,DeFiLlama,90443235.0,772026.0,775313.5232018182
2020-04-23 00:00:00+00:00,DAI,5,DeFiLlama,91076089.0,632854.0,635548.8869842226
2020-04-24 00:00:00+00:00,DAI,5,DeFiLlama,94361062.0,3284973.0,3298961.445423463
2020-04-25 00:00:00+00:00,DAI,5,DeFiLlama,96484374.0,2123312.0,2132353.712477919
2020-04-26 00:00:00+00:00,DAI,5,DeFiLlama,97159438.0,675064.0,677938.631737166
2020-04-27 00:00:00+00:00,DAI,5,DeFiLlama,97931890.0,772452.0,775741.3373430044
2020-04-28 00:00:00+00:00,DAI,5,DeFiLlama,98193617.0,261727.0,262841.51240589295
2020-04-29 00:00:00+00:00,DAI,5,DeFiLlama,98373950.0,180333.0,181100.91422964106
2020-04-30 00:00:00+00:00,DAI,5,DeFiLlama,101018886.0,2644936.0,2656198.9382409146
2020-05-01 00:00:00+00:00,DAI,5,DeFiLlama,101749293.0,730407.0,733517.2992033566
2020-05-02 00:00:00+00:00,DAI,5,DeFiLlama,100358351.0,-1390942.0,-1396865.0626487078
2020-05-03 00:00:00+00:00,DAI,5,DeFiLlama,108999256.0,8640905.0,8677700.602876041
2020-05-04 00:00:00+00:00,DAI,5,DeFiLlama,111837516.0,2838260.0,2850346.1703140833
2020-05-05 00:00:00+00:00,DAI,5,DeFiLlama,111891118.0,53602.0,53830.253900671545
2020-05-06 00:00:00+00:00,DAI,5,DeFiLlama,112363390.0,472272.0,474283.0757582519
2020-05-07 00:00:00+00:00,DAI,5,DeFiLlama,112285016.0,-78374.0,-78707.7405042183
2020-05-08 00:00:00+00:00,DAI,5,DeFiLlama,111873857.0,-411159.0,-412909.84040847
2020-05-09 00:00:00+00:00,DAI,5,DeFiLlama,111758621.0,-115236.0,-115726.71076233126
2020-05-10 00:00:00+00:00,DAI,5,DeFiLlama,112704064.0,945443.0,949468.9823115518
2020-05-11 00:00:00+00:00,DAI,5,DeFiLlama,110301833.0,-2402231.0,-2412460.4356111833
2020-05-12 00:00:00+00:00,DAI,5,DeFiLlama,109685940.0,-615893.0,-618515.6648079143
2020-05-13 00:00:00+00:00,DAI,5,DeFiLlama,109061154.0,-624786.0,-627446.5313104976
2020-05-14 00:00:00+00:00,DAI,5,DeFiLlama,108482288.0,-578866.0,-581330.9897462155
2020-05-15 00:00:00+00:00,DAI,5,DeFiLlama,109739788.0,1257500.0,1262854.8129462397
2020-05-16 00:00:00+00:00,DAI,5,DeFiLlama,110287510.0,547722.0,550054.3680499813
2020-05-17 00:00:00+00:00,DAI,5,DeFiLlama,110976490.0,688980.0,691913.8885791036
2020-05-18 00:00:00+00:00,DAI,5,DeFiLlama,111791114.0,814624.0,818092.9199320797
2020-05-19 00:00:00+00:00,DAI,5,DeFiLlama,114476290.0,2685176.0,2696610.299369765
2020-05-20 00:00:00+00:00,DAI,5,DeFiLlama,114782483.0,306193.0,307496.8636596404
2020-05-21 00:00:00+00:00,DAI,5,DeFiLlama,120124927.0,5342444.0,5365193.774797998
2020-05-22 00:00:00+00:00,DAI,5,DeFiLlama,119229932.0,-894995.0,-898806.1660703622
2020-05-23 00:00:00+00:00,DAI,5,DeFiLlama,124107292.0,4877360.0,4898129.298183705
2020-05-24 00:00:00+00:00,DAI,5,DeFiLlama,121333689.0,-2773603.0,-2785413.8508480936
2020-05-25 00:00:00+00:00,DAI,5,DeFiLlama,121216901.0,-116788.0,-117285.31937175988
2020-05-26 00:00:00+00:00,DAI,5,DeFiLlama,121256917.0,40016.0,40186.400354018566
2020-05-27 00:00:00+00:00,DAI,5,DeFiLlama,120523011.0,-733906.0,-737031.1971703894
2020-05-28 00:00:00+00:00,DAI,5,DeFiLlama,120650457.0,127446.0,127988.70452603426
2020-05-29 00:00:00+00:00,DAI,5,DeFiLlama,120836439.0,185982.0,186773.96744581326
2020-05-30 00:00:00+00:00,DAI,5,DeFiLlama,122347745.0,1511306.0,1517741.6017200318
2020-05-31 00:00:00+00:00,DAI,5,DeFiLlama,126153596.0,3805851.0,3822057.4596018335
2020-06-01 00:00:00+00:00,DAI,5,DeFiLlama,130156743.0,4003147.0,4020193.6482743504
2020-06-02 00:00:00+00:00,DAI,5,DeFiLlama,126002370.0,-4154373.0,-4172063.60307168
2020-06-03 00:00:00+00:00,DAI,5,DeFiLlama,121833234.0,-4169136.0,-4186889.484515925
2020-06-04 00:00:00+00:00,DAI,5,DeFiLlama,132406317.0,10573083.0,10618106.453591274
2020-06-05 00:00:00+00:00,DAI,5,DeFiLlama,132259957.0,-146360.0,-146983.24636503548
2020-06-06 00:00:00+00:00,DAI,5,DeFiLlama,132609400.0,349443.0,350931.03415981826
2020-06-07 00:00:00+00:00,DAI,5,DeFiLlama,132450127.0,-159273.0,-159951.23296650368
2020-06-08 00:00:00+00:00,DAI,5,DeFiLlama,135549642.0,3099515.0,3112713.6866640346
2020-06-09 00:00:00+00:00,DAI,5,DeFiLlama,135364072.0,-185570.0,-186360.21433796705
2020-06-10 00:00:00+00:00,DAI,5,DeFiLlama,121327220.0,-14036852.0,-14096625.161472717
2020-06-11 00:00:00+00:00,DAI,5,DeFiLlama,121599427.0,272207.0,273366.14166483696
2020-06-12 00:00:00+00:00,DAI,5,DeFiLlama,125923811.0,4324384.0,4342798.580556428
2020-06-13 00:00:00+00:00,DAI,5,DeFiLlama,123952238.0,-1971573.0,-1979968.5522472938
2020-06-14 00:00:00+00:00,DAI,5,DeFiLlama,123845060.0,-107178.0,-107634.3965802108
2020-06-15 00:00:00+00:00,DAI,5,DeFiLlama,119829991.0,-4015069.0,-4032166.400131132
2020-06-16 00:00:00+00:00,DAI,5,DeFiLlama,116341350.0,-3488641.0,-3503496.6988404985
2020-06-17 00:00:00+00:00,DAI,5,DeFiLlama,117505081.0,1163731.0,1168686.5267458009
2020-06-18 00:00:00+00:00,DAI,5,DeFiLlama,119156354.0,1651273.0,1658304.6227139006
2020-06-19 00:00:00+00:00,DAI,5,DeFiLlama,120463657.0,1307303.0,1312869.9058304946
2020-06-20 00:00:00+00:00,DAI,5,DeFiLlama,125014843.0,4551186.0,4570566.362454017
2020-06-21 00:00:00+00:00,DAI,5,DeFiLlama,126475657.0,1460814.0,1467034.5924544672
2020-06-22 00:00:00+00:00,DAI,5,DeFiLlama,125999318.0,-476339.0,-478367.3985379667
2020-06-23 00:00:00+00:00,DAI,5,DeFiLlama,130842492.0,4843174.0,4863797.740269576
2020-06-24 00:00:00+00:00,DAI,5,DeFiLlama,128045259.0,-2797233.0,-2809144.4763682736
2020-06-25 00:00:00+00:00,DAI,5,DeFiLlama,129833260.0,1788001.0,1795614.8588283926
2020-06-26 00:00:00+00:00,DAI,5,DeFiLlama,128732635.0,-1100625.0,-1105311.7984514958
2020-06-27 00:00:00+00:00,DAI,5,DeFiLlama,129428187.0,695552.0,698513.8741939111
2020-06-28 00:00:00+00:00,DAI,5,DeFiLlama,130070969.0,642782.0,645519.1625079844
2020-06-29 00:00:00+00:00,DAI,5,DeFiLlama,129354465.0,-716504.0,-719555.0938669492
2020-06-30 00:00:00+00:00,DAI,5,DeFiLlama,129257128.0,-97337.0,-97751.49118016145
2020-07-01 00:00:00+00:00,DAI,5,DeFiLlama,129588691.0,331563.0,332974.895943636
2020-07-02 00:00:00+00:00,DAI,5,DeFiLlama,148046336.0,18457645.0,18536243.350211214
2020-07-03 00:00:00+00:00,DAI,5,DeFiLlama,149186035.0,1139699.0,1144552.1887097878
2020-07-04 00:00:00+00:00,DAI,5,DeFiLlama,164978172.0,15792137.0,15859384.79580135
2020-07-05 00:00:00+00:00,DAI,5,DeFiLlama,170877175.0,5899003.0,5924122.784049239
2020-07-06 00:00:00+00:00,DAI,5,DeFiLlama,176652872.0,5775697.0,5800291.685687725
2020-07-07 00:00:00+00:00,DAI,5,DeFiLlama,182138141.0,5485269.0,5508626.955741955
2020-07-08 00:00:00+00:00,DAI,5,DeFiLlama,186937930.0,4799789.0,4820227.99831115
2020-07-09 00:00:00+00:00,DAI,5,DeFiLlama,189122931.0,2185001.0,2194305.4108191407
2020-07-10 00:00:00+00:00,DAI,5,DeFiLlama,189777883.0,654952.0,657740.9884545503
2020-07-11 00:00:00+00:00,DAI,5,DeFiLlama,192464453.0,2686570.0,2698010.2436413025
2020-07-12 00:00:00+00:00,DAI,5,DeFiLlama,201345310.0,8880857.0,8918674.409222148
2020-07-13 00:00:00+00:00,DAI,5,DeFiLlama,194491882.0,-6853428.0,-6882611.99540279
2020-07-14 00:00:00+00:00,DAI,5,DeFiLlama,198857973.0,4366091.0,4384683.171271448
2020-07-15 00:00:00+00:00,DAI,5,DeFiLlama,199399810.0,541837.0,544144.3093586297
2020-07-16 00:00:00+00:00,DAI,5,DeFiLlama,200950739.0,1550929.0,1557533.3322915575
2020-07-17 00:00:00+00:00,DAI,5,DeFiLlama,201961616.0,1010877.0,1015181.6267918305
2020-07-18 00:00:00+00:00,DAI,5,DeFiLlama,210379201.0,8417585.0,8453429.652155109
2020-07-19 00:00:00+00:00,DAI,5,DeFiLlama,212167295.0,1788094.0,1795708.2491728615
2020-07-20 00:00:00+00:00,DAI,5,DeFiLlama,221183786.0,9016491.0,9054885.967817344
2020-07-21 00:00:00+00:00,DAI,5,DeFiLlama,220578969.0,-604817.0,-607392.4965532593
2020-07-22 00:00:00+00:00,DAI,5,DeFiLlama,222782669.0,2203700.0,2213084.031146965
2020-07-23 00:00:00+00:00,DAI,5,DeFiLlama,224399095.0,1616426.0,1623309.243646709
2020-07-24 00:00:00+00:00,DAI,5,DeFiLlama,260784026.0,36384931.0,36539869.28402883
2020-07-25 00:00:00+00:00,DAI,5,DeFiLlama,285136547.0,24352521.0,24456221.514566723
2020-07-26 00:00:00+00:00,DAI,5,DeFiLlama,254444725.0,-30691822.0,-30822517.10956639
2020-07-27 00:00:00+00:00,DAI,5,DeFiLlama,276975318.0,22530593.0,22626535.187135525
2020-07-28 00:00:00+00:00,DAI,5,DeFiLlama,287337611.0,10362293.0,10406418.833462838
2020-07-29 00:00:00+00:00,DAI,5,DeFiLlama,301443470.0,14105859.0,14165926.085682435
2020-07-30 00:00:00+00:00,DAI,5,DeFiLlama,330149283.0,28705813.0,28828051.164191324
2020-07-31 00:00:00+00:00,DAI,5,DeFiLlama,347418058.0,17268775.0,17342310.757974546
2020-08-01 00:00:00+00:00,DAI,5,DeFiLlama,370563792.0,23145734.0,23244295.61678882
2020-08-02 00:00:00+00:00,DAI,5,DeFiLlama,368973994.0,-1589798.0,-1596567.8456189625
2020-08-03 00:00:00+00:00,DAI,5,DeFiLlama,369885940.0,911946.0,915829.3463127797
2020-08-04 00:00:00+00:00,DAI,5,DeFiLlama,385394038.0,15508098.0,15574136.277287636
2020-08-05 00:00:00+00:00,DAI,5,DeFiLlama,386659620.0,1265582.0,1270971.2387633133
2020-08-06 00:00:00+00:00,DAI,5,DeFiLlama,389543206.0,2883586.0,2895865.19029676
2020-08-07 00:00:00+00:00,DAI,5,DeFiLlama,380719416.0,-8823790.0,-8861364.403149957
2020-08-08 00:00:00+00:00,DAI,5,DeFiLlama,384611514.0,3892098.0,3908671.749146293
2020-08-09 00:00:00+00:00,DAI,5,DeFiLlama,383999249.0,-612265.0,-614872.2128296142
2020-08-10 00:00:00+00:00,DAI,5,DeFiLlama,383463405.0,-535844.0,-538125.7897907728
2020-08-11 00:00:00+00:00,DAI,5,DeFiLlama,424372186.0,40908781.0,41082983.14364984
2020-08-12 00:00:00+00:00,DAI,5,DeFiLlama,428380630.0,4008444.0,4025513.192298886
2020-08-13 00:00:00+00:00,DAI,5,DeFiLlama,425553141.0,-2827489.0,-2839529.3167380313
2020-08-14 00:00:00+00:00,DAI,5,DeFiLlama,435923683.0,10370542.0,10414702.954666402
2020-08-15 00:00:00+00:00,DAI,5,DeFiLlama,415657267.0,-20266416.0,-20352716.608944573
2020-08-16 00:00:00+00:00,DAI,5,DeFiLlama,415930725.0,273458.0,274622.4683011528
2020-08-17 00:00:00+00:00,DAI,5,DeFiLlama,423689537.0,7758812.0,7791851.419543684
2020-08-18 00:00:00+00:00,DAI,5,DeFiLlama,429635612.0,5946075.0,5971395.222011938
2020-08-19 00:00:00+00:00,DAI,5,DeFiLlama,428248084.0,-1387528.0,-1393436.5207982764
2020-08-20 00:00:00+00:00,DAI,5,DeFiLlama,422939403.0,-5308681.0,-5331286.995717751
2020-08-21 00:00:00+00:00,DAI,5,DeFiLlama,433406175.0,10466772.0,10511342.739370393
2020-08-22 00:00:00+00:00,DAI,5,DeFiLlama,435985038.0,2578863.0,2589844.5954565327
2020-08-23 00:00:00+00:00,DAI,5,DeFiLlama,443541608.0,7556570.0,7588748.2062712135
2020-08-24 00:00:00+00:00,DAI,5,DeFiLlama,445425129.0,1883521.0,1891541.6108923797
2020-08-25 00:00:00+00:00,DAI,5,DeFiLlama,449461906.0,4036777.0,4053966.837727469
2020-08-26 00:00:00+00:00,DAI,5,DeFiLlama,450681552.0,1219646.0,1224839.6259961224
2020-08-27 00:00:00+00:00,DAI,5,DeFiLlama,453067358.0,2385806.0,2395965.4949062737
2020-08-28 00:00:00+00:00,DAI,5,DeFiLlama,450446823.0,-2620535.0,-2631694.0491692065
2020-08-29 00:00:00+00:00,DAI,5,DeFiLlama,449994717.0,-452106.0,-454031.2064928043
2020-08-30 00:00:00+00:00,DAI,5,DeFiLlama,442729019.0,-7265698.0,-7296637.58773989
2020-08-31 00:00:00+00:00,DAI,5,DeFiLlama,448769575.0,6040556.0,6066278.546978466
2020-09-01 00:00:00+00:00,DAI,5,DeFiLlama,445706300.0,-3063275.0,-3076319.3636074923
2020-09-02 00:00:00+00:00,DAI,5,DeFiLlama,468313158.0,22606858.0,22703124.93206775
2020-09-03 00:00:00+00:00,DAI,5,DeFiLlama,493459666.0,25146508.0,25253589.563784633
2020-09-04 00:00:00+00:00,DAI,5,DeFiLlama,520082677.0,26623011.0,26736379.969252158
2020-09-05 00:00:00+00:00,DAI,5,DeFiLlama,467054805.0,-53027872.0,-53253680.98742608
2020-09-06 00:00:00+00:00,DAI,5,DeFiLlama,442472479.0,-24582326.0,-24687005.054512806
2020-09-07 00:00:00+00:00,DAI,5,DeFiLlama,432144170.0,-10328309.0,-10372290.121408457
2020-09-08 00:00:00+00:00,DAI,5,DeFiLlama,438965908.0,6821738.0,6850787.060912439
2020-09-09 00:00:00+00:00,DAI,5,DeFiLlama,440052030.0,1086122.0,1090747.041804702
2020-09-10 00:00:00+00:00,DAI,5,DeFiLlama,438478453.0,-1573577.0,-1580277.7780246136
2020-09-11 00:00:00+00:00,DAI,5,DeFiLlama,462422579.0,23944126.0,24046087.42355597
2020-09-12 00:00:00+00:00,DAI,5,DeFiLlama,467274663.0,4852084.0,4872745.6739739645
2020-09-13 00:00:00+00:00,DAI,5,DeFiLlama,473702955.0,6428292.0,6455665.646124956
2020-09-14 00:00:00+00:00,DAI,5,DeFiLlama,473768021.0,65066.0,65343.07104718239
2020-09-15 00:00:00+00:00,DAI,5,DeFiLlama,542737180.0,68969159.0,69262850.91192977
2020-09-16 00:00:00+00:00,DAI,5,DeFiLlama,614117909.0,71380729.0,71684690.10553761
2020-09-17 00:00:00+00:00,DAI,5,DeFiLlama,576012225.0,-38105684.0,-38267949.70820699
2020-09-18 00:00:00+00:00,DAI,5,DeFiLlama,638473703.0,62461478.0,62727458.24303125
2020-09-19 00:00:00+00:00,DAI,5,DeFiLlama,696586954.0,58113251.0,58360715.05498937
2020-09-20 00:00:00+00:00,DAI,5,DeFiLlama,786231125.0,89644171.0,90025903.45752183
2020-09-21 00:00:00+00:00,DAI,5,DeFiLlama,807885340.0,21654215.0,21746425.300714407
2020-09-22 00:00:00+00:00,DAI,5,DeFiLlama,835983752.0,28098412.0,28218063.648945563
2020-09-23 00:00:00+00:00,DAI,5,DeFiLlama,850969076.0,14985324.0,15049136.117603803
2020-09-24 00:00:00+00:00,DAI,5,DeFiLlama,895329363.0,44360287.0,44549186.75564529
2020-09-25 00:00:00+00:00,DAI,5,DeFiLlama,905894982.0,10565619.0,10610610.650010487
2020-09-26 00:00:00+00:00,DAI,5,DeFiLlama,904955087.0,-939895.0,-943897.3618922592
2020-09-27 00:00:00+00:00,DAI,5,DeFiLlama,926941252.0,21986165.0,22079788.85403273
2020-09-28 00:00:00+00:00,DAI,5,DeFiLlama,926075192.0,-866060.0,-869747.9498536227
2020-09-29 00:00:00+00:00,DAI,5,DeFiLlama,912251123.0,-13824069.0,-13882936.124596026
2020-09-30 00:00:00+00:00,DAI,5,DeFiLlama,912393640.0,142517.0,143123.88125993623
2020-10-01 00:00:00+00:00,DAI,5,DeFiLlama,905012707.0,-7380933.0,-7412363.279106486
2020-10-02 00:00:00+00:00,DAI,5,DeFiLlama,879787761.0,-25224946.0,-25332361.58186898
2020-10-03 00:00:00+00:00,DAI,5,DeFiLlama,879406014.0,-381747.0,-383372.596449644
2020-10-04 00:00:00+00:00,DAI,5,DeFiLlama,873047487.0,-6358527.0,-6385603.558393448
2020-10-05 00:00:00+00:00,DAI,5,DeFiLlama,870811583.0,-2235904.0,-2245425.165501576
2020-10-06 00:00:00+00:00,DAI,5,DeFiLlama,868989851.0,-1821732.0,-1829489.495038722
2020-10-07 00:00:00+00:00,DAI,5,DeFiLlama,879910778.0,10920927.0,10967431.669505294
2020-10-08 00:00:00+00:00,DAI,5,DeFiLlama,874601045.0,-5309733.0,-5332343.474706854
2020-10-09 00:00:00+00:00,DAI,5,DeFiLlama,877710216.0,3109171.0,3122410.8062036
2020-10-10 00:00:00+00:00,DAI,5,DeFiLlama,895570110.0,17859894.0,17935946.902298324
2020-10-11 00:00:00+00:00,DAI,5,DeFiLlama,902553745.0,6983635.0,7013373.462345958
2020-10-12 00:00:00+00:00,DAI,5,DeFiLlama,916255255.0,13701510.0,13759855.248412756
2020-10-13 00:00:00+00:00,DAI,5,DeFiLlama,918663868.0,2408613.0,2418869.614175653
2020-10-14 00:00:00+00:00,DAI,5,DeFiLlama,939968264.0,21304396.0,21395116.671346948
2020-10-15 00:00:00+00:00,DAI,5,DeFiLlama,919880371.0,-20087893.0,-20173433.43671257
2020-10-16 00:00:00+00:00,DAI,5,DeFiLlama,916510954.0,-3369417.0,-3383765.011956598
2020-10-17 00:00:00+00:00,DAI,5,DeFiLlama,914504042.0,-2006912.0,-2015458.047497916
2020-10-18 00:00:00+00:00,DAI,5,DeFiLlama,911111878.0,-3392164.0,-3406608.8753791973
2020-10-19 00:00:00+00:00,DAI,5,DeFiLlama,912591980.0,1480102.0,1486404.7290048
2020-10-20 00:00:00+00:00,DAI,5,DeFiLlama,908877157.0,-3714823.0,-3730641.856948997
2020-10-21 00:00:00+00:00,DAI,5,DeFiLlama,915037891.0,6160734.0,6186968.294990313
2020-10-22 00:00:00+00:00,DAI,5,DeFiLlama,925408778.0,10370887.0,10415049.424325658
2020-10-23 00:00:00+00:00,DAI,5,DeFiLlama,920335887.0,-5072891.0,-5094492.928633738
2020-10-24 00:00:00+00:00,DAI,5,DeFiLlama,944023837.0,23687950.0,23788820.5805326
2020-10-25 00:00:00+00:00,DAI,5,DeFiLlama,940605460.0,-3418377.0,-3432933.503015915
2020-10-26 00:00:00+00:00,DAI,5,DeFiLlama,941736520.0,1131060.0,1135876.4016579075
2020-10-27 00:00:00+00:00,DAI,5,DeFiLlama,936683109.0,-5053411.0,-5074929.979536264
2020-10-28 00:00:00+00:00,DAI,5,DeFiLlama,951070598.0,14387489.0,14448755.35139975
2020-10-29 00:00:00+00:00,DAI,5,DeFiLlama,949416509.0,-1654089.0,-1661132.6188262268
2020-10-30 00:00:00+00:00,DAI,5,DeFiLlama,944896121.0,-4520388.0,-4539637.200981009
2020-10-31 00:00:00+00:00,DAI,5,DeFiLlama,933332297.0,-11563824.0,-11613066.319455257
2020-11-01 00:00:00+00:00,DAI,5,DeFiLlama,934987784.0,1655487.0,1662536.5736059179
2020-11-02 00:00:00+00:00,DAI,5,DeFiLlama,945481140.0,10493356.0,10538039.94288584
2020-11-03 00:00:00+00:00,DAI,5,DeFiLlama,954232998.0,8751858.0,8789126.097679835
2020-11-04 00:00:00+00:00,DAI,5,DeFiLlama,960429815.0,6196817.0,6223204.955633699
2020-11-05 00:00:00+00:00,DAI,5,DeFiLlama,950721834.0,-9707981.0,-9749320.569158508
2020-11-06 00:00:00+00:00,DAI,5,DeFiLlama,954813316.0,4091482.0,4108904.785467328
2020-11-07 00:00:00+00:00,DAI,5,DeFiLlama,960717585.0,5904269.0,5929411.193594113
2020-11-08 00:00:00+00:00,DAI,5,DeFiLlama,961963364.0,1245779.0,1251083.9090131097
2020-11-09 00:00:00+00:00,DAI,5,DeFiLlama,960402760.0,-1560604.0,-1567249.5312693603
2020-11-10 00:00:00+00:00,DAI,5,DeFiLlama,965004127.0,4601367.0,4620961.03412088
2020-11-11 00:00:00+00:00,DAI,5,DeFiLlama,971958282.0,6954155.0,6983767.928661721
2020-11-12 00:00:00+00:00,DAI,5,DeFiLlama,1000763129.0,28804847.0,28927506.89204602
2020-11-13 00:00:00+00:00,DAI,5,DeFiLlama,997895359.0,-2867770.0,-2879981.8456617156
2020-11-14 00:00:00+00:00,DAI,5,DeFiLlama,1004871785.0,6976426.0,7006133.766752131
2020-11-15 00:00:00+00:00,DAI,5,DeFiLlama,1008866537.0,3994752.0,4011762.882635835
2020-11-16 00:00:00+00:00,DAI,5,DeFiLlama,1017953549.0,9087012.0,9125707.289277986
2020-11-17 00:00:00+00:00,DAI,5,DeFiLlama,1016148605.0,-1804944.0,-1812630.0061712253
2020-11-18 00:00:00+00:00,DAI,5,DeFiLlama,1016200633.0,52028.0,52249.55118282828
2020-11-19 00:00:00+00:00,DAI,5,DeFiLlama,1003569677.0,-12630956.0,-12684742.49111341
2020-11-20 00:00:00+00:00,DAI,5,DeFiLlama,994993027.0,-8576650.0,-8613172.010698372
2020-11-21 00:00:00+00:00,DAI,5,DeFiLlama,1003964085.0,8971058.0,9009259.52541503
2020-11-22 00:00:00+00:00,DAI,5,DeFiLlama,1021430147.0,17466062.0,17540437.851597913
2020-11-23 00:00:00+00:00,DAI,5,DeFiLlama,1019106432.0,-2323715.0,-2333610.0940095084
2020-11-24 00:00:00+00:00,DAI,5,DeFiLlama,1021978287.0,2871855.0,2884084.242235153
2020-11-25 00:00:00+00:00,DAI,5,DeFiLlama,1040327444.0,18349157.0,18427293.35009838
2020-11-26 00:00:00+00:00,DAI,5,DeFiLlama,1046944869.0,6617425.0,6645604.0293214815
2020-11-27 00:00:00+00:00,DAI,5,DeFiLlama,1018550644.0,-28394225.0,-28515136.345554013
2020-11-28 00:00:00+00:00,DAI,5,DeFiLlama,1018400752.0,-149892.0,-150530.28614533073
2020-11-29 00:00:00+00:00,DAI,5,DeFiLlama,1018766804.0,366052.0,367610.76186121197
2020-11-30 00:00:00+00:00,DAI,5,DeFiLlama,1032744526.0,13977722.0,14037243.44166501
2020-12-01 00:00:00+00:00,DAI,5,DeFiLlama,1053153622.0,20409096.0,20496004.207200363
2020-12-02 00:00:00+00:00,DAI,5,DeFiLlama,1060561105.0,7407483.0,7439026.338266384
2020-12-03 00:00:00+00:00,DAI,5,DeFiLlama,1075054852.0,14493747.0,14555465.843158621
2020-12-04 00:00:00+00:00,DAI,5,DeFiLlama,1082410957.0,7356105.0,7387429.559156412
2020-12-05 00:00:00+00:00,DAI,5,DeFiLlama,1069432514.0,-12978443.0,-13033709.195156654
2020-12-06 00:00:00+00:00,DAI,5,DeFiLlama,1072362248.0,2929734.0,2942209.707709576
2020-12-07 00:00:00+00:00,DAI,5,DeFiLlama,1080081107.0,7718859.0,7751728.271751185
2020-12-08 00:00:00+00:00,DAI,5,DeFiLlama,1075282317.0,-4798790.0,-4819224.724540876
2020-12-09 00:00:00+00:00,DAI,5,DeFiLlama,1070751653.0,-4530664.0,-4549956.961360256
2020-12-10 00:00:00+00:00,DAI,5,DeFiLlama,1085108811.0,14357158.0,14418295.193746246
2020-12-11 00:00:00+00:00,DAI,5,DeFiLlama,1084066686.0,-1042125.0,-1046562.6884155307
2020-12-12 00:00:00+00:00,DAI,5,DeFiLlama,1067245734.0,-16820952.0,-16892580.777966443
2020-12-13 00:00:00+00:00,DAI,5,DeFiLlama,1096918108.0,29672374.0,29798728.103400044
2020-12-14 00:00:00+00:00,DAI,5,DeFiLlama,1096278224.0,-639884.0,-642608.8223791007
2020-12-15 00:00:00+00:00,DAI,5,DeFiLlama,1097264907.0,986683.0,990884.5992746527
2020-12-16 00:00:00+00:00,DAI,5,DeFiLlama,1099420117.0,2155210.0,2164387.5470445477
2020-12-17 00:00:00+00:00,DAI,5,DeFiLlama,1116445402.0,17025285.0,17097783.901417736
2020-12-18 00:00:00+00:00,DAI,5,DeFiLlama,1126334598.0,9889196.0,9931307.236914774
2020-12-19 00:00:00+00:00,DAI,5,DeFiLlama,1125881485.0,-453113.0,-455042.49465862295
2020-12-20 00:00:00+00:00,DAI,5,DeFiLlama,1136671407.0,10789922.0,10835868.802193917
2020-12-21 00:00:00+00:00,DAI,5,DeFiLlama,1126025514.0,-10645893.0,-10691226.4870323
2020-12-22 00:00:00+00:00,DAI,5,DeFiLlama,1127354335.0,1328821.0,1334479.5291142398
2020-12-23 00:00:00+00:00,DAI,5,DeFiLlama,1124828786.0,-2525549.0,-2536303.5623271717
2020-12-24 00:00:00+00:00,DAI,5,DeFiLlama,1122542253.0,-2286533.0,-2296269.7604293553
2020-12-25 00:00:00+00:00,DAI,5,DeFiLlama,1118199010.0,-4343243.0,-4361737.867228999
2020-12-26 00:00:00+00:00,DAI,5,DeFiLlama,1119210792.0,1011782.0,1016090.4791414413
2020-12-27 00:00:00+00:00,DAI,5,DeFiLlama,1129131575.0,9920783.0,9963028.740663117
2020-12-28 00:00:00+00:00,DAI,5,DeFiLlama,1108801925.0,-20329650.0,-20416219.8909238
2020-12-29 00:00:00+00:00,DAI,5,DeFiLlama,1133629308.0,24827383.0,24933105.627194095
2020-12-30 00:00:00+00:00,DAI,5,DeFiLlama,1139324984.0,5695676.0,5719929.939206951
2020-12-31 00:00:00+00:00,DAI,5,DeFiLlama,1157751638.0,18426654.0,18517062.875201914
2021-01-01 00:00:00+00:00,DAI,5,DeFiLlama,1168798537.0,11046899.0,11075865.559260368
2021-01-02 00:00:00+00:00,DAI,5,DeFiLlama,1206386946.0,37588409.0,37740094.67146141
2021-01-03 00:00:00+00:00,DAI,5,DeFiLlama,1184381402.0,-22005544.0,-22126415.603104606
2021-01-04 00:00:00+00:00,DAI,5,DeFiLlama,1237248731.0,52867329.0,53282415.06414274
2021-01-05 00:00:00+00:00,DAI,5,DeFiLlama,1313564234.0,76315503.0,76468500.40312724
2021-01-06 00:00:00+00:00,DAI,5,DeFiLlama,1320464128.0,6899894.0,6903302.493923362
2021-01-07 00:00:00+00:00,DAI,5,DeFiLlama,1313903814.0,-6560314.0,-6599924.455797793
2021-01-08 00:00:00+00:00,DAI,5,DeFiLlama,1363763940.0,49860126.0,49877932.50965668
2021-01-09 00:00:00+00:00,DAI,5,DeFiLlama,1391136962.0,27373022.0,27333862.125956222
2021-01-10 00:00:00+00:00,DAI,5,DeFiLlama,1414793450.0,23656488.0,23797289.500130754
2021-01-11 00:00:00+00:00,DAI,5,DeFiLlama,1430017174.0,15223724.0,15229298.733025895
2021-01-12 00:00:00+00:00,DAI,5,DeFiLlama,1373642116.0,-56375058.0,-56931182.783731796
2021-01-13 00:00:00+00:00,DAI,5,DeFiLlama,1368345717.0,-5296399.0,-5313322.672480719
2021-01-14 00:00:00+00:00,DAI,5,DeFiLlama,1368857292.0,511575.0,512302.29854902945
2021-01-15 00:00:00+00:00,DAI,5,DeFiLlama,1408197772.0,39340480.0,39402673.28499559
2021-01-16 00:00:00+00:00,DAI,5,DeFiLlama,1291623497.0,-116574275.0,-116512255.11205447
2021-01-17 00:00:00+00:00,DAI,5,DeFiLlama,1369636167.0,78012670.0,78132172.50315602
2021-01-18 00:00:00+00:00,DAI,5,DeFiLlama,1383583488.0,13947321.0,13937692.112725629
2021-01-19 00:00:00+00:00,DAI,5,DeFiLlama,1404435449.0,20851961.0,20873275.400670826
2021-01-20 00:00:00+00:00,DAI,5,DeFiLlama,1403869964.0,-565485.0,-565005.6885422331
2021-01-21 00:00:00+00:00,DAI,5,DeFiLlama,1408636839.0,4766875.0,4758115.952436943
2021-01-22 00:00:00+00:00,DAI,5,DeFiLlama,1412074525.0,3437686.0,3441682.030896097
2021-01-23 00:00:00+00:00,DAI,5,DeFiLlama,1443167176.0,31092651.0,31128793.68945569
2021-01-24 00:00:00+00:00,DAI,5,DeFiLlama,1462161634.0,18994458.0,18972219.611275945
2021-01-25 00:00:00+00:00,DAI,5,DeFiLlama,1532763463.0,70601829.0,70667130.84597382
2021-01-26 00:00:00+00:00,DAI,5,DeFiLlama,1575230489.0,42467026.0,42542993.29959135
2021-01-27 00:00:00+00:00,DAI,5,DeFiLlama,1594043516.0,18813027.0,18850187.70946194
2021-01-28 00:00:00+00:00,DAI,5,DeFiLlama,1605464380.0,11420864.0,11425960.123209989
2021-01-29 00:00:00+00:00,DAI,5,DeFiLlama,1617008898.0,11544518.0,11503828.881253831
2021-01-30 00:00:00+00:00,DAI,5,DeFiLlama,1626810493.0,9801595.0,9745231.257763058
2021-01-31 00:00:00+00:00,DAI,5,DeFiLlama,1647927266.0,21116773.0,21029078.39821207
2021-02-01 00:00:00+00:00,DAI,5,DeFiLlama,1645893458.0,-2033808.0,-2033925.6039723856
2021-02-02 00:00:00+00:00,DAI,5,DeFiLlama,1655223136.0,9329678.0,9319500.845646907
2021-02-03 00:00:00+00:00,DAI,5,DeFiLlama,1706483387.0,51260251.0,51289931.40982609
2021-02-04 00:00:00+00:00,DAI,5,DeFiLlama,1735622927.0,29139540.0,29120317.492386974
2021-02-05 00:00:00+00:00,DAI,5,DeFiLlama,1769120897.0,33497970.0,33541251.153345652
2021-02-06 00:00:00+00:00,DAI,5,DeFiLlama,1818259930.0,49139033.0,49220369.12096359
2021-02-07 00:00:00+00:00,DAI,5,DeFiLlama,1826607595.0,8347665.0,8337250.309809163
2021-02-08 00:00:00+00:00,DAI,5,DeFiLlama,1801487094.0,-25120501.0,-25135452.581101768
2021-02-09 00:00:00+00:00,DAI,5,DeFiLlama,1891195984.0,89708890.0,89692709.49305207
2021-02-10 00:00:00+00:00,DAI,5,DeFiLlama,1951419253.0,60223269.0,60059722.620826185
2021-02-11 00:00:00+00:00,DAI,5,DeFiLlama,1965541573.0,14122320.0,14126665.867940713
2021-02-12 00:00:00+00:00,DAI,5,DeFiLlama,2030169942.0,64628369.0,64630887.67187132
2021-02-13 00:00:00+00:00,DAI,5,DeFiLlama,2047789093.0,17619151.0,17584808.133748878
2021-02-14 00:00:00+00:00,DAI,5,DeFiLlama,2070809898.0,23020805.0,23012905.359810326
2021-02-15 00:00:00+00:00,DAI,5,DeFiLlama,2069338903.0,-1470995.0,-1468491.285339804
2021-02-16 00:00:00+00:00,DAI,5,DeFiLlama,2118562316.0,49223413.0,49326876.06046732
2021-02-17 00:00:00+00:00,DAI,5,DeFiLlama,2196279672.0,77717356.0,77808774.1552223
2021-02-18 00:00:00+00:00,DAI,5,DeFiLlama,2254469387.0,58189715.0,58254532.38286488
2021-02-19 00:00:00+00:00,DAI,5,DeFiLlama,2300764014.0,46294627.0,46355213.30422562
2021-02-20 00:00:00+00:00,DAI,5,DeFiLlama,2323494929.0,22730915.0,22838218.770993285
2021-02-21 00:00:00+00:00,DAI,5,DeFiLlama,2357690696.0,34195767.0,34275172.924337655
2021-02-22 00:00:00+00:00,DAI,5,DeFiLlama,2384083962.0,26393266.0,26504733.72318572
2021-02-23 00:00:00+00:00,DAI,5,DeFiLlama,2368499490.0,-15584472.0,-15641876.956025386
2021-02-24 00:00:00+00:00,DAI,5,DeFiLlama,2303952211.0,-64547279.0,-64982274.685147665
2021-02-25 00:00:00+00:00,DAI,5,DeFiLlama,2324728000.0,20775789.0,20983149.05635102
2021-02-26 00:00:00+00:00,DAI,5,DeFiLlama,2334553910.0,9825910.0,9805780.771839336
2021-02-27 00:00:00+00:00,DAI,5,DeFiLlama,2314997565.0,-19556345.0,-19704453.854822423
2021-02-28 00:00:00+00:00,DAI,5,DeFiLlama,2322934280.0,7936715.0,7986594.660689043
2021-03-01 00:00:00+00:00,DAI,5,DeFiLlama,2355458417.0,32524137.0,32696994.427607846
2021-03-02 00:00:00+00:00,DAI,5,DeFiLlama,2462539959.0,107081542.0,107653943.54103325
2021-03-03 00:00:00+00:00,DAI,5,DeFiLlama,2526670520.0,64130561.0,64554687.437630385
2021-03-04 00:00:00+00:00,DAI,5,DeFiLlama,2529513594.0,2843074.0,2844738.2149658995
2021-03-05 00:00:00+00:00,DAI,5,DeFiLlama,2560638680.0,31125086.0,31324303.062612813
2021-03-06 00:00:00+00:00,DAI,5,DeFiLlama,2550377194.0,-10261486.0,-10274823.146109153
2021-03-07 00:00:00+00:00,DAI,5,DeFiLlama,2582625204.0,32248010.0,32332960.101453993
2021-03-08 00:00:00+00:00,DAI,5,DeFiLlama,2551483990.0,-31141214.0,-31120677.86683252
2021-03-09 00:00:00+00:00,DAI,5,DeFiLlama,2571575541.0,20091551.0,20141602.05626552
2021-03-10 00:00:00+00:00,DAI,5,DeFiLlama,2634061160.0,62485619.0,62741762.10120384
2021-03-11 00:00:00+00:00,DAI,5,DeFiLlama,2626611377.0,-7449783.0,-7444891.1322151
2021-03-12 00:00:00+00:00,DAI,5,DeFiLlama,2664592770.0,37981393.0,38155853.84515115
2021-03-13 00:00:00+00:00,DAI,5,DeFiLlama,2717830655.0,53237885.0,53493617.79265498
2021-03-14 00:00:00+00:00,DAI,5,DeFiLlama,2746532427.0,28701772.0,28841941.23026425
2021-03-15 00:00:00+00:00,DAI,5,DeFiLlama,2760920084.0,14387657.0,14461708.510906944
2021-03-16 00:00:00+00:00,DAI,5,DeFiLlama,2777224739.0,16304655.0,16360609.09276293
2021-03-17 00:00:00+00:00,DAI,5,DeFiLlama,2806863352.0,29638613.0,29664170.92224093
2021-03-18 00:00:00+00:00,DAI,5,DeFiLlama,2855121286.0,48257934.0,48444926.02374476
2021-03-19 00:00:00+00:00,DAI,5,DeFiLlama,2873992089.0,18870803.0,18950269.16164457
2021-03-20 00:00:00+00:00,DAI,5,DeFiLlama,2871152682.0,-2839407.0,-2844126.5179415364
2021-03-21 00:00:00+00:00,DAI,5,DeFiLlama,2872010683.0,858001.0,861636.0021193649
2021-03-22 00:00:00+00:00,DAI,5,DeFiLlama,2893058265.0,21047582.0,21110663.02468139
2021-03-23 00:00:00+00:00,DAI,5,DeFiLlama,2920382550.0,27324285.0,27441676.636350453
2021-03-24 00:00:00+00:00,DAI,5,DeFiLlama,2916556410.0,-3826140.0,-3823682.599080112
2021-03-25 00:00:00+00:00,DAI,5,DeFiLlama,2915360929.0,-1195481.0,-1198164.652156872
2021-03-26 00:00:00+00:00,DAI,5,DeFiLlama,2922014258.0,6653329.0,6653572.9633141495
2021-03-27 00:00:00+00:00,DAI,5,DeFiLlama,2959347421.0,37333163.0,37379582.27798052
2021-03-28 00:00:00+00:00,DAI,5,DeFiLlama,2976048952.0,16701531.0,16741370.915272517
2021-03-29 00:00:00+00:00,DAI,5,DeFiLlama,2993764422.0,17715470.0,17760294.748871442
2021-03-30 00:00:00+00:00,DAI,5,DeFiLlama,2987650645.0,-6113777.0,-6109221.097813313
2021-03-31 00:00:00+00:00,DAI,5,DeFiLlama,3014474386.0,26823741.0,26832140.377064202
2021-04-01 00:00:00+00:00,DAI,5,DeFiLlama,3011705402.0,-2768984.0,-2766550.1559686004
2021-04-02 00:00:00+00:00,DAI,5,DeFiLlama,2962556910.0,-49148492.0,-49200535.26332524
2021-04-03 00:00:00+00:00,DAI,5,DeFiLlama,3034608561.0,72051651.0,72222785.70109136
2021-04-04 00:00:00+00:00,DAI,5,DeFiLlama,3060622618.0,26014057.0,26004087.253904004
2021-04-05 00:00:00+00:00,DAI,5,DeFiLlama,3063684864.0,3062246.0,3067509.503826333
2021-04-06 00:00:00+00:00,DAI,5,DeFiLlama,3050018661.0,-13666203.0,-13679759.163133383
2021-04-07 00:00:00+00:00,DAI,5,DeFiLlama,3063203544.0,13184883.0,13184587.192722986
2021-04-08 00:00:00+00:00,DAI,5,DeFiLlama,3053418874.0,-9784670.0,-9806869.57228228
2021-04-09 00:00:00+00:00,DAI,5,DeFiLlama,3042130829.0,-11288045.0,-11294585.31701204
2021-04-10 00:00:00+00:00,DAI,5,DeFiLlama,3046156927.0,4026098.0,4020897.651653467
2021-04-11 00:00:00+00:00,DAI,5,DeFiLlama,3113531052.0,67374125.0,67430216.13161476
2021-04-12 00:00:00+00:00,DAI,5,DeFiLlama,3144341190.0,30810138.0,30875016.306397505
2021-04-13 00:00:00+00:00,DAI,5,DeFiLlama,3129418363.0,-14922827.0,-14937318.713840595
2021-04-14 00:00:00+00:00,DAI,5,DeFiLlama,3168233746.0,38815383.0,38846672.3960456
2021-04-15 00:00:00+00:00,DAI,5,DeFiLlama,3147936581.0,-20297165.0,-20334843.7449469
2021-04-16 00:00:00+00:00,DAI,5,DeFiLlama,3197460209.0,49523628.0,49599176.316990346
2021-04-17 00:00:00+00:00,DAI,5,DeFiLlama,3322633591.0,125173382.0,124767485.77572036
2021-04-18 00:00:00+00:00,DAI,5,DeFiLlama,3438662610.0,116029019.0,116136302.3514062
2021-04-19 00:00:00+00:00,DAI,5,DeFiLlama,3438712732.0,50122.0,50066.56116578918
2021-04-20 00:00:00+00:00,DAI,5,DeFiLlama,3426128927.0,-12583805.0,-12569194.565824782
2021-04-21 00:00:00+00:00,DAI,5,DeFiLlama,3441227995.0,15099068.0,15147750.84810487
2021-04-22 00:00:00+00:00,DAI,5,DeFiLlama,3434759752.0,-6468243.0,-6431138.190155357
2021-04-23 00:00:00+00:00,DAI,5,DeFiLlama,3453534580.0,18774828.0,18809865.69691045
2021-04-24 00:00:00+00:00,DAI,5,DeFiLlama,3431371782.0,-22162798.0,-22179319.67052414
2021-04-25 00:00:00+00:00,DAI,5,DeFiLlama,3444318494.0,12946712.0,12938783.984791994
2021-04-26 00:00:00+00:00,DAI,5,DeFiLlama,3466755750.0,22437256.0,22486463.430678215
2021-04-27 00:00:00+00:00,DAI,5,DeFiLlama,3484884717.0,18128967.0,18150862.24680061
2021-04-28 00:00:00+00:00,DAI,5,DeFiLlama,3551580225.0,66695508.0,66656017.03856934
2021-04-29 00:00:00+00:00,DAI,5,DeFiLlama,3570467056.0,18886831.0,18907668.47404828
2021-04-30 00:00:00+00:00,DAI,5,DeFiLlama,3669075252.0,98608196.0,98790124.76648541
2021-05-01 00:00:00+00:00,DAI,5,DeFiLlama,3657625960.0,-11449292.0,-11442353.883468853
2021-05-02 00:00:00+00:00,DAI,5,DeFiLlama,3730505348.0,72879388.0,72932555.61071569
2021-05-03 00:00:00+00:00,DAI,5,DeFiLlama,3781646319.0,51140971.0,51255090.11911787
2021-05-04 00:00:00+00:00,DAI,5,DeFiLlama,3894578566.0,112932247.0,113317475.26382035
2021-05-05 00:00:00+00:00,DAI,5,DeFiLlama,3966445920.0,71867354.0,71861141.88711978
2021-05-06 00:00:00+00:00,DAI,5,DeFiLlama,4094761049.0,128315129.0,128391151.89334884
2021-05-07 00:00:00+00:00,DAI,5,DeFiLlama,4290581874.0,195820825.0,195853177.5154985
2021-05-08 00:00:00+00:00,DAI,5,DeFiLlama,4370206604.0,79624730.0,79750412.40492672
2021-05-09 00:00:00+00:00,DAI,5,DeFiLlama,4408086615.0,37880011.0,37891325.248225816
2021-05-10 00:00:00+00:00,DAI,5,DeFiLlama,4499430226.0,91343611.0,91430696.5415622
2021-05-11 00:00:00+00:00,DAI,5,DeFiLlama,4595900937.0,96470711.0,96798118.80692501
2021-05-12 00:00:00+00:00,DAI,5,DeFiLlama,4591918690.0,-3982247.0,-3988283.905431699
2021-05-13 00:00:00+00:00,DAI,5,DeFiLlama,4639035871.0,47117181.0,47125563.37521349
2021-05-14 00:00:00+00:00,DAI,5,DeFiLlama,4505297648.0,-133738223.0,-132859640.99147522
2021-05-15 00:00:00+00:00,DAI,5,DeFiLlama,4597620286.0,92322638.0,92363187.93335906
2021-05-16 00:00:00+00:00,DAI,5,DeFiLlama,4620179233.0,22558947.0,22545247.897989422
2021-05-17 00:00:00+00:00,DAI,5,DeFiLlama,4686832890.0,66653657.0,66700408.63460212
2021-05-18 00:00:00+00:00,DAI,5,DeFiLlama,4729591696.0,42758806.0,42903438.13220937
2021-05-19 00:00:00+00:00,DAI,5,DeFiLlama,4788633355.0,59041659.0,58614867.22194538
2021-05-20 00:00:00+00:00,DAI,5,DeFiLlama,4376926442.0,-411706913.0,-409606438.012305
2021-05-21 00:00:00+00:00,DAI,5,DeFiLlama,4251440222.0,-125486220.0,-126416673.42480695
2021-05-22 00:00:00+00:00,DAI,5,DeFiLlama,4243099943.0,-8340279.0,-8349862.326843626
2021-05-23 00:00:00+00:00,DAI,5,DeFiLlama,4234575003.0,-8524940.0,-8558781.876300775
2021-05-24 00:00:00+00:00,DAI,5,DeFiLlama,4050740821.0,-183834182.0,-184413023.97353452
2021-05-25 00:00:00+00:00,DAI,5,DeFiLlama,4214647418.0,163906597.0,164503414.43296292
2021-05-26 00:00:00+00:00,DAI,5,DeFiLlama,4267899673.0,53252255.0,53388360.158009
2021-05-27 00:00:00+00:00,DAI,5,DeFiLlama,4373029466.0,105129793.0,104983266.23107304
2021-05-28 00:00:00+00:00,DAI,5,DeFiLlama,4392591425.0,19561959.0,19584765.596196495
2021-05-29 00:00:00+00:00,DAI,5,DeFiLlama,4436860849.0,44269424.0,44534547.91677844
2021-05-30 00:00:00+00:00,DAI,5,DeFiLlama,4495174823.0,58313974.0,58275267.234341286
2021-05-31 00:00:00+00:00,DAI,5,DeFiLlama,4433116486.0,-62058337.0,-62146585.192105204
2021-06-01 00:00:00+00:00,DAI,5,DeFiLlama,4440488145.0,7371659.0,7370907.072173579
2021-06-02 00:00:00+00:00,DAI,5,DeFiLlama,4415086387.0,-25401758.0,-25482186.51031335
2021-06-03 00:00:00+00:00,DAI,5,DeFiLlama,4418979016.0,3892629.0,3894196.565354215
2021-06-04 00:00:00+00:00,DAI,5,DeFiLlama,4500086693.0,81107677.0,81214847.46554944
2021-06-05 00:00:00+00:00,DAI,5,DeFiLlama,4546525577.0,46438884.0,46474249.220035665
2021-06-06 00:00:00+00:00,DAI,5,DeFiLlama,4556323041.0,9797464.0,9806266.47038445
2021-06-07 00:00:00+00:00,DAI,5,DeFiLlama,4583005061.0,26682020.0,26761322.26424447
2021-06-08 00:00:00+00:00,DAI,5,DeFiLlama,4654351281.0,71346220.0,71517462.73013481
2021-06-09 00:00:00+00:00,DAI,5,DeFiLlama,4658695716.0,4344435.0,4355812.552966015
2021-06-10 00:00:00+00:00,DAI,5,DeFiLlama,4878864603.0,220168887.0,220644755.83766827
2021-06-11 00:00:00+00:00,DAI,5,DeFiLlama,4880508756.0,1644153.0,1651213.51359922
2021-06-12 00:00:00+00:00,DAI,5,DeFiLlama,4994166239.0,113657483.0,113689351.43823184
2021-06-13 00:00:00+00:00,DAI,5,DeFiLlama,4977173326.0,-16992913.0,-17052614.607371204
2021-06-14 00:00:00+00:00,DAI,5,DeFiLlama,4994736662.0,17563336.0,17573927.074163653
2021-06-15 00:00:00+00:00,DAI,5,DeFiLlama,5026214220.0,31477558.0,31530075.910511907
2021-06-16 00:00:00+00:00,DAI,5,DeFiLlama,5126674470.0,100460250.0,100926521.7388061
2021-06-17 00:00:00+00:00,DAI,5,DeFiLlama,5103813207.0,-22861263.0,-22852489.785703417
2021-06-18 00:00:00+00:00,DAI,5,DeFiLlama,4988287531.0,-115525676.0,-116202605.21122167
2021-06-19 00:00:00+00:00,DAI,5,DeFiLlama,5021340302.0,33052771.0,33133370.917170312
2021-06-20 00:00:00+00:00,DAI,5,DeFiLlama,5035611925.0,14271623.0,14341914.555955097
2021-06-21 00:00:00+00:00,DAI,5,DeFiLlama,4977973655.0,-57638270.0,-57769729.868952416
2021-06-22 00:00:00+00:00,DAI,5,DeFiLlama,4846303262.0,-131670393.0,-131883618.44495599
2021-06-23 00:00:00+00:00,DAI,5,DeFiLlama,4837537938.0,-8765324.0,-8793120.70362528
2021-06-24 00:00:00+00:00,DAI,5,DeFiLlama,4903482771.0,65944833.0,66167590.27777246
2021-06-25 00:00:00+00:00,DAI,5,DeFiLlama,4926705724.0,23222953.0,23270623.336162526
2021-06-26 00:00:00+00:00,DAI,5,DeFiLlama,4889650672.0,-37055052.0,-36915733.21572895
2021-06-27 00:00:00+00:00,DAI,5,DeFiLlama,4921970208.0,32319536.0,32495016.60666774
2021-06-28 00:00:00+00:00,DAI,5,DeFiLlama,4949183243.0,27213035.0,27406149.158379275
2021-06-29 00:00:00+00:00,DAI,5,DeFiLlama,4956971358.0,7788115.0,7809185.418320334
2021-06-30 00:00:00+00:00,DAI,5,DeFiLlama,4960778698.0,3807340.0,3807333.4633014784
2021-07-01 00:00:00+00:00,DAI,5,DeFiLlama,5133348167.0,172569469.0,173088237.00845867
2021-07-02 00:00:00+00:00,DAI,5,DeFiLlama,5172827580.0,39479413.0,39593485.57905613
2021-07-03 00:00:00+00:00,DAI,5,DeFiLlama,5187937686.0,15110106.0,15215997.837492464
2021-07-04 00:00:00+00:00,DAI,5,DeFiLlama,5186793415.0,-1144271.0,-1147676.1280738967
2021-07-05 00:00:00+00:00,DAI,5,DeFiLlama,5194203911.0,7410496.0,7398532.661885804
2021-07-06 00:00:00+00:00,DAI,5,DeFiLlama,5237592994.0,43389083.0,43644762.41076436
2021-07-07 00:00:00+00:00,DAI,5,DeFiLlama,5244019819.0,6426825.0,6448629.7119444115
2021-07-08 00:00:00+00:00,DAI,5,DeFiLlama,5245352389.0,1332570.0,1334547.609346086
2021-07-09 00:00:00+00:00,DAI,5,DeFiLlama,5244490231.0,-862158.0,-864356.686512452
2021-07-10 00:00:00+00:00,DAI,5,DeFiLlama,5280511885.0,36021654.0,36181736.77608962
2021-07-11 00:00:00+00:00,DAI,5,DeFiLlama,5252773086.0,-27738799.0,-27874501.440236922
2021-07-12 00:00:00+00:00,DAI,5,DeFiLlama,5292043802.0,39270716.0,39355581.489128165
2021-07-13 00:00:00+00:00,DAI,5,DeFiLlama,5268703049.0,-23340753.0,-23432131.284086775
2021-07-14 00:00:00+00:00,DAI,5,DeFiLlama,5236051378.0,-32651671.0,-32804997.134110156
2021-07-15 00:00:00+00:00,DAI,5,DeFiLlama,5255190577.0,19139199.0,19214877.852839652
2021-07-16 00:00:00+00:00,DAI,5,DeFiLlama,5252267710.0,-2922867.0,-2937330.4079171573
2021-07-17 00:00:00+00:00,DAI,5,DeFiLlama,5247059208.0,-5208502.0,-5202848.958023733
2021-07-18 00:00:00+00:00,DAI,5,DeFiLlama,5260831397.0,13772189.0,13808545.61846604
2021-07-19 00:00:00+00:00,DAI,5,DeFiLlama,5293158021.0,32326624.0,32403075.288773384
2021-07-20 00:00:00+00:00,DAI,5,DeFiLlama,5228696177.0,-64461844.0,-64685564.94351066
2021-07-21 00:00:00+00:00,DAI,5,DeFiLlama,5215277330.0,-13418847.0,-13439427.627567302
2021-07-22 00:00:00+00:00,DAI,5,DeFiLlama,5246019482.0,30742152.0,30873742.988222435
2021-07-23 00:00:00+00:00,DAI,5,DeFiLlama,5256955436.0,10935954.0,10966475.233222594
2021-07-24 00:00:00+00:00,DAI,5,DeFiLlama,5273803015.0,16847579.0,16957274.16371196
2021-07-25 00:00:00+00:00,DAI,5,DeFiLlama,5289285270.0,15482255.0,15515074.992754444
2021-07-26 00:00:00+00:00,DAI,5,DeFiLlama,5296633445.0,7348175.0,7367960.988434593
2021-07-27 00:00:00+00:00,DAI,5,DeFiLlama,5307442592.0,10809147.0,10800008.215919519
2021-07-28 00:00:00+00:00,DAI,5,DeFiLlama,5341667854.0,34225262.0,34383323.42769379
2021-07-29 00:00:00+00:00,DAI,5,DeFiLlama,5367203898.0,25536044.0,25530198.399741787
2021-07-30 00:00:00+00:00,DAI,5,DeFiLlama,5379942745.0,12738847.0,12817749.681832409
2021-07-31 00:00:00+00:00,DAI,5,DeFiLlama,5391646533.0,11703788.0,11753710.088141918
2021-08-01 00:00:00+00:00,DAI,5,DeFiLlama,5394112979.0,2466446.0,2471135.462464319
2021-08-02 00:00:00+00:00,DAI,5,DeFiLlama,5409630448.0,15517469.0,15545826.581842126
2021-08-03 00:00:00+00:00,DAI,5,DeFiLlama,5434599924.0,24969476.0,25028839.746926643
2021-08-04 00:00:00+00:00,DAI,5,DeFiLlama,5448817222.0,14217298.0,14304375.705693882
2021-08-05 00:00:00+00:00,DAI,5,DeFiLlama,5414461051.0,-34356171.0,-34188388.099156976
2021-08-06 00:00:00+00:00,DAI,5,DeFiLlama,5461101360.0,46640309.0,46666517.81355953
2021-08-07 00:00:00+00:00,DAI,5,DeFiLlama,5461811006.0,709646.0,709761.419301619
2021-08-08 00:00:00+00:00,DAI,5,DeFiLlama,5498000382.0,36189376.0,36181325.2730073
2021-08-09 00:00:00+00:00,DAI,5,DeFiLlama,5555842673.0,57842291.0,58047708.69046113
2021-08-10 00:00:00+00:00,DAI,5,DeFiLlama,5532087205.0,-23755468.0,-23850136.642433323
2021-08-11 00:00:00+00:00,DAI,5,DeFiLlama,5575469233.0,43382028.0,43407814.76054142
2021-08-12 00:00:00+00:00,DAI,5,DeFiLlama,5600687714.0,25218481.0,25199720.128126245
2021-08-13 00:00:00+00:00,DAI,5,DeFiLlama,5632021894.0,31334180.0,31343463.58265691
2021-08-14 00:00:00+00:00,DAI,5,DeFiLlama,5676819812.0,44797918.0,44834570.78080022
2021-08-15 00:00:00+00:00,DAI,5,DeFiLlama,5688684862.0,11865050.0,11864927.029641319
2021-08-16 00:00:00+00:00,DAI,5,DeFiLlama,5741630077.0,52945215.0,52997427.205017485
2021-08-17 00:00:00+00:00,DAI,5,DeFiLlama,5736557951.0,-5072126.0,-5077840.763618493
2021-08-18 00:00:00+00:00,DAI,5,DeFiLlama,5722002699.0,-14555252.0,-14581832.131363727
2021-08-19 00:00:00+00:00,DAI,5,DeFiLlama,5735960696.0,13957997.0,14007452.865617245
2021-08-20 00:00:00+00:00,DAI,5,DeFiLlama,5742013248.0,6052552.0,6110445.434928345
2021-08-21 00:00:00+00:00,DAI,5,DeFiLlama,5751803888.0,9790640.0,9787546.271855157
2021-08-22 00:00:00+00:00,DAI,5,DeFiLlama,5771563780.0,19759892.0,19786762.23918743
2021-08-23 00:00:00+00:00,DAI,5,DeFiLlama,5800139321.0,28575541.0,28756375.942629267
2021-08-24 00:00:00+00:00,DAI,5,DeFiLlama,5787999784.0,-12139537.0,-12144049.0362003
2021-08-25 00:00:00+00:00,DAI,5,DeFiLlama,5787349455.0,-650329.0,-651856.3957342752
2021-08-26 00:00:00+00:00,DAI,5,DeFiLlama,5773271142.0,-14078313.0,-14076266.80001923
2021-08-27 00:00:00+00:00,DAI,5,DeFiLlama,5778564255.0,5293113.0,5292012.499069805
2021-08-28 00:00:00+00:00,DAI,5,DeFiLlama,5825544831.0,46980576.0,47106270.295623824
2021-08-29 00:00:00+00:00,DAI,5,DeFiLlama,5822652586.0,-2892245.0,-2892697.7823146093
2021-08-30 00:00:00+00:00,DAI,5,DeFiLlama,5850913958.0,28261372.0,28259660.16937218
2021-08-31 00:00:00+00:00,DAI,5,DeFiLlama,5842080102.0,-8833856.0,-8814688.336154679
2021-09-01 00:00:00+00:00,DAI,5,DeFiLlama,5860043256.0,17963154.0,18034829.12226971
2021-09-02 00:00:00+00:00,DAI,5,DeFiLlama,5873154201.0,13110945.0,13113030.41595708
2021-09-03 00:00:00+00:00,DAI,5,DeFiLlama,6060471958.0,187317757.0,187289889.71915397
2021-09-04 00:00:00+00:00,DAI,5,DeFiLlama,6100944794.0,40472836.0,40428254.7179907
2021-09-05 00:00:00+00:00,DAI,5,DeFiLlama,6112981422.0,12036628.0,12016542.331374064
2021-09-06 00:00:00+00:00,DAI,5,DeFiLlama,6147447306.0,34465884.0,34453654.90616279
2021-09-07 00:00:00+00:00,DAI,5,DeFiLlama,6187976964.0,40529658.0,40550225.35191645
2021-09-08 00:00:00+00:00,DAI,5,DeFiLlama,6216941541.0,28964577.0,29011207.537539274
2021-09-09 00:00:00+00:00,DAI,5,DeFiLlama,6231557363.0,14615822.0,14673898.420962745
2021-09-10 00:00:00+00:00,DAI,5,DeFiLlama,6232966612.0,1409249.0,1415584.5580166974
2021-09-11 00:00:00+00:00,DAI,5,DeFiLlama,6155063054.0,-77903558.0,-77728997.15335673
2021-09-12 00:00:00+00:00,DAI,5,DeFiLlama,6283492128.0,128429074.0,128762644.16031647
2021-09-13 00:00:00+00:00,DAI,5,DeFiLlama,6305049658.0,21557530.0,21792404.39055
2021-09-14 00:00:00+00:00,DAI,5,DeFiLlama,6305138406.0,88748.0,89112.367571737
2021-09-15 00:00:00+00:00,DAI,5,DeFiLlama,6286029153.0,-19109253.0,-19141185.73605349
2021-09-16 00:00:00+00:00,DAI,5,DeFiLlama,6286593817.0,564664.0,565678.496589256
2021-09-17 00:00:00+00:00,DAI,5,DeFiLlama,6311184288.0,24590471.0,24642538.362182606
2021-09-18 00:00:00+00:00,DAI,5,DeFiLlama,6337331911.0,26147623.0,26261874.56922486
2021-09-19 00:00:00+00:00,DAI,5,DeFiLlama,6330278299.0,-7053612.0,-7080683.449623028
2021-09-20 00:00:00+00:00,DAI,5,DeFiLlama,6341811746.0,11533447.0,11585318.529977137
2021-09-21 00:00:00+00:00,DAI,5,DeFiLlama,6087222920.0,-254588826.0,-252344175.77262956
2021-09-22 00:00:00+00:00,DAI,5,DeFiLlama,6059754074.0,-27468846.0,-27335858.883695934
2021-09-23 00:00:00+00:00,DAI,5,DeFiLlama,6025413163.0,-34340911.0,-34364520.395977736
2021-09-24 00:00:00+00:00,DAI,5,DeFiLlama,6094469528.0,69056365.0,69222226.27809845
2021-09-25 00:00:00+00:00,DAI,5,DeFiLlama,6046166700.0,-48302828.0,-48412066.08388057
2021-09-26 00:00:00+00:00,DAI,5,DeFiLlama,6064950516.0,18783816.0,18862615.71113861
2021-09-27 00:00:00+00:00,DAI,5,DeFiLlama,6079024252.0,14073736.0,14128935.273625195
2021-09-28 00:00:00+00:00,DAI,5,DeFiLlama,6175531614.0,96507362.0,95975838.44244033
2021-09-29 00:00:00+00:00,DAI,5,DeFiLlama,6183354056.0,7822442.0,7780584.858690964
2021-09-30 00:00:00+00:00,DAI,5,DeFiLlama,6191474519.0,8120463.0,8151789.783256225
2021-10-01 00:00:00+00:00,DAI,5,DeFiLlama,6199628073.0,8153554.0,8200719.610635654
2021-10-02 00:00:00+00:00,DAI,5,DeFiLlama,6219165305.0,19537232.0,19588880.71321844
2021-10-03 00:00:00+00:00,DAI,5,DeFiLlama,6219234789.0,69484.0,69445.61332130212
2021-10-04 00:00:00+00:00,DAI,5,DeFiLlama,6272842279.0,53607490.0,53799261.614945516
2021-10-05 00:00:00+00:00,DAI,5,DeFiLlama,6290092663.0,17250384.0,17306597.74417391
2021-10-06 00:00:00+00:00,DAI,5,DeFiLlama,6313909658.0,23816995.0,23858976.69066771
2021-10-07 00:00:00+00:00,DAI,5,DeFiLlama,6414373278.0,100463620.0,100700320.30086227
2021-10-08 00:00:00+00:00,DAI,5,DeFiLlama,6446972671.0,32599393.0,32634742.18812677
2021-10-09 00:00:00+00:00,DAI,5,DeFiLlama,6493206763.0,46234092.0,46319141.06592671
2021-10-10 00:00:00+00:00,DAI,5,DeFiLlama,6537843670.0,44636907.0,44770281.83310582
2021-10-11 00:00:00+00:00,DAI,5,DeFiLlama,6543645498.0,5801828.0,5809216.202779332
2021-10-12 00:00:00+00:00,DAI,5,DeFiLlama,6554714018.0,11068520.0,11149410.572878256
2021-10-13 00:00:00+00:00,DAI,5,DeFiLlama,6607836165.0,53122147.0,53229174.97499242
2021-10-14 00:00:00+00:00,DAI,5,DeFiLlama,6638638659.0,30802494.0,30950910.535398625
2021-10-15 00:00:00+00:00,DAI,5,DeFiLlama,6770612810.0,131974151.0,132233316.02055365
2021-10-16 00:00:00+00:00,DAI,5,DeFiLlama,6991089765.0,220476955.0,221555223.07764283
2021-10-17 00:00:00+00:00,DAI,5,DeFiLlama,7027588273.0,36498508.0,36602558.92482856
2021-10-18 00:00:00+00:00,DAI,5,DeFiLlama,7011447930.0,-16140343.0,-16216260.914193548
2021-10-19 00:00:00+00:00,DAI,5,DeFiLlama,7041692492.0,30244562.0,30269957.89404697
2021-10-20 00:00:00+00:00,DAI,5,DeFiLlama,6965713282.0,-75979210.0,-75966694.68589656
2021-10-21 00:00:00+00:00,DAI,5,DeFiLlama,7151735467.0,186022185.0,186086240.74818453
2021-10-22 00:00:00+00:00,DAI,5,DeFiLlama,7375492356.0,223756889.0,223952197.58199912
2021-10-23 00:00:00+00:00,DAI,5,DeFiLlama,7391874597.0,16382241.0,16474783.353906488
2021-10-24 00:00:00+00:00,DAI,5,DeFiLlama,7387816411.0,-4058186.0,-4084374.6622461183
2021-10-25 00:00:00+00:00,DAI,5,DeFiLlama,7338068313.0,-49748098.0,-50000585.04305863
2021-10-26 00:00:00+00:00,DAI,5,DeFiLlama,7323409804.0,-14658509.0,-14731319.426495783
2021-10-27 00:00:00+00:00,DAI,5,DeFiLlama,7339328683.0,15918879.0,15919290.642603893
2021-10-28 00:00:00+00:00,DAI,5,DeFiLlama,7610685581.0,271356898.0,271119475.9346591
2021-10-29 00:00:00+00:00,DAI,5,DeFiLlama,7629526521.0,18840940.0,18822309.80398134
2021-10-30 00:00:00+00:00,DAI,5,DeFiLlama,7689082797.0,59556276.0,59541407.857182026
2021-10-31 00:00:00+00:00,DAI,5,DeFiLlama,7793719922.0,104637125.0,105056173.36110441
2021-11-01 00:00:00+00:00,DAI,5,DeFiLlama,7793187615.0,-532307.0,-532316.6846395002
2021-11-02 00:00:00+00:00,DAI,5,DeFiLlama,7820062202.0,26874587.0,26917975.823363114
2021-11-03 00:00:00+00:00,DAI,5,DeFiLlama,7823829841.0,3767639.0,3777676.5008951807
2021-11-04 00:00:00+00:00,DAI,5,DeFiLlama,7840534376.0,16704535.0,16718508.822886165
2021-11-05 00:00:00+00:00,DAI,5,DeFiLlama,7807209872.0,-33324504.0,-33479373.54180663
2021-11-06 00:00:00+00:00,DAI,5,DeFiLlama,8156496509.0,349286637.0,350494842.0698069
2021-11-07 00:00:00+00:00,DAI,5,DeFiLlama,8143534836.0,-12961673.0,-13004078.564462313
2021-11-08 00:00:00+00:00,DAI,5,DeFiLlama,8124723409.0,-18811427.0,-18793522.674472004
2021-11-09 00:00:00+00:00,DAI,5,DeFiLlama,8392735006.0,268011597.0,268267700.27365378
2021-11-10 00:00:00+00:00,DAI,5,DeFiLlama,8632800903.0,240065897.0,240341967.32999992
2021-11-11 00:00:00+00:00,DAI,5,DeFiLlama,8581317425.0,-51483478.0,-51711105.31660083
2021-11-12 00:00:00+00:00,DAI,5,DeFiLlama,8555343741.0,-25973684.0,-26003998.081869002
2021-11-13 00:00:00+00:00,DAI,5,DeFiLlama,8585602579.0,30258838.0,30490054.27381015
2021-11-14 00:00:00+00:00,DAI,5,DeFiLlama,8532605901.0,-52996678.0,-53164826.91582488
2021-11-15 00:00:00+00:00,DAI,5,DeFiLlama,8493965627.0,-38640274.0,-38963118.949091
2021-11-16 00:00:00+00:00,DAI,5,DeFiLlama,8489573144.0,-4392483.0,-4406293.337026778
2021-11-17 00:00:00+00:00,DAI,5,DeFiLlama,8487969868.0,-1603276.0,-1607119.9254664024
2021-11-18 00:00:00+00:00,DAI,5,DeFiLlama,8491301228.0,3331360.0,3356947.741567601
2021-11-19 00:00:00+00:00,DAI,5,DeFiLlama,8523835052.0,32533824.0,32512291.561979596
2021-11-20 00:00:00+00:00,DAI,5,DeFiLlama,8634278626.0,110443574.0,111135723.863559
2021-11-21 00:00:00+00:00,DAI,5,DeFiLlama,8675599843.0,41321217.0,41597822.66810132
2021-11-22 00:00:00+00:00,DAI,5,DeFiLlama,8700649963.0,25050120.0,25163084.32802529
2021-11-23 00:00:00+00:00,DAI,5,DeFiLlama,8633559608.0,-67090355.0,-67079925.06484658
2021-11-24 00:00:00+00:00,DAI,5,DeFiLlama,8727121905.0,93562297.0,93649708.31957416
2021-11-25 00:00:00+00:00,DAI,5,DeFiLlama,8741336711.0,14214806.0,14246717.837944934
2021-11-26 00:00:00+00:00,DAI,5,DeFiLlama,8789657927.0,48321216.0,48222669.22488022
2021-11-27 00:00:00+00:00,DAI,5,DeFiLlama,8664662320.0,-124995607.0,-125017122.33045748
2021-11-28 00:00:00+00:00,DAI,5,DeFiLlama,8672228095.0,7565775.0,7556685.989876737
2021-11-29 00:00:00+00:00,DAI,5,DeFiLlama,8718189473.0,45961378.0,46036654.86961604
2021-11-30 00:00:00+00:00,DAI,5,DeFiLlama,8746282291.0,28092818.0,28053759.923240613
2021-12-01 00:00:00+00:00,DAI,5,DeFiLlama,8837878911.0,91596620.0,91413680.64739974
2021-12-02 00:00:00+00:00,DAI,5,DeFiLlama,8900977777.0,63098866.0,63182124.29315875
2021-12-03 00:00:00+00:00,DAI,5,DeFiLlama,8895692505.0,-5285272.0,-5272269.950186648
2021-12-04 00:00:00+00:00,DAI,5,DeFiLlama,8918506252.0,22813747.0,22806988.843071602
2021-12-05 00:00:00+00:00,DAI,5,DeFiLlama,8920116848.0,1610596.0,1609940.0050783555
2021-12-06 00:00:00+00:00,DAI,5,DeFiLlama,8997943463.0,77826615.0,77863657.09471805
2021-12-07 00:00:00+00:00,DAI,5,DeFiLlama,8929086141.0,-68857322.0,-68927822.31834425
2021-12-08 00:00:00+00:00,DAI,5,DeFiLlama,8950982367.0,21896226.0,21961068.927936237
2021-12-09 00:00:00+00:00,DAI,5,DeFiLlama,8963985218.0,13002851.0,13020479.831436597
2021-12-10 00:00:00+00:00,DAI,5,DeFiLlama,8940055730.0,-23929488.0,-23881820.64730809
2021-12-11 00:00:00+00:00,DAI,5,DeFiLlama,8864707831.0,-75347899.0,-74988430.38343991
2021-12-12 00:00:00+00:00,DAI,5,DeFiLlama,8921006869.0,56299038.0,56273664.50190886
2021-12-13 00:00:00+00:00,DAI,5,DeFiLlama,8916776226.0,-4230643.0,-4226317.682173736
2021-12-14 00:00:00+00:00,DAI,5,DeFiLlama,8860039127.0,-56737099.0,-56671166.421185434
2021-12-15 00:00:00+00:00,DAI,5,DeFiLlama,8815157626.0,-44881501.0,-45000179.995765775
2021-12-16 00:00:00+00:00,DAI,5,DeFiLlama,8864564743.0,49407117.0,49390191.77639737
2021-12-17 00:00:00+00:00,DAI,5,DeFiLlama,8878141572.0,13576829.0,13575212.675073097
2021-12-18 00:00:00+00:00,DAI,5,DeFiLlama,8916391856.0,38250284.0,38262254.113939844
2021-12-19 00:00:00+00:00,DAI,5,DeFiLlama,8941451883.0,25060027.0,25082832.142467316
2021-12-20 00:00:00+00:00,DAI,5,DeFiLlama,8917952303.0,-23499580.0,-23452526.99359443
2021-12-21 00:00:00+00:00,DAI,5,DeFiLlama,9010659458.0,92707155.0,93065117.8083545
2021-12-22 00:00:00+00:00,DAI,5,DeFiLlama,8985537935.0,-25121523.0,-25168523.64320929
2021-12-23 00:00:00+00:00,DAI,5,DeFiLlama,9012299617.0,26761682.0,26803830.197389565
2021-12-24 00:00:00+00:00,DAI,5,DeFiLlama,9004077004.0,-8222613.0,-8257101.349370526
2021-12-25 00:00:00+00:00,DAI,5,DeFiLlama,9007732009.0,3655005.0,3660640.856720305
2021-12-26 00:00:00+00:00,DAI,5,DeFiLlama,9026946021.0,19214012.0,19201077.599783026
2021-12-27 00:00:00+00:00,DAI,5,DeFiLlama,9056479534.0,29533513.0,29551923.316932708
2021-12-28 00:00:00+00:00,DAI,5,DeFiLlama,9035134799.0,-21344735.0,-21316325.312258188
2021-12-29 00:00:00+00:00,DAI,5,DeFiLlama,9011245517.0,-23889282.0,-23887417.162417516
2021-12-30 00:00:00+00:00,DAI,5,DeFiLlama,8928300276.0,-82945241.0,-83203129.77053729
2021-12-31 00:00:00+00:00,DAI,5,DeFiLlama,8940196525.0,11896249.0,11937277.4851012
2022-01-01 00:00:00+00:00,DAI,5,DeFiLlama,8945308696.0,5112171.0,5108950.390835616
2022-01-02 00:00:00+00:00,DAI,5,DeFiLlama,8989422829.0,44114133.0,44316345.43195772
2022-01-03 00:00:00+00:00,DAI,5,DeFiLlama,9019830071.0,30407242.0,30459805.73761189
2022-01-04 00:00:00+00:00,DAI,5,DeFiLlama,9061763816.0,41933745.0,42024051.5254497
2022-01-05 00:00:00+00:00,DAI,5,DeFiLlama,9094380378.0,32616562.0,32615334.959880017
2022-01-06 00:00:00+00:00,DAI,5,DeFiLlama,9057614529.0,-36765849.0,-36866050.50832697
2022-01-07 00:00:00+00:00,DAI,5,DeFiLlama,8981217752.0,-76396777.0,-76391484.39942342
2022-01-08 00:00:00+00:00,DAI,5,DeFiLlama,9009918264.0,28700512.0,28799303.696246594
2022-01-09 00:00:00+00:00,DAI,5,DeFiLlama,9001314636.0,-8603628.0,-8586238.310901273
2022-01-10 00:00:00+00:00,DAI,5,DeFiLlama,8930766653.0,-70547983.0,-70749515.55799899
2022-01-11 00:00:00+00:00,DAI,5,DeFiLlama,9010550582.0,79783929.0,79869338.76386476
2022-01-12 00:00:00+00:00,DAI,5,DeFiLlama,9023033118.0,12482536.0,12477710.697874544
2022-01-13 00:00:00+00:00,DAI,5,DeFiLlama,9081693565.0,58660447.0,58744307.45751696
2022-01-14 00:00:00+00:00,DAI,5,DeFiLlama,9137354809.0,55661244.0,55695712.42658061
2022-01-15 00:00:00+00:00,DAI,5,DeFiLlama,9125697060.0,-11657749.0,-11648188.837938001
2022-01-16 00:00:00+00:00,DAI,5,DeFiLlama,9170351303.0,44654243.0,44628303.10225132
2022-01-17 00:00:00+00:00,DAI,5,DeFiLlama,9256014687.0,85663384.0,85678011.29576498
2022-01-18 00:00:00+00:00,DAI,5,DeFiLlama,9334794093.0,78779406.0,78890328.4156676
2022-01-19 00:00:00+00:00,DAI,5,DeFiLlama,9331745107.0,-3048986.0,-3048431.32881644
2022-01-20 00:00:00+00:00,DAI,5,DeFiLlama,9390488156.0,58743049.0,58595930.10894463
2022-01-21 00:00:00+00:00,DAI,5,DeFiLlama,9402774438.0,12286282.0,12306036.489523659
2022-01-22 00:00:00+00:00,DAI,5,DeFiLlama,9166564461.0,-236209977.0,-236785554.1898263
2022-01-23 00:00:00+00:00,DAI,5,DeFiLlama,9115890348.0,-50674113.0,-50911299.53539135
2022-01-24 00:00:00+00:00,DAI,5,DeFiLlama,9146456179.0,30565831.0,30657830.919437718
2022-01-25 00:00:00+00:00,DAI,5,DeFiLlama,9293941652.0,147485473.0,148060216.38831288
2022-01-26 00:00:00+00:00,DAI,5,DeFiLlama,9245225217.0,-48716435.0,-48805878.85681495
2022-01-27 00:00:00+00:00,DAI,5,DeFiLlama,9359921919.0,114696702.0,114858017.18653971
2022-01-28 00:00:00+00:00,DAI,5,DeFiLlama,9167298522.0,-192623397.0,-193398501.6093984
2022-01-29 00:00:00+00:00,DAI,5,DeFiLlama,9078096308.0,-89202214.0,-89327952.97356714
2022-01-30 00:00:00+00:00,DAI,5,DeFiLlama,9135717349.0,57621041.0,57737782.22971337
2022-01-31 00:00:00+00:00,DAI,5,DeFiLlama,9137932290.0,2214941.0,2215638.754730219
2022-02-01 00:00:00+00:00,DAI,5,DeFiLlama,9156440883.0,18508593.0,18532939.41075153
2022-02-02 00:00:00+00:00,DAI,5,DeFiLlama,9194270272.0,37829389.0,37894400.57642291
2022-02-03 00:00:00+00:00,DAI,5,DeFiLlama,9170666264.0,-23604008.0,-23634422.643329553
2022-02-04 00:00:00+00:00,DAI,5,DeFiLlama,9203253257.0,32586993.0,32614238.301299926
2022-02-05 00:00:00+00:00,DAI,5,DeFiLlama,9228979411.0,25726154.0,25837951.944431305
2022-02-06 00:00:00+00:00,DAI,5,DeFiLlama,9322792991.0,93813580.0,93803816.27800708
2022-02-07 00:00:00+00:00,DAI,5,DeFiLlama,9360562441.0,37769450.0,37796399.41325771
2022-02-08 00:00:00+00:00,DAI,5,DeFiLlama,9471465595.0,110903154.0,110942812.96673727
2022-02-09 00:00:00+00:00,DAI,5,DeFiLlama,9667216568.0,195750973.0,196153798.25664112
2022-02-10 00:00:00+00:00,DAI,5,DeFiLlama,9749936627.0,82720059.0,82820640.2376277
2022-02-11 00:00:00+00:00,DAI,5,DeFiLlama,9795528748.0,45592121.0,45701789.62435681
2022-02-12 00:00:00+00:00,DAI,5,DeFiLlama,9837232184.0,41703436.0,41703045.4332447
2022-02-13 00:00:00+00:00,DAI,5,DeFiLlama,9819806817.0,-17425367.0,-17458827.106222592
2022-02-14 00:00:00+00:00,DAI,5,DeFiLlama,9828935789.0,9128972.0,9136127.764839932
2022-02-15 00:00:00+00:00,DAI,5,DeFiLlama,9810525653.0,-18410136.0,-18410675.799051344
2022-02-16 00:00:00+00:00,DAI,5,DeFiLlama,9951881495.0,141355842.0,141246816.4150664
2022-02-17 00:00:00+00:00,DAI,5,DeFiLlama,9886213899.0,-65667596.0,-65668527.71441742
2022-02-18 00:00:00+00:00,DAI,5,DeFiLlama,9781207527.0,-105006372.0,-104918040.73404253
2022-02-19 00:00:00+00:00,DAI,5,DeFiLlama,9763416968.0,-17790559.0,-17799642.052745815
2022-02-20 00:00:00+00:00,DAI,5,DeFiLlama,9788916601.0,25499633.0,25574521.97041413
2022-02-21 00:00:00+00:00,DAI,5,DeFiLlama,9759400435.0,-29516166.0,-29529251.169010863
2022-02-22 00:00:00+00:00,DAI,5,DeFiLlama,9707633715.0,-51766720.0,-51801480.6323706
2022-02-23 00:00:00+00:00,DAI,5,DeFiLlama,9713767549.0,6133834.0,6129691.685016072
2022-02-24 00:00:00+00:00,DAI,5,DeFiLlama,9652416597.0,-61350952.0,-61379480.23261103
2022-02-25 00:00:00+00:00,DAI,5,DeFiLlama,9386007628.0,-266408969.0,-266707602.25545967
2022-02-26 00:00:00+00:00,DAI,5,DeFiLlama,9204072015.0,-181935613.0,-181991992.4365434
2022-02-27 00:00:00+00:00,DAI,5,DeFiLlama,9230718584.0,26646569.0,26709654.20291447
2022-02-28 00:00:00+00:00,DAI,5,DeFiLlama,9245129542.0,14410958.0,14433476.730658801
2022-03-01 00:00:00+00:00,DAI,5,DeFiLlama,9240847000.0,-4282542.0,-4285798.669676053
2022-03-02 00:00:00+00:00,DAI,5,DeFiLlama,9268815900.0,27968900.0,27983326.756205644
2022-03-03 00:00:00+00:00,DAI,5,DeFiLlama,9187456231.0,-81359669.0,-81350460.32564308
2022-03-04 00:00:00+00:00,DAI,5,DeFiLlama,9206698696.0,19242465.0,19220739.656810574
2022-03-05 00:00:00+00:00,DAI,5,DeFiLlama,9298628581.0,91929885.0,91917703.19568524
2022-03-06 00:00:00+00:00,DAI,5,DeFiLlama,9284513192.0,-14115389.0,-14137103.568500567
2022-03-07 00:00:00+00:00,DAI,5,DeFiLlama,9402892151.0,118378959.0,118456510.20612752
2022-03-08 00:00:00+00:00,DAI,5,DeFiLlama,9433634871.0,30742720.0,30745378.155470178
2022-03-09 00:00:00+00:00,DAI,5,DeFiLlama,9334460386.0,-99174485.0,-99147892.38767463
2022-03-10 00:00:00+00:00,DAI,5,DeFiLlama,9373881818.0,39421432.0,39426851.78769513
2022-03-11 00:00:00+00:00,DAI,5,DeFiLlama,9369086408.0,-4795410.0,-4795875.621366626
2022-03-12 00:00:00+00:00,DAI,5,DeFiLlama,9398111117.0,29024709.0,28975361.11724708
2022-03-13 00:00:00+00:00,DAI,5,DeFiLlama,9413440797.0,15329680.0,15326891.208573446
2022-03-14 00:00:00+00:00,DAI,5,DeFiLlama,9409151264.0,-4289533.0,-4295554.546793307
2022-03-15 00:00:00+00:00,DAI,5,DeFiLlama,9382848887.0,-26302377.0,-26293816.591935992
2022-03-16 00:00:00+00:00,DAI,5,DeFiLlama,9353951902.0,-28896985.0,-28848653.592575163
2022-03-17 00:00:00+00:00,DAI,5,DeFiLlama,9383100792.0,29148890.0,29170385.048442606
2022-03-18 00:00:00+00:00,DAI,5,DeFiLlama,9406338555.0,23237763.0,23248213.21113751
2022-03-19 00:00:00+00:00,DAI,5,DeFiLlama,9461621868.0,55283313.0,55289492.42211472
2022-03-20 00:00:00+00:00,DAI,5,DeFiLlama,9472781176.0,11159308.0,11154585.728368538
2022-03-21 00:00:00+00:00,DAI,5,DeFiLlama,9534911277.0,62130101.0,62087839.61431832
2022-03-22 00:00:00+00:00,DAI,5,DeFiLlama,9530425395.0,-4485882.0,-4482243.933221636
2022-03-23 00:00:00+00:00,DAI,5,DeFiLlama,9498141885.0,-32283510.0,-32247741.802220628
2022-03-24 00:00:00+00:00,DAI,5,DeFiLlama,9452120845.0,-46021040.0,-45985313.08963647
2022-03-25 00:00:00+00:00,DAI,5,DeFiLlama,9294100934.0,-158019911.0,-157903982.3131837
2022-03-26 00:00:00+00:00,DAI,5,DeFiLlama,9268770917.0,-25330017.0,-25311186.813754287
2022-03-27 00:00:00+00:00,DAI,5,DeFiLlama,9239010996.0,-29759921.0,-29726865.336741228
2022-03-28 00:00:00+00:00,DAI,5,DeFiLlama,9230632118.0,-8378878.0,-8367675.968538789
2022-03-29 00:00:00+00:00,DAI,5,DeFiLlama,9208106656.0,-22525462.0,-22477348.358831454
2022-03-30 00:00:00+00:00,DAI,5,DeFiLlama,9189969454.0,-18137202.0,-18126718.82225969
2022-03-31 00:00:00+00:00,DAI,5,DeFiLlama,9225282191.0,35312737.0,35269739.37541628
2022-04-01 00:00:00+00:00,DAI,5,DeFiLlama,9191746163.0,-33536028.0,-33637838.184272826
2022-04-02 00:00:00+00:00,DAI,5,DeFiLlama,9209258512.0,17512349.0,17506564.5838161
2022-04-03 00:00:00+00:00,DAI,5,DeFiLlama,9101860571.0,-107397941.0,-107297645.65689541
2022-04-04 00:00:00+00:00,DAI,5,DeFiLlama,9076756446.0,-25104125.0,-25115277.25570571
2022-04-05 00:00:00+00:00,DAI,5,DeFiLlama,9082336345.0,5579899.0,5577325.357990465
2022-04-06 00:00:00+00:00,DAI,5,DeFiLlama,9051936140.0,-30400205.0,-30408009.340473577
2022-04-07 00:00:00+00:00,DAI,5,DeFiLlama,8979891572.0,-72044568.0,-72025886.85061479
2022-04-08 00:00:00+00:00,DAI,5,DeFiLlama,8969539323.0,-10352249.0,-10343166.521656046
2022-04-09 00:00:00+00:00,DAI,5,DeFiLlama,9039566073.0,70026750.0,70162672.31878592
2022-04-10 00:00:00+00:00,DAI,5,DeFiLlama,9025592102.0,-13973971.0,-13988574.879225167
2022-04-11 00:00:00+00:00,DAI,5,DeFiLlama,9039197449.0,13605347.0,13605704.856910886
2022-04-12 00:00:00+00:00,DAI,5,DeFiLlama,8810968202.0,-228229247.0,-228310092.8205896
2022-04-13 00:00:00+00:00,DAI,5,DeFiLlama,8765593297.0,-45374905.0,-45482410.53456315
2022-04-14 00:00:00+00:00,DAI,5,DeFiLlama,8733041613.0,-32551684.0,-32600826.84151353
2022-04-15 00:00:00+00:00,DAI,5,DeFiLlama,8808394402.0,75352789.0,75442987.493791
2022-04-16 00:00:00+00:00,DAI,5,DeFiLlama,8791379410.0,-17014992.0,-17019476.531372115
2022-04-17 00:00:00+00:00,DAI,5,DeFiLlama,8786525084.0,-4854326.0,-4857997.892530728
2022-04-18 00:00:00+00:00,DAI,5,DeFiLlama,8759156980.0,-27368104.0,-27403264.49381312
2022-04-19 00:00:00+00:00,DAI,5,DeFiLlama,8725686562.0,-33470418.0,-33507925.10245858
2022-04-20 00:00:00+00:00,DAI,5,DeFiLlama,8698346734.0,-27339828.0,-27327356.739010602
2022-04-21 00:00:00+00:00,DAI,5,DeFiLlama,8723783877.0,25437143.0,25430850.976717845
2022-04-22 00:00:00+00:00,DAI,5,DeFiLlama,8704557539.0,-19226338.0,-19229523.331123613
2022-04-23 00:00:00+00:00,DAI,5,DeFiLlama,8701913872.0,-2643667.0,-2644348.279303538
2022-04-24 00:00:00+00:00,DAI,5,DeFiLlama,8708868168.0,6954296.0,6960557.877377702
2022-04-25 00:00:00+00:00,DAI,5,DeFiLlama,8716363162.0,7494994.0,7484752.655002163
2022-04-26 00:00:00+00:00,DAI,5,DeFiLlama,8665353293.0,-51009869.0,-51001882.95207783
2022-04-27 00:00:00+00:00,DAI,5,DeFiLlama,8644835270.0,-20518023.0,-20524870.20716735
2022-04-28 00:00:00+00:00,DAI,5,DeFiLlama,8599444691.0,-45390579.0,-45394210.85028973
2022-04-29 00:00:00+00:00,DAI,5,DeFiLlama,8572125680.0,-27319011.0,-27328734.73942365
2022-04-30 00:00:00+00:00,DAI,5,DeFiLlama,8511787091.0,-60338589.0,-60381750.785527304
2022-05-01 00:00:00+00:00,DAI,5,DeFiLlama,8459041180.0,-52745911.0,-52805910.81224973
2022-05-02 00:00:00+00:00,DAI,5,DeFiLlama,8430918903.0,-28122277.0,-28165026.751256045
2022-05-03 00:00:00+00:00,DAI,5,DeFiLlama,8338995266.0,-91923637.0,-91961977.5671569
2022-05-04 00:00:00+00:00,DAI,5,DeFiLlama,8289733383.0,-49261883.0,-49322039.37471264
2022-05-05 00:00:00+00:00,DAI,5,DeFiLlama,8197809049.0,-91924334.0,-91931528.92306887
2022-05-06 00:00:00+00:00,DAI,5,DeFiLlama,8214309359.0,16500310.0,16516679.914734842
2022-05-07 00:00:00+00:00,DAI,5,DeFiLlama,8159344682.0,-54964677.0,-55005983.28128916
2022-05-08 00:00:00+00:00,DAI,5,DeFiLlama,7975913291.0,-183431391.0,-183595243.2392542
2022-05-09 00:00:00+00:00,DAI,5,DeFiLlama,7556916646.0,-418996645.0,-418996645.0
2022-05-10 00:00:00+00:00,DAI,5,DeFiLlama,7163337396.0,-393579250.0,-393579250.0
2022-05-11 00:00:00+00:00,DAI,5,DeFiLlama,6982432940.0,-180904456.0,-180904456.0
2022-05-12 00:00:00+00:00,DAI,5,DeFiLlama,6176756288.0,-805676652.0,-805676652.0
2022-05-13 00:00:00+00:00,DAI,5,DeFiLlama,6007806453.0,-168949835.0,-168949835.0
2022-05-14 00:00:00+00:00,DAI,5,DeFiLlama,6025373194.0,17566741.0,17566741.0
2022-05-15 00:00:00+00:00,DAI,5,DeFiLlama,5991514910.0,-33858284.0,-33953087.19097303
2022-05-16 00:00:00+00:00,DAI,5,DeFiLlama,6043777513.0,52262603.0,52305110.26550307
2022-05-17 00:00:00+00:00,DAI,5,DeFiLlama,6020836694.0,-22940819.0,-22954333.894096028
2022-05-18 00:00:00+00:00,DAI,5,DeFiLlama,6121651621.0,100814927.0,100910555.00485057
2022-05-19 00:00:00+00:00,DAI,5,DeFiLlama,6100276579.0,-21375042.0,-21387170.412813563
2022-05-20 00:00:00+00:00,DAI,5,DeFiLlama,6208490700.0,108214121.0,108251659.39052625
2022-05-21 00:00:00+00:00,DAI,5,DeFiLlama,6138517324.0,-69973376.0,-70017232.51179679
2022-05-22 00:00:00+00:00,DAI,5,DeFiLlama,6116973370.0,-21543954.0,-21574411.331403356
2022-05-23 00:00:00+00:00,DAI,5,DeFiLlama,6136221943.0,19248573.0,19250135.406246576
2022-05-24 00:00:00+00:00,DAI,5,DeFiLlama,6169374384.0,33152441.0,33150348.089650024
2022-05-25 00:00:00+00:00,DAI,5,DeFiLlama,6171972722.0,2598338.0,2599922.7523788884
2022-05-26 00:00:00+00:00,DAI,5,DeFiLlama,6171312742.0,-659980.0,-660229.7628746101
2022-05-27 00:00:00+00:00,DAI,5,DeFiLlama,6185381417.0,14068675.0,14096812.350377567
2022-05-28 00:00:00+00:00,DAI,5,DeFiLlama,6205867272.0,20485855.0,20513722.31706064
2022-05-29 00:00:00+00:00,DAI,5,DeFiLlama,6230245585.0,24378313.0,24405731.287811548
2022-05-30 00:00:00+00:00,DAI,5,DeFiLlama,6241135935.0,10890350.0,10890350.0
2022-05-31 00:00:00+00:00,DAI,5,DeFiLlama,6294313853.0,53177918.0,53182738.041353874
2022-06-01 00:00:00+00:00,DAI,5,DeFiLlama,6365185693.0,70871840.0,70936361.00992993
2022-06-02 00:00:00+00:00,DAI,5,DeFiLlama,6392362184.0,27176491.0,27190547.494346414
2022-06-03 00:00:00+00:00,DAI,5,DeFiLlama,6408782885.0,16420701.0,16418927.56314305
2022-06-04 00:00:00+00:00,DAI,5,DeFiLlama,6421679437.0,12896552.0,12916184.034300277
2022-06-05 00:00:00+00:00,DAI,5,DeFiLlama,6416268295.0,-5411142.0,-5412598.7878597565
2022-06-06 00:00:00+00:00,DAI,5,DeFiLlama,6434554207.0,18285912.0,18289335.67248546
2022-06-07 00:00:00+00:00,DAI,5,DeFiLlama,6455895760.0,21341553.0,21357519.681512192
2022-06-08 00:00:00+00:00,DAI,5,DeFiLlama,6504511927.0,48616167.0,48625990.38509599
2022-06-09 00:00:00+00:00,DAI,5,DeFiLlama,6571907900.0,67395973.0,67482289.7253941
2022-06-10 00:00:00+00:00,DAI,5,DeFiLlama,6582839696.0,10931796.0,10931796.0
2022-06-11 00:00:00+00:00,DAI,5,DeFiLlama,6656095634.0,73255938.0,73358369.58216451
2022-06-12 00:00:00+00:00,DAI,5,DeFiLlama,6613028358.0,-43067276.0,-43153410.55384954
2022-06-13 00:00:00+00:00,DAI,5,DeFiLlama,6591169762.0,-21858596.0,-21902313.19357858
2022-06-14 00:00:00+00:00,DAI,5,DeFiLlama,6455314704.0,-135855058.0,-136057229.34551522
2022-06-15 00:00:00+00:00,DAI,5,DeFiLlama,6357872166.0,-97442538.0,-97539980.53545582
2022-06-16 00:00:00+00:00,DAI,5,DeFiLlama,6285575425.0,-72296741.0,-72298338.03085488
2022-06-17 00:00:00+00:00,DAI,5,DeFiLlama,6237242772.0,-48332653.0,-48407312.44978722
2022-06-18 00:00:00+00:00,DAI,5,DeFiLlama,6367868986.0,130626214.0,130733471.1797121
2022-06-19 00:00:00+00:00,DAI,5,DeFiLlama,6284483284.0,-83385702.0,-83404190.28270732
2022-06-20 00:00:00+00:00,DAI,5,DeFiLlama,6286172860.0,1689576.0,1690525.102491483
2022-06-21 00:00:00+00:00,DAI,5,DeFiLlama,6280259001.0,-5913859.0,-5919524.299774426
2022-06-22 00:00:00+00:00,DAI,5,DeFiLlama,6318427671.0,38168670.0,38206838.66594659
2022-06-23 00:00:00+00:00,DAI,5,DeFiLlama,6333330027.0,14902356.0,14898476.022134958
2022-06-24 00:00:00+00:00,DAI,5,DeFiLlama,6328911474.0,-4418553.0,-4418553.0
2022-06-25 00:00:00+00:00,DAI,5,DeFiLlama,6323171707.0,-5739767.0,-5743155.069850657
2022-06-26 00:00:00+00:00,DAI,5,DeFiLlama,6344501028.0,21329321.0,21341264.99423035
2022-06-27 00:00:00+00:00,DAI,5,DeFiLlama,6322849487.0,-21651541.0,-21673110.26288774
2022-06-28 00:00:00+00:00,DAI,5,DeFiLlama,6331235461.0,8385974.0,8392082.763460234
2022-06-29 00:00:00+00:00,DAI,5,DeFiLlama,6250595574.0,-80639887.0,-80639887.0
2022-06-30 00:00:00+00:00,DAI,5,DeFiLlama,6322265246.0,71669672.0,71709695.21385382
2022-07-01 00:00:00+00:00,DAI,5,DeFiLlama,6319730151.0,-2535095.0,-2535590.5857026083
2022-07-02 00:00:00+00:00,DAI,5,DeFiLlama,6396450375.0,76720224.0,76781149.06222233
2022-07-03 00:00:00+00:00,DAI,5,DeFiLlama,6406962775.0,10512400.0,10522912.400369175
2022-07-04 00:00:00+00:00,DAI,5,DeFiLlama,6430833317.0,23870542.0,23870542.0
2022-07-05 00:00:00+00:00,DAI,5,DeFiLlama,6440188597.0,9355280.0,9360408.28357145
2022-07-06 00:00:00+00:00,DAI,5,DeFiLlama,6433766301.0,-6422296.0,-6420745.336504402
2022-07-07 00:00:00+00:00,DAI,5,DeFiLlama,6420143840.0,-13622461.0,-13636083.461339492
2022-07-08 00:00:00+00:00,DAI,5,DeFiLlama,6445656636.0,25512796.0,25548196.280623034
2022-07-09 00:00:00+00:00,DAI,5,DeFiLlama,6461631548.0,15974912.0,15980870.161152417
2022-07-10 00:00:00+00:00,DAI,5,DeFiLlama,6487247003.0,25615455.0,25612487.704479903
2022-07-11 00:00:00+00:00,DAI,5,DeFiLlama,6425483975.0,-61763028.0,-61824791.02824031
2022-07-12 00:00:00+00:00,DAI,5,DeFiLlama,6454325558.0,28841583.0,28870424.58050654
2022-07-13 00:00:00+00:00,DAI,5,DeFiLlama,6401322933.0,-53002625.0,-53055627.625554755
2022-07-14 00:00:00+00:00,DAI,5,DeFiLlama,6465404048.0,64081115.0,64109801.544248395
2022-07-15 00:00:00+00:00,DAI,5,DeFiLlama,6496648680.0,31244632.0,31252261.003198825
2022-07-16 00:00:00+00:00,DAI,5,DeFiLlama,6540391831.0,43743151.0,43749395.76997755
2022-07-17 00:00:00+00:00,DAI,5,DeFiLlama,6588727400.0,48335569.0,48350529.82601492
2022-07-18 00:00:00+00:00,DAI,5,DeFiLlama,6713131763.0,124404363.0,124400428.07809487
2022-07-19 00:00:00+00:00,DAI,5,DeFiLlama,6772181520.0,59049757.0,59029713.74598065
2022-07-20 00:00:00+00:00,DAI,5,DeFiLlama,6813842983.0,41661463.0,41648409.63214582
2022-07-21 00:00:00+00:00,DAI,5,DeFiLlama,6833858495.0,20015512.0,20031628.089416165
2022-07-22 00:00:00+00:00,DAI,5,DeFiLlama,6808659864.0,-25198631.0,-25192616.087185692
2022-07-23 00:00:00+00:00,DAI,5,DeFiLlama,6868818890.0,60159026.0,60156187.69606055
2022-07-24 00:00:00+00:00,DAI,5,DeFiLlama,6918607706.0,49788816.0,49798889.27533231
2022-07-25 00:00:00+00:00,DAI,5,DeFiLlama,6913365132.0,-5242574.0,-5241875.16456131
2022-07-26 00:00:00+00:00,DAI,5,DeFiLlama,6872863685.0,-40501447.0,-40527402.760735445
2022-07-27 00:00:00+00:00,DAI,5,DeFiLlama,6883246369.0,10382684.0,10383476.405895509
2022-07-28 00:00:00+00:00,DAI,5,DeFiLlama,6927887133.0,44640764.0,44630743.04196494
2022-07-29 00:00:00+00:00,DAI,5,DeFiLlama,6987503080.0,59615947.0,59619726.653639674
2022-07-30 00:00:00+00:00,DAI,5,DeFiLlama,7017296569.0,29793489.0,29793393.959517572
2022-07-31 00:00:00+00:00,DAI,5,DeFiLlama,7000315772.0,-16980797.0,-16980797.0
2022-08-01 00:00:00+00:00,DAI,5,DeFiLlama,6970932769.0,-29383003.0,-29399808.903632764
2022-08-02 00:00:00+00:00,DAI,5,DeFiLlama,6990217547.0,19284778.0,19282319.576315418
2022-08-03 00:00:00+00:00,DAI,5,DeFiLlama,6986805787.0,-3411760.0,-3411778.832833191
2022-08-04 00:00:00+00:00,DAI,5,DeFiLlama,6943602666.0,-43203121.0,-43207372.183980875
2022-08-05 00:00:00+00:00,DAI,5,DeFiLlama,7019347365.0,75744699.0,75746664.57424712
2022-08-06 00:00:00+00:00,DAI,5,DeFiLlama,7039553415.0,20206050.0,20202425.439013876
2022-08-07 00:00:00+00:00,DAI,5,DeFiLlama,7079507537.0,39954122.0,39968761.58782932
2022-08-08 00:00:00+00:00,DAI,5,DeFiLlama,7007186679.0,-72320858.0,-72323139.72575621
2022-08-09 00:00:00+00:00,DAI,5,DeFiLlama,7038383739.0,31197060.0,31200312.605969243
2022-08-10 00:00:00+00:00,DAI,5,DeFiLlama,7070219248.0,31835509.0,31852361.12867519
2022-08-11 00:00:00+00:00,DAI,5,DeFiLlama,7111295723.0,41076475.0,41082079.06304821
2022-08-12 00:00:00+00:00,DAI,5,DeFiLlama,7006540068.0,-104755655.0,-104777279.72382246
2022-08-13 00:00:00+00:00,DAI,5,DeFiLlama,6835569566.0,-170970502.0,-170934242.56576994
2022-08-14 00:00:00+00:00,DAI,5,DeFiLlama,6850039736.0,14470170.0,14470170.0
2022-08-15 00:00:00+00:00,DAI,5,DeFiLlama,6810131427.0,-39908309.0,-39899790.97317453
2022-08-16 00:00:00+00:00,DAI,5,DeFiLlama,6800406561.0,-9724866.0,-9719202.334971447
2022-08-17 00:00:00+00:00,DAI,5,DeFiLlama,6774115242.0,-26291319.0,-26291422.3238245
2022-08-18 00:00:00+00:00,DAI,5,DeFiLlama,6732521880.0,-41593362.0,-41584765.48160754
2022-08-19 00:00:00+00:00,DAI,5,DeFiLlama,6692115250.0,-40406630.0,-40431187.12912173
2022-08-20 00:00:00+00:00,DAI,5,DeFiLlama,6641386150.0,-50729100.0,-50779829.09885425
2022-08-21 00:00:00+00:00,DAI,5,DeFiLlama,6585844907.0,-55541243.0,-55566961.93352742
2022-08-22 00:00:00+00:00,DAI,5,DeFiLlama,6551101426.0,-34743481.0,-34779779.950691745
2022-08-23 00:00:00+00:00,DAI,5,DeFiLlama,6527072580.0,-24028846.0,-24036071.232032083
2022-08-24 00:00:00+00:00,DAI,5,DeFiLlama,6511799141.0,-15273439.0,-15268331.103764093
2022-08-25 00:00:00+00:00,DAI,5,DeFiLlama,6496625506.0,-15173635.0,-15173702.370899118
2022-08-26 00:00:00+00:00,DAI,5,DeFiLlama,6511205820.0,14580314.0,14581772.321201172
2022-08-27 00:00:00+00:00,DAI,5,DeFiLlama,6492428510.0,-18777310.0,-18774511.24040995
2022-08-28 00:00:00+00:00,DAI,5,DeFiLlama,6478053504.0,-14375006.0,-14370523.296364136
2022-08-29 00:00:00+00:00,DAI,5,DeFiLlama,6472676560.0,-5376944.0,-5376195.798195318
2022-08-30 00:00:00+00:00,DAI,5,DeFiLlama,6482996497.0,10319937.0,10319414.39829896
2022-08-31 00:00:00+00:00,DAI,5,DeFiLlama,6513654564.0,30658067.0,30658067.0
2022-09-01 00:00:00+00:00,DAI,5,DeFiLlama,6512129386.0,-1525178.0,-1525074.1049340754
2022-09-02 00:00:00+00:00,DAI,5,DeFiLlama,6549160998.0,37031612.0,37029583.40851782
2022-09-03 00:00:00+00:00,DAI,5,DeFiLlama,6543246147.0,-5914851.0,-5914412.591609457
2022-09-04 00:00:00+00:00,DAI,5,DeFiLlama,6535145253.0,-8100894.0,-8099618.515008351
2022-09-05 00:00:00+00:00,DAI,5,DeFiLlama,6449107023.0,-86038230.0,-86024699.62221935
2022-09-06 00:00:00+00:00,DAI,5,DeFiLlama,6422655195.0,-26451828.0,-26446028.43733497
2022-09-07 00:00:00+00:00,DAI,5,DeFiLlama,6408253781.0,-14401414.0,-14399638.017302519
2022-09-08 00:00:00+00:00,DAI,5,DeFiLlama,6405523031.0,-2730750.0,-2729978.535950291
2022-09-09 00:00:00+00:00,DAI,5,DeFiLlama,6410185584.0,4662553.0,4662501.152602443
2022-09-10 00:00:00+00:00,DAI,5,DeFiLlama,6411812547.0,1626963.0,1626374.1046424052
2022-09-11 00:00:00+00:00,DAI,5,DeFiLlama,6435984181.0,24171634.0,24169474.26520281
2022-09-12 00:00:00+00:00,DAI,5,DeFiLlama,6440832858.0,4848677.0,4848677.0
2022-09-13 00:00:00+00:00,DAI,5,DeFiLlama,6423856952.0,-16975906.0,-16960928.15810647
2022-09-14 00:00:00+00:00,DAI,5,DeFiLlama,6389593937.0,-34263015.0,-34283492.62972485
2022-09-15 00:00:00+00:00,DAI,5,DeFiLlama,6383386329.0,-6207608.0,-6206293.724800109
2022-09-16 00:00:00+00:00,DAI,5,DeFiLlama,6371976830.0,-11409499.0,-11409089.968331635
2022-09-17 00:00:00+00:00,DAI,5,DeFiLlama,6374280158.0,2303328.0,2303328.0
2022-09-18 00:00:00+00:00,DAI,5,DeFiLlama,6433988516.0,59708358.0,59716843.75696259
2022-09-19 00:00:00+00:00,DAI,5,DeFiLlama,6426077261.0,-7911255.0,-7912184.334760624
2022-09-20 00:00:00+00:00,DAI,5,DeFiLlama,6379837459.0,-46239802.0,-46240065.56633857
2022-09-21 00:00:00+00:00,DAI,5,DeFiLlama,6418571963.0,38734504.0,38729326.74817823
2022-09-22 00:00:00+00:00,DAI,5,DeFiLlama,6412136991.0,-6434972.0,-6433315.960412053
2022-09-23 00:00:00+00:00,DAI,5,DeFiLlama,6473956364.0,61819373.0,61764372.30362276
2022-09-24 00:00:00+00:00,DAI,5,DeFiLlama,6477347417.0,3391053.0,3392166.689396594
2022-09-25 00:00:00+00:00,DAI,5,DeFiLlama,6471422615.0,-5924802.0,-5922696.799246757
2022-09-26 00:00:00+00:00,DAI,5,DeFiLlama,6470564787.0,-857828.0,-857500.0351101315
2022-09-27 00:00:00+00:00,DAI,5,DeFiLlama,6461496878.0,-9067909.0,-9067678.040814545
2022-09-28 00:00:00+00:00,DAI,5,DeFiLlama,6449756415.0,-11740463.0,-11738488.019358065
2022-09-29 00:00:00+00:00,DAI,5,DeFiLlama,6405633520.0,-44122895.0,-44125626.650005296
2022-09-30 00:00:00+00:00,DAI,5,DeFiLlama,6412476533.0,6843013.0,6841262.626102108
2022-10-01 00:00:00+00:00,DAI,5,DeFiLlama,6410597396.0,-1879137.0,-1878945.7037991455
2022-10-02 00:00:00+00:00,DAI,5,DeFiLlama,6407231969.0,-3365427.0,-3364813.347871282
2022-10-03 00:00:00+00:00,DAI,5,DeFiLlama,6374829996.0,-32401973.0,-32400482.83037224
2022-10-04 00:00:00+00:00,DAI,5,DeFiLlama,6328114447.0,-46715549.0,-46712072.43088937
2022-10-05 00:00:00+00:00,DAI,5,DeFiLlama,6348183702.0,20069255.0,20063478.86693212
2022-10-06 00:00:00+00:00,DAI,5,DeFiLlama,6338818746.0,-9364956.0,-9362340.460977178
2022-10-07 00:00:00+00:00,DAI,5,DeFiLlama,6329709120.0,-9109626.0,-9108268.483897684
2022-10-08 00:00:00+00:00,DAI,5,DeFiLlama,6312891896.0,-16817224.0,-16816901.27852499
2022-10-09 00:00:00+00:00,DAI,5,DeFiLlama,6313922897.0,1031001.0,1030862.7943754435
2022-10-10 00:00:00+00:00,DAI,5,DeFiLlama,6306111486.0,-7811411.0,-7810751.404521898
2022-10-11 00:00:00+00:00,DAI,5,DeFiLlama,6280328560.0,-25782926.0,-25779311.492674842
2022-10-12 00:00:00+00:00,DAI,5,DeFiLlama,6246283301.0,-34045259.0,-34042400.55975977
2022-10-13 00:00:00+00:00,DAI,5,DeFiLlama,6202179646.0,-44103655.0,-44097250.70474743
2022-10-14 00:00:00+00:00,DAI,5,DeFiLlama,6037140991.0,-165038655.0,-164995959.51018578
2022-10-15 00:00:00+00:00,DAI,5,DeFiLlama,6029027825.0,-8113166.0,-8117470.60343587
2022-10-16 00:00:00+00:00,DAI,5,DeFiLlama,6018984633.0,-10043192.0,-10039859.467164434
2022-10-17 00:00:00+00:00,DAI,5,DeFiLlama,6021437582.0,2452949.0,2452882.451738703
2022-10-18 00:00:00+00:00,DAI,5,DeFiLlama,6001394114.0,-20043468.0,-20046257.44937862
2022-10-19 00:00:00+00:00,DAI,5,DeFiLlama,5913645400.0,-87748714.0,-87723717.02629259
2022-10-20 00:00:00+00:00,DAI,5,DeFiLlama,5876697210.0,-36948190.0,-36944827.7175148
2022-10-21 00:00:00+00:00,DAI,5,DeFiLlama,5796976984.0,-79720226.0,-79701717.35714254
2022-10-22 00:00:00+00:00,DAI,5,DeFiLlama,5748038382.0,-48938602.0,-48947285.66613058
2022-10-23 00:00:00+00:00,DAI,5,DeFiLlama,5755030445.0,6992063.0,6991583.413837794
2022-10-24 00:00:00+00:00,DAI,5,DeFiLlama,5786191409.0,31160964.0,31158038.91916526
2022-10-25 00:00:00+00:00,DAI,5,DeFiLlama,5785277375.0,-914034.0,-913724.5995528444
2022-10-26 00:00:00+00:00,DAI,5,DeFiLlama,5790557229.0,5279854.0,5279345.233354804
2022-10-27 00:00:00+00:00,DAI,5,DeFiLlama,5792095831.0,1538602.0,1538906.2739656442
2022-10-28 00:00:00+00:00,DAI,5,DeFiLlama,5797115369.0,5019538.0,5018785.7726493925
2022-10-29 00:00:00+00:00,DAI,5,DeFiLlama,5769620018.0,-27495351.0,-27491466.184775356
2022-10-30 00:00:00+00:00,DAI,5,DeFiLlama,5782823654.0,13203636.0,13201521.965600852
2022-10-31 00:00:00+00:00,DAI,5,DeFiLlama,5774959360.0,-7864294.0,-7860817.273970661
2022-11-01 00:00:00+00:00,DAI,5,DeFiLlama,5683797889.0,-91161471.0,-91154847.21962029
2022-11-02 00:00:00+00:00,DAI,5,DeFiLlama,5657479288.0,-26318601.0,-26335512.015600175
2022-11-03 00:00:00+00:00,DAI,5,DeFiLlama,5668050768.0,10571480.0,10571179.345922302
2022-11-04 00:00:00+00:00,DAI,5,DeFiLlama,5658283048.0,-9767720.0,-9767720.0
2022-11-05 00:00:00+00:00,DAI,5,DeFiLlama,5692143252.0,33860204.0,33857821.936300986
2022-11-06 00:00:00+00:00,DAI,5,DeFiLlama,5722149110.0,30005858.0,29982981.232244574
2022-11-07 00:00:00+00:00,DAI,5,DeFiLlama,5772096726.0,49947616.0,49951451.97666169
2022-11-08 00:00:00+00:00,DAI,5,DeFiLlama,5787183940.0,15087214.0,15088181.089138523
2022-11-09 00:00:00+00:00,DAI,5,DeFiLlama,5751459012.0,-35724928.0,-35743755.03768134
2022-11-10 00:00:00+00:00,DAI,5,DeFiLlama,5437149036.0,-314309976.0,-314119466.42426497
2022-11-11 00:00:00+00:00,DAI,5,DeFiLlama,5391555587.0,-45593449.0,-45702440.59960586
2022-11-12 00:00:00+00:00,DAI,5,DeFiLlama,5394004683.0,2449096.0,2449256.905558312
2022-11-13 00:00:00+00:00,DAI,5,DeFiLlama,5441699507.0,47694824.0,47729919.275785856
2022-11-14 00:00:00+00:00,DAI,5,DeFiLlama,5436348258.0,-5351249.0,-5352683.616733732
2022-11-15 00:00:00+00:00,DAI,5,DeFiLlama,5466952845.0,30604587.0,30644451.310295317
2022-11-16 00:00:00+00:00,DAI,5,DeFiLlama,5439447582.0,-27505263.0,-27515762.309341263
2022-11-17 00:00:00+00:00,DAI,5,DeFiLlama,5430814158.0,-8633424.0,-8631558.66194474
2022-11-18 00:00:00+00:00,DAI,5,DeFiLlama,5449264302.0,18450144.0,18460177.002333667
2022-11-19 00:00:00+00:00,DAI,5,DeFiLlama,5425238337.0,-24025965.0,-24029177.030759215
2022-11-20 00:00:00+00:00,DAI,5,DeFiLlama,5432064142.0,6825805.0,6825424.802627208
2022-11-21 00:00:00+00:00,DAI,5,DeFiLlama,5405934262.0,-26129880.0,-26223262.699948423
2022-11-22 00:00:00+00:00,DAI,5,DeFiLlama,5352993996.0,-52940266.0,-52979667.31929284
2022-11-23 00:00:00+00:00,DAI,5,DeFiLlama,5367921913.0,14927917.0,14934724.877136232
2022-11-24 00:00:00+00:00,DAI,5,DeFiLlama,5243752781.0,-124169132.0,-124149089.8636333
2022-11-25 00:00:00+00:00,DAI,5,DeFiLlama,5261562431.0,17809650.0,17814040.081638545
2022-11-26 00:00:00+00:00,DAI,5,DeFiLlama,5253903530.0,-7658901.0,-7664626.104463013
2022-11-27 00:00:00+00:00,DAI,5,DeFiLlama,5266875738.0,12972208.0,12969621.341779374
2022-11-28 00:00:00+00:00,DAI,5,DeFiLlama,5189391074.0,-77484664.0,-77472258.71292274
2022-11-29 00:00:00+00:00,DAI,5,DeFiLlama,5197232902.0,7841828.0,7839665.225096539
2022-11-30 00:00:00+00:00,DAI,5,DeFiLlama,5177508377.0,-19724525.0,-19718186.72320082
2022-12-01 00:00:00+00:00,DAI,5,DeFiLlama,5190940506.0,13432129.0,13431413.603493271
2022-12-02 00:00:00+00:00,DAI,5,DeFiLlama,5201199129.0,10258623.0,10254575.768212564
2022-12-03 00:00:00+00:00,DAI,5,DeFiLlama,5223885223.0,22686094.0,22681880.73846431
2022-12-04 00:00:00+00:00,DAI,5,DeFiLlama,5223149757.0,-735466.0,-735640.011222861
2022-12-05 00:00:00+00:00,DAI,5,DeFiLlama,5220263452.0,-2886305.0,-2886867.9160746313
2022-12-06 00:00:00+00:00,DAI,5,DeFiLlama,5219747527.0,-515925.0,-515871.08579960157
2022-12-07 00:00:00+00:00,DAI,5,DeFiLlama,5170128638.0,-49618889.0,-49624365.43584055
2022-12-08 00:00:00+00:00,DAI,5,DeFiLlama,5172166058.0,2037420.0,2037953.3760430126
2022-12-09 00:00:00+00:00,DAI,5,DeFiLlama,5176241274.0,4075216.0,4072960.1235252284
2022-12-10 00:00:00+00:00,DAI,5,DeFiLlama,5173767279.0,-2473995.0,-2474133.469617493
2022-12-11 00:00:00+00:00,DAI,5,DeFiLlama,5180175960.0,6408681.0,6408068.650299075
2022-12-12 00:00:00+00:00,DAI,5,DeFiLlama,5174745541.0,-5430419.0,-5432038.894412836
2022-12-13 00:00:00+00:00,DAI,5,DeFiLlama,5162671193.0,-12074348.0,-12069175.228493318
2022-12-14 00:00:00+00:00,DAI,5,DeFiLlama,5163529431.0,858238.0,858146.7949268431
2022-12-15 00:00:00+00:00,DAI,5,DeFiLlama,5152553455.0,-10975976.0,-10974281.640026703
2022-12-16 00:00:00+00:00,DAI,5,DeFiLlama,5129580148.0,-22973307.0,-22953047.75747055
2022-12-17 00:00:00+00:00,DAI,5,DeFiLlama,5138333362.0,8753214.0,8751169.775038466
2022-12-18 00:00:00+00:00,DAI,5,DeFiLlama,5147283616.0,8950254.0,8950228.938235287
2022-12-19 00:00:00+00:00,DAI,5,DeFiLlama,5147824207.0,540591.0,540702.6590616034
2022-12-20 00:00:00+00:00,DAI,5,DeFiLlama,5150611980.0,2787773.0,2787903.523719726
2022-12-21 00:00:00+00:00,DAI,5,DeFiLlama,5170854946.0,20242966.0,20239891.699738268
2022-12-22 00:00:00+00:00,DAI,5,DeFiLlama,5175522378.0,4667432.0,4666074.197550759
2022-12-23 00:00:00+00:00,DAI,5,DeFiLlama,5164093379.0,-11428999.0,-11429405.642805262
2022-12-24 00:00:00+00:00,DAI,5,DeFiLlama,5152980756.0,-11112623.0,-11117985.84077015
2022-12-25 00:00:00+00:00,DAI,5,DeFiLlama,5157601809.0,4621053.0,4622591.718003625
2022-12-26 00:00:00+00:00,DAI,5,DeFiLlama,5147332251.0,-10269558.0,-10269656.483233117
2022-12-27 00:00:00+00:00,DAI,5,DeFiLlama,5136178470.0,-11153781.0,-11156572.792532993
2022-12-28 00:00:00+00:00,DAI,5,DeFiLlama,5121377390.0,-14801080.0,-14800937.759993281
2022-12-29 00:00:00+00:00,DAI,5,DeFiLlama,5080248555.0,-41128835.0,-41135711.74478716
2022-12-30 00:00:00+00:00,DAI,5,DeFiLlama,5077444933.0,-2803622.0,-2803950.556588242
2022-12-31 00:00:00+00:00,DAI,5,DeFiLlama,5061925238.0,-15519695.0,-15521961.65089978
2023-01-01 00:00:00+00:00,DAI,5,DeFiLlama,5056502018.0,-5423220.0,-5422735.978478496
2023-01-02 00:00:00+00:00,DAI,5,DeFiLlama,5052759431.0,-3742587.0,-3743194.6464096047
2023-01-03 00:00:00+00:00,DAI,5,DeFiLlama,5057787126.0,5027695.0,5028249.65523711
2023-01-04 00:00:00+00:00,DAI,5,DeFiLlama,5059363528.0,1576402.0,1576170.2846217188
2023-01-05 00:00:00+00:00,DAI,5,DeFiLlama,5035185933.0,-24177595.0,-24171510.22583681
2023-01-06 00:00:00+00:00,DAI,5,DeFiLlama,5016002044.0,-19183889.0,-19187104.6024698
2023-01-07 00:00:00+00:00,DAI,5,DeFiLlama,5004284744.0,-11717300.0,-11721094.648507994
2023-01-08 00:00:00+00:00,DAI,5,DeFiLlama,5047474309.0,43189565.0,43211453.47171484
2023-01-09 00:00:00+00:00,DAI,5,DeFiLlama,5066075174.0,18600865.0,18600094.180724278
2023-01-10 00:00:00+00:00,DAI,5,DeFiLlama,5072548741.0,6473567.0,6472656.621672272
2023-01-11 00:00:00+00:00,DAI,5,DeFiLlama,5072035731.0,-513010.0,-513015.1711286456
2023-01-12 00:00:00+00:00,DAI,5,DeFiLlama,5058553959.0,-13481772.0,-13486289.338210098
2023-01-13 00:00:00+00:00,DAI,5,DeFiLlama,5059736457.0,1182498.0,1182358.819980957
2023-01-14 00:00:00+00:00,DAI,5,DeFiLlama,5085914736.0,26178279.0,26186170.184858557
2023-01-15 00:00:00+00:00,DAI,5,DeFiLlama,5098324191.0,12409455.0,12410582.15131788
2023-01-16 00:00:00+00:00,DAI,5,DeFiLlama,5102948703.0,4624512.0,4625518.894978635
2023-01-17 00:00:00+00:00,DAI,5,DeFiLlama,5099089485.0,-3859218.0,-3860745.5173724624
2023-01-18 00:00:00+00:00,DAI,5,DeFiLlama,5097905769.0,-1183716.0,-1184200.94476265
2023-01-19 00:00:00+00:00,DAI,5,DeFiLlama,5113297318.0,15391549.0,15396121.830312073
2023-01-20 00:00:00+00:00,DAI,5,DeFiLlama,5112344782.0,-952536.0,-952563.471133859
2023-01-21 00:00:00+00:00,DAI,5,DeFiLlama,5115147602.0,2802820.0,2803505.5982084605
2023-01-22 00:00:00+00:00,DAI,5,DeFiLlama,5135175908.0,20028306.0,20023894.56861806
2023-01-23 00:00:00+00:00,DAI,5,DeFiLlama,5138197689.0,3021781.0,3024545.6273982814
2023-01-24 00:00:00+00:00,DAI,5,DeFiLlama,5141679004.0,3481315.0,3483884.0363900303
2023-01-25 00:00:00+00:00,DAI,5,DeFiLlama,5156257023.0,14578019.0,14581253.864018006
2023-01-26 00:00:00+00:00,DAI,5,DeFiLlama,5156618447.0,361424.0,361490.91044102376
2023-01-27 00:00:00+00:00,DAI,5,DeFiLlama,5142995166.0,-13623281.0,-13619793.577177687
2023-01-28 00:00:00+00:00,DAI,5,DeFiLlama,5131479374.0,-11515792.0,-11515466.910679098
2023-01-29 00:00:00+00:00,DAI,5,DeFiLlama,5136085355.0,4605981.0,4605496.082379664
2023-01-30 00:00:00+00:00,DAI,5,DeFiLlama,5131945540.0,-4139815.0,-4145490.355357513
2023-01-31 00:00:00+00:00,DAI,5,DeFiLlama,5124448188.0,-7497352.0,-7497025.189982304
2023-02-01 00:00:00+00:00,DAI,5,DeFiLlama,5109220274.0,-15227914.0,-15234796.407430137
2023-02-02 00:00:00+00:00,DAI,5,DeFiLlama,5099834061.0,-9386213.0,-9387511.207029888
2023-02-03 00:00:00+00:00,DAI,5,DeFiLlama,5107263655.0,7429594.0,7435071.616368448
2023-02-04 00:00:00+00:00,DAI,5,DeFiLlama,5095939556.0,-11324099.0,-11322887.773692993
2023-02-05 00:00:00+00:00,DAI,5,DeFiLlama,5103033741.0,7094185.0,7092368.818626843
2023-02-06 00:00:00+00:00,DAI,5,DeFiLlama,5108661679.0,5627938.0,5630310.344531576
2023-02-07 00:00:00+00:00,DAI,5,DeFiLlama,5106194710.0,-2466969.0,-2467086.057708526
2023-02-08 00:00:00+00:00,DAI,5,DeFiLlama,5096385107.0,-9809603.0,-9808643.719884295
2023-02-09 00:00:00+00:00,DAI,5,DeFiLlama,5101680743.0,5295636.0,5293333.933696383
2023-02-10 00:00:00+00:00,DAI,5,DeFiLlama,5089114275.0,-12566468.0,-12567524.589300487
2023-02-11 00:00:00+00:00,DAI,5,DeFiLlama,5083865127.0,-5249148.0,-5254283.29388448
2023-02-12 00:00:00+00:00,DAI,5,DeFiLlama,5081238186.0,-2626941.0,-2628823.8597188606
2023-02-13 00:00:00+00:00,DAI,5,DeFiLlama,5082389286.0,1151100.0,1151488.4042089097
2023-02-14 00:00:00+00:00,DAI,5,DeFiLlama,5095430331.0,13041045.0,13041315.601224681
2023-02-15 00:00:00+00:00,DAI,5,DeFiLlama,5086432467.0,-8997864.0,-9000819.527552344
2023-02-16 00:00:00+00:00,DAI,5,DeFiLlama,5087085609.0,653142.0,653125.0378526063
2023-02-17 00:00:00+00:00,DAI,5,DeFiLlama,5090497126.0,3411517.0,3412818.7667283416
2023-02-18 00:00:00+00:00,DAI,5,DeFiLlama,5069755254.0,-20741872.0,-20749551.887243647
2023-02-19 00:00:00+00:00,DAI,5,DeFiLlama,5082188199.0,12432945.0,12433602.825706901
2023-02-20 00:00:00+00:00,DAI,5,DeFiLlama,5084376219.0,2188020.0,2188196.7698110067
2023-02-21 00:00:00+00:00,DAI,5,DeFiLlama,5087755205.0,3378986.0,3379076.590802581
2023-02-22 00:00:00+00:00,DAI,5,DeFiLlama,5025497973.0,-62257232.0,-62253264.34642896
2023-02-23 00:00:00+00:00,DAI,5,DeFiLlama,5034632736.0,9134763.0,9133525.14841475
2023-02-24 00:00:00+00:00,DAI,5,DeFiLlama,5023801940.0,-10830796.0,-10829905.058608038
2023-02-25 00:00:00+00:00,DAI,5,DeFiLlama,5022538524.0,-1263416.0,-1263804.3488373712
2023-02-26 00:00:00+00:00,DAI,5,DeFiLlama,5022390510.0,-148014.0,-148043.99355068427
2023-02-27 00:00:00+00:00,DAI,5,DeFiLlama,5027887498.0,5496988.0,5496438.300926456
2023-02-28 00:00:00+00:00,DAI,5,DeFiLlama,5031544883.0,3657385.0,3656287.784837932
2023-03-01 00:00:00+00:00,DAI,5,DeFiLlama,5025249703.0,-6295180.0,-6293480.239290406
2023-03-02 00:00:00+00:00,DAI,5,DeFiLlama,5013821892.0,-11427811.0,-11424382.655714447
2023-03-03 00:00:00+00:00,DAI,5,DeFiLlama,5022905153.0,9083261.0,9080536.02087882
2023-03-04 00:00:00+00:00,DAI,5,DeFiLlama,5008414439.0,-14490714.0,-14489303.329413466
2023-03-05 00:00:00+00:00,DAI,5,DeFiLlama,5016539623.0,8125184.0,8123934.103415321
2023-03-06 00:00:00+00:00,DAI,5,DeFiLlama,5002052962.0,-14486661.0,-14485212.334757837
2023-03-07 00:00:00+00:00,DAI,5,DeFiLlama,5004616099.0,2563137.0,2562726.8978627645
2023-03-08 00:00:00+00:00,DAI,5,DeFiLlama,4992034728.0,-12581371.0,-12579058.922010744
2023-03-09 00:00:00+00:00,DAI,5,DeFiLlama,4978720763.0,-13313965.0,-13311967.905556059
2023-03-10 00:00:00+00:00,DAI,5,DeFiLlama,4914241779.0,-64478984.0,-64468344.966243096
2023-03-11 00:00:00+00:00,DAI,5,DeFiLlama,5099872824.0,185631045.0,185169133.72160152
2023-03-12 00:00:00+00:00,DAI,5,DeFiLlama,5829992476.0,730119652.0,702775940.9403338
2023-03-13 00:00:00+00:00,DAI,5,DeFiLlama,6354719957.0,524727481.0,522264934.99427384
2023-03-14 00:00:00+00:00,DAI,5,DeFiLlama,6281301167.0,-73418790.0,-73331788.73248123
2023-03-15 00:00:00+00:00,DAI,5,DeFiLlama,6040897060.0,-240404107.0,-238818882.32694402
2023-03-16 00:00:00+00:00,DAI,5,DeFiLlama,5795515043.0,-245382017.0,-245872781.0726987
2023-03-17 00:00:00+00:00,DAI,5,DeFiLlama,5566042447.0,-229472596.0,-229702068.61879864
2023-03-18 00:00:00+00:00,DAI,5,DeFiLlama,5459068162.0,-106974285.0,-107081259.28182548
2023-03-19 00:00:00+00:00,DAI,5,DeFiLlama,5430257937.0,-28810225.0,-28839035.22533425
2023-03-20 00:00:00+00:00,DAI,5,DeFiLlama,5409493536.0,-20764401.0,-20805929.801723626
2023-03-21 00:00:00+00:00,DAI,5,DeFiLlama,5399321748.0,-10171788.0,-10202303.363540329
2023-03-22 00:00:00+00:00,DAI,5,DeFiLlama,5386927527.0,-12394221.0,-12406615.222088277
2023-03-23 00:00:00+00:00,DAI,5,DeFiLlama,5295219811.0,-91707716.0,-91799423.7192733
2023-03-24 00:00:00+00:00,DAI,5,DeFiLlama,5283706491.0,-11513320.0,-11513320.0
2023-03-25 00:00:00+00:00,DAI,5,DeFiLlama,5243400361.0,-40306130.0,-40467354.51658697
2023-03-26 00:00:00+00:00,DAI,5,DeFiLlama,5241821138.0,-1579223.0,-1583960.6691765464
2023-03-27 00:00:00+00:00,DAI,5,DeFiLlama,5234584092.0,-7237046.0,-7229476.049829019
2023-03-28 00:00:00+00:00,DAI,5,DeFiLlama,5147163334.0,-87420758.0,-87420758.0
2023-03-29 00:00:00+00:00,DAI,5,DeFiLlama,5118816202.0,-28347132.0,-28347132.0
2023-03-30 00:00:00+00:00,DAI,5,DeFiLlama,5103349240.0,-15466962.0,-15459058.380786367
2023-03-31 00:00:00+00:00,DAI,5,DeFiLlama,5096764173.0,-6585067.0,-6591652.066776481
2023-04-01 00:00:00+00:00,DAI,5,DeFiLlama,5097219737.0,455564.0,455564.0
2023-04-02 00:00:00+00:00,DAI,5,DeFiLlama,5098655957.0,1436220.0,1436220.0
2023-04-03 00:00:00+00:00,DAI,5,DeFiLlama,5109383566.0,10727609.0,10727405.176033165
2023-04-04 00:00:00+00:00,DAI,5,DeFiLlama,5092490382.0,-16893184.0,-16886291.581179634
2023-04-05 00:00:00+00:00,DAI,5,DeFiLlama,5093332050.0,841668.0,841527.4415187504
2023-04-06 00:00:00+00:00,DAI,5,DeFiLlama,5083854788.0,-9477262.0,-9477262.0
2023-04-07 00:00:00+00:00,DAI,5,DeFiLlama,5085068955.0,1214167.0,1214167.0
2023-04-08 00:00:00+00:00,DAI,5,DeFiLlama,5082352628.0,-2716327.0,-2715300.22801634
2023-04-09 00:00:00+00:00,DAI,5,DeFiLlama,5077677554.0,-4675074.0,-4679749.074410637
2023-04-10 00:00:00+00:00,DAI,5,DeFiLlama,5070362809.0,-7314745.0,-7312682.242360305
2023-04-11 00:00:00+00:00,DAI,5,DeFiLlama,5056286415.0,-14076394.0,-14075999.861022621
2023-04-12 00:00:00+00:00,DAI,5,DeFiLlama,5044866926.0,-11419489.0,-11413162.603721023
2023-04-13 00:00:00+00:00,DAI,5,DeFiLlama,5020927008.0,-23939918.0,-23939918.0
2023-04-14 00:00:00+00:00,DAI,5,DeFiLlama,5010239606.0,-10687402.0,-10687402.0
2023-04-15 00:00:00+00:00,DAI,5,DeFiLlama,5013234144.0,2994538.0,2997532.5379139846
2023-04-16 00:00:00+00:00,DAI,5,DeFiLlama,5026673664.0,13439520.0,13439520.0
2023-04-17 00:00:00+00:00,DAI,5,DeFiLlama,5015182398.0,-11491266.0,-11479464.470557505
2023-04-18 00:00:00+00:00,DAI,5,DeFiLlama,4882603473.0,-132578925.0,-132572030.90623444
2023-04-19 00:00:00+00:00,DAI,5,DeFiLlama,4864412825.0,-18190648.0,-18175313.28377891
2023-04-20 00:00:00+00:00,DAI,5,DeFiLlama,4857992464.0,-6420361.0,-6419821.688839391
2023-04-21 00:00:00+00:00,DAI,5,DeFiLlama,4850557997.0,-7434467.0,-7434467.0
2023-04-22 00:00:00+00:00,DAI,5,DeFiLlama,4800943948.0,-49614049.0,-49589192.36060306
2023-04-23 00:00:00+00:00,DAI,5,DeFiLlama,4780968554.0,-19975394.0,-19971259.095492106
2023-04-24 00:00:00+00:00,DAI,5,DeFiLlama,4779184914.0,-1783640.0,-1782015.1041304278
2023-04-25 00:00:00+00:00,DAI,5,DeFiLlama,4790025999.0,10841085.0,10833236.054060027
2023-04-26 00:00:00+00:00,DAI,5,DeFiLlama,4788214973.0,-1811026.0,-1809734.7385662952
2023-04-27 00:00:00+00:00,DAI,5,DeFiLlama,4791491746.0,3276773.0,3280049.773173704
2023-04-28 00:00:00+00:00,DAI,5,DeFiLlama,4782182539.0,-9309207.0,-9309207.0
2023-04-29 00:00:00+00:00,DAI,5,DeFiLlama,4732221148.0,-49961391.0,-49961391.0
2023-04-30 00:00:00+00:00,DAI,5,DeFiLlama,4732465508.0,244360.0,244360.0
2023-05-01 00:00:00+00:00,DAI,5,DeFiLlama,4736276544.0,3811036.0,3811036.0
2023-05-02 00:00:00+00:00,DAI,5,DeFiLlama,4728180040.0,-8096504.0,-8096058.692112528
2023-05-03 00:00:00+00:00,DAI,5,DeFiLlama,4704545501.0,-23634539.0,-23658173.536483094
2023-05-04 00:00:00+00:00,DAI,5,DeFiLlama,4685816678.0,-18728823.0,-18725863.846106388
2023-05-05 00:00:00+00:00,DAI,5,DeFiLlama,4681419453.0,-4397225.0,-4394670.211995272
2023-05-06 00:00:00+00:00,DAI,5,DeFiLlama,4672681864.0,-8737589.0,-8737589.0
2023-05-07 00:00:00+00:00,DAI,5,DeFiLlama,4684342312.0,11660448.0,11646688.671181172
2023-05-08 00:00:00+00:00,DAI,5,DeFiLlama,4685152787.0,810475.0,810402.0573798845
2023-05-09 00:00:00+00:00,DAI,5,DeFiLlama,4686842442.0,1689655.0,1689655.0
2023-05-10 00:00:00+00:00,DAI,5,DeFiLlama,4691134797.0,4292355.0,4296647.354270751
2023-05-11 00:00:00+00:00,DAI,5,DeFiLlama,4689552524.0,-1582273.0,-1583855.2731606043
2023-05-12 00:00:00+00:00,DAI,5,DeFiLlama,4683186811.0,-6365713.0,-6360283.04728645
2023-05-13 00:00:00+00:00,DAI,5,DeFiLlama,4668987848.0,-14198963.0,-14198963.0
2023-05-14 00:00:00+00:00,DAI,5,DeFiLlama,4668606133.0,-381715.0,-382096.7149891256
2023-05-15 00:00:00+00:00,DAI,5,DeFiLlama,4667519689.0,-1086444.0,-1086444.0
2023-05-16 00:00:00+00:00,DAI,5,DeFiLlama,4663501672.0,-4018017.0,-4022035.017282601
2023-05-17 00:00:00+00:00,DAI,5,DeFiLlama,4664002699.0,501027.0,501528.02703233476
2023-05-18 00:00:00+00:00,DAI,5,DeFiLlama,4667718936.0,3716237.0,3716237.0
2023-05-19 00:00:00+00:00,DAI,5,DeFiLlama,4668603960.0,885024.0,885909.0240075828
2023-05-20 00:00:00+00:00,DAI,5,DeFiLlama,4666010659.0,-2593301.0,-2592497.07685912
2023-05-21 00:00:00+00:00,DAI,5,DeFiLlama,4648066388.0,-17944271.0,-17944271.0
2023-05-22 00:00:00+00:00,DAI,5,DeFiLlama,4658779379.0,10712991.0,10723703.99012848
2023-05-23 00:00:00+00:00,DAI,5,DeFiLlama,4655179883.0,-3599496.0,-3603095.4960904676
2023-05-24 00:00:00+00:00,DAI,5,DeFiLlama,4635891798.0,-19288085.0,-19288085.0
2023-05-25 00:00:00+00:00,DAI,5,DeFiLlama,4624612751.0,-11279047.0,-11276531.77164946
2023-05-26 00:00:00+00:00,DAI,5,DeFiLlama,4622155160.0,-2457591.0,-2457591.0
2023-05-27 00:00:00+00:00,DAI,5,DeFiLlama,4618938219.0,-3216941.0,-3216207.537392056
2023-05-28 00:00:00+00:00,DAI,5,DeFiLlama,4622298595.0,3360376.0,3360376.0
2023-05-29 00:00:00+00:00,DAI,5,DeFiLlama,4623864067.0,1565472.0,1565472.0
2023-05-30 00:00:00+00:00,DAI,5,DeFiLlama,4626740896.0,2876829.0,2873699.0101069747
2023-05-31 00:00:00+00:00,DAI,5,DeFiLlama,4629017274.0,2276378.0,2274142.5967858383
2023-06-01 00:00:00+00:00,DAI,5,DeFiLlama,4619862639.0,-9154635.0,-9163789.635715352
2023-06-02 00:00:00+00:00,DAI,5,DeFiLlama,4602232131.0,-17630508.0,-17627475.552342556
2023-06-03 00:00:00+00:00,DAI,5,DeFiLlama,4591182850.0,-11049281.0,-11049281.0
2023-06-04 00:00:00+00:00,DAI,5,DeFiLlama,4589517144.0,-1665706.0,-1665699.3372008887
2023-06-05 00:00:00+00:00,DAI,5,DeFiLlama,4589299270.0,-217874.0,-218091.8739871819
2023-06-06 00:00:00+00:00,DAI,5,DeFiLlama,4586122571.0,-3176699.0,-3174427.6599644343
2023-06-07 00:00:00+00:00,DAI,5,DeFiLlama,4573340863.0,-12781708.0,-12770894.67606636
2023-06-08 00:00:00+00:00,DAI,5,DeFiLlama,4568056316.0,-5284547.0,-5284547.0
2023-06-09 00:00:00+00:00,DAI,5,DeFiLlama,4552607685.0,-15448631.0,-15447225.17559475
2023-06-10 00:00:00+00:00,DAI,5,DeFiLlama,4542446167.0,-10161518.0,-10160827.017535144
2023-06-11 00:00:00+00:00,DAI,5,DeFiLlama,4544382326.0,1936159.0,1935975.065031751
2023-06-12 00:00:00+00:00,DAI,5,DeFiLlama,4542050532.0,-2331794.0,-2334125.7937268824
2023-06-13 00:00:00+00:00,DAI,5,DeFiLlama,4516549995.0,-25500537.0,-25498598.95805665
2023-06-14 00:00:00+00:00,DAI,5,DeFiLlama,4491866997.0,-24682998.0,-24707680.998016484
2023-06-15 00:00:00+00:00,DAI,5,DeFiLlama,4484712392.0,-7154605.0,-7146956.726532391
2023-06-16 00:00:00+00:00,DAI,5,DeFiLlama,4390326664.0,-94385728.0,-94325037.9778624
2023-06-17 00:00:00+00:00,DAI,5,DeFiLlama,4398108246.0,7781582.0,7781582.0
2023-06-18 00:00:00+00:00,DAI,5,DeFiLlama,4416537189.0,18428943.0,18422953.59179927
2023-06-19 00:00:00+00:00,DAI,5,DeFiLlama,4426960688.0,10423499.0,10420684.653823743
2023-06-20 00:00:00+00:00,DAI,5,DeFiLlama,4420215648.0,-6745040.0,-6739394.402278972
2023-06-21 00:00:00+00:00,DAI,5,DeFiLlama,4445905218.0,25689570.0,25715259.56874034
2023-06-22 00:00:00+00:00,DAI,5,DeFiLlama,4424675101.0,-21230117.0,-21230117.0
2023-06-23 00:00:00+00:00,DAI,5,DeFiLlama,4447843472.0,23168371.0,23148075.5115955
2023-06-24 00:00:00+00:00,DAI,5,DeFiLlama,4452673151.0,4829679.0,4829326.433584879
2023-06-25 00:00:00+00:00,DAI,5,DeFiLlama,4454474273.0,1801122.0,1801122.0
2023-06-26 00:00:00+00:00,DAI,5,DeFiLlama,4449300505.0,-5173768.0,-5167771.603219749
2023-06-27 00:00:00+00:00,DAI,5,DeFiLlama,4425650858.0,-23649647.0,-23696946.29551763
2023-06-28 00:00:00+00:00,DAI,5,DeFiLlama,4410084564.0,-15566294.0,-15581860.292009247
2023-06-29 00:00:00+00:00,DAI,5,DeFiLlama,4397271965.0,-12812599.0,-12808191.467563935
2023-06-30 00:00:00+00:00,DAI,5,DeFiLlama,4379764323.0,-17507642.0,-17504052.93613307
2023-07-01 00:00:00+00:00,DAI,5,DeFiLlama,4344009117.0,-35755206.0,-35730677.93077681
2023-07-02 00:00:00+00:00,DAI,5,DeFiLlama,4341983422.0,-2025695.0,-2025429.634341424
2023-07-03 00:00:00+00:00,DAI,5,DeFiLlama,4338410396.0,-3573026.0,-3573026.0
2023-07-04 00:00:00+00:00,DAI,5,DeFiLlama,4333263420.0,-5146976.0,-5142786.362039478
2023-07-05 00:00:00+00:00,DAI,5,DeFiLlama,4334866213.0,1602793.0,1602461.2219621756
2023-07-06 00:00:00+00:00,DAI,5,DeFiLlama,4317257780.0,-17608433.0,-17608433.0
2023-07-07 00:00:00+00:00,DAI,5,DeFiLlama,4310592303.0,-6665477.0,-6658284.950463802
2023-07-08 00:00:00+00:00,DAI,5,DeFiLlama,4307563296.0,-3029007.0,-3028640.490264677
2023-07-09 00:00:00+00:00,DAI,5,DeFiLlama,4299681210.0,-7882086.0,-7881518.489894379
2023-07-10 00:00:00+00:00,DAI,5,DeFiLlama,4293474192.0,-6207018.0,-6203455.171937198
2023-07-11 00:00:00+00:00,DAI,5,DeFiLlama,4287056748.0,-6417444.0,-6414870.606087605
2023-07-12 00:00:00+00:00,DAI,5,DeFiLlama,4293116204.0,6059456.0,6057516.974341511
2023-07-13 00:00:00+00:00,DAI,5,DeFiLlama,4282971651.0,-10144553.0,-10144553.0
2023-07-14 00:00:00+00:00,DAI,5,DeFiLlama,4286614846.0,3643195.0,3643195.0
2023-07-15 00:00:00+00:00,DAI,5,DeFiLlama,4281243577.0,-5371269.0,-5370243.087022813
2023-07-16 00:00:00+00:00,DAI,5,DeFiLlama,4282335315.0,1091738.0,1091738.0
2023-07-17 00:00:00+00:00,DAI,5,DeFiLlama,4276316834.0,-6018481.0,-6024499.47982623
2023-07-18 00:00:00+00:00,DAI,5,DeFiLlama,4267715079.0,-8601755.0,-8601755.0
2023-07-19 00:00:00+00:00,DAI,5,DeFiLlama,4266628279.0,-1086800.0,-1086800.0
2023-07-20 00:00:00+00:00,DAI,5,DeFiLlama,4257529974.0,-9098305.0,-9098305.0
2023-07-21 00:00:00+00:00,DAI,5,DeFiLlama,4251104355.0,-6425619.0,-6425619.0
2023-07-22 00:00:00+00:00,DAI,5,DeFiLlama,4230107612.0,-20996743.0,-21017739.744925894
2023-07-23 00:00:00+00:00,DAI,5,DeFiLlama,4231119449.0,1011837.0,1011837.0
2023-07-24 00:00:00+00:00,DAI,5,DeFiLlama,4232543995.0,1424546.0,1424508.9618524222
2023-07-25 00:00:00+00:00,DAI,5,DeFiLlama,4201157577.0,-31386418.0,-31381772.812537115
2023-07-26 00:00:00+00:00,DAI,5,DeFiLlama,4194984831.0,-6172746.0,-6170190.482744042
2023-07-27 00:00:00+00:00,DAI,5,DeFiLlama,4181562937.0,-13421894.0,-13435315.894202216
2023-07-28 00:00:00+00:00,DAI,5,DeFiLlama,4175435568.0,-6127369.0,-6127369.0
2023-07-29 00:00:00+00:00,DAI,5,DeFiLlama,4155154881.0,-20280687.0,-20272777.529159013
2023-07-30 00:00:00+00:00,DAI,5,DeFiLlama,4149437260.0,-5717621.0,-5715974.325056758
2023-07-31 00:00:00+00:00,DAI,5,DeFiLlama,4153599268.0,4162008.0,4162008.0
2023-08-01 00:00:00+00:00,DAI,5,DeFiLlama,4167675662.0,14076394.0,14090470.391764084
2023-08-02 00:00:00+00:00,DAI,5,DeFiLlama,4107008272.0,-60667390.0,-60788724.77196421
2023-08-03 00:00:00+00:00,DAI,5,DeFiLlama,4080386474.0,-26621798.0,-26621798.0
2023-08-04 00:00:00+00:00,DAI,5,DeFiLlama,4053444400.0,-26942074.0,-26942074.0
2023-08-05 00:00:00+00:00,DAI,5,DeFiLlama,4029865044.0,-23579356.0,-23602935.355742548
2023-08-06 00:00:00+00:00,DAI,5,DeFiLlama,4035369905.0,5504861.0,5501453.491001706
2023-08-07 00:00:00+00:00,DAI,5,DeFiLlama,4032490489.0,-2879416.0,-2878183.6106155645
2023-08-08 00:00:00+00:00,DAI,5,DeFiLlama,4025817928.0,-6672561.0,-6669031.216364545
2023-08-09 00:00:00+00:00,DAI,5,DeFiLlama,4042969770.0,17151842.0,17168993.842975747
2023-08-10 00:00:00+00:00,DAI,5,DeFiLlama,4046545252.0,3575482.0,3575482.0
2023-08-11 00:00:00+00:00,DAI,5,DeFiLlama,4005561358.0,-40983894.0,-40973320.15361233
2023-08-12 00:00:00+00:00,DAI,5,DeFiLlama,3969319820.0,-36241538.0,-36228454.7998061
2023-08-13 00:00:00+00:00,DAI,5,DeFiLlama,4007354627.0,38034807.0,38032791.16277674
2023-08-14 00:00:00+00:00,DAI,5,DeFiLlama,3993144855.0,-14209772.0,-14209772.0
2023-08-15 00:00:00+00:00,DAI,5,DeFiLlama,3964872714.0,-28272141.0,-28267419.550622117
2023-08-16 00:00:00+00:00,DAI,5,DeFiLlama,3927748770.0,-37123944.0,-37119823.24328849
2023-08-17 00:00:00+00:00,DAI,5,DeFiLlama,3925028254.0,-2720516.0,-2717107.193730816
2023-08-18 00:00:00+00:00,DAI,5,DeFiLlama,3933424140.0,8395886.0,8395886.0
2023-08-19 00:00:00+00:00,DAI,5,DeFiLlama,3931626061.0,-1798079.0,-1797825.4709865854
2023-08-20 00:00:00+00:00,DAI,5,DeFiLlama,3929053540.0,-2572521.0,-2572065.663440294
2023-08-21 00:00:00+00:00,DAI,5,DeFiLlama,3969985874.0,40932334.0,40925539.228999764
2023-08-22 00:00:00+00:00,DAI,5,DeFiLlama,5085500655.0,1115514781.0,1114765155.163718
2023-08-23 00:00:00+00:00,DAI,5,DeFiLlama,5081764129.0,-3736526.0,-3736526.0
2023-08-24 00:00:00+00:00,DAI,5,DeFiLlama,5065070487.0,-16693642.0,-16686764.219629956
2023-08-25 00:00:00+00:00,DAI,5,DeFiLlama,5112143122.0,47072635.0,47041284.628029674
2023-08-26 00:00:00+00:00,DAI,5,DeFiLlama,5104549537.0,-7593585.0,-7593585.0
2023-08-27 00:00:00+00:00,DAI,5,DeFiLlama,5134665931.0,30116394.0,30114707.47778416
2023-08-28 00:00:00+00:00,DAI,5,DeFiLlama,5152157924.0,17491993.0,17483456.907643173
2023-08-29 00:00:00+00:00,DAI,5,DeFiLlama,5154730845.0,2572921.0,2572872.1144441254
2023-08-30 00:00:00+00:00,DAI,5,DeFiLlama,5197303938.0,42573093.0,42543206.68350818
2023-08-31 00:00:00+00:00,DAI,5,DeFiLlama,5204661950.0,7358012.0,7351934.281763831
2023-09-01 00:00:00+00:00,DAI,5,DeFiLlama,5214990618.0,10328668.0,10322522.443367304
2023-09-02 00:00:00+00:00,DAI,5,DeFiLlama,5201377691.0,-13612927.0,-13626539.927808708
2023-09-03 00:00:00+00:00,DAI,5,DeFiLlama,5220532564.0,19154873.0,19154873.0
2023-09-04 00:00:00+00:00,DAI,5,DeFiLlama,5236386776.0,15854212.0,15851548.492318505
2023-09-05 00:00:00+00:00,DAI,5,DeFiLlama,5227719419.0,-8667357.0,-8657580.22214066
2023-09-06 00:00:00+00:00,DAI,5,DeFiLlama,5218466328.0,-9253091.0,-9253091.0
2023-09-07 00:00:00+00:00,DAI,5,DeFiLlama,5248477681.0,30011353.0,30002079.489655364
2023-09-08 00:00:00+00:00,DAI,5,DeFiLlama,5240798289.0,-7679392.0,-7679392.0
2023-09-09 00:00:00+00:00,DAI,5,DeFiLlama,5258385392.0,17587103.0,17571767.046390776
2023-09-10 00:00:00+00:00,DAI,5,DeFiLlama,5265512832.0,7127440.0,7120576.275086727
2023-09-11 00:00:00+00:00,DAI,5,DeFiLlama,5290034840.0,24522008.0,24546530.00874168
2023-09-12 00:00:00+00:00,DAI,5,DeFiLlama,5300287318.0,10252478.0,10252478.0
2023-09-13 00:00:00+00:00,DAI,5,DeFiLlama,5314066059.0,13778741.0,13762757.65947659
2023-09-14 00:00:00+00:00,DAI,5,DeFiLlama,5334090820.0,20024761.0,20002433.39247721
2023-09-15 00:00:00+00:00,DAI,5,DeFiLlama,5361328213.0,27237393.0,27203891.005096003
2023-09-16 00:00:00+00:00,DAI,5,DeFiLlama,5370670849.0,9342636.0,9342636.0
2023-09-17 00:00:00+00:00,DAI,5,DeFiLlama,5391639726.0,20968877.0,20968373.748326518
2023-09-18 00:00:00+00:00,DAI,5,DeFiLlama,5425403996.0,33764270.0,33751912.27632451
2023-09-19 00:00:00+00:00,DAI,5,DeFiLlama,5410308346.0,-15095650.0,-15092147.810696287
2023-09-20 00:00:00+00:00,DAI,5,DeFiLlama,5415874632.0,5566286.0,5562050.055937703
2023-09-21 00:00:00+00:00,DAI,5,DeFiLlama,5422717843.0,6843211.0,6840747.444574412
2023-09-22 00:00:00+00:00,DAI,5,DeFiLlama,5428867004.0,6149161.0,6141775.857946866
2023-09-23 00:00:00+00:00,DAI,5,DeFiLlama,5432447136.0,3580132.0,3583712.131910372
2023-09-24 00:00:00+00:00,DAI,5,DeFiLlama,5458992191.0,26545055.0,26524854.213423878
2023-09-25 00:00:00+00:00,DAI,5,DeFiLlama,5463760141.0,4767950.0,4767358.774424694
2023-09-26 00:00:00+00:00,DAI,5,DeFiLlama,5461293854.0,-2466287.0,-2465717.2876489325
2023-09-27 00:00:00+00:00,DAI,5,DeFiLlama,5458298456.0,-2995398.0,-2993513.894509184
2023-09-28 00:00:00+00:00,DAI,5,DeFiLlama,5453864063.0,-4434393.0,-4438827.392948776
2023-09-29 00:00:00+00:00,DAI,5,DeFiLlama,5475998005.0,22133942.0,22133942.0
2023-09-30 00:00:00+00:00,DAI,5,DeFiLlama,5485378687.0,9380682.0,9377905.318284223
2023-10-01 00:00:00+00:00,DAI,5,DeFiLlama,5478876919.0,-6501768.0,-6501208.84844452
2023-10-02 00:00:00+00:00,DAI,5,DeFiLlama,5485345143.0,6468224.0,6474692.223831377
2023-10-03 00:00:00+00:00,DAI,5,DeFiLlama,5495064665.0,9719522.0,9711639.468442123
2023-10-04 00:00:00+00:00,DAI,5,DeFiLlama,5477242060.0,-17822605.0,-17800932.71344248
2023-10-05 00:00:00+00:00,DAI,5,DeFiLlama,5472486832.0,-4755228.0,-4750701.023347241
2023-10-06 00:00:00+00:00,DAI,5,DeFiLlama,5471003803.0,-1483029.0,-1483029.0
2023-10-07 00:00:00+00:00,DAI,5,DeFiLlama,5477264779.0,6260976.0,6257820.468608806
2023-10-08 00:00:00+00:00,DAI,5,DeFiLlama,5487036588.0,9771809.0,9770880.678992454
2023-10-09 00:00:00+00:00,DAI,5,DeFiLlama,5497513155.0,10476567.0,10457258.6884381
2023-10-10 00:00:00+00:00,DAI,5,DeFiLlama,5506574128.0,9060973.0,9070033.972789379
2023-10-11 00:00:00+00:00,DAI,5,DeFiLlama,5501287634.0,-5286494.0,-5283269.2390989065
2023-10-12 00:00:00+00:00,DAI,5,DeFiLlama,5483900054.0,-17387580.0,-17380207.664884333
2023-10-13 00:00:00+00:00,DAI,5,DeFiLlama,5450677235.0,-33222819.0,-33211423.574860383
2023-10-14 00:00:00+00:00,DAI,5,DeFiLlama,5458065205.0,7387970.0,7385864.429339717
2023-10-15 00:00:00+00:00,DAI,5,DeFiLlama,5476087407.0,18022202.0,18013911.78776198
2023-10-16 00:00:00+00:00,DAI,5,DeFiLlama,5483128141.0,7040734.0,7036425.070050181
2023-10-17 00:00:00+00:00,DAI,5,DeFiLlama,5476174356.0,-6953785.0,-6941824.489663266
2023-10-18 00:00:00+00:00,DAI,5,DeFiLlama,5484577126.0,8402770.0,8393543.75958847
2023-10-19 00:00:00+00:00,DAI,5,DeFiLlama,5483484755.0,-1092371.0,-1091610.7098615887
2023-10-20 00:00:00+00:00,DAI,5,DeFiLlama,5516688459.0,33203704.0,33188596.310158968
2023-10-21 00:00:00+00:00,DAI,5,DeFiLlama,5540157449.0,23468990.0,23461902.367348187
2023-10-22 00:00:00+00:00,DAI,5,DeFiLlama,5550758859.0,10601410.0,10601410.0
2023-10-23 00:00:00+00:00,DAI,5,DeFiLlama,5554864953.0,4106094.0,4100214.073105709
2023-10-24 00:00:00+00:00,DAI,5,DeFiLlama,5510883570.0,-43981383.0,-44025364.37845094
2023-10-25 00:00:00+00:00,DAI,5,DeFiLlama,5483672839.0,-27210731.0,-27191166.483275864
2023-10-26 00:00:00+00:00,DAI,5,DeFiLlama,5480575965.0,-3096874.0,-3094994.197262052
2023-10-27 00:00:00+00:00,DAI,5,DeFiLlama,5495332659.0,14756694.0,14749404.191374363
2023-10-28 00:00:00+00:00,DAI,5,DeFiLlama,5468731144.0,-26601515.0,-26601195.780719347
2023-10-29 00:00:00+00:00,DAI,5,DeFiLlama,5444691075.0,-24040069.0,-24006412.901214417
2023-10-30 00:00:00+00:00,DAI,5,DeFiLlama,5436257315.0,-8433760.0,-8428978.057921145
2023-10-31 00:00:00+00:00,DAI,5,DeFiLlama,5342821155.0,-93436160.0,-93436160.0
2023-11-01 00:00:00+00:00,DAI,5,DeFiLlama,5287336681.0,-55484474.0,-55463167.96498003
2023-11-02 00:00:00+00:00,DAI,5,DeFiLlama,5337492124.0,50155443.0,50146766.109652616
2023-11-03 00:00:00+00:00,DAI,5,DeFiLlama,5326571398.0,-10920726.0,-10908178.08487531
2023-11-04 00:00:00+00:00,DAI,5,DeFiLlama,5331439343.0,4867945.0,4866202.275950035
2023-11-05 00:00:00+00:00,DAI,5,DeFiLlama,5349348702.0,17909359.0,17892774.93322468
2023-11-06 00:00:00+00:00,DAI,5,DeFiLlama,5344181928.0,-5166774.0,-5171940.77406961
2023-11-07 00:00:00+00:00,DAI,5,DeFiLlama,5330370526.0,-13811402.0,-13786969.628464099
2023-11-08 00:00:00+00:00,DAI,5,DeFiLlama,5317462505.0,-12908021.0,-12888813.86282808
2023-11-09 00:00:00+00:00,DAI,5,DeFiLlama,5283067262.0,-34395243.0,-34395243.0
2023-11-10 00:00:00+00:00,DAI,5,DeFiLlama,5275335773.0,-7731489.0,-7730205.573908073
2023-11-11 00:00:00+00:00,DAI,5,DeFiLlama,5256992533.0,-18343240.0,-18339534.667235572
2023-11-12 00:00:00+00:00,DAI,5,DeFiLlama,5286480319.0,29487786.0,29433675.91483955
2023-11-13 00:00:00+00:00,DAI,5,DeFiLlama,5270872341.0,-15607978.0,-15578010.684889423
2023-11-14 00:00:00+00:00,DAI,5,DeFiLlama,5254549206.0,-16323135.0,-16320066.251398882
2023-11-15 00:00:00+00:00,DAI,5,DeFiLlama,5227581784.0,-26967422.0,-26959493.578161538
2023-11-16 00:00:00+00:00,DAI,5,DeFiLlama,5215510801.0,-12070983.0,-12063849.048777115
2023-11-17 00:00:00+00:00,DAI,5,DeFiLlama,5207365933.0,-8144868.0,-8153012.86654069
2023-11-18 00:00:00+00:00,DAI,5,DeFiLlama,5196263570.0,-11102363.0,-11097844.33884227
2023-11-19 00:00:00+00:00,DAI,5,DeFiLlama,5210481998.0,14218428.0,14201849.312978383
2023-11-20 00:00:00+00:00,DAI,5,DeFiLlama,5232165262.0,21683264.0,21674460.595215388
2023-11-21 00:00:00+00:00,DAI,5,DeFiLlama,5223326418.0,-8838844.0,-8838844.0
2023-11-22 00:00:00+00:00,DAI,5,DeFiLlama,5236274967.0,12948549.0,12961497.549081605
2023-11-23 00:00:00+00:00,DAI,5,DeFiLlama,5235805645.0,-469322.0,-468308.73383673927
2023-11-24 00:00:00+00:00,DAI,5,DeFiLlama,5234612331.0,-1193314.0,-1193232.854565592
2023-11-25 00:00:00+00:00,DAI,5,DeFiLlama,5268065361.0,33453030.0,33443228.263167433
2023-11-26 00:00:00+00:00,DAI,5,DeFiLlama,5285673286.0,17607925.0,17586760.275115304
2023-11-27 00:00:00+00:00,DAI,5,DeFiLlama,5290788423.0,5115137.0,5103730.244667205
2023-11-28 00:00:00+00:00,DAI,5,DeFiLlama,5277763272.0,-13025151.0,-12999751.956488801
2023-11-29 00:00:00+00:00,DAI,5,DeFiLlama,5281642076.0,3878804.0,3873094.4006117834
2023-11-30 00:00:00+00:00,DAI,5,DeFiLlama,5279748080.0,-1893996.0,-1888287.495953088
2023-12-01 00:00:00+00:00,DAI,5,DeFiLlama,5281563851.0,1815771.0,1814418.2502849258
2023-12-02 00:00:00+00:00,DAI,5,DeFiLlama,5274416214.0,-7147637.0,-7139567.317699081
2023-12-03 00:00:00+00:00,DAI,5,DeFiLlama,5260495810.0,-13920404.0,-13906748.084706992
2023-12-04 00:00:00+00:00,DAI,5,DeFiLlama,5282108988.0,21613178.0,21609222.78820015
2023-12-05 00:00:00+00:00,DAI,5,DeFiLlama,5296753627.0,14644639.0,14606826.54172851
2023-12-06 00:00:00+00:00,DAI,5,DeFiLlama,5294583435.0,-2170192.0,-2164117.632606168
2023-12-07 00:00:00+00:00,DAI,5,DeFiLlama,5312218620.0,17635185.0,17652820.18294176
2023-12-08 00:00:00+00:00,DAI,5,DeFiLlama,5324896820.0,12678200.0,12662555.100428293
2023-12-09 00:00:00+00:00,DAI,5,DeFiLlama,5341425790.0,16528970.0,16528970.0
2023-12-10 00:00:00+00:00,DAI,5,DeFiLlama,5360690841.0,19265051.0,19243204.433652718
2023-12-11 00:00:00+00:00,DAI,5,DeFiLlama,5366211499.0,5520658.0,5520658.0
2023-12-12 00:00:00+00:00,DAI,5,DeFiLlama,5324118362.0,-42093137.0,-42084507.909003876
2023-12-13 00:00:00+00:00,DAI,5,DeFiLlama,5225223485.0,-98894877.0,-98752962.86477196
2023-12-14 00:00:00+00:00,DAI,5,DeFiLlama,5205753750.0,-19469735.0,-19412357.688341647
2023-12-15 00:00:00+00:00,DAI,5,DeFiLlama,5203731059.0,-2022691.0,-2017179.1670777756
2023-12-16 00:00:00+00:00,DAI,5,DeFiLlama,5186598849.0,-17132210.0,-17098339.62058052
2023-12-17 00:00:00+00:00,DAI,5,DeFiLlama,5218317603.0,31718754.0,31670858.684988663
2023-12-18 00:00:00+00:00,DAI,5,DeFiLlama,5219995202.0,1677599.0,1675364.4383277406
2023-12-19 00:00:00+00:00,DAI,5,DeFiLlama,5229859277.0,9864075.0,9848805.412203278
2023-12-20 00:00:00+00:00,DAI,5,DeFiLlama,5226985397.0,-2873880.0,-2871299.255697599
2023-12-21 00:00:00+00:00,DAI,5,DeFiLlama,5228354219.0,1368822.0,1368033.5585358918
2023-12-22 00:00:00+00:00,DAI,5,DeFiLlama,5228821710.0,467491.0,467069.7905518433
2023-12-23 00:00:00+00:00,DAI,5,DeFiLlama,5243131404.0,14309694.0,14299204.995168984
2023-12-24 00:00:00+00:00,DAI,5,DeFiLlama,5268833981.0,25702577.0,25702577.0
2023-12-25 00:00:00+00:00,DAI,5,DeFiLlama,5267079542.0,-1754439.0,-1752531.924627846
2023-12-26 00:00:00+00:00,DAI,5,DeFiLlama,5250732612.0,-16346930.0,-16324076.992456427
2023-12-27 00:00:00+00:00,DAI,5,DeFiLlama,5229957177.0,-20775435.0,-20755552.90877805
2023-12-28 00:00:00+00:00,DAI,5,DeFiLlama,5225992129.0,-3965048.0,-3965048.0
2023-12-29 00:00:00+00:00,DAI,5,DeFiLlama,5202648234.0,-23343895.0,-23309509.446472973
2023-12-30 00:00:00+00:00,DAI,5,DeFiLlama,5200956943.0,-1691291.0,-1690577.2751427004
2023-12-31 00:00:00+00:00,DAI,5,DeFiLlama,5189602665.0,-11354278.0,-11336860.536428042
2024-01-01 00:00:00+00:00,DAI,5,DeFiLlama,5165963739.0,-23638926.0,-23631314.2627345
2024-01-02 00:00:00+00:00,DAI,5,DeFiLlama,5204611604.0,38647865.0,38584405.20755441
2024-01-03 00:00:00+00:00,DAI,5,DeFiLlama,5221682248.0,17070644.0,17040992.291583765
2024-01-04 00:00:00+00:00,DAI,5,DeFiLlama,5231656231.0,9973983.0,9956428.789856248
2024-01-05 00:00:00+00:00,DAI,5,DeFiLlama,5230133850.0,-1522381.0,-1521791.8384947695
2024-01-06 00:00:00+00:00,DAI,5,DeFiLlama,5202018899.0,-28114951.0,-28109412.353156477
2024-01-07 00:00:00+00:00,DAI,5,DeFiLlama,5203035418.0,1016519.0,1015706.8011820418
2024-01-08 00:00:00+00:00,DAI,5,DeFiLlama,5212861627.0,9826209.0,9790982.040608319
2024-01-09 00:00:00+00:00,DAI,5,DeFiLlama,5235400551.0,22538924.0,22488932.66838526
2024-01-10 00:00:00+00:00,DAI,5,DeFiLlama,5237727137.0,2326586.0,2323426.496412798
2024-01-11 00:00:00+00:00,DAI,5,DeFiLlama,5242203237.0,4476100.0,4466910.566909675
2024-01-12 00:00:00+00:00,DAI,5,DeFiLlama,5231937329.0,-10265908.0,-10276173.909316612
2024-01-13 00:00:00+00:00,DAI,5,DeFiLlama,5190655663.0,-41281666.0,-41180814.88824977
2024-01-14 00:00:00+00:00,DAI,5,DeFiLlama,5186211420.0,-4444243.0,-4435034.528557336
2024-01-15 00:00:00+00:00,DAI,5,DeFiLlama,5150822003.0,-35389417.0,-35336191.31884174
2024-01-16 00:00:00+00:00,DAI,5,DeFiLlama,5141979515.0,-8842488.0,-8836581.21855945
2024-01-17 00:00:00+00:00,DAI,5,DeFiLlama,5138381160.0,-3598355.0,-3594778.235041091
2024-01-18 00:00:00+00:00,DAI,5,DeFiLlama,5130679613.0,-7701547.0,-7695000.684556221
2024-01-19 00:00:00+00:00,DAI,5,DeFiLlama,5120786675.0,-9892938.0,-9872014.435777666
2024-01-20 00:00:00+00:00,DAI,5,DeFiLlama,5110141693.0,-10644982.0,-10641341.417112159
2024-01-21 00:00:00+00:00,DAI,5,DeFiLlama,5108789741.0,-1351952.0,-1351559.9339265868
2024-01-22 00:00:00+00:00,DAI,5,DeFiLlama,5104227326.0,-4562415.0,-4557574.277857412
2024-01-23 00:00:00+00:00,DAI,5,DeFiLlama,5083879257.0,-20348069.0,-20348069.0
2024-01-24 00:00:00+00:00,DAI,5,DeFiLlama,5104236372.0,20357115.0,20377472.11351636
2024-01-25 00:00:00+00:00,DAI,5,DeFiLlama,5128691104.0,24454732.0,24421962.659498405
2024-01-26 00:00:00+00:00,DAI,5,DeFiLlama,5152183954.0,23492850.0,23486882.81484294
2024-01-27 00:00:00+00:00,DAI,5,DeFiLlama,5163763715.0,11579761.0,11577815.598591486
2024-01-28 00:00:00+00:00,DAI,5,DeFiLlama,5164417543.0,653828.0,652377.1556082331
2024-01-29 00:00:00+00:00,DAI,5,DeFiLlama,5165742513.0,1324970.0,1321893.4194330527
2024-01-30 00:00:00+00:00,DAI,5,DeFiLlama,5154738424.0,-11004089.0,-10992292.615717879
2024-01-31 00:00:00+00:00,DAI,5,DeFiLlama,4888965331.0,-265773093.0,-265587583.42463186
2024-02-01 00:00:00+00:00,DAI,5,DeFiLlama,4827538760.0,-61426571.0,-61316740.2821817
2024-02-02 00:00:00+00:00,DAI,5,DeFiLlama,4826453607.0,-1085153.0,-1083790.0477713828
2024-02-03 00:00:00+00:00,DAI,5,DeFiLlama,4813793555.0,-12660052.0,-12672712.053170329
2024-02-04 00:00:00+00:00,DAI,5,DeFiLlama,4818518677.0,4725122.0,4723874.5677240705
2024-02-05 00:00:00+00:00,DAI,5,DeFiLlama,4818536288.0,17611.0,17602.05360993247
2024-02-06 00:00:00+00:00,DAI,5,DeFiLlama,4800107651.0,-18428637.0,-18414760.23657397
2024-02-07 00:00:00+00:00,DAI,5,DeFiLlama,4810955896.0,10848245.0,10859093.24523451
2024-02-08 00:00:00+00:00,DAI,5,DeFiLlama,4802324962.0,-8630934.0,-8656826.802204885
2024-02-09 00:00:00+00:00,DAI,5,DeFiLlama,4804373570.0,2048608.0,2048608.0
2024-02-10 00:00:00+00:00,DAI,5,DeFiLlama,4820192058.0,15818488.0,15818488.0
2024-02-11 00:00:00+00:00,DAI,5,DeFiLlama,4837400591.0,17208533.0,17208533.0
2024-02-12 00:00:00+00:00,DAI,5,DeFiLlama,4851403888.0,14003297.0,14017300.297323281
2024-02-13 00:00:00+00:00,DAI,5,DeFiLlama,4819384497.0,-32019391.0,-32019391.0
2024-02-14 00:00:00+00:00,DAI,5,DeFiLlama,4811112499.0,-8271998.0,-8265496.210301373
2024-02-15 00:00:00+00:00,DAI,5,DeFiLlama,4806302281.0,-4810218.0,-4824648.654157128
2024-02-16 00:00:00+00:00,DAI,5,DeFiLlama,4836878225.0,30575944.0,30518552.949498203
2024-02-17 00:00:00+00:00,DAI,5,DeFiLlama,4823566990.0,-13311235.0,-13306589.378652493
2024-02-18 00:00:00+00:00,DAI,5,DeFiLlama,4844204179.0,20637189.0,20626891.042200446
2024-02-19 00:00:00+00:00,DAI,5,DeFiLlama,4852479347.0,8275168.0,8268870.596782054
2024-02-20 00:00:00+00:00,DAI,5,DeFiLlama,4897517416.0,45038069.0,45022575.90418219
2024-02-21 00:00:00+00:00,DAI,5,DeFiLlama,4858090731.0,-39426685.0,-39426685.0
2024-02-22 00:00:00+00:00,DAI,5,DeFiLlama,4859889895.0,1799164.0,1796283.5383330437
2024-02-23 00:00:00+00:00,DAI,5,DeFiLlama,4833497577.0,-26392318.0,-26391183.132487245
2024-02-24 00:00:00+00:00,DAI,5,DeFiLlama,4854271125.0,20773548.0,20767669.0847536
2024-02-25 00:00:00+00:00,DAI,5,DeFiLlama,4868600025.0,14328900.0,14295313.059749717
2024-02-26 00:00:00+00:00,DAI,5,DeFiLlama,4872640509.0,4040484.0,4039873.8866812144
2024-02-27 00:00:00+00:00,DAI,5,DeFiLlama,4893923621.0,21283112.0,21271917.082325406
2024-02-28 00:00:00+00:00,DAI,5,DeFiLlama,4904084525.0,10160904.0,10158404.417187423
2024-02-29 00:00:00+00:00,DAI,5,DeFiLlama,4918653402.0,14568877.0,14548072.64381596
2024-03-01 00:00:00+00:00,DAI,5,DeFiLlama,4926300774.0,7647372.0,7655019.372350833
2024-03-02 00:00:00+00:00,DAI,5,DeFiLlama,4944380165.0,18079391.0,18097470.39039667
2024-03-03 00:00:00+00:00,DAI,5,DeFiLlama,4922861442.0,-21518723.0,-21494622.029431507
2024-03-04 00:00:00+00:00,DAI,5,DeFiLlama,4927481093.0,4619651.0,4628890.301825619
2024-03-05 00:00:00+00:00,DAI,5,DeFiLlama,4885233745.0,-42247348.0,-42167289.27507971
2024-03-06 00:00:00+00:00,DAI,5,DeFiLlama,4705471600.0,-179762145.0,-180121669.32056224
2024-03-07 00:00:00+00:00,DAI,5,DeFiLlama,4776331749.0,70860149.0,70931009.15272376
2024-03-08 00:00:00+00:00,DAI,5,DeFiLlama,4375266494.0,-401065255.0,-401867385.5111
2024-03-09 00:00:00+00:00,DAI,5,DeFiLlama,4337628063.0,-37638431.0,-37676069.43045334
2024-03-10 00:00:00+00:00,DAI,5,DeFiLlama,4335687531.0,-1940532.0,-1942472.5322099114
2024-03-11 00:00:00+00:00,DAI,5,DeFiLlama,4511057722.0,175370191.0,175322314.92845324
2024-03-12 00:00:00+00:00,DAI,5,DeFiLlama,4507244343.0,-3813379.0,-3810690.56802651
2024-03-13 00:00:00+00:00,DAI,5,DeFiLlama,4503268947.0,-3975396.0,-3973380.473659604
2024-03-14 00:00:00+00:00,DAI,5,DeFiLlama,4523044713.0,19775766.0,19775766.0
2024-03-15 00:00:00+00:00,DAI,5,DeFiLlama,4525317401.0,2272688.0,2279506.06389805
2024-03-16 00:00:00+00:00,DAI,5,DeFiLlama,4613927584.0,88610183.0,88585903.81289269
2024-03-17 00:00:00+00:00,DAI,5,DeFiLlama,4664961848.0,51034264.0,50967511.18375119
2024-03-18 00:00:00+00:00,DAI,5,DeFiLlama,4620024649.0,-44937199.0,-44892216.860626705
2024-03-19 00:00:00+00:00,DAI,5,DeFiLlama,4678125828.0,58101179.0,58051734.89765996
2024-03-20 00:00:00+00:00,DAI,5,DeFiLlama,4633344856.0,-44780972.0,-44825752.97339175
2024-03-21 00:00:00+00:00,DAI,5,DeFiLlama,4604280265.0,-29064591.0,-28996957.697858136
2024-03-22 00:00:00+00:00,DAI,5,DeFiLlama,4627953557.0,23673292.0,23658496.192362525
2024-03-23 00:00:00+00:00,DAI,5,DeFiLlama,4707116462.0,79162905.0,79073213.42781843
2024-03-24 00:00:00+00:00,DAI,5,DeFiLlama,4776386201.0,69269739.0,69269739.0
2024-03-25 00:00:00+00:00,DAI,5,DeFiLlama,4825561840.0,49175639.0,49143674.83664737
2024-03-26 00:00:00+00:00,DAI,5,DeFiLlama,4725382299.0,-100179541.0,-100134560.39991891
2024-03-27 00:00:00+00:00,DAI,5,DeFiLlama,4754423579.0,29041280.0,29041280.0
2024-03-28 00:00:00+00:00,DAI,5,DeFiLlama,4748062281.0,-6361298.0,-6374020.596586819
2024-03-29 00:00:00+00:00,DAI,5,DeFiLlama,4759597317.0,11535036.0,11513061.75615071
2024-03-30 00:00:00+00:00,DAI,5,DeFiLlama,4832072824.0,72475507.0,72385202.51435886
2024-03-31 00:00:00+00:00,DAI,5,DeFiLlama,4828051348.0,-4021476.0,-4018447.8282930017
2024-04-01 00:00:00+00:00,DAI,5,DeFiLlama,4835983113.0,7931765.0,7919819.761201744
2024-04-02 00:00:00+00:00,DAI,5,DeFiLlama,4899900513.0,63917400.0,63858723.822507456
2024-04-03 00:00:00+00:00,DAI,5,DeFiLlama,4905662706.0,5762193.0,5749003.340145516
2024-04-04 00:00:00+00:00,DAI,5,DeFiLlama,4877319619.0,-28343087.0,-28284105.03669183
2024-04-05 00:00:00+00:00,DAI,5,DeFiLlama,4930671598.0,53351979.0,53351979.0
2024-04-06 00:00:00+00:00,DAI,5,DeFiLlama,4984402452.0,53730854.0,53699152.79017532
2024-04-07 00:00:00+00:00,DAI,5,DeFiLlama,5051518842.0,67116390.0,67038467.87619986
2024-04-08 00:00:00+00:00,DAI,5,DeFiLlama,5021897481.0,-29621361.0,-29615703.316621244
2024-04-09 00:00:00+00:00,DAI,5,DeFiLlama,4804709294.0,-217188187.0,-216692780.74091524
2024-04-10 00:00:00+00:00,DAI,5,DeFiLlama,4745275334.0,-59433960.0,-59433960.0
2024-04-11 00:00:00+00:00,DAI,5,DeFiLlama,4791804133.0,46528799.0,46528799.0
2024-04-12 00:00:00+00:00,DAI,5,DeFiLlama,4809921396.0,18117263.0,18112371.338149738
2024-04-13 00:00:00+00:00,DAI,5,DeFiLlama,4879073069.0,69151673.0,69096697.4070654
2024-04-14 00:00:00+00:00,DAI,5,DeFiLlama,5066747800.0,187674731.0,187674731.0
2024-04-15 00:00:00+00:00,DAI,5,DeFiLlama,5013641149.0,-53106651.0,-53091834.243105955
2024-04-16 00:00:00+00:00,DAI,5,DeFiLlama,4933211904.0,-80429245.0,-80256804.70397264
2024-04-17 00:00:00+00:00,DAI,5,DeFiLlama,5038634509.0,105422605.0,105355345.37417571
2024-04-18 00:00:00+00:00,DAI,5,DeFiLlama,4942929906.0,-95704603.0,-95674934.57831436
2024-04-19 00:00:00+00:00,DAI,5,DeFiLlama,4983628640.0,40698734.0,40739432.728773445
2024-04-20 00:00:00+00:00,DAI,5,DeFiLlama,5026871069.0,43242429.0,43285671.42840645
2024-04-21 00:00:00+00:00,DAI,5,DeFiLlama,5084628478.0,57757409.0,57757409.0
2024-04-22 00:00:00+00:00,DAI,5,DeFiLlama,5109574475.0,24945997.0,24933249.59825105
2024-04-23 00:00:00+00:00,DAI,5,DeFiLlama,5169522878.0,59948403.0,59928080.49434756
2024-04-24 00:00:00+00:00,DAI,5,DeFiLlama,5179273924.0,9751046.0,9749622.34727064
2024-04-25 00:00:00+00:00,DAI,5,DeFiLlama,5152864745.0,-26409179.0,-26409179.0
2024-04-26 00:00:00+00:00,DAI,5,DeFiLlama,5152864745.0,0.0,0.0
2024-04-27 00:00:00+00:00,DAI,5,DeFiLlama,5152864745.0,0.0,0.0
2024-04-28 00:00:00+00:00,DAI,5,DeFiLlama,5233382290.0,80517545.0,80418347.38427198
2024-04-29 00:00:00+00:00,DAI,5,DeFiLlama,5220228876.0,-13153414.0,-13136130.413356598
2024-04-30 00:00:00+00:00,DAI,5,DeFiLlama,5196443681.0,-23785195.0,-23767165.819032636
2024-05-01 00:00:00+00:00,DAI,5,DeFiLlama,5177369095.0,-19074586.0,-19049903.48427521
2024-05-02 00:00:00+00:00,DAI,5,DeFiLlama,5131533729.0,-45835366.0,-45817856.88915615
2024-05-03 00:00:00+00:00,DAI,5,DeFiLlama,5196508370.0,64974641.0,64856971.93337719
2024-05-04 00:00:00+00:00,DAI,5,DeFiLlama,5259423092.0,62914722.0,62879552.67648396
2024-05-05 00:00:00+00:00,DAI,5,DeFiLlama,5359966945.0,100543853.0,100400779.09648196
2024-05-06 00:00:00+00:00,DAI,5,DeFiLlama,5381020141.0,21053196.0,21053196.0
2024-05-07 00:00:00+00:00,DAI,5,DeFiLlama,5298037980.0,-82982161.0,-82919177.55275132
2024-05-08 00:00:00+00:00,DAI,5,DeFiLlama,5326701230.0,28663250.0,28508038.50211339
2024-05-09 00:00:00+00:00,DAI,5,DeFiLlama,5345800382.0,19099152.0,19094339.01261083
2024-05-10 00:00:00+00:00,DAI,5,DeFiLlama,5369776222.0,23975840.0,23999815.843473744
2024-05-11 00:00:00+00:00,DAI,5,DeFiLlama,5389227165.0,19450943.0,19423633.875810217
2024-05-12 00:00:00+00:00,DAI,5,DeFiLlama,5399953108.0,10725943.0,10720333.330769151
2024-05-13 00:00:00+00:00,DAI,5,DeFiLlama,5403007833.0,3054725.0,3054465.3481860543
2024-05-14 00:00:00+00:00,DAI,5,DeFiLlama,5402107390.0,-900443.0,-899848.7075995646
2024-05-15 00:00:00+00:00,DAI,5,DeFiLlama,5371420784.0,-30686606.0,-30673134.578390233
2024-05-16 00:00:00+00:00,DAI,5,DeFiLlama,5395696644.0,24275860.0,24263357.93557179
2024-05-17 00:00:00+00:00,DAI,5,DeFiLlama,5367325779.0,-28370865.0,-28370865.0
2024-05-18 00:00:00+00:00,DAI,5,DeFiLlama,5365025710.0,-2300069.0,-2299861.993924574
2024-05-19 00:00:00+00:00,DAI,5,DeFiLlama,5431507980.0,66482270.0,66482270.0
2024-05-20 00:00:00+00:00,DAI,5,DeFiLlama,5441765105.0,10257125.0,10251473.323319878
2024-05-21 00:00:00+00:00,DAI,5,DeFiLlama,5314025953.0,-127739152.0,-127725611.64390294
2024-05-22 00:00:00+00:00,DAI,5,DeFiLlama,5251265002.0,-62760951.0,-62760951.0
2024-05-23 00:00:00+00:00,DAI,5,DeFiLlama,5239848654.0,-11416348.0,-11427764.348753849
2024-05-24 00:00:00+00:00,DAI,5,DeFiLlama,5208664265.0,-31184389.0,-31215573.39340046
2024-05-25 00:00:00+00:00,DAI,5,DeFiLlama,5224029735.0,15365470.0,15361951.306809137
2024-05-26 00:00:00+00:00,DAI,5,DeFiLlama,5225529089.0,1499354.0,1497575.7660124078
2024-05-27 00:00:00+00:00,DAI,5,DeFiLlama,5202531174.0,-22997915.0,-22990348.689308003
2024-05-28 00:00:00+00:00,DAI,5,DeFiLlama,5251804148.0,49272974.0,49248140.41444826
2024-05-29 00:00:00+00:00,DAI,5,DeFiLlama,5243347930.0,-8456218.0,-8455930.489925971
2024-05-30 00:00:00+00:00,DAI,5,DeFiLlama,5238393412.0,-4954518.0,-4952625.374392027
2024-05-31 00:00:00+00:00,DAI,5,DeFiLlama,5263559988.0,25166576.0,25164864.673210602
2024-06-01 00:00:00+00:00,DAI,5,DeFiLlama,5220339281.0,-43220707.0,-43220707.0
2024-06-02 00:00:00+00:00,DAI,5,DeFiLlama,5230448781.0,10109500.0,10108580.035188954
2024-06-03 00:00:00+00:00,DAI,5,DeFiLlama,5198196857.0,-32251924.0,-32229960.44012589
2024-06-04 00:00:00+00:00,DAI,5,DeFiLlama,5162614163.0,-35582694.0,-35582694.0
2024-06-05 00:00:00+00:00,DAI,5,DeFiLlama,5176585036.0,13970873.0,13963398.582929509
2024-06-06 00:00:00+00:00,DAI,5,DeFiLlama,5222080202.0,45495166.0,45471008.06325819
2024-06-07 00:00:00+00:00,DAI,5,DeFiLlama,5182420203.0,-39659999.0,-39645800.723669164
2024-06-08 00:00:00+00:00,DAI,5,DeFiLlama,5194019101.0,11598898.0,11591057.144756101
2024-06-09 00:00:00+00:00,DAI,5,DeFiLlama,5177628553.0,-16390548.0,-16381008.700487366
2024-06-10 00:00:00+00:00,DAI,5,DeFiLlama,5185085202.0,7456649.0,7455105.473134704
2024-06-11 00:00:00+00:00,DAI,5,DeFiLlama,5207668727.0,22583525.0,22606108.52618389
2024-06-12 00:00:00+00:00,DAI,5,DeFiLlama,5199461254.0,-8207473.0,-8215680.472599055
2024-06-13 00:00:00+00:00,DAI,5,DeFiLlama,5204556378.0,5095124.0,5095124.0
2024-06-14 00:00:00+00:00,DAI,5,DeFiLlama,5187435162.0,-17121216.0,-17100191.148002684
2024-06-15 00:00:00+00:00,DAI,5,DeFiLlama,5139224651.0,-48210511.0,-48161818.39230945
2024-06-16 00:00:00+00:00,DAI,5,DeFiLlama,5159096906.0,19872255.0,19852919.297000267
2024-06-17 00:00:00+00:00,DAI,5,DeFiLlama,5156274171.0,-2822735.0,-2819776.7739013154
2024-06-18 00:00:00+00:00,DAI,5,DeFiLlama,5184815991.0,28541820.0,28517873.410908595
2024-06-19 00:00:00+00:00,DAI,5,DeFiLlama,5180585051.0,-4230940.0,-4224170.496066642
2024-06-20 00:00:00+00:00,DAI,5,DeFiLlama,5171704918.0,-8880133.0,-8861404.79893991
2024-06-21 00:00:00+00:00,DAI,5,DeFiLlama,5102448694.0,-69256224.0,-69206705.79734538
2024-06-22 00:00:00+00:00,DAI,5,DeFiLlama,5088470675.0,-13978019.0,-13967451.617169835
2024-06-23 00:00:00+00:00,DAI,5,DeFiLlama,5127254600.0,38783925.0,38736531.04456679
2024-06-24 00:00:00+00:00,DAI,5,DeFiLlama,5125725796.0,-1528804.0,-1527056.5769041704
2024-06-25 00:00:00+00:00,DAI,5,DeFiLlama,5097823454.0,-27902342.0,-27902342.0
2024-06-26 00:00:00+00:00,DAI,5,DeFiLlama,5105194146.0,7370692.0,7370692.0
2024-06-27 00:00:00+00:00,DAI,5,DeFiLlama,5057378514.0,-47815632.0,-47789907.18658536
2024-06-28 00:00:00+00:00,DAI,5,DeFiLlama,5084537873.0,27159359.0,27152650.637550503
2024-06-29 00:00:00+00:00,DAI,5,DeFiLlama,5045777381.0,-38760492.0,-38731421.63127462
2024-06-30 00:00:00+00:00,DAI,5,DeFiLlama,5059898651.0,14121270.0,14121270.0
2024-07-01 00:00:00+00:00,DAI,5,DeFiLlama,5006678278.0,-53220373.0,-53220373.0
2024-07-02 00:00:00+00:00,DAI,5,DeFiLlama,5071697251.0,65018973.0,64965137.2816875
2024-07-03 00:00:00+00:00,DAI,5,DeFiLlama,5093245199.0,21547948.0,21569495.947158094
2024-07-04 00:00:00+00:00,DAI,5,DeFiLlama,5092885598.0,-359601.0,-359236.7241242131
2024-07-05 00:00:00+00:00,DAI,5,DeFiLlama,5061042129.0,-31843469.0,-31827865.697945118
2024-07-06 00:00:00+00:00,DAI,5,DeFiLlama,5115847757.0,54805628.0,54761235.43792583
2024-07-07 00:00:00+00:00,DAI,5,DeFiLlama,5241870753.0,126022996.0,125801447.56783357
2024-07-08 00:00:00+00:00,DAI,5,DeFiLlama,5241766920.0,-103833.0,-103633.01764374158
2024-07-09 00:00:00+00:00,DAI,5,DeFiLlama,5165551744.0,-76215176.0,-76095823.03484292
2024-07-10 00:00:00+00:00,DAI,5,DeFiLlama,5172932255.0,7380511.0,7377913.058920622
2024-07-11 00:00:00+00:00,DAI,5,DeFiLlama,5174879782.0,1947527.0,1946757.7270283988
2024-07-12 00:00:00+00:00,DAI,5,DeFiLlama,5192864640.0,17984858.0,17981854.53008162
2024-07-13 00:00:00+00:00,DAI,5,DeFiLlama,5202357448.0,9492808.0,9530779.232379539
2024-07-14 00:00:00+00:00,DAI,5,DeFiLlama,5278861377.0,76503929.0,76452824.38122262
2024-07-15 00:00:00+00:00,DAI,5,DeFiLlama,5263458817.0,-15402560.0,-15397292.327158794
2024-07-16 00:00:00+00:00,DAI,5,DeFiLlama,5246534840.0,-16923977.0,-16923977.0
2024-07-17 00:00:00+00:00,DAI,5,DeFiLlama,5270551552.0,24016712.0,24006144.645274956
2024-07-18 00:00:00+00:00,DAI,5,DeFiLlama,5244543633.0,-26007919.0,-25986202.387305498
2024-07-19 00:00:00+00:00,DAI,5,DeFiLlama,5226794838.0,-17748795.0,-17731649.663396724
2024-07-20 00:00:00+00:00,DAI,5,DeFiLlama,5262517642.0,35722804.0,35758526.799642004
2024-07-21 00:00:00+00:00,DAI,5,DeFiLlama,5384995435.0,122477793.0,122429659.2320353
2024-07-22 00:00:00+00:00,DAI,5,DeFiLlama,5339474351.0,-45521084.0,-45490766.95735492
2024-07-23 00:00:00+00:00,DAI,5,DeFiLlama,5244089682.0,-95384669.0,-95369979.75753678
2024-07-24 00:00:00+00:00,DAI,5,DeFiLlama,5241209930.0,-2879752.0,-2874363.9838865893
2024-07-25 00:00:00+00:00,DAI,5,DeFiLlama,5194000256.0,-47209674.0,-47209674.0
2024-07-26 00:00:00+00:00,DAI,5,DeFiLlama,5181521977.0,-12478279.0,-12476881.431454988
2024-07-27 00:00:00+00:00,DAI,5,DeFiLlama,5166847292.0,-14674685.0,-14652394.153588802
2024-07-28 00:00:00+00:00,DAI,5,DeFiLlama,5187379354.0,20532062.0,20532062.0
2024-07-29 00:00:00+00:00,DAI,5,DeFiLlama,5184240282.0,-3139072.0,-3139072.0
2024-07-30 00:00:00+00:00,DAI,5,DeFiLlama,5142554872.0,-41685410.0,-41662566.39588625
2024-07-31 00:00:00+00:00,DAI,5,DeFiLlama,5211038903.0,68484031.0,68484031.0
2024-08-01 00:00:00+00:00,DAI,5,DeFiLlama,5192410234.0,-18628669.0,-18624477.55056081
2024-08-02 00:00:00+00:00,DAI,5,DeFiLlama,5183109255.0,-9300979.0,-9298886.28077006
2024-08-03 00:00:00+00:00,DAI,5,DeFiLlama,5163523193.0,-19586062.0,-19581655.1387751
2024-08-04 00:00:00+00:00,DAI,5,DeFiLlama,5163248222.0,-274971.0,-274909.13151700905
2024-08-05 00:00:00+00:00,DAI,5,DeFiLlama,5194070733.0,30822511.0,30815575.93452015
2024-08-06 00:00:00+00:00,DAI,5,DeFiLlama,5139807442.0,-54263291.0,-54225957.850725435
2024-08-07 00:00:00+00:00,DAI,5,DeFiLlama,5158694914.0,18887472.0,18873400.83230163
2024-08-08 00:00:00+00:00,DAI,5,DeFiLlama,5133266143.0,-25428771.0,-25555914.85641181
2024-08-09 00:00:00+00:00,DAI,5,DeFiLlama,5151049661.0,17783518.0,17773648.14944975
2024-08-10 00:00:00+00:00,DAI,5,DeFiLlama,5134541826.0,-16507835.0,-16507835.0
2024-08-11 00:00:00+00:00,DAI,5,DeFiLlama,5139759558.0,5217732.0,5213818.700663471
2024-08-12 00:00:00+00:00,DAI,5,DeFiLlama,5120704231.0,-19055327.0,-19074382.326140396
2024-08-13 00:00:00+00:00,DAI,5,DeFiLlama,5119252553.0,-1451678.0,-1451249.7548491028
2024-08-14 00:00:00+00:00,DAI,5,DeFiLlama,5116828819.0,-2423734.0,-2421043.6552548325
2024-08-15 00:00:00+00:00,DAI,5,DeFiLlama,5151259199.0,34430380.0,34422461.01003186
2024-08-16 00:00:00+00:00,DAI,5,DeFiLlama,5141685459.0,-9573740.0,-9568905.26159195
2024-08-17 00:00:00+00:00,DAI,5,DeFiLlama,5156450650.0,14765191.0,14760126.538264167
2024-08-18 00:00:00+00:00,DAI,5,DeFiLlama,5169136151.0,12685501.0,12676709.948672418
2024-08-19 00:00:00+00:00,DAI,5,DeFiLlama,5159837601.0,-9298550.0,-9294114.590813244
2024-08-20 00:00:00+00:00,DAI,5,DeFiLlama,5099068230.0,-60769371.0,-60744880.93748868
2024-08-21 00:00:00+00:00,DAI,5,DeFiLlama,5086691055.0,-12377175.0,-12375962.036176939
2024-08-22 00:00:00+00:00,DAI,5,DeFiLlama,5075742178.0,-10948877.0,-10944366.062195692
2024-08-23 00:00:00+00:00,DAI,5,DeFiLlama,5064840112.0,-10902066.0,-10912968.06575892
2024-08-24 00:00:00+00:00,DAI,5,DeFiLlama,5064294429.0,-545683.0,-545668.2665535675
2024-08-25 00:00:00+00:00,DAI,5,DeFiLlama,5061812234.0,-2482195.0,-2482195.0
2024-08-26 00:00:00+00:00,DAI,5,DeFiLlama,5074245347.0,12433113.0,12421276.67782148
2024-08-27 00:00:00+00:00,DAI,5,DeFiLlama,5245621195.0,171375848.0,171073026.8978708
2024-08-28 00:00:00+00:00,DAI,5,DeFiLlama,5262973216.0,17352021.0,17348099.443078652
2024-08-29 00:00:00+00:00,DAI,5,DeFiLlama,5257490072.0,-5483144.0,-5482332.495241432
2024-08-30 00:00:00+00:00,DAI,5,DeFiLlama,5252800988.0,-4689084.0,-4689084.0
2024-08-31 00:00:00+00:00,DAI,5,DeFiLlama,5250188562.0,-2612426.0,-2611224.2844074783
2024-09-01 00:00:00+00:00,DAI,5,DeFiLlama,5250389230.0,200668.0,200246.9985591053
2024-09-02 00:00:00+00:00,DAI,5,DeFiLlama,5248725226.0,-1664004.0,-1665668.0039283512
2024-09-03 00:00:00+00:00,DAI,5,DeFiLlama,5247378342.0,-1346884.0,-1346435.4876248906
2024-09-04 00:00:00+00:00,DAI,5,DeFiLlama,5260469202.0,13090860.0,13090860.0
2024-09-05 00:00:00+00:00,DAI,5,DeFiLlama,5191734561.0,-68734641.0,-68730379.44620478
2024-09-06 00:00:00+00:00,DAI,5,DeFiLlama,5162257231.0,-29477330.0,-29477330.0
2024-09-07 00:00:00+00:00,DAI,5,DeFiLlama,5264299083.0,102041852.0,102143893.85039115
2024-09-08 00:00:00+00:00,DAI,5,DeFiLlama,5292441667.0,28142584.0,28097893.57856057
2024-09-09 00:00:00+00:00,DAI,5,DeFiLlama,5294525835.0,2084168.0,2083546.9178174457
2024-09-10 00:00:00+00:00,DAI,5,DeFiLlama,5266765914.0,-27759921.0,-27787680.921453286
2024-09-11 00:00:00+00:00,DAI,5,DeFiLlama,5278258868.0,11492954.0,11488942.95980506
2024-09-12 00:00:00+00:00,DAI,5,DeFiLlama,5283507994.0,5249126.0,5249126.0
2024-09-13 00:00:00+00:00,DAI,5,DeFiLlama,5290468033.0,6960039.0,6960039.0
2024-09-14 00:00:00+00:00,DAI,5,DeFiLlama,5317956744.0,27488711.0,27486374.46123584
2024-09-15 00:00:00+00:00,DAI,5,DeFiLlama,5335461087.0,17504343.0,17500859.638224278
2024-09-16 00:00:00+00:00,DAI,5,DeFiLlama,5336019406.0,558319.0,558319.0
2024-09-17 00:00:00+00:00,DAI,5,DeFiLlama,5331747721.0,-4271685.0,-4270899.0104252165
2024-09-18 00:00:00+00:00,DAI,5,DeFiLlama,5288985085.0,-42762636.0,-42805398.63531276
2024-09-19 00:00:00+00:00,DAI,5,DeFiLlama,5248963362.0,-40021723.0,-40021723.0
2024-09-20 00:00:00+00:00,DAI,5,DeFiLlama,5143308716.0,-105654646.0,-105654646.0
2024-09-21 00:00:00+00:00,DAI,5,DeFiLlama,5064170284.0,-79138432.0,-79138432.0
2024-09-22 00:00:00+00:00,DAI,5,DeFiLlama,5059614457.0,-4555827.0,-4564938.654077437
2024-09-23 00:00:00+00:00,DAI,5,DeFiLlama,5060304115.0,689658.0,689230.4121151355
2024-09-24 00:00:00+00:00,DAI,5,DeFiLlama,5099513894.0,39209779.0,39248988.779815026
2024-09-25 00:00:00+00:00,DAI,5,DeFiLlama,5025282288.0,-74231606.0,-74231606.0
2024-09-26 00:00:00+00:00,DAI,5,DeFiLlama,5070154460.0,44872172.0,44872172.0
2024-09-27 00:00:00+00:00,DAI,5,DeFiLlama,5083642184.0,13487724.0,13484459.971875891
2024-09-28 00:00:00+00:00,DAI,5,DeFiLlama,5005224894.0,-78417290.0,-78393843.23410189
2024-09-29 00:00:00+00:00,DAI,5,DeFiLlama,5007662371.0,2437477.0,2436689.6949026342
2024-09-30 00:00:00+00:00,DAI,5,DeFiLlama,5034617474.0,26955103.0,26925021.105592664
2024-10-01 00:00:00+00:00,DAI,5,DeFiLlama,5032042887.0,-2574587.0,-2574563.828402845
2024-10-02 00:00:00+00:00,DAI,5,DeFiLlama,4824456080.0,-207586807.0,-207794393.80355775
2024-10-03 00:00:00+00:00,DAI,5,DeFiLlama,5028699192.0,204243112.0,204447355.10420182
2024-10-04 00:00:00+00:00,DAI,5,DeFiLlama,5004472959.0,-24226233.0,-24226233.0
2024-10-05 00:00:00+00:00,DAI,5,DeFiLlama,5001517457.0,-2955502.0,-2955502.0
2024-10-06 00:00:00+00:00,DAI,5,DeFiLlama,5006763509.0,5246052.0,5246052.0
2024-10-07 00:00:00+00:00,DAI,5,DeFiLlama,5025072669.0,18309160.0,18243832.9181511
2024-10-08 00:00:00+00:00,DAI,5,DeFiLlama,5223084077.0,198011408.0,197908442.0951373
2024-10-09 00:00:00+00:00,DAI,5,DeFiLlama,5207741227.0,-15342850.0,-15342850.0
2024-10-10 00:00:00+00:00,DAI,5,DeFiLlama,5179077195.0,-28664032.0,-28661136.931642793
2024-10-11 00:00:00+00:00,DAI,5,DeFiLlama,5167285399.0,-11791796.0,-11788517.881489987
2024-10-12 00:00:00+00:00,DAI,5,DeFiLlama,5144870249.0,-22415150.0,-22415150.0
2024-10-13 00:00:00+00:00,DAI,5,DeFiLlama,5151454175.0,6583926.0,6590509.925776338
2024-10-14 00:00:00+00:00,DAI,5,DeFiLlama,5144953928.0,-6500247.0,-6506747.247090966
2024-10-15 00:00:00+00:00,DAI,5,DeFiLlama,5117403995.0,-27549933.0,-27533210.191880118
2024-10-16 00:00:00+00:00,DAI,5,DeFiLlama,5118841949.0,1437954.0,1437071.0962318324
2024-10-17 00:00:00+00:00,DAI,5,DeFiLlama,5128547976.0,9706027.0,9703658.730748411
2024-10-18 00:00:00+00:00,DAI,5,DeFiLlama,5100112723.0,-28435253.0,-28430760.228967976
2024-10-19 00:00:00+00:00,DAI,5,DeFiLlama,5105872823.0,5760100.0,5760100.0
2024-10-20 00:00:00+00:00,DAI,5,DeFiLlama,5108705680.0,2832857.0,2829534.0586073804
2024-10-21 00:00:00+00:00,DAI,5,DeFiLlama,5115274903.0,6569223.0,6560301.995574739
2024-10-22 00:00:00+00:00,DAI,5,DeFiLlama,5037390714.0,-77884189.0,-77884189.0
2024-10-23 00:00:00+00:00,DAI,5,DeFiLlama,4972777090.0,-64613624.0,-64594239.91445017
2024-10-24 00:00:00+00:00,DAI,5,DeFiLlama,4953499556.0,-19277534.0,-19274892.979551125
2024-10-25 00:00:00+00:00,DAI,5,DeFiLlama,4957333500.0,3833944.0,3817074.646709355
2024-10-26 00:00:00+00:00,DAI,5,DeFiLlama,4887948352.0,-69385148.0,-69313056.82182695
2024-10-27 00:00:00+00:00,DAI,5,DeFiLlama,4931004631.0,43056279.0,43028766.03736282
2024-10-28 00:00:00+00:00,DAI,5,DeFiLlama,4908916414.0,-22088217.0,-22088217.0
2024-10-29 00:00:00+00:00,DAI,5,DeFiLlama,4875341841.0,-33574573.0,-33516656.866228454
2024-10-30 00:00:00+00:00,DAI,5,DeFiLlama,4903706123.0,28364282.0,28356226.541245066
2024-10-31 00:00:00+00:00,DAI,5,DeFiLlama,4923791009.0,20084886.0,20104970.88596329
2024-11-01 00:00:00+00:00,DAI,5,DeFiLlama,4818538160.0,-105252849.0,-105252849.0
2024-11-02 00:00:00+00:00,DAI,5,DeFiLlama,4887510128.0,68971968.0,68927067.25014904
2024-11-03 00:00:00+00:00,DAI,5,DeFiLlama,4866672663.0,-20837465.0,-20837465.0
2024-11-04 00:00:00+00:00,DAI,5,DeFiLlama,4869731294.0,3058631.0,3064748.262258773
2024-11-05 00:00:00+00:00,DAI,5,DeFiLlama,4881208075.0,11476781.0,11488257.780823657
2024-11-06 00:00:00+00:00,DAI,5,DeFiLlama,4770932181.0,-110275894.0,-110121287.19471113
2024-11-07 00:00:00+00:00,DAI,5,DeFiLlama,4789713288.0,18781107.0,18799888.105870713
2024-11-08 00:00:00+00:00,DAI,5,DeFiLlama,4714703495.0,-75009793.0,-74969737.76522939
2024-11-09 00:00:00+00:00,DAI,5,DeFiLlama,4741598963.0,26895468.0,26893477.73720162
2024-11-10 00:00:00+00:00,DAI,5,DeFiLlama,4732826359.0,-8772604.0,-8781376.605188137
2024-11-11 00:00:00+00:00,DAI,5,DeFiLlama,4717696838.0,-15129521.0,-15205168.604390675
2024-11-12 00:00:00+00:00,DAI,5,DeFiLlama,4725164276.0,7467438.0,7464943.875499683
2024-11-13 00:00:00+00:00,DAI,5,DeFiLlama,4623736095.0,-101428181.0,-101317117.14233202
2024-11-14 00:00:00+00:00,DAI,5,DeFiLlama,4662047019.0,38310924.0,38245220.76236181
2024-11-15 00:00:00+00:00,DAI,5,DeFiLlama,4658992790.0,-3054229.0,-3050182.146212314
2024-11-16 00:00:00+00:00,DAI,5,DeFiLlama,4651051771.0,-7941019.0,-7927455.740273402
2024-11-17 00:00:00+00:00,DAI,5,DeFiLlama,4663990538.0,12938767.0,12920316.319665033
2024-11-18 00:00:00+00:00,DAI,5,DeFiLlama,4668229269.0,4238731.0,4233852.220517866
2024-11-19 00:00:00+00:00,DAI,5,DeFiLlama,4646976240.0,-21253029.0,-21245059.114536617
2024-11-20 00:00:00+00:00,DAI,5,DeFiLlama,4701725213.0,54748973.0,54747111.53092678
2024-11-21 00:00:00+00:00,DAI,5,DeFiLlama,4732346767.0,30621554.0,30621554.0
2024-11-22 00:00:00+00:00,DAI,5,DeFiLlama,4740551451.0,8204684.0,8204684.0
2024-11-23 00:00:00+00:00,DAI,5,DeFiLlama,4711275311.0,-29276140.0,-29267708.473479394
2024-11-24 00:00:00+00:00,DAI,5,DeFiLlama,4754681041.0,43405730.0,43449135.72962571
2024-11-25 00:00:00+00:00,DAI,5,DeFiLlama,4719211757.0,-35469284.0,-35540222.56413681
2024-11-26 00:00:00+00:00,DAI,5,DeFiLlama,4725129579.0,5917822.0,5905530.683875807
2024-11-27 00:00:00+00:00,DAI,5,DeFiLlama,4618775110.0,-106354469.0,-106312246.26932895
2024-11-28 00:00:00+00:00,DAI,5,DeFiLlama,4721181538.0,102406428.0,102508834.43802118
2024-11-29 00:00:00+00:00,DAI,5,DeFiLlama,4731049419.0,9867881.0,9860598.50480486
2024-11-30 00:00:00+00:00,DAI,5,DeFiLlama,4748066014.0,17016595.0,17016595.0
2024-12-01 00:00:00+00:00,DAI,5,DeFiLlama,4679310592.0,-68755422.0,-68755422.0
2024-12-02 00:00:00+00:00,DAI,5,DeFiLlama,4698764800.0,19454208.0,19454208.0
2024-12-03 00:00:00+00:00,DAI,5,DeFiLlama,4701166982.0,2402182.0,2404584.182009198
2024-12-04 00:00:00+00:00,DAI,5,DeFiLlama,4690069583.0,-11097399.0,-11108496.397620536
2024-12-05 00:00:00+00:00,DAI,5,DeFiLlama,4641422652.0,-48646931.0,-48635596.27008606
2024-12-06 00:00:00+00:00,DAI,5,DeFiLlama,4566986153.0,-74436499.0,-74391241.61807801
2024-12-07 00:00:00+00:00,DAI,5,DeFiLlama,4549571616.0,-17414537.0,-17412516.91488486
2024-12-08 00:00:00+00:00,DAI,5,DeFiLlama,4541429208.0,-8142408.0,-8142408.0
2024-12-09 00:00:00+00:00,DAI,5,DeFiLlama,4575583791.0,34154583.0,34154583.0
2024-12-10 00:00:00+00:00,DAI,5,DeFiLlama,4474363410.0,-101220381.0,-101321601.37172484
2024-12-11 00:00:00+00:00,DAI,5,DeFiLlama,4508369530.0,34006120.0,33954090.639273085
2024-12-12 00:00:00+00:00,DAI,5,DeFiLlama,4517821587.0,9452057.0,9461509.057864066
2024-12-13 00:00:00+00:00,DAI,5,DeFiLlama,4501669234.0,-16152353.0,-16149720.163178416
2024-12-14 00:00:00+00:00,DAI,5,DeFiLlama,4522955041.0,21285807.0,21285807.0
2024-12-15 00:00:00+00:00,DAI,5,DeFiLlama,4535021066.0,12066025.0,12078091.02748503
2024-12-16 00:00:00+00:00,DAI,5,DeFiLlama,4502641688.0,-32379378.0,-32371218.394625302
2024-12-17 00:00:00+00:00,DAI,5,DeFiLlama,4527044125.0,24402437.0,24426839.436326206
2024-12-18 00:00:00+00:00,DAI,5,DeFiLlama,4540925916.0,13881791.0,13881791.0
2024-12-19 00:00:00+00:00,DAI,5,DeFiLlama,4516978210.0,-23947706.0,-23942150.13191492
2024-12-20 00:00:00+00:00,DAI,5,DeFiLlama,4504925625.0,-12052585.0,-12064637.586003283
2024-12-21 00:00:00+00:00,DAI,5,DeFiLlama,4444830848.0,-60094777.0,-60010343.84293132
2024-12-22 00:00:00+00:00,DAI,5,DeFiLlama,4447050653.0,2219805.0,2219805.0
2024-12-23 00:00:00+00:00,DAI,5,DeFiLlama,4411682724.0,-35367929.0,-35403296.931212656
2024-12-24 00:00:00+00:00,DAI,5,DeFiLlama,4428784357.0,17101633.0,17101633.0
2024-12-25 00:00:00+00:00,DAI,5,DeFiLlama,4440612815.0,11828458.0,11828458.0
2024-12-26 00:00:00+00:00,DAI,5,DeFiLlama,4468939887.0,28327072.0,28327072.0
2024-12-27 00:00:00+00:00,DAI,5,DeFiLlama,4480101616.0,11161729.0,11158592.555531476
2024-12-28 00:00:00+00:00,DAI,5,DeFiLlama,4449148228.0,-30953388.0,-30950540.292735536
2024-12-29 00:00:00+00:00,DAI,5,DeFiLlama,4448352261.0,-795967.0,-795967.0
2024-12-30 00:00:00+00:00,DAI,5,DeFiLlama,4331545453.0,-116806808.0,-116692103.70469706
2024-12-31 00:00:00+00:00,DAI,5,DeFiLlama,4421204638.0,89659185.0,89569794.79304345
2025-01-01 00:00:00+00:00,DAI,5,DeFiLlama,4380836798.0,-40367840.0,-40345879.89704982
2025-01-02 00:00:00+00:00,DAI,5,DeFiLlama,4294642095.0,-86194703.0,-86188066.01672632
2025-01-03 00:00:00+00:00,DAI,5,DeFiLlama,4409342550.0,114700455.0,114700455.0
2025-01-04 00:00:00+00:00,DAI,5,DeFiLlama,4452780050.0,43437500.0,43394931.25438006
2025-01-05 00:00:00+00:00,DAI,5,DeFiLlama,4462045779.0,9265729.0,9265729.0
2025-01-06 00:00:00+00:00,DAI,5,DeFiLlama,4474339673.0,12293894.0,12293894.0
2025-01-07 00:00:00+00:00,DAI,5,DeFiLlama,4492030577.0,17690904.0,17677918.874272414
2025-01-08 00:00:00+00:00,DAI,5,DeFiLlama,4450509752.0,-41520825.0,-41492466.27802346
2025-01-09 00:00:00+00:00,DAI,5,DeFiLlama,4444059899.0,-6449853.0,-6449853.0
2025-01-10 00:00:00+00:00,DAI,5,DeFiLlama,4463305030.0,19245131.0,19244977.040850252
2025-01-11 00:00:00+00:00,DAI,5,DeFiLlama,4431995174.0,-31309856.0,-31305691.791682098
2025-01-12 00:00:00+00:00,DAI,5,DeFiLlama,4416269532.0,-15725642.0,-15724321.044792546
2025-01-13 00:00:00+00:00,DAI,5,DeFiLlama,4489556096.0,73286564.0,73284511.98552379
2025-01-14 00:00:00+00:00,DAI,5,DeFiLlama,4514065085.0,24508989.0,24508989.0
2025-01-15 00:00:00+00:00,DAI,5,DeFiLlama,4524402833.0,10337748.0,10337396.518159017
2025-01-16 00:00:00+00:00,DAI,5,DeFiLlama,4676416507.0,152013674.0,152008961.57323623
2025-01-17 00:00:00+00:00,DAI,5,DeFiLlama,4626015840.0,-50400667.0,-50400667.0
2025-01-18 00:00:00+00:00,DAI,5,DeFiLlama,4719582936.0,93567096.0,93559142.80773519
2025-01-19 00:00:00+00:00,DAI,5,DeFiLlama,4664147565.0,-55435371.0,-55435371.0
2025-01-20 00:00:00+00:00,DAI,5,DeFiLlama,4595823209.0,-68324356.0,-68316703.67509252
2025-01-21 00:00:00+00:00,DAI,5,DeFiLlama,4606617642.0,10794433.0,10794433.0
2025-01-22 00:00:00+00:00,DAI,5,DeFiLlama,4646228006.0,39610364.0,39610364.0
2025-01-23 00:00:00+00:00,DAI,5,DeFiLlama,4660289009.0,14061003.0,14060314.008322904
2025-01-24 00:00:00+00:00,DAI,5,DeFiLlama,4667157289.0,6868280.0,6875148.279574702
2025-01-25 00:00:00+00:00,DAI,5,DeFiLlama,4705721320.0,38564031.0,38602595.028377555
2025-01-26 00:00:00+00:00,DAI,5,DeFiLlama,4719681071.0,13959751.0,13959751.0
2025-01-27 00:00:00+00:00,DAI,5,DeFiLlama,4719078066.0,-603005.0,-603005.0
2025-01-28 00:00:00+00:00,DAI,5,DeFiLlama,4628354124.0,-90723942.0,-90723942.0
2025-01-29 00:00:00+00:00,DAI,5,DeFiLlama,4673413666.0,45059542.0,45059542.0
2025-01-30 00:00:00+00:00,DAI,5,DeFiLlama,4701307592.0,27893926.0,27890690.30862258
2025-01-31 00:00:00+00:00,DAI,5,DeFiLlama,4696236324.0,-5071268.0,-5069482.912785048
2025-02-01 00:00:00+00:00,DAI,5,DeFiLlama,4672688427.0,-23547897.0,-23543634.828653853
2025-02-02 00:00:00+00:00,DAI,5,DeFiLlama,4641515863.0,-31172564.0,-31172564.0
2025-02-03 00:00:00+00:00,DAI,5,DeFiLlama,4576424327.0,-65091536.0,-65091536.0
2025-02-04 00:00:00+00:00,DAI,5,DeFiLlama,4543564215.0,-32860112.0,-32834546.83980166
2025-02-05 00:00:00+00:00,DAI,5,DeFiLlama,4534196096.0,-9368119.0,-9365954.965127062
2025-02-06 00:00:00+00:00,DAI,5,DeFiLlama,4532439674.0,-1756422.0,-1756422.0
2025-02-07 00:00:00+00:00,DAI,5,DeFiLlama,4568359273.0,35919599.0,35900202.41659834
2025-02-08 00:00:00+00:00,DAI,5,DeFiLlama,4562149987.0,-6209286.0,-6209286.0
2025-02-09 00:00:00+00:00,DAI,5,DeFiLlama,4518532348.0,-43617639.0,-43603114.31918446
2025-02-10 00:00:00+00:00,DAI,5,DeFiLlama,4503270853.0,-15261495.0,-15258717.408910582
2025-02-11 00:00:00+00:00,DAI,5,DeFiLlama,4485779157.0,-17491696.0,-17486186.117454097
2025-02-12 00:00:00+00:00,DAI,5,DeFiLlama,4505883349.0,20104192.0,20099809.288687572
2025-02-13 00:00:00+00:00,DAI,5,DeFiLlama,4518979558.0,13096209.0,13094833.900528742
2025-02-14 00:00:00+00:00,DAI,5,DeFiLlama,4558976956.0,39997398.0,39997398.0
2025-02-15 00:00:00+00:00,DAI,5,DeFiLlama,4583101230.0,24124274.0,24123960.38610129
2025-02-16 00:00:00+00:00,DAI,5,DeFiLlama,4619058805.0,35957575.0,35944162.82401328
2025-02-17 00:00:00+00:00,DAI,5,DeFiLlama,4619360982.0,302177.0,302099.0382773082
2025-02-18 00:00:00+00:00,DAI,5,DeFiLlama,4637106427.0,17745445.0,17738098.38600259
2025-02-19 00:00:00+00:00,DAI,5,DeFiLlama,4647349048.0,10242621.0,10240408.592529204
2025-02-20 00:00:00+00:00,DAI,5,DeFiLlama,4687868084.0,40519036.0,40511904.64778652
2025-02-21 00:00:00+00:00,DAI,5,DeFiLlama,4742809179.0,54941095.0,54911646.56983581
2025-02-22 00:00:00+00:00,DAI,5,DeFiLlama,4624034260.0,-118774919.0,-118745937.92899673
2025-02-23 00:00:00+00:00,DAI,5,DeFiLlama,4672019757.0,47985497.0,47953874.55768101
2025-02-24 00:00:00+00:00,DAI,5,DeFiLlama,4700593001.0,28573244.0,28562443.308627762
2025-02-25 00:00:00+00:00,DAI,5,DeFiLlama,4626022389.0,-74570612.0,-74570612.0
2025-02-26 00:00:00+00:00,DAI,5,DeFiLlama,4406310710.0,-219711679.0,-219602921.7089947
2025-02-27 00:00:00+00:00,DAI,5,DeFiLlama,4302098440.0,-104212270.0,-104148596.306587
2025-02-28 00:00:00+00:00,DAI,5,DeFiLlama,4290137029.0,-11961411.0,-11951590.682965316
2025-03-01 00:00:00+00:00,DAI,5,DeFiLlama,4345152052.0,55015023.0,55015023.0
2025-03-02 00:00:00+00:00,DAI,5,DeFiLlama,4358487123.0,13335071.0,13335071.0
2025-03-03 00:00:00+00:00,DAI,5,DeFiLlama,4397361090.0,38873967.0,38867747.16328563
2025-03-04 00:00:00+00:00,DAI,5,DeFiLlama,4393573328.0,-3787762.0,-3787754.4246024345
2025-03-05 00:00:00+00:00,DAI,5,DeFiLlama,4406799538.0,13226210.0,13226210.0
2025-03-06 00:00:00+00:00,DAI,5,DeFiLlama,4408795244.0,1995706.0,1995706.0
2025-03-07 00:00:00+00:00,DAI,5,DeFiLlama,4419554302.0,10759058.0,10754872.727955809
2025-03-08 00:00:00+00:00,DAI,5,DeFiLlama,4403893214.0,-15661088.0,-15658864.128478356
2025-03-09 00:00:00+00:00,DAI,5,DeFiLlama,4400530509.0,-3362705.0,-3362705.0
2025-03-10 00:00:00+00:00,DAI,5,DeFiLlama,4389069441.0,-11461068.0,-11456804.484876717
2025-03-11 00:00:00+00:00,DAI,5,DeFiLlama,4277856988.0,-111212453.0,-111160183.14148396
2025-03-12 00:00:00+00:00,DAI,5,DeFiLlama,4218420313.0,-59436675.0,-59381280.01511993
2025-03-13 00:00:00+00:00,DAI,5,DeFiLlama,4223938041.0,5517728.0,5516183.035704728
2025-03-14 00:00:00+00:00,DAI,5,DeFiLlama,4186517453.0,-37420588.0,-37409436.666572556
2025-03-15 00:00:00+00:00,DAI,5,DeFiLlama,4206474607.0,19957154.0,19952064.92584759
2025-03-16 00:00:00+00:00,DAI,5,DeFiLlama,4224976708.0,18502101.0,18498123.048250932
2025-03-17 00:00:00+00:00,DAI,5,DeFiLlama,4228283974.0,3307266.0,3305109.6626861463
2025-03-18 00:00:00+00:00,DAI,5,DeFiLlama,4231055894.0,2771920.0,2770728.07442255
2025-03-19 00:00:00+00:00,DAI,5,DeFiLlama,4243548410.0,12492516.0,12491529.092190968
2025-03-20 00:00:00+00:00,DAI,5,DeFiLlama,4264869293.0,21320883.0,21314252.202138145
2025-03-21 00:00:00+00:00,DAI,5,DeFiLlama,4223674652.0,-41194641.0,-41176062.219523385
2025-03-22 00:00:00+00:00,DAI,5,DeFiLlama,4164160717.0,-59513935.0,-59507805.05831867
2025-03-23 00:00:00+00:00,DAI,5,DeFiLlama,4163647882.0,-512835.0,-512760.6389179658
2025-03-24 00:00:00+00:00,DAI,5,DeFiLlama,4181910365.0,18262483.0,18260346.287360974
2025-03-25 00:00:00+00:00,DAI,5,DeFiLlama,4318513179.0,136602814.0,136586694.85387567
2025-03-26 00:00:00+00:00,DAI,5,DeFiLlama,4309981641.0,-8531538.0,-8529149.169081843
2025-03-27 00:00:00+00:00,DAI,5,DeFiLlama,4319788641.0,9807000.0,9801763.06230488
2025-03-28 00:00:00+00:00,DAI,5,DeFiLlama,4293350590.0,-26438051.0,-26430172.457574148
2025-03-29 00:00:00+00:00,DAI,5,DeFiLlama,4143219090.0,-150131500.0,-150092015.43799028
2025-03-30 00:00:00+00:00,DAI,5,DeFiLlama,4153164287.0,9945197.0,9937678.43154925
2025-03-31 00:00:00+00:00,DAI,5,DeFiLlama,4154579376.0,1415089.0,1414726.7369844727
2025-04-01 00:00:00+00:00,DAI,5,DeFiLlama,4199910423.0,45331047.0,45308698.792086296
2025-04-02 00:00:00+00:00,DAI,5,DeFiLlama,4230543481.0,30633058.0,30619977.6847147
2025-04-03 00:00:00+00:00,DAI,5,DeFiLlama,4169573659.0,-60969822.0,-60955372.151559904
2025-04-04 00:00:00+00:00,DAI,5,DeFiLlama,4167249812.0,-2323847.0,-2323847.0
2025-04-05 00:00:00+00:00,DAI,5,DeFiLlama,4122097190.0,-45152622.0,-45150635.28765919
2025-04-06 00:00:00+00:00,DAI,5,DeFiLlama,4149248913.0,27151723.0,27146835.688579645
2025-04-07 00:00:00+00:00,DAI,5,DeFiLlama,4133271968.0,-15976945.0,-15972950.763719076
2025-04-08 00:00:00+00:00,DAI,5,DeFiLlama,4109895677.0,-23376291.0,-23367291.12703018
2025-04-09 00:00:00+00:00,DAI,5,DeFiLlama,4045459578.0,-64436099.0,-64436099.0
2025-04-10 00:00:00+00:00,DAI,5,DeFiLlama,4041301799.0,-4157779.0,-4156880.9189011976
2025-04-11 00:00:00+00:00,DAI,5,DeFiLlama,4013915323.0,-27386476.0,-27383436.09844067
2025-04-12 00:00:00+00:00,DAI,5,DeFiLlama,3983345226.0,-30570097.0,-30570097.0
2025-04-13 00:00:00+00:00,DAI,5,DeFiLlama,3997808141.0,14462915.0,14462915.0
2025-04-14 00:00:00+00:00,DAI,5,DeFiLlama,3998481538.0,673397.0,673397.0
2025-04-15 00:00:00+00:00,DAI,5,DeFiLlama,4008416662.0,9935124.0,9934537.826650582
2025-04-16 00:00:00+00:00,DAI,5,DeFiLlama,4041497102.0,33080440.0,33080440.0
2025-04-17 00:00:00+00:00,DAI,5,DeFiLlama,4059098486.0,17601384.0,17601384.0
2025-04-18 00:00:00+00:00,DAI,5,DeFiLlama,4055727593.0,-3370893.0,-3370893.0
2025-04-19 00:00:00+00:00,DAI,5,DeFiLlama,3995975344.0,-59752249.0,-59752249.0
2025-04-20 00:00:00+00:00,DAI,5,DeFiLlama,4018734882.0,22759538.0,22759538.0
2025-04-21 00:00:00+00:00,DAI,5,DeFiLlama,4022274954.0,3540072.0,3540072.0
2025-04-22 00:00:00+00:00,DAI,5,DeFiLlama,4050501776.0,28226822.0,28226822.0
2025-04-23 00:00:00+00:00,DAI,5,DeFiLlama,4121578815.0,71077039.0,71077039.0
2025-04-24 00:00:00+00:00,DAI,5,DeFiLlama,4112749848.0,-8828967.0,-8828967.0
2025-04-25 00:00:00+00:00,DAI,5,DeFiLlama,4123107052.0,10357204.0,10357204.0
2025-04-26 00:00:00+00:00,DAI,5,DeFiLlama,4142389353.0,19282301.0,19282301.0
2025-04-27 00:00:00+00:00,DAI,5,DeFiLlama,4146123736.0,3734383.0,3734375.531456896
2025-04-28 00:00:00+00:00,DAI,5,DeFiLlama,4151718093.0,5594357.0,5594357.0
2025-04-29 00:00:00+00:00,DAI,5,DeFiLlama,4110595770.0,-41122323.0,-41163445.32530092
2025-04-30 00:00:00+00:00,DAI,5,DeFiLlama,4116205211.0,5609441.0,5609441.0
2025-05-01 00:00:00+00:00,DAI,5,DeFiLlama,4117932140.0,1726929.0,1726754.5802322864
2025-05-02 00:00:00+00:00,DAI,5,DeFiLlama,4103921264.0,-14010876.0,-14010876.0
2025-05-03 00:00:00+00:00,DAI,5,DeFiLlama,4104326110.0,404846.0,404754.50477449317
2025-05-04 00:00:00+00:00,DAI,5,DeFiLlama,4110755539.0,6429429.0,6427725.2016557045
2025-05-05 00:00:00+00:00,DAI,5,DeFiLlama,4136130204.0,25374665.0,25371239.42376814
2025-05-06 00:00:00+00:00,DAI,5,DeFiLlama,4113891613.0,-22238591.0,-22227271.556267522
2025-05-07 00:00:00+00:00,DAI,5,DeFiLlama,4155693211.0,41801598.0,41801598.0
2025-05-08 00:00:00+00:00,DAI,5,DeFiLlama,4166420644.0,10727433.0,10727433.0
2025-05-09 00:00:00+00:00,DAI,5,DeFiLlama,4232518018.0,66097374.0,66097374.0
2025-05-10 00:00:00+00:00,DAI,5,DeFiLlama,4338183442.0,105665424.0,105665424.0
2025-05-11 00:00:00+00:00,DAI,5,DeFiLlama,4373579600.0,35396158.0,35390211.44847313
2025-05-12 00:00:00+00:00,DAI,5,DeFiLlama,4440040166.0,66460566.0,66460566.0
2025-05-13 00:00:00+00:00,DAI,5,DeFiLlama,4480445605.0,40405439.0,40405439.0
2025-05-14 00:00:00+00:00,DAI,5,DeFiLlama,4516947316.0,36501711.0,36501711.0
2025-05-15 00:00:00+00:00,DAI,5,DeFiLlama,4522892696.0,5945380.0,5951325.380399611
2025-05-16 00:00:00+00:00,DAI,5,DeFiLlama,4517591889.0,-5300807.0,-5300695.682383791
2025-05-17 00:00:00+00:00,DAI,5,DeFiLlama,4514040694.0,-3551195.0,-3551195.0
2025-05-18 00:00:00+00:00,DAI,5,DeFiLlama,4510082588.0,-3958106.0,-3958003.0893732617
2025-05-19 00:00:00+00:00,DAI,5,DeFiLlama,4501403241.0,-8679347.0,-8676074.886223143
2025-05-20 00:00:00+00:00,DAI,5,DeFiLlama,4497156156.0,-4247085.0,-4246439.443774802
2025-05-21 00:00:00+00:00,DAI,5,DeFiLlama,4523206915.0,26050759.0,26050759.0
2025-05-22 00:00:00+00:00,DAI,5,DeFiLlama,4537173637.0,13966722.0,13964920.294090768
2025-05-23 00:00:00+00:00,DAI,5,DeFiLlama,4652215854.0,115042217.0,115042217.0
2025-05-24 00:00:00+00:00,DAI,5,DeFiLlama,4512499033.0,-139716821.0,-139716821.0
2025-05-25 00:00:00+00:00,DAI,5,DeFiLlama,4522596198.0,10097165.0,10096427.908121433
2025-05-26 00:00:00+00:00,DAI,5,DeFiLlama,4520030403.0,-2565795.0,-2565795.0
2025-05-27 00:00:00+00:00,DAI,5,DeFiLlama,4514608899.0,-5421504.0,-5421504.0
2025-05-28 00:00:00+00:00,DAI,5,DeFiLlama,4533870175.0,19261276.0,19257385.221293617
2025-05-29 00:00:00+00:00,DAI,5,DeFiLlama,4576076917.0,42206742.0,42205138.14309239
2025-05-30 00:00:00+00:00,DAI,5,DeFiLlama,4707902449.0,131825532.0,131825400.17173648
2025-05-31 00:00:00+00:00,DAI,5,DeFiLlama,4712361266.0,4458817.0,4458817.0
2025-06-01 00:00:00+00:00,DAI,5,DeFiLlama,4785269789.0,72908523.0,72888400.23945142
2025-06-02 00:00:00+00:00,DAI,5,DeFiLlama,4760910431.0,-24359358.0,-24357993.87587083
2025-06-03 00:00:00+00:00,DAI,5,DeFiLlama,4317028497.0,-443881934.0,-443818458.8911569
2025-06-04 00:00:00+00:00,DAI,5,DeFiLlama,4375350753.0,58322256.0,58315723.89778839
2025-06-05 00:00:00+00:00,DAI,5,DeFiLlama,4322987316.0,-52363437.0,-52332385.48765361
2025-06-06 00:00:00+00:00,DAI,5,DeFiLlama,4325511084.0,2523768.0,2523768.0
2025-06-07 00:00:00+00:00,DAI,5,DeFiLlama,4359861201.0,34350117.0,34339880.662281096
2025-06-08 00:00:00+00:00,DAI,5,DeFiLlama,4352134650.0,-7726551.0,-7724441.65114994
2025-06-09 00:00:00+00:00,DAI,5,DeFiLlama,4354912362.0,2777712.0,2776206.480415047
2025-06-10 00:00:00+00:00,DAI,5,DeFiLlama,4378333297.0,23420935.0,23411800.8352742
2025-06-11 00:00:00+00:00,DAI,5,DeFiLlama,4408602585.0,30269288.0,30262961.718397863
2025-06-12 00:00:00+00:00,DAI,5,DeFiLlama,4444617283.0,36014698.0,36014698.0
2025-06-13 00:00:00+00:00,DAI,5,DeFiLlama,4411675212.0,-32942071.0,-32942071.0
2025-06-14 00:00:00+00:00,DAI,5,DeFiLlama,4376624666.0,-35050546.0,-35036280.42168397
2025-06-15 00:00:00+00:00,DAI,5,DeFiLlama,4368891290.0,-7733376.0,-7728983.44287934
2025-06-16 00:00:00+00:00,DAI,5,DeFiLlama,4362686211.0,-6205079.0,-6203248.502309785
2025-06-17 00:00:00+00:00,DAI,5,DeFiLlama,4364612855.0,1926644.0,1925973.528008747
2025-06-18 00:00:00+00:00,DAI,5,DeFiLlama,4549317239.0,184704384.0,184688314.7023434
2025-06-19 00:00:00+00:00,DAI,5,DeFiLlama,4617213946.0,67896707.0,67865881.88225037
2025-06-20 00:00:00+00:00,DAI,5,DeFiLlama,4485532051.0,-131681895.0,-131661879.34819502
2025-06-21 00:00:00+00:00,DAI,5,DeFiLlama,4455718206.0,-29813845.0,-29808120.747752264
2025-06-22 00:00:00+00:00,DAI,5,DeFiLlama,4456874362.0,1156156.0,1155965.2343299706
2025-06-23 00:00:00+00:00,DAI,5,DeFiLlama,4454274984.0,-2599378.0,-2599378.0
2025-06-24 00:00:00+00:00,DAI,5,DeFiLlama,4370084709.0,-84190275.0,-84173436.94387877
2025-06-25 00:00:00+00:00,DAI,5,DeFiLlama,4363789212.0,-6295497.0,-6295131.860848384
2025-06-26 00:00:00+00:00,DAI,5,DeFiLlama,4335862971.0,-27926241.0,-27918589.206449695
2025-06-27 00:00:00+00:00,DAI,5,DeFiLlama,4334515995.0,-1346976.0,-1346817.056797012
2025-06-28 00:00:00+00:00,DAI,5,DeFiLlama,4328791041.0,-5724954.0,-5723047.589546506
2025-06-29 00:00:00+00:00,DAI,5,DeFiLlama,4324523800.0,-4267241.0,-4266626.517717541
2025-06-30 00:00:00+00:00,DAI,5,DeFiLlama,4293552852.0,-30970948.0,-30967324.3968023
2025-07-01 00:00:00+00:00,DAI,5,DeFiLlama,4283719415.0,-9833437.0,-9831371.9784071
2025-07-02 00:00:00+00:00,DAI,5,DeFiLlama,4273942079.0,-9777336.0,-9775067.659334417
2025-07-03 00:00:00+00:00,DAI,5,DeFiLlama,4282111135.0,8169056.0,8168369.799935734
2025-07-04 00:00:00+00:00,DAI,5,DeFiLlama,4288130225.0,6019090.0,6018397.8046161365
2025-07-05 00:00:00+00:00,DAI,5,DeFiLlama,4324577462.0,36447237.0,36440676.49686096
2025-07-06 00:00:00+00:00,DAI,5,DeFiLlama,4319334817.0,-5242645.0,-5241470.647518796
2025-07-07 00:00:00+00:00,DAI,5,DeFiLlama,4324140469.0,4805652.0,4805652.0
2025-07-08 00:00:00+00:00,DAI,5,DeFiLlama,4301874887.0,-22265582.0,-22265582.0
2025-07-09 00:00:00+00:00,DAI,5,DeFiLlama,4312471548.0,10596661.0,10596661.0
2025-07-10 00:00:00+00:00,DAI,5,DeFiLlama,4329959584.0,17488036.0,17481617.891463812
2025-07-11 00:00:00+00:00,DAI,5,DeFiLlama,4338807615.0,8848031.0,8848031.0
2025-07-12 00:00:00+00:00,DAI,5,DeFiLlama,4323367880.0,-15439735.0,-15437341.841151424
2025-07-13 00:00:00+00:00,DAI,5,DeFiLlama,4307585599.0,-15782281.0,-15782281.0
2025-07-14 00:00:00+00:00,DAI,5,DeFiLlama,4318058824.0,10473225.0,10483698.225426879
2025-07-15 00:00:00+00:00,DAI,5,DeFiLlama,4316276986.0,-1781838.0,-1781838.0
2025-07-16 00:00:00+00:00,DAI,5,DeFiLlama,4321148560.0,4871574.0,4871574.0
2025-07-17 00:00:00+00:00,DAI,5,DeFiLlama,4345363947.0,24215387.0,24215387.0
2025-07-18 00:00:00+00:00,DAI,5,DeFiLlama,4357889139.0,12525192.0,12524064.732784698
2025-07-19 00:00:00+00:00,DAI,5,DeFiLlama,4382778226.0,24889087.0,24889087.0
2025-07-20 00:00:00+00:00,DAI,5,DeFiLlama,4367047233.0,-15730993.0,-15730914.342283512
2025-07-21 00:00:00+00:00,DAI,5,DeFiLlama,4352802235.0,-14244998.0,-14244243.013530094
2025-07-22 00:00:00+00:00,DAI,5,DeFiLlama,4358461059.0,5658824.0,5658382.611679444
2025-07-23 00:00:00+00:00,DAI,5,DeFiLlama,4352973959.0,-5487100.0,-5486205.602391567
2025-07-24 00:00:00+00:00,DAI,5,DeFiLlama,4353151268.0,177309.0,177293.75142636854
2025-07-25 00:00:00+00:00,DAI,5,DeFiLlama,4337775382.0,-15375886.0,-15371426.992566515
2025-07-26 00:00:00+00:00,DAI,5,DeFiLlama,4328559311.0,-9216071.0,-9214347.59598165
2025-07-27 00:00:00+00:00,DAI,5,DeFiLlama,4370614948.0,42055637.0,42052314.61026655
2025-07-28 00:00:00+00:00,DAI,5,DeFiLlama,4367140547.0,-3474401.0,-3474018.815460523
2025-07-29 00:00:00+00:00,DAI,5,DeFiLlama,4364167396.0,-2973151.0,-2972702.0543875713
2025-07-30 00:00:00+00:00,DAI,5,DeFiLlama,4348209281.0,-15958115.0,-15958115.0
2025-07-31 00:00:00+00:00,DAI,5,DeFiLlama,4345415885.0,-2793396.0,-2792728.3786108945
2025-08-01 00:00:00+00:00,DAI,5,DeFiLlama,4336627459.0,-8788426.0,-8785886.145566216
2025-08-02 00:00:00+00:00,DAI,5,DeFiLlama,4306166127.0,-30461332.0,-30457768.02724629
2025-08-03 00:00:00+00:00,DAI,5,DeFiLlama,4306161135.0,-4992.0,-4991.101440004985
2025-08-04 00:00:00+00:00,DAI,5,DeFiLlama,4330384264.0,24223129.0,24222838.32587073
2025-08-05 00:00:00+00:00,DAI,5,DeFiLlama,4332442392.0,2058128.0,2057792.525188206
2025-08-06 00:00:00+00:00,DAI,5,DeFiLlama,4326660717.0,-5781675.0,-5781675.0
2025-08-07 00:00:00+00:00,DAI,5,DeFiLlama,4316393227.0,-10267490.0,-10267490.0
2025-08-08 00:00:00+00:00,DAI,5,DeFiLlama,4361483857.0,45090630.0,45090630.0
2025-08-09 00:00:00+00:00,DAI,5,DeFiLlama,4375029669.0,13545812.0,13545812.0
2025-08-10 00:00:00+00:00,DAI,5,DeFiLlama,4392050247.0,17020578.0,17020578.0
2025-08-11 00:00:00+00:00,DAI,5,DeFiLlama,4396252577.0,4202330.0,4202229.14413912
2025-08-12 00:00:00+00:00,DAI,5,DeFiLlama,4459236389.0,62983812.0,62960382.02104204
2025-08-13 00:00:00+00:00,DAI,5,DeFiLlama,4446722000.0,-12514389.0,-12514389.0
2025-08-14 00:00:00+00:00,DAI,5,DeFiLlama,4506420580.0,59698580.0,59689804.30642514
2025-08-15 00:00:00+00:00,DAI,5,DeFiLlama,4615527729.0,109107149.0,109107149.0
2025-08-16 00:00:00+00:00,DAI,5,DeFiLlama,4623159361.0,7631632.0,7631632.0
2025-08-17 00:00:00+00:00,DAI,5,DeFiLlama,4623159361.0,0.0,0.0
2025-08-18 00:00:00+00:00,DAI,5,DeFiLlama,4697675643.0,74516282.0,74516282.0
2025-08-19 00:00:00+00:00,DAI,5,DeFiLlama,4699066239.0,1390596.0,1390089.823088847
2025-08-20 00:00:00+00:00,DAI,5,DeFiLlama,4856730643.0,157664404.0,157664404.0
2025-08-21 00:00:00+00:00,DAI,5,DeFiLlama,4856730643.0,0.0,0.0
2025-08-22 00:00:00+00:00,DAI,5,DeFiLlama,4786098805.0,-70631838.0,-70617217.20145614
2025-08-23 00:00:00+00:00,DAI,5,DeFiLlama,4786098805.0,0.0,0.0
2025-08-24 00:00:00+00:00,DAI,5,DeFiLlama,4870739229.0,84640424.0,84640424.0
2025-08-25 00:00:00+00:00,DAI,5,DeFiLlama,4936310361.0,65571132.0,65568705.86125321
2025-08-26 00:00:00+00:00,DAI,5,DeFiLlama,5126136160.0,189825799.0,189777583.2316728
2025-08-27 00:00:00+00:00,DAI,5,DeFiLlama,5092347130.0,-33789030.0,-33784164.37959188
2025-08-28 00:00:00+00:00,DAI,5,DeFiLlama,5193203689.0,100856559.0,100842943.37420689
2025-08-29 00:00:00+00:00,DAI,5,DeFiLlama,5262936383.0,69732694.0,69726418.06117666
2025-08-30 00:00:00+00:00,DAI,5,DeFiLlama,5224490613.0,-38445770.0,-38426970.01780593
2025-08-31 00:00:00+00:00,DAI,5,DeFiLlama,5177986392.0,-46504221.0,-46488409.55923134
2025-09-01 00:00:00+00:00,DAI,5,DeFiLlama,5130735111.0,-47251281.0,-47246697.62855895
2025-09-02 00:00:00+00:00,DAI,5,DeFiLlama,5187889523.0,57154412.0,57154412.0
2025-09-03 00:00:00+00:00,DAI,5,DeFiLlama,5164743083.0,-23146440.0,-23122599.16400118
2025-09-04 00:00:00+00:00,DAI,5,DeFiLlama,5146855964.0,-17887119.0,-17887119.0
2025-09-05 00:00:00+00:00,DAI,5,DeFiLlama,5123561395.0,-23294569.0,-23294569.0
2025-09-06 00:00:00+00:00,DAI,5,DeFiLlama,5085637970.0,-37923425.0,-37912578.90387588
2025-09-07 00:00:00+00:00,DAI,5,DeFiLlama,5018025089.0,-67612881.0,-67598141.38479273
2025-09-08 00:00:00+00:00,DAI,5,DeFiLlama,5011855231.0,-6169858.0,-6169000.389586715
2025-09-09 00:00:00+00:00,DAI,5,DeFiLlama,4967114532.0,-44740699.0,-44728126.8562264
2025-09-10 00:00:00+00:00,DAI,5,DeFiLlama,4972505107.0,5390575.0,5388817.672186706
2025-09-11 00:00:00+00:00,DAI,5,DeFiLlama,4968561188.0,-3943919.0,-3941828.722477263
2025-09-12 00:00:00+00:00,DAI,5,DeFiLlama,4978883845.0,10322657.0,10321820.863935947
2025-09-13 00:00:00+00:00,DAI,5,DeFiLlama,5037819649.0,58935804.0,58930440.83701684
2025-09-14 00:00:00+00:00,DAI,5,DeFiLlama,5102380119.0,64560470.0,64550269.44648402
2025-09-15 00:00:00+00:00,DAI,5,DeFiLlama,5105901707.0,3521588.0,3521588.0
2025-09-16 00:00:00+00:00,DAI,5,DeFiLlama,5096960642.0,-8941065.0,-8936952.10991637
2025-09-17 00:00:00+00:00,DAI,5,DeFiLlama,5105908208.0,8947566.0,8944112.23876747
2025-09-18 00:00:00+00:00,DAI,5,DeFiLlama,5094999735.0,-10908473.0,-10904785.935934229
2025-09-19 00:00:00+00:00,DAI,5,DeFiLlama,5095916129.0,916394.0,915707.620926481
2025-09-20 00:00:00+00:00,DAI,5,DeFiLlama,5111325155.0,15409026.0,15405897.96774149
2025-09-21 00:00:00+00:00,DAI,5,DeFiLlama,5146392690.0,35067535.0,35061292.978080556
2025-09-22 00:00:00+00:00,DAI,5,DeFiLlama,5201818098.0,55425408.0,55417426.73918212
2025-09-23 00:00:00+00:00,DAI,5,DeFiLlama,5192582332.0,-9235766.0,-9229587.27179916
2025-09-24 00:00:00+00:00,DAI,5,DeFiLlama,5179254605.0,-13327727.0,-13299458.891077273
2025-09-25 00:00:00+00:00,DAI,5,DeFiLlama,5183706922.0,4452317.0,4448995.57183048
2025-09-26 00:00:00+00:00,DAI,5,DeFiLlama,5375093495.0,191386573.0,191038632.20935702
2025-09-27 00:00:00+00:00,DAI,5,DeFiLlama,5101815464.0,-273278031.0,-272990542.5043243
2025-09-28 00:00:00+00:00,DAI,5,DeFiLlama,5079336792.0,-22478672.0,-22451832.466205757
2025-09-29 00:00:00+00:00,DAI,5,DeFiLlama,5091287970.0,11951178.0,11951178.0
2025-09-30 00:00:00+00:00,DAI,5,DeFiLlama,5079987913.0,-11300057.0,-11293401.26838618
2025-10-01 00:00:00+00:00,DAI,5,DeFiLlama,5076538968.0,-3448945.0,-3444630.369294757
2025-10-02 00:00:00+00:00,DAI,5,DeFiLlama,5070219665.0,-6319303.0,-6319545.57967967
2025-10-03 00:00:00+00:00,DAI,5,DeFiLlama,5017462739.0,-52756926.0,-52742723.31997996
2025-10-04 00:00:00+00:00,DAI,5,DeFiLlama,5050620483.0,33157744.0,33129809.958056442
2025-10-05 00:00:00+00:00,DAI,5,DeFiLlama,5044867482.0,-5753001.0,-5748595.869010891
2025-10-06 00:00:00+00:00,DAI,5,DeFiLlama,5029577197.0,-15290285.0,-15276783.43716061
2025-10-07 00:00:00+00:00,DAI,5,DeFiLlama,5012917849.0,-16659348.0,-16656131.307335574
2025-10-08 00:00:00+00:00,DAI,5,DeFiLlama,5014506975.0,1589126.0,1587975.3406421237
2025-10-09 00:00:00+00:00,DAI,5,DeFiLlama,5024809477.0,10302502.0,10294052.383491343
2025-10-10 00:00:00+00:00,DAI,5,DeFiLlama,5080312544.0,55503067.0,55536883.9870298
2025-10-11 00:00:00+00:00,DAI,5,DeFiLlama,5100931368.0,20618824.0,20579157.481188945
2025-10-12 00:00:00+00:00,DAI,5,DeFiLlama,5110335539.0,9404171.0,9408570.720273023
2025-10-13 00:00:00+00:00,DAI,5,DeFiLlama,5063436451.0,-46899088.0,-46853890.299547866
2025-10-14 00:00:00+00:00,DAI,5,DeFiLlama,5000049633.0,-63386818.0,-63375590.3663478
2025-10-15 00:00:00+00:00,DAI,5,DeFiLlama,5009512081.0,9462448.0,9467875.234926254
2025-10-16 00:00:00+00:00,DAI,5,DeFiLlama,5039577535.0,30065454.0,30031092.969169118
2025-10-17 00:00:00+00:00,DAI,5,DeFiLlama,5057867285.0,18289750.0,18297303.49249486
2025-10-18 00:00:00+00:00,DAI,5,DeFiLlama,5044730829.0,-13136456.0,-13122804.145156192
2025-10-19 00:00:00+00:00,DAI,5,DeFiLlama,5076024023.0,31293194.0,31261059.105816763
2025-10-20 00:00:00+00:00,DAI,5,DeFiLlama,5099540731.0,23516708.0,23500712.26542837
2025-10-21 00:00:00+00:00,DAI,5,DeFiLlama,5140933909.0,41393178.0,41388484.78581386
2025-10-22 00:00:00+00:00,DAI,5,DeFiLlama,5107494578.0,-33439331.0,-33405491.886580314
2025-10-23 00:00:00+00:00,DAI,5,DeFiLlama,5139490607.0,31996029.0,31975174.44262196
2025-10-24 00:00:00+00:00,DAI,5,DeFiLlama,5144626176.0,5135569.0,5129267.108122674
2025-10-25 00:00:00+00:00,DAI,5,DeFiLlama,5148451944.0,3825768.0,3824114.8366663624
2025-10-26 00:00:00+00:00,DAI,5,DeFiLlama,5158121747.0,9669803.0,9665566.25463336
2025-10-27 00:00:00+00:00,DAI,5,DeFiLlama,5130091937.0,-28029810.0,-28018052.224491853
2025-10-28 00:00:00+00:00,DAI,5,DeFiLlama,5126983665.0,-3108272.0,-3107361.2000452075
2025-10-29 00:00:00+00:00,DAI,5,DeFiLlama,5129602337.0,2618672.0,2618047.3906531255
2025-10-30 00:00:00+00:00,DAI,5,DeFiLlama,4873486485.0,-256115852.0,-256138327.71952623
2025-10-31 00:00:00+00:00,DAI,5,DeFiLlama,5127567751.0,254081266.0,253754113.59985828
2025-11-01 00:00:00+00:00,DAI,5,DeFiLlama,5101028008.0,-26539743.0,-26514945.33368852
2025-11-02 00:00:00+00:00,DAI,5,DeFiLlama,5089596629.0,-11431379.0,-11433677.104900267
2025-11-03 00:00:00+00:00,DAI,5,DeFiLlama,5118341097.0,28744468.0,28713362.240324043
2025-11-04 00:00:00+00:00,DAI,5,DeFiLlama,5146694738.0,28353641.0,28373494.348035052
2025-11-05 00:00:00+00:00,DAI,5,DeFiLlama,5106481200.0,-40213538.0,-40217340.93973787
2025-11-06 00:00:00+00:00,DAI,5,DeFiLlama,5049193762.0,-57287438.0,-57264585.01295242
2025-11-07 00:00:00+00:00,DAI,5,DeFiLlama,5000361402.0,-48832360.0,-48828065.38715667
2025-11-08 00:00:00+00:00,DAI,5,DeFiLlama,4875206464.0,-125154938.0,-125111266.5782467
2025-11-09 00:00:00+00:00,DAI,5,DeFiLlama,4884119515.0,8913051.0,8910791.3358994
2025-11-10 00:00:00+00:00,DAI,5,DeFiLlama,4873538347.0,-10581168.0,-10573419.966772748
2025-11-11 00:00:00+00:00,DAI,5,DeFiLlama,4915144153.0,41605806.0,41566796.19447494
2025-11-12 00:00:00+00:00,DAI,5,DeFiLlama,4895918504.0,-19225649.0,-19220925.494345896
2025-11-13 00:00:00+00:00,DAI,5,DeFiLlama,4889384532.0,-6533972.0,-6522851.987449427
2025-11-14 00:00:00+00:00,DAI,5,DeFiLlama,4872675534.0,-16708998.0,-16709110.139141789
2025-11-15 00:00:00+00:00,DAI,5,DeFiLlama,4855191255.0,-17484279.0,-17475474.82212264
2025-11-16 00:00:00+00:00,DAI,5,DeFiLlama,4855792149.0,600894.0,600239.4844518984
2025-11-17 00:00:00+00:00,DAI,5,DeFiLlama,4847490409.0,-8301740.0,-8303583.001914536
2025-11-18 00:00:00+00:00,DAI,5,DeFiLlama,4840097393.0,-7393016.0,-7390404.926356695
2025-11-19 00:00:00+00:00,DAI,5,DeFiLlama,4859123525.0,19026132.0,19014370.58618208
2025-11-20 00:00:00+00:00,DAI,5,DeFiLlama,4822393421.0,-36730104.0,-36718246.14075455
2025-11-21 00:00:00+00:00,DAI,5,DeFiLlama,4818210103.0,-4183318.0,-4179174.115392016
2025-11-22 00:00:00+00:00,DAI,5,DeFiLlama,4731933893.0,-86276210.0,-86314150.34752181
2025-11-23 00:00:00+00:00,DAI,5,DeFiLlama,4721875767.0,-10058126.0,-10057054.43205945
2025-11-24 00:00:00+00:00,DAI,5,DeFiLlama,4738365856.0,16490089.0,16479114.06092364
2025-11-25 00:00:00+00:00,DAI,5,DeFiLlama,4754092446.0,15726590.0,15734025.723919423
2025-11-26 00:00:00+00:00,DAI,5,DeFiLlama,4774136149.0,20043703.0,20039166.509684965
2025-11-27 00:00:00+00:00,DAI,5,DeFiLlama,4785256608.0,11120459.0,11121444.32440795
2025-11-28 00:00:00+00:00,DAI,5,DeFiLlama,4773799311.0,-11457297.0,-11449286.14308673
2025-11-29 00:00:00+00:00,DAI,5,DeFiLlama,4770145614.0,-3653697.0,-3649898.112894455
2025-11-30 00:00:00+00:00,DAI,5,DeFiLlama,4753692442.0,-16453172.0,-16447330.780653922
2025-12-01 00:00:00+00:00,DAI,5,DeFiLlama,4753889610.0,197168.0,197102.88410851004
2025-12-02 00:00:00+00:00,DAI,5,DeFiLlama,4690055650.0,-63833960.0,-63812144.302079305
2025-12-03 00:00:00+00:00,DAI,5,DeFiLlama,4674743567.0,-15312083.0,-15316073.721320288
2025-12-04 00:00:00+00:00,DAI,5,DeFiLlama,4649699916.0,-25043651.0,-25033821.00728415
2025-12-05 00:00:00+00:00,DAI,5,DeFiLlama,4646410788.0,-3289128.0,-3286944.245363836
2025-12-06 00:00:00+00:00,DAI,5,DeFiLlama,4637547341.0,-8863447.0,-8860735.359518293
2025-12-07 00:00:00+00:00,DAI,5,DeFiLlama,4632712503.0,-4834838.0,-4833855.337770058
2025-12-08 00:00:00+00:00,DAI,5,DeFiLlama,4636709523.0,3997020.0,3996865.7796701533
2025-12-09 00:00:00+00:00,DAI,5,DeFiLlama,4627042261.0,-9667262.0,-9657948.930669049
2025-12-10 00:00:00+00:00,DAI,5,DeFiLlama,4650454463.0,23412202.0,23408383.208684318
2025-12-11 00:00:00+00:00,DAI,5,DeFiLlama,4640766266.0,-9688197.0,-9694150.551811464
2025-12-12 00:00:00+00:00,DAI,5,DeFiLlama,4626690637.0,-14075629.0,-14074793.766846167
2025-12-13 00:00:00+00:00,DAI,5,DeFiLlama,4639211192.0,12520555.0,12510288.555604735
2025-12-14 00:00:00+00:00,DAI,5,DeFiLlama,4639172159.0,-39033.0,-39023.186177280426
2025-12-15 00:00:00+00:00,DAI,5,DeFiLlama,4649815779.0,10643620.0,10642059.981781498
2025-12-16 00:00:00+00:00,DAI,5,DeFiLlama,4638898299.0,-10917480.0,-10912504.892490432
2025-12-17 00:00:00+00:00,DAI,5,DeFiLlama,4623598588.0,-15299711.0,-15292217.289534507
2025-12-18 00:00:00+00:00,DAI,5,DeFiLlama,4612195081.0,-11403507.0,-11396356.10685818
2025-12-19 00:00:00+00:00,DAI,5,DeFiLlama,4593439716.0,-18755365.0,-18734238.91805886
2025-12-20 00:00:00+00:00,DAI,5,DeFiLlama,4577336198.0,-16103518.0,-16109988.711271698
2025-12-21 00:00:00+00:00,DAI,5,DeFiLlama,4553390270.0,-23945928.0,-23939792.62510263
2025-12-22 00:00:00+00:00,DAI,5,DeFiLlama,4560912913.0,7522643.0,7520319.837803752
2025-12-23 00:00:00+00:00,DAI,5,DeFiLlama,4549595234.0,-11317679.0,-11307517.643509438
2025-12-24 00:00:00+00:00,DAI,5,DeFiLlama,4543225932.0,-6369302.0,-6370543.988575646
2025-12-25 00:00:00+00:00,DAI,5,DeFiLlama,4526943030.0,-16282902.0,-16281571.846052842
2025-12-26 00:00:00+00:00,DAI,5,DeFiLlama,4540482721.0,13539691.0,13535575.15384964
2025-12-27 00:00:00+00:00,DAI,5,DeFiLlama,4527874174.0,-12608547.0,-12604046.172210973
2025-12-28 00:00:00+00:00,DAI,5,DeFiLlama,4536100832.0,8226658.0,8221673.432541979
2025-12-29 00:00:00+00:00,DAI,5,DeFiLlama,4530154371.0,-5946461.0,-5942917.692896686
2025-12-30 00:00:00+00:00,DAI,5,DeFiLlama,4516421273.0,-13733098.0,-13728644.649499686
2025-12-31 00:00:00+00:00,DAI,5,DeFiLlama,4498019202.0,-18402071.0,-18379750.9582609
2026-01-01 00:00:00+00:00,DAI,5,DeFiLlama,4496983667.0,-1035535.0,-1034576.1309445356
2026-01-02 00:00:00+00:00,DAI,5,DeFiLlama,4494234866.0,-2748801.0,-2746850.609871001
2026-01-03 00:00:00+00:00,DAI,5,DeFiLlama,4495381119.0,1146253.0,1145450.4247217032
2026-01-04 00:00:00+00:00,DAI,5,DeFiLlama,4496697668.0,1316549.0,1315593.909915373
2026-01-05 00:00:00+00:00,DAI,5,DeFiLlama,4498239157.0,1541489.0,1538786.793168736
2026-01-06 00:00:00+00:00,DAI,5,DeFiLlama,4498374555.0,135398.0,135315.38393753296
2026-01-07 00:00:00+00:00,DAI,5,DeFiLlama,4520350744.0,21976189.0,21955963.08711483
2026-01-08 00:00:00+00:00,DAI,5,DeFiLlama,4516851380.0,-3499364.0,-3494576.2414958677
2026-01-09 00:00:00+00:00,DAI,5,DeFiLlama,4510672480.0,-6178900.0,-6178212.011512749
2026-01-10 00:00:00+00:00,DAI,5,DeFiLlama,4509941993.0,-730487.0,-729986.2937985501
2026-01-11 00:00:00+00:00,DAI,5,DeFiLlama,4509772160.0,-169833.0,-169773.97507990713
2026-01-12 00:00:00+00:00,DAI,5,DeFiLlama,4535297983.0,25525823.0,25512814.330606595
2026-01-13 00:00:00+00:00,DAI,5,DeFiLlama,4529360339.0,-5937644.0,-5933950.128830972
2026-01-14 00:00:00+00:00,DAI,5,DeFiLlama,4623354540.0,93994201.0,94015030.0465085
2026-01-15 00:00:00+00:00,DAI,5,DeFiLlama,4689198725.0,65844185.0,65819371.134999976
2026-01-16 00:00:00+00:00,DAI,5,DeFiLlama,4688701870.0,-496855.0,-496632.5827948323
2026-01-17 00:00:00+00:00,DAI,5,DeFiLlama,4681878893.0,-6822977.0,-6822068.825445945
2026-01-18 00:00:00+00:00,DAI,5,DeFiLlama,4684630653.0,2751760.0,2750518.876015321
2026-01-19 00:00:00+00:00,DAI,5,DeFiLlama,4691200241.0,6569588.0,6568132.586780292
2026-01-20 00:00:00+00:00,DAI,5,DeFiLlama,4654528495.0,-36671746.0,-36648418.61054532
2026-01-21 00:00:00+00:00,DAI,5,DeFiLlama,4645075157.0,-9453338.0,-9452314.176304234
2026-01-22 00:00:00+00:00,DAI,5,DeFiLlama,4643461409.0,-1613748.0,-1612051.7214608144
2026-01-23 00:00:00+00:00,DAI,5,DeFiLlama,4651309544.0,7848135.0,7844250.529572838
2026-01-24 00:00:00+00:00,DAI,5,DeFiLlama,4628978707.0,-22330837.0,-22323920.081874218
2026-01-25 00:00:00+00:00,DAI,5,DeFiLlama,4625169969.0,-3808738.0,-3808800.3844240536
2026-01-26 00:00:00+00:00,DAI,5,DeFiLlama,4620835552.0,-4334417.0,-4331840.611890698
2026-01-27 00:00:00+00:00,DAI,5,DeFiLlama,4628264254.0,7428702.0,7422974.0835178215
2026-01-28 00:00:00+00:00,DAI,5,DeFiLlama,4599790050.0,-28474204.0,-28452387.084309984
2026-01-29 00:00:00+00:00,DAI,5,DeFiLlama,4612903599.0,13113549.0,13120950.96707747
2026-01-30 00:00:00+00:00,DAI,5,DeFiLlama,4599751178.0,-13152421.0,-13138335.61924433
2026-01-31 00:00:00+00:00,DAI,5,DeFiLlama,4712926702.0,113175524.0,113096533.96409768
2026-02-01 00:00:00+00:00,DAI,5,DeFiLlama,4712926702.0,0.0,0.0
2026-02-02 00:00:00+00:00,DAI,5,DeFiLlama,4712926702.0,0.0,0.0
2026-02-03 00:00:00+00:00,DAI,5,DeFiLlama,4712926702.0,0.0,0.0
2026-02-04 00:00:00+00:00,DAI,5,DeFiLlama,4712926702.0,0.0,0.0
2026-02-05 00:00:00+00:00,DAI,5,DeFiLlama,4712926702.0,0.0,0.0
2026-02-06 00:00:00+00:00,DAI,5,DeFiLlama,4712926702.0,0.0,0.0
2026-02-07 00:00:00+00:00,DAI,5,DeFiLlama,4712926702.0,0.0,0.0
2026-02-08 00:00:00+00:00,DAI,5,DeFiLlama,4712926702.0,0.0,0.0
2026-02-09 00:00:00+00:00,DAI,5,DeFiLlama,4712924027.0,-2675.0,-2674.777265341222
2026-02-10 00:00:00+00:00,DAI,5,DeFiLlama,4425929216.0,-286994811.0,-286843776.3656549
2026-02-11 00:00:00+00:00,DAI,5,DeFiLlama,4427740024.0,1810808.0,1810520.8796978185
2026-02-12 00:00:00+00:00,DAI,5,DeFiLlama,4408524025.0,-19215999.0,-19212459.130206984
2026-02-13 00:00:00+00:00,DAI,5,DeFiLlama,4406334208.0,-2189817.0,-2189594.2410382773
2026-02-14 00:00:00+00:00,DAI,5,DeFiLlama,4386583708.0,-19750500.0,-19743539.99178157
2026-02-15 00:00:00+00:00,DAI,5,DeFiLlama,4392025886.0,5442178.0,5440559.5749440575
2026-02-16 00:00:00+00:00,DAI,5,DeFiLlama,4387811842.0,-4214044.0,-4214252.336172039
2026-02-17 00:00:00+00:00,DAI,5,DeFiLlama,4385921989.0,-1889853.0,-1889500.2340920677
2026-02-18 00:00:00+00:00,DAI,5,DeFiLlama,4391878869.0,5956880.0,5955140.685481597
2026-02-19 00:00:00+00:00,DAI,5,DeFiLlama,4436281851.0,44402982.0,44382351.31908785
2026-02-20 00:00:00+00:00,DAI,5,DeFiLlama,4429542322.0,-6739529.0,-6737254.228716511
2026-02-21 00:00:00+00:00,DAI,5,DeFiLlama,4422130493.0,-7411829.0,-7411554.943055381
2026-02-22 00:00:00+00:00,DAI,5,DeFiLlama,4406003653.0,-16126840.0,-16123663.889941037
2026-02-23 00:00:00+00:00,DAI,5,DeFiLlama,4409493910.0,3490257.0,3489477.084987483
2026-02-24 00:00:00+00:00,DAI,5,DeFiLlama,4412332200.0,2838290.0,2836924.357176921
2026-02-25 00:00:00+00:00,DAI,5,DeFiLlama,4417086909.0,4754709.0,4752699.966682928
2026-02-26 00:00:00+00:00,DAI,5,DeFiLlama,4436583529.0,19496620.0,19478324.97816266
2026-02-27 00:00:00+00:00,DAI,5,DeFiLlama,4435314208.0,-1269321.0,-1268730.7978182768
2026-02-28 00:00:00+00:00,DAI,5,DeFiLlama,4408202520.0,-27111688.0,-27112258.51859631
2026-03-01 00:00:00+00:00,DAI,5,DeFiLlama,4405917188.0,-2285332.0,-2282999.602652077
2026-03-02 00:00:00+00:00,DAI,5,DeFiLlama,4427391497.0,21474309.0,21448244.27821526
2026-03-03 00:00:00+00:00,DAI,5,DeFiLlama,4455132583.0,27741086.0,27723444.775962193
2026-03-04 00:00:00+00:00,DAI,5,DeFiLlama,4449091035.0,-6041548.0,-6042915.568544089
2026-03-05 00:00:00+00:00,DAI,5,DeFiLlama,4494843320.0,45752285.0,45740898.3097972
2026-03-06 00:00:00+00:00,DAI,5,DeFiLlama,4506989684.0,12146364.0,12147329.049289435
2026-03-07 00:00:00+00:00,DAI,5,DeFiLlama,4500251887.0,-6737797.0,-6736760.47340491
2026-03-08 00:00:00+00:00,DAI,5,DeFiLlama,4516080248.0,15828361.0,15824710.573754925
2026-03-09 00:00:00+00:00,DAI,5,DeFiLlama,4536428203.0,20347955.0,20351069.777802035
2026-03-10 00:00:00+00:00,DAI,5,DeFiLlama,4519797111.0,-16631092.0,-16629721.974376904
2026-03-11 00:00:00+00:00,DAI,5,DeFiLlama,4528146840.0,8349729.0,8348980.949024294
2026-03-12 00:00:00+00:00,DAI,5,DeFiLlama,4509178613.0,-18968227.0,-18969695.235734865
2026-03-13 00:00:00+00:00,DAI,5,DeFiLlama,4522591789.0,13413176.0,13411692.216983536
2026-03-14 00:00:00+00:00,DAI,5,DeFiLlama,4538839141.0,16247352.0,16246352.310355404
2026-03-15 00:00:00+00:00,DAI,5,DeFiLlama,4236640988.0,-302198153.0,-302195408.2347578
2026-03-16 00:00:00+00:00,DAI,5,DeFiLlama,4537774282.0,301133294.0,301107588.2939905
2026-03-17 00:00:00+00:00,DAI,5,DeFiLlama,4540905498.0,3131216.0,3131399.0499665155
2026-03-18 00:00:00+00:00,DAI,5,DeFiLlama,4550566712.0,9661214.0,9661457.914211804
2026-03-19 00:00:00+00:00,DAI,5,DeFiLlama,4552362342.0,1795630.0,1795607.8384355262
2026-03-20 00:00:00+00:00,DAI,5,DeFiLlama,4564953231.0,12590889.0,12591358.991120836
2026-03-21 00:00:00+00:00,DAI,5,DeFiLlama,4569425093.0,4471862.0,4471744.433951101
2026-03-22 00:00:00+00:00,DAI,5,DeFiLlama,4574276146.0,4851053.0,4850704.945763751
2026-03-23 00:00:00+00:00,DAI,5,DeFiLlama,4569898160.0,-4377986.0,-4377778.716424381
2026-03-24 00:00:00+00:00,DAI,5,DeFiLlama,4560867392.0,-9030768.0,-9029959.993041383
2026-03-25 00:00:00+00:00,DAI,5,DeFiLlama,4553651575.0,-7215817.0,-7214483.288533417
2026-03-26 00:00:00+00:00,DAI,5,DeFiLlama,4565969545.0,12317970.0,12316537.202265272
2026-03-27 00:00:00+00:00,DAI,5,DeFiLlama,4562968875.0,-3000670.0,-3000026.412066203
2026-03-28 00:00:00+00:00,DAI,5,DeFiLlama,4555333498.0,-7635377.0,-7634083.309839583
2026-03-29 00:00:00+00:00,DAI,5,DeFiLlama,4557506012.0,2172514.0,2172369.6847211616
2026-03-30 00:00:00+00:00,DAI,5,DeFiLlama,4580431389.0,22925377.0,22918275.69741876
2026-03-31 00:00:00+00:00,DAI,5,DeFiLlama,4609363234.0,28931845.0,28926511.841897786
2026-04-01 00:00:00+00:00,DAI,5,DeFiLlama,4654260704.0,44897470.0,44895403.64554159
2026-04-02 00:00:00+00:00,DAI,5,DeFiLlama,4690847518.0,36586814.0,36590687.78897284
2026-04-03 00:00:00+00:00,DAI,5,DeFiLlama,4685438369.0,-5409149.0,-5408553.079532711
2026-04-04 00:00:00+00:00,DAI,5,DeFiLlama,4691428474.0,5990105.0,5990040.805371273
2026-04-05 00:00:00+00:00,DAI,5,DeFiLlama,4701713095.0,10284621.0,10285299.859217692
2026-04-06 00:00:00+00:00,DAI,5,DeFiLlama,4701924546.0,211451.0,211405.65814295673
2026-04-07 00:00:00+00:00,DAI,5,DeFiLlama,4720476441.0,18551895.0,18549278.89267864
2026-04-08 00:00:00+00:00,DAI,5,DeFiLlama,4699168394.0,-21308047.0,-21306128.668861393
2026-04-09 00:00:00+00:00,DAI,5,DeFiLlama,4664171018.0,-34997376.0,-34973195.77084485
2026-04-10 00:00:00+00:00,DAI,5,DeFiLlama,4664957748.0,786730.0,784854.0358642794
2026-04-11 00:00:00+00:00,DAI,5,DeFiLlama,4668742668.0,3784920.0,3785942.1825359515
2026-04-12 00:00:00+00:00,DAI,5,DeFiLlama,4671517547.0,2774879.0,2781918.906029024
2026-04-13 00:00:00+00:00,DAI,5,DeFiLlama,4654557535.0,-16960012.0,-16957162.694904093
2026-04-14 00:00:00+00:00,DAI,5,DeFiLlama,4623981430.0,-30576105.0,-30557162.623518605
2026-04-15 00:00:00+00:00,DAI,5,DeFiLlama,4609996538.0,-13984892.0,-13975739.921837509
2026-04-16 00:00:00+00:00,DAI,5,DeFiLlama,4581943229.0,-28053309.0,-28057208.6052072
2026-04-17 00:00:00+00:00,DAI,5,DeFiLlama,4592471753.0,10528524.0,10527075.305160446
2026-04-18 00:00:00+00:00,DAI,5,DeFiLlama,4603309443.0,10837690.0,10834132.769163093
2026-04-19 00:00:00+00:00,DAI,5,DeFiLlama,4597274399.0,-6035044.0,-6032435.500385923
2026-04-20 00:00:00+00:00,DAI,5,DeFiLlama,4616828089.0,19553690.0,19545049.16650305
2026-04-21 00:00:00+00:00,DAI,5,DeFiLlama,4651632293.0,34804204.0,34792902.648520164
2026-04-22 00:00:00+00:00,DAI,5,DeFiLlama,4678927484.0,27295191.0,27285685.72681071
2026-04-23 00:00:00+00:00,DAI,5,DeFiLlama,4669928082.0,-8999402.0,-8996934.439668113
2026-04-24 00:00:00+00:00,DAI,5,DeFiLlama,4663218362.0,-6709720.0,-6707000.116526768
2026-04-25 00:00:00+00:00,DAI,5,DeFiLlama,4660922594.0,-2295768.0,-2295220.7982299603
2026-04-26 00:00:00+00:00,DAI,5,DeFiLlama,4668271518.0,7348924.0,7346251.444047712
2026-04-27 00:00:00+00:00,DAI,5,DeFiLlama,4672450352.0,4178834.0,4177438.9280634695
2026-04-28 00:00:00+00:00,DAI,5,DeFiLlama,4656699447.0,-15750905.0,-15747071.99295011
2026-04-29 00:00:00+00:00,DAI,5,DeFiLlama,4658484411.0,1784964.0,1783837.395615958
2026-04-30 00:00:00+00:00,DAI,5,DeFiLlama,4651874388.0,-6610023.0,-6608028.110248847
2026-05-01 00:00:00+00:00,DAI,5,DeFiLlama,4643597451.0,-8276937.0,-8275586.908131048
2026-05-02 00:00:00+00:00,DAI,5,DeFiLlama,4632188490.0,-11408961.0,-11406135.370025577
2026-05-03 00:00:00+00:00,DAI,5,DeFiLlama,4619561723.0,-12626767.0,-12624514.583784427
2026-05-04 00:00:00+00:00,DAI,5,DeFiLlama,4628469774.0,8908051.0,8905371.02465748
2026-05-05 00:00:00+00:00,DAI,5,DeFiLlama,4614776797.0,-13692977.0,-13684561.096997468
2026-05-06 00:00:00+00:00,DAI,5,DeFiLlama,4627250932.0,12474135.0,12470759.415774763
2026-05-07 00:00:00+00:00,DAI,5,DeFiLlama,4640686862.0,13435930.0,13436771.566940647
2026-05-08 00:00:00+00:00,DAI,5,DeFiLlama,4641854756.0,1167894.0,1167377.2669695218
2026-05-09 00:00:00+00:00,DAI,5,DeFiLlama,4662421561.0,20566805.0,20557198.638470255
2026-05-10 00:00:00+00:00,DAI,5,DeFiLlama,4657096322.0,-5325239.0,-5323481.975047991
2026-05-11 00:00:00+00:00,DAI,5,DeFiLlama,4658758600.0,1662278.0,1661729.5432912812
2026-05-12 00:00:00+00:00,DAI,5,DeFiLlama,4641581033.0,-17177567.0,-17172807.966258284
2026-05-13 00:00:00+00:00,DAI,5,DeFiLlama,4623108096.0,-18472937.0,-18467264.458507434
2026-05-14 00:00:00+00:00,DAI,5,DeFiLlama,4614173638.0,-8934458.0,-8931802.207408043
2026-05-15 00:00:00+00:00,DAI,5,DeFiLlama,4626293016.0,12119378.0,12113786.903838698
2026-05-16 00:00:00+00:00,DAI,5,DeFiLlama,4614758692.0,-11534324.0,-11531406.510745734
2026-05-17 00:00:00+00:00,DAI,5,DeFiLlama,4613576651.0,-1182041.0,-1181676.9371645087
2026-05-18 00:00:00+00:00,DAI,5,DeFiLlama,4607505569.0,-6071082.0,-6068747.284073801
2026-05-19 00:00:00+00:00,DAI,5,DeFiLlama,4598396954.0,-9108615.0,-9104085.017963445
2026-05-20 00:00:00+00:00,DAI,5,DeFiLlama,4592875317.0,-5521637.0,-5519633.065030562
2026-05-21 00:00:00+00:00,DAI,5,DeFiLlama,4591885069.0,-990248.0,-989941.419567987
2026-05-22 00:00:00+00:00,DAI,5,DeFiLlama,4575447236.0,-16437833.0,-16430049.715771962
2026-05-23 00:00:00+00:00,DAI,5,DeFiLlama,4575882520.0,435284.0,435120.22865645506
2026-05-24 00:00:00+00:00,DAI,5,DeFiLlama,4579419937.0,3537417.0,3536092.5978917023
2026-05-25 00:00:00+00:00,DAI,5,DeFiLlama,4586670174.0,7250237.0,7246813.241535925
2026-05-26 00:00:00+00:00,DAI,5,DeFiLlama,4592552324.0,5882150.0,5880009.147215216
2026-05-27 00:00:00+00:00,DAI,5,DeFiLlama,4611815271.0,19262947.0,19257367.25472165
2026-05-28 00:00:00+00:00,DAI,5,DeFiLlama,4610489878.0,-1325393.0,-1324870.5306859424
2026-05-29 00:00:00+00:00,DAI,5,DeFiLlama,4595703111.0,-14786767.0,-14780729.925263023
2026-05-30 00:00:00+00:00,DAI,5,DeFiLlama,4593766698.0,-1936413.0,-1935755.4958059927
2026-05-31 00:00:00+00:00,DAI,5,DeFiLlama,4583566147.0,-10200551.0,-10195397.556157626
2026-06-01 00:00:00+00:00,DAI,5,DeFiLlama,4585451211.0,1885064.0,1884299.99728149
2026-06-02 00:00:00+00:00,DAI,5,DeFiLlama,4600990186.0,15538975.0,15533397.647739038
2026-06-03 00:00:00+00:00,DAI,5,DeFiLlama,4590512284.0,-10477902.0,-10473509.94365877
2026-06-04 00:00:00+00:00,DAI,5,DeFiLlama,4579545894.0,-10966390.0,-10962406.657698238
2026-06-05 00:00:00+00:00,DAI,5,DeFiLlama,4560078594.0,-19467300.0,-19459169.357603926
2026-06-06 00:00:00+00:00,DAI,5,DeFiLlama,4516803161.0,-43275433.0,-43251537.62525207
2026-06-07 00:00:00+00:00,DAI,5,DeFiLlama,4499700546.0,-17102615.0,-17095760.264225896
2026-06-08 00:00:00+00:00,DAI,5,DeFiLlama,4483871104.0,-15829442.0,-15823702.772684718
2026-06-09 00:00:00+00:00,DAI,5,DeFiLlama,4444460411.0,-39410693.0,-39400478.21070626
2026-06-10 00:00:00+00:00,DAI,5,DeFiLlama,4421278869.0,-23181542.0,-23173170.782353923
2026-06-11 00:00:00+00:00,DAI,5,DeFiLlama,4434261285.0,12982416.0,12978309.078741187
2026-06-12 00:00:00+00:00,DAI,5,DeFiLlama,4422512556.0,-11748729.0,-11746277.77445604
2026-06-13 00:00:00+00:00,DAI,5,DeFiLlama,4414572859.0,-7939697.0,-7937388.056595155
2026-06-14 00:00:00+00:00,DAI,5,DeFiLlama,4417915166.0,3342307.0,3341159.6021033055
2026-06-15 00:00:00+00:00,DAI,5,DeFiLlama,4418459219.0,544053.0,543963.901310276
2026-06-16 00:00:00+00:00,DAI,5,DeFiLlama,4416951792.0,-1507427.0,-1507099.6967243114
2026-06-17 00:00:00+00:00,DAI,5,DeFiLlama,4401503597.0,-15448195.0,-15446400.922540803
2026-06-18 00:00:00+00:00,DAI,5,DeFiLlama,4387981506.0,-13522091.0,-13520781.012637937
2026-06-19 00:00:00+00:00,DAI,5,DeFiLlama,4385439436.0,-2542070.0,-2541110.3948841444
2026-06-20 00:00:00+00:00,DAI,5,DeFiLlama,4389507770.0,4068334.0,4066700.245411577
2026-06-21 00:00:00+00:00,DAI,5,DeFiLlama,4470316976.0,80809206.0,80783358.2514591
2026-06-22 00:00:00+00:00,DAI,5,DeFiLlama,4473918812.0,3601836.0,3600770.1898191837
2026-06-23 00:00:00+00:00,DAI,5,DeFiLlama,4877439345.0,403520533.0,403342921.3631175
2026-06-24 00:00:00+00:00,DAI,5,DeFiLlama,4868870365.0,-8568980.0,-8565088.243695393
2026-06-25 00:00:00+00:00,DAI,5,DeFiLlama,4872959643.0,4089278.0,4088052.4559752643
2026-06-26 00:00:00+00:00,DAI,5,DeFiLlama,4850385120.0,-22574523.0,-22563714.404003203
2026-06-27 00:00:00+00:00,DAI,5,DeFiLlama,4848528926.0,-1856194.0,-1855515.6136650518
2026-06-28 00:00:00+00:00,DAI,5,DeFiLlama,4846503662.0,-2025264.0,-2024645.814592004
2026-06-29 00:00:00+00:00,DAI,5,DeFiLlama,4843582687.0,-2920975.0,-2920189.6332767922
2026-06-30 00:00:00+00:00,DAI,5,DeFiLlama,4848895933.0,5313246.0,5310702.345857074
2026-07-01 00:00:00+00:00,DAI,5,DeFiLlama,4845672099.0,-3223834.0,-3222808.135345918
2026-07-02 00:00:00+00:00,DAI,5,DeFiLlama,4841274806.0,-4397293.0,-4396084.923907731
2026-07-03 00:00:00+00:00,DAI,5,DeFiLlama,4842859613.0,1584807.0,1584698.8376319117
2026-07-04 00:00:00+00:00,DAI,5,DeFiLlama,4852163687.0,9304074.0,9303454.51377222
2026-07-05 00:00:00+00:00,DAI,5,DeFiLlama,4850468972.0,-1694715.0,-1693980.457150235
2026-07-06 00:00:00+00:00,DAI,5,DeFiLlama,4848055478.0,-2413494.0,-2412558.1709431494
2026-07-07 00:00:00+00:00,DAI,5,DeFiLlama,4851282082.0,3226604.0,3225386.9805747257
2026-07-08 00:00:00+00:00,DAI,5,DeFiLlama,4855906529.0,4624447.0,4623982.3379348805
2026-07-09 00:00:00+00:00,DAI,5,DeFiLlama,4861353541.0,5447012.0,5446713.256313035
2026-07-10 00:00:00+00:00,DAI,5,DeFiLlama,4873547225.0,12193684.0,12189829.159346357
2026-07-11 00:00:00+00:00,DAI,5,DeFiLlama,4876044398.0,2497173.0,2496226.8637710637
2026-07-12 00:00:00+00:00,DAI,5,DeFiLlama,4865154242.0,-10890156.0,-10886225.89528216
2026-07-13 00:00:00+00:00,DAI,5,DeFiLlama,4863340748.0,-1813494.0,-1812830.148103418
2026-07-14 00:00:00+00:00,DAI,5,DeFiLlama,4860239204.0,-3101544.0,-3101363.5398646323
2026-07-15 00:00:00+00:00,DAI,5,DeFiLlama,4871259995.0,11020791.0,11016712.305530332
2026-07-16 00:00:00+00:00,DAI,5,DeFiLlama,4857723804.0,-13536191.0,-13534357.048353115
2026-07-17 00:00:00+00:00,DAI,5,DeFiLlama,4852323483.0,-5400321.0,-5399344.51521684
2026-07-18 00:00:00+00:00,DAI,5,DeFiLlama,4854490530.0,2167047.0,2166380.0950625692
2026-07-19 00:00:00+00:00,DAI,5,DeFiLlama,4851309730.0,-3180800.0,-3180329.686686898
2026-07-20 00:00:00+00:00,DAI,5,DeFiLlama,4846756333.0,-4553397.0,-4552490.886689532
2026-07-21 00:00:00+00:00,DAI,5,DeFiLlama,4845197470.0,-1558863.0,-1558437.9773190035
2026-07-22 00:00:00+00:00,DAI,5,DeFiLlama,4849439243.0,4241773.0,4241788.58266476
2026-07-23 00:00:00+00:00,DAI,5,DeFiLlama,4852549488.0,3110245.0,3110081.541547266
2026-07-24 00:00:00+00:00,DAI,5,DeFiLlama,4858182160.0,5632672.0,5632482.165897134
2026-07-25 00:00:00+00:00,DAI,5,DeFiLlama,4853982218.0,-4199942.0,-4199967.043998059
2026-07-26 00:00:00+00:00,DAI,5,DeFiLlama,4854258520.0,276302.0,276228.30102125544
2026-07-27 00:00:00+00:00,DAI,5,DeFiLlama,4858672559.0,4414039.0,4413981.89162272
2026-07-28 00:00:00+00:00,DAI,5,DeFiLlama,4805035367.57,-53637191.430000305,-53627126.80972372
