Date,Symbol,DeFiLlama_ID,Source,Market_Cap_USD
2019-11-19 00:00:00+00:00,DAI,5,DeFiLlama,1835204.0
2019-11-20 00:00:00+00:00,DAI,5,DeFiLlama,7478596.0
2019-11-21 00:00:00+00:00,DAI,5,DeFiLlama,9840581.0
2019-11-22 00:00:00+00:00,DAI,5,DeFiLlama,13598717.0
2019-11-23 00:00:00+00:00,DAI,5,DeFiLlama,15748859.0
2019-11-24 00:00:00+00:00,DAI,5,DeFiLlama,18243123.0
2019-11-25 00:00:00+00:00,DAI,5,DeFiLlama,18350879.0
2019-11-26 00:00:00+00:00,DAI,5,DeFiLlama,20171765.0
2019-11-27 00:00:00+00:00,DAI,5,DeFiLlama,20380116.0
2019-11-28 00:00:00+00:00,DAI,5,DeFiLlama,20428447.0
2019-11-29 00:00:00+00:00,DAI,5,DeFiLlama,21938926.0
2019-11-30 00:00:00+00:00,DAI,5,DeFiLlama,23041298.0
2019-12-01 00:00:00+00:00,DAI,5,DeFiLlama,23713760.0
2019-12-02 00:00:00+00:00,DAI,5,DeFiLlama,25972310.0
2019-12-03 00:00:00+00:00,DAI,5,DeFiLlama,42966566.0
2019-12-04 00:00:00+00:00,DAI,5,DeFiLlama,49258700.0
2019-12-05 00:00:00+00:00,DAI,5,DeFiLlama,50054212.0
2019-12-06 00:00:00+00:00,DAI,5,DeFiLlama,51238773.0
2019-12-07 00:00:00+00:00,DAI,5,DeFiLlama,53874250.0
2019-12-08 00:00:00+00:00,DAI,5,DeFiLlama,54472098.0
2019-12-09 00:00:00+00:00,DAI,5,DeFiLlama,56712137.0
2019-12-10 00:00:00+00:00,DAI,5,DeFiLlama,58375020.0
2019-12-11 00:00:00+00:00,DAI,5,DeFiLlama,59102079.0
2019-12-12 00:00:00+00:00,DAI,5,DeFiLlama,61122419.0
2019-12-13 00:00:00+00:00,DAI,5,DeFiLlama,61610960.0
2019-12-14 00:00:00+00:00,DAI,5,DeFiLlama,62344520.0
2019-12-15 00:00:00+00:00,DAI,5,DeFiLlama,62829753.0
2019-12-16 00:00:00+00:00,DAI,5,DeFiLlama,63272068.0
2019-12-17 00:00:00+00:00,DAI,5,DeFiLlama,65878585.0
2019-12-18 00:00:00+00:00,DAI,5,DeFiLlama,65236361.0
2019-12-19 00:00:00+00:00,DAI,5,DeFiLlama,65836044.0
2019-12-20 00:00:00+00:00,DAI,5,DeFiLlama,68246455.0
2019-12-21 00:00:00+00:00,DAI,5,DeFiLlama,69078572.0
2019-12-22 00:00:00+00:00,DAI,5,DeFiLlama,69339375.0
2019-12-23 00:00:00+00:00,DAI,5,DeFiLlama,69693630.0
2019-12-24 00:00:00+00:00,DAI,5,DeFiLlama,69366295.0
2019-12-25 00:00:00+00:00,DAI,5,DeFiLlama,69482806.0
2019-12-26 00:00:00+00:00,DAI,5,DeFiLlama,69648006.0
2019-12-27 00:00:00+00:00,DAI,5,DeFiLlama,69221851.0
2019-12-28 00:00:00+00:00,DAI,5,DeFiLlama,70294962.0
2019-12-29 00:00:00+00:00,DAI,5,DeFiLlama,70594789.0
2019-12-30 00:00:00+00:00,DAI,5,DeFiLlama,71072124.0
2019-12-31 00:00:00+00:00,DAI,5,DeFiLlama,71068713.0
2020-01-01 00:00:00+00:00,DAI,5,DeFiLlama,71452754.0
2020-01-02 00:00:00+00:00,DAI,5,DeFiLlama,72589442.0
2020-01-03 00:00:00+00:00,DAI,5,DeFiLlama,72924185.0
2020-01-04 00:00:00+00:00,DAI,5,DeFiLlama,73695829.0
2020-01-05 00:00:00+00:00,DAI,5,DeFiLlama,73860865.0
2020-01-06 00:00:00+00:00,DAI,5,DeFiLlama,74421842.0
2020-01-07 00:00:00+00:00,DAI,5,DeFiLlama,78187290.0
2020-01-08 00:00:00+00:00,DAI,5,DeFiLlama,81230895.0
2020-01-09 00:00:00+00:00,DAI,5,DeFiLlama,82077659.0
2020-01-10 00:00:00+00:00,DAI,5,DeFiLlama,82132761.0
2020-01-11 00:00:00+00:00,DAI,5,DeFiLlama,83684036.0
2020-01-12 00:00:00+00:00,DAI,5,DeFiLlama,83455614.0
2020-01-13 00:00:00+00:00,DAI,5,DeFiLlama,84818393.0
2020-01-14 00:00:00+00:00,DAI,5,DeFiLlama,85859881.0
2020-01-15 00:00:00+00:00,DAI,5,DeFiLlama,87656153.0
2020-01-16 00:00:00+00:00,DAI,5,DeFiLlama,88036974.0
2020-01-17 00:00:00+00:00,DAI,5,DeFiLlama,89602275.0
2020-01-18 00:00:00+00:00,DAI,5,DeFiLlama,94854892.0
2020-01-19 00:00:00+00:00,DAI,5,DeFiLlama,96158714.0
2020-01-20 00:00:00+00:00,DAI,5,DeFiLlama,97050199.0
2020-01-21 00:00:00+00:00,DAI,5,DeFiLlama,97618141.0
2020-01-22 00:00:00+00:00,DAI,5,DeFiLlama,99095429.0
2020-01-23 00:00:00+00:00,DAI,5,DeFiLlama,100399040.0
2020-01-24 00:00:00+00:00,DAI,5,DeFiLlama,101071130.0
2020-01-25 00:00:00+00:00,DAI,5,DeFiLlama,101648378.0
2020-01-26 00:00:00+00:00,DAI,5,DeFiLlama,102021715.0
2020-01-27 00:00:00+00:00,DAI,5,DeFiLlama,103009153.0
2020-01-28 00:00:00+00:00,DAI,5,DeFiLlama,103974775.0
2020-01-29 00:00:00+00:00,DAI,5,DeFiLlama,106340724.0
2020-01-30 00:00:00+00:00,DAI,5,DeFiLlama,106189755.0
2020-01-31 00:00:00+00:00,DAI,5,DeFiLlama,107751498.0
2020-02-01 00:00:00+00:00,DAI,5,DeFiLlama,107548116.0
2020-02-02 00:00:00+00:00,DAI,5,DeFiLlama,107871690.0
2020-02-03 00:00:00+00:00,DAI,5,DeFiLlama,107169367.0
2020-02-04 00:00:00+00:00,DAI,5,DeFiLlama,108125840.0
2020-02-05 00:00:00+00:00,DAI,5,DeFiLlama,110939511.0
2020-02-06 00:00:00+00:00,DAI,5,DeFiLlama,111878570.0
2020-02-07 00:00:00+00:00,DAI,5,DeFiLlama,112836264.0
2020-02-08 00:00:00+00:00,DAI,5,DeFiLlama,114227303.0
2020-02-09 00:00:00+00:00,DAI,5,DeFiLlama,114339537.0
2020-02-10 00:00:00+00:00,DAI,5,DeFiLlama,116085855.0
2020-02-11 00:00:00+00:00,DAI,5,DeFiLlama,116273876.0
2020-02-12 00:00:00+00:00,DAI,5,DeFiLlama,117210434.0
2020-02-13 00:00:00+00:00,DAI,5,DeFiLlama,118741398.0
2020-02-14 00:00:00+00:00,DAI,5,DeFiLlama,122370961.0
2020-02-15 00:00:00+00:00,DAI,5,DeFiLlama,123783067.0
2020-02-16 00:00:00+00:00,DAI,5,DeFiLlama,124947086.0
2020-02-17 00:00:00+00:00,DAI,5,DeFiLlama,127050565.0
2020-02-18 00:00:00+00:00,DAI,5,DeFiLlama,126337809.0
2020-02-19 00:00:00+00:00,DAI,5,DeFiLlama,122119394.0
2020-02-20 00:00:00+00:00,DAI,5,DeFiLlama,119993420.0
2020-02-21 00:00:00+00:00,DAI,5,DeFiLlama,120505816.0
2020-02-22 00:00:00+00:00,DAI,5,DeFiLlama,121183394.0
2020-02-23 00:00:00+00:00,DAI,5,DeFiLlama,120510876.0
2020-02-24 00:00:00+00:00,DAI,5,DeFiLlama,121782054.0
2020-02-25 00:00:00+00:00,DAI,5,DeFiLlama,122742306.0
2020-02-26 00:00:00+00:00,DAI,5,DeFiLlama,124863023.0
2020-02-27 00:00:00+00:00,DAI,5,DeFiLlama,123339776.0
2020-02-28 00:00:00+00:00,DAI,5,DeFiLlama,123285393.0
2020-02-29 00:00:00+00:00,DAI,5,DeFiLlama,120871643.0
2020-03-01 00:00:00+00:00,DAI,5,DeFiLlama,120118338.0
2020-03-02 00:00:00+00:00,DAI,5,DeFiLlama,119404504.0
2020-03-03 00:00:00+00:00,DAI,5,DeFiLlama,118099363.0
2020-03-04 00:00:00+00:00,DAI,5,DeFiLlama,118565489.0
2020-03-05 00:00:00+00:00,DAI,5,DeFiLlama,118594178.0
2020-03-06 00:00:00+00:00,DAI,5,DeFiLlama,118458438.0
2020-03-07 00:00:00+00:00,DAI,5,DeFiLlama,122100841.0
2020-03-08 00:00:00+00:00,DAI,5,DeFiLlama,122644734.0
2020-03-09 00:00:00+00:00,DAI,5,DeFiLlama,121415657.0
2020-03-10 00:00:00+00:00,DAI,5,DeFiLlama,121129701.0
2020-03-11 00:00:00+00:00,DAI,5,DeFiLlama,120013691.0
2020-03-12 00:00:00+00:00,DAI,5,DeFiLlama,121180803.0
2020-03-13 00:00:00+00:00,DAI,5,DeFiLlama,114128677.0
2020-03-14 00:00:00+00:00,DAI,5,DeFiLlama,100295774.0
2020-03-15 00:00:00+00:00,DAI,5,DeFiLlama,97788682.0
2020-03-16 00:00:00+00:00,DAI,5,DeFiLlama,99865386.0
2020-03-17 00:00:00+00:00,DAI,5,DeFiLlama,95386838.0
2020-03-18 00:00:00+00:00,DAI,5,DeFiLlama,92907409.0
2020-03-19 00:00:00+00:00,DAI,5,DeFiLlama,95640039.0
2020-03-20 00:00:00+00:00,DAI,5,DeFiLlama,82784515.0
2020-03-21 00:00:00+00:00,DAI,5,DeFiLlama,85727435.0
2020-03-22 00:00:00+00:00,DAI,5,DeFiLlama,84716893.0
2020-03-23 00:00:00+00:00,DAI,5,DeFiLlama,83602998.0
2020-03-24 00:00:00+00:00,DAI,5,DeFiLlama,83842667.0
2020-03-25 00:00:00+00:00,DAI,5,DeFiLlama,84431266.0
2020-03-26 00:00:00+00:00,DAI,5,DeFiLlama,83434232.0
2020-03-27 00:00:00+00:00,DAI,5,DeFiLlama,84160738.0
2020-03-28 00:00:00+00:00,DAI,5,DeFiLlama,82915942.0
2020-03-29 00:00:00+00:00,DAI,5,DeFiLlama,84140503.0
2020-03-30 00:00:00+00:00,DAI,5,DeFiLlama,84001331.0
2020-03-31 00:00:00+00:00,DAI,5,DeFiLlama,83368075.0
2020-04-01 00:00:00+00:00,DAI,5,DeFiLlama,84965190.0
2020-04-02 00:00:00+00:00,DAI,5,DeFiLlama,85741163.0
2020-04-03 00:00:00+00:00,DAI,5,DeFiLlama,87545866.0
2020-04-04 00:00:00+00:00,DAI,5,DeFiLlama,88109800.0
2020-04-05 00:00:00+00:00,DAI,5,DeFiLlama,88172124.0
2020-04-06 00:00:00+00:00,DAI,5,DeFiLlama,87884746.0
2020-04-07 00:00:00+00:00,DAI,5,DeFiLlama,88211601.0
2020-04-08 00:00:00+00:00,DAI,5,DeFiLlama,83103278.0
2020-04-09 00:00:00+00:00,DAI,5,DeFiLlama,81551580.0
2020-04-10 00:00:00+00:00,DAI,5,DeFiLlama,82155135.0
2020-04-11 00:00:00+00:00,DAI,5,DeFiLlama,81763842.0
2020-04-12 00:00:00+00:00,DAI,5,DeFiLlama,82651661.0
2020-04-13 00:00:00+00:00,DAI,5,DeFiLlama,81936383.0
2020-04-14 00:00:00+00:00,DAI,5,DeFiLlama,82279435.0
2020-04-15 00:00:00+00:00,DAI,5,DeFiLlama,82320535.0
2020-04-16 00:00:00+00:00,DAI,5,DeFiLlama,82794885.0
2020-04-17 00:00:00+00:00,DAI,5,DeFiLlama,83461652.0
2020-04-18 00:00:00+00:00,DAI,5,DeFiLlama,83291426.0
2020-04-19 00:00:00+00:00,DAI,5,DeFiLlama,85458698.0
2020-04-20 00:00:00+00:00,DAI,5,DeFiLlama,88771707.0
2020-04-21 00:00:00+00:00,DAI,5,DeFiLlama,90053056.0
2020-04-22 00:00:00+00:00,DAI,5,DeFiLlama,90828370.0
2020-04-23 00:00:00+00:00,DAI,5,DeFiLlama,91463919.0
2020-04-24 00:00:00+00:00,DAI,5,DeFiLlama,94762881.0
2020-04-25 00:00:00+00:00,DAI,5,DeFiLlama,96895234.0
2020-04-26 00:00:00+00:00,DAI,5,DeFiLlama,97573173.0
2020-04-27 00:00:00+00:00,DAI,5,DeFiLlama,98348914.0
2020-04-28 00:00:00+00:00,DAI,5,DeFiLlama,98611755.0
2020-04-29 00:00:00+00:00,DAI,5,DeFiLlama,98792857.0
2020-04-30 00:00:00+00:00,DAI,5,DeFiLlama,101449055.0
2020-05-01 00:00:00+00:00,DAI,5,DeFiLlama,102182573.0
2020-05-02 00:00:00+00:00,DAI,5,DeFiLlama,100785708.0
2020-05-03 00:00:00+00:00,DAI,5,DeFiLlama,109463408.0
2020-05-04 00:00:00+00:00,DAI,5,DeFiLlama,112313754.0
2020-05-05 00:00:00+00:00,DAI,5,DeFiLlama,112367585.0
2020-05-06 00:00:00+00:00,DAI,5,DeFiLlama,112841867.0
2020-05-07 00:00:00+00:00,DAI,5,DeFiLlama,112763160.0
2020-05-08 00:00:00+00:00,DAI,5,DeFiLlama,112350250.0
2020-05-09 00:00:00+00:00,DAI,5,DeFiLlama,112234524.0
2020-05-10 00:00:00+00:00,DAI,5,DeFiLlama,113183992.0
2020-05-11 00:00:00+00:00,DAI,5,DeFiLlama,110771532.0
2020-05-12 00:00:00+00:00,DAI,5,DeFiLlama,110153017.0
2020-05-13 00:00:00+00:00,DAI,5,DeFiLlama,109525570.0
2020-05-14 00:00:00+00:00,DAI,5,DeFiLlama,108944239.0
2020-05-15 00:00:00+00:00,DAI,5,DeFiLlama,110207093.0
2020-05-16 00:00:00+00:00,DAI,5,DeFiLlama,110757148.0
2020-05-17 00:00:00+00:00,DAI,5,DeFiLlama,111449062.0
2020-05-18 00:00:00+00:00,DAI,5,DeFiLlama,112267155.0
2020-05-19 00:00:00+00:00,DAI,5,DeFiLlama,114963765.0
2020-05-20 00:00:00+00:00,DAI,5,DeFiLlama,115271262.0
2020-05-21 00:00:00+00:00,DAI,5,DeFiLlama,120636456.0
2020-05-22 00:00:00+00:00,DAI,5,DeFiLlama,119737650.0
2020-05-23 00:00:00+00:00,DAI,5,DeFiLlama,124635779.0
2020-05-24 00:00:00+00:00,DAI,5,DeFiLlama,121850365.0
2020-05-25 00:00:00+00:00,DAI,5,DeFiLlama,121733080.0
2020-05-26 00:00:00+00:00,DAI,5,DeFiLlama,121773266.0
2020-05-27 00:00:00+00:00,DAI,5,DeFiLlama,121036235.0
2020-05-28 00:00:00+00:00,DAI,5,DeFiLlama,121164224.0
2020-05-29 00:00:00+00:00,DAI,5,DeFiLlama,121350997.0
2020-05-30 00:00:00+00:00,DAI,5,DeFiLlama,122868739.0
2020-05-31 00:00:00+00:00,DAI,5,DeFiLlama,126690796.0
2020-06-01 00:00:00+00:00,DAI,5,DeFiLlama,130710991.0
2020-06-02 00:00:00+00:00,DAI,5,DeFiLlama,126538927.0
2020-06-03 00:00:00+00:00,DAI,5,DeFiLlama,122352038.0
2020-06-04 00:00:00+00:00,DAI,5,DeFiLlama,132970144.0
2020-06-05 00:00:00+00:00,DAI,5,DeFiLlama,132823161.0
2020-06-06 00:00:00+00:00,DAI,5,DeFiLlama,133174091.0
2020-06-07 00:00:00+00:00,DAI,5,DeFiLlama,133014140.0
2020-06-08 00:00:00+00:00,DAI,5,DeFiLlama,136126854.0
2020-06-09 00:00:00+00:00,DAI,5,DeFiLlama,135940494.0
2020-06-10 00:00:00+00:00,DAI,5,DeFiLlama,121843868.0
2020-06-11 00:00:00+00:00,DAI,5,DeFiLlama,122117235.0
2020-06-12 00:00:00+00:00,DAI,5,DeFiLlama,126460034.0
2020-06-13 00:00:00+00:00,DAI,5,DeFiLlama,124480064.0
2020-06-14 00:00:00+00:00,DAI,5,DeFiLlama,124372430.0
2020-06-15 00:00:00+00:00,DAI,5,DeFiLlama,120340264.0
2020-06-16 00:00:00+00:00,DAI,5,DeFiLlama,116836767.0
2020-06-17 00:00:00+00:00,DAI,5,DeFiLlama,118005454.0
2020-06-18 00:00:00+00:00,DAI,5,DeFiLlama,119663758.0
2020-06-19 00:00:00+00:00,DAI,5,DeFiLlama,120976629.0
2020-06-20 00:00:00+00:00,DAI,5,DeFiLlama,125547195.0
2020-06-21 00:00:00+00:00,DAI,5,DeFiLlama,127014229.0
2020-06-22 00:00:00+00:00,DAI,5,DeFiLlama,126535862.0
2020-06-23 00:00:00+00:00,DAI,5,DeFiLlama,131399660.0
2020-06-24 00:00:00+00:00,DAI,5,DeFiLlama,128590515.0
2020-06-25 00:00:00+00:00,DAI,5,DeFiLlama,130386130.0
2020-06-26 00:00:00+00:00,DAI,5,DeFiLlama,129280818.0
2020-06-27 00:00:00+00:00,DAI,5,DeFiLlama,129979332.0
2020-06-28 00:00:00+00:00,DAI,5,DeFiLlama,130624851.0
2020-06-29 00:00:00+00:00,DAI,5,DeFiLlama,129905296.0
2020-06-30 00:00:00+00:00,DAI,5,DeFiLlama,129807545.0
2020-07-01 00:00:00+00:00,DAI,5,DeFiLlama,130140519.0
2020-07-02 00:00:00+00:00,DAI,5,DeFiLlama,148676763.0
2020-07-03 00:00:00+00:00,DAI,5,DeFiLlama,149821315.0
2020-07-04 00:00:00+00:00,DAI,5,DeFiLlama,165680700.0
2020-07-05 00:00:00+00:00,DAI,5,DeFiLlama,171604823.0
2020-07-06 00:00:00+00:00,DAI,5,DeFiLlama,177405114.0
2020-07-07 00:00:00+00:00,DAI,5,DeFiLlama,182913741.0
2020-07-08 00:00:00+00:00,DAI,5,DeFiLlama,187733970.0
2020-07-09 00:00:00+00:00,DAI,5,DeFiLlama,189928275.0
2020-07-10 00:00:00+00:00,DAI,5,DeFiLlama,190586016.0
2020-07-11 00:00:00+00:00,DAI,5,DeFiLlama,193284026.0
2020-07-12 00:00:00+00:00,DAI,5,DeFiLlama,202202700.0
2020-07-13 00:00:00+00:00,DAI,5,DeFiLlama,195320088.0
2020-07-14 00:00:00+00:00,DAI,5,DeFiLlama,199704772.0
2020-07-15 00:00:00+00:00,DAI,5,DeFiLlama,200248916.0
2020-07-16 00:00:00+00:00,DAI,5,DeFiLlama,201806449.0
2020-07-17 00:00:00+00:00,DAI,5,DeFiLlama,202821631.0
2020-07-18 00:00:00+00:00,DAI,5,DeFiLlama,211275060.0
2020-07-19 00:00:00+00:00,DAI,5,DeFiLlama,213070768.0
2020-07-20 00:00:00+00:00,DAI,5,DeFiLlama,222125654.0
2020-07-21 00:00:00+00:00,DAI,5,DeFiLlama,221518262.0
2020-07-22 00:00:00+00:00,DAI,5,DeFiLlama,223731346.0
2020-07-23 00:00:00+00:00,DAI,5,DeFiLlama,225354656.0
2020-07-24 00:00:00+00:00,DAI,5,DeFiLlama,261894525.0
2020-07-25 00:00:00+00:00,DAI,5,DeFiLlama,286350746.0
2020-07-26 00:00:00+00:00,DAI,5,DeFiLlama,255528228.0
2020-07-27 00:00:00+00:00,DAI,5,DeFiLlama,278154764.0
2020-07-28 00:00:00+00:00,DAI,5,DeFiLlama,288561183.0
2020-07-29 00:00:00+00:00,DAI,5,DeFiLlama,302727109.0
2020-07-30 00:00:00+00:00,DAI,5,DeFiLlama,331555160.0
2020-07-31 00:00:00+00:00,DAI,5,DeFiLlama,348897471.0
2020-08-01 00:00:00+00:00,DAI,5,DeFiLlama,372141766.0
2020-08-02 00:00:00+00:00,DAI,5,DeFiLlama,370545198.0
2020-08-03 00:00:00+00:00,DAI,5,DeFiLlama,371461028.0
2020-08-04 00:00:00+00:00,DAI,5,DeFiLlama,387035165.0
2020-08-05 00:00:00+00:00,DAI,5,DeFiLlama,388306136.0
2020-08-06 00:00:00+00:00,DAI,5,DeFiLlama,391202000.0
2020-08-07 00:00:00+00:00,DAI,5,DeFiLlama,382340636.0
2020-08-08 00:00:00+00:00,DAI,5,DeFiLlama,386249308.0
2020-08-09 00:00:00+00:00,DAI,5,DeFiLlama,385634436.0
2020-08-10 00:00:00+00:00,DAI,5,DeFiLlama,385096311.0
2020-08-11 00:00:00+00:00,DAI,5,DeFiLlama,426179293.0
2020-08-12 00:00:00+00:00,DAI,5,DeFiLlama,430204807.0
2020-08-13 00:00:00+00:00,DAI,5,DeFiLlama,427365277.0
2020-08-14 00:00:00+00:00,DAI,5,DeFiLlama,437779980.0
2020-08-15 00:00:00+00:00,DAI,5,DeFiLlama,417427263.0
2020-08-16 00:00:00+00:00,DAI,5,DeFiLlama,417701886.0
2020-08-17 00:00:00+00:00,DAI,5,DeFiLlama,425493738.0
2020-08-18 00:00:00+00:00,DAI,5,DeFiLlama,431465133.0
2020-08-19 00:00:00+00:00,DAI,5,DeFiLlama,430071696.0
2020-08-20 00:00:00+00:00,DAI,5,DeFiLlama,424740409.0
2020-08-21 00:00:00+00:00,DAI,5,DeFiLlama,435251752.0
2020-08-22 00:00:00+00:00,DAI,5,DeFiLlama,437841597.0
2020-08-23 00:00:00+00:00,DAI,5,DeFiLlama,445430345.0
2020-08-24 00:00:00+00:00,DAI,5,DeFiLlama,447321886.0
2020-08-25 00:00:00+00:00,DAI,5,DeFiLlama,451375853.0
2020-08-26 00:00:00+00:00,DAI,5,DeFiLlama,452600692.0
2020-08-27 00:00:00+00:00,DAI,5,DeFiLlama,454996658.0
2020-08-28 00:00:00+00:00,DAI,5,DeFiLlama,452364965.0
2020-08-29 00:00:00+00:00,DAI,5,DeFiLlama,451910933.0
2020-08-30 00:00:00+00:00,DAI,5,DeFiLlama,444614296.0
2020-08-31 00:00:00+00:00,DAI,5,DeFiLlama,450680574.0
2020-09-01 00:00:00+00:00,DAI,5,DeFiLlama,447604254.0
2020-09-02 00:00:00+00:00,DAI,5,DeFiLlama,470307379.0
2020-09-03 00:00:00+00:00,DAI,5,DeFiLlama,495560969.0
2020-09-04 00:00:00+00:00,DAI,5,DeFiLlama,522297349.0
2020-09-05 00:00:00+00:00,DAI,5,DeFiLlama,469043668.0
2020-09-06 00:00:00+00:00,DAI,5,DeFiLlama,444356662.0
2020-09-07 00:00:00+00:00,DAI,5,DeFiLlama,433984373.0
2020-09-08 00:00:00+00:00,DAI,5,DeFiLlama,440835160.0
2020-09-09 00:00:00+00:00,DAI,5,DeFiLlama,441925907.0
2020-09-10 00:00:00+00:00,DAI,5,DeFiLlama,440345630.0
2020-09-11 00:00:00+00:00,DAI,5,DeFiLlama,464391716.0
2020-09-12 00:00:00+00:00,DAI,5,DeFiLlama,469264463.0
2020-09-13 00:00:00+00:00,DAI,5,DeFiLlama,475720128.0
2020-09-14 00:00:00+00:00,DAI,5,DeFiLlama,475785471.0
2020-09-15 00:00:00+00:00,DAI,5,DeFiLlama,545048322.0
2020-09-16 00:00:00+00:00,DAI,5,DeFiLlama,616733012.0
2020-09-17 00:00:00+00:00,DAI,5,DeFiLlama,578465062.0
2020-09-18 00:00:00+00:00,DAI,5,DeFiLlama,641192521.0
2020-09-19 00:00:00+00:00,DAI,5,DeFiLlama,699553235.0
2020-09-20 00:00:00+00:00,DAI,5,DeFiLlama,789579139.0
2020-09-21 00:00:00+00:00,DAI,5,DeFiLlama,811325564.0
2020-09-22 00:00:00+00:00,DAI,5,DeFiLlama,839543627.0
2020-09-23 00:00:00+00:00,DAI,5,DeFiLlama,854592764.0
2020-09-24 00:00:00+00:00,DAI,5,DeFiLlama,899141951.0
2020-09-25 00:00:00+00:00,DAI,5,DeFiLlama,909752561.0
2020-09-26 00:00:00+00:00,DAI,5,DeFiLlama,908808664.0
2020-09-27 00:00:00+00:00,DAI,5,DeFiLlama,930888453.0
2020-09-28 00:00:00+00:00,DAI,5,DeFiLlama,930018705.0
2020-09-29 00:00:00+00:00,DAI,5,DeFiLlama,916135768.0
2020-09-30 00:00:00+00:00,DAI,5,DeFiLlama,916278893.0
2020-10-01 00:00:00+00:00,DAI,5,DeFiLlama,908866529.0
2020-10-02 00:00:00+00:00,DAI,5,DeFiLlama,883534168.0
2020-10-03 00:00:00+00:00,DAI,5,DeFiLlama,883150796.0
2020-10-04 00:00:00+00:00,DAI,5,DeFiLlama,876765191.0
2020-10-05 00:00:00+00:00,DAI,5,DeFiLlama,874519766.0
2020-10-06 00:00:00+00:00,DAI,5,DeFiLlama,872690277.0
2020-10-07 00:00:00+00:00,DAI,5,DeFiLlama,883657709.0
2020-10-08 00:00:00+00:00,DAI,5,DeFiLlama,878325365.0
2020-10-09 00:00:00+00:00,DAI,5,DeFiLlama,881447776.0
2020-10-10 00:00:00+00:00,DAI,5,DeFiLlama,899383722.0
2020-10-11 00:00:00+00:00,DAI,5,DeFiLlama,906397096.0
2020-10-12 00:00:00+00:00,DAI,5,DeFiLlama,920156952.0
2020-10-13 00:00:00+00:00,DAI,5,DeFiLlama,922575821.0
2020-10-14 00:00:00+00:00,DAI,5,DeFiLlama,943970938.0
2020-10-15 00:00:00+00:00,DAI,5,DeFiLlama,923797505.0
2020-10-16 00:00:00+00:00,DAI,5,DeFiLlama,920413739.0
2020-10-17 00:00:00+00:00,DAI,5,DeFiLlama,918398281.0
2020-10-18 00:00:00+00:00,DAI,5,DeFiLlama,914991672.0
2020-10-19 00:00:00+00:00,DAI,5,DeFiLlama,916478077.0
2020-10-20 00:00:00+00:00,DAI,5,DeFiLlama,912747435.0
2020-10-21 00:00:00+00:00,DAI,5,DeFiLlama,918934403.0
2020-10-22 00:00:00+00:00,DAI,5,DeFiLlama,929349453.0
2020-10-23 00:00:00+00:00,DAI,5,DeFiLlama,924254960.0
2020-10-24 00:00:00+00:00,DAI,5,DeFiLlama,948043781.0
2020-10-25 00:00:00+00:00,DAI,5,DeFiLlama,944610848.0
2020-10-26 00:00:00+00:00,DAI,5,DeFiLlama,945746724.0
2020-10-27 00:00:00+00:00,DAI,5,DeFiLlama,940671794.0
2020-10-28 00:00:00+00:00,DAI,5,DeFiLlama,955120549.0
2020-10-29 00:00:00+00:00,DAI,5,DeFiLlama,953459416.0
2020-10-30 00:00:00+00:00,DAI,5,DeFiLlama,948919779.0
2020-10-31 00:00:00+00:00,DAI,5,DeFiLlama,937306713.0
2020-11-01 00:00:00+00:00,DAI,5,DeFiLlama,938969250.0
2020-11-02 00:00:00+00:00,DAI,5,DeFiLlama,949507290.0
2020-11-03 00:00:00+00:00,DAI,5,DeFiLlama,958296415.0
2020-11-04 00:00:00+00:00,DAI,5,DeFiLlama,964519621.0
2020-11-05 00:00:00+00:00,DAI,5,DeFiLlama,954770300.0
2020-11-06 00:00:00+00:00,DAI,5,DeFiLlama,958879204.0
2020-11-07 00:00:00+00:00,DAI,5,DeFiLlama,964808616.0
2020-11-08 00:00:00+00:00,DAI,5,DeFiLlama,966059699.0
2020-11-09 00:00:00+00:00,DAI,5,DeFiLlama,964492450.0
2020-11-10 00:00:00+00:00,DAI,5,DeFiLlama,969113411.0
2020-11-11 00:00:00+00:00,DAI,5,DeFiLlama,976097179.0
2020-11-12 00:00:00+00:00,DAI,5,DeFiLlama,1005024686.0
2020-11-13 00:00:00+00:00,DAI,5,DeFiLlama,1002144704.0
2020-11-14 00:00:00+00:00,DAI,5,DeFiLlama,1009150838.0
2020-11-15 00:00:00+00:00,DAI,5,DeFiLlama,1013162601.0
2020-11-16 00:00:00+00:00,DAI,5,DeFiLlama,1022288308.0
2020-11-17 00:00:00+00:00,DAI,5,DeFiLlama,1020475678.0
2020-11-18 00:00:00+00:00,DAI,5,DeFiLlama,1020527927.0
2020-11-19 00:00:00+00:00,DAI,5,DeFiLlama,1007843185.0
2020-11-20 00:00:00+00:00,DAI,5,DeFiLlama,999230013.0
2020-11-21 00:00:00+00:00,DAI,5,DeFiLlama,1008239273.0
2020-11-22 00:00:00+00:00,DAI,5,DeFiLlama,1025779710.0
2020-11-23 00:00:00+00:00,DAI,5,DeFiLlama,1023446101.0
2020-11-24 00:00:00+00:00,DAI,5,DeFiLlama,1026330185.0
2020-11-25 00:00:00+00:00,DAI,5,DeFiLlama,1044757478.0
2020-11-26 00:00:00+00:00,DAI,5,DeFiLlama,1051403082.0
2020-11-27 00:00:00+00:00,DAI,5,DeFiLlama,1022887946.0
2020-11-28 00:00:00+00:00,DAI,5,DeFiLlama,1022737415.0
2020-11-29 00:00:00+00:00,DAI,5,DeFiLlama,1023105026.0
2020-11-30 00:00:00+00:00,DAI,5,DeFiLlama,1037142270.0
2020-12-01 00:00:00+00:00,DAI,5,DeFiLlama,1057638274.0
2020-12-02 00:00:00+00:00,DAI,5,DeFiLlama,1065077300.0
2020-12-03 00:00:00+00:00,DAI,5,DeFiLlama,1079632767.0
2020-12-04 00:00:00+00:00,DAI,5,DeFiLlama,1087020196.0
2020-12-05 00:00:00+00:00,DAI,5,DeFiLlama,1073986486.0
2020-12-06 00:00:00+00:00,DAI,5,DeFiLlama,1076928696.0
2020-12-07 00:00:00+00:00,DAI,5,DeFiLlama,1084680424.0
2020-12-08 00:00:00+00:00,DAI,5,DeFiLlama,1079861200.0
2020-12-09 00:00:00+00:00,DAI,5,DeFiLlama,1075311243.0
2020-12-10 00:00:00+00:00,DAI,5,DeFiLlama,1089729538.0
2020-12-11 00:00:00+00:00,DAI,5,DeFiLlama,1088682975.0
2020-12-12 00:00:00+00:00,DAI,5,DeFiLlama,1071790394.0
2020-12-13 00:00:00+00:00,DAI,5,DeFiLlama,1101589123.0
2020-12-14 00:00:00+00:00,DAI,5,DeFiLlama,1100946513.0
2020-12-15 00:00:00+00:00,DAI,5,DeFiLlama,1101937398.0
2020-12-16 00:00:00+00:00,DAI,5,DeFiLlama,1104101786.0
2020-12-17 00:00:00+00:00,DAI,5,DeFiLlama,1121199570.0
2020-12-18 00:00:00+00:00,DAI,5,DeFiLlama,1131130877.0
2020-12-19 00:00:00+00:00,DAI,5,DeFiLlama,1130675835.0
2020-12-20 00:00:00+00:00,DAI,5,DeFiLlama,1141511703.0
2020-12-21 00:00:00+00:00,DAI,5,DeFiLlama,1130820477.0
2020-12-22 00:00:00+00:00,DAI,5,DeFiLlama,1132154957.0
2020-12-23 00:00:00+00:00,DAI,5,DeFiLlama,1129618652.0
2020-12-24 00:00:00+00:00,DAI,5,DeFiLlama,1127322383.0
2020-12-25 00:00:00+00:00,DAI,5,DeFiLlama,1122960646.0
2020-12-26 00:00:00+00:00,DAI,5,DeFiLlama,1123976736.0
2020-12-27 00:00:00+00:00,DAI,5,DeFiLlama,1133939764.0
2020-12-28 00:00:00+00:00,DAI,5,DeFiLlama,1113523544.0
2020-12-29 00:00:00+00:00,DAI,5,DeFiLlama,1138456650.0
2020-12-30 00:00:00+00:00,DAI,5,DeFiLlama,1144176580.0
2020-12-31 00:00:00+00:00,DAI,5,DeFiLlama,1163432052.0
2021-01-01 00:00:00+00:00,DAI,5,DeFiLlama,1171863295.0
2021-01-02 00:00:00+00:00,DAI,5,DeFiLlama,1211255245.0
2021-01-03 00:00:00+00:00,DAI,5,DeFiLlama,1190886948.0
2021-01-04 00:00:00+00:00,DAI,5,DeFiLlama,1246962948.0
2021-01-05 00:00:00+00:00,DAI,5,DeFiLlama,1316197669.0
2021-01-06 00:00:00+00:00,DAI,5,DeFiLlama,1321116427.0
2021-01-07 00:00:00+00:00,DAI,5,DeFiLlama,1321837021.0
2021-01-08 00:00:00+00:00,DAI,5,DeFiLlama,1364250980.0
2021-01-09 00:00:00+00:00,DAI,5,DeFiLlama,1389146800.0
2021-01-10 00:00:00+00:00,DAI,5,DeFiLlama,1423214186.0
2021-01-11 00:00:00+00:00,DAI,5,DeFiLlama,1430540828.0
2021-01-12 00:00:00+00:00,DAI,5,DeFiLlama,1387192726.0
2021-01-13 00:00:00+00:00,DAI,5,DeFiLlama,1372718015.0
2021-01-14 00:00:00+00:00,DAI,5,DeFiLlama,1370803376.0
2021-01-15 00:00:00+00:00,DAI,5,DeFiLlama,1410423989.0
2021-01-16 00:00:00+00:00,DAI,5,DeFiLlama,1290936327.0
2021-01-17 00:00:00+00:00,DAI,5,DeFiLlama,1371734223.0
2021-01-18 00:00:00+00:00,DAI,5,DeFiLlama,1382628296.0
2021-01-19 00:00:00+00:00,DAI,5,DeFiLlama,1405871031.0
2021-01-20 00:00:00+00:00,DAI,5,DeFiLlama,1402680028.0
2021-01-21 00:00:00+00:00,DAI,5,DeFiLlama,1406048494.0
2021-01-22 00:00:00+00:00,DAI,5,DeFiLlama,1413715947.0
2021-01-23 00:00:00+00:00,DAI,5,DeFiLlama,1444844741.0
2021-01-24 00:00:00+00:00,DAI,5,DeFiLlama,1460449760.0
2021-01-25 00:00:00+00:00,DAI,5,DeFiLlama,1534181164.0
2021-01-26 00:00:00+00:00,DAI,5,DeFiLlama,1578048346.0
2021-01-27 00:00:00+00:00,DAI,5,DeFiLlama,1597192174.0
2021-01-28 00:00:00+00:00,DAI,5,DeFiLlama,1606180757.0
2021-01-29 00:00:00+00:00,DAI,5,DeFiLlama,1611309685.0
2021-01-30 00:00:00+00:00,DAI,5,DeFiLlama,1617455574.0
2021-01-31 00:00:00+00:00,DAI,5,DeFiLlama,1641083686.0
2021-02-01 00:00:00+00:00,DAI,5,DeFiLlama,1645988631.0
2021-02-02 00:00:00+00:00,DAI,5,DeFiLlama,1653417558.0
2021-02-03 00:00:00+00:00,DAI,5,DeFiLlama,1707471465.0
2021-02-04 00:00:00+00:00,DAI,5,DeFiLlama,1734477987.0
2021-02-05 00:00:00+00:00,DAI,5,DeFiLlama,1771406695.0
2021-02-06 00:00:00+00:00,DAI,5,DeFiLlama,1821269558.0
2021-02-07 00:00:00+00:00,DAI,5,DeFiLlama,1824328688.0
2021-02-08 00:00:00+00:00,DAI,5,DeFiLlama,1802559329.0
2021-02-09 00:00:00+00:00,DAI,5,DeFiLlama,1890854875.0
2021-02-10 00:00:00+00:00,DAI,5,DeFiLlama,1946119847.0
2021-02-11 00:00:00+00:00,DAI,5,DeFiLlama,1966146430.0
2021-02-12 00:00:00+00:00,DAI,5,DeFiLlama,2030249061.0
2021-02-13 00:00:00+00:00,DAI,5,DeFiLlama,2043797587.0
2021-02-14 00:00:00+00:00,DAI,5,DeFiLlama,2070099295.0
2021-02-15 00:00:00+00:00,DAI,5,DeFiLlama,2065816774.0
2021-02-16 00:00:00+00:00,DAI,5,DeFiLlama,2123015338.0
2021-02-17 00:00:00+00:00,DAI,5,DeFiLlama,2198863134.0
2021-02-18 00:00:00+00:00,DAI,5,DeFiLlama,2256980635.0
2021-02-19 00:00:00+00:00,DAI,5,DeFiLlama,2303775050.0
2021-02-20 00:00:00+00:00,DAI,5,DeFiLlama,2334463241.0
2021-02-21 00:00:00+00:00,DAI,5,DeFiLlama,2363165485.0
2021-02-22 00:00:00+00:00,DAI,5,DeFiLlama,2394152758.0
2021-02-23 00:00:00+00:00,DAI,5,DeFiLlama,2377223790.0
2021-02-24 00:00:00+00:00,DAI,5,DeFiLlama,2319478958.0
2021-02-25 00:00:00+00:00,DAI,5,DeFiLlama,2347930764.0
2021-02-26 00:00:00+00:00,DAI,5,DeFiLlama,2329771374.0
2021-02-27 00:00:00+00:00,DAI,5,DeFiLlama,2332530066.0
2021-02-28 00:00:00+00:00,DAI,5,DeFiLlama,2337533163.0
2021-03-01 00:00:00+00:00,DAI,5,DeFiLlama,2367977073.0
2021-03-02 00:00:00+00:00,DAI,5,DeFiLlama,2475703401.0
2021-03-03 00:00:00+00:00,DAI,5,DeFiLlama,2543380615.0
2021-03-04 00:00:00+00:00,DAI,5,DeFiLlama,2530994264.0
2021-03-05 00:00:00+00:00,DAI,5,DeFiLlama,2577028126.0
2021-03-06 00:00:00+00:00,DAI,5,DeFiLlama,2553691992.0
2021-03-07 00:00:00+00:00,DAI,5,DeFiLlama,2589428547.0
2021-03-08 00:00:00+00:00,DAI,5,DeFiLlama,2549801409.0
2021-03-09 00:00:00+00:00,DAI,5,DeFiLlama,2577981720.0
2021-03-10 00:00:00+00:00,DAI,5,DeFiLlama,2644858790.0
2021-03-11 00:00:00+00:00,DAI,5,DeFiLlama,2624886624.0
2021-03-12 00:00:00+00:00,DAI,5,DeFiLlama,2676832108.0
2021-03-13 00:00:00+00:00,DAI,5,DeFiLlama,2730885990.0
2021-03-14 00:00:00+00:00,DAI,5,DeFiLlama,2759945513.0
2021-03-15 00:00:00+00:00,DAI,5,DeFiLlama,2775130202.0
2021-03-16 00:00:00+00:00,DAI,5,DeFiLlama,2786755581.0
2021-03-17 00:00:00+00:00,DAI,5,DeFiLlama,2809283762.0
2021-03-18 00:00:00+00:00,DAI,5,DeFiLlama,2866184439.0
2021-03-19 00:00:00+00:00,DAI,5,DeFiLlama,2886094654.0
2021-03-20 00:00:00+00:00,DAI,5,DeFiLlama,2875924966.0
2021-03-21 00:00:00+00:00,DAI,5,DeFiLlama,2884178227.0
2021-03-22 00:00:00+00:00,DAI,5,DeFiLlama,2901728956.0
2021-03-23 00:00:00+00:00,DAI,5,DeFiLlama,2932929209.0
2021-03-24 00:00:00+00:00,DAI,5,DeFiLlama,2914683204.0
2021-03-25 00:00:00+00:00,DAI,5,DeFiLlama,2921905420.0
2021-03-26 00:00:00+00:00,DAI,5,DeFiLlama,2922121402.0
2021-03-27 00:00:00+00:00,DAI,5,DeFiLlama,2963027012.0
2021-03-28 00:00:00+00:00,DAI,5,DeFiLlama,2983148034.0
2021-03-29 00:00:00+00:00,DAI,5,DeFiLlama,3001339425.0
2021-03-30 00:00:00+00:00,DAI,5,DeFiLlama,2985424289.0
2021-03-31 00:00:00+00:00,DAI,5,DeFiLlama,3015418315.0
2021-04-01 00:00:00+00:00,DAI,5,DeFiLlama,3009058214.0
2021-04-02 00:00:00+00:00,DAI,5,DeFiLlama,2965693957.0
2021-04-03 00:00:00+00:00,DAI,5,DeFiLlama,3041816263.0
2021-04-04 00:00:00+00:00,DAI,5,DeFiLlama,3059449651.0
2021-04-05 00:00:00+00:00,DAI,5,DeFiLlama,3068950841.0
2021-04-06 00:00:00+00:00,DAI,5,DeFiLlama,3053044121.0
2021-04-07 00:00:00+00:00,DAI,5,DeFiLlama,3063134820.0
2021-04-08 00:00:00+00:00,DAI,5,DeFiLlama,3060346506.0
2021-04-09 00:00:00+00:00,DAI,5,DeFiLlama,3043893446.0
2021-04-10 00:00:00+00:00,DAI,5,DeFiLlama,3042222329.0
2021-04-11 00:00:00+00:00,DAI,5,DeFiLlama,3116123167.0
2021-04-12 00:00:00+00:00,DAI,5,DeFiLlama,3150962372.0
2021-04-13 00:00:00+00:00,DAI,5,DeFiLlama,3132457374.0
2021-04-14 00:00:00+00:00,DAI,5,DeFiLlama,3170787685.0
2021-04-15 00:00:00+00:00,DAI,5,DeFiLlama,3153780269.0
2021-04-16 00:00:00+00:00,DAI,5,DeFiLlama,3202337936.0
2021-04-17 00:00:00+00:00,DAI,5,DeFiLlama,3311859380.0
2021-04-18 00:00:00+00:00,DAI,5,DeFiLlama,3441842084.0
2021-04-19 00:00:00+00:00,DAI,5,DeFiLlama,3434909248.0
2021-04-20 00:00:00+00:00,DAI,5,DeFiLlama,3422151018.0
2021-04-21 00:00:00+00:00,DAI,5,DeFiLlama,3452323301.0
2021-04-22 00:00:00+00:00,DAI,5,DeFiLlama,3415056394.0
2021-04-23 00:00:00+00:00,DAI,5,DeFiLlama,3459979587.0
2021-04-24 00:00:00+00:00,DAI,5,DeFiLlama,3433929762.0
2021-04-25 00:00:00+00:00,DAI,5,DeFiLlama,3442209340.0
2021-04-26 00:00:00+00:00,DAI,5,DeFiLlama,3474358736.0
2021-04-27 00:00:00+00:00,DAI,5,DeFiLlama,3489093584.0
2021-04-28 00:00:00+00:00,DAI,5,DeFiLlama,3549477305.0
2021-04-29 00:00:00+00:00,DAI,5,DeFiLlama,3574406283.0
2021-04-30 00:00:00+00:00,DAI,5,DeFiLlama,3675844571.0
2021-05-01 00:00:00+00:00,DAI,5,DeFiLlama,3655409488.0
2021-05-02 00:00:00+00:00,DAI,5,DeFiLlama,3733226859.0
2021-05-03 00:00:00+00:00,DAI,5,DeFiLlama,3790084918.0
2021-05-04 00:00:00+00:00,DAI,5,DeFiLlama,3907863538.0
2021-05-05 00:00:00+00:00,DAI,5,DeFiLlama,3966103066.0
2021-05-06 00:00:00+00:00,DAI,5,DeFiLlama,4097187073.0
2021-05-07 00:00:00+00:00,DAI,5,DeFiLlama,4291290742.0
2021-05-08 00:00:00+00:00,DAI,5,DeFiLlama,4377104688.0
2021-05-09 00:00:00+00:00,DAI,5,DeFiLlama,4409403251.0
2021-05-10 00:00:00+00:00,DAI,5,DeFiLlama,4503719911.0
2021-05-11 00:00:00+00:00,DAI,5,DeFiLlama,4611498768.0
2021-05-12 00:00:00+00:00,DAI,5,DeFiLlama,4598879830.0
2021-05-13 00:00:00+00:00,DAI,5,DeFiLlama,4639861178.0
2021-05-14 00:00:00+00:00,DAI,5,DeFiLlama,4475700474.0
2021-05-15 00:00:00+00:00,DAI,5,DeFiLlama,4599639652.0
2021-05-16 00:00:00+00:00,DAI,5,DeFiLlama,4617373592.0
2021-05-17 00:00:00+00:00,DAI,5,DeFiLlama,4690120288.0
2021-05-18 00:00:00+00:00,DAI,5,DeFiLlama,4745589592.0
2021-05-19 00:00:00+00:00,DAI,5,DeFiLlama,4754017977.0
2021-05-20 00:00:00+00:00,DAI,5,DeFiLlama,4354595934.0
2021-05-21 00:00:00+00:00,DAI,5,DeFiLlama,4282963740.0
2021-05-22 00:00:00+00:00,DAI,5,DeFiLlama,4247975441.0
2021-05-23 00:00:00+00:00,DAI,5,DeFiLlama,4251385205.0
2021-05-24 00:00:00+00:00,DAI,5,DeFiLlama,4063495461.0
2021-05-25 00:00:00+00:00,DAI,5,DeFiLlama,4229993811.0
2021-05-26 00:00:00+00:00,DAI,5,DeFiLlama,4278807815.0
2021-05-27 00:00:00+00:00,DAI,5,DeFiLlama,4366934468.0
2021-05-28 00:00:00+00:00,DAI,5,DeFiLlama,4397712592.0
2021-05-29 00:00:00+00:00,DAI,5,DeFiLlama,4463432641.0
2021-05-30 00:00:00+00:00,DAI,5,DeFiLlama,4492191084.0
2021-05-31 00:00:00+00:00,DAI,5,DeFiLlama,4439420466.0
2021-06-01 00:00:00+00:00,DAI,5,DeFiLlama,4440035204.0
2021-06-02 00:00:00+00:00,DAI,5,DeFiLlama,4429065688.0
2021-06-03 00:00:00+00:00,DAI,5,DeFiLlama,4420758543.0
2021-06-04 00:00:00+00:00,DAI,5,DeFiLlama,4506032818.0
2021-06-05 00:00:00+00:00,DAI,5,DeFiLlama,4549987953.0
2021-06-06 00:00:00+00:00,DAI,5,DeFiLlama,4560416641.0
2021-06-07 00:00:00+00:00,DAI,5,DeFiLlama,4596626319.0
2021-06-08 00:00:00+00:00,DAI,5,DeFiLlama,4665522494.0
2021-06-09 00:00:00+00:00,DAI,5,DeFiLlama,4670896280.0
2021-06-10 00:00:00+00:00,DAI,5,DeFiLlama,4889409688.0
2021-06-11 00:00:00+00:00,DAI,5,DeFiLlama,4901467206.0
2021-06-12 00:00:00+00:00,DAI,5,DeFiLlama,4995566554.0
2021-06-13 00:00:00+00:00,DAI,5,DeFiLlama,4994659748.0
2021-06-14 00:00:00+00:00,DAI,5,DeFiLlama,4997748597.0
2021-06-15 00:00:00+00:00,DAI,5,DeFiLlama,5034600076.0
2021-06-16 00:00:00+00:00,DAI,5,DeFiLlama,5150469189.0
2021-06-17 00:00:00+00:00,DAI,5,DeFiLlama,5101854573.0
2021-06-18 00:00:00+00:00,DAI,5,DeFiLlama,5017516683.0
2021-06-19 00:00:00+00:00,DAI,5,DeFiLlama,5033584952.0
2021-06-20 00:00:00+00:00,DAI,5,DeFiLlama,5060413659.0
2021-06-21 00:00:00+00:00,DAI,5,DeFiLlama,4989327288.0
2021-06-22 00:00:00+00:00,DAI,5,DeFiLlama,4854151307.0
2021-06-23 00:00:00+00:00,DAI,5,DeFiLlama,4852878798.0
2021-06-24 00:00:00+00:00,DAI,5,DeFiLlama,4920046411.0
2021-06-25 00:00:00+00:00,DAI,5,DeFiLlama,4936818896.0
2021-06-26 00:00:00+00:00,DAI,5,DeFiLlama,4871266669.0
2021-06-27 00:00:00+00:00,DAI,5,DeFiLlama,4948694302.0
2021-06-28 00:00:00+00:00,DAI,5,DeFiLlama,4984304550.0
2021-06-29 00:00:00+00:00,DAI,5,DeFiLlama,4970382236.0
2021-06-30 00:00:00+00:00,DAI,5,DeFiLlama,4960770181.0
2021-07-01 00:00:00+00:00,DAI,5,DeFiLlama,5148779731.0
2021-07-02 00:00:00+00:00,DAI,5,DeFiLlama,5187774048.0
2021-07-03 00:00:00+00:00,DAI,5,DeFiLlama,5224294827.0
2021-07-04 00:00:00+00:00,DAI,5,DeFiLlama,5202228304.0
2021-07-05 00:00:00+00:00,DAI,5,DeFiLlama,5185818505.0
2021-07-06 00:00:00+00:00,DAI,5,DeFiLlama,5268456626.0
2021-07-07 00:00:00+00:00,DAI,5,DeFiLlama,5261811550.0
2021-07-08 00:00:00+00:00,DAI,5,DeFiLlama,5253136789.0
2021-07-09 00:00:00+00:00,DAI,5,DeFiLlama,5257864798.0
2021-07-10 00:00:00+00:00,DAI,5,DeFiLlama,5303978853.0
2021-07-11 00:00:00+00:00,DAI,5,DeFiLlama,5278470454.0
2021-07-12 00:00:00+00:00,DAI,5,DeFiLlama,5303480107.0
2021-07-13 00:00:00+00:00,DAI,5,DeFiLlama,5289329849.0
2021-07-14 00:00:00+00:00,DAI,5,DeFiLlama,5260638895.0
2021-07-15 00:00:00+00:00,DAI,5,DeFiLlama,5275970276.0
2021-07-16 00:00:00+00:00,DAI,5,DeFiLlama,5278257839.0
2021-07-17 00:00:00+00:00,DAI,5,DeFiLlama,5241364318.0
2021-07-18 00:00:00+00:00,DAI,5,DeFiLlama,5274719243.0
2021-07-19 00:00:00+00:00,DAI,5,DeFiLlama,5305676147.0
2021-07-20 00:00:00+00:00,DAI,5,DeFiLlama,5246842863.0
2021-07-21 00:00:00+00:00,DAI,5,DeFiLlama,5223276056.0
2021-07-22 00:00:00+00:00,DAI,5,DeFiLlama,5268474933.0
2021-07-23 00:00:00+00:00,DAI,5,DeFiLlama,5271627111.0
2021-07-24 00:00:00+00:00,DAI,5,DeFiLlama,5308140927.0
2021-07-25 00:00:00+00:00,DAI,5,DeFiLlama,5300497739.0
2021-07-26 00:00:00+00:00,DAI,5,DeFiLlama,5310895371.0
2021-07-27 00:00:00+00:00,DAI,5,DeFiLlama,5302955321.0
2021-07-28 00:00:00+00:00,DAI,5,DeFiLlama,5366337107.0
2021-07-29 00:00:00+00:00,DAI,5,DeFiLlama,5365975261.0
2021-07-30 00:00:00+00:00,DAI,5,DeFiLlama,5413265377.0
2021-07-31 00:00:00+00:00,DAI,5,DeFiLlama,5414644408.0
2021-08-01 00:00:00+00:00,DAI,5,DeFiLlama,5404368825.0
2021-08-02 00:00:00+00:00,DAI,5,DeFiLlama,5419516341.0
2021-08-03 00:00:00+00:00,DAI,5,DeFiLlama,5447520428.0
2021-08-04 00:00:00+00:00,DAI,5,DeFiLlama,5482189984.0
2021-08-05 00:00:00+00:00,DAI,5,DeFiLlama,5388018815.0
2021-08-06 00:00:00+00:00,DAI,5,DeFiLlama,5464170143.0
2021-08-07 00:00:00+00:00,DAI,5,DeFiLlama,5462699334.0
2021-08-08 00:00:00+00:00,DAI,5,DeFiLlama,5496777291.0
2021-08-09 00:00:00+00:00,DAI,5,DeFiLlama,5575573364.0
2021-08-10 00:00:00+00:00,DAI,5,DeFiLlama,5554133295.0
2021-08-11 00:00:00+00:00,DAI,5,DeFiLlama,5578783354.0
2021-08-12 00:00:00+00:00,DAI,5,DeFiLlama,5596521175.0
2021-08-13 00:00:00+00:00,DAI,5,DeFiLlama,5633690530.0
2021-08-14 00:00:00+00:00,DAI,5,DeFiLlama,5681464475.0
2021-08-15 00:00:00+00:00,DAI,5,DeFiLlama,5688625904.0
2021-08-16 00:00:00+00:00,DAI,5,DeFiLlama,5747292216.0
2021-08-17 00:00:00+00:00,DAI,5,DeFiLlama,5743021330.0
2021-08-18 00:00:00+00:00,DAI,5,DeFiLlama,5732451957.0
2021-08-19 00:00:00+00:00,DAI,5,DeFiLlama,5756284307.0
2021-08-20 00:00:00+00:00,DAI,5,DeFiLlama,5796936340.0
2021-08-21 00:00:00+00:00,DAI,5,DeFiLlama,5749986385.0
2021-08-22 00:00:00+00:00,DAI,5,DeFiLlama,5779412168.0
2021-08-23 00:00:00+00:00,DAI,5,DeFiLlama,5836844413.0
2021-08-24 00:00:00+00:00,DAI,5,DeFiLlama,5790151074.0
2021-08-25 00:00:00+00:00,DAI,5,DeFiLlama,5800941918.0
2021-08-26 00:00:00+00:00,DAI,5,DeFiLlama,5772432031.0
2021-08-27 00:00:00+00:00,DAI,5,DeFiLlama,5777362823.0
2021-08-28 00:00:00+00:00,DAI,5,DeFiLlama,5841130799.0
2021-08-29 00:00:00+00:00,DAI,5,DeFiLlama,5823564125.0
2021-08-30 00:00:00+00:00,DAI,5,DeFiLlama,5850559560.0
2021-08-31 00:00:00+00:00,DAI,5,DeFiLlama,5829403981.0
2021-09-01 00:00:00+00:00,DAI,5,DeFiLlama,5883425526.0
2021-09-02 00:00:00+00:00,DAI,5,DeFiLlama,5874088380.0
2021-09-03 00:00:00+00:00,DAI,5,DeFiLlama,6059570341.0
2021-09-04 00:00:00+00:00,DAI,5,DeFiLlama,6094224535.0
2021-09-05 00:00:00+00:00,DAI,5,DeFiLlama,6102780615.0
2021-09-06 00:00:00+00:00,DAI,5,DeFiLlama,6145266085.0
2021-09-07 00:00:00+00:00,DAI,5,DeFiLlama,6191117141.0
2021-09-08 00:00:00+00:00,DAI,5,DeFiLlama,6226950295.0
2021-09-09 00:00:00+00:00,DAI,5,DeFiLlama,6256318649.0
2021-09-10 00:00:00+00:00,DAI,5,DeFiLlama,6260988148.0
2021-09-11 00:00:00+00:00,DAI,5,DeFiLlama,6141271219.0
2021-09-12 00:00:00+00:00,DAI,5,DeFiLlama,6299812307.0
2021-09-13 00:00:00+00:00,DAI,5,DeFiLlama,6373744666.0
2021-09-14 00:00:00+00:00,DAI,5,DeFiLlama,6331025051.0
2021-09-15 00:00:00+00:00,DAI,5,DeFiLlama,6296533494.0
2021-09-16 00:00:00+00:00,DAI,5,DeFiLlama,6297888548.0
2021-09-17 00:00:00+00:00,DAI,5,DeFiLlama,6324547461.0
2021-09-18 00:00:00+00:00,DAI,5,DeFiLlama,6365022769.0
2021-09-19 00:00:00+00:00,DAI,5,DeFiLlama,6354573626.0
2021-09-20 00:00:00+00:00,DAI,5,DeFiLlama,6370333963.0
2021-09-21 00:00:00+00:00,DAI,5,DeFiLlama,6033553297.0
2021-09-22 00:00:00+00:00,DAI,5,DeFiLlama,6030416503.0
2021-09-23 00:00:00+00:00,DAI,5,DeFiLlama,6029555638.0
2021-09-24 00:00:00+00:00,DAI,5,DeFiLlama,6109107375.0
2021-09-25 00:00:00+00:00,DAI,5,DeFiLlama,6059840261.0
2021-09-26 00:00:00+00:00,DAI,5,DeFiLlama,6090393501.0
2021-09-27 00:00:00+00:00,DAI,5,DeFiLlama,6102867084.0
2021-09-28 00:00:00+00:00,DAI,5,DeFiLlama,6141519281.0
2021-09-29 00:00:00+00:00,DAI,5,DeFiLlama,6150267518.0
2021-09-30 00:00:00+00:00,DAI,5,DeFiLlama,6215359731.0
2021-10-01 00:00:00+00:00,DAI,5,DeFiLlama,6235490869.0
2021-10-02 00:00:00+00:00,DAI,5,DeFiLlama,6235606318.0
2021-10-03 00:00:00+00:00,DAI,5,DeFiLlama,6215798951.0
2021-10-04 00:00:00+00:00,DAI,5,DeFiLlama,6295282298.0
2021-10-05 00:00:00+00:00,DAI,5,DeFiLlama,6310590158.0
2021-10-06 00:00:00+00:00,DAI,5,DeFiLlama,6325039047.0
2021-10-07 00:00:00+00:00,DAI,5,DeFiLlama,6429486053.0
2021-10-08 00:00:00+00:00,DAI,5,DeFiLlama,6453963453.0
2021-10-09 00:00:00+00:00,DAI,5,DeFiLlama,6505151221.0
2021-10-10 00:00:00+00:00,DAI,5,DeFiLlama,6557378711.0
2021-10-11 00:00:00+00:00,DAI,5,DeFiLlama,6551978351.0
2021-10-12 00:00:00+00:00,DAI,5,DeFiLlama,6602616951.0
2021-10-13 00:00:00+00:00,DAI,5,DeFiLlama,6621149319.0
2021-10-14 00:00:00+00:00,DAI,5,DeFiLlama,6670625801.0
2021-10-15 00:00:00+00:00,DAI,5,DeFiLlama,6783908641.0
2021-10-16 00:00:00+00:00,DAI,5,DeFiLlama,7025280499.0
2021-10-17 00:00:00+00:00,DAI,5,DeFiLlama,7047622710.0
2021-10-18 00:00:00+00:00,DAI,5,DeFiLlama,7044427062.0
2021-10-19 00:00:00+00:00,DAI,5,DeFiLlama,7047605293.0
2021-10-20 00:00:00+00:00,DAI,5,DeFiLlama,6964565888.0
2021-10-21 00:00:00+00:00,DAI,5,DeFiLlama,7154198129.0
2021-10-22 00:00:00+00:00,DAI,5,DeFiLlama,7381930133.0
2021-10-23 00:00:00+00:00,DAI,5,DeFiLlama,7433630879.0
2021-10-24 00:00:00+00:00,DAI,5,DeFiLlama,7435492153.0
2021-10-25 00:00:00+00:00,DAI,5,DeFiLlama,7375311288.0
2021-10-26 00:00:00+00:00,DAI,5,DeFiLlama,7359785986.0
2021-10-27 00:00:00+00:00,DAI,5,DeFiLlama,7339518469.0
2021-10-28 00:00:00+00:00,DAI,5,DeFiLlama,7604026658.0
2021-10-29 00:00:00+00:00,DAI,5,DeFiLlama,7621982334.0
2021-10-30 00:00:00+00:00,DAI,5,DeFiLlama,7687163228.0
2021-10-31 00:00:00+00:00,DAI,5,DeFiLlama,7824932033.0
2021-11-01 00:00:00+00:00,DAI,5,DeFiLlama,7793329402.0
2021-11-02 00:00:00+00:00,DAI,5,DeFiLlama,7832687635.0
2021-11-03 00:00:00+00:00,DAI,5,DeFiLlama,7844673584.0
2021-11-04 00:00:00+00:00,DAI,5,DeFiLlama,7847093208.0
2021-11-05 00:00:00+00:00,DAI,5,DeFiLlama,7843492453.0
2021-11-06 00:00:00+00:00,DAI,5,DeFiLlama,8184710358.0
2021-11-07 00:00:00+00:00,DAI,5,DeFiLlama,8170177322.0
2021-11-08 00:00:00+00:00,DAI,5,DeFiLlama,8116990466.0
2021-11-09 00:00:00+00:00,DAI,5,DeFiLlama,8400754834.0
2021-11-10 00:00:00+00:00,DAI,5,DeFiLlama,8642728428.0
2021-11-11 00:00:00+00:00,DAI,5,DeFiLlama,8619258573.0
2021-11-12 00:00:00+00:00,DAI,5,DeFiLlama,8565328747.0
2021-11-13 00:00:00+00:00,DAI,5,DeFiLlama,8651207578.0
2021-11-14 00:00:00+00:00,DAI,5,DeFiLlama,8559678323.0
2021-11-15 00:00:00+00:00,DAI,5,DeFiLlama,8564933910.0
2021-11-16 00:00:00+00:00,DAI,5,DeFiLlama,8516265078.0
2021-11-17 00:00:00+00:00,DAI,5,DeFiLlama,8508320153.0
2021-11-18 00:00:00+00:00,DAI,5,DeFiLlama,8556521805.0
2021-11-19 00:00:00+00:00,DAI,5,DeFiLlama,8518193571.0
2021-11-20 00:00:00+00:00,DAI,5,DeFiLlama,8688389649.0
2021-11-21 00:00:00+00:00,DAI,5,DeFiLlama,8733674611.0
2021-11-22 00:00:00+00:00,DAI,5,DeFiLlama,8739885826.0
2021-11-23 00:00:00+00:00,DAI,5,DeFiLlama,8632217426.0
2021-11-24 00:00:00+00:00,DAI,5,DeFiLlama,8735275288.0
2021-11-25 00:00:00+00:00,DAI,5,DeFiLlama,8760960765.0
2021-11-26 00:00:00+00:00,DAI,5,DeFiLlama,8771732210.0
2021-11-27 00:00:00+00:00,DAI,5,DeFiLlama,8666153757.0
2021-11-28 00:00:00+00:00,DAI,5,DeFiLlama,8661809867.0
2021-11-29 00:00:00+00:00,DAI,5,DeFiLlama,8732468375.0
2021-11-30 00:00:00+00:00,DAI,5,DeFiLlama,8734122138.0
2021-12-01 00:00:00+00:00,DAI,5,DeFiLlama,8820227650.0
2021-12-02 00:00:00+00:00,DAI,5,DeFiLlama,8912722524.0
2021-12-03 00:00:00+00:00,DAI,5,DeFiLlama,8873808629.0
2021-12-04 00:00:00+00:00,DAI,5,DeFiLlama,8915864307.0
2021-12-05 00:00:00+00:00,DAI,5,DeFiLlama,8916483689.0
2021-12-06 00:00:00+00:00,DAI,5,DeFiLlama,9002226094.0
2021-12-07 00:00:00+00:00,DAI,5,DeFiLlama,8938228283.0
2021-12-08 00:00:00+00:00,DAI,5,DeFiLlama,8977489579.0
2021-12-09 00:00:00+00:00,DAI,5,DeFiLlama,8976138290.0
2021-12-10 00:00:00+00:00,DAI,5,DeFiLlama,8922247209.0
2021-12-11 00:00:00+00:00,DAI,5,DeFiLlama,8822416217.0
2021-12-12 00:00:00+00:00,DAI,5,DeFiLlama,8916986247.0
2021-12-13 00:00:00+00:00,DAI,5,DeFiLlama,8907659907.0
2021-12-14 00:00:00+00:00,DAI,5,DeFiLlama,8849743126.0
2021-12-15 00:00:00+00:00,DAI,5,DeFiLlama,8838467320.0
2021-12-16 00:00:00+00:00,DAI,5,DeFiLlama,8861528040.0
2021-12-17 00:00:00+00:00,DAI,5,DeFiLlama,8877084627.0
2021-12-18 00:00:00+00:00,DAI,5,DeFiLlama,8919182168.0
2021-12-19 00:00:00+00:00,DAI,5,DeFiLlama,8949588789.0
2021-12-20 00:00:00+00:00,DAI,5,DeFiLlama,8900095964.0
2021-12-21 00:00:00+00:00,DAI,5,DeFiLlama,9045451605.0
2021-12-22 00:00:00+00:00,DAI,5,DeFiLlama,9002349259.0
2021-12-23 00:00:00+00:00,DAI,5,DeFiLlama,9026493500.0
2021-12-24 00:00:00+00:00,DAI,5,DeFiLlama,9041843071.0
2021-12-25 00:00:00+00:00,DAI,5,DeFiLlama,9021621535.0
2021-12-26 00:00:00+00:00,DAI,5,DeFiLlama,9020869303.0
2021-12-27 00:00:00+00:00,DAI,5,DeFiLlama,9062125075.0
2021-12-28 00:00:00+00:00,DAI,5,DeFiLlama,9023109100.0
2021-12-29 00:00:00+00:00,DAI,5,DeFiLlama,9010542084.0
2021-12-30 00:00:00+00:00,DAI,5,DeFiLlama,8956059655.0
2021-12-31 00:00:00+00:00,DAI,5,DeFiLlama,8971030002.0
2022-01-01 00:00:00+00:00,DAI,5,DeFiLlama,8939673254.0
2022-01-02 00:00:00+00:00,DAI,5,DeFiLlama,9030628967.0
2022-01-03 00:00:00+00:00,DAI,5,DeFiLlama,9035422277.0
2022-01-04 00:00:00+00:00,DAI,5,DeFiLlama,9081278801.0
2022-01-05 00:00:00+00:00,DAI,5,DeFiLlama,9094038246.0
2022-01-06 00:00:00+00:00,DAI,5,DeFiLlama,9082300118.0
2022-01-07 00:00:00+00:00,DAI,5,DeFiLlama,8980595553.0
2022-01-08 00:00:00+00:00,DAI,5,DeFiLlama,9040931826.0
2022-01-09 00:00:00+00:00,DAI,5,DeFiLlama,8983121141.0
2022-01-10 00:00:00+00:00,DAI,5,DeFiLlama,8956278938.0
2022-01-11 00:00:00+00:00,DAI,5,DeFiLlama,9020196497.0
2022-01-12 00:00:00+00:00,DAI,5,DeFiLlama,9019545136.0
2022-01-13 00:00:00+00:00,DAI,5,DeFiLlama,9094676674.0
2022-01-14 00:00:00+00:00,DAI,5,DeFiLlama,9143013149.0
2022-01-15 00:00:00+00:00,DAI,5,DeFiLlama,9118213356.0
2022-01-16 00:00:00+00:00,DAI,5,DeFiLlama,9165024195.0
2022-01-17 00:00:00+00:00,DAI,5,DeFiLlama,9257595181.0
2022-01-18 00:00:00+00:00,DAI,5,DeFiLlama,9347937603.0
2022-01-19 00:00:00+00:00,DAI,5,DeFiLlama,9330047477.0
2022-01-20 00:00:00+00:00,DAI,5,DeFiLlama,9366970170.0
2022-01-21 00:00:00+00:00,DAI,5,DeFiLlama,9417892682.0
2022-01-22 00:00:00+00:00,DAI,5,DeFiLlama,9188900797.0
2022-01-23 00:00:00+00:00,DAI,5,DeFiLlama,9158558415.0
2022-01-24 00:00:00+00:00,DAI,5,DeFiLlama,9173986045.0
2022-01-25 00:00:00+00:00,DAI,5,DeFiLlama,9330159670.0
2022-01-26 00:00:00+00:00,DAI,5,DeFiLlama,9262199542.0
2022-01-27 00:00:00+00:00,DAI,5,DeFiLlama,9373086182.0
2022-01-28 00:00:00+00:00,DAI,5,DeFiLlama,9204187163.0
2022-01-29 00:00:00+00:00,DAI,5,DeFiLlama,9090892745.0
2022-01-30 00:00:00+00:00,DAI,5,DeFiLlama,9154226471.0
2022-01-31 00:00:00+00:00,DAI,5,DeFiLlama,9140810938.0
2022-02-01 00:00:00+00:00,DAI,5,DeFiLlama,9168485368.0
2022-02-02 00:00:00+00:00,DAI,5,DeFiLlama,9210071056.0
2022-02-03 00:00:00+00:00,DAI,5,DeFiLlama,9182483009.0
2022-02-04 00:00:00+00:00,DAI,5,DeFiLlama,9210947904.0
2022-02-05 00:00:00+00:00,DAI,5,DeFiLlama,9269085714.0
2022-02-06 00:00:00+00:00,DAI,5,DeFiLlama,9321822714.0
2022-02-07 00:00:00+00:00,DAI,5,DeFiLlama,9367241428.0
2022-02-08 00:00:00+00:00,DAI,5,DeFiLlama,9474852591.0
2022-02-09 00:00:00+00:00,DAI,5,DeFiLlama,9687110206.0
2022-02-10 00:00:00+00:00,DAI,5,DeFiLlama,9761791801.0
2022-02-11 00:00:00+00:00,DAI,5,DeFiLlama,9819091200.0
2022-02-12 00:00:00+00:00,DAI,5,DeFiLlama,9837140055.0
2022-02-13 00:00:00+00:00,DAI,5,DeFiLlama,9838662763.0
2022-02-14 00:00:00+00:00,DAI,5,DeFiLlama,9836640222.0
2022-02-15 00:00:00+00:00,DAI,5,DeFiLlama,9810813305.0
2022-02-16 00:00:00+00:00,DAI,5,DeFiLlama,9944205762.0
2022-02-17 00:00:00+00:00,DAI,5,DeFiLlama,9886354168.0
2022-02-18 00:00:00+00:00,DAI,5,DeFiLlama,9772979584.0
2022-02-19 00:00:00+00:00,DAI,5,DeFiLlama,9768401726.0
2022-02-20 00:00:00+00:00,DAI,5,DeFiLlama,9817665324.0
2022-02-21 00:00:00+00:00,DAI,5,DeFiLlama,9763726993.0
2022-02-22 00:00:00+00:00,DAI,5,DeFiLlama,9714152256.0
2022-02-23 00:00:00+00:00,DAI,5,DeFiLlama,9707207625.0
2022-02-24 00:00:00+00:00,DAI,5,DeFiLlama,9656904977.0
2022-02-25 00:00:00+00:00,DAI,5,DeFiLlama,9396528948.0
2022-02-26 00:00:00+00:00,DAI,5,DeFiLlama,9206924235.0
2022-02-27 00:00:00+00:00,DAI,5,DeFiLlama,9252572120.0
2022-02-28 00:00:00+00:00,DAI,5,DeFiLlama,9259576089.0
2022-03-01 00:00:00+00:00,DAI,5,DeFiLlama,9247874225.0
2022-03-02 00:00:00+00:00,DAI,5,DeFiLlama,9273596887.0
2022-03-03 00:00:00+00:00,DAI,5,DeFiLlama,9186416351.0
2022-03-04 00:00:00+00:00,DAI,5,DeFiLlama,9196304046.0
2022-03-05 00:00:00+00:00,DAI,5,DeFiLlama,9297396402.0
2022-03-06 00:00:00+00:00,DAI,5,DeFiLlama,9298796128.0
2022-03-07 00:00:00+00:00,DAI,5,DeFiLlama,9409052077.0
2022-03-08 00:00:00+00:00,DAI,5,DeFiLlama,9434450546.0
2022-03-09 00:00:00+00:00,DAI,5,DeFiLlama,9331957447.0
2022-03-10 00:00:00+00:00,DAI,5,DeFiLlama,9375170570.0
2022-03-11 00:00:00+00:00,DAI,5,DeFiLlama,9369996121.0
2022-03-12 00:00:00+00:00,DAI,5,DeFiLlama,9382132425.0
2022-03-13 00:00:00+00:00,DAI,5,DeFiLlama,9411728294.0
2022-03-14 00:00:00+00:00,DAI,5,DeFiLlama,9422359612.0
2022-03-15 00:00:00+00:00,DAI,5,DeFiLlama,9379795132.0
2022-03-16 00:00:00+00:00,DAI,5,DeFiLlama,9338307029.0
2022-03-17 00:00:00+00:00,DAI,5,DeFiLlama,9390020102.0
2022-03-18 00:00:00+00:00,DAI,5,DeFiLlama,9410568662.0
2022-03-19 00:00:00+00:00,DAI,5,DeFiLlama,9462679463.0
2022-03-20 00:00:00+00:00,DAI,5,DeFiLlama,9468772590.0
2022-03-21 00:00:00+00:00,DAI,5,DeFiLlama,9528425555.0
2022-03-22 00:00:00+00:00,DAI,5,DeFiLlama,9522696185.0
2022-03-23 00:00:00+00:00,DAI,5,DeFiLlama,9487618512.0
2022-03-24 00:00:00+00:00,DAI,5,DeFiLlama,9444783004.0
2022-03-25 00:00:00+00:00,DAI,5,DeFiLlama,9287282471.0
2022-03-26 00:00:00+00:00,DAI,5,DeFiLlama,9261880567.0
2022-03-27 00:00:00+00:00,DAI,5,DeFiLlama,9228748817.0
2022-03-28 00:00:00+00:00,DAI,5,DeFiLlama,9218291345.0
2022-03-29 00:00:00+00:00,DAI,5,DeFiLlama,9188438445.0
2022-03-30 00:00:00+00:00,DAI,5,DeFiLlama,9184657715.0
2022-03-31 00:00:00+00:00,DAI,5,DeFiLlama,9214049269.0
2022-04-01 00:00:00+00:00,DAI,5,DeFiLlama,9219650880.0
2022-04-02 00:00:00+00:00,DAI,5,DeFiLlama,9206216648.0
2022-04-03 00:00:00+00:00,DAI,5,DeFiLlama,9093360648.0
2022-04-04 00:00:00+00:00,DAI,5,DeFiLlama,9080788704.0
2022-04-05 00:00:00+00:00,DAI,5,DeFiLlama,9078147258.0
2022-04-06 00:00:00+00:00,DAI,5,DeFiLlama,9054259953.0
2022-04-07 00:00:00+00:00,DAI,5,DeFiLlama,8977563087.0
2022-04-08 00:00:00+00:00,DAI,5,DeFiLlama,8961669956.0
2022-04-09 00:00:00+00:00,DAI,5,DeFiLlama,9057111922.0
2022-04-10 00:00:00+00:00,DAI,5,DeFiLlama,9035024543.0
2022-04-11 00:00:00+00:00,DAI,5,DeFiLlama,9039435204.0
2022-04-12 00:00:00+00:00,DAI,5,DeFiLlama,8814089318.0
2022-04-13 00:00:00+00:00,DAI,5,DeFiLlama,8786361380.0
2022-04-14 00:00:00+00:00,DAI,5,DeFiLlama,8746225769.0
2022-04-15 00:00:00+00:00,DAI,5,DeFiLlama,8818938191.0
2022-04-16 00:00:00+00:00,DAI,5,DeFiLlama,8793696497.0
2022-04-17 00:00:00+00:00,DAI,5,DeFiLlama,8793171357.0
2022-04-18 00:00:00+00:00,DAI,5,DeFiLlama,8770410090.0
2022-04-19 00:00:00+00:00,DAI,5,DeFiLlama,8735464606.0
2022-04-20 00:00:00+00:00,DAI,5,DeFiLlama,8694378920.0
2022-04-21 00:00:00+00:00,DAI,5,DeFiLlama,8721625999.0
2022-04-22 00:00:00+00:00,DAI,5,DeFiLlama,8705999670.0
2022-04-23 00:00:00+00:00,DAI,5,DeFiLlama,8704156376.0
2022-04-24 00:00:00+00:00,DAI,5,DeFiLlama,8716709920.0
2022-04-25 00:00:00+00:00,DAI,5,DeFiLlama,8704452908.0
2022-04-26 00:00:00+00:00,DAI,5,DeFiLlama,8663996655.0
2022-04-27 00:00:00+00:00,DAI,5,DeFiLlama,8647720196.0
2022-04-28 00:00:00+00:00,DAI,5,DeFiLlama,8600132761.0
2022-04-29 00:00:00+00:00,DAI,5,DeFiLlama,8575176783.0
2022-04-30 00:00:00+00:00,DAI,5,DeFiLlama,8517875797.0
2022-05-01 00:00:00+00:00,DAI,5,DeFiLlama,8468663554.0
2022-05-02 00:00:00+00:00,DAI,5,DeFiLlama,8443735066.0
2022-05-03 00:00:00+00:00,DAI,5,DeFiLlama,8342473390.0
2022-05-04 00:00:00+00:00,DAI,5,DeFiLlama,8299856429.0
2022-05-05 00:00:00+00:00,DAI,5,DeFiLlama,8198450692.0
2022-05-06 00:00:00+00:00,DAI,5,DeFiLlama,8222458754.0
2022-05-07 00:00:00+00:00,DAI,5,DeFiLlama,8165476478.0
2022-05-08 00:00:00+00:00,DAI,5,DeFiLlama,7983037869.0
2022-05-09 00:00:00+00:00,DAI,5,DeFiLlama,7556916646.0
2022-05-10 00:00:00+00:00,DAI,5,DeFiLlama,7163337396.0
2022-05-11 00:00:00+00:00,DAI,5,DeFiLlama,6982432940.0
2022-05-12 00:00:00+00:00,DAI,5,DeFiLlama,6176756288.0
2022-05-13 00:00:00+00:00,DAI,5,DeFiLlama,6007806453.0
2022-05-14 00:00:00+00:00,DAI,5,DeFiLlama,6025373194.0
2022-05-15 00:00:00+00:00,DAI,5,DeFiLlama,6008291151.0
2022-05-16 00:00:00+00:00,DAI,5,DeFiLlama,6048693159.0
2022-05-17 00:00:00+00:00,DAI,5,DeFiLlama,6024383689.0
2022-05-18 00:00:00+00:00,DAI,5,DeFiLlama,6127458314.0
2022-05-19 00:00:00+00:00,DAI,5,DeFiLlama,6103737937.0
2022-05-20 00:00:00+00:00,DAI,5,DeFiLlama,6210644363.0
2022-05-21 00:00:00+00:00,DAI,5,DeFiLlama,6142364701.0
2022-05-22 00:00:00+00:00,DAI,5,DeFiLlama,6125621118.0
2022-05-23 00:00:00+00:00,DAI,5,DeFiLlama,6136720020.0
2022-05-24 00:00:00+00:00,DAI,5,DeFiLlama,6168984912.0
2022-05-25 00:00:00+00:00,DAI,5,DeFiLlama,6175737070.0
2022-05-26 00:00:00+00:00,DAI,5,DeFiLlama,6173648214.0
2022-05-27 00:00:00+00:00,DAI,5,DeFiLlama,6197752180.0
2022-05-28 00:00:00+00:00,DAI,5,DeFiLlama,6214309237.0
2022-05-29 00:00:00+00:00,DAI,5,DeFiLlama,6237252742.0
2022-05-30 00:00:00+00:00,DAI,5,DeFiLlama,6241135935.0
2022-05-31 00:00:00+00:00,DAI,5,DeFiLlama,6294884369.0
2022-06-01 00:00:00+00:00,DAI,5,DeFiLlama,6370980494.0
2022-06-02 00:00:00+00:00,DAI,5,DeFiLlama,6395668505.0
2022-06-03 00:00:00+00:00,DAI,5,DeFiLlama,6408090736.0
2022-06-04 00:00:00+00:00,DAI,5,DeFiLlama,6431454967.0
2022-06-05 00:00:00+00:00,DAI,5,DeFiLlama,6417995683.0
2022-06-06 00:00:00+00:00,DAI,5,DeFiLlama,6435758949.0
2022-06-07 00:00:00+00:00,DAI,5,DeFiLlama,6460725738.0
2022-06-08 00:00:00+00:00,DAI,5,DeFiLlama,6505826229.0
2022-06-09 00:00:00+00:00,DAI,5,DeFiLlama,6580324806.0
2022-06-10 00:00:00+00:00,DAI,5,DeFiLlama,6582839696.0
2022-06-11 00:00:00+00:00,DAI,5,DeFiLlama,6665402653.0
2022-06-12 00:00:00+00:00,DAI,5,DeFiLlama,6626254415.0
2022-06-13 00:00:00+00:00,DAI,5,DeFiLlama,6604352102.0
2022-06-14 00:00:00+00:00,DAI,5,DeFiLlama,6464921116.0
2022-06-15 00:00:00+00:00,DAI,5,DeFiLlama,6364230038.0
2022-06-16 00:00:00+00:00,DAI,5,DeFiLlama,6285714273.0
2022-06-17 00:00:00+00:00,DAI,5,DeFiLlama,6246877441.0
2022-06-18 00:00:00+00:00,DAI,5,DeFiLlama,6373097643.0
2022-06-19 00:00:00+00:00,DAI,5,DeFiLlama,6285876680.0
2022-06-20 00:00:00+00:00,DAI,5,DeFiLlama,6289704055.0
2022-06-21 00:00:00+00:00,DAI,5,DeFiLlama,6286275301.0
2022-06-22 00:00:00+00:00,DAI,5,DeFiLlama,6324746098.0
2022-06-23 00:00:00+00:00,DAI,5,DeFiLlama,6331681081.0
2022-06-24 00:00:00+00:00,DAI,5,DeFiLlama,6328911474.0
2022-06-25 00:00:00+00:00,DAI,5,DeFiLlama,6326904149.0
2022-06-26 00:00:00+00:00,DAI,5,DeFiLlama,6348053822.0
2022-06-27 00:00:00+00:00,DAI,5,DeFiLlama,6329148309.0
2022-06-28 00:00:00+00:00,DAI,5,DeFiLlama,6335847450.0
2022-06-29 00:00:00+00:00,DAI,5,DeFiLlama,6250595574.0
2022-06-30 00:00:00+00:00,DAI,5,DeFiLlama,6325795852.0
2022-07-01 00:00:00+00:00,DAI,5,DeFiLlama,6320965595.0
2022-07-02 00:00:00+00:00,DAI,5,DeFiLlama,6401529924.0
2022-07-03 00:00:00+00:00,DAI,5,DeFiLlama,6413369738.0
2022-07-04 00:00:00+00:00,DAI,5,DeFiLlama,6430833317.0
2022-07-05 00:00:00+00:00,DAI,5,DeFiLlama,6443718915.0
2022-07-06 00:00:00+00:00,DAI,5,DeFiLlama,6432212868.0
2022-07-07 00:00:00+00:00,DAI,5,DeFiLlama,6426563984.0
2022-07-08 00:00:00+00:00,DAI,5,DeFiLlama,6454600307.0
2022-07-09 00:00:00+00:00,DAI,5,DeFiLlama,6464041542.0
2022-07-10 00:00:00+00:00,DAI,5,DeFiLlama,6486495520.0
2022-07-11 00:00:00+00:00,DAI,5,DeFiLlama,6431909459.0
2022-07-12 00:00:00+00:00,DAI,5,DeFiLlama,6460779883.0
2022-07-13 00:00:00+00:00,DAI,5,DeFiLlama,6407724256.0
2022-07-14 00:00:00+00:00,DAI,5,DeFiLlama,6468298350.0
2022-07-15 00:00:00+00:00,DAI,5,DeFiLlama,6498234967.0
2022-07-16 00:00:00+00:00,DAI,5,DeFiLlama,6541325537.0
2022-07-17 00:00:00+00:00,DAI,5,DeFiLlama,6590766743.0
2022-07-18 00:00:00+00:00,DAI,5,DeFiLlama,6712919426.0
2022-07-19 00:00:00+00:00,DAI,5,DeFiLlama,6769882839.0
2022-07-20 00:00:00+00:00,DAI,5,DeFiLlama,6811708070.0
2022-07-21 00:00:00+00:00,DAI,5,DeFiLlama,6839360981.0
2022-07-22 00:00:00+00:00,DAI,5,DeFiLlama,6807034637.0
2022-07-23 00:00:00+00:00,DAI,5,DeFiLlama,6868494819.0
2022-07-24 00:00:00+00:00,DAI,5,DeFiLlama,6920007479.0
2022-07-25 00:00:00+00:00,DAI,5,DeFiLlama,6912443580.0
2022-07-26 00:00:00+00:00,DAI,5,DeFiLlama,6877268229.0
2022-07-27 00:00:00+00:00,DAI,5,DeFiLlama,6883771698.0
2022-07-28 00:00:00+00:00,DAI,5,DeFiLlama,6926331961.0
2022-07-29 00:00:00+00:00,DAI,5,DeFiLlama,6987946088.0
2022-07-30 00:00:00+00:00,DAI,5,DeFiLlama,7017274184.0
2022-07-31 00:00:00+00:00,DAI,5,DeFiLlama,7000315772.0
2022-08-01 00:00:00+00:00,DAI,5,DeFiLlama,6974919864.0
2022-08-02 00:00:00+00:00,DAI,5,DeFiLlama,6989326434.0
2022-08-03 00:00:00+00:00,DAI,5,DeFiLlama,6986844354.0
2022-08-04 00:00:00+00:00,DAI,5,DeFiLlama,6944285916.0
2022-08-05 00:00:00+00:00,DAI,5,DeFiLlama,7019529517.0
2022-08-06 00:00:00+00:00,DAI,5,DeFiLlama,7038290660.0
2022-08-07 00:00:00+00:00,DAI,5,DeFiLlama,7082101539.0
2022-08-08 00:00:00+00:00,DAI,5,DeFiLlama,7007407756.0
2022-08-09 00:00:00+00:00,DAI,5,DeFiLlama,7039117561.0
2022-08-10 00:00:00+00:00,DAI,5,DeFiLlama,7073961869.0
2022-08-11 00:00:00+00:00,DAI,5,DeFiLlama,7112265917.0
2022-08-12 00:00:00+00:00,DAI,5,DeFiLlama,7007986429.0
2022-08-13 00:00:00+00:00,DAI,5,DeFiLlama,6834119878.0
2022-08-14 00:00:00+00:00,DAI,5,DeFiLlama,6850039736.0
2022-08-15 00:00:00+00:00,DAI,5,DeFiLlama,6808677873.0
2022-08-16 00:00:00+00:00,DAI,5,DeFiLlama,6796446072.0
2022-08-17 00:00:00+00:00,DAI,5,DeFiLlama,6774141864.0
2022-08-18 00:00:00+00:00,DAI,5,DeFiLlama,6731130402.0
2022-08-19 00:00:00+00:00,DAI,5,DeFiLlama,6696182383.0
2022-08-20 00:00:00+00:00,DAI,5,DeFiLlama,6648027536.0
2022-08-21 00:00:00+00:00,DAI,5,DeFiLlama,6588894549.0
2022-08-22 00:00:00+00:00,DAI,5,DeFiLlama,6557945821.0
2022-08-23 00:00:00+00:00,DAI,5,DeFiLlama,6529035205.0
2022-08-24 00:00:00+00:00,DAI,5,DeFiLlama,6509621400.0
2022-08-25 00:00:00+00:00,DAI,5,DeFiLlama,6496654351.0
2022-08-26 00:00:00+00:00,DAI,5,DeFiLlama,6511857070.0
2022-08-27 00:00:00+00:00,DAI,5,DeFiLlama,6491460813.0
2022-08-28 00:00:00+00:00,DAI,5,DeFiLlama,6476033387.0
2022-08-29 00:00:00+00:00,DAI,5,DeFiLlama,6471775887.0
2022-08-30 00:00:00+00:00,DAI,5,DeFiLlama,6482668198.0
2022-08-31 00:00:00+00:00,DAI,5,DeFiLlama,6513654564.0
2022-09-01 00:00:00+00:00,DAI,5,DeFiLlama,6511685780.0
2022-09-02 00:00:00+00:00,DAI,5,DeFiLlama,6548802235.0
2022-09-03 00:00:00+00:00,DAI,5,DeFiLlama,6542761162.0
2022-09-04 00:00:00+00:00,DAI,5,DeFiLlama,6534116295.0
2022-09-05 00:00:00+00:00,DAI,5,DeFiLlama,6448092836.0
2022-09-06 00:00:00+00:00,DAI,5,DeFiLlama,6421247028.0
2022-09-07 00:00:00+00:00,DAI,5,DeFiLlama,6407463515.0
2022-09-08 00:00:00+00:00,DAI,5,DeFiLlama,6403713407.0
2022-09-09 00:00:00+00:00,DAI,5,DeFiLlama,6410114303.0
2022-09-10 00:00:00+00:00,DAI,5,DeFiLlama,6409491728.0
2022-09-11 00:00:00+00:00,DAI,5,DeFiLlama,6435409126.0
2022-09-12 00:00:00+00:00,DAI,5,DeFiLlama,6440832858.0
2022-09-13 00:00:00+00:00,DAI,5,DeFiLlama,6418189183.0
2022-09-14 00:00:00+00:00,DAI,5,DeFiLlama,6393412741.0
2022-09-15 00:00:00+00:00,DAI,5,DeFiLlama,6382034838.0
2022-09-16 00:00:00+00:00,DAI,5,DeFiLlama,6371748394.0
2022-09-17 00:00:00+00:00,DAI,5,DeFiLlama,6374280158.0
2022-09-18 00:00:00+00:00,DAI,5,DeFiLlama,6434902915.0
2022-09-19 00:00:00+00:00,DAI,5,DeFiLlama,6426832132.0
2022-09-20 00:00:00+00:00,DAI,5,DeFiLlama,6379873824.0
2022-09-21 00:00:00+00:00,DAI,5,DeFiLlama,6417714057.0
2022-09-22 00:00:00+00:00,DAI,5,DeFiLlama,6410486828.0
2022-09-23 00:00:00+00:00,DAI,5,DeFiLlama,6468196485.0
2022-09-24 00:00:00+00:00,DAI,5,DeFiLlama,6479474707.0
2022-09-25 00:00:00+00:00,DAI,5,DeFiLlama,6469123189.0
2022-09-26 00:00:00+00:00,DAI,5,DeFiLlama,6468090960.0
2022-09-27 00:00:00+00:00,DAI,5,DeFiLlama,6461332304.0
2022-09-28 00:00:00+00:00,DAI,5,DeFiLlama,6448671437.0
2022-09-29 00:00:00+00:00,DAI,5,DeFiLlama,6406030093.0
2022-09-30 00:00:00+00:00,DAI,5,DeFiLlama,6410836286.0
2022-10-01 00:00:00+00:00,DAI,5,DeFiLlama,6409944797.0
2022-10-02 00:00:00+00:00,DAI,5,DeFiLlama,6406063674.0
2022-10-03 00:00:00+00:00,DAI,5,DeFiLlama,6374536817.0
2022-10-04 00:00:00+00:00,DAI,5,DeFiLlama,6327643509.0
2022-10-05 00:00:00+00:00,DAI,5,DeFiLlama,6346356631.0
2022-10-06 00:00:00+00:00,DAI,5,DeFiLlama,6337048377.0
2022-10-07 00:00:00+00:00,DAI,5,DeFiLlama,6328765867.0
2022-10-08 00:00:00+00:00,DAI,5,DeFiLlama,6312770752.0
2022-10-09 00:00:00+00:00,DAI,5,DeFiLlama,6313076516.0
2022-10-10 00:00:00+00:00,DAI,5,DeFiLlama,6305578998.0
2022-10-11 00:00:00+00:00,DAI,5,DeFiLlama,6279448121.0
2022-10-12 00:00:00+00:00,DAI,5,DeFiLlama,6245758863.0
2022-10-13 00:00:00+00:00,DAI,5,DeFiLlama,6201279027.0
2022-10-14 00:00:00+00:00,DAI,5,DeFiLlama,6035579183.0
2022-10-15 00:00:00+00:00,DAI,5,DeFiLlama,6032226647.0
2022-10-16 00:00:00+00:00,DAI,5,DeFiLlama,6016987413.0
2022-10-17 00:00:00+00:00,DAI,5,DeFiLlama,6021274221.0
2022-10-18 00:00:00+00:00,DAI,5,DeFiLlama,6002229328.0
2022-10-19 00:00:00+00:00,DAI,5,DeFiLlama,5911960780.0
2022-10-20 00:00:00+00:00,DAI,5,DeFiLlama,5876162431.0
2022-10-21 00:00:00+00:00,DAI,5,DeFiLlama,5795631100.0
2022-10-22 00:00:00+00:00,DAI,5,DeFiLlama,5749058314.0
2022-10-23 00:00:00+00:00,DAI,5,DeFiLlama,5754635707.0
2022-10-24 00:00:00+00:00,DAI,5,DeFiLlama,5785648259.0
2022-10-25 00:00:00+00:00,DAI,5,DeFiLlama,5783319059.0
2022-10-26 00:00:00+00:00,DAI,5,DeFiLlama,5789999251.0
2022-10-27 00:00:00+00:00,DAI,5,DeFiLlama,5793241276.0
2022-10-28 00:00:00+00:00,DAI,5,DeFiLlama,5796246614.0
2022-10-29 00:00:00+00:00,DAI,5,DeFiLlama,5768804829.0
2022-10-30 00:00:00+00:00,DAI,5,DeFiLlama,5781897766.0
2022-10-31 00:00:00+00:00,DAI,5,DeFiLlama,5772406308.0
2022-11-01 00:00:00+00:00,DAI,5,DeFiLlama,5683384905.0
2022-11-02 00:00:00+00:00,DAI,5,DeFiLlama,5661114501.0
2022-11-03 00:00:00+00:00,DAI,5,DeFiLlama,5667889568.0
2022-11-04 00:00:00+00:00,DAI,5,DeFiLlama,5658283048.0
2022-11-05 00:00:00+00:00,DAI,5,DeFiLlama,5691742810.0
2022-11-06 00:00:00+00:00,DAI,5,DeFiLlama,5717786486.0
2022-11-07 00:00:00+00:00,DAI,5,DeFiLlama,5772540023.0
2022-11-08 00:00:00+00:00,DAI,5,DeFiLlama,5787554898.0
2022-11-09 00:00:00+00:00,DAI,5,DeFiLlama,5754490031.0
2022-11-10 00:00:00+00:00,DAI,5,DeFiLlama,5433853471.0
2022-11-11 00:00:00+00:00,DAI,5,DeFiLlama,5404444155.0
2022-11-12 00:00:00+00:00,DAI,5,DeFiLlama,5394359069.0
2022-11-13 00:00:00+00:00,DAI,5,DeFiLlama,5445703672.0
2022-11-14 00:00:00+00:00,DAI,5,DeFiLlama,5437805689.0
2022-11-15 00:00:00+00:00,DAI,5,DeFiLlama,5474073879.0
2022-11-16 00:00:00+00:00,DAI,5,DeFiLlama,5441523928.0
2022-11-17 00:00:00+00:00,DAI,5,DeFiLlama,5429640776.0
2022-11-18 00:00:00+00:00,DAI,5,DeFiLlama,5452227557.0
2022-11-19 00:00:00+00:00,DAI,5,DeFiLlama,5425963637.0
2022-11-20 00:00:00+00:00,DAI,5,DeFiLlama,5431761576.0
2022-11-21 00:00:00+00:00,DAI,5,DeFiLlama,5425253935.0
2022-11-22 00:00:00+00:00,DAI,5,DeFiLlama,5356978015.0
2022-11-23 00:00:00+00:00,DAI,5,DeFiLlama,5370369954.0
2022-11-24 00:00:00+00:00,DAI,5,DeFiLlama,5242906387.0
2022-11-25 00:00:00+00:00,DAI,5,DeFiLlama,5262859407.0
2022-11-26 00:00:00+00:00,DAI,5,DeFiLlama,5257830875.0
2022-11-27 00:00:00+00:00,DAI,5,DeFiLlama,5265825523.0
2022-11-28 00:00:00+00:00,DAI,5,DeFiLlama,5188560253.0
2022-11-29 00:00:00+00:00,DAI,5,DeFiLlama,5195799506.0
2022-11-30 00:00:00+00:00,DAI,5,DeFiLlama,5175844637.0
2022-12-01 00:00:00+00:00,DAI,5,DeFiLlama,5190664036.0
2022-12-02 00:00:00+00:00,DAI,5,DeFiLlama,5199147152.0
2022-12-03 00:00:00+00:00,DAI,5,DeFiLlama,5222915043.0
2022-12-04 00:00:00+00:00,DAI,5,DeFiLlama,5224385554.0
2022-12-05 00:00:00+00:00,DAI,5,DeFiLlama,5221281560.0
2022-12-06 00:00:00+00:00,DAI,5,DeFiLlama,5219202063.0
2022-12-07 00:00:00+00:00,DAI,5,DeFiLlama,5170699265.0
2022-12-08 00:00:00+00:00,DAI,5,DeFiLlama,5173520079.0
2022-12-09 00:00:00+00:00,DAI,5,DeFiLlama,5173375914.0
2022-12-10 00:00:00+00:00,DAI,5,DeFiLlama,5174056855.0
2022-12-11 00:00:00+00:00,DAI,5,DeFiLlama,5179680994.0
2022-12-12 00:00:00+00:00,DAI,5,DeFiLlama,5176289168.0
2022-12-13 00:00:00+00:00,DAI,5,DeFiLlama,5160459453.0
2022-12-14 00:00:00+00:00,DAI,5,DeFiLlama,5162980702.0
2022-12-15 00:00:00+00:00,DAI,5,DeFiLlama,5151758056.0
2022-12-16 00:00:00+00:00,DAI,5,DeFiLlama,5125056576.0
2022-12-17 00:00:00+00:00,DAI,5,DeFiLlama,5137133356.0
2022-12-18 00:00:00+00:00,DAI,5,DeFiLlama,5147269203.0
2022-12-19 00:00:00+00:00,DAI,5,DeFiLlama,5148887490.0
2022-12-20 00:00:00+00:00,DAI,5,DeFiLlama,5150853132.0
2022-12-21 00:00:00+00:00,DAI,5,DeFiLlama,5170069648.0
2022-12-22 00:00:00+00:00,DAI,5,DeFiLlama,5174016767.0
2022-12-23 00:00:00+00:00,DAI,5,DeFiLlama,5164277117.0
2022-12-24 00:00:00+00:00,DAI,5,DeFiLlama,5155467533.0
2022-12-25 00:00:00+00:00,DAI,5,DeFiLlama,5159319187.0
2022-12-26 00:00:00+00:00,DAI,5,DeFiLlama,5147381613.0
2022-12-27 00:00:00+00:00,DAI,5,DeFiLlama,5137464056.0
2022-12-28 00:00:00+00:00,DAI,5,DeFiLlama,5121328173.0
2022-12-29 00:00:00+00:00,DAI,5,DeFiLlama,5081097973.0
2022-12-30 00:00:00+00:00,DAI,5,DeFiLlama,5078039959.0
2022-12-31 00:00:00+00:00,DAI,5,DeFiLlama,5062664532.0
2023-01-01 00:00:00+00:00,DAI,5,DeFiLlama,5056050726.0
2023-01-02 00:00:00+00:00,DAI,5,DeFiLlama,5053579797.0
2023-01-03 00:00:00+00:00,DAI,5,DeFiLlama,5058345101.0
2023-01-04 00:00:00+00:00,DAI,5,DeFiLlama,5058619852.0
2023-01-05 00:00:00+00:00,DAI,5,DeFiLlama,5033918728.0
2023-01-06 00:00:00+00:00,DAI,5,DeFiLlama,5016842826.0
2023-01-07 00:00:00+00:00,DAI,5,DeFiLlama,5005905382.0
2023-01-08 00:00:00+00:00,DAI,5,DeFiLlama,5050032369.0
2023-01-09 00:00:00+00:00,DAI,5,DeFiLlama,5065865236.0
2023-01-10 00:00:00+00:00,DAI,5,DeFiLlama,5071835388.0
2023-01-11 00:00:00+00:00,DAI,5,DeFiLlama,5072086857.0
2023-01-12 00:00:00+00:00,DAI,5,DeFiLlama,5060248929.0
2023-01-13 00:00:00+00:00,DAI,5,DeFiLlama,5059140926.0
2023-01-14 00:00:00+00:00,DAI,5,DeFiLlama,5087447835.0
2023-01-15 00:00:00+00:00,DAI,5,DeFiLlama,5098787272.0
2023-01-16 00:00:00+00:00,DAI,5,DeFiLlama,5104059768.0
2023-01-17 00:00:00+00:00,DAI,5,DeFiLlama,5101107756.0
2023-01-18 00:00:00+00:00,DAI,5,DeFiLlama,5099994279.0
2023-01-19 00:00:00+00:00,DAI,5,DeFiLlama,5114816479.0
2023-01-20 00:00:00+00:00,DAI,5,DeFiLlama,5112492222.0
2023-01-21 00:00:00+00:00,DAI,5,DeFiLlama,5116398819.0
2023-01-22 00:00:00+00:00,DAI,5,DeFiLlama,5134044835.0
2023-01-23 00:00:00+00:00,DAI,5,DeFiLlama,5142898626.0
2023-01-24 00:00:00+00:00,DAI,5,DeFiLlama,5145473306.0
2023-01-25 00:00:00+00:00,DAI,5,DeFiLlama,5157401197.0
2023-01-26 00:00:00+00:00,DAI,5,DeFiLlama,5157573092.0
2023-01-27 00:00:00+00:00,DAI,5,DeFiLlama,5141678611.0
2023-01-28 00:00:00+00:00,DAI,5,DeFiLlama,5131334513.0
2023-01-29 00:00:00+00:00,DAI,5,DeFiLlama,5135544628.0
2023-01-30 00:00:00+00:00,DAI,5,DeFiLlama,5138981027.0
2023-01-31 00:00:00+00:00,DAI,5,DeFiLlama,5124224813.0
2023-02-01 00:00:00+00:00,DAI,5,DeFiLlama,5111529437.0
2023-02-02 00:00:00+00:00,DAI,5,DeFiLlama,5100539419.0
2023-02-03 00:00:00+00:00,DAI,5,DeFiLlama,5111029087.0
2023-02-04 00:00:00+00:00,DAI,5,DeFiLlama,5095394494.0
2023-02-05 00:00:00+00:00,DAI,5,DeFiLlama,5101727314.0
2023-02-06 00:00:00+00:00,DAI,5,DeFiLlama,5110815133.0
2023-02-07 00:00:00+00:00,DAI,5,DeFiLlama,5106436999.0
2023-02-08 00:00:00+00:00,DAI,5,DeFiLlama,5095886732.0
2023-02-09 00:00:00+00:00,DAI,5,DeFiLlama,5099462991.0
2023-02-10 00:00:00+00:00,DAI,5,DeFiLlama,5089542168.0
2023-02-11 00:00:00+00:00,DAI,5,DeFiLlama,5088838723.0
2023-02-12 00:00:00+00:00,DAI,5,DeFiLlama,5084880163.0
2023-02-13 00:00:00+00:00,DAI,5,DeFiLlama,5084104186.0
2023-02-14 00:00:00+00:00,DAI,5,DeFiLlama,5095536061.0
2023-02-15 00:00:00+00:00,DAI,5,DeFiLlama,5088103207.0
2023-02-16 00:00:00+00:00,DAI,5,DeFiLlama,5086953497.0
2023-02-17 00:00:00+00:00,DAI,5,DeFiLlama,5092439558.0
2023-02-18 00:00:00+00:00,DAI,5,DeFiLlama,5071632382.0
2023-02-19 00:00:00+00:00,DAI,5,DeFiLlama,5082457097.0
2023-02-20 00:00:00+00:00,DAI,5,DeFiLlama,5084786985.0
2023-02-21 00:00:00+00:00,DAI,5,DeFiLlama,5087891608.0
2023-02-22 00:00:00+00:00,DAI,5,DeFiLlama,5025177698.0
2023-02-23 00:00:00+00:00,DAI,5,DeFiLlama,5033950493.0
2023-02-24 00:00:00+00:00,DAI,5,DeFiLlama,5023388682.0
2023-02-25 00:00:00+00:00,DAI,5,DeFiLlama,5024082352.0
2023-02-26 00:00:00+00:00,DAI,5,DeFiLlama,5023408247.0
2023-02-27 00:00:00+00:00,DAI,5,DeFiLlama,5027384709.0
2023-02-28 00:00:00+00:00,DAI,5,DeFiLlama,5030035420.0
2023-03-01 00:00:00+00:00,DAI,5,DeFiLlama,5023892836.0
2023-03-02 00:00:00+00:00,DAI,5,DeFiLlama,5012317745.0
2023-03-03 00:00:00+00:00,DAI,5,DeFiLlama,5021398281.0
2023-03-04 00:00:00+00:00,DAI,5,DeFiLlama,5007926870.0
2023-03-05 00:00:00+00:00,DAI,5,DeFiLlama,5015767929.0
2023-03-06 00:00:00+00:00,DAI,5,DeFiLlama,5001552757.0
2023-03-07 00:00:00+00:00,DAI,5,DeFiLlama,5003815360.0
2023-03-08 00:00:00+00:00,DAI,5,DeFiLlama,4991117342.0
2023-03-09 00:00:00+00:00,DAI,5,DeFiLlama,4977973955.0
2023-03-10 00:00:00+00:00,DAI,5,DeFiLlama,4913430929.0
2023-03-11 00:00:00+00:00,DAI,5,DeFiLlama,5087182658.0
2023-03-12 00:00:00+00:00,DAI,5,DeFiLlama,5611653428.0
2023-03-13 00:00:00+00:00,DAI,5,DeFiLlama,6324897257.0
2023-03-14 00:00:00+00:00,DAI,5,DeFiLlama,6273857825.0
2023-03-15 00:00:00+00:00,DAI,5,DeFiLlama,6001063385.0
2023-03-16 00:00:00+00:00,DAI,5,DeFiLlama,5807106074.0
2023-03-17 00:00:00+00:00,DAI,5,DeFiLlama,5571608490.0
2023-03-18 00:00:00+00:00,DAI,5,DeFiLlama,5464527230.0
2023-03-19 00:00:00+00:00,DAI,5,DeFiLlama,5435688195.0
2023-03-20 00:00:00+00:00,DAI,5,DeFiLlama,5420312523.0
2023-03-21 00:00:00+00:00,DAI,5,DeFiLlama,5415519713.0
2023-03-22 00:00:00+00:00,DAI,5,DeFiLlama,5392314455.0
2023-03-23 00:00:00+00:00,DAI,5,DeFiLlama,5300515031.0
2023-03-24 00:00:00+00:00,DAI,5,DeFiLlama,5283706491.0
2023-03-25 00:00:00+00:00,DAI,5,DeFiLlama,5264373962.0
2023-03-26 00:00:00+00:00,DAI,5,DeFiLlama,5257546602.0
2023-03-27 00:00:00+00:00,DAI,5,DeFiLlama,5229108717.0
2023-03-28 00:00:00+00:00,DAI,5,DeFiLlama,5147163334.0
2023-03-29 00:00:00+00:00,DAI,5,DeFiLlama,5118816202.0
2023-03-30 00:00:00+00:00,DAI,5,DeFiLlama,5100741428.0
2023-03-31 00:00:00+00:00,DAI,5,DeFiLlama,5101860937.0
2023-04-01 00:00:00+00:00,DAI,5,DeFiLlama,5097219737.0
2023-04-02 00:00:00+00:00,DAI,5,DeFiLlama,5098655957.0
2023-04-03 00:00:00+00:00,DAI,5,DeFiLlama,5109286488.0
2023-04-04 00:00:00+00:00,DAI,5,DeFiLlama,5090412646.0
2023-04-05 00:00:00+00:00,DAI,5,DeFiLlama,5092481464.0
2023-04-06 00:00:00+00:00,DAI,5,DeFiLlama,5083854788.0
2023-04-07 00:00:00+00:00,DAI,5,DeFiLlama,5085068955.0
2023-04-08 00:00:00+00:00,DAI,5,DeFiLlama,5080431498.0
2023-04-09 00:00:00+00:00,DAI,5,DeFiLlama,5082755232.0
2023-04-10 00:00:00+00:00,DAI,5,DeFiLlama,5068932967.0
2023-04-11 00:00:00+00:00,DAI,5,DeFiLlama,5056144839.0
2023-04-12 00:00:00+00:00,DAI,5,DeFiLlama,5042072070.0
2023-04-13 00:00:00+00:00,DAI,5,DeFiLlama,5020927008.0
2023-04-14 00:00:00+00:00,DAI,5,DeFiLlama,5010239606.0
2023-04-15 00:00:00+00:00,DAI,5,DeFiLlama,5018247378.0
2023-04-16 00:00:00+00:00,DAI,5,DeFiLlama,5026673664.0
2023-04-17 00:00:00+00:00,DAI,5,DeFiLlama,5010031806.0
2023-04-18 00:00:00+00:00,DAI,5,DeFiLlama,4882349578.0
2023-04-19 00:00:00+00:00,DAI,5,DeFiLlama,4860312125.0
2023-04-20 00:00:00+00:00,DAI,5,DeFiLlama,4857584392.0
2023-04-21 00:00:00+00:00,DAI,5,DeFiLlama,4850557997.0
2023-04-22 00:00:00+00:00,DAI,5,DeFiLlama,4798538675.0
2023-04-23 00:00:00+00:00,DAI,5,DeFiLlama,4779978894.0
2023-04-24 00:00:00+00:00,DAI,5,DeFiLlama,4774831077.0
2023-04-25 00:00:00+00:00,DAI,5,DeFiLlama,4786558020.0
2023-04-26 00:00:00+00:00,DAI,5,DeFiLlama,4784800976.0
2023-04-27 00:00:00+00:00,DAI,5,DeFiLlama,4796283238.0
2023-04-28 00:00:00+00:00,DAI,5,DeFiLlama,4782182539.0
2023-04-29 00:00:00+00:00,DAI,5,DeFiLlama,4732221148.0
2023-04-30 00:00:00+00:00,DAI,5,DeFiLlama,4732465508.0
2023-05-01 00:00:00+00:00,DAI,5,DeFiLlama,4736276544.0
2023-05-02 00:00:00+00:00,DAI,5,DeFiLlama,4727919990.0
2023-05-03 00:00:00+00:00,DAI,5,DeFiLlama,4709250046.0
2023-05-04 00:00:00+00:00,DAI,5,DeFiLlama,4685076319.0
2023-05-05 00:00:00+00:00,DAI,5,DeFiLlama,4678699548.0
2023-05-06 00:00:00+00:00,DAI,5,DeFiLlama,4672681864.0
2023-05-07 00:00:00+00:00,DAI,5,DeFiLlama,4678814788.0
2023-05-08 00:00:00+00:00,DAI,5,DeFiLlama,4684731124.0
2023-05-09 00:00:00+00:00,DAI,5,DeFiLlama,4686842442.0
2023-05-10 00:00:00+00:00,DAI,5,DeFiLlama,4695825931.0
2023-05-11 00:00:00+00:00,DAI,5,DeFiLlama,4694242077.0
2023-05-12 00:00:00+00:00,DAI,5,DeFiLlama,4679192053.0
2023-05-13 00:00:00+00:00,DAI,5,DeFiLlama,4668987848.0
2023-05-14 00:00:00+00:00,DAI,5,DeFiLlama,4673274739.0
2023-05-15 00:00:00+00:00,DAI,5,DeFiLlama,4667519689.0
2023-05-16 00:00:00+00:00,DAI,5,DeFiLlama,4668165174.0
2023-05-17 00:00:00+00:00,DAI,5,DeFiLlama,4668666702.0
2023-05-18 00:00:00+00:00,DAI,5,DeFiLlama,4667718936.0
2023-05-19 00:00:00+00:00,DAI,5,DeFiLlama,4673272564.0
2023-05-20 00:00:00+00:00,DAI,5,DeFiLlama,4664564196.0
2023-05-21 00:00:00+00:00,DAI,5,DeFiLlama,4648066388.0
2023-05-22 00:00:00+00:00,DAI,5,DeFiLlama,4663438158.0
2023-05-23 00:00:00+00:00,DAI,5,DeFiLlama,4659835063.0
2023-05-24 00:00:00+00:00,DAI,5,DeFiLlama,4635891798.0
2023-05-25 00:00:00+00:00,DAI,5,DeFiLlama,4623581462.0
2023-05-26 00:00:00+00:00,DAI,5,DeFiLlama,4622155160.0
2023-05-27 00:00:00+00:00,DAI,5,DeFiLlama,4617885101.0
2023-05-28 00:00:00+00:00,DAI,5,DeFiLlama,4622298595.0
2023-05-29 00:00:00+00:00,DAI,5,DeFiLlama,4623864067.0
2023-05-30 00:00:00+00:00,DAI,5,DeFiLlama,4621707002.0
2023-05-31 00:00:00+00:00,DAI,5,DeFiLlama,4624471579.0
2023-06-01 00:00:00+00:00,DAI,5,DeFiLlama,4624482502.0
2023-06-02 00:00:00+00:00,DAI,5,DeFiLlama,4601440547.0
2023-06-03 00:00:00+00:00,DAI,5,DeFiLlama,4591182850.0
2023-06-04 00:00:00+00:00,DAI,5,DeFiLlama,4589498786.0
2023-06-05 00:00:00+00:00,DAI,5,DeFiLlama,4593888569.0
2023-06-06 00:00:00+00:00,DAI,5,DeFiLlama,4582843493.0
2023-06-07 00:00:00+00:00,DAI,5,DeFiLlama,4569471817.0
2023-06-08 00:00:00+00:00,DAI,5,DeFiLlama,4568056316.0
2023-06-09 00:00:00+00:00,DAI,5,DeFiLlama,4552193398.0
2023-06-10 00:00:00+00:00,DAI,5,DeFiLlama,4542137281.0
2023-06-11 00:00:00+00:00,DAI,5,DeFiLlama,4543950610.0
2023-06-12 00:00:00+00:00,DAI,5,DeFiLlama,4546592582.0
2023-06-13 00:00:00+00:00,DAI,5,DeFiLlama,4516206737.0
2023-06-14 00:00:00+00:00,DAI,5,DeFiLlama,4496358864.0
2023-06-15 00:00:00+00:00,DAI,5,DeFiLlama,4479918234.0
2023-06-16 00:00:00+00:00,DAI,5,DeFiLlama,4387503684.0
2023-06-17 00:00:00+00:00,DAI,5,DeFiLlama,4398108246.0
2023-06-18 00:00:00+00:00,DAI,5,DeFiLlama,4415101814.0
2023-06-19 00:00:00+00:00,DAI,5,DeFiLlama,4425765408.0
2023-06-20 00:00:00+00:00,DAI,5,DeFiLlama,4416515928.0
2023-06-21 00:00:00+00:00,DAI,5,DeFiLlama,4450351123.0
2023-06-22 00:00:00+00:00,DAI,5,DeFiLlama,4424675101.0
2023-06-23 00:00:00+00:00,DAI,5,DeFiLlama,4443947162.0
2023-06-24 00:00:00+00:00,DAI,5,DeFiLlama,4452348106.0
2023-06-25 00:00:00+00:00,DAI,5,DeFiLlama,4454474273.0
2023-06-26 00:00:00+00:00,DAI,5,DeFiLlama,4444143766.0
2023-06-27 00:00:00+00:00,DAI,5,DeFiLlama,4434502160.0
2023-06-28 00:00:00+00:00,DAI,5,DeFiLlama,4414494648.0
2023-06-29 00:00:00+00:00,DAI,5,DeFiLlama,4395759304.0
2023-06-30 00:00:00+00:00,DAI,5,DeFiLlama,4378866472.0
2023-07-01 00:00:00+00:00,DAI,5,DeFiLlama,4341029127.0
2023-07-02 00:00:00+00:00,DAI,5,DeFiLlama,4341414623.0
2023-07-03 00:00:00+00:00,DAI,5,DeFiLlama,4338410396.0
2023-07-04 00:00:00+00:00,DAI,5,DeFiLlama,4329736144.0
2023-07-05 00:00:00+00:00,DAI,5,DeFiLlama,4333968896.0
2023-07-06 00:00:00+00:00,DAI,5,DeFiLlama,4317257780.0
2023-07-07 00:00:00+00:00,DAI,5,DeFiLlama,4305941174.0
2023-07-08 00:00:00+00:00,DAI,5,DeFiLlama,4307042081.0
2023-07-09 00:00:00+00:00,DAI,5,DeFiLlama,4299371633.0
2023-07-10 00:00:00+00:00,DAI,5,DeFiLlama,4291009738.0
2023-07-11 00:00:00+00:00,DAI,5,DeFiLlama,4285337639.0
2023-07-12 00:00:00+00:00,DAI,5,DeFiLlama,4291742407.0
2023-07-13 00:00:00+00:00,DAI,5,DeFiLlama,4282971651.0
2023-07-14 00:00:00+00:00,DAI,5,DeFiLlama,4286614846.0
2023-07-15 00:00:00+00:00,DAI,5,DeFiLlama,4280425859.0
2023-07-16 00:00:00+00:00,DAI,5,DeFiLlama,4282335315.0
2023-07-17 00:00:00+00:00,DAI,5,DeFiLlama,4280593150.0
2023-07-18 00:00:00+00:00,DAI,5,DeFiLlama,4267715079.0
2023-07-19 00:00:00+00:00,DAI,5,DeFiLlama,4266628279.0
2023-07-20 00:00:00+00:00,DAI,5,DeFiLlama,4257529974.0
2023-07-21 00:00:00+00:00,DAI,5,DeFiLlama,4251104355.0
2023-07-22 00:00:00+00:00,DAI,5,DeFiLlama,4234337720.0
2023-07-23 00:00:00+00:00,DAI,5,DeFiLlama,4231119449.0
2023-07-24 00:00:00+00:00,DAI,5,DeFiLlama,4232433949.0
2023-07-25 00:00:00+00:00,DAI,5,DeFiLlama,4200535806.0
2023-07-26 00:00:00+00:00,DAI,5,DeFiLlama,4193248107.0
2023-07-27 00:00:00+00:00,DAI,5,DeFiLlama,4185744500.0
2023-07-28 00:00:00+00:00,DAI,5,DeFiLlama,4175435568.0
2023-07-29 00:00:00+00:00,DAI,5,DeFiLlama,4153534370.0
2023-07-30 00:00:00+00:00,DAI,5,DeFiLlama,4148242222.0
2023-07-31 00:00:00+00:00,DAI,5,DeFiLlama,4153599268.0
2023-08-01 00:00:00+00:00,DAI,5,DeFiLlama,4171843337.0
2023-08-02 00:00:00+00:00,DAI,5,DeFiLlama,4115222288.0
2023-08-03 00:00:00+00:00,DAI,5,DeFiLlama,4080386474.0
2023-08-04 00:00:00+00:00,DAI,5,DeFiLlama,4053444400.0
2023-08-05 00:00:00+00:00,DAI,5,DeFiLlama,4033894909.0
2023-08-06 00:00:00+00:00,DAI,5,DeFiLlama,4032872011.0
2023-08-07 00:00:00+00:00,DAI,5,DeFiLlama,4030764584.0
2023-08-08 00:00:00+00:00,DAI,5,DeFiLlama,4023688271.0
2023-08-09 00:00:00+00:00,DAI,5,DeFiLlama,4047012740.0
2023-08-10 00:00:00+00:00,DAI,5,DeFiLlama,4046545252.0
2023-08-11 00:00:00+00:00,DAI,5,DeFiLlama,4004527923.0
2023-08-12 00:00:00+00:00,DAI,5,DeFiLlama,3967886895.0
2023-08-13 00:00:00+00:00,DAI,5,DeFiLlama,4007142238.0
2023-08-14 00:00:00+00:00,DAI,5,DeFiLlama,3993144855.0
2023-08-15 00:00:00+00:00,DAI,5,DeFiLlama,3964210580.0
2023-08-16 00:00:00+00:00,DAI,5,DeFiLlama,3927312790.0
2023-08-17 00:00:00+00:00,DAI,5,DeFiLlama,3920110194.0
2023-08-18 00:00:00+00:00,DAI,5,DeFiLlama,3933424140.0
2023-08-19 00:00:00+00:00,DAI,5,DeFiLlama,3931071702.0
2023-08-20 00:00:00+00:00,DAI,5,DeFiLlama,3928358097.0
2023-08-21 00:00:00+00:00,DAI,5,DeFiLlama,3969326856.0
2023-08-22 00:00:00+00:00,DAI,5,DeFiLlama,5082083199.0
2023-08-23 00:00:00+00:00,DAI,5,DeFiLlama,5081764129.0
2023-08-24 00:00:00+00:00,DAI,5,DeFiLlama,5062983678.0
2023-08-25 00:00:00+00:00,DAI,5,DeFiLlama,5108738435.0
2023-08-26 00:00:00+00:00,DAI,5,DeFiLlama,5104549537.0
2023-08-27 00:00:00+00:00,DAI,5,DeFiLlama,5134378389.0
2023-08-28 00:00:00+00:00,DAI,5,DeFiLlama,5149643671.0
2023-08-29 00:00:00+00:00,DAI,5,DeFiLlama,5154632905.0
2023-08-30 00:00:00+00:00,DAI,5,DeFiLlama,5193655430.0
2023-08-31 00:00:00+00:00,DAI,5,DeFiLlama,5200362899.0
2023-09-01 00:00:00+00:00,DAI,5,DeFiLlama,5211887699.0
2023-09-02 00:00:00+00:00,DAI,5,DeFiLlama,5206579069.0
2023-09-03 00:00:00+00:00,DAI,5,DeFiLlama,5220532564.0
2023-09-04 00:00:00+00:00,DAI,5,DeFiLlama,5235507063.0
2023-09-05 00:00:00+00:00,DAI,5,DeFiLlama,5221822552.0
2023-09-06 00:00:00+00:00,DAI,5,DeFiLlama,5218466328.0
2023-09-07 00:00:00+00:00,DAI,5,DeFiLlama,5246855901.0
2023-09-08 00:00:00+00:00,DAI,5,DeFiLlama,5240798289.0
2023-09-09 00:00:00+00:00,DAI,5,DeFiLlama,5253800080.0
2023-09-10 00:00:00+00:00,DAI,5,DeFiLlama,5260442143.0
2023-09-11 00:00:00+00:00,DAI,5,DeFiLlama,5295324875.0
2023-09-12 00:00:00+00:00,DAI,5,DeFiLlama,5300287318.0
2023-09-13 00:00:00+00:00,DAI,5,DeFiLlama,5307901742.0
2023-09-14 00:00:00+00:00,DAI,5,DeFiLlama,5328143309.0
2023-09-15 00:00:00+00:00,DAI,5,DeFiLlama,5354733779.0
2023-09-16 00:00:00+00:00,DAI,5,DeFiLlama,5370670849.0
2023-09-17 00:00:00+00:00,DAI,5,DeFiLlama,5391510327.0
2023-09-18 00:00:00+00:00,DAI,5,DeFiLlama,5423418298.0
2023-09-19 00:00:00+00:00,DAI,5,DeFiLlama,5409053155.0
2023-09-20 00:00:00+00:00,DAI,5,DeFiLlama,5411753151.0
2023-09-21 00:00:00+00:00,DAI,5,DeFiLlama,5420765665.0
2023-09-22 00:00:00+00:00,DAI,5,DeFiLlama,5422346935.0
2023-09-23 00:00:00+00:00,DAI,5,DeFiLlama,5437879583.0
2023-09-24 00:00:00+00:00,DAI,5,DeFiLlama,5454837898.0
2023-09-25 00:00:00+00:00,DAI,5,DeFiLlama,5463082635.0
2023-09-26 00:00:00+00:00,DAI,5,DeFiLlama,5460032295.0
2023-09-27 00:00:00+00:00,DAI,5,DeFiLlama,5454865186.0
2023-09-28 00:00:00+00:00,DAI,5,DeFiLlama,5459317927.0
2023-09-29 00:00:00+00:00,DAI,5,DeFiLlama,5475998005.0
2023-09-30 00:00:00+00:00,DAI,5,DeFiLlama,5483755015.0
2023-10-01 00:00:00+00:00,DAI,5,DeFiLlama,5478405736.0
2023-10-02 00:00:00+00:00,DAI,5,DeFiLlama,5490830488.0
2023-10-03 00:00:00+00:00,DAI,5,DeFiLlama,5490608168.0
2023-10-04 00:00:00+00:00,DAI,5,DeFiLlama,5470581734.0
2023-10-05 00:00:00+00:00,DAI,5,DeFiLlama,5467277025.0
2023-10-06 00:00:00+00:00,DAI,5,DeFiLlama,5471003803.0
2023-10-07 00:00:00+00:00,DAI,5,DeFiLlama,5474504238.0
2023-10-08 00:00:00+00:00,DAI,5,DeFiLlama,5486515320.0
2023-10-09 00:00:00+00:00,DAI,5,DeFiLlama,5487381239.0
2023-10-10 00:00:00+00:00,DAI,5,DeFiLlama,5512080702.0
2023-10-11 00:00:00+00:00,DAI,5,DeFiLlama,5497931849.0
2023-10-12 00:00:00+00:00,DAI,5,DeFiLlama,5481574880.0
2023-10-13 00:00:00+00:00,DAI,5,DeFiLlama,5448807653.0
2023-10-14 00:00:00+00:00,DAI,5,DeFiLlama,5456509657.0
2023-10-15 00:00:00+00:00,DAI,5,DeFiLlama,5473568407.0
2023-10-16 00:00:00+00:00,DAI,5,DeFiLlama,5479772466.0
2023-10-17 00:00:00+00:00,DAI,5,DeFiLlama,5466755336.0
2023-10-18 00:00:00+00:00,DAI,5,DeFiLlama,5478555061.0
2023-10-19 00:00:00+00:00,DAI,5,DeFiLlama,5479668250.0
2023-10-20 00:00:00+00:00,DAI,5,DeFiLlama,5514178365.0
2023-10-21 00:00:00+00:00,DAI,5,DeFiLlama,5538484322.0
2023-10-22 00:00:00+00:00,DAI,5,DeFiLlama,5550758859.0
2023-10-23 00:00:00+00:00,DAI,5,DeFiLlama,5546910386.0
2023-10-24 00:00:00+00:00,DAI,5,DeFiLlama,5516394453.0
2023-10-25 00:00:00+00:00,DAI,5,DeFiLlama,5479730078.0
2023-10-26 00:00:00+00:00,DAI,5,DeFiLlama,5477249255.0
2023-10-27 00:00:00+00:00,DAI,5,DeFiLlama,5492617964.0
2023-10-28 00:00:00+00:00,DAI,5,DeFiLlama,5468665519.0
2023-10-29 00:00:00+00:00,DAI,5,DeFiLlama,5437068507.0
2023-10-30 00:00:00+00:00,DAI,5,DeFiLlama,5433174957.0
2023-10-31 00:00:00+00:00,DAI,5,DeFiLlama,5342821155.0
2023-11-01 00:00:00+00:00,DAI,5,DeFiLlama,5285306344.0
2023-11-02 00:00:00+00:00,DAI,5,DeFiLlama,5336568738.0
2023-11-03 00:00:00+00:00,DAI,5,DeFiLlama,5320451167.0
2023-11-04 00:00:00+00:00,DAI,5,DeFiLlama,5329530688.0
2023-11-05 00:00:00+00:00,DAI,5,DeFiLlama,5344395205.0
2023-11-06 00:00:00+00:00,DAI,5,DeFiLlama,5349526110.0
2023-11-07 00:00:00+00:00,DAI,5,DeFiLlama,5320941100.0
2023-11-08 00:00:00+00:00,DAI,5,DeFiLlama,5309550120.0
2023-11-09 00:00:00+00:00,DAI,5,DeFiLlama,5283067262.0
2023-11-10 00:00:00+00:00,DAI,5,DeFiLlama,5274460068.0
2023-11-11 00:00:00+00:00,DAI,5,DeFiLlama,5255930621.0
2023-11-12 00:00:00+00:00,DAI,5,DeFiLlama,5276779628.0
2023-11-13 00:00:00+00:00,DAI,5,DeFiLlama,5260752267.0
2023-11-14 00:00:00+00:00,DAI,5,DeFiLlama,5253561351.0
2023-11-15 00:00:00+00:00,DAI,5,DeFiLlama,5226044875.0
2023-11-16 00:00:00+00:00,DAI,5,DeFiLlama,5212428434.0
2023-11-17 00:00:00+00:00,DAI,5,DeFiLlama,5212573298.0
2023-11-18 00:00:00+00:00,DAI,5,DeFiLlama,5194148691.0
2023-11-19 00:00:00+00:00,DAI,5,DeFiLlama,5204406576.0
2023-11-20 00:00:00+00:00,DAI,5,DeFiLlama,5230041003.0
2023-11-21 00:00:00+00:00,DAI,5,DeFiLlama,5223326418.0
2023-11-22 00:00:00+00:00,DAI,5,DeFiLlama,5241511242.0
2023-11-23 00:00:00+00:00,DAI,5,DeFiLlama,5224501541.0
2023-11-24 00:00:00+00:00,DAI,5,DeFiLlama,5234256377.0
2023-11-25 00:00:00+00:00,DAI,5,DeFiLlama,5266521818.0
2023-11-26 00:00:00+00:00,DAI,5,DeFiLlama,5279319907.0
2023-11-27 00:00:00+00:00,DAI,5,DeFiLlama,5278989965.0
2023-11-28 00:00:00+00:00,DAI,5,DeFiLlama,5267471634.0
2023-11-29 00:00:00+00:00,DAI,5,DeFiLlama,5273867499.0
2023-11-30 00:00:00+00:00,DAI,5,DeFiLlama,5263834919.0
2023-12-01 00:00:00+00:00,DAI,5,DeFiLlama,5277629085.0
2023-12-02 00:00:00+00:00,DAI,5,DeFiLlama,5268461398.0
2023-12-03 00:00:00+00:00,DAI,5,DeFiLlama,5255335264.0
2023-12-04 00:00:00+00:00,DAI,5,DeFiLlama,5281142362.0
2023-12-05 00:00:00+00:00,DAI,5,DeFiLlama,5283077409.0
2023-12-06 00:00:00+00:00,DAI,5,DeFiLlama,5279763896.0
2023-12-07 00:00:00+00:00,DAI,5,DeFiLlama,5317530838.0
2023-12-08 00:00:00+00:00,DAI,5,DeFiLlama,5318325897.0
2023-12-09 00:00:00+00:00,DAI,5,DeFiLlama,5341425790.0
2023-12-10 00:00:00+00:00,DAI,5,DeFiLlama,5354611818.0
2023-12-11 00:00:00+00:00,DAI,5,DeFiLlama,5366211499.0
2023-12-12 00:00:00+00:00,DAI,5,DeFiLlama,5323026918.0
2023-12-13 00:00:00+00:00,DAI,5,DeFiLlama,5217725290.0
2023-12-14 00:00:00+00:00,DAI,5,DeFiLlama,5190412393.0
2023-12-15 00:00:00+00:00,DAI,5,DeFiLlama,5189550892.0
2023-12-16 00:00:00+00:00,DAI,5,DeFiLlama,5176344943.0
2023-12-17 00:00:00+00:00,DAI,5,DeFiLlama,5210437944.0
2023-12-18 00:00:00+00:00,DAI,5,DeFiLlama,5213042169.0
2023-12-19 00:00:00+00:00,DAI,5,DeFiLlama,5221763455.0
2023-12-20 00:00:00+00:00,DAI,5,DeFiLlama,5222291564.0
2023-12-21 00:00:00+00:00,DAI,5,DeFiLlama,5225342687.0
2023-12-22 00:00:00+00:00,DAI,5,DeFiLlama,5224110541.0
2023-12-23 00:00:00+00:00,DAI,5,DeFiLlama,5239288189.0
2023-12-24 00:00:00+00:00,DAI,5,DeFiLlama,5268833981.0
2023-12-25 00:00:00+00:00,DAI,5,DeFiLlama,5261354226.0
2023-12-26 00:00:00+00:00,DAI,5,DeFiLlama,5243392088.0
2023-12-27 00:00:00+00:00,DAI,5,DeFiLlama,5224952108.0
2023-12-28 00:00:00+00:00,DAI,5,DeFiLlama,5225992129.0
2023-12-29 00:00:00+00:00,DAI,5,DeFiLlama,5194984734.0
2023-12-30 00:00:00+00:00,DAI,5,DeFiLlama,5198762139.0
2023-12-31 00:00:00+00:00,DAI,5,DeFiLlama,5181641814.0
2024-01-01 00:00:00+00:00,DAI,5,DeFiLlama,5164300298.0
2024-01-02 00:00:00+00:00,DAI,5,DeFiLlama,5196065632.0
2024-01-03 00:00:00+00:00,DAI,5,DeFiLlama,5212612186.0
2024-01-04 00:00:00+00:00,DAI,5,DeFiLlama,5222448516.0
2024-01-05 00:00:00+00:00,DAI,5,DeFiLlama,5228109788.0
2024-01-06 00:00:00+00:00,DAI,5,DeFiLlama,5200994101.0
2024-01-07 00:00:00+00:00,DAI,5,DeFiLlama,5198878192.0
2024-01-08 00:00:00+00:00,DAI,5,DeFiLlama,5194173518.0
2024-01-09 00:00:00+00:00,DAI,5,DeFiLlama,5223788433.0
2024-01-10 00:00:00+00:00,DAI,5,DeFiLlama,5230614304.0
2024-01-11 00:00:00+00:00,DAI,5,DeFiLlama,5231440994.0
2024-01-12 00:00:00+00:00,DAI,5,DeFiLlama,5237169267.0
2024-01-13 00:00:00+00:00,DAI,5,DeFiLlama,5177974891.0
2024-01-14 00:00:00+00:00,DAI,5,DeFiLlama,5175465590.0
2024-01-15 00:00:00+00:00,DAI,5,DeFiLlama,5143075167.0
2024-01-16 00:00:00+00:00,DAI,5,DeFiLlama,5138544673.0
2024-01-17 00:00:00+00:00,DAI,5,DeFiLlama,5133273609.0
2024-01-18 00:00:00+00:00,DAI,5,DeFiLlama,5126318535.0
2024-01-19 00:00:00+00:00,DAI,5,DeFiLlama,5109956211.0
2024-01-20 00:00:00+00:00,DAI,5,DeFiLlama,5108394025.0
2024-01-21 00:00:00+00:00,DAI,5,DeFiLlama,5107308192.0
2024-01-22 00:00:00+00:00,DAI,5,DeFiLlama,5098811741.0
2024-01-23 00:00:00+00:00,DAI,5,DeFiLlama,5083879257.0
2024-01-24 00:00:00+00:00,DAI,5,DeFiLlama,5109340608.0
2024-01-25 00:00:00+00:00,DAI,5,DeFiLlama,5121818658.0
2024-01-26 00:00:00+00:00,DAI,5,DeFiLlama,5150875299.0
2024-01-27 00:00:00+00:00,DAI,5,DeFiLlama,5162896202.0
2024-01-28 00:00:00+00:00,DAI,5,DeFiLlama,5152957700.0
2024-01-29 00:00:00+00:00,DAI,5,DeFiLlama,5153747658.0
2024-01-30 00:00:00+00:00,DAI,5,DeFiLlama,5149212544.0
2024-01-31 00:00:00+00:00,DAI,5,DeFiLlama,4885552834.0
2024-02-01 00:00:00+00:00,DAI,5,DeFiLlama,4818907120.0
2024-02-02 00:00:00+00:00,DAI,5,DeFiLlama,4820391581.0
2024-02-03 00:00:00+00:00,DAI,5,DeFiLlama,4818607349.0
2024-02-04 00:00:00+00:00,DAI,5,DeFiLlama,4817246588.0
2024-02-05 00:00:00+00:00,DAI,5,DeFiLlama,4816088471.0
2024-02-06 00:00:00+00:00,DAI,5,DeFiLlama,4796493170.0
2024-02-07 00:00:00+00:00,DAI,5,DeFiLlama,4815766852.0
2024-02-08 00:00:00+00:00,DAI,5,DeFiLlama,4816731937.0
2024-02-09 00:00:00+00:00,DAI,5,DeFiLlama,4804373570.0
2024-02-10 00:00:00+00:00,DAI,5,DeFiLlama,4820192058.0
2024-02-11 00:00:00+00:00,DAI,5,DeFiLlama,4837400591.0
2024-02-12 00:00:00+00:00,DAI,5,DeFiLlama,4856255292.0
2024-02-13 00:00:00+00:00,DAI,5,DeFiLlama,4819384497.0
2024-02-14 00:00:00+00:00,DAI,5,DeFiLlama,4807330965.0
2024-02-15 00:00:00+00:00,DAI,5,DeFiLlama,4820721188.0
2024-02-16 00:00:00+00:00,DAI,5,DeFiLlama,4827799404.0
2024-02-17 00:00:00+00:00,DAI,5,DeFiLlama,4821883565.0
2024-02-18 00:00:00+00:00,DAI,5,DeFiLlama,4841786921.0
2024-02-19 00:00:00+00:00,DAI,5,DeFiLlama,4848786610.0
2024-02-20 00:00:00+00:00,DAI,5,DeFiLlama,4895832670.0
2024-02-21 00:00:00+00:00,DAI,5,DeFiLlama,4858090731.0
2024-02-22 00:00:00+00:00,DAI,5,DeFiLlama,4852109211.0
2024-02-23 00:00:00+00:00,DAI,5,DeFiLlama,4833289737.0
2024-02-24 00:00:00+00:00,DAI,5,DeFiLlama,4852897366.0
2024-02-25 00:00:00+00:00,DAI,5,DeFiLlama,4857188027.0
2024-02-26 00:00:00+00:00,DAI,5,DeFiLlama,4871904740.0
2024-02-27 00:00:00+00:00,DAI,5,DeFiLlama,4891349417.0
2024-02-28 00:00:00+00:00,DAI,5,DeFiLlama,4902878120.0
2024-02-29 00:00:00+00:00,DAI,5,DeFiLlama,4911629565.0
2024-03-01 00:00:00+00:00,DAI,5,DeFiLlama,4931227075.0
2024-03-02 00:00:00+00:00,DAI,5,DeFiLlama,4949324545.0
2024-03-03 00:00:00+00:00,DAI,5,DeFiLlama,4917347837.0
2024-03-04 00:00:00+00:00,DAI,5,DeFiLlama,4937336055.0
2024-03-05 00:00:00+00:00,DAI,5,DeFiLlama,4875976227.0
2024-03-06 00:00:00+00:00,DAI,5,DeFiLlama,4714882544.0
2024-03-07 00:00:00+00:00,DAI,5,DeFiLlama,4781108081.0
2024-03-08 00:00:00+00:00,DAI,5,DeFiLlama,4384017027.0
2024-03-09 00:00:00+00:00,DAI,5,DeFiLlama,4341965691.0
2024-03-10 00:00:00+00:00,DAI,5,DeFiLlama,4340023219.0
2024-03-11 00:00:00+00:00,DAI,5,DeFiLlama,4509826203.0
2024-03-12 00:00:00+00:00,DAI,5,DeFiLlama,4504066736.0
2024-03-13 00:00:00+00:00,DAI,5,DeFiLlama,4500985789.0
2024-03-14 00:00:00+00:00,DAI,5,DeFiLlama,4523044713.0
2024-03-15 00:00:00+00:00,DAI,5,DeFiLlama,4538893353.0
2024-03-16 00:00:00+00:00,DAI,5,DeFiLlama,4612663368.0
2024-03-17 00:00:00+00:00,DAI,5,DeFiLlama,4658860078.0
2024-03-18 00:00:00+00:00,DAI,5,DeFiLlama,4615400004.0
2024-03-19 00:00:00+00:00,DAI,5,DeFiLlama,4674144743.0
2024-03-20 00:00:00+00:00,DAI,5,DeFiLlama,4637978201.0
2024-03-21 00:00:00+00:00,DAI,5,DeFiLlama,4593566105.0
2024-03-22 00:00:00+00:00,DAI,5,DeFiLlama,4625061086.0
2024-03-23 00:00:00+00:00,DAI,5,DeFiLlama,4701783299.0
2024-03-24 00:00:00+00:00,DAI,5,DeFiLlama,4776386201.0
2024-03-25 00:00:00+00:00,DAI,5,DeFiLlama,4822425225.0
2024-03-26 00:00:00+00:00,DAI,5,DeFiLlama,4723260603.0
2024-03-27 00:00:00+00:00,DAI,5,DeFiLlama,4754423579.0
2024-03-28 00:00:00+00:00,DAI,5,DeFiLlama,4757558406.0
2024-03-29 00:00:00+00:00,DAI,5,DeFiLlama,4750530284.0
2024-03-30 00:00:00+00:00,DAI,5,DeFiLlama,4826052061.0
2024-03-31 00:00:00+00:00,DAI,5,DeFiLlama,4824415825.0
2024-04-01 00:00:00+00:00,DAI,5,DeFiLlama,4828700122.0
2024-04-02 00:00:00+00:00,DAI,5,DeFiLlama,4895402404.0
2024-04-03 00:00:00+00:00,DAI,5,DeFiLlama,4894433644.0
2024-04-04 00:00:00+00:00,DAI,5,DeFiLlama,4867169917.0
2024-04-05 00:00:00+00:00,DAI,5,DeFiLlama,4930671598.0
2024-04-06 00:00:00+00:00,DAI,5,DeFiLlama,4981461654.0
2024-04-07 00:00:00+00:00,DAI,5,DeFiLlama,5045654029.0
2024-04-08 00:00:00+00:00,DAI,5,DeFiLlama,5020938298.0
2024-04-09 00:00:00+00:00,DAI,5,DeFiLlama,4793749752.0
2024-04-10 00:00:00+00:00,DAI,5,DeFiLlama,4745275334.0
2024-04-11 00:00:00+00:00,DAI,5,DeFiLlama,4791804133.0
2024-04-12 00:00:00+00:00,DAI,5,DeFiLlama,4808622717.0
2024-04-13 00:00:00+00:00,DAI,5,DeFiLlama,4875194205.0
2024-04-14 00:00:00+00:00,DAI,5,DeFiLlama,5066747800.0
2024-04-15 00:00:00+00:00,DAI,5,DeFiLlama,5012242343.0
2024-04-16 00:00:00+00:00,DAI,5,DeFiLlama,4922635098.0
2024-04-17 00:00:00+00:00,DAI,5,DeFiLlama,5035419860.0
2024-04-18 00:00:00+00:00,DAI,5,DeFiLlama,4941397598.0
2024-04-19 00:00:00+00:00,DAI,5,DeFiLlama,4988612268.0
2024-04-20 00:00:00+00:00,DAI,5,DeFiLlama,5031897940.0
2024-04-21 00:00:00+00:00,DAI,5,DeFiLlama,5084628478.0
2024-04-22 00:00:00+00:00,DAI,5,DeFiLlama,5106963483.0
2024-04-23 00:00:00+00:00,DAI,5,DeFiLlama,5167770410.0
2024-04-24 00:00:00+00:00,DAI,5,DeFiLlama,5178517750.0
2024-04-25 00:00:00+00:00,DAI,5,DeFiLlama,5152864745.0
2024-04-26 00:00:00+00:00,DAI,5,DeFiLlama,5147948912.0
2024-04-27 00:00:00+00:00,DAI,5,DeFiLlama,5146377288.0
2024-04-28 00:00:00+00:00,DAI,5,DeFiLlama,5226934763.0
2024-04-29 00:00:00+00:00,DAI,5,DeFiLlama,5213369495.0
2024-04-30 00:00:00+00:00,DAI,5,DeFiLlama,5192504776.0
2024-05-01 00:00:00+00:00,DAI,5,DeFiLlama,5170669579.0
2024-05-02 00:00:00+00:00,DAI,5,DeFiLlama,5129573483.0
2024-05-03 00:00:00+00:00,DAI,5,DeFiLlama,5187097494.0
2024-05-04 00:00:00+00:00,DAI,5,DeFiLlama,5256483075.0
2024-05-05 00:00:00+00:00,DAI,5,DeFiLlama,5352339712.0
2024-05-06 00:00:00+00:00,DAI,5,DeFiLlama,5381020141.0
2024-05-07 00:00:00+00:00,DAI,5,DeFiLlama,5294016770.0
2024-05-08 00:00:00+00:00,DAI,5,DeFiLlama,5297857143.0
2024-05-09 00:00:00+00:00,DAI,5,DeFiLlama,5344453240.0
2024-05-10 00:00:00+00:00,DAI,5,DeFiLlama,5375145999.0
2024-05-11 00:00:00+00:00,DAI,5,DeFiLlama,5381660690.0
2024-05-12 00:00:00+00:00,DAI,5,DeFiLlama,5397128932.0
2024-05-13 00:00:00+00:00,DAI,5,DeFiLlama,5402548577.0
2024-05-14 00:00:00+00:00,DAI,5,DeFiLlama,5398541999.0
2024-05-15 00:00:00+00:00,DAI,5,DeFiLlama,5369062730.0
2024-05-16 00:00:00+00:00,DAI,5,DeFiLlama,5392917861.0
2024-05-17 00:00:00+00:00,DAI,5,DeFiLlama,5367325779.0
2024-05-18 00:00:00+00:00,DAI,5,DeFiLlama,5364542858.0
2024-05-19 00:00:00+00:00,DAI,5,DeFiLlama,5431507980.0
2024-05-20 00:00:00+00:00,DAI,5,DeFiLlama,5438766692.0
2024-05-21 00:00:00+00:00,DAI,5,DeFiLlama,5313462666.0
2024-05-22 00:00:00+00:00,DAI,5,DeFiLlama,5251265002.0
2024-05-23 00:00:00+00:00,DAI,5,DeFiLlama,5245088503.0
2024-05-24 00:00:00+00:00,DAI,5,DeFiLlama,5213872930.0
2024-05-25 00:00:00+00:00,DAI,5,DeFiLlama,5222833432.0
2024-05-26 00:00:00+00:00,DAI,5,DeFiLlama,5219331611.0
2024-05-27 00:00:00+00:00,DAI,5,DeFiLlama,5200819542.0
2024-05-28 00:00:00+00:00,DAI,5,DeFiLlama,5249157238.0
2024-05-29 00:00:00+00:00,DAI,5,DeFiLlama,5243169657.0
2024-05-30 00:00:00+00:00,DAI,5,DeFiLlama,5236392346.0
2024-05-31 00:00:00+00:00,DAI,5,DeFiLlama,5263202066.0
2024-06-01 00:00:00+00:00,DAI,5,DeFiLlama,5220339281.0
2024-06-02 00:00:00+00:00,DAI,5,DeFiLlama,5229972810.0
2024-06-03 00:00:00+00:00,DAI,5,DeFiLlama,5194656885.0
2024-06-04 00:00:00+00:00,DAI,5,DeFiLlama,5162614163.0
2024-06-05 00:00:00+00:00,DAI,5,DeFiLlama,5173815563.0
2024-06-06 00:00:00+00:00,DAI,5,DeFiLlama,5219307277.0
2024-06-07 00:00:00+00:00,DAI,5,DeFiLlama,5180564897.0
2024-06-08 00:00:00+00:00,DAI,5,DeFiLlama,5190507944.0
2024-06-09 00:00:00+00:00,DAI,5,DeFiLlama,5174615173.0
2024-06-10 00:00:00+00:00,DAI,5,DeFiLlama,5184011889.0
2024-06-11 00:00:00+00:00,DAI,5,DeFiLlama,5212876396.0
2024-06-12 00:00:00+00:00,DAI,5,DeFiLlama,5204660715.0
2024-06-13 00:00:00+00:00,DAI,5,DeFiLlama,5204556378.0
2024-06-14 00:00:00+00:00,DAI,5,DeFiLlama,5181064992.0
2024-06-15 00:00:00+00:00,DAI,5,DeFiLlama,5134034035.0
2024-06-16 00:00:00+00:00,DAI,5,DeFiLlama,5154077105.0
2024-06-17 00:00:00+00:00,DAI,5,DeFiLlama,5150870396.0
2024-06-18 00:00:00+00:00,DAI,5,DeFiLlama,5180465930.0
2024-06-19 00:00:00+00:00,DAI,5,DeFiLlama,5172296115.0
2024-06-20 00:00:00+00:00,DAI,5,DeFiLlama,5160797792.0
2024-06-21 00:00:00+00:00,DAI,5,DeFiLlama,5098800443.0
2024-06-22 00:00:00+00:00,DAI,5,DeFiLlama,5084623791.0
2024-06-23 00:00:00+00:00,DAI,5,DeFiLlama,5120989095.0
2024-06-24 00:00:00+00:00,DAI,5,DeFiLlama,5119867091.0
2024-06-25 00:00:00+00:00,DAI,5,DeFiLlama,5097823454.0
2024-06-26 00:00:00+00:00,DAI,5,DeFiLlama,5105194146.0
2024-06-27 00:00:00+00:00,DAI,5,DeFiLlama,5054657644.0
2024-06-28 00:00:00+00:00,DAI,5,DeFiLlama,5083281992.0
2024-06-29 00:00:00+00:00,DAI,5,DeFiLlama,5041993048.0
2024-06-30 00:00:00+00:00,DAI,5,DeFiLlama,5059898651.0
2024-07-01 00:00:00+00:00,DAI,5,DeFiLlama,5006678278.0
2024-07-02 00:00:00+00:00,DAI,5,DeFiLlama,5067497885.0
2024-07-03 00:00:00+00:00,DAI,5,DeFiLlama,5098338444.0
2024-07-04 00:00:00+00:00,DAI,5,DeFiLlama,5087726504.0
2024-07-05 00:00:00+00:00,DAI,5,DeFiLlama,5058562218.0
2024-07-06 00:00:00+00:00,DAI,5,DeFiLlama,5111703920.0
2024-07-07 00:00:00+00:00,DAI,5,DeFiLlama,5232655544.0
2024-07-08 00:00:00+00:00,DAI,5,DeFiLlama,5231671277.0
2024-07-09 00:00:00+00:00,DAI,5,DeFiLlama,5157462490.0
2024-07-10 00:00:00+00:00,DAI,5,DeFiLlama,5171111382.0
2024-07-11 00:00:00+00:00,DAI,5,DeFiLlama,5172835705.0
2024-07-12 00:00:00+00:00,DAI,5,DeFiLlama,5191997432.0
2024-07-13 00:00:00+00:00,DAI,5,DeFiLlama,5223166878.0
2024-07-14 00:00:00+00:00,DAI,5,DeFiLlama,5275335098.0
2024-07-15 00:00:00+00:00,DAI,5,DeFiLlama,5261658715.0
2024-07-16 00:00:00+00:00,DAI,5,DeFiLlama,5246534840.0
2024-07-17 00:00:00+00:00,DAI,5,DeFiLlama,5268232509.0
2024-07-18 00:00:00+00:00,DAI,5,DeFiLlama,5240164439.0
2024-07-19 00:00:00+00:00,DAI,5,DeFiLlama,5221745754.0
2024-07-20 00:00:00+00:00,DAI,5,DeFiLlama,5267780159.0
2024-07-21 00:00:00+00:00,DAI,5,DeFiLlama,5382879132.0
2024-07-22 00:00:00+00:00,DAI,5,DeFiLlama,5335918261.0
2024-07-23 00:00:00+00:00,DAI,5,DeFiLlama,5243282092.0
2024-07-24 00:00:00+00:00,DAI,5,DeFiLlama,5231403626.0
2024-07-25 00:00:00+00:00,DAI,5,DeFiLlama,5194000256.0
2024-07-26 00:00:00+00:00,DAI,5,DeFiLlama,5180941646.0
2024-07-27 00:00:00+00:00,DAI,5,DeFiLlama,5158998851.0
2024-07-28 00:00:00+00:00,DAI,5,DeFiLlama,5187379354.0
2024-07-29 00:00:00+00:00,DAI,5,DeFiLlama,5184240282.0
2024-07-30 00:00:00+00:00,DAI,5,DeFiLlama,5139736752.0
2024-07-31 00:00:00+00:00,DAI,5,DeFiLlama,5211038903.0
2024-08-01 00:00:00+00:00,DAI,5,DeFiLlama,5191241942.0
2024-08-02 00:00:00+00:00,DAI,5,DeFiLlama,5181943056.0
2024-08-03 00:00:00+00:00,DAI,5,DeFiLlama,5162361401.0
2024-08-04 00:00:00+00:00,DAI,5,DeFiLlama,5162086491.0
2024-08-05 00:00:00+00:00,DAI,5,DeFiLlama,5192902067.0
2024-08-06 00:00:00+00:00,DAI,5,DeFiLlama,5136271254.0
2024-08-07 00:00:00+00:00,DAI,5,DeFiLlama,5154851686.0
2024-08-08 00:00:00+00:00,DAI,5,DeFiLlama,5158932474.0
2024-08-09 00:00:00+00:00,DAI,5,DeFiLlama,5148190829.0
2024-08-10 00:00:00+00:00,DAI,5,DeFiLlama,5134541826.0
2024-08-11 00:00:00+00:00,DAI,5,DeFiLlama,5135904738.0
2024-08-12 00:00:00+00:00,DAI,5,DeFiLlama,5125824935.0
2024-08-13 00:00:00+00:00,DAI,5,DeFiLlama,5117742373.0
2024-08-14 00:00:00+00:00,DAI,5,DeFiLlama,5111149139.0
2024-08-15 00:00:00+00:00,DAI,5,DeFiLlama,5150074409.0
2024-08-16 00:00:00+00:00,DAI,5,DeFiLlama,5139088908.0
2024-08-17 00:00:00+00:00,DAI,5,DeFiLlama,5154681987.0
2024-08-18 00:00:00+00:00,DAI,5,DeFiLlama,5165553940.0
2024-08-19 00:00:00+00:00,DAI,5,DeFiLlama,5157376358.0
2024-08-20 00:00:00+00:00,DAI,5,DeFiLlama,5097013305.0
2024-08-21 00:00:00+00:00,DAI,5,DeFiLlama,5086192559.0
2024-08-22 00:00:00+00:00,DAI,5,DeFiLlama,5073650972.0
2024-08-23 00:00:00+00:00,DAI,5,DeFiLlama,5069904952.0
2024-08-24 00:00:00+00:00,DAI,5,DeFiLlama,5064157693.0
2024-08-25 00:00:00+00:00,DAI,5,DeFiLlama,5061812234.0
2024-08-26 00:00:00+00:00,DAI,5,DeFiLlama,5069414666.0
2024-08-27 00:00:00+00:00,DAI,5,DeFiLlama,5236352183.0
2024-08-28 00:00:00+00:00,DAI,5,DeFiLlama,5261783784.0
2024-08-29 00:00:00+00:00,DAI,5,DeFiLlama,5256711964.0
2024-08-30 00:00:00+00:00,DAI,5,DeFiLlama,5252800988.0
2024-08-31 00:00:00+00:00,DAI,5,DeFiLlama,5247773476.0
2024-09-01 00:00:00+00:00,DAI,5,DeFiLlama,5239373914.0
2024-09-02 00:00:00+00:00,DAI,5,DeFiLlama,5253973951.0
2024-09-03 00:00:00+00:00,DAI,5,DeFiLlama,5245630965.0
2024-09-04 00:00:00+00:00,DAI,5,DeFiLlama,5260469202.0
2024-09-05 00:00:00+00:00,DAI,5,DeFiLlama,5191412673.0
2024-09-06 00:00:00+00:00,DAI,5,DeFiLlama,5162257231.0
2024-09-07 00:00:00+00:00,DAI,5,DeFiLlama,5269563382.0
2024-09-08 00:00:00+00:00,DAI,5,DeFiLlama,5284037270.0
2024-09-09 00:00:00+00:00,DAI,5,DeFiLlama,5292948066.0
2024-09-10 00:00:00+00:00,DAI,5,DeFiLlama,5272032680.0
2024-09-11 00:00:00+00:00,DAI,5,DeFiLlama,5276416756.0
2024-09-12 00:00:00+00:00,DAI,5,DeFiLlama,5283507994.0
2024-09-13 00:00:00+00:00,DAI,5,DeFiLlama,5290468033.0
2024-09-14 00:00:00+00:00,DAI,5,DeFiLlama,5317504718.0
2024-09-15 00:00:00+00:00,DAI,5,DeFiLlama,5334399331.0
2024-09-16 00:00:00+00:00,DAI,5,DeFiLlama,5336019406.0
2024-09-17 00:00:00+00:00,DAI,5,DeFiLlama,5330766680.0
2024-09-18 00:00:00+00:00,DAI,5,DeFiLlama,5294274070.0
2024-09-19 00:00:00+00:00,DAI,5,DeFiLlama,5248963362.0
2024-09-20 00:00:00+00:00,DAI,5,DeFiLlama,5143308716.0
2024-09-21 00:00:00+00:00,DAI,5,DeFiLlama,5064170284.0
2024-09-22 00:00:00+00:00,DAI,5,DeFiLlama,5069733686.0
2024-09-23 00:00:00+00:00,DAI,5,DeFiLlama,5057166727.0
2024-09-24 00:00:00+00:00,DAI,5,DeFiLlama,5104613408.0
2024-09-25 00:00:00+00:00,DAI,5,DeFiLlama,5025282288.0
2024-09-26 00:00:00+00:00,DAI,5,DeFiLlama,5070154460.0
2024-09-27 00:00:00+00:00,DAI,5,DeFiLlama,5082411943.0
2024-09-28 00:00:00+00:00,DAI,5,DeFiLlama,5003728332.0
2024-09-29 00:00:00+00:00,DAI,5,DeFiLlama,5006044896.0
2024-09-30 00:00:00+00:00,DAI,5,DeFiLlama,5028998841.0
2024-10-01 00:00:00+00:00,DAI,5,DeFiLlama,5031997598.0
2024-10-02 00:00:00+00:00,DAI,5,DeFiLlama,4829280536.0
2024-10-03 00:00:00+00:00,DAI,5,DeFiLlama,5033727891.0
2024-10-04 00:00:00+00:00,DAI,5,DeFiLlama,5004472959.0
2024-10-05 00:00:00+00:00,DAI,5,DeFiLlama,5001517457.0
2024-10-06 00:00:00+00:00,DAI,5,DeFiLlama,5006763509.0
2024-10-07 00:00:00+00:00,DAI,5,DeFiLlama,5007143210.0
2024-10-08 00:00:00+00:00,DAI,5,DeFiLlama,5220368074.0
2024-10-09 00:00:00+00:00,DAI,5,DeFiLlama,5207741227.0
2024-10-10 00:00:00+00:00,DAI,5,DeFiLlama,5178554108.0
2024-10-11 00:00:00+00:00,DAI,5,DeFiLlama,5165848894.0
2024-10-12 00:00:00+00:00,DAI,5,DeFiLlama,5144870249.0
2024-10-13 00:00:00+00:00,DAI,5,DeFiLlama,5156605629.0
2024-10-14 00:00:00+00:00,DAI,5,DeFiLlama,5150098882.0
2024-10-15 00:00:00+00:00,DAI,5,DeFiLlama,5114297731.0
2024-10-16 00:00:00+00:00,DAI,5,DeFiLlama,5115698980.0
2024-10-17 00:00:00+00:00,DAI,5,DeFiLlama,5127296611.0
2024-10-18 00:00:00+00:00,DAI,5,DeFiLlama,5099306905.0
2024-10-19 00:00:00+00:00,DAI,5,DeFiLlama,5105872823.0
2024-10-20 00:00:00+00:00,DAI,5,DeFiLlama,5102713168.0
2024-10-21 00:00:00+00:00,DAI,5,DeFiLlama,5108328360.0
2024-10-22 00:00:00+00:00,DAI,5,DeFiLlama,5037390714.0
2024-10-23 00:00:00+00:00,DAI,5,DeFiLlama,4971285257.0
2024-10-24 00:00:00+00:00,DAI,5,DeFiLlama,4952820927.0
2024-10-25 00:00:00+00:00,DAI,5,DeFiLlama,4935521233.0
2024-10-26 00:00:00+00:00,DAI,5,DeFiLlama,4882869773.0
2024-10-27 00:00:00+00:00,DAI,5,DeFiLlama,4927853719.0
2024-10-28 00:00:00+00:00,DAI,5,DeFiLlama,4908916414.0
2024-10-29 00:00:00+00:00,DAI,5,DeFiLlama,4866931877.0
2024-10-30 00:00:00+00:00,DAI,5,DeFiLlama,4902313470.0
2024-10-31 00:00:00+00:00,DAI,5,DeFiLlama,4928714800.0
2024-11-01 00:00:00+00:00,DAI,5,DeFiLlama,4818538160.0
2024-11-02 00:00:00+00:00,DAI,5,DeFiLlama,4884328359.0
2024-11-03 00:00:00+00:00,DAI,5,DeFiLlama,4866672663.0
2024-11-04 00:00:00+00:00,DAI,5,DeFiLlama,4879470757.0
2024-11-05 00:00:00+00:00,DAI,5,DeFiLlama,4886089283.0
2024-11-06 00:00:00+00:00,DAI,5,DeFiLlama,4764243334.0
2024-11-07 00:00:00+00:00,DAI,5,DeFiLlama,4794503001.0
2024-11-08 00:00:00+00:00,DAI,5,DeFiLlama,4712185843.0
2024-11-09 00:00:00+00:00,DAI,5,DeFiLlama,4741248085.0
2024-11-10 00:00:00+00:00,DAI,5,DeFiLlama,4737559186.0
2024-11-11 00:00:00+00:00,DAI,5,DeFiLlama,4741285322.0
2024-11-12 00:00:00+00:00,DAI,5,DeFiLlama,4723586071.0
2024-11-13 00:00:00+00:00,DAI,5,DeFiLlama,4618673104.0
2024-11-14 00:00:00+00:00,DAI,5,DeFiLlama,4654051608.0
2024-11-15 00:00:00+00:00,DAI,5,DeFiLlama,4652819624.0
2024-11-16 00:00:00+00:00,DAI,5,DeFiLlama,4643107775.0
2024-11-17 00:00:00+00:00,DAI,5,DeFiLlama,4657339688.0
2024-11-18 00:00:00+00:00,DAI,5,DeFiLlama,4662856137.0
2024-11-19 00:00:00+00:00,DAI,5,DeFiLlama,4645233624.0
2024-11-20 00:00:00+00:00,DAI,5,DeFiLlama,4701565354.0
2024-11-21 00:00:00+00:00,DAI,5,DeFiLlama,4732346767.0
2024-11-22 00:00:00+00:00,DAI,5,DeFiLlama,4740551451.0
2024-11-23 00:00:00+00:00,DAI,5,DeFiLlama,4709918464.0
2024-11-24 00:00:00+00:00,DAI,5,DeFiLlama,4759435722.0
2024-11-25 00:00:00+00:00,DAI,5,DeFiLlama,4728650180.0
2024-11-26 00:00:00+00:00,DAI,5,DeFiLlama,4715315485.0
2024-11-27 00:00:00+00:00,DAI,5,DeFiLlama,4616941456.0
2024-11-28 00:00:00+00:00,DAI,5,DeFiLlama,4725902720.0
2024-11-29 00:00:00+00:00,DAI,5,DeFiLlama,4727557905.0
2024-11-30 00:00:00+00:00,DAI,5,DeFiLlama,4748066014.0
2024-12-01 00:00:00+00:00,DAI,5,DeFiLlama,4679310592.0
2024-12-02 00:00:00+00:00,DAI,5,DeFiLlama,4698764800.0
2024-12-03 00:00:00+00:00,DAI,5,DeFiLlama,4705868149.0
2024-12-04 00:00:00+00:00,DAI,5,DeFiLlama,4694759652.0
2024-12-05 00:00:00+00:00,DAI,5,DeFiLlama,4640341201.0
2024-12-06 00:00:00+00:00,DAI,5,DeFiLlama,4564209426.0
2024-12-07 00:00:00+00:00,DAI,5,DeFiLlama,4549043866.0
2024-12-08 00:00:00+00:00,DAI,5,DeFiLlama,4541429208.0
2024-12-09 00:00:00+00:00,DAI,5,DeFiLlama,4575583791.0
2024-12-10 00:00:00+00:00,DAI,5,DeFiLlama,4478837773.0
2024-12-11 00:00:00+00:00,DAI,5,DeFiLlama,4501471725.0
2024-12-12 00:00:00+00:00,DAI,5,DeFiLlama,4522339409.0
2024-12-13 00:00:00+00:00,DAI,5,DeFiLlama,4500935461.0
2024-12-14 00:00:00+00:00,DAI,5,DeFiLlama,4522955041.0
2024-12-15 00:00:00+00:00,DAI,5,DeFiLlama,4539556088.0
2024-12-16 00:00:00+00:00,DAI,5,DeFiLlama,4501507022.0
2024-12-17 00:00:00+00:00,DAI,5,DeFiLlama,4531571169.0
2024-12-18 00:00:00+00:00,DAI,5,DeFiLlama,4540925916.0
2024-12-19 00:00:00+00:00,DAI,5,DeFiLlama,4515930271.0
2024-12-20 00:00:00+00:00,DAI,5,DeFiLlama,4509430551.0
2024-12-21 00:00:00+00:00,DAI,5,DeFiLlama,4438585861.0
2024-12-22 00:00:00+00:00,DAI,5,DeFiLlama,4447050653.0
2024-12-23 00:00:00+00:00,DAI,5,DeFiLlama,4416094407.0
2024-12-24 00:00:00+00:00,DAI,5,DeFiLlama,4428784357.0
2024-12-25 00:00:00+00:00,DAI,5,DeFiLlama,4440612815.0
2024-12-26 00:00:00+00:00,DAI,5,DeFiLlama,4468939887.0
2024-12-27 00:00:00+00:00,DAI,5,DeFiLlama,4478842708.0
2024-12-28 00:00:00+00:00,DAI,5,DeFiLlama,4448738907.0
2024-12-29 00:00:00+00:00,DAI,5,DeFiLlama,4448352261.0
2024-12-30 00:00:00+00:00,DAI,5,DeFiLlama,4327291875.0
2024-12-31 00:00:00+00:00,DAI,5,DeFiLlama,4416796697.0
2025-01-01 00:00:00+00:00,DAI,5,DeFiLlama,4378453623.0
2025-01-02 00:00:00+00:00,DAI,5,DeFiLlama,4294311408.0
2025-01-03 00:00:00+00:00,DAI,5,DeFiLlama,4409342550.0
2025-01-04 00:00:00+00:00,DAI,5,DeFiLlama,4448416326.0
2025-01-05 00:00:00+00:00,DAI,5,DeFiLlama,4462045779.0
2025-01-06 00:00:00+00:00,DAI,5,DeFiLlama,4474339673.0
2025-01-07 00:00:00+00:00,DAI,5,DeFiLlama,4488733426.0
2025-01-08 00:00:00+00:00,DAI,5,DeFiLlama,4447470054.0
2025-01-09 00:00:00+00:00,DAI,5,DeFiLlama,4444059899.0
2025-01-10 00:00:00+00:00,DAI,5,DeFiLlama,4463269324.0
2025-01-11 00:00:00+00:00,DAI,5,DeFiLlama,4431405719.0
2025-01-12 00:00:00+00:00,DAI,5,DeFiLlama,4415898565.0
2025-01-13 00:00:00+00:00,DAI,5,DeFiLlama,4489430389.0
2025-01-14 00:00:00+00:00,DAI,5,DeFiLlama,4514065085.0
2025-01-15 00:00:00+00:00,DAI,5,DeFiLlama,4524249004.0
2025-01-16 00:00:00+00:00,DAI,5,DeFiLlama,4676271538.0
2025-01-17 00:00:00+00:00,DAI,5,DeFiLlama,4626015840.0
2025-01-18 00:00:00+00:00,DAI,5,DeFiLlama,4719181772.0
2025-01-19 00:00:00+00:00,DAI,5,DeFiLlama,4664147565.0
2025-01-20 00:00:00+00:00,DAI,5,DeFiLlama,4595308477.0
2025-01-21 00:00:00+00:00,DAI,5,DeFiLlama,4606617642.0
2025-01-22 00:00:00+00:00,DAI,5,DeFiLlama,4646228006.0
2025-01-23 00:00:00+00:00,DAI,5,DeFiLlama,4660060654.0
2025-01-24 00:00:00+00:00,DAI,5,DeFiLlama,4671824446.0
2025-01-25 00:00:00+00:00,DAI,5,DeFiLlama,4710427041.0
2025-01-26 00:00:00+00:00,DAI,5,DeFiLlama,4719681071.0
2025-01-27 00:00:00+00:00,DAI,5,DeFiLlama,4719078066.0
2025-01-28 00:00:00+00:00,DAI,5,DeFiLlama,4628354124.0
2025-01-29 00:00:00+00:00,DAI,5,DeFiLlama,4673413666.0
2025-01-30 00:00:00+00:00,DAI,5,DeFiLlama,4700762241.0
2025-01-31 00:00:00+00:00,DAI,5,DeFiLlama,4694583248.0
2025-02-01 00:00:00+00:00,DAI,5,DeFiLlama,4671842670.0
2025-02-02 00:00:00+00:00,DAI,5,DeFiLlama,4641515863.0
2025-02-03 00:00:00+00:00,DAI,5,DeFiLlama,4576424327.0
2025-02-04 00:00:00+00:00,DAI,5,DeFiLlama,4540029323.0
2025-02-05 00:00:00+00:00,DAI,5,DeFiLlama,4533148697.0
2025-02-06 00:00:00+00:00,DAI,5,DeFiLlama,4532439674.0
2025-02-07 00:00:00+00:00,DAI,5,DeFiLlama,4565892359.0
2025-02-08 00:00:00+00:00,DAI,5,DeFiLlama,4562149987.0
2025-02-09 00:00:00+00:00,DAI,5,DeFiLlama,4517027676.0
2025-02-10 00:00:00+00:00,DAI,5,DeFiLlama,4502451258.0
2025-02-11 00:00:00+00:00,DAI,5,DeFiLlama,4484366137.0
2025-02-12 00:00:00+00:00,DAI,5,DeFiLlama,4504901067.0
2025-02-13 00:00:00+00:00,DAI,5,DeFiLlama,4518505066.0
2025-02-14 00:00:00+00:00,DAI,5,DeFiLlama,4558976956.0
2025-02-15 00:00:00+00:00,DAI,5,DeFiLlama,4583041650.0
2025-02-16 00:00:00+00:00,DAI,5,DeFiLlama,4617335896.0
2025-02-17 00:00:00+00:00,DAI,5,DeFiLlama,4618169186.0
2025-02-18 00:00:00+00:00,DAI,5,DeFiLlama,4635186665.0
2025-02-19 00:00:00+00:00,DAI,5,DeFiLlama,4646345220.0
2025-02-20 00:00:00+00:00,DAI,5,DeFiLlama,4687043019.0
2025-02-21 00:00:00+00:00,DAI,5,DeFiLlama,4740267033.0
2025-02-22 00:00:00+00:00,DAI,5,DeFiLlama,4622905996.0
2025-02-23 00:00:00+00:00,DAI,5,DeFiLlama,4668940896.0
2025-02-24 00:00:00+00:00,DAI,5,DeFiLlama,4698816176.0
2025-02-25 00:00:00+00:00,DAI,5,DeFiLlama,4626022389.0
2025-02-26 00:00:00+00:00,DAI,5,DeFiLlama,4404129586.0
2025-02-27 00:00:00+00:00,DAI,5,DeFiLlama,4299469858.0
2025-02-28 00:00:00+00:00,DAI,5,DeFiLlama,4286614827.0
2025-03-01 00:00:00+00:00,DAI,5,DeFiLlama,4345152052.0
2025-03-02 00:00:00+00:00,DAI,5,DeFiLlama,4358487123.0
2025-03-03 00:00:00+00:00,DAI,5,DeFiLlama,4396657512.0
2025-03-04 00:00:00+00:00,DAI,5,DeFiLlama,4393564541.0
2025-03-05 00:00:00+00:00,DAI,5,DeFiLlama,4406799538.0
2025-03-06 00:00:00+00:00,DAI,5,DeFiLlama,4408795244.0
2025-03-07 00:00:00+00:00,DAI,5,DeFiLlama,4417835096.0
2025-03-08 00:00:00+00:00,DAI,5,DeFiLlama,4403267862.0
2025-03-09 00:00:00+00:00,DAI,5,DeFiLlama,4400530509.0
2025-03-10 00:00:00+00:00,DAI,5,DeFiLlama,4387436708.0
2025-03-11 00:00:00+00:00,DAI,5,DeFiLlama,4275846395.0
2025-03-12 00:00:00+00:00,DAI,5,DeFiLlama,4214488745.0
2025-03-13 00:00:00+00:00,DAI,5,DeFiLlama,4222755338.0
2025-03-14 00:00:00+00:00,DAI,5,DeFiLlama,4185269871.0
2025-03-15 00:00:00+00:00,DAI,5,DeFiLlama,4205401956.0
2025-03-16 00:00:00+00:00,DAI,5,DeFiLlama,4224068338.0
2025-03-17 00:00:00+00:00,DAI,5,DeFiLlama,4225527133.0
2025-03-18 00:00:00+00:00,DAI,5,DeFiLlama,4229236540.0
2025-03-19 00:00:00+00:00,DAI,5,DeFiLlama,4243213170.0
2025-03-20 00:00:00+00:00,DAI,5,DeFiLlama,4263542918.0
2025-03-21 00:00:00+00:00,DAI,5,DeFiLlama,4221769775.0
2025-03-22 00:00:00+00:00,DAI,5,DeFiLlama,4163731808.0
2025-03-23 00:00:00+00:00,DAI,5,DeFiLlama,4163044153.0
2025-03-24 00:00:00+00:00,DAI,5,DeFiLlama,4181421081.0
2025-03-25 00:00:00+00:00,DAI,5,DeFiLlama,4318003594.0
2025-03-26 00:00:00+00:00,DAI,5,DeFiLlama,4308774846.0
2025-03-27 00:00:00+00:00,DAI,5,DeFiLlama,4317481874.0
2025-03-28 00:00:00+00:00,DAI,5,DeFiLlama,4292071171.0
2025-03-29 00:00:00+00:00,DAI,5,DeFiLlama,4142129424.0
2025-03-30 00:00:00+00:00,DAI,5,DeFiLlama,4150024495.0
2025-03-31 00:00:00+00:00,DAI,5,DeFiLlama,4153515803.0
2025-04-01 00:00:00+00:00,DAI,5,DeFiLlama,4197839867.0
2025-04-02 00:00:00+00:00,DAI,5,DeFiLlama,4228737039.0
2025-04-03 00:00:00+00:00,DAI,5,DeFiLlama,4168585470.0
2025-04-04 00:00:00+00:00,DAI,5,DeFiLlama,4167249812.0
2025-04-05 00:00:00+00:00,DAI,5,DeFiLlama,4121915818.0
2025-04-06 00:00:00+00:00,DAI,5,DeFiLlama,4148502048.0
2025-04-07 00:00:00+00:00,DAI,5,DeFiLlama,4132238650.0
2025-04-08 00:00:00+00:00,DAI,5,DeFiLlama,4108313367.0
2025-04-09 00:00:00+00:00,DAI,5,DeFiLlama,4045459578.0
2025-04-10 00:00:00+00:00,DAI,5,DeFiLlama,4040428877.0
2025-04-11 00:00:00+00:00,DAI,5,DeFiLlama,4013469778.0
2025-04-12 00:00:00+00:00,DAI,5,DeFiLlama,3983345226.0
2025-04-13 00:00:00+00:00,DAI,5,DeFiLlama,3997808141.0
2025-04-14 00:00:00+00:00,DAI,5,DeFiLlama,3998481538.0
2025-04-15 00:00:00+00:00,DAI,5,DeFiLlama,4008180165.0
2025-04-16 00:00:00+00:00,DAI,5,DeFiLlama,4041497102.0
2025-04-17 00:00:00+00:00,DAI,5,DeFiLlama,4059098486.0
2025-04-18 00:00:00+00:00,DAI,5,DeFiLlama,4055727593.0
2025-04-19 00:00:00+00:00,DAI,5,DeFiLlama,3995975344.0
2025-04-20 00:00:00+00:00,DAI,5,DeFiLlama,4018734882.0
2025-04-21 00:00:00+00:00,DAI,5,DeFiLlama,4022274954.0
2025-04-22 00:00:00+00:00,DAI,5,DeFiLlama,4050501776.0
2025-04-23 00:00:00+00:00,DAI,5,DeFiLlama,4121578815.0
2025-04-24 00:00:00+00:00,DAI,5,DeFiLlama,4112749848.0
2025-04-25 00:00:00+00:00,DAI,5,DeFiLlama,4123107052.0
2025-04-26 00:00:00+00:00,DAI,5,DeFiLlama,4142389353.0
2025-04-27 00:00:00+00:00,DAI,5,DeFiLlama,4146115444.0
2025-04-28 00:00:00+00:00,DAI,5,DeFiLlama,4151718093.0
2025-04-29 00:00:00+00:00,DAI,5,DeFiLlama,4114706366.0
2025-04-30 00:00:00+00:00,DAI,5,DeFiLlama,4116205211.0
2025-05-01 00:00:00+00:00,DAI,5,DeFiLlama,4117516229.0
2025-05-02 00:00:00+00:00,DAI,5,DeFiLlama,4103921264.0
2025-05-03 00:00:00+00:00,DAI,5,DeFiLlama,4103398532.0
2025-05-04 00:00:00+00:00,DAI,5,DeFiLlama,4109666189.0
2025-05-05 00:00:00+00:00,DAI,5,DeFiLlama,4135571827.0
2025-05-06 00:00:00+00:00,DAI,5,DeFiLlama,4111797642.0
2025-05-07 00:00:00+00:00,DAI,5,DeFiLlama,4155693211.0
2025-05-08 00:00:00+00:00,DAI,5,DeFiLlama,4166420644.0
2025-05-09 00:00:00+00:00,DAI,5,DeFiLlama,4232518018.0
2025-05-10 00:00:00+00:00,DAI,5,DeFiLlama,4338183442.0
2025-05-11 00:00:00+00:00,DAI,5,DeFiLlama,4372844839.0
2025-05-12 00:00:00+00:00,DAI,5,DeFiLlama,4440040166.0
2025-05-13 00:00:00+00:00,DAI,5,DeFiLlama,4480445605.0
2025-05-14 00:00:00+00:00,DAI,5,DeFiLlama,4516947316.0
2025-05-15 00:00:00+00:00,DAI,5,DeFiLlama,4527415589.0
2025-05-16 00:00:00+00:00,DAI,5,DeFiLlama,4517497019.0
2025-05-17 00:00:00+00:00,DAI,5,DeFiLlama,4514040694.0
2025-05-18 00:00:00+00:00,DAI,5,DeFiLlama,4509965326.0
2025-05-19 00:00:00+00:00,DAI,5,DeFiLlama,4499706212.0
2025-05-20 00:00:00+00:00,DAI,5,DeFiLlama,4496472589.0
2025-05-21 00:00:00+00:00,DAI,5,DeFiLlama,4523206915.0
2025-05-22 00:00:00+00:00,DAI,5,DeFiLlama,4536588342.0
2025-05-23 00:00:00+00:00,DAI,5,DeFiLlama,4652215854.0
2025-05-24 00:00:00+00:00,DAI,5,DeFiLlama,4512499033.0
2025-05-25 00:00:00+00:00,DAI,5,DeFiLlama,4522266049.0
2025-05-26 00:00:00+00:00,DAI,5,DeFiLlama,4520030403.0
2025-05-27 00:00:00+00:00,DAI,5,DeFiLlama,4514608899.0
2025-05-28 00:00:00+00:00,DAI,5,DeFiLlama,4532954333.0
2025-05-29 00:00:00+00:00,DAI,5,DeFiLlama,4575903026.0
2025-05-30 00:00:00+00:00,DAI,5,DeFiLlama,4707897741.0
2025-05-31 00:00:00+00:00,DAI,5,DeFiLlama,4712361266.0
2025-06-01 00:00:00+00:00,DAI,5,DeFiLlama,4783949054.0
2025-06-02 00:00:00+00:00,DAI,5,DeFiLlama,4760643820.0
2025-06-03 00:00:00+00:00,DAI,5,DeFiLlama,4316411162.0
2025-06-04 00:00:00+00:00,DAI,5,DeFiLlama,4374860713.0
2025-06-05 00:00:00+00:00,DAI,5,DeFiLlama,4320423785.0
2025-06-06 00:00:00+00:00,DAI,5,DeFiLlama,4325511084.0
2025-06-07 00:00:00+00:00,DAI,5,DeFiLlama,4358561962.0
2025-06-08 00:00:00+00:00,DAI,5,DeFiLlama,4350946517.0
2025-06-09 00:00:00+00:00,DAI,5,DeFiLlama,4352552000.0
2025-06-10 00:00:00+00:00,DAI,5,DeFiLlama,4376625747.0
2025-06-11 00:00:00+00:00,DAI,5,DeFiLlama,4407681187.0
2025-06-12 00:00:00+00:00,DAI,5,DeFiLlama,4444617283.0
2025-06-13 00:00:00+00:00,DAI,5,DeFiLlama,4411675212.0
2025-06-14 00:00:00+00:00,DAI,5,DeFiLlama,4374843379.0
2025-06-15 00:00:00+00:00,DAI,5,DeFiLlama,4366409760.0
2025-06-16 00:00:00+00:00,DAI,5,DeFiLlama,4361399219.0
2025-06-17 00:00:00+00:00,DAI,5,DeFiLlama,4363093970.0
2025-06-18 00:00:00+00:00,DAI,5,DeFiLlama,4548921448.0
2025-06-19 00:00:00+00:00,DAI,5,DeFiLlama,4615117730.0
2025-06-20 00:00:00+00:00,DAI,5,DeFiLlama,4484850250.0
2025-06-21 00:00:00+00:00,DAI,5,DeFiLlama,4454862709.0
2025-06-22 00:00:00+00:00,DAI,5,DeFiLlama,4456138978.0
2025-06-23 00:00:00+00:00,DAI,5,DeFiLlama,4454274984.0
2025-06-24 00:00:00+00:00,DAI,5,DeFiLlama,4369210692.0
2025-06-25 00:00:00+00:00,DAI,5,DeFiLlama,4363536112.0
2025-06-26 00:00:00+00:00,DAI,5,DeFiLlama,4334674944.0
2025-06-27 00:00:00+00:00,DAI,5,DeFiLlama,4334004522.0
2025-06-28 00:00:00+00:00,DAI,5,DeFiLlama,4327349553.0
2025-06-29 00:00:00+00:00,DAI,5,DeFiLlama,4323901069.0
2025-06-30 00:00:00+00:00,DAI,5,DeFiLlama,4293050506.0
2025-07-01 00:00:00+00:00,DAI,5,DeFiLlama,4282819834.0
2025-07-02 00:00:00+00:00,DAI,5,DeFiLlama,4272950525.0
2025-07-03 00:00:00+00:00,DAI,5,DeFiLlama,4281751438.0
2025-07-04 00:00:00+00:00,DAI,5,DeFiLlama,4287637090.0
2025-07-05 00:00:00+00:00,DAI,5,DeFiLlama,4323799038.0
2025-07-06 00:00:00+00:00,DAI,5,DeFiLlama,4318367286.0
2025-07-07 00:00:00+00:00,DAI,5,DeFiLlama,4324140469.0
2025-07-08 00:00:00+00:00,DAI,5,DeFiLlama,4301874887.0
2025-07-09 00:00:00+00:00,DAI,5,DeFiLlama,4312471548.0
2025-07-10 00:00:00+00:00,DAI,5,DeFiLlama,4328370489.0
2025-07-11 00:00:00+00:00,DAI,5,DeFiLlama,4338807615.0
2025-07-12 00:00:00+00:00,DAI,5,DeFiLlama,4322697758.0
2025-07-13 00:00:00+00:00,DAI,5,DeFiLlama,4307585599.0
2025-07-14 00:00:00+00:00,DAI,5,DeFiLlama,4322376883.0
2025-07-15 00:00:00+00:00,DAI,5,DeFiLlama,4316276986.0
2025-07-16 00:00:00+00:00,DAI,5,DeFiLlama,4321148560.0
2025-07-17 00:00:00+00:00,DAI,5,DeFiLlama,4345363947.0
2025-07-18 00:00:00+00:00,DAI,5,DeFiLlama,4357496929.0
2025-07-19 00:00:00+00:00,DAI,5,DeFiLlama,4382778226.0
2025-07-20 00:00:00+00:00,DAI,5,DeFiLlama,4367025397.0
2025-07-21 00:00:00+00:00,DAI,5,DeFiLlama,4352571536.0
2025-07-22 00:00:00+00:00,DAI,5,DeFiLlama,4358121099.0
2025-07-23 00:00:00+00:00,DAI,5,DeFiLlama,4352264424.0
2025-07-24 00:00:00+00:00,DAI,5,DeFiLlama,4352776897.0
2025-07-25 00:00:00+00:00,DAI,5,DeFiLlama,4336517427.0
2025-07-26 00:00:00+00:00,DAI,5,DeFiLlama,4327749871.0
2025-07-27 00:00:00+00:00,DAI,5,DeFiLlama,4370269670.0
2025-07-28 00:00:00+00:00,DAI,5,DeFiLlama,4366660161.0
2025-07-29 00:00:00+00:00,DAI,5,DeFiLlama,4363508407.0
2025-07-30 00:00:00+00:00,DAI,5,DeFiLlama,4348209281.0
2025-07-31 00:00:00+00:00,DAI,5,DeFiLlama,4344377331.0
2025-08-01 00:00:00+00:00,DAI,5,DeFiLlama,4335374174.0
2025-08-02 00:00:00+00:00,DAI,5,DeFiLlama,4305662306.0
2025-08-03 00:00:00+00:00,DAI,5,DeFiLlama,4305386026.0
2025-08-04 00:00:00+00:00,DAI,5,DeFiLlama,4330332300.0
2025-08-05 00:00:00+00:00,DAI,5,DeFiLlama,4331736204.0
2025-08-06 00:00:00+00:00,DAI,5,DeFiLlama,4326660717.0
2025-08-07 00:00:00+00:00,DAI,5,DeFiLlama,4316393227.0
2025-08-08 00:00:00+00:00,DAI,5,DeFiLlama,4361483857.0
2025-08-09 00:00:00+00:00,DAI,5,DeFiLlama,4375029669.0
2025-08-10 00:00:00+00:00,DAI,5,DeFiLlama,4392050247.0
2025-08-11 00:00:00+00:00,DAI,5,DeFiLlama,4396147067.0
2025-08-12 00:00:00+00:00,DAI,5,DeFiLlama,4457577553.0
2025-08-13 00:00:00+00:00,DAI,5,DeFiLlama,4446722000.0
2025-08-14 00:00:00+00:00,DAI,5,DeFiLlama,4505758136.0
2025-08-15 00:00:00+00:00,DAI,5,DeFiLlama,4615527729.0
2025-08-16 00:00:00+00:00,DAI,5,DeFiLlama,4623159361.0
2025-08-17 00:00:00+00:00,DAI,5,DeFiLlama,4622747900.0
2025-08-18 00:00:00+00:00,DAI,5,DeFiLlama,4697675643.0
2025-08-19 00:00:00+00:00,DAI,5,DeFiLlama,4697355779.0
2025-08-20 00:00:00+00:00,DAI,5,DeFiLlama,4856730643.0
2025-08-21 00:00:00+00:00,DAI,5,DeFiLlama,4855934139.0
2025-08-22 00:00:00+00:00,DAI,5,DeFiLlama,4785108082.0
2025-08-23 00:00:00+00:00,DAI,5,DeFiLlama,4786098805.0
2025-08-24 00:00:00+00:00,DAI,5,DeFiLlama,4870739229.0
2025-08-25 00:00:00+00:00,DAI,5,DeFiLlama,4936127717.0
2025-08-26 00:00:00+00:00,DAI,5,DeFiLlama,5124834121.0
2025-08-27 00:00:00+00:00,DAI,5,DeFiLlama,5091613832.0
2025-08-28 00:00:00+00:00,DAI,5,DeFiLlama,5192502607.0
2025-08-29 00:00:00+00:00,DAI,5,DeFiLlama,5262462719.0
2025-08-30 00:00:00+00:00,DAI,5,DeFiLlama,5221935837.0
2025-08-31 00:00:00+00:00,DAI,5,DeFiLlama,5176225876.0
2025-09-01 00:00:00+00:00,DAI,5,DeFiLlama,5130237430.0
2025-09-02 00:00:00+00:00,DAI,5,DeFiLlama,5187889523.0
2025-09-03 00:00:00+00:00,DAI,5,DeFiLlama,5159423397.0
2025-09-04 00:00:00+00:00,DAI,5,DeFiLlama,5146855964.0
2025-09-05 00:00:00+00:00,DAI,5,DeFiLlama,5123561395.0
2025-09-06 00:00:00+00:00,DAI,5,DeFiLlama,5084183478.0
2025-09-07 00:00:00+00:00,DAI,5,DeFiLlama,5016931159.0
2025-09-08 00:00:00+00:00,DAI,5,DeFiLlama,5011158583.0
2025-09-09 00:00:00+00:00,DAI,5,DeFiLlama,4965718772.0
2025-09-10 00:00:00+00:00,DAI,5,DeFiLlama,4970884070.0
2025-09-11 00:00:00+00:00,DAI,5,DeFiLlama,4965927850.0
2025-09-12 00:00:00+00:00,DAI,5,DeFiLlama,4978480555.0
2025-09-13 00:00:00+00:00,DAI,5,DeFiLlama,5037361207.0
2025-09-14 00:00:00+00:00,DAI,5,DeFiLlama,5101573943.0
2025-09-15 00:00:00+00:00,DAI,5,DeFiLlama,5105901707.0
2025-09-16 00:00:00+00:00,DAI,5,DeFiLlama,5094616040.0
2025-09-17 00:00:00+00:00,DAI,5,DeFiLlama,5103937327.0
2025-09-18 00:00:00+00:00,DAI,5,DeFiLlama,5093277625.0
2025-09-19 00:00:00+00:00,DAI,5,DeFiLlama,5092099288.0
2025-09-20 00:00:00+00:00,DAI,5,DeFiLlama,5110287556.0
2025-09-21 00:00:00+00:00,DAI,5,DeFiLlama,5145476632.0
2025-09-22 00:00:00+00:00,DAI,5,DeFiLlama,5201069036.0
2025-09-23 00:00:00+00:00,DAI,5,DeFiLlama,5189108494.0
2025-09-24 00:00:00+00:00,DAI,5,DeFiLlama,5168269406.0
2025-09-25 00:00:00+00:00,DAI,5,DeFiLlama,5179839877.0
2025-09-26 00:00:00+00:00,DAI,5,DeFiLlama,5365321575.0
2025-09-27 00:00:00+00:00,DAI,5,DeFiLlama,5096448354.0
2025-09-28 00:00:00+00:00,DAI,5,DeFiLlama,5073272064.0
2025-09-29 00:00:00+00:00,DAI,5,DeFiLlama,5091287970.0
2025-09-30 00:00:00+00:00,DAI,5,DeFiLlama,5076995801.0
2025-10-01 00:00:00+00:00,DAI,5,DeFiLlama,5070188217.0
2025-10-02 00:00:00+00:00,DAI,5,DeFiLlama,5070414296.0
2025-10-03 00:00:00+00:00,DAI,5,DeFiLlama,5016111989.0
2025-10-04 00:00:00+00:00,DAI,5,DeFiLlama,5046365542.0
2025-10-05 00:00:00+00:00,DAI,5,DeFiLlama,5041004576.0
2025-10-06 00:00:00+00:00,DAI,5,DeFiLlama,5025136001.0
2025-10-07 00:00:00+00:00,DAI,5,DeFiLlama,5011949923.0
2025-10-08 00:00:00+00:00,DAI,5,DeFiLlama,5010876055.0
2025-10-09 00:00:00+00:00,DAI,5,DeFiLlama,5020688370.0
2025-10-10 00:00:00+00:00,DAI,5,DeFiLlama,5083407884.0
2025-10-11 00:00:00+00:00,DAI,5,DeFiLlama,5091118190.0
2025-10-12 00:00:00+00:00,DAI,5,DeFiLlama,5112726398.0
2025-10-13 00:00:00+00:00,DAI,5,DeFiLlama,5058556704.0
2025-10-14 00:00:00+00:00,DAI,5,DeFiLlama,4999163980.0
2025-10-15 00:00:00+00:00,DAI,5,DeFiLlama,5012385312.0
2025-10-16 00:00:00+00:00,DAI,5,DeFiLlama,5033817932.0
2025-10-17 00:00:00+00:00,DAI,5,DeFiLlama,5059956136.0
2025-10-18 00:00:00+00:00,DAI,5,DeFiLlama,5039488172.0
2025-10-19 00:00:00+00:00,DAI,5,DeFiLlama,5070811468.0
2025-10-20 00:00:00+00:00,DAI,5,DeFiLlama,5096072095.0
2025-10-21 00:00:00+00:00,DAI,5,DeFiLlama,5140351023.0
2025-10-22 00:00:00+00:00,DAI,5,DeFiLlama,5102326021.0
2025-10-23 00:00:00+00:00,DAI,5,DeFiLlama,5136140760.0
2025-10-24 00:00:00+00:00,DAI,5,DeFiLlama,5138313170.0
2025-10-25 00:00:00+00:00,DAI,5,DeFiLlama,5146227232.0
2025-10-26 00:00:00+00:00,DAI,5,DeFiLlama,5155861758.0
2025-10-27 00:00:00+00:00,DAI,5,DeFiLlama,5127939997.0
2025-10-28 00:00:00+00:00,DAI,5,DeFiLlama,5125481333.0
2025-10-29 00:00:00+00:00,DAI,5,DeFiLlama,5128378817.0
2025-10-30 00:00:00+00:00,DAI,5,DeFiLlama,4873914163.0
2025-10-31 00:00:00+00:00,DAI,5,DeFiLlama,5120965548.0
2025-11-01 00:00:00+00:00,DAI,5,DeFiLlama,5096261813.0
2025-11-02 00:00:00+00:00,DAI,5,DeFiLlama,5090619815.0
2025-11-03 00:00:00+00:00,DAI,5,DeFiLlama,5112802296.0
2025-11-04 00:00:00+00:00,DAI,5,DeFiLlama,5150298477.0
2025-11-05 00:00:00+00:00,DAI,5,DeFiLlama,5106964113.0
2025-11-06 00:00:00+00:00,DAI,5,DeFiLlama,5047179548.0
2025-11-07 00:00:00+00:00,DAI,5,DeFiLlama,4999921640.0
2025-11-08 00:00:00+00:00,DAI,5,DeFiLlama,4873505315.0
2025-11-09 00:00:00+00:00,DAI,5,DeFiLlama,4882881278.0
2025-11-10 00:00:00+00:00,DAI,5,DeFiLlama,4869969711.0
2025-11-11 00:00:00+00:00,DAI,5,DeFiLlama,4910535690.0
2025-11-12 00:00:00+00:00,DAI,5,DeFiLlama,4894715637.0
2025-11-13 00:00:00+00:00,DAI,5,DeFiLlama,4881063404.0
2025-11-14 00:00:00+00:00,DAI,5,DeFiLlama,4872708236.0
2025-11-15 00:00:00+00:00,DAI,5,DeFiLlama,4852746432.0
2025-11-16 00:00:00+00:00,DAI,5,DeFiLlama,4850503044.0
2025-11-17 00:00:00+00:00,DAI,5,DeFiLlama,4848566561.0
2025-11-18 00:00:00+00:00,DAI,5,DeFiLlama,4838387962.0
2025-11-19 00:00:00+00:00,DAI,5,DeFiLlama,4856119753.0
2025-11-20 00:00:00+00:00,DAI,5,DeFiLlama,4820836571.0
2025-11-21 00:00:00+00:00,DAI,5,DeFiLlama,4813437311.0
2025-11-22 00:00:00+00:00,DAI,5,DeFiLlama,4734014782.0
2025-11-23 00:00:00+00:00,DAI,5,DeFiLlama,4721372710.0
2025-11-24 00:00:00+00:00,DAI,5,DeFiLlama,4735212248.0
2025-11-25 00:00:00+00:00,DAI,5,DeFiLlama,4756340239.0
2025-11-26 00:00:00+00:00,DAI,5,DeFiLlama,4773055619.0
2025-11-27 00:00:00+00:00,DAI,5,DeFiLlama,4785680604.0
2025-11-28 00:00:00+00:00,DAI,5,DeFiLlama,4770461506.0
2025-11-29 00:00:00+00:00,DAI,5,DeFiLlama,4765185913.0
2025-11-30 00:00:00+00:00,DAI,5,DeFiLlama,4752004782.0
2025-12-01 00:00:00+00:00,DAI,5,DeFiLlama,4752319610.0
2025-12-02 00:00:00+00:00,DAI,5,DeFiLlama,4688452791.0
2025-12-03 00:00:00+00:00,DAI,5,DeFiLlama,4675961925.0
2025-12-04 00:00:00+00:00,DAI,5,DeFiLlama,4647874842.0
2025-12-05 00:00:00+00:00,DAI,5,DeFiLlama,4643325891.0
2025-12-06 00:00:00+00:00,DAI,5,DeFiLlama,4636128552.0
2025-12-07 00:00:00+00:00,DAI,5,DeFiLlama,4631770922.0
2025-12-08 00:00:00+00:00,DAI,5,DeFiLlama,4636530621.0
2025-12-09 00:00:00+00:00,DAI,5,DeFiLlama,4622584746.0
2025-12-10 00:00:00+00:00,DAI,5,DeFiLlama,4649695922.0
2025-12-11 00:00:00+00:00,DAI,5,DeFiLlama,4643618091.0
2025-12-12 00:00:00+00:00,DAI,5,DeFiLlama,4626416094.0
2025-12-13 00:00:00+00:00,DAI,5,DeFiLlama,4635407191.0
2025-12-14 00:00:00+00:00,DAI,5,DeFiLlama,4638005761.0
2025-12-15 00:00:00+00:00,DAI,5,DeFiLlama,4649134263.0
2025-12-16 00:00:00+00:00,DAI,5,DeFiLlama,4636784348.0
2025-12-17 00:00:00+00:00,DAI,5,DeFiLlama,4621333976.0
2025-12-18 00:00:00+00:00,DAI,5,DeFiLlama,4609302873.0
2025-12-19 00:00:00+00:00,DAI,5,DeFiLlama,4588265656.0
2025-12-20 00:00:00+00:00,DAI,5,DeFiLlama,4579175462.0
2025-12-21 00:00:00+00:00,DAI,5,DeFiLlama,4552223610.0
2025-12-22 00:00:00+00:00,DAI,5,DeFiLlama,4559504400.0
2025-12-23 00:00:00+00:00,DAI,5,DeFiLlama,4545510469.0
2025-12-24 00:00:00+00:00,DAI,5,DeFiLlama,4544111843.0
2025-12-25 00:00:00+00:00,DAI,5,DeFiLlama,4526573223.0
2025-12-26 00:00:00+00:00,DAI,5,DeFiLlama,4539102488.0
2025-12-27 00:00:00+00:00,DAI,5,DeFiLlama,4526257875.0
2025-12-28 00:00:00+00:00,DAI,5,DeFiLlama,4533352389.0
2025-12-29 00:00:00+00:00,DAI,5,DeFiLlama,4527454996.0
2025-12-30 00:00:00+00:00,DAI,5,DeFiLlama,4514956694.0
2025-12-31 00:00:00+00:00,DAI,5,DeFiLlama,4492563513.0
2026-01-01 00:00:00+00:00,DAI,5,DeFiLlama,4492819618.0
2026-01-02 00:00:00+00:00,DAI,5,DeFiLlama,4491046017.0
2026-01-03 00:00:00+00:00,DAI,5,DeFiLlama,4492233575.0
2026-01-04 00:00:00+00:00,DAI,5,DeFiLlama,4493435540.0
2026-01-05 00:00:00+00:00,DAI,5,DeFiLlama,4490353812.0
2026-01-06 00:00:00+00:00,DAI,5,DeFiLlama,4495629773.0
2026-01-07 00:00:00+00:00,DAI,5,DeFiLlama,4516190413.0
2026-01-08 00:00:00+00:00,DAI,5,DeFiLlama,4510671516.0
2026-01-09 00:00:00+00:00,DAI,5,DeFiLlama,4510170240.0
2026-01-10 00:00:00+00:00,DAI,5,DeFiLlama,4506850691.0
2026-01-11 00:00:00+00:00,DAI,5,DeFiLlama,4508204803.0
2026-01-12 00:00:00+00:00,DAI,5,DeFiLlama,4532986669.0
2026-01-13 00:00:00+00:00,DAI,5,DeFiLlama,4526542576.0
2026-01-14 00:00:00+00:00,DAI,5,DeFiLlama,4624379072.0
2026-01-15 00:00:00+00:00,DAI,5,DeFiLlama,4687431566.0
2026-01-16 00:00:00+00:00,DAI,5,DeFiLlama,4686602972.0
2026-01-17 00:00:00+00:00,DAI,5,DeFiLlama,4681255710.0
2026-01-18 00:00:00+00:00,DAI,5,DeFiLlama,4682517748.0
2026-01-19 00:00:00+00:00,DAI,5,DeFiLlama,4690160962.0
2026-01-20 00:00:00+00:00,DAI,5,DeFiLlama,4651567687.0
2026-01-21 00:00:00+00:00,DAI,5,DeFiLlama,4644572082.0
2026-01-22 00:00:00+00:00,DAI,5,DeFiLlama,4638580471.0
2026-01-23 00:00:00+00:00,DAI,5,DeFiLlama,4649007357.0
2026-01-24 00:00:00+00:00,DAI,5,DeFiLlama,4627544893.0
2026-01-25 00:00:00+00:00,DAI,5,DeFiLlama,4625245726.0
2026-01-26 00:00:00+00:00,DAI,5,DeFiLlama,4618088916.0
2026-01-27 00:00:00+00:00,DAI,5,DeFiLlama,4624695621.0
2026-01-28 00:00:00+00:00,DAI,5,DeFiLlama,4596265694.0
2026-01-29 00:00:00+00:00,DAI,5,DeFiLlama,4615507361.0
2026-01-30 00:00:00+00:00,DAI,5,DeFiLlama,4594825146.0
2026-01-31 00:00:00+00:00,DAI,5,DeFiLlama,4709637349.0
2026-02-01 00:00:00+00:00,DAI,5,DeFiLlama,4713243644.0
2026-02-02 00:00:00+00:00,DAI,5,DeFiLlama,4714185466.0
2026-02-03 00:00:00+00:00,DAI,5,DeFiLlama,4708592252.0
2026-02-04 00:00:00+00:00,DAI,5,DeFiLlama,4709021310.0
2026-02-05 00:00:00+00:00,DAI,5,DeFiLlama,4717158964.0
2026-02-06 00:00:00+00:00,DAI,5,DeFiLlama,4712561606.0
2026-02-07 00:00:00+00:00,DAI,5,DeFiLlama,4710685397.0
2026-02-08 00:00:00+00:00,DAI,5,DeFiLlama,4713541451.0
2026-02-09 00:00:00+00:00,DAI,5,DeFiLlama,4712531604.0
2026-02-10 00:00:00+00:00,DAI,5,DeFiLlama,4423600015.0
2026-02-11 00:00:00+00:00,DAI,5,DeFiLlama,4427037965.0
2026-02-12 00:00:00+00:00,DAI,5,DeFiLlama,4407711910.0
2026-02-13 00:00:00+00:00,DAI,5,DeFiLlama,4405885974.0
2026-02-14 00:00:00+00:00,DAI,5,DeFiLlama,4385037891.0
2026-02-15 00:00:00+00:00,DAI,5,DeFiLlama,4390719761.0
2026-02-16 00:00:00+00:00,DAI,5,DeFiLlama,4388028769.0
2026-02-17 00:00:00+00:00,DAI,5,DeFiLlama,4385103299.0
2026-02-18 00:00:00+00:00,DAI,5,DeFiLlama,4390596510.0
2026-02-19 00:00:00+00:00,DAI,5,DeFiLlama,4434220649.0
2026-02-20 00:00:00+00:00,DAI,5,DeFiLlama,4428047233.0
2026-02-21 00:00:00+00:00,DAI,5,DeFiLlama,4421966982.0
2026-02-22 00:00:00+00:00,DAI,5,DeFiLlama,4405135910.0
2026-02-23 00:00:00+00:00,DAI,5,DeFiLlama,4408508587.0
2026-02-24 00:00:00+00:00,DAI,5,DeFiLlama,4410209207.0
2026-02-25 00:00:00+00:00,DAI,5,DeFiLlama,4415220533.0
2026-02-26 00:00:00+00:00,DAI,5,DeFiLlama,4432420377.0
2026-02-27 00:00:00+00:00,DAI,5,DeFiLlama,4433251899.0
2026-02-28 00:00:00+00:00,DAI,5,DeFiLlama,4408295283.0
2026-03-01 00:00:00+00:00,DAI,5,DeFiLlama,4401420533.0
2026-03-02 00:00:00+00:00,DAI,5,DeFiLlama,4422017693.0
2026-03-03 00:00:00+00:00,DAI,5,DeFiLlama,4452299457.0
2026-03-04 00:00:00+00:00,DAI,5,DeFiLlama,4450098134.0
2026-03-05 00:00:00+00:00,DAI,5,DeFiLlama,4493724657.0
2026-03-06 00:00:00+00:00,DAI,5,DeFiLlama,4507347772.0
2026-03-07 00:00:00+00:00,DAI,5,DeFiLlama,4499559579.0
2026-03-08 00:00:00+00:00,DAI,5,DeFiLlama,4515038724.0
2026-03-09 00:00:00+00:00,DAI,5,DeFiLlama,4537122620.0
2026-03-10 00:00:00+00:00,DAI,5,DeFiLlama,4519424782.0
2026-03-11 00:00:00+00:00,DAI,5,DeFiLlama,4527741164.0
2026-03-12 00:00:00+00:00,DAI,5,DeFiLlama,4509527646.0
2026-03-13 00:00:00+00:00,DAI,5,DeFiLlama,4522091494.0
2026-03-14 00:00:00+00:00,DAI,5,DeFiLlama,4538559869.0
2026-03-15 00:00:00+00:00,DAI,5,DeFiLlama,4236602508.0
2026-03-16 00:00:00+00:00,DAI,5,DeFiLlama,4537386923.0
2026-03-17 00:00:00+00:00,DAI,5,DeFiLlama,4541170958.0
2026-03-18 00:00:00+00:00,DAI,5,DeFiLlama,4550681599.0
2026-03-19 00:00:00+00:00,DAI,5,DeFiLlama,4552306157.0
2026-03-20 00:00:00+00:00,DAI,5,DeFiLlama,4565123631.0
2026-03-21 00:00:00+00:00,DAI,5,DeFiLlama,4569304962.0
2026-03-22 00:00:00+00:00,DAI,5,DeFiLlama,4573947950.0
2026-03-23 00:00:00+00:00,DAI,5,DeFiLlama,4569681790.0
2026-03-24 00:00:00+00:00,DAI,5,DeFiLlama,4560459319.0
2026-03-25 00:00:00+00:00,DAI,5,DeFiLlama,4552809916.0
2026-03-26 00:00:00+00:00,DAI,5,DeFiLlama,4565438442.0
2026-03-27 00:00:00+00:00,DAI,5,DeFiLlama,4561990203.0
2026-03-28 00:00:00+00:00,DAI,5,DeFiLlama,4554561671.0
2026-03-29 00:00:00+00:00,DAI,5,DeFiLlama,4557203267.0
2026-03-30 00:00:00+00:00,DAI,5,DeFiLlama,4579012567.0
2026-03-31 00:00:00+00:00,DAI,5,DeFiLlama,4608513566.0
2026-04-01 00:00:00+00:00,DAI,5,DeFiLlama,4654046497.0
2026-04-02 00:00:00+00:00,DAI,5,DeFiLlama,4691344182.0
2026-04-03 00:00:00+00:00,DAI,5,DeFiLlama,4684922179.0
2026-04-04 00:00:00+00:00,DAI,5,DeFiLlama,4691378197.0
2026-04-05 00:00:00+00:00,DAI,5,DeFiLlama,4702023442.0
2026-04-06 00:00:00+00:00,DAI,5,DeFiLlama,4700916303.0
2026-04-07 00:00:00+00:00,DAI,5,DeFiLlama,4719810780.0
2026-04-08 00:00:00+00:00,DAI,5,DeFiLlama,4698745335.0
2026-04-09 00:00:00+00:00,DAI,5,DeFiLlama,4660948470.0
2026-04-10 00:00:00+00:00,DAI,5,DeFiLlama,4653834118.0
2026-04-11 00:00:00+00:00,DAI,5,DeFiLlama,4670003542.0
2026-04-12 00:00:00+00:00,DAI,5,DeFiLlama,4683369251.0
2026-04-13 00:00:00+00:00,DAI,5,DeFiLlama,4653775563.0
2026-04-14 00:00:00+00:00,DAI,5,DeFiLlama,4621116801.0
2026-04-15 00:00:00+00:00,DAI,5,DeFiLlama,4606979636.0
2026-04-16 00:00:00+00:00,DAI,5,DeFiLlama,4582580151.0
2026-04-17 00:00:00+00:00,DAI,5,DeFiLlama,4591839842.0
2026-04-18 00:00:00+00:00,DAI,5,DeFiLlama,4601798509.0
2026-04-19 00:00:00+00:00,DAI,5,DeFiLlama,4595287340.0
2026-04-20 00:00:00+00:00,DAI,5,DeFiLlama,4614787899.0
2026-04-21 00:00:00+00:00,DAI,5,DeFiLlama,4650121851.0
2026-04-22 00:00:00+00:00,DAI,5,DeFiLlama,4677298095.0
2026-04-23 00:00:00+00:00,DAI,5,DeFiLlama,4668647627.0
2026-04-24 00:00:00+00:00,DAI,5,DeFiLlama,4661328058.0
2026-04-25 00:00:00+00:00,DAI,5,DeFiLlama,4659811652.0
2026-04-26 00:00:00+00:00,DAI,5,DeFiLlama,4666573825.0
2026-04-27 00:00:00+00:00,DAI,5,DeFiLlama,4670890490.0
2026-04-28 00:00:00+00:00,DAI,5,DeFiLlama,4655566232.0
2026-04-29 00:00:00+00:00,DAI,5,DeFiLlama,4655544145.0
2026-04-30 00:00:00+00:00,DAI,5,DeFiLlama,4650470463.0
2026-05-01 00:00:00+00:00,DAI,5,DeFiLlama,4642840011.0
2026-05-02 00:00:00+00:00,DAI,5,DeFiLlama,4631041247.0
2026-05-03 00:00:00+00:00,DAI,5,DeFiLlama,4618737666.0
2026-05-04 00:00:00+00:00,DAI,5,DeFiLlama,4627077305.0
2026-05-05 00:00:00+00:00,DAI,5,DeFiLlama,4611940488.0
2026-05-06 00:00:00+00:00,DAI,5,DeFiLlama,4625998767.0
2026-05-07 00:00:00+00:00,DAI,5,DeFiLlama,4640977534.0
2026-05-08 00:00:00+00:00,DAI,5,DeFiLlama,4639800974.0
2026-05-09 00:00:00+00:00,DAI,5,DeFiLlama,4660243833.0
2026-05-10 00:00:00+00:00,DAI,5,DeFiLlama,4655559746.0
2026-05-11 00:00:00+00:00,DAI,5,DeFiLlama,4657221476.0
2026-05-12 00:00:00+00:00,DAI,5,DeFiLlama,4640295086.0
2026-05-13 00:00:00+00:00,DAI,5,DeFiLlama,4621688464.0
2026-05-14 00:00:00+00:00,DAI,5,DeFiLlama,4612802062.0
2026-05-15 00:00:00+00:00,DAI,5,DeFiLlama,4624158744.0
2026-05-16 00:00:00+00:00,DAI,5,DeFiLlama,4613591436.0
2026-05-17 00:00:00+00:00,DAI,5,DeFiLlama,4612155692.0
2026-05-18 00:00:00+00:00,DAI,5,DeFiLlama,4605733691.0
2026-05-19 00:00:00+00:00,DAI,5,DeFiLlama,4596110036.0
2026-05-20 00:00:00+00:00,DAI,5,DeFiLlama,4591208452.0
2026-05-21 00:00:00+00:00,DAI,5,DeFiLlama,4590463423.0
2026-05-22 00:00:00+00:00,DAI,5,DeFiLlama,4573280770.0
2026-05-23 00:00:00+00:00,DAI,5,DeFiLlama,4574160889.0
2026-05-24 00:00:00+00:00,DAI,5,DeFiLlama,4577705411.0
2026-05-25 00:00:00+00:00,DAI,5,DeFiLlama,4584504224.0
2026-05-26 00:00:00+00:00,DAI,5,DeFiLlama,4590880830.0
2026-05-27 00:00:00+00:00,DAI,5,DeFiLlama,4610479403.0
2026-05-28 00:00:00+00:00,DAI,5,DeFiLlama,4608672425.0
2026-05-29 00:00:00+00:00,DAI,5,DeFiLlama,4593826798.0
2026-05-30 00:00:00+00:00,DAI,5,DeFiLlama,4592206896.0
2026-05-31 00:00:00+00:00,DAI,5,DeFiLlama,4581250473.0
2026-06-01 00:00:00+00:00,DAI,5,DeFiLlama,4583592761.0
2026-06-02 00:00:00+00:00,DAI,5,DeFiLlama,4599338768.0
2026-06-03 00:00:00+00:00,DAI,5,DeFiLlama,4588588064.0
2026-06-04 00:00:00+00:00,DAI,5,DeFiLlama,4577882457.0
2026-06-05 00:00:00+00:00,DAI,5,DeFiLlama,4558174048.0
2026-06-06 00:00:00+00:00,DAI,5,DeFiLlama,4514309120.0
2026-06-07 00:00:00+00:00,DAI,5,DeFiLlama,4497897064.0
2026-06-08 00:00:00+00:00,DAI,5,DeFiLlama,4482245402.0
2026-06-09 00:00:00+00:00,DAI,5,DeFiLlama,4443308459.0
2026-06-10 00:00:00+00:00,DAI,5,DeFiLlama,4419682276.0
2026-06-11 00:00:00+00:00,DAI,5,DeFiLlama,4432858529.0
2026-06-12 00:00:00+00:00,DAI,5,DeFiLlama,4421589854.0
2026-06-13 00:00:00+00:00,DAI,5,DeFiLlama,4413289057.0
2026-06-14 00:00:00+00:00,DAI,5,DeFiLlama,4416398517.0
2026-06-15 00:00:00+00:00,DAI,5,DeFiLlama,4417735615.0
2026-06-16 00:00:00+00:00,DAI,5,DeFiLlama,4415992752.0
2026-06-17 00:00:00+00:00,DAI,5,DeFiLlama,4400992428.0
2026-06-18 00:00:00+00:00,DAI,5,DeFiLlama,4387556409.0
2026-06-19 00:00:00+00:00,DAI,5,DeFiLlama,4383783978.0
2026-06-20 00:00:00+00:00,DAI,5,DeFiLlama,4387745039.0
2026-06-21 00:00:00+00:00,DAI,5,DeFiLlama,4468887094.0
2026-06-22 00:00:00+00:00,DAI,5,DeFiLlama,4472594946.0
2026-06-23 00:00:00+00:00,DAI,5,DeFiLlama,4875292515.0
2026-06-24 00:00:00+00:00,DAI,5,DeFiLlama,4866659080.0
2026-06-25 00:00:00+00:00,DAI,5,DeFiLlama,4871499232.0
2026-06-26 00:00:00+00:00,DAI,5,DeFiLlama,4848062774.0
2026-06-27 00:00:00+00:00,DAI,5,DeFiLlama,4846756926.0
2026-06-28 00:00:00+00:00,DAI,5,DeFiLlama,4845024330.0
2026-06-29 00:00:00+00:00,DAI,5,DeFiLlama,4842280386.0
2026-06-30 00:00:00+00:00,DAI,5,DeFiLlama,4846574581.0
2026-07-01 00:00:00+00:00,DAI,5,DeFiLlama,4844130145.0
2026-07-02 00:00:00+00:00,DAI,5,DeFiLlama,4839944754.0
2026-07-03 00:00:00+00:00,DAI,5,DeFiLlama,4842529090.0
2026-07-04 00:00:00+00:00,DAI,5,DeFiLlama,4851840619.0
2026-07-05 00:00:00+00:00,DAI,5,DeFiLlama,4848366626.0
2026-07-06 00:00:00+00:00,DAI,5,DeFiLlama,4846175651.0
2026-07-07 00:00:00+00:00,DAI,5,DeFiLlama,4849452262.0
2026-07-08 00:00:00+00:00,DAI,5,DeFiLlama,4855418610.0
2026-07-09 00:00:00+00:00,DAI,5,DeFiLlama,4861086918.0
2026-07-10 00:00:00+00:00,DAI,5,DeFiLlama,4872006530.0
2026-07-11 00:00:00+00:00,DAI,5,DeFiLlama,4874196948.0
2026-07-12 00:00:00+00:00,DAI,5,DeFiLlama,4863398476.0
2026-07-13 00:00:00+00:00,DAI,5,DeFiLlama,4861560462.0
2026-07-14 00:00:00+00:00,DAI,5,DeFiLlama,4859956416.0
2026-07-15 00:00:00+00:00,DAI,5,DeFiLlama,4869457186.0
2026-07-16 00:00:00+00:00,DAI,5,DeFiLlama,4857065655.0
2026-07-17 00:00:00+00:00,DAI,5,DeFiLlama,4851446087.0
2026-07-18 00:00:00+00:00,DAI,5,DeFiLlama,4852996569.0
2026-07-19 00:00:00+00:00,DAI,5,DeFiLlama,4850592415.0
2026-07-20 00:00:00+00:00,DAI,5,DeFiLlama,4845791842.0
2026-07-21 00:00:00+00:00,DAI,5,DeFiLlama,4843876431.0
2026-07-22 00:00:00+00:00,DAI,5,DeFiLlama,4849457058.0
2026-07-23 00:00:00+00:00,DAI,5,DeFiLlama,4852294463.0
2026-07-24 00:00:00+00:00,DAI,5,DeFiLlama,4858018428.0
2026-07-25 00:00:00+00:00,DAI,5,DeFiLlama,4854011162.0
2026-07-26 00:00:00+00:00,DAI,5,DeFiLlama,4852963727.0
2026-07-27 00:00:00+00:00,DAI,5,DeFiLlama,4858609698.0
2026-07-28 00:00:00+00:00,DAI,5,DeFiLlama,4804133738.4
