Date,Symbol,DeFiLlama_ID,Source,Price_USD
2019-11-19 00:00:00+00:00,DAI,5,DeFiLlama,1.0042584580901401
2019-11-20 00:00:00+00:00,DAI,5,DeFiLlama,1.004258290546987
2019-11-21 00:00:00+00:00,DAI,5,DeFiLlama,1.0042583551096893
2019-11-22 00:00:00+00:00,DAI,5,DeFiLlama,1.004258309267631
2019-11-23 00:00:00+00:00,DAI,5,DeFiLlama,1.0042582999193985
2019-11-24 00:00:00+00:00,DAI,5,DeFiLlama,1.004258339325832
2019-11-25 00:00:00+00:00,DAI,5,DeFiLlama,1.0042583439473156
2019-11-26 00:00:00+00:00,DAI,5,DeFiLlama,1.0042582899570214
2019-11-27 00:00:00+00:00,DAI,5,DeFiLlama,1.0042583168302635
2019-11-28 00:00:00+00:00,DAI,5,DeFiLlama,1.0042582706193632
2019-11-29 00:00:00+00:00,DAI,5,DeFiLlama,1.0042583278445076
2019-11-30 00:00:00+00:00,DAI,5,DeFiLlama,1.004258312242845
2019-12-01 00:00:00+00:00,DAI,5,DeFiLlama,1.0042582947645233
2019-12-02 00:00:00+00:00,DAI,5,DeFiLlama,1.0042583028863652
2019-12-03 00:00:00+00:00,DAI,5,DeFiLlama,1.0042583067178938
2019-12-04 00:00:00+00:00,DAI,5,DeFiLlama,1.0042583021335996
2019-12-05 00:00:00+00:00,DAI,5,DeFiLlama,1.0042582987791213
2019-12-06 00:00:00+00:00,DAI,5,DeFiLlama,1.00425832188767
2019-12-07 00:00:00+00:00,DAI,5,DeFiLlama,1.0042583196014436
2019-12-08 00:00:00+00:00,DAI,5,DeFiLlama,1.0042583004780339
2019-12-09 00:00:00+00:00,DAI,5,DeFiLlama,1.0042582949211485
2019-12-10 00:00:00+00:00,DAI,5,DeFiLlama,1.004258311836765
2019-12-11 00:00:00+00:00,DAI,5,DeFiLlama,1.0042582962071025
2019-12-12 00:00:00+00:00,DAI,5,DeFiLlama,1.0042583007199173
2019-12-13 00:00:00+00:00,DAI,5,DeFiLlama,1.0042583083598402
2019-12-14 00:00:00+00:00,DAI,5,DeFiLlama,1.0042583006062935
2019-12-15 00:00:00+00:00,DAI,5,DeFiLlama,1.0042583085279384
2019-12-16 00:00:00+00:00,DAI,5,DeFiLlama,1.0042583160647922
2019-12-17 00:00:00+00:00,DAI,5,DeFiLlama,1.0042583113344767
2019-12-18 00:00:00+00:00,DAI,5,DeFiLlama,1.0042583143264332
2019-12-19 00:00:00+00:00,DAI,5,DeFiLlama,1.0042583019085882
2019-12-20 00:00:00+00:00,DAI,5,DeFiLlama,1.004258305827857
2019-12-21 00:00:00+00:00,DAI,5,DeFiLlama,1.0042583002254162
2019-12-22 00:00:00+00:00,DAI,5,DeFiLlama,1.0042583021401916
2019-12-23 00:00:00+00:00,DAI,5,DeFiLlama,1.0042583002834429
2019-12-24 00:00:00+00:00,DAI,5,DeFiLlama,1.0042582999968221
2019-12-25 00:00:00+00:00,DAI,5,DeFiLlama,1.004258314003081
2019-12-26 00:00:00+00:00,DAI,5,DeFiLlama,1.004258306899484
2019-12-27 00:00:00+00:00,DAI,5,DeFiLlama,1.00425830695775
2019-12-28 00:00:00+00:00,DAI,5,DeFiLlama,1.004258303232712
2019-12-29 00:00:00+00:00,DAI,5,DeFiLlama,1.0042583126540667
2019-12-30 00:00:00+00:00,DAI,5,DeFiLlama,1.004258312331251
2019-12-31 00:00:00+00:00,DAI,5,DeFiLlama,1.0042583047179772
2020-01-01 00:00:00+00:00,DAI,5,DeFiLlama,1.0042582986591793
2020-01-02 00:00:00+00:00,DAI,5,DeFiLlama,1.0042583009836037
2020-01-03 00:00:00+00:00,DAI,5,DeFiLlama,1.0042583093887751
2020-01-04 00:00:00+00:00,DAI,5,DeFiLlama,1.0042583098561608
2020-01-05 00:00:00+00:00,DAI,5,DeFiLlama,1.0042583126623879
2020-01-06 00:00:00+00:00,DAI,5,DeFiLlama,1.0042583033622996
2020-01-07 00:00:00+00:00,DAI,5,DeFiLlama,1.00425831071501
2020-01-08 00:00:00+00:00,DAI,5,DeFiLlama,1.004258302527187
2020-01-09 00:00:00+00:00,DAI,5,DeFiLlama,1.0042582965321145
2020-01-10 00:00:00+00:00,DAI,5,DeFiLlama,1.004258313161723
2020-01-11 00:00:00+00:00,DAI,5,DeFiLlama,1.0042583155190485
2020-01-12 00:00:00+00:00,DAI,5,DeFiLlama,1.004258310304233
2020-01-13 00:00:00+00:00,DAI,5,DeFiLlama,1.0042583040131003
2020-01-14 00:00:00+00:00,DAI,5,DeFiLlama,1.0042583020497355
2020-01-15 00:00:00+00:00,DAI,5,DeFiLlama,1.004258306251482
2020-01-16 00:00:00+00:00,DAI,5,DeFiLlama,1.004258308814911
2020-01-17 00:00:00+00:00,DAI,5,DeFiLlama,1.0042583057590544
2020-01-18 00:00:00+00:00,DAI,5,DeFiLlama,1.0042583120693354
2020-01-19 00:00:00+00:00,DAI,5,DeFiLlama,1.0042583064191606
2020-01-20 00:00:00+00:00,DAI,5,DeFiLlama,1.0042583051784584
2020-01-21 00:00:00+00:00,DAI,5,DeFiLlama,1.0042583029526209
2020-01-22 00:00:00+00:00,DAI,5,DeFiLlama,1.0042583022853555
2020-01-23 00:00:00+00:00,DAI,5,DeFiLlama,1.0042583059882886
2020-01-24 00:00:00+00:00,DAI,5,DeFiLlama,1.0042583076903555
2020-01-25 00:00:00+00:00,DAI,5,DeFiLlama,1.0042583108986942
2020-01-26 00:00:00+00:00,DAI,5,DeFiLlama,1.004258300579005
2020-01-27 00:00:00+00:00,DAI,5,DeFiLlama,1.0042583105812668
2020-01-28 00:00:00+00:00,DAI,5,DeFiLlama,1.004258315597998
2020-01-29 00:00:00+00:00,DAI,5,DeFiLlama,1.0042583133493523
2020-01-30 00:00:00+00:00,DAI,5,DeFiLlama,1.0042583052514233
2020-01-31 00:00:00+00:00,DAI,5,DeFiLlama,1.0042583129343579
2020-02-01 00:00:00+00:00,DAI,5,DeFiLlama,1.0042583072315756
2020-02-02 00:00:00+00:00,DAI,5,DeFiLlama,1.0042583069047417
2020-02-03 00:00:00+00:00,DAI,5,DeFiLlama,1.0042583071450295
2020-02-04 00:00:00+00:00,DAI,5,DeFiLlama,1.0042583007514998
2020-02-05 00:00:00+00:00,DAI,5,DeFiLlama,1.0042583129966507
2020-02-06 00:00:00+00:00,DAI,5,DeFiLlama,1.0042583053236864
2020-02-07 00:00:00+00:00,DAI,5,DeFiLlama,1.004258306565427
2020-02-08 00:00:00+00:00,DAI,5,DeFiLlama,1.00425831227342
2020-02-09 00:00:00+00:00,DAI,5,DeFiLlama,1.0042583131476654
2020-02-10 00:00:00+00:00,DAI,5,DeFiLlama,1.0042583058778105
2020-02-11 00:00:00+00:00,DAI,5,DeFiLlama,1.0042583036575843
2020-02-12 00:00:00+00:00,DAI,5,DeFiLlama,1.0042583102174565
2020-02-13 00:00:00+00:00,DAI,5,DeFiLlama,1.004258304475202
2020-02-14 00:00:00+00:00,DAI,5,DeFiLlama,1.004258302431248
2020-02-15 00:00:00+00:00,DAI,5,DeFiLlama,1.004258313209925
2020-02-16 00:00:00+00:00,DAI,5,DeFiLlama,1.0042583072404276
2020-02-17 00:00:00+00:00,DAI,5,DeFiLlama,1.0042583129651472
2020-02-18 00:00:00+00:00,DAI,5,DeFiLlama,1.0042583071245113
2020-02-19 00:00:00+00:00,DAI,5,DeFiLlama,1.0042583082619068
2020-02-20 00:00:00+00:00,DAI,5,DeFiLlama,1.004258313854745
2020-02-21 00:00:00+00:00,DAI,5,DeFiLlama,1.004258308071761
2020-02-22 00:00:00+00:00,DAI,5,DeFiLlama,1.0042583072285696
2020-02-23 00:00:00+00:00,DAI,5,DeFiLlama,1.0042583042583042
2020-02-24 00:00:00+00:00,DAI,5,DeFiLlama,1.0042583116291275
2020-02-25 00:00:00+00:00,DAI,5,DeFiLlama,1.0042583057654308
2020-02-26 00:00:00+00:00,DAI,5,DeFiLlama,1.0042583108607224
2020-02-27 00:00:00+00:00,DAI,5,DeFiLlama,1.004258310492807
2020-02-28 00:00:00+00:00,DAI,5,DeFiLlama,1.004258307202146
2020-02-29 00:00:00+00:00,DAI,5,DeFiLlama,1.0042583064147936
2020-03-01 00:00:00+00:00,DAI,5,DeFiLlama,1.0042583081076688
2020-03-02 00:00:00+00:00,DAI,5,DeFiLlama,1.0042583067217024
2020-03-03 00:00:00+00:00,DAI,5,DeFiLlama,1.0042583077865421
2020-03-04 00:00:00+00:00,DAI,5,DeFiLlama,1.0042583036060606
2020-03-05 00:00:00+00:00,DAI,5,DeFiLlama,1.0042583065956192
2020-03-06 00:00:00+00:00,DAI,5,DeFiLlama,1.0042583029480998
2020-03-07 00:00:00+00:00,DAI,5,DeFiLlama,1.004258305531156
2020-03-08 00:00:00+00:00,DAI,5,DeFiLlama,1.0042583035420602
2020-03-09 00:00:00+00:00,DAI,5,DeFiLlama,1.0042583084462684
2020-03-10 00:00:00+00:00,DAI,5,DeFiLlama,1.0042583044958988
2020-03-11 00:00:00+00:00,DAI,5,DeFiLlama,1.004258305835624
2020-03-12 00:00:00+00:00,DAI,5,DeFiLlama,1.0042583071161333
2020-03-13 00:00:00+00:00,DAI,5,DeFiLlama,1.0042583051993879
2020-03-14 00:00:00+00:00,DAI,5,DeFiLlama,1.00425831477313
2020-03-15 00:00:00+00:00,DAI,5,DeFiLlama,1.0042583015509041
2020-03-16 00:00:00+00:00,DAI,5,DeFiLlama,1.0042583042332685
2020-03-17 00:00:00+00:00,DAI,5,DeFiLlama,1.004258305862096
2020-03-18 00:00:00+00:00,DAI,5,DeFiLlama,1.0042583101801255
2020-03-19 00:00:00+00:00,DAI,5,DeFiLlama,1.004258299161369
2020-03-20 00:00:00+00:00,DAI,5,DeFiLlama,1.004258305799216
2020-03-21 00:00:00+00:00,DAI,5,DeFiLlama,1.0042582973862615
2020-03-22 00:00:00+00:00,DAI,5,DeFiLlama,1.0042583085981793
2020-03-23 00:00:00+00:00,DAI,5,DeFiLlama,1.0042583109605578
2020-03-24 00:00:00+00:00,DAI,5,DeFiLlama,1.004258307862049
2020-03-25 00:00:00+00:00,DAI,5,DeFiLlama,1.004258310157513
2020-03-26 00:00:00+00:00,DAI,5,DeFiLlama,1.004258306256165
2020-03-27 00:00:00+00:00,DAI,5,DeFiLlama,1.004258311444429
2020-03-28 00:00:00+00:00,DAI,5,DeFiLlama,1.0042583145170016
2020-03-29 00:00:00+00:00,DAI,5,DeFiLlama,1.0042583090658919
2020-03-30 00:00:00+00:00,DAI,5,DeFiLlama,1.0042583105601444
2020-03-31 00:00:00+00:00,DAI,5,DeFiLlama,1.0042583125736249
2020-04-01 00:00:00+00:00,DAI,5,DeFiLlama,1.0042583104745355
2020-04-02 00:00:00+00:00,DAI,5,DeFiLlama,1.0042583066783126
2020-04-03 00:00:00+00:00,DAI,5,DeFiLlama,1.0042583136755732
2020-04-04 00:00:00+00:00,DAI,5,DeFiLlama,1.0042583110969758
2020-04-05 00:00:00+00:00,DAI,5,DeFiLlama,1.0042583080127836
2020-04-06 00:00:00+00:00,DAI,5,DeFiLlama,1.0042583029067766
2020-04-07 00:00:00+00:00,DAI,5,DeFiLlama,1.0042583035262296
2020-04-08 00:00:00+00:00,DAI,5,DeFiLlama,1.00425829809706
2020-04-09 00:00:00+00:00,DAI,5,DeFiLlama,1.004258305206128
2020-04-10 00:00:00+00:00,DAI,5,DeFiLlama,1.0042583024631322
2020-04-11 00:00:00+00:00,DAI,5,DeFiLlama,1.0042583046668685
2020-04-12 00:00:00+00:00,DAI,5,DeFiLlama,1.0042583098761007
2020-04-13 00:00:00+00:00,DAI,5,DeFiLlama,1.0042583093848294
2020-04-14 00:00:00+00:00,DAI,5,DeFiLlama,1.0042583016957656
2020-04-15 00:00:00+00:00,DAI,5,DeFiLlama,1.004258310589141
2020-04-16 00:00:00+00:00,DAI,5,DeFiLlama,1.0042583061477481
2020-04-17 00:00:00+00:00,DAI,5,DeFiLlama,1.0042583030218817
2020-04-18 00:00:00+00:00,DAI,5,DeFiLlama,1.0042583127116658
2020-04-19 00:00:00+00:00,DAI,5,DeFiLlama,1.0042583152028024
2020-04-20 00:00:00+00:00,DAI,5,DeFiLlama,1.0042583036632957
2020-04-21 00:00:00+00:00,DAI,5,DeFiLlama,1.0042583010116435
2020-04-22 00:00:00+00:00,DAI,5,DeFiLlama,1.004258306328826
2020-04-23 00:00:00+00:00,DAI,5,DeFiLlama,1.0042583075784028
2020-04-24 00:00:00+00:00,DAI,5,DeFiLlama,1.0042583136675591
2020-04-25 00:00:00+00:00,DAI,5,DeFiLlama,1.0042583061170092
2020-04-26 00:00:00+00:00,DAI,5,DeFiLlama,1.0042583099338225
2020-04-27 00:00:00+00:00,DAI,5,DeFiLlama,1.0042583064617665
2020-04-28 00:00:00+00:00,DAI,5,DeFiLlama,1.0042583012294986
2020-04-29 00:00:00+00:00,DAI,5,DeFiLlama,1.0042583122869417
2020-04-30 00:00:00+00:00,DAI,5,DeFiLlama,1.0042583027494483
2020-05-01 00:00:00+00:00,DAI,5,DeFiLlama,1.0042583096867317
2020-05-02 00:00:00+00:00,DAI,5,DeFiLlama,1.004258310302448
2020-05-03 00:00:00+00:00,DAI,5,DeFiLlama,1.0042583042952147
2020-05-04 00:00:00+00:00,DAI,5,DeFiLlama,1.0042583027326895
2020-05-05 00:00:00+00:00,DAI,5,DeFiLlama,1.004258309403969
2020-05-06 00:00:00+00:00,DAI,5,DeFiLlama,1.0042582997896379
2020-05-07 00:00:00+00:00,DAI,5,DeFiLlama,1.0042583063799002
2020-05-08 00:00:00+00:00,DAI,5,DeFiLlama,1.0042583049585927
2020-05-09 00:00:00+00:00,DAI,5,DeFiLlama,1.0042583113118406
2020-05-10 00:00:00+00:00,DAI,5,DeFiLlama,1.0042583025222587
2020-05-11 00:00:00+00:00,DAI,5,DeFiLlama,1.0042583063873471
2020-05-12 00:00:00+00:00,DAI,5,DeFiLlama,1.0042583124145172
2020-05-13 00:00:00+00:00,DAI,5,DeFiLlama,1.0042583081415037
2020-05-14 00:00:00+00:00,DAI,5,DeFiLlama,1.0042583080474852
2020-05-15 00:00:00+00:00,DAI,5,DeFiLlama,1.0042583005536698
2020-05-16 00:00:00+00:00,DAI,5,DeFiLlama,1.0042583063122923
2020-05-17 00:00:00+00:00,DAI,5,DeFiLlama,1.004258307322569
2020-05-18 00:00:00+00:00,DAI,5,DeFiLlama,1.0042583080440544
2020-05-19 00:00:00+00:00,DAI,5,DeFiLlama,1.0042583053661156
2020-05-20 00:00:00+00:00,DAI,5,DeFiLlama,1.0042583065571076
2020-05-21 00:00:00+00:00,DAI,5,DeFiLlama,1.004258308519097
2020-05-22 00:00:00+00:00,DAI,5,DeFiLlama,1.0042583099015774
2020-05-23 00:00:00+00:00,DAI,5,DeFiLlama,1.0042583074006644
2020-05-24 00:00:00+00:00,DAI,5,DeFiLlama,1.0042583061988661
2020-05-25 00:00:00+00:00,DAI,5,DeFiLlama,1.0042583088310433
2020-05-26 00:00:00+00:00,DAI,5,DeFiLlama,1.0042583055282528
2020-05-27 00:00:00+00:00,DAI,5,DeFiLlama,1.0042583071543076
2020-05-28 00:00:00+00:00,DAI,5,DeFiLlama,1.0042583096059057
2020-05-29 00:00:00+00:00,DAI,5,DeFiLlama,1.0042583015873217
2020-05-30 00:00:00+00:00,DAI,5,DeFiLlama,1.004258304883347
2020-05-31 00:00:00+00:00,DAI,5,DeFiLlama,1.0042583011268265
2020-06-01 00:00:00+00:00,DAI,5,DeFiLlama,1.004258311841746
2020-06-02 00:00:00+00:00,DAI,5,DeFiLlama,1.0042583087921282
2020-06-03 00:00:00+00:00,DAI,5,DeFiLlama,1.0042583126374205
2020-06-04 00:00:00+00:00,DAI,5,DeFiLlama,1.00425830891437
2020-06-05 00:00:00+00:00,DAI,5,DeFiLlama,1.0042583107750442
2020-06-06 00:00:00+00:00,DAI,5,DeFiLlama,1.0042583029558991
2020-06-07 00:00:00+00:00,DAI,5,DeFiLlama,1.0042583047126863
2020-06-08 00:00:00+00:00,DAI,5,DeFiLlama,1.0042583070783766
2020-06-09 00:00:00+00:00,DAI,5,DeFiLlama,1.0042583086596273
2020-06-10 00:00:00+00:00,DAI,5,DeFiLlama,1.0042583024650198
2020-06-11 00:00:00+00:00,DAI,5,DeFiLlama,1.0042583095395672
2020-06-12 00:00:00+00:00,DAI,5,DeFiLlama,1.0042583129889548
2020-06-13 00:00:00+00:00,DAI,5,DeFiLlama,1.004258301491902
2020-06-14 00:00:00+00:00,DAI,5,DeFiLlama,1.004258304691362
2020-06-15 00:00:00+00:00,DAI,5,DeFiLlama,1.004258307922263
2020-06-16 00:00:00+00:00,DAI,5,DeFiLlama,1.00425830540904
2020-06-17 00:00:00+00:00,DAI,5,DeFiLlama,1.0042583094768471
2020-06-18 00:00:00+00:00,DAI,5,DeFiLlama,1.0042583041773836
2020-06-19 00:00:00+00:00,DAI,5,DeFiLlama,1.0042583133600202
2020-06-20 00:00:00+00:00,DAI,5,DeFiLlama,1.0042583103511957
2020-06-21 00:00:00+00:00,DAI,5,DeFiLlama,1.0042583056121226
2020-06-22 00:00:00+00:00,DAI,5,DeFiLlama,1.0042583087632269
2020-06-23 00:00:00+00:00,DAI,5,DeFiLlama,1.0042583108245906
2020-06-24 00:00:00+00:00,DAI,5,DeFiLlama,1.0042583068225899
2020-06-25 00:00:00+00:00,DAI,5,DeFiLlama,1.0042583079251033
2020-06-26 00:00:00+00:00,DAI,5,DeFiLlama,1.004258306372739
2020-06-27 00:00:00+00:00,DAI,5,DeFiLlama,1.0042583073500055
2020-06-28 00:00:00+00:00,DAI,5,DeFiLlama,1.0042583060944215
2020-06-29 00:00:00+00:00,DAI,5,DeFiLlama,1.0042583068160809
2020-06-30 00:00:00+00:00,DAI,5,DeFiLlama,1.0042583106132452
2020-07-01 00:00:00+00:00,DAI,5,DeFiLlama,1.0042583036817618
2020-07-02 00:00:00+00:00,DAI,5,DeFiLlama,1.0042583086960017
2020-07-03 00:00:00+00:00,DAI,5,DeFiLlama,1.0042583074213347
2020-07-04 00:00:00+00:00,DAI,5,DeFiLlama,1.0042583087900865
2020-07-05 00:00:00+00:00,DAI,5,DeFiLlama,1.004258310099052
2020-07-06 00:00:00+00:00,DAI,5,DeFiLlama,1.0042583060863002
2020-07-07 00:00:00+00:00,DAI,5,DeFiLlama,1.0042583063368369
2020-07-08 00:00:00+00:00,DAI,5,DeFiLlama,1.0042583118364474
2020-07-09 00:00:00+00:00,DAI,5,DeFiLlama,1.0042583096388242
2020-07-10 00:00:00+00:00,DAI,5,DeFiLlama,1.0042583096998716
2020-07-11 00:00:00+00:00,DAI,5,DeFiLlama,1.0042583084160481
2020-07-12 00:00:00+00:00,DAI,5,DeFiLlama,1.0042583062898263
2020-07-13 00:00:00+00:00,DAI,5,DeFiLlama,1.0042583062669936
2020-07-14 00:00:00+00:00,DAI,5,DeFiLlama,1.0042583105279868
2020-07-15 00:00:00+00:00,DAI,5,DeFiLlama,1.0042583089723105
2020-07-16 00:00:00+00:00,DAI,5,DeFiLlama,1.0042583073058517
2020-07-17 00:00:00+00:00,DAI,5,DeFiLlama,1.004258309163064
2020-07-18 00:00:00+00:00,DAI,5,DeFiLlama,1.0042583059339596
2020-07-19 00:00:00+00:00,DAI,5,DeFiLlama,1.004258304749561
2020-07-20 00:00:00+00:00,DAI,5,DeFiLlama,1.0042583049012463
2020-07-21 00:00:00+00:00,DAI,5,DeFiLlama,1.0042583071462265
2020-07-22 00:00:00+00:00,DAI,5,DeFiLlama,1.004258307005021
2020-07-23 00:00:00+00:00,DAI,5,DeFiLlama,1.0042583104000486
2020-07-24 00:00:00+00:00,DAI,5,DeFiLlama,1.004258309134318
2020-07-25 00:00:00+00:00,DAI,5,DeFiLlama,1.004258307161165
2020-07-26 00:00:00+00:00,DAI,5,DeFiLlama,1.0042583040383328
2020-07-27 00:00:00+00:00,DAI,5,DeFiLlama,1.0042583072329931
2020-07-28 00:00:00+00:00,DAI,5,DeFiLlama,1.004258307834264
2020-07-29 00:00:00+00:00,DAI,5,DeFiLlama,1.0042583075360696
2020-07-30 00:00:00+00:00,DAI,5,DeFiLlama,1.0042583069913862
2020-07-31 00:00:00+00:00,DAI,5,DeFiLlama,1.004258307724465
2020-08-01 00:00:00+00:00,DAI,5,DeFiLlama,1.0042583059491144
2020-08-02 00:00:00+00:00,DAI,5,DeFiLlama,1.0042583055325032
2020-08-03 00:00:00+00:00,DAI,5,DeFiLlama,1.0042583073041382
2020-08-04 00:00:00+00:00,DAI,5,DeFiLlama,1.004258309258017
2020-08-05 00:00:00+00:00,DAI,5,DeFiLlama,1.0042583086384866
2020-08-06 00:00:00+00:00,DAI,5,DeFiLlama,1.004258305560077
2020-08-07 00:00:00+00:00,DAI,5,DeFiLlama,1.004258306595007
2020-08-08 00:00:00+00:00,DAI,5,DeFiLlama,1.0042583072539009
2020-08-09 00:00:00+00:00,DAI,5,DeFiLlama,1.0042583078072636
2020-08-10 00:00:00+00:00,DAI,5,DeFiLlama,1.0042583098640143
2020-08-11 00:00:00+00:00,DAI,5,DeFiLlama,1.004258306881592
2020-08-12 00:00:00+00:00,DAI,5,DeFiLlama,1.0042583087848767
2020-08-13 00:00:00+00:00,DAI,5,DeFiLlama,1.0042583071898887
2020-08-14 00:00:00+00:00,DAI,5,DeFiLlama,1.0042583072964173
2020-08-15 00:00:00+00:00,DAI,5,DeFiLlama,1.0042583063993442
2020-08-16 00:00:00+00:00,DAI,5,DeFiLlama,1.0042583076785203
2020-08-17 00:00:00+00:00,DAI,5,DeFiLlama,1.0042583090740804
2020-08-18 00:00:00+00:00,DAI,5,DeFiLlama,1.0042583085500836
2020-08-19 00:00:00+00:00,DAI,5,DeFiLlama,1.0042583074347158
2020-08-20 00:00:00+00:00,DAI,5,DeFiLlama,1.0042583074247164
2020-08-21 00:00:00+00:00,DAI,5,DeFiLlama,1.0042583080409502
2020-08-22 00:00:00+00:00,DAI,5,DeFiLlama,1.0042583089743553
2020-08-23 00:00:00+00:00,DAI,5,DeFiLlama,1.0042583085012398
2020-08-24 00:00:00+00:00,DAI,5,DeFiLlama,1.0042583071239342
2020-08-25 00:00:00+00:00,DAI,5,DeFiLlama,1.0042583074882434
2020-08-26 00:00:00+00:00,DAI,5,DeFiLlama,1.0042583060954755
2020-08-27 00:00:00+00:00,DAI,5,DeFiLlama,1.0042583072162086
2020-08-28 00:00:00+00:00,DAI,5,DeFiLlama,1.004258309531911
2020-08-29 00:00:00+00:00,DAI,5,DeFiLlama,1.004258307770311
2020-08-30 00:00:00+00:00,DAI,5,DeFiLlama,1.004258309076415
2020-08-31 00:00:00+00:00,DAI,5,DeFiLlama,1.0042583078409448
2020-09-01 00:00:00+00:00,DAI,5,DeFiLlama,1.0042583064228618
2020-09-02 00:00:00+00:00,DAI,5,DeFiLlama,1.0042583065752768
2020-09-03 00:00:00+00:00,DAI,5,DeFiLlama,1.0042583075067375
2020-09-04 00:00:00+00:00,DAI,5,DeFiLlama,1.0042583075690483
2020-09-05 00:00:00+00:00,DAI,5,DeFiLlama,1.0042583075448714
2020-09-06 00:00:00+00:00,DAI,5,DeFiLlama,1.0042583055205112
2020-09-07 00:00:00+00:00,DAI,5,DeFiLlama,1.0042583080549252
2020-09-08 00:00:00+00:00,DAI,5,DeFiLlama,1.0042583079139713
2020-09-09 00:00:00+00:00,DAI,5,DeFiLlama,1.0042583078187368
2020-09-10 00:00:00+00:00,DAI,5,DeFiLlama,1.0042583095867654
2020-09-11 00:00:00+00:00,DAI,5,DeFiLlama,1.0042583063401842
2020-09-12 00:00:00+00:00,DAI,5,DeFiLlama,1.0042583092077475
2020-09-13 00:00:00+00:00,DAI,5,DeFiLlama,1.0042583078249956
2020-09-14 00:00:00+00:00,DAI,5,DeFiLlama,1.004258307675013
2020-09-15 00:00:00+00:00,DAI,5,DeFiLlama,1.004258307860906
2020-09-16 00:00:00+00:00,DAI,5,DeFiLlama,1.0042583076664517
2020-09-17 00:00:00+00:00,DAI,5,DeFiLlama,1.00425830719131
2020-09-18 00:00:00+00:00,DAI,5,DeFiLlama,1.004258308505464
2020-09-19 00:00:00+00:00,DAI,5,DeFiLlama,1.0042583068531026
2020-09-20 00:00:00+00:00,DAI,5,DeFiLlama,1.0042583076318685
2020-09-21 00:00:00+00:00,DAI,5,DeFiLlama,1.0042583072493927
2020-09-22 00:00:00+00:00,DAI,5,DeFiLlama,1.0042583064461281
2020-09-23 00:00:00+00:00,DAI,5,DeFiLlama,1.0042583075016465
2020-09-24 00:00:00+00:00,DAI,5,DeFiLlama,1.0042583077887952
2020-09-25 00:00:00+00:00,DAI,5,DeFiLlama,1.0042583070627937
2020-09-26 00:00:00+00:00,DAI,5,DeFiLlama,1.0042583074622795
2020-09-27 00:00:00+00:00,DAI,5,DeFiLlama,1.0042583076235774
2020-09-28 00:00:00+00:00,DAI,5,DeFiLlama,1.0042583075694786
2020-09-29 00:00:00+00:00,DAI,5,DeFiLlama,1.0042583066241948
2020-09-30 00:00:00+00:00,DAI,5,DeFiLlama,1.0042583078505458
2020-10-01 00:00:00+00:00,DAI,5,DeFiLlama,1.0042583070604334
2020-10-02 00:00:00+00:00,DAI,5,DeFiLlama,1.0042583077033735
2020-10-03 00:00:00+00:00,DAI,5,DeFiLlama,1.0042583083813206
2020-10-04 00:00:00+00:00,DAI,5,DeFiLlama,1.004258306742025
2020-10-05 00:00:00+00:00,DAI,5,DeFiLlama,1.0042583069315927
2020-10-06 00:00:00+00:00,DAI,5,DeFiLlama,1.0042583075000724
2020-10-07 00:00:00+00:00,DAI,5,DeFiLlama,1.0042583078803928
2020-10-08 00:00:00+00:00,DAI,5,DeFiLlama,1.0042583072834084
2020-10-09 00:00:00+00:00,DAI,5,DeFiLlama,1.004258307504991
2020-10-10 00:00:00+00:00,DAI,5,DeFiLlama,1.004258306476977
2020-10-11 00:00:00+00:00,DAI,5,DeFiLlama,1.0042583070773254
2020-10-12 00:00:00+00:00,DAI,5,DeFiLlama,1.0042583079100593
2020-10-13 00:00:00+00:00,DAI,5,DeFiLlama,1.0042583072397488
2020-10-14 00:00:00+00:00,DAI,5,DeFiLlama,1.0042583075975
2020-10-15 00:00:00+00:00,DAI,5,DeFiLlama,1.0042583080621035
2020-10-16 00:00:00+00:00,DAI,5,DeFiLlama,1.0042583069880036
2020-10-17 00:00:00+00:00,DAI,5,DeFiLlama,1.0042583070398283
2020-10-18 00:00:00+00:00,DAI,5,DeFiLlama,1.0042583069035569
2020-10-19 00:00:00+00:00,DAI,5,DeFiLlama,1.0042583072009903
2020-10-20 00:00:00+00:00,DAI,5,DeFiLlama,1.004258307044238
2020-10-21 00:00:00+00:00,DAI,5,DeFiLlama,1.0042583067196722
2020-10-22 00:00:00+00:00,DAI,5,DeFiLlama,1.0042583073487985
2020-10-23 00:00:00+00:00,DAI,5,DeFiLlama,1.0042583072716798
2020-10-24 00:00:00+00:00,DAI,5,DeFiLlama,1.0042583077274563
2020-10-25 00:00:00+00:00,DAI,5,DeFiLlama,1.0042583082602987
2020-10-26 00:00:00+00:00,DAI,5,DeFiLlama,1.004258307833278
2020-10-27 00:00:00+00:00,DAI,5,DeFiLlama,1.0042583078115483
2020-10-28 00:00:00+00:00,DAI,5,DeFiLlama,1.0042583074363949
2020-10-29 00:00:00+00:00,DAI,5,DeFiLlama,1.004258307035611
2020-10-30 00:00:00+00:00,DAI,5,DeFiLlama,1.0042583072473001
2020-10-31 00:00:00+00:00,DAI,5,DeFiLlama,1.004258307585385
2020-11-01 00:00:00+00:00,DAI,5,DeFiLlama,1.0042583080422365
2020-11-02 00:00:00+00:00,DAI,5,DeFiLlama,1.0042583081033218
2020-11-03 00:00:00+00:00,DAI,5,DeFiLlama,1.004258306942347
2020-11-04 00:00:00+00:00,DAI,5,DeFiLlama,1.0042583080368033
2020-11-05 00:00:00+00:00,DAI,5,DeFiLlama,1.004258307588211
2020-11-06 00:00:00+00:00,DAI,5,DeFiLlama,1.004258306762031
2020-11-07 00:00:00+00:00,DAI,5,DeFiLlama,1.0042583076066
2020-11-08 00:00:00+00:00,DAI,5,DeFiLlama,1.0042583066604187
2020-11-09 00:00:00+00:00,DAI,5,DeFiLlama,1.0042583072126947
2020-11-10 00:00:00+00:00,DAI,5,DeFiLlama,1.0042583071771671
2020-11-11 00:00:00+00:00,DAI,5,DeFiLlama,1.0042583072510924
2020-11-12 00:00:00+00:00,DAI,5,DeFiLlama,1.004258307362161
2020-11-13 00:00:00+00:00,DAI,5,DeFiLlama,1.0042583072079405
2020-11-14 00:00:00+00:00,DAI,5,DeFiLlama,1.0042583074416802
2020-11-15 00:00:00+00:00,DAI,5,DeFiLlama,1.0042583075584754
2020-11-16 00:00:00+00:00,DAI,5,DeFiLlama,1.0042583072717397
2020-11-17 00:00:00+00:00,DAI,5,DeFiLlama,1.0042583072778022
2020-11-18 00:00:00+00:00,DAI,5,DeFiLlama,1.0042583067353787
2020-11-19 00:00:00+00:00,DAI,5,DeFiLlama,1.0042583072186626
2020-11-20 00:00:00+00:00,DAI,5,DeFiLlama,1.004258307229323
2020-11-21 00:00:00+00:00,DAI,5,DeFiLlama,1.004258307706296
2020-11-22 00:00:00+00:00,DAI,5,DeFiLlama,1.0042583068580606
2020-11-23 00:00:00+00:00,DAI,5,DeFiLlama,1.0042583079291172
2020-11-24 00:00:00+00:00,DAI,5,DeFiLlama,1.0042583076914235
2020-11-25 00:00:00+00:00,DAI,5,DeFiLlama,1.0042583073488542
2020-11-26 00:00:00+00:00,DAI,5,DeFiLlama,1.0042583073206695
2020-11-27 00:00:00+00:00,DAI,5,DeFiLlama,1.0042583076507288
2020-11-28 00:00:00+00:00,DAI,5,DeFiLlama,1.0042583069498754
2020-11-29 00:00:00+00:00,DAI,5,DeFiLlama,1.0042583071837115
2020-11-30 00:00:00+00:00,DAI,5,DeFiLlama,1.0042583077317613
2020-12-01 00:00:00+00:00,DAI,5,DeFiLlama,1.0042583075311304
2020-12-02 00:00:00+00:00,DAI,5,DeFiLlama,1.0042583072099367
2020-12-03 00:00:00+00:00,DAI,5,DeFiLlama,1.004258308300719
2020-12-04 00:00:00+00:00,DAI,5,DeFiLlama,1.0042583077806002
2020-12-05 00:00:00+00:00,DAI,5,DeFiLlama,1.0042583070370348
2020-12-06 00:00:00+00:00,DAI,5,DeFiLlama,1.0042583073103484
2020-12-07 00:00:00+00:00,DAI,5,DeFiLlama,1.0042583070569349
2020-12-08 00:00:00+00:00,DAI,5,DeFiLlama,1.0042583077277556
2020-12-09 00:00:00+00:00,DAI,5,DeFiLlama,1.004258307691821
2020-12-10 00:00:00+00:00,DAI,5,DeFiLlama,1.0042583075108769
2020-12-11 00:00:00+00:00,DAI,5,DeFiLlama,1.004258307223731
2020-12-12 00:00:00+00:00,DAI,5,DeFiLlama,1.0042583070189157
2020-12-13 00:00:00+00:00,DAI,5,DeFiLlama,1.0042583078590221
2020-12-14 00:00:00+00:00,DAI,5,DeFiLlama,1.0042583067854498
2020-12-15 00:00:00+00:00,DAI,5,DeFiLlama,1.0042583071509823
2020-12-16 00:00:00+00:00,DAI,5,DeFiLlama,1.0042583075637863
2020-12-17 00:00:00+00:00,DAI,5,DeFiLlama,1.004258307653454
2020-12-18 00:00:00+00:00,DAI,5,DeFiLlama,1.0042583074412494
2020-12-19 00:00:00+00:00,DAI,5,DeFiLlama,1.0042583078804248
2020-12-20 00:00:00+00:00,DAI,5,DeFiLlama,1.0042583071679219
2020-12-21 00:00:00+00:00,DAI,5,DeFiLlama,1.0042583075963942
2020-12-22 00:00:00+00:00,DAI,5,DeFiLlama,1.0042583080145782
2020-12-23 00:00:00+00:00,DAI,5,DeFiLlama,1.0042583067393156
2020-12-24 00:00:00+00:00,DAI,5,DeFiLlama,1.0042583074153557
2020-12-25 00:00:00+00:00,DAI,5,DeFiLlama,1.0042583081879137
2020-12-26 00:00:00+00:00,DAI,5,DeFiLlama,1.0042583077594198
2020-12-27 00:00:00+00:00,DAI,5,DeFiLlama,1.0042583070976472
2020-12-28 00:00:00+00:00,DAI,5,DeFiLlama,1.0042583070010453
2020-12-29 00:00:00+00:00,DAI,5,DeFiLlama,1.0042583073372693
2020-12-30 00:00:00+00:00,DAI,5,DeFiLlama,1.0042583073908964
2020-12-31 00:00:00+00:00,DAI,5,DeFiLlama,1.0049064184524177
2021-01-01 00:00:00+00:00,DAI,5,DeFiLlama,1.002622143939251
2021-01-02 00:00:00+00:00,DAI,5,DeFiLlama,1.0040354373993698
2021-01-03 00:00:00+00:00,DAI,5,DeFiLlama,1.0054927795970237
2021-01-04 00:00:00+00:00,DAI,5,DeFiLlama,1.0078514665294087
2021-01-05 00:00:00+00:00,DAI,5,DeFiLlama,1.0020048010838274
2021-01-06 00:00:00+00:00,DAI,5,DeFiLlama,1.00049399221544
2021-01-07 00:00:00+00:00,DAI,5,DeFiLlama,1.0060378902286984
2021-01-08 00:00:00+00:00,DAI,5,DeFiLlama,1.0003571292550821
2021-01-09 00:00:00+00:00,DAI,5,DeFiLlama,0.998569398948944
2021-01-10 00:00:00+00:00,DAI,5,DeFiLlama,1.0059519189885986
2021-01-11 00:00:00+00:00,DAI,5,DeFiLlama,1.00036618721056
2021-01-12 00:00:00+00:00,DAI,5,DeFiLlama,1.0098647310257631
2021-01-13 00:00:00+00:00,DAI,5,DeFiLlama,1.0031953167578045
2021-01-14 00:00:00+00:00,DAI,5,DeFiLlama,1.0014216850882656
2021-01-15 00:00:00+00:00,DAI,5,DeFiLlama,1.0015808979706295
2021-01-16 00:00:00+00:00,DAI,5,DeFiLlama,0.9994679796383419
2021-01-17 00:00:00+00:00,DAI,5,DeFiLlama,1.0015318345488755
2021-01-18 00:00:00+00:00,DAI,5,DeFiLlama,0.9993096246028631
2021-01-19 00:00:00+00:00,DAI,5,DeFiLlama,1.0010221772748773
2021-01-20 00:00:00+00:00,DAI,5,DeFiLlama,0.9991523887322088
2021-01-21 00:00:00+00:00,DAI,5,DeFiLlama,0.9981625178837169
2021-01-22 00:00:00+00:00,DAI,5,DeFiLlama,1.0011624188178028
2021-01-23 00:00:00+00:00,DAI,5,DeFiLlama,1.0011624190377235
2021-01-24 00:00:00+00:00,DAI,5,DeFiLlama,0.9988292169892894
2021-01-25 00:00:00+00:00,DAI,5,DeFiLlama,1.0009249313636595
2021-01-26 00:00:00+00:00,DAI,5,DeFiLlama,1.0017888537707196
2021-01-27 00:00:00+00:00,DAI,5,DeFiLlama,1.0019752647706262
2021-01-28 00:00:00+00:00,DAI,5,DeFiLlama,1.0004462117060486
2021-01-29 00:00:00+00:00,DAI,5,DeFiLlama,0.9964754597163633
2021-01-30 00:00:00+00:00,DAI,5,DeFiLlama,0.9942495336486621
2021-01-31 00:00:00+00:00,DAI,5,DeFiLlama,0.9958471589485794
2021-02-01 00:00:00+00:00,DAI,5,DeFiLlama,1.0000578245204983
2021-02-02 00:00:00+00:00,DAI,5,DeFiLlama,0.9989091633866577
2021-02-03 00:00:00+00:00,DAI,5,DeFiLlama,1.0005790141337016
2021-02-04 00:00:00+00:00,DAI,5,DeFiLlama,0.9993403290644592
2021-02-05 00:00:00+00:00,DAI,5,DeFiLlama,1.001292053021292
2021-02-06 00:00:00+00:00,DAI,5,DeFiLlama,1.0016552242890817
2021-02-07 00:00:00+00:00,DAI,5,DeFiLlama,0.99875238282911
2021-02-08 00:00:00+00:00,DAI,5,DeFiLlama,1.0005951943833353
2021-02-09 00:00:00+00:00,DAI,5,DeFiLlama,0.9998196331829774
2021-02-10 00:00:00+00:00,DAI,5,DeFiLlama,0.9972843324201844
2021-02-11 00:00:00+00:00,DAI,5,DeFiLlama,1.000307730453687
2021-02-12 00:00:00+00:00,DAI,5,DeFiLlama,1.000038971614328
2021-02-13 00:00:00+00:00,DAI,5,DeFiLlama,0.9980508217307904
2021-02-14 00:00:00+00:00,DAI,5,DeFiLlama,0.9996568477866141
2021-02-15 00:00:00+00:00,DAI,5,DeFiLlama,0.9982979448195296
2021-02-16 00:00:00+00:00,DAI,5,DeFiLlama,1.0021019074899848
2021-02-17 00:00:00+00:00,DAI,5,DeFiLlama,1.0011762900840617
2021-02-18 00:00:00+00:00,DAI,5,DeFiLlama,1.0011138975825002
2021-02-19 00:00:00+00:00,DAI,5,DeFiLlama,1.0013087113592172
2021-02-20 00:00:00+00:00,DAI,5,DeFiLlama,1.0047206093988423
2021-02-21 00:00:00+00:00,DAI,5,DeFiLlama,1.0023220980637064
2021-02-22 00:00:00+00:00,DAI,5,DeFiLlama,1.0042233395134093
2021-02-23 00:00:00+00:00,DAI,5,DeFiLlama,1.0036834713441294
2021-02-24 00:00:00+00:00,DAI,5,DeFiLlama,1.006739179278923
2021-02-25 00:00:00+00:00,DAI,5,DeFiLlama,1.0099808510931172
2021-02-26 00:00:00+00:00,DAI,5,DeFiLlama,0.9979514133387478
2021-02-27 00:00:00+00:00,DAI,5,DeFiLlama,1.0075734425232539
2021-02-28 00:00:00+00:00,DAI,5,DeFiLlama,1.0062846732796935
2021-03-01 00:00:00+00:00,DAI,5,DeFiLlama,1.0053147429433054
2021-03-02 00:00:00+00:00,DAI,5,DeFiLlama,1.0053454734620206
2021-03-03 00:00:00+00:00,DAI,5,DeFiLlama,1.0066134839773253
2021-03-04 00:00:00+00:00,DAI,5,DeFiLlama,1.0005853575974102
2021-03-05 00:00:00+00:00,DAI,5,DeFiLlama,1.0064005305113957
2021-03-06 00:00:00+00:00,DAI,5,DeFiLlama,1.0012997285294891
2021-03-07 00:00:00+00:00,DAI,5,DeFiLlama,1.002634274222006
2021-03-08 00:00:00+00:00,DAI,5,DeFiLlama,0.9993405480862924
2021-03-09 00:00:00+00:00,DAI,5,DeFiLlama,1.0024911494521016
2021-03-10 00:00:00+00:00,DAI,5,DeFiLlama,1.00409923283634
2021-03-11 00:00:00+00:00,DAI,5,DeFiLlama,0.9993433543252334
2021-03-12 00:00:00+00:00,DAI,5,DeFiLlama,1.0045933240297729
2021-03-13 00:00:00+00:00,DAI,5,DeFiLlama,1.0048035866311178
2021-03-14 00:00:00+00:00,DAI,5,DeFiLlama,1.0048836437786577
2021-03-15 00:00:00+00:00,DAI,5,DeFiLlama,1.0051468776957182
2021-03-16 00:00:00+00:00,DAI,5,DeFiLlama,1.0034317863679378
2021-03-17 00:00:00+00:00,DAI,5,DeFiLlama,1.0008623184303844
2021-03-18 00:00:00+00:00,DAI,5,DeFiLlama,1.003874845196331
2021-03-19 00:00:00+00:00,DAI,5,DeFiLlama,1.0042110641314295
2021-03-20 00:00:00+00:00,DAI,5,DeFiLlama,1.0016621491535156
2021-03-21 00:00:00+00:00,DAI,5,DeFiLlama,1.0042365942689635
2021-03-22 00:00:00+00:00,DAI,5,DeFiLlama,1.0029970675339994
2021-03-23 00:00:00+00:00,DAI,5,DeFiLlama,1.0042962381760567
2021-03-24 00:00:00+00:00,DAI,5,DeFiLlama,0.9993577336637216
2021-03-25 00:00:00+00:00,DAI,5,DeFiLlama,1.0022448304547475
2021-03-26 00:00:00+00:00,DAI,5,DeFiLlama,1.00003666785667
2021-03-27 00:00:00+00:00,DAI,5,DeFiLlama,1.0012433791902529
2021-03-28 00:00:00+00:00,DAI,5,DeFiLlama,1.0023854049830832
2021-03-29 00:00:00+00:00,DAI,5,DeFiLlama,1.0025302602116366
2021-03-30 00:00:00+00:00,DAI,5,DeFiLlama,0.9992548138104012
2021-03-31 00:00:00+00:00,DAI,5,DeFiLlama,1.0003131322012169
2021-04-01 00:00:00+00:00,DAI,5,DeFiLlama,0.9991210335518733
2021-04-02 00:00:00+00:00,DAI,5,DeFiLlama,1.0010588984769917
2021-04-03 00:00:00+00:00,DAI,5,DeFiLlama,1.002375166963091
2021-04-04 00:00:00+00:00,DAI,5,DeFiLlama,0.999616755429728
2021-04-05 00:00:00+00:00,DAI,5,DeFiLlama,1.0017188376852588
2021-04-06 00:00:00+00:00,DAI,5,DeFiLlama,1.0009919480292648
2021-04-07 00:00:00+00:00,DAI,5,DeFiLlama,0.9999775646642436
2021-04-08 00:00:00+00:00,DAI,5,DeFiLlama,1.0022688115472755
2021-04-09 00:00:00+00:00,DAI,5,DeFiLlama,1.000579402103025
2021-04-10 00:00:00+00:00,DAI,5,DeFiLlama,0.9987083403467742
2021-04-11 00:00:00+00:00,DAI,5,DeFiLlama,1.0008325322460925
2021-04-12 00:00:00+00:00,DAI,5,DeFiLlama,1.0021057454009945
2021-04-13 00:00:00+00:00,DAI,5,DeFiLlama,1.0009711104900294
2021-04-14 00:00:00+00:00,DAI,5,DeFiLlama,1.0008061081361892
2021-04-15 00:00:00+00:00,DAI,5,DeFiLlama,1.001856355059778
2021-04-16 00:00:00+00:00,DAI,5,DeFiLlama,1.001525500453851
2021-04-17 00:00:00+00:00,DAI,5,DeFiLlama,0.9967573279734533
2021-04-18 00:00:00+00:00,DAI,5,DeFiLlama,1.0009246251699
2021-04-19 00:00:00+00:00,DAI,5,DeFiLlama,0.9988939221457479
2021-04-20 00:00:00+00:00,DAI,5,DeFiLlama,0.9988389494135345
2021-04-21 00:00:00+00:00,DAI,5,DeFiLlama,1.003224228681192
2021-04-22 00:00:00+00:00,DAI,5,DeFiLlama,0.9942635411432992
2021-04-23 00:00:00+00:00,DAI,5,DeFiLlama,1.0018662060132029
2021-04-24 00:00:00+00:00,DAI,5,DeFiLlama,1.0007454686237784
2021-04-25 00:00:00+00:00,DAI,5,DeFiLlama,0.9993876425761223
2021-04-26 00:00:00+00:00,DAI,5,DeFiLlama,1.002193112681792
2021-04-27 00:00:00+00:00,DAI,5,DeFiLlama,1.0012077492777502
2021-04-28 00:00:00+00:00,DAI,5,DeFiLlama,0.9994078917364171
2021-04-29 00:00:00+00:00,DAI,5,DeFiLlama,1.0011032805899667
2021-04-30 00:00:00+00:00,DAI,5,DeFiLlama,1.001844965975094
2021-05-01 00:00:00+00:00,DAI,5,DeFiLlama,0.9993940134873714
2021-05-02 00:00:00+00:00,DAI,5,DeFiLlama,1.000729528775896
2021-05-03 00:00:00+00:00,DAI,5,DeFiLlama,1.0022314617201513
2021-05-04 00:00:00+00:00,DAI,5,DeFiLlama,1.003411144948
2021-05-05 00:00:00+00:00,DAI,5,DeFiLlama,0.9999135614081435
2021-05-06 00:00:00+00:00,DAI,5,DeFiLlama,1.0005924702249946
2021-05-07 00:00:00+00:00,DAI,5,DeFiLlama,1.0001652148871218
2021-05-08 00:00:00+00:00,DAI,5,DeFiLlama,1.001578434299579
2021-05-09 00:00:00+00:00,DAI,5,DeFiLlama,1.0002986865084547
2021-05-10 00:00:00+00:00,DAI,5,DeFiLlama,1.0009533840474316
2021-05-11 00:00:00+00:00,DAI,5,DeFiLlama,1.003393857094357
2021-05-12 00:00:00+00:00,DAI,5,DeFiLlama,1.001515954543176
2021-05-13 00:00:00+00:00,DAI,5,DeFiLlama,1.0001779048541442
2021-05-14 00:00:00+00:00,DAI,5,DeFiLlama,0.9934305841006668
2021-05-15 00:00:00+00:00,DAI,5,DeFiLlama,1.0004392198299084
2021-05-16 00:00:00+00:00,DAI,5,DeFiLlama,0.9993927419568573
2021-05-17 00:00:00+00:00,DAI,5,DeFiLlama,1.0007014113959587
2021-05-18 00:00:00+00:00,DAI,5,DeFiLlama,1.0033825110132721
2021-05-19 00:00:00+00:00,DAI,5,DeFiLlama,0.992771345092884
2021-05-20 00:00:00+00:00,DAI,5,DeFiLlama,0.9948981303899189
2021-05-21 00:00:00+00:00,DAI,5,DeFiLlama,1.0074147856617799
2021-05-22 00:00:00+00:00,DAI,5,DeFiLlama,1.0011490415181106
2021-05-23 00:00:00+00:00,DAI,5,DeFiLlama,1.0039697494997941
2021-05-24 00:00:00+00:00,DAI,5,DeFiLlama,1.0031487178675755
2021-05-25 00:00:00+00:00,DAI,5,DeFiLlama,1.0036412044657539
2021-05-26 00:00:00+00:00,DAI,5,DeFiLlama,1.002555857174668
2021-05-27 00:00:00+00:00,DAI,5,DeFiLlama,0.9986062298350862
2021-05-28 00:00:00+00:00,DAI,5,DeFiLlama,1.0011658646353616
2021-05-29 00:00:00+00:00,DAI,5,DeFiLlama,1.0059888720661565
2021-05-30 00:00:00+00:00,DAI,5,DeFiLlama,0.9993362351593683
2021-05-31 00:00:00+00:00,DAI,5,DeFiLlama,1.0014220199311046
2021-06-01 00:00:00+00:00,DAI,5,DeFiLlama,0.9998979974756806
2021-06-02 00:00:00+00:00,DAI,5,DeFiLlama,1.0031662576390716
2021-06-03 00:00:00+00:00,DAI,5,DeFiLlama,1.0004027009391891
2021-06-04 00:00:00+00:00,DAI,5,DeFiLlama,1.001321335655433
2021-06-05 00:00:00+00:00,DAI,5,DeFiLlama,1.0007615432798873
2021-06-06 00:00:00+00:00,DAI,5,DeFiLlama,1.0008984437589616
2021-06-07 00:00:00+00:00,DAI,5,DeFiLlama,1.0029721237089422
2021-06-08 00:00:00+00:00,DAI,5,DeFiLlama,1.002400165420604
2021-06-09 00:00:00+00:00,DAI,5,DeFiLlama,1.002618879777466
2021-06-10 00:00:00+00:00,DAI,5,DeFiLlama,1.002161380947837
2021-06-11 00:00:00+00:00,DAI,5,DeFiLlama,1.004294316647672
2021-06-12 00:00:00+00:00,DAI,5,DeFiLlama,1.0002803901458195
2021-06-13 00:00:00+00:00,DAI,5,DeFiLlama,1.0035133238998637
2021-06-14 00:00:00+00:00,DAI,5,DeFiLlama,1.0006030217814914
2021-06-15 00:00:00+00:00,DAI,5,DeFiLlama,1.0016684239136946
2021-06-16 00:00:00+00:00,DAI,5,DeFiLlama,1.004641355549146
2021-06-17 00:00:00+00:00,DAI,5,DeFiLlama,0.9996162410494738
2021-06-18 00:00:00+00:00,DAI,5,DeFiLlama,1.0058595563744779
2021-06-19 00:00:00+00:00,DAI,5,DeFiLlama,1.0024385222397938
2021-06-20 00:00:00+00:00,DAI,5,DeFiLlama,1.004925267151122
2021-06-21 00:00:00+00:00,DAI,5,DeFiLlama,1.0022807740231
2021-06-22 00:00:00+00:00,DAI,5,DeFiLlama,1.0016193879284312
2021-06-23 00:00:00+00:00,DAI,5,DeFiLlama,1.003171212339131
2021-06-24 00:00:00+00:00,DAI,5,DeFiLlama,1.0033779337612767
2021-06-25 00:00:00+00:00,DAI,5,DeFiLlama,1.0020527249985187
2021-06-26 00:00:00+00:00,DAI,5,DeFiLlama,0.9962402215959365
2021-06-27 00:00:00+00:00,DAI,5,DeFiLlama,1.005429552165221
2021-06-28 00:00:00+00:00,DAI,5,DeFiLlama,1.007096384448823
2021-06-29 00:00:00+00:00,DAI,5,DeFiLlama,1.0027054580370647
2021-06-30 00:00:00+00:00,DAI,5,DeFiLlama,0.9999982831324438
2021-07-01 00:00:00+00:00,DAI,5,DeFiLlama,1.0030061401444
2021-07-02 00:00:00+00:00,DAI,5,DeFiLlama,1.002889419329921
2021-07-03 00:00:00+00:00,DAI,5,DeFiLlama,1.007008014205358
2021-07-04 00:00:00+00:00,DAI,5,DeFiLlama,1.0029758056211306
2021-07-05 00:00:00+00:00,DAI,5,DeFiLlama,0.998385622485432
2021-07-06 00:00:00+00:00,DAI,5,DeFiLlama,1.005892712938053
2021-07-07 00:00:00+00:00,DAI,5,DeFiLlama,1.0033927657816124
2021-07-08 00:00:00+00:00,DAI,5,DeFiLlama,1.0014840566319863
2021-07-09 00:00:00+00:00,DAI,5,DeFiLlama,1.002550212968449
2021-07-10 00:00:00+00:00,DAI,5,DeFiLlama,1.0044440706717583
2021-07-11 00:00:00+00:00,DAI,5,DeFiLlama,1.004892152693306
2021-07-12 00:00:00+00:00,DAI,5,DeFiLlama,1.0021610374796366
2021-07-13 00:00:00+00:00,DAI,5,DeFiLlama,1.0039149672714833
2021-07-14 00:00:00+00:00,DAI,5,DeFiLlama,1.0046958127842878
2021-07-15 00:00:00+00:00,DAI,5,DeFiLlama,1.003954128531693
2021-07-16 00:00:00+00:00,DAI,5,DeFiLlama,1.004948363342279
2021-07-17 00:00:00+00:00,DAI,5,DeFiLlama,0.998914651088496
2021-07-18 00:00:00+00:00,DAI,5,DeFiLlama,1.0026398576483404
2021-07-19 00:00:00+00:00,DAI,5,DeFiLlama,1.002364963590797
2021-07-20 00:00:00+00:00,DAI,5,DeFiLlama,1.0034705948453888
2021-07-21 00:00:00+00:00,DAI,5,DeFiLlama,1.001533710576423
2021-07-22 00:00:00+00:00,DAI,5,DeFiLlama,1.004280474191346
2021-07-23 00:00:00+00:00,DAI,5,DeFiLlama,1.0027909072425318
2021-07-24 00:00:00+00:00,DAI,5,DeFiLlama,1.006511034238923
2021-07-25 00:00:00+00:00,DAI,5,DeFiLlama,1.0021198457688782
2021-07-26 00:00:00+00:00,DAI,5,DeFiLlama,1.0026926397962206
2021-07-27 00:00:00+00:00,DAI,5,DeFiLlama,0.9991545323529709
2021-07-28 00:00:00+00:00,DAI,5,DeFiLlama,1.0046182678658178
2021-07-29 00:00:00+00:00,DAI,5,DeFiLlama,0.9997710843442229
2021-07-30 00:00:00+00:00,DAI,5,DeFiLlama,1.0061938636858114
2021-07-31 00:00:00+00:00,DAI,5,DeFiLlama,1.004265464150745
2021-08-01 00:00:00+00:00,DAI,5,DeFiLlama,1.001901303521066
2021-08-02 00:00:00+00:00,DAI,5,DeFiLlama,1.0018274618007696
2021-08-03 00:00:00+00:00,DAI,5,DeFiLlama,1.0023774526516553
2021-08-04 00:00:00+00:00,DAI,5,DeFiLlama,1.0061247717881332
2021-08-05 00:00:00+00:00,DAI,5,DeFiLlama,0.9951163678617438
2021-08-06 00:00:00+00:00,DAI,5,DeFiLlama,1.0005619348182178
2021-08-07 00:00:00+00:00,DAI,5,DeFiLlama,1.0001626434893158
2021-08-08 00:00:00+00:00,DAI,5,DeFiLlama,0.9997775389387014
2021-08-09 00:00:00+00:00,DAI,5,DeFiLlama,1.0035513408426566
2021-08-10 00:00:00+00:00,DAI,5,DeFiLlama,1.0039851305995455
2021-08-11 00:00:00+00:00,DAI,5,DeFiLlama,1.0005944111359066
2021-08-12 00:00:00+00:00,DAI,5,DeFiLlama,0.9992560665381173
2021-08-13 00:00:00+00:00,DAI,5,DeFiLlama,1.0002962765471095
2021-08-14 00:00:00+00:00,DAI,5,DeFiLlama,1.000818180452052
2021-08-15 00:00:00+00:00,DAI,5,DeFiLlama,0.999989635917364
2021-08-16 00:00:00+00:00,DAI,5,DeFiLlama,1.0009861553120047
2021-08-17 00:00:00+00:00,DAI,5,DeFiLlama,1.0011266998529795
2021-08-18 00:00:00+00:00,DAI,5,DeFiLlama,1.0018261539795894
2021-08-19 00:00:00+00:00,DAI,5,DeFiLlama,1.0035431921655553
2021-08-20 00:00:00+00:00,DAI,5,DeFiLlama,1.0095651280531492
2021-08-21 00:00:00+00:00,DAI,5,DeFiLlama,0.9996840116534933
2021-08-22 00:00:00+00:00,DAI,5,DeFiLlama,1.0013598373507016
2021-08-23 00:00:00+00:00,DAI,5,DeFiLlama,1.0063283121264184
2021-08-24 00:00:00+00:00,DAI,5,DeFiLlama,1.0003716810781416
2021-08-25 00:00:00+00:00,DAI,5,DeFiLlama,1.0023486508125505
2021-08-26 00:00:00+00:00,DAI,5,DeFiLlama,0.9998546558823653
2021-08-27 00:00:00+00:00,DAI,5,DeFiLlama,0.9997920881473351
2021-08-28 00:00:00+00:00,DAI,5,DeFiLlama,1.0026754524172676
2021-08-29 00:00:00+00:00,DAI,5,DeFiLlama,1.0001565504701744
2021-08-30 00:00:00+00:00,DAI,5,DeFiLlama,0.999939428608497
2021-08-31 00:00:00+00:00,DAI,5,DeFiLlama,0.9978302041775051
2021-09-01 00:00:00+00:00,DAI,5,DeFiLlama,1.0039901190108211
2021-09-02 00:00:00+00:00,DAI,5,DeFiLlama,1.0001590591644676
2021-09-03 00:00:00+00:00,DAI,5,DeFiLlama,0.9998512299031744
2021-09-04 00:00:00+00:00,DAI,5,DeFiLlama,0.9988984888034704
2021-09-05 00:00:00+00:00,DAI,5,DeFiLlama,0.9983312877472049
2021-09-06 00:00:00+00:00,DAI,5,DeFiLlama,0.9996451826438804
2021-09-07 00:00:00+00:00,DAI,5,DeFiLlama,1.0005074642356087
2021-09-08 00:00:00+00:00,DAI,5,DeFiLlama,1.0016099160550238
2021-09-09 00:00:00+00:00,DAI,5,DeFiLlama,1.003973530942204
2021-09-10 00:00:00+00:00,DAI,5,DeFiLlama,1.0044956980751432
2021-09-11 00:00:00+00:00,DAI,5,DeFiLlama,0.9977592699085289
2021-09-12 00:00:00+00:00,DAI,5,DeFiLlama,1.0025973103280061
2021-09-13 00:00:00+00:00,DAI,5,DeFiLlama,1.0108952366319333
2021-09-14 00:00:00+00:00,DAI,5,DeFiLlama,1.004105642625603
2021-09-15 00:00:00+00:00,DAI,5,DeFiLlama,1.0016710614514073
2021-09-16 00:00:00+00:00,DAI,5,DeFiLlama,1.0017966376274314
2021-09-17 00:00:00+00:00,DAI,5,DeFiLlama,1.0021173796216676
2021-09-18 00:00:00+00:00,DAI,5,DeFiLlama,1.004369482045265
2021-09-19 00:00:00+00:00,DAI,5,DeFiLlama,1.003837955592543
2021-09-20 00:00:00+00:00,DAI,5,DeFiLlama,1.004497487175962
2021-09-21 00:00:00+00:00,DAI,5,DeFiLlama,0.9911832335195636
2021-09-22 00:00:00+00:00,DAI,5,DeFiLlama,0.9951586201945264
2021-09-23 00:00:00+00:00,DAI,5,DeFiLlama,1.0006875005726474
2021-09-24 00:00:00+00:00,DAI,5,DeFiLlama,1.0024018246268602
2021-09-25 00:00:00+00:00,DAI,5,DeFiLlama,1.0022615256373928
2021-09-26 00:00:00+00:00,DAI,5,DeFiLlama,1.0041950853404127
2021-09-27 00:00:00+00:00,DAI,5,DeFiLlama,1.0039221478664369
2021-09-28 00:00:00+00:00,DAI,5,DeFiLlama,0.9944924040348375
2021-09-29 00:00:00+00:00,DAI,5,DeFiLlama,0.9946490953452852
2021-09-30 00:00:00+00:00,DAI,5,DeFiLlama,1.0038577582652892
2021-10-01 00:00:00+00:00,DAI,5,DeFiLlama,1.005784668947511
2021-10-02 00:00:00+00:00,DAI,5,DeFiLlama,1.0026436044378466
2021-10-03 00:00:00+00:00,DAI,5,DeFiLlama,0.9994475465042617
2021-10-04 00:00:00+00:00,DAI,5,DeFiLlama,1.0035773287453957
2021-10-05 00:00:00+00:00,DAI,5,DeFiLlama,1.003258695236808
2021-10-06 00:00:00+00:00,DAI,5,DeFiLlama,1.0017626778973465
2021-10-07 00:00:00+00:00,DAI,5,DeFiLlama,1.002356079751678
2021-10-08 00:00:00+00:00,DAI,5,DeFiLlama,1.0010843511143526
2021-10-09 00:00:00+00:00,DAI,5,DeFiLlama,1.0018395314420083
2021-10-10 00:00:00+00:00,DAI,5,DeFiLlama,1.0029879945110403
2021-10-11 00:00:00+00:00,DAI,5,DeFiLlama,1.00127342671643
2021-10-12 00:00:00+00:00,DAI,5,DeFiLlama,1.0073081652179565
2021-10-13 00:00:00+00:00,DAI,5,DeFiLlama,1.002014752434468
2021-10-14 00:00:00+00:00,DAI,5,DeFiLlama,1.0048183285223147
2021-10-15 00:00:00+00:00,DAI,5,DeFiLlama,1.0019637559218217
2021-10-16 00:00:00+00:00,DAI,5,DeFiLlama,1.004890615790856
2021-10-17 00:00:00+00:00,DAI,5,DeFiLlama,1.0028508268017027
2021-10-18 00:00:00+00:00,DAI,5,DeFiLlama,1.0047036121966892
2021-10-19 00:00:00+00:00,DAI,5,DeFiLlama,1.0008396846364305
2021-10-20 00:00:00+00:00,DAI,5,DeFiLlama,0.9998352797547718
2021-10-21 00:00:00+00:00,DAI,5,DeFiLlama,1.0003443446714946
2021-10-22 00:00:00+00:00,DAI,5,DeFiLlama,1.0008728606429593
2021-10-23 00:00:00+00:00,DAI,5,DeFiLlama,1.0056489435057443
2021-10-24 00:00:00+00:00,DAI,5,DeFiLlama,1.006453292738706
2021-10-25 00:00:00+00:00,DAI,5,DeFiLlama,1.005075310478375
2021-10-26 00:00:00+00:00,DAI,5,DeFiLlama,1.0049671099902304
2021-10-27 00:00:00+00:00,DAI,5,DeFiLlama,1.0000258587683148
2021-10-28 00:00:00+00:00,DAI,5,DeFiLlama,0.9991250560900027
2021-10-29 00:00:00+00:00,DAI,5,DeFiLlama,0.9990111854281868
2021-10-30 00:00:00+00:00,DAI,5,DeFiLlama,0.9997503513682089
2021-10-31 00:00:00+00:00,DAI,5,DeFiLlama,1.004004777091347
2021-11-01 00:00:00+00:00,DAI,5,DeFiLlama,1.0000181937105848
2021-11-02 00:00:00+00:00,DAI,5,DeFiLlama,1.0016144926566914
2021-11-03 00:00:00+00:00,DAI,5,DeFiLlama,1.0026641355223207
2021-11-04 00:00:00+00:00,DAI,5,DeFiLlama,1.000836528696319
2021-11-05 00:00:00+00:00,DAI,5,DeFiLlama,1.0046473172355883
2021-11-06 00:00:00+00:00,DAI,5,DeFiLlama,1.0034590646816153
2021-11-07 00:00:00+00:00,DAI,5,DeFiLlama,1.0032716119641587
2021-11-08 00:00:00+00:00,DAI,5,DeFiLlama,0.9990482207687915
2021-11-09 00:00:00+00:00,DAI,5,DeFiLlama,1.0009555678803472
2021-11-10 00:00:00+00:00,DAI,5,DeFiLlama,1.0011499772914432
2021-11-11 00:00:00+00:00,DAI,5,DeFiLlama,1.0044213663381645
2021-11-12 00:00:00+00:00,DAI,5,DeFiLlama,1.0011671075180941
2021-11-13 00:00:00+00:00,DAI,5,DeFiLlama,1.0076412806668302
2021-11-14 00:00:00+00:00,DAI,5,DeFiLlama,1.003172819923258
2021-11-15 00:00:00+00:00,DAI,5,DeFiLlama,1.0083551412987135
2021-11-16 00:00:00+00:00,DAI,5,DeFiLlama,1.0031440843429054
2021-11-17 00:00:00+00:00,DAI,5,DeFiLlama,1.0023975444442519
2021-11-18 00:00:00+00:00,DAI,5,DeFiLlama,1.007680869545051
2021-11-19 00:00:00+00:00,DAI,5,DeFiLlama,0.9993381522559289
2021-11-20 00:00:00+00:00,DAI,5,DeFiLlama,1.0062669998669094
2021-11-21 00:00:00+00:00,DAI,5,DeFiLlama,1.0066940348853064
2021-11-22 00:00:00+00:00,DAI,5,DeFiLlama,1.0045095324104352
2021-11-23 00:00:00+00:00,DAI,5,DeFiLlama,0.9998445389780183
2021-11-24 00:00:00+00:00,DAI,5,DeFiLlama,1.0009342579476663
2021-11-25 00:00:00+00:00,DAI,5,DeFiLlama,1.0022449717530393
2021-11-26 00:00:00+00:00,DAI,5,DeFiLlama,0.9979605899172781
2021-11-27 00:00:00+00:00,DAI,5,DeFiLlama,1.0001721286929506
2021-11-28 00:00:00+00:00,DAI,5,DeFiLlama,0.9987986676681155
2021-11-29 00:00:00+00:00,DAI,5,DeFiLlama,1.0016378288226266
2021-11-30 00:00:00+00:00,DAI,5,DeFiLlama,0.9986096775069205
2021-12-01 00:00:00+00:00,DAI,5,DeFiLlama,0.9980027717987819
2021-12-02 00:00:00+00:00,DAI,5,DeFiLlama,1.0013194895318522
2021-12-03 00:00:00+00:00,DAI,5,DeFiLlama,0.9975399468914085
2021-12-04 00:00:00+00:00,DAI,5,DeFiLlama,0.9997037682179785
2021-12-05 00:00:00+00:00,DAI,5,DeFiLlama,0.9995927005148129
2021-12-06 00:00:00+00:00,DAI,5,DeFiLlama,1.0004759566469394
2021-12-07 00:00:00+00:00,DAI,5,DeFiLlama,1.001023860880681
2021-12-08 00:00:00+00:00,DAI,5,DeFiLlama,1.002961374619363
2021-12-09 00:00:00+00:00,DAI,5,DeFiLlama,1.001355766626611
2021-12-10 00:00:00+00:00,DAI,5,DeFiLlama,0.9980080078315127
2021-12-11 00:00:00+00:00,DAI,5,DeFiLlama,0.9952292151296734
2021-12-12 00:00:00+00:00,DAI,5,DeFiLlama,0.9995493084963345
2021-12-13 00:00:00+00:00,DAI,5,DeFiLlama,0.9989776216461036
2021-12-14 00:00:00+00:00,DAI,5,DeFiLlama,0.998837928269569
2021-12-15 00:00:00+00:00,DAI,5,DeFiLlama,1.002644274213685
2021-12-16 00:00:00+00:00,DAI,5,DeFiLlama,0.9996574334907534
2021-12-17 00:00:00+00:00,DAI,5,DeFiLlama,0.9998809497470357
2021-12-18 00:00:00+00:00,DAI,5,DeFiLlama,1.000312941831748
2021-12-19 00:00:00+00:00,DAI,5,DeFiLlama,1.0009100206662713
2021-12-20 00:00:00+00:00,DAI,5,DeFiLlama,0.9979977086226405
2021-12-21 00:00:00+00:00,DAI,5,DeFiLlama,1.0038612209419489
2021-12-22 00:00:00+00:00,DAI,5,DeFiLlama,1.0018709312810887
2021-12-23 00:00:00+00:00,DAI,5,DeFiLlama,1.0015749457522725
2021-12-24 00:00:00+00:00,DAI,5,DeFiLlama,1.0041943296334785
2021-12-25 00:00:00+00:00,DAI,5,DeFiLlama,1.001541955953632
2021-12-26 00:00:00+00:00,DAI,5,DeFiLlama,0.9993268245998299
2021-12-27 00:00:00+00:00,DAI,5,DeFiLlama,1.00062337037022
2021-12-28 00:00:00+00:00,DAI,5,DeFiLlama,0.9986690072403424
2021-12-29 00:00:00+00:00,DAI,5,DeFiLlama,0.9999219383159994
2021-12-30 00:00:00+00:00,DAI,5,DeFiLlama,1.003109144869894
2021-12-31 00:00:00+00:00,DAI,5,DeFiLlama,1.0034488589723702
2022-01-01 00:00:00+00:00,DAI,5,DeFiLlama,0.9993700114561144
2022-01-02 00:00:00+00:00,DAI,5,DeFiLlama,1.0045838469036152
2022-01-03 00:00:00+00:00,DAI,5,DeFiLlama,1.001728658508782
2022-01-04 00:00:00+00:00,DAI,5,DeFiLlama,1.002153552597072
2022-01-05 00:00:00+00:00,DAI,5,DeFiLlama,0.9999623798449394
2022-01-06 00:00:00+00:00,DAI,5,DeFiLlama,1.0027253962862919
2022-01-07 00:00:00+00:00,DAI,5,DeFiLlama,0.9999307222007994
2022-01-08 00:00:00+00:00,DAI,5,DeFiLlama,1.0034421579742756
2022-01-09 00:00:00+00:00,DAI,5,DeFiLlama,0.9979787957942013
2022-01-10 00:00:00+00:00,DAI,5,DeFiLlama,1.0028566735635658
2022-01-11 00:00:00+00:00,DAI,5,DeFiLlama,1.0010705133845283
2022-01-12 00:00:00+00:00,DAI,5,DeFiLlama,0.9996134357533232
2022-01-13 00:00:00+00:00,DAI,5,DeFiLlama,1.0014295911777993
2022-01-14 00:00:00+00:00,DAI,5,DeFiLlama,1.000619253615327
2022-01-15 00:00:00+00:00,DAI,5,DeFiLlama,0.9991799307000007
2022-01-16 00:00:00+00:00,DAI,5,DeFiLlama,0.999419094446441
2022-01-17 00:00:00+00:00,DAI,5,DeFiLlama,1.0001707531862736
2022-01-18 00:00:00+00:00,DAI,5,DeFiLlama,1.0014080128462455
2022-01-19 00:00:00+00:00,DAI,5,DeFiLlama,0.9998180801146479
2022-01-20 00:00:00+00:00,DAI,5,DeFiLlama,0.99749555234943
2022-01-21 00:00:00+00:00,DAI,5,DeFiLlama,1.0016078492682863
2022-01-22 00:00:00+00:00,DAI,5,DeFiLlama,1.0024367183687009
2022-01-23 00:00:00+00:00,DAI,5,DeFiLlama,1.0046806253005622
2022-01-24 00:00:00+00:00,DAI,5,DeFiLlama,1.0030098942651917
2022-01-25 00:00:00+00:00,DAI,5,DeFiLlama,1.00389694914775
2022-01-26 00:00:00+00:00,DAI,5,DeFiLlama,1.0018360098971724
2022-01-27 00:00:00+00:00,DAI,5,DeFiLlama,1.0014064500872895
2022-01-28 00:00:00+00:00,DAI,5,DeFiLlama,1.0040239380130878
2022-01-29 00:00:00+00:00,DAI,5,DeFiLlama,1.0014095947614836
2022-01-30 00:00:00+00:00,DAI,5,DeFiLlama,1.0020260173660065
2022-01-31 00:00:00+00:00,DAI,5,DeFiLlama,1.000315021813321
2022-02-01 00:00:00+00:00,DAI,5,DeFiLlama,1.0013154112120533
2022-02-02 00:00:00+00:00,DAI,5,DeFiLlama,1.0017185468267253
2022-02-03 00:00:00+00:00,DAI,5,DeFiLlama,1.0012885372403515
2022-02-04 00:00:00+00:00,DAI,5,DeFiLlama,1.00083607902392
2022-02-05 00:00:00+00:00,DAI,5,DeFiLlama,1.004345692108945
2022-02-06 00:00:00+00:00,DAI,5,DeFiLlama,0.9998959242148853
2022-02-07 00:00:00+00:00,DAI,5,DeFiLlama,1.0007135241116223
2022-02-08 00:00:00+00:00,DAI,5,DeFiLlama,1.0003575999897827
2022-02-09 00:00:00+00:00,DAI,5,DeFiLlama,1.0020578454884161
2022-02-10 00:00:00+00:00,DAI,5,DeFiLlama,1.0012159231853026
2022-02-11 00:00:00+00:00,DAI,5,DeFiLlama,1.0024054293143503
2022-02-12 00:00:00+00:00,DAI,5,DeFiLlama,0.999990634662446
2022-02-13 00:00:00+00:00,DAI,5,DeFiLlama,1.001920195208663
2022-02-14 00:00:00+00:00,DAI,5,DeFiLlama,1.0007838522059145
2022-02-15 00:00:00+00:00,DAI,5,DeFiLlama,1.000029320753054
2022-02-16 00:00:00+00:00,DAI,5,DeFiLlama,0.9992287153937819
2022-02-17 00:00:00+00:00,DAI,5,DeFiLlama,1.0000141883436302
2022-02-18 00:00:00+00:00,DAI,5,DeFiLlama,0.9991588008967924
2022-02-19 00:00:00+00:00,DAI,5,DeFiLlama,1.0005105546568724
2022-02-20 00:00:00+00:00,DAI,5,DeFiLlama,1.002936864636998
2022-02-21 00:00:00+00:00,DAI,5,DeFiLlama,1.000443322110699
2022-02-22 00:00:00+00:00,DAI,5,DeFiLlama,1.0006714860893369
2022-02-23 00:00:00+00:00,DAI,5,DeFiLlama,0.9993246776838226
2022-02-24 00:00:00+00:00,DAI,5,DeFiLlama,1.0004650006508624
2022-02-25 00:00:00+00:00,DAI,5,DeFiLlama,1.0011209579639178
2022-02-26 00:00:00+00:00,DAI,5,DeFiLlama,1.0003098867539661
2022-02-27 00:00:00+00:00,DAI,5,DeFiLlama,1.0023674793897281
2022-02-28 00:00:00+00:00,DAI,5,DeFiLlama,1.0015626116361454
2022-03-01 00:00:00+00:00,DAI,5,DeFiLlama,1.0007604524780034
2022-03-02 00:00:00+00:00,DAI,5,DeFiLlama,1.0005158142152764
2022-03-03 00:00:00+00:00,DAI,5,DeFiLlama,0.9998868152431039
2022-03-04 00:00:00+00:00,DAI,5,DeFiLlama,0.9988709688083399
2022-03-05 00:00:00+00:00,DAI,5,DeFiLlama,0.9998674880936187
2022-03-06 00:00:00+00:00,DAI,5,DeFiLlama,1.001538361323274
2022-03-07 00:00:00+00:00,DAI,5,DeFiLlama,1.000655109715296
2022-03-08 00:00:00+00:00,DAI,5,DeFiLlama,1.0000864645506375
2022-03-09 00:00:00+00:00,DAI,5,DeFiLlama,0.9997318603436622
2022-03-10 00:00:00+00:00,DAI,5,DeFiLlama,1.000137483278008
2022-03-11 00:00:00+00:00,DAI,5,DeFiLlama,1.0000970973006742
2022-03-12 00:00:00+00:00,DAI,5,DeFiLlama,0.9982997975017451
2022-03-13 00:00:00+00:00,DAI,5,DeFiLlama,0.9998180789536015
2022-03-14 00:00:00+00:00,DAI,5,DeFiLlama,1.0014037767732076
2022-03-15 00:00:00+00:00,DAI,5,DeFiLlama,0.9996745386143615
2022-03-16 00:00:00+00:00,DAI,5,DeFiLlama,0.9983274584727494
2022-03-17 00:00:00+00:00,DAI,5,DeFiLlama,1.000737422537963
2022-03-18 00:00:00+00:00,DAI,5,DeFiLlama,1.0004497081383226
2022-03-19 00:00:00+00:00,DAI,5,DeFiLlama,1.0001117773479806
2022-03-20 00:00:00+00:00,DAI,5,DeFiLlama,0.9995768311411906
2022-03-21 00:00:00+00:00,DAI,5,DeFiLlama,0.9993197920975264
2022-03-22 00:00:00+00:00,DAI,5,DeFiLlama,0.9991889963270627
2022-03-23 00:00:00+00:00,DAI,5,DeFiLlama,0.9988920598231303
2022-03-24 00:00:00+00:00,DAI,5,DeFiLlama,0.9992236831161674
2022-03-25 00:00:00+00:00,DAI,5,DeFiLlama,0.9992663665858139
2022-03-26 00:00:00+00:00,DAI,5,DeFiLlama,0.9992566058583493
2022-03-27 00:00:00+00:00,DAI,5,DeFiLlama,0.998889255678509
2022-03-28 00:00:00+00:00,DAI,5,DeFiLlama,0.9986630630662947
2022-03-29 00:00:00+00:00,DAI,5,DeFiLlama,0.997864033103137
2022-03-30 00:00:00+00:00,DAI,5,DeFiLlama,0.9994220068927772
2022-03-31 00:00:00+00:00,DAI,5,DeFiLlama,0.998782376325468
2022-04-01 00:00:00+00:00,DAI,5,DeFiLlama,1.0030358450402304
2022-04-02 00:00:00+00:00,DAI,5,DeFiLlama,0.9996696950144209
2022-04-03 00:00:00+00:00,DAI,5,DeFiLlama,0.9990661334642851
2022-04-04 00:00:00+00:00,DAI,5,DeFiLlama,1.0004442399687585
2022-04-05 00:00:00+00:00,DAI,5,DeFiLlama,0.9995387654849067
2022-04-06 00:00:00+00:00,DAI,5,DeFiLlama,1.0002567199949335
2022-04-07 00:00:00+00:00,DAI,5,DeFiLlama,0.9997407000985111
2022-04-08 00:00:00+00:00,DAI,5,DeFiLlama,0.9991226565025674
2022-04-09 00:00:00+00:00,DAI,5,DeFiLlama,1.001941005669775
2022-04-10 00:00:00+00:00,DAI,5,DeFiLlama,1.0010450772529274
2022-04-11 00:00:00+00:00,DAI,5,DeFiLlama,1.0000263026669505
2022-04-12 00:00:00+00:00,DAI,5,DeFiLlama,1.0003542307642526
2022-04-13 00:00:00+00:00,DAI,5,DeFiLlama,1.0023692729398144
2022-04-14 00:00:00+00:00,DAI,5,DeFiLlama,1.0015096866114064
2022-04-15 00:00:00+00:00,DAI,5,DeFiLlama,1.0011970159961963
2022-04-16 00:00:00+00:00,DAI,5,DeFiLlama,1.0002635635310386
2022-04-17 00:00:00+00:00,DAI,5,DeFiLlama,1.000756416551078
2022-04-18 00:00:00+00:00,DAI,5,DeFiLlama,1.0012847252339117
2022-04-19 00:00:00+00:00,DAI,5,DeFiLlama,1.0011206045427512
2022-04-20 00:00:00+00:00,DAI,5,DeFiLlama,0.9995438427414614
2022-04-21 00:00:00+00:00,DAI,5,DeFiLlama,0.9997526442618908
2022-04-22 00:00:00+00:00,DAI,5,DeFiLlama,1.000165675394015
2022-04-23 00:00:00+00:00,DAI,5,DeFiLlama,1.0002577023897254
2022-04-24 00:00:00+00:00,DAI,5,DeFiLlama,1.0009004329665723
2022-04-25 00:00:00+00:00,DAI,5,DeFiLlama,0.9986335752906758
2022-04-26 00:00:00+00:00,DAI,5,DeFiLlama,0.9998434411207335
2022-04-27 00:00:00+00:00,DAI,5,DeFiLlama,1.0003337167117587
2022-04-28 00:00:00+00:00,DAI,5,DeFiLlama,1.0000800133060592
2022-04-29 00:00:00+00:00,DAI,5,DeFiLlama,1.0003559330688674
2022-04-30 00:00:00+00:00,DAI,5,DeFiLlama,1.0007153263979591
2022-05-01 00:00:00+00:00,DAI,5,DeFiLlama,1.0011375253761325
2022-05-02 00:00:00+00:00,DAI,5,DeFiLlama,1.0015201383321857
2022-05-03 00:00:00+00:00,DAI,5,DeFiLlama,1.000417091494725
2022-05-04 00:00:00+00:00,DAI,5,DeFiLlama,1.0012211545935554
2022-05-05 00:00:00+00:00,DAI,5,DeFiLlama,1.0000782700592519
2022-05-06 00:00:00+00:00,DAI,5,DeFiLlama,1.00099209740513
2022-05-07 00:00:00+00:00,DAI,5,DeFiLlama,1.0007515059406091
2022-05-08 00:00:00+00:00,DAI,5,DeFiLlama,1.0008932617168793
2022-05-09 00:00:00+00:00,DAI,5,DeFiLlama,1.0
2022-05-10 00:00:00+00:00,DAI,5,DeFiLlama,1.0
2022-05-11 00:00:00+00:00,DAI,5,DeFiLlama,1.0
2022-05-12 00:00:00+00:00,DAI,5,DeFiLlama,1.0
2022-05-13 00:00:00+00:00,DAI,5,DeFiLlama,1.0
2022-05-14 00:00:00+00:00,DAI,5,DeFiLlama,1.0
2022-05-15 00:00:00+00:00,DAI,5,DeFiLlama,1.0027999998751569
2022-05-16 00:00:00+00:00,DAI,5,DeFiLlama,1.000813339999599
2022-05-17 00:00:00+00:00,DAI,5,DeFiLlama,1.0005891199479857
2022-05-18 00:00:00+00:00,DAI,5,DeFiLlama,1.0009485500579747
2022-05-19 00:00:00+00:00,DAI,5,DeFiLlama,1.00056741001087
2022-05-20 00:00:00+00:00,DAI,5,DeFiLlama,1.0003468899454098
2022-05-21 00:00:00+00:00,DAI,5,DeFiLlama,1.0006267599807788
2022-05-22 00:00:00+00:00,DAI,5,DeFiLlama,1.001413729875368
2022-05-23 00:00:00+00:00,DAI,5,DeFiLlama,1.000081169977981
2022-05-24 00:00:00+00:00,DAI,5,DeFiLlama,0.9999368700980427
2022-05-25 00:00:00+00:00,DAI,5,DeFiLlama,1.000609910018977
2022-05-26 00:00:00+00:00,DAI,5,DeFiLlama,1.000378440065775
2022-05-27 00:00:00+00:00,DAI,5,DeFiLlama,1.0020000000268374
2022-05-28 00:00:00+00:00,DAI,5,DeFiLlama,1.0013603199407903
2022-05-29 00:00:00+00:00,DAI,5,DeFiLlama,1.0011246999663819
2022-05-30 00:00:00+00:00,DAI,5,DeFiLlama,1.0
2022-05-31 00:00:00+00:00,DAI,5,DeFiLlama,1.0000906399034628
2022-06-01 00:00:00+00:00,DAI,5,DeFiLlama,1.000910389936679
2022-06-02 00:00:00+00:00,DAI,5,DeFiLlama,1.0005172299229659
2022-06-03 00:00:00+00:00,DAI,5,DeFiLlama,0.9998919999300304
2022-06-04 00:00:00+00:00,DAI,5,DeFiLlama,1.0015222700067643
2022-06-05 00:00:00+00:00,DAI,5,DeFiLlama,1.0002692200389043
2022-06-06 00:00:00+00:00,DAI,5,DeFiLlama,1.0001872300646235
2022-06-07 00:00:00+00:00,DAI,5,DeFiLlama,1.0007481499360515
2022-06-08 00:00:00+00:00,DAI,5,DeFiLlama,1.0002020600492012
2022-06-09 00:00:00+00:00,DAI,5,DeFiLlama,1.0012807401028856
2022-06-10 00:00:00+00:00,DAI,5,DeFiLlama,1.0
2022-06-11 00:00:00+00:00,DAI,5,DeFiLlama,1.0013982700237147
2022-06-12 00:00:00+00:00,DAI,5,DeFiLlama,1.0020000000429454
2022-06-13 00:00:00+00:00,DAI,5,DeFiLlama,1.0020000000722178
2022-06-14 00:00:00+00:00,DAI,5,DeFiLlama,1.0014881399963425
2022-06-15 00:00:00+00:00,DAI,5,DeFiLlama,1.0009999999738906
2022-06-16 00:00:00+00:00,DAI,5,DeFiLlama,1.000022089942545
2022-06-17 00:00:00+00:00,DAI,5,DeFiLlama,1.0015447000144442
2022-06-18 00:00:00+00:00,DAI,5,DeFiLlama,1.0008210999647598
2022-06-19 00:00:00+00:00,DAI,5,DeFiLlama,1.000221720058282
2022-06-20 00:00:00+00:00,DAI,5,DeFiLlama,1.0005617400409825
2022-06-21 00:00:00+00:00,DAI,5,DeFiLlama,1.0009579700453504
2022-06-22 00:00:00+00:00,DAI,5,DeFiLlama,1.0009999998938026
2022-06-23 00:00:00+00:00,DAI,5,DeFiLlama,0.9997396399693416
2022-06-24 00:00:00+00:00,DAI,5,DeFiLlama,1.0
2022-06-25 00:00:00+00:00,DAI,5,DeFiLlama,1.0005902800323876
2022-06-26 00:00:00+00:00,DAI,5,DeFiLlama,1.0005599800495453
2022-06-27 00:00:00+00:00,DAI,5,DeFiLlama,1.0009961998957828
2022-06-28 00:00:00+00:00,DAI,5,DeFiLlama,1.0007284500834648
2022-06-29 00:00:00+00:00,DAI,5,DeFiLlama,1.0
2022-06-30 00:00:00+00:00,DAI,5,DeFiLlama,1.0005584400310052
2022-07-01 00:00:00+00:00,DAI,5,DeFiLlama,1.0001954899925283
2022-07-02 00:00:00+00:00,DAI,5,DeFiLlama,1.000794119973142
2022-07-03 00:00:00+00:00,DAI,5,DeFiLlama,1.001000000035118
2022-07-04 00:00:00+00:00,DAI,5,DeFiLlama,1.0
2022-07-05 00:00:00+00:00,DAI,5,DeFiLlama,1.0005481699715508
2022-07-06 00:00:00+00:00,DAI,5,DeFiLlama,0.9997585499803189
2022-07-07 00:00:00+00:00,DAI,5,DeFiLlama,1.0010000000249215
2022-07-08 00:00:00+00:00,DAI,5,DeFiLlama,1.0013875500209006
2022-07-09 00:00:00+00:00,DAI,5,DeFiLlama,1.0003729698888117
2022-07-10 00:00:00+00:00,DAI,5,DeFiLlama,0.9998841599526498
2022-07-11 00:00:00+00:00,DAI,5,DeFiLlama,1.0010000000038908
2022-07-12 00:00:00+00:00,DAI,5,DeFiLlama,1.0009999999135464
2022-07-13 00:00:00+00:00,DAI,5,DeFiLlama,1.0010000000104666
2022-07-14 00:00:00+00:00,DAI,5,DeFiLlama,1.0004476598799568
2022-07-15 00:00:00+00:00,DAI,5,DeFiLlama,1.000244170044916
2022-07-16 00:00:00+00:00,DAI,5,DeFiLlama,1.0001427599483528
2022-07-17 00:00:00+00:00,DAI,5,DeFiLlama,1.0003095200144416
2022-07-18 00:00:00+00:00,DAI,5,DeFiLlama,0.9999683699043165
2022-07-19 00:00:00+00:00,DAI,5,DeFiLlama,0.9996605700846601
2022-07-20 00:00:00+00:00,DAI,5,DeFiLlama,0.9996866800415968
2022-07-21 00:00:00+00:00,DAI,5,DeFiLlama,1.000805179973221
2022-07-22 00:00:00+00:00,DAI,5,DeFiLlama,0.9997613000160879
2022-07-23 00:00:00+00:00,DAI,5,DeFiLlama,0.9999528199818354
2022-07-24 00:00:00+00:00,DAI,5,DeFiLlama,1.0002023200417602
2022-07-25 00:00:00+00:00,DAI,5,DeFiLlama,0.9998666999381047
2022-07-26 00:00:00+00:00,DAI,5,DeFiLlama,1.0006408600842198
2022-07-27 00:00:00+00:00,DAI,5,DeFiLlama,1.0000763199472804
2022-07-28 00:00:00+00:00,DAI,5,DeFiLlama,0.9997755200149563
2022-07-29 00:00:00+00:00,DAI,5,DeFiLlama,1.0000634000436104
2022-07-30 00:00:00+00:00,DAI,5,DeFiLlama,0.9999968100250888
2022-07-31 00:00:00+00:00,DAI,5,DeFiLlama,1.0
2022-08-01 00:00:00+00:00,DAI,5,DeFiLlama,1.0005719600420953
2022-08-02 00:00:00+00:00,DAI,5,DeFiLlama,0.9998725199903996
2022-08-03 00:00:00+00:00,DAI,5,DeFiLlama,1.0000055199759628
2022-08-04 00:00:00+00:00,DAI,5,DeFiLlama,1.0000983999276551
2022-08-05 00:00:00+00:00,DAI,5,DeFiLlama,1.000025949990865
2022-08-06 00:00:00+00:00,DAI,5,DeFiLlama,0.9998206200130098
2022-08-07 00:00:00+00:00,DAI,5,DeFiLlama,1.0003664099496248
2022-08-08 00:00:00+00:00,DAI,5,DeFiLlama,1.0000315500371444
2022-08-09 00:00:00+00:00,DAI,5,DeFiLlama,1.0001042600158234
2022-08-10 00:00:00+00:00,DAI,5,DeFiLlama,1.0005293500623844
2022-08-11 00:00:00+00:00,DAI,5,DeFiLlama,1.0001364299893847
2022-08-12 00:00:00+00:00,DAI,5,DeFiLlama,1.0002064301332703
2022-08-13 00:00:00+00:00,DAI,5,DeFiLlama,0.9997879199405401
2022-08-14 00:00:00+00:00,DAI,5,DeFiLlama,1.0
2022-08-15 00:00:00+00:00,DAI,5,DeFiLlama,0.9997865600663393
2022-08-16 00:00:00+00:00,DAI,5,DeFiLlama,0.9994176099672167
2022-08-17 00:00:00+00:00,DAI,5,DeFiLlama,1.000003929959714
2022-08-18 00:00:00+00:00,DAI,5,DeFiLlama,0.9997933199438781
2022-08-19 00:00:00+00:00,DAI,5,DeFiLlama,1.0006077499935464
2022-08-20 00:00:00+00:00,DAI,5,DeFiLlama,1.0009999999774144
2022-08-21 00:00:00+00:00,DAI,5,DeFiLlama,1.0004630600998148
2022-08-22 00:00:00+00:00,DAI,5,DeFiLlama,1.001044770116493
2022-08-23 00:00:00+00:00,DAI,5,DeFiLlama,1.0003006899304312
2022-08-24 00:00:00+00:00,DAI,5,DeFiLlama,0.9996655699979613
2022-08-25 00:00:00+00:00,DAI,5,DeFiLlama,1.0000044399973453
2022-08-26 00:00:00+00:00,DAI,5,DeFiLlama,1.0001000198761956
2022-08-27 00:00:00+00:00,DAI,5,DeFiLlama,0.9998509499182764
2022-08-28 00:00:00+00:00,DAI,5,DeFiLlama,0.9996881598772297
2022-08-29 00:00:00+00:00,DAI,5,DeFiLlama,0.9998608499912438
2022-08-30 00:00:00+00:00,DAI,5,DeFiLlama,0.9999493599911473
2022-08-31 00:00:00+00:00,DAI,5,DeFiLlama,1.0
2022-09-01 00:00:00+00:00,DAI,5,DeFiLlama,0.9999318800389695
2022-09-02 00:00:00+00:00,DAI,5,DeFiLlama,0.9999452200060268
2022-09-03 00:00:00+00:00,DAI,5,DeFiLlama,0.9999258800618066
2022-09-04 00:00:00+00:00,DAI,5,DeFiLlama,0.9998425500948847
2022-09-05 00:00:00+00:00,DAI,5,DeFiLlama,0.9998427399333919
2022-09-06 00:00:00+00:00,DAI,5,DeFiLlama,0.9997807500235889
2022-09-07 00:00:00+00:00,DAI,5,DeFiLlama,0.9998766799775716
2022-09-08 00:00:00+00:00,DAI,5,DeFiLlama,0.999717490048628
2022-09-09 00:00:00+00:00,DAI,5,DeFiLlama,0.9999888800411367
2022-09-10 00:00:00+00:00,DAI,5,DeFiLlama,0.9996380401044186
2022-09-11 00:00:00+00:00,DAI,5,DeFiLlama,0.9999106500289889
2022-09-12 00:00:00+00:00,DAI,5,DeFiLlama,1.0
2022-09-13 00:00:00+00:00,DAI,5,DeFiLlama,0.9991176999982486
2022-09-14 00:00:00+00:00,DAI,5,DeFiLlama,1.0005976598885082
2022-09-15 00:00:00+00:00,DAI,5,DeFiLlama,0.9997882799300647
2022-09-16 00:00:00+00:00,DAI,5,DeFiLlama,0.9999641499010284
2022-09-17 00:00:00+00:00,DAI,5,DeFiLlama,1.0
2022-09-18 00:00:00+00:00,DAI,5,DeFiLlama,1.000142120085811
2022-09-19 00:00:00+00:00,DAI,5,DeFiLlama,1.000117469953961
2022-09-20 00:00:00+00:00,DAI,5,DeFiLlama,1.0000056999884768
2022-09-21 00:00:00+00:00,DAI,5,DeFiLlama,0.9998663400511912
2022-09-22 00:00:00+00:00,DAI,5,DeFiLlama,0.9997426500709021
2022-09-23 00:00:00+00:00,DAI,5,DeFiLlama,0.9991102999964552
2022-09-24 00:00:00+00:00,DAI,5,DeFiLlama,1.000328419932273
2022-09-25 00:00:00+00:00,DAI,5,DeFiLlama,0.9996446799820073
2022-09-26 00:00:00+00:00,DAI,5,DeFiLlama,0.9996176798963562
2022-09-27 00:00:00+00:00,DAI,5,DeFiLlama,0.9999745300503726
2022-09-28 00:00:00+00:00,DAI,5,DeFiLlama,0.9998317800037414
2022-09-29 00:00:00+00:00,DAI,5,DeFiLlama,1.0000619100357149
2022-09-30 00:00:00+00:00,DAI,5,DeFiLlama,0.9997442100580706
2022-10-01 00:00:00+00:00,DAI,5,DeFiLlama,0.9998981999711279
2022-10-02 00:00:00+00:00,DAI,5,DeFiLlama,0.9998176599496237
2022-10-03 00:00:00+00:00,DAI,5,DeFiLlama,0.9999540099108236
2022-10-04 00:00:00+00:00,DAI,5,DeFiLlama,0.999925580043796
2022-10-05 00:00:00+00:00,DAI,5,DeFiLlama,0.9997121899608191
2022-10-06 00:00:00+00:00,DAI,5,DeFiLlama,0.9997207099507117
2022-10-07 00:00:00+00:00,DAI,5,DeFiLlama,0.9998509800399801
2022-10-08 00:00:00+00:00,DAI,5,DeFiLlama,0.999980810062647
2022-10-09 00:00:00+00:00,DAI,5,DeFiLlama,0.9998659500577046
2022-10-10 00:00:00+00:00,DAI,5,DeFiLlama,0.9999155600085438
2022-10-11 00:00:00+00:00,DAI,5,DeFiLlama,0.9998598100415307
2022-10-12 00:00:00+00:00,DAI,5,DeFiLlama,0.9999160399913471
2022-10-13 00:00:00+00:00,DAI,5,DeFiLlama,0.9998547899204143
2022-10-14 00:00:00+00:00,DAI,5,DeFiLlama,0.9997413000620115
2022-10-15 00:00:00+00:00,DAI,5,DeFiLlama,1.0005305701172478
2022-10-16 00:00:00+00:00,DAI,5,DeFiLlama,0.9996681799137599
2022-10-17 00:00:00+00:00,DAI,5,DeFiLlama,0.9999728700999096
2022-10-18 00:00:00+00:00,DAI,5,DeFiLlama,1.0001391699968598
2022-10-19 00:00:00+00:00,DAI,5,DeFiLlama,0.9997151300279181
2022-10-20 00:00:00+00:00,DAI,5,DeFiLlama,0.9999090000759117
2022-10-21 00:00:00+00:00,DAI,5,DeFiLlama,0.9997678300252503
2022-10-22 00:00:00+00:00,DAI,5,DeFiLlama,1.0001774400120906
2022-10-23 00:00:00+00:00,DAI,5,DeFiLlama,0.999931409919761
2022-10-24 00:00:00+00:00,DAI,5,DeFiLlama,0.9999061299632855
2022-10-25 00:00:00+00:00,DAI,5,DeFiLlama,0.999661500067661
2022-10-26 00:00:00+00:00,DAI,5,DeFiLlama,0.9999036400163346
2022-10-27 00:00:00+00:00,DAI,5,DeFiLlama,1.0001977600221788
2022-10-28 00:00:00+00:00,DAI,5,DeFiLlama,0.9998501401223364
2022-10-29 00:00:00+00:00,DAI,5,DeFiLlama,0.9998587101061324
2022-10-30 00:00:00+00:00,DAI,5,DeFiLlama,0.9998398899818847
2022-10-31 00:00:00+00:00,DAI,5,DeFiLlama,0.999557909962504
2022-11-01 00:00:00+00:00,DAI,5,DeFiLlama,0.999927340132766
2022-11-02 00:00:00+00:00,DAI,5,DeFiLlama,1.0006425499440557
2022-11-03 00:00:00+00:00,DAI,5,DeFiLlama,0.9999715598877642
2022-11-04 00:00:00+00:00,DAI,5,DeFiLlama,1.0
2022-11-05 00:00:00+00:00,DAI,5,DeFiLlama,0.9999296500488003
2022-11-06 00:00:00+00:00,DAI,5,DeFiLlama,0.9992375899480885
2022-11-07 00:00:00+00:00,DAI,5,DeFiLlama,1.0000767999950526
2022-11-08 00:00:00+00:00,DAI,5,DeFiLlama,1.0000640999152344
2022-11-09 00:00:00+00:00,DAI,5,DeFiLlama,1.0005270000175044
2022-11-10 00:00:00+00:00,DAI,5,DeFiLlama,0.999393879958379
2022-11-11 00:00:00+00:00,DAI,5,DeFiLlama,1.002390510084154
2022-11-12 00:00:00+00:00,DAI,5,DeFiLlama,1.0000656999800384
2022-11-13 00:00:00+00:00,DAI,5,DeFiLlama,1.0007358298624995
2022-11-14 00:00:00+00:00,DAI,5,DeFiLlama,1.0002680900727534
2022-11-15 00:00:00+00:00,DAI,5,DeFiLlama,1.0013025599821137
2022-11-16 00:00:00+00:00,DAI,5,DeFiLlama,1.000381720012685
2022-11-17 00:00:00+00:00,DAI,5,DeFiLlama,0.9997839399460444
2022-11-18 00:00:00+00:00,DAI,5,DeFiLlama,1.0005437899202123
2022-11-19 00:00:00+00:00,DAI,5,DeFiLlama,1.000133689979121
2022-11-20 00:00:00+00:00,DAI,5,DeFiLlama,0.999944299994976
2022-11-21 00:00:00+00:00,DAI,5,DeFiLlama,1.003573789850869
2022-11-22 00:00:00+00:00,DAI,5,DeFiLlama,1.0007442599418153
2022-11-23 00:00:00+00:00,DAI,5,DeFiLlama,1.0004560500394148
2022-11-24 00:00:00+00:00,DAI,5,DeFiLlama,0.9998385900260083
2022-11-25 00:00:00+00:00,DAI,5,DeFiLlama,1.0002465001635936
2022-11-26 00:00:00+00:00,DAI,5,DeFiLlama,1.0007475099185918
2022-11-27 00:00:00+00:00,DAI,5,DeFiLlama,0.9998006000042069
2022-11-28 00:00:00+00:00,DAI,5,DeFiLlama,0.99983990009846
2022-11-29 00:00:00+00:00,DAI,5,DeFiLlama,0.9997242001605415
2022-11-30 00:00:00+00:00,DAI,5,DeFiLlama,0.9996786601046576
2022-12-01 00:00:00+00:00,DAI,5,DeFiLlama,0.9999467399020119
2022-12-02 00:00:00+00:00,DAI,5,DeFiLlama,0.9996054800154528
2022-12-03 00:00:00+00:00,DAI,5,DeFiLlama,0.999814279993035
2022-12-04 00:00:00+00:00,DAI,5,DeFiLlama,1.0002365999554854
2022-12-05 00:00:00+00:00,DAI,5,DeFiLlama,1.0001950300036313
2022-12-06 00:00:00+00:00,DAI,5,DeFiLlama,0.9998954999265427
2022-12-07 00:00:00+00:00,DAI,5,DeFiLlama,1.0001103699810883
2022-12-08 00:00:00+00:00,DAI,5,DeFiLlama,1.0002617899318809
2022-12-09 00:00:00+00:00,DAI,5,DeFiLlama,0.9994464400231124
2022-12-10 00:00:00+00:00,DAI,5,DeFiLlama,1.0000559700474305
2022-12-11 00:00:00+00:00,DAI,5,DeFiLlama,0.9999044499638966
2022-12-12 00:00:00+00:00,DAI,5,DeFiLlama,1.000298300078288
2022-12-13 00:00:00+00:00,DAI,5,DeFiLlama,0.9995715899933741
2022-12-14 00:00:00+00:00,DAI,5,DeFiLlama,0.9998937298591336
2022-12-15 00:00:00+00:00,DAI,5,DeFiLlama,0.9998456301313617
2022-12-16 00:00:00+00:00,DAI,5,DeFiLlama,0.99911813991214
2022-12-17 00:00:00+00:00,DAI,5,DeFiLlama,0.999766460072662
2022-12-18 00:00:00+00:00,DAI,5,DeFiLlama,0.9999971998822923
2022-12-19 00:00:00+00:00,DAI,5,DeFiLlama,1.0002065499825255
2022-12-20 00:00:00+00:00,DAI,5,DeFiLlama,1.0000468200673893
2022-12-21 00:00:00+00:00,DAI,5,DeFiLlama,0.9998481299498437
2022-12-22 00:00:00+00:00,DAI,5,DeFiLlama,0.9997090900415386
2022-12-23 00:00:00+00:00,DAI,5,DeFiLlama,1.0000355799143268
2022-12-24 00:00:00+00:00,DAI,5,DeFiLlama,1.0004825900032916
2022-12-25 00:00:00+00:00,DAI,5,DeFiLlama,1.000332979951458
2022-12-26 00:00:00+00:00,DAI,5,DeFiLlama,1.000009589821988
2022-12-27 00:00:00+00:00,DAI,5,DeFiLlama,1.000250300102987
2022-12-28 00:00:00+00:00,DAI,5,DeFiLlama,0.9999903898900135
2022-12-29 00:00:00+00:00,DAI,5,DeFiLlama,1.0001672000869257
2022-12-30 00:00:00+00:00,DAI,5,DeFiLlama,1.000117190044964
2022-12-31 00:00:00+00:00,DAI,5,DeFiLlama,1.000146049964241
2023-01-01 00:00:00+00:00,DAI,5,DeFiLlama,0.999910750159222
2023-01-02 00:00:00+00:00,DAI,5,DeFiLlama,1.000162359995801
2023-01-03 00:00:00+00:00,DAI,5,DeFiLlama,1.000110319985025
2023-01-04 00:00:00+00:00,DAI,5,DeFiLlama,0.9998530099693599
2023-01-05 00:00:00+00:00,DAI,5,DeFiLlama,0.9997483300484109
2023-01-06 00:00:00+00:00,DAI,5,DeFiLlama,1.0001676199476446
2023-01-07 00:00:00+00:00,DAI,5,DeFiLlama,1.000323850077065
2023-01-08 00:00:00+00:00,DAI,5,DeFiLlama,1.0005068000040018
2023-01-09 00:00:00+00:00,DAI,5,DeFiLlama,0.9999585600306372
2023-01-10 00:00:00+00:00,DAI,5,DeFiLlama,0.9998593699072353
2023-01-11 00:00:00+00:00,DAI,5,DeFiLlama,1.0000100799763076
2023-01-12 00:00:00+00:00,DAI,5,DeFiLlama,1.0003350700642393
2023-01-13 00:00:00+00:00,DAI,5,DeFiLlama,0.9998822999962427
2023-01-14 00:00:00+00:00,DAI,5,DeFiLlama,1.0003014401694839
2023-01-15 00:00:00+00:00,DAI,5,DeFiLlama,1.000090830041922
2023-01-16 00:00:00+00:00,DAI,5,DeFiLlama,1.0002177299958643
2023-01-17 00:00:00+00:00,DAI,5,DeFiLlama,1.000395810076669
2023-01-18 00:00:00+00:00,DAI,5,DeFiLlama,1.0004096799930473
2023-01-19 00:00:00+00:00,DAI,5,DeFiLlama,1.0002971000717389
2023-01-20 00:00:00+00:00,DAI,5,DeFiLlama,1.0000288399954007
2023-01-21 00:00:00+00:00,DAI,5,DeFiLlama,1.0002446101456606
2023-01-22 00:00:00+00:00,DAI,5,DeFiLlama,0.9997797401646479
2023-01-23 00:00:00+00:00,DAI,5,DeFiLlama,1.00091489998722
2023-01-24 00:00:00+00:00,DAI,5,DeFiLlama,1.0007379499959155
2023-01-25 00:00:00+00:00,DAI,5,DeFiLlama,1.000221900109885
2023-01-26 00:00:00+00:00,DAI,5,DeFiLlama,1.000185130044003
2023-01-27 00:00:00+00:00,DAI,5,DeFiLlama,0.9997440100646596
2023-01-28 00:00:00+00:00,DAI,5,DeFiLlama,0.9999717701291495
2023-01-29 00:00:00+00:00,DAI,5,DeFiLlama,0.9998947200128843
2023-01-30 00:00:00+00:00,DAI,5,DeFiLlama,1.0013709200429277
2023-01-31 00:00:00+00:00,DAI,5,DeFiLlama,0.9999564099407771
2023-02-01 00:00:00+00:00,DAI,5,DeFiLlama,1.0004519599618265
2023-02-02 00:00:00+00:00,DAI,5,DeFiLlama,1.0001383099903964
2023-02-03 00:00:00+00:00,DAI,5,DeFiLlama,1.0007372699461705
2023-02-04 00:00:00+00:00,DAI,5,DeFiLlama,0.9998930399401307
2023-02-05 00:00:00+00:00,DAI,5,DeFiLlama,0.9997439901309091
2023-02-06 00:00:00+00:00,DAI,5,DeFiLlama,1.0004215299691603
2023-02-07 00:00:00+00:00,DAI,5,DeFiLlama,1.0000474500119483
2023-02-08 00:00:00+00:00,DAI,5,DeFiLlama,0.9999022100980329
2023-02-09 00:00:00+00:00,DAI,5,DeFiLlama,0.9995652899286097
2023-02-10 00:00:00+00:00,DAI,5,DeFiLlama,1.0000840800533999
2023-02-11 00:00:00+00:00,DAI,5,DeFiLlama,1.0009783099818257
2023-02-12 00:00:00+00:00,DAI,5,DeFiLlama,1.0007167499075391
2023-02-13 00:00:00+00:00,DAI,5,DeFiLlama,1.000337420040752
2023-02-14 00:00:00+00:00,DAI,5,DeFiLlama,1.0000207499647982
2023-02-15 00:00:00+00:00,DAI,5,DeFiLlama,1.0003284699071184
2023-02-16 00:00:00+00:00,DAI,5,DeFiLlama,0.9999740299239772
2023-02-17 00:00:00+00:00,DAI,5,DeFiLlama,1.000381580020953
2023-02-18 00:00:00+00:00,DAI,5,DeFiLlama,1.000370260082776
2023-02-19 00:00:00+00:00,DAI,5,DeFiLlama,1.0000529098863464
2023-02-20 00:00:00+00:00,DAI,5,DeFiLlama,1.0000807898515585
2023-02-21 00:00:00+00:00,DAI,5,DeFiLlama,1.0000268100556147
2023-02-22 00:00:00+00:00,DAI,5,DeFiLlama,0.9999362699971782
2023-02-23 00:00:00+00:00,DAI,5,DeFiLlama,0.9998644900162982
2023-02-24 00:00:00+00:00,DAI,5,DeFiLlama,0.9999177399895666
2023-02-25 00:00:00+00:00,DAI,5,DeFiLlama,1.0003073800216011
2023-02-26 00:00:00+00:00,DAI,5,DeFiLlama,1.0002026399576005
2023-02-27 00:00:00+00:00,DAI,5,DeFiLlama,0.9998999999502376
2023-02-28 00:00:00+00:00,DAI,5,DeFiLlama,0.9997000000923971
2023-03-01 00:00:00+00:00,DAI,5,DeFiLlama,0.9997299901337858
2023-03-02 00:00:00+00:00,DAI,5,DeFiLlama,0.9996999999137584
2023-03-03 00:00:00+00:00,DAI,5,DeFiLlama,0.9996999999095941
2023-03-04 00:00:00+00:00,DAI,5,DeFiLlama,0.9999026500290784
2023-03-05 00:00:00+00:00,DAI,5,DeFiLlama,0.9998461700578498
2023-03-06 00:00:00+00:00,DAI,5,DeFiLlama,0.9999000000592156
2023-03-07 00:00:00+00:00,DAI,5,DeFiLlama,0.9998399999152462
2023-03-08 00:00:00+00:00,DAI,5,DeFiLlama,0.9998162300444637
2023-03-09 00:00:00+00:00,DAI,5,DeFiLlama,0.9998500000229879
2023-03-10 00:00:00+00:00,DAI,5,DeFiLlama,0.9998349999783355
2023-03-11 00:00:00+00:00,DAI,5,DeFiLlama,0.9975116701066975
2023-03-12 00:00:00+00:00,DAI,5,DeFiLlama,0.9625490000375088
2023-03-13 00:00:00+00:00,DAI,5,DeFiLlama,0.9953070001193131
2023-03-14 00:00:00+00:00,DAI,5,DeFiLlama,0.9988149999813566
2023-03-15 00:00:00+00:00,DAI,5,DeFiLlama,0.9934060000353656
2023-03-16 00:00:00+00:00,DAI,5,DeFiLlama,1.002000000157708
2023-03-17 00:00:00+00:00,DAI,5,DeFiLlama,1.0010000000993524
2023-03-18 00:00:00+00:00,DAI,5,DeFiLlama,1.0009999999703245
2023-03-19 00:00:00+00:00,DAI,5,DeFiLlama,1.0010000000116017
2023-03-20 00:00:00+00:00,DAI,5,DeFiLlama,1.00199999998669
2023-03-21 00:00:00+00:00,DAI,5,DeFiLlama,1.0029999999548092
2023-03-22 00:00:00+00:00,DAI,5,DeFiLlama,1.0010000000878052
2023-03-23 00:00:00+00:00,DAI,5,DeFiLlama,1.0010000000356927
2023-03-24 00:00:00+00:00,DAI,5,DeFiLlama,1.0
2023-03-25 00:00:00+00:00,DAI,5,DeFiLlama,1.0039999999153222
2023-03-26 00:00:00+00:00,DAI,5,DeFiLlama,1.0030000001117931
2023-03-27 00:00:00+00:00,DAI,5,DeFiLlama,0.9989539999924029
2023-03-28 00:00:00+00:00,DAI,5,DeFiLlama,1.0
2023-03-29 00:00:00+00:00,DAI,5,DeFiLlama,1.0
2023-03-30 00:00:00+00:00,DAI,5,DeFiLlama,0.9994889998945085
2023-03-31 00:00:00+00:00,DAI,5,DeFiLlama,1.0009999999660568
2023-04-01 00:00:00+00:00,DAI,5,DeFiLlama,1.0
2023-04-02 00:00:00+00:00,DAI,5,DeFiLlama,1.0
2023-04-03 00:00:00+00:00,DAI,5,DeFiLlama,0.9999810000563187
2023-04-04 00:00:00+00:00,DAI,5,DeFiLlama,0.9995920000148957
2023-04-05 00:00:00+00:00,DAI,5,DeFiLlama,0.9998330000888122
2023-04-06 00:00:00+00:00,DAI,5,DeFiLlama,1.0
2023-04-07 00:00:00+00:00,DAI,5,DeFiLlama,1.0
2023-04-08 00:00:00+00:00,DAI,5,DeFiLlama,0.9996219998609668
2023-04-09 00:00:00+00:00,DAI,5,DeFiLlama,1.0010000000878354
2023-04-10 00:00:00+00:00,DAI,5,DeFiLlama,0.9997180000615613
2023-04-11 00:00:00+00:00,DAI,5,DeFiLlama,0.9999720000038803
2023-04-12 00:00:00+00:00,DAI,5,DeFiLlama,0.9994460000549081
2023-04-13 00:00:00+00:00,DAI,5,DeFiLlama,1.0
2023-04-14 00:00:00+00:00,DAI,5,DeFiLlama,1.0
2023-04-15 00:00:00+00:00,DAI,5,DeFiLlama,1.000999999971276
2023-04-16 00:00:00+00:00,DAI,5,DeFiLlama,1.0
2023-04-17 00:00:00+00:00,DAI,5,DeFiLlama,0.9989730000643537
2023-04-18 00:00:00+00:00,DAI,5,DeFiLlama,0.9999480000779494
2023-04-19 00:00:00+00:00,DAI,5,DeFiLlama,0.999157000002359
2023-04-20 00:00:00+00:00,DAI,5,DeFiLlama,0.9999159998696944
2023-04-21 00:00:00+00:00,DAI,5,DeFiLlama,1.0
2023-04-22 00:00:00+00:00,DAI,5,DeFiLlama,0.9994989999829091
2023-04-23 00:00:00+00:00,DAI,5,DeFiLlama,0.9997930001026315
2023-04-24 00:00:00+00:00,DAI,5,DeFiLlama,0.9990890000955506
2023-04-25 00:00:00+00:00,DAI,5,DeFiLlama,0.9992759999631058
2023-04-26 00:00:00+00:00,DAI,5,DeFiLlama,0.9992870000575891
2023-04-27 00:00:00+00:00,DAI,5,DeFiLlama,1.0010000000530106
2023-04-28 00:00:00+00:00,DAI,5,DeFiLlama,1.0
2023-04-29 00:00:00+00:00,DAI,5,DeFiLlama,1.0
2023-04-30 00:00:00+00:00,DAI,5,DeFiLlama,1.0
2023-05-01 00:00:00+00:00,DAI,5,DeFiLlama,1.0
2023-05-02 00:00:00+00:00,DAI,5,DeFiLlama,0.9999449999793155
2023-05-03 00:00:00+00:00,DAI,5,DeFiLlama,1.0009999998935073
2023-05-04 00:00:00+00:00,DAI,5,DeFiLlama,0.9998420000074958
2023-05-05 00:00:00+00:00,DAI,5,DeFiLlama,0.9994189999363853
2023-05-06 00:00:00+00:00,DAI,5,DeFiLlama,1.0
2023-05-07 00:00:00+00:00,DAI,5,DeFiLlama,0.9988199999846638
2023-05-08 00:00:00+00:00,DAI,5,DeFiLlama,0.9999100001602573
2023-05-09 00:00:00+00:00,DAI,5,DeFiLlama,1.0
2023-05-10 00:00:00+00:00,DAI,5,DeFiLlama,1.0009999998301051
2023-05-11 00:00:00+00:00,DAI,5,DeFiLlama,1.0010000001015023
2023-05-12 00:00:00+00:00,DAI,5,DeFiLlama,0.9991470000746892
2023-05-13 00:00:00+00:00,DAI,5,DeFiLlama,1.0
2023-05-14 00:00:00+00:00,DAI,5,DeFiLlama,1.0009999999715118
2023-05-15 00:00:00+00:00,DAI,5,DeFiLlama,1.0
2023-05-16 00:00:00+00:00,DAI,5,DeFiLlama,1.0010000000703334
2023-05-17 00:00:00+00:00,DAI,5,DeFiLlama,1.001000000064537
2023-05-18 00:00:00+00:00,DAI,5,DeFiLlama,1.0
2023-05-19 00:00:00+00:00,DAI,5,DeFiLlama,1.001000000008568
2023-05-20 00:00:00+00:00,DAI,5,DeFiLlama,0.9996900000652141
2023-05-21 00:00:00+00:00,DAI,5,DeFiLlama,1.0
2023-05-22 00:00:00+00:00,DAI,5,DeFiLlama,1.0009999999186483
2023-05-23 00:00:00+00:00,DAI,5,DeFiLlama,1.0010000000251333
2023-05-24 00:00:00+00:00,DAI,5,DeFiLlama,1.0
2023-05-25 00:00:00+00:00,DAI,5,DeFiLlama,0.9997769999229066
2023-05-26 00:00:00+00:00,DAI,5,DeFiLlama,1.0
2023-05-27 00:00:00+00:00,DAI,5,DeFiLlama,0.9997719999813662
2023-05-28 00:00:00+00:00,DAI,5,DeFiLlama,1.0
2023-05-29 00:00:00+00:00,DAI,5,DeFiLlama,1.0
2023-05-30 00:00:00+00:00,DAI,5,DeFiLlama,0.9989120000205
2023-05-31 00:00:00+00:00,DAI,5,DeFiLlama,0.9990179999920217
2023-06-01 00:00:00+00:00,DAI,5,DeFiLlama,1.001000000078141
2023-06-02 00:00:00+00:00,DAI,5,DeFiLlama,0.9998279999840365
2023-06-03 00:00:00+00:00,DAI,5,DeFiLlama,1.0
2023-06-04 00:00:00+00:00,DAI,5,DeFiLlama,0.9999960000149418
2023-06-05 00:00:00+00:00,DAI,5,DeFiLlama,1.0009999999411674
2023-06-06 00:00:00+00:00,DAI,5,DeFiLlama,0.999284999921124
2023-06-07 00:00:00+00:00,DAI,5,DeFiLlama,0.999154000080925
2023-06-08 00:00:00+00:00,DAI,5,DeFiLlama,1.0
2023-06-09 00:00:00+00:00,DAI,5,DeFiLlama,0.9999090000657502
2023-06-10 00:00:00+00:00,DAI,5,DeFiLlama,0.9999320000747077
2023-06-11 00:00:00+00:00,DAI,5,DeFiLlama,0.9999050000706301
2023-06-12 00:00:00+00:00,DAI,5,DeFiLlama,1.0009999998828722
2023-06-13 00:00:00+00:00,DAI,5,DeFiLlama,0.9999239999556343
2023-06-14 00:00:00+00:00,DAI,5,DeFiLlama,1.0010000000006678
2023-06-15 00:00:00+00:00,DAI,5,DeFiLlama,0.9989309998990009
2023-06-16 00:00:00+00:00,DAI,5,DeFiLlama,0.9993570000102389
2023-06-17 00:00:00+00:00,DAI,5,DeFiLlama,1.0
2023-06-18 00:00:00+00:00,DAI,5,DeFiLlama,0.9996749999063577
2023-06-19 00:00:00+00:00,DAI,5,DeFiLlama,0.9997299998612502
2023-06-20 00:00:00+00:00,DAI,5,DeFiLlama,0.999163000112523
2023-06-21 00:00:00+00:00,DAI,5,DeFiLlama,1.0009999999509662
2023-06-22 00:00:00+00:00,DAI,5,DeFiLlama,1.0
2023-06-23 00:00:00+00:00,DAI,5,DeFiLlama,0.9991240001981796
2023-06-24 00:00:00+00:00,DAI,5,DeFiLlama,0.999927000031447
2023-06-25 00:00:00+00:00,DAI,5,DeFiLlama,1.0
2023-06-26 00:00:00+00:00,DAI,5,DeFiLlama,0.9988410000641214
2023-06-27 00:00:00+00:00,DAI,5,DeFiLlama,1.0020000000641713
2023-06-28 00:00:00+00:00,DAI,5,DeFiLlama,1.0009999998721113
2023-06-29 00:00:00+00:00,DAI,5,DeFiLlama,0.999656000126433
2023-06-30 00:00:00+00:00,DAI,5,DeFiLlama,0.9997950001566785
2023-07-01 00:00:00+00:00,DAI,5,DeFiLlama,0.9993140000585317
2023-07-02 00:00:00+00:00,DAI,5,DeFiLlama,0.9998690001907612
2023-07-03 00:00:00+00:00,DAI,5,DeFiLlama,1.0
2023-07-04 00:00:00+00:00,DAI,5,DeFiLlama,0.99918600009782
2023-07-05 00:00:00+00:00,DAI,5,DeFiLlama,0.9997930000706114
2023-07-06 00:00:00+00:00,DAI,5,DeFiLlama,1.0
2023-07-07 00:00:00+00:00,DAI,5,DeFiLlama,0.9989210000220241
2023-07-08 00:00:00+00:00,DAI,5,DeFiLlama,0.9998790000368691
2023-07-09 00:00:00+00:00,DAI,5,DeFiLlama,0.9999280000109589
2023-07-10 00:00:00+00:00,DAI,5,DeFiLlama,0.99942600004337
2023-07-11 00:00:00+00:00,DAI,5,DeFiLlama,0.9995990001763326
2023-07-12 00:00:00+00:00,DAI,5,DeFiLlama,0.9996800000431575
2023-07-13 00:00:00+00:00,DAI,5,DeFiLlama,1.0
2023-07-14 00:00:00+00:00,DAI,5,DeFiLlama,1.0
2023-07-15 00:00:00+00:00,DAI,5,DeFiLlama,0.9998089998886321
2023-07-16 00:00:00+00:00,DAI,5,DeFiLlama,1.0
2023-07-17 00:00:00+00:00,DAI,5,DeFiLlama,1.0009999998049723
2023-07-18 00:00:00+00:00,DAI,5,DeFiLlama,1.0
2023-07-19 00:00:00+00:00,DAI,5,DeFiLlama,1.0
2023-07-20 00:00:00+00:00,DAI,5,DeFiLlama,1.0
2023-07-21 00:00:00+00:00,DAI,5,DeFiLlama,1.0
2023-07-22 00:00:00+00:00,DAI,5,DeFiLlama,1.0010000000917234
2023-07-23 00:00:00+00:00,DAI,5,DeFiLlama,1.0
2023-07-24 00:00:00+00:00,DAI,5,DeFiLlama,0.9999740000339914
2023-07-25 00:00:00+00:00,DAI,5,DeFiLlama,0.9998520000765018
2023-07-26 00:00:00+00:00,DAI,5,DeFiLlama,0.9995859999332617
2023-07-27 00:00:00+00:00,DAI,5,DeFiLlama,1.001000000015066
2023-07-28 00:00:00+00:00,DAI,5,DeFiLlama,1.0
2023-07-29 00:00:00+00:00,DAI,5,DeFiLlama,0.999609999856465
2023-07-30 00:00:00+00:00,DAI,5,DeFiLlama,0.9997119999833424
2023-07-31 00:00:00+00:00,DAI,5,DeFiLlama,1.0
2023-08-01 00:00:00+00:00,DAI,5,DeFiLlama,1.0009999998411585
2023-08-02 00:00:00+00:00,DAI,5,DeFiLlama,1.0019999998675435
2023-08-03 00:00:00+00:00,DAI,5,DeFiLlama,1.0
2023-08-04 00:00:00+00:00,DAI,5,DeFiLlama,1.0
2023-08-05 00:00:00+00:00,DAI,5,DeFiLlama,1.0009999999890815
2023-08-06 00:00:00+00:00,DAI,5,DeFiLlama,0.9993809999928619
2023-08-07 00:00:00+00:00,DAI,5,DeFiLlama,0.9995720002304511
2023-08-08 00:00:00+00:00,DAI,5,DeFiLlama,0.9994710001698816
2023-08-09 00:00:00+00:00,DAI,5,DeFiLlama,1.0010000000568888
2023-08-10 00:00:00+00:00,DAI,5,DeFiLlama,1.0
2023-08-11 00:00:00+00:00,DAI,5,DeFiLlama,0.9997419999576499
2023-08-12 00:00:00+00:00,DAI,5,DeFiLlama,0.9996389998627019
2023-08-13 00:00:00+00:00,DAI,5,DeFiLlama,0.9999470001984428
2023-08-14 00:00:00+00:00,DAI,5,DeFiLlama,1.0
2023-08-15 00:00:00+00:00,DAI,5,DeFiLlama,0.9998329999352408
2023-08-16 00:00:00+00:00,DAI,5,DeFiLlama,0.9998890000288894
2023-08-17 00:00:00+00:00,DAI,5,DeFiLlama,0.9987470001024864
2023-08-18 00:00:00+00:00,DAI,5,DeFiLlama,1.0
2023-08-19 00:00:00+00:00,DAI,5,DeFiLlama,0.9998590000698442
2023-08-20 00:00:00+00:00,DAI,5,DeFiLlama,0.9998229998667821
2023-08-21 00:00:00+00:00,DAI,5,DeFiLlama,0.999833999913119
2023-08-22 00:00:00+00:00,DAI,5,DeFiLlama,0.999328000086552
2023-08-23 00:00:00+00:00,DAI,5,DeFiLlama,1.0
2023-08-24 00:00:00+00:00,DAI,5,DeFiLlama,0.9995880000080244
2023-08-25 00:00:00+00:00,DAI,5,DeFiLlama,0.9993340000624498
2023-08-26 00:00:00+00:00,DAI,5,DeFiLlama,1.0
2023-08-27 00:00:00+00:00,DAI,5,DeFiLlama,0.9999439998621402
2023-08-28 00:00:00+00:00,DAI,5,DeFiLlama,0.9995120000129872
2023-08-29 00:00:00+00:00,DAI,5,DeFiLlama,0.999980999977895
2023-08-30 00:00:00+00:00,DAI,5,DeFiLlama,0.9992979998777205
2023-08-31 00:00:00+00:00,DAI,5,DeFiLlama,0.9991739999559434
2023-09-01 00:00:00+00:00,DAI,5,DeFiLlama,0.9994050000800979
2023-09-02 00:00:00+00:00,DAI,5,DeFiLlama,1.0010000000594073
2023-09-03 00:00:00+00:00,DAI,5,DeFiLlama,1.0
2023-09-04 00:00:00+00:00,DAI,5,DeFiLlama,0.9998319999958689
2023-09-05 00:00:00+00:00,DAI,5,DeFiLlama,0.9988720000965301
2023-09-06 00:00:00+00:00,DAI,5,DeFiLlama,1.0
2023-09-07 00:00:00+00:00,DAI,5,DeFiLlama,0.9996909999244408
2023-09-08 00:00:00+00:00,DAI,5,DeFiLlama,1.0
2023-09-09 00:00:00+00:00,DAI,5,DeFiLlama,0.9991280000117572
2023-09-10 00:00:00+00:00,DAI,5,DeFiLlama,0.9990369999728832
2023-09-11 00:00:00+00:00,DAI,5,DeFiLlama,1.0010000000302455
2023-09-12 00:00:00+00:00,DAI,5,DeFiLlama,1.0
2023-09-13 00:00:00+00:00,DAI,5,DeFiLlama,0.9988399999300799
2023-09-14 00:00:00+00:00,DAI,5,DeFiLlama,0.9988850000495492
2023-09-15 00:00:00+00:00,DAI,5,DeFiLlama,0.9987699999444148
2023-09-16 00:00:00+00:00,DAI,5,DeFiLlama,1.0
2023-09-17 00:00:00+00:00,DAI,5,DeFiLlama,0.9999760000655503
2023-09-18 00:00:00+00:00,DAI,5,DeFiLlama,0.9996339999746628
2023-09-19 00:00:00+00:00,DAI,5,DeFiLlama,0.9997680000991204
2023-09-20 00:00:00+00:00,DAI,5,DeFiLlama,0.9992389999252109
2023-09-21 00:00:00+00:00,DAI,5,DeFiLlama,0.9996400000780937
2023-09-22 00:00:00+00:00,DAI,5,DeFiLlama,0.9987990000500664
2023-09-23 00:00:00+00:00,DAI,5,DeFiLlama,1.0009999999749652
2023-09-24 00:00:00+00:00,DAI,5,DeFiLlama,0.9992390000105058
2023-09-25 00:00:00+00:00,DAI,5,DeFiLlama,0.9998760000471257
2023-09-26 00:00:00+00:00,DAI,5,DeFiLlama,0.9997689999780773
2023-09-27 00:00:00+00:00,DAI,5,DeFiLlama,0.9993709999503185
2023-09-28 00:00:00+00:00,DAI,5,DeFiLlama,1.0009999999884485
2023-09-29 00:00:00+00:00,DAI,5,DeFiLlama,1.0
2023-09-30 00:00:00+00:00,DAI,5,DeFiLlama,0.9997040000166537
2023-10-01 00:00:00+00:00,DAI,5,DeFiLlama,0.9999140000757517
2023-10-02 00:00:00+00:00,DAI,5,DeFiLlama,1.0009999999739305
2023-10-03 00:00:00+00:00,DAI,5,DeFiLlama,0.9991890000806751
2023-10-04 00:00:00+00:00,DAI,5,DeFiLlama,0.9987840000629806
2023-10-05 00:00:00+00:00,DAI,5,DeFiLlama,0.9990480000847994
2023-10-06 00:00:00+00:00,DAI,5,DeFiLlama,1.0
2023-10-07 00:00:00+00:00,DAI,5,DeFiLlama,0.9994960000819051
2023-10-08 00:00:00+00:00,DAI,5,DeFiLlama,0.9999050000867244
2023-10-09 00:00:00+00:00,DAI,5,DeFiLlama,0.9981570001354548
2023-10-10 00:00:00+00:00,DAI,5,DeFiLlama,1.0009999999767552
2023-10-11 00:00:00+00:00,DAI,5,DeFiLlama,0.9993900000830241
2023-10-12 00:00:00+00:00,DAI,5,DeFiLlama,0.9995759999312344
2023-10-13 00:00:00+00:00,DAI,5,DeFiLlama,0.9996570000534989
2023-10-14 00:00:00+00:00,DAI,5,DeFiLlama,0.9997150001068923
2023-10-15 00:00:00+00:00,DAI,5,DeFiLlama,0.9995400000378409
2023-10-16 00:00:00+00:00,DAI,5,DeFiLlama,0.999387999894639
2023-10-17 00:00:00+00:00,DAI,5,DeFiLlama,0.9982799999803367
2023-10-18 00:00:00+00:00,DAI,5,DeFiLlama,0.9989020001247768
2023-10-19 00:00:00+00:00,DAI,5,DeFiLlama,0.9993040000710278
2023-10-20 00:00:00+00:00,DAI,5,DeFiLlama,0.9995449998638395
2023-10-21 00:00:00+00:00,DAI,5,DeFiLlama,0.9996980000992026
2023-10-22 00:00:00+00:00,DAI,5,DeFiLlama,1.0
2023-10-23 00:00:00+00:00,DAI,5,DeFiLlama,0.9985679999302766
2023-10-24 00:00:00+00:00,DAI,5,DeFiLlama,1.0009999998965684
2023-10-25 00:00:00+00:00,DAI,5,DeFiLlama,0.9992809999582836
2023-10-26 00:00:00+00:00,DAI,5,DeFiLlama,0.9993929999289773
2023-10-27 00:00:00+00:00,DAI,5,DeFiLlama,0.9995059998787237
2023-10-28 00:00:00+00:00,DAI,5,DeFiLlama,0.9999879999586244
2023-10-29 00:00:00+00:00,DAI,5,DeFiLlama,0.9985999999090858
2023-10-30 00:00:00+00:00,DAI,5,DeFiLlama,0.9994329999811644
2023-10-31 00:00:00+00:00,DAI,5,DeFiLlama,1.0
2023-11-01 00:00:00+00:00,DAI,5,DeFiLlama,0.9996160000539976
2023-11-02 00:00:00+00:00,DAI,5,DeFiLlama,0.9998270000257522
2023-11-03 00:00:00+00:00,DAI,5,DeFiLlama,0.9988509999129462
2023-11-04 00:00:00+00:00,DAI,5,DeFiLlama,0.9996420000534179
2023-11-05 00:00:00+00:00,DAI,5,DeFiLlama,0.9990739999809419
2023-11-06 00:00:00+00:00,DAI,5,DeFiLlama,1.0010000000134727
2023-11-07 00:00:00+00:00,DAI,5,DeFiLlama,0.9982309998987864
2023-11-08 00:00:00+00:00,DAI,5,DeFiLlama,0.9985119998509515
2023-11-09 00:00:00+00:00,DAI,5,DeFiLlama,1.0
2023-11-10 00:00:00+00:00,DAI,5,DeFiLlama,0.9998340001399566
2023-11-11 00:00:00+00:00,DAI,5,DeFiLlama,0.9997980000935262
2023-11-12 00:00:00+00:00,DAI,5,DeFiLlama,0.9981650000728963
2023-11-13 00:00:00+00:00,DAI,5,DeFiLlama,0.998080000169748
2023-11-14 00:00:00+00:00,DAI,5,DeFiLlama,0.9998120000477164
2023-11-15 00:00:00+00:00,DAI,5,DeFiLlama,0.9997060000085117
2023-11-16 00:00:00+00:00,DAI,5,DeFiLlama,0.9994089999776419
2023-11-17 00:00:00+00:00,DAI,5,DeFiLlama,1.0009999998208308
2023-11-18 00:00:00+00:00,DAI,5,DeFiLlama,0.9995930000525358
2023-11-19 00:00:00+00:00,DAI,5,DeFiLlama,0.9988340000018555
2023-11-20 00:00:00+00:00,DAI,5,DeFiLlama,0.9995940000184191
2023-11-21 00:00:00+00:00,DAI,5,DeFiLlama,1.0
2023-11-22 00:00:00+00:00,DAI,5,DeFiLlama,1.0010000000063022
2023-11-23 00:00:00+00:00,DAI,5,DeFiLlama,0.9978410000740201
2023-11-24 00:00:00+00:00,DAI,5,DeFiLlama,0.999931999930942
2023-11-25 00:00:00+00:00,DAI,5,DeFiLlama,0.9997070000286202
2023-11-26 00:00:00+00:00,DAI,5,DeFiLlama,0.9987980000548221
2023-11-27 00:00:00+00:00,DAI,5,DeFiLlama,0.9977700000346432
2023-11-28 00:00:00+00:00,DAI,5,DeFiLlama,0.998050000072076
2023-11-29 00:00:00+00:00,DAI,5,DeFiLlama,0.9985280000257253
2023-11-30 00:00:00+00:00,DAI,5,DeFiLlama,0.9969859999456641
2023-12-01 00:00:00+00:00,DAI,5,DeFiLlama,0.9992549998237255
2023-12-02 00:00:00+00:00,DAI,5,DeFiLlama,0.9988709999821034
2023-12-03 00:00:00+00:00,DAI,5,DeFiLlama,0.9990190000740634
2023-12-04 00:00:00+00:00,DAI,5,DeFiLlama,0.9998169999895504
2023-12-05 00:00:00+00:00,DAI,5,DeFiLlama,0.9974179999744964
2023-12-06 00:00:00+00:00,DAI,5,DeFiLlama,0.9972010000065283
2023-12-07 00:00:00+00:00,DAI,5,DeFiLlama,1.000999999883288
2023-12-08 00:00:00+00:00,DAI,5,DeFiLlama,0.9987659999391312
2023-12-09 00:00:00+00:00,DAI,5,DeFiLlama,1.0
2023-12-10 00:00:00+00:00,DAI,5,DeFiLlama,0.9988660000771717
2023-12-11 00:00:00+00:00,DAI,5,DeFiLlama,1.0
2023-12-12 00:00:00+00:00,DAI,5,DeFiLlama,0.9997950000496251
2023-12-13 00:00:00+00:00,DAI,5,DeFiLlama,0.9985650001341522
2023-12-14 00:00:00+00:00,DAI,5,DeFiLlama,0.9970529998657736
2023-12-15 00:00:00+00:00,DAI,5,DeFiLlama,0.9972750000260918
2023-12-16 00:00:00+00:00,DAI,5,DeFiLlama,0.9980229999854381
2023-12-17 00:00:00+00:00,DAI,5,DeFiLlama,0.9984900001112484
2023-12-18 00:00:00+00:00,DAI,5,DeFiLlama,0.998668000116679
2023-12-19 00:00:00+00:00,DAI,5,DeFiLlama,0.9984520000307457
2023-12-20 00:00:00+00:00,DAI,5,DeFiLlama,0.9991019999782869
2023-12-21 00:00:00+00:00,DAI,5,DeFiLlama,0.9994240000057655
2023-12-22 00:00:00+00:00,DAI,5,DeFiLlama,0.9990989998777373
2023-12-23 00:00:00+00:00,DAI,5,DeFiLlama,0.9992670000608667
2023-12-24 00:00:00+00:00,DAI,5,DeFiLlama,1.0
2023-12-25 00:00:00+00:00,DAI,5,DeFiLlama,0.9989129998978854
2023-12-26 00:00:00+00:00,DAI,5,DeFiLlama,0.9986020000364856
2023-12-27 00:00:00+00:00,DAI,5,DeFiLlama,0.9990430000035161
2023-12-28 00:00:00+00:00,DAI,5,DeFiLlama,1.0
2023-12-29 00:00:00+00:00,DAI,5,DeFiLlama,0.998527000163125
2023-12-30 00:00:00+00:00,DAI,5,DeFiLlama,0.9995779999673033
2023-12-31 00:00:00+00:00,DAI,5,DeFiLlama,0.9984659999013624
2024-01-01 00:00:00+00:00,DAI,5,DeFiLlama,0.9996779998691353
2024-01-02 00:00:00+00:00,DAI,5,DeFiLlama,0.9983580000487583
2024-01-03 00:00:00+00:00,DAI,5,DeFiLlama,0.9982630000124052
2024-01-04 00:00:00+00:00,DAI,5,DeFiLlama,0.9982399999936081
2024-01-05 00:00:00+00:00,DAI,5,DeFiLlama,0.9996129999617505
2024-01-06 00:00:00+00:00,DAI,5,DeFiLlama,0.9998029999467712
2024-01-07 00:00:00+00:00,DAI,5,DeFiLlama,0.9992009998652674
2024-01-08 00:00:00+00:00,DAI,5,DeFiLlama,0.9964149999871078
2024-01-09 00:00:00+00:00,DAI,5,DeFiLlama,0.9977820000806277
2024-01-10 00:00:00+00:00,DAI,5,DeFiLlama,0.9986420000863058
2024-01-11 00:00:00+00:00,DAI,5,DeFiLlama,0.9979470000468431
2024-01-12 00:00:00+00:00,DAI,5,DeFiLlama,1.0010000001282509
2024-01-13 00:00:00+00:00,DAI,5,DeFiLlama,0.9975569999585233
2024-01-14 00:00:00+00:00,DAI,5,DeFiLlama,0.9979280000120011
2024-01-15 00:00:00+00:00,DAI,5,DeFiLlama,0.9984960000567894
2024-01-16 00:00:00+00:00,DAI,5,DeFiLlama,0.9993320000614588
2024-01-17 00:00:00+00:00,DAI,5,DeFiLlama,0.9990059999752918
2024-01-18 00:00:00+00:00,DAI,5,DeFiLlama,0.9991499999358857
2024-01-19 00:00:00+00:00,DAI,5,DeFiLlama,0.9978849999643854
2024-01-20 00:00:00+00:00,DAI,5,DeFiLlama,0.9996580000898225
2024-01-21 00:00:00+00:00,DAI,5,DeFiLlama,0.999710000004872
2024-01-22 00:00:00+00:00,DAI,5,DeFiLlama,0.9989390000377895
2024-01-23 00:00:00+00:00,DAI,5,DeFiLlama,1.0
2024-01-24 00:00:00+00:00,DAI,5,DeFiLlama,1.0009999999271193
2024-01-25 00:00:00+00:00,DAI,5,DeFiLlama,0.9986600000154737
2024-01-26 00:00:00+00:00,DAI,5,DeFiLlama,0.9997459999464918
2024-01-27 00:00:00+00:00,DAI,5,DeFiLlama,0.9998319998652379
2024-01-28 00:00:00+00:00,DAI,5,DeFiLlama,0.9977809999085893
2024-01-29 00:00:00+00:00,DAI,5,DeFiLlama,0.9976779998287151
2024-01-30 00:00:00+00:00,DAI,5,DeFiLlama,0.9989279999205639
2024-01-31 00:00:00+00:00,DAI,5,DeFiLlama,0.9993020001638461
2024-02-01 00:00:00+00:00,DAI,5,DeFiLlama,0.9982119998555952
2024-02-02 00:00:00+00:00,DAI,5,DeFiLlama,0.9987439999441395
2024-02-03 00:00:00+00:00,DAI,5,DeFiLlama,1.0010000000924426
2024-02-04 00:00:00+00:00,DAI,5,DeFiLlama,0.9997359999856238
2024-02-05 00:00:00+00:00,DAI,5,DeFiLlama,0.9994919998826001
2024-02-06 00:00:00+00:00,DAI,5,DeFiLlama,0.9992470000127504
2024-02-07 00:00:00+00:00,DAI,5,DeFiLlama,1.0010000000216173
2024-02-08 00:00:00+00:00,DAI,5,DeFiLlama,1.0030000000237385
2024-02-09 00:00:00+00:00,DAI,5,DeFiLlama,1.0
2024-02-10 00:00:00+00:00,DAI,5,DeFiLlama,1.0
2024-02-11 00:00:00+00:00,DAI,5,DeFiLlama,1.0
2024-02-12 00:00:00+00:00,DAI,5,DeFiLlama,1.001000000023086
2024-02-13 00:00:00+00:00,DAI,5,DeFiLlama,1.0
2024-02-14 00:00:00+00:00,DAI,5,DeFiLlama,0.9992140000881737
2024-02-15 00:00:00+00:00,DAI,5,DeFiLlama,1.0030000000326655
2024-02-16 00:00:00+00:00,DAI,5,DeFiLlama,0.9981229998818091
2024-02-17 00:00:00+00:00,DAI,5,DeFiLlama,0.9996509999750206
2024-02-18 00:00:00+00:00,DAI,5,DeFiLlama,0.9995009999763266
2024-02-19 00:00:00+00:00,DAI,5,DeFiLlama,0.9992389999552944
2024-02-20 00:00:00+00:00,DAI,5,DeFiLlama,0.9996559999981836
2024-02-21 00:00:00+00:00,DAI,5,DeFiLlama,1.0
2024-02-22 00:00:00+00:00,DAI,5,DeFiLlama,0.9983989999427755
2024-02-23 00:00:00+00:00,DAI,5,DeFiLlama,0.9999570000818891
2024-02-24 00:00:00+00:00,DAI,5,DeFiLlama,0.9997169999440442
2024-02-25 00:00:00+00:00,DAI,5,DeFiLlama,0.9976560000941954
2024-02-26 00:00:00+00:00,DAI,5,DeFiLlama,0.9998489999418917
2024-02-27 00:00:00+00:00,DAI,5,DeFiLlama,0.9994739999641691
2024-02-28 00:00:00+00:00,DAI,5,DeFiLlama,0.9997539999578209
2024-02-29 00:00:00+00:00,DAI,5,DeFiLlama,0.9985720000118032
2024-03-01 00:00:00+00:00,DAI,5,DeFiLlama,1.0010000000458763
2024-03-02 00:00:00+00:00,DAI,5,DeFiLlama,1.0009999999666288
2024-03-03 00:00:00+00:00,DAI,5,DeFiLlama,0.9988799999624284
2024-03-04 00:00:00+00:00,DAI,5,DeFiLlama,1.0019999999622524
2024-03-05 00:00:00+00:00,DAI,5,DeFiLlama,0.998104999989105
2024-03-06 00:00:00+00:00,DAI,5,DeFiLlama,1.002000000170015
2024-03-07 00:00:00+00:00,DAI,5,DeFiLlama,1.0010000000525507
2024-03-08 00:00:00+00:00,DAI,5,DeFiLlama,1.0020000000027427
2024-03-09 00:00:00+00:00,DAI,5,DeFiLlama,1.000999999985476
2024-03-10 00:00:00+00:00,DAI,5,DeFiLlama,1.001000000108172
2024-03-11 00:00:00+00:00,DAI,5,DeFiLlama,0.9997269999463776
2024-03-12 00:00:00+00:00,DAI,5,DeFiLlama,0.9992950000580876
2024-03-13 00:00:00+00:00,DAI,5,DeFiLlama,0.9994929998570214
2024-03-14 00:00:00+00:00,DAI,5,DeFiLlama,1.0
2024-03-15 00:00:00+00:00,DAI,5,DeFiLlama,1.0029999999551413
2024-03-16 00:00:00+00:00,DAI,5,DeFiLlama,0.9997260000342476
2024-03-17 00:00:00+00:00,DAI,5,DeFiLlama,0.9986920000208328
2024-03-18 00:00:00+00:00,DAI,5,DeFiLlama,0.9989989999293616
2024-03-19 00:00:00+00:00,DAI,5,DeFiLlama,0.9991490000170213
2024-03-20 00:00:00+00:00,DAI,5,DeFiLlama,1.001000000031079
2024-03-21 00:00:00+00:00,DAI,5,DeFiLlama,0.9976730000383676
2024-03-22 00:00:00+00:00,DAI,5,DeFiLlama,0.9993749999941929
2024-03-23 00:00:00+00:00,DAI,5,DeFiLlama,0.998866999989685
2024-03-24 00:00:00+00:00,DAI,5,DeFiLlama,1.0
2024-03-25 00:00:00+00:00,DAI,5,DeFiLlama,0.999350000040617
2024-03-26 00:00:00+00:00,DAI,5,DeFiLlama,0.9995510001380313
2024-03-27 00:00:00+00:00,DAI,5,DeFiLlama,1.0
2024-03-28 00:00:00+00:00,DAI,5,DeFiLlama,1.0020000000922482
2024-03-29 00:00:00+00:00,DAI,5,DeFiLlama,0.9980949999766545
2024-03-30 00:00:00+00:00,DAI,5,DeFiLlama,0.9987539999459246
2024-03-31 00:00:00+00:00,DAI,5,DeFiLlama,0.9992469999306229
2024-04-01 00:00:00+00:00,DAI,5,DeFiLlama,0.9984939999107064
2024-04-02 00:00:00+00:00,DAI,5,DeFiLlama,0.9990819999328423
2024-04-03 00:00:00+00:00,DAI,5,DeFiLlama,0.9977109999865531
2024-04-04 00:00:00+00:00,DAI,5,DeFiLlama,0.9979190000260674
2024-04-05 00:00:00+00:00,DAI,5,DeFiLlama,1.0
2024-04-06 00:00:00+00:00,DAI,5,DeFiLlama,0.9994099998889897
2024-04-07 00:00:00+00:00,DAI,5,DeFiLlama,0.9988390000743463
2024-04-08 00:00:00+00:00,DAI,5,DeFiLlama,0.999808999884281
2024-04-09 00:00:00+00:00,DAI,5,DeFiLlama,0.9977189999791067
2024-04-10 00:00:00+00:00,DAI,5,DeFiLlama,1.0
2024-04-11 00:00:00+00:00,DAI,5,DeFiLlama,1.0
2024-04-12 00:00:00+00:00,DAI,5,DeFiLlama,0.9997299999536209
2024-04-13 00:00:00+00:00,DAI,5,DeFiLlama,0.9992049998134594
2024-04-14 00:00:00+00:00,DAI,5,DeFiLlama,1.0
2024-04-15 00:00:00+00:00,DAI,5,DeFiLlama,0.9997209999761791
2024-04-16 00:00:00+00:00,DAI,5,DeFiLlama,0.9978560000653075
2024-04-17 00:00:00+00:00,DAI,5,DeFiLlama,0.9993619999636294
2024-04-18 00:00:00+00:00,DAI,5,DeFiLlama,0.9996900000547975
2024-04-19 00:00:00+00:00,DAI,5,DeFiLlama,1.0009999998715795
2024-04-20 00:00:00+00:00,DAI,5,DeFiLlama,1.0009999999862738
2024-04-21 00:00:00+00:00,DAI,5,DeFiLlama,1.0
2024-04-22 00:00:00+00:00,DAI,5,DeFiLlama,0.9994890001089572
2024-04-23 00:00:00+00:00,DAI,5,DeFiLlama,0.9996610000494518
2024-04-24 00:00:00+00:00,DAI,5,DeFiLlama,0.9998539999986299
2024-04-25 00:00:00+00:00,DAI,5,DeFiLlama,1.0
2024-04-26 00:00:00+00:00,DAI,5,DeFiLlama,0.9990459999935434
2024-04-27 00:00:00+00:00,DAI,5,DeFiLlama,0.9987409999444882
2024-04-28 00:00:00+00:00,DAI,5,DeFiLlama,0.998767999996423
2024-04-29 00:00:00+00:00,DAI,5,DeFiLlama,0.9986859999507807
2024-04-30 00:00:00+00:00,DAI,5,DeFiLlama,0.999241999867255
2024-05-01 00:00:00+00:00,DAI,5,DeFiLlama,0.9987059999244655
2024-05-02 00:00:00+00:00,DAI,5,DeFiLlama,0.9996179999774878
2024-05-03 00:00:00+00:00,DAI,5,DeFiLlama,0.9981890001266369
2024-05-04 00:00:00+00:00,DAI,5,DeFiLlama,0.9994410000966699
2024-05-05 00:00:00+00:00,DAI,5,DeFiLlama,0.9985769999930475
2024-05-06 00:00:00+00:00,DAI,5,DeFiLlama,1.0
2024-05-07 00:00:00+00:00,DAI,5,DeFiLlama,0.9992410001560615
2024-05-08 00:00:00+00:00,DAI,5,DeFiLlama,0.9945850000301218
2024-05-09 00:00:00+00:00,DAI,5,DeFiLlama,0.9997479999431823
2024-05-10 00:00:00+00:00,DAI,5,DeFiLlama,1.001000000144885
2024-05-11 00:00:00+00:00,DAI,5,DeFiLlama,0.9985959999888036
2024-05-12 00:00:00+00:00,DAI,5,DeFiLlama,0.9994769999028665
2024-05-13 00:00:00+00:00,DAI,5,DeFiLlama,0.9999149999381465
2024-05-14 00:00:00+00:00,DAI,5,DeFiLlama,0.9993399999773052
2024-05-15 00:00:00+00:00,DAI,5,DeFiLlama,0.9995609999486497
2024-05-16 00:00:00+00:00,DAI,5,DeFiLlama,0.999485000143014
2024-05-17 00:00:00+00:00,DAI,5,DeFiLlama,1.0
2024-05-18 00:00:00+00:00,DAI,5,DeFiLlama,0.9999100000585086
2024-05-19 00:00:00+00:00,DAI,5,DeFiLlama,1.0
2024-05-20 00:00:00+00:00,DAI,5,DeFiLlama,0.9994489999215062
2024-05-21 00:00:00+00:00,DAI,5,DeFiLlama,0.9998939999531462
2024-05-22 00:00:00+00:00,DAI,5,DeFiLlama,1.0
2024-05-23 00:00:00+00:00,DAI,5,DeFiLlama,1.0010000000660324
2024-05-24 00:00:00+00:00,DAI,5,DeFiLlama,1.001000000141111
2024-05-25 00:00:00+00:00,DAI,5,DeFiLlama,0.9997709999634985
2024-05-26 00:00:00+00:00,DAI,5,DeFiLlama,0.9988139999042306
2024-05-27 00:00:00+00:00,DAI,5,DeFiLlama,0.9996710001453611
2024-05-28 00:00:00+00:00,DAI,5,DeFiLlama,0.9994959998649211
2024-05-29 00:00:00+00:00,DAI,5,DeFiLlama,0.9999660001582233
2024-05-30 00:00:00+00:00,DAI,5,DeFiLlama,0.9996180000540975
2024-05-31 00:00:00+00:00,DAI,5,DeFiLlama,0.9999320000150438
2024-06-01 00:00:00+00:00,DAI,5,DeFiLlama,1.0
2024-06-02 00:00:00+00:00,DAI,5,DeFiLlama,0.9999089999692323
2024-06-03 00:00:00+00:00,DAI,5,DeFiLlama,0.9993190000114688
2024-06-04 00:00:00+00:00,DAI,5,DeFiLlama,1.0
2024-06-05 00:00:00+00:00,DAI,5,DeFiLlama,0.9994649999988912
2024-06-06 00:00:00+00:00,DAI,5,DeFiLlama,0.9994689999209629
2024-06-07 00:00:00+00:00,DAI,5,DeFiLlama,0.9996420000834888
2024-06-08 00:00:00+00:00,DAI,5,DeFiLlama,0.9993239999831106
2024-06-09 00:00:00+00:00,DAI,5,DeFiLlama,0.9994179999648191
2024-06-10 00:00:00+00:00,DAI,5,DeFiLlama,0.9997929999299556
2024-06-11 00:00:00+00:00,DAI,5,DeFiLlama,1.0010000000524226
2024-06-12 00:00:00+00:00,DAI,5,DeFiLlama,1.0009999999511487
2024-06-13 00:00:00+00:00,DAI,5,DeFiLlama,1.0
2024-06-14 00:00:00+00:00,DAI,5,DeFiLlama,0.9987720000730488
2024-06-15 00:00:00+00:00,DAI,5,DeFiLlama,0.9989900001746392
2024-06-16 00:00:00+00:00,DAI,5,DeFiLlama,0.9990270000561219
2024-06-17 00:00:00+00:00,DAI,5,DeFiLlama,0.998952000064234
2024-06-18 00:00:00+00:00,DAI,5,DeFiLlama,0.9991609999260241
2024-06-19 00:00:00+00:00,DAI,5,DeFiLlama,0.9984000000157511
2024-06-20 00:00:00+00:00,DAI,5,DeFiLlama,0.9978909999365899
2024-06-21 00:00:00+00:00,DAI,5,DeFiLlama,0.99928499996398
2024-06-22 00:00:00+00:00,DAI,5,DeFiLlama,0.9992439999666501
2024-06-23 00:00:00+00:00,DAI,5,DeFiLlama,0.9987780000236384
2024-06-24 00:00:00+00:00,DAI,5,DeFiLlama,0.9988569999190023
2024-06-25 00:00:00+00:00,DAI,5,DeFiLlama,1.0
2024-06-26 00:00:00+00:00,DAI,5,DeFiLlama,1.0
2024-06-27 00:00:00+00:00,DAI,5,DeFiLlama,0.999461999928922
2024-06-28 00:00:00+00:00,DAI,5,DeFiLlama,0.9997529999714095
2024-06-29 00:00:00+00:00,DAI,5,DeFiLlama,0.9992500000070851
2024-06-30 00:00:00+00:00,DAI,5,DeFiLlama,1.0
2024-07-01 00:00:00+00:00,DAI,5,DeFiLlama,1.0
2024-07-02 00:00:00+00:00,DAI,5,DeFiLlama,0.9991719998666774
2024-07-03 00:00:00+00:00,DAI,5,DeFiLlama,1.0009999999609287
2024-07-04 00:00:00+00:00,DAI,5,DeFiLlama,0.9989869998253984
2024-07-05 00:00:00+00:00,DAI,5,DeFiLlama,0.9995099999295026
2024-07-06 00:00:00+00:00,DAI,5,DeFiLlama,0.9991899999380689
2024-07-07 00:00:00+00:00,DAI,5,DeFiLlama,0.9982419999587502
2024-07-08 00:00:00+00:00,DAI,5,DeFiLlama,0.9980740000167729
2024-07-09 00:00:00+00:00,DAI,5,DeFiLlama,0.9984340000060214
2024-07-10 00:00:00+00:00,DAI,5,DeFiLlama,0.99964799983641
2024-07-11 00:00:00+00:00,DAI,5,DeFiLlama,0.9996050000993048
2024-07-12 00:00:00+00:00,DAI,5,DeFiLlama,0.9998330000760428
2024-07-13 00:00:00+00:00,DAI,5,DeFiLlama,1.0040000000399818
2024-07-14 00:00:00+00:00,DAI,5,DeFiLlama,0.9993320000757429
2024-07-15 00:00:00+00:00,DAI,5,DeFiLlama,0.9996580001739187
2024-07-16 00:00:00+00:00,DAI,5,DeFiLlama,1.0
2024-07-17 00:00:00+00:00,DAI,5,DeFiLlama,0.9995599999398317
2024-07-18 00:00:00+00:00,DAI,5,DeFiLlama,0.9991649999873307
2024-07-19 00:00:00+00:00,DAI,5,DeFiLlama,0.99903399996432
2024-07-20 00:00:00+00:00,DAI,5,DeFiLlama,1.0009999998780053
2024-07-21 00:00:00+00:00,DAI,5,DeFiLlama,0.9996070000382461
2024-07-22 00:00:00+00:00,DAI,5,DeFiLlama,0.9993339999845988
2024-07-23 00:00:00+00:00,DAI,5,DeFiLlama,0.9998459999639647
2024-07-24 00:00:00+00:00,DAI,5,DeFiLlama,0.9981289999578399
2024-07-25 00:00:00+00:00,DAI,5,DeFiLlama,1.0
2024-07-26 00:00:00+00:00,DAI,5,DeFiLlama,0.9998879998960584
2024-07-27 00:00:00+00:00,DAI,5,DeFiLlama,0.9984810000070735
2024-07-28 00:00:00+00:00,DAI,5,DeFiLlama,1.0
2024-07-29 00:00:00+00:00,DAI,5,DeFiLlama,1.0
2024-07-30 00:00:00+00:00,DAI,5,DeFiLlama,0.9994520000135839
2024-07-31 00:00:00+00:00,DAI,5,DeFiLlama,1.0
2024-08-01 00:00:00+00:00,DAI,5,DeFiLlama,0.999775000058287
2024-08-02 00:00:00+00:00,DAI,5,DeFiLlama,0.9997750001123602
2024-08-03 00:00:00+00:00,DAI,5,DeFiLlama,0.9997750001391347
2024-08-04 00:00:00+00:00,DAI,5,DeFiLlama,0.9997749999709389
2024-08-05 00:00:00+00:00,DAI,5,DeFiLlama,0.9997749999836207
2024-08-06 00:00:00+00:00,DAI,5,DeFiLlama,0.99931199990663
2024-08-07 00:00:00+00:00,DAI,5,DeFiLlama,0.9992549999439645
2024-08-08 00:00:00+00:00,DAI,5,DeFiLlama,1.0050000000555201
2024-08-09 00:00:00+00:00,DAI,5,DeFiLlama,0.9994450001090758
2024-08-10 00:00:00+00:00,DAI,5,DeFiLlama,1.0
2024-08-11 00:00:00+00:00,DAI,5,DeFiLlama,0.9992499999355028
2024-08-12 00:00:00+00:00,DAI,5,DeFiLlama,1.000999999954889
2024-08-13 00:00:00+00:00,DAI,5,DeFiLlama,0.9997049999029419
2024-08-14 00:00:00+00:00,DAI,5,DeFiLlama,0.9988899999978679
2024-08-15 00:00:00+00:00,DAI,5,DeFiLlama,0.9997699999254105
2024-08-16 00:00:00+00:00,DAI,5,DeFiLlama,0.9994950000304949
2024-08-17 00:00:00+00:00,DAI,5,DeFiLlama,0.9996569999171814
2024-08-18 00:00:00+00:00,DAI,5,DeFiLlama,0.9993070000682209
2024-08-19 00:00:00+00:00,DAI,5,DeFiLlama,0.9995229999100121
2024-08-20 00:00:00+00:00,DAI,5,DeFiLlama,0.9995969999012937
2024-08-21 00:00:00+00:00,DAI,5,DeFiLlama,0.9999019999456208
2024-08-22 00:00:00+00:00,DAI,5,DeFiLlama,0.9995879999561318
2024-08-23 00:00:00+00:00,DAI,5,DeFiLlama,1.0009999999778867
2024-08-24 00:00:00+00:00,DAI,5,DeFiLlama,0.9999729999900446
2024-08-25 00:00:00+00:00,DAI,5,DeFiLlama,1.0
2024-08-26 00:00:00+00:00,DAI,5,DeFiLlama,0.9990480001123998
2024-08-27 00:00:00+00:00,DAI,5,DeFiLlama,0.9982330001242112
2024-08-28 00:00:00+00:00,DAI,5,DeFiLlama,0.9997739999898947
2024-08-29 00:00:00+00:00,DAI,5,DeFiLlama,0.9998520001009333
2024-08-30 00:00:00+00:00,DAI,5,DeFiLlama,1.0
2024-08-31 00:00:00+00:00,DAI,5,DeFiLlama,0.9995400001406655
2024-09-01 00:00:00+00:00,DAI,5,DeFiLlama,0.997902000115142
2024-09-02 00:00:00+00:00,DAI,5,DeFiLlama,1.0009999999569419
2024-09-03 00:00:00+00:00,DAI,5,DeFiLlama,0.9996669999976914
2024-09-04 00:00:00+00:00,DAI,5,DeFiLlama,1.0
2024-09-05 00:00:00+00:00,DAI,5,DeFiLlama,0.9999379999119334
2024-09-06 00:00:00+00:00,DAI,5,DeFiLlama,1.0
2024-09-07 00:00:00+00:00,DAI,5,DeFiLlama,1.0009999999842334
2024-09-08 00:00:00+00:00,DAI,5,DeFiLlama,0.9984120000693812
2024-09-09 00:00:00+00:00,DAI,5,DeFiLlama,0.9997019999431167
2024-09-10 00:00:00+00:00,DAI,5,DeFiLlama,1.0010000000163288
2024-09-11 00:00:00+00:00,DAI,5,DeFiLlama,0.9996510000653496
2024-09-12 00:00:00+00:00,DAI,5,DeFiLlama,1.0
2024-09-13 00:00:00+00:00,DAI,5,DeFiLlama,1.0
2024-09-14 00:00:00+00:00,DAI,5,DeFiLlama,0.9999150000607827
2024-09-15 00:00:00+00:00,DAI,5,DeFiLlama,0.9998010001417521
2024-09-16 00:00:00+00:00,DAI,5,DeFiLlama,1.0
2024-09-17 00:00:00+00:00,DAI,5,DeFiLlama,0.9998160001089069
2024-09-18 00:00:00+00:00,DAI,5,DeFiLlama,1.000999999983929
2024-09-19 00:00:00+00:00,DAI,5,DeFiLlama,1.0
2024-09-20 00:00:00+00:00,DAI,5,DeFiLlama,1.0
2024-09-21 00:00:00+00:00,DAI,5,DeFiLlama,1.0
2024-09-22 00:00:00+00:00,DAI,5,DeFiLlama,1.0020000000169973
2024-09-23 00:00:00+00:00,DAI,5,DeFiLlama,0.999380000108946
2024-09-24 00:00:00+00:00,DAI,5,DeFiLlama,1.0010000000207864
2024-09-25 00:00:00+00:00,DAI,5,DeFiLlama,1.0
2024-09-26 00:00:00+00:00,DAI,5,DeFiLlama,1.0
2024-09-27 00:00:00+00:00,DAI,5,DeFiLlama,0.9997580000803613
2024-09-28 00:00:00+00:00,DAI,5,DeFiLlama,0.9997010000486104
2024-09-29 00:00:00+00:00,DAI,5,DeFiLlama,0.9996769999891831
2024-09-30 00:00:00+00:00,DAI,5,DeFiLlama,0.998884000020058
2024-10-01 00:00:00+00:00,DAI,5,DeFiLlama,0.9999909998779786
2024-10-02 00:00:00+00:00,DAI,5,DeFiLlama,1.0009999999834178
2024-10-03 00:00:00+00:00,DAI,5,DeFiLlama,1.000999999961819
2024-10-04 00:00:00+00:00,DAI,5,DeFiLlama,1.0
2024-10-05 00:00:00+00:00,DAI,5,DeFiLlama,1.0
2024-10-06 00:00:00+00:00,DAI,5,DeFiLlama,1.0
2024-10-07 00:00:00+00:00,DAI,5,DeFiLlama,0.996432000056316
2024-10-08 00:00:00+00:00,DAI,5,DeFiLlama,0.9994800001378572
2024-10-09 00:00:00+00:00,DAI,5,DeFiLlama,1.0
2024-10-10 00:00:00+00:00,DAI,5,DeFiLlama,0.9998989999607449
2024-10-11 00:00:00+00:00,DAI,5,DeFiLlama,0.999722000065977
2024-10-12 00:00:00+00:00,DAI,5,DeFiLlama,1.0
2024-10-13 00:00:00+00:00,DAI,5,DeFiLlama,1.000999999966029
2024-10-14 00:00:00+00:00,DAI,5,DeFiLlama,1.0010000000139943
2024-10-15 00:00:00+00:00,DAI,5,DeFiLlama,0.9993930000439608
2024-10-16 00:00:00+00:00,DAI,5,DeFiLlama,0.9993859999915383
2024-10-17 00:00:00+00:00,DAI,5,DeFiLlama,0.9997560001376888
2024-10-18 00:00:00+00:00,DAI,5,DeFiLlama,0.9998419999627918
2024-10-19 00:00:00+00:00,DAI,5,DeFiLlama,1.0
2024-10-20 00:00:00+00:00,DAI,5,DeFiLlama,0.9988269999535382
2024-10-21 00:00:00+00:00,DAI,5,DeFiLlama,0.9986420000622203
2024-10-22 00:00:00+00:00,DAI,5,DeFiLlama,1.0
2024-10-23 00:00:00+00:00,DAI,5,DeFiLlama,0.999700000025539
2024-10-24 00:00:00+00:00,DAI,5,DeFiLlama,0.9998630000886589
2024-10-25 00:00:00+00:00,DAI,5,DeFiLlama,0.9956000000806885
2024-10-26 00:00:00+00:00,DAI,5,DeFiLlama,0.9989609998645093
2024-10-27 00:00:00+00:00,DAI,5,DeFiLlama,0.9993609999917277
2024-10-28 00:00:00+00:00,DAI,5,DeFiLlama,1.0
2024-10-29 00:00:00+00:00,DAI,5,DeFiLlama,0.9982750001386005
2024-10-30 00:00:00+00:00,DAI,5,DeFiLlama,0.9997159999059756
2024-10-31 00:00:00+00:00,DAI,5,DeFiLlama,1.0009999999981722
2024-11-01 00:00:00+00:00,DAI,5,DeFiLlama,1.0
2024-11-02 00:00:00+00:00,DAI,5,DeFiLlama,0.9993490000190952
2024-11-03 00:00:00+00:00,DAI,5,DeFiLlama,1.0
2024-11-04 00:00:00+00:00,DAI,5,DeFiLlama,1.0020000000846043
2024-11-05 00:00:00+00:00,DAI,5,DeFiLlama,1.0009999999846348
2024-11-06 00:00:00+00:00,DAI,5,DeFiLlama,0.9985979999827627
2024-11-07 00:00:00+00:00,DAI,5,DeFiLlama,1.000999999939871
2024-11-08 00:00:00+00:00,DAI,5,DeFiLlama,0.9994659999292278
2024-11-09 00:00:00+00:00,DAI,5,DeFiLlama,0.9999260000681758
2024-11-10 00:00:00+00:00,DAI,5,DeFiLlama,1.001000000135437
2024-11-11 00:00:00+00:00,DAI,5,DeFiLlama,1.004999999959726
2024-11-12 00:00:00+00:00,DAI,5,DeFiLlama,0.9996659999721034
2024-11-13 00:00:00+00:00,DAI,5,DeFiLlama,0.998905000005196
2024-11-14 00:00:00+00:00,DAI,5,DeFiLlama,0.9982849999222627
2024-11-15 00:00:00+00:00,DAI,5,DeFiLlama,0.9986749998812512
2024-11-16 00:00:00+00:00,DAI,5,DeFiLlama,0.9982920000913488
2024-11-17 00:00:00+00:00,DAI,5,DeFiLlama,0.9985740001087455
2024-11-18 00:00:00+00:00,DAI,5,DeFiLlama,0.9988489999761406
2024-11-19 00:00:00+00:00,DAI,5,DeFiLlama,0.9996250000193674
2024-11-20 00:00:00+00:00,DAI,5,DeFiLlama,0.9999659999270996
2024-11-21 00:00:00+00:00,DAI,5,DeFiLlama,1.0
2024-11-22 00:00:00+00:00,DAI,5,DeFiLlama,1.0
2024-11-23 00:00:00+00:00,DAI,5,DeFiLlama,0.9997120000614628
2024-11-24 00:00:00+00:00,DAI,5,DeFiLlama,1.000999999991377
2024-11-25 00:00:00+00:00,DAI,5,DeFiLlama,1.0019999998910836
2024-11-26 00:00:00+00:00,DAI,5,DeFiLlama,0.997923000028694
2024-11-27 00:00:00+00:00,DAI,5,DeFiLlama,0.99960299993909
2024-11-28 00:00:00+00:00,DAI,5,DeFiLlama,1.001000000097857
2024-11-29 00:00:00+00:00,DAI,5,DeFiLlama,0.999262000099602
2024-11-30 00:00:00+00:00,DAI,5,DeFiLlama,1.0
2024-12-01 00:00:00+00:00,DAI,5,DeFiLlama,1.0
2024-12-02 00:00:00+00:00,DAI,5,DeFiLlama,1.0
2024-12-03 00:00:00+00:00,DAI,5,DeFiLlama,1.0010000000038288
2024-12-04 00:00:00+00:00,DAI,5,DeFiLlama,1.0009999998756949
2024-12-05 00:00:00+00:00,DAI,5,DeFiLlama,0.9997670001029676
2024-12-06 00:00:00+00:00,DAI,5,DeFiLlama,0.9993920001272226
2024-12-07 00:00:00+00:00,DAI,5,DeFiLlama,0.9998840000675792
2024-12-08 00:00:00+00:00,DAI,5,DeFiLlama,1.0
2024-12-09 00:00:00+00:00,DAI,5,DeFiLlama,1.0
2024-12-10 00:00:00+00:00,DAI,5,DeFiLlama,1.0009999999083667
2024-12-11 00:00:00+00:00,DAI,5,DeFiLlama,0.9984700000844873
2024-12-12 00:00:00+00:00,DAI,5,DeFiLlama,1.0010000000914157
2024-12-13 00:00:00+00:00,DAI,5,DeFiLlama,0.9998369997967737
2024-12-14 00:00:00+00:00,DAI,5,DeFiLlama,1.0
2024-12-15 00:00:00+00:00,DAI,5,DeFiLlama,1.0010000002059527
2024-12-16 00:00:00+00:00,DAI,5,DeFiLlama,0.9997479999345664
2024-12-17 00:00:00+00:00,DAI,5,DeFiLlama,1.0009999999723882
2024-12-18 00:00:00+00:00,DAI,5,DeFiLlama,1.0
2024-12-19 00:00:00+00:00,DAI,5,DeFiLlama,0.9997679999877618
2024-12-20 00:00:00+00:00,DAI,5,DeFiLlama,1.0010000000832422
2024-12-21 00:00:00+00:00,DAI,5,DeFiLlama,0.9985950000768173
2024-12-22 00:00:00+00:00,DAI,5,DeFiLlama,1.0
2024-12-23 00:00:00+00:00,DAI,5,DeFiLlama,1.0010000000625612
2024-12-24 00:00:00+00:00,DAI,5,DeFiLlama,1.0
2024-12-25 00:00:00+00:00,DAI,5,DeFiLlama,1.0
2024-12-26 00:00:00+00:00,DAI,5,DeFiLlama,1.0
2024-12-27 00:00:00+00:00,DAI,5,DeFiLlama,0.9997190001236793
2024-12-28 00:00:00+00:00,DAI,5,DeFiLlama,0.999908000143168
2024-12-29 00:00:00+00:00,DAI,5,DeFiLlama,1.0
2024-12-30 00:00:00+00:00,DAI,5,DeFiLlama,0.999017999915699
2024-12-31 00:00:00+00:00,DAI,5,DeFiLlama,0.9990030000054478
2025-01-01 00:00:00+00:00,DAI,5,DeFiLlama,0.9994560000497877
2025-01-02 00:00:00+00:00,DAI,5,DeFiLlama,0.9999230001027595
2025-01-03 00:00:00+00:00,DAI,5,DeFiLlama,1.0
2025-01-04 00:00:00+00:00,DAI,5,DeFiLlama,0.9990200001008359
2025-01-05 00:00:00+00:00,DAI,5,DeFiLlama,1.0
2025-01-06 00:00:00+00:00,DAI,5,DeFiLlama,1.0
2025-01-07 00:00:00+00:00,DAI,5,DeFiLlama,0.999265999876118
2025-01-08 00:00:00+00:00,DAI,5,DeFiLlama,0.9993170000360894
2025-01-09 00:00:00+00:00,DAI,5,DeFiLlama,1.0
2025-01-10 00:00:00+00:00,DAI,5,DeFiLlama,0.9999920000986354
2025-01-11 00:00:00+00:00,DAI,5,DeFiLlama,0.9998670000808083
2025-01-12 00:00:00+00:00,DAI,5,DeFiLlama,0.999915999918639
2025-01-13 00:00:00+00:00,DAI,5,DeFiLlama,0.9999720001271146
2025-01-14 00:00:00+00:00,DAI,5,DeFiLlama,1.0
2025-01-15 00:00:00+00:00,DAI,5,DeFiLlama,0.9999660001539036
2025-01-16 00:00:00+00:00,DAI,5,DeFiLlama,0.9999689999811217
2025-01-17 00:00:00+00:00,DAI,5,DeFiLlama,1.0
2025-01-18 00:00:00+00:00,DAI,5,DeFiLlama,0.9999150001164425
2025-01-19 00:00:00+00:00,DAI,5,DeFiLlama,1.0
2025-01-20 00:00:00+00:00,DAI,5,DeFiLlama,0.999888000043389
2025-01-21 00:00:00+00:00,DAI,5,DeFiLlama,1.0
2025-01-22 00:00:00+00:00,DAI,5,DeFiLlama,1.0
2025-01-23 00:00:00+00:00,DAI,5,DeFiLlama,0.9999509998200629
2025-01-24 00:00:00+00:00,DAI,5,DeFiLlama,1.0009999999380779
2025-01-25 00:00:00+00:00,DAI,5,DeFiLlama,1.0009999999319976
2025-01-26 00:00:00+00:00,DAI,5,DeFiLlama,1.0
2025-01-27 00:00:00+00:00,DAI,5,DeFiLlama,1.0
2025-01-28 00:00:00+00:00,DAI,5,DeFiLlama,1.0
2025-01-29 00:00:00+00:00,DAI,5,DeFiLlama,1.0
2025-01-30 00:00:00+00:00,DAI,5,DeFiLlama,0.9998840001447835
2025-01-31 00:00:00+00:00,DAI,5,DeFiLlama,0.99964799982668
2025-02-01 00:00:00+00:00,DAI,5,DeFiLlama,0.9998189999155277
2025-02-02 00:00:00+00:00,DAI,5,DeFiLlama,1.0
2025-02-03 00:00:00+00:00,DAI,5,DeFiLlama,1.0
2025-02-04 00:00:00+00:00,DAI,5,DeFiLlama,0.9992220002111272
2025-02-05 00:00:00+00:00,DAI,5,DeFiLlama,0.9997690000657616
2025-02-06 00:00:00+00:00,DAI,5,DeFiLlama,1.0
2025-02-07 00:00:00+00:00,DAI,5,DeFiLlama,0.9994600000016242
2025-02-08 00:00:00+00:00,DAI,5,DeFiLlama,1.0
2025-02-09 00:00:00+00:00,DAI,5,DeFiLlama,0.9996669998388601
2025-02-10 00:00:00+00:00,DAI,5,DeFiLlama,0.9998180000655625
2025-02-11 00:00:00+00:00,DAI,5,DeFiLlama,0.9996850000968516
2025-02-12 00:00:00+00:00,DAI,5,DeFiLlama,0.9997820001265195
2025-02-13 00:00:00+00:00,DAI,5,DeFiLlama,0.99989500018889
2025-02-14 00:00:00+00:00,DAI,5,DeFiLlama,1.0
2025-02-15 00:00:00+00:00,DAI,5,DeFiLlama,0.9999870000689468
2025-02-16 00:00:00+00:00,DAI,5,DeFiLlama,0.9996269999857688
2025-02-17 00:00:00+00:00,DAI,5,DeFiLlama,0.9997419998123888
2025-02-18 00:00:00+00:00,DAI,5,DeFiLlama,0.9995860000131069
2025-02-19 00:00:00+00:00,DAI,5,DeFiLlama,0.9997839998696822
2025-02-20 00:00:00+00:00,DAI,5,DeFiLlama,0.9998239999536642
2025-02-21 00:00:00+00:00,DAI,5,DeFiLlama,0.9994639999409515
2025-02-22 00:00:00+00:00,DAI,5,DeFiLlama,0.999756000077733
2025-02-23 00:00:00+00:00,DAI,5,DeFiLlama,0.9993410000042515
2025-02-24 00:00:00+00:00,DAI,5,DeFiLlama,0.9996219998201031
2025-02-25 00:00:00+00:00,DAI,5,DeFiLlama,1.0
2025-02-26 00:00:00+00:00,DAI,5,DeFiLlama,0.9995049999549396
2025-02-27 00:00:00+00:00,DAI,5,DeFiLlama,0.9993890000341322
2025-02-28 00:00:00+00:00,DAI,5,DeFiLlama,0.999179000116735
2025-03-01 00:00:00+00:00,DAI,5,DeFiLlama,1.0
2025-03-02 00:00:00+00:00,DAI,5,DeFiLlama,1.0
2025-03-03 00:00:00+00:00,DAI,5,DeFiLlama,0.9998399999486965
2025-03-04 00:00:00+00:00,DAI,5,DeFiLlama,0.9999980000333797
2025-03-05 00:00:00+00:00,DAI,5,DeFiLlama,1.0
2025-03-06 00:00:00+00:00,DAI,5,DeFiLlama,1.0
2025-03-07 00:00:00+00:00,DAI,5,DeFiLlama,0.9996110001410726
2025-03-08 00:00:00+00:00,DAI,5,DeFiLlama,0.9998580001899201
2025-03-09 00:00:00+00:00,DAI,5,DeFiLlama,1.0
2025-03-10 00:00:00+00:00,DAI,5,DeFiLlama,0.9996280001895737
2025-03-11 00:00:00+00:00,DAI,5,DeFiLlama,0.9995299999495916
2025-03-12 00:00:00+00:00,DAI,5,DeFiLlama,0.9990679999364018
2025-03-13 00:00:00+00:00,DAI,5,DeFiLlama,0.9997199999174893
2025-03-14 00:00:00+00:00,DAI,5,DeFiLlama,0.9997020000480098
2025-03-15 00:00:00+00:00,DAI,5,DeFiLlama,0.9997450000058921
2025-03-16 00:00:00+00:00,DAI,5,DeFiLlama,0.9997849999981586
2025-03-17 00:00:00+00:00,DAI,5,DeFiLlama,0.9993480000357232
2025-03-18 00:00:00+00:00,DAI,5,DeFiLlama,0.9995700000081351
2025-03-19 00:00:00+00:00,DAI,5,DeFiLlama,0.9999210000764431
2025-03-20 00:00:00+00:00,DAI,5,DeFiLlama,0.9996889998476209
2025-03-21 00:00:00+00:00,DAI,5,DeFiLlama,0.9995490000634641
2025-03-22 00:00:00+00:00,DAI,5,DeFiLlama,0.9998969998928599
2025-03-23 00:00:00+00:00,DAI,5,DeFiLlama,0.9998549999862837
2025-03-24 00:00:00+00:00,DAI,5,DeFiLlama,0.9998829998834755
2025-03-25 00:00:00+00:00,DAI,5,DeFiLlama,0.9998819998969836
2025-03-26 00:00:00+00:00,DAI,5,DeFiLlama,0.9997199999673966
2025-03-27 00:00:00+00:00,DAI,5,DeFiLlama,0.9994660000310881
2025-03-28 00:00:00+00:00,DAI,5,DeFiLlama,0.9997019998779089
2025-03-29 00:00:00+00:00,DAI,5,DeFiLlama,0.9997370001498038
2025-03-30 00:00:00+00:00,DAI,5,DeFiLlama,0.9992440000483901
2025-03-31 00:00:00+00:00,DAI,5,DeFiLlama,0.9997439998363868
2025-04-01 00:00:00+00:00,DAI,5,DeFiLlama,0.9995069999615561
2025-04-02 00:00:00+00:00,DAI,5,DeFiLlama,0.9995730000156923
2025-04-03 00:00:00+00:00,DAI,5,DeFiLlama,0.9997629999897311
2025-04-04 00:00:00+00:00,DAI,5,DeFiLlama,1.0
2025-04-05 00:00:00+00:00,DAI,5,DeFiLlama,0.9999560000670435
2025-04-06 00:00:00+00:00,DAI,5,DeFiLlama,0.9998199999528444
2025-04-07 00:00:00+00:00,DAI,5,DeFiLlama,0.9997499999980645
2025-04-08 00:00:00+00:00,DAI,5,DeFiLlama,0.9996149999600099
2025-04-09 00:00:00+00:00,DAI,5,DeFiLlama,1.0
2025-04-10 00:00:00+00:00,DAI,5,DeFiLlama,0.9997839997992192
2025-04-11 00:00:00+00:00,DAI,5,DeFiLlama,0.9998889999005592
2025-04-12 00:00:00+00:00,DAI,5,DeFiLlama,1.0
2025-04-13 00:00:00+00:00,DAI,5,DeFiLlama,1.0
2025-04-14 00:00:00+00:00,DAI,5,DeFiLlama,1.0
2025-04-15 00:00:00+00:00,DAI,5,DeFiLlama,0.9999409998959834
2025-04-16 00:00:00+00:00,DAI,5,DeFiLlama,1.0
2025-04-17 00:00:00+00:00,DAI,5,DeFiLlama,1.0
2025-04-18 00:00:00+00:00,DAI,5,DeFiLlama,1.0
2025-04-19 00:00:00+00:00,DAI,5,DeFiLlama,1.0
2025-04-20 00:00:00+00:00,DAI,5,DeFiLlama,1.0
2025-04-21 00:00:00+00:00,DAI,5,DeFiLlama,1.0
2025-04-22 00:00:00+00:00,DAI,5,DeFiLlama,1.0
2025-04-23 00:00:00+00:00,DAI,5,DeFiLlama,1.0
2025-04-24 00:00:00+00:00,DAI,5,DeFiLlama,1.0
2025-04-25 00:00:00+00:00,DAI,5,DeFiLlama,1.0
2025-04-26 00:00:00+00:00,DAI,5,DeFiLlama,1.0
2025-04-27 00:00:00+00:00,DAI,5,DeFiLlama,0.9999980000596875
2025-04-28 00:00:00+00:00,DAI,5,DeFiLlama,1.0
2025-04-29 00:00:00+00:00,DAI,5,DeFiLlama,1.001000000055953
2025-04-30 00:00:00+00:00,DAI,5,DeFiLlama,1.0
2025-05-01 00:00:00+00:00,DAI,5,DeFiLlama,0.9998990000354887
2025-05-02 00:00:00+00:00,DAI,5,DeFiLlama,1.0
2025-05-03 00:00:00+00:00,DAI,5,DeFiLlama,0.9997739999271159
2025-05-04 00:00:00+00:00,DAI,5,DeFiLlama,0.9997350000529914
2025-05-05 00:00:00+00:00,DAI,5,DeFiLlama,0.999865000139633
2025-05-06 00:00:00+00:00,DAI,5,DeFiLlama,0.9994909999589238
2025-05-07 00:00:00+00:00,DAI,5,DeFiLlama,1.0
2025-05-08 00:00:00+00:00,DAI,5,DeFiLlama,1.0
2025-05-09 00:00:00+00:00,DAI,5,DeFiLlama,1.0
2025-05-10 00:00:00+00:00,DAI,5,DeFiLlama,1.0
2025-05-11 00:00:00+00:00,DAI,5,DeFiLlama,0.9998320000852391
2025-05-12 00:00:00+00:00,DAI,5,DeFiLlama,1.0
2025-05-13 00:00:00+00:00,DAI,5,DeFiLlama,1.0
2025-05-14 00:00:00+00:00,DAI,5,DeFiLlama,1.0
2025-05-15 00:00:00+00:00,DAI,5,DeFiLlama,1.0010000000672137
2025-05-16 00:00:00+00:00,DAI,5,DeFiLlama,0.9999789998737533
2025-05-17 00:00:00+00:00,DAI,5,DeFiLlama,1.0
2025-05-18 00:00:00+00:00,DAI,5,DeFiLlama,0.9999740000326575
2025-05-19 00:00:00+00:00,DAI,5,DeFiLlama,0.9996230000048556
2025-05-20 00:00:00+00:00,DAI,5,DeFiLlama,0.999848000163595
2025-05-21 00:00:00+00:00,DAI,5,DeFiLlama,1.0
2025-05-22 00:00:00+00:00,DAI,5,DeFiLlama,0.9998710000879784
2025-05-23 00:00:00+00:00,DAI,5,DeFiLlama,1.0
2025-05-24 00:00:00+00:00,DAI,5,DeFiLlama,1.0
2025-05-25 00:00:00+00:00,DAI,5,DeFiLlama,0.9999270001155208
2025-05-26 00:00:00+00:00,DAI,5,DeFiLlama,1.0
2025-05-27 00:00:00+00:00,DAI,5,DeFiLlama,1.0
2025-05-28 00:00:00+00:00,DAI,5,DeFiLlama,0.9997979999504507
2025-05-29 00:00:00+00:00,DAI,5,DeFiLlama,0.9999619999831397
2025-05-30 00:00:00+00:00,DAI,5,DeFiLlama,0.9999989999792793
2025-05-31 00:00:00+00:00,DAI,5,DeFiLlama,1.0
2025-06-01 00:00:00+00:00,DAI,5,DeFiLlama,0.9997239998875224
2025-06-02 00:00:00+00:00,DAI,5,DeFiLlama,0.9999439999966678
2025-06-03 00:00:00+00:00,DAI,5,DeFiLlama,0.9998570000173895
2025-06-04 00:00:00+00:00,DAI,5,DeFiLlama,0.9998879998364327
2025-06-05 00:00:00+00:00,DAI,5,DeFiLlama,0.9994070001106614
2025-06-06 00:00:00+00:00,DAI,5,DeFiLlama,1.0
2025-06-07 00:00:00+00:00,DAI,5,DeFiLlama,0.9997019999169464
2025-06-08 00:00:00+00:00,DAI,5,DeFiLlama,0.9997269999447282
2025-06-09 00:00:00+00:00,DAI,5,DeFiLlama,0.9994580001148597
2025-06-10 00:00:00+00:00,DAI,5,DeFiLlama,0.9996099999967636
2025-06-11 00:00:00+00:00,DAI,5,DeFiLlama,0.9997909999864504
2025-06-12 00:00:00+00:00,DAI,5,DeFiLlama,1.0
2025-06-13 00:00:00+00:00,DAI,5,DeFiLlama,1.0
2025-06-14 00:00:00+00:00,DAI,5,DeFiLlama,0.9995929998261359
2025-06-15 00:00:00+00:00,DAI,5,DeFiLlama,0.9994320000578454
2025-06-16 00:00:00+00:00,DAI,5,DeFiLlama,0.9997050000990777
2025-06-17 00:00:00+00:00,DAI,5,DeFiLlama,0.9996520000626722
2025-06-18 00:00:00+00:00,DAI,5,DeFiLlama,0.9999129999120292
2025-06-19 00:00:00+00:00,DAI,5,DeFiLlama,0.9995459998118961
2025-06-20 00:00:00+00:00,DAI,5,DeFiLlama,0.9998479999714085
2025-06-21 00:00:00+00:00,DAI,5,DeFiLlama,0.9998080002009894
2025-06-22 00:00:00+00:00,DAI,5,DeFiLlama,0.99983500006052
2025-06-23 00:00:00+00:00,DAI,5,DeFiLlama,1.0
2025-06-24 00:00:00+00:00,DAI,5,DeFiLlama,0.9997999999866822
2025-06-25 00:00:00+00:00,DAI,5,DeFiLlama,0.9999419999482779
2025-06-26 00:00:00+00:00,DAI,5,DeFiLlama,0.999725999874086
2025-06-27 00:00:00+00:00,DAI,5,DeFiLlama,0.9998819999740248
2025-06-28 00:00:00+00:00,DAI,5,DeFiLlama,0.9996669998652402
2025-06-29 00:00:00+00:00,DAI,5,DeFiLlama,0.9998560000987854
2025-06-30 00:00:00+00:00,DAI,5,DeFiLlama,0.9998829999263277
2025-07-01 00:00:00+00:00,DAI,5,DeFiLlama,0.99979000001801
2025-07-02 00:00:00+00:00,DAI,5,DeFiLlama,0.9997680001315713
2025-07-03 00:00:00+00:00,DAI,5,DeFiLlama,0.9999160000783118
2025-07-04 00:00:00+00:00,DAI,5,DeFiLlama,0.999884999994374
2025-07-05 00:00:00+00:00,DAI,5,DeFiLlama,0.9998199999868566
2025-07-06 00:00:00+00:00,DAI,5,DeFiLlama,0.9997759999997703
2025-07-07 00:00:00+00:00,DAI,5,DeFiLlama,1.0
2025-07-08 00:00:00+00:00,DAI,5,DeFiLlama,1.0
2025-07-09 00:00:00+00:00,DAI,5,DeFiLlama,1.0
2025-07-10 00:00:00+00:00,DAI,5,DeFiLlama,0.9996330000386442
2025-07-11 00:00:00+00:00,DAI,5,DeFiLlama,1.0
2025-07-12 00:00:00+00:00,DAI,5,DeFiLlama,0.9998450000049498
2025-07-13 00:00:00+00:00,DAI,5,DeFiLlama,1.0
2025-07-14 00:00:00+00:00,DAI,5,DeFiLlama,1.001000000040759
2025-07-15 00:00:00+00:00,DAI,5,DeFiLlama,1.0
2025-07-16 00:00:00+00:00,DAI,5,DeFiLlama,1.0
2025-07-17 00:00:00+00:00,DAI,5,DeFiLlama,1.0
2025-07-18 00:00:00+00:00,DAI,5,DeFiLlama,0.9999100000051654
2025-07-19 00:00:00+00:00,DAI,5,DeFiLlama,1.0
2025-07-20 00:00:00+00:00,DAI,5,DeFiLlama,0.9999949998250912
2025-07-21 00:00:00+00:00,DAI,5,DeFiLlama,0.9999469998893713
2025-07-22 00:00:00+00:00,DAI,5,DeFiLlama,0.9999219999914194
2025-07-23 00:00:00+00:00,DAI,5,DeFiLlama,0.9998369999437895
2025-07-24 00:00:00+00:00,DAI,5,DeFiLlama,0.9999140000020785
2025-07-25 00:00:00+00:00,DAI,5,DeFiLlama,0.9997099999679052
2025-07-26 00:00:00+00:00,DAI,5,DeFiLlama,0.9998130001365713
2025-07-27 00:00:00+00:00,DAI,5,DeFiLlama,0.9999210001329085
2025-07-28 00:00:00+00:00,DAI,5,DeFiLlama,0.9998899998763883
2025-07-29 00:00:00+00:00,DAI,5,DeFiLlama,0.9998490000634247
2025-07-30 00:00:00+00:00,DAI,5,DeFiLlama,1.0
2025-07-31 00:00:00+00:00,DAI,5,DeFiLlama,0.999761000091249
2025-08-01 00:00:00+00:00,DAI,5,DeFiLlama,0.9997110000773991
2025-08-02 00:00:00+00:00,DAI,5,DeFiLlama,0.9998830001014496
2025-08-03 00:00:00+00:00,DAI,5,DeFiLlama,0.9998200000009986
2025-08-04 00:00:00+00:00,DAI,5,DeFiLlama,0.9999880001411349
2025-08-05 00:00:00+00:00,DAI,5,DeFiLlama,0.9998370000253658
2025-08-06 00:00:00+00:00,DAI,5,DeFiLlama,1.0
2025-08-07 00:00:00+00:00,DAI,5,DeFiLlama,1.0
2025-08-08 00:00:00+00:00,DAI,5,DeFiLlama,1.0
2025-08-09 00:00:00+00:00,DAI,5,DeFiLlama,1.0
2025-08-10 00:00:00+00:00,DAI,5,DeFiLlama,1.0
2025-08-11 00:00:00+00:00,DAI,5,DeFiLlama,0.9999760000140684
2025-08-12 00:00:00+00:00,DAI,5,DeFiLlama,0.9996279999858065
2025-08-13 00:00:00+00:00,DAI,5,DeFiLlama,1.0
2025-08-14 00:00:00+00:00,DAI,5,DeFiLlama,0.9998529999612242
2025-08-15 00:00:00+00:00,DAI,5,DeFiLlama,1.0
2025-08-16 00:00:00+00:00,DAI,5,DeFiLlama,1.0
2025-08-17 00:00:00+00:00,DAI,5,DeFiLlama,0.9999110000396112
2025-08-18 00:00:00+00:00,DAI,5,DeFiLlama,1.0
2025-08-19 00:00:00+00:00,DAI,5,DeFiLlama,0.9996360000236209
2025-08-20 00:00:00+00:00,DAI,5,DeFiLlama,1.0
2025-08-21 00:00:00+00:00,DAI,5,DeFiLlama,0.9998359999640606
2025-08-22 00:00:00+00:00,DAI,5,DeFiLlama,0.9997929998856344
2025-08-23 00:00:00+00:00,DAI,5,DeFiLlama,1.0
2025-08-24 00:00:00+00:00,DAI,5,DeFiLlama,1.0
2025-08-25 00:00:00+00:00,DAI,5,DeFiLlama,0.9999629998953382
2025-08-26 00:00:00+00:00,DAI,5,DeFiLlama,0.9997459999189721
2025-08-27 00:00:00+00:00,DAI,5,DeFiLlama,0.9998559999973922
2025-08-28 00:00:00+00:00,DAI,5,DeFiLlama,0.9998650000958974
2025-08-29 00:00:00+00:00,DAI,5,DeFiLlama,0.9999100000521515
2025-08-30 00:00:00+00:00,DAI,5,DeFiLlama,0.999510999982727
2025-08-31 00:00:00+00:00,DAI,5,DeFiLlama,0.9996599998789645
2025-09-01 00:00:00+00:00,DAI,5,DeFiLlama,0.9999030000595952
2025-09-02 00:00:00+00:00,DAI,5,DeFiLlama,1.0
2025-09-03 00:00:00+00:00,DAI,5,DeFiLlama,0.9989699998790821
2025-09-04 00:00:00+00:00,DAI,5,DeFiLlama,1.0
2025-09-05 00:00:00+00:00,DAI,5,DeFiLlama,1.0
2025-09-06 00:00:00+00:00,DAI,5,DeFiLlama,0.9997140000903367
2025-09-07 00:00:00+00:00,DAI,5,DeFiLlama,0.9997819998942616
2025-09-08 00:00:00+00:00,DAI,5,DeFiLlama,0.99986099997548
2025-09-09 00:00:00+00:00,DAI,5,DeFiLlama,0.9997189998356173
2025-09-10 00:00:00+00:00,DAI,5,DeFiLlama,0.9996739999326058
2025-09-11 00:00:00+00:00,DAI,5,DeFiLlama,0.9994699998852062
2025-09-12 00:00:00+00:00,DAI,5,DeFiLlama,0.9999189999179424
2025-09-13 00:00:00+00:00,DAI,5,DeFiLlama,0.9999089999182303
2025-09-14 00:00:00+00:00,DAI,5,DeFiLlama,0.9998420000115245
2025-09-15 00:00:00+00:00,DAI,5,DeFiLlama,1.0
2025-09-16 00:00:00+00:00,DAI,5,DeFiLlama,0.9995399999794623
2025-09-17 00:00:00+00:00,DAI,5,DeFiLlama,0.9996139999154485
2025-09-18 00:00:00+00:00,DAI,5,DeFiLlama,0.99966199998242
2025-09-19 00:00:00+00:00,DAI,5,DeFiLlama,0.9992510000354443
2025-09-20 00:00:00+00:00,DAI,5,DeFiLlama,0.9997970000012648
2025-09-21 00:00:00+00:00,DAI,5,DeFiLlama,0.9998219999803396
2025-09-22 00:00:00+00:00,DAI,5,DeFiLlama,0.9998559999627269
2025-09-23 00:00:00+00:00,DAI,5,DeFiLlama,0.9993309999191362
2025-09-24 00:00:00+00:00,DAI,5,DeFiLlama,0.9978790000033219
2025-09-25 00:00:00+00:00,DAI,5,DeFiLlama,0.9992540000701837
2025-09-26 00:00:00+00:00,DAI,5,DeFiLlama,0.9981819999951461
2025-09-27 00:00:00+00:00,DAI,5,DeFiLlama,0.998947999974152
2025-09-28 00:00:00+00:00,DAI,5,DeFiLlama,0.9988060000255246
2025-09-29 00:00:00+00:00,DAI,5,DeFiLlama,1.0
2025-09-30 00:00:00+00:00,DAI,5,DeFiLlama,0.9994110001733778
2025-10-01 00:00:00+00:00,DAI,5,DeFiLlama,0.9987489998520582
2025-10-02 00:00:00+00:00,DAI,5,DeFiLlama,1.0000383870942207
2025-10-03 00:00:00+00:00,DAI,5,DeFiLlama,0.9997307902279969
2025-10-04 00:00:00+00:00,DAI,5,DeFiLlama,0.999157540936936
2025-10-05 00:00:00+00:00,DAI,5,DeFiLlama,0.999234289896854
2025-10-06 00:00:00+00:00,DAI,5,DeFiLlama,0.9991169842262986
2025-10-07 00:00:00+00:00,DAI,5,DeFiLlama,0.9998069136520573
2025-10-08 00:00:00+00:00,DAI,5,DeFiLlama,0.9992759168512274
2025-10-09 00:00:00+00:00,DAI,5,DeFiLlama,0.9991798481079007
2025-10-10 00:00:00+00:00,DAI,5,DeFiLlama,1.0006092814119587
2025-10-11 00:00:00+00:00,DAI,5,DeFiLlama,0.9980761987778228
2025-10-12 00:00:00+00:00,DAI,5,DeFiLlama,1.0004678477531963
2025-10-13 00:00:00+00:00,DAI,5,DeFiLlama,0.9990362776254383
2025-10-14 00:00:00+00:00,DAI,5,DeFiLlama,0.9998228711582872
2025-10-15 00:00:00+00:00,DAI,5,DeFiLlama,1.0005735550595631
2025-10-16 00:00:00+00:00,DAI,5,DeFiLlama,0.9988571258285046
2025-10-17 00:00:00+00:00,DAI,5,DeFiLlama,1.0004129904725247
2025-10-18 00:00:00+00:00,DAI,5,DeFiLlama,0.9989607657617999
2025-10-19 00:00:00+00:00,DAI,5,DeFiLlama,0.9989731027717006
2025-10-20 00:00:00+00:00,DAI,5,DeFiLlama,0.9993198140415049
2025-10-21 00:00:00+00:00,DAI,5,DeFiLlama,0.9998866186552253
2025-10-22 00:00:00+00:00,DAI,5,DeFiLlama,0.9989880445449197
2025-10-23 00:00:00+00:00,DAI,5,DeFiLlama,0.9993482141993921
2025-10-24 00:00:00+00:00,DAI,5,DeFiLlama,0.9987728931541322
2025-10-25 00:00:00+00:00,DAI,5,DeFiLlama,0.9995678871971229
2025-10-26 00:00:00+00:00,DAI,5,DeFiLlama,0.999561858150922
2025-10-27 00:00:00+00:00,DAI,5,DeFiLlama,0.999580526036097
2025-10-28 00:00:00+00:00,DAI,5,DeFiLlama,0.9997069754658561
2025-10-29 00:00:00+00:00,DAI,5,DeFiLlama,0.9997614785865222
2025-10-30 00:00:00+00:00,DAI,5,DeFiLlama,1.000087756065666
2025-10-31 00:00:00+00:00,DAI,5,DeFiLlama,0.998712410382347
2025-11-01 00:00:00+00:00,DAI,5,DeFiLlama,0.9990656402998522
2025-11-02 00:00:00+00:00,DAI,5,DeFiLlama,1.0002010347920638
2025-11-03 00:00:00+00:00,DAI,5,DeFiLlama,0.9989178523089745
2025-11-04 00:00:00+00:00,DAI,5,DeFiLlama,1.0007002045358144
2025-11-05 00:00:00+00:00,DAI,5,DeFiLlama,1.0000945686434721
2025-11-06 00:00:00+00:00,DAI,5,DeFiLlama,0.9996010820548898
2025-11-07 00:00:00+00:00,DAI,5,DeFiLlama,0.9999120539567752
2025-11-08 00:00:00+00:00,DAI,5,DeFiLlama,0.9996510611370899
2025-11-09 00:00:00+00:00,DAI,5,DeFiLlama,0.999746476924613
2025-11-10 00:00:00+00:00,DAI,5,DeFiLlama,0.9992677525555541
2025-11-11 00:00:00+00:00,DAI,5,DeFiLlama,0.9990623951492477
2025-11-12 00:00:00+00:00,DAI,5,DeFiLlama,0.9997543122911426
2025-11-13 00:00:00+00:00,DAI,5,DeFiLlama,0.9982981236297657
2025-11-14 00:00:00+00:00,DAI,5,DeFiLlama,1.000006711302604
2025-11-15 00:00:00+00:00,DAI,5,DeFiLlama,0.9994964517623313
2025-11-16 00:00:00+00:00,DAI,5,DeFiLlama,0.9989107637152284
2025-11-17 00:00:00+00:00,DAI,5,DeFiLlama,1.0002220018832841
2025-11-18 00:00:00+00:00,DAI,5,DeFiLlama,0.9996468188837538
2025-11-19 00:00:00+00:00,DAI,5,DeFiLlama,0.9993818284337606
2025-11-20 00:00:00+00:00,DAI,5,DeFiLlama,0.9996771623830564
2025-11-21 00:00:00+00:00,DAI,5,DeFiLlama,0.9990094263433992
2025-11-22 00:00:00+00:00,DAI,5,DeFiLlama,1.0004397544528418
2025-11-23 00:00:00+00:00,DAI,5,DeFiLlama,0.999893462466015
2025-11-24 00:00:00+00:00,DAI,5,DeFiLlama,0.9993344524049348
2025-11-25 00:00:00+00:00,DAI,5,DeFiLlama,1.0004728122192683
2025-11-26 00:00:00+00:00,DAI,5,DeFiLlama,0.9997736700491404
2025-11-27 00:00:00+00:00,DAI,5,DeFiLlama,1.000088604652735
2025-11-28 00:00:00+00:00,DAI,5,DeFiLlama,0.999300807431869
2025-11-29 00:00:00+00:00,DAI,5,DeFiLlama,0.9989602621384464
2025-11-30 00:00:00+00:00,DAI,5,DeFiLlama,0.9996449791355686
2025-12-01 00:00:00+00:00,DAI,5,DeFiLlama,0.9996697441192792
2025-12-02 00:00:00+00:00,DAI,5,DeFiLlama,0.9996582430743652
2025-12-03 00:00:00+00:00,DAI,5,DeFiLlama,1.00026062563273
2025-12-04 00:00:00+00:00,DAI,5,DeFiLlama,0.9996074856371441
2025-12-05 00:00:00+00:00,DAI,5,DeFiLlama,0.9993360688194063
2025-12-06 00:00:00+00:00,DAI,5,DeFiLlama,0.999694064794238
2025-12-07 00:00:00+00:00,DAI,5,DeFiLlama,0.9997967538457458
2025-12-08 00:00:00+00:00,DAI,5,DeFiLlama,0.9999614161725869
2025-12-09 00:00:00+00:00,DAI,5,DeFiLlama,0.9990366383645183
2025-12-10 00:00:00+00:00,DAI,5,DeFiLlama,0.999836888844728
2025-12-11 00:00:00+00:00,DAI,5,DeFiLlama,1.0006145159735567
2025-12-12 00:00:00+00:00,DAI,5,DeFiLlama,0.9999406610423
2025-12-13 00:00:00+00:00,DAI,5,DeFiLlama,0.9991800328024385
2025-12-14 00:00:00+00:00,DAI,5,DeFiLlama,0.9997485762631729
2025-12-15 00:00:00+00:00,DAI,5,DeFiLlama,0.9998534316126936
2025-12-16 00:00:00+00:00,DAI,5,DeFiLlama,0.9995442989124259
2025-12-17 00:00:00+00:00,DAI,5,DeFiLlama,0.9995102057505862
2025-12-18 00:00:00+00:00,DAI,5,DeFiLlama,0.9993729215808944
2025-12-19 00:00:00+00:00,DAI,5,DeFiLlama,0.9988735979309846
2025-12-20 00:00:00+00:00,DAI,5,DeFiLlama,1.0004018197310487
2025-12-21 00:00:00+00:00,DAI,5,DeFiLlama,0.9997437821203936
2025-12-22 00:00:00+00:00,DAI,5,DeFiLlama,0.9996911773965284
2025-12-23 00:00:00+00:00,DAI,5,DeFiLlama,0.9991021695799499
2025-12-24 00:00:00+00:00,DAI,5,DeFiLlama,1.0001949960255685
2025-12-25 00:00:00+00:00,DAI,5,DeFiLlama,0.9999183097738255
2025-12-26 00:00:00+00:00,DAI,5,DeFiLlama,0.9996960162421462
2025-12-27 00:00:00+00:00,DAI,5,DeFiLlama,0.9996430335875318
2025-12-28 00:00:00+00:00,DAI,5,DeFiLlama,0.999394095699855
2025-12-29 00:00:00+00:00,DAI,5,DeFiLlama,0.999404131784718
2025-12-30 00:00:00+00:00,DAI,5,DeFiLlama,0.9996757213485031
2025-12-31 00:00:00+00:00,DAI,5,DeFiLlama,0.998787090771517
2026-01-01 00:00:00+00:00,DAI,5,DeFiLlama,0.9990740351070081
2026-01-02 00:00:00+00:00,DAI,5,DeFiLlama,0.9992904578654479
2026-01-03 00:00:00+00:00,DAI,5,DeFiLlama,0.999299827107718
2026-01-04 00:00:00+00:00,DAI,5,DeFiLlama,0.9992745502942716
2026-01-05 00:00:00+00:00,DAI,5,DeFiLlama,0.9982470151708743
2026-01-06 00:00:00+00:00,DAI,5,DeFiLlama,0.9993898280442323
2026-01-07 00:00:00+00:00,DAI,5,DeFiLlama,0.9990796442055914
2026-01-08 00:00:00+00:00,DAI,5,DeFiLlama,0.9986318203810371
2026-01-09 00:00:00+00:00,DAI,5,DeFiLlama,0.9998886551834063
2026-01-10 00:00:00+00:00,DAI,5,DeFiLlama,0.9993145583679794
2026-01-11 00:00:00+00:00,DAI,5,DeFiLlama,0.9996524531740424
2026-01-12 00:00:00+00:00,DAI,5,DeFiLlama,0.9994903721853198
2026-01-13 00:00:00+00:00,DAI,5,DeFiLlama,0.9993778894172456
2026-01-14 00:00:00+00:00,DAI,5,DeFiLlama,1.0002215992719434
2026-01-15 00:00:00+00:00,DAI,5,DeFiLlama,0.9996231426510933
2026-01-16 00:00:00+00:00,DAI,5,DeFiLlama,0.9995523498703491
2026-01-17 00:00:00+00:00,DAI,5,DeFiLlama,0.9998668946774912
2026-01-18 00:00:00+00:00,DAI,5,DeFiLlama,0.999548970846048
2026-01-19 00:00:00+00:00,DAI,5,DeFiLlama,0.9997784620253647
2026-01-20 00:00:00+00:00,DAI,5,DeFiLlama,0.9993638865884739
2026-01-21 00:00:00+00:00,DAI,5,DeFiLlama,0.9998916971237286
2026-01-22 00:00:00+00:00,DAI,5,DeFiLlama,0.9989488578519163
2026-01-23 00:00:00+00:00,DAI,5,DeFiLlama,0.9995050454117874
2026-01-24 00:00:00+00:00,DAI,5,DeFiLlama,0.9996902526257397
2026-01-25 00:00:00+00:00,DAI,5,DeFiLlama,1.0000163792899521
2026-01-26 00:00:00+00:00,DAI,5,DeFiLlama,0.9994055975441907
2026-01-27 00:00:00+00:00,DAI,5,DeFiLlama,0.9992289478724307
2026-01-28 00:00:00+00:00,DAI,5,DeFiLlama,0.9992338006818376
2026-01-29 00:00:00+00:00,DAI,5,DeFiLlama,1.0005644518564325
2026-01-30 00:00:00+00:00,DAI,5,DeFiLlama,0.998929065549554
2026-01-31 00:00:00+00:00,DAI,5,DeFiLlama,0.999302057254868
2026-02-01 00:00:00+00:00,DAI,5,DeFiLlama,1.0000672495075864
2026-02-02 00:00:00+00:00,DAI,5,DeFiLlama,1.0002670875402042
2026-02-03 00:00:00+00:00,DAI,5,DeFiLlama,0.9990803060870519
2026-02-04 00:00:00+00:00,DAI,5,DeFiLlama,0.9991713446342497
2026-02-05 00:00:00+00:00,DAI,5,DeFiLlama,1.000898011419996
2026-02-06 00:00:00+00:00,DAI,5,DeFiLlama,0.9999225330621321
2026-02-07 00:00:00+00:00,DAI,5,DeFiLlama,0.9995244345728846
2026-02-08 00:00:00+00:00,DAI,5,DeFiLlama,1.0001304389053491
2026-02-09 00:00:00+00:00,DAI,5,DeFiLlama,0.9999167347069989
2026-02-10 00:00:00+00:00,DAI,5,DeFiLlama,0.999473737403757
2026-02-11 00:00:00+00:00,DAI,5,DeFiLlama,0.9998414407810318
2026-02-12 00:00:00+00:00,DAI,5,DeFiLlama,0.9998157852842823
2026-02-13 00:00:00+00:00,DAI,5,DeFiLlama,0.9998982750788203
2026-02-14 00:00:00+00:00,DAI,5,DeFiLlama,0.9996476034420178
2026-02-15 00:00:00+00:00,DAI,5,DeFiLlama,0.999702614457678
2026-02-16 00:00:00+00:00,DAI,5,DeFiLlama,1.000049438537433
2026-02-17 00:00:00+00:00,DAI,5,DeFiLlama,0.9998133368532196
2026-02-18 00:00:00+00:00,DAI,5,DeFiLlama,0.999708015854205
2026-02-19 00:00:00+00:00,DAI,5,DeFiLlama,0.9995353762296381
2026-02-20 00:00:00+00:00,DAI,5,DeFiLlama,0.9996624732554028
2026-02-21 00:00:00+00:00,DAI,5,DeFiLlama,0.9999630243837764
2026-02-22 00:00:00+00:00,DAI,5,DeFiLlama,0.9998030544074994
2026-02-23 00:00:00+00:00,DAI,5,DeFiLlama,0.9997765451046966
2026-02-24 00:00:00+00:00,DAI,5,DeFiLlama,0.9995188501446015
2026-02-25 00:00:00+00:00,DAI,5,DeFiLlama,0.9995774645058042
2026-02-26 00:00:00+00:00,DAI,5,DeFiLlama,0.9990616311013222
2026-02-27 00:00:00+00:00,DAI,5,DeFiLlama,0.9995350252759364
2026-02-28 00:00:00+00:00,DAI,5,DeFiLlama,1.000021043270943
2026-03-01 00:00:00+00:00,DAI,5,DeFiLlama,0.9989794054658478
2026-03-02 00:00:00+00:00,DAI,5,DeFiLlama,0.9987862369967415
2026-03-03 00:00:00+00:00,DAI,5,DeFiLlama,0.9993640759400044
2026-03-04 00:00:00+00:00,DAI,5,DeFiLlama,1.0002263606188495
2026-03-05 00:00:00+00:00,DAI,5,DeFiLlama,0.9997511230269089
2026-03-06 00:00:00+00:00,DAI,5,DeFiLlama,1.0000794517017138
2026-03-07 00:00:00+00:00,DAI,5,DeFiLlama,0.999846162388821
2026-03-08 00:00:00+00:00,DAI,5,DeFiLlama,0.9997693743373003
2026-03-09 00:00:00+00:00,DAI,5,DeFiLlama,1.0001530757170456
2026-03-10 00:00:00+00:00,DAI,5,DeFiLlama,0.999917622629765
2026-03-11 00:00:00+00:00,DAI,5,DeFiLlama,0.9999104101491549
2026-03-12 00:00:00+00:00,DAI,5,DeFiLlama,1.0000774050065335
2026-03-13 00:00:00+00:00,DAI,5,DeFiLlama,0.9998893786962563
2026-03-14 00:00:00+00:00,DAI,5,DeFiLlama,0.999938470610805
2026-03-15 00:00:00+00:00,DAI,5,DeFiLlama,0.999990917332833
2026-03-16 00:00:00+00:00,DAI,5,DeFiLlama,0.9999146367853649
2026-03-17 00:00:00+00:00,DAI,5,DeFiLlama,1.0000584597059148
2026-03-18 00:00:00+00:00,DAI,5,DeFiLlama,1.000025246745575
2026-03-19 00:00:00+00:00,DAI,5,DeFiLlama,0.99998765805624
2026-03-20 00:00:00+00:00,DAI,5,DeFiLlama,1.000037327874214
2026-03-21 00:00:00+00:00,DAI,5,DeFiLlama,0.9999737098217927
2026-03-22 00:00:00+00:00,DAI,5,DeFiLlama,0.9999282518174407
2026-03-23 00:00:00+00:00,DAI,5,DeFiLlama,0.9999526532118607
2026-03-24 00:00:00+00:00,DAI,5,DeFiLlama,0.9999105273262898
2026-03-25 00:00:00+00:00,DAI,5,DeFiLlama,0.9998151683355352
2026-03-26 00:00:00+00:00,DAI,5,DeFiLlama,0.9998836823165889
2026-03-27 00:00:00+00:00,DAI,5,DeFiLlama,0.9997855185895828
2026-03-28 00:00:00+00:00,DAI,5,DeFiLlama,0.9998305663020416
2026-03-29 00:00:00+00:00,DAI,5,DeFiLlama,0.9999335722214732
2026-03-30 00:00:00+00:00,DAI,5,DeFiLlama,0.9996902427130756
2026-03-31 00:00:00+00:00,DAI,5,DeFiLlama,0.9998156647769192
2026-04-01 00:00:00+00:00,DAI,5,DeFiLlama,0.9999539761492484
2026-04-02 00:00:00+00:00,DAI,5,DeFiLlama,1.0001058793742696
2026-04-03 00:00:00+00:00,DAI,5,DeFiLlama,0.9998898310127361
2026-04-04 00:00:00+00:00,DAI,5,DeFiLlama,0.9999892832214583
2026-04-05 00:00:00+00:00,DAI,5,DeFiLlama,1.0000660072177372
2026-04-06 00:00:00+00:00,DAI,5,DeFiLlama,0.9997855680179177
2026-04-07 00:00:00+00:00,DAI,5,DeFiLlama,0.9998589843613627
2026-04-08 00:00:00+00:00,DAI,5,DeFiLlama,0.9999099715173987
2026-04-09 00:00:00+00:00,DAI,5,DeFiLlama,0.9993090845109316
2026-04-10 00:00:00+00:00,DAI,5,DeFiLlama,0.9976154918005915
2026-04-11 00:00:00+00:00,DAI,5,DeFiLlama,1.000270067144339
2026-04-12 00:00:00+00:00,DAI,5,DeFiLlama,1.0025370136964618
2026-04-13 00:00:00+00:00,DAI,5,DeFiLlama,0.9998319986391574
2026-04-14 00:00:00+00:00,DAI,5,DeFiLlama,0.9993804843199814
2026-04-15 00:00:00+00:00,DAI,5,DeFiLlama,0.9993455739120123
2026-04-16 00:00:00+00:00,DAI,5,DeFiLlama,1.0001390069601843
2026-04-17 00:00:00+00:00,DAI,5,DeFiLlama,0.9998624028553714
2026-04-18 00:00:00+00:00,DAI,5,DeFiLlama,0.9996717722285001
2026-04-19 00:00:00+00:00,DAI,5,DeFiLlama,0.9995677745491041
2026-04-20 00:00:00+00:00,DAI,5,DeFiLlama,0.9995580970396405
2026-04-21 00:00:00+00:00,DAI,5,DeFiLlama,0.9996752877474273
2026-04-22 00:00:00+00:00,DAI,5,DeFiLlama,0.999651760151109
2026-04-23 00:00:00+00:00,DAI,5,DeFiLlama,0.9997258084112826
2026-04-24 00:00:00+00:00,DAI,5,DeFiLlama,0.9995946353240921
2026-04-25 00:00:00+00:00,DAI,5,DeFiLlama,0.9997616476185573
2026-04-26 00:00:00+00:00,DAI,5,DeFiLlama,0.9996363337065006
2026-04-27 00:00:00+00:00,DAI,5,DeFiLlama,0.9996661576084308
2026-04-28 00:00:00+00:00,DAI,5,DeFiLlama,0.9997566484560798
2026-04-29 00:00:00+00:00,DAI,5,DeFiLlama,0.9993688363552194
2026-04-30 00:00:00+00:00,DAI,5,DeFiLlama,0.9996982022980626
2026-05-01 00:00:00+00:00,DAI,5,DeFiLlama,0.9998368850857567
2026-05-02 00:00:00+00:00,DAI,5,DeFiLlama,0.9997523324013096
2026-05-03 00:00:00+00:00,DAI,5,DeFiLlama,0.9998216157615348
2026-05-04 00:00:00+00:00,DAI,5,DeFiLlama,0.9996991513247376
2026-05-05 00:00:00+00:00,DAI,5,DeFiLlama,0.999385385442294
2026-05-06 00:00:00+00:00,DAI,5,DeFiLlama,0.9997293933226442
2026-05-07 00:00:00+00:00,DAI,5,DeFiLlama,1.000062635555607
2026-05-08 00:00:00+00:00,DAI,5,DeFiLlama,0.9995575514297717
2026-05-09 00:00:00+00:00,DAI,5,DeFiLlama,0.9995329191126311
2026-05-10 00:00:00+00:00,DAI,5,DeFiLlama,0.9996700570712396
2026-05-11 00:00:00+00:00,DAI,5,DeFiLlama,0.9996700571693069
2026-05-12 00:00:00+00:00,DAI,5,DeFiLlama,0.9997229506517591
2026-05-13 00:00:00+00:00,DAI,5,DeFiLlama,0.9996929269291306
2026-05-14 00:00:00+00:00,DAI,5,DeFiLlama,0.9997027472072779
2026-05-15 00:00:00+00:00,DAI,5,DeFiLlama,0.9995386647597507
2026-05-16 00:00:00+00:00,DAI,5,DeFiLlama,0.9997470602304681
2026-05-17 00:00:00+00:00,DAI,5,DeFiLlama,0.9996920049004296
2026-05-18 00:00:00+00:00,DAI,5,DeFiLlama,0.9996154366015483
2026-05-19 00:00:00+00:00,DAI,5,DeFiLlama,0.9995026705995856
2026-05-20 00:00:00+00:00,DAI,5,DeFiLlama,0.9996370759306636
2026-05-21 00:00:00+00:00,DAI,5,DeFiLlama,0.9996904003522219
2026-05-22 00:00:00+00:00,DAI,5,DeFiLlama,0.9995265018066531
2026-05-23 00:00:00+00:00,DAI,5,DeFiLlama,0.9996237597900568
2026-05-24 00:00:00+00:00,DAI,5,DeFiLlama,0.9996256019269717
2026-05-25 00:00:00+00:00,DAI,5,DeFiLlama,0.9995277728901725
2026-05-26 00:00:00+00:00,DAI,5,DeFiLlama,0.999636042470052
2026-05-27 00:00:00+00:00,DAI,5,DeFiLlama,0.9997103379208616
2026-05-28 00:00:00+00:00,DAI,5,DeFiLlama,0.999605800457632
2026-05-29 00:00:00+00:00,DAI,5,DeFiLlama,0.9995917244968439
2026-05-30 00:00:00+00:00,DAI,5,DeFiLlama,0.9996604524995405
2026-05-31 00:00:00+00:00,DAI,5,DeFiLlama,0.9994947876989807
2026-06-01 00:00:00+00:00,DAI,5,DeFiLlama,0.9995947072786334
2026-06-02 00:00:00+00:00,DAI,5,DeFiLlama,0.9996410733487272
2026-06-03 00:00:00+00:00,DAI,5,DeFiLlama,0.9995808267398157
2026-06-04 00:00:00+00:00,DAI,5,DeFiLlama,0.9996367681341114
2026-06-05 00:00:00+00:00,DAI,5,DeFiLlama,0.9995823436020366
2026-06-06 00:00:00+00:00,DAI,5,DeFiLlama,0.9994478304873822
2026-06-07 00:00:00+00:00,DAI,5,DeFiLlama,0.9995991995508228
2026-06-08 00:00:00+00:00,DAI,5,DeFiLlama,0.9996374333779243
2026-06-09 00:00:00+00:00,DAI,5,DeFiLlama,0.9997408117311274
2026-06-10 00:00:00+00:00,DAI,5,DeFiLlama,0.9996388843483286
2026-06-11 00:00:00+00:00,DAI,5,DeFiLlama,0.9996836550870953
2026-06-12 00:00:00+00:00,DAI,5,DeFiLlama,0.9997913624917247
2026-06-13 00:00:00+00:00,DAI,5,DeFiLlama,0.9997091899848515
2026-06-14 00:00:00+00:00,DAI,5,DeFiLlama,0.9996567048159566
2026-06-15 00:00:00+00:00,DAI,5,DeFiLlama,0.9998362315992669
2026-06-16 00:00:00+00:00,DAI,5,DeFiLlama,0.9997828728849301
2026-06-17 00:00:00+00:00,DAI,5,DeFiLlama,0.9998838649137198
2026-06-18 00:00:00+00:00,DAI,5,DeFiLlama,0.999903122426697
2026-06-19 00:00:00+00:00,DAI,5,DeFiLlama,0.9996225103494965
2026-06-20 00:00:00+00:00,DAI,5,DeFiLlama,0.9995984217155173
2026-06-21 00:00:00+00:00,DAI,5,DeFiLlama,0.9996801385656371
2026-06-22 00:00:00+00:00,DAI,5,DeFiLlama,0.99970409252925
2026-06-23 00:00:00+00:00,DAI,5,DeFiLlama,0.9995598448595366
2026-06-24 00:00:00+00:00,DAI,5,DeFiLlama,0.9995458320238108
2026-06-25 00:00:00+00:00,DAI,5,DeFiLlama,0.999700303079239
2026-06-26 00:00:00+00:00,DAI,5,DeFiLlama,0.9995212037925764
2026-06-27 00:00:00+00:00,DAI,5,DeFiLlama,0.9996345283224984
2026-06-28 00:00:00+00:00,DAI,5,DeFiLlama,0.9996947630491649
2026-06-29 00:00:00+00:00,DAI,5,DeFiLlama,0.9997311285706972
2026-06-30 00:00:00+00:00,DAI,5,DeFiLlama,0.9995212617403888
2026-07-01 00:00:00+00:00,DAI,5,DeFiLlama,0.9996817873829478
2026-07-02 00:00:00+00:00,DAI,5,DeFiLlama,0.9997252682292789
2026-07-03 00:00:00+00:00,DAI,5,DeFiLlama,0.9999317504477907
2026-07-04 00:00:00+00:00,DAI,5,DeFiLlama,0.9999334177449813
2026-07-05 00:00:00+00:00,DAI,5,DeFiLlama,0.999566568508708
2026-07-06 00:00:00+00:00,DAI,5,DeFiLlama,0.9996122513431354
2026-07-07 00:00:00+00:00,DAI,5,DeFiLlama,0.9996228172328323
2026-07-08 00:00:00+00:00,DAI,5,DeFiLlama,0.9998995205123727
2026-07-09 00:00:00+00:00,DAI,5,DeFiLlama,0.9999451545752122
2026-07-10 00:00:00+00:00,DAI,5,DeFiLlama,0.9996838657903844
2026-07-11 00:00:00+00:00,DAI,5,DeFiLlama,0.9996211170676055
2026-07-12 00:00:00+00:00,DAI,5,DeFiLlama,0.9996391140110538
2026-07-13 00:00:00+00:00,DAI,5,DeFiLlama,0.9996339376382928
2026-07-14 00:00:00+00:00,DAI,5,DeFiLlama,0.9999418160324769
2026-07-15 00:00:00+00:00,DAI,5,DeFiLlama,0.9996299090991139
2026-07-16 00:00:00+00:00,DAI,5,DeFiLlama,0.9998645149402158
2026-07-17 00:00:00+00:00,DAI,5,DeFiLlama,0.9998191802333307
2026-07-18 00:00:00+00:00,DAI,5,DeFiLlama,0.9996922517428415
2026-07-19 00:00:00+00:00,DAI,5,DeFiLlama,0.999852139929231
2026-07-20 00:00:00+00:00,DAI,5,DeFiLlama,0.9998010027874863
2026-07-21 00:00:00+00:00,DAI,5,DeFiLlama,0.9997273508441752
2026-07-22 00:00:00+00:00,DAI,5,DeFiLlama,1.0000036736206204
2026-07-23 00:00:00+00:00,DAI,5,DeFiLlama,0.9999474451521555
2026-07-24 00:00:00+00:00,DAI,5,DeFiLlama,0.999966297682012
2026-07-25 00:00:00+00:00,DAI,5,DeFiLlama,1.000005962939026
2026-07-26 00:00:00+00:00,DAI,5,DeFiLlama,0.9997332665751802
2026-07-27 00:00:00+00:00,DAI,5,DeFiLlama,0.9999870621040549
2026-07-28 00:00:00+00:00,DAI,5,DeFiLlama,0.9998123574331866
