Date,Symbol,DeFiLlama_ID,Source,Market_Cap_USD
2018-09-11 00:00:00+00:00,USDC,2,DeFiLlama,2.0
2018-09-12 00:00:00+00:00,USDC,2,DeFiLlama,2.0
2018-09-13 00:00:00+00:00,USDC,2,DeFiLlama,3.0
2018-09-14 00:00:00+00:00,USDC,2,DeFiLlama,3.0
2018-09-15 00:00:00+00:00,USDC,2,DeFiLlama,3.0
2018-09-16 00:00:00+00:00,USDC,2,DeFiLlama,3.0
2018-09-17 00:00:00+00:00,USDC,2,DeFiLlama,3.0
2018-09-18 00:00:00+00:00,USDC,2,DeFiLlama,3.0
2018-09-19 00:00:00+00:00,USDC,2,DeFiLlama,3.0
2018-09-20 00:00:00+00:00,USDC,2,DeFiLlama,3.0
2018-09-21 00:00:00+00:00,USDC,2,DeFiLlama,3.0
2018-09-22 00:00:00+00:00,USDC,2,DeFiLlama,3.0
2018-09-23 00:00:00+00:00,USDC,2,DeFiLlama,4.0
2018-09-24 00:00:00+00:00,USDC,2,DeFiLlama,4.0
2018-09-25 00:00:00+00:00,USDC,2,DeFiLlama,8.0
2018-09-26 00:00:00+00:00,USDC,2,DeFiLlama,10.0
2018-09-27 00:00:00+00:00,USDC,2,DeFiLlama,2116576.0
2018-09-28 00:00:00+00:00,USDC,2,DeFiLlama,3120261.0
2018-09-29 00:00:00+00:00,USDC,2,DeFiLlama,3120683.0
2018-09-30 00:00:00+00:00,USDC,2,DeFiLlama,3120934.0
2018-10-01 00:00:00+00:00,USDC,2,DeFiLlama,3121224.0
2018-10-02 00:00:00+00:00,USDC,2,DeFiLlama,5133331.0
2018-10-03 00:00:00+00:00,USDC,2,DeFiLlama,5133331.0
2018-10-04 00:00:00+00:00,USDC,2,DeFiLlama,6137591.0
2018-10-05 00:00:00+00:00,USDC,2,DeFiLlama,8144092.0
2018-10-06 00:00:00+00:00,USDC,2,DeFiLlama,10376540.0
2018-10-07 00:00:00+00:00,USDC,2,DeFiLlama,10376540.0
2018-10-08 00:00:00+00:00,USDC,2,DeFiLlama,10376540.0
2018-10-09 00:00:00+00:00,USDC,2,DeFiLlama,10376509.0
2018-10-10 00:00:00+00:00,USDC,2,DeFiLlama,10779793.0
2018-10-11 00:00:00+00:00,USDC,2,DeFiLlama,10786625.0
2018-10-12 00:00:00+00:00,USDC,2,DeFiLlama,11014937.0
2018-10-13 00:00:00+00:00,USDC,2,DeFiLlama,12219025.0
2018-10-14 00:00:00+00:00,USDC,2,DeFiLlama,12220028.0
2018-10-15 00:00:00+00:00,USDC,2,DeFiLlama,12220028.0
2018-10-16 00:00:00+00:00,USDC,2,DeFiLlama,23881929.0
2018-10-17 00:00:00+00:00,USDC,2,DeFiLlama,23891430.0
2018-10-18 00:00:00+00:00,USDC,2,DeFiLlama,23895533.0
2018-10-19 00:00:00+00:00,USDC,2,DeFiLlama,23911409.0
2018-10-20 00:00:00+00:00,USDC,2,DeFiLlama,23914234.0
2018-10-21 00:00:00+00:00,USDC,2,DeFiLlama,23920123.0
2018-10-22 00:00:00+00:00,USDC,2,DeFiLlama,23920123.0
2018-10-23 00:00:00+00:00,USDC,2,DeFiLlama,33838981.0
2018-10-24 00:00:00+00:00,USDC,2,DeFiLlama,85027022.0
2018-10-25 00:00:00+00:00,USDC,2,DeFiLlama,124765932.0
2018-10-26 00:00:00+00:00,USDC,2,DeFiLlama,124770949.0
2018-10-27 00:00:00+00:00,USDC,2,DeFiLlama,124669249.0
2018-10-28 00:00:00+00:00,USDC,2,DeFiLlama,124644437.0
2018-10-29 00:00:00+00:00,USDC,2,DeFiLlama,124619544.0
2018-10-30 00:00:00+00:00,USDC,2,DeFiLlama,125632439.0
2018-10-31 00:00:00+00:00,USDC,2,DeFiLlama,127784510.0
2018-11-01 00:00:00+00:00,USDC,2,DeFiLlama,127782467.0
2018-11-02 00:00:00+00:00,USDC,2,DeFiLlama,127702135.0
2018-11-03 00:00:00+00:00,USDC,2,DeFiLlama,132703633.0
2018-11-04 00:00:00+00:00,USDC,2,DeFiLlama,132694495.0
2018-11-05 00:00:00+00:00,USDC,2,DeFiLlama,132669413.0
2018-11-06 00:00:00+00:00,USDC,2,DeFiLlama,134653926.0
2018-11-07 00:00:00+00:00,USDC,2,DeFiLlama,134642782.0
2018-11-08 00:00:00+00:00,USDC,2,DeFiLlama,134710902.0
2018-11-09 00:00:00+00:00,USDC,2,DeFiLlama,134509112.0
2018-11-10 00:00:00+00:00,USDC,2,DeFiLlama,134515633.0
2018-11-11 00:00:00+00:00,USDC,2,DeFiLlama,134515633.0
2018-11-12 00:00:00+00:00,USDC,2,DeFiLlama,134540720.0
2018-11-13 00:00:00+00:00,USDC,2,DeFiLlama,134260874.0
2018-11-14 00:00:00+00:00,USDC,2,DeFiLlama,139285372.0
2018-11-15 00:00:00+00:00,USDC,2,DeFiLlama,143121878.0
2018-11-16 00:00:00+00:00,USDC,2,DeFiLlama,143647759.0
2018-11-17 00:00:00+00:00,USDC,2,DeFiLlama,143188341.0
2018-11-18 00:00:00+00:00,USDC,2,DeFiLlama,143246117.0
2018-11-19 00:00:00+00:00,USDC,2,DeFiLlama,143246226.0
2018-11-20 00:00:00+00:00,USDC,2,DeFiLlama,143025259.0
2018-11-21 00:00:00+00:00,USDC,2,DeFiLlama,157158215.0
2018-11-22 00:00:00+00:00,USDC,2,DeFiLlama,163287455.0
2018-11-23 00:00:00+00:00,USDC,2,DeFiLlama,163537345.0
2018-11-24 00:00:00+00:00,USDC,2,DeFiLlama,166556455.0
2018-11-25 00:00:00+00:00,USDC,2,DeFiLlama,166684382.0
2018-11-26 00:00:00+00:00,USDC,2,DeFiLlama,166628551.0
2018-11-27 00:00:00+00:00,USDC,2,DeFiLlama,166386127.0
2018-11-28 00:00:00+00:00,USDC,2,DeFiLlama,169225885.0
2018-11-29 00:00:00+00:00,USDC,2,DeFiLlama,172257386.0
2018-11-30 00:00:00+00:00,USDC,2,DeFiLlama,177219136.0
2018-12-01 00:00:00+00:00,USDC,2,DeFiLlama,177096907.0
2018-12-02 00:00:00+00:00,USDC,2,DeFiLlama,177096952.0
2018-12-03 00:00:00+00:00,USDC,2,DeFiLlama,177097955.0
2018-12-04 00:00:00+00:00,USDC,2,DeFiLlama,177013382.0
2018-12-05 00:00:00+00:00,USDC,2,DeFiLlama,177175829.0
2018-12-06 00:00:00+00:00,USDC,2,DeFiLlama,178667406.0
2018-12-07 00:00:00+00:00,USDC,2,DeFiLlama,181772957.0
2018-12-08 00:00:00+00:00,USDC,2,DeFiLlama,185502881.0
2018-12-09 00:00:00+00:00,USDC,2,DeFiLlama,185620562.0
2018-12-10 00:00:00+00:00,USDC,2,DeFiLlama,185596486.0
2018-12-11 00:00:00+00:00,USDC,2,DeFiLlama,190594802.0
2018-12-12 00:00:00+00:00,USDC,2,DeFiLlama,190030202.0
2018-12-13 00:00:00+00:00,USDC,2,DeFiLlama,192180573.0
2018-12-14 00:00:00+00:00,USDC,2,DeFiLlama,193555923.0
2018-12-15 00:00:00+00:00,USDC,2,DeFiLlama,202236300.0
2018-12-16 00:00:00+00:00,USDC,2,DeFiLlama,202488961.0
2018-12-17 00:00:00+00:00,USDC,2,DeFiLlama,202473351.0
2018-12-18 00:00:00+00:00,USDC,2,DeFiLlama,212184505.0
2018-12-19 00:00:00+00:00,USDC,2,DeFiLlama,214709256.0
2018-12-20 00:00:00+00:00,USDC,2,DeFiLlama,223626912.0
2018-12-21 00:00:00+00:00,USDC,2,DeFiLlama,226927283.0
2018-12-22 00:00:00+00:00,USDC,2,DeFiLlama,228765083.0
2018-12-23 00:00:00+00:00,USDC,2,DeFiLlama,228737894.0
2018-12-24 00:00:00+00:00,USDC,2,DeFiLlama,228714003.0
2018-12-25 00:00:00+00:00,USDC,2,DeFiLlama,228336039.0
2018-12-26 00:00:00+00:00,USDC,2,DeFiLlama,228381592.0
2018-12-27 00:00:00+00:00,USDC,2,DeFiLlama,228381429.0
2018-12-28 00:00:00+00:00,USDC,2,DeFiLlama,237877453.0
2018-12-29 00:00:00+00:00,USDC,2,DeFiLlama,242346588.0
2018-12-30 00:00:00+00:00,USDC,2,DeFiLlama,246895675.0
2018-12-31 00:00:00+00:00,USDC,2,DeFiLlama,246952800.0
2019-01-01 00:00:00+00:00,USDC,2,DeFiLlama,250911136.0
2019-01-02 00:00:00+00:00,USDC,2,DeFiLlama,258772349.0
2019-01-03 00:00:00+00:00,USDC,2,DeFiLlama,285097452.0
2019-01-04 00:00:00+00:00,USDC,2,DeFiLlama,287809443.0
2019-01-05 00:00:00+00:00,USDC,2,DeFiLlama,292204097.0
2019-01-06 00:00:00+00:00,USDC,2,DeFiLlama,292173122.0
2019-01-07 00:00:00+00:00,USDC,2,DeFiLlama,303337117.0
2019-01-08 00:00:00+00:00,USDC,2,DeFiLlama,315910983.0
2019-01-09 00:00:00+00:00,USDC,2,DeFiLlama,325633580.0
2019-01-10 00:00:00+00:00,USDC,2,DeFiLlama,343395349.0
2019-01-11 00:00:00+00:00,USDC,2,DeFiLlama,345969388.0
2019-01-12 00:00:00+00:00,USDC,2,DeFiLlama,352739890.0
2019-01-13 00:00:00+00:00,USDC,2,DeFiLlama,362217988.0
2019-01-14 00:00:00+00:00,USDC,2,DeFiLlama,369520847.0
2019-01-15 00:00:00+00:00,USDC,2,DeFiLlama,362178368.0
2019-01-16 00:00:00+00:00,USDC,2,DeFiLlama,357621419.0
2019-01-17 00:00:00+00:00,USDC,2,DeFiLlama,318615342.0
2019-01-18 00:00:00+00:00,USDC,2,DeFiLlama,314493552.0
2019-01-19 00:00:00+00:00,USDC,2,DeFiLlama,323215668.0
2019-01-20 00:00:00+00:00,USDC,2,DeFiLlama,323212540.0
2019-01-21 00:00:00+00:00,USDC,2,DeFiLlama,323169645.0
2019-01-22 00:00:00+00:00,USDC,2,DeFiLlama,325790510.0
2019-01-23 00:00:00+00:00,USDC,2,DeFiLlama,330794744.0
2019-01-24 00:00:00+00:00,USDC,2,DeFiLlama,313722167.0
2019-01-25 00:00:00+00:00,USDC,2,DeFiLlama,321153903.0
2019-01-26 00:00:00+00:00,USDC,2,DeFiLlama,323971429.0
2019-01-27 00:00:00+00:00,USDC,2,DeFiLlama,323775897.0
2019-01-28 00:00:00+00:00,USDC,2,DeFiLlama,330081800.0
2019-01-29 00:00:00+00:00,USDC,2,DeFiLlama,315440748.0
2019-01-30 00:00:00+00:00,USDC,2,DeFiLlama,315144933.0
2019-01-31 00:00:00+00:00,USDC,2,DeFiLlama,315064204.0
2019-02-01 00:00:00+00:00,USDC,2,DeFiLlama,295086670.0
2019-02-02 00:00:00+00:00,USDC,2,DeFiLlama,299332842.0
2019-02-03 00:00:00+00:00,USDC,2,DeFiLlama,299281070.0
2019-02-04 00:00:00+00:00,USDC,2,DeFiLlama,299265425.0
2019-02-05 00:00:00+00:00,USDC,2,DeFiLlama,289460230.0
2019-02-06 00:00:00+00:00,USDC,2,DeFiLlama,289474252.0
2019-02-07 00:00:00+00:00,USDC,2,DeFiLlama,289084344.0
2019-02-08 00:00:00+00:00,USDC,2,DeFiLlama,273974573.0
2019-02-09 00:00:00+00:00,USDC,2,DeFiLlama,258968345.0
2019-02-10 00:00:00+00:00,USDC,2,DeFiLlama,259396555.0
2019-02-11 00:00:00+00:00,USDC,2,DeFiLlama,259139931.0
2019-02-12 00:00:00+00:00,USDC,2,DeFiLlama,258858495.0
2019-02-13 00:00:00+00:00,USDC,2,DeFiLlama,259119420.0
2019-02-14 00:00:00+00:00,USDC,2,DeFiLlama,244824744.0
2019-02-15 00:00:00+00:00,USDC,2,DeFiLlama,244599047.0
2019-02-16 00:00:00+00:00,USDC,2,DeFiLlama,245226656.0
2019-02-17 00:00:00+00:00,USDC,2,DeFiLlama,245125049.0
2019-02-18 00:00:00+00:00,USDC,2,DeFiLlama,245110553.0
2019-02-19 00:00:00+00:00,USDC,2,DeFiLlama,245232047.0
2019-02-20 00:00:00+00:00,USDC,2,DeFiLlama,245216403.0
2019-02-21 00:00:00+00:00,USDC,2,DeFiLlama,246251884.0
2019-02-22 00:00:00+00:00,USDC,2,DeFiLlama,231121866.0
2019-02-23 00:00:00+00:00,USDC,2,DeFiLlama,230782510.0
2019-02-24 00:00:00+00:00,USDC,2,DeFiLlama,231077318.0
2019-02-25 00:00:00+00:00,USDC,2,DeFiLlama,231105609.0
2019-02-26 00:00:00+00:00,USDC,2,DeFiLlama,231955508.0
2019-02-27 00:00:00+00:00,USDC,2,DeFiLlama,234197371.0
2019-02-28 00:00:00+00:00,USDC,2,DeFiLlama,236349869.0
2019-03-01 00:00:00+00:00,USDC,2,DeFiLlama,237169339.0
2019-03-02 00:00:00+00:00,USDC,2,DeFiLlama,239878627.0
2019-03-03 00:00:00+00:00,USDC,2,DeFiLlama,240393569.0
2019-03-04 00:00:00+00:00,USDC,2,DeFiLlama,240385775.0
2019-03-05 00:00:00+00:00,USDC,2,DeFiLlama,241268069.0
2019-03-06 00:00:00+00:00,USDC,2,DeFiLlama,241963943.0
2019-03-07 00:00:00+00:00,USDC,2,DeFiLlama,242584473.0
2019-03-08 00:00:00+00:00,USDC,2,DeFiLlama,231989903.0
2019-03-09 00:00:00+00:00,USDC,2,DeFiLlama,238053957.0
2019-03-10 00:00:00+00:00,USDC,2,DeFiLlama,238101319.0
2019-03-11 00:00:00+00:00,USDC,2,DeFiLlama,238086651.0
2019-03-12 00:00:00+00:00,USDC,2,DeFiLlama,241215335.0
2019-03-13 00:00:00+00:00,USDC,2,DeFiLlama,241229836.0
2019-03-14 00:00:00+00:00,USDC,2,DeFiLlama,241214314.0
2019-03-15 00:00:00+00:00,USDC,2,DeFiLlama,241305743.0
2019-03-16 00:00:00+00:00,USDC,2,DeFiLlama,240133333.0
2019-03-17 00:00:00+00:00,USDC,2,DeFiLlama,240132802.0
2019-03-18 00:00:00+00:00,USDC,2,DeFiLlama,240115487.0
2019-03-19 00:00:00+00:00,USDC,2,DeFiLlama,240510645.0
2019-03-20 00:00:00+00:00,USDC,2,DeFiLlama,240708783.0
2019-03-21 00:00:00+00:00,USDC,2,DeFiLlama,241267808.0
2019-03-22 00:00:00+00:00,USDC,2,DeFiLlama,244388227.0
2019-03-23 00:00:00+00:00,USDC,2,DeFiLlama,245210747.0
2019-03-24 00:00:00+00:00,USDC,2,DeFiLlama,245679398.0
2019-03-25 00:00:00+00:00,USDC,2,DeFiLlama,246058766.0
2019-03-26 00:00:00+00:00,USDC,2,DeFiLlama,246955833.0
2019-03-27 00:00:00+00:00,USDC,2,DeFiLlama,246187821.0
2019-03-28 00:00:00+00:00,USDC,2,DeFiLlama,246491292.0
2019-03-29 00:00:00+00:00,USDC,2,DeFiLlama,246949543.0
2019-03-30 00:00:00+00:00,USDC,2,DeFiLlama,247114212.0
2019-03-31 00:00:00+00:00,USDC,2,DeFiLlama,246798698.0
2019-04-01 00:00:00+00:00,USDC,2,DeFiLlama,246712494.0
2019-04-02 00:00:00+00:00,USDC,2,DeFiLlama,253456793.0
2019-04-03 00:00:00+00:00,USDC,2,DeFiLlama,257504535.0
2019-04-04 00:00:00+00:00,USDC,2,DeFiLlama,257098819.0
2019-04-05 00:00:00+00:00,USDC,2,DeFiLlama,257944751.0
2019-04-06 00:00:00+00:00,USDC,2,DeFiLlama,261290626.0
2019-04-07 00:00:00+00:00,USDC,2,DeFiLlama,261303345.0
2019-04-08 00:00:00+00:00,USDC,2,DeFiLlama,261497030.0
2019-04-09 00:00:00+00:00,USDC,2,DeFiLlama,261833120.0
2019-04-10 00:00:00+00:00,USDC,2,DeFiLlama,267034706.0
2019-04-11 00:00:00+00:00,USDC,2,DeFiLlama,263600107.0
2019-04-12 00:00:00+00:00,USDC,2,DeFiLlama,259896856.0
2019-04-13 00:00:00+00:00,USDC,2,DeFiLlama,260101691.0
2019-04-14 00:00:00+00:00,USDC,2,DeFiLlama,260289788.0
2019-04-15 00:00:00+00:00,USDC,2,DeFiLlama,260300768.0
2019-04-16 00:00:00+00:00,USDC,2,DeFiLlama,260239180.0
2019-04-17 00:00:00+00:00,USDC,2,DeFiLlama,260153470.0
2019-04-18 00:00:00+00:00,USDC,2,DeFiLlama,256746812.0
2019-04-19 00:00:00+00:00,USDC,2,DeFiLlama,252841038.0
2019-04-20 00:00:00+00:00,USDC,2,DeFiLlama,252827620.0
2019-04-21 00:00:00+00:00,USDC,2,DeFiLlama,252810824.0
2019-04-22 00:00:00+00:00,USDC,2,DeFiLlama,252179533.0
2019-04-23 00:00:00+00:00,USDC,2,DeFiLlama,252564590.0
2019-04-24 00:00:00+00:00,USDC,2,DeFiLlama,252589497.0
2019-04-25 00:00:00+00:00,USDC,2,DeFiLlama,252975692.0
2019-04-26 00:00:00+00:00,USDC,2,DeFiLlama,256999156.0
2019-04-27 00:00:00+00:00,USDC,2,DeFiLlama,262712908.0
2019-04-28 00:00:00+00:00,USDC,2,DeFiLlama,292804665.0
2019-04-29 00:00:00+00:00,USDC,2,DeFiLlama,292582470.0
2019-04-30 00:00:00+00:00,USDC,2,DeFiLlama,292543348.0
2019-05-01 00:00:00+00:00,USDC,2,DeFiLlama,292644959.0
2019-05-02 00:00:00+00:00,USDC,2,DeFiLlama,294548125.0
2019-05-03 00:00:00+00:00,USDC,2,DeFiLlama,293862968.0
2019-05-04 00:00:00+00:00,USDC,2,DeFiLlama,296435262.0
2019-05-05 00:00:00+00:00,USDC,2,DeFiLlama,299662812.0
2019-05-06 00:00:00+00:00,USDC,2,DeFiLlama,300438532.0
2019-05-07 00:00:00+00:00,USDC,2,DeFiLlama,302718840.0
2019-05-08 00:00:00+00:00,USDC,2,DeFiLlama,307399108.0
2019-05-09 00:00:00+00:00,USDC,2,DeFiLlama,314336744.0
2019-05-10 00:00:00+00:00,USDC,2,DeFiLlama,325289808.0
2019-05-11 00:00:00+00:00,USDC,2,DeFiLlama,327492394.0
2019-05-12 00:00:00+00:00,USDC,2,DeFiLlama,328186165.0
2019-05-13 00:00:00+00:00,USDC,2,DeFiLlama,328181528.0
2019-05-14 00:00:00+00:00,USDC,2,DeFiLlama,338303837.0
2019-05-15 00:00:00+00:00,USDC,2,DeFiLlama,348641698.0
2019-05-16 00:00:00+00:00,USDC,2,DeFiLlama,352781923.0
2019-05-17 00:00:00+00:00,USDC,2,DeFiLlama,357419332.0
2019-05-18 00:00:00+00:00,USDC,2,DeFiLlama,359680545.0
2019-05-19 00:00:00+00:00,USDC,2,DeFiLlama,359568155.0
2019-05-20 00:00:00+00:00,USDC,2,DeFiLlama,358848872.0
2019-05-21 00:00:00+00:00,USDC,2,DeFiLlama,359021710.0
2019-05-22 00:00:00+00:00,USDC,2,DeFiLlama,359615815.0
2019-05-23 00:00:00+00:00,USDC,2,DeFiLlama,360806874.0
2019-05-24 00:00:00+00:00,USDC,2,DeFiLlama,360734525.0
2019-05-25 00:00:00+00:00,USDC,2,DeFiLlama,360936263.0
2019-05-26 00:00:00+00:00,USDC,2,DeFiLlama,362780441.0
2019-05-27 00:00:00+00:00,USDC,2,DeFiLlama,363299359.0
2019-05-28 00:00:00+00:00,USDC,2,DeFiLlama,362707803.0
2019-05-29 00:00:00+00:00,USDC,2,DeFiLlama,361444536.0
2019-05-30 00:00:00+00:00,USDC,2,DeFiLlama,360025189.0
2019-05-31 00:00:00+00:00,USDC,2,DeFiLlama,330814550.0
2019-06-01 00:00:00+00:00,USDC,2,DeFiLlama,333973545.0
2019-06-02 00:00:00+00:00,USDC,2,DeFiLlama,334852161.0
2019-06-03 00:00:00+00:00,USDC,2,DeFiLlama,334814493.0
2019-06-04 00:00:00+00:00,USDC,2,DeFiLlama,335468416.0
2019-06-05 00:00:00+00:00,USDC,2,DeFiLlama,336181737.0
2019-06-06 00:00:00+00:00,USDC,2,DeFiLlama,337339592.0
2019-06-07 00:00:00+00:00,USDC,2,DeFiLlama,338645083.0
2019-06-08 00:00:00+00:00,USDC,2,DeFiLlama,338607393.0
2019-06-09 00:00:00+00:00,USDC,2,DeFiLlama,338604919.0
2019-06-10 00:00:00+00:00,USDC,2,DeFiLlama,338621702.0
2019-06-11 00:00:00+00:00,USDC,2,DeFiLlama,341241047.0
2019-06-12 00:00:00+00:00,USDC,2,DeFiLlama,341132473.0
2019-06-13 00:00:00+00:00,USDC,2,DeFiLlama,342310337.0
2019-06-14 00:00:00+00:00,USDC,2,DeFiLlama,344602142.0
2019-06-15 00:00:00+00:00,USDC,2,DeFiLlama,344796475.0
2019-06-16 00:00:00+00:00,USDC,2,DeFiLlama,345286272.0
2019-06-17 00:00:00+00:00,USDC,2,DeFiLlama,344807880.0
2019-06-18 00:00:00+00:00,USDC,2,DeFiLlama,343290458.0
2019-06-19 00:00:00+00:00,USDC,2,DeFiLlama,342964464.0
2019-06-20 00:00:00+00:00,USDC,2,DeFiLlama,347348694.0
2019-06-21 00:00:00+00:00,USDC,2,DeFiLlama,348021804.0
2019-06-22 00:00:00+00:00,USDC,2,DeFiLlama,344437060.0
2019-06-23 00:00:00+00:00,USDC,2,DeFiLlama,343727292.0
2019-06-24 00:00:00+00:00,USDC,2,DeFiLlama,345212214.0
2019-06-25 00:00:00+00:00,USDC,2,DeFiLlama,347256784.0
2019-06-26 00:00:00+00:00,USDC,2,DeFiLlama,346121496.0
2019-06-27 00:00:00+00:00,USDC,2,DeFiLlama,355099559.0
2019-06-28 00:00:00+00:00,USDC,2,DeFiLlama,361483373.0
2019-06-29 00:00:00+00:00,USDC,2,DeFiLlama,364484774.0
2019-06-30 00:00:00+00:00,USDC,2,DeFiLlama,367194132.0
2019-07-01 00:00:00+00:00,USDC,2,DeFiLlama,367022140.0
2019-07-02 00:00:00+00:00,USDC,2,DeFiLlama,368514615.0
2019-07-03 00:00:00+00:00,USDC,2,DeFiLlama,370697801.0
2019-07-04 00:00:00+00:00,USDC,2,DeFiLlama,367739110.0
2019-07-05 00:00:00+00:00,USDC,2,DeFiLlama,367780558.0
2019-07-06 00:00:00+00:00,USDC,2,DeFiLlama,368305496.0
2019-07-07 00:00:00+00:00,USDC,2,DeFiLlama,370503954.0
2019-07-08 00:00:00+00:00,USDC,2,DeFiLlama,370485849.0
2019-07-09 00:00:00+00:00,USDC,2,DeFiLlama,376861712.0
2019-07-10 00:00:00+00:00,USDC,2,DeFiLlama,376353985.0
2019-07-11 00:00:00+00:00,USDC,2,DeFiLlama,378598594.0
2019-07-12 00:00:00+00:00,USDC,2,DeFiLlama,378562002.0
2019-07-13 00:00:00+00:00,USDC,2,DeFiLlama,382496801.0
2019-07-14 00:00:00+00:00,USDC,2,DeFiLlama,382989541.0
2019-07-15 00:00:00+00:00,USDC,2,DeFiLlama,383155210.0
2019-07-16 00:00:00+00:00,USDC,2,DeFiLlama,383953564.0
2019-07-17 00:00:00+00:00,USDC,2,DeFiLlama,404055806.0
2019-07-18 00:00:00+00:00,USDC,2,DeFiLlama,424868413.0
2019-07-19 00:00:00+00:00,USDC,2,DeFiLlama,423754524.0
2019-07-20 00:00:00+00:00,USDC,2,DeFiLlama,405853479.0
2019-07-21 00:00:00+00:00,USDC,2,DeFiLlama,405988295.0
2019-07-22 00:00:00+00:00,USDC,2,DeFiLlama,405547591.0
2019-07-23 00:00:00+00:00,USDC,2,DeFiLlama,406303814.0
2019-07-24 00:00:00+00:00,USDC,2,DeFiLlama,404694674.0
2019-07-25 00:00:00+00:00,USDC,2,DeFiLlama,422479290.0
2019-07-26 00:00:00+00:00,USDC,2,DeFiLlama,421549121.0
2019-07-27 00:00:00+00:00,USDC,2,DeFiLlama,424465705.0
2019-07-28 00:00:00+00:00,USDC,2,DeFiLlama,424413390.0
2019-07-29 00:00:00+00:00,USDC,2,DeFiLlama,424398586.0
2019-07-30 00:00:00+00:00,USDC,2,DeFiLlama,437720628.0
2019-07-31 00:00:00+00:00,USDC,2,DeFiLlama,437841878.0
2019-08-01 00:00:00+00:00,USDC,2,DeFiLlama,436745146.0
2019-08-02 00:00:00+00:00,USDC,2,DeFiLlama,429737655.0
2019-08-03 00:00:00+00:00,USDC,2,DeFiLlama,423212016.0
2019-08-04 00:00:00+00:00,USDC,2,DeFiLlama,424327661.0
2019-08-05 00:00:00+00:00,USDC,2,DeFiLlama,423362766.0
2019-08-06 00:00:00+00:00,USDC,2,DeFiLlama,431146519.0
2019-08-07 00:00:00+00:00,USDC,2,DeFiLlama,433920816.0
2019-08-08 00:00:00+00:00,USDC,2,DeFiLlama,433395057.0
2019-08-09 00:00:00+00:00,USDC,2,DeFiLlama,433268032.0
2019-08-10 00:00:00+00:00,USDC,2,DeFiLlama,422544212.0
2019-08-11 00:00:00+00:00,USDC,2,DeFiLlama,424579906.0
2019-08-12 00:00:00+00:00,USDC,2,DeFiLlama,424259202.0
2019-08-13 00:00:00+00:00,USDC,2,DeFiLlama,423650691.0
2019-08-14 00:00:00+00:00,USDC,2,DeFiLlama,422601683.0
2019-08-15 00:00:00+00:00,USDC,2,DeFiLlama,419793937.0
2019-08-16 00:00:00+00:00,USDC,2,DeFiLlama,419838249.0
2019-08-17 00:00:00+00:00,USDC,2,DeFiLlama,421428717.0
2019-08-18 00:00:00+00:00,USDC,2,DeFiLlama,420418912.0
2019-08-19 00:00:00+00:00,USDC,2,DeFiLlama,421251231.0
2019-08-20 00:00:00+00:00,USDC,2,DeFiLlama,418890730.0
2019-08-21 00:00:00+00:00,USDC,2,DeFiLlama,417393684.0
2019-08-22 00:00:00+00:00,USDC,2,DeFiLlama,439662718.0
2019-08-23 00:00:00+00:00,USDC,2,DeFiLlama,440158002.0
2019-08-24 00:00:00+00:00,USDC,2,DeFiLlama,439383561.0
2019-08-25 00:00:00+00:00,USDC,2,DeFiLlama,438298770.0
2019-08-26 00:00:00+00:00,USDC,2,DeFiLlama,437631884.0
2019-08-27 00:00:00+00:00,USDC,2,DeFiLlama,429931103.0
2019-08-28 00:00:00+00:00,USDC,2,DeFiLlama,425767439.0
2019-08-29 00:00:00+00:00,USDC,2,DeFiLlama,426082656.0
2019-08-30 00:00:00+00:00,USDC,2,DeFiLlama,449929546.0
2019-08-31 00:00:00+00:00,USDC,2,DeFiLlama,453909505.0
2019-09-01 00:00:00+00:00,USDC,2,DeFiLlama,453918118.0
2019-09-02 00:00:00+00:00,USDC,2,DeFiLlama,453903945.0
2019-09-03 00:00:00+00:00,USDC,2,DeFiLlama,444913244.0
2019-09-04 00:00:00+00:00,USDC,2,DeFiLlama,443628173.0
2019-09-05 00:00:00+00:00,USDC,2,DeFiLlama,429861897.0
2019-09-06 00:00:00+00:00,USDC,2,DeFiLlama,453278957.0
2019-09-07 00:00:00+00:00,USDC,2,DeFiLlama,446698375.0
2019-09-08 00:00:00+00:00,USDC,2,DeFiLlama,446976575.0
2019-09-09 00:00:00+00:00,USDC,2,DeFiLlama,443833574.0
2019-09-10 00:00:00+00:00,USDC,2,DeFiLlama,440142637.0
2019-09-11 00:00:00+00:00,USDC,2,DeFiLlama,439152704.0
2019-09-12 00:00:00+00:00,USDC,2,DeFiLlama,436404983.0
2019-09-13 00:00:00+00:00,USDC,2,DeFiLlama,435265427.0
2019-09-14 00:00:00+00:00,USDC,2,DeFiLlama,428275795.0
2019-09-15 00:00:00+00:00,USDC,2,DeFiLlama,427806008.0
2019-09-16 00:00:00+00:00,USDC,2,DeFiLlama,427250071.0
2019-09-17 00:00:00+00:00,USDC,2,DeFiLlama,422801563.0
2019-09-18 00:00:00+00:00,USDC,2,DeFiLlama,414273929.0
2019-09-19 00:00:00+00:00,USDC,2,DeFiLlama,404319254.0
2019-09-20 00:00:00+00:00,USDC,2,DeFiLlama,401259651.0
2019-09-21 00:00:00+00:00,USDC,2,DeFiLlama,394431123.0
2019-09-22 00:00:00+00:00,USDC,2,DeFiLlama,393843044.0
2019-09-23 00:00:00+00:00,USDC,2,DeFiLlama,393455374.0
2019-09-24 00:00:00+00:00,USDC,2,DeFiLlama,389977963.0
2019-09-25 00:00:00+00:00,USDC,2,DeFiLlama,388898282.0
2019-09-26 00:00:00+00:00,USDC,2,DeFiLlama,417052501.0
2019-09-27 00:00:00+00:00,USDC,2,DeFiLlama,418957242.0
2019-09-28 00:00:00+00:00,USDC,2,DeFiLlama,425753622.0
2019-09-29 00:00:00+00:00,USDC,2,DeFiLlama,429876470.0
2019-09-30 00:00:00+00:00,USDC,2,DeFiLlama,429098552.0
2019-10-01 00:00:00+00:00,USDC,2,DeFiLlama,428189063.0
2019-10-02 00:00:00+00:00,USDC,2,DeFiLlama,426478713.0
2019-10-03 00:00:00+00:00,USDC,2,DeFiLlama,457227762.0
2019-10-04 00:00:00+00:00,USDC,2,DeFiLlama,475121516.0
2019-10-05 00:00:00+00:00,USDC,2,DeFiLlama,475790032.0
2019-10-06 00:00:00+00:00,USDC,2,DeFiLlama,475594149.0
2019-10-07 00:00:00+00:00,USDC,2,DeFiLlama,475174261.0
2019-10-08 00:00:00+00:00,USDC,2,DeFiLlama,470905741.0
2019-10-09 00:00:00+00:00,USDC,2,DeFiLlama,467316881.0
2019-10-10 00:00:00+00:00,USDC,2,DeFiLlama,462739662.0
2019-10-11 00:00:00+00:00,USDC,2,DeFiLlama,453284852.0
2019-10-12 00:00:00+00:00,USDC,2,DeFiLlama,468620010.0
2019-10-13 00:00:00+00:00,USDC,2,DeFiLlama,468605768.0
2019-10-14 00:00:00+00:00,USDC,2,DeFiLlama,468599587.0
2019-10-15 00:00:00+00:00,USDC,2,DeFiLlama,468472836.0
2019-10-16 00:00:00+00:00,USDC,2,DeFiLlama,470612876.0
2019-10-17 00:00:00+00:00,USDC,2,DeFiLlama,474939918.0
2019-10-18 00:00:00+00:00,USDC,2,DeFiLlama,474657786.0
2019-10-19 00:00:00+00:00,USDC,2,DeFiLlama,475481484.0
2019-10-20 00:00:00+00:00,USDC,2,DeFiLlama,475831351.0
2019-10-21 00:00:00+00:00,USDC,2,DeFiLlama,475782460.0
2019-10-22 00:00:00+00:00,USDC,2,DeFiLlama,477894221.0
2019-10-23 00:00:00+00:00,USDC,2,DeFiLlama,462443908.0
2019-10-24 00:00:00+00:00,USDC,2,DeFiLlama,464487554.0
2019-10-25 00:00:00+00:00,USDC,2,DeFiLlama,478986908.0
2019-10-26 00:00:00+00:00,USDC,2,DeFiLlama,483074323.0
2019-10-27 00:00:00+00:00,USDC,2,DeFiLlama,482529116.0
2019-10-28 00:00:00+00:00,USDC,2,DeFiLlama,476745638.0
2019-10-29 00:00:00+00:00,USDC,2,DeFiLlama,474748728.0
2019-10-30 00:00:00+00:00,USDC,2,DeFiLlama,472267410.0
2019-10-31 00:00:00+00:00,USDC,2,DeFiLlama,467807731.0
2019-11-01 00:00:00+00:00,USDC,2,DeFiLlama,463537466.0
2019-11-02 00:00:00+00:00,USDC,2,DeFiLlama,456010480.0
2019-11-03 00:00:00+00:00,USDC,2,DeFiLlama,470149078.0
2019-11-04 00:00:00+00:00,USDC,2,DeFiLlama,468572668.0
2019-11-05 00:00:00+00:00,USDC,2,DeFiLlama,447916468.0
2019-11-06 00:00:00+00:00,USDC,2,DeFiLlama,469546656.0
2019-11-07 00:00:00+00:00,USDC,2,DeFiLlama,459811766.0
2019-11-08 00:00:00+00:00,USDC,2,DeFiLlama,457437053.0
2019-11-09 00:00:00+00:00,USDC,2,DeFiLlama,454195851.0
2019-11-10 00:00:00+00:00,USDC,2,DeFiLlama,453661804.0
2019-11-11 00:00:00+00:00,USDC,2,DeFiLlama,453149580.0
2019-11-12 00:00:00+00:00,USDC,2,DeFiLlama,451879254.0
2019-11-13 00:00:00+00:00,USDC,2,DeFiLlama,451046888.0
2019-11-14 00:00:00+00:00,USDC,2,DeFiLlama,448678713.0
2019-11-15 00:00:00+00:00,USDC,2,DeFiLlama,440584178.0
2019-11-16 00:00:00+00:00,USDC,2,DeFiLlama,440157718.0
2019-11-17 00:00:00+00:00,USDC,2,DeFiLlama,442892088.0
2019-11-18 00:00:00+00:00,USDC,2,DeFiLlama,442841403.0
2019-11-19 00:00:00+00:00,USDC,2,DeFiLlama,443212699.0
2019-11-20 00:00:00+00:00,USDC,2,DeFiLlama,441132479.0
2019-11-21 00:00:00+00:00,USDC,2,DeFiLlama,432055804.0
2019-11-22 00:00:00+00:00,USDC,2,DeFiLlama,443267710.0
2019-11-23 00:00:00+00:00,USDC,2,DeFiLlama,442876932.0
2019-11-24 00:00:00+00:00,USDC,2,DeFiLlama,444974548.0
2019-11-25 00:00:00+00:00,USDC,2,DeFiLlama,444941542.0
2019-11-26 00:00:00+00:00,USDC,2,DeFiLlama,459293458.0
2019-11-27 00:00:00+00:00,USDC,2,DeFiLlama,460405311.0
2019-11-28 00:00:00+00:00,USDC,2,DeFiLlama,466008444.0
2019-11-29 00:00:00+00:00,USDC,2,DeFiLlama,456700781.0
2019-11-30 00:00:00+00:00,USDC,2,DeFiLlama,454345468.0
2019-12-01 00:00:00+00:00,USDC,2,DeFiLlama,456624361.0
2019-12-02 00:00:00+00:00,USDC,2,DeFiLlama,457851089.0
2019-12-03 00:00:00+00:00,USDC,2,DeFiLlama,458581434.0
2019-12-04 00:00:00+00:00,USDC,2,DeFiLlama,446536464.0
2019-12-05 00:00:00+00:00,USDC,2,DeFiLlama,464277720.0
2019-12-06 00:00:00+00:00,USDC,2,DeFiLlama,464726535.0
2019-12-07 00:00:00+00:00,USDC,2,DeFiLlama,464957014.0
2019-12-08 00:00:00+00:00,USDC,2,DeFiLlama,464435178.0
2019-12-09 00:00:00+00:00,USDC,2,DeFiLlama,463749669.0
2019-12-10 00:00:00+00:00,USDC,2,DeFiLlama,484528288.0
2019-12-11 00:00:00+00:00,USDC,2,DeFiLlama,480516263.0
2019-12-12 00:00:00+00:00,USDC,2,DeFiLlama,476294186.0
2019-12-13 00:00:00+00:00,USDC,2,DeFiLlama,475699445.0
2019-12-14 00:00:00+00:00,USDC,2,DeFiLlama,473797085.0
2019-12-15 00:00:00+00:00,USDC,2,DeFiLlama,473877979.0
2019-12-16 00:00:00+00:00,USDC,2,DeFiLlama,475092567.0
2019-12-17 00:00:00+00:00,USDC,2,DeFiLlama,466862338.0
2019-12-18 00:00:00+00:00,USDC,2,DeFiLlama,461706678.0
2019-12-19 00:00:00+00:00,USDC,2,DeFiLlama,473792552.0
2019-12-20 00:00:00+00:00,USDC,2,DeFiLlama,509966339.0
2019-12-21 00:00:00+00:00,USDC,2,DeFiLlama,523071393.0
2019-12-22 00:00:00+00:00,USDC,2,DeFiLlama,522585419.0
2019-12-23 00:00:00+00:00,USDC,2,DeFiLlama,523006931.0
2019-12-24 00:00:00+00:00,USDC,2,DeFiLlama,521749363.0
2019-12-25 00:00:00+00:00,USDC,2,DeFiLlama,518268364.0
2019-12-26 00:00:00+00:00,USDC,2,DeFiLlama,517661727.0
2019-12-27 00:00:00+00:00,USDC,2,DeFiLlama,517381564.0
2019-12-28 00:00:00+00:00,USDC,2,DeFiLlama,519592033.0
2019-12-29 00:00:00+00:00,USDC,2,DeFiLlama,519127682.0
2019-12-30 00:00:00+00:00,USDC,2,DeFiLlama,519908632.0
2019-12-31 00:00:00+00:00,USDC,2,DeFiLlama,518220924.0
2020-01-01 00:00:00+00:00,USDC,2,DeFiLlama,518299097.0
2020-01-02 00:00:00+00:00,USDC,2,DeFiLlama,516587818.0
2020-01-03 00:00:00+00:00,USDC,2,DeFiLlama,521627838.0
2020-01-04 00:00:00+00:00,USDC,2,DeFiLlama,520549127.0
2020-01-05 00:00:00+00:00,USDC,2,DeFiLlama,520661606.0
2020-01-06 00:00:00+00:00,USDC,2,DeFiLlama,519679187.0
2020-01-07 00:00:00+00:00,USDC,2,DeFiLlama,515657544.0
2020-01-08 00:00:00+00:00,USDC,2,DeFiLlama,491932121.0
2020-01-09 00:00:00+00:00,USDC,2,DeFiLlama,471331498.0
2020-01-10 00:00:00+00:00,USDC,2,DeFiLlama,463253104.0
2020-01-11 00:00:00+00:00,USDC,2,DeFiLlama,460030776.0
2020-01-12 00:00:00+00:00,USDC,2,DeFiLlama,450371032.0
2020-01-13 00:00:00+00:00,USDC,2,DeFiLlama,450676907.0
2020-01-14 00:00:00+00:00,USDC,2,DeFiLlama,448644444.0
2020-01-15 00:00:00+00:00,USDC,2,DeFiLlama,433443720.0
2020-01-16 00:00:00+00:00,USDC,2,DeFiLlama,453623188.0
2020-01-17 00:00:00+00:00,USDC,2,DeFiLlama,449933768.0
2020-01-18 00:00:00+00:00,USDC,2,DeFiLlama,446222086.0
2020-01-19 00:00:00+00:00,USDC,2,DeFiLlama,445748199.0
2020-01-20 00:00:00+00:00,USDC,2,DeFiLlama,446102981.0
2020-01-21 00:00:00+00:00,USDC,2,DeFiLlama,446158706.0
2020-01-22 00:00:00+00:00,USDC,2,DeFiLlama,448945612.0
2020-01-23 00:00:00+00:00,USDC,2,DeFiLlama,459753178.0
2020-01-24 00:00:00+00:00,USDC,2,DeFiLlama,450645684.0
2020-01-25 00:00:00+00:00,USDC,2,DeFiLlama,451080998.0
2020-01-26 00:00:00+00:00,USDC,2,DeFiLlama,450957210.0
2020-01-27 00:00:00+00:00,USDC,2,DeFiLlama,450618381.0
2020-01-28 00:00:00+00:00,USDC,2,DeFiLlama,447446356.0
2020-01-29 00:00:00+00:00,USDC,2,DeFiLlama,448353788.0
2020-01-30 00:00:00+00:00,USDC,2,DeFiLlama,449325692.0
2020-01-31 00:00:00+00:00,USDC,2,DeFiLlama,443924160.0
2020-02-01 00:00:00+00:00,USDC,2,DeFiLlama,442254653.0
2020-02-02 00:00:00+00:00,USDC,2,DeFiLlama,440002983.0
2020-02-03 00:00:00+00:00,USDC,2,DeFiLlama,439774122.0
2020-02-04 00:00:00+00:00,USDC,2,DeFiLlama,438998196.0
2020-02-05 00:00:00+00:00,USDC,2,DeFiLlama,437265012.0
2020-02-06 00:00:00+00:00,USDC,2,DeFiLlama,428113980.0
2020-02-07 00:00:00+00:00,USDC,2,DeFiLlama,428076592.0
2020-02-08 00:00:00+00:00,USDC,2,DeFiLlama,425295770.0
2020-02-09 00:00:00+00:00,USDC,2,DeFiLlama,422858523.0
2020-02-10 00:00:00+00:00,USDC,2,DeFiLlama,427889587.0
2020-02-11 00:00:00+00:00,USDC,2,DeFiLlama,423535005.0
2020-02-12 00:00:00+00:00,USDC,2,DeFiLlama,421814271.0
2020-02-13 00:00:00+00:00,USDC,2,DeFiLlama,431983859.0
2020-02-14 00:00:00+00:00,USDC,2,DeFiLlama,430620419.0
2020-02-15 00:00:00+00:00,USDC,2,DeFiLlama,430953640.0
2020-02-16 00:00:00+00:00,USDC,2,DeFiLlama,430680684.0
2020-02-17 00:00:00+00:00,USDC,2,DeFiLlama,432269975.0
2020-02-18 00:00:00+00:00,USDC,2,DeFiLlama,431735523.0
2020-02-19 00:00:00+00:00,USDC,2,DeFiLlama,434065293.0
2020-02-20 00:00:00+00:00,USDC,2,DeFiLlama,435847419.0
2020-02-21 00:00:00+00:00,USDC,2,DeFiLlama,426581047.0
2020-02-22 00:00:00+00:00,USDC,2,DeFiLlama,425804889.0
2020-02-23 00:00:00+00:00,USDC,2,DeFiLlama,427337286.0
2020-02-24 00:00:00+00:00,USDC,2,DeFiLlama,425921380.0
2020-02-25 00:00:00+00:00,USDC,2,DeFiLlama,428547898.0
2020-02-26 00:00:00+00:00,USDC,2,DeFiLlama,429562249.0
2020-02-27 00:00:00+00:00,USDC,2,DeFiLlama,431697315.0
2020-02-28 00:00:00+00:00,USDC,2,DeFiLlama,444141022.0
2020-02-29 00:00:00+00:00,USDC,2,DeFiLlama,446201992.0
2020-03-01 00:00:00+00:00,USDC,2,DeFiLlama,446002981.0
2020-03-02 00:00:00+00:00,USDC,2,DeFiLlama,447135433.0
2020-03-03 00:00:00+00:00,USDC,2,DeFiLlama,458750740.0
2020-03-04 00:00:00+00:00,USDC,2,DeFiLlama,470512873.0
2020-03-05 00:00:00+00:00,USDC,2,DeFiLlama,470471693.0
2020-03-06 00:00:00+00:00,USDC,2,DeFiLlama,464095146.0
2020-03-07 00:00:00+00:00,USDC,2,DeFiLlama,464237713.0
2020-03-08 00:00:00+00:00,USDC,2,DeFiLlama,466183957.0
2020-03-09 00:00:00+00:00,USDC,2,DeFiLlama,462198278.0
2020-03-10 00:00:00+00:00,USDC,2,DeFiLlama,461741030.0
2020-03-11 00:00:00+00:00,USDC,2,DeFiLlama,459090976.0
2020-03-12 00:00:00+00:00,USDC,2,DeFiLlama,469456621.0
2020-03-13 00:00:00+00:00,USDC,2,DeFiLlama,520504412.0
2020-03-14 00:00:00+00:00,USDC,2,DeFiLlama,565678666.0
2020-03-15 00:00:00+00:00,USDC,2,DeFiLlama,566458781.0
2020-03-16 00:00:00+00:00,USDC,2,DeFiLlama,606601885.0
2020-03-17 00:00:00+00:00,USDC,2,DeFiLlama,608267865.0
2020-03-18 00:00:00+00:00,USDC,2,DeFiLlama,628650746.0
2020-03-19 00:00:00+00:00,USDC,2,DeFiLlama,630209398.0
2020-03-20 00:00:00+00:00,USDC,2,DeFiLlama,653858905.0
2020-03-21 00:00:00+00:00,USDC,2,DeFiLlama,648753967.0
2020-03-22 00:00:00+00:00,USDC,2,DeFiLlama,670388977.0
2020-03-23 00:00:00+00:00,USDC,2,DeFiLlama,671864243.0
2020-03-24 00:00:00+00:00,USDC,2,DeFiLlama,672962231.0
2020-03-25 00:00:00+00:00,USDC,2,DeFiLlama,691584068.0
2020-03-26 00:00:00+00:00,USDC,2,DeFiLlama,691267624.0
2020-03-27 00:00:00+00:00,USDC,2,DeFiLlama,688371012.0
2020-03-28 00:00:00+00:00,USDC,2,DeFiLlama,687635337.0
2020-03-29 00:00:00+00:00,USDC,2,DeFiLlama,691403604.0
2020-03-30 00:00:00+00:00,USDC,2,DeFiLlama,696162200.0
2020-03-31 00:00:00+00:00,USDC,2,DeFiLlama,693514471.0
2020-04-01 00:00:00+00:00,USDC,2,DeFiLlama,695503763.0
2020-04-02 00:00:00+00:00,USDC,2,DeFiLlama,698291982.0
2020-04-03 00:00:00+00:00,USDC,2,DeFiLlama,696111054.0
2020-04-04 00:00:00+00:00,USDC,2,DeFiLlama,705310734.0
2020-04-05 00:00:00+00:00,USDC,2,DeFiLlama,704496364.0
2020-04-06 00:00:00+00:00,USDC,2,DeFiLlama,702658354.0
2020-04-07 00:00:00+00:00,USDC,2,DeFiLlama,688480145.0
2020-04-08 00:00:00+00:00,USDC,2,DeFiLlama,699425183.0
2020-04-09 00:00:00+00:00,USDC,2,DeFiLlama,715373720.0
2020-04-10 00:00:00+00:00,USDC,2,DeFiLlama,714093784.0
2020-04-11 00:00:00+00:00,USDC,2,DeFiLlama,712898178.0
2020-04-12 00:00:00+00:00,USDC,2,DeFiLlama,712945463.0
2020-04-13 00:00:00+00:00,USDC,2,DeFiLlama,719783006.0
2020-04-14 00:00:00+00:00,USDC,2,DeFiLlama,728070662.0
2020-04-15 00:00:00+00:00,USDC,2,DeFiLlama,737624435.0
2020-04-16 00:00:00+00:00,USDC,2,DeFiLlama,738412433.0
2020-04-17 00:00:00+00:00,USDC,2,DeFiLlama,734260519.0
2020-04-18 00:00:00+00:00,USDC,2,DeFiLlama,728317434.0
2020-04-19 00:00:00+00:00,USDC,2,DeFiLlama,731203236.0
2020-04-20 00:00:00+00:00,USDC,2,DeFiLlama,729241152.0
2020-04-21 00:00:00+00:00,USDC,2,DeFiLlama,738423624.0
2020-04-22 00:00:00+00:00,USDC,2,DeFiLlama,727443884.0
2020-04-23 00:00:00+00:00,USDC,2,DeFiLlama,728626806.0
2020-04-24 00:00:00+00:00,USDC,2,DeFiLlama,734385227.0
2020-04-25 00:00:00+00:00,USDC,2,DeFiLlama,756311511.0
2020-04-26 00:00:00+00:00,USDC,2,DeFiLlama,758552824.0
2020-04-27 00:00:00+00:00,USDC,2,DeFiLlama,757598789.0
2020-04-28 00:00:00+00:00,USDC,2,DeFiLlama,754759451.0
2020-04-29 00:00:00+00:00,USDC,2,DeFiLlama,733775191.0
2020-04-30 00:00:00+00:00,USDC,2,DeFiLlama,728392431.0
2020-05-01 00:00:00+00:00,USDC,2,DeFiLlama,728732001.0
2020-05-02 00:00:00+00:00,USDC,2,DeFiLlama,714950817.0
2020-05-03 00:00:00+00:00,USDC,2,DeFiLlama,713804238.0
2020-05-04 00:00:00+00:00,USDC,2,DeFiLlama,712686004.0
2020-05-05 00:00:00+00:00,USDC,2,DeFiLlama,713134018.0
2020-05-06 00:00:00+00:00,USDC,2,DeFiLlama,716491074.0
2020-05-07 00:00:00+00:00,USDC,2,DeFiLlama,714122811.0
2020-05-08 00:00:00+00:00,USDC,2,DeFiLlama,724401591.0
2020-05-09 00:00:00+00:00,USDC,2,DeFiLlama,723636779.0
2020-05-10 00:00:00+00:00,USDC,2,DeFiLlama,724647430.0
2020-05-11 00:00:00+00:00,USDC,2,DeFiLlama,749446451.0
2020-05-12 00:00:00+00:00,USDC,2,DeFiLlama,747479809.0
2020-05-13 00:00:00+00:00,USDC,2,DeFiLlama,750802616.0
2020-05-14 00:00:00+00:00,USDC,2,DeFiLlama,772233191.0
2020-05-15 00:00:00+00:00,USDC,2,DeFiLlama,728597655.0
2020-05-16 00:00:00+00:00,USDC,2,DeFiLlama,729525225.0
2020-05-17 00:00:00+00:00,USDC,2,DeFiLlama,727048050.0
2020-05-18 00:00:00+00:00,USDC,2,DeFiLlama,728671420.0
2020-05-19 00:00:00+00:00,USDC,2,DeFiLlama,727382469.0
2020-05-20 00:00:00+00:00,USDC,2,DeFiLlama,728477346.0
2020-05-21 00:00:00+00:00,USDC,2,DeFiLlama,735889169.0
2020-05-22 00:00:00+00:00,USDC,2,DeFiLlama,733252882.0
2020-05-23 00:00:00+00:00,USDC,2,DeFiLlama,732405621.0
2020-05-24 00:00:00+00:00,USDC,2,DeFiLlama,733287598.0
2020-05-25 00:00:00+00:00,USDC,2,DeFiLlama,730554300.0
2020-05-26 00:00:00+00:00,USDC,2,DeFiLlama,740605195.0
2020-05-27 00:00:00+00:00,USDC,2,DeFiLlama,740878307.0
2020-05-28 00:00:00+00:00,USDC,2,DeFiLlama,742545125.0
2020-05-29 00:00:00+00:00,USDC,2,DeFiLlama,746745265.0
2020-05-30 00:00:00+00:00,USDC,2,DeFiLlama,748477172.0
2020-05-31 00:00:00+00:00,USDC,2,DeFiLlama,749584998.0
2020-06-01 00:00:00+00:00,USDC,2,DeFiLlama,734561511.0
2020-06-02 00:00:00+00:00,USDC,2,DeFiLlama,732161277.0
2020-06-03 00:00:00+00:00,USDC,2,DeFiLlama,743599276.0
2020-06-04 00:00:00+00:00,USDC,2,DeFiLlama,739982746.0
2020-06-05 00:00:00+00:00,USDC,2,DeFiLlama,741859594.0
2020-06-06 00:00:00+00:00,USDC,2,DeFiLlama,740851540.0
2020-06-07 00:00:00+00:00,USDC,2,DeFiLlama,743202340.0
2020-06-08 00:00:00+00:00,USDC,2,DeFiLlama,742140673.0
2020-06-09 00:00:00+00:00,USDC,2,DeFiLlama,747612168.0
2020-06-10 00:00:00+00:00,USDC,2,DeFiLlama,747326113.0
2020-06-11 00:00:00+00:00,USDC,2,DeFiLlama,736049707.0
2020-06-12 00:00:00+00:00,USDC,2,DeFiLlama,737125542.0
2020-06-13 00:00:00+00:00,USDC,2,DeFiLlama,735708892.0
2020-06-14 00:00:00+00:00,USDC,2,DeFiLlama,744984377.0
2020-06-15 00:00:00+00:00,USDC,2,DeFiLlama,744737445.0
2020-06-16 00:00:00+00:00,USDC,2,DeFiLlama,754850057.0
2020-06-17 00:00:00+00:00,USDC,2,DeFiLlama,774306420.0
2020-06-18 00:00:00+00:00,USDC,2,DeFiLlama,805588944.0
2020-06-19 00:00:00+00:00,USDC,2,DeFiLlama,833371901.0
2020-06-20 00:00:00+00:00,USDC,2,DeFiLlama,885273734.0
2020-06-21 00:00:00+00:00,USDC,2,DeFiLlama,915538970.0
2020-06-22 00:00:00+00:00,USDC,2,DeFiLlama,936372638.0
2020-06-23 00:00:00+00:00,USDC,2,DeFiLlama,954896854.0
2020-06-24 00:00:00+00:00,USDC,2,DeFiLlama,948555599.0
2020-06-25 00:00:00+00:00,USDC,2,DeFiLlama,943220905.0
2020-06-26 00:00:00+00:00,USDC,2,DeFiLlama,944650087.0
2020-06-27 00:00:00+00:00,USDC,2,DeFiLlama,956721141.0
2020-06-28 00:00:00+00:00,USDC,2,DeFiLlama,987846834.0
2020-06-29 00:00:00+00:00,USDC,2,DeFiLlama,988143291.0
2020-06-30 00:00:00+00:00,USDC,2,DeFiLlama,985208175.0
2020-07-01 00:00:00+00:00,USDC,2,DeFiLlama,989608995.0
2020-07-02 00:00:00+00:00,USDC,2,DeFiLlama,1004986046.0
2020-07-03 00:00:00+00:00,USDC,2,DeFiLlama,1001314047.0
2020-07-04 00:00:00+00:00,USDC,2,DeFiLlama,1042757163.0
2020-07-05 00:00:00+00:00,USDC,2,DeFiLlama,1041836477.0
2020-07-06 00:00:00+00:00,USDC,2,DeFiLlama,1042439247.0
2020-07-07 00:00:00+00:00,USDC,2,DeFiLlama,1049950300.0
2020-07-08 00:00:00+00:00,USDC,2,DeFiLlama,1048684212.0
2020-07-09 00:00:00+00:00,USDC,2,DeFiLlama,1073301495.0
2020-07-10 00:00:00+00:00,USDC,2,DeFiLlama,1095832097.0
2020-07-11 00:00:00+00:00,USDC,2,DeFiLlama,1103641547.0
2020-07-12 00:00:00+00:00,USDC,2,DeFiLlama,1112460702.0
2020-07-13 00:00:00+00:00,USDC,2,DeFiLlama,1111992612.0
2020-07-14 00:00:00+00:00,USDC,2,DeFiLlama,1110779678.0
2020-07-15 00:00:00+00:00,USDC,2,DeFiLlama,1104580372.0
2020-07-16 00:00:00+00:00,USDC,2,DeFiLlama,1111643251.0
2020-07-17 00:00:00+00:00,USDC,2,DeFiLlama,1109312383.0
2020-07-18 00:00:00+00:00,USDC,2,DeFiLlama,1109166105.0
2020-07-19 00:00:00+00:00,USDC,2,DeFiLlama,1127280748.0
2020-07-20 00:00:00+00:00,USDC,2,DeFiLlama,1127925154.0
2020-07-21 00:00:00+00:00,USDC,2,DeFiLlama,1112983778.0
2020-07-22 00:00:00+00:00,USDC,2,DeFiLlama,1121337600.0
2020-07-23 00:00:00+00:00,USDC,2,DeFiLlama,1121092510.0
2020-07-24 00:00:00+00:00,USDC,2,DeFiLlama,1115327896.0
2020-07-25 00:00:00+00:00,USDC,2,DeFiLlama,1112715479.0
2020-07-26 00:00:00+00:00,USDC,2,DeFiLlama,1110128500.0
2020-07-27 00:00:00+00:00,USDC,2,DeFiLlama,1169898939.0
2020-07-28 00:00:00+00:00,USDC,2,DeFiLlama,1171914122.0
2020-07-29 00:00:00+00:00,USDC,2,DeFiLlama,1171764214.0
2020-07-30 00:00:00+00:00,USDC,2,DeFiLlama,1169385034.0
2020-07-31 00:00:00+00:00,USDC,2,DeFiLlama,1149107328.0
2020-08-01 00:00:00+00:00,USDC,2,DeFiLlama,1083269356.0
2020-08-02 00:00:00+00:00,USDC,2,DeFiLlama,1090694413.0
2020-08-03 00:00:00+00:00,USDC,2,DeFiLlama,1101064185.0
2020-08-04 00:00:00+00:00,USDC,2,DeFiLlama,1088542306.0
2020-08-05 00:00:00+00:00,USDC,2,DeFiLlama,1086186190.0
2020-08-06 00:00:00+00:00,USDC,2,DeFiLlama,1084222628.0
2020-08-07 00:00:00+00:00,USDC,2,DeFiLlama,1096972132.0
2020-08-08 00:00:00+00:00,USDC,2,DeFiLlama,1111903373.0
2020-08-09 00:00:00+00:00,USDC,2,DeFiLlama,1151205884.0
2020-08-10 00:00:00+00:00,USDC,2,DeFiLlama,1149862089.0
2020-08-11 00:00:00+00:00,USDC,2,DeFiLlama,1126741939.0
2020-08-12 00:00:00+00:00,USDC,2,DeFiLlama,1137585026.0
2020-08-13 00:00:00+00:00,USDC,2,DeFiLlama,1164830125.0
2020-08-14 00:00:00+00:00,USDC,2,DeFiLlama,1181372767.0
2020-08-15 00:00:00+00:00,USDC,2,DeFiLlama,1209682203.0
2020-08-16 00:00:00+00:00,USDC,2,DeFiLlama,1205034342.0
2020-08-17 00:00:00+00:00,USDC,2,DeFiLlama,1206741681.0
2020-08-18 00:00:00+00:00,USDC,2,DeFiLlama,1222948468.0
2020-08-19 00:00:00+00:00,USDC,2,DeFiLlama,1250683979.0
2020-08-20 00:00:00+00:00,USDC,2,DeFiLlama,1280269005.0
2020-08-21 00:00:00+00:00,USDC,2,DeFiLlama,1312949453.0
2020-08-22 00:00:00+00:00,USDC,2,DeFiLlama,1336323984.0
2020-08-23 00:00:00+00:00,USDC,2,DeFiLlama,1341758644.0
2020-08-24 00:00:00+00:00,USDC,2,DeFiLlama,1360085894.0
2020-08-25 00:00:00+00:00,USDC,2,DeFiLlama,1367272501.0
2020-08-26 00:00:00+00:00,USDC,2,DeFiLlama,1387499460.0
2020-08-27 00:00:00+00:00,USDC,2,DeFiLlama,1404666984.0
2020-08-28 00:00:00+00:00,USDC,2,DeFiLlama,1429756116.0
2020-08-29 00:00:00+00:00,USDC,2,DeFiLlama,1431670647.0
2020-08-30 00:00:00+00:00,USDC,2,DeFiLlama,1466615757.0
2020-08-31 00:00:00+00:00,USDC,2,DeFiLlama,1479834800.0
2020-09-01 00:00:00+00:00,USDC,2,DeFiLlama,1482867128.0
2020-09-02 00:00:00+00:00,USDC,2,DeFiLlama,1528746492.0
2020-09-03 00:00:00+00:00,USDC,2,DeFiLlama,1527967331.0
2020-09-04 00:00:00+00:00,USDC,2,DeFiLlama,1591705702.0
2020-09-05 00:00:00+00:00,USDC,2,DeFiLlama,1658321562.0
2020-09-06 00:00:00+00:00,USDC,2,DeFiLlama,1697675719.0
2020-09-07 00:00:00+00:00,USDC,2,DeFiLlama,1737782506.0
2020-09-08 00:00:00+00:00,USDC,2,DeFiLlama,1787420745.0
2020-09-09 00:00:00+00:00,USDC,2,DeFiLlama,1799059014.0
2020-09-10 00:00:00+00:00,USDC,2,DeFiLlama,1843114962.0
2020-09-11 00:00:00+00:00,USDC,2,DeFiLlama,1855539581.0
2020-09-12 00:00:00+00:00,USDC,2,DeFiLlama,1923149785.0
2020-09-13 00:00:00+00:00,USDC,2,DeFiLlama,1963147433.0
2020-09-14 00:00:00+00:00,USDC,2,DeFiLlama,2003775962.0
2020-09-15 00:00:00+00:00,USDC,2,DeFiLlama,2026152367.0
2020-09-16 00:00:00+00:00,USDC,2,DeFiLlama,2084156909.0
2020-09-17 00:00:00+00:00,USDC,2,DeFiLlama,2089493600.0
2020-09-18 00:00:00+00:00,USDC,2,DeFiLlama,2116630522.0
2020-09-19 00:00:00+00:00,USDC,2,DeFiLlama,2188023282.0
2020-09-20 00:00:00+00:00,USDC,2,DeFiLlama,2292729603.0
2020-09-21 00:00:00+00:00,USDC,2,DeFiLlama,2351486018.0
2020-09-22 00:00:00+00:00,USDC,2,DeFiLlama,2402566804.0
2020-09-23 00:00:00+00:00,USDC,2,DeFiLlama,2406334437.0
2020-09-24 00:00:00+00:00,USDC,2,DeFiLlama,2449361066.0
2020-09-25 00:00:00+00:00,USDC,2,DeFiLlama,2516111136.0
2020-09-26 00:00:00+00:00,USDC,2,DeFiLlama,2519697608.0
2020-09-27 00:00:00+00:00,USDC,2,DeFiLlama,2559809169.0
2020-09-28 00:00:00+00:00,USDC,2,DeFiLlama,2608640696.0
2020-09-29 00:00:00+00:00,USDC,2,DeFiLlama,2552853264.0
2020-09-30 00:00:00+00:00,USDC,2,DeFiLlama,2547426146.0
2020-10-01 00:00:00+00:00,USDC,2,DeFiLlama,2542248056.0
2020-10-02 00:00:00+00:00,USDC,2,DeFiLlama,2545262328.0
2020-10-03 00:00:00+00:00,USDC,2,DeFiLlama,2603845026.0
2020-10-04 00:00:00+00:00,USDC,2,DeFiLlama,2646736811.0
2020-10-05 00:00:00+00:00,USDC,2,DeFiLlama,2654715013.0
2020-10-06 00:00:00+00:00,USDC,2,DeFiLlama,2674399847.0
2020-10-07 00:00:00+00:00,USDC,2,DeFiLlama,2682063736.0
2020-10-08 00:00:00+00:00,USDC,2,DeFiLlama,2719347893.0
2020-10-09 00:00:00+00:00,USDC,2,DeFiLlama,2824248755.0
2020-10-10 00:00:00+00:00,USDC,2,DeFiLlama,2827389499.0
2020-10-11 00:00:00+00:00,USDC,2,DeFiLlama,2872659149.0
2020-10-12 00:00:00+00:00,USDC,2,DeFiLlama,2869616172.0
2020-10-13 00:00:00+00:00,USDC,2,DeFiLlama,2857658375.0
2020-10-14 00:00:00+00:00,USDC,2,DeFiLlama,2792126857.0
2020-10-15 00:00:00+00:00,USDC,2,DeFiLlama,2763760647.0
2020-10-16 00:00:00+00:00,USDC,2,DeFiLlama,2753573501.0
2020-10-17 00:00:00+00:00,USDC,2,DeFiLlama,2718608481.0
2020-10-18 00:00:00+00:00,USDC,2,DeFiLlama,2720146369.0
2020-10-19 00:00:00+00:00,USDC,2,DeFiLlama,2742323462.0
2020-10-20 00:00:00+00:00,USDC,2,DeFiLlama,2751247298.0
2020-10-21 00:00:00+00:00,USDC,2,DeFiLlama,2751244657.0
2020-10-22 00:00:00+00:00,USDC,2,DeFiLlama,2818536155.0
2020-10-23 00:00:00+00:00,USDC,2,DeFiLlama,2805169514.0
2020-10-24 00:00:00+00:00,USDC,2,DeFiLlama,2770647293.0
2020-10-25 00:00:00+00:00,USDC,2,DeFiLlama,2801709016.0
2020-10-26 00:00:00+00:00,USDC,2,DeFiLlama,2824225445.0
2020-10-27 00:00:00+00:00,USDC,2,DeFiLlama,2788402397.0
2020-10-28 00:00:00+00:00,USDC,2,DeFiLlama,2825497841.0
2020-10-29 00:00:00+00:00,USDC,2,DeFiLlama,2855414313.0
2020-10-30 00:00:00+00:00,USDC,2,DeFiLlama,2898920199.0
2020-10-31 00:00:00+00:00,USDC,2,DeFiLlama,2903348853.0
2020-11-01 00:00:00+00:00,USDC,2,DeFiLlama,2949230254.0
2020-11-02 00:00:00+00:00,USDC,2,DeFiLlama,2951605928.0
2020-11-03 00:00:00+00:00,USDC,2,DeFiLlama,2956213906.0
2020-11-04 00:00:00+00:00,USDC,2,DeFiLlama,2939325362.0
2020-11-05 00:00:00+00:00,USDC,2,DeFiLlama,2906904486.0
2020-11-06 00:00:00+00:00,USDC,2,DeFiLlama,2893556517.0
2020-11-07 00:00:00+00:00,USDC,2,DeFiLlama,2875276514.0
2020-11-08 00:00:00+00:00,USDC,2,DeFiLlama,2905404248.0
2020-11-09 00:00:00+00:00,USDC,2,DeFiLlama,2893403279.0
2020-11-10 00:00:00+00:00,USDC,2,DeFiLlama,2862737252.0
2020-11-11 00:00:00+00:00,USDC,2,DeFiLlama,2851414430.0
2020-11-12 00:00:00+00:00,USDC,2,DeFiLlama,2854618134.0
2020-11-13 00:00:00+00:00,USDC,2,DeFiLlama,2824397028.0
2020-11-14 00:00:00+00:00,USDC,2,DeFiLlama,2825305412.0
2020-11-15 00:00:00+00:00,USDC,2,DeFiLlama,2843376402.0
2020-11-16 00:00:00+00:00,USDC,2,DeFiLlama,2836148988.0
2020-11-17 00:00:00+00:00,USDC,2,DeFiLlama,2850669163.0
2020-11-18 00:00:00+00:00,USDC,2,DeFiLlama,2799153056.0
2020-11-19 00:00:00+00:00,USDC,2,DeFiLlama,2813206371.0
2020-11-20 00:00:00+00:00,USDC,2,DeFiLlama,2811109585.0
2020-11-21 00:00:00+00:00,USDC,2,DeFiLlama,2824956425.0
2020-11-22 00:00:00+00:00,USDC,2,DeFiLlama,2861257251.0
2020-11-23 00:00:00+00:00,USDC,2,DeFiLlama,2897131340.0
2020-11-24 00:00:00+00:00,USDC,2,DeFiLlama,2886822254.0
2020-11-25 00:00:00+00:00,USDC,2,DeFiLlama,2874260187.0
2020-11-26 00:00:00+00:00,USDC,2,DeFiLlama,2890232919.0
2020-11-27 00:00:00+00:00,USDC,2,DeFiLlama,2910300809.0
2020-11-28 00:00:00+00:00,USDC,2,DeFiLlama,2920690474.0
2020-11-29 00:00:00+00:00,USDC,2,DeFiLlama,2988327493.0
2020-11-30 00:00:00+00:00,USDC,2,DeFiLlama,2984531914.0
2020-12-01 00:00:00+00:00,USDC,2,DeFiLlama,2982491345.0
2020-12-02 00:00:00+00:00,USDC,2,DeFiLlama,2993868579.0
2020-12-03 00:00:00+00:00,USDC,2,DeFiLlama,2982396230.0
2020-12-04 00:00:00+00:00,USDC,2,DeFiLlama,2988540253.0
2020-12-05 00:00:00+00:00,USDC,2,DeFiLlama,3036932669.0
2020-12-06 00:00:00+00:00,USDC,2,DeFiLlama,3060706674.0
2020-12-07 00:00:00+00:00,USDC,2,DeFiLlama,3095410064.0
2020-12-08 00:00:00+00:00,USDC,2,DeFiLlama,3079829612.0
2020-12-09 00:00:00+00:00,USDC,2,DeFiLlama,3093681714.0
2020-12-10 00:00:00+00:00,USDC,2,DeFiLlama,3101247031.0
2020-12-11 00:00:00+00:00,USDC,2,DeFiLlama,3102757755.0
2020-12-12 00:00:00+00:00,USDC,2,DeFiLlama,3157350338.0
2020-12-13 00:00:00+00:00,USDC,2,DeFiLlama,3234666390.0
2020-12-14 00:00:00+00:00,USDC,2,DeFiLlama,3279039160.0
2020-12-15 00:00:00+00:00,USDC,2,DeFiLlama,3294450905.0
2020-12-16 00:00:00+00:00,USDC,2,DeFiLlama,3297405253.0
2020-12-17 00:00:00+00:00,USDC,2,DeFiLlama,3324351367.0
2020-12-18 00:00:00+00:00,USDC,2,DeFiLlama,3299798761.0
2020-12-19 00:00:00+00:00,USDC,2,DeFiLlama,3309233824.0
2020-12-20 00:00:00+00:00,USDC,2,DeFiLlama,3395711239.0
2020-12-21 00:00:00+00:00,USDC,2,DeFiLlama,3375368952.0
2020-12-22 00:00:00+00:00,USDC,2,DeFiLlama,3373805579.0
2020-12-23 00:00:00+00:00,USDC,2,DeFiLlama,3392076210.0
2020-12-24 00:00:00+00:00,USDC,2,DeFiLlama,3459781205.0
2020-12-25 00:00:00+00:00,USDC,2,DeFiLlama,3563835745.0
2020-12-26 00:00:00+00:00,USDC,2,DeFiLlama,3562872299.0
2020-12-27 00:00:00+00:00,USDC,2,DeFiLlama,3573943113.0
2020-12-28 00:00:00+00:00,USDC,2,DeFiLlama,3634396827.0
2020-12-29 00:00:00+00:00,USDC,2,DeFiLlama,3684008974.0
2020-12-30 00:00:00+00:00,USDC,2,DeFiLlama,3728464503.0
2020-12-31 00:00:00+00:00,USDC,2,DeFiLlama,3708850470.0
2021-01-01 00:00:00+00:00,USDC,2,DeFiLlama,3918737151.0
2021-01-02 00:00:00+00:00,USDC,2,DeFiLlama,4105937658.0
2021-01-03 00:00:00+00:00,USDC,2,DeFiLlama,4187979497.0
2021-01-04 00:00:00+00:00,USDC,2,DeFiLlama,4303501629.0
2021-01-05 00:00:00+00:00,USDC,2,DeFiLlama,4274757348.0
2021-01-06 00:00:00+00:00,USDC,2,DeFiLlama,4278610349.0
2021-01-07 00:00:00+00:00,USDC,2,DeFiLlama,4451051318.0
2021-01-08 00:00:00+00:00,USDC,2,DeFiLlama,4595446469.0
2021-01-09 00:00:00+00:00,USDC,2,DeFiLlama,4667939796.0
2021-01-10 00:00:00+00:00,USDC,2,DeFiLlama,4791190260.0
2021-01-11 00:00:00+00:00,USDC,2,DeFiLlama,4747839414.0
2021-01-12 00:00:00+00:00,USDC,2,DeFiLlama,4781020065.0
2021-01-13 00:00:00+00:00,USDC,2,DeFiLlama,4767580194.0
2021-01-14 00:00:00+00:00,USDC,2,DeFiLlama,4794604286.0
2021-01-15 00:00:00+00:00,USDC,2,DeFiLlama,4847814192.0
2021-01-16 00:00:00+00:00,USDC,2,DeFiLlama,4995526835.0
2021-01-17 00:00:00+00:00,USDC,2,DeFiLlama,5079830181.0
2021-01-18 00:00:00+00:00,USDC,2,DeFiLlama,5071059095.0
2021-01-19 00:00:00+00:00,USDC,2,DeFiLlama,5133433872.0
2021-01-20 00:00:00+00:00,USDC,2,DeFiLlama,5196086023.0
2021-01-21 00:00:00+00:00,USDC,2,DeFiLlama,5361054407.0
2021-01-22 00:00:00+00:00,USDC,2,DeFiLlama,5419745476.0
2021-01-23 00:00:00+00:00,USDC,2,DeFiLlama,5532513224.0
2021-01-24 00:00:00+00:00,USDC,2,DeFiLlama,5591326303.0
2021-01-25 00:00:00+00:00,USDC,2,DeFiLlama,5594518676.0
2021-01-26 00:00:00+00:00,USDC,2,DeFiLlama,5468388402.0
2021-01-27 00:00:00+00:00,USDC,2,DeFiLlama,5450119780.0
2021-01-28 00:00:00+00:00,USDC,2,DeFiLlama,5581983478.0
2021-01-29 00:00:00+00:00,USDC,2,DeFiLlama,5722537809.0
2021-01-30 00:00:00+00:00,USDC,2,DeFiLlama,5834068469.0
2021-01-31 00:00:00+00:00,USDC,2,DeFiLlama,5838942489.0
2021-02-01 00:00:00+00:00,USDC,2,DeFiLlama,5894082170.0
2021-02-02 00:00:00+00:00,USDC,2,DeFiLlama,5962710503.0
2021-02-03 00:00:00+00:00,USDC,2,DeFiLlama,5994687659.0
2021-02-04 00:00:00+00:00,USDC,2,DeFiLlama,6145809025.0
2021-02-05 00:00:00+00:00,USDC,2,DeFiLlama,6237099969.0
2021-02-06 00:00:00+00:00,USDC,2,DeFiLlama,6363174350.0
2021-02-07 00:00:00+00:00,USDC,2,DeFiLlama,6477850957.0
2021-02-08 00:00:00+00:00,USDC,2,DeFiLlama,6525018033.0
2021-02-09 00:00:00+00:00,USDC,2,DeFiLlama,6532672893.0
2021-02-10 00:00:00+00:00,USDC,2,DeFiLlama,6756130435.0
2021-02-11 00:00:00+00:00,USDC,2,DeFiLlama,6807744352.0
2021-02-12 00:00:00+00:00,USDC,2,DeFiLlama,6981649170.0
2021-02-13 00:00:00+00:00,USDC,2,DeFiLlama,7094817169.0
2021-02-14 00:00:00+00:00,USDC,2,DeFiLlama,7339090722.0
2021-02-15 00:00:00+00:00,USDC,2,DeFiLlama,7459584243.0
2021-02-16 00:00:00+00:00,USDC,2,DeFiLlama,7438238949.0
2021-02-17 00:00:00+00:00,USDC,2,DeFiLlama,7266993387.0
2021-02-18 00:00:00+00:00,USDC,2,DeFiLlama,7288058179.0
2021-02-19 00:00:00+00:00,USDC,2,DeFiLlama,7403146915.0
2021-02-20 00:00:00+00:00,USDC,2,DeFiLlama,7683610803.0
2021-02-21 00:00:00+00:00,USDC,2,DeFiLlama,7894202417.0
2021-02-22 00:00:00+00:00,USDC,2,DeFiLlama,7824146458.0
2021-02-23 00:00:00+00:00,USDC,2,DeFiLlama,8156984165.0
2021-02-24 00:00:00+00:00,USDC,2,DeFiLlama,8274267091.0
2021-02-25 00:00:00+00:00,USDC,2,DeFiLlama,8448880996.0
2021-02-26 00:00:00+00:00,USDC,2,DeFiLlama,8477001612.0
2021-02-27 00:00:00+00:00,USDC,2,DeFiLlama,8907415825.0
2021-02-28 00:00:00+00:00,USDC,2,DeFiLlama,9021686919.0
2021-03-01 00:00:00+00:00,USDC,2,DeFiLlama,9006110600.0
2021-03-02 00:00:00+00:00,USDC,2,DeFiLlama,8962773010.0
2021-03-03 00:00:00+00:00,USDC,2,DeFiLlama,8920285945.0
2021-03-04 00:00:00+00:00,USDC,2,DeFiLlama,8771906882.0
2021-03-05 00:00:00+00:00,USDC,2,DeFiLlama,8862651106.0
2021-03-06 00:00:00+00:00,USDC,2,DeFiLlama,8972258225.0
2021-03-07 00:00:00+00:00,USDC,2,DeFiLlama,9142840901.0
2021-03-08 00:00:00+00:00,USDC,2,DeFiLlama,9184957857.0
2021-03-09 00:00:00+00:00,USDC,2,DeFiLlama,9144211361.0
2021-03-10 00:00:00+00:00,USDC,2,DeFiLlama,9147691042.0
2021-03-11 00:00:00+00:00,USDC,2,DeFiLlama,9200207105.0
2021-03-12 00:00:00+00:00,USDC,2,DeFiLlama,9292359502.0
2021-03-13 00:00:00+00:00,USDC,2,DeFiLlama,9473556216.0
2021-03-14 00:00:00+00:00,USDC,2,DeFiLlama,9443898878.0
2021-03-15 00:00:00+00:00,USDC,2,DeFiLlama,9460093771.0
2021-03-16 00:00:00+00:00,USDC,2,DeFiLlama,9519936245.0
2021-03-17 00:00:00+00:00,USDC,2,DeFiLlama,9631416875.0
2021-03-18 00:00:00+00:00,USDC,2,DeFiLlama,9716304881.0
2021-03-19 00:00:00+00:00,USDC,2,DeFiLlama,9841183508.0
2021-03-20 00:00:00+00:00,USDC,2,DeFiLlama,10009990425.0
2021-03-21 00:00:00+00:00,USDC,2,DeFiLlama,10040158546.0
2021-03-22 00:00:00+00:00,USDC,2,DeFiLlama,10192170772.0
2021-03-23 00:00:00+00:00,USDC,2,DeFiLlama,10339298414.0
2021-03-24 00:00:00+00:00,USDC,2,DeFiLlama,10301322962.0
2021-03-25 00:00:00+00:00,USDC,2,DeFiLlama,10434490432.0
2021-03-26 00:00:00+00:00,USDC,2,DeFiLlama,10662159103.0
2021-03-27 00:00:00+00:00,USDC,2,DeFiLlama,10866022678.0
2021-03-28 00:00:00+00:00,USDC,2,DeFiLlama,10924277370.0
2021-03-29 00:00:00+00:00,USDC,2,DeFiLlama,10967061466.0
2021-03-30 00:00:00+00:00,USDC,2,DeFiLlama,10808029963.0
2021-03-31 00:00:00+00:00,USDC,2,DeFiLlama,10895891614.0
2021-04-01 00:00:00+00:00,USDC,2,DeFiLlama,10817644903.0
2021-04-02 00:00:00+00:00,USDC,2,DeFiLlama,10907464589.0
2021-04-03 00:00:00+00:00,USDC,2,DeFiLlama,10739406278.0
2021-04-04 00:00:00+00:00,USDC,2,DeFiLlama,10896828274.0
2021-04-05 00:00:00+00:00,USDC,2,DeFiLlama,10923367243.0
2021-04-06 00:00:00+00:00,USDC,2,DeFiLlama,11028390658.0
2021-04-07 00:00:00+00:00,USDC,2,DeFiLlama,10984645427.0
2021-04-08 00:00:00+00:00,USDC,2,DeFiLlama,11017257261.0
2021-04-09 00:00:00+00:00,USDC,2,DeFiLlama,11195198971.0
2021-04-10 00:00:00+00:00,USDC,2,DeFiLlama,11199866760.0
2021-04-11 00:00:00+00:00,USDC,2,DeFiLlama,11183088794.0
2021-04-12 00:00:00+00:00,USDC,2,DeFiLlama,11137460232.0
2021-04-13 00:00:00+00:00,USDC,2,DeFiLlama,11011455999.0
2021-04-14 00:00:00+00:00,USDC,2,DeFiLlama,11325569308.0
2021-04-15 00:00:00+00:00,USDC,2,DeFiLlama,11534755675.0
2021-04-16 00:00:00+00:00,USDC,2,DeFiLlama,11811178519.0
2021-04-17 00:00:00+00:00,USDC,2,DeFiLlama,12098944555.0
2021-04-18 00:00:00+00:00,USDC,2,DeFiLlama,12486689060.0
2021-04-19 00:00:00+00:00,USDC,2,DeFiLlama,12636603386.0
2021-04-20 00:00:00+00:00,USDC,2,DeFiLlama,12924057369.0
2021-04-21 00:00:00+00:00,USDC,2,DeFiLlama,12968098641.0
2021-04-22 00:00:00+00:00,USDC,2,DeFiLlama,13037727643.0
2021-04-23 00:00:00+00:00,USDC,2,DeFiLlama,13022624086.0
2021-04-24 00:00:00+00:00,USDC,2,DeFiLlama,13426988492.0
2021-04-25 00:00:00+00:00,USDC,2,DeFiLlama,13567365689.0
2021-04-26 00:00:00+00:00,USDC,2,DeFiLlama,13624732938.0
2021-04-27 00:00:00+00:00,USDC,2,DeFiLlama,13847804660.0
2021-04-28 00:00:00+00:00,USDC,2,DeFiLlama,13803360389.0
2021-04-29 00:00:00+00:00,USDC,2,DeFiLlama,13923784307.0
2021-04-30 00:00:00+00:00,USDC,2,DeFiLlama,13937040206.0
2021-05-01 00:00:00+00:00,USDC,2,DeFiLlama,14014219976.0
2021-05-02 00:00:00+00:00,USDC,2,DeFiLlama,14060614201.0
2021-05-03 00:00:00+00:00,USDC,2,DeFiLlama,14036298911.0
2021-05-04 00:00:00+00:00,USDC,2,DeFiLlama,14009366058.0
2021-05-05 00:00:00+00:00,USDC,2,DeFiLlama,14233051613.0
2021-05-06 00:00:00+00:00,USDC,2,DeFiLlama,14499689844.0
2021-05-07 00:00:00+00:00,USDC,2,DeFiLlama,14494849887.0
2021-05-08 00:00:00+00:00,USDC,2,DeFiLlama,14631607000.0
2021-05-09 00:00:00+00:00,USDC,2,DeFiLlama,14873467563.0
2021-05-10 00:00:00+00:00,USDC,2,DeFiLlama,15073286295.0
2021-05-11 00:00:00+00:00,USDC,2,DeFiLlama,15115069069.0
2021-05-12 00:00:00+00:00,USDC,2,DeFiLlama,15196809748.0
2021-05-13 00:00:00+00:00,USDC,2,DeFiLlama,15116810798.0
2021-05-14 00:00:00+00:00,USDC,2,DeFiLlama,15497365547.0
2021-05-15 00:00:00+00:00,USDC,2,DeFiLlama,15676063545.0
2021-05-16 00:00:00+00:00,USDC,2,DeFiLlama,15951565002.0
2021-05-17 00:00:00+00:00,USDC,2,DeFiLlama,16046120101.0
2021-05-18 00:00:00+00:00,USDC,2,DeFiLlama,16227486634.0
2021-05-19 00:00:00+00:00,USDC,2,DeFiLlama,16364158233.0
2021-05-20 00:00:00+00:00,USDC,2,DeFiLlama,16921911982.0
2021-05-21 00:00:00+00:00,USDC,2,DeFiLlama,17703044685.0
2021-05-22 00:00:00+00:00,USDC,2,DeFiLlama,18852846556.0
2021-05-23 00:00:00+00:00,USDC,2,DeFiLlama,19236012002.0
2021-05-24 00:00:00+00:00,USDC,2,DeFiLlama,19815764588.0
2021-05-25 00:00:00+00:00,USDC,2,DeFiLlama,20135593761.0
2021-05-26 00:00:00+00:00,USDC,2,DeFiLlama,20282577172.0
2021-05-27 00:00:00+00:00,USDC,2,DeFiLlama,20927656153.0
2021-05-28 00:00:00+00:00,USDC,2,DeFiLlama,21317301392.0
2021-05-29 00:00:00+00:00,USDC,2,DeFiLlama,21610221878.0
2021-05-30 00:00:00+00:00,USDC,2,DeFiLlama,21517665563.0
2021-05-31 00:00:00+00:00,USDC,2,DeFiLlama,21813877024.0
2021-06-01 00:00:00+00:00,USDC,2,DeFiLlama,22054708682.0
2021-06-02 00:00:00+00:00,USDC,2,DeFiLlama,22066399018.0
2021-06-03 00:00:00+00:00,USDC,2,DeFiLlama,22029361895.0
2021-06-04 00:00:00+00:00,USDC,2,DeFiLlama,22164430413.0
2021-06-05 00:00:00+00:00,USDC,2,DeFiLlama,22185076816.0
2021-06-06 00:00:00+00:00,USDC,2,DeFiLlama,22298978455.0
2021-06-07 00:00:00+00:00,USDC,2,DeFiLlama,22474069289.0
2021-06-08 00:00:00+00:00,USDC,2,DeFiLlama,22313820640.0
2021-06-09 00:00:00+00:00,USDC,2,DeFiLlama,22583036708.0
2021-06-10 00:00:00+00:00,USDC,2,DeFiLlama,22561985161.0
2021-06-11 00:00:00+00:00,USDC,2,DeFiLlama,22738325325.0
2021-06-12 00:00:00+00:00,USDC,2,DeFiLlama,22863014183.0
2021-06-13 00:00:00+00:00,USDC,2,DeFiLlama,22919289108.0
2021-06-14 00:00:00+00:00,USDC,2,DeFiLlama,23231584136.0
2021-06-15 00:00:00+00:00,USDC,2,DeFiLlama,23238030664.0
2021-06-16 00:00:00+00:00,USDC,2,DeFiLlama,23241479803.0
2021-06-17 00:00:00+00:00,USDC,2,DeFiLlama,23282172761.0
2021-06-18 00:00:00+00:00,USDC,2,DeFiLlama,23354413423.0
2021-06-19 00:00:00+00:00,USDC,2,DeFiLlama,23589570594.0
2021-06-20 00:00:00+00:00,USDC,2,DeFiLlama,23675545943.0
2021-06-21 00:00:00+00:00,USDC,2,DeFiLlama,23907248785.0
2021-06-22 00:00:00+00:00,USDC,2,DeFiLlama,24371918826.0
2021-06-23 00:00:00+00:00,USDC,2,DeFiLlama,24674499347.0
2021-06-24 00:00:00+00:00,USDC,2,DeFiLlama,24852523905.0
2021-06-25 00:00:00+00:00,USDC,2,DeFiLlama,24866444836.0
2021-06-26 00:00:00+00:00,USDC,2,DeFiLlama,25132486624.0
2021-06-27 00:00:00+00:00,USDC,2,DeFiLlama,25176266817.0
2021-06-28 00:00:00+00:00,USDC,2,DeFiLlama,25365426645.0
2021-06-29 00:00:00+00:00,USDC,2,DeFiLlama,24761864208.0
2021-06-30 00:00:00+00:00,USDC,2,DeFiLlama,24562586264.0
2021-07-01 00:00:00+00:00,USDC,2,DeFiLlama,24461353225.0
2021-07-02 00:00:00+00:00,USDC,2,DeFiLlama,24559899503.0
2021-07-03 00:00:00+00:00,USDC,2,DeFiLlama,24729271569.0
2021-07-04 00:00:00+00:00,USDC,2,DeFiLlama,24749706440.0
2021-07-05 00:00:00+00:00,USDC,2,DeFiLlama,24698950801.0
2021-07-06 00:00:00+00:00,USDC,2,DeFiLlama,24784636183.0
2021-07-07 00:00:00+00:00,USDC,2,DeFiLlama,25007772751.0
2021-07-08 00:00:00+00:00,USDC,2,DeFiLlama,25049282143.0
2021-07-09 00:00:00+00:00,USDC,2,DeFiLlama,25195666135.0
2021-07-10 00:00:00+00:00,USDC,2,DeFiLlama,25295633912.0
2021-07-11 00:00:00+00:00,USDC,2,DeFiLlama,25329116463.0
2021-07-12 00:00:00+00:00,USDC,2,DeFiLlama,25300760262.0
2021-07-13 00:00:00+00:00,USDC,2,DeFiLlama,25818064022.0
2021-07-14 00:00:00+00:00,USDC,2,DeFiLlama,25765770661.0
2021-07-15 00:00:00+00:00,USDC,2,DeFiLlama,25341152666.0
2021-07-16 00:00:00+00:00,USDC,2,DeFiLlama,25680919423.0
2021-07-17 00:00:00+00:00,USDC,2,DeFiLlama,25689016990.0
2021-07-18 00:00:00+00:00,USDC,2,DeFiLlama,25793165676.0
2021-07-19 00:00:00+00:00,USDC,2,DeFiLlama,25990195837.0
2021-07-20 00:00:00+00:00,USDC,2,DeFiLlama,25990119247.0
2021-07-21 00:00:00+00:00,USDC,2,DeFiLlama,26076056513.0
2021-07-22 00:00:00+00:00,USDC,2,DeFiLlama,26286619168.0
2021-07-23 00:00:00+00:00,USDC,2,DeFiLlama,26186155489.0
2021-07-24 00:00:00+00:00,USDC,2,DeFiLlama,26195962164.0
2021-07-25 00:00:00+00:00,USDC,2,DeFiLlama,26291246637.0
2021-07-26 00:00:00+00:00,USDC,2,DeFiLlama,26465405738.0
2021-07-27 00:00:00+00:00,USDC,2,DeFiLlama,26246116613.0
2021-07-28 00:00:00+00:00,USDC,2,DeFiLlama,26513829488.0
2021-07-29 00:00:00+00:00,USDC,2,DeFiLlama,26513373272.0
2021-07-30 00:00:00+00:00,USDC,2,DeFiLlama,26341046066.0
2021-07-31 00:00:00+00:00,USDC,2,DeFiLlama,26652735034.0
2021-08-01 00:00:00+00:00,USDC,2,DeFiLlama,26508722814.0
2021-08-02 00:00:00+00:00,USDC,2,DeFiLlama,26521016129.0
2021-08-03 00:00:00+00:00,USDC,2,DeFiLlama,26574174966.0
2021-08-04 00:00:00+00:00,USDC,2,DeFiLlama,26573351373.0
2021-08-05 00:00:00+00:00,USDC,2,DeFiLlama,26719341733.0
2021-08-06 00:00:00+00:00,USDC,2,DeFiLlama,26726882907.0
2021-08-07 00:00:00+00:00,USDC,2,DeFiLlama,26776622283.0
2021-08-08 00:00:00+00:00,USDC,2,DeFiLlama,26875031288.0
2021-08-09 00:00:00+00:00,USDC,2,DeFiLlama,26952878399.0
2021-08-10 00:00:00+00:00,USDC,2,DeFiLlama,26763265160.0
2021-08-11 00:00:00+00:00,USDC,2,DeFiLlama,26646877461.0
2021-08-12 00:00:00+00:00,USDC,2,DeFiLlama,26559785906.0
2021-08-13 00:00:00+00:00,USDC,2,DeFiLlama,26630602613.0
2021-08-14 00:00:00+00:00,USDC,2,DeFiLlama,26522600501.0
2021-08-15 00:00:00+00:00,USDC,2,DeFiLlama,26474851262.0
2021-08-16 00:00:00+00:00,USDC,2,DeFiLlama,26458863776.0
2021-08-17 00:00:00+00:00,USDC,2,DeFiLlama,26452842755.0
2021-08-18 00:00:00+00:00,USDC,2,DeFiLlama,26401592934.0
2021-08-19 00:00:00+00:00,USDC,2,DeFiLlama,26304572587.0
2021-08-20 00:00:00+00:00,USDC,2,DeFiLlama,26146903021.0
2021-08-21 00:00:00+00:00,USDC,2,DeFiLlama,25842260406.0
2021-08-22 00:00:00+00:00,USDC,2,DeFiLlama,25820545276.0
2021-08-23 00:00:00+00:00,USDC,2,DeFiLlama,25856654420.0
2021-08-24 00:00:00+00:00,USDC,2,DeFiLlama,25838836306.0
2021-08-25 00:00:00+00:00,USDC,2,DeFiLlama,25843017180.0
2021-08-26 00:00:00+00:00,USDC,2,DeFiLlama,25870108604.0
2021-08-27 00:00:00+00:00,USDC,2,DeFiLlama,25955731956.0
2021-08-28 00:00:00+00:00,USDC,2,DeFiLlama,25971796111.0
2021-08-29 00:00:00+00:00,USDC,2,DeFiLlama,26092906835.0
2021-08-30 00:00:00+00:00,USDC,2,DeFiLlama,26056994758.0
2021-08-31 00:00:00+00:00,USDC,2,DeFiLlama,26215264633.0
2021-09-01 00:00:00+00:00,USDC,2,DeFiLlama,26221523706.0
2021-09-02 00:00:00+00:00,USDC,2,DeFiLlama,26084324447.0
2021-09-03 00:00:00+00:00,USDC,2,DeFiLlama,26207714635.0
2021-09-04 00:00:00+00:00,USDC,2,DeFiLlama,26266905633.0
2021-09-05 00:00:00+00:00,USDC,2,DeFiLlama,26340401102.0
2021-09-06 00:00:00+00:00,USDC,2,DeFiLlama,26280980640.0
2021-09-07 00:00:00+00:00,USDC,2,DeFiLlama,26240600609.0
2021-09-08 00:00:00+00:00,USDC,2,DeFiLlama,26641153591.0
2021-09-09 00:00:00+00:00,USDC,2,DeFiLlama,26754732963.0
2021-09-10 00:00:00+00:00,USDC,2,DeFiLlama,26768551034.0
2021-09-11 00:00:00+00:00,USDC,2,DeFiLlama,26815378393.0
2021-09-12 00:00:00+00:00,USDC,2,DeFiLlama,26818842477.0
2021-09-13 00:00:00+00:00,USDC,2,DeFiLlama,26716736814.0
2021-09-14 00:00:00+00:00,USDC,2,DeFiLlama,26722347442.0
2021-09-15 00:00:00+00:00,USDC,2,DeFiLlama,26632175334.0
2021-09-16 00:00:00+00:00,USDC,2,DeFiLlama,26668561006.0
2021-09-17 00:00:00+00:00,USDC,2,DeFiLlama,26688618093.0
2021-09-18 00:00:00+00:00,USDC,2,DeFiLlama,26802307030.0
2021-09-19 00:00:00+00:00,USDC,2,DeFiLlama,26925455790.0
2021-09-20 00:00:00+00:00,USDC,2,DeFiLlama,26961366369.0
2021-09-21 00:00:00+00:00,USDC,2,DeFiLlama,26751373727.0
2021-09-22 00:00:00+00:00,USDC,2,DeFiLlama,27114887122.0
2021-09-23 00:00:00+00:00,USDC,2,DeFiLlama,27458233414.0
2021-09-24 00:00:00+00:00,USDC,2,DeFiLlama,27701078575.0
2021-09-25 00:00:00+00:00,USDC,2,DeFiLlama,28049250648.0
2021-09-26 00:00:00+00:00,USDC,2,DeFiLlama,28331522356.0
2021-09-27 00:00:00+00:00,USDC,2,DeFiLlama,28643464510.0
2021-09-28 00:00:00+00:00,USDC,2,DeFiLlama,28389873504.0
2021-09-29 00:00:00+00:00,USDC,2,DeFiLlama,28296035654.0
2021-09-30 00:00:00+00:00,USDC,2,DeFiLlama,28736538194.0
2021-10-01 00:00:00+00:00,USDC,2,DeFiLlama,29039226035.0
2021-10-02 00:00:00+00:00,USDC,2,DeFiLlama,29093494104.0
2021-10-03 00:00:00+00:00,USDC,2,DeFiLlama,29184584012.0
2021-10-04 00:00:00+00:00,USDC,2,DeFiLlama,29387633131.0
2021-10-05 00:00:00+00:00,USDC,2,DeFiLlama,29348224312.0
2021-10-06 00:00:00+00:00,USDC,2,DeFiLlama,29476189364.0
2021-10-07 00:00:00+00:00,USDC,2,DeFiLlama,29699110793.0
2021-10-08 00:00:00+00:00,USDC,2,DeFiLlama,29928524341.0
2021-10-09 00:00:00+00:00,USDC,2,DeFiLlama,29928508714.0
2021-10-10 00:00:00+00:00,USDC,2,DeFiLlama,30057396408.0
2021-10-11 00:00:00+00:00,USDC,2,DeFiLlama,30155659583.0
2021-10-12 00:00:00+00:00,USDC,2,DeFiLlama,30349630404.0
2021-10-13 00:00:00+00:00,USDC,2,DeFiLlama,30024905369.0
2021-10-14 00:00:00+00:00,USDC,2,DeFiLlama,30003532719.0
2021-10-15 00:00:00+00:00,USDC,2,DeFiLlama,30022871598.0
2021-10-16 00:00:00+00:00,USDC,2,DeFiLlama,30066911471.0
2021-10-17 00:00:00+00:00,USDC,2,DeFiLlama,29956299207.0
2021-10-18 00:00:00+00:00,USDC,2,DeFiLlama,29871503116.0
2021-10-19 00:00:00+00:00,USDC,2,DeFiLlama,29798054363.0
2021-10-20 00:00:00+00:00,USDC,2,DeFiLlama,29396701399.0
2021-10-21 00:00:00+00:00,USDC,2,DeFiLlama,29681992992.0
2021-10-22 00:00:00+00:00,USDC,2,DeFiLlama,29621702533.0
2021-10-23 00:00:00+00:00,USDC,2,DeFiLlama,29711144154.0
2021-10-24 00:00:00+00:00,USDC,2,DeFiLlama,29741089302.0
2021-10-25 00:00:00+00:00,USDC,2,DeFiLlama,29822343977.0
2021-10-26 00:00:00+00:00,USDC,2,DeFiLlama,29828074402.0
2021-10-27 00:00:00+00:00,USDC,2,DeFiLlama,29627386281.0
2021-10-28 00:00:00+00:00,USDC,2,DeFiLlama,29836139773.0
2021-10-29 00:00:00+00:00,USDC,2,DeFiLlama,29881157863.0
2021-10-30 00:00:00+00:00,USDC,2,DeFiLlama,30153670819.0
2021-10-31 00:00:00+00:00,USDC,2,DeFiLlama,30353975786.0
2021-11-01 00:00:00+00:00,USDC,2,DeFiLlama,30152131070.0
2021-11-02 00:00:00+00:00,USDC,2,DeFiLlama,30365028672.0
2021-11-03 00:00:00+00:00,USDC,2,DeFiLlama,30589405436.0
2021-11-04 00:00:00+00:00,USDC,2,DeFiLlama,30696145681.0
2021-11-05 00:00:00+00:00,USDC,2,DeFiLlama,30818063134.0
2021-11-06 00:00:00+00:00,USDC,2,DeFiLlama,31024321959.0
2021-11-07 00:00:00+00:00,USDC,2,DeFiLlama,31258939413.0
2021-11-08 00:00:00+00:00,USDC,2,DeFiLlama,31114067501.0
2021-11-09 00:00:00+00:00,USDC,2,DeFiLlama,31130461508.0
2021-11-10 00:00:00+00:00,USDC,2,DeFiLlama,31375972740.0
2021-11-11 00:00:00+00:00,USDC,2,DeFiLlama,31293876858.0
2021-11-12 00:00:00+00:00,USDC,2,DeFiLlama,31137831631.0
2021-11-13 00:00:00+00:00,USDC,2,DeFiLlama,31279966086.0
2021-11-14 00:00:00+00:00,USDC,2,DeFiLlama,31207735838.0
2021-11-15 00:00:00+00:00,USDC,2,DeFiLlama,31478449113.0
2021-11-16 00:00:00+00:00,USDC,2,DeFiLlama,31456226706.0
2021-11-17 00:00:00+00:00,USDC,2,DeFiLlama,31724518112.0
2021-11-18 00:00:00+00:00,USDC,2,DeFiLlama,31867064842.0
2021-11-19 00:00:00+00:00,USDC,2,DeFiLlama,31934977680.0
2021-11-20 00:00:00+00:00,USDC,2,DeFiLlama,32549345635.0
2021-11-21 00:00:00+00:00,USDC,2,DeFiLlama,32791062650.0
2021-11-22 00:00:00+00:00,USDC,2,DeFiLlama,32917872689.0
2021-11-23 00:00:00+00:00,USDC,2,DeFiLlama,33019028240.0
2021-11-24 00:00:00+00:00,USDC,2,DeFiLlama,33457253607.0
2021-11-25 00:00:00+00:00,USDC,2,DeFiLlama,33626688636.0
2021-11-26 00:00:00+00:00,USDC,2,DeFiLlama,33719320397.0
2021-11-27 00:00:00+00:00,USDC,2,DeFiLlama,34213825115.0
2021-11-28 00:00:00+00:00,USDC,2,DeFiLlama,34344852207.0
2021-11-29 00:00:00+00:00,USDC,2,DeFiLlama,34406629626.0
2021-11-30 00:00:00+00:00,USDC,2,DeFiLlama,34474416066.0
2021-12-01 00:00:00+00:00,USDC,2,DeFiLlama,34618274564.0
2021-12-02 00:00:00+00:00,USDC,2,DeFiLlama,34839667188.0
2021-12-03 00:00:00+00:00,USDC,2,DeFiLlama,34870141329.0
2021-12-04 00:00:00+00:00,USDC,2,DeFiLlama,35254362653.0
2021-12-05 00:00:00+00:00,USDC,2,DeFiLlama,35569956488.0
2021-12-06 00:00:00+00:00,USDC,2,DeFiLlama,36069942568.0
2021-12-07 00:00:00+00:00,USDC,2,DeFiLlama,36127954332.0
2021-12-08 00:00:00+00:00,USDC,2,DeFiLlama,36255478336.0
2021-12-09 00:00:00+00:00,USDC,2,DeFiLlama,36199599065.0
2021-12-10 00:00:00+00:00,USDC,2,DeFiLlama,36208103807.0
2021-12-11 00:00:00+00:00,USDC,2,DeFiLlama,36468183747.0
2021-12-12 00:00:00+00:00,USDC,2,DeFiLlama,36652540236.0
2021-12-13 00:00:00+00:00,USDC,2,DeFiLlama,36800745065.0
2021-12-14 00:00:00+00:00,USDC,2,DeFiLlama,36834945398.0
2021-12-15 00:00:00+00:00,USDC,2,DeFiLlama,37038598604.0
2021-12-16 00:00:00+00:00,USDC,2,DeFiLlama,37059237757.0
2021-12-17 00:00:00+00:00,USDC,2,DeFiLlama,37089013384.0
2021-12-18 00:00:00+00:00,USDC,2,DeFiLlama,37211585758.0
2021-12-19 00:00:00+00:00,USDC,2,DeFiLlama,37313975606.0
2021-12-20 00:00:00+00:00,USDC,2,DeFiLlama,37253198251.0
2021-12-21 00:00:00+00:00,USDC,2,DeFiLlama,37649358236.0
2021-12-22 00:00:00+00:00,USDC,2,DeFiLlama,37828297150.0
2021-12-23 00:00:00+00:00,USDC,2,DeFiLlama,37728705538.0
2021-12-24 00:00:00+00:00,USDC,2,DeFiLlama,37970701588.0
2021-12-25 00:00:00+00:00,USDC,2,DeFiLlama,37844226559.0
2021-12-26 00:00:00+00:00,USDC,2,DeFiLlama,37757513878.0
2021-12-27 00:00:00+00:00,USDC,2,DeFiLlama,37746345765.0
2021-12-28 00:00:00+00:00,USDC,2,DeFiLlama,37830057585.0
2021-12-29 00:00:00+00:00,USDC,2,DeFiLlama,37756106793.0
2021-12-30 00:00:00+00:00,USDC,2,DeFiLlama,37863191356.0
2021-12-31 00:00:00+00:00,USDC,2,DeFiLlama,38090237030.0
2022-01-01 00:00:00+00:00,USDC,2,DeFiLlama,38036058686.0
2022-01-02 00:00:00+00:00,USDC,2,DeFiLlama,42760873306.0
2022-01-03 00:00:00+00:00,USDC,2,DeFiLlama,42655313508.0
2022-01-04 00:00:00+00:00,USDC,2,DeFiLlama,42723316425.0
2022-01-05 00:00:00+00:00,USDC,2,DeFiLlama,42777109152.0
2022-01-06 00:00:00+00:00,USDC,2,DeFiLlama,43027472319.0
2022-01-07 00:00:00+00:00,USDC,2,DeFiLlama,43251205503.0
2022-01-08 00:00:00+00:00,USDC,2,DeFiLlama,43320778363.0
2022-01-09 00:00:00+00:00,USDC,2,DeFiLlama,43556637744.0
2022-01-10 00:00:00+00:00,USDC,2,DeFiLlama,43661822844.0
2022-01-11 00:00:00+00:00,USDC,2,DeFiLlama,44019033749.0
2022-01-12 00:00:00+00:00,USDC,2,DeFiLlama,44159865179.0
2022-01-13 00:00:00+00:00,USDC,2,DeFiLlama,44837278153.0
2022-01-14 00:00:00+00:00,USDC,2,DeFiLlama,45045552242.0
2022-01-15 00:00:00+00:00,USDC,2,DeFiLlama,45175805694.0
2022-01-16 00:00:00+00:00,USDC,2,DeFiLlama,45242838593.0
2022-01-17 00:00:00+00:00,USDC,2,DeFiLlama,45418654259.0
2022-01-18 00:00:00+00:00,USDC,2,DeFiLlama,45747085918.0
2022-01-19 00:00:00+00:00,USDC,2,DeFiLlama,45746335547.0
2022-01-20 00:00:00+00:00,USDC,2,DeFiLlama,46002470366.0
2022-01-21 00:00:00+00:00,USDC,2,DeFiLlama,46437722997.0
2022-01-22 00:00:00+00:00,USDC,2,DeFiLlama,46562860390.0
2022-01-23 00:00:00+00:00,USDC,2,DeFiLlama,48156323748.0
2022-01-24 00:00:00+00:00,USDC,2,DeFiLlama,48205023810.0
2022-01-25 00:00:00+00:00,USDC,2,DeFiLlama,48274993499.0
2022-01-26 00:00:00+00:00,USDC,2,DeFiLlama,48885599729.0
2022-01-27 00:00:00+00:00,USDC,2,DeFiLlama,49203305114.0
2022-01-28 00:00:00+00:00,USDC,2,DeFiLlama,49721934526.0
2022-01-29 00:00:00+00:00,USDC,2,DeFiLlama,49647123255.0
2022-01-30 00:00:00+00:00,USDC,2,DeFiLlama,49977971633.0
2022-01-31 00:00:00+00:00,USDC,2,DeFiLlama,49830016621.0
2022-02-01 00:00:00+00:00,USDC,2,DeFiLlama,49973248088.0
2022-02-02 00:00:00+00:00,USDC,2,DeFiLlama,50287901363.0
2022-02-03 00:00:00+00:00,USDC,2,DeFiLlama,50575757847.0
2022-02-04 00:00:00+00:00,USDC,2,DeFiLlama,50984606871.0
2022-02-05 00:00:00+00:00,USDC,2,DeFiLlama,51685504151.0
2022-02-06 00:00:00+00:00,USDC,2,DeFiLlama,51048108700.0
2022-02-07 00:00:00+00:00,USDC,2,DeFiLlama,51253991442.0
2022-02-08 00:00:00+00:00,USDC,2,DeFiLlama,51331638426.0
2022-02-09 00:00:00+00:00,USDC,2,DeFiLlama,51668493314.0
2022-02-10 00:00:00+00:00,USDC,2,DeFiLlama,51969475210.0
2022-02-11 00:00:00+00:00,USDC,2,DeFiLlama,52156170865.0
2022-02-12 00:00:00+00:00,USDC,2,DeFiLlama,52267294768.0
2022-02-13 00:00:00+00:00,USDC,2,DeFiLlama,52382100781.0
2022-02-14 00:00:00+00:00,USDC,2,DeFiLlama,52484308564.0
2022-02-15 00:00:00+00:00,USDC,2,DeFiLlama,52505343847.0
2022-02-16 00:00:00+00:00,USDC,2,DeFiLlama,52546402519.0
2022-02-17 00:00:00+00:00,USDC,2,DeFiLlama,52530654585.0
2022-02-18 00:00:00+00:00,USDC,2,DeFiLlama,52534123611.0
2022-02-19 00:00:00+00:00,USDC,2,DeFiLlama,52593125713.0
2022-02-20 00:00:00+00:00,USDC,2,DeFiLlama,52813938852.0
2022-02-21 00:00:00+00:00,USDC,2,DeFiLlama,52767858858.0
2022-02-22 00:00:00+00:00,USDC,2,DeFiLlama,52795423472.0
2022-02-23 00:00:00+00:00,USDC,2,DeFiLlama,52815277684.0
2022-02-24 00:00:00+00:00,USDC,2,DeFiLlama,52896562532.0
2022-02-25 00:00:00+00:00,USDC,2,DeFiLlama,53293074460.0
2022-02-26 00:00:00+00:00,USDC,2,DeFiLlama,53228222900.0
2022-02-27 00:00:00+00:00,USDC,2,DeFiLlama,53491720741.0
2022-02-28 00:00:00+00:00,USDC,2,DeFiLlama,53700435672.0
2022-03-01 00:00:00+00:00,USDC,2,DeFiLlama,53485249389.0
2022-03-02 00:00:00+00:00,USDC,2,DeFiLlama,53562722005.0
2022-03-03 00:00:00+00:00,USDC,2,DeFiLlama,53442309997.0
2022-03-04 00:00:00+00:00,USDC,2,DeFiLlama,53377695354.0
2022-03-05 00:00:00+00:00,USDC,2,DeFiLlama,52853843180.0
2022-03-06 00:00:00+00:00,USDC,2,DeFiLlama,53003813247.0
2022-03-07 00:00:00+00:00,USDC,2,DeFiLlama,52802964510.0
2022-03-08 00:00:00+00:00,USDC,2,DeFiLlama,52108806218.0
2022-03-09 00:00:00+00:00,USDC,2,DeFiLlama,52397013929.0
2022-03-10 00:00:00+00:00,USDC,2,DeFiLlama,52381247591.0
2022-03-11 00:00:00+00:00,USDC,2,DeFiLlama,52553847626.0
2022-03-12 00:00:00+00:00,USDC,2,DeFiLlama,52418734478.0
2022-03-13 00:00:00+00:00,USDC,2,DeFiLlama,52439661608.0
2022-03-14 00:00:00+00:00,USDC,2,DeFiLlama,52487554991.0
2022-03-15 00:00:00+00:00,USDC,2,DeFiLlama,52480397459.0
2022-03-16 00:00:00+00:00,USDC,2,DeFiLlama,52296851758.0
2022-03-17 00:00:00+00:00,USDC,2,DeFiLlama,52312510916.0
2022-03-18 00:00:00+00:00,USDC,2,DeFiLlama,52834030665.0
2022-03-19 00:00:00+00:00,USDC,2,DeFiLlama,52839944983.0
2022-03-20 00:00:00+00:00,USDC,2,DeFiLlama,52860117533.0
2022-03-21 00:00:00+00:00,USDC,2,DeFiLlama,52962160502.0
2022-03-22 00:00:00+00:00,USDC,2,DeFiLlama,52982047334.0
2022-03-23 00:00:00+00:00,USDC,2,DeFiLlama,52624999902.0
2022-03-24 00:00:00+00:00,USDC,2,DeFiLlama,52254041674.0
2022-03-25 00:00:00+00:00,USDC,2,DeFiLlama,52514002964.0
2022-03-26 00:00:00+00:00,USDC,2,DeFiLlama,51829555840.0
2022-03-27 00:00:00+00:00,USDC,2,DeFiLlama,51930661568.0
2022-03-28 00:00:00+00:00,USDC,2,DeFiLlama,52017587466.0
2022-03-29 00:00:00+00:00,USDC,2,DeFiLlama,51997078133.0
2022-03-30 00:00:00+00:00,USDC,2,DeFiLlama,52053263605.0
2022-03-31 00:00:00+00:00,USDC,2,DeFiLlama,52542232747.0
2022-04-01 00:00:00+00:00,USDC,2,DeFiLlama,52099767353.0
2022-04-02 00:00:00+00:00,USDC,2,DeFiLlama,52240696278.0
2022-04-03 00:00:00+00:00,USDC,2,DeFiLlama,52022414788.0
2022-04-04 00:00:00+00:00,USDC,2,DeFiLlama,51681922755.0
2022-04-05 00:00:00+00:00,USDC,2,DeFiLlama,51632537734.0
2022-04-06 00:00:00+00:00,USDC,2,DeFiLlama,51195377227.0
2022-04-07 00:00:00+00:00,USDC,2,DeFiLlama,50821915596.0
2022-04-08 00:00:00+00:00,USDC,2,DeFiLlama,50741829319.0
2022-04-09 00:00:00+00:00,USDC,2,DeFiLlama,50760284596.0
2022-04-10 00:00:00+00:00,USDC,2,DeFiLlama,50897873579.0
2022-04-11 00:00:00+00:00,USDC,2,DeFiLlama,50823181792.0
2022-04-12 00:00:00+00:00,USDC,2,DeFiLlama,50517839849.0
2022-04-13 00:00:00+00:00,USDC,2,DeFiLlama,50431114111.0
2022-04-14 00:00:00+00:00,USDC,2,DeFiLlama,50355429166.0
2022-04-15 00:00:00+00:00,USDC,2,DeFiLlama,50198968692.0
2022-04-16 00:00:00+00:00,USDC,2,DeFiLlama,50132612031.0
2022-04-17 00:00:00+00:00,USDC,2,DeFiLlama,49945295722.0
2022-04-18 00:00:00+00:00,USDC,2,DeFiLlama,50040980409.0
2022-04-19 00:00:00+00:00,USDC,2,DeFiLlama,49818825403.0
2022-04-20 00:00:00+00:00,USDC,2,DeFiLlama,49989005429.0
2022-04-21 00:00:00+00:00,USDC,2,DeFiLlama,49803810208.0
2022-04-22 00:00:00+00:00,USDC,2,DeFiLlama,49829038347.0
2022-04-23 00:00:00+00:00,USDC,2,DeFiLlama,49858673782.0
2022-04-24 00:00:00+00:00,USDC,2,DeFiLlama,49956236614.0
2022-04-25 00:00:00+00:00,USDC,2,DeFiLlama,49872607349.0
2022-04-26 00:00:00+00:00,USDC,2,DeFiLlama,49827827206.0
2022-04-27 00:00:00+00:00,USDC,2,DeFiLlama,49260468056.0
2022-04-28 00:00:00+00:00,USDC,2,DeFiLlama,49272391377.0
2022-04-29 00:00:00+00:00,USDC,2,DeFiLlama,49310551976.0
2022-04-30 00:00:00+00:00,USDC,2,DeFiLlama,49157157170.0
2022-05-01 00:00:00+00:00,USDC,2,DeFiLlama,49079584930.0
2022-05-02 00:00:00+00:00,USDC,2,DeFiLlama,49198695012.0
2022-05-03 00:00:00+00:00,USDC,2,DeFiLlama,49060208684.0
2022-05-04 00:00:00+00:00,USDC,2,DeFiLlama,48952494107.0
2022-05-05 00:00:00+00:00,USDC,2,DeFiLlama,48774102788.0
2022-05-06 00:00:00+00:00,USDC,2,DeFiLlama,48801908407.0
2022-05-07 00:00:00+00:00,USDC,2,DeFiLlama,48303717277.0
2022-05-08 00:00:00+00:00,USDC,2,DeFiLlama,48371441187.0
2022-05-09 00:00:00+00:00,USDC,2,DeFiLlama,48502034118.0
2022-05-10 00:00:00+00:00,USDC,2,DeFiLlama,48413301118.0
2022-05-11 00:00:00+00:00,USDC,2,DeFiLlama,48451920962.0
2022-05-12 00:00:00+00:00,USDC,2,DeFiLlama,49696713386.0
2022-05-13 00:00:00+00:00,USDC,2,DeFiLlama,49696713386.0
2022-05-14 00:00:00+00:00,USDC,2,DeFiLlama,50782055666.0
2022-05-15 00:00:00+00:00,USDC,2,DeFiLlama,51107647449.0
2022-05-16 00:00:00+00:00,USDC,2,DeFiLlama,51152890349.0
2022-05-17 00:00:00+00:00,USDC,2,DeFiLlama,52061685318.0
2022-05-18 00:00:00+00:00,USDC,2,DeFiLlama,52259379224.0
2022-05-19 00:00:00+00:00,USDC,2,DeFiLlama,52376875738.0
2022-05-20 00:00:00+00:00,USDC,2,DeFiLlama,52734559340.0
2022-05-21 00:00:00+00:00,USDC,2,DeFiLlama,52964393460.0
2022-05-22 00:00:00+00:00,USDC,2,DeFiLlama,53052083266.0
2022-05-23 00:00:00+00:00,USDC,2,DeFiLlama,53101888137.0
2022-05-24 00:00:00+00:00,USDC,2,DeFiLlama,53318448135.0
2022-05-25 00:00:00+00:00,USDC,2,DeFiLlama,53407020050.0
2022-05-26 00:00:00+00:00,USDC,2,DeFiLlama,53428095052.0
2022-05-27 00:00:00+00:00,USDC,2,DeFiLlama,53200593028.0
2022-05-28 00:00:00+00:00,USDC,2,DeFiLlama,53574295030.0
2022-05-29 00:00:00+00:00,USDC,2,DeFiLlama,53698014510.0
2022-05-30 00:00:00+00:00,USDC,2,DeFiLlama,53718225113.0
2022-05-31 00:00:00+00:00,USDC,2,DeFiLlama,53760003691.0
2022-06-01 00:00:00+00:00,USDC,2,DeFiLlama,53985164880.0
2022-06-02 00:00:00+00:00,USDC,2,DeFiLlama,54812280704.0
2022-06-03 00:00:00+00:00,USDC,2,DeFiLlama,54155998981.0
2022-06-04 00:00:00+00:00,USDC,2,DeFiLlama,54111318734.0
2022-06-05 00:00:00+00:00,USDC,2,DeFiLlama,54077097363.0
2022-06-06 00:00:00+00:00,USDC,2,DeFiLlama,54077455272.0
2022-06-07 00:00:00+00:00,USDC,2,DeFiLlama,53760962476.0
2022-06-08 00:00:00+00:00,USDC,2,DeFiLlama,53827827920.0
2022-06-09 00:00:00+00:00,USDC,2,DeFiLlama,53802011909.0
2022-06-10 00:00:00+00:00,USDC,2,DeFiLlama,53843250011.0
2022-06-11 00:00:00+00:00,USDC,2,DeFiLlama,53171318463.0
2022-06-12 00:00:00+00:00,USDC,2,DeFiLlama,53098663849.0
2022-06-13 00:00:00+00:00,USDC,2,DeFiLlama,53263034106.0
2022-06-14 00:00:00+00:00,USDC,2,DeFiLlama,53356426044.0
2022-06-15 00:00:00+00:00,USDC,2,DeFiLlama,53340274272.0
2022-06-16 00:00:00+00:00,USDC,2,DeFiLlama,53510979551.0
2022-06-17 00:00:00+00:00,USDC,2,DeFiLlama,53889234215.0
2022-06-18 00:00:00+00:00,USDC,2,DeFiLlama,54393769999.0
2022-06-19 00:00:00+00:00,USDC,2,DeFiLlama,54664691375.0
2022-06-20 00:00:00+00:00,USDC,2,DeFiLlama,55191354770.0
2022-06-21 00:00:00+00:00,USDC,2,DeFiLlama,54950850014.0
2022-06-22 00:00:00+00:00,USDC,2,DeFiLlama,55094637000.0
2022-06-23 00:00:00+00:00,USDC,2,DeFiLlama,55122471965.0
2022-06-24 00:00:00+00:00,USDC,2,DeFiLlama,54862982622.0
2022-06-25 00:00:00+00:00,USDC,2,DeFiLlama,54941208163.0
2022-06-26 00:00:00+00:00,USDC,2,DeFiLlama,55117095817.0
2022-06-27 00:00:00+00:00,USDC,2,DeFiLlama,55160274462.0
2022-06-28 00:00:00+00:00,USDC,2,DeFiLlama,54712310276.0
2022-06-29 00:00:00+00:00,USDC,2,DeFiLlama,54835513404.0
2022-06-30 00:00:00+00:00,USDC,2,DeFiLlama,54864559969.0
2022-07-01 00:00:00+00:00,USDC,2,DeFiLlama,54989720875.0
2022-07-02 00:00:00+00:00,USDC,2,DeFiLlama,54964537229.0
2022-07-03 00:00:00+00:00,USDC,2,DeFiLlama,55007337147.0
2022-07-04 00:00:00+00:00,USDC,2,DeFiLlama,55001547318.0
2022-07-05 00:00:00+00:00,USDC,2,DeFiLlama,55134883530.0
2022-07-06 00:00:00+00:00,USDC,2,DeFiLlama,55095416660.0
2022-07-07 00:00:00+00:00,USDC,2,DeFiLlama,54852166922.0
2022-07-08 00:00:00+00:00,USDC,2,DeFiLlama,54657824846.0
2022-07-09 00:00:00+00:00,USDC,2,DeFiLlama,54704278971.0
2022-07-10 00:00:00+00:00,USDC,2,DeFiLlama,54624871878.0
2022-07-11 00:00:00+00:00,USDC,2,DeFiLlama,54693533430.0
2022-07-12 00:00:00+00:00,USDC,2,DeFiLlama,54721784000.0
2022-07-13 00:00:00+00:00,USDC,2,DeFiLlama,54622869172.0
2022-07-14 00:00:00+00:00,USDC,2,DeFiLlama,54580010918.0
2022-07-15 00:00:00+00:00,USDC,2,DeFiLlama,54534960573.0
2022-07-16 00:00:00+00:00,USDC,2,DeFiLlama,54082861676.0
2022-07-17 00:00:00+00:00,USDC,2,DeFiLlama,54073235896.0
2022-07-18 00:00:00+00:00,USDC,2,DeFiLlama,54038737680.0
2022-07-19 00:00:00+00:00,USDC,2,DeFiLlama,54055785968.0
2022-07-20 00:00:00+00:00,USDC,2,DeFiLlama,53972966670.0
2022-07-21 00:00:00+00:00,USDC,2,DeFiLlama,54173216897.0
2022-07-22 00:00:00+00:00,USDC,2,DeFiLlama,54245893718.0
2022-07-23 00:00:00+00:00,USDC,2,DeFiLlama,54266789160.0
2022-07-24 00:00:00+00:00,USDC,2,DeFiLlama,54384649484.0
2022-07-25 00:00:00+00:00,USDC,2,DeFiLlama,54374510699.0
2022-07-26 00:00:00+00:00,USDC,2,DeFiLlama,54306232832.0
2022-07-27 00:00:00+00:00,USDC,2,DeFiLlama,54381374484.0
2022-07-28 00:00:00+00:00,USDC,2,DeFiLlama,54344472143.0
2022-07-29 00:00:00+00:00,USDC,2,DeFiLlama,53896468685.0
2022-07-30 00:00:00+00:00,USDC,2,DeFiLlama,53849569099.0
2022-07-31 00:00:00+00:00,USDC,2,DeFiLlama,53683064877.0
2022-08-01 00:00:00+00:00,USDC,2,DeFiLlama,53727327687.0
2022-08-02 00:00:00+00:00,USDC,2,DeFiLlama,53790696471.0
2022-08-03 00:00:00+00:00,USDC,2,DeFiLlama,53635217605.0
2022-08-04 00:00:00+00:00,USDC,2,DeFiLlama,53690280483.0
2022-08-05 00:00:00+00:00,USDC,2,DeFiLlama,53479919871.0
2022-08-06 00:00:00+00:00,USDC,2,DeFiLlama,53620713729.0
2022-08-07 00:00:00+00:00,USDC,2,DeFiLlama,53602706556.0
2022-08-08 00:00:00+00:00,USDC,2,DeFiLlama,53590449896.0
2022-08-09 00:00:00+00:00,USDC,2,DeFiLlama,53427669040.0
2022-08-10 00:00:00+00:00,USDC,2,DeFiLlama,53338994869.0
2022-08-11 00:00:00+00:00,USDC,2,DeFiLlama,53195592832.0
2022-08-12 00:00:00+00:00,USDC,2,DeFiLlama,53061687140.0
2022-08-13 00:00:00+00:00,USDC,2,DeFiLlama,53089040151.0
2022-08-14 00:00:00+00:00,USDC,2,DeFiLlama,53081467993.0
2022-08-15 00:00:00+00:00,USDC,2,DeFiLlama,52859492054.0
2022-08-16 00:00:00+00:00,USDC,2,DeFiLlama,52793725698.0
2022-08-17 00:00:00+00:00,USDC,2,DeFiLlama,52758749725.0
2022-08-18 00:00:00+00:00,USDC,2,DeFiLlama,52497382966.0
2022-08-19 00:00:00+00:00,USDC,2,DeFiLlama,52104509021.0
2022-08-20 00:00:00+00:00,USDC,2,DeFiLlama,51728372802.0
2022-08-21 00:00:00+00:00,USDC,2,DeFiLlama,51690689704.0
2022-08-22 00:00:00+00:00,USDC,2,DeFiLlama,51819231028.0
2022-08-23 00:00:00+00:00,USDC,2,DeFiLlama,51521582982.0
2022-08-24 00:00:00+00:00,USDC,2,DeFiLlama,51620113409.0
2022-08-25 00:00:00+00:00,USDC,2,DeFiLlama,51519583059.0
2022-08-26 00:00:00+00:00,USDC,2,DeFiLlama,51378136206.0
2022-08-27 00:00:00+00:00,USDC,2,DeFiLlama,51485748733.0
2022-08-28 00:00:00+00:00,USDC,2,DeFiLlama,51539111058.0
2022-08-29 00:00:00+00:00,USDC,2,DeFiLlama,51487876037.0
2022-08-30 00:00:00+00:00,USDC,2,DeFiLlama,51570131788.0
2022-08-31 00:00:00+00:00,USDC,2,DeFiLlama,51681018788.0
2022-09-01 00:00:00+00:00,USDC,2,DeFiLlama,51590547502.0
2022-09-02 00:00:00+00:00,USDC,2,DeFiLlama,51348197790.0
2022-09-03 00:00:00+00:00,USDC,2,DeFiLlama,51153820875.0
2022-09-04 00:00:00+00:00,USDC,2,DeFiLlama,51174630439.0
2022-09-05 00:00:00+00:00,USDC,2,DeFiLlama,51222417390.0
2022-09-06 00:00:00+00:00,USDC,2,DeFiLlama,51177389762.0
2022-09-07 00:00:00+00:00,USDC,2,DeFiLlama,50905864877.0
2022-09-08 00:00:00+00:00,USDC,2,DeFiLlama,51042835910.0
2022-09-09 00:00:00+00:00,USDC,2,DeFiLlama,50997992027.0
2022-09-10 00:00:00+00:00,USDC,2,DeFiLlama,51053390658.0
2022-09-11 00:00:00+00:00,USDC,2,DeFiLlama,51019001350.0
2022-09-12 00:00:00+00:00,USDC,2,DeFiLlama,50937308052.0
2022-09-13 00:00:00+00:00,USDC,2,DeFiLlama,50804818944.0
2022-09-14 00:00:00+00:00,USDC,2,DeFiLlama,50678735752.0
2022-09-15 00:00:00+00:00,USDC,2,DeFiLlama,50084380811.0
2022-09-16 00:00:00+00:00,USDC,2,DeFiLlama,49669811071.0
2022-09-17 00:00:00+00:00,USDC,2,DeFiLlama,49528360540.0
2022-09-18 00:00:00+00:00,USDC,2,DeFiLlama,49519613789.0
2022-09-19 00:00:00+00:00,USDC,2,DeFiLlama,49501011250.0
2022-09-20 00:00:00+00:00,USDC,2,DeFiLlama,49340413071.0
2022-09-21 00:00:00+00:00,USDC,2,DeFiLlama,49503651381.0
2022-09-22 00:00:00+00:00,USDC,2,DeFiLlama,49313662974.0
2022-09-23 00:00:00+00:00,USDC,2,DeFiLlama,49234884568.0
2022-09-24 00:00:00+00:00,USDC,2,DeFiLlama,49075423272.0
2022-09-25 00:00:00+00:00,USDC,2,DeFiLlama,49048487617.0
2022-09-26 00:00:00+00:00,USDC,2,DeFiLlama,48806650287.0
2022-09-27 00:00:00+00:00,USDC,2,DeFiLlama,48637838585.0
2022-09-28 00:00:00+00:00,USDC,2,DeFiLlama,48520821597.0
2022-09-29 00:00:00+00:00,USDC,2,DeFiLlama,48210320184.0
2022-09-30 00:00:00+00:00,USDC,2,DeFiLlama,47903722420.0
2022-10-01 00:00:00+00:00,USDC,2,DeFiLlama,46619333660.0
2022-10-02 00:00:00+00:00,USDC,2,DeFiLlama,46613738497.0
2022-10-03 00:00:00+00:00,USDC,2,DeFiLlama,46680314241.0
2022-10-04 00:00:00+00:00,USDC,2,DeFiLlama,46510634970.0
2022-10-05 00:00:00+00:00,USDC,2,DeFiLlama,46002945826.0
2022-10-06 00:00:00+00:00,USDC,2,DeFiLlama,45735275964.0
2022-10-07 00:00:00+00:00,USDC,2,DeFiLlama,45539319447.0
2022-10-08 00:00:00+00:00,USDC,2,DeFiLlama,45427143588.0
2022-10-09 00:00:00+00:00,USDC,2,DeFiLlama,45391239167.0
2022-10-10 00:00:00+00:00,USDC,2,DeFiLlama,45388697846.0
2022-10-11 00:00:00+00:00,USDC,2,DeFiLlama,45318070678.0
2022-10-12 00:00:00+00:00,USDC,2,DeFiLlama,45253102799.0
2022-10-13 00:00:00+00:00,USDC,2,DeFiLlama,45090996045.0
2022-10-14 00:00:00+00:00,USDC,2,DeFiLlama,44710075515.0
2022-10-15 00:00:00+00:00,USDC,2,DeFiLlama,44346077413.0
2022-10-16 00:00:00+00:00,USDC,2,DeFiLlama,44336513719.0
2022-10-17 00:00:00+00:00,USDC,2,DeFiLlama,44334503821.0
2022-10-18 00:00:00+00:00,USDC,2,DeFiLlama,44110498626.0
2022-10-19 00:00:00+00:00,USDC,2,DeFiLlama,43885100575.0
2022-10-20 00:00:00+00:00,USDC,2,DeFiLlama,43685705430.0
2022-10-21 00:00:00+00:00,USDC,2,DeFiLlama,43252612883.0
2022-10-22 00:00:00+00:00,USDC,2,DeFiLlama,43199325189.0
2022-10-23 00:00:00+00:00,USDC,2,DeFiLlama,43255109248.0
2022-10-24 00:00:00+00:00,USDC,2,DeFiLlama,43261423239.0
2022-10-25 00:00:00+00:00,USDC,2,DeFiLlama,43124192065.0
2022-10-26 00:00:00+00:00,USDC,2,DeFiLlama,43138199012.0
2022-10-27 00:00:00+00:00,USDC,2,DeFiLlama,43178435516.0
2022-10-28 00:00:00+00:00,USDC,2,DeFiLlama,43191200495.0
2022-10-29 00:00:00+00:00,USDC,2,DeFiLlama,43075029174.0
2022-10-30 00:00:00+00:00,USDC,2,DeFiLlama,43026867078.0
2022-10-31 00:00:00+00:00,USDC,2,DeFiLlama,43016187243.0
2022-11-01 00:00:00+00:00,USDC,2,DeFiLlama,42748681429.0
2022-11-02 00:00:00+00:00,USDC,2,DeFiLlama,42327813172.0
2022-11-03 00:00:00+00:00,USDC,2,DeFiLlama,41844592004.0
2022-11-04 00:00:00+00:00,USDC,2,DeFiLlama,41395227183.0
2022-11-05 00:00:00+00:00,USDC,2,DeFiLlama,41416723401.0
2022-11-06 00:00:00+00:00,USDC,2,DeFiLlama,41341035125.0
2022-11-07 00:00:00+00:00,USDC,2,DeFiLlama,41698027833.0
2022-11-08 00:00:00+00:00,USDC,2,DeFiLlama,42492697022.0
2022-11-09 00:00:00+00:00,USDC,2,DeFiLlama,42132834873.0
2022-11-10 00:00:00+00:00,USDC,2,DeFiLlama,42269676919.0
2022-11-11 00:00:00+00:00,USDC,2,DeFiLlama,42827423688.0
2022-11-12 00:00:00+00:00,USDC,2,DeFiLlama,43384666695.0
2022-11-13 00:00:00+00:00,USDC,2,DeFiLlama,43495601322.0
2022-11-14 00:00:00+00:00,USDC,2,DeFiLlama,43464543702.0
2022-11-15 00:00:00+00:00,USDC,2,DeFiLlama,43501265566.0
2022-11-16 00:00:00+00:00,USDC,2,DeFiLlama,43813120835.0
2022-11-17 00:00:00+00:00,USDC,2,DeFiLlama,43761845173.0
2022-11-18 00:00:00+00:00,USDC,2,DeFiLlama,43507606616.0
2022-11-19 00:00:00+00:00,USDC,2,DeFiLlama,43791914996.0
2022-11-20 00:00:00+00:00,USDC,2,DeFiLlama,43847578117.0
2022-11-21 00:00:00+00:00,USDC,2,DeFiLlama,43922410852.0
2022-11-22 00:00:00+00:00,USDC,2,DeFiLlama,43531170782.0
2022-11-23 00:00:00+00:00,USDC,2,DeFiLlama,43532900344.0
2022-11-24 00:00:00+00:00,USDC,2,DeFiLlama,43230740122.0
2022-11-25 00:00:00+00:00,USDC,2,DeFiLlama,43430979335.0
2022-11-26 00:00:00+00:00,USDC,2,DeFiLlama,43391966073.0
2022-11-27 00:00:00+00:00,USDC,2,DeFiLlama,43564755873.0
2022-11-28 00:00:00+00:00,USDC,2,DeFiLlama,43714882803.0
2022-11-29 00:00:00+00:00,USDC,2,DeFiLlama,43185407657.0
2022-11-30 00:00:00+00:00,USDC,2,DeFiLlama,42812078231.0
2022-12-01 00:00:00+00:00,USDC,2,DeFiLlama,42739423243.0
2022-12-02 00:00:00+00:00,USDC,2,DeFiLlama,42591749062.0
2022-12-03 00:00:00+00:00,USDC,2,DeFiLlama,42733811728.0
2022-12-04 00:00:00+00:00,USDC,2,DeFiLlama,42848965144.0
2022-12-05 00:00:00+00:00,USDC,2,DeFiLlama,42974822365.0
2022-12-06 00:00:00+00:00,USDC,2,DeFiLlama,42683118139.0
2022-12-07 00:00:00+00:00,USDC,2,DeFiLlama,42542358593.0
2022-12-08 00:00:00+00:00,USDC,2,DeFiLlama,42330905487.0
2022-12-09 00:00:00+00:00,USDC,2,DeFiLlama,42294042825.0
2022-12-10 00:00:00+00:00,USDC,2,DeFiLlama,42243922457.0
2022-12-11 00:00:00+00:00,USDC,2,DeFiLlama,42290518857.0
2022-12-12 00:00:00+00:00,USDC,2,DeFiLlama,42303749362.0
2022-12-13 00:00:00+00:00,USDC,2,DeFiLlama,42074347995.0
2022-12-14 00:00:00+00:00,USDC,2,DeFiLlama,44626616042.0
2022-12-15 00:00:00+00:00,USDC,2,DeFiLlama,44690066522.0
2022-12-16 00:00:00+00:00,USDC,2,DeFiLlama,44578879756.0
2022-12-17 00:00:00+00:00,USDC,2,DeFiLlama,44344078676.0
2022-12-18 00:00:00+00:00,USDC,2,DeFiLlama,44396272982.0
2022-12-19 00:00:00+00:00,USDC,2,DeFiLlama,44425350717.0
2022-12-20 00:00:00+00:00,USDC,2,DeFiLlama,44050737194.0
2022-12-21 00:00:00+00:00,USDC,2,DeFiLlama,43989858407.0
2022-12-22 00:00:00+00:00,USDC,2,DeFiLlama,43804825460.0
2022-12-23 00:00:00+00:00,USDC,2,DeFiLlama,43740539501.0
2022-12-24 00:00:00+00:00,USDC,2,DeFiLlama,43697125653.0
2022-12-25 00:00:00+00:00,USDC,2,DeFiLlama,43827409518.0
2022-12-26 00:00:00+00:00,USDC,2,DeFiLlama,43949199813.0
2022-12-27 00:00:00+00:00,USDC,2,DeFiLlama,44034361884.0
2022-12-28 00:00:00+00:00,USDC,2,DeFiLlama,43734867584.0
2022-12-29 00:00:00+00:00,USDC,2,DeFiLlama,43971329746.0
2022-12-30 00:00:00+00:00,USDC,2,DeFiLlama,44026083819.0
2022-12-31 00:00:00+00:00,USDC,2,DeFiLlama,44101723587.0
2023-01-01 00:00:00+00:00,USDC,2,DeFiLlama,44138662628.0
2023-01-02 00:00:00+00:00,USDC,2,DeFiLlama,44205779414.0
2023-01-03 00:00:00+00:00,USDC,2,DeFiLlama,44295880516.0
2023-01-04 00:00:00+00:00,USDC,2,DeFiLlama,43755897726.0
2023-01-05 00:00:00+00:00,USDC,2,DeFiLlama,43711606798.0
2023-01-06 00:00:00+00:00,USDC,2,DeFiLlama,43297447361.0
2023-01-07 00:00:00+00:00,USDC,2,DeFiLlama,43274162130.0
2023-01-08 00:00:00+00:00,USDC,2,DeFiLlama,43393473581.0
2023-01-09 00:00:00+00:00,USDC,2,DeFiLlama,43528571993.0
2023-01-10 00:00:00+00:00,USDC,2,DeFiLlama,43177913673.0
2023-01-11 00:00:00+00:00,USDC,2,DeFiLlama,43248929190.0
2023-01-12 00:00:00+00:00,USDC,2,DeFiLlama,43376173705.0
2023-01-13 00:00:00+00:00,USDC,2,DeFiLlama,43497346143.0
2023-01-14 00:00:00+00:00,USDC,2,DeFiLlama,43018350616.0
2023-01-15 00:00:00+00:00,USDC,2,DeFiLlama,43255848842.0
2023-01-16 00:00:00+00:00,USDC,2,DeFiLlama,43471957434.0
2023-01-17 00:00:00+00:00,USDC,2,DeFiLlama,43410366808.0
2023-01-18 00:00:00+00:00,USDC,2,DeFiLlama,43138452203.0
2023-01-19 00:00:00+00:00,USDC,2,DeFiLlama,42666482873.0
2023-01-20 00:00:00+00:00,USDC,2,DeFiLlama,42558569898.0
2023-01-21 00:00:00+00:00,USDC,2,DeFiLlama,42770108666.0
2023-01-22 00:00:00+00:00,USDC,2,DeFiLlama,42928688531.0
2023-01-23 00:00:00+00:00,USDC,2,DeFiLlama,43069108722.0
2023-01-24 00:00:00+00:00,USDC,2,DeFiLlama,43056721602.0
2023-01-25 00:00:00+00:00,USDC,2,DeFiLlama,43242186484.0
2023-01-26 00:00:00+00:00,USDC,2,DeFiLlama,43129927507.0
2023-01-27 00:00:00+00:00,USDC,2,DeFiLlama,42883164714.0
2023-01-28 00:00:00+00:00,USDC,2,DeFiLlama,42649100298.0
2023-01-29 00:00:00+00:00,USDC,2,DeFiLlama,42687864705.0
2023-01-30 00:00:00+00:00,USDC,2,DeFiLlama,42575209079.0
2023-01-31 00:00:00+00:00,USDC,2,DeFiLlama,42153164185.0
2023-02-01 00:00:00+00:00,USDC,2,DeFiLlama,41883672268.0
2023-02-02 00:00:00+00:00,USDC,2,DeFiLlama,41863253556.0
2023-02-03 00:00:00+00:00,USDC,2,DeFiLlama,41915737344.0
2023-02-04 00:00:00+00:00,USDC,2,DeFiLlama,41463032779.0
2023-02-05 00:00:00+00:00,USDC,2,DeFiLlama,41435915232.0
2023-02-06 00:00:00+00:00,USDC,2,DeFiLlama,41496626407.0
2023-02-07 00:00:00+00:00,USDC,2,DeFiLlama,41337910170.0
2023-02-08 00:00:00+00:00,USDC,2,DeFiLlama,41168900667.0
2023-02-09 00:00:00+00:00,USDC,2,DeFiLlama,41014038451.0
2023-02-10 00:00:00+00:00,USDC,2,DeFiLlama,40981967912.0
2023-02-11 00:00:00+00:00,USDC,2,DeFiLlama,40852727448.0
2023-02-12 00:00:00+00:00,USDC,2,DeFiLlama,40781641461.0
2023-02-13 00:00:00+00:00,USDC,2,DeFiLlama,40709074101.0
2023-02-14 00:00:00+00:00,USDC,2,DeFiLlama,40452066532.0
2023-02-15 00:00:00+00:00,USDC,2,DeFiLlama,40524095140.0
2023-02-16 00:00:00+00:00,USDC,2,DeFiLlama,40972543090.0
2023-02-17 00:00:00+00:00,USDC,2,DeFiLlama,41155031849.0
2023-02-18 00:00:00+00:00,USDC,2,DeFiLlama,41399153038.0
2023-02-19 00:00:00+00:00,USDC,2,DeFiLlama,41359153159.0
2023-02-20 00:00:00+00:00,USDC,2,DeFiLlama,41409293788.0
2023-02-21 00:00:00+00:00,USDC,2,DeFiLlama,41472492810.0
2023-02-22 00:00:00+00:00,USDC,2,DeFiLlama,41627344514.0
2023-02-23 00:00:00+00:00,USDC,2,DeFiLlama,41651964714.0
2023-02-24 00:00:00+00:00,USDC,2,DeFiLlama,41792113448.0
2023-02-25 00:00:00+00:00,USDC,2,DeFiLlama,42039422530.0
2023-02-26 00:00:00+00:00,USDC,2,DeFiLlama,42112480597.0
2023-02-27 00:00:00+00:00,USDC,2,DeFiLlama,42159860827.0
2023-02-28 00:00:00+00:00,USDC,2,DeFiLlama,42128205215.0
2023-03-01 00:00:00+00:00,USDC,2,DeFiLlama,41992208138.0
2023-03-02 00:00:00+00:00,USDC,2,DeFiLlama,42081877907.0
2023-03-03 00:00:00+00:00,USDC,2,DeFiLlama,42691008233.0
2023-03-04 00:00:00+00:00,USDC,2,DeFiLlama,42978579427.0
2023-03-05 00:00:00+00:00,USDC,2,DeFiLlama,43224016572.0
2023-03-06 00:00:00+00:00,USDC,2,DeFiLlama,43489028917.0
2023-03-07 00:00:00+00:00,USDC,2,DeFiLlama,43287908071.0
2023-03-08 00:00:00+00:00,USDC,2,DeFiLlama,43227439740.0
2023-03-09 00:00:00+00:00,USDC,2,DeFiLlama,43195640252.0
2023-03-10 00:00:00+00:00,USDC,2,DeFiLlama,43176044700.0
2023-03-11 00:00:00+00:00,USDC,2,DeFiLlama,42097257578.0
2023-03-12 00:00:00+00:00,USDC,2,DeFiLlama,39077959674.0
2023-03-13 00:00:00+00:00,USDC,2,DeFiLlama,40141755845.0
2023-03-14 00:00:00+00:00,USDC,2,DeFiLlama,39059915474.0
2023-03-15 00:00:00+00:00,USDC,2,DeFiLlama,38001901940.0
2023-03-16 00:00:00+00:00,USDC,2,DeFiLlama,37276257560.0
2023-03-17 00:00:00+00:00,USDC,2,DeFiLlama,36771810880.0
2023-03-18 00:00:00+00:00,USDC,2,DeFiLlama,36008530037.0
2023-03-19 00:00:00+00:00,USDC,2,DeFiLlama,36075587852.0
2023-03-20 00:00:00+00:00,USDC,2,DeFiLlama,36008105189.0
2023-03-21 00:00:00+00:00,USDC,2,DeFiLlama,35338614585.0
2023-03-22 00:00:00+00:00,USDC,2,DeFiLlama,35088512801.0
2023-03-23 00:00:00+00:00,USDC,2,DeFiLlama,34700058814.0
2023-03-24 00:00:00+00:00,USDC,2,DeFiLlama,34295179757.0
2023-03-25 00:00:00+00:00,USDC,2,DeFiLlama,33902132429.0
2023-03-26 00:00:00+00:00,USDC,2,DeFiLlama,33889963193.0
2023-03-27 00:00:00+00:00,USDC,2,DeFiLlama,33687740044.0
2023-03-28 00:00:00+00:00,USDC,2,DeFiLlama,33215151394.0
2023-03-29 00:00:00+00:00,USDC,2,DeFiLlama,32934314212.0
2023-03-30 00:00:00+00:00,USDC,2,DeFiLlama,32891818028.0
2023-03-31 00:00:00+00:00,USDC,2,DeFiLlama,32629115190.0
2023-04-01 00:00:00+00:00,USDC,2,DeFiLlama,32295888528.0
2023-04-02 00:00:00+00:00,USDC,2,DeFiLlama,32217032516.0
2023-04-03 00:00:00+00:00,USDC,2,DeFiLlama,32242579486.0
2023-04-04 00:00:00+00:00,USDC,2,DeFiLlama,32402430808.0
2023-04-05 00:00:00+00:00,USDC,2,DeFiLlama,32331488259.0
2023-04-06 00:00:00+00:00,USDC,2,DeFiLlama,32292582445.0
2023-04-07 00:00:00+00:00,USDC,2,DeFiLlama,32440018971.0
2023-04-08 00:00:00+00:00,USDC,2,DeFiLlama,32400824071.0
2023-04-09 00:00:00+00:00,USDC,2,DeFiLlama,32471095249.0
2023-04-10 00:00:00+00:00,USDC,2,DeFiLlama,32348239340.0
2023-04-11 00:00:00+00:00,USDC,2,DeFiLlama,32244073459.0
2023-04-12 00:00:00+00:00,USDC,2,DeFiLlama,32177486887.0
2023-04-13 00:00:00+00:00,USDC,2,DeFiLlama,31947928087.0
2023-04-14 00:00:00+00:00,USDC,2,DeFiLlama,31810269239.0
2023-04-15 00:00:00+00:00,USDC,2,DeFiLlama,31690139980.0
2023-04-16 00:00:00+00:00,USDC,2,DeFiLlama,31652855259.0
2023-04-17 00:00:00+00:00,USDC,2,DeFiLlama,31704057501.0
2023-04-18 00:00:00+00:00,USDC,2,DeFiLlama,31513623075.0
2023-04-19 00:00:00+00:00,USDC,2,DeFiLlama,31228868227.0
2023-04-20 00:00:00+00:00,USDC,2,DeFiLlama,31007961581.0
2023-04-21 00:00:00+00:00,USDC,2,DeFiLlama,30843626016.0
2023-04-22 00:00:00+00:00,USDC,2,DeFiLlama,30623146684.0
2023-04-23 00:00:00+00:00,USDC,2,DeFiLlama,30626893202.0
2023-04-24 00:00:00+00:00,USDC,2,DeFiLlama,30664917788.0
2023-04-25 00:00:00+00:00,USDC,2,DeFiLlama,30525268102.0
2023-04-26 00:00:00+00:00,USDC,2,DeFiLlama,30547959541.0
2023-04-27 00:00:00+00:00,USDC,2,DeFiLlama,30463344226.0
2023-04-28 00:00:00+00:00,USDC,2,DeFiLlama,30406568853.0
2023-04-29 00:00:00+00:00,USDC,2,DeFiLlama,30371295833.0
2023-04-30 00:00:00+00:00,USDC,2,DeFiLlama,30383345254.0
2023-05-01 00:00:00+00:00,USDC,2,DeFiLlama,30369292395.0
2023-05-02 00:00:00+00:00,USDC,2,DeFiLlama,30208497083.0
2023-05-03 00:00:00+00:00,USDC,2,DeFiLlama,30122105422.0
2023-05-04 00:00:00+00:00,USDC,2,DeFiLlama,30030905897.0
2023-05-05 00:00:00+00:00,USDC,2,DeFiLlama,29950724570.0
2023-05-06 00:00:00+00:00,USDC,2,DeFiLlama,30278897763.0
2023-05-07 00:00:00+00:00,USDC,2,DeFiLlama,30212502747.0
2023-05-08 00:00:00+00:00,USDC,2,DeFiLlama,30207211099.0
2023-05-09 00:00:00+00:00,USDC,2,DeFiLlama,30068002727.0
2023-05-10 00:00:00+00:00,USDC,2,DeFiLlama,30059218004.0
2023-05-11 00:00:00+00:00,USDC,2,DeFiLlama,29915212284.0
2023-05-12 00:00:00+00:00,USDC,2,DeFiLlama,29807187712.0
2023-05-13 00:00:00+00:00,USDC,2,DeFiLlama,29824998855.0
2023-05-14 00:00:00+00:00,USDC,2,DeFiLlama,29861326096.0
2023-05-15 00:00:00+00:00,USDC,2,DeFiLlama,29850923896.0
2023-05-16 00:00:00+00:00,USDC,2,DeFiLlama,29737666618.0
2023-05-17 00:00:00+00:00,USDC,2,DeFiLlama,29544930046.0
2023-05-18 00:00:00+00:00,USDC,2,DeFiLlama,29371838782.0
2023-05-19 00:00:00+00:00,USDC,2,DeFiLlama,29510053303.0
2023-05-20 00:00:00+00:00,USDC,2,DeFiLlama,29417054273.0
2023-05-21 00:00:00+00:00,USDC,2,DeFiLlama,29452404289.0
2023-05-22 00:00:00+00:00,USDC,2,DeFiLlama,29408086259.0
2023-05-23 00:00:00+00:00,USDC,2,DeFiLlama,29297607147.0
2023-05-24 00:00:00+00:00,USDC,2,DeFiLlama,29159242313.0
2023-05-25 00:00:00+00:00,USDC,2,DeFiLlama,28925082186.0
2023-05-26 00:00:00+00:00,USDC,2,DeFiLlama,28901428644.0
2023-05-27 00:00:00+00:00,USDC,2,DeFiLlama,28871964234.0
2023-05-28 00:00:00+00:00,USDC,2,DeFiLlama,28901455695.0
2023-05-29 00:00:00+00:00,USDC,2,DeFiLlama,28835422183.0
2023-05-30 00:00:00+00:00,USDC,2,DeFiLlama,28891912599.0
2023-05-31 00:00:00+00:00,USDC,2,DeFiLlama,28813893820.0
2023-06-01 00:00:00+00:00,USDC,2,DeFiLlama,28661886738.0
2023-06-02 00:00:00+00:00,USDC,2,DeFiLlama,28708966078.0
2023-06-03 00:00:00+00:00,USDC,2,DeFiLlama,28769766742.0
2023-06-04 00:00:00+00:00,USDC,2,DeFiLlama,28766911374.0
2023-06-05 00:00:00+00:00,USDC,2,DeFiLlama,28799249065.0
2023-06-06 00:00:00+00:00,USDC,2,DeFiLlama,28690969178.0
2023-06-07 00:00:00+00:00,USDC,2,DeFiLlama,28565974265.0
2023-06-08 00:00:00+00:00,USDC,2,DeFiLlama,28417077308.0
2023-06-09 00:00:00+00:00,USDC,2,DeFiLlama,28274620910.0
2023-06-10 00:00:00+00:00,USDC,2,DeFiLlama,28120319455.0
2023-06-11 00:00:00+00:00,USDC,2,DeFiLlama,28175141925.0
2023-06-12 00:00:00+00:00,USDC,2,DeFiLlama,28231193002.0
2023-06-13 00:00:00+00:00,USDC,2,DeFiLlama,28111537859.0
2023-06-14 00:00:00+00:00,USDC,2,DeFiLlama,28014906375.0
2023-06-15 00:00:00+00:00,USDC,2,DeFiLlama,27888345408.0
2023-06-16 00:00:00+00:00,USDC,2,DeFiLlama,27996123157.0
2023-06-17 00:00:00+00:00,USDC,2,DeFiLlama,28135909416.0
2023-06-18 00:00:00+00:00,USDC,2,DeFiLlama,28134513017.0
2023-06-19 00:00:00+00:00,USDC,2,DeFiLlama,28130413960.0
2023-06-20 00:00:00+00:00,USDC,2,DeFiLlama,28182762257.0
2023-06-21 00:00:00+00:00,USDC,2,DeFiLlama,28403554437.0
2023-06-22 00:00:00+00:00,USDC,2,DeFiLlama,28232880812.0
2023-06-23 00:00:00+00:00,USDC,2,DeFiLlama,28164833104.0
2023-06-24 00:00:00+00:00,USDC,2,DeFiLlama,28204233361.0
2023-06-25 00:00:00+00:00,USDC,2,DeFiLlama,28251419040.0
2023-06-26 00:00:00+00:00,USDC,2,DeFiLlama,28224054250.0
2023-06-27 00:00:00+00:00,USDC,2,DeFiLlama,28155502275.0
2023-06-28 00:00:00+00:00,USDC,2,DeFiLlama,27979425219.0
2023-06-29 00:00:00+00:00,USDC,2,DeFiLlama,27894249610.0
2023-06-30 00:00:00+00:00,USDC,2,DeFiLlama,27712116944.0
2023-07-01 00:00:00+00:00,USDC,2,DeFiLlama,27160058339.0
2023-07-02 00:00:00+00:00,USDC,2,DeFiLlama,27148199613.0
2023-07-03 00:00:00+00:00,USDC,2,DeFiLlama,27184310082.0
2023-07-04 00:00:00+00:00,USDC,2,DeFiLlama,27424393772.0
2023-07-05 00:00:00+00:00,USDC,2,DeFiLlama,27496206223.0
2023-07-06 00:00:00+00:00,USDC,2,DeFiLlama,27415757731.0
2023-07-07 00:00:00+00:00,USDC,2,DeFiLlama,27247399713.0
2023-07-08 00:00:00+00:00,USDC,2,DeFiLlama,27206196672.0
2023-07-09 00:00:00+00:00,USDC,2,DeFiLlama,27204291700.0
2023-07-10 00:00:00+00:00,USDC,2,DeFiLlama,27196627234.0
2023-07-11 00:00:00+00:00,USDC,2,DeFiLlama,27106173675.0
2023-07-12 00:00:00+00:00,USDC,2,DeFiLlama,27033784881.0
2023-07-13 00:00:00+00:00,USDC,2,DeFiLlama,26983628990.0
2023-07-14 00:00:00+00:00,USDC,2,DeFiLlama,27155801117.0
2023-07-15 00:00:00+00:00,USDC,2,DeFiLlama,27015395913.0
2023-07-16 00:00:00+00:00,USDC,2,DeFiLlama,27023853351.0
2023-07-17 00:00:00+00:00,USDC,2,DeFiLlama,27019174900.0
2023-07-18 00:00:00+00:00,USDC,2,DeFiLlama,26816244126.0
2023-07-19 00:00:00+00:00,USDC,2,DeFiLlama,26773500973.0
2023-07-20 00:00:00+00:00,USDC,2,DeFiLlama,26632287892.0
2023-07-21 00:00:00+00:00,USDC,2,DeFiLlama,26582269438.0
2023-07-22 00:00:00+00:00,USDC,2,DeFiLlama,26529891361.0
2023-07-23 00:00:00+00:00,USDC,2,DeFiLlama,26526966073.0
2023-07-24 00:00:00+00:00,USDC,2,DeFiLlama,26517757002.0
2023-07-25 00:00:00+00:00,USDC,2,DeFiLlama,26397964508.0
2023-07-26 00:00:00+00:00,USDC,2,DeFiLlama,26322031148.0
2023-07-27 00:00:00+00:00,USDC,2,DeFiLlama,26233307648.0
2023-07-28 00:00:00+00:00,USDC,2,DeFiLlama,26251972715.0
2023-07-29 00:00:00+00:00,USDC,2,DeFiLlama,26224182963.0
2023-07-30 00:00:00+00:00,USDC,2,DeFiLlama,26251872817.0
2023-07-31 00:00:00+00:00,USDC,2,DeFiLlama,26261362184.0
2023-08-01 00:00:00+00:00,USDC,2,DeFiLlama,26195419435.0
2023-08-02 00:00:00+00:00,USDC,2,DeFiLlama,26014991609.0
2023-08-03 00:00:00+00:00,USDC,2,DeFiLlama,25890607487.0
2023-08-04 00:00:00+00:00,USDC,2,DeFiLlama,25765219602.0
2023-08-05 00:00:00+00:00,USDC,2,DeFiLlama,25688359008.0
2023-08-06 00:00:00+00:00,USDC,2,DeFiLlama,25676800684.0
2023-08-07 00:00:00+00:00,USDC,2,DeFiLlama,25674468300.0
2023-08-08 00:00:00+00:00,USDC,2,DeFiLlama,25806157918.0
2023-08-09 00:00:00+00:00,USDC,2,DeFiLlama,25956408430.0
2023-08-10 00:00:00+00:00,USDC,2,DeFiLlama,25945179045.0
2023-08-11 00:00:00+00:00,USDC,2,DeFiLlama,25807229658.0
2023-08-12 00:00:00+00:00,USDC,2,DeFiLlama,25782353613.0
2023-08-13 00:00:00+00:00,USDC,2,DeFiLlama,25822934721.0
2023-08-14 00:00:00+00:00,USDC,2,DeFiLlama,25879064236.0
2023-08-15 00:00:00+00:00,USDC,2,DeFiLlama,25657722803.0
2023-08-16 00:00:00+00:00,USDC,2,DeFiLlama,25694045368.0
2023-08-17 00:00:00+00:00,USDC,2,DeFiLlama,25704419856.0
2023-08-18 00:00:00+00:00,USDC,2,DeFiLlama,25784004617.0
2023-08-19 00:00:00+00:00,USDC,2,DeFiLlama,25431280865.0
2023-08-20 00:00:00+00:00,USDC,2,DeFiLlama,25670022585.0
2023-08-21 00:00:00+00:00,USDC,2,DeFiLlama,25674669315.0
2023-08-22 00:00:00+00:00,USDC,2,DeFiLlama,25646447437.0
2023-08-23 00:00:00+00:00,USDC,2,DeFiLlama,25576652788.0
2023-08-24 00:00:00+00:00,USDC,2,DeFiLlama,25706395180.0
2023-08-25 00:00:00+00:00,USDC,2,DeFiLlama,25556479672.0
2023-08-26 00:00:00+00:00,USDC,2,DeFiLlama,25635926640.0
2023-08-27 00:00:00+00:00,USDC,2,DeFiLlama,25678454999.0
2023-08-28 00:00:00+00:00,USDC,2,DeFiLlama,25740558067.0
2023-08-29 00:00:00+00:00,USDC,2,DeFiLlama,25733184247.0
2023-08-30 00:00:00+00:00,USDC,2,DeFiLlama,25840690905.0
2023-08-31 00:00:00+00:00,USDC,2,DeFiLlama,25823628075.0
2023-09-01 00:00:00+00:00,USDC,2,DeFiLlama,25897604034.0
2023-09-02 00:00:00+00:00,USDC,2,DeFiLlama,25883485123.0
2023-09-03 00:00:00+00:00,USDC,2,DeFiLlama,25870674648.0
2023-09-04 00:00:00+00:00,USDC,2,DeFiLlama,25916593491.0
2023-09-05 00:00:00+00:00,USDC,2,DeFiLlama,25742994752.0
2023-09-06 00:00:00+00:00,USDC,2,DeFiLlama,25591735568.0
2023-09-07 00:00:00+00:00,USDC,2,DeFiLlama,25579952964.0
2023-09-08 00:00:00+00:00,USDC,2,DeFiLlama,25445350445.0
2023-09-09 00:00:00+00:00,USDC,2,DeFiLlama,25549745739.0
2023-09-10 00:00:00+00:00,USDC,2,DeFiLlama,25580353050.0
2023-09-11 00:00:00+00:00,USDC,2,DeFiLlama,25640222571.0
2023-09-12 00:00:00+00:00,USDC,2,DeFiLlama,25563305869.0
2023-09-13 00:00:00+00:00,USDC,2,DeFiLlama,25700720118.0
2023-09-14 00:00:00+00:00,USDC,2,DeFiLlama,25709435746.0
2023-09-15 00:00:00+00:00,USDC,2,DeFiLlama,25668468459.0
2023-09-16 00:00:00+00:00,USDC,2,DeFiLlama,25589246327.0
2023-09-17 00:00:00+00:00,USDC,2,DeFiLlama,25662328824.0
2023-09-18 00:00:00+00:00,USDC,2,DeFiLlama,25650626449.0
2023-09-19 00:00:00+00:00,USDC,2,DeFiLlama,25614287936.0
2023-09-20 00:00:00+00:00,USDC,2,DeFiLlama,25560926090.0
2023-09-21 00:00:00+00:00,USDC,2,DeFiLlama,25472518214.0
2023-09-22 00:00:00+00:00,USDC,2,DeFiLlama,25277111704.0
2023-09-23 00:00:00+00:00,USDC,2,DeFiLlama,25252642283.0
2023-09-24 00:00:00+00:00,USDC,2,DeFiLlama,25257205925.0
2023-09-25 00:00:00+00:00,USDC,2,DeFiLlama,25297626288.0
2023-09-26 00:00:00+00:00,USDC,2,DeFiLlama,25117089276.0
2023-09-27 00:00:00+00:00,USDC,2,DeFiLlama,25071733285.0
2023-09-28 00:00:00+00:00,USDC,2,DeFiLlama,24965464978.0
2023-09-29 00:00:00+00:00,USDC,2,DeFiLlama,25129459997.0
2023-09-30 00:00:00+00:00,USDC,2,DeFiLlama,24716901602.0
2023-10-01 00:00:00+00:00,USDC,2,DeFiLlama,24773679312.0
2023-10-02 00:00:00+00:00,USDC,2,DeFiLlama,24801192130.0
2023-10-03 00:00:00+00:00,USDC,2,DeFiLlama,24938605244.0
2023-10-04 00:00:00+00:00,USDC,2,DeFiLlama,24796635416.0
2023-10-05 00:00:00+00:00,USDC,2,DeFiLlama,24698328717.0
2023-10-06 00:00:00+00:00,USDC,2,DeFiLlama,24738633326.0
2023-10-07 00:00:00+00:00,USDC,2,DeFiLlama,25012200848.0
2023-10-08 00:00:00+00:00,USDC,2,DeFiLlama,25015532573.0
2023-10-09 00:00:00+00:00,USDC,2,DeFiLlama,25005302854.0
2023-10-10 00:00:00+00:00,USDC,2,DeFiLlama,25024132301.0
2023-10-11 00:00:00+00:00,USDC,2,DeFiLlama,24877742366.0
2023-10-12 00:00:00+00:00,USDC,2,DeFiLlama,24709530175.0
2023-10-13 00:00:00+00:00,USDC,2,DeFiLlama,24604428204.0
2023-10-14 00:00:00+00:00,USDC,2,DeFiLlama,24564865698.0
2023-10-15 00:00:00+00:00,USDC,2,DeFiLlama,24601432915.0
2023-10-16 00:00:00+00:00,USDC,2,DeFiLlama,24668230630.0
2023-10-17 00:00:00+00:00,USDC,2,DeFiLlama,24740884768.0
2023-10-18 00:00:00+00:00,USDC,2,DeFiLlama,24756503401.0
2023-10-19 00:00:00+00:00,USDC,2,DeFiLlama,24761705567.0
2023-10-20 00:00:00+00:00,USDC,2,DeFiLlama,24865052469.0
2023-10-21 00:00:00+00:00,USDC,2,DeFiLlama,24911994452.0
2023-10-22 00:00:00+00:00,USDC,2,DeFiLlama,24936350369.0
2023-10-23 00:00:00+00:00,USDC,2,DeFiLlama,24900027940.0
2023-10-24 00:00:00+00:00,USDC,2,DeFiLlama,24888098940.0
2023-10-25 00:00:00+00:00,USDC,2,DeFiLlama,24462265269.0
2023-10-26 00:00:00+00:00,USDC,2,DeFiLlama,24580209493.0
2023-10-27 00:00:00+00:00,USDC,2,DeFiLlama,24549303846.0
2023-10-28 00:00:00+00:00,USDC,2,DeFiLlama,24380740868.0
2023-10-29 00:00:00+00:00,USDC,2,DeFiLlama,24413937127.0
2023-10-30 00:00:00+00:00,USDC,2,DeFiLlama,24456554296.0
2023-10-31 00:00:00+00:00,USDC,2,DeFiLlama,24328668603.0
2023-11-01 00:00:00+00:00,USDC,2,DeFiLlama,24168150604.0
2023-11-02 00:00:00+00:00,USDC,2,DeFiLlama,24185356167.0
2023-11-03 00:00:00+00:00,USDC,2,DeFiLlama,23843410568.0
2023-11-04 00:00:00+00:00,USDC,2,DeFiLlama,23895289768.0
2023-11-05 00:00:00+00:00,USDC,2,DeFiLlama,23982608181.0
2023-11-06 00:00:00+00:00,USDC,2,DeFiLlama,24003236380.0
2023-11-07 00:00:00+00:00,USDC,2,DeFiLlama,23815406157.0
2023-11-08 00:00:00+00:00,USDC,2,DeFiLlama,23740278486.0
2023-11-09 00:00:00+00:00,USDC,2,DeFiLlama,23618587003.0
2023-11-10 00:00:00+00:00,USDC,2,DeFiLlama,23487502648.0
2023-11-11 00:00:00+00:00,USDC,2,DeFiLlama,23518074759.0
2023-11-12 00:00:00+00:00,USDC,2,DeFiLlama,23571499924.0
2023-11-13 00:00:00+00:00,USDC,2,DeFiLlama,23582782540.0
2023-11-14 00:00:00+00:00,USDC,2,DeFiLlama,23396607702.0
2023-11-15 00:00:00+00:00,USDC,2,DeFiLlama,23171550057.0
2023-11-16 00:00:00+00:00,USDC,2,DeFiLlama,23426956320.0
2023-11-17 00:00:00+00:00,USDC,2,DeFiLlama,23530587086.0
2023-11-18 00:00:00+00:00,USDC,2,DeFiLlama,23748711603.0
2023-11-19 00:00:00+00:00,USDC,2,DeFiLlama,23770394758.0
2023-11-20 00:00:00+00:00,USDC,2,DeFiLlama,23802232356.0
2023-11-21 00:00:00+00:00,USDC,2,DeFiLlama,23877694072.0
2023-11-22 00:00:00+00:00,USDC,2,DeFiLlama,23700765516.0
2023-11-23 00:00:00+00:00,USDC,2,DeFiLlama,23739044305.0
2023-11-24 00:00:00+00:00,USDC,2,DeFiLlama,23754368571.0
2023-11-25 00:00:00+00:00,USDC,2,DeFiLlama,24002865143.0
2023-11-26 00:00:00+00:00,USDC,2,DeFiLlama,23962696021.0
2023-11-27 00:00:00+00:00,USDC,2,DeFiLlama,23944309262.0
2023-11-28 00:00:00+00:00,USDC,2,DeFiLlama,23704581164.0
2023-11-29 00:00:00+00:00,USDC,2,DeFiLlama,23836002103.0
2023-11-30 00:00:00+00:00,USDC,2,DeFiLlama,23785912952.0
2023-12-01 00:00:00+00:00,USDC,2,DeFiLlama,23807958530.0
2023-12-02 00:00:00+00:00,USDC,2,DeFiLlama,23806437665.0
2023-12-03 00:00:00+00:00,USDC,2,DeFiLlama,23822917455.0
2023-12-04 00:00:00+00:00,USDC,2,DeFiLlama,23774520696.0
2023-12-05 00:00:00+00:00,USDC,2,DeFiLlama,23642787409.0
2023-12-06 00:00:00+00:00,USDC,2,DeFiLlama,23511688522.0
2023-12-07 00:00:00+00:00,USDC,2,DeFiLlama,23564810695.0
2023-12-08 00:00:00+00:00,USDC,2,DeFiLlama,23623785621.0
2023-12-09 00:00:00+00:00,USDC,2,DeFiLlama,23748785464.0
2023-12-10 00:00:00+00:00,USDC,2,DeFiLlama,23800765636.0
2023-12-11 00:00:00+00:00,USDC,2,DeFiLlama,23800720756.0
2023-12-12 00:00:00+00:00,USDC,2,DeFiLlama,23452324929.0
2023-12-13 00:00:00+00:00,USDC,2,DeFiLlama,23265822373.0
2023-12-14 00:00:00+00:00,USDC,2,DeFiLlama,23565830159.0
2023-12-15 00:00:00+00:00,USDC,2,DeFiLlama,23674274466.0
2023-12-16 00:00:00+00:00,USDC,2,DeFiLlama,23720549361.0
2023-12-17 00:00:00+00:00,USDC,2,DeFiLlama,23763502926.0
2023-12-18 00:00:00+00:00,USDC,2,DeFiLlama,23766619310.0
2023-12-19 00:00:00+00:00,USDC,2,DeFiLlama,23864303473.0
2023-12-20 00:00:00+00:00,USDC,2,DeFiLlama,24129631207.0
2023-12-21 00:00:00+00:00,USDC,2,DeFiLlama,24231924976.0
2023-12-22 00:00:00+00:00,USDC,2,DeFiLlama,24162537813.0
2023-12-23 00:00:00+00:00,USDC,2,DeFiLlama,24409485162.0
2023-12-24 00:00:00+00:00,USDC,2,DeFiLlama,24450610470.0
2023-12-25 00:00:00+00:00,USDC,2,DeFiLlama,24418976119.0
2023-12-26 00:00:00+00:00,USDC,2,DeFiLlama,24373802430.0
2023-12-27 00:00:00+00:00,USDC,2,DeFiLlama,24063409418.0
2023-12-28 00:00:00+00:00,USDC,2,DeFiLlama,24271389903.0
2023-12-29 00:00:00+00:00,USDC,2,DeFiLlama,24196714023.0
2023-12-30 00:00:00+00:00,USDC,2,DeFiLlama,24112008590.0
2023-12-31 00:00:00+00:00,USDC,2,DeFiLlama,24014669037.0
2024-01-01 00:00:00+00:00,USDC,2,DeFiLlama,23863493722.0
2024-01-02 00:00:00+00:00,USDC,2,DeFiLlama,24022237449.0
2024-01-03 00:00:00+00:00,USDC,2,DeFiLlama,24102510507.0
2024-01-04 00:00:00+00:00,USDC,2,DeFiLlama,24209743001.0
2024-01-05 00:00:00+00:00,USDC,2,DeFiLlama,24353067798.0
2024-01-06 00:00:00+00:00,USDC,2,DeFiLlama,24544588738.0
2024-01-07 00:00:00+00:00,USDC,2,DeFiLlama,24602680701.0
2024-01-08 00:00:00+00:00,USDC,2,DeFiLlama,24612675798.0
2024-01-09 00:00:00+00:00,USDC,2,DeFiLlama,24486881617.0
2024-01-10 00:00:00+00:00,USDC,2,DeFiLlama,24320257664.0
2024-01-11 00:00:00+00:00,USDC,2,DeFiLlama,24396846035.0
2024-01-12 00:00:00+00:00,USDC,2,DeFiLlama,24396498769.0
2024-01-13 00:00:00+00:00,USDC,2,DeFiLlama,24450101852.0
2024-01-14 00:00:00+00:00,USDC,2,DeFiLlama,24530719528.0
2024-01-15 00:00:00+00:00,USDC,2,DeFiLlama,24568582409.0
2024-01-16 00:00:00+00:00,USDC,2,DeFiLlama,24544889569.0
2024-01-17 00:00:00+00:00,USDC,2,DeFiLlama,24528687907.0
2024-01-18 00:00:00+00:00,USDC,2,DeFiLlama,24757519148.0
2024-01-19 00:00:00+00:00,USDC,2,DeFiLlama,24697939346.0
2024-01-20 00:00:00+00:00,USDC,2,DeFiLlama,24682583302.0
2024-01-21 00:00:00+00:00,USDC,2,DeFiLlama,24788036066.0
2024-01-22 00:00:00+00:00,USDC,2,DeFiLlama,24810678872.0
2024-01-23 00:00:00+00:00,USDC,2,DeFiLlama,24724312448.0
2024-01-24 00:00:00+00:00,USDC,2,DeFiLlama,24760631315.0
2024-01-25 00:00:00+00:00,USDC,2,DeFiLlama,24814074068.0
2024-01-26 00:00:00+00:00,USDC,2,DeFiLlama,24981649927.0
2024-01-27 00:00:00+00:00,USDC,2,DeFiLlama,25040021897.0
2024-01-28 00:00:00+00:00,USDC,2,DeFiLlama,25102273939.0
2024-01-29 00:00:00+00:00,USDC,2,DeFiLlama,25093990476.0
2024-01-30 00:00:00+00:00,USDC,2,DeFiLlama,25399939606.0
2024-01-31 00:00:00+00:00,USDC,2,DeFiLlama,25577385268.0
2024-02-01 00:00:00+00:00,USDC,2,DeFiLlama,25800260117.0
2024-02-02 00:00:00+00:00,USDC,2,DeFiLlama,25832679300.0
2024-02-03 00:00:00+00:00,USDC,2,DeFiLlama,25897770065.0
2024-02-04 00:00:00+00:00,USDC,2,DeFiLlama,25945765756.0
2024-02-05 00:00:00+00:00,USDC,2,DeFiLlama,25968400357.0
2024-02-06 00:00:00+00:00,USDC,2,DeFiLlama,25960467418.0
2024-02-07 00:00:00+00:00,USDC,2,DeFiLlama,26270335053.0
2024-02-08 00:00:00+00:00,USDC,2,DeFiLlama,26441199437.0
2024-02-09 00:00:00+00:00,USDC,2,DeFiLlama,26613016766.0
2024-02-10 00:00:00+00:00,USDC,2,DeFiLlama,26789597289.0
2024-02-11 00:00:00+00:00,USDC,2,DeFiLlama,26826968671.0
2024-02-12 00:00:00+00:00,USDC,2,DeFiLlama,26830414422.0
2024-02-13 00:00:00+00:00,USDC,2,DeFiLlama,26657244844.0
2024-02-14 00:00:00+00:00,USDC,2,DeFiLlama,26689026495.0
2024-02-15 00:00:00+00:00,USDC,2,DeFiLlama,27019362251.0
2024-02-16 00:00:00+00:00,USDC,2,DeFiLlama,26925152102.0
2024-02-17 00:00:00+00:00,USDC,2,DeFiLlama,26945682032.0
2024-02-18 00:00:00+00:00,USDC,2,DeFiLlama,26992523797.0
2024-02-19 00:00:00+00:00,USDC,2,DeFiLlama,26923120421.0
2024-02-20 00:00:00+00:00,USDC,2,DeFiLlama,26855740262.0
2024-02-21 00:00:00+00:00,USDC,2,DeFiLlama,26819040278.0
2024-02-22 00:00:00+00:00,USDC,2,DeFiLlama,26849270975.0
2024-02-23 00:00:00+00:00,USDC,2,DeFiLlama,26880158126.0
2024-02-24 00:00:00+00:00,USDC,2,DeFiLlama,26968070167.0
2024-02-25 00:00:00+00:00,USDC,2,DeFiLlama,26971671152.0
2024-02-26 00:00:00+00:00,USDC,2,DeFiLlama,27002777622.0
2024-02-27 00:00:00+00:00,USDC,2,DeFiLlama,27208402145.0
2024-02-28 00:00:00+00:00,USDC,2,DeFiLlama,27223268720.0
2024-02-29 00:00:00+00:00,USDC,2,DeFiLlama,27288538067.0
2024-03-01 00:00:00+00:00,USDC,2,DeFiLlama,27567259100.0
2024-03-02 00:00:00+00:00,USDC,2,DeFiLlama,27701302352.0
2024-03-03 00:00:00+00:00,USDC,2,DeFiLlama,27633202705.0
2024-03-04 00:00:00+00:00,USDC,2,DeFiLlama,27659095468.0
2024-03-05 00:00:00+00:00,USDC,2,DeFiLlama,27454362491.0
2024-03-06 00:00:00+00:00,USDC,2,DeFiLlama,27461004595.0
2024-03-07 00:00:00+00:00,USDC,2,DeFiLlama,27643315863.0
2024-03-08 00:00:00+00:00,USDC,2,DeFiLlama,27884612179.0
2024-03-09 00:00:00+00:00,USDC,2,DeFiLlama,28438705052.0
2024-03-10 00:00:00+00:00,USDC,2,DeFiLlama,28473959601.0
2024-03-11 00:00:00+00:00,USDC,2,DeFiLlama,28549784939.0
2024-03-12 00:00:00+00:00,USDC,2,DeFiLlama,28933491163.0
2024-03-13 00:00:00+00:00,USDC,2,DeFiLlama,28932993422.0
2024-03-14 00:00:00+00:00,USDC,2,DeFiLlama,29256896342.0
2024-03-15 00:00:00+00:00,USDC,2,DeFiLlama,29114642499.0
2024-03-16 00:00:00+00:00,USDC,2,DeFiLlama,29347437142.0
2024-03-17 00:00:00+00:00,USDC,2,DeFiLlama,29455102871.0
2024-03-18 00:00:00+00:00,USDC,2,DeFiLlama,29306983385.0
2024-03-19 00:00:00+00:00,USDC,2,DeFiLlama,29627022278.0
2024-03-20 00:00:00+00:00,USDC,2,DeFiLlama,29868265444.0
2024-03-21 00:00:00+00:00,USDC,2,DeFiLlama,29851267426.0
2024-03-22 00:00:00+00:00,USDC,2,DeFiLlama,30325922757.0
2024-03-23 00:00:00+00:00,USDC,2,DeFiLlama,30520873399.0
2024-03-24 00:00:00+00:00,USDC,2,DeFiLlama,30577649880.0
2024-03-25 00:00:00+00:00,USDC,2,DeFiLlama,30537647709.0
2024-03-26 00:00:00+00:00,USDC,2,DeFiLlama,31565676685.0
2024-03-27 00:00:00+00:00,USDC,2,DeFiLlama,31645359448.0
2024-03-28 00:00:00+00:00,USDC,2,DeFiLlama,31478983777.0
2024-03-29 00:00:00+00:00,USDC,2,DeFiLlama,31762384010.0
2024-03-30 00:00:00+00:00,USDC,2,DeFiLlama,31813195975.0
2024-03-31 00:00:00+00:00,USDC,2,DeFiLlama,31888581067.0
2024-04-01 00:00:00+00:00,USDC,2,DeFiLlama,31790934909.0
2024-04-02 00:00:00+00:00,USDC,2,DeFiLlama,31950812283.0
2024-04-03 00:00:00+00:00,USDC,2,DeFiLlama,32097991712.0
2024-04-04 00:00:00+00:00,USDC,2,DeFiLlama,32227321489.0
2024-04-05 00:00:00+00:00,USDC,2,DeFiLlama,32300367400.0
2024-04-06 00:00:00+00:00,USDC,2,DeFiLlama,32262528117.0
2024-04-07 00:00:00+00:00,USDC,2,DeFiLlama,32231309133.0
2024-04-08 00:00:00+00:00,USDC,2,DeFiLlama,32177145005.0
2024-04-09 00:00:00+00:00,USDC,2,DeFiLlama,31873435429.0
2024-04-10 00:00:00+00:00,USDC,2,DeFiLlama,31612175334.0
2024-04-11 00:00:00+00:00,USDC,2,DeFiLlama,31509645825.0
2024-04-12 00:00:00+00:00,USDC,2,DeFiLlama,31527635734.0
2024-04-13 00:00:00+00:00,USDC,2,DeFiLlama,31250016708.0
2024-04-14 00:00:00+00:00,USDC,2,DeFiLlama,31564046876.0
2024-04-15 00:00:00+00:00,USDC,2,DeFiLlama,31565693027.0
2024-04-16 00:00:00+00:00,USDC,2,DeFiLlama,31679194159.0
2024-04-17 00:00:00+00:00,USDC,2,DeFiLlama,31931426237.0
2024-04-18 00:00:00+00:00,USDC,2,DeFiLlama,29822078773.0
2024-04-19 00:00:00+00:00,USDC,2,DeFiLlama,32426798943.0
2024-04-20 00:00:00+00:00,USDC,2,DeFiLlama,30952792378.0
2024-04-21 00:00:00+00:00,USDC,2,DeFiLlama,30997534960.0
2024-04-22 00:00:00+00:00,USDC,2,DeFiLlama,33254485927.0
2024-04-23 00:00:00+00:00,USDC,2,DeFiLlama,33113780540.0
2024-04-24 00:00:00+00:00,USDC,2,DeFiLlama,32771454550.0
2024-04-25 00:00:00+00:00,USDC,2,DeFiLlama,32776174319.0
2024-04-26 00:00:00+00:00,USDC,2,DeFiLlama,32808950493.0
2024-04-27 00:00:00+00:00,USDC,2,DeFiLlama,32720618703.0
2024-04-28 00:00:00+00:00,USDC,2,DeFiLlama,32782322939.0
2024-04-29 00:00:00+00:00,USDC,2,DeFiLlama,32780032991.0
2024-04-30 00:00:00+00:00,USDC,2,DeFiLlama,32568865450.0
2024-05-01 00:00:00+00:00,USDC,2,DeFiLlama,32769862308.0
2024-05-02 00:00:00+00:00,USDC,2,DeFiLlama,32626246394.0
2024-05-03 00:00:00+00:00,USDC,2,DeFiLlama,32761048941.0
2024-05-04 00:00:00+00:00,USDC,2,DeFiLlama,33082677920.0
2024-05-05 00:00:00+00:00,USDC,2,DeFiLlama,33164514131.0
2024-05-06 00:00:00+00:00,USDC,2,DeFiLlama,33235423826.0
2024-05-07 00:00:00+00:00,USDC,2,DeFiLlama,32904422894.0
2024-05-08 00:00:00+00:00,USDC,2,DeFiLlama,32866083377.0
2024-05-09 00:00:00+00:00,USDC,2,DeFiLlama,32704070244.0
2024-05-10 00:00:00+00:00,USDC,2,DeFiLlama,32712102979.0
2024-05-11 00:00:00+00:00,USDC,2,DeFiLlama,32705820396.0
2024-05-12 00:00:00+00:00,USDC,2,DeFiLlama,32726303585.0
2024-05-13 00:00:00+00:00,USDC,2,DeFiLlama,32714015733.0
2024-05-14 00:00:00+00:00,USDC,2,DeFiLlama,32748090146.0
2024-05-15 00:00:00+00:00,USDC,2,DeFiLlama,32521671358.0
2024-05-16 00:00:00+00:00,USDC,2,DeFiLlama,32887244589.0
2024-05-17 00:00:00+00:00,USDC,2,DeFiLlama,32945131445.0
2024-05-18 00:00:00+00:00,USDC,2,DeFiLlama,33075085306.0
2024-05-19 00:00:00+00:00,USDC,2,DeFiLlama,33173429460.0
2024-05-20 00:00:00+00:00,USDC,2,DeFiLlama,33131673925.0
2024-05-21 00:00:00+00:00,USDC,2,DeFiLlama,32958614965.0
2024-05-22 00:00:00+00:00,USDC,2,DeFiLlama,32723866746.0
2024-05-23 00:00:00+00:00,USDC,2,DeFiLlama,32736190566.0
2024-05-24 00:00:00+00:00,USDC,2,DeFiLlama,32401500028.0
2024-05-25 00:00:00+00:00,USDC,2,DeFiLlama,32405022322.0
2024-05-26 00:00:00+00:00,USDC,2,DeFiLlama,32347322158.0
2024-05-27 00:00:00+00:00,USDC,2,DeFiLlama,32272615585.0
2024-05-28 00:00:00+00:00,USDC,2,DeFiLlama,32177394906.0
2024-05-29 00:00:00+00:00,USDC,2,DeFiLlama,31929465547.0
2024-05-30 00:00:00+00:00,USDC,2,DeFiLlama,31803642258.0
2024-05-31 00:00:00+00:00,USDC,2,DeFiLlama,31969707611.0
2024-06-01 00:00:00+00:00,USDC,2,DeFiLlama,32034473251.0
2024-06-02 00:00:00+00:00,USDC,2,DeFiLlama,31984423725.0
2024-06-03 00:00:00+00:00,USDC,2,DeFiLlama,31991608304.0
2024-06-04 00:00:00+00:00,USDC,2,DeFiLlama,31937088487.0
2024-06-05 00:00:00+00:00,USDC,2,DeFiLlama,32015722403.0
2024-06-06 00:00:00+00:00,USDC,2,DeFiLlama,32213231438.0
2024-06-07 00:00:00+00:00,USDC,2,DeFiLlama,32124188766.0
2024-06-08 00:00:00+00:00,USDC,2,DeFiLlama,31834632607.0
2024-06-09 00:00:00+00:00,USDC,2,DeFiLlama,31808895978.0
2024-06-10 00:00:00+00:00,USDC,2,DeFiLlama,31822150979.0
2024-06-11 00:00:00+00:00,USDC,2,DeFiLlama,31702737300.0
2024-06-12 00:00:00+00:00,USDC,2,DeFiLlama,31731991876.0
2024-06-13 00:00:00+00:00,USDC,2,DeFiLlama,32001922533.0
2024-06-14 00:00:00+00:00,USDC,2,DeFiLlama,32173434706.0
2024-06-15 00:00:00+00:00,USDC,2,DeFiLlama,32295116493.0
2024-06-16 00:00:00+00:00,USDC,2,DeFiLlama,32042724892.0
2024-06-17 00:00:00+00:00,USDC,2,DeFiLlama,32080693809.0
2024-06-18 00:00:00+00:00,USDC,2,DeFiLlama,32057726951.0
2024-06-19 00:00:00+00:00,USDC,2,DeFiLlama,32367192421.0
2024-06-20 00:00:00+00:00,USDC,2,DeFiLlama,32388264196.0
2024-06-21 00:00:00+00:00,USDC,2,DeFiLlama,32197360451.0
2024-06-22 00:00:00+00:00,USDC,2,DeFiLlama,32283135151.0
2024-06-23 00:00:00+00:00,USDC,2,DeFiLlama,32299130350.0
2024-06-24 00:00:00+00:00,USDC,2,DeFiLlama,32258868563.0
2024-06-25 00:00:00+00:00,USDC,2,DeFiLlama,32157441213.0
2024-06-26 00:00:00+00:00,USDC,2,DeFiLlama,32376832298.0
2024-06-27 00:00:00+00:00,USDC,2,DeFiLlama,32534613914.0
2024-06-28 00:00:00+00:00,USDC,2,DeFiLlama,32247226986.0
2024-06-29 00:00:00+00:00,USDC,2,DeFiLlama,31895447709.0
2024-06-30 00:00:00+00:00,USDC,2,DeFiLlama,31902227712.0
2024-07-01 00:00:00+00:00,USDC,2,DeFiLlama,31820856468.0
2024-07-02 00:00:00+00:00,USDC,2,DeFiLlama,32128971517.0
2024-07-03 00:00:00+00:00,USDC,2,DeFiLlama,32178206680.0
2024-07-04 00:00:00+00:00,USDC,2,DeFiLlama,32363274896.0
2024-07-05 00:00:00+00:00,USDC,2,DeFiLlama,32561049603.0
2024-07-06 00:00:00+00:00,USDC,2,DeFiLlama,33260152489.0
2024-07-07 00:00:00+00:00,USDC,2,DeFiLlama,33350738900.0
2024-07-08 00:00:00+00:00,USDC,2,DeFiLlama,33350470878.0
2024-07-09 00:00:00+00:00,USDC,2,DeFiLlama,33460412370.0
2024-07-10 00:00:00+00:00,USDC,2,DeFiLlama,33577970554.0
2024-07-11 00:00:00+00:00,USDC,2,DeFiLlama,33709067966.0
2024-07-12 00:00:00+00:00,USDC,2,DeFiLlama,33579251630.0
2024-07-13 00:00:00+00:00,USDC,2,DeFiLlama,33268168821.0
2024-07-14 00:00:00+00:00,USDC,2,DeFiLlama,33562784870.0
2024-07-15 00:00:00+00:00,USDC,2,DeFiLlama,33562816942.0
2024-07-16 00:00:00+00:00,USDC,2,DeFiLlama,33534861013.0
2024-07-17 00:00:00+00:00,USDC,2,DeFiLlama,33570247780.0
2024-07-18 00:00:00+00:00,USDC,2,DeFiLlama,33374823978.0
2024-07-19 00:00:00+00:00,USDC,2,DeFiLlama,33275274105.0
2024-07-20 00:00:00+00:00,USDC,2,DeFiLlama,33623361139.0
2024-07-21 00:00:00+00:00,USDC,2,DeFiLlama,33682778051.0
2024-07-22 00:00:00+00:00,USDC,2,DeFiLlama,33560640016.0
2024-07-23 00:00:00+00:00,USDC,2,DeFiLlama,33626271408.0
2024-07-24 00:00:00+00:00,USDC,2,DeFiLlama,33732919382.0
2024-07-25 00:00:00+00:00,USDC,2,DeFiLlama,33604215849.0
2024-07-26 00:00:00+00:00,USDC,2,DeFiLlama,33361587350.0
2024-07-27 00:00:00+00:00,USDC,2,DeFiLlama,33714062895.0
2024-07-28 00:00:00+00:00,USDC,2,DeFiLlama,33740364231.0
2024-07-29 00:00:00+00:00,USDC,2,DeFiLlama,33720652739.0
2024-07-30 00:00:00+00:00,USDC,2,DeFiLlama,33338671490.0
2024-07-31 00:00:00+00:00,USDC,2,DeFiLlama,33149411119.0
2024-08-01 00:00:00+00:00,USDC,2,DeFiLlama,32975847532.0
2024-08-02 00:00:00+00:00,USDC,2,DeFiLlama,32554955077.0
2024-08-03 00:00:00+00:00,USDC,2,DeFiLlama,32589592799.0
2024-08-04 00:00:00+00:00,USDC,2,DeFiLlama,32705368390.0
2024-08-05 00:00:00+00:00,USDC,2,DeFiLlama,32831859620.0
2024-08-06 00:00:00+00:00,USDC,2,DeFiLlama,33320174780.0
2024-08-07 00:00:00+00:00,USDC,2,DeFiLlama,33808347110.0
2024-08-08 00:00:00+00:00,USDC,2,DeFiLlama,34226686518.0
2024-08-09 00:00:00+00:00,USDC,2,DeFiLlama,34064648192.0
2024-08-10 00:00:00+00:00,USDC,2,DeFiLlama,33996186928.0
2024-08-11 00:00:00+00:00,USDC,2,DeFiLlama,33965850211.0
2024-08-12 00:00:00+00:00,USDC,2,DeFiLlama,34059273081.0
2024-08-13 00:00:00+00:00,USDC,2,DeFiLlama,34058003605.0
2024-08-14 00:00:00+00:00,USDC,2,DeFiLlama,34029385017.0
2024-08-15 00:00:00+00:00,USDC,2,DeFiLlama,34033979753.0
2024-08-16 00:00:00+00:00,USDC,2,DeFiLlama,34083545244.0
2024-08-17 00:00:00+00:00,USDC,2,DeFiLlama,34355462675.0
2024-08-18 00:00:00+00:00,USDC,2,DeFiLlama,34378786343.0
2024-08-19 00:00:00+00:00,USDC,2,DeFiLlama,34344730172.0
2024-08-20 00:00:00+00:00,USDC,2,DeFiLlama,34438088569.0
2024-08-21 00:00:00+00:00,USDC,2,DeFiLlama,34309176722.0
2024-08-22 00:00:00+00:00,USDC,2,DeFiLlama,34428785586.0
2024-08-23 00:00:00+00:00,USDC,2,DeFiLlama,34213684312.0
2024-08-24 00:00:00+00:00,USDC,2,DeFiLlama,34423979478.0
2024-08-25 00:00:00+00:00,USDC,2,DeFiLlama,34428878606.0
2024-08-26 00:00:00+00:00,USDC,2,DeFiLlama,34339165046.0
2024-08-27 00:00:00+00:00,USDC,2,DeFiLlama,34052128230.0
2024-08-28 00:00:00+00:00,USDC,2,DeFiLlama,33820804202.0
2024-08-29 00:00:00+00:00,USDC,2,DeFiLlama,33931434451.0
2024-08-30 00:00:00+00:00,USDC,2,DeFiLlama,34419245011.0
2024-08-31 00:00:00+00:00,USDC,2,DeFiLlama,34509386329.0
2024-09-01 00:00:00+00:00,USDC,2,DeFiLlama,34434304706.0
2024-09-02 00:00:00+00:00,USDC,2,DeFiLlama,34557856068.0
2024-09-03 00:00:00+00:00,USDC,2,DeFiLlama,34567470119.0
2024-09-04 00:00:00+00:00,USDC,2,DeFiLlama,34428750988.0
2024-09-05 00:00:00+00:00,USDC,2,DeFiLlama,34694349289.0
2024-09-06 00:00:00+00:00,USDC,2,DeFiLlama,34703034575.0
2024-09-07 00:00:00+00:00,USDC,2,DeFiLlama,34609362442.0
2024-09-08 00:00:00+00:00,USDC,2,DeFiLlama,34701506105.0
2024-09-09 00:00:00+00:00,USDC,2,DeFiLlama,34756113371.0
2024-09-10 00:00:00+00:00,USDC,2,DeFiLlama,34922220926.0
2024-09-11 00:00:00+00:00,USDC,2,DeFiLlama,35107738761.0
2024-09-12 00:00:00+00:00,USDC,2,DeFiLlama,35138315580.0
2024-09-13 00:00:00+00:00,USDC,2,DeFiLlama,35151205162.0
2024-09-14 00:00:00+00:00,USDC,2,DeFiLlama,35519883218.0
2024-09-15 00:00:00+00:00,USDC,2,DeFiLlama,35515079894.0
2024-09-16 00:00:00+00:00,USDC,2,DeFiLlama,35491876581.0
2024-09-17 00:00:00+00:00,USDC,2,DeFiLlama,35232218043.0
2024-09-18 00:00:00+00:00,USDC,2,DeFiLlama,35405736481.0
2024-09-19 00:00:00+00:00,USDC,2,DeFiLlama,35363885586.0
2024-09-20 00:00:00+00:00,USDC,2,DeFiLlama,35365440646.0
2024-09-21 00:00:00+00:00,USDC,2,DeFiLlama,35531625351.0
2024-09-22 00:00:00+00:00,USDC,2,DeFiLlama,35647506737.0
2024-09-23 00:00:00+00:00,USDC,2,DeFiLlama,35651896571.0
2024-09-24 00:00:00+00:00,USDC,2,DeFiLlama,35609776107.0
2024-09-25 00:00:00+00:00,USDC,2,DeFiLlama,35771049040.0
2024-09-26 00:00:00+00:00,USDC,2,DeFiLlama,35815541400.0
2024-09-27 00:00:00+00:00,USDC,2,DeFiLlama,36056633973.0
2024-09-28 00:00:00+00:00,USDC,2,DeFiLlama,36046938484.0
2024-09-29 00:00:00+00:00,USDC,2,DeFiLlama,36038353425.0
2024-09-30 00:00:00+00:00,USDC,2,DeFiLlama,35968243766.0
2024-10-01 00:00:00+00:00,USDC,2,DeFiLlama,35173561779.0
2024-10-02 00:00:00+00:00,USDC,2,DeFiLlama,35308113870.0
2024-10-03 00:00:00+00:00,USDC,2,DeFiLlama,35327000351.0
2024-10-04 00:00:00+00:00,USDC,2,DeFiLlama,35294228408.0
2024-10-05 00:00:00+00:00,USDC,2,DeFiLlama,35296378962.0
2024-10-06 00:00:00+00:00,USDC,2,DeFiLlama,35424268385.0
2024-10-07 00:00:00+00:00,USDC,2,DeFiLlama,35269915641.0
2024-10-08 00:00:00+00:00,USDC,2,DeFiLlama,35098642783.0
2024-10-09 00:00:00+00:00,USDC,2,DeFiLlama,34792878133.0
2024-10-10 00:00:00+00:00,USDC,2,DeFiLlama,34528023121.0
2024-10-11 00:00:00+00:00,USDC,2,DeFiLlama,34452356017.0
2024-10-12 00:00:00+00:00,USDC,2,DeFiLlama,34712825276.0
2024-10-13 00:00:00+00:00,USDC,2,DeFiLlama,34759320262.0
2024-10-14 00:00:00+00:00,USDC,2,DeFiLlama,34796901051.0
2024-10-15 00:00:00+00:00,USDC,2,DeFiLlama,34615260299.0
2024-10-16 00:00:00+00:00,USDC,2,DeFiLlama,34621198865.0
2024-10-17 00:00:00+00:00,USDC,2,DeFiLlama,34505620498.0
2024-10-18 00:00:00+00:00,USDC,2,DeFiLlama,34454632460.0
2024-10-19 00:00:00+00:00,USDC,2,DeFiLlama,34665504068.0
2024-10-20 00:00:00+00:00,USDC,2,DeFiLlama,34640925572.0
2024-10-21 00:00:00+00:00,USDC,2,DeFiLlama,34657548575.0
2024-10-22 00:00:00+00:00,USDC,2,DeFiLlama,34415514390.0
2024-10-23 00:00:00+00:00,USDC,2,DeFiLlama,34279402510.0
2024-10-24 00:00:00+00:00,USDC,2,DeFiLlama,34044724487.0
2024-10-25 00:00:00+00:00,USDC,2,DeFiLlama,34044155374.0
2024-10-26 00:00:00+00:00,USDC,2,DeFiLlama,34381461314.0
2024-10-27 00:00:00+00:00,USDC,2,DeFiLlama,34353139387.0
2024-10-28 00:00:00+00:00,USDC,2,DeFiLlama,34413874082.0
2024-10-29 00:00:00+00:00,USDC,2,DeFiLlama,34394839252.0
2024-10-30 00:00:00+00:00,USDC,2,DeFiLlama,34498297546.0
2024-10-31 00:00:00+00:00,USDC,2,DeFiLlama,34777501228.0
2024-11-01 00:00:00+00:00,USDC,2,DeFiLlama,34420642727.0
2024-11-02 00:00:00+00:00,USDC,2,DeFiLlama,34622622340.0
2024-11-03 00:00:00+00:00,USDC,2,DeFiLlama,34789622233.0
2024-11-04 00:00:00+00:00,USDC,2,DeFiLlama,34853938348.0
2024-11-05 00:00:00+00:00,USDC,2,DeFiLlama,35102891302.0
2024-11-06 00:00:00+00:00,USDC,2,DeFiLlama,35484911685.0
2024-11-07 00:00:00+00:00,USDC,2,DeFiLlama,36815711783.0
2024-11-08 00:00:00+00:00,USDC,2,DeFiLlama,36837551465.0
2024-11-09 00:00:00+00:00,USDC,2,DeFiLlama,37076258263.0
2024-11-10 00:00:00+00:00,USDC,2,DeFiLlama,36882876017.0
2024-11-11 00:00:00+00:00,USDC,2,DeFiLlama,37193511276.0
2024-11-12 00:00:00+00:00,USDC,2,DeFiLlama,36881098726.0
2024-11-13 00:00:00+00:00,USDC,2,DeFiLlama,36429927363.0
2024-11-14 00:00:00+00:00,USDC,2,DeFiLlama,36568884158.0
2024-11-15 00:00:00+00:00,USDC,2,DeFiLlama,36835407938.0
2024-11-16 00:00:00+00:00,USDC,2,DeFiLlama,36858489753.0
2024-11-17 00:00:00+00:00,USDC,2,DeFiLlama,37034614105.0
2024-11-18 00:00:00+00:00,USDC,2,DeFiLlama,37013590931.0
2024-11-19 00:00:00+00:00,USDC,2,DeFiLlama,37321897826.0
2024-11-20 00:00:00+00:00,USDC,2,DeFiLlama,37359206470.0
2024-11-21 00:00:00+00:00,USDC,2,DeFiLlama,37853997311.0
2024-11-22 00:00:00+00:00,USDC,2,DeFiLlama,38168544103.0
2024-11-23 00:00:00+00:00,USDC,2,DeFiLlama,38792736236.0
2024-11-24 00:00:00+00:00,USDC,2,DeFiLlama,39125253619.0
2024-11-25 00:00:00+00:00,USDC,2,DeFiLlama,39098239165.0
2024-11-26 00:00:00+00:00,USDC,2,DeFiLlama,38569627797.0
2024-11-27 00:00:00+00:00,USDC,2,DeFiLlama,38525210387.0
2024-11-28 00:00:00+00:00,USDC,2,DeFiLlama,39561336584.0
2024-11-29 00:00:00+00:00,USDC,2,DeFiLlama,39408395100.0
2024-11-30 00:00:00+00:00,USDC,2,DeFiLlama,39735573875.0
2024-12-01 00:00:00+00:00,USDC,2,DeFiLlama,39865840343.0
2024-12-02 00:00:00+00:00,USDC,2,DeFiLlama,40029815218.0
2024-12-03 00:00:00+00:00,USDC,2,DeFiLlama,39941945747.0
2024-12-04 00:00:00+00:00,USDC,2,DeFiLlama,40118294909.0
2024-12-05 00:00:00+00:00,USDC,2,DeFiLlama,40571462004.0
2024-12-06 00:00:00+00:00,USDC,2,DeFiLlama,40211577643.0
2024-12-07 00:00:00+00:00,USDC,2,DeFiLlama,41128166656.0
2024-12-08 00:00:00+00:00,USDC,2,DeFiLlama,41131834220.0
2024-12-09 00:00:00+00:00,USDC,2,DeFiLlama,40938413831.0
2024-12-10 00:00:00+00:00,USDC,2,DeFiLlama,40611152836.0
2024-12-11 00:00:00+00:00,USDC,2,DeFiLlama,40701017550.0
2024-12-12 00:00:00+00:00,USDC,2,DeFiLlama,41597995926.0
2024-12-13 00:00:00+00:00,USDC,2,DeFiLlama,41532472968.0
2024-12-14 00:00:00+00:00,USDC,2,DeFiLlama,41983548416.0
2024-12-15 00:00:00+00:00,USDC,2,DeFiLlama,42037367452.0
2024-12-16 00:00:00+00:00,USDC,2,DeFiLlama,42096509034.0
2024-12-17 00:00:00+00:00,USDC,2,DeFiLlama,42395161081.0
2024-12-18 00:00:00+00:00,USDC,2,DeFiLlama,42531897186.0
2024-12-19 00:00:00+00:00,USDC,2,DeFiLlama,42336349183.0
2024-12-20 00:00:00+00:00,USDC,2,DeFiLlama,42483382631.0
2024-12-21 00:00:00+00:00,USDC,2,DeFiLlama,42756267507.0
2024-12-22 00:00:00+00:00,USDC,2,DeFiLlama,42985683449.0
2024-12-23 00:00:00+00:00,USDC,2,DeFiLlama,43101629716.0
2024-12-24 00:00:00+00:00,USDC,2,DeFiLlama,43020463587.0
2024-12-25 00:00:00+00:00,USDC,2,DeFiLlama,43051898387.0
2024-12-26 00:00:00+00:00,USDC,2,DeFiLlama,43145189483.0
2024-12-27 00:00:00+00:00,USDC,2,DeFiLlama,43464066492.0
2024-12-28 00:00:00+00:00,USDC,2,DeFiLlama,43529751696.0
2024-12-29 00:00:00+00:00,USDC,2,DeFiLlama,43618262171.0
2024-12-30 00:00:00+00:00,USDC,2,DeFiLlama,43586463883.0
2024-12-31 00:00:00+00:00,USDC,2,DeFiLlama,43804409361.0
2025-01-01 00:00:00+00:00,USDC,2,DeFiLlama,43911847424.0
2025-01-02 00:00:00+00:00,USDC,2,DeFiLlama,43685779609.0
2025-01-03 00:00:00+00:00,USDC,2,DeFiLlama,44438565566.0
2025-01-04 00:00:00+00:00,USDC,2,DeFiLlama,45316139614.0
2025-01-05 00:00:00+00:00,USDC,2,DeFiLlama,45530602060.0
2025-01-06 00:00:00+00:00,USDC,2,DeFiLlama,45556810209.0
2025-01-07 00:00:00+00:00,USDC,2,DeFiLlama,45695783914.0
2025-01-08 00:00:00+00:00,USDC,2,DeFiLlama,45461160159.0
2025-01-09 00:00:00+00:00,USDC,2,DeFiLlama,45298907003.0
2025-01-10 00:00:00+00:00,USDC,2,DeFiLlama,45425612327.0
2025-01-11 00:00:00+00:00,USDC,2,DeFiLlama,45749253258.0
2025-01-12 00:00:00+00:00,USDC,2,DeFiLlama,45743646456.0
2025-01-13 00:00:00+00:00,USDC,2,DeFiLlama,45745370898.0
2025-01-14 00:00:00+00:00,USDC,2,DeFiLlama,45618418063.0
2025-01-15 00:00:00+00:00,USDC,2,DeFiLlama,45737986162.0
2025-01-16 00:00:00+00:00,USDC,2,DeFiLlama,46249193944.0
2025-01-17 00:00:00+00:00,USDC,2,DeFiLlama,46456380328.0
2025-01-18 00:00:00+00:00,USDC,2,DeFiLlama,47418782083.0
2025-01-19 00:00:00+00:00,USDC,2,DeFiLlama,47532720201.0
2025-01-20 00:00:00+00:00,USDC,2,DeFiLlama,48228512877.0
2025-01-21 00:00:00+00:00,USDC,2,DeFiLlama,48178477166.0
2025-01-22 00:00:00+00:00,USDC,2,DeFiLlama,50873887564.0
2025-01-23 00:00:00+00:00,USDC,2,DeFiLlama,51557366778.0
2025-01-24 00:00:00+00:00,USDC,2,DeFiLlama,51962710335.0
2025-01-25 00:00:00+00:00,USDC,2,DeFiLlama,52179218741.0
2025-01-26 00:00:00+00:00,USDC,2,DeFiLlama,52129911436.0
2025-01-27 00:00:00+00:00,USDC,2,DeFiLlama,52090923334.0
2025-01-28 00:00:00+00:00,USDC,2,DeFiLlama,52352344828.0
2025-01-29 00:00:00+00:00,USDC,2,DeFiLlama,52516241150.0
2025-01-30 00:00:00+00:00,USDC,2,DeFiLlama,52580071526.0
2025-01-31 00:00:00+00:00,USDC,2,DeFiLlama,53139562114.0
2025-02-01 00:00:00+00:00,USDC,2,DeFiLlama,53307616280.0
2025-02-02 00:00:00+00:00,USDC,2,DeFiLlama,53303420349.0
2025-02-03 00:00:00+00:00,USDC,2,DeFiLlama,53342526631.0
2025-02-04 00:00:00+00:00,USDC,2,DeFiLlama,54473269241.0
2025-02-05 00:00:00+00:00,USDC,2,DeFiLlama,55004747505.0
2025-02-06 00:00:00+00:00,USDC,2,DeFiLlama,55340099169.0
2025-02-07 00:00:00+00:00,USDC,2,DeFiLlama,55697987549.0
2025-02-08 00:00:00+00:00,USDC,2,DeFiLlama,56241151639.0
2025-02-09 00:00:00+00:00,USDC,2,DeFiLlama,56011492141.0
2025-02-10 00:00:00+00:00,USDC,2,DeFiLlama,56154826732.0
2025-02-11 00:00:00+00:00,USDC,2,DeFiLlama,56142475082.0
2025-02-12 00:00:00+00:00,USDC,2,DeFiLlama,56079397866.0
2025-02-13 00:00:00+00:00,USDC,2,DeFiLlama,56041114175.0
2025-02-14 00:00:00+00:00,USDC,2,DeFiLlama,56099299711.0
2025-02-15 00:00:00+00:00,USDC,2,DeFiLlama,56394264542.0
2025-02-16 00:00:00+00:00,USDC,2,DeFiLlama,56430139293.0
2025-02-17 00:00:00+00:00,USDC,2,DeFiLlama,56481485453.0
2025-02-18 00:00:00+00:00,USDC,2,DeFiLlama,56477111747.0
2025-02-19 00:00:00+00:00,USDC,2,DeFiLlama,56238417071.0
2025-02-20 00:00:00+00:00,USDC,2,DeFiLlama,56205633820.0
2025-02-21 00:00:00+00:00,USDC,2,DeFiLlama,56210523398.0
2025-02-22 00:00:00+00:00,USDC,2,DeFiLlama,57193044733.0
2025-02-23 00:00:00+00:00,USDC,2,DeFiLlama,57095202895.0
2025-02-24 00:00:00+00:00,USDC,2,DeFiLlama,57201735725.0
2025-02-25 00:00:00+00:00,USDC,2,DeFiLlama,56574870757.0
2025-02-26 00:00:00+00:00,USDC,2,DeFiLlama,56290053327.0
2025-02-27 00:00:00+00:00,USDC,2,DeFiLlama,56061156676.0
2025-02-28 00:00:00+00:00,USDC,2,DeFiLlama,55636261730.0
2025-03-01 00:00:00+00:00,USDC,2,DeFiLlama,56435111801.0
2025-03-02 00:00:00+00:00,USDC,2,DeFiLlama,56430859253.0
2025-03-03 00:00:00+00:00,USDC,2,DeFiLlama,56427980226.0
2025-03-04 00:00:00+00:00,USDC,2,DeFiLlama,56216261955.0
2025-03-05 00:00:00+00:00,USDC,2,DeFiLlama,56536444154.0
2025-03-06 00:00:00+00:00,USDC,2,DeFiLlama,57244381789.0
2025-03-07 00:00:00+00:00,USDC,2,DeFiLlama,57253602274.0
2025-03-08 00:00:00+00:00,USDC,2,DeFiLlama,58148318664.0
2025-03-09 00:00:00+00:00,USDC,2,DeFiLlama,58107389454.0
2025-03-10 00:00:00+00:00,USDC,2,DeFiLlama,58086532707.0
2025-03-11 00:00:00+00:00,USDC,2,DeFiLlama,57854781288.0
2025-03-12 00:00:00+00:00,USDC,2,DeFiLlama,58085907852.0
2025-03-13 00:00:00+00:00,USDC,2,DeFiLlama,58421088920.0
2025-03-14 00:00:00+00:00,USDC,2,DeFiLlama,58385368981.0
2025-03-15 00:00:00+00:00,USDC,2,DeFiLlama,58638940605.0
2025-03-16 00:00:00+00:00,USDC,2,DeFiLlama,58733312151.0
2025-03-17 00:00:00+00:00,USDC,2,DeFiLlama,58666381403.0
2025-03-18 00:00:00+00:00,USDC,2,DeFiLlama,58816862339.0
2025-03-19 00:00:00+00:00,USDC,2,DeFiLlama,58850361606.0
2025-03-20 00:00:00+00:00,USDC,2,DeFiLlama,59216041718.0
2025-03-21 00:00:00+00:00,USDC,2,DeFiLlama,59359866020.0
2025-03-22 00:00:00+00:00,USDC,2,DeFiLlama,59648728858.0
2025-03-23 00:00:00+00:00,USDC,2,DeFiLlama,59586632775.0
2025-03-24 00:00:00+00:00,USDC,2,DeFiLlama,59734382563.0
2025-03-25 00:00:00+00:00,USDC,2,DeFiLlama,59766335811.0
2025-03-26 00:00:00+00:00,USDC,2,DeFiLlama,60109563272.0
2025-03-27 00:00:00+00:00,USDC,2,DeFiLlama,60174856172.0
2025-03-28 00:00:00+00:00,USDC,2,DeFiLlama,60216430422.0
2025-03-29 00:00:00+00:00,USDC,2,DeFiLlama,60250413011.0
2025-03-30 00:00:00+00:00,USDC,2,DeFiLlama,60297914252.0
2025-03-31 00:00:00+00:00,USDC,2,DeFiLlama,60258304115.0
2025-04-01 00:00:00+00:00,USDC,2,DeFiLlama,60140792944.0
2025-04-02 00:00:00+00:00,USDC,2,DeFiLlama,60124191353.0
2025-04-03 00:00:00+00:00,USDC,2,DeFiLlama,60667710630.0
2025-04-04 00:00:00+00:00,USDC,2,DeFiLlama,60854250788.0
2025-04-05 00:00:00+00:00,USDC,2,DeFiLlama,60557587724.0
2025-04-06 00:00:00+00:00,USDC,2,DeFiLlama,60584362355.0
2025-04-07 00:00:00+00:00,USDC,2,DeFiLlama,60364638041.0
2025-04-08 00:00:00+00:00,USDC,2,DeFiLlama,60204506480.0
2025-04-09 00:00:00+00:00,USDC,2,DeFiLlama,60115185416.0
2025-04-10 00:00:00+00:00,USDC,2,DeFiLlama,59971465502.0
2025-04-11 00:00:00+00:00,USDC,2,DeFiLlama,59947684209.0
2025-04-12 00:00:00+00:00,USDC,2,DeFiLlama,60076499041.0
2025-04-13 00:00:00+00:00,USDC,2,DeFiLlama,60063761727.0
2025-04-14 00:00:00+00:00,USDC,2,DeFiLlama,60021398455.0
2025-04-15 00:00:00+00:00,USDC,2,DeFiLlama,60253055268.0
2025-04-16 00:00:00+00:00,USDC,2,DeFiLlama,60413041247.0
2025-04-17 00:00:00+00:00,USDC,2,DeFiLlama,60549947280.0
2025-04-18 00:00:00+00:00,USDC,2,DeFiLlama,60910035532.0
2025-04-19 00:00:00+00:00,USDC,2,DeFiLlama,60894897974.0
2025-04-20 00:00:00+00:00,USDC,2,DeFiLlama,60892933757.0
2025-04-21 00:00:00+00:00,USDC,2,DeFiLlama,60892152415.0
2025-04-22 00:00:00+00:00,USDC,2,DeFiLlama,60939755820.0
2025-04-23 00:00:00+00:00,USDC,2,DeFiLlama,61760812543.0
2025-04-24 00:00:00+00:00,USDC,2,DeFiLlama,61924964491.0
2025-04-25 00:00:00+00:00,USDC,2,DeFiLlama,62230523195.0
2025-04-26 00:00:00+00:00,USDC,2,DeFiLlama,62409221397.0
2025-04-27 00:00:00+00:00,USDC,2,DeFiLlama,62280293391.0
2025-04-28 00:00:00+00:00,USDC,2,DeFiLlama,62102326991.0
2025-04-29 00:00:00+00:00,USDC,2,DeFiLlama,62056759757.0
2025-04-30 00:00:00+00:00,USDC,2,DeFiLlama,62032955550.0
2025-05-01 00:00:00+00:00,USDC,2,DeFiLlama,61525241807.0
2025-05-02 00:00:00+00:00,USDC,2,DeFiLlama,61572251411.0
2025-05-03 00:00:00+00:00,USDC,2,DeFiLlama,61589276016.0
2025-05-04 00:00:00+00:00,USDC,2,DeFiLlama,61561911189.0
2025-05-05 00:00:00+00:00,USDC,2,DeFiLlama,61533028201.0
2025-05-06 00:00:00+00:00,USDC,2,DeFiLlama,61777077267.0
2025-05-07 00:00:00+00:00,USDC,2,DeFiLlama,60950019159.0
2025-05-08 00:00:00+00:00,USDC,2,DeFiLlama,60913728034.0
2025-05-09 00:00:00+00:00,USDC,2,DeFiLlama,60895648786.0
2025-05-10 00:00:00+00:00,USDC,2,DeFiLlama,60695537093.0
2025-05-11 00:00:00+00:00,USDC,2,DeFiLlama,60820310288.0
2025-05-12 00:00:00+00:00,USDC,2,DeFiLlama,60798473933.0
2025-05-13 00:00:00+00:00,USDC,2,DeFiLlama,60394565854.0
2025-05-14 00:00:00+00:00,USDC,2,DeFiLlama,60127963958.0
2025-05-15 00:00:00+00:00,USDC,2,DeFiLlama,60135404443.0
2025-05-16 00:00:00+00:00,USDC,2,DeFiLlama,60074409393.0
2025-05-17 00:00:00+00:00,USDC,2,DeFiLlama,60445814372.0
2025-05-18 00:00:00+00:00,USDC,2,DeFiLlama,60394505727.0
2025-05-19 00:00:00+00:00,USDC,2,DeFiLlama,60339837735.0
2025-05-20 00:00:00+00:00,USDC,2,DeFiLlama,60023908027.0
2025-05-21 00:00:00+00:00,USDC,2,DeFiLlama,60059427486.0
2025-05-22 00:00:00+00:00,USDC,2,DeFiLlama,60735120126.0
2025-05-23 00:00:00+00:00,USDC,2,DeFiLlama,60861020386.0
2025-05-24 00:00:00+00:00,USDC,2,DeFiLlama,61268510468.0
2025-05-25 00:00:00+00:00,USDC,2,DeFiLlama,61304401610.0
2025-05-26 00:00:00+00:00,USDC,2,DeFiLlama,61252724205.0
2025-05-27 00:00:00+00:00,USDC,2,DeFiLlama,61144844757.0
2025-05-28 00:00:00+00:00,USDC,2,DeFiLlama,60904235331.0
2025-05-29 00:00:00+00:00,USDC,2,DeFiLlama,60800811973.0
2025-05-30 00:00:00+00:00,USDC,2,DeFiLlama,60602706755.0
2025-05-31 00:00:00+00:00,USDC,2,DeFiLlama,60614216504.0
2025-06-01 00:00:00+00:00,USDC,2,DeFiLlama,60559849544.0
2025-06-02 00:00:00+00:00,USDC,2,DeFiLlama,60496053103.0
2025-06-03 00:00:00+00:00,USDC,2,DeFiLlama,60667002540.0
2025-06-04 00:00:00+00:00,USDC,2,DeFiLlama,60932397027.0
2025-06-05 00:00:00+00:00,USDC,2,DeFiLlama,61119058919.0
2025-06-06 00:00:00+00:00,USDC,2,DeFiLlama,60578934966.0
2025-06-07 00:00:00+00:00,USDC,2,DeFiLlama,60655432870.0
2025-06-08 00:00:00+00:00,USDC,2,DeFiLlama,60643193182.0
2025-06-09 00:00:00+00:00,USDC,2,DeFiLlama,60637509803.0
2025-06-10 00:00:00+00:00,USDC,2,DeFiLlama,60591504434.0
2025-06-11 00:00:00+00:00,USDC,2,DeFiLlama,60613615242.0
2025-06-12 00:00:00+00:00,USDC,2,DeFiLlama,60812815542.0
2025-06-13 00:00:00+00:00,USDC,2,DeFiLlama,60729516195.0
2025-06-14 00:00:00+00:00,USDC,2,DeFiLlama,61354081688.0
2025-06-15 00:00:00+00:00,USDC,2,DeFiLlama,61305199797.0
2025-06-16 00:00:00+00:00,USDC,2,DeFiLlama,61312927340.0
2025-06-17 00:00:00+00:00,USDC,2,DeFiLlama,61181546495.0
2025-06-18 00:00:00+00:00,USDC,2,DeFiLlama,61083633957.0
2025-06-19 00:00:00+00:00,USDC,2,DeFiLlama,61203817573.0
2025-06-20 00:00:00+00:00,USDC,2,DeFiLlama,61043366106.0
2025-06-21 00:00:00+00:00,USDC,2,DeFiLlama,60811451135.0
2025-06-22 00:00:00+00:00,USDC,2,DeFiLlama,60887078544.0
2025-06-23 00:00:00+00:00,USDC,2,DeFiLlama,60854030021.0
2025-06-24 00:00:00+00:00,USDC,2,DeFiLlama,61332440796.0
2025-06-25 00:00:00+00:00,USDC,2,DeFiLlama,61595217538.0
2025-06-26 00:00:00+00:00,USDC,2,DeFiLlama,61454211584.0
2025-06-27 00:00:00+00:00,USDC,2,DeFiLlama,61371324379.0
2025-06-28 00:00:00+00:00,USDC,2,DeFiLlama,61397113905.0
2025-06-29 00:00:00+00:00,USDC,2,DeFiLlama,61401105520.0
2025-06-30 00:00:00+00:00,USDC,2,DeFiLlama,61328565072.0
2025-07-01 00:00:00+00:00,USDC,2,DeFiLlama,61227438302.0
2025-07-02 00:00:00+00:00,USDC,2,DeFiLlama,61321493859.0
2025-07-03 00:00:00+00:00,USDC,2,DeFiLlama,61460580313.0
2025-07-04 00:00:00+00:00,USDC,2,DeFiLlama,61920576334.0
2025-07-05 00:00:00+00:00,USDC,2,DeFiLlama,61806987434.0
2025-07-06 00:00:00+00:00,USDC,2,DeFiLlama,61842580926.0
2025-07-07 00:00:00+00:00,USDC,2,DeFiLlama,61902379564.0
2025-07-08 00:00:00+00:00,USDC,2,DeFiLlama,61680769083.0
2025-07-09 00:00:00+00:00,USDC,2,DeFiLlama,61667540766.0
2025-07-10 00:00:00+00:00,USDC,2,DeFiLlama,62052280460.0
2025-07-11 00:00:00+00:00,USDC,2,DeFiLlama,62560148109.0
2025-07-12 00:00:00+00:00,USDC,2,DeFiLlama,63110438123.0
2025-07-13 00:00:00+00:00,USDC,2,DeFiLlama,63284460420.0
2025-07-14 00:00:00+00:00,USDC,2,DeFiLlama,63422775335.0
2025-07-15 00:00:00+00:00,USDC,2,DeFiLlama,63149050331.0
2025-07-16 00:00:00+00:00,USDC,2,DeFiLlama,62099907557.0
2025-07-17 00:00:00+00:00,USDC,2,DeFiLlama,63128195463.0
2025-07-18 00:00:00+00:00,USDC,2,DeFiLlama,64067869689.0
2025-07-19 00:00:00+00:00,USDC,2,DeFiLlama,64363117679.0
2025-07-20 00:00:00+00:00,USDC,2,DeFiLlama,64192709803.0
2025-07-21 00:00:00+00:00,USDC,2,DeFiLlama,64067371715.0
2025-07-22 00:00:00+00:00,USDC,2,DeFiLlama,64430755078.0
2025-07-23 00:00:00+00:00,USDC,2,DeFiLlama,64472265139.0
2025-07-24 00:00:00+00:00,USDC,2,DeFiLlama,64346140537.0
2025-07-25 00:00:00+00:00,USDC,2,DeFiLlama,64806300667.0
2025-07-26 00:00:00+00:00,USDC,2,DeFiLlama,64014400708.0
2025-07-27 00:00:00+00:00,USDC,2,DeFiLlama,63962872149.0
2025-07-28 00:00:00+00:00,USDC,2,DeFiLlama,63960860727.0
2025-07-29 00:00:00+00:00,USDC,2,DeFiLlama,63635460160.0
2025-07-30 00:00:00+00:00,USDC,2,DeFiLlama,63567637185.0
2025-07-31 00:00:00+00:00,USDC,2,DeFiLlama,63683695483.0
2025-08-01 00:00:00+00:00,USDC,2,DeFiLlama,63839963682.0
2025-08-02 00:00:00+00:00,USDC,2,DeFiLlama,63992258831.0
2025-08-03 00:00:00+00:00,USDC,2,DeFiLlama,63871918206.0
2025-08-04 00:00:00+00:00,USDC,2,DeFiLlama,63854163231.0
2025-08-05 00:00:00+00:00,USDC,2,DeFiLlama,64120463270.0
2025-08-06 00:00:00+00:00,USDC,2,DeFiLlama,64303793430.0
2025-08-07 00:00:00+00:00,USDC,2,DeFiLlama,64365965597.0
2025-08-08 00:00:00+00:00,USDC,2,DeFiLlama,64503263727.0
2025-08-09 00:00:00+00:00,USDC,2,DeFiLlama,65055443559.0
2025-08-10 00:00:00+00:00,USDC,2,DeFiLlama,65051023706.0
2025-08-11 00:00:00+00:00,USDC,2,DeFiLlama,64965165108.0
2025-08-12 00:00:00+00:00,USDC,2,DeFiLlama,65226991733.0
2025-08-13 00:00:00+00:00,USDC,2,DeFiLlama,66191686194.0
2025-08-14 00:00:00+00:00,USDC,2,DeFiLlama,66795799610.0
2025-08-15 00:00:00+00:00,USDC,2,DeFiLlama,67543152064.0
2025-08-16 00:00:00+00:00,USDC,2,DeFiLlama,67922633994.0
2025-08-17 00:00:00+00:00,USDC,2,DeFiLlama,67923585033.0
2025-08-18 00:00:00+00:00,USDC,2,DeFiLlama,67893452094.0
2025-08-19 00:00:00+00:00,USDC,2,DeFiLlama,67864513753.0
2025-08-20 00:00:00+00:00,USDC,2,DeFiLlama,67457296000.0
2025-08-21 00:00:00+00:00,USDC,2,DeFiLlama,67457363470.0
2025-08-22 00:00:00+00:00,USDC,2,DeFiLlama,66662991810.0
2025-08-23 00:00:00+00:00,USDC,2,DeFiLlama,66663258514.0
2025-08-24 00:00:00+00:00,USDC,2,DeFiLlama,67159342539.0
2025-08-25 00:00:00+00:00,USDC,2,DeFiLlama,67080708331.0
2025-08-26 00:00:00+00:00,USDC,2,DeFiLlama,68713077570.0
2025-08-27 00:00:00+00:00,USDC,2,DeFiLlama,68812212732.0
2025-08-28 00:00:00+00:00,USDC,2,DeFiLlama,69110209963.0
2025-08-29 00:00:00+00:00,USDC,2,DeFiLlama,70375830922.0
2025-08-30 00:00:00+00:00,USDC,2,DeFiLlama,71359031154.0
2025-08-31 00:00:00+00:00,USDC,2,DeFiLlama,71327695656.0
2025-09-01 00:00:00+00:00,USDC,2,DeFiLlama,72035708886.0
2025-09-02 00:00:00+00:00,USDC,2,DeFiLlama,71847614215.0
2025-09-03 00:00:00+00:00,USDC,2,DeFiLlama,72090416216.0
2025-09-04 00:00:00+00:00,USDC,2,DeFiLlama,72263694311.0
2025-09-05 00:00:00+00:00,USDC,2,DeFiLlama,72224856815.0
2025-09-06 00:00:00+00:00,USDC,2,DeFiLlama,72215507529.0
2025-09-07 00:00:00+00:00,USDC,2,DeFiLlama,72191355985.0
2025-09-08 00:00:00+00:00,USDC,2,DeFiLlama,72130929368.0
2025-09-09 00:00:00+00:00,USDC,2,DeFiLlama,72171512179.0
2025-09-10 00:00:00+00:00,USDC,2,DeFiLlama,72266954601.0
2025-09-11 00:00:00+00:00,USDC,2,DeFiLlama,71900617025.0
2025-09-12 00:00:00+00:00,USDC,2,DeFiLlama,72012015537.0
2025-09-13 00:00:00+00:00,USDC,2,DeFiLlama,72578164963.0
2025-09-14 00:00:00+00:00,USDC,2,DeFiLlama,72770966530.0
2025-09-15 00:00:00+00:00,USDC,2,DeFiLlama,72780371603.0
2025-09-16 00:00:00+00:00,USDC,2,DeFiLlama,72743230981.0
2025-09-17 00:00:00+00:00,USDC,2,DeFiLlama,73184634794.0
2025-09-18 00:00:00+00:00,USDC,2,DeFiLlama,73155711324.0
2025-09-19 00:00:00+00:00,USDC,2,DeFiLlama,73982588315.0
2025-09-20 00:00:00+00:00,USDC,2,DeFiLlama,73734973934.0
2025-09-21 00:00:00+00:00,USDC,2,DeFiLlama,73552705752.0
2025-09-22 00:00:00+00:00,USDC,2,DeFiLlama,73621218817.0
2025-09-23 00:00:00+00:00,USDC,2,DeFiLlama,73735142577.0
2025-09-24 00:00:00+00:00,USDC,2,DeFiLlama,73600592729.0
2025-09-25 00:00:00+00:00,USDC,2,DeFiLlama,73708142970.0
2025-09-26 00:00:00+00:00,USDC,2,DeFiLlama,73685566453.0
2025-09-27 00:00:00+00:00,USDC,2,DeFiLlama,73486161454.0
2025-09-28 00:00:00+00:00,USDC,2,DeFiLlama,73407529714.0
2025-09-29 00:00:00+00:00,USDC,2,DeFiLlama,73325840234.0
2025-09-30 00:00:00+00:00,USDC,2,DeFiLlama,73192532732.0
2025-10-01 00:00:00+00:00,USDC,2,DeFiLlama,73622562112.0
2025-10-02 00:00:00+00:00,USDC,2,DeFiLlama,73763520064.0
2025-10-03 00:00:00+00:00,USDC,2,DeFiLlama,74085017539.0
2025-10-04 00:00:00+00:00,USDC,2,DeFiLlama,75161367617.0
2025-10-05 00:00:00+00:00,USDC,2,DeFiLlama,75090825323.0
2025-10-06 00:00:00+00:00,USDC,2,DeFiLlama,74890602075.0
2025-10-07 00:00:00+00:00,USDC,2,DeFiLlama,75126805349.0
2025-10-08 00:00:00+00:00,USDC,2,DeFiLlama,75319397628.0
2025-10-09 00:00:00+00:00,USDC,2,DeFiLlama,75296418058.0
2025-10-10 00:00:00+00:00,USDC,2,DeFiLlama,75323637592.0
2025-10-11 00:00:00+00:00,USDC,2,DeFiLlama,74767477012.0
2025-10-12 00:00:00+00:00,USDC,2,DeFiLlama,75128531239.0
2025-10-13 00:00:00+00:00,USDC,2,DeFiLlama,75278775420.0
2025-10-14 00:00:00+00:00,USDC,2,DeFiLlama,75343659791.0
2025-10-15 00:00:00+00:00,USDC,2,DeFiLlama,75852901759.0
2025-10-16 00:00:00+00:00,USDC,2,DeFiLlama,75665418235.0
2025-10-17 00:00:00+00:00,USDC,2,DeFiLlama,75667741034.0
2025-10-18 00:00:00+00:00,USDC,2,DeFiLlama,75715960340.0
2025-10-19 00:00:00+00:00,USDC,2,DeFiLlama,75633823386.0
2025-10-20 00:00:00+00:00,USDC,2,DeFiLlama,75602599526.0
2025-10-21 00:00:00+00:00,USDC,2,DeFiLlama,75817051985.0
2025-10-22 00:00:00+00:00,USDC,2,DeFiLlama,76291062089.0
2025-10-23 00:00:00+00:00,USDC,2,DeFiLlama,76039309349.0
2025-10-24 00:00:00+00:00,USDC,2,DeFiLlama,76027416081.0
2025-10-25 00:00:00+00:00,USDC,2,DeFiLlama,75985558245.0
2025-10-26 00:00:00+00:00,USDC,2,DeFiLlama,75869017979.0
2025-10-27 00:00:00+00:00,USDC,2,DeFiLlama,75824423318.0
2025-10-28 00:00:00+00:00,USDC,2,DeFiLlama,75680138187.0
2025-10-29 00:00:00+00:00,USDC,2,DeFiLlama,75756646243.0
2025-10-30 00:00:00+00:00,USDC,2,DeFiLlama,75824172319.0
2025-10-31 00:00:00+00:00,USDC,2,DeFiLlama,75544585729.0
2025-11-01 00:00:00+00:00,USDC,2,DeFiLlama,75507624036.0
2025-11-02 00:00:00+00:00,USDC,2,DeFiLlama,75481073547.0
2025-11-03 00:00:00+00:00,USDC,2,DeFiLlama,75313725928.0
2025-11-04 00:00:00+00:00,USDC,2,DeFiLlama,74960968584.0
2025-11-05 00:00:00+00:00,USDC,2,DeFiLlama,74639102897.0
2025-11-06 00:00:00+00:00,USDC,2,DeFiLlama,74788067398.0
2025-11-07 00:00:00+00:00,USDC,2,DeFiLlama,74920724301.0
2025-11-08 00:00:00+00:00,USDC,2,DeFiLlama,75399309900.0
2025-11-09 00:00:00+00:00,USDC,2,DeFiLlama,75242061368.0
2025-11-10 00:00:00+00:00,USDC,2,DeFiLlama,75263899355.0
2025-11-11 00:00:00+00:00,USDC,2,DeFiLlama,75531420041.0
2025-11-12 00:00:00+00:00,USDC,2,DeFiLlama,75491080978.0
2025-11-13 00:00:00+00:00,USDC,2,DeFiLlama,75466512614.0
2025-11-14 00:00:00+00:00,USDC,2,DeFiLlama,75023530547.0
2025-11-15 00:00:00+00:00,USDC,2,DeFiLlama,74498880845.0
2025-11-16 00:00:00+00:00,USDC,2,DeFiLlama,74366699969.0
2025-11-17 00:00:00+00:00,USDC,2,DeFiLlama,74322829055.0
2025-11-18 00:00:00+00:00,USDC,2,DeFiLlama,74337465415.0
2025-11-19 00:00:00+00:00,USDC,2,DeFiLlama,74356596893.0
2025-11-20 00:00:00+00:00,USDC,2,DeFiLlama,74105188519.0
2025-11-21 00:00:00+00:00,USDC,2,DeFiLlama,73306577107.0
2025-11-22 00:00:00+00:00,USDC,2,DeFiLlama,73568552011.0
2025-11-23 00:00:00+00:00,USDC,2,DeFiLlama,73561358292.0
2025-11-24 00:00:00+00:00,USDC,2,DeFiLlama,73490904347.0
2025-11-25 00:00:00+00:00,USDC,2,DeFiLlama,74293658142.0
2025-11-26 00:00:00+00:00,USDC,2,DeFiLlama,74741934618.0
2025-11-27 00:00:00+00:00,USDC,2,DeFiLlama,75487107802.0
2025-11-28 00:00:00+00:00,USDC,2,DeFiLlama,75715206539.0
2025-11-29 00:00:00+00:00,USDC,2,DeFiLlama,76209721918.0
2025-11-30 00:00:00+00:00,USDC,2,DeFiLlama,76239412574.0
2025-12-01 00:00:00+00:00,USDC,2,DeFiLlama,76090158695.0
2025-12-02 00:00:00+00:00,USDC,2,DeFiLlama,76987116932.0
2025-12-03 00:00:00+00:00,USDC,2,DeFiLlama,77362074696.0
2025-12-04 00:00:00+00:00,USDC,2,DeFiLlama,77552380536.0
2025-12-05 00:00:00+00:00,USDC,2,DeFiLlama,77604577459.0
2025-12-06 00:00:00+00:00,USDC,2,DeFiLlama,77800303028.0
2025-12-07 00:00:00+00:00,USDC,2,DeFiLlama,77759088927.0
2025-12-08 00:00:00+00:00,USDC,2,DeFiLlama,77742378699.0
2025-12-09 00:00:00+00:00,USDC,2,DeFiLlama,78123040372.0
2025-12-10 00:00:00+00:00,USDC,2,DeFiLlama,78002417599.0
2025-12-11 00:00:00+00:00,USDC,2,DeFiLlama,78177180094.0
2025-12-12 00:00:00+00:00,USDC,2,DeFiLlama,78560840151.0
2025-12-13 00:00:00+00:00,USDC,2,DeFiLlama,78419795847.0
2025-12-14 00:00:00+00:00,USDC,2,DeFiLlama,78361282948.0
2025-12-15 00:00:00+00:00,USDC,2,DeFiLlama,78315866074.0
2025-12-16 00:00:00+00:00,USDC,2,DeFiLlama,78207270620.0
2025-12-17 00:00:00+00:00,USDC,2,DeFiLlama,78165193854.0
2025-12-18 00:00:00+00:00,USDC,2,DeFiLlama,77971910455.0
2025-12-19 00:00:00+00:00,USDC,2,DeFiLlama,77329969851.0
2025-12-20 00:00:00+00:00,USDC,2,DeFiLlama,77109201575.0
2025-12-21 00:00:00+00:00,USDC,2,DeFiLlama,77090120915.0
2025-12-22 00:00:00+00:00,USDC,2,DeFiLlama,77024281678.0
2025-12-23 00:00:00+00:00,USDC,2,DeFiLlama,77045515267.0
2025-12-24 00:00:00+00:00,USDC,2,DeFiLlama,76838638293.0
2025-12-25 00:00:00+00:00,USDC,2,DeFiLlama,76540301305.0
2025-12-26 00:00:00+00:00,USDC,2,DeFiLlama,76469696157.0
2025-12-27 00:00:00+00:00,USDC,2,DeFiLlama,76453901074.0
2025-12-28 00:00:00+00:00,USDC,2,DeFiLlama,76376303132.0
2025-12-29 00:00:00+00:00,USDC,2,DeFiLlama,76252278796.0
2025-12-30 00:00:00+00:00,USDC,2,DeFiLlama,76002343002.0
2025-12-31 00:00:00+00:00,USDC,2,DeFiLlama,75986067409.0
2026-01-01 00:00:00+00:00,USDC,2,DeFiLlama,75302045206.0
2026-01-02 00:00:00+00:00,USDC,2,DeFiLlama,75121831919.0
2026-01-03 00:00:00+00:00,USDC,2,DeFiLlama,75283340693.0
2026-01-04 00:00:00+00:00,USDC,2,DeFiLlama,75303435323.0
2026-01-05 00:00:00+00:00,USDC,2,DeFiLlama,75355267792.0
2026-01-06 00:00:00+00:00,USDC,2,DeFiLlama,75662391962.0
2026-01-07 00:00:00+00:00,USDC,2,DeFiLlama,75466338903.0
2026-01-08 00:00:00+00:00,USDC,2,DeFiLlama,75058420569.0
2026-01-09 00:00:00+00:00,USDC,2,DeFiLlama,74907827583.0
2026-01-10 00:00:00+00:00,USDC,2,DeFiLlama,74648239738.0
2026-01-11 00:00:00+00:00,USDC,2,DeFiLlama,74559067209.0
2026-01-12 00:00:00+00:00,USDC,2,DeFiLlama,74539715709.0
2026-01-13 00:00:00+00:00,USDC,2,DeFiLlama,73948195302.0
2026-01-14 00:00:00+00:00,USDC,2,DeFiLlama,74860314558.0
2026-01-15 00:00:00+00:00,USDC,2,DeFiLlama,75674134410.0
2026-01-16 00:00:00+00:00,USDC,2,DeFiLlama,76707865435.0
2026-01-17 00:00:00+00:00,USDC,2,DeFiLlama,77092715423.0
2026-01-18 00:00:00+00:00,USDC,2,DeFiLlama,77015887810.0
2026-01-19 00:00:00+00:00,USDC,2,DeFiLlama,76745482799.0
2026-01-20 00:00:00+00:00,USDC,2,DeFiLlama,76414550214.0
2026-01-21 00:00:00+00:00,USDC,2,DeFiLlama,74482032818.0
2026-01-22 00:00:00+00:00,USDC,2,DeFiLlama,74204287468.0
2026-01-23 00:00:00+00:00,USDC,2,DeFiLlama,73608112130.0
2026-01-24 00:00:00+00:00,USDC,2,DeFiLlama,72908246945.0
2026-01-25 00:00:00+00:00,USDC,2,DeFiLlama,72531306749.0
2026-01-26 00:00:00+00:00,USDC,2,DeFiLlama,72354088945.0
2026-01-27 00:00:00+00:00,USDC,2,DeFiLlama,72000799088.0
2026-01-28 00:00:00+00:00,USDC,2,DeFiLlama,71512500577.0
2026-01-29 00:00:00+00:00,USDC,2,DeFiLlama,71265871394.0
2026-01-30 00:00:00+00:00,USDC,2,DeFiLlama,70229662871.0
2026-01-31 00:00:00+00:00,USDC,2,DeFiLlama,69991420269.0
2026-02-01 00:00:00+00:00,USDC,2,DeFiLlama,70059231846.0
2026-02-02 00:00:00+00:00,USDC,2,DeFiLlama,70326285331.0
2026-02-03 00:00:00+00:00,USDC,2,DeFiLlama,70693770811.0
2026-02-04 00:00:00+00:00,USDC,2,DeFiLlama,70844871156.0
2026-02-05 00:00:00+00:00,USDC,2,DeFiLlama,70772790638.0
2026-02-06 00:00:00+00:00,USDC,2,DeFiLlama,70542213830.0
2026-02-07 00:00:00+00:00,USDC,2,DeFiLlama,72547161048.0
2026-02-08 00:00:00+00:00,USDC,2,DeFiLlama,72711967145.0
2026-02-09 00:00:00+00:00,USDC,2,DeFiLlama,72837522586.0
2026-02-10 00:00:00+00:00,USDC,2,DeFiLlama,73028517602.0
2026-02-11 00:00:00+00:00,USDC,2,DeFiLlama,73198966436.0
2026-02-12 00:00:00+00:00,USDC,2,DeFiLlama,73346705751.0
2026-02-13 00:00:00+00:00,USDC,2,DeFiLlama,73251235992.0
2026-02-14 00:00:00+00:00,USDC,2,DeFiLlama,73555404323.0
2026-02-15 00:00:00+00:00,USDC,2,DeFiLlama,73569678626.0
2026-02-16 00:00:00+00:00,USDC,2,DeFiLlama,73704068625.0
2026-02-17 00:00:00+00:00,USDC,2,DeFiLlama,73740804198.0
2026-02-18 00:00:00+00:00,USDC,2,DeFiLlama,73551358310.0
2026-02-19 00:00:00+00:00,USDC,2,DeFiLlama,73634522464.0
2026-02-20 00:00:00+00:00,USDC,2,DeFiLlama,73794576087.0
2026-02-21 00:00:00+00:00,USDC,2,DeFiLlama,74496755741.0
2026-02-22 00:00:00+00:00,USDC,2,DeFiLlama,74403276044.0
2026-02-23 00:00:00+00:00,USDC,2,DeFiLlama,74462061832.0
2026-02-24 00:00:00+00:00,USDC,2,DeFiLlama,74773662424.0
2026-02-25 00:00:00+00:00,USDC,2,DeFiLlama,74994211544.0
2026-02-26 00:00:00+00:00,USDC,2,DeFiLlama,75423798549.0
2026-02-27 00:00:00+00:00,USDC,2,DeFiLlama,75338114445.0
2026-02-28 00:00:00+00:00,USDC,2,DeFiLlama,75287298250.0
2026-03-01 00:00:00+00:00,USDC,2,DeFiLlama,75219001243.0
2026-03-02 00:00:00+00:00,USDC,2,DeFiLlama,75222883302.0
2026-03-03 00:00:00+00:00,USDC,2,DeFiLlama,75928136892.0
2026-03-04 00:00:00+00:00,USDC,2,DeFiLlama,76372520626.0
2026-03-05 00:00:00+00:00,USDC,2,DeFiLlama,77051319822.0
2026-03-06 00:00:00+00:00,USDC,2,DeFiLlama,77202697435.0
2026-03-07 00:00:00+00:00,USDC,2,DeFiLlama,77390994956.0
2026-03-08 00:00:00+00:00,USDC,2,DeFiLlama,77301625288.0
2026-03-09 00:00:00+00:00,USDC,2,DeFiLlama,77284446616.0
2026-03-10 00:00:00+00:00,USDC,2,DeFiLlama,78252916270.0
2026-03-11 00:00:00+00:00,USDC,2,DeFiLlama,78733640750.0
2026-03-12 00:00:00+00:00,USDC,2,DeFiLlama,78796833378.0
2026-03-13 00:00:00+00:00,USDC,2,DeFiLlama,78940562877.0
2026-03-14 00:00:00+00:00,USDC,2,DeFiLlama,79241500481.0
2026-03-15 00:00:00+00:00,USDC,2,DeFiLlama,79214056758.0
2026-03-16 00:00:00+00:00,USDC,2,DeFiLlama,79189558417.0
2026-03-17 00:00:00+00:00,USDC,2,DeFiLlama,79291667696.0
2026-03-18 00:00:00+00:00,USDC,2,DeFiLlama,79620206990.0
2026-03-19 00:00:00+00:00,USDC,2,DeFiLlama,79404884927.0
2026-03-20 00:00:00+00:00,USDC,2,DeFiLlama,79258467088.0
2026-03-21 00:00:00+00:00,USDC,2,DeFiLlama,79094879347.0
2026-03-22 00:00:00+00:00,USDC,2,DeFiLlama,79041784342.0
2026-03-23 00:00:00+00:00,USDC,2,DeFiLlama,79005620863.0
2026-03-24 00:00:00+00:00,USDC,2,DeFiLlama,78680805398.0
2026-03-25 00:00:00+00:00,USDC,2,DeFiLlama,78688894309.0
2026-03-26 00:00:00+00:00,USDC,2,DeFiLlama,78685319038.0
2026-03-27 00:00:00+00:00,USDC,2,DeFiLlama,78089037321.0
2026-03-28 00:00:00+00:00,USDC,2,DeFiLlama,77724212236.0
2026-03-29 00:00:00+00:00,USDC,2,DeFiLlama,77673073489.0
2026-03-30 00:00:00+00:00,USDC,2,DeFiLlama,77592094534.0
2026-03-31 00:00:00+00:00,USDC,2,DeFiLlama,77359057031.0
2026-04-01 00:00:00+00:00,USDC,2,DeFiLlama,77125806930.0
2026-04-02 00:00:00+00:00,USDC,2,DeFiLlama,77176836346.0
2026-04-03 00:00:00+00:00,USDC,2,DeFiLlama,77225124079.0
2026-04-04 00:00:00+00:00,USDC,2,DeFiLlama,77491328959.0
2026-04-05 00:00:00+00:00,USDC,2,DeFiLlama,77486965006.0
2026-04-06 00:00:00+00:00,USDC,2,DeFiLlama,77487491721.0
2026-04-07 00:00:00+00:00,USDC,2,DeFiLlama,77838919850.0
2026-04-08 00:00:00+00:00,USDC,2,DeFiLlama,77794803983.0
2026-04-09 00:00:00+00:00,USDC,2,DeFiLlama,78189295374.0
2026-04-10 00:00:00+00:00,USDC,2,DeFiLlama,78344318910.0
2026-04-11 00:00:00+00:00,USDC,2,DeFiLlama,78762802608.0
2026-04-12 00:00:00+00:00,USDC,2,DeFiLlama,78742402530.0
2026-04-13 00:00:00+00:00,USDC,2,DeFiLlama,78676379476.0
2026-04-14 00:00:00+00:00,USDC,2,DeFiLlama,78711936438.0
2026-04-15 00:00:00+00:00,USDC,2,DeFiLlama,78861960562.0
2026-04-16 00:00:00+00:00,USDC,2,DeFiLlama,78628189944.0
2026-04-17 00:00:00+00:00,USDC,2,DeFiLlama,78783137646.0
2026-04-18 00:00:00+00:00,USDC,2,DeFiLlama,78632712047.0
2026-04-19 00:00:00+00:00,USDC,2,DeFiLlama,78582709734.0
2026-04-20 00:00:00+00:00,USDC,2,DeFiLlama,78288040656.0
2026-04-21 00:00:00+00:00,USDC,2,DeFiLlama,78349313622.0
2026-04-22 00:00:00+00:00,USDC,2,DeFiLlama,78362783947.0
2026-04-23 00:00:00+00:00,USDC,2,DeFiLlama,78411463016.0
2026-04-24 00:00:00+00:00,USDC,2,DeFiLlama,78116190456.0
2026-04-25 00:00:00+00:00,USDC,2,DeFiLlama,77873324700.0
2026-04-26 00:00:00+00:00,USDC,2,DeFiLlama,77823384974.0
2026-04-27 00:00:00+00:00,USDC,2,DeFiLlama,77881007018.0
2026-04-28 00:00:00+00:00,USDC,2,DeFiLlama,77730159086.0
2026-04-29 00:00:00+00:00,USDC,2,DeFiLlama,77596010010.0
2026-04-30 00:00:00+00:00,USDC,2,DeFiLlama,77338168145.0
2026-05-01 00:00:00+00:00,USDC,2,DeFiLlama,77260188524.0
2026-05-02 00:00:00+00:00,USDC,2,DeFiLlama,77351497139.0
2026-05-03 00:00:00+00:00,USDC,2,DeFiLlama,77344446571.0
2026-05-04 00:00:00+00:00,USDC,2,DeFiLlama,77353437151.0
2026-05-05 00:00:00+00:00,USDC,2,DeFiLlama,77910319208.0
2026-05-06 00:00:00+00:00,USDC,2,DeFiLlama,78274891504.0
2026-05-07 00:00:00+00:00,USDC,2,DeFiLlama,78360036122.0
2026-05-08 00:00:00+00:00,USDC,2,DeFiLlama,78457144646.0
2026-05-09 00:00:00+00:00,USDC,2,DeFiLlama,78017883698.0
2026-05-10 00:00:00+00:00,USDC,2,DeFiLlama,77949114347.0
2026-05-11 00:00:00+00:00,USDC,2,DeFiLlama,77949114347.0
2026-05-12 00:00:00+00:00,USDC,2,DeFiLlama,77551109591.0
2026-05-13 00:00:00+00:00,USDC,2,DeFiLlama,77181236057.0
2026-05-14 00:00:00+00:00,USDC,2,DeFiLlama,76854772870.0
2026-05-15 00:00:00+00:00,USDC,2,DeFiLlama,76730373776.0
2026-05-16 00:00:00+00:00,USDC,2,DeFiLlama,77065957868.0
2026-05-17 00:00:00+00:00,USDC,2,DeFiLlama,77056026104.0
2026-05-18 00:00:00+00:00,USDC,2,DeFiLlama,76997492774.0
2026-05-19 00:00:00+00:00,USDC,2,DeFiLlama,77023551660.0
2026-05-20 00:00:00+00:00,USDC,2,DeFiLlama,76367797495.0
2026-05-21 00:00:00+00:00,USDC,2,DeFiLlama,76281950061.0
2026-05-22 00:00:00+00:00,USDC,2,DeFiLlama,77070429730.0
2026-05-23 00:00:00+00:00,USDC,2,DeFiLlama,76618009441.0
2026-05-24 00:00:00+00:00,USDC,2,DeFiLlama,76529381214.0
2026-05-25 00:00:00+00:00,USDC,2,DeFiLlama,76486988861.0
2026-05-26 00:00:00+00:00,USDC,2,DeFiLlama,76622707131.0
2026-05-27 00:00:00+00:00,USDC,2,DeFiLlama,76597761928.0
2026-05-28 00:00:00+00:00,USDC,2,DeFiLlama,76450622761.0
2026-05-29 00:00:00+00:00,USDC,2,DeFiLlama,76275819934.0
2026-05-30 00:00:00+00:00,USDC,2,DeFiLlama,76084357754.0
2026-05-31 00:00:00+00:00,USDC,2,DeFiLlama,75886086749.0
2026-06-01 00:00:00+00:00,USDC,2,DeFiLlama,75876233832.0
2026-06-02 00:00:00+00:00,USDC,2,DeFiLlama,76007784279.0
2026-06-03 00:00:00+00:00,USDC,2,DeFiLlama,76008306492.0
2026-06-04 00:00:00+00:00,USDC,2,DeFiLlama,76120150013.0
2026-06-05 00:00:00+00:00,USDC,2,DeFiLlama,75753885444.0
2026-06-06 00:00:00+00:00,USDC,2,DeFiLlama,75602143893.0
2026-06-07 00:00:00+00:00,USDC,2,DeFiLlama,75493969113.0
2026-06-08 00:00:00+00:00,USDC,2,DeFiLlama,75751182112.0
2026-06-09 00:00:00+00:00,USDC,2,DeFiLlama,76052868040.0
2026-06-10 00:00:00+00:00,USDC,2,DeFiLlama,75120116676.0
2026-06-11 00:00:00+00:00,USDC,2,DeFiLlama,74989222189.0
2026-06-12 00:00:00+00:00,USDC,2,DeFiLlama,74911918701.0
2026-06-13 00:00:00+00:00,USDC,2,DeFiLlama,74916668861.0
2026-06-14 00:00:00+00:00,USDC,2,DeFiLlama,74901986960.0
2026-06-15 00:00:00+00:00,USDC,2,DeFiLlama,74855076558.0
2026-06-16 00:00:00+00:00,USDC,2,DeFiLlama,75064554304.0
2026-06-17 00:00:00+00:00,USDC,2,DeFiLlama,74995312896.0
2026-06-18 00:00:00+00:00,USDC,2,DeFiLlama,74822042336.0
2026-06-19 00:00:00+00:00,USDC,2,DeFiLlama,74865235478.0
2026-06-20 00:00:00+00:00,USDC,2,DeFiLlama,74940951526.0
2026-06-21 00:00:00+00:00,USDC,2,DeFiLlama,74913679403.0
2026-06-22 00:00:00+00:00,USDC,2,DeFiLlama,74922990027.0
2026-06-23 00:00:00+00:00,USDC,2,DeFiLlama,74534736113.0
2026-06-24 00:00:00+00:00,USDC,2,DeFiLlama,74167040149.0
2026-06-25 00:00:00+00:00,USDC,2,DeFiLlama,73812177844.0
2026-06-26 00:00:00+00:00,USDC,2,DeFiLlama,73751802229.0
2026-06-27 00:00:00+00:00,USDC,2,DeFiLlama,73873070606.0
2026-06-28 00:00:00+00:00,USDC,2,DeFiLlama,73854922287.0
2026-06-29 00:00:00+00:00,USDC,2,DeFiLlama,73798345056.0
2026-06-30 00:00:00+00:00,USDC,2,DeFiLlama,73746770182.0
2026-07-01 00:00:00+00:00,USDC,2,DeFiLlama,73447893668.0
2026-07-02 00:00:00+00:00,USDC,2,DeFiLlama,73383052291.0
2026-07-03 00:00:00+00:00,USDC,2,DeFiLlama,73365808663.0
2026-07-04 00:00:00+00:00,USDC,2,DeFiLlama,73089557050.0
2026-07-05 00:00:00+00:00,USDC,2,DeFiLlama,73044871375.0
2026-07-06 00:00:00+00:00,USDC,2,DeFiLlama,73038600251.0
2026-07-07 00:00:00+00:00,USDC,2,DeFiLlama,73121240983.0
2026-07-08 00:00:00+00:00,USDC,2,DeFiLlama,73388472043.0
2026-07-09 00:00:00+00:00,USDC,2,DeFiLlama,73399459356.0
2026-07-10 00:00:00+00:00,USDC,2,DeFiLlama,73434458689.0
2026-07-11 00:00:00+00:00,USDC,2,DeFiLlama,73402000447.0
2026-07-12 00:00:00+00:00,USDC,2,DeFiLlama,73459965852.0
2026-07-13 00:00:00+00:00,USDC,2,DeFiLlama,73530554093.0
2026-07-14 00:00:00+00:00,USDC,2,DeFiLlama,73092189937.0
2026-07-15 00:00:00+00:00,USDC,2,DeFiLlama,73163423075.0
2026-07-16 00:00:00+00:00,USDC,2,DeFiLlama,73171376333.0
2026-07-17 00:00:00+00:00,USDC,2,DeFiLlama,73270288786.0
2026-07-18 00:00:00+00:00,USDC,2,DeFiLlama,73377711257.0
2026-07-19 00:00:00+00:00,USDC,2,DeFiLlama,73377603889.0
2026-07-20 00:00:00+00:00,USDC,2,DeFiLlama,73381347818.0
2026-07-21 00:00:00+00:00,USDC,2,DeFiLlama,73316495732.0
2026-07-22 00:00:00+00:00,USDC,2,DeFiLlama,73314332013.0
2026-07-23 00:00:00+00:00,USDC,2,DeFiLlama,74346443649.0
2026-07-24 00:00:00+00:00,USDC,2,DeFiLlama,74064035134.0
2026-07-25 00:00:00+00:00,USDC,2,DeFiLlama,73645912962.0
2026-07-26 00:00:00+00:00,USDC,2,DeFiLlama,73563573208.0
2026-07-27 00:00:00+00:00,USDC,2,DeFiLlama,73460973423.0
2026-07-28 00:00:00+00:00,USDC,2,DeFiLlama,73688644209.87
