Date,Symbol,DeFiLlama_ID,Source,Circulating_Supply,Net_Mint_Burn_Units,Net_Flow_USD
2018-09-11 00:00:00+00:00,USDC,2,DeFiLlama,2.0,,
2018-09-12 00:00:00+00:00,USDC,2,DeFiLlama,2.0,0.0,0.0
2018-09-13 00:00:00+00:00,USDC,2,DeFiLlama,3.0,1.0,1.0
2018-09-14 00:00:00+00:00,USDC,2,DeFiLlama,3.0,0.0,0.0
2018-09-15 00:00:00+00:00,USDC,2,DeFiLlama,3.0,0.0,0.0
2018-09-16 00:00:00+00:00,USDC,2,DeFiLlama,3.0,0.0,0.0
2018-09-17 00:00:00+00:00,USDC,2,DeFiLlama,3.0,0.0,0.0
2018-09-18 00:00:00+00:00,USDC,2,DeFiLlama,3.0,0.0,0.0
2018-09-19 00:00:00+00:00,USDC,2,DeFiLlama,3.0,0.0,0.0
2018-09-20 00:00:00+00:00,USDC,2,DeFiLlama,3.0,0.0,0.0
2018-09-21 00:00:00+00:00,USDC,2,DeFiLlama,3.0,0.0,0.0
2018-09-22 00:00:00+00:00,USDC,2,DeFiLlama,3.0,0.0,0.0
2018-09-23 00:00:00+00:00,USDC,2,DeFiLlama,4.0,1.0,1.0
2018-09-24 00:00:00+00:00,USDC,2,DeFiLlama,4.0,0.0,0.0
2018-09-25 00:00:00+00:00,USDC,2,DeFiLlama,8.0,4.0,4.0
2018-09-26 00:00:00+00:00,USDC,2,DeFiLlama,10.0,2.0,2.0
2018-09-27 00:00:00+00:00,USDC,2,DeFiLlama,2109629.0,2109619.0,2116565.967070039
2018-09-28 00:00:00+00:00,USDC,2,DeFiLlama,3110019.0,1000390.0,1003684.5118277412
2018-09-29 00:00:00+00:00,USDC,2,DeFiLlama,3110439.0,420.0,421.3832388289885
2018-09-30 00:00:00+00:00,USDC,2,DeFiLlama,3110689.0,250.0,250.82337064232397
2018-10-01 00:00:00+00:00,USDC,2,DeFiLlama,3110979.0,290.0,290.9550209114237
2018-10-02 00:00:00+00:00,USDC,2,DeFiLlama,5116480.0,2005501.0,2012106.0678104868
2018-10-03 00:00:00+00:00,USDC,2,DeFiLlama,5116480.0,0.0,0.0
2018-10-04 00:00:00+00:00,USDC,2,DeFiLlama,6117444.0,1000964.0,1004260.5437375479
2018-10-05 00:00:00+00:00,USDC,2,DeFiLlama,8117358.0,1999914.0,2006500.588995582
2018-10-06 00:00:00+00:00,USDC,2,DeFiLlama,10342478.0,2225120.0,2232448.228055211
2018-10-07 00:00:00+00:00,USDC,2,DeFiLlama,10342478.0,0.0,0.0
2018-10-08 00:00:00+00:00,USDC,2,DeFiLlama,10342478.0,0.0,0.0
2018-10-09 00:00:00+00:00,USDC,2,DeFiLlama,10342447.0,-31.0,-31.102095954661404
2018-10-10 00:00:00+00:00,USDC,2,DeFiLlama,10744407.0,401960.0,403283.82890558784
2018-10-11 00:00:00+00:00,USDC,2,DeFiLlama,10751216.0,6809.0,6831.425359233783
2018-10-12 00:00:00+00:00,USDC,2,DeFiLlama,10978779.0,227563.0,228312.46612496706
2018-10-13 00:00:00+00:00,USDC,2,DeFiLlama,12178914.0,1200135.0,1204087.619665842
2018-10-14 00:00:00+00:00,USDC,2,DeFiLlama,12179914.0,1000.0,1003.2934551097816
2018-10-15 00:00:00+00:00,USDC,2,DeFiLlama,12179914.0,0.0,0.0
2018-10-16 00:00:00+00:00,USDC,2,DeFiLlama,23803534.0,11623620.0,11661901.445515612
2018-10-17 00:00:00+00:00,USDC,2,DeFiLlama,23813004.0,9470.0,9501.18859846494
2018-10-18 00:00:00+00:00,USDC,2,DeFiLlama,23817092.0,4088.0,4101.463726302102
2018-10-19 00:00:00+00:00,USDC,2,DeFiLlama,23832917.0,15825.0,15877.11850064346
2018-10-20 00:00:00+00:00,USDC,2,DeFiLlama,23835732.0,2815.0,2824.2710863673074
2018-10-21 00:00:00+00:00,USDC,2,DeFiLlama,23841602.0,5870.0,5889.332520943853
2018-10-22 00:00:00+00:00,USDC,2,DeFiLlama,23841602.0,0.0,0.0
2018-10-23 00:00:00+00:00,USDC,2,DeFiLlama,33727900.0,9886298.0,9918857.983519223
2018-10-24 00:00:00+00:00,USDC,2,DeFiLlama,84747910.0,51020010.0,51188041.24739146
2018-10-25 00:00:00+00:00,USDC,2,DeFiLlama,124356372.0,39608462.0,39738910.01352616
2018-10-26 00:00:00+00:00,USDC,2,DeFiLlama,124361372.0,5000.0,5016.4672113781435
2018-10-27 00:00:00+00:00,USDC,2,DeFiLlama,124260006.0,-101366.0,-101699.84294169437
2018-10-28 00:00:00+00:00,USDC,2,DeFiLlama,124235275.0,-24731.0,-24812.450179282816
2018-10-29 00:00:00+00:00,USDC,2,DeFiLlama,124210464.0,-24811.0,-24892.71359765631
2018-10-30 00:00:00+00:00,USDC,2,DeFiLlama,125220034.0,1009570.0,1012894.960891242
2018-10-31 00:00:00+00:00,USDC,2,DeFiLlama,127365040.0,2145006.0,2152070.4634259134
2018-11-01 00:00:00+00:00,USDC,2,DeFiLlama,127363005.0,-2035.0,-2041.7021437661588
2018-11-02 00:00:00+00:00,USDC,2,DeFiLlama,127282936.0,-80069.0,-80332.70262806477
2018-11-03 00:00:00+00:00,USDC,2,DeFiLlama,132268016.0,4985080.0,5001498.070369787
2018-11-04 00:00:00+00:00,USDC,2,DeFiLlama,132258908.0,-9108.0,-9137.996666810526
2018-11-05 00:00:00+00:00,USDC,2,DeFiLlama,132233908.0,-25000.0,-25082.336105501774
2018-11-06 00:00:00+00:00,USDC,2,DeFiLlama,134211906.0,1977998.0,1984512.4345387658
2018-11-07 00:00:00+00:00,USDC,2,DeFiLlama,134200799.0,-11107.0,-11143.58029771492
2018-11-08 00:00:00+00:00,USDC,2,DeFiLlama,134268696.0,67897.0,68120.61474920409
2018-11-09 00:00:00+00:00,USDC,2,DeFiLlama,134067568.0,-201128.0,-201790.40376369026
2018-11-10 00:00:00+00:00,USDC,2,DeFiLlama,134074067.0,6499.0,6520.404120112206
2018-11-11 00:00:00+00:00,USDC,2,DeFiLlama,134074067.0,0.0,0.0
2018-11-12 00:00:00+00:00,USDC,2,DeFiLlama,134099072.0,25005.0,25087.35260748113
2018-11-13 00:00:00+00:00,USDC,2,DeFiLlama,133820145.0,-278927.0,-279845.6301343718
2018-11-14 00:00:00+00:00,USDC,2,DeFiLlama,138828150.0,5008005.0,5024498.557409718
2018-11-15 00:00:00+00:00,USDC,2,DeFiLlama,142652061.0,3823911.0,3836504.848148377
2018-11-16 00:00:00+00:00,USDC,2,DeFiLlama,143176216.0,524155.0,525881.2756906846
2018-11-17 00:00:00+00:00,USDC,2,DeFiLlama,142718306.0,-457910.0,-459418.10174869926
2018-11-18 00:00:00+00:00,USDC,2,DeFiLlama,142775893.0,57587.0,57776.65939500725
2018-11-19 00:00:00+00:00,USDC,2,DeFiLlama,142776001.0,108.0,108.35569213064036
2018-11-20 00:00:00+00:00,USDC,2,DeFiLlama,142555760.0,-220241.0,-220966.35076281027
2018-11-21 00:00:00+00:00,USDC,2,DeFiLlama,156642323.0,14086563.0,14132956.241749844
2018-11-22 00:00:00+00:00,USDC,2,DeFiLlama,162751442.0,6109119.0,6129239.050319106
2018-11-23 00:00:00+00:00,USDC,2,DeFiLlama,163000512.0,249070.0,249890.29800808235
2018-11-24 00:00:00+00:00,USDC,2,DeFiLlama,166009712.0,3009200.0,3019110.619178714
2018-11-25 00:00:00+00:00,USDC,2,DeFiLlama,166137219.0,127507.0,127926.93668282723
2018-11-26 00:00:00+00:00,USDC,2,DeFiLlama,166081571.0,-55648.0,-55831.273453259906
2018-11-27 00:00:00+00:00,USDC,2,DeFiLlama,165839943.0,-241628.0,-242423.78746328925
2018-11-28 00:00:00+00:00,USDC,2,DeFiLlama,168670379.0,2830436.0,2839757.874948867
2018-11-29 00:00:00+00:00,USDC,2,DeFiLlama,171691928.0,3021549.0,3031500.30682231
2018-11-30 00:00:00+00:00,USDC,2,DeFiLlama,176637391.0,4945463.0,4961750.5954895355
2018-12-01 00:00:00+00:00,USDC,2,DeFiLlama,176515563.0,-121828.0,-122229.23361152013
2018-12-02 00:00:00+00:00,USDC,2,DeFiLlama,176515608.0,45.0,45.14820491114871
2018-12-03 00:00:00+00:00,USDC,2,DeFiLlama,176516608.0,1000.0,1003.2934408075643
2018-12-04 00:00:00+00:00,USDC,2,DeFiLlama,176432312.0,-84296.0,-84573.62418439543
2018-12-05 00:00:00+00:00,USDC,2,DeFiLlama,176594226.0,161914.0,162447.25451389333
2018-12-06 00:00:00+00:00,USDC,2,DeFiLlama,178080906.0,1486680.0,1491576.3015720507
2018-12-07 00:00:00+00:00,USDC,2,DeFiLlama,181176264.0,3095358.0,3105552.3732049465
2018-12-08 00:00:00+00:00,USDC,2,DeFiLlama,184893944.0,3717680.0,3729923.953788773
2018-12-09 00:00:00+00:00,USDC,2,DeFiLlama,185011239.0,117295.0,117681.30378171241
2018-12-10 00:00:00+00:00,USDC,2,DeFiLlama,184987242.0,-23997.0,-24076.03263008808
2018-12-11 00:00:00+00:00,USDC,2,DeFiLlama,189969149.0,4981907.0,4998314.638170085
2018-12-12 00:00:00+00:00,USDC,2,DeFiLlama,189406403.0,-562746.0,-564599.3713036829
2018-12-13 00:00:00+00:00,USDC,2,DeFiLlama,191549715.0,2143312.0,2150370.8751421324
2018-12-14 00:00:00+00:00,USDC,2,DeFiLlama,192920550.0,1370835.0,1375349.7681076743
2018-12-15 00:00:00+00:00,USDC,2,DeFiLlama,201572432.0,8651882.0,8680376.50960425
2018-12-16 00:00:00+00:00,USDC,2,DeFiLlama,201824264.0,251832.0,252661.39470005452
2018-12-17 00:00:00+00:00,USDC,2,DeFiLlama,201808705.0,-15559.0,-15610.242720743885
2018-12-18 00:00:00+00:00,USDC,2,DeFiLlama,211487981.0,9679276.0,9711154.161608739
2018-12-19 00:00:00+00:00,USDC,2,DeFiLlama,214004445.0,2516464.0,2524751.8255556985
2018-12-20 00:00:00+00:00,USDC,2,DeFiLlama,222892827.0,8888382.0,8917655.386623923
2018-12-21 00:00:00+00:00,USDC,2,DeFiLlama,226182365.0,3289538.0,3300371.895329921
2018-12-22 00:00:00+00:00,USDC,2,DeFiLlama,228014132.0,1831767.0,1837799.8158099297
2018-12-23 00:00:00+00:00,USDC,2,DeFiLlama,227987032.0,-27100.0,-27189.252270278248
2018-12-24 00:00:00+00:00,USDC,2,DeFiLlama,227963219.0,-23813.0,-23891.42677196096
2018-12-25 00:00:00+00:00,USDC,2,DeFiLlama,227586496.0,-376723.0,-377963.71547544276
2018-12-26 00:00:00+00:00,USDC,2,DeFiLlama,227631900.0,45404.0,45553.53534881534
2018-12-27 00:00:00+00:00,USDC,2,DeFiLlama,227631737.0,-163.0,-163.53683110101647
2018-12-28 00:00:00+00:00,USDC,2,DeFiLlama,237096589.0,9464852.0,9496023.946518928
2018-12-29 00:00:00+00:00,USDC,2,DeFiLlama,241551053.0,4454464.0,4469134.5302014975
2018-12-30 00:00:00+00:00,USDC,2,DeFiLlama,246085208.0,4534155.0,4549087.96988572
2018-12-31 00:00:00+00:00,USDC,2,DeFiLlama,246142145.0,56937.0,57124.518735302314
2019-01-01 00:00:00+00:00,USDC,2,DeFiLlama,250087487.0,3945342.0,3958335.7608312164
2019-01-02 00:00:00+00:00,USDC,2,DeFiLlama,257922895.0,7835408.0,7861213.458903646
2019-01-03 00:00:00+00:00,USDC,2,DeFiLlama,284161582.0,26238687.0,26325102.622512583
2019-01-04 00:00:00+00:00,USDC,2,DeFiLlama,286864670.0,2703088.0,2711990.471534832
2019-01-05 00:00:00+00:00,USDC,2,DeFiLlama,291244899.0,4380229.0,4394655.027411186
2019-01-06 00:00:00+00:00,USDC,2,DeFiLlama,291214025.0,-30874.0,-30975.68178121916
2019-01-07 00:00:00+00:00,USDC,2,DeFiLlama,302341373.0,11127348.0,11163995.283489421
2019-01-08 00:00:00+00:00,USDC,2,DeFiLlama,314873964.0,12532591.0,12573866.35608574
2019-01-09 00:00:00+00:00,USDC,2,DeFiLlama,324564646.0,9690682.0,9722597.674121168
2019-01-10 00:00:00+00:00,USDC,2,DeFiLlama,342268109.0,17703463.0,17761768.320032373
2019-01-11 00:00:00+00:00,USDC,2,DeFiLlama,344833698.0,2565589.0,2574038.620174331
2019-01-12 00:00:00+00:00,USDC,2,DeFiLlama,351581975.0,6748277.0,6770502.061914665
2019-01-13 00:00:00+00:00,USDC,2,DeFiLlama,361028960.0,9446985.0,9478098.098740278
2019-01-14 00:00:00+00:00,USDC,2,DeFiLlama,368307846.0,7278886.0,7302858.598175078
2019-01-15 00:00:00+00:00,USDC,2,DeFiLlama,360989470.0,-7318376.0,-7342478.6492812885
2019-01-16 00:00:00+00:00,USDC,2,DeFiLlama,356447480.0,-4541990.0,-4556948.779337169
2019-01-17 00:00:00+00:00,USDC,2,DeFiLlama,317569445.0,-38878035.0,-39006077.60867224
2019-01-18 00:00:00+00:00,USDC,2,DeFiLlama,313461185.0,-4108260.0,-4121790.326095781
2019-01-19 00:00:00+00:00,USDC,2,DeFiLlama,322154670.0,8693485.0,8722116.496163102
2019-01-20 00:00:00+00:00,USDC,2,DeFiLlama,322151552.0,-3118.0,-3128.2689574626042
2019-01-21 00:00:00+00:00,USDC,2,DeFiLlama,322108798.0,-42754.0,-42894.807866533345
2019-01-22 00:00:00+00:00,USDC,2,DeFiLlama,324721060.0,2612262.0,2620865.3335685097
2019-01-23 00:00:00+00:00,USDC,2,DeFiLlama,329708866.0,4987806.0,5004233.064486849
2019-01-24 00:00:00+00:00,USDC,2,DeFiLlama,312692332.0,-17016534.0,-17072577.01896309
2019-01-25 00:00:00+00:00,USDC,2,DeFiLlama,320099673.0,7407341.0,7431736.654732299
2019-01-26 00:00:00+00:00,USDC,2,DeFiLlama,322907950.0,2808277.0,2817525.900857607
2019-01-27 00:00:00+00:00,USDC,2,DeFiLlama,322713060.0,-194890.0,-195531.85906492287
2019-01-28 00:00:00+00:00,USDC,2,DeFiLlama,328998264.0,6285204.0,6305903.941448153
2019-01-29 00:00:00+00:00,USDC,2,DeFiLlama,314405272.0,-14592992.0,-14641053.194674216
2019-01-30 00:00:00+00:00,USDC,2,DeFiLlama,314110429.0,-294843.0,-295814.0478695122
2019-01-31 00:00:00+00:00,USDC,2,DeFiLlama,314029964.0,-80465.0,-80730.00694564293
2019-02-01 00:00:00+00:00,USDC,2,DeFiLlama,294118009.0,-19911955.0,-19977533.895722277
2019-02-02 00:00:00+00:00,USDC,2,DeFiLlama,298350242.0,4232233.0,4246171.62501308
2019-02-03 00:00:00+00:00,USDC,2,DeFiLlama,298298640.0,-51602.0,-51771.94832044826
2019-02-04 00:00:00+00:00,USDC,2,DeFiLlama,298283047.0,-15593.0,-15644.354645555839
2019-02-05 00:00:00+00:00,USDC,2,DeFiLlama,288510038.0,-9773009.0,-9805195.869587284
2019-02-06 00:00:00+00:00,USDC,2,DeFiLlama,288524015.0,13977.0,14023.032433553233
2019-02-07 00:00:00+00:00,USDC,2,DeFiLlama,288135387.0,-388628.0,-389907.92352774076
2019-02-08 00:00:00+00:00,USDC,2,DeFiLlama,273075215.0,-15060172.0,-15109771.837061653
2019-02-09 00:00:00+00:00,USDC,2,DeFiLlama,258118248.0,-14956967.0,-15006226.875558272
2019-02-10 00:00:00+00:00,USDC,2,DeFiLlama,258545052.0,426804.0,428209.65399956674
2019-02-11 00:00:00+00:00,USDC,2,DeFiLlama,258289271.0,-255781.0,-256623.399162062
2019-02-12 00:00:00+00:00,USDC,2,DeFiLlama,258008758.0,-280513.0,-281436.85342625075
2019-02-13 00:00:00+00:00,USDC,2,DeFiLlama,258268827.0,260069.0,260925.52176256257
2019-02-14 00:00:00+00:00,USDC,2,DeFiLlama,244021075.0,-14247752.0,-14294676.129819887
2019-02-15 00:00:00+00:00,USDC,2,DeFiLlama,243796118.0,-224957.0,-225697.8834091977
2019-02-16 00:00:00+00:00,USDC,2,DeFiLlama,244421667.0,625549.0,627609.2104148197
2019-02-17 00:00:00+00:00,USDC,2,DeFiLlama,244320394.0,-101273.0,-101606.53673216079
2019-02-18 00:00:00+00:00,USDC,2,DeFiLlama,244305946.0,-14448.0,-14495.583622610644
2019-02-19 00:00:00+00:00,USDC,2,DeFiLlama,244427040.0,121094.0,121492.816422512
2019-02-20 00:00:00+00:00,USDC,2,DeFiLlama,244411448.0,-15592.0,-15643.351352249261
2019-02-21 00:00:00+00:00,USDC,2,DeFiLlama,245443530.0,1032082.0,1035481.1020787063
2019-02-22 00:00:00+00:00,USDC,2,DeFiLlama,230363178.0,-15080352.0,-15130018.279991051
2019-02-23 00:00:00+00:00,USDC,2,DeFiLlama,230024936.0,-338242.0,-339355.98072471586
2019-02-24 00:00:00+00:00,USDC,2,DeFiLlama,230318776.0,293840.0,294807.74559656397
2019-02-25 00:00:00+00:00,USDC,2,DeFiLlama,230346974.0,28198.0,28290.86855111889
2019-02-26 00:00:00+00:00,USDC,2,DeFiLlama,231194083.0,847109.0,849898.9069126479
2019-02-27 00:00:00+00:00,USDC,2,DeFiLlama,233428587.0,2234504.0,2241863.2139900844
2019-02-28 00:00:00+00:00,USDC,2,DeFiLlama,235574019.0,2145432.0,2152497.8616101462
2019-03-01 00:00:00+00:00,USDC,2,DeFiLlama,236390799.0,816780.0,819470.0196788115
2019-03-02 00:00:00+00:00,USDC,2,DeFiLlama,239091194.0,2700395.0,2709288.594533787
2019-03-03 00:00:00+00:00,USDC,2,DeFiLlama,239604445.0,513251.0,514941.3638082507
2019-03-04 00:00:00+00:00,USDC,2,DeFiLlama,239596677.0,-7768.0,-7793.583465266507
2019-03-05 00:00:00+00:00,USDC,2,DeFiLlama,240476075.0,879398.0,882294.2462881681
2019-03-06 00:00:00+00:00,USDC,2,DeFiLlama,241169664.0,693589.0,695873.2971549315
2019-03-07 00:00:00+00:00,USDC,2,DeFiLlama,241788157.0,618493.0,620529.9726867474
2019-03-08 00:00:00+00:00,USDC,2,DeFiLlama,231228366.0,-10559791.0,-10594569.04950093
2019-03-09 00:00:00+00:00,USDC,2,DeFiLlama,237272514.0,6044148.0,6064054.044176545
2019-03-10 00:00:00+00:00,USDC,2,DeFiLlama,237319720.0,47206.0,47361.47027610685
2019-03-11 00:00:00+00:00,USDC,2,DeFiLlama,237305100.0,-14620.0,-14668.150147721224
2019-03-12 00:00:00+00:00,USDC,2,DeFiLlama,240423514.0,3118414.0,3128684.316953665
2019-03-13 00:00:00+00:00,USDC,2,DeFiLlama,240437968.0,14454.0,14501.603380477745
2019-03-14 00:00:00+00:00,USDC,2,DeFiLlama,240422497.0,-15471.0,-15521.952805830813
2019-03-15 00:00:00+00:00,USDC,2,DeFiLlama,240513625.0,91128.0,91428.12490603808
2019-03-16 00:00:00+00:00,USDC,2,DeFiLlama,239345064.0,-1168561.0,-1172409.5874557623
2019-03-17 00:00:00+00:00,USDC,2,DeFiLlama,239344534.0,-530.0,-531.7455257198395
2019-03-18 00:00:00+00:00,USDC,2,DeFiLlama,239327277.0,-17257.0,-17313.834892121387
2019-03-19 00:00:00+00:00,USDC,2,DeFiLlama,239721137.0,393860.0,395157.1556232857
2019-03-20 00:00:00+00:00,USDC,2,DeFiLlama,239918625.0,197488.0,198138.4152110075
2019-03-21 00:00:00+00:00,USDC,2,DeFiLlama,240475814.0,557189.0,559024.0716337154
2019-03-22 00:00:00+00:00,USDC,2,DeFiLlama,243585990.0,3110176.0,3120419.192819554
2019-03-23 00:00:00+00:00,USDC,2,DeFiLlama,244405810.0,819820.0,822520.03176823
2019-03-24 00:00:00+00:00,USDC,2,DeFiLlama,244872923.0,467113.0,468651.41001307854
2019-03-25 00:00:00+00:00,USDC,2,DeFiLlama,245251046.0,378123.0,379368.32602221804
2019-03-26 00:00:00+00:00,USDC,2,DeFiLlama,246145168.0,894122.0,897066.7395495086
2019-03-27 00:00:00+00:00,USDC,2,DeFiLlama,245379678.0,-765490.0,-768011.0946159527
2019-03-28 00:00:00+00:00,USDC,2,DeFiLlama,245682152.0,302474.0,303470.18067640497
2019-03-29 00:00:00+00:00,USDC,2,DeFiLlama,246138899.0,456747.0,458251.26940468274
2019-03-30 00:00:00+00:00,USDC,2,DeFiLlama,246303027.0,164128.0,164668.54622593004
2019-03-31 00:00:00+00:00,USDC,2,DeFiLlama,245988549.0,-314478.0,-315513.71502924716
2019-04-01 00:00:00+00:00,USDC,2,DeFiLlama,245902628.0,-85921.0,-86203.97581506938
2019-04-02 00:00:00+00:00,USDC,2,DeFiLlama,252624787.0,6722159.0,6744298.065162098
2019-04-03 00:00:00+00:00,USDC,2,DeFiLlama,256659242.0,4034455.0,4047742.254118498
2019-04-04 00:00:00+00:00,USDC,2,DeFiLlama,256254858.0,-404384.0,-405715.8160197532
2019-04-05 00:00:00+00:00,USDC,2,DeFiLlama,257098013.0,843155.0,845931.8840764631
2019-04-06 00:00:00+00:00,USDC,2,DeFiLlama,260432906.0,3334893.0,3345876.268081953
2019-04-07 00:00:00+00:00,USDC,2,DeFiLlama,260445582.0,12676.0,12717.74769909516
2019-04-08 00:00:00+00:00,USDC,2,DeFiLlama,260638631.0,193049.0,193684.79626671303
2019-04-09 00:00:00+00:00,USDC,2,DeFiLlama,260973619.0,334988.0,336091.2629355077
2019-04-10 00:00:00+00:00,USDC,2,DeFiLlama,266158130.0,5184511.0,5201585.879186805
2019-04-11 00:00:00+00:00,USDC,2,DeFiLlama,262734805.0,-3423325.0,-3434599.5243979003
2019-04-12 00:00:00+00:00,USDC,2,DeFiLlama,259043710.0,-3691095.0,-3703251.415358898
2019-04-13 00:00:00+00:00,USDC,2,DeFiLlama,259247873.0,204163.0,204835.39913028717
2019-04-14 00:00:00+00:00,USDC,2,DeFiLlama,259435352.0,187479.0,188096.45172972418
2019-04-15 00:00:00+00:00,USDC,2,DeFiLlama,259446297.0,10945.0,10981.046708714444
2019-04-16 00:00:00+00:00,USDC,2,DeFiLlama,259384911.0,-61386.0,-61588.171192733724
2019-04-17 00:00:00+00:00,USDC,2,DeFiLlama,259299482.0,-85429.0,-85710.35552099561
2019-04-18 00:00:00+00:00,USDC,2,DeFiLlama,255904007.0,-3395475.0,-3406657.7999136215
2019-04-19 00:00:00+00:00,USDC,2,DeFiLlama,252011054.0,-3892953.0,-3905774.218162724
2019-04-20 00:00:00+00:00,USDC,2,DeFiLlama,251997680.0,-13374.0,-13418.046506936096
2019-04-21 00:00:00+00:00,USDC,2,DeFiLlama,251980940.0,-16740.0,-16795.132178489373
2019-04-22 00:00:00+00:00,USDC,2,DeFiLlama,251351720.0,-629220.0,-631292.3012989925
2019-04-23 00:00:00+00:00,USDC,2,DeFiLlama,251735513.0,383793.0,385057.0010353287
2019-04-24 00:00:00+00:00,USDC,2,DeFiLlama,251760339.0,24826.0,24907.762983755754
2019-04-25 00:00:00+00:00,USDC,2,DeFiLlama,252145266.0,384927.0,386194.7350400939
2019-04-26 00:00:00+00:00,USDC,2,DeFiLlama,256155523.0,4010257.0,4023464.5432302156
2019-04-27 00:00:00+00:00,USDC,2,DeFiLlama,261850518.0,5694995.0,5713751.14673426
2019-04-28 00:00:00+00:00,USDC,2,DeFiLlama,291843495.0,29992977.0,30091757.16881305
2019-04-29 00:00:00+00:00,USDC,2,DeFiLlama,291622029.0,-221466.0,-222195.38600432684
2019-04-30 00:00:00+00:00,USDC,2,DeFiLlama,291583036.0,-38993.0,-39121.42120834492
2019-05-01 00:00:00+00:00,USDC,2,DeFiLlama,291684313.0,101277.0,101610.55014515985
2019-05-02 00:00:00+00:00,USDC,2,DeFiLlama,293581232.0,1896919.0,1903166.394256684
2019-05-03 00:00:00+00:00,USDC,2,DeFiLlama,292898324.0,-682908.0,-685157.1187240524
2019-05-04 00:00:00+00:00,USDC,2,DeFiLlama,295462175.0,2563851.0,2572294.8899092143
2019-05-05 00:00:00+00:00,USDC,2,DeFiLlama,298679129.0,3216954.0,3227548.8580075777
2019-05-06 00:00:00+00:00,USDC,2,DeFiLlama,299452303.0,773174.0,775720.4042627383
2019-05-07 00:00:00+00:00,USDC,2,DeFiLlama,301725126.0,2272823.0,2280308.4092019573
2019-05-08 00:00:00+00:00,USDC,2,DeFiLlama,306390030.0,4664904.0,4680267.593908431
2019-05-09 00:00:00+00:00,USDC,2,DeFiLlama,313304893.0,6914863.0,6937636.689338497
2019-05-10 00:00:00+00:00,USDC,2,DeFiLlama,324222002.0,10917109.0,10953063.85322077
2019-05-11 00:00:00+00:00,USDC,2,DeFiLlama,326417357.0,2195355.0,2202585.2768297186
2019-05-12 00:00:00+00:00,USDC,2,DeFiLlama,327108851.0,691494.0,693771.395322195
2019-05-13 00:00:00+00:00,USDC,2,DeFiLlama,327104229.0,-4622.0,-4637.222291662882
2019-05-14 00:00:00+00:00,USDC,2,DeFiLlama,337193310.0,10089081.0,10122308.814797651
2019-05-15 00:00:00+00:00,USDC,2,DeFiLlama,347497236.0,10303926.0,10337861.38289269
2019-05-16 00:00:00+00:00,USDC,2,DeFiLlama,351623870.0,4126634.0,4140224.831827208
2019-05-17 00:00:00+00:00,USDC,2,DeFiLlama,356246056.0,4622186.0,4637408.905096067
2019-05-18 00:00:00+00:00,USDC,2,DeFiLlama,358499847.0,2253791.0,2261213.727090084
2019-05-19 00:00:00+00:00,USDC,2,DeFiLlama,358387825.0,-112022.0,-112390.93811127651
2019-05-20 00:00:00+00:00,USDC,2,DeFiLlama,357670904.0,-716921.0,-719282.1369755926
2019-05-21 00:00:00+00:00,USDC,2,DeFiLlama,357843174.0,172270.0,172837.36137914984
2019-05-22 00:00:00+00:00,USDC,2,DeFiLlama,358435329.0,592155.0,594105.2282023376
2019-05-23 00:00:00+00:00,USDC,2,DeFiLlama,359622478.0,1187149.0,1191058.8071255824
2019-05-24 00:00:00+00:00,USDC,2,DeFiLlama,359550367.0,-72111.0,-72348.49333994699
2019-05-25 00:00:00+00:00,USDC,2,DeFiLlama,359751443.0,201076.0,201738.231857455
2019-05-26 00:00:00+00:00,USDC,2,DeFiLlama,361589566.0,1838123.0,1844176.7552337034
2019-05-27 00:00:00+00:00,USDC,2,DeFiLlama,362106781.0,517215.0,518918.4180596303
2019-05-28 00:00:00+00:00,USDC,2,DeFiLlama,361517167.0,-589614.0,-591555.8598024807
2019-05-29 00:00:00+00:00,USDC,2,DeFiLlama,360258047.0,-1259120.0,-1263266.8387510579
2019-05-30 00:00:00+00:00,USDC,2,DeFiLlama,358843359.0,-1414688.0,-1419347.193704181
2019-05-31 00:00:00+00:00,USDC,2,DeFiLlama,329728608.0,-29114751.0,-29210638.739684515
2019-06-01 00:00:00+00:00,USDC,2,DeFiLlama,332877233.0,3148625.0,3158994.815141428
2019-06-02 00:00:00+00:00,USDC,2,DeFiLlama,333752965.0,875732.0,878616.1724641217
2019-06-03 00:00:00+00:00,USDC,2,DeFiLlama,333715421.0,-37544.0,-37667.64894329531
2019-06-04 00:00:00+00:00,USDC,2,DeFiLlama,334367197.0,651776.0,653922.5865114274
2019-06-05 00:00:00+00:00,USDC,2,DeFiLlama,335078176.0,710979.0,713320.5690797452
2019-06-06 00:00:00+00:00,USDC,2,DeFiLlama,336232230.0,1154054.0,1157854.8121516132
2019-06-07 00:00:00+00:00,USDC,2,DeFiLlama,337533436.0,1301206.0,1305491.4472831604
2019-06-08 00:00:00+00:00,USDC,2,DeFiLlama,337495870.0,-37566.0,-37689.7214340371
2019-06-09 00:00:00+00:00,USDC,2,DeFiLlama,337493404.0,-2466.0,-2474.121628326698
2019-06-10 00:00:00+00:00,USDC,2,DeFiLlama,337510132.0,16728.0,16783.09269558758
2019-06-11 00:00:00+00:00,USDC,2,DeFiLlama,340120879.0,2610747.0,2619345.340843098
2019-06-12 00:00:00+00:00,USDC,2,DeFiLlama,340012661.0,-108218.0,-108574.40971327241
2019-06-13 00:00:00+00:00,USDC,2,DeFiLlama,341186658.0,1173997.0,1177863.4928537826
2019-06-14 00:00:00+00:00,USDC,2,DeFiLlama,343470940.0,2284282.0,2291805.1528086886
2019-06-15 00:00:00+00:00,USDC,2,DeFiLlama,343664635.0,193695.0,194332.92350586204
2019-06-16 00:00:00+00:00,USDC,2,DeFiLlama,344152824.0,488189.0,489796.8230573287
2019-06-17 00:00:00+00:00,USDC,2,DeFiLlama,343676003.0,-476821.0,-478391.3823319227
2019-06-18 00:00:00+00:00,USDC,2,DeFiLlama,342163562.0,-1512441.0,-1517422.1373928122
2019-06-19 00:00:00+00:00,USDC,2,DeFiLlama,341838639.0,-324923.0,-325993.1143602289
2019-06-20 00:00:00+00:00,USDC,2,DeFiLlama,346208476.0,4369837.0,4384228.810570421
2019-06-21 00:00:00+00:00,USDC,2,DeFiLlama,346879377.0,670901.0,673110.5733201429
2019-06-22 00:00:00+00:00,USDC,2,DeFiLlama,343306401.0,-3572976.0,-3584743.381730771
2019-06-23 00:00:00+00:00,USDC,2,DeFiLlama,342598962.0,-707439.0,-709768.9097061187
2019-06-24 00:00:00+00:00,USDC,2,DeFiLlama,344079010.0,1480048.0,1484922.4511145623
2019-06-25 00:00:00+00:00,USDC,2,DeFiLlama,346116868.0,2037858.0,2044569.5681282773
2019-06-26 00:00:00+00:00,USDC,2,DeFiLlama,344985307.0,-1131561.0,-1135287.7301967414
2019-06-27 00:00:00+00:00,USDC,2,DeFiLlama,353933898.0,8948591.0,8978062.671384387
2019-06-28 00:00:00+00:00,USDC,2,DeFiLlama,360296756.0,6362858.0,6383813.713160476
2019-06-29 00:00:00+00:00,USDC,2,DeFiLlama,363288305.0,2991549.0,3001401.493436256
2019-06-30 00:00:00+00:00,USDC,2,DeFiLlama,365988769.0,2700464.0,2709357.823155628
2019-07-01 00:00:00+00:00,USDC,2,DeFiLlama,365817341.0,-171428.0,-171992.58855232893
2019-07-02 00:00:00+00:00,USDC,2,DeFiLlama,367304917.0,1487576.0,1492475.2475427384
2019-07-03 00:00:00+00:00,USDC,2,DeFiLlama,369480937.0,2176020.0,2183186.5954481433
2019-07-04 00:00:00+00:00,USDC,2,DeFiLlama,366531958.0,-2948979.0,-2958691.2933488055
2019-07-05 00:00:00+00:00,USDC,2,DeFiLlama,366573270.0,41312.0,41448.05869804964
2019-07-06 00:00:00+00:00,USDC,2,DeFiLlama,367096485.0,523215.0,524938.1782820395
2019-07-07 00:00:00+00:00,USDC,2,DeFiLlama,369287726.0,2191241.0,2198457.72688073
2019-07-08 00:00:00+00:00,USDC,2,DeFiLlama,369269681.0,-18045.0,-18104.430147367013
2019-07-09 00:00:00+00:00,USDC,2,DeFiLlama,375624614.0,6354933.0,6375862.605279898
2019-07-10 00:00:00+00:00,USDC,2,DeFiLlama,375118553.0,-506061.0,-507727.68363468547
2019-07-11 00:00:00+00:00,USDC,2,DeFiLlama,377355794.0,2237241.0,2244609.226906833
2019-07-12 00:00:00+00:00,USDC,2,DeFiLlama,377319322.0,-36472.0,-36592.11848404626
2019-07-13 00:00:00+00:00,USDC,2,DeFiLlama,381241205.0,3921883.0,3934799.4962828923
2019-07-14 00:00:00+00:00,USDC,2,DeFiLlama,381732327.0,491122.0,492739.48275017855
2019-07-15 00:00:00+00:00,USDC,2,DeFiLlama,381897453.0,165126.0,165669.83285552313
2019-07-16 00:00:00+00:00,USDC,2,DeFiLlama,382693186.0,795733.0,798353.7008741306
2019-07-17 00:00:00+00:00,USDC,2,DeFiLlama,402729440.0,20036254.0,20102242.237842664
2019-07-18 00:00:00+00:00,USDC,2,DeFiLlama,423473726.0,20744286.0,20812606.144160446
2019-07-19 00:00:00+00:00,USDC,2,DeFiLlama,422363494.0,-1110232.0,-1113888.4855649197
2019-07-20 00:00:00+00:00,USDC,2,DeFiLlama,404521211.0,-17842283.0,-17901045.561866857
2019-07-21 00:00:00+00:00,USDC,2,DeFiLlama,404655585.0,134374.0,134816.55307520344
2019-07-22 00:00:00+00:00,USDC,2,DeFiLlama,404216328.0,-439257.0,-440703.66741812316
2019-07-23 00:00:00+00:00,USDC,2,DeFiLlama,404970069.0,753741.0,756223.401458773
2019-07-24 00:00:00+00:00,USDC,2,DeFiLlama,403366211.0,-1603858.0,-1609140.212421739
2019-07-25 00:00:00+00:00,USDC,2,DeFiLlama,421092447.0,17726236.0,17784616.306956556
2019-07-26 00:00:00+00:00,USDC,2,DeFiLlama,420165331.0,-927116.0,-930169.4024465716
2019-07-27 00:00:00+00:00,USDC,2,DeFiLlama,423072340.0,2907009.0,2916583.0709385183
2019-07-28 00:00:00+00:00,USDC,2,DeFiLlama,423020198.0,-52142.0,-52313.726592742976
2019-07-29 00:00:00+00:00,USDC,2,DeFiLlama,423005442.0,-14756.0,-14804.598034027182
2019-07-30 00:00:00+00:00,USDC,2,DeFiLlama,436283752.0,13278310.0,13322041.367194166
2019-07-31 00:00:00+00:00,USDC,2,DeFiLlama,436404605.0,120853.0,121251.02227538134
2019-08-01 00:00:00+00:00,USDC,2,DeFiLlama,435311473.0,-1093132.0,-1096732.16661871
2019-08-02 00:00:00+00:00,USDC,2,DeFiLlama,428326985.0,-6984488.0,-7007491.004788409
2019-08-03 00:00:00+00:00,USDC,2,DeFiLlama,421822767.0,-6504218.0,-6525639.267554015
2019-08-04 00:00:00+00:00,USDC,2,DeFiLlama,422934750.0,1111983.0,1115645.2513343086
2019-08-05 00:00:00+00:00,USDC,2,DeFiLlama,421973022.0,-961728.0,-964895.3961318597
2019-08-06 00:00:00+00:00,USDC,2,DeFiLlama,429731224.0,7758202.0,7783753.190805698
2019-08-07 00:00:00+00:00,USDC,2,DeFiLlama,432496414.0,2765190.0,2774296.993812855
2019-08-08 00:00:00+00:00,USDC,2,DeFiLlama,431972381.0,-524033.0,-525758.872312906
2019-08-09 00:00:00+00:00,USDC,2,DeFiLlama,431845773.0,-126608.0,-127024.97610288292
2019-08-10 00:00:00+00:00,USDC,2,DeFiLlama,421157155.0,-10688618.0,-10723820.351999044
2019-08-11 00:00:00+00:00,USDC,2,DeFiLlama,423186166.0,2029011.0,2035693.434394937
2019-08-12 00:00:00+00:00,USDC,2,DeFiLlama,422866515.0,-319651.0,-320703.7525269694
2019-08-13 00:00:00+00:00,USDC,2,DeFiLlama,422260002.0,-606513.0,-608510.5156383791
2019-08-14 00:00:00+00:00,USDC,2,DeFiLlama,421214437.0,-1045565.0,-1049008.5093780747
2019-08-15 00:00:00+00:00,USDC,2,DeFiLlama,418415908.0,-2798529.0,-2807745.796124637
2019-08-16 00:00:00+00:00,USDC,2,DeFiLlama,418460075.0,44167.0,44312.46145425701
2019-08-17 00:00:00+00:00,USDC,2,DeFiLlama,420045322.0,1585247.0,1590467.919407275
2019-08-18 00:00:00+00:00,USDC,2,DeFiLlama,419038831.0,-1006491.0,-1009805.8219282118
2019-08-19 00:00:00+00:00,USDC,2,DeFiLlama,419868419.0,829588.0,832320.1993975831
2019-08-20 00:00:00+00:00,USDC,2,DeFiLlama,417515666.0,-2352753.0,-2360501.657630471
2019-08-21 00:00:00+00:00,USDC,2,DeFiLlama,416023534.0,-1492132.0,-1497046.2524225565
2019-08-22 00:00:00+00:00,USDC,2,DeFiLlama,438219467.0,22195933.0,22269034.048471183
2019-08-23 00:00:00+00:00,USDC,2,DeFiLlama,438713125.0,493658.0,495283.8348552167
2019-08-24 00:00:00+00:00,USDC,2,DeFiLlama,437941226.0,-771899.0,-774441.206300909
2019-08-25 00:00:00+00:00,USDC,2,DeFiLlama,436859997.0,-1081229.0,-1084789.9648461747
2019-08-26 00:00:00+00:00,USDC,2,DeFiLlama,436195300.0,-664697.0,-666886.1411371191
2019-08-27 00:00:00+00:00,USDC,2,DeFiLlama,428519797.0,-7675503.0,-7700781.8401207
2019-08-28 00:00:00+00:00,USDC,2,DeFiLlama,424369801.0,-4149996.0,-4163663.777715993
2019-08-29 00:00:00+00:00,USDC,2,DeFiLlama,424683984.0,314183.0,315217.74343637127
2019-08-30 00:00:00+00:00,USDC,2,DeFiLlama,448452593.0,23768609.0,23846889.556108583
2019-08-31 00:00:00+00:00,USDC,2,DeFiLlama,452419487.0,3966894.0,3979958.741095231
2019-09-01 00:00:00+00:00,USDC,2,DeFiLlama,452428072.0,8585.0,8613.274206888735
2019-09-02 00:00:00+00:00,USDC,2,DeFiLlama,452413946.0,-14126.0,-14172.523158846214
2019-09-03 00:00:00+00:00,USDC,2,DeFiLlama,443452758.0,-8961188.0,-8990701.154177673
2019-09-04 00:00:00+00:00,USDC,2,DeFiLlama,442171906.0,-1280852.0,-1285070.410247629
2019-09-05 00:00:00+00:00,USDC,2,DeFiLlama,428450819.0,-13721087.0,-13766276.606702061
2019-09-06 00:00:00+00:00,USDC,2,DeFiLlama,451791010.0,23340191.0,23417060.540139534
2019-09-07 00:00:00+00:00,USDC,2,DeFiLlama,445232029.0,-6558981.0,-6580582.625505308
2019-09-08 00:00:00+00:00,USDC,2,DeFiLlama,445509316.0,277287.0,278200.2285941536
2019-09-09 00:00:00+00:00,USDC,2,DeFiLlama,442376632.0,-3132684.0,-3143001.3146187523
2019-09-10 00:00:00+00:00,USDC,2,DeFiLlama,438697811.0,-3678821.0,-3690936.9853021144
2019-09-11 00:00:00+00:00,USDC,2,DeFiLlama,437711128.0,-986683.0,-989932.5827531441
2019-09-12 00:00:00+00:00,USDC,2,DeFiLlama,434972426.0,-2738702.0,-2747721.759613484
2019-09-13 00:00:00+00:00,USDC,2,DeFiLlama,433836611.0,-1135815.0,-1139555.7415692725
2019-09-14 00:00:00+00:00,USDC,2,DeFiLlama,426869924.0,-6966687.0,-6989631.374079109
2019-09-15 00:00:00+00:00,USDC,2,DeFiLlama,426401678.0,-468246.0,-469788.1419265146
2019-09-16 00:00:00+00:00,USDC,2,DeFiLlama,425847567.0,-554111.0,-555935.9320981655
2019-09-17 00:00:00+00:00,USDC,2,DeFiLlama,421413662.0,-4433905.0,-4448507.804176304
2019-09-18 00:00:00+00:00,USDC,2,DeFiLlama,412914020.0,-8499642.0,-8527635.09079546
2019-09-19 00:00:00+00:00,USDC,2,DeFiLlama,402992023.0,-9921997.0,-9954674.525233066
2019-09-20 00:00:00+00:00,USDC,2,DeFiLlama,399942463.0,-3049560.0,-3059603.554283157
2019-09-21 00:00:00+00:00,USDC,2,DeFiLlama,393136351.0,-6806112.0,-6828527.539097437
2019-09-22 00:00:00+00:00,USDC,2,DeFiLlama,392550202.0,-586149.0,-588079.4487466752
2019-09-23 00:00:00+00:00,USDC,2,DeFiLlama,392163805.0,-386397.0,-387669.576358476
2019-09-24 00:00:00+00:00,USDC,2,DeFiLlama,388697809.0,-3465996.0,-3477411.059567223
2019-09-25 00:00:00+00:00,USDC,2,DeFiLlama,387621672.0,-1076137.0,-1079681.1961964655
2019-09-26 00:00:00+00:00,USDC,2,DeFiLlama,415683471.0,28061799.0,28154218.947785154
2019-09-27 00:00:00+00:00,USDC,2,DeFiLlama,417581960.0,1898489.0,1904741.5635659597
2019-09-28 00:00:00+00:00,USDC,2,DeFiLlama,424356030.0,6774070.0,6796380.007093431
2019-09-29 00:00:00+00:00,USDC,2,DeFiLlama,428465344.0,4109314.0,4122847.789625618
2019-09-30 00:00:00+00:00,USDC,2,DeFiLlama,427689979.0,-775365.0,-777918.6212157662
2019-10-01 00:00:00+00:00,USDC,2,DeFiLlama,426783476.0,-906503.0,-909488.5158503396
2019-10-02 00:00:00+00:00,USDC,2,DeFiLlama,425078740.0,-1704736.0,-1710350.4524473934
2019-10-03 00:00:00+00:00,USDC,2,DeFiLlama,455726852.0,30648112.0,30749049.78231422
2019-10-04 00:00:00+00:00,USDC,2,DeFiLlama,473561867.0,17835015.0,17893753.604706395
2019-10-05 00:00:00+00:00,USDC,2,DeFiLlama,474228189.0,666322.0,668516.4928108144
2019-10-06 00:00:00+00:00,USDC,2,DeFiLlama,474032948.0,-195241.0,-195884.01531302207
2019-10-07 00:00:00+00:00,USDC,2,DeFiLlama,473614439.0,-418509.0,-419887.3353961428
2019-10-08 00:00:00+00:00,USDC,2,DeFiLlama,469359931.0,-4254508.0,-4268519.977966393
2019-10-09 00:00:00+00:00,USDC,2,DeFiLlama,465782852.0,-3577079.0,-3588859.9036930604
2019-10-10 00:00:00+00:00,USDC,2,DeFiLlama,461220659.0,-4562193.0,-4577218.3131952165
2019-10-11 00:00:00+00:00,USDC,2,DeFiLlama,451796885.0,-9423774.0,-9454810.656499872
2019-10-12 00:00:00+00:00,USDC,2,DeFiLlama,467081703.0,15284818.0,15335157.677988043
2019-10-13 00:00:00+00:00,USDC,2,DeFiLlama,467067508.0,-14195.0,-14241.75041685837
2019-10-14 00:00:00+00:00,USDC,2,DeFiLlama,467061348.0,-6160.0,-6180.287596652079
2019-10-15 00:00:00+00:00,USDC,2,DeFiLlama,466935012.0,-126336.0,-126752.08045631839
2019-10-16 00:00:00+00:00,USDC,2,DeFiLlama,469068028.0,2133016.0,2140040.9629155453
2019-10-17 00:00:00+00:00,USDC,2,DeFiLlama,473380866.0,4312838.0,4327042.077926495
2019-10-18 00:00:00+00:00,USDC,2,DeFiLlama,473099659.0,-281207.0,-282133.139368215
2019-10-19 00:00:00+00:00,USDC,2,DeFiLlama,473920654.0,820995.0,823698.8990916187
2019-10-20 00:00:00+00:00,USDC,2,DeFiLlama,474269373.0,348719.0,349867.48530643363
2019-10-21 00:00:00+00:00,USDC,2,DeFiLlama,474220641.0,-48732.0,-48892.49610018556
2019-10-22 00:00:00+00:00,USDC,2,DeFiLlama,476325471.0,2104830.0,2111762.13414678
2019-10-23 00:00:00+00:00,USDC,2,DeFiLlama,460925875.0,-15399596.0,-15450313.688423691
2019-10-24 00:00:00+00:00,USDC,2,DeFiLlama,462962812.0,2036937.0,2043645.5375212682
2019-10-25 00:00:00+00:00,USDC,2,DeFiLlama,477414570.0,14451758.0,14499354.051101256
2019-10-26 00:00:00+00:00,USDC,2,DeFiLlama,481488568.0,4073998.0,4087415.4788932684
2019-10-27 00:00:00+00:00,USDC,2,DeFiLlama,480945151.0,-543417.0,-545206.71241651
2019-10-28 00:00:00+00:00,USDC,2,DeFiLlama,475180657.0,-5764494.0,-5783479.039588036
2019-10-29 00:00:00+00:00,USDC,2,DeFiLlama,473190303.0,-1990354.0,-1996909.116224455
2019-10-30 00:00:00+00:00,USDC,2,DeFiLlama,470717130.0,-2473173.0,-2481318.2541114027
2019-10-31 00:00:00+00:00,USDC,2,DeFiLlama,466272090.0,-4445040.0,-4459679.490154
2019-11-01 00:00:00+00:00,USDC,2,DeFiLlama,462015843.0,-4256247.0,-4270264.708325385
2019-11-02 00:00:00+00:00,USDC,2,DeFiLlama,454513565.0,-7502278.0,-7526986.332901725
2019-11-03 00:00:00+00:00,USDC,2,DeFiLlama,468605752.0,14092187.0,14138598.804595096
2019-11-04 00:00:00+00:00,USDC,2,DeFiLlama,467034517.0,-1571235.0,-1576409.7710255105
2019-11-05 00:00:00+00:00,USDC,2,DeFiLlama,446446123.0,-20588394.0,-20656200.708618075
2019-11-06 00:00:00+00:00,USDC,2,DeFiLlama,468005308.0,21559185.0,21630188.909813307
2019-11-07 00:00:00+00:00,USDC,2,DeFiLlama,458302373.0,-9702935.0,-9734891.06881236
2019-11-08 00:00:00+00:00,USDC,2,DeFiLlama,455935456.0,-2366917.0,-2374712.303961728
2019-11-09 00:00:00+00:00,USDC,2,DeFiLlama,452704893.0,-3230563.0,-3241202.67680454
2019-11-10 00:00:00+00:00,USDC,2,DeFiLlama,452172599.0,-532294.0,-534047.0803238035
2019-11-11 00:00:00+00:00,USDC,2,DeFiLlama,451662057.0,-510542.0,-512223.44070482766
2019-11-12 00:00:00+00:00,USDC,2,DeFiLlama,450395901.0,-1266156.0,-1270326.0119759038
2019-11-13 00:00:00+00:00,USDC,2,DeFiLlama,449566268.0,-829633.0,-832365.3473754486
2019-11-14 00:00:00+00:00,USDC,2,DeFiLlama,447205866.0,-2360402.0,-2368175.8492913553
2019-11-15 00:00:00+00:00,USDC,2,DeFiLlama,439137903.0,-8067963.0,-8094534.364275574
2019-11-16 00:00:00+00:00,USDC,2,DeFiLlama,438712842.0,-425061.0,-426460.91442839045
2019-11-17 00:00:00+00:00,USDC,2,DeFiLlama,441438236.0,2725394.0,2734369.9318395066
2019-11-18 00:00:00+00:00,USDC,2,DeFiLlama,441387718.0,-50518.0,-50684.3781202675
2019-11-19 00:00:00+00:00,USDC,2,DeFiLlama,441757795.0,370077.0,371295.8274065611
2019-11-20 00:00:00+00:00,USDC,2,DeFiLlama,439684403.0,-2073392.0,-2080220.6006356063
2019-11-21 00:00:00+00:00,USDC,2,DeFiLlama,430637524.0,-9046879.0,-9076674.377395213
2019-11-22 00:00:00+00:00,USDC,2,DeFiLlama,441812625.0,11175101.0,11211905.56582377
2019-11-23 00:00:00+00:00,USDC,2,DeFiLlama,441423130.0,-389495.0,-390777.77965404757
2019-11-24 00:00:00+00:00,USDC,2,DeFiLlama,443513861.0,2090731.0,2097616.700449838
2019-11-25 00:00:00+00:00,USDC,2,DeFiLlama,443480963.0,-32898.0,-33006.347667545764
2019-11-26 00:00:00+00:00,USDC,2,DeFiLlama,457785767.0,14304804.0,14351916.046293838
2019-11-27 00:00:00+00:00,USDC,2,DeFiLlama,458893971.0,1108204.0,1111853.8039617084
2019-11-28 00:00:00+00:00,USDC,2,DeFiLlama,464478710.0,5584739.0,5603132.0176895
2019-11-29 00:00:00+00:00,USDC,2,DeFiLlama,455201600.0,-9277110.0,-9307663.642708879
2019-11-30 00:00:00+00:00,USDC,2,DeFiLlama,452854020.0,-2347580.0,-2355311.616241013
2019-12-01 00:00:00+00:00,USDC,2,DeFiLlama,455125432.0,2271412.0,2278892.762616992
2019-12-02 00:00:00+00:00,USDC,2,DeFiLlama,456348133.0,1222701.0,1226727.8945378945
2019-12-03 00:00:00+00:00,USDC,2,DeFiLlama,457076080.0,727947.0,730344.4519258108
2019-12-04 00:00:00+00:00,USDC,2,DeFiLlama,445070649.0,-12005431.0,-12044970.20772085
2019-12-05 00:00:00+00:00,USDC,2,DeFiLlama,462753667.0,17683018.0,17741256.018526506
2019-12-06 00:00:00+00:00,USDC,2,DeFiLlama,463201009.0,447342.0,448815.295261954
2019-12-07 00:00:00+00:00,USDC,2,DeFiLlama,463430732.0,229723.0,230479.57925915453
2019-12-08 00:00:00+00:00,USDC,2,DeFiLlama,462910608.0,-520124.0,-521836.9990822764
2019-12-09 00:00:00+00:00,USDC,2,DeFiLlama,462227350.0,-683258.0,-685508.2706412807
2019-12-10 00:00:00+00:00,USDC,2,DeFiLlama,482937760.0,20710410.0,20778618.555480275
2019-12-11 00:00:00+00:00,USDC,2,DeFiLlama,478938906.0,-3998854.0,-4012023.9894701773
2019-12-12 00:00:00+00:00,USDC,2,DeFiLlama,474730688.0,-4208218.0,-4222077.5220256
2019-12-13 00:00:00+00:00,USDC,2,DeFiLlama,474137899.0,-592789.0,-594741.3166018712
2019-12-14 00:00:00+00:00,USDC,2,DeFiLlama,472241784.0,-1896115.0,-1902359.7450766342
2019-12-15 00:00:00+00:00,USDC,2,DeFiLlama,472322413.0,80629.0,80894.54685435603
2019-12-16 00:00:00+00:00,USDC,2,DeFiLlama,473533014.0,1210601.0,1214588.0428576984
2019-12-17 00:00:00+00:00,USDC,2,DeFiLlama,465329802.0,-8203212.0,-8230228.790352989
2019-12-18 00:00:00+00:00,USDC,2,DeFiLlama,460191065.0,-5138737.0,-5155661.136935995
2019-12-19 00:00:00+00:00,USDC,2,DeFiLlama,472237266.0,12046201.0,12085874.463145295
2019-12-20 00:00:00+00:00,USDC,2,DeFiLlama,508292307.0,36055041.0,36173786.240807496
2019-12-21 00:00:00+00:00,USDC,2,DeFiLlama,521354342.0,13062035.0,13105054.072542384
2019-12-22 00:00:00+00:00,USDC,2,DeFiLlama,520869964.0,-484378.0,-485973.2708342192
2019-12-23 00:00:00+00:00,USDC,2,DeFiLlama,521290092.0,420128.0,421511.66745591623
2019-12-24 00:00:00+00:00,USDC,2,DeFiLlama,520036652.0,-1253440.0,-1257568.1330221316
2019-12-25 00:00:00+00:00,USDC,2,DeFiLlama,516567080.0,-3469572.0,-3480998.8360470203
2019-12-26 00:00:00+00:00,USDC,2,DeFiLlama,515962435.0,-604645.0,-606636.3628234195
2019-12-27 00:00:00+00:00,USDC,2,DeFiLlama,515683191.0,-279244.0,-280163.674091165
2019-12-28 00:00:00+00:00,USDC,2,DeFiLlama,517886404.0,2203213.0,2210469.154934658
2019-12-29 00:00:00+00:00,USDC,2,DeFiLlama,517423577.0,-462827.0,-464351.29429174424
2019-12-30 00:00:00+00:00,USDC,2,DeFiLlama,518201964.0,778387.0,780950.572268738
2019-12-31 00:00:00+00:00,USDC,2,DeFiLlama,516519795.0,-1682169.0,-1687709.1293358002
2020-01-01 00:00:00+00:00,USDC,2,DeFiLlama,516597712.0,77917.0,78173.61518037268
2020-01-02 00:00:00+00:00,USDC,2,DeFiLlama,514892050.0,-1705662.0,-1711279.5018402713
2020-01-03 00:00:00+00:00,USDC,2,DeFiLlama,519915526.0,5023476.0,5040020.53042149
2020-01-04 00:00:00+00:00,USDC,2,DeFiLlama,518840356.0,-1075170.0,-1078711.010823125
2020-01-05 00:00:00+00:00,USDC,2,DeFiLlama,518952466.0,112110.0,112479.22781555874
2020-01-06 00:00:00+00:00,USDC,2,DeFiLlama,517973272.0,-979194.0,-982418.9187801915
2020-01-07 00:00:00+00:00,USDC,2,DeFiLlama,513964831.0,-4008441.0,-4021642.565128944
2020-01-08 00:00:00+00:00,USDC,2,DeFiLlama,490317289.0,-23647542.0,-23725423.82958187
2020-01-09 00:00:00+00:00,USDC,2,DeFiLlama,469784290.0,-20532999.0,-20600623.27137951
2020-01-10 00:00:00+00:00,USDC,2,DeFiLlama,461732415.0,-8051875.0,-8078393.384553692
2020-01-11 00:00:00+00:00,USDC,2,DeFiLlama,458520665.0,-3211750.0,-3222327.710830656
2020-01-12 00:00:00+00:00,USDC,2,DeFiLlama,448892630.0,-9628035.0,-9659744.378253927
2020-01-13 00:00:00+00:00,USDC,2,DeFiLlama,449197501.0,304871.0,305875.0750129329
2020-01-14 00:00:00+00:00,USDC,2,DeFiLlama,447171710.0,-2025791.0,-2032462.824750707
2020-01-15 00:00:00+00:00,USDC,2,DeFiLlama,432020884.0,-15150826.0,-15200724.376353808
2020-01-16 00:00:00+00:00,USDC,2,DeFiLlama,452134110.0,20113226.0,20179467.766951904
2020-01-17 00:00:00+00:00,USDC,2,DeFiLlama,448456801.0,-3677309.0,-3689420.0083060223
2020-01-18 00:00:00+00:00,USDC,2,DeFiLlama,444757303.0,-3699498.0,-3711682.0872367504
2020-01-19 00:00:00+00:00,USDC,2,DeFiLlama,444284972.0,-472331.0,-473886.59498000983
2020-01-20 00:00:00+00:00,USDC,2,DeFiLlama,444638589.0,353617.0,354781.6175538399
2020-01-21 00:00:00+00:00,USDC,2,DeFiLlama,444694131.0,55542.0,55724.924439472765
2020-01-22 00:00:00+00:00,USDC,2,DeFiLlama,447471889.0,2777758.0,2786906.386644315
2020-01-23 00:00:00+00:00,USDC,2,DeFiLlama,458243977.0,10772088.0,10807565.271492187
2020-01-24 00:00:00+00:00,USDC,2,DeFiLlama,449166380.0,-9077597.0,-9107493.550922818
2020-01-25 00:00:00+00:00,USDC,2,DeFiLlama,449600266.0,433886.0,435314.97799031105
2020-01-26 00:00:00+00:00,USDC,2,DeFiLlama,449476884.0,-123382.0,-123788.35144772429
2020-01-27 00:00:00+00:00,USDC,2,DeFiLlama,449139167.0,-337717.0,-338829.25150497287
2020-01-28 00:00:00+00:00,USDC,2,DeFiLlama,445977555.0,-3161612.0,-3172024.5842548553
2020-01-29 00:00:00+00:00,USDC,2,DeFiLlama,446882008.0,904453.0,907431.7635494603
2020-01-30 00:00:00+00:00,USDC,2,DeFiLlama,447850721.0,968713.0,971903.4014336129
2020-01-31 00:00:00+00:00,USDC,2,DeFiLlama,442466921.0,-5383800.0,-5401531.231321133
2020-02-01 00:00:00+00:00,USDC,2,DeFiLlama,440802894.0,-1664027.0,-1669507.377298732
2020-02-02 00:00:00+00:00,USDC,2,DeFiLlama,438558615.0,-2244279.0,-2251670.405982692
2020-02-03 00:00:00+00:00,USDC,2,DeFiLlama,438330505.0,-228110.0,-228861.26752556267
2020-02-04 00:00:00+00:00,USDC,2,DeFiLlama,437557126.0,-773379.0,-775926.0806194344
2020-02-05 00:00:00+00:00,USDC,2,DeFiLlama,435829632.0,-1727494.0,-1733183.402820871
2020-02-06 00:00:00+00:00,USDC,2,DeFiLlama,426708639.0,-9120993.0,-9151032.4795232
2020-02-07 00:00:00+00:00,USDC,2,DeFiLlama,426671374.0,-37265.0,-37387.73016649577
2020-02-08 00:00:00+00:00,USDC,2,DeFiLlama,423899681.0,-2771693.0,-2780821.4100510497
2020-02-09 00:00:00+00:00,USDC,2,DeFiLlama,421470435.0,-2429246.0,-2437246.578312564
2020-02-10 00:00:00+00:00,USDC,2,DeFiLlama,426484983.0,5014548.0,5031063.128221976
2020-02-11 00:00:00+00:00,USDC,2,DeFiLlama,422144696.0,-4340287.0,-4354581.482758782
2020-02-12 00:00:00+00:00,USDC,2,DeFiLlama,420429610.0,-1715086.0,-1720734.5381603977
2020-02-13 00:00:00+00:00,USDC,2,DeFiLlama,430565815.0,10136205.0,10169588.014122987
2020-02-14 00:00:00+00:00,USDC,2,DeFiLlama,429206851.0,-1358964.0,-1363439.6695264215
2020-02-15 00:00:00+00:00,USDC,2,DeFiLlama,429538978.0,332127.0,333220.84123476216
2020-02-16 00:00:00+00:00,USDC,2,DeFiLlama,429266918.0,-272060.0,-272956.01402258535
2020-02-17 00:00:00+00:00,USDC,2,DeFiLlama,430850992.0,1584074.0,1589291.0567515881
2020-02-18 00:00:00+00:00,USDC,2,DeFiLlama,430318295.0,-532697.0,-534451.4062446055
2020-02-19 00:00:00+00:00,USDC,2,DeFiLlama,432640417.0,2322122.0,2329769.7734785285
2020-02-20 00:00:00+00:00,USDC,2,DeFiLlama,434416693.0,1776276.0,1782126.061236887
2020-02-21 00:00:00+00:00,USDC,2,DeFiLlama,425180739.0,-9235954.0,-9266372.076567274
2020-02-22 00:00:00+00:00,USDC,2,DeFiLlama,424407128.0,-773611.0,-776158.8443071084
2020-02-23 00:00:00+00:00,USDC,2,DeFiLlama,425934495.0,1527367.0,1532397.2962226549
2020-02-24 00:00:00+00:00,USDC,2,DeFiLlama,424523238.0,-1411257.0,-1415904.8908758676
2020-02-25 00:00:00+00:00,USDC,2,DeFiLlama,427141133.0,2617895.0,2626516.888118827
2020-02-26 00:00:00+00:00,USDC,2,DeFiLlama,428152155.0,1011022.0,1014351.7416337144
2020-02-27 00:00:00+00:00,USDC,2,DeFiLlama,430280212.0,2128057.0,2135065.632688112
2020-02-28 00:00:00+00:00,USDC,2,DeFiLlama,442683071.0,12402859.0,12443707.09622618
2020-02-29 00:00:00+00:00,USDC,2,DeFiLlama,444737275.0,2054204.0,2060969.4044070581
2020-03-01 00:00:00+00:00,USDC,2,DeFiLlama,444538918.0,-198357.0,-199010.2772109078
2020-03-02 00:00:00+00:00,USDC,2,DeFiLlama,445667652.0,1128734.0,1132451.4210688595
2020-03-03 00:00:00+00:00,USDC,2,DeFiLlama,457244830.0,11577178.0,11615306.7812964
2020-03-04 00:00:00+00:00,USDC,2,DeFiLlama,468968353.0,11723523.0,11762133.741275243
2020-03-05 00:00:00+00:00,USDC,2,DeFiLlama,468927308.0,-41045.0,-41180.179336420726
2020-03-06 00:00:00+00:00,USDC,2,DeFiLlama,462571693.0,-6355615.0,-6376546.84880337
2020-03-07 00:00:00+00:00,USDC,2,DeFiLlama,462713792.0,142099.0,142566.9948035329
2020-03-08 00:00:00+00:00,USDC,2,DeFiLlama,464653647.0,1939855.0,1946243.8006135675
2020-03-09 00:00:00+00:00,USDC,2,DeFiLlama,460681051.0,-3972596.0,-3985679.520362317
2020-03-10 00:00:00+00:00,USDC,2,DeFiLlama,460225304.0,-455747.0,-457247.9769591504
2020-03-11 00:00:00+00:00,USDC,2,DeFiLlama,457583949.0,-2641355.0,-2650054.1541339774
2020-03-12 00:00:00+00:00,USDC,2,DeFiLlama,467915568.0,10331619.0,10365645.592709579
2020-03-13 00:00:00+00:00,USDC,2,DeFiLlama,518795788.0,50880220.0,51047791.06944222
2020-03-14 00:00:00+00:00,USDC,2,DeFiLlama,563821752.0,45025964.0,45174254.38187781
2020-03-15 00:00:00+00:00,USDC,2,DeFiLlama,564599306.0,777554.0,780114.8289078379
2020-03-16 00:00:00+00:00,USDC,2,DeFiLlama,604610635.0,40011329.0,40143103.98750291
2020-03-17 00:00:00+00:00,USDC,2,DeFiLlama,606271146.0,1660511.0,1665979.7970642906
2020-03-18 00:00:00+00:00,USDC,2,DeFiLlama,626587117.0,20315971.0,20382880.493957497
2020-03-19 00:00:00+00:00,USDC,2,DeFiLlama,628140653.0,1553536.0,1558652.4811845412
2020-03-20 00:00:00+00:00,USDC,2,DeFiLlama,651712527.0,23571874.0,23649506.62124985
2020-03-21 00:00:00+00:00,USDC,2,DeFiLlama,646624347.0,-5088180.0,-5104937.62742599
2020-03-22 00:00:00+00:00,USDC,2,DeFiLlama,668188337.0,21563990.0,21635009.76542521
2020-03-23 00:00:00+00:00,USDC,2,DeFiLlama,669658761.0,1470424.0,1475266.755524508
2020-03-24 00:00:00+00:00,USDC,2,DeFiLlama,670753144.0,1094383.0,1097987.2876279398
2020-03-25 00:00:00+00:00,USDC,2,DeFiLlama,689313852.0,18560708.0,18621836.6370507
2020-03-26 00:00:00+00:00,USDC,2,DeFiLlama,688998448.0,-315404.0,-316442.76458529267
2020-03-27 00:00:00+00:00,USDC,2,DeFiLlama,686111344.0,-2887104.0,-2896612.5099212
2020-03-28 00:00:00+00:00,USDC,2,DeFiLlama,685378083.0,-733261.0,-735675.9536822787
2020-03-29 00:00:00+00:00,USDC,2,DeFiLlama,689133981.0,3755898.0,3768267.833329194
2020-03-30 00:00:00+00:00,USDC,2,DeFiLlama,693876956.0,4742975.0,4758595.716421227
2020-03-31 00:00:00+00:00,USDC,2,DeFiLlama,691237918.0,-2639038.0,-2647729.522440489
2020-04-01 00:00:00+00:00,USDC,2,DeFiLlama,693220681.0,1982763.0,1989293.1146368512
2020-04-02 00:00:00+00:00,USDC,2,DeFiLlama,695999747.0,2779066.0,2788218.693488709
2020-04-03 00:00:00+00:00,USDC,2,DeFiLlama,693825978.0,-2173769.0,-2180928.1833239836
2020-04-04 00:00:00+00:00,USDC,2,DeFiLlama,702995459.0,9169481.0,9199680.156837335
2020-04-05 00:00:00+00:00,USDC,2,DeFiLlama,702183762.0,-811697.0,-814370.2775765812
2020-04-06 00:00:00+00:00,USDC,2,DeFiLlama,700351786.0,-1831976.0,-1838009.5067359535
2020-04-07 00:00:00+00:00,USDC,2,DeFiLlama,686220119.0,-14131667.0,-14178208.822308976
2020-04-08 00:00:00+00:00,USDC,2,DeFiLlama,697129228.0,10909109.0,10945037.522787593
2020-04-09 00:00:00+00:00,USDC,2,DeFiLlama,713025412.0,15896184.0,15948537.163615819
2020-04-10 00:00:00+00:00,USDC,2,DeFiLlama,711749677.0,-1275735.0,-1279936.5605208979
2020-04-11 00:00:00+00:00,USDC,2,DeFiLlama,710557997.0,-1191680.0,-1195604.7280388854
2020-04-12 00:00:00+00:00,USDC,2,DeFiLlama,710605126.0,47129.0,47284.21664344566
2020-04-13 00:00:00+00:00,USDC,2,DeFiLlama,717420224.0,6815098.0,6837543.130962235
2020-04-14 00:00:00+00:00,USDC,2,DeFiLlama,725680674.0,8260450.0,8287655.321957629
2020-04-15 00:00:00+00:00,USDC,2,DeFiLlama,735203086.0,9522412.0,9553773.515223276
2020-04-16 00:00:00+00:00,USDC,2,DeFiLlama,735988497.0,785411.0,787997.7061855668
2020-04-17 00:00:00+00:00,USDC,2,DeFiLlama,731850213.0,-4138284.0,-4151913.1970374873
2020-04-18 00:00:00+00:00,USDC,2,DeFiLlama,725926636.0,-5923577.0,-5943085.963223173
2020-04-19 00:00:00+00:00,USDC,2,DeFiLlama,728802965.0,2876329.0,2885802.0255181645
2020-04-20 00:00:00+00:00,USDC,2,DeFiLlama,726847322.0,-1955643.0,-1962083.7981442488
2020-04-21 00:00:00+00:00,USDC,2,DeFiLlama,735999651.0,9152329.0,9182471.675139824
2020-04-22 00:00:00+00:00,USDC,2,DeFiLlama,725055954.0,-10943697.0,-10979739.435391422
2020-04-23 00:00:00+00:00,USDC,2,DeFiLlama,726234993.0,1179039.0,1182922.096841778
2020-04-24 00:00:00+00:00,USDC,2,DeFiLlama,731974511.0,5739518.0,5758420.772797355
2020-04-25 00:00:00+00:00,USDC,2,DeFiLlama,753828820.0,21854309.0,21926284.884744655
2020-04-26 00:00:00+00:00,USDC,2,DeFiLlama,756062774.0,2233954.0,2241311.401196028
2020-04-27 00:00:00+00:00,USDC,2,DeFiLlama,755111871.0,-950903.0,-954034.7449477018
2020-04-28 00:00:00+00:00,USDC,2,DeFiLlama,752281854.0,-2830017.0,-2839337.4981508814
2020-04-29 00:00:00+00:00,USDC,2,DeFiLlama,731366478.0,-20915376.0,-20984259.575589705
2020-04-30 00:00:00+00:00,USDC,2,DeFiLlama,726001388.0,-5365090.0,-5382759.60931605
2020-05-01 00:00:00+00:00,USDC,2,DeFiLlama,726339842.0,338454.0,339568.67901851103
2020-05-02 00:00:00+00:00,USDC,2,DeFiLlama,712603897.0,-13735945.0,-13781183.545810815
2020-05-03 00:00:00+00:00,USDC,2,DeFiLlama,711461082.0,-1142815.0,-1146578.7952263143
2020-05-04 00:00:00+00:00,USDC,2,DeFiLlama,710346519.0,-1114563.0,-1118233.748501345
2020-05-05 00:00:00+00:00,USDC,2,DeFiLlama,710793062.0,446543.0,448013.6636445869
2020-05-06 00:00:00+00:00,USDC,2,DeFiLlama,714139098.0,3346036.0,3357055.976905306
2020-05-07 00:00:00+00:00,USDC,2,DeFiLlama,711778609.0,-2360489.0,-2368263.135053809
2020-05-08 00:00:00+00:00,USDC,2,DeFiLlama,722023647.0,10245038.0,10278779.45257305
2020-05-09 00:00:00+00:00,USDC,2,DeFiLlama,721261346.0,-762301.0,-764811.5947537262
2020-05-10 00:00:00+00:00,USDC,2,DeFiLlama,722268680.0,1007334.0,1010651.5960952648
2020-05-11 00:00:00+00:00,USDC,2,DeFiLlama,746986295.0,24717615.0,24799021.03014402
2020-05-12 00:00:00+00:00,USDC,2,DeFiLlama,745026108.0,-1960187.0,-1966642.7641006685
2020-05-13 00:00:00+00:00,USDC,2,DeFiLlama,748338008.0,3311900.0,3322807.551331002
2020-05-14 00:00:00+00:00,USDC,2,DeFiLlama,769698234.0,21360226.0,21430574.679558337
2020-05-15 00:00:00+00:00,USDC,2,DeFiLlama,726205938.0,-43492296.0,-43635535.3461264
2020-05-16 00:00:00+00:00,USDC,2,DeFiLlama,727130463.0,924525.0,927569.8694570097
2020-05-17 00:00:00+00:00,USDC,2,DeFiLlama,724661419.0,-2469044.0,-2477175.6554134972
2020-05-18 00:00:00+00:00,USDC,2,DeFiLlama,726279461.0,1618042.0,1623370.9268554407
2020-05-19 00:00:00+00:00,USDC,2,DeFiLlama,724994741.0,-1284720.0,-1288951.1505762495
2020-05-20 00:00:00+00:00,USDC,2,DeFiLlama,726086024.0,1091283.0,1094877.07695489
2020-05-21 00:00:00+00:00,USDC,2,DeFiLlama,733473516.0,7387492.0,7411822.281629794
2020-05-22 00:00:00+00:00,USDC,2,DeFiLlama,730845883.0,-2627633.0,-2636286.9585848185
2020-05-23 00:00:00+00:00,USDC,2,DeFiLlama,730001403.0,-844480.0,-847261.2467322614
2020-05-24 00:00:00+00:00,USDC,2,DeFiLlama,730880485.0,879082.0,881977.2061981322
2020-05-25 00:00:00+00:00,USDC,2,DeFiLlama,728156160.0,-2724325.0,-2733297.4060777016
2020-05-26 00:00:00+00:00,USDC,2,DeFiLlama,738174061.0,10017901.0,10050894.383290576
2020-05-27 00:00:00+00:00,USDC,2,DeFiLlama,738446277.0,272216.0,273112.5276135856
2020-05-28 00:00:00+00:00,USDC,2,DeFiLlama,740107623.0,1661346.0,1666817.5477477144
2020-05-29 00:00:00+00:00,USDC,2,DeFiLlama,744293975.0,4186352.0,4200139.512916626
2020-05-30 00:00:00+00:00,USDC,2,DeFiLlama,746020198.0,1726223.0,1731908.2147442824
2020-05-31 00:00:00+00:00,USDC,2,DeFiLlama,747124387.0,1104189.0,1107825.5826718477
2020-06-01 00:00:00+00:00,USDC,2,DeFiLlama,732150217.0,-14974170.0,-15023486.554769224
2020-06-02 00:00:00+00:00,USDC,2,DeFiLlama,729757861.0,-2392356.0,-2400235.088387232
2020-06-03 00:00:00+00:00,USDC,2,DeFiLlama,741158313.0,11400452.0,11437998.744099297
2020-06-04 00:00:00+00:00,USDC,2,DeFiLlama,737553656.0,-3604657.0,-3616528.7278409507
2020-06-05 00:00:00+00:00,USDC,2,DeFiLlama,739424343.0,1870687.0,1876847.9986614103
2020-06-06 00:00:00+00:00,USDC,2,DeFiLlama,738419598.0,-1004745.0,-1008054.0692221714
2020-06-07 00:00:00+00:00,USDC,2,DeFiLlama,740762681.0,2343083.0,2350799.8081968976
2020-06-08 00:00:00+00:00,USDC,2,DeFiLlama,739704499.0,-1058182.0,-1061667.0612361466
2020-06-09 00:00:00+00:00,USDC,2,DeFiLlama,745158033.0,5453534.0,5471494.899662059
2020-06-10 00:00:00+00:00,USDC,2,DeFiLlama,744872916.0,-285117.0,-286056.0167826279
2020-06-11 00:00:00+00:00,USDC,2,DeFiLlama,733633527.0,-11239389.0,-11276405.283900041
2020-06-12 00:00:00+00:00,USDC,2,DeFiLlama,734705830.0,1072303.0,1075834.5691407213
2020-06-13 00:00:00+00:00,USDC,2,DeFiLlama,733293831.0,-1411999.0,-1416649.3373856132
2020-06-14 00:00:00+00:00,USDC,2,DeFiLlama,742538868.0,9245037.0,9275484.996950958
2020-06-15 00:00:00+00:00,USDC,2,DeFiLlama,742292747.0,-246121.0,-246931.58520225307
2020-06-16 00:00:00+00:00,USDC,2,DeFiLlama,752372162.0,10079415.0,10112610.981048837
2020-06-17 00:00:00+00:00,USDC,2,DeFiLlama,771764657.0,19392495.0,19456363.079241008
2020-06-18 00:00:00+00:00,USDC,2,DeFiLlama,802944493.0,31179836.0,31282524.976895493
2020-06-19 00:00:00+00:00,USDC,2,DeFiLlama,830636248.0,27691755.0,27782956.2121111
2020-06-20 00:00:00+00:00,USDC,2,DeFiLlama,882367707.0,51731459.0,51901833.56766694
2020-06-21 00:00:00+00:00,USDC,2,DeFiLlama,912533594.0,30165887.0,30265236.583845034
2020-06-22 00:00:00+00:00,USDC,2,DeFiLlama,933298872.0,20765278.0,20833667.245301634
2020-06-23 00:00:00+00:00,USDC,2,DeFiLlama,951762279.0,18463407.0,18524215.18212068
2020-06-24 00:00:00+00:00,USDC,2,DeFiLlama,945441841.0,-6320438.0,-6341253.996851999
2020-06-25 00:00:00+00:00,USDC,2,DeFiLlama,940124658.0,-5317183.0,-5334694.839278021
2020-06-26 00:00:00+00:00,USDC,2,DeFiLlama,941549149.0,1424491.0,1429182.4792257522
2020-06-27 00:00:00+00:00,USDC,2,DeFiLlama,953580579.0,12031430.0,12071054.812727714
2020-06-28 00:00:00+00:00,USDC,2,DeFiLlama,984604097.0,31023518.0,31125692.17335078
2020-06-29 00:00:00+00:00,USDC,2,DeFiLlama,984899581.0,295484.0,296457.15952217876
2020-06-30 00:00:00+00:00,USDC,2,DeFiLlama,981974100.0,-2925481.0,-2935115.9027587133
2020-07-01 00:00:00+00:00,USDC,2,DeFiLlama,986360474.0,4386374.0,4400820.268305003
2020-07-02 00:00:00+00:00,USDC,2,DeFiLlama,1001687048.0,15326574.0,15377051.17954805
2020-07-03 00:00:00+00:00,USDC,2,DeFiLlama,998027103.0,-3659945.0,-3671998.8151939143
2020-07-04 00:00:00+00:00,USDC,2,DeFiLlama,1039334176.0,41307073.0,41443115.455980055
2020-07-05 00:00:00+00:00,USDC,2,DeFiLlama,1038416512.0,-917664.0,-920686.2735535237
2020-07-06 00:00:00+00:00,USDC,2,DeFiLlama,1039017303.0,600791.0,602769.6707610816
2020-07-07 00:00:00+00:00,USDC,2,DeFiLlama,1046503700.0,7486397.0,7511053.019754349
2020-07-08 00:00:00+00:00,USDC,2,DeFiLlama,1045241768.0,-1261932.0,-1266088.100889577
2020-07-09 00:00:00+00:00,USDC,2,DeFiLlama,1069778242.0,24536474.0,24617283.46334102
2020-07-10 00:00:00+00:00,USDC,2,DeFiLlama,1092234884.0,22456642.0,22530601.663550485
2020-07-11 00:00:00+00:00,USDC,2,DeFiLlama,1100018699.0,7783815.0,7809450.544769153
2020-07-12 00:00:00+00:00,USDC,2,DeFiLlama,1108808904.0,8790205.0,8819155.031806914
2020-07-13 00:00:00+00:00,USDC,2,DeFiLlama,1108342350.0,-466554.0,-468090.5688563177
2020-07-14 00:00:00+00:00,USDC,2,DeFiLlama,1107133398.0,-1208952.0,-1212933.6136939987
2020-07-15 00:00:00+00:00,USDC,2,DeFiLlama,1100954442.0,-6178956.0,-6199306.035455037
2020-07-16 00:00:00+00:00,USDC,2,DeFiLlama,1107994136.0,7039694.0,7062878.827551118
2020-07-17 00:00:00+00:00,USDC,2,DeFiLlama,1105670920.0,-2323216.0,-2330867.377052594
2020-07-18 00:00:00+00:00,USDC,2,DeFiLlama,1105525121.0,-145799.0,-146279.1806997708
2020-07-19 00:00:00+00:00,USDC,2,DeFiLlama,1123580301.0,18055180.0,18114643.695301525
2020-07-20 00:00:00+00:00,USDC,2,DeFiLlama,1124222592.0,642291.0,644406.3482117017
2020-07-21 00:00:00+00:00,USDC,2,DeFiLlama,1109330263.0,-14892329.0,-14941376.0234169
2020-07-22 00:00:00+00:00,USDC,2,DeFiLlama,1117656662.0,8326399.0,8353821.516703311
2020-07-23 00:00:00+00:00,USDC,2,DeFiLlama,1117412376.0,-244286.0,-245090.54202372642
2020-07-24 00:00:00+00:00,USDC,2,DeFiLlama,1111666685.0,-5745691.0,-5764614.1065171305
2020-07-25 00:00:00+00:00,USDC,2,DeFiLlama,1109062844.0,-2603841.0,-2612416.6013038293
2020-07-26 00:00:00+00:00,USDC,2,DeFiLlama,1106484358.0,-2578486.0,-2586978.0939560286
2020-07-27 00:00:00+00:00,USDC,2,DeFiLlama,1166058592.0,59574234.0,59770438.31802383
2020-07-28 00:00:00+00:00,USDC,2,DeFiLlama,1168067160.0,2008568.0,2015183.103167883
2020-07-29 00:00:00+00:00,USDC,2,DeFiLlama,1167917744.0,-149416.0,-149908.09301294768
2020-07-30 00:00:00+00:00,USDC,2,DeFiLlama,1165546374.0,-2371370.0,-2379179.970814769
2020-07-31 00:00:00+00:00,USDC,2,DeFiLlama,1145335232.0,-20211142.0,-20277706.238804128
2020-08-01 00:00:00+00:00,USDC,2,DeFiLlama,1079713382.0,-65621850.0,-65837971.793359324
2020-08-02 00:00:00+00:00,USDC,2,DeFiLlama,1087114066.0,7400684.0,7425057.722671846
2020-08-03 00:00:00+00:00,USDC,2,DeFiLlama,1097449797.0,10335731.0,10369771.137598775
2020-08-04 00:00:00+00:00,USDC,2,DeFiLlama,1084969023.0,-12480774.0,-12521878.710471574
2020-08-05 00:00:00+00:00,USDC,2,DeFiLlama,1082620641.0,-2348382.0,-2356116.261452824
2020-08-06 00:00:00+00:00,USDC,2,DeFiLlama,1080663525.0,-1957116.0,-1963561.648683246
2020-08-07 00:00:00+00:00,USDC,2,DeFiLlama,1093371177.0,12707652.0,12749503.919979466
2020-08-08 00:00:00+00:00,USDC,2,DeFiLlama,1108253404.0,14882227.0,14931240.760756256
2020-08-09 00:00:00+00:00,USDC,2,DeFiLlama,1147426900.0,39173496.0,39302511.63891178
2020-08-10 00:00:00+00:00,USDC,2,DeFiLlama,1146087516.0,-1339384.0,-1343795.183799189
2020-08-11 00:00:00+00:00,USDC,2,DeFiLlama,1123043261.0,-23044255.0,-23120149.920485068
2020-08-12 00:00:00+00:00,USDC,2,DeFiLlama,1133850754.0,10807493.0,10843086.854268491
2020-08-13 00:00:00+00:00,USDC,2,DeFiLlama,1161006417.0,27155663.0,27245098.617528033
2020-08-14 00:00:00+00:00,USDC,2,DeFiLlama,1177494755.0,16488338.0,16542641.403350662
2020-08-15 00:00:00+00:00,USDC,2,DeFiLlama,1205711262.0,28216507.0,28309436.45007184
2020-08-16 00:00:00+00:00,USDC,2,DeFiLlama,1201078658.0,-4632604.0,-4647861.216835115
2020-08-17 00:00:00+00:00,USDC,2,DeFiLlama,1202780393.0,1701735.0,1707339.5662815191
2020-08-18 00:00:00+00:00,USDC,2,DeFiLlama,1218933979.0,16153586.0,16206786.90704236
2020-08-19 00:00:00+00:00,USDC,2,DeFiLlama,1246578444.0,27644465.0,27735510.468626577
2020-08-20 00:00:00+00:00,USDC,2,DeFiLlama,1276066354.0,29487910.0,29585026.73226157
2020-08-21 00:00:00+00:00,USDC,2,DeFiLlama,1308639524.0,32573170.0,32680447.861802477
2020-08-22 00:00:00+00:00,USDC,2,DeFiLlama,1331937325.0,23297801.0,23374530.96808379
2020-08-23 00:00:00+00:00,USDC,2,DeFiLlama,1337354145.0,5416820.0,5434659.985289148
2020-08-24 00:00:00+00:00,USDC,2,DeFiLlama,1355621233.0,18267088.0,18327249.609594062
2020-08-25 00:00:00+00:00,USDC,2,DeFiLlama,1362784250.0,7163017.0,7186607.981634302
2020-08-26 00:00:00+00:00,USDC,2,DeFiLlama,1382944810.0,20160560.0,20226957.656609304
2020-08-27 00:00:00+00:00,USDC,2,DeFiLlama,1400055981.0,17111171.0,17167525.64716072
2020-08-28 00:00:00+00:00,USDC,2,DeFiLlama,1425062753.0,25006772.0,25089130.379100963
2020-08-29 00:00:00+00:00,USDC,2,DeFiLlama,1426971000.0,1908247.0,1914531.701853653
2020-08-30 00:00:00+00:00,USDC,2,DeFiLlama,1461801399.0,34830399.0,34945110.89600965
2020-08-31 00:00:00+00:00,USDC,2,DeFiLlama,1474977048.0,13175649.0,13219042.241520492
2020-09-01 00:00:00+00:00,USDC,2,DeFiLlama,1477999422.0,3022374.0,3032328.014754712
2020-09-02 00:00:00+00:00,USDC,2,DeFiLlama,1523728181.0,45728759.0,45879364.0338686
2020-09-03 00:00:00+00:00,USDC,2,DeFiLlama,1522951577.0,-776604.0,-779161.700900175
2020-09-04 00:00:00+00:00,USDC,2,DeFiLlama,1586480719.0,63529142.0,63738371.57523481
2020-09-05 00:00:00+00:00,USDC,2,DeFiLlama,1652877903.0,66397184.0,66615859.33445769
2020-09-06 00:00:00+00:00,USDC,2,DeFiLlama,1692102875.0,39224972.0,39354157.20090592
2020-09-07 00:00:00+00:00,USDC,2,DeFiLlama,1732078007.0,39975132.0,40106787.791250326
2020-09-08 00:00:00+00:00,USDC,2,DeFiLlama,1781553302.0,49475295.0,49638239.029232696
2020-09-09 00:00:00+00:00,USDC,2,DeFiLlama,1793153367.0,11600065.0,11638269.14378814
2020-09-10 00:00:00+00:00,USDC,2,DeFiLlama,1837064695.0,43911328.0,44055947.43525869
2020-09-11 00:00:00+00:00,USDC,2,DeFiLlama,1849448528.0,12383833.0,12424618.446041971
2020-09-12 00:00:00+00:00,USDC,2,DeFiLlama,1916836794.0,67388266.0,67610205.35242438
2020-09-13 00:00:00+00:00,USDC,2,DeFiLlama,1956703144.0,39866350.0,39997647.52541306
2020-09-14 00:00:00+00:00,USDC,2,DeFiLlama,1997198304.0,40495160.0,40628528.48554388
2020-09-15 00:00:00+00:00,USDC,2,DeFiLlama,2019501256.0,22302952.0,22376405.48706219
2020-09-16 00:00:00+00:00,USDC,2,DeFiLlama,2077315390.0,57814134.0,58004541.53182383
2020-09-17 00:00:00+00:00,USDC,2,DeFiLlama,2082634563.0,5319173.0,5336691.3899588445
2020-09-18 00:00:00+00:00,USDC,2,DeFiLlama,2109682404.0,27047841.0,27136921.51304638
2020-09-19 00:00:00+00:00,USDC,2,DeFiLlama,2180840808.0,71158404.0,71392760.11840014
2020-09-20 00:00:00+00:00,USDC,2,DeFiLlama,2285203417.0,104362609.0,104706321.24939372
2020-09-21 00:00:00+00:00,USDC,2,DeFiLlama,2343766956.0,58563539.0,58756414.655714475
2020-09-22 00:00:00+00:00,USDC,2,DeFiLlama,2394680063.0,50913107.0,51080786.38841535
2020-09-23 00:00:00+00:00,USDC,2,DeFiLlama,2398435328.0,3755265.0,3767632.749595992
2020-09-24 00:00:00+00:00,USDC,2,DeFiLlama,2441320717.0,42885389.0,43026629.55563846
2020-09-25 00:00:00+00:00,USDC,2,DeFiLlama,2507851671.0,66530954.0,66750069.86412146
2020-09-26 00:00:00+00:00,USDC,2,DeFiLlama,2511426370.0,3574699.0,3586472.06512369
2020-09-27 00:00:00+00:00,USDC,2,DeFiLlama,2551406259.0,39979889.0,40111560.468584016
2020-09-28 00:00:00+00:00,USDC,2,DeFiLlama,2600077490.0,48671231.0,48831526.90615263
2020-09-29 00:00:00+00:00,USDC,2,DeFiLlama,2544473188.0,-55604302.0,-55787431.56838551
2020-09-30 00:00:00+00:00,USDC,2,DeFiLlama,2539063885.0,-5409303.0,-5427118.22858929
2020-10-01 00:00:00+00:00,USDC,2,DeFiLlama,2533902793.0,-5161092.0,-5178089.759435043
2020-10-02 00:00:00+00:00,USDC,2,DeFiLlama,2536907170.0,3004377.0,3014271.7430254477
2020-10-03 00:00:00+00:00,USDC,2,DeFiLlama,2595297562.0,58390392.0,58582697.41455959
2020-10-04 00:00:00+00:00,USDC,2,DeFiLlama,2638048549.0,42750987.0,42891784.93033202
2020-10-05 00:00:00+00:00,USDC,2,DeFiLlama,2646000562.0,7952013.0,7978202.498458565
2020-10-06 00:00:00+00:00,USDC,2,DeFiLlama,2665620779.0,19620217.0,19684835.050915092
2020-10-07 00:00:00+00:00,USDC,2,DeFiLlama,2673259510.0,7638731.0,7663888.719939134
2020-10-08 00:00:00+00:00,USDC,2,DeFiLlama,2710421277.0,37161767.0,37284157.134222105
2020-10-09 00:00:00+00:00,USDC,2,DeFiLlama,2814977787.0,104556510.0,104900860.87299028
2020-10-10 00:00:00+00:00,USDC,2,DeFiLlama,2818108221.0,3130434.0,3140743.9050626038
2020-10-11 00:00:00+00:00,USDC,2,DeFiLlama,2863229268.0,45121047.0,45269650.57448868
2020-10-12 00:00:00+00:00,USDC,2,DeFiLlama,2860196280.0,-3032988.0,-3042976.971595088
2020-10-13 00:00:00+00:00,USDC,2,DeFiLlama,2848277736.0,-11918544.0,-11957797.039567212
2020-10-14 00:00:00+00:00,USDC,2,DeFiLlama,2782961334.0,-65316402.0,-65531517.811166435
2020-10-15 00:00:00+00:00,USDC,2,DeFiLlama,2754688239.0,-28273095.0,-28366210.819652926
2020-10-16 00:00:00+00:00,USDC,2,DeFiLlama,2744534535.0,-10153704.0,-10187144.637769226
2020-10-17 00:00:00+00:00,USDC,2,DeFiLlama,2709684291.0,-34850244.0,-34965021.282370254
2020-10-18 00:00:00+00:00,USDC,2,DeFiLlama,2711217131.0,1532840.0,1537888.320556632
2020-10-19 00:00:00+00:00,USDC,2,DeFiLlama,2733321425.0,22104294.0,22177093.221718635
2020-10-20 00:00:00+00:00,USDC,2,DeFiLlama,2742215968.0,8894543.0,8923836.663945358
2020-10-21 00:00:00+00:00,USDC,2,DeFiLlama,2742213335.0,-2633.0,-2641.671634158617
2020-10-22 00:00:00+00:00,USDC,2,DeFiLlama,2809283940.0,67070605.0,67291498.17808156
2020-10-23 00:00:00+00:00,USDC,2,DeFiLlama,2795961177.0,-13322763.0,-13366640.752124857
2020-10-24 00:00:00+00:00,USDC,2,DeFiLlama,2761552279.0,-34408898.0,-34522221.731516644
2020-10-25 00:00:00+00:00,USDC,2,DeFiLlama,2792512038.0,30959759.0,31061723.187990475
2020-10-26 00:00:00+00:00,USDC,2,DeFiLlama,2814954554.0,22442516.0,22516429.136290636
2020-10-27 00:00:00+00:00,USDC,2,DeFiLlama,2779249100.0,-35705454.0,-35823047.85834894
2020-10-28 00:00:00+00:00,USDC,2,DeFiLlama,2816222774.0,36973674.0,37095444.65917945
2020-10-29 00:00:00+00:00,USDC,2,DeFiLlama,2846041041.0,29818267.0,29916471.74235376
2020-10-30 00:00:00+00:00,USDC,2,DeFiLlama,2889404113.0,43363072.0,43505885.779671595
2020-10-31 00:00:00+00:00,USDC,2,DeFiLlama,2893818230.0,4414117.0,4428654.639084848
2020-11-01 00:00:00+00:00,USDC,2,DeFiLlama,2939549019.0,45730789.0,45881400.71362777
2020-11-02 00:00:00+00:00,USDC,2,DeFiLlama,2941916894.0,2367875.0,2375673.460054919
2020-11-03 00:00:00+00:00,USDC,2,DeFiLlama,2946509745.0,4592851.0,4607977.291582318
2020-11-04 00:00:00+00:00,USDC,2,DeFiLlama,2929676641.0,-16833104.0,-16888542.85689874
2020-11-05 00:00:00+00:00,USDC,2,DeFiLlama,2897362191.0,-32314450.0,-32420875.77432003
2020-11-06 00:00:00+00:00,USDC,2,DeFiLlama,2884058038.0,-13304153.0,-13347969.46146446
2020-11-07 00:00:00+00:00,USDC,2,DeFiLlama,2865838041.0,-18219997.0,-18280003.513726287
2020-11-08 00:00:00+00:00,USDC,2,DeFiLlama,2895866877.0,30028836.0,30127734.244220003
2020-11-09 00:00:00+00:00,USDC,2,DeFiLlama,2883905303.0,-11961574.0,-12000968.75497203
2020-11-10 00:00:00+00:00,USDC,2,DeFiLlama,2853339941.0,-30565362.0,-30666027.261931922
2020-11-11 00:00:00+00:00,USDC,2,DeFiLlama,2842054288.0,-11285653.0,-11322821.647723848
2020-11-12 00:00:00+00:00,USDC,2,DeFiLlama,2845247475.0,3193187.0,3203703.577824301
2020-11-13 00:00:00+00:00,USDC,2,DeFiLlama,2815125574.0,-30121901.0,-30221105.74670593
2020-11-14 00:00:00+00:00,USDC,2,DeFiLlama,2816030976.0,905402.0,908383.8893949807
2020-11-15 00:00:00+00:00,USDC,2,DeFiLlama,2834042646.0,18011670.0,18070990.39631436
2020-11-16 00:00:00+00:00,USDC,2,DeFiLlama,2826838956.0,-7203690.0,-7227414.9399283
2020-11-17 00:00:00+00:00,USDC,2,DeFiLlama,2841311467.0,14472511.0,14520175.38310885
2020-11-18 00:00:00+00:00,USDC,2,DeFiLlama,2789964469.0,-51346998.0,-51516106.37523351
2020-11-19 00:00:00+00:00,USDC,2,DeFiLlama,2803971652.0,14007183.0,14053314.84976186
2020-11-20 00:00:00+00:00,USDC,2,DeFiLlama,2801881749.0,-2089903.0,-2096785.975038754
2020-11-21 00:00:00+00:00,USDC,2,DeFiLlama,2815683135.0,13801386.0,13846840.068744117
2020-11-22 00:00:00+00:00,USDC,2,DeFiLlama,2851864799.0,36181664.0,36300826.220635176
2020-11-23 00:00:00+00:00,USDC,2,DeFiLlama,2887621126.0,35756327.0,35874088.405248836
2020-11-24 00:00:00+00:00,USDC,2,DeFiLlama,2877345881.0,-10275245.0,-10309085.927824967
2020-11-25 00:00:00+00:00,USDC,2,DeFiLlama,2864825051.0,-12520830.0,-12562066.63113098
2020-11-26 00:00:00+00:00,USDC,2,DeFiLlama,2880745350.0,15920299.0,15972731.58841436
2020-11-27 00:00:00+00:00,USDC,2,DeFiLlama,2900747364.0,20002014.0,20067889.485404123
2020-11-28 00:00:00+00:00,USDC,2,DeFiLlama,2911102924.0,10355560.0,10389665.44108883
2020-11-29 00:00:00+00:00,USDC,2,DeFiLlama,2978517915.0,67414991.0,67637018.40807882
2020-11-30 00:00:00+00:00,USDC,2,DeFiLlama,2974734796.0,-3783119.0,-3795578.4848928647
2020-12-01 00:00:00+00:00,USDC,2,DeFiLlama,2972700925.0,-2033871.0,-2040569.4374877268
2020-12-02 00:00:00+00:00,USDC,2,DeFiLlama,2984040812.0,11339887.0,11377234.266429521
2020-12-03 00:00:00+00:00,USDC,2,DeFiLlama,2972606122.0,-11434690.0,-11472349.496567005
2020-12-04 00:00:00+00:00,USDC,2,DeFiLlama,2978729977.0,6123855.0,6144023.564521745
2020-12-05 00:00:00+00:00,USDC,2,DeFiLlama,3026963539.0,48233562.0,48392416.45719637
2020-12-06 00:00:00+00:00,USDC,2,DeFiLlama,3050659502.0,23695963.0,23774004.294287533
2020-12-07 00:00:00+00:00,USDC,2,DeFiLlama,3085248974.0,34589472.0,34703390.43608291
2020-12-08 00:00:00+00:00,USDC,2,DeFiLlama,3069719667.0,-15529307.0,-15580451.87858481
2020-12-09 00:00:00+00:00,USDC,2,DeFiLlama,3083526297.0,13806630.0,13852101.34400998
2020-12-10 00:00:00+00:00,USDC,2,DeFiLlama,3091066781.0,7540484.0,7565318.148751767
2020-12-11 00:00:00+00:00,USDC,2,DeFiLlama,3092572545.0,1505764.0,1510723.1472236393
2020-12-12 00:00:00+00:00,USDC,2,DeFiLlama,3146985921.0,54413376.0,54592583.32198973
2020-12-13 00:00:00+00:00,USDC,2,DeFiLlama,3224048173.0,77062252.0,77316052.08930923
2020-12-14 00:00:00+00:00,USDC,2,DeFiLlama,3268275283.0,44227110.0,44372769.44753237
2020-12-15 00:00:00+00:00,USDC,2,DeFiLlama,3283636437.0,15361154.0,15411745.078386206
2020-12-16 00:00:00+00:00,USDC,2,DeFiLlama,3286581087.0,2944650.0,2954348.035608485
2020-12-17 00:00:00+00:00,USDC,2,DeFiLlama,3313438747.0,26857660.0,26946114.15897142
2020-12-18 00:00:00+00:00,USDC,2,DeFiLlama,3288966738.0,-24472009.0,-24552606.15572113
2020-12-19 00:00:00+00:00,USDC,2,DeFiLlama,3298370829.0,9404091.0,9435062.833917024
2020-12-20 00:00:00+00:00,USDC,2,DeFiLlama,3384564371.0,86193542.0,86477415.47079547
2020-12-21 00:00:00+00:00,USDC,2,DeFiLlama,3364288860.0,-20275511.0,-20342287.230156116
2020-12-22 00:00:00+00:00,USDC,2,DeFiLlama,3362730619.0,-1558241.0,-1563372.9771639907
2020-12-23 00:00:00+00:00,USDC,2,DeFiLlama,3380941275.0,18210656.0,18270631.744733207
2020-12-24 00:00:00+00:00,USDC,2,DeFiLlama,3448424019.0,67482744.0,67704994.53275804
2020-12-25 00:00:00+00:00,USDC,2,DeFiLlama,3552136986.0,103712967.0,104054539.69578566
2020-12-26 00:00:00+00:00,USDC,2,DeFiLlama,3551176703.0,-960283.0,-963445.6367688716
2020-12-27 00:00:00+00:00,USDC,2,DeFiLlama,3562211175.0,11034472.0,11070813.400048168
2020-12-28 00:00:00+00:00,USDC,2,DeFiLlama,3622466443.0,60255268.0,60453715.24487428
2020-12-29 00:00:00+00:00,USDC,2,DeFiLlama,3671915731.0,49449288.0,49612146.38231862
2020-12-30 00:00:00+00:00,USDC,2,DeFiLlama,3716225329.0,44309598.0,44455529.10798747
2020-12-31 00:00:00+00:00,USDC,2,DeFiLlama,3706429867.0,-9795462.0,-9801859.240890674
2021-01-01 00:00:00+00:00,USDC,2,DeFiLlama,3912904542.0,206474675.0,206782447.9177266
2021-01-02 00:00:00+00:00,USDC,2,DeFiLlama,4108062433.0,195157891.0,195056951.2955499
2021-01-03 00:00:00+00:00,USDC,2,DeFiLlama,4177113741.0,69051308.0,69230928.35767531
2021-01-04 00:00:00+00:00,USDC,2,DeFiLlama,4318339841.0,141226100.0,140740834.1596793
2021-01-05 00:00:00+00:00,USDC,2,DeFiLlama,4358020291.0,39680450.0,38922328.002865784
2021-01-06 00:00:00+00:00,USDC,2,DeFiLlama,4278750212.0,-79270079.0,-79267487.83423667
2021-01-07 00:00:00+00:00,USDC,2,DeFiLlama,4449904491.0,171154279.0,171198388.78903475
2021-01-08 00:00:00+00:00,USDC,2,DeFiLlama,4577910558.0,128006067.0,128496400.52004865
2021-01-09 00:00:00+00:00,USDC,2,DeFiLlama,4661438740.0,83528182.0,83644674.22891219
2021-01-10 00:00:00+00:00,USDC,2,DeFiLlama,4797659931.0,136221191.0,136037495.96915725
2021-01-11 00:00:00+00:00,USDC,2,DeFiLlama,4739427618.0,-58232313.0,-58335666.90199942
2021-01-12 00:00:00+00:00,USDC,2,DeFiLlama,4763226681.0,23799063.0,23887966.152245168
2021-01-13 00:00:00+00:00,USDC,2,DeFiLlama,4753023461.0,-10203220.0,-10234468.646361407
2021-01-14 00:00:00+00:00,USDC,2,DeFiLlama,4783448899.0,30425438.0,30496392.564938586
2021-01-15 00:00:00+00:00,USDC,2,DeFiLlama,4829830036.0,46381137.0,46553839.889552645
2021-01-16 00:00:00+00:00,USDC,2,DeFiLlama,4987046859.0,157216823.0,157484154.53377742
2021-01-17 00:00:00+00:00,USDC,2,DeFiLlama,5077567644.0,90520785.0,90561120.57791664
2021-01-18 00:00:00+00:00,USDC,2,DeFiLlama,5082665837.0,5098193.0,5086550.80027354
2021-01-19 00:00:00+00:00,USDC,2,DeFiLlama,5135636669.0,52970832.0,52948111.547339976
2021-01-20 00:00:00+00:00,USDC,2,DeFiLlama,5225182128.0,89545459.0,89046830.62427782
2021-01-21 00:00:00+00:00,USDC,2,DeFiLlama,5352905443.0,127723315.0,127917753.83456914
2021-01-22 00:00:00+00:00,USDC,2,DeFiLlama,5412225745.0,59320302.0,59402721.45825909
2021-01-23 00:00:00+00:00,USDC,2,DeFiLlama,5524837032.0,112611287.0,112767748.78436981
2021-01-24 00:00:00+00:00,USDC,2,DeFiLlama,5593182559.0,68345527.0,68322844.60170017
2021-01-25 00:00:00+00:00,USDC,2,DeFiLlama,5590009066.0,-3173493.0,-3176053.141781303
2021-01-26 00:00:00+00:00,USDC,2,DeFiLlama,5473643218.0,-116365848.0,-116254134.26646452
2021-01-27 00:00:00+00:00,USDC,2,DeFiLlama,5450842922.0,-22800296.0,-22797271.173952732
2021-01-28 00:00:00+00:00,USDC,2,DeFiLlama,5578912997.0,128070075.0,128140561.26357277
2021-01-29 00:00:00+00:00,USDC,2,DeFiLlama,5764361009.0,185448012.0,184102497.85135996
2021-01-30 00:00:00+00:00,USDC,2,DeFiLlama,5846953423.0,82592414.0,82410404.77602486
2021-01-31 00:00:00+00:00,USDC,2,DeFiLlama,5859422521.0,12469098.0,12425515.629017893
2021-02-01 00:00:00+00:00,USDC,2,DeFiLlama,5910175945.0,50753424.0,50615219.28427971
2021-02-02 00:00:00+00:00,USDC,2,DeFiLlama,5973595281.0,63419336.0,63303776.54864865
2021-02-03 00:00:00+00:00,USDC,2,DeFiLlama,6000843093.0,27247812.0,27219862.24263906
2021-02-04 00:00:00+00:00,USDC,2,DeFiLlama,6147802783.0,146959690.0,146912030.36159632
2021-02-05 00:00:00+00:00,USDC,2,DeFiLlama,6267691040.0,119888257.0,119303111.66361576
2021-02-06 00:00:00+00:00,USDC,2,DeFiLlama,6357013405.0,89322365.0,89408932.40877753
2021-02-07 00:00:00+00:00,USDC,2,DeFiLlama,6474065610.0,117052205.0,117120644.71620488
2021-02-08 00:00:00+00:00,USDC,2,DeFiLlama,6553273763.0,79208153.0,78866631.45429517
2021-02-09 00:00:00+00:00,USDC,2,DeFiLlama,6518000823.0,-35272940.0,-35352339.65931879
2021-02-10 00:00:00+00:00,USDC,2,DeFiLlama,6745657889.0,227657066.0,228010500.62937808
2021-02-11 00:00:00+00:00,USDC,2,DeFiLlama,6829745740.0,84087851.0,83816969.84184766
2021-02-12 00:00:00+00:00,USDC,2,DeFiLlama,7003477312.0,173731572.0,173190092.78124085
2021-02-13 00:00:00+00:00,USDC,2,DeFiLlama,7101233824.0,97756512.0,97668179.48947382
2021-02-14 00:00:00+00:00,USDC,2,DeFiLlama,7343818601.0,242584777.0,242428603.27959496
2021-02-15 00:00:00+00:00,USDC,2,DeFiLlama,7486771722.0,142953121.0,142434000.72767338
2021-02-16 00:00:00+00:00,USDC,2,DeFiLlama,7443119084.0,-43652638.0,-43624016.83135525
2021-02-17 00:00:00+00:00,USDC,2,DeFiLlama,7256220480.0,-186898604.0,-187176081.96320015
2021-02-18 00:00:00+00:00,USDC,2,DeFiLlama,7294788700.0,38568220.0,38532635.11532163
2021-02-19 00:00:00+00:00,USDC,2,DeFiLlama,7388030747.0,93242047.0,93432823.47283591
2021-02-20 00:00:00+00:00,USDC,2,DeFiLlama,7645031944.0,257001197.0,258298093.20848158
2021-02-21 00:00:00+00:00,USDC,2,DeFiLlama,7825613199.0,180581255.0,182163997.04857087
2021-02-22 00:00:00+00:00,USDC,2,DeFiLlama,7803825130.0,-21788069.0,-21844805.59894473
2021-02-23 00:00:00+00:00,USDC,2,DeFiLlama,8111769166.0,307944036.0,309660515.96816236
2021-02-24 00:00:00+00:00,USDC,2,DeFiLlama,8224938126.0,113168960.0,113847689.44226527
2021-02-25 00:00:00+00:00,USDC,2,DeFiLlama,8407132729.0,182194603.0,183099347.71822783
2021-02-26 00:00:00+00:00,USDC,2,DeFiLlama,8539555760.0,132423031.0,131453002.80268045
2021-02-27 00:00:00+00:00,USDC,2,DeFiLlama,8845426100.0,305870340.0,308013913.1922803
2021-02-28 00:00:00+00:00,USDC,2,DeFiLlama,8940467840.0,95041740.0,95905140.29710989
2021-03-01 00:00:00+00:00,USDC,2,DeFiLlama,9031079353.0,90611513.0,90360994.0533027
2021-03-02 00:00:00+00:00,USDC,2,DeFiLlama,8939495700.0,-91583653.0,-91822125.18605559
2021-03-03 00:00:00+00:00,USDC,2,DeFiLlama,8865649891.0,-73845809.0,-74300896.18004909
2021-03-04 00:00:00+00:00,USDC,2,DeFiLlama,8799157458.0,-66492433.0,-66286509.06835766
2021-03-05 00:00:00+00:00,USDC,2,DeFiLlama,8778991353.0,-20166105.0,-20358278.712837245
2021-03-06 00:00:00+00:00,USDC,2,DeFiLlama,8932240877.0,153249524.0,153936097.46092552
2021-03-07 00:00:00+00:00,USDC,2,DeFiLlama,9142429930.0,210189053.0,210198501.4295709
2021-03-08 00:00:00+00:00,USDC,2,DeFiLlama,9162719503.0,20289573.0,20338816.754186198
2021-03-09 00:00:00+00:00,USDC,2,DeFiLlama,9110866999.0,-51852504.0,-52042276.1330113
2021-03-10 00:00:00+00:00,USDC,2,DeFiLlama,9131349703.0,20482704.0,20519359.567970492
2021-03-11 00:00:00+00:00,USDC,2,DeFiLlama,9219625050.0,88275347.0,88089425.57438824
2021-03-12 00:00:00+00:00,USDC,2,DeFiLlama,9300395539.0,80770489.0,80700698.99640389
2021-03-13 00:00:00+00:00,USDC,2,DeFiLlama,9461251916.0,160856377.0,161065569.7302109
2021-03-14 00:00:00+00:00,USDC,2,DeFiLlama,9442060703.0,-19191213.0,-19194949.13441662
2021-03-15 00:00:00+00:00,USDC,2,DeFiLlama,9516069579.0,74008876.0,73573538.00684221
2021-03-16 00:00:00+00:00,USDC,2,DeFiLlama,9524386934.0,8317355.0,8313468.349797303
2021-03-17 00:00:00+00:00,USDC,2,DeFiLlama,9572795726.0,48408792.0,48705234.031144
2021-03-18 00:00:00+00:00,USDC,2,DeFiLlama,9677787468.0,104991742.0,105409607.16820864
2021-03-19 00:00:00+00:00,USDC,2,DeFiLlama,9804533357.0,126745889.0,127219675.54356483
2021-03-20 00:00:00+00:00,USDC,2,DeFiLlama,10000638306.0,196104949.0,196288336.97618914
2021-03-21 00:00:00+00:00,USDC,2,DeFiLlama,10033128619.0,32490313.0,32513078.03544115
2021-03-22 00:00:00+00:00,USDC,2,DeFiLlama,10153875602.0,120746983.0,121202378.2029963
2021-03-23 00:00:00+00:00,USDC,2,DeFiLlama,10324918521.0,171042919.0,171281136.75141618
2021-03-24 00:00:00+00:00,USDC,2,DeFiLlama,10308188647.0,-16729874.0,-16718731.20383017
2021-03-25 00:00:00+00:00,USDC,2,DeFiLlama,10431237710.0,123049063.0,123087432.78941779
2021-03-26 00:00:00+00:00,USDC,2,DeFiLlama,10662669989.0,231432279.0,231421190.26599517
2021-03-27 00:00:00+00:00,USDC,2,DeFiLlama,10833025250.0,170355261.0,170874163.6453408
2021-03-28 00:00:00+00:00,USDC,2,DeFiLlama,10923641969.0,90616719.0,90621989.94846505
2021-03-29 00:00:00+00:00,USDC,2,DeFiLlama,10952357285.0,28715316.0,28753867.99323295
2021-03-30 00:00:00+00:00,USDC,2,DeFiLlama,10770164342.0,-182192943.0,-182833494.87176758
2021-03-31 00:00:00+00:00,USDC,2,DeFiLlama,10888346539.0,118182197.0,118264091.30202611
2021-04-01 00:00:00+00:00,USDC,2,DeFiLlama,10828130503.0,-60216036.0,-60157724.8015058
2021-04-02 00:00:00+00:00,USDC,2,DeFiLlama,10910547354.0,82416851.0,82393564.19545853
2021-04-03 00:00:00+00:00,USDC,2,DeFiLlama,10751466471.0,-159080883.0,-158902437.93329534
2021-04-04 00:00:00+00:00,USDC,2,DeFiLlama,10946433079.0,194966608.0,194083098.23005447
2021-04-05 00:00:00+00:00,USDC,2,DeFiLlama,10918801267.0,-27631812.0,-27643366.9488761
2021-04-06 00:00:00+00:00,USDC,2,DeFiLlama,11033570163.0,114768896.0,114715019.8690746
2021-04-07 00:00:00+00:00,USDC,2,DeFiLlama,10986219747.0,-47350416.0,-47343630.70818591
2021-04-08 00:00:00+00:00,USDC,2,DeFiLlama,11033411590.0,47191843.0,47122748.092072405
2021-04-09 00:00:00+00:00,USDC,2,DeFiLlama,11180168578.0,146756988.0,146954285.1328426
2021-04-10 00:00:00+00:00,USDC,2,DeFiLlama,11186033696.0,5865118.0,5872371.022372941
2021-04-11 00:00:00+00:00,USDC,2,DeFiLlama,11166165560.0,-19868136.0,-19898247.77945241
2021-04-12 00:00:00+00:00,USDC,2,DeFiLlama,11118030197.0,-48135363.0,-48219485.07659591
2021-04-13 00:00:00+00:00,USDC,2,DeFiLlama,11009729529.0,-108300668.0,-108317650.96527535
2021-04-14 00:00:00+00:00,USDC,2,DeFiLlama,11310440385.0,300710856.0,301113088.91320485
2021-04-15 00:00:00+00:00,USDC,2,DeFiLlama,11535583495.0,225143110.0,225126953.21266446
2021-04-16 00:00:00+00:00,USDC,2,DeFiLlama,11812432632.0,276849137.0,276819744.2311634
2021-04-17 00:00:00+00:00,USDC,2,DeFiLlama,12115983663.0,303551031.0,303124137.15922046
2021-04-18 00:00:00+00:00,USDC,2,DeFiLlama,12483647552.0,367663889.0,367753466.3975552
2021-04-19 00:00:00+00:00,USDC,2,DeFiLlama,12639137279.0,155489727.0,155458554.43480667
2021-04-20 00:00:00+00:00,USDC,2,DeFiLlama,12930239054.0,291101775.0,290962605.14641297
2021-04-21 00:00:00+00:00,USDC,2,DeFiLlama,12987391569.0,57152515.0,57067614.24444368
2021-04-22 00:00:00+00:00,USDC,2,DeFiLlama,13043977700.0,56586131.0,56559017.60312878
2021-04-23 00:00:00+00:00,USDC,2,DeFiLlama,12988860201.0,-55117499.0,-55260774.15031537
2021-04-24 00:00:00+00:00,USDC,2,DeFiLlama,13411122530.0,422262329.0,422761884.3542188
2021-04-25 00:00:00+00:00,USDC,2,DeFiLlama,13590355337.0,179232807.0,178929614.10762846
2021-04-26 00:00:00+00:00,USDC,2,DeFiLlama,13630330298.0,39974961.0,39958545.092035115
2021-04-27 00:00:00+00:00,USDC,2,DeFiLlama,13836785645.0,206455347.0,206619759.0696663
2021-04-28 00:00:00+00:00,USDC,2,DeFiLlama,13822975633.0,-13810012.0,-13790415.151809352
2021-04-29 00:00:00+00:00,USDC,2,DeFiLlama,13915412068.0,92436435.0,92492049.58922999
2021-04-30 00:00:00+00:00,USDC,2,DeFiLlama,13916570668.0,1158600.0,1160304.1559513893
2021-05-01 00:00:00+00:00,USDC,2,DeFiLlama,14005444843.0,88874175.0,88929859.25099187
2021-05-02 00:00:00+00:00,USDC,2,DeFiLlama,14062872290.0,57427447.0,57418225.819312684
2021-05-03 00:00:00+00:00,USDC,2,DeFiLlama,14042296759.0,-20575531.0,-20566742.62943817
2021-05-04 00:00:00+00:00,USDC,2,DeFiLlama,14009748555.0,-32548204.0,-32547315.362324845
2021-05-05 00:00:00+00:00,USDC,2,DeFiLlama,14339394587.0,329646032.0,327201330.50319064
2021-05-06 00:00:00+00:00,USDC,2,DeFiLlama,14493174963.0,153780376.0,153849502.38896123
2021-05-07 00:00:00+00:00,USDC,2,DeFiLlama,14537012168.0,43837205.0,43710062.19141564
2021-05-08 00:00:00+00:00,USDC,2,DeFiLlama,14595495830.0,58483662.0,58628358.24638333
2021-05-09 00:00:00+00:00,USDC,2,DeFiLlama,14854492488.0,258996658.0,259327499.39456597
2021-05-10 00:00:00+00:00,USDC,2,DeFiLlama,15084907372.0,230414884.0,230237377.5001006
2021-05-11 00:00:00+00:00,USDC,2,DeFiLlama,15129779105.0,44871733.0,44828106.136499114
2021-05-12 00:00:00+00:00,USDC,2,DeFiLlama,15169491544.0,39712439.0,39783955.735204525
2021-05-13 00:00:00+00:00,USDC,2,DeFiLlama,15233860869.0,64369325.0,63874740.32929422
2021-05-14 00:00:00+00:00,USDC,2,DeFiLlama,15406742576.0,172881707.0,173898602.93647763
2021-05-15 00:00:00+00:00,USDC,2,DeFiLlama,15674809138.0,268066562.0,268088014.54649535
2021-05-16 00:00:00+00:00,USDC,2,DeFiLlama,15876014069.0,201204931.0,202162427.0185336
2021-05-17 00:00:00+00:00,USDC,2,DeFiLlama,15871710143.0,-4303926.0,-4351220.68634016
2021-05-18 00:00:00+00:00,USDC,2,DeFiLlama,16201756775.0,330046632.0,330570775.98158896
2021-05-19 00:00:00+00:00,USDC,2,DeFiLlama,16336061648.0,134304873.0,134535865.5342759
2021-05-20 00:00:00+00:00,USDC,2,DeFiLlama,16978168513.0,642106865.0,639979267.7430564
2021-05-21 00:00:00+00:00,USDC,2,DeFiLlama,17808298067.0,830129554.0,825223192.7785107
2021-05-22 00:00:00+00:00,USDC,2,DeFiLlama,18907721005.0,1099422938.0,1096232165.9379013
2021-05-23 00:00:00+00:00,USDC,2,DeFiLlama,19272769589.0,365048584.0,364352352.71763855
2021-05-24 00:00:00+00:00,USDC,2,DeFiLlama,19819733509.0,546963920.0,546854389.9406103
2021-05-25 00:00:00+00:00,USDC,2,DeFiLlama,20129350332.0,309616823.0,309712855.44117284
2021-05-26 00:00:00+00:00,USDC,2,DeFiLlama,20298460835.0,169110503.0,168978173.05334803
2021-05-27 00:00:00+00:00,USDC,2,DeFiLlama,20933949207.0,635488372.0,635297334.8191115
2021-05-28 00:00:00+00:00,USDC,2,DeFiLlama,21314460474.0,380511267.0,380561983.80369025
2021-05-29 00:00:00+00:00,USDC,2,DeFiLlama,21488782550.0,174322076.0,175307220.4918179
2021-05-30 00:00:00+00:00,USDC,2,DeFiLlama,21597915268.0,109132718.0,108727221.99185869
2021-05-31 00:00:00+00:00,USDC,2,DeFiLlama,21804393702.0,206478434.0,206568237.069163
2021-06-01 00:00:00+00:00,USDC,2,DeFiLlama,22016650629.0,212256927.0,212623835.00583184
2021-06-02 00:00:00+00:00,USDC,2,DeFiLlama,22051151006.0,34500377.0,34524233.44914215
2021-06-03 00:00:00+00:00,USDC,2,DeFiLlama,22072022033.0,20871027.0,20830688.108950935
2021-06-04 00:00:00+00:00,USDC,2,DeFiLlama,22103354297.0,31332264.0,31418841.492487933
2021-06-05 00:00:00+00:00,USDC,2,DeFiLlama,22178155976.0,74801679.0,74825021.35779794
2021-06-06 00:00:00+00:00,USDC,2,DeFiLlama,22259877856.0,81721880.0,81865428.60705332
2021-06-07 00:00:00+00:00,USDC,2,DeFiLlama,22397581400.0,137703544.0,138173802.51587614
2021-06-08 00:00:00+00:00,USDC,2,DeFiLlama,22327443676.0,-70137724.0,-70094929.63657553
2021-06-09 00:00:00+00:00,USDC,2,DeFiLlama,22532015851.0,204572175.0,205035402.4251836
2021-06-10 00:00:00+00:00,USDC,2,DeFiLlama,22523679743.0,-8336108.0,-8350284.995281261
2021-06-11 00:00:00+00:00,USDC,2,DeFiLlama,22723444934.0,199765191.0,199896006.7349778
2021-06-12 00:00:00+00:00,USDC,2,DeFiLlama,22853962822.0,130517888.0,130569579.8895181
2021-06-13 00:00:00+00:00,USDC,2,DeFiLlama,22918644321.0,64681499.0,64683318.73196633
2021-06-14 00:00:00+00:00,USDC,2,DeFiLlama,23074734566.0,156090245.0,157151262.0938009
2021-06-15 00:00:00+00:00,USDC,2,DeFiLlama,23114348913.0,39614347.0,39826318.006413504
2021-06-16 00:00:00+00:00,USDC,2,DeFiLlama,23170626520.0,56277607.0,56449697.867370024
2021-06-17 00:00:00+00:00,USDC,2,DeFiLlama,23268904689.0,98278169.0,98334207.81402019
2021-06-18 00:00:00+00:00,USDC,2,DeFiLlama,23225391282.0,-43513407.0,-43755133.51668932
2021-06-19 00:00:00+00:00,USDC,2,DeFiLlama,23516402050.0,291010768.0,291916214.0855708
2021-06-20 00:00:00+00:00,USDC,2,DeFiLlama,23672636545.0,156234495.0,156253696.42382196
2021-06-21 00:00:00+00:00,USDC,2,DeFiLlama,23759863777.0,87227232.0,87768311.96606374
2021-06-22 00:00:00+00:00,USDC,2,DeFiLlama,24383420530.0,623556753.0,623262620.1406916
2021-06-23 00:00:00+00:00,USDC,2,DeFiLlama,24571507369.0,188086839.0,188875208.8502281
2021-06-24 00:00:00+00:00,USDC,2,DeFiLlama,24753912152.0,182404783.0,183131425.9361454
2021-06-25 00:00:00+00:00,USDC,2,DeFiLlama,24862198755.0,108286603.0,108305096.68561822
2021-06-26 00:00:00+00:00,USDC,2,DeFiLlama,25010707739.0,148508984.0,149232084.6284481
2021-06-27 00:00:00+00:00,USDC,2,DeFiLlama,25070575007.0,59867268.0,60119654.70883729
2021-06-28 00:00:00+00:00,USDC,2,DeFiLlama,25260194155.0,189619148.0,190409090.2693776
2021-06-29 00:00:00+00:00,USDC,2,DeFiLlama,24687952275.0,-572241880.0,-573955084.1986805
2021-06-30 00:00:00+00:00,USDC,2,DeFiLlama,24573756744.0,-114195531.0,-114143621.19604068
2021-07-01 00:00:00+00:00,USDC,2,DeFiLlama,24381470184.0,-192286560.0,-192916564.46815997
2021-07-02 00:00:00+00:00,USDC,2,DeFiLlama,24439450888.0,57980704.0,58266459.00838908
2021-07-03 00:00:00+00:00,USDC,2,DeFiLlama,24654720307.0,215269419.0,215920353.4521706
2021-07-04 00:00:00+00:00,USDC,2,DeFiLlama,24686785714.0,32065407.0,32147134.070964172
2021-07-05 00:00:00+00:00,USDC,2,DeFiLlama,24671631080.0,-15154634.0,-15171415.232314743
2021-07-06 00:00:00+00:00,USDC,2,DeFiLlama,24744825005.0,73193925.0,73311684.42550027
2021-07-07 00:00:00+00:00,USDC,2,DeFiLlama,24955768209.0,210943204.0,211382781.9212309
2021-07-08 00:00:00+00:00,USDC,2,DeFiLlama,25042262564.0,86494355.0,86518600.17179407
2021-07-09 00:00:00+00:00,USDC,2,DeFiLlama,25110227234.0,67964670.0,68195923.45133336
2021-07-10 00:00:00+00:00,USDC,2,DeFiLlama,25250790004.0,140562770.0,140812401.15708882
2021-07-11 00:00:00+00:00,USDC,2,DeFiLlama,25271561170.0,20771166.0,20818471.76544281
2021-07-12 00:00:00+00:00,USDC,2,DeFiLlama,25271742837.0,181667.0,181875.59299580072
2021-07-13 00:00:00+00:00,USDC,2,DeFiLlama,25717273665.0,445530828.0,447276938.87448746
2021-07-14 00:00:00+00:00,USDC,2,DeFiLlama,25721428808.0,4155143.0,4162306.161170995
2021-07-15 00:00:00+00:00,USDC,2,DeFiLlama,25294025007.0,-427403801.0,-428200136.916615
2021-07-16 00:00:00+00:00,USDC,2,DeFiLlama,25583613001.0,289587994.0,290689432.31323576
2021-07-17 00:00:00+00:00,USDC,2,DeFiLlama,25719555638.0,135942637.0,135781222.68950543
2021-07-18 00:00:00+00:00,USDC,2,DeFiLlama,25792550926.0,72995288.0,72997027.79896082
2021-07-19 00:00:00+00:00,USDC,2,DeFiLlama,25859342389.0,66791463.0,67129441.17048249
2021-07-20 00:00:00+00:00,USDC,2,DeFiLlama,25966619854.0,107277465.0,107374549.4616763
2021-07-21 00:00:00+00:00,USDC,2,DeFiLlama,25994113785.0,27493931.0,27580601.687380146
2021-07-22 00:00:00+00:00,USDC,2,DeFiLlama,26087221284.0,93107499.0,93819166.9113892
2021-07-23 00:00:00+00:00,USDC,2,DeFiLlama,26119242440.0,32021156.0,32103188.74598743
2021-07-24 00:00:00+00:00,USDC,2,DeFiLlama,26176013588.0,56771148.0,56814412.93630048
2021-07-25 00:00:00+00:00,USDC,2,DeFiLlama,26228817272.0,52803684.0,52929366.39076871
2021-07-26 00:00:00+00:00,USDC,2,DeFiLlama,26329323958.0,100506686.0,101026149.72624677
2021-07-27 00:00:00+00:00,USDC,2,DeFiLlama,26399764271.0,70440313.0,70030347.63022865
2021-07-28 00:00:00+00:00,USDC,2,DeFiLlama,26422439552.0,22675281.0,22753710.26370571
2021-07-29 00:00:00+00:00,USDC,2,DeFiLlama,26494404347.0,71964795.0,72016318.8908985
2021-07-30 00:00:00+00:00,USDC,2,DeFiLlama,26410392448.0,-84011899.0,-83791307.00190416
2021-07-31 00:00:00+00:00,USDC,2,DeFiLlama,26501892495.0,91500047.0,92020843.7472777
2021-08-01 00:00:00+00:00,USDC,2,DeFiLlama,26536204254.0,34311759.0,34276225.03526159
2021-08-02 00:00:00+00:00,USDC,2,DeFiLlama,26565127069.0,28922815.0,28874789.15943909
2021-08-03 00:00:00+00:00,USDC,2,DeFiLlama,26579266576.0,14139507.0,14136798.390451636
2021-08-04 00:00:00+00:00,USDC,2,DeFiLlama,26598047938.0,18781362.0,18763923.309442606
2021-08-05 00:00:00+00:00,USDC,2,DeFiLlama,26721362291.0,123314353.0,123305028.48279329
2021-08-06 00:00:00+00:00,USDC,2,DeFiLlama,26766156969.0,44794678.0,44728950.635287926
2021-08-07 00:00:00+00:00,USDC,2,DeFiLlama,26768807352.0,2650383.0,2651156.757306264
2021-08-08 00:00:00+00:00,USDC,2,DeFiLlama,26852275029.0,83467677.0,83538412.61081469
2021-08-09 00:00:00+00:00,USDC,2,DeFiLlama,26938626431.0,86351402.0,86397086.49030657
2021-08-10 00:00:00+00:00,USDC,2,DeFiLlama,26764596626.0,-174029805.0,-174021147.48979792
2021-08-11 00:00:00+00:00,USDC,2,DeFiLlama,26635488063.0,-129108563.0,-129163770.12838966
2021-08-12 00:00:00+00:00,USDC,2,DeFiLlama,26567142461.0,-68345602.0,-68326676.81145708
2021-08-13 00:00:00+00:00,USDC,2,DeFiLlama,26607935896.0,40793435.0,40828186.03255724
2021-08-14 00:00:00+00:00,USDC,2,DeFiLlama,26489971598.0,-117964298.0,-118109599.99183738
2021-08-15 00:00:00+00:00,USDC,2,DeFiLlama,26472784443.0,-17187155.0,-17188496.858790353
2021-08-16 00:00:00+00:00,USDC,2,DeFiLlama,26492011551.0,19227108.0,19203050.3383665
2021-08-17 00:00:00+00:00,USDC,2,DeFiLlama,26456711066.0,-35300485.0,-35295323.61565067
2021-08-18 00:00:00+00:00,USDC,2,DeFiLlama,26480743714.0,24032648.0,23960814.56302369
2021-08-19 00:00:00+00:00,USDC,2,DeFiLlama,26328862181.0,-151881533.0,-151741415.25593242
2021-08-20 00:00:00+00:00,USDC,2,DeFiLlama,26040861037.0,-288001144.0,-289173924.4491809
2021-08-21 00:00:00+00:00,USDC,2,DeFiLlama,25839526963.0,-201334074.0,-201355372.19234017
2021-08-22 00:00:00+00:00,USDC,2,DeFiLlama,25859885348.0,20358385.0,20327414.23887999
2021-08-23 00:00:00+00:00,USDC,2,DeFiLlama,25872442057.0,12556709.0,12549046.763742212
2021-08-24 00:00:00+00:00,USDC,2,DeFiLlama,25841134558.0,-31307499.0,-31304714.581923068
2021-08-25 00:00:00+00:00,USDC,2,DeFiLlama,25858643111.0,17508553.0,17497972.884101674
2021-08-26 00:00:00+00:00,USDC,2,DeFiLlama,25866097492.0,7454381.0,7455536.967075858
2021-08-27 00:00:00+00:00,USDC,2,DeFiLlama,25922310596.0,56213104.0,56285578.95853211
2021-08-28 00:00:00+00:00,USDC,2,DeFiLlama,25968977387.0,46666791.0,46671856.30549257
2021-08-29 00:00:00+00:00,USDC,2,DeFiLlama,26023568159.0,54590772.0,54736226.75966903
2021-08-30 00:00:00+00:00,USDC,2,DeFiLlama,26043510834.0,19942675.0,19953000.240547277
2021-08-31 00:00:00+00:00,USDC,2,DeFiLlama,26197671647.0,154160813.0,154264339.33857706
2021-09-01 00:00:00+00:00,USDC,2,DeFiLlama,26173617717.0,-24053930.0,-24097956.290841646
2021-09-02 00:00:00+00:00,USDC,2,DeFiLlama,26087515586.0,-86102131.0,-86091598.61076917
2021-09-03 00:00:00+00:00,USDC,2,DeFiLlama,26227262634.0,139747048.0,139642890.1550629
2021-09-04 00:00:00+00:00,USDC,2,DeFiLlama,26243385120.0,16122486.0,16136935.70379474
2021-09-05 00:00:00+00:00,USDC,2,DeFiLlama,26334475047.0,91089927.0,91110424.99422182
2021-09-06 00:00:00+00:00,USDC,2,DeFiLlama,26276363279.0,-58111768.0,-58121979.57335798
2021-09-07 00:00:00+00:00,USDC,2,DeFiLlama,26216068951.0,-60294328.0,-60350748.351830795
2021-09-08 00:00:00+00:00,USDC,2,DeFiLlama,26596570634.0,380501683.0,381139505.4623414
2021-09-09 00:00:00+00:00,USDC,2,DeFiLlama,26737068495.0,140497861.0,140590684.18927997
2021-09-10 00:00:00+00:00,USDC,2,DeFiLlama,26705320358.0,-31748137.0,-31823307.645299867
2021-09-11 00:00:00+00:00,USDC,2,DeFiLlama,26794583208.0,89262850.0,89332126.59463735
2021-09-12 00:00:00+00:00,USDC,2,DeFiLlama,26766456314.0,-28126894.0,-28181942.753427885
2021-09-13 00:00:00+00:00,USDC,2,DeFiLlama,26738357662.0,-28098652.0,-28075931.207213227
2021-09-14 00:00:00+00:00,USDC,2,DeFiLlama,26639308468.0,-99049194.0,-99357946.13803568
2021-09-15 00:00:00+00:00,USDC,2,DeFiLlama,26579660574.0,-59647894.0,-59765743.31674332
2021-09-16 00:00:00+00:00,USDC,2,DeFiLlama,26645488915.0,65828341.0,65885341.17285387
2021-09-17 00:00:00+00:00,USDC,2,DeFiLlama,26645466874.0,-22041.0,-22076.694477506302
2021-09-18 00:00:00+00:00,USDC,2,DeFiLlama,26801934533.0,156467659.0,156469833.60920602
2021-09-19 00:00:00+00:00,USDC,2,DeFiLlama,26826637040.0,24702507.0,24793501.292723555
2021-09-20 00:00:00+00:00,USDC,2,DeFiLlama,26856289071.0,29652031.0,29768046.853473097
2021-09-21 00:00:00+00:00,USDC,2,DeFiLlama,26890217535.0,33928464.0,33753279.20890564
2021-09-22 00:00:00+00:00,USDC,2,DeFiLlama,27218846551.0,328629016.0,327373853.15567523
2021-09-23 00:00:00+00:00,USDC,2,DeFiLlama,27463684987.0,244838436.0,244789835.2893637
2021-09-24 00:00:00+00:00,USDC,2,DeFiLlama,27610838640.0,147153653.0,147634592.2519681
2021-09-25 00:00:00+00:00,USDC,2,DeFiLlama,28011510582.0,400671942.0,401211769.5644993
2021-09-26 00:00:00+00:00,USDC,2,DeFiLlama,28242681908.0,231171326.0,231898500.71497554
2021-09-27 00:00:00+00:00,USDC,2,DeFiLlama,28536821135.0,294139227.0,295238438.42718655
2021-09-28 00:00:00+00:00,USDC,2,DeFiLlama,28467552420.0,-69268715.0,-69079702.66010763
2021-09-29 00:00:00+00:00,USDC,2,DeFiLlama,28358231036.0,-109321384.0,-109081619.91774757
2021-09-30 00:00:00+00:00,USDC,2,DeFiLlama,28636867578.0,278636542.0,279606336.4688121
2021-10-01 00:00:00+00:00,USDC,2,DeFiLlama,28906272123.0,269404545.0,270643666.6693705
2021-10-02 00:00:00+00:00,USDC,2,DeFiLlama,29034929718.0,128657595.0,128917101.50229199
2021-10-03 00:00:00+00:00,USDC,2,DeFiLlama,29196108739.0,161179021.0,161115397.99353164
2021-10-04 00:00:00+00:00,USDC,2,DeFiLlama,29335103084.0,138994345.0,139243240.64746636
2021-10-05 00:00:00+00:00,USDC,2,DeFiLlama,29318381873.0,-16721211.0,-16738231.097542735
2021-10-06 00:00:00+00:00,USDC,2,DeFiLlama,29457097766.0,138715893.0,138805796.90317488
2021-10-07 00:00:00+00:00,USDC,2,DeFiLlama,29644208598.0,187110832.0,187457368.3344451
2021-10-08 00:00:00+00:00,USDC,2,DeFiLlama,29873275485.0,229066887.0,229490532.65815976
2021-10-09 00:00:00+00:00,USDC,2,DeFiLlama,29940014951.0,66739466.0,66713817.378437646
2021-10-10 00:00:00+00:00,USDC,2,DeFiLlama,29990191867.0,50176916.0,50289356.64804687
2021-10-11 00:00:00+00:00,USDC,2,DeFiLlama,30126990277.0,136798410.0,136928589.4650094
2021-10-12 00:00:00+00:00,USDC,2,DeFiLlama,30164503469.0,37513192.0,37743419.633753814
2021-10-13 00:00:00+00:00,USDC,2,DeFiLlama,29985270122.0,-179233347.0,-179470261.9235634
2021-10-14 00:00:00+00:00,USDC,2,DeFiLlama,29914298551.0,-70971571.0,-71183278.75838318
2021-10-15 00:00:00+00:00,USDC,2,DeFiLlama,29982070909.0,67772358.0,67864585.08164315
2021-10-16 00:00:00+00:00,USDC,2,DeFiLlama,29911165814.0,-70905095.0,-71274293.60209039
2021-10-17 00:00:00+00:00,USDC,2,DeFiLlama,29883146058.0,-28019756.0,-28088347.619558174
2021-10-18 00:00:00+00:00,USDC,2,DeFiLlama,29807322287.0,-75823771.0,-75987033.98732336
2021-10-19 00:00:00+00:00,USDC,2,DeFiLlama,29786559263.0,-20763024.0,-20771036.77633563
2021-10-20 00:00:00+00:00,USDC,2,DeFiLlama,29409166541.0,-377392722.0,-377232763.23806304
2021-10-21 00:00:00+00:00,USDC,2,DeFiLlama,29593936221.0,184769680.0,185319462.26884055
2021-10-22 00:00:00+00:00,USDC,2,DeFiLlama,29492912055.0,-101024166.0,-101465321.16990754
2021-10-23 00:00:00+00:00,USDC,2,DeFiLlama,29577500477.0,84588422.0,84970628.32458441
2021-10-24 00:00:00+00:00,USDC,2,DeFiLlama,29580198688.0,2698211.0,2712886.9265909754
2021-10-25 00:00:00+00:00,USDC,2,DeFiLlama,29677955847.0,97757159.0,98232763.63580747
2021-10-26 00:00:00+00:00,USDC,2,DeFiLlama,29718228951.0,40273104.0,40421962.71157881
2021-10-27 00:00:00+00:00,USDC,2,DeFiLlama,29639563853.0,-78665098.0,-78632778.0272928
2021-10-28 00:00:00+00:00,USDC,2,DeFiLlama,29859532891.0,219969038.0,219796705.71064153
2021-10-29 00:00:00+00:00,USDC,2,DeFiLlama,29830271454.0,-29261437.0,-29311353.054347873
2021-10-30 00:00:00+00:00,USDC,2,DeFiLlama,30093078444.0,262806990.0,263336151.5386021
2021-10-31 00:00:00+00:00,USDC,2,DeFiLlama,30282457486.0,189379042.0,189826299.8602886
2021-11-01 00:00:00+00:00,USDC,2,DeFiLlama,30191297571.0,-91159915.0,-91041655.26327914
2021-11-02 00:00:00+00:00,USDC,2,DeFiLlama,30350376550.0,159078979.0,159155776.8810445
2021-11-03 00:00:00+00:00,USDC,2,DeFiLlama,30481678942.0,131302392.0,131766432.92015037
2021-11-04 00:00:00+00:00,USDC,2,DeFiLlama,30670289752.0,188610810.0,188769814.29214805
2021-11-05 00:00:00+00:00,USDC,2,DeFiLlama,30658382707.0,-11907045.0,-11969061.383841217
2021-11-06 00:00:00+00:00,USDC,2,DeFiLlama,30943053259.0,284670552.0,285418209.49506617
2021-11-07 00:00:00+00:00,USDC,2,DeFiLlama,31109831366.0,166778107.0,167577467.09695974
2021-11-08 00:00:00+00:00,USDC,2,DeFiLlama,31059361285.0,-50470081.0,-50558976.16842888
2021-11-09 00:00:00+00:00,USDC,2,DeFiLlama,31111888775.0,52527490.0,52558847.11412398
2021-11-10 00:00:00+00:00,USDC,2,DeFiLlama,31322223077.0,210334302.0,210695240.55222368
2021-11-11 00:00:00+00:00,USDC,2,DeFiLlama,31175956243.0,-146266834.0,-146820076.8543633
2021-11-12 00:00:00+00:00,USDC,2,DeFiLlama,31094550561.0,-81405682.0,-81518992.0481426
2021-11-13 00:00:00+00:00,USDC,2,DeFiLlama,31094291288.0,-259273.0,-260821.20900904186
2021-11-14 00:00:00+00:00,USDC,2,DeFiLlama,31095110441.0,819153.0,822119.9433721353
2021-11-15 00:00:00+00:00,USDC,2,DeFiLlama,31174186590.0,79076149.0,79847938.45902576
2021-11-16 00:00:00+00:00,USDC,2,DeFiLlama,31365834530.0,191647940.0,192200243.9505277
2021-11-17 00:00:00+00:00,USDC,2,DeFiLlama,31619044874.0,253210344.0,254054990.4775644
2021-11-18 00:00:00+00:00,USDC,2,DeFiLlama,31651215611.0,32170737.0,32390129.168929525
2021-11-19 00:00:00+00:00,USDC,2,DeFiLlama,31910484845.0,259269234.0,259468235.63221535
2021-11-20 00:00:00+00:00,USDC,2,DeFiLlama,32371040233.0,460555388.0,463092208.3495942
2021-11-21 00:00:00+00:00,USDC,2,DeFiLlama,32585312646.0,214272413.0,215625370.70554015
2021-11-22 00:00:00+00:00,USDC,2,DeFiLlama,32821282216.0,235969570.0,236664010.03527674
2021-11-23 00:00:00+00:00,USDC,2,DeFiLlama,33022273370.0,200991154.0,200971402.40942135
2021-11-24 00:00:00+00:00,USDC,2,DeFiLlama,33415931233.0,393657863.0,394144663.06340396
2021-11-25 00:00:00+00:00,USDC,2,DeFiLlama,33628100934.0,212169701.0,212160790.39142978
2021-11-26 00:00:00+00:00,USDC,2,DeFiLlama,33788152345.0,160051411.0,159725360.3096044
2021-11-27 00:00:00+00:00,USDC,2,DeFiLlama,34215777809.0,427625464.0,427601059.4202631
2021-11-28 00:00:00+00:00,USDC,2,DeFiLlama,34353890955.0,138113146.0,138076807.46926948
2021-11-29 00:00:00+00:00,USDC,2,DeFiLlama,34389661719.0,35770764.0,35788413.344789445
2021-11-30 00:00:00+00:00,USDC,2,DeFiLlama,34527673155.0,138011436.0,137798560.74202722
2021-12-01 00:00:00+00:00,USDC,2,DeFiLlama,34695791834.0,168118679.0,167743068.5774324
2021-12-02 00:00:00+00:00,USDC,2,DeFiLlama,34812394373.0,116602539.0,116693888.05920587
2021-12-03 00:00:00+00:00,USDC,2,DeFiLlama,34933554847.0,121160474.0,120940536.12272017
2021-12-04 00:00:00+00:00,USDC,2,DeFiLlama,35181666061.0,248111214.0,248623891.2468225
2021-12-05 00:00:00+00:00,USDC,2,DeFiLlama,35600852880.0,419186819.0,418823025.46042633
2021-12-06 00:00:00+00:00,USDC,2,DeFiLlama,36026646159.0,425793279.0,426304992.46551865
2021-12-07 00:00:00+00:00,USDC,2,DeFiLlama,36094667281.0,68021122.0,68083852.11299603
2021-12-08 00:00:00+00:00,USDC,2,DeFiLlama,36182931176.0,88263895.0,88440865.04373807
2021-12-09 00:00:00+00:00,USDC,2,DeFiLlama,36195995142.0,13063966.0,13065266.738585966
2021-12-10 00:00:00+00:00,USDC,2,DeFiLlama,36259784709.0,63789567.0,63698648.0277224
2021-12-11 00:00:00+00:00,USDC,2,DeFiLlama,36610078696.0,350293987.0,348936302.1986886
2021-12-12 00:00:00+00:00,USDC,2,DeFiLlama,36738352866.0,128274170.0,127974550.03802413
2021-12-13 00:00:00+00:00,USDC,2,DeFiLlama,36829045198.0,90692332.0,90622642.30145143
2021-12-14 00:00:00+00:00,USDC,2,DeFiLlama,36892798595.0,63753397.0,63653422.53407374
2021-12-15 00:00:00+00:00,USDC,2,DeFiLlama,36981384204.0,88585609.0,88722660.9945822
2021-12-16 00:00:00+00:00,USDC,2,DeFiLlama,37077691678.0,96307474.0,96259540.85107747
2021-12-17 00:00:00+00:00,USDC,2,DeFiLlama,37073253309.0,-4438369.0,-4440255.778798036
2021-12-18 00:00:00+00:00,USDC,2,DeFiLlama,37220428320.0,147175011.0,147140046.21806818
2021-12-19 00:00:00+00:00,USDC,2,DeFiLlama,37296508590.0,76080270.0,76115900.55480562
2021-12-20 00:00:00+00:00,USDC,2,DeFiLlama,37299514650.0,3006060.0,3002327.247022263
2021-12-21 00:00:00+00:00,USDC,2,DeFiLlama,37530007227.0,230492577.0,231225577.70169365
2021-12-22 00:00:00+00:00,USDC,2,DeFiLlama,37751450629.0,221443402.0,221894170.24224162
2021-12-23 00:00:00+00:00,USDC,2,DeFiLlama,37645692212.0,-105758417.0,-105991627.161158
2021-12-24 00:00:00+00:00,USDC,2,DeFiLlama,37830603816.0,184911604.0,185596385.66151792
2021-12-25 00:00:00+00:00,USDC,2,DeFiLlama,37764246395.0,-66357421.0,-66497958.093172334
2021-12-26 00:00:00+00:00,USDC,2,DeFiLlama,37757745900.0,-6500495.0,-6500455.054346071
2021-12-27 00:00:00+00:00,USDC,2,DeFiLlama,37744670402.0,-13075498.0,-13076078.378774604
2021-12-28 00:00:00+00:00,USDC,2,DeFiLlama,37830272801.0,85602399.0,85601912.00890692
2021-12-29 00:00:00+00:00,USDC,2,DeFiLlama,37757431298.0,-72841503.0,-72838947.76963569
2021-12-30 00:00:00+00:00,USDC,2,DeFiLlama,37665480715.0,-91950583.0,-92433242.67565401
2021-12-31 00:00:00+00:00,USDC,2,DeFiLlama,37967254181.0,301773466.0,302750965.2003466
2022-01-01 00:00:00+00:00,USDC,2,DeFiLlama,38019686686.0,52432505.0,52455083.43361387
2022-01-02 00:00:00+00:00,USDC,2,DeFiLlama,42549565818.0,4529879132.0,4552375187.175294
2022-01-03 00:00:00+00:00,USDC,2,DeFiLlama,42641327349.0,91761531.0,91791628.35959074
2022-01-04 00:00:00+00:00,USDC,2,DeFiLlama,42687912491.0,46585142.0,46623778.16645804
2022-01-05 00:00:00+00:00,USDC,2,DeFiLlama,42785333024.0,97420533.0,97401807.56450754
2022-01-06 00:00:00+00:00,USDC,2,DeFiLlama,42961099326.0,175766302.0,176037853.14080665
2022-01-07 00:00:00+00:00,USDC,2,DeFiLlama,43225368240.0,264268914.0,264426876.4584302
2022-01-08 00:00:00+00:00,USDC,2,DeFiLlama,43225368240.0,0.0,0.0
2022-01-09 00:00:00+00:00,USDC,2,DeFiLlama,43582658995.0,357290755.0,357077432.7147099
2022-01-10 00:00:00+00:00,USDC,2,DeFiLlama,43635931592.0,53272597.0,53304206.13914978
2022-01-11 00:00:00+00:00,USDC,2,DeFiLlama,43987565688.0,351634096.0,351885649.8882304
2022-01-12 00:00:00+00:00,USDC,2,DeFiLlama,44166089917.0,178524229.0,178499067.9193097
2022-01-13 00:00:00+00:00,USDC,2,DeFiLlama,44774203526.0,608113609.0,608970275.0273259
2022-01-14 00:00:00+00:00,USDC,2,DeFiLlama,45035577584.0,261374058.0,261431948.16103455
2022-01-15 00:00:00+00:00,USDC,2,DeFiLlama,45137094666.0,101517082.0,101604146.3233212
2022-01-16 00:00:00+00:00,USDC,2,DeFiLlama,45237354153.0,100259487.0,100271642.15697542
2022-01-17 00:00:00+00:00,USDC,2,DeFiLlama,45430902660.0,193548507.0,193496325.34416917
2022-01-18 00:00:00+00:00,USDC,2,DeFiLlama,45637274267.0,206371607.0,206868174.93154666
2022-01-19 00:00:00+00:00,USDC,2,DeFiLlama,45764592269.0,127318002.0,127267211.4378456
2022-01-20 00:00:00+00:00,USDC,2,DeFiLlama,46058070986.0,293478717.0,293124433.84673977
2022-01-21 00:00:00+00:00,USDC,2,DeFiLlama,46428142404.0,370071418.0,370147783.3993722
2022-01-22 00:00:00+00:00,USDC,2,DeFiLlama,46428142404.0,0.0,0.0
2022-01-23 00:00:00+00:00,USDC,2,DeFiLlama,47960656738.0,1532514334.0,1538766594.037931
2022-01-24 00:00:00+00:00,USDC,2,DeFiLlama,47960656738.0,0.0,0.0
2022-01-25 00:00:00+00:00,USDC,2,DeFiLlama,48227447406.0,266790668.0,267053689.4658776
2022-01-26 00:00:00+00:00,USDC,2,DeFiLlama,48751308900.0,523861494.0,525304527.95945203
2022-01-27 00:00:00+00:00,USDC,2,DeFiLlama,49162186990.0,410878090.0,411221738.99708265
2022-01-28 00:00:00+00:00,USDC,2,DeFiLlama,49593244050.0,431057060.0,432175618.3701408
2022-01-29 00:00:00+00:00,USDC,2,DeFiLlama,49629722996.0,36478946.0,36491735.57588577
2022-01-30 00:00:00+00:00,USDC,2,DeFiLlama,49822470988.0,192747992.0,193349576.71637574
2022-01-31 00:00:00+00:00,USDC,2,DeFiLlama,49794511801.0,-27959187.0,-27979122.648847174
2022-02-01 00:00:00+00:00,USDC,2,DeFiLlama,49918615204.0,124103403.0,124239226.61594762
2022-02-02 00:00:00+00:00,USDC,2,DeFiLlama,50255165742.0,336550538.0,336769763.0427722
2022-02-03 00:00:00+00:00,USDC,2,DeFiLlama,50530744243.0,275578501.0,275823990.7845018
2022-02-04 00:00:00+00:00,USDC,2,DeFiLlama,50891956574.0,361212331.0,361869928.6244606
2022-02-05 00:00:00+00:00,USDC,2,DeFiLlama,51126955863.0,234999289.0,237566593.2397417
2022-02-06 00:00:00+00:00,USDC,2,DeFiLlama,51125781969.0,-1173894.0,-1172110.5517880043
2022-02-07 00:00:00+00:00,USDC,2,DeFiLlama,51171401396.0,45619427.0,45693056.22397349
2022-02-08 00:00:00+00:00,USDC,2,DeFiLlama,51376105826.0,204704430.0,204527252.81569937
2022-02-09 00:00:00+00:00,USDC,2,DeFiLlama,51617308590.0,241202764.0,241441945.33743548
2022-02-10 00:00:00+00:00,USDC,2,DeFiLlama,51900324270.0,283015680.0,283392764.3550982
2022-02-11 00:00:00+00:00,USDC,2,DeFiLlama,52054797409.0,154473139.0,154773965.75832087
2022-02-12 00:00:00+00:00,USDC,2,DeFiLlama,52250598202.0,195800793.0,195863360.72124478
2022-02-13 00:00:00+00:00,USDC,2,DeFiLlama,52335045828.0,84447626.0,84523553.68878908
2022-02-14 00:00:00+00:00,USDC,2,DeFiLlama,52473422561.0,138376733.0,138405440.28565148
2022-02-15 00:00:00+00:00,USDC,2,DeFiLlama,52507811955.0,34389394.0,34387777.54074782
2022-02-16 00:00:00+00:00,USDC,2,DeFiLlama,52544445045.0,36633090.0,36634454.71745307
2022-02-17 00:00:00+00:00,USDC,2,DeFiLlama,52583527243.0,39082198.0,39042900.908361524
2022-02-18 00:00:00+00:00,USDC,2,DeFiLlama,52570695424.0,-12831819.0,-12822892.29889527
2022-02-19 00:00:00+00:00,USDC,2,DeFiLlama,52556151807.0,-14543617.0,-14553848.61531751
2022-02-20 00:00:00+00:00,USDC,2,DeFiLlama,52684758315.0,128606508.0,128921845.07843554
2022-02-21 00:00:00+00:00,USDC,2,DeFiLlama,52682266469.0,-2491846.0,-2495894.479051022
2022-02-22 00:00:00+00:00,USDC,2,DeFiLlama,52707824144.0,25557675.0,25600151.334236942
2022-02-23 00:00:00+00:00,USDC,2,DeFiLlama,52829973428.0,122149284.0,122115305.66363204
2022-02-24 00:00:00+00:00,USDC,2,DeFiLlama,52870303586.0,40330158.0,40350188.66692006
2022-02-25 00:00:00+00:00,USDC,2,DeFiLlama,53249174589.0,378871003.0,379183353.1591474
2022-02-26 00:00:00+00:00,USDC,2,DeFiLlama,53155258428.0,-93916161.0,-94045076.6200588
2022-02-27 00:00:00+00:00,USDC,2,DeFiLlama,53354079813.0,198821385.0,199334297.22777262
2022-02-28 00:00:00+00:00,USDC,2,DeFiLlama,53569960348.0,215880535.0,216406334.95516965
2022-03-01 00:00:00+00:00,USDC,2,DeFiLlama,53458489275.0,-111471073.0,-111526872.90496622
2022-03-02 00:00:00+00:00,USDC,2,DeFiLlama,53535209641.0,76720366.0,76759793.4842624
2022-03-03 00:00:00+00:00,USDC,2,DeFiLlama,53460734124.0,-74475517.0,-74449850.56638134
2022-03-04 00:00:00+00:00,USDC,2,DeFiLlama,53414694791.0,-46039333.0,-46007442.34879398
2022-03-05 00:00:00+00:00,USDC,2,DeFiLlama,52845480301.0,-569214490.0,-569304569.0735141
2022-03-06 00:00:00+00:00,USDC,2,DeFiLlama,52941838088.0,96357787.0,96470586.0524297
2022-03-07 00:00:00+00:00,USDC,2,DeFiLlama,52806695838.0,-135142250.0,-135132700.83102804
2022-03-08 00:00:00+00:00,USDC,2,DeFiLlama,52183496667.0,-623199171.0,-622307183.5159981
2022-03-09 00:00:00+00:00,USDC,2,DeFiLlama,52392565506.0,209068839.0,209086590.11836973
2022-03-10 00:00:00+00:00,USDC,2,DeFiLlama,52382602556.0,-9962950.0,-9962692.2913737
2022-03-11 00:00:00+00:00,USDC,2,DeFiLlama,52536873749.0,154271193.0,154321035.71175206
2022-03-12 00:00:00+00:00,USDC,2,DeFiLlama,52458033805.0,-78839944.0,-78780880.4683504
2022-03-13 00:00:00+00:00,USDC,2,DeFiLlama,52421564168.0,-36469637.0,-36482227.37340652
2022-03-14 00:00:00+00:00,USDC,2,DeFiLlama,52430189478.0,8625310.0,8634747.221910892
2022-03-15 00:00:00+00:00,USDC,2,DeFiLlama,52442627223.0,12437745.0,12446702.914369168
2022-03-16 00:00:00+00:00,USDC,2,DeFiLlama,52304672903.0,-137954320.0,-137933691.6186296
2022-03-17 00:00:00+00:00,USDC,2,DeFiLlama,52316342175.0,11669272.0,11668417.429486949
2022-03-18 00:00:00+00:00,USDC,2,DeFiLlama,52799091236.0,482749061.0,483068516.81158274
2022-03-19 00:00:00+00:00,USDC,2,DeFiLlama,52830384958.0,31293722.0,31299384.816292193
2022-03-20 00:00:00+00:00,USDC,2,DeFiLlama,52865924687.0,35539729.0,35535825.0735929
2022-03-21 00:00:00+00:00,USDC,2,DeFiLlama,52986600673.0,120675986.0,120620323.97043076
2022-03-22 00:00:00+00:00,USDC,2,DeFiLlama,53033013665.0,46412992.0,46368387.71015303
2022-03-23 00:00:00+00:00,USDC,2,DeFiLlama,52648557138.0,-384456527.0,-384284504.56233776
2022-03-24 00:00:00+00:00,USDC,2,DeFiLlama,52312387349.0,-336169789.0,-335794848.10649884
2022-03-25 00:00:00+00:00,USDC,2,DeFiLlama,52500264885.0,187877536.0,187926699.1125585
2022-03-26 00:00:00+00:00,USDC,2,DeFiLlama,51872642831.0,-627622054.0,-627100732.0793066
2022-03-27 00:00:00+00:00,USDC,2,DeFiLlama,51968286155.0,95643324.0,95574079.06561686
2022-03-28 00:00:00+00:00,USDC,2,DeFiLlama,51983272483.0,14986328.0,14996220.712905305
2022-03-29 00:00:00+00:00,USDC,2,DeFiLlama,52033109393.0,49836910.0,49802399.53766641
2022-03-30 00:00:00+00:00,USDC,2,DeFiLlama,51996541151.0,-36568242.0,-36608133.892398804
2022-03-31 00:00:00+00:00,USDC,2,DeFiLlama,52132452506.0,135911355.0,136979668.2123916
2022-04-01 00:00:00+00:00,USDC,2,DeFiLlama,51709881549.0,-422570957.0,-425757087.24013364
2022-04-02 00:00:00+00:00,USDC,2,DeFiLlama,51950236855.0,240355306.0,241699158.65057802
2022-04-03 00:00:00+00:00,USDC,2,DeFiLlama,51852952209.0,-97284646.0,-97602585.60239355
2022-04-04 00:00:00+00:00,USDC,2,DeFiLlama,51625573576.0,-227378633.0,-227626816.1852741
2022-04-05 00:00:00+00:00,USDC,2,DeFiLlama,51611805895.0,-13767681.0,-13773211.311155476
2022-04-06 00:00:00+00:00,USDC,2,DeFiLlama,51298300549.0,-313505346.0,-312876338.5800708
2022-04-07 00:00:00+00:00,USDC,2,DeFiLlama,50746204263.0,-552096286.0,-552919991.8586841
2022-04-08 00:00:00+00:00,USDC,2,DeFiLlama,50918438013.0,172233750.0,171636363.6928541
2022-04-09 00:00:00+00:00,USDC,2,DeFiLlama,50844820961.0,-73617052.0,-73494653.73287128
2022-04-10 00:00:00+00:00,USDC,2,DeFiLlama,50831613834.0,-13207127.0,-13224342.6813683
2022-04-11 00:00:00+00:00,USDC,2,DeFiLlama,50938471710.0,106857876.0,106616022.73373336
2022-04-12 00:00:00+00:00,USDC,2,DeFiLlama,50626993742.0,-311477968.0,-310806408.6148192
2022-04-13 00:00:00+00:00,USDC,2,DeFiLlama,50557027126.0,-69966616.0,-69792363.1202183
2022-04-14 00:00:00+00:00,USDC,2,DeFiLlama,50352516151.0,-204510975.0,-204522806.455176
2022-04-15 00:00:00+00:00,USDC,2,DeFiLlama,50227458393.0,-125057758.0,-124986823.5301474
2022-04-16 00:00:00+00:00,USDC,2,DeFiLlama,50134682250.0,-92776143.0,-92772311.98072621
2022-04-17 00:00:00+00:00,USDC,2,DeFiLlama,50054012926.0,-80669324.0,-80494110.40889761
2022-04-18 00:00:00+00:00,USDC,2,DeFiLlama,50048713208.0,-5299718.0,-5298899.164680891
2022-04-19 00:00:00+00:00,USDC,2,DeFiLlama,49860188964.0,-188524244.0,-188367845.9953253
2022-04-20 00:00:00+00:00,USDC,2,DeFiLlama,50018475091.0,158286127.0,158192868.6858772
2022-04-21 00:00:00+00:00,USDC,2,DeFiLlama,49863548515.0,-154926576.0,-154740968.44427696
2022-04-22 00:00:00+00:00,USDC,2,DeFiLlama,49861799100.0,-1749415.0,-1748265.5799280417
2022-04-23 00:00:00+00:00,USDC,2,DeFiLlama,49885461217.0,23662117.0,23649410.944856144
2022-04-24 00:00:00+00:00,USDC,2,DeFiLlama,49903732595.0,18271378.0,18290601.427342676
2022-04-25 00:00:00+00:00,USDC,2,DeFiLlama,49912345763.0,8613168.0,8606310.505514352
2022-04-26 00:00:00+00:00,USDC,2,DeFiLlama,49854024064.0,-58321699.0,-58291052.62198525
2022-04-27 00:00:00+00:00,USDC,2,DeFiLlama,49362464745.0,-491559319.0,-490543619.6575118
2022-04-28 00:00:00+00:00,USDC,2,DeFiLlama,49391470739.0,29005994.0,28936062.588604137
2022-04-29 00:00:00+00:00,USDC,2,DeFiLlama,49383094281.0,-8376458.0,-8364153.23093069
2022-04-30 00:00:00+00:00,USDC,2,DeFiLlama,49286152379.0,-96941902.0,-96688178.7875815
2022-05-01 00:00:00+00:00,USDC,2,DeFiLlama,49179894108.0,-106258271.0,-106041542.59883052
2022-05-02 00:00:00+00:00,USDC,2,DeFiLlama,49285265563.0,105371455.0,105186367.93970281
2022-05-03 00:00:00+00:00,USDC,2,DeFiLlama,49141005064.0,-144260499.0,-144023309.5880005
2022-05-04 00:00:00+00:00,USDC,2,DeFiLlama,49029382275.0,-111622789.0,-111447741.48043057
2022-05-05 00:00:00+00:00,USDC,2,DeFiLlama,48776655221.0,-252727054.0,-252713829.0490537
2022-05-06 00:00:00+00:00,USDC,2,DeFiLlama,48837550840.0,60895619.0,60851176.39420038
2022-05-07 00:00:00+00:00,USDC,2,DeFiLlama,48447145524.0,-390405316.0,-389249517.25297946
2022-05-08 00:00:00+00:00,USDC,2,DeFiLlama,48504620166.0,57474642.0,57316834.06100874
2022-05-09 00:00:00+00:00,USDC,2,DeFiLlama,48540724745.0,36104579.0,36075800.92125438
2022-05-10 00:00:00+00:00,USDC,2,DeFiLlama,48451920962.0,-88803783.0,-88732999.67133157
2022-05-11 00:00:00+00:00,USDC,2,DeFiLlama,48451920962.0,0.0,0.0
2022-05-12 00:00:00+00:00,USDC,2,DeFiLlama,49696713386.0,1244792424.0,1244792424.0
2022-05-13 00:00:00+00:00,USDC,2,DeFiLlama,49696713386.0,0.0,0.0
2022-05-14 00:00:00+00:00,USDC,2,DeFiLlama,50782055666.0,1085342280.0,1085342280.0
2022-05-15 00:00:00+00:00,USDC,2,DeFiLlama,51097427964.0,315372298.0,315435372.45594126
2022-05-16 00:00:00+00:00,USDC,2,DeFiLlama,51138746905.0,41318941.0,41330368.58013328
2022-05-17 00:00:00+00:00,USDC,2,DeFiLlama,52047290599.0,908543694.0,908794969.9266398
2022-05-18 00:00:00+00:00,USDC,2,DeFiLlama,52248992124.0,201701525.0,201741623.26458195
2022-05-19 00:00:00+00:00,USDC,2,DeFiLlama,52353529729.0,104537605.0,104584221.4531752
2022-05-20 00:00:00+00:00,USDC,2,DeFiLlama,52708142020.0,354612291.0,354790022.6749986
2022-05-21 00:00:00+00:00,USDC,2,DeFiLlama,52937861004.0,229718984.0,229834119.15506196
2022-05-22 00:00:00+00:00,USDC,2,DeFiLlama,53047105856.0,109244852.0,109255102.44458163
2022-05-23 00:00:00+00:00,USDC,2,DeFiLlama,53078695401.0,31589545.0,31603348.051714253
2022-05-24 00:00:00+00:00,USDC,2,DeFiLlama,53310325241.0,231629840.0,231665133.43760428
2022-05-25 00:00:00+00:00,USDC,2,DeFiLlama,53398883662.0,88558421.0,88571914.64676766
2022-05-26 00:00:00+00:00,USDC,2,DeFiLlama,53421325501.0,22441839.0,22444682.830103792
2022-05-27 00:00:00+00:00,USDC,2,DeFiLlama,53196594240.0,-224731261.0,-224748154.04893574
2022-05-28 00:00:00+00:00,USDC,2,DeFiLlama,53557691075.0,361096835.0,361208782.238177
2022-05-29 00:00:00+00:00,USDC,2,DeFiLlama,53690918718.0,133227643.0,133245250.36575107
2022-05-30 00:00:00+00:00,USDC,2,DeFiLlama,53696778619.0,5859901.0,5862241.444527014
2022-05-31 00:00:00+00:00,USDC,2,DeFiLlama,53740917066.0,44138447.0,44154123.21157146
2022-06-01 00:00:00+00:00,USDC,2,DeFiLlama,53965998316.0,225081250.0,225161189.8569089
2022-06-02 00:00:00+00:00,USDC,2,DeFiLlama,54799193013.0,833194697.0,833393688.8854204
2022-06-03 00:00:00+00:00,USDC,2,DeFiLlama,54119107068.0,-680085945.0,-680549545.9881674
2022-06-04 00:00:00+00:00,USDC,2,DeFiLlama,54095128062.0,-23979006.0,-23986182.91657162
2022-06-05 00:00:00+00:00,USDC,2,DeFiLlama,54065388963.0,-29739099.0,-29745539.298930798
2022-06-06 00:00:00+00:00,USDC,2,DeFiLlama,54055865360.0,-9523603.0,-9527406.726928126
2022-06-07 00:00:00+00:00,USDC,2,DeFiLlama,53743345407.0,-312519953.0,-312622397.0427774
2022-06-08 00:00:00+00:00,USDC,2,DeFiLlama,53810188940.0,66843533.0,66865444.31019872
2022-06-09 00:00:00+00:00,USDC,2,DeFiLlama,53769837651.0,-40351289.0,-40375434.00098262
2022-06-10 00:00:00+00:00,USDC,2,DeFiLlama,53791821802.0,21984151.0,22005169.16734293
2022-06-11 00:00:00+00:00,USDC,2,DeFiLlama,53144746090.0,-647075712.0,-647399249.8554521
2022-06-12 00:00:00+00:00,USDC,2,DeFiLlama,53076161679.0,-68584411.0,-68613488.04752664
2022-06-13 00:00:00+00:00,USDC,2,DeFiLlama,53224899530.0,148737851.0,148844418.69544187
2022-06-14 00:00:00+00:00,USDC,2,DeFiLlama,53337651191.0,112751661.0,112791349.58420855
2022-06-15 00:00:00+00:00,USDC,2,DeFiLlama,53319593202.0,-18057989.0,-18064993.151985057
2022-06-16 00:00:00+00:00,USDC,2,DeFiLlama,53483595950.0,164002748.0,164086717.4065884
2022-06-17 00:00:00+00:00,USDC,2,DeFiLlama,53835748399.0,352152449.0,352502312.4578564
2022-06-18 00:00:00+00:00,USDC,2,DeFiLlama,54370927685.0,535179286.0,535404125.52026594
2022-06-19 00:00:00+00:00,USDC,2,DeFiLlama,54650530329.0,279602644.0,279675094.64008653
2022-06-20 00:00:00+00:00,USDC,2,DeFiLlama,55158414165.0,507883836.0,508187144.2274178
2022-06-21 00:00:00+00:00,USDC,2,DeFiLlama,54947604808.0,-210809357.0,-210821807.40238938
2022-06-22 00:00:00+00:00,USDC,2,DeFiLlama,55086476489.0,138871681.0,138892253.45176348
2022-06-23 00:00:00+00:00,USDC,2,DeFiLlama,55080391647.0,-6084842.0,-6089490.697634192
2022-06-24 00:00:00+00:00,USDC,2,DeFiLlama,54862379135.0,-218012512.0,-218014910.14092833
2022-06-25 00:00:00+00:00,USDC,2,DeFiLlama,54941607039.0,79227904.0,79227328.80551372
2022-06-26 00:00:00+00:00,USDC,2,DeFiLlama,55100604206.0,158997167.0,159044754.8525481
2022-06-27 00:00:00+00:00,USDC,2,DeFiLlama,55149302508.0,48698302.0,48707990.527417816
2022-06-28 00:00:00+00:00,USDC,2,DeFiLlama,54698932012.0,-450370496.0,-450480647.6093948
2022-06-29 00:00:00+00:00,USDC,2,DeFiLlama,54815361633.0,116429621.0,116472424.02072468
2022-06-30 00:00:00+00:00,USDC,2,DeFiLlama,54856604116.0,41242483.0,41248464.39708774
2022-07-01 00:00:00+00:00,USDC,2,DeFiLlama,54936211357.0,79607241.0,79684780.8410265
2022-07-02 00:00:00+00:00,USDC,2,DeFiLlama,54925910583.0,-10300774.0,-10308018.019199694
2022-07-03 00:00:00+00:00,USDC,2,DeFiLlama,54982243801.0,56333218.0,56358927.91710858
2022-07-04 00:00:00+00:00,USDC,2,DeFiLlama,54991190827.0,8947026.0,8948710.993411714
2022-07-05 00:00:00+00:00,USDC,2,DeFiLlama,55134883530.0,143692703.0,143692703.0
2022-07-06 00:00:00+00:00,USDC,2,DeFiLlama,55066135793.0,-68747737.0,-68784292.92161423
2022-07-07 00:00:00+00:00,USDC,2,DeFiLlama,54812392858.0,-253742935.0,-253927061.0198653
2022-07-08 00:00:00+00:00,USDC,2,DeFiLlama,54642413499.0,-169979359.0,-170027299.98057976
2022-07-09 00:00:00+00:00,USDC,2,DeFiLlama,54695202302.0,52788803.0,52797563.302029625
2022-07-10 00:00:00+00:00,USDC,2,DeFiLlama,54624871878.0,-70330424.0,-70330424.0
2022-07-11 00:00:00+00:00,USDC,2,DeFiLlama,54671697554.0,46825676.0,46844378.17499177
2022-07-12 00:00:00+00:00,USDC,2,DeFiLlama,54699936846.0,28239292.0,28250570.77282403
2022-07-13 00:00:00+00:00,USDC,2,DeFiLlama,54587310998.0,-112625848.0,-112699212.47659472
2022-07-14 00:00:00+00:00,USDC,2,DeFiLlama,54585468373.0,-1842625.0,-1842440.7743568185
2022-07-15 00:00:00+00:00,USDC,2,DeFiLlama,54533826814.0,-51641559.0,-51642632.62871287
2022-07-16 00:00:00+00:00,USDC,2,DeFiLlama,54081737317.0,-452089497.0,-452098895.93797755
2022-07-17 00:00:00+00:00,USDC,2,DeFiLlama,54071732162.0,-10005155.0,-10005433.243199307
2022-07-18 00:00:00+00:00,USDC,2,DeFiLlama,54046926330.0,-24805832.0,-24802073.668305676
2022-07-19 00:00:00+00:00,USDC,2,DeFiLlama,54068077264.0,21150934.0,21146125.75817551
2022-07-20 00:00:00+00:00,USDC,2,DeFiLlama,53978364507.0,-89712757.0,-89703785.72338706
2022-07-21 00:00:00+00:00,USDC,2,DeFiLlama,54159942837.0,181578330.0,181622833.03159246
2022-07-22 00:00:00+00:00,USDC,2,DeFiLlama,54232540582.0,72597745.0,72615620.01658368
2022-07-23 00:00:00+00:00,USDC,2,DeFiLlama,54261692360.0,29151778.0,29154516.226097424
2022-07-24 00:00:00+00:00,USDC,2,DeFiLlama,54379972263.0,118279903.0,118290076.25355582
2022-07-25 00:00:00+00:00,USDC,2,DeFiLlama,54369542954.0,-10429309.0,-10430261.92593653
2022-07-26 00:00:00+00:00,USDC,2,DeFiLlama,54306232832.0,-63310122.0,-63310122.0
2022-07-27 00:00:00+00:00,USDC,2,DeFiLlama,54361164090.0,54931258.0,54951680.343518205
2022-07-28 00:00:00+00:00,USDC,2,DeFiLlama,54343399948.0,-17764142.0,-17764492.486429814
2022-07-29 00:00:00+00:00,USDC,2,DeFiLlama,53893876390.0,-449523558.0,-449545180.07935
2022-07-30 00:00:00+00:00,USDC,2,DeFiLlama,53849225541.0,-44650849.0,-44651133.87236773
2022-07-31 00:00:00+00:00,USDC,2,DeFiLlama,53683064877.0,-166160664.0,-166160664.0
2022-08-01 00:00:00+00:00,USDC,2,DeFiLlama,53726203735.0,43138858.0,43139760.46476311
2022-08-02 00:00:00+00:00,USDC,2,DeFiLlama,53796587736.0,70384001.0,70376293.24716471
2022-08-03 00:00:00+00:00,USDC,2,DeFiLlama,53630543704.0,-166044032.0,-166058502.73465246
2022-08-04 00:00:00+00:00,USDC,2,DeFiLlama,53657548306.0,27004602.0,27021075.347001206
2022-08-05 00:00:00+00:00,USDC,2,DeFiLlama,53478347607.0,-179200699.0,-179205967.5024953
2022-08-06 00:00:00+00:00,USDC,2,DeFiLlama,53619870825.0,141523218.0,141525442.74401206
2022-08-07 00:00:00+00:00,USDC,2,DeFiLlama,53601863935.0,-18006890.0,-18007173.068209667
2022-08-08 00:00:00+00:00,USDC,2,DeFiLlama,53588099521.0,-13764414.0,-13765017.707443338
2022-08-09 00:00:00+00:00,USDC,2,DeFiLlama,53430802757.0,-157296764.0,-157287538.54355994
2022-08-10 00:00:00+00:00,USDC,2,DeFiLlama,53341661953.0,-89140804.0,-89136346.95829205
2022-08-11 00:00:00+00:00,USDC,2,DeFiLlama,53200912924.0,-140749029.0,-140734954.09522796
2022-08-12 00:00:00+00:00,USDC,2,DeFiLlama,53063299734.0,-137613190.0,-137609007.9343232
2022-08-13 00:00:00+00:00,USDC,2,DeFiLlama,53089031126.0,25731392.0,25731396.37427107
2022-08-14 00:00:00+00:00,USDC,2,DeFiLlama,53081467993.0,-7563133.0,-7563133.0
2022-08-15 00:00:00+00:00,USDC,2,DeFiLlama,52867217540.0,-214250453.0,-214219144.58332586
2022-08-16 00:00:00+00:00,USDC,2,DeFiLlama,52799309753.0,-67907787.0,-67900605.0724462
2022-08-17 00:00:00+00:00,USDC,2,DeFiLlama,52749290195.0,-50019558.0,-50028528.007136375
2022-08-18 00:00:00+00:00,USDC,2,DeFiLlama,52493601327.0,-255688868.0,-255707287.82585788
2022-08-19 00:00:00+00:00,USDC,2,DeFiLlama,52104509021.0,-389092306.0,-389092306.0
2022-08-20 00:00:00+00:00,USDC,2,DeFiLlama,51727137558.0,-377371463.0,-377380474.630209
2022-08-21 00:00:00+00:00,USDC,2,DeFiLlama,51690403339.0,-36734219.0,-36734422.50769088
2022-08-22 00:00:00+00:00,USDC,2,DeFiLlama,51824006610.0,133603271.0,133590959.45911644
2022-08-23 00:00:00+00:00,USDC,2,DeFiLlama,51518618601.0,-305388009.0,-305405581.0241748
2022-08-24 00:00:00+00:00,USDC,2,DeFiLlama,51620113409.0,101494808.0,101494808.0
2022-08-25 00:00:00+00:00,USDC,2,DeFiLlama,51512901835.0,-107211574.0,-107225479.34246317
2022-08-26 00:00:00+00:00,USDC,2,DeFiLlama,51378982418.0,-133919417.0,-133917211.34678607
2022-08-27 00:00:00+00:00,USDC,2,DeFiLlama,51487872608.0,108890190.0,108885698.27912338
2022-08-28 00:00:00+00:00,USDC,2,DeFiLlama,51534370411.0,46497803.0,46502080.33313788
2022-08-29 00:00:00+00:00,USDC,2,DeFiLlama,51486631605.0,-47738806.0,-47739959.84704682
2022-08-30 00:00:00+00:00,USDC,2,DeFiLlama,51570546415.0,83914810.0,83914135.32524194
2022-08-31 00:00:00+00:00,USDC,2,DeFiLlama,51678549587.0,108003172.0,108008332.3913507
2022-09-01 00:00:00+00:00,USDC,2,DeFiLlama,51590370547.0,-88179040.0,-88179342.45415682
2022-09-02 00:00:00+00:00,USDC,2,DeFiLlama,51348197790.0,-242172757.0,-242172757.0
2022-09-03 00:00:00+00:00,USDC,2,DeFiLlama,51153820875.0,-194376915.0,-194376915.0
2022-09-04 00:00:00+00:00,USDC,2,DeFiLlama,51174630439.0,20809564.0,20809564.0
2022-09-05 00:00:00+00:00,USDC,2,DeFiLlama,51203610304.0,28979865.0,28990509.304377902
2022-09-06 00:00:00+00:00,USDC,2,DeFiLlama,51181892745.0,-21717559.0,-21715648.289126806
2022-09-07 00:00:00+00:00,USDC,2,DeFiLlama,50907240900.0,-274651845.0,-274644421.15912724
2022-09-08 00:00:00+00:00,USDC,2,DeFiLlama,51042989039.0,135748139.0,135747731.75549555
2022-09-09 00:00:00+00:00,USDC,2,DeFiLlama,50997992027.0,-44997012.0,-44997012.0
2022-09-10 00:00:00+00:00,USDC,2,DeFiLlama,51050879465.0,52887438.0,52890039.533322945
2022-09-11 00:00:00+00:00,USDC,2,DeFiLlama,51019974301.0,-30905164.0,-30904574.638467953
2022-09-12 00:00:00+00:00,USDC,2,DeFiLlama,50936944872.0,-83029429.0,-83030020.99914916
2022-09-13 00:00:00+00:00,USDC,2,DeFiLlama,50809493417.0,-127451455.0,-127439729.46712923
2022-09-14 00:00:00+00:00,USDC,2,DeFiLlama,50681108642.0,-128384775.0,-128378764.02358468
2022-09-15 00:00:00+00:00,USDC,2,DeFiLlama,50084380811.0,-596727831.0,-596727831.0
2022-09-16 00:00:00+00:00,USDC,2,DeFiLlama,49669098319.0,-415282492.0,-415288451.3074317
2022-09-17 00:00:00+00:00,USDC,2,DeFiLlama,49526524592.0,-142573727.0,-142579012.20729235
2022-09-18 00:00:00+00:00,USDC,2,DeFiLlama,49515350023.0,-11174569.0,-11175531.241958195
2022-09-19 00:00:00+00:00,USDC,2,DeFiLlama,49499176315.0,-16173708.0,-16174307.559530044
2022-09-20 00:00:00+00:00,USDC,2,DeFiLlama,49340934604.0,-158241711.0,-158240038.3872916
2022-09-21 00:00:00+00:00,USDC,2,DeFiLlama,49506165304.0,165230700.0,165222309.58530143
2022-09-22 00:00:00+00:00,USDC,2,DeFiLlama,49308982073.0,-197183231.0,-197201949.6014468
2022-09-23 00:00:00+00:00,USDC,2,DeFiLlama,49231187798.0,-77794275.0,-77800116.57228081
2022-09-24 00:00:00+00:00,USDC,2,DeFiLlama,49073761635.0,-157426163.0,-157431493.448054
2022-09-25 00:00:00+00:00,USDC,2,DeFiLlama,49050254408.0,-23507227.0,-23506380.269282702
2022-09-26 00:00:00+00:00,USDC,2,DeFiLlama,48807362387.0,-242892021.0,-242888477.20251343
2022-09-27 00:00:00+00:00,USDC,2,DeFiLlama,48625214021.0,-182148366.0,-182195657.17907986
2022-09-28 00:00:00+00:00,USDC,2,DeFiLlama,48518903644.0,-106310377.0,-106314579.45082195
2022-09-29 00:00:00+00:00,USDC,2,DeFiLlama,48205971524.0,-312932120.0,-312960349.60205835
2022-09-30 00:00:00+00:00,USDC,2,DeFiLlama,47899407163.0,-306564361.0,-306591979.37949795
2022-10-01 00:00:00+00:00,USDC,2,DeFiLlama,46619611047.0,-1279796116.0,-1279788501.2044826
2022-10-02 00:00:00+00:00,USDC,2,DeFiLlama,46613738497.0,-5872550.0,-5872550.0
2022-10-03 00:00:00+00:00,USDC,2,DeFiLlama,46678435900.0,64697403.0,64700006.42452152
2022-10-04 00:00:00+00:00,USDC,2,DeFiLlama,46509624316.0,-168811584.0,-168815252.27522528
2022-10-05 00:00:00+00:00,USDC,2,DeFiLlama,46006787853.0,-502836463.0,-502794471.1253748
2022-10-06 00:00:00+00:00,USDC,2,DeFiLlama,45736691972.0,-270095881.0,-270087518.83142656
2022-10-07 00:00:00+00:00,USDC,2,DeFiLlama,45539319447.0,-197372525.0,-197372525.0
2022-10-08 00:00:00+00:00,USDC,2,DeFiLlama,45431686757.0,-107632690.0,-107621926.7302317
2022-10-09 00:00:00+00:00,USDC,2,DeFiLlama,45389156713.0,-42530044.0,-42531995.27794085
2022-10-10 00:00:00+00:00,USDC,2,DeFiLlama,45387752873.0,-1403840.0,-1403869.2279483418
2022-10-11 00:00:00+00:00,USDC,2,DeFiLlama,45316481882.0,-71270991.0,-71273489.76117285
2022-10-12 00:00:00+00:00,USDC,2,DeFiLlama,45255103527.0,-61378355.0,-61375641.4630976
2022-10-13 00:00:00+00:00,USDC,2,DeFiLlama,45090996045.0,-164107482.0,-164107482.0
2022-10-14 00:00:00+00:00,USDC,2,DeFiLlama,44710075515.0,-380920530.0,-380920530.0
2022-10-15 00:00:00+00:00,USDC,2,DeFiLlama,44349247940.0,-360827575.0,-360801779.44264513
2022-10-16 00:00:00+00:00,USDC,2,DeFiLlama,44337665611.0,-11582329.0,-11582028.091236928
2022-10-17 00:00:00+00:00,USDC,2,DeFiLlama,44334672292.0,-2993319.0,-2993307.6254387554
2022-10-18 00:00:00+00:00,USDC,2,DeFiLlama,44108792498.0,-225879794.0,-225888531.02995145
2022-10-19 00:00:00+00:00,USDC,2,DeFiLlama,43885450342.0,-223342156.0,-223340375.9632163
2022-10-20 00:00:00+00:00,USDC,2,DeFiLlama,43683773734.0,-201676608.0,-201685526.13741505
2022-10-21 00:00:00+00:00,USDC,2,DeFiLlama,43252431223.0,-431342511.0,-431344322.63644063
2022-10-22 00:00:00+00:00,USDC,2,DeFiLlama,43191998530.0,-60432693.0,-60442944.19811845
2022-10-23 00:00:00+00:00,USDC,2,DeFiLlama,43255109248.0,63110718.0,63110718.0
2022-10-24 00:00:00+00:00,USDC,2,DeFiLlama,43265485869.0,10376621.0,10375646.635077788
2022-10-25 00:00:00+00:00,USDC,2,DeFiLlama,43123867342.0,-141618527.0,-141619593.38842425
2022-10-26 00:00:00+00:00,USDC,2,DeFiLlama,43137558850.0,13691508.0,13691711.18217762
2022-10-27 00:00:00+00:00,USDC,2,DeFiLlama,43178435516.0,40876666.0,40876666.0
2022-10-28 00:00:00+00:00,USDC,2,DeFiLlama,43194850028.0,16414512.0,16413125.137835087
2022-10-29 00:00:00+00:00,USDC,2,DeFiLlama,43077339412.0,-117510616.0,-117504313.90488009
2022-10-30 00:00:00+00:00,USDC,2,DeFiLlama,43028537876.0,-48801536.0,-48799641.03649972
2022-10-31 00:00:00+00:00,USDC,2,DeFiLlama,43017550469.0,-10987407.0,-10987058.809116704
2022-11-01 00:00:00+00:00,USDC,2,DeFiLlama,42748681429.0,-268869040.0,-268869040.0
2022-11-02 00:00:00+00:00,USDC,2,DeFiLlama,42330104077.0,-418577352.0,-418554698.59601027
2022-11-03 00:00:00+00:00,USDC,2,DeFiLlama,41843624998.0,-486479079.0,-486490321.5294962
2022-11-04 00:00:00+00:00,USDC,2,DeFiLlama,41395137770.0,-448487228.0,-448488196.72702146
2022-11-05 00:00:00+00:00,USDC,2,DeFiLlama,41416693167.0,21555397.0,21555412.735342998
2022-11-06 00:00:00+00:00,USDC,2,DeFiLlama,41336999807.0,-79693360.0,-79701139.66595519
2022-11-07 00:00:00+00:00,USDC,2,DeFiLlama,41698583675.0,361583868.0,361579048.0880835
2022-11-08 00:00:00+00:00,USDC,2,DeFiLlama,42489263465.0,790679790.0,790743684.8267473
2022-11-09 00:00:00+00:00,USDC,2,DeFiLlama,42129207127.0,-360056338.0,-360087342.4510455
2022-11-10 00:00:00+00:00,USDC,2,DeFiLlama,42218821815.0,89614688.0,89722634.26856565
2022-11-11 00:00:00+00:00,USDC,2,DeFiLlama,42834596770.0,615774955.0,615671837.3199276
2022-11-12 00:00:00+00:00,USDC,2,DeFiLlama,43340036858.0,505440088.0,505960569.9925422
2022-11-13 00:00:00+00:00,USDC,2,DeFiLlama,43482420930.0,142384072.0,142427231.4617636
2022-11-14 00:00:00+00:00,USDC,2,DeFiLlama,43446544668.0,-35876262.0,-35891124.81738779
2022-11-15 00:00:00+00:00,USDC,2,DeFiLlama,43488762547.0,42217879.0,42230016.63998702
2022-11-16 00:00:00+00:00,USDC,2,DeFiLlama,43800330700.0,311568153.0,311659134.01943254
2022-11-17 00:00:00+00:00,USDC,2,DeFiLlama,43758235994.0,-42094706.0,-42098177.97105768
2022-11-18 00:00:00+00:00,USDC,2,DeFiLlama,43507651864.0,-250584130.0,-250583869.39226255
2022-11-19 00:00:00+00:00,USDC,2,DeFiLlama,43791914996.0,284263132.0,284263132.0
2022-11-20 00:00:00+00:00,USDC,2,DeFiLlama,43843771600.0,51856604.0,51861106.19124598
2022-11-21 00:00:00+00:00,USDC,2,DeFiLlama,43914502290.0,70730690.0,70743427.88880661
2022-11-22 00:00:00+00:00,USDC,2,DeFiLlama,43519430981.0,-395071309.0,-395177883.4299482
2022-11-23 00:00:00+00:00,USDC,2,DeFiLlama,43534633893.0,15202912.0,15202306.62008663
2022-11-24 00:00:00+00:00,USDC,2,DeFiLlama,43236266582.0,-298367311.0,-298329173.6875098
2022-11-25 00:00:00+00:00,USDC,2,DeFiLlama,43430142436.0,193875854.0,193879589.98839965
2022-11-26 00:00:00+00:00,USDC,2,DeFiLlama,43384627129.0,-45515307.0,-45523006.369830295
2022-11-27 00:00:00+00:00,USDC,2,DeFiLlama,43567987310.0,183360181.0,183346581.17797944
2022-11-28 00:00:00+00:00,USDC,2,DeFiLlama,43708198071.0,140210761.0,140232204.83438727
2022-11-29 00:00:00+00:00,USDC,2,DeFiLlama,43181658625.0,-526539446.0,-526585160.1595569
2022-11-30 00:00:00+00:00,USDC,2,DeFiLlama,42807756360.0,-373902265.0,-373940014.1719572
2022-12-01 00:00:00+00:00,USDC,2,DeFiLlama,42739041583.0,-68714777.0,-68715390.62353526
2022-12-02 00:00:00+00:00,USDC,2,DeFiLlama,42592471004.0,-146570579.0,-146568094.63000572
2022-12-03 00:00:00+00:00,USDC,2,DeFiLlama,42733811728.0,141340724.0,141340724.0
2022-12-04 00:00:00+00:00,USDC,2,DeFiLlama,42845723436.0,111911708.0,111920175.2413026
2022-12-05 00:00:00+00:00,USDC,2,DeFiLlama,42974788845.0,129065409.0,129065509.67001201
2022-12-06 00:00:00+00:00,USDC,2,DeFiLlama,42683118139.0,-291670706.0,-291670706.0
2022-12-07 00:00:00+00:00,USDC,2,DeFiLlama,42543671065.0,-139447074.0,-139442772.05859426
2022-12-08 00:00:00+00:00,USDC,2,DeFiLlama,42331667033.0,-212004032.0,-212000218.05091956
2022-12-09 00:00:00+00:00,USDC,2,DeFiLlama,42292932213.0,-38734820.0,-38735837.176006936
2022-12-10 00:00:00+00:00,USDC,2,DeFiLlama,42247074934.0,-45857279.0,-45853857.12954965
2022-12-11 00:00:00+00:00,USDC,2,DeFiLlama,42290118369.0,43043435.0,43043842.621918805
2022-12-12 00:00:00+00:00,USDC,2,DeFiLlama,42301377524.0,11259155.0,11259786.300757565
2022-12-13 00:00:00+00:00,USDC,2,DeFiLlama,42074216724.0,-227160800.0,-227161508.73869315
2022-12-14 00:00:00+00:00,USDC,2,DeFiLlama,44626616042.0,2552399318.0,2552399318.0
2022-12-15 00:00:00+00:00,USDC,2,DeFiLlama,44688619058.0,62003016.0,62005024.277173094
2022-12-16 00:00:00+00:00,USDC,2,DeFiLlama,44577243325.0,-111375733.0,-111379821.60415168
2022-12-17 00:00:00+00:00,USDC,2,DeFiLlama,44346361183.0,-230882142.0,-230870258.49724507
2022-12-18 00:00:00+00:00,USDC,2,DeFiLlama,44391601210.0,45240027.0,45244788.060328014
2022-12-19 00:00:00+00:00,USDC,2,DeFiLlama,44423748797.0,32147587.0,32148746.241711058
2022-12-20 00:00:00+00:00,USDC,2,DeFiLlama,44053252635.0,-370496162.0,-370475006.66684085
2022-12-21 00:00:00+00:00,USDC,2,DeFiLlama,43990112230.0,-63140405.0,-63140040.67978789
2022-12-22 00:00:00+00:00,USDC,2,DeFiLlama,43804615636.0,-185496594.0,-185497482.5282241
2022-12-23 00:00:00+00:00,USDC,2,DeFiLlama,43739095673.0,-65519963.0,-65522125.81465547
2022-12-24 00:00:00+00:00,USDC,2,DeFiLlama,43687642813.0,-51452860.0,-51464028.35808723
2022-12-25 00:00:00+00:00,USDC,2,DeFiLlama,43824498695.0,136855882.0,136864971.9670475
2022-12-26 00:00:00+00:00,USDC,2,DeFiLlama,43932373714.0,107875019.0,107916335.13195175
2022-12-27 00:00:00+00:00,USDC,2,DeFiLlama,44029716309.0,97342595.0,97352865.61638539
2022-12-28 00:00:00+00:00,USDC,2,DeFiLlama,43733866515.0,-295849794.0,-295856566.00716585
2022-12-29 00:00:00+00:00,USDC,2,DeFiLlama,43974243040.0,240376525.0,240360600.05303988
2022-12-30 00:00:00+00:00,USDC,2,DeFiLlama,44028750640.0,54507600.0,54504298.47519572
2022-12-31 00:00:00+00:00,USDC,2,DeFiLlama,44099863896.0,71113256.0,71116254.84558547
2023-01-01 00:00:00+00:00,USDC,2,DeFiLlama,44128050714.0,28186818.0,28193596.366225332
2023-01-02 00:00:00+00:00,USDC,2,DeFiLlama,44187371838.0,59321124.0,59345835.99469475
2023-01-03 00:00:00+00:00,USDC,2,DeFiLlama,44292114800.0,104742962.0,104751867.24757448
2023-01-04 00:00:00+00:00,USDC,2,DeFiLlama,43755897726.0,-536217074.0,-536217074.0
2023-01-05 00:00:00+00:00,USDC,2,DeFiLlama,43707557292.0,-48340434.0,-48344912.74211358
2023-01-06 00:00:00+00:00,USDC,2,DeFiLlama,43299974347.0,-407582945.0,-407559158.4640635
2023-01-07 00:00:00+00:00,USDC,2,DeFiLlama,43268699457.0,-31274890.0,-31278838.454640996
2023-01-08 00:00:00+00:00,USDC,2,DeFiLlama,43387399345.0,118699888.0,118716505.98457086
2023-01-09 00:00:00+00:00,USDC,2,DeFiLlama,43528571993.0,141172648.0,141172648.0
2023-01-10 00:00:00+00:00,USDC,2,DeFiLlama,43178991852.0,-349580141.0,-349571411.9873326
2023-01-11 00:00:00+00:00,USDC,2,DeFiLlama,43248929190.0,69937338.0,69937338.0
2023-01-12 00:00:00+00:00,USDC,2,DeFiLlama,43376173705.0,127244515.0,127244515.0
2023-01-13 00:00:00+00:00,USDC,2,DeFiLlama,43497346143.0,121172438.0,121172438.0
2023-01-14 00:00:00+00:00,USDC,2,DeFiLlama,43019641206.0,-477704937.0,-477690605.8434083
2023-01-15 00:00:00+00:00,USDC,2,DeFiLlama,43256713977.0,237072771.0,237068029.54063144
2023-01-16 00:00:00+00:00,USDC,2,DeFiLlama,43471957434.0,215243457.0,215243457.0
2023-01-17 00:00:00+00:00,USDC,2,DeFiLlama,43411669158.0,-60288276.0,-60286467.35182379
2023-01-18 00:00:00+00:00,USDC,2,DeFiLlama,43137150755.0,-274518403.0,-274526685.2212477
2023-01-19 00:00:00+00:00,USDC,2,DeFiLlama,42668616303.0,-468534452.0,-468511025.28635097
2023-01-20 00:00:00+00:00,USDC,2,DeFiLlama,42558209004.0,-110407299.0,-110408235.25490119
2023-01-21 00:00:00+00:00,USDC,2,DeFiLlama,42749802510.0,191593506.0,191684512.9144884
2023-01-22 00:00:00+00:00,USDC,2,DeFiLlama,42928688531.0,178886021.0,178886021.0
2023-01-23 00:00:00+00:00,USDC,2,DeFiLlama,43067678014.0,138989483.0,138994100.22977448
2023-01-24 00:00:00+00:00,USDC,2,DeFiLlama,43061027705.0,-6650309.0,-6649643.969064556
2023-01-25 00:00:00+00:00,USDC,2,DeFiLlama,43225760695.0,164732990.0,164795588.5359557
2023-01-26 00:00:00+00:00,USDC,2,DeFiLlama,43129927507.0,-95833188.0,-95833188.0
2023-01-27 00:00:00+00:00,USDC,2,DeFiLlama,42883164714.0,-246762793.0,-246762793.0
2023-01-28 00:00:00+00:00,USDC,2,DeFiLlama,42651052010.0,-232112704.0,-232102082.52342674
2023-01-29 00:00:00+00:00,USDC,2,DeFiLlama,42686584108.0,35532098.0,35533163.962504454
2023-01-30 00:00:00+00:00,USDC,2,DeFiLlama,42566618284.0,-119965824.0,-119990035.50287566
2023-01-31 00:00:00+00:00,USDC,2,DeFiLlama,42155501707.0,-411116577.0,-411093780.5913608
2023-02-01 00:00:00+00:00,USDC,2,DeFiLlama,41871646731.0,-283854976.0,-283936499.1495062
2023-02-02 00:00:00+00:00,USDC,2,DeFiLlama,41863253556.0,-8393175.0,-8393175.0
2023-02-03 00:00:00+00:00,USDC,2,DeFiLlama,41916156505.0,52902949.0,52902419.97122316
2023-02-04 00:00:00+00:00,USDC,2,DeFiLlama,41463032779.0,-453123726.0,-453123726.0
2023-02-05 00:00:00+00:00,USDC,2,DeFiLlama,41436743967.0,-26288812.0,-26288286.22368345
2023-02-06 00:00:00+00:00,USDC,2,DeFiLlama,41495257893.0,58513926.0,58515855.78983604
2023-02-07 00:00:00+00:00,USDC,2,DeFiLlama,41342044374.0,-153213519.0,-153198197.649721
2023-02-08 00:00:00+00:00,USDC,2,DeFiLlama,41168900667.0,-173143707.0,-173143707.0
2023-02-09 00:00:00+00:00,USDC,2,DeFiLlama,41006514986.0,-162385681.0,-162415473.89968735
2023-02-10 00:00:00+00:00,USDC,2,DeFiLlama,40981967912.0,-24547074.0,-24547074.0
2023-02-11 00:00:00+00:00,USDC,2,DeFiLlama,40852727448.0,-129240464.0,-129240464.0
2023-02-12 00:00:00+00:00,USDC,2,DeFiLlama,40781641461.0,-71085987.0,-71085987.0
2023-02-13 00:00:00+00:00,USDC,2,DeFiLlama,40709074101.0,-72567360.0,-72567360.0
2023-02-14 00:00:00+00:00,USDC,2,DeFiLlama,40443960753.0,-265113348.0,-265166482.01973563
2023-02-15 00:00:00+00:00,USDC,2,DeFiLlama,40525652946.0,81692193.0,81689052.75230114
2023-02-16 00:00:00+00:00,USDC,2,DeFiLlama,40975801486.0,450148540.0,450112744.1851788
2023-02-17 00:00:00+00:00,USDC,2,DeFiLlama,41155854966.0,180053480.0,180049878.93083453
2023-02-18 00:00:00+00:00,USDC,2,DeFiLlama,41399631618.0,243776652.0,243773833.94038075
2023-02-19 00:00:00+00:00,USDC,2,DeFiLlama,41361539306.0,-38092312.0,-38090114.45470727
2023-02-20 00:00:00+00:00,USDC,2,DeFiLlama,41409293788.0,47754482.0,47754482.0
2023-02-21 00:00:00+00:00,USDC,2,DeFiLlama,41474981309.0,65687521.0,65683579.748547636
2023-02-22 00:00:00+00:00,USDC,2,DeFiLlama,41628495125.0,153513816.0,153509572.88035777
2023-02-23 00:00:00+00:00,USDC,2,DeFiLlama,41656338630.0,27843505.0,27840581.431678325
2023-02-24 00:00:00+00:00,USDC,2,DeFiLlama,41792319067.0,135980437.0,135979767.97367892
2023-02-25 00:00:00+00:00,USDC,2,DeFiLlama,42043206419.0,250887352.0,250864772.13580003
2023-02-26 00:00:00+00:00,USDC,2,DeFiLlama,42116692266.0,73485847.0,73478498.41569537
2023-02-27 00:00:00+00:00,USDC,2,DeFiLlama,42161843277.0,45151011.0,45148887.999324515
2023-02-28 00:00:00+00:00,USDC,2,DeFiLlama,42130176064.0,-31667213.0,-31665731.608254116
2023-03-01 00:00:00+00:00,USDC,2,DeFiLlama,41998033686.0,-132142378.0,-132124048.52839597
2023-03-02 00:00:00+00:00,USDC,2,DeFiLlama,42086086516.0,88052830.0,88044024.71627107
2023-03-03 00:00:00+00:00,USDC,2,DeFiLlama,42693916969.0,607830453.0,607789041.5192538
2023-03-04 00:00:00+00:00,USDC,2,DeFiLlama,42990691625.0,296774656.0,296691042.70467997
2023-03-05 00:00:00+00:00,USDC,2,DeFiLlama,43224112097.0,233420472.0,233419956.1423107
2023-03-06 00:00:00+00:00,USDC,2,DeFiLlama,43489028917.0,264916820.0,264916820.0
2023-03-07 00:00:00+00:00,USDC,2,DeFiLlama,43288611943.0,-200416974.0,-200413715.22384638
2023-03-08 00:00:00+00:00,USDC,2,DeFiLlama,43227648530.0,-60963413.0,-60963118.54606986
2023-03-09 00:00:00+00:00,USDC,2,DeFiLlama,43197203559.0,-30444971.0,-30443869.196356297
2023-03-10 00:00:00+00:00,USDC,2,DeFiLlama,43176044700.0,-21158859.0,-21158859.0
2023-03-11 00:00:00+00:00,USDC,2,DeFiLlama,42200261242.0,-975783458.0,-973401736.4540547
2023-03-12 00:00:00+00:00,USDC,2,DeFiLlama,40661099587.0,-1539161655.0,-1479234395.9406142
2023-03-13 00:00:00+00:00,USDC,2,DeFiLlama,40468620896.0,-192478691.0,-190924040.61268356
2023-03-14 00:00:00+00:00,USDC,2,DeFiLlama,39082309637.0,-1386311259.0,-1385516902.663562
2023-03-15 00:00:00+00:00,USDC,2,DeFiLlama,38107230325.0,-975079312.0,-972384192.7718652
2023-03-16 00:00:00+00:00,USDC,2,DeFiLlama,37201853852.0,-905376473.0,-907187225.9532037
2023-03-17 00:00:00+00:00,USDC,2,DeFiLlama,36625309641.0,-576544211.0,-578850387.8508633
2023-03-18 00:00:00+00:00,USDC,2,DeFiLlama,35900827555.0,-724482086.0,-726655532.2445801
2023-03-19 00:00:00+00:00,USDC,2,DeFiLlama,35896107315.0,-4720240.0,-4743841.200055886
2023-03-20 00:00:00+00:00,USDC,2,DeFiLlama,35864646603.0,-31460712.0,-31586554.84763859
2023-03-21 00:00:00+00:00,USDC,2,DeFiLlama,35127847500.0,-736799103.0,-741219897.618
2023-03-22 00:00:00+00:00,USDC,2,DeFiLlama,35018475849.0,-109371651.0,-109590394.30294321
2023-03-23 00:00:00+00:00,USDC,2,DeFiLlama,34561811567.0,-456664282.0,-458490939.13767195
2023-03-24 00:00:00+00:00,USDC,2,DeFiLlama,34226726304.0,-335085263.0,-335755433.5298377
2023-03-25 00:00:00+00:00,USDC,2,DeFiLlama,33699932832.0,-526793472.0,-529954232.83212507
2023-03-26 00:00:00+00:00,USDC,2,DeFiLlama,33687836176.0,-12096656.0,-12169235.935979893
2023-03-27 00:00:00+00:00,USDC,2,DeFiLlama,33654085958.0,-33750218.0,-33783968.21804212
2023-03-28 00:00:00+00:00,USDC,2,DeFiLlama,33230005206.0,-424080752.0,-423891187.9080302
2023-03-29 00:00:00+00:00,USDC,2,DeFiLlama,32934314212.0,-295690994.0,-295690994.0
2023-03-30 00:00:00+00:00,USDC,2,DeFiLlama,32892475877.0,-41838335.0,-41837498.2339583
2023-03-31 00:00:00+00:00,USDC,2,DeFiLlama,32596518671.0,-295957206.0,-296253163.2089871
2023-04-01 00:00:00+00:00,USDC,2,DeFiLlama,32263624903.0,-332893768.0,-333226661.7690008
2023-04-02 00:00:00+00:00,USDC,2,DeFiLlama,32217032516.0,-46592387.0,-46592387.0
2023-04-03 00:00:00+00:00,USDC,2,DeFiLlama,32242579486.0,25546970.0,25546970.0
2023-04-04 00:00:00+00:00,USDC,2,DeFiLlama,32407648440.0,165068954.0,165042377.895344
2023-04-05 00:00:00+00:00,USDC,2,DeFiLlama,32366379216.0,-41269224.0,-41224735.77626642
2023-04-06 00:00:00+00:00,USDC,2,DeFiLlama,32292582445.0,-73796771.0,-73796771.0
2023-04-07 00:00:00+00:00,USDC,2,DeFiLlama,32458357943.0,165775498.0,165681834.8448445
2023-04-08 00:00:00+00:00,USDC,2,DeFiLlama,32368455615.0,-89902328.0,-89992230.32906933
2023-04-09 00:00:00+00:00,USDC,2,DeFiLlama,32373973329.0,5517714.0,5534267.142002216
2023-04-10 00:00:00+00:00,USDC,2,DeFiLlama,32348239340.0,-25733989.0,-25733989.0
2023-04-11 00:00:00+00:00,USDC,2,DeFiLlama,32244073459.0,-104165881.0,-104165881.0
2023-04-12 00:00:00+00:00,USDC,2,DeFiLlama,32190008800.0,-54064659.0,-54043627.848359786
2023-04-13 00:00:00+00:00,USDC,2,DeFiLlama,31916012075.0,-273996725.0,-274270721.7243561
2023-04-14 00:00:00+00:00,USDC,2,DeFiLlama,31778490748.0,-137521327.0,-137658848.32809055
2023-04-15 00:00:00+00:00,USDC,2,DeFiLlama,31690139980.0,-88350768.0,-88350768.0
2023-04-16 00:00:00+00:00,USDC,2,DeFiLlama,31679783075.0,-10356905.0,-10348101.630623726
2023-04-17 00:00:00+00:00,USDC,2,DeFiLlama,31672385116.0,-7397959.0,-7405356.958972905
2023-04-18 00:00:00+00:00,USDC,2,DeFiLlama,31515167319.0,-157217797.0,-157210093.32394925
2023-04-19 00:00:00+00:00,USDC,2,DeFiLlama,31259252221.0,-255915098.0,-255666348.5178573
2023-04-20 00:00:00+00:00,USDC,2,DeFiLlama,31024125150.0,-235127071.0,-235004569.79754862
2023-04-21 00:00:00+00:00,USDC,2,DeFiLlama,30843626016.0,-180499134.0,-180499134.0
2023-04-22 00:00:00+00:00,USDC,2,DeFiLlama,30624432910.0,-219193106.0,-219183899.89085224
2023-04-23 00:00:00+00:00,USDC,2,DeFiLlama,30626893202.0,2460292.0,2460292.0
2023-04-24 00:00:00+00:00,USDC,2,DeFiLlama,30664917788.0,38024586.0,38024586.0
2023-04-25 00:00:00+00:00,USDC,2,DeFiLlama,30577494462.0,-87423326.0,-87274006.96073903
2023-04-26 00:00:00+00:00,USDC,2,DeFiLlama,30584538650.0,7044188.0,7035763.150973596
2023-04-27 00:00:00+00:00,USDC,2,DeFiLlama,30622150699.0,37612049.0,37416992.91453086
2023-04-28 00:00:00+00:00,USDC,2,DeFiLlama,30345877099.0,-276273600.0,-276826147.19819736
2023-04-29 00:00:00+00:00,USDC,2,DeFiLlama,30371295833.0,25418734.0,25418734.0
2023-04-30 00:00:00+00:00,USDC,2,DeFiLlama,30383345254.0,12049421.0,12049421.0
2023-05-01 00:00:00+00:00,USDC,2,DeFiLlama,30377707020.0,-5638234.0,-5636672.2091531465
2023-05-02 00:00:00+00:00,USDC,2,DeFiLlama,30250696805.0,-127010215.0,-126833035.75025544
2023-05-03 00:00:00+00:00,USDC,2,DeFiLlama,30092013409.0,-158683396.0,-158842079.39384323
2023-05-04 00:00:00+00:00,USDC,2,DeFiLlama,30054378366.0,-37635043.0,-37605650.03204793
2023-05-05 00:00:00+00:00,USDC,2,DeFiLlama,29976504364.0,-77874002.0,-77807030.35763843
2023-05-06 00:00:00+00:00,USDC,2,DeFiLlama,30248649114.0,272144750.0,272416894.7489743
2023-05-07 00:00:00+00:00,USDC,2,DeFiLlama,30250436795.0,1787681.0,1785439.24801069
2023-05-08 00:00:00+00:00,USDC,2,DeFiLlama,30246077309.0,-4359486.0,-4353884.060395169
2023-05-09 00:00:00+00:00,USDC,2,DeFiLlama,30070588797.0,-175488512.0,-175473419.9916828
2023-05-10 00:00:00+00:00,USDC,2,DeFiLlama,29969310073.0,-101278724.0,-101582560.17463931
2023-05-11 00:00:00+00:00,USDC,2,DeFiLlama,29953642808.0,-15667265.0,-15647163.898859939
2023-05-12 00:00:00+00:00,USDC,2,DeFiLlama,29777410301.0,-176232507.0,-176408739.51113692
2023-05-13 00:00:00+00:00,USDC,2,DeFiLlama,29824998855.0,47588554.0,47588554.0
2023-05-14 00:00:00+00:00,USDC,2,DeFiLlama,29831494602.0,6495747.0,6502242.746868916
2023-05-15 00:00:00+00:00,USDC,2,DeFiLlama,29791341213.0,-40153389.0,-40233695.77877364
2023-05-16 00:00:00+00:00,USDC,2,DeFiLlama,29648720457.0,-142620756.0,-143048618.26621535
2023-05-17 00:00:00+00:00,USDC,2,DeFiLlama,29547500679.0,-101219778.0,-101210971.87780353
2023-05-18 00:00:00+00:00,USDC,2,DeFiLlama,29389266617.0,-158234062.0,-158140229.2017933
2023-05-19 00:00:00+00:00,USDC,2,DeFiLlama,29511174727.0,121908110.0,121903477.49446224
2023-05-20 00:00:00+00:00,USDC,2,DeFiLlama,29423527449.0,-87647278.0,-87627995.59895551
2023-05-21 00:00:00+00:00,USDC,2,DeFiLlama,29422981307.0,-546142.0,-546688.1420128633
2023-05-22 00:00:00+00:00,USDC,2,DeFiLlama,29413145320.0,-9835987.0,-9834295.210234342
2023-05-23 00:00:00+00:00,USDC,2,DeFiLlama,29297607147.0,-115538173.0,-115538173.0
2023-05-24 00:00:00+00:00,USDC,2,DeFiLlama,29159242313.0,-138364834.0,-138364834.0
2023-05-25 00:00:00+00:00,USDC,2,DeFiLlama,28941549928.0,-217692385.0,-217568518.03225076
2023-05-26 00:00:00+00:00,USDC,2,DeFiLlama,28872556088.0,-68993840.0,-69062833.83978972
2023-05-27 00:00:00+00:00,USDC,2,DeFiLlama,28895224890.0,22668802.0,22650553.614418596
2023-05-28 00:00:00+00:00,USDC,2,DeFiLlama,28872583112.0,-22641778.0,-22664419.777912173
2023-05-29 00:00:00+00:00,USDC,2,DeFiLlama,28850915125.0,-21667987.0,-21656351.290547
2023-05-30 00:00:00+00:00,USDC,2,DeFiLlama,28895495640.0,44580515.0,44574987.016848706
2023-05-31 00:00:00+00:00,USDC,2,DeFiLlama,28822973056.0,-72522584.0,-72499739.38732988
2023-06-01 00:00:00+00:00,USDC,2,DeFiLlama,28665011224.0,-157961832.0,-157944614.16154316
2023-06-02 00:00:00+00:00,USDC,2,DeFiLlama,28740695806.0,75684582.0,75601026.22191921
2023-06-03 00:00:00+00:00,USDC,2,DeFiLlama,28776788278.0,36092472.0,36083665.43725822
2023-06-04 00:00:00+00:00,USDC,2,DeFiLlama,28766911374.0,-9876904.0,-9876904.0
2023-06-05 00:00:00+00:00,USDC,2,DeFiLlama,28770478586.0,3567212.0,3570779.212051331
2023-06-06 00:00:00+00:00,USDC,2,DeFiLlama,28690969178.0,-79509408.0,-79509408.0
2023-06-07 00:00:00+00:00,USDC,2,DeFiLlama,28537436828.0,-153532350.0,-153685882.35092536
2023-06-08 00:00:00+00:00,USDC,2,DeFiLlama,28388688620.0,-148748208.0,-148896956.20475137
2023-06-09 00:00:00+00:00,USDC,2,DeFiLlama,28288057737.0,-100630883.0,-100583083.33208714
2023-06-10 00:00:00+00:00,USDC,2,DeFiLlama,28120319455.0,-167738282.0,-167738282.0
2023-06-11 00:00:00+00:00,USDC,2,DeFiLlama,28181539134.0,61219679.0,61205782.13369991
2023-06-12 00:00:00+00:00,USDC,2,DeFiLlama,28202990012.0,21450878.0,21472328.87799087
2023-06-13 00:00:00+00:00,USDC,2,DeFiLlama,28118370623.0,-84619389.0,-84598826.48865774
2023-06-14 00:00:00+00:00,USDC,2,DeFiLlama,27986919456.0,-131451167.0,-131582618.16485822
2023-06-15 00:00:00+00:00,USDC,2,DeFiLlama,27888345408.0,-98574048.0,-98574048.0
2023-06-16 00:00:00+00:00,USDC,2,DeFiLlama,28004076314.0,115730906.0,115698038.425478
2023-06-17 00:00:00+00:00,USDC,2,DeFiLlama,28145000251.0,140923937.0,140878418.56875494
2023-06-18 00:00:00+00:00,USDC,2,DeFiLlama,28140675825.0,-4324426.0,-4323478.950706872
2023-06-19 00:00:00+00:00,USDC,2,DeFiLlama,28130413960.0,-10261865.0,-10261865.0
2023-06-20 00:00:00+00:00,USDC,2,DeFiLlama,28249176070.0,118762110.0,118482900.27914016
2023-06-21 00:00:00+00:00,USDC,2,DeFiLlama,28346860716.0,97684646.0,97880015.29051131
2023-06-22 00:00:00+00:00,USDC,2,DeFiLlama,28232880812.0,-113979904.0,-113979904.0
2023-06-23 00:00:00+00:00,USDC,2,DeFiLlama,28206917825.0,-25962987.0,-25924250.223759484
2023-06-24 00:00:00+00:00,USDC,2,DeFiLlama,28211878780.0,4960955.0,4959610.5812212685
2023-06-25 00:00:00+00:00,USDC,2,DeFiLlama,28223195845.0,11317065.0,11328382.064661168
2023-06-26 00:00:00+00:00,USDC,2,DeFiLlama,28224054250.0,858405.0,858405.0
2023-06-27 00:00:00+00:00,USDC,2,DeFiLlama,28127374900.0,-96679350.0,-96776029.35034372
2023-06-28 00:00:00+00:00,USDC,2,DeFiLlama,27979425219.0,-147949681.0,-147949681.0
2023-06-29 00:00:00+00:00,USDC,2,DeFiLlama,27866383227.0,-113041992.0,-113155033.99107915
2023-06-30 00:00:00+00:00,USDC,2,DeFiLlama,27724620748.0,-141762479.0,-141698544.12175292
2023-07-01 00:00:00+00:00,USDC,2,DeFiLlama,27132925414.0,-591695334.0,-592287029.3249718
2023-07-02 00:00:00+00:00,USDC,2,DeFiLlama,27152516863.0,19591449.0,19588333.959739756
2023-07-03 00:00:00+00:00,USDC,2,DeFiLlama,27157152929.0,4636066.0,4640702.066012121
2023-07-04 00:00:00+00:00,USDC,2,DeFiLlama,27438030473.0,280877544.0,280737947.8621172
2023-07-05 00:00:00+00:00,USDC,2,DeFiLlama,27468737486.0,30707013.0,30737720.012456704
2023-07-06 00:00:00+00:00,USDC,2,DeFiLlama,27415757731.0,-52979755.0,-52979755.0
2023-07-07 00:00:00+00:00,USDC,2,DeFiLlama,27272490404.0,-143267327.0,-143135521.06006187
2023-07-08 00:00:00+00:00,USDC,2,DeFiLlama,27213544329.0,-58946075.0,-58930159.55968248
2023-07-09 00:00:00+00:00,USDC,2,DeFiLlama,27211802158.0,-1742171.0,-1741690.1607653054
2023-07-10 00:00:00+00:00,USDC,2,DeFiLlama,27216440803.0,4638645.0,4635268.066423737
2023-07-11 00:00:00+00:00,USDC,2,DeFiLlama,27109264131.0,-107176672.0,-107164453.85983057
2023-07-12 00:00:00+00:00,USDC,2,DeFiLlama,27060818639.0,-48445492.0,-48397094.953170404
2023-07-13 00:00:00+00:00,USDC,2,DeFiLlama,26988918818.0,-71899821.0,-71885728.6353193
2023-07-14 00:00:00+00:00,USDC,2,DeFiLlama,27155801117.0,166882299.0,166882299.0
2023-07-15 00:00:00+00:00,USDC,2,DeFiLlama,27016341485.0,-139459632.0,-139454750.9126321
2023-07-16 00:00:00+00:00,USDC,2,DeFiLlama,27025204611.0,8863126.0,8862682.843775611
2023-07-17 00:00:00+00:00,USDC,2,DeFiLlama,27045950391.0,20745780.0,20725241.677713394
2023-07-18 00:00:00+00:00,USDC,2,DeFiLlama,26816244126.0,-229706265.0,-229706265.0
2023-07-19 00:00:00+00:00,USDC,2,DeFiLlama,26746754219.0,-69489907.0,-69559396.90643102
2023-07-20 00:00:00+00:00,USDC,2,DeFiLlama,26634551829.0,-112202390.0,-112192852.79645175
2023-07-21 00:00:00+00:00,USDC,2,DeFiLlama,26582269438.0,-52282391.0,-52282391.0
2023-07-22 00:00:00+00:00,USDC,2,DeFiLlama,26534110284.0,-48159154.0,-48151496.6954853
2023-07-23 00:00:00+00:00,USDC,2,DeFiLlama,26526966073.0,-7144211.0,-7144211.0
2023-07-24 00:00:00+00:00,USDC,2,DeFiLlama,26519666418.0,-7299655.0,-7299129.424835072
2023-07-25 00:00:00+00:00,USDC,2,DeFiLlama,26397964508.0,-121701910.0,-121701910.0
2023-07-26 00:00:00+00:00,USDC,2,DeFiLlama,26322031148.0,-75933360.0,-75933360.0
2023-07-27 00:00:00+00:00,USDC,2,DeFiLlama,26233307648.0,-88723500.0,-88723500.0
2023-07-28 00:00:00+00:00,USDC,2,DeFiLlama,26251972715.0,18665067.0,18665067.0
2023-07-29 00:00:00+00:00,USDC,2,DeFiLlama,26224182963.0,-27789752.0,-27789752.0
2023-07-30 00:00:00+00:00,USDC,2,DeFiLlama,26262929510.0,38746547.0,38730234.704190575
2023-07-31 00:00:00+00:00,USDC,2,DeFiLlama,26261362184.0,-1567326.0,-1567326.0
2023-08-01 00:00:00+00:00,USDC,2,DeFiLlama,26195419435.0,-65942749.0,-65942749.0
2023-08-02 00:00:00+00:00,USDC,2,DeFiLlama,25989002607.0,-206416828.0,-206623244.82317892
2023-08-03 00:00:00+00:00,USDC,2,DeFiLlama,25864742745.0,-124259862.0,-124384121.85842085
2023-08-04 00:00:00+00:00,USDC,2,DeFiLlama,25765219602.0,-99523143.0,-99523143.0
2023-08-05 00:00:00+00:00,USDC,2,DeFiLlama,25690465626.0,-74753976.0,-74747846.17449564
2023-08-06 00:00:00+00:00,USDC,2,DeFiLlama,25688180548.0,-2285078.0,-2284065.7104444667
2023-08-07 00:00:00+00:00,USDC,2,DeFiLlama,25686797963.0,-1382585.0,-1381921.359201197
2023-08-08 00:00:00+00:00,USDC,2,DeFiLlama,25811578349.0,124780386.0,124754182.12113133
2023-08-09 00:00:00+00:00,USDC,2,DeFiLlama,25956408430.0,144830081.0,144830081.0
2023-08-10 00:00:00+00:00,USDC,2,DeFiLlama,25945179045.0,-11229385.0,-11229385.0
2023-08-11 00:00:00+00:00,USDC,2,DeFiLlama,25815464791.0,-129714254.0,-129672875.15432227
2023-08-12 00:00:00+00:00,USDC,2,DeFiLlama,25782353613.0,-33111178.0,-33111178.0
2023-08-13 00:00:00+00:00,USDC,2,DeFiLlama,25823761081.0,41407468.0,41406142.96159258
2023-08-14 00:00:00+00:00,USDC,2,DeFiLlama,25853211025.0,29449944.0,29479393.943971526
2023-08-15 00:00:00+00:00,USDC,2,DeFiLlama,25662906710.0,-190304315.0,-190265873.52952254
2023-08-16 00:00:00+00:00,USDC,2,DeFiLlama,25703967100.0,41060390.0,41044540.68834276
2023-08-17 00:00:00+00:00,USDC,2,DeFiLlama,25742157859.0,38190759.0,38134771.34793103
2023-08-18 00:00:00+00:00,USDC,2,DeFiLlama,25790323246.0,48165387.0,48153586.48054968
2023-08-19 00:00:00+00:00,USDC,2,DeFiLlama,25457553060.0,-332770186.0,-332426767.1648836
2023-08-20 00:00:00+00:00,USDC,2,DeFiLlama,25644378207.0,186825147.0,187011972.14549196
2023-08-21 00:00:00+00:00,USDC,2,DeFiLlama,25649020295.0,4642088.0,4646730.08794661
2023-08-22 00:00:00+00:00,USDC,2,DeFiLlama,25646447437.0,-2572858.0,-2572858.0
2023-08-23 00:00:00+00:00,USDC,2,DeFiLlama,25592161638.0,-54285799.0,-54252901.80570551
2023-08-24 00:00:00+00:00,USDC,2,DeFiLlama,25680714466.0,88552828.0,88641380.82639314
2023-08-25 00:00:00+00:00,USDC,2,DeFiLlama,25569315469.0,-111398997.0,-111343074.70074137
2023-08-26 00:00:00+00:00,USDC,2,DeFiLlama,25635926640.0,66611171.0,66611171.0
2023-08-27 00:00:00+00:00,USDC,2,DeFiLlama,25688679094.0,52752454.0,52731458.52182825
2023-08-28 00:00:00+00:00,USDC,2,DeFiLlama,25746763037.0,58083943.0,58069944.76949317
2023-08-29 00:00:00+00:00,USDC,2,DeFiLlama,25733184247.0,-13578790.0,-13578790.0
2023-08-30 00:00:00+00:00,USDC,2,DeFiLlama,25869198762.0,136014515.0,135864627.00465783
2023-08-31 00:00:00+00:00,USDC,2,DeFiLlama,25827476369.0,-41722393.0,-41716176.36340904
2023-09-01 00:00:00+00:00,USDC,2,DeFiLlama,25914941130.0,87464761.0,87406247.07359487
2023-09-02 00:00:00+00:00,USDC,2,DeFiLlama,25857627495.0,-57313635.0,-57370948.636119336
2023-09-03 00:00:00+00:00,USDC,2,DeFiLlama,25870674648.0,13047153.0,13047153.0
2023-09-04 00:00:00+00:00,USDC,2,DeFiLlama,25916593491.0,45918843.0,45918843.0
2023-09-05 00:00:00+00:00,USDC,2,DeFiLlama,25760615013.0,-155978478.0,-155871788.71904317
2023-09-06 00:00:00+00:00,USDC,2,DeFiLlama,25596726929.0,-163888084.0,-163856125.8284294
2023-09-07 00:00:00+00:00,USDC,2,DeFiLlama,25579952964.0,-16773965.0,-16773965.0
2023-09-08 00:00:00+00:00,USDC,2,DeFiLlama,25419930515.0,-160022449.0,-160182471.445758
2023-09-09 00:00:00+00:00,USDC,2,DeFiLlama,25550154541.0,130224026.0,130221942.41799304
2023-09-10 00:00:00+00:00,USDC,2,DeFiLlama,25580353050.0,30198509.0,30198509.0
2023-09-11 00:00:00+00:00,USDC,2,DeFiLlama,25640222571.0,59869521.0,59869521.0
2023-09-12 00:00:00+00:00,USDC,2,DeFiLlama,25571258531.0,-68964040.0,-68942592.1819503
2023-09-13 00:00:00+00:00,USDC,2,DeFiLlama,25675045073.0,103786542.0,103890328.54170492
2023-09-14 00:00:00+00:00,USDC,2,DeFiLlama,25714552942.0,39507869.0,39500006.93412348
2023-09-15 00:00:00+00:00,USDC,2,DeFiLlama,25670470756.0,-44082186.0,-44078747.589009404
2023-09-16 00:00:00+00:00,USDC,2,DeFiLlama,25612143584.0,-58327172.0,-58275027.50678384
2023-09-17 00:00:00+00:00,USDC,2,DeFiLlama,25666974546.0,54830962.0,54821037.59671718
2023-09-18 00:00:00+00:00,USDC,2,DeFiLlama,25671163379.0,4188833.0,4185481.9337147432
2023-09-19 00:00:00+00:00,USDC,2,DeFiLlama,25634462258.0,-36701121.0,-36672237.21748243
2023-09-20 00:00:00+00:00,USDC,2,DeFiLlama,25560926090.0,-73536168.0,-73536168.0
2023-09-21 00:00:00+00:00,USDC,2,DeFiLlama,25479830926.0,-81095164.0,-81071889.6862635
2023-09-22 00:00:00+00:00,USDC,2,DeFiLlama,25298919373.0,-180911553.0,-180755607.23773512
2023-09-23 00:00:00+00:00,USDC,2,DeFiLlama,25252642283.0,-46277090.0,-46277090.0
2023-09-24 00:00:00+00:00,USDC,2,DeFiLlama,25266630378.0,13988095.0,13982877.440637521
2023-09-25 00:00:00+00:00,USDC,2,DeFiLlama,25272353934.0,5723556.0,5729279.556014948
2023-09-26 00:00:00+00:00,USDC,2,DeFiLlama,25091997278.0,-180356656.0,-180537012.66118962
2023-09-27 00:00:00+00:00,USDC,2,DeFiLlama,25071733285.0,-20263993.0,-20263993.0
2023-09-28 00:00:00+00:00,USDC,2,DeFiLlama,24940524453.0,-131208832.0,-131340040.83487768
2023-09-29 00:00:00+00:00,USDC,2,DeFiLlama,25104355641.0,163831188.0,163995019.1903428
2023-09-30 00:00:00+00:00,USDC,2,DeFiLlama,24719546593.0,-384809048.0,-384767873.439421
2023-10-01 00:00:00+00:00,USDC,2,DeFiLlama,24776652510.0,57105917.0,57099064.29065421
2023-10-02 00:00:00+00:00,USDC,2,DeFiLlama,24801192130.0,24539620.0,24539620.0
2023-10-03 00:00:00+00:00,USDC,2,DeFiLlama,24938605244.0,137413114.0,137413114.0
2023-10-04 00:00:00+00:00,USDC,2,DeFiLlama,24796660212.0,-141945032.0,-141944890.0587473
2023-10-05 00:00:00+00:00,USDC,2,DeFiLlama,24718523751.0,-78136461.0,-78072623.51106134
2023-10-06 00:00:00+00:00,USDC,2,DeFiLlama,24713919407.0,-4604344.0,-4608948.343924173
2023-10-07 00:00:00+00:00,USDC,2,DeFiLlama,24987213634.0,273294227.0,273567521.2310031
2023-10-08 00:00:00+00:00,USDC,2,DeFiLlama,25015532573.0,28318939.0,28318939.0
2023-10-09 00:00:00+00:00,USDC,2,DeFiLlama,25030759136.0,15226563.0,15211077.58545413
2023-10-10 00:00:00+00:00,USDC,2,DeFiLlama,24999133168.0,-31625968.0,-31657593.967787463
2023-10-11 00:00:00+00:00,USDC,2,DeFiLlama,24879384406.0,-119748762.0,-119740858.57867953
2023-10-12 00:00:00+00:00,USDC,2,DeFiLlama,24713509050.0,-165875356.0,-165848650.06739572
2023-10-13 00:00:00+00:00,USDC,2,DeFiLlama,24604428204.0,-109080846.0,-109080846.0
2023-10-14 00:00:00+00:00,USDC,2,DeFiLlama,24570148280.0,-34279924.0,-34272553.81617285
2023-10-15 00:00:00+00:00,USDC,2,DeFiLlama,24602589236.0,32440956.0,32439431.27598323
2023-10-16 00:00:00+00:00,USDC,2,DeFiLlama,24669094048.0,66504812.0,66502484.33236633
2023-10-17 00:00:00+00:00,USDC,2,DeFiLlama,24740884768.0,71790720.0,71790720.0
2023-10-18 00:00:00+00:00,USDC,2,DeFiLlama,24768367449.0,27482681.0,27469516.795809954
2023-10-19 00:00:00+00:00,USDC,2,DeFiLlama,24761705567.0,-6661882.0,-6661882.0
2023-10-20 00:00:00+00:00,USDC,2,DeFiLlama,24867638704.0,105933137.0,105922119.9513035
2023-10-21 00:00:00+00:00,USDC,2,DeFiLlama,24916454497.0,48815793.0,48807054.97374844
2023-10-22 00:00:00+00:00,USDC,2,DeFiLlama,24939168495.0,22713998.0,22711431.318262372
2023-10-23 00:00:00+00:00,USDC,2,DeFiLlama,24928945517.0,-10222978.0,-10211119.345437868
2023-10-24 00:00:00+00:00,USDC,2,DeFiLlama,24838422096.0,-90523421.0,-90704467.84130025
2023-10-25 00:00:00+00:00,USDC,2,DeFiLlama,24437827441.0,-400594655.0,-400995249.6641634
2023-10-26 00:00:00+00:00,USDC,2,DeFiLlama,24555653839.0,117826398.0,117944224.39877255
2023-10-27 00:00:00+00:00,USDC,2,DeFiLlama,24524779067.0,-30874772.0,-30905646.77191565
2023-10-28 00:00:00+00:00,USDC,2,DeFiLlama,24380740868.0,-144038199.0,-144038199.0
2023-10-29 00:00:00+00:00,USDC,2,DeFiLlama,24413937127.0,33196259.0,33196259.0
2023-10-30 00:00:00+00:00,USDC,2,DeFiLlama,24458926812.0,44989685.0,44985321.00037247
2023-10-31 00:00:00+00:00,USDC,2,DeFiLlama,24344687407.0,-114239405.0,-114164235.47298256
2023-11-01 00:00:00+00:00,USDC,2,DeFiLlama,24176878457.0,-167808950.0,-167748370.96990356
2023-11-02 00:00:00+00:00,USDC,2,DeFiLlama,24161194972.0,-15683485.0,-15699168.485018177
2023-11-03 00:00:00+00:00,USDC,2,DeFiLlama,23867421193.0,-293773779.0,-293478242.5871901
2023-11-04 00:00:00+00:00,USDC,2,DeFiLlama,23899424368.0,32003175.0,31997638.451281607
2023-11-05 00:00:00+00:00,USDC,2,DeFiLlama,23982608181.0,83183813.0,83183813.0
2023-11-06 00:00:00+00:00,USDC,2,DeFiLlama,24003236380.0,20628199.0,20628199.0
2023-11-07 00:00:00+00:00,USDC,2,DeFiLlama,23817430639.0,-185805741.0,-185789947.50892815
2023-11-08 00:00:00+00:00,USDC,2,DeFiLlama,23752297148.0,-65133491.0,-65100533.45453266
2023-11-09 00:00:00+00:00,USDC,2,DeFiLlama,23618587003.0,-133710145.0,-133710145.0
2023-11-10 00:00:00+00:00,USDC,2,DeFiLlama,23500780589.0,-117806414.0,-117739853.37625435
2023-11-11 00:00:00+00:00,USDC,2,DeFiLlama,23518074759.0,17294170.0,17294170.0
2023-11-12 00:00:00+00:00,USDC,2,DeFiLlama,23580366142.0,62291383.0,62267961.439118646
2023-11-13 00:00:00+00:00,USDC,2,DeFiLlama,23634897489.0,54531347.0,54411105.379780196
2023-11-14 00:00:00+00:00,USDC,2,DeFiLlama,23396607702.0,-238289787.0,-238289787.0
2023-11-15 00:00:00+00:00,USDC,2,DeFiLlama,23187038999.0,-209568703.0,-209428711.10685995
2023-11-16 00:00:00+00:00,USDC,2,DeFiLlama,23442920950.0,255881951.0,255707695.38227615
2023-11-17 00:00:00+00:00,USDC,2,DeFiLlama,23507080006.0,64159056.0,64223215.055983625
2023-11-18 00:00:00+00:00,USDC,2,DeFiLlama,23757478112.0,250398106.0,250305709.10334778
2023-11-19 00:00:00+00:00,USDC,2,DeFiLlama,23770394758.0,12916646.0,12916646.0
2023-11-20 00:00:00+00:00,USDC,2,DeFiLlama,23813281719.0,42886961.0,42867061.449587435
2023-11-21 00:00:00+00:00,USDC,2,DeFiLlama,23853840231.0,40558512.0,40599070.51330753
2023-11-22 00:00:00+00:00,USDC,2,DeFiLlama,23700765516.0,-153074715.0,-153074715.0
2023-11-23 00:00:00+00:00,USDC,2,DeFiLlama,23740658670.0,39893154.0,39890441.26517438
2023-11-24 00:00:00+00:00,USDC,2,DeFiLlama,23754368571.0,13709901.0,13709901.0
2023-11-25 00:00:00+00:00,USDC,2,DeFiLlama,23978886257.0,224517686.0,224742203.68359366
2023-11-26 00:00:00+00:00,USDC,2,DeFiLlama,23976050681.0,-2835576.0,-2833996.5841951207
2023-11-27 00:00:00+00:00,USDC,2,DeFiLlama,23920388873.0,-55661808.0,-55717469.80829552
2023-11-28 00:00:00+00:00,USDC,2,DeFiLlama,23680900263.0,-239488610.0,-239728098.6174534
2023-11-29 00:00:00+00:00,USDC,2,DeFiLlama,23856423201.0,175522938.0,175372690.36698535
2023-11-30 00:00:00+00:00,USDC,2,DeFiLlama,23762150801.0,-94272400.0,-94366672.40078951
2023-12-01 00:00:00+00:00,USDC,2,DeFiLlama,23807958530.0,45807729.0,45807729.0
2023-12-02 00:00:00+00:00,USDC,2,DeFiLlama,23815559024.0,7600494.0,7597583.010831891
2023-12-03 00:00:00+00:00,USDC,2,DeFiLlama,23799118337.0,-16440687.0,-16457127.686767198
2023-12-04 00:00:00+00:00,USDC,2,DeFiLlama,23774520696.0,-24597641.0,-24597641.0
2023-12-05 00:00:00+00:00,USDC,2,DeFiLlama,23642787409.0,-131733287.0,-131733287.0
2023-12-06 00:00:00+00:00,USDC,2,DeFiLlama,23554487025.0,-88300384.0,-88139942.20198868
2023-12-07 00:00:00+00:00,USDC,2,DeFiLlama,23541269425.0,-13217600.0,-13230817.600322843
2023-12-08 00:00:00+00:00,USDC,2,DeFiLlama,23600185435.0,58916010.0,58974926.01141048
2023-12-09 00:00:00+00:00,USDC,2,DeFiLlama,23763399955.0,163214520.0,163114143.07000992
2023-12-10 00:00:00+00:00,USDC,2,DeFiLlama,23800765636.0,37365681.0,37365681.0
2023-12-11 00:00:00+00:00,USDC,2,DeFiLlama,23805577094.0,4811458.0,4810476.462512858
2023-12-12 00:00:00+00:00,USDC,2,DeFiLlama,23405513901.0,-400063193.0,-400863319.3893843
2023-12-13 00:00:00+00:00,USDC,2,DeFiLlama,23298020237.0,-107493664.0,-107345107.7562022
2023-12-14 00:00:00+00:00,USDC,2,DeFiLlama,23542287871.0,244267634.0,244511901.63533846
2023-12-15 00:00:00+00:00,USDC,2,DeFiLlama,23650623842.0,108335971.0,108444306.97172375
2023-12-16 00:00:00+00:00,USDC,2,DeFiLlama,23757991956.0,107368114.0,107198901.85379416
2023-12-17 00:00:00+00:00,USDC,2,DeFiLlama,23767281924.0,9289968.0,9288490.895019956
2023-12-18 00:00:00+00:00,USDC,2,DeFiLlama,23719180948.0,-48100976.0,-48197177.95221091
2023-12-19 00:00:00+00:00,USDC,2,DeFiLlama,23869459276.0,150278328.0,150245867.88243392
2023-12-20 00:00:00+00:00,USDC,2,DeFiLlama,24105525681.0,236066405.0,236302471.408124
2023-12-21 00:00:00+00:00,USDC,2,DeFiLlama,24231924976.0,126399295.0,126399295.0
2023-12-22 00:00:00+00:00,USDC,2,DeFiLlama,24138399413.0,-93525563.0,-93619088.56527436
2023-12-23 00:00:00+00:00,USDC,2,DeFiLlama,24409485162.0,271085749.0,271085749.0
2023-12-24 00:00:00+00:00,USDC,2,DeFiLlama,24426184285.0,16699123.0,16715822.123488814
2023-12-25 00:00:00+00:00,USDC,2,DeFiLlama,24451863876.0,25679591.0,25645051.950013865
2023-12-26 00:00:00+00:00,USDC,2,DeFiLlama,24400862987.0,-51000889.0,-50944329.014208905
2023-12-27 00:00:00+00:00,USDC,2,DeFiLlama,24063409418.0,-337453569.0,-337453569.0
2023-12-28 00:00:00+00:00,USDC,2,DeFiLlama,24222944015.0,159534597.0,159853666.19380242
2023-12-29 00:00:00+00:00,USDC,2,DeFiLlama,24172541481.0,-50402534.0,-50452936.53508218
2023-12-30 00:00:00+00:00,USDC,2,DeFiLlama,24112008590.0,-60532891.0,-60532891.0
2023-12-31 00:00:00+00:00,USDC,2,DeFiLlama,24025552613.0,-86455977.0,-86416812.44002128
2024-01-01 00:00:00+00:00,USDC,2,DeFiLlama,23863493722.0,-162058891.0,-162058891.0
2024-01-02 00:00:00+00:00,USDC,2,DeFiLlama,23950386290.0,86892568.0,87153245.70447165
2024-01-03 00:00:00+00:00,USDC,2,DeFiLlama,24114881441.0,164495151.0,164410764.9887596
2024-01-04 00:00:00+00:00,USDC,2,DeFiLlama,24266940179.0,152058738.0,151700335.55454594
2024-01-05 00:00:00+00:00,USDC,2,DeFiLlama,24353067798.0,86127619.0,86127619.0
2024-01-06 00:00:00+00:00,USDC,2,DeFiLlama,24589809397.0,236741599.0,236306231.2040707
2024-01-07 00:00:00+00:00,USDC,2,DeFiLlama,24613313653.0,23504256.0,23494102.16092871
2024-01-08 00:00:00+00:00,USDC,2,DeFiLlama,24612675798.0,-637855.0,-637855.0
2024-01-09 00:00:00+00:00,USDC,2,DeFiLlama,24550664243.0,-62011555.0,-61850448.97936061
2024-01-10 00:00:00+00:00,USDC,2,DeFiLlama,24394441160.0,-156223083.0,-155748008.60182762
2024-01-11 00:00:00+00:00,USDC,2,DeFiLlama,24396846035.0,2404875.0,2404875.0
2024-01-12 00:00:00+00:00,USDC,2,DeFiLlama,24405992701.0,9146666.0,9143107.94661145
2024-01-13 00:00:00+00:00,USDC,2,DeFiLlama,24482663795.0,76671094.0,76569121.44450195
2024-01-14 00:00:00+00:00,USDC,2,DeFiLlama,24571655907.0,88992112.0,88843851.14047019
2024-01-15 00:00:00+00:00,USDC,2,DeFiLlama,24570818353.0,-837554.0,-837477.7826020253
2024-01-16 00:00:00+00:00,USDC,2,DeFiLlama,24556922461.0,-13895892.0,-13889083.012923332
2024-01-17 00:00:00+00:00,USDC,2,DeFiLlama,24534036327.0,-22886134.0,-22881144.82271271
2024-01-18 00:00:00+00:00,USDC,2,DeFiLlama,24772680029.0,238643702.0,238497652.04645497
2024-01-19 00:00:00+00:00,USDC,2,DeFiLlama,24728677091.0,-44002938.0,-43948242.34917657
2024-01-20 00:00:00+00:00,USDC,2,DeFiLlama,24657925376.0,-70751715.0,-70822466.71679047
2024-01-21 00:00:00+00:00,USDC,2,DeFiLlama,24798972412.0,141047036.0,140984834.2618657
2024-01-22 00:00:00+00:00,USDC,2,DeFiLlama,24821227894.0,22255482.0,22246023.420019943
2024-01-23 00:00:00+00:00,USDC,2,DeFiLlama,24674962523.0,-146265371.0,-146557901.74172732
2024-01-24 00:00:00+00:00,USDC,2,DeFiLlama,24711208898.0,36246375.0,36318867.748832434
2024-01-25 00:00:00+00:00,USDC,2,DeFiLlama,24821272237.0,110063339.0,110031420.63146265
2024-01-26 00:00:00+00:00,USDC,2,DeFiLlama,24981649927.0,160377690.0,160377690.0
2024-01-27 00:00:00+00:00,USDC,2,DeFiLlama,25051595734.0,69945807.0,69913492.03780569
2024-01-28 00:00:00+00:00,USDC,2,DeFiLlama,25108525962.0,56930228.0,56916052.37314759
2024-01-29 00:00:00+00:00,USDC,2,DeFiLlama,25131033620.0,22507658.0,22474481.71171024
2024-01-30 00:00:00+00:00,USDC,2,DeFiLlama,25374565041.0,243531421.0,243774952.42060652
2024-01-31 00:00:00+00:00,USDC,2,DeFiLlama,25610422713.0,235857672.0,235553415.6058807
2024-02-01 00:00:00+00:00,USDC,2,DeFiLlama,25842279664.0,231856951.0,231479951.59528443
2024-02-02 00:00:00+00:00,USDC,2,DeFiLlama,25781117066.0,-61162598.0,-61284923.19568684
2024-02-03 00:00:00+00:00,USDC,2,DeFiLlama,25897770065.0,116652999.0,116652999.0
2024-02-04 00:00:00+00:00,USDC,2,DeFiLlama,25949372718.0,51602653.0,51595480.23283938
2024-02-05 00:00:00+00:00,USDC,2,DeFiLlama,25994030472.0,44657754.0,44613721.45291598
2024-02-06 00:00:00+00:00,USDC,2,DeFiLlama,25966881238.0,-27149234.0,-27142528.138852566
2024-02-07 00:00:00+00:00,USDC,2,DeFiLlama,26217899254.0,251018016.0,251520052.03671056
2024-02-08 00:00:00+00:00,USDC,2,DeFiLlama,26414784653.0,196885399.0,197082284.3941328
2024-02-09 00:00:00+00:00,USDC,2,DeFiLlama,26616157472.0,201372819.0,201349057.011759
2024-02-10 00:00:00+00:00,USDC,2,DeFiLlama,26806565845.0,190408373.0,190287844.50116873
2024-02-11 00:00:00+00:00,USDC,2,DeFiLlama,26826968671.0,20402826.0,20402826.0
2024-02-12 00:00:00+00:00,USDC,2,DeFiLlama,26803610811.0,-23357860.0,-23381217.860164706
2024-02-13 00:00:00+00:00,USDC,2,DeFiLlama,26657271501.0,-146339310.0,-146339163.66218045
2024-02-14 00:00:00+00:00,USDC,2,DeFiLlama,26715501557.0,58230056.0,58172350.0145977
2024-02-15 00:00:00+00:00,USDC,2,DeFiLlama,26884937563.0,169436006.0,170283186.03116593
2024-02-16 00:00:00+00:00,USDC,2,DeFiLlama,26962603158.0,77665595.0,77557717.48792991
2024-02-17 00:00:00+00:00,USDC,2,DeFiLlama,26960510313.0,-2092845.0,-2091693.9352245503
2024-02-18 00:00:00+00:00,USDC,2,DeFiLlama,26965558239.0,5047926.0,5052973.925955259
2024-02-19 00:00:00+00:00,USDC,2,DeFiLlama,26923120421.0,-42437818.0,-42437818.0
2024-02-20 00:00:00+00:00,USDC,2,DeFiLlama,26884372118.0,-38748303.0,-38707036.05774556
2024-02-21 00:00:00+00:00,USDC,2,DeFiLlama,26849138162.0,-35233956.0,-35194458.735166006
2024-02-22 00:00:00+00:00,USDC,2,DeFiLlama,26905476515.0,56338353.0,56220662.18150398
2024-02-23 00:00:00+00:00,USDC,2,DeFiLlama,26853304821.0,-52171694.0,-52223865.69434777
2024-02-24 00:00:00+00:00,USDC,2,DeFiLlama,26941129038.0,87824217.0,87912041.21687612
2024-02-25 00:00:00+00:00,USDC,2,DeFiLlama,26990807634.0,49678596.0,49643373.87656336
2024-02-26 00:00:00+00:00,USDC,2,DeFiLlama,27016393884.0,25586250.0,25573354.53049014
2024-02-27 00:00:00+00:00,USDC,2,DeFiLlama,27248948581.0,232554697.0,232208655.60649887
2024-02-28 00:00:00+00:00,USDC,2,DeFiLlama,27196072647.0,-52875934.0,-52928809.93468632
2024-02-29 00:00:00+00:00,USDC,2,DeFiLlama,27347800752.0,151728105.0,151399310.19219065
2024-03-01 00:00:00+00:00,USDC,2,DeFiLlama,27484804686.0,137003934.0,137414945.8017109
2024-03-02 00:00:00+00:00,USDC,2,DeFiLlama,27673628724.0,188824038.0,189012862.03305998
2024-03-03 00:00:00+00:00,USDC,2,DeFiLlama,27661749630.0,-11879094.0,-11866834.775257463
2024-03-04 00:00:00+00:00,USDC,2,DeFiLlama,27603887693.0,-57861937.0,-57977660.87319089
2024-03-05 00:00:00+00:00,USDC,2,DeFiLlama,27538326850.0,-65560843.0,-65360947.988658935
2024-03-06 00:00:00+00:00,USDC,2,DeFiLlama,27464080572.0,-74246278.0,-74237962.41692905
2024-03-07 00:00:00+00:00,USDC,2,DeFiLlama,27739878379.0,275797807.0,274837754.8401692
2024-03-08 00:00:00+00:00,USDC,2,DeFiLlama,27884612179.0,144733800.0,144733800.0
2024-03-09 00:00:00+00:00,USDC,2,DeFiLlama,28440553688.0,555941509.0,555905372.8017141
2024-03-10 00:00:00+00:00,USDC,2,DeFiLlama,28481735114.0,41181426.0,41170183.47169405
2024-03-11 00:00:00+00:00,USDC,2,DeFiLlama,28604591336.0,122856222.0,122620829.47864704
2024-03-12 00:00:00+00:00,USDC,2,DeFiLlama,28972227031.0,367635695.0,367144166.0699536
2024-03-13 00:00:00+00:00,USDC,2,DeFiLlama,28934440144.0,-37786887.0,-37784997.6556594
2024-03-14 00:00:00+00:00,USDC,2,DeFiLlama,29227668673.0,293228529.0,293521757.5322807
2024-03-15 00:00:00+00:00,USDC,2,DeFiLlama,29027559819.0,-200108854.0,-200709180.5657433
2024-03-16 00:00:00+00:00,USDC,2,DeFiLlama,29367700856.0,340141037.0,339906339.67972875
2024-03-17 00:00:00+00:00,USDC,2,DeFiLlama,29425677193.0,57976337.0,58034313.33859
2024-03-18 00:00:00+00:00,USDC,2,DeFiLlama,29351921177.0,-73756016.0,-73643095.53780028
2024-03-19 00:00:00+00:00,USDC,2,DeFiLlama,29670459831.0,318538654.0,318072313.41261154
2024-03-20 00:00:00+00:00,USDC,2,DeFiLlama,29690124696.0,19664865.0,19782854.18988343
2024-03-21 00:00:00+00:00,USDC,2,DeFiLlama,29932564271.0,242439575.0,241781109.1107365
2024-03-22 00:00:00+00:00,USDC,2,DeFiLlama,30332201522.0,399637251.0,399554526.0984641
2024-03-23 00:00:00+00:00,USDC,2,DeFiLlama,30524444759.0,192243237.0,192220744.54150277
2024-03-24 00:00:00+00:00,USDC,2,DeFiLlama,30547102777.0,22658018.0,22680676.01816541
2024-03-25 00:00:00+00:00,USDC,2,DeFiLlama,30537647709.0,-9455068.0,-9455068.0
2024-03-26 00:00:00+00:00,USDC,2,DeFiLlama,31565676685.0,1028028976.0,1028028976.0
2024-03-27 00:00:00+00:00,USDC,2,DeFiLlama,31613745703.0,48069018.0,48117087.01693108
2024-03-28 00:00:00+00:00,USDC,2,DeFiLlama,31416151474.0,-197594229.0,-197989417.45832705
2024-03-29 00:00:00+00:00,USDC,2,DeFiLlama,31780276306.0,364124832.0,363919829.71454585
2024-03-30 00:00:00+00:00,USDC,2,DeFiLlama,31841917385.0,61641079.0,61585478.74573781
2024-03-31 00:00:00+00:00,USDC,2,DeFiLlama,31824931204.0,-16986181.0,-17020153.362315975
2024-04-01 00:00:00+00:00,USDC,2,DeFiLlama,31790934909.0,-33996295.0,-33996295.0
2024-04-02 00:00:00+00:00,USDC,2,DeFiLlama,31990864846.0,199929937.0,199679624.71754605
2024-04-03 00:00:00+00:00,USDC,2,DeFiLlama,32165088086.0,174223240.0,173859810.31999177
2024-04-04 00:00:00+00:00,USDC,2,DeFiLlama,32195126362.0,30038276.0,30068314.27659526
2024-04-05 00:00:00+00:00,USDC,2,DeFiLlama,32336584375.0,141458013.0,141299580.02325273
2024-04-06 00:00:00+00:00,USDC,2,DeFiLlama,32230297819.0,-106286556.0,-106392842.55659689
2024-04-07 00:00:00+00:00,USDC,2,DeFiLlama,32255081128.0,24783309.0,24765043.701106675
2024-04-08 00:00:00+00:00,USDC,2,DeFiLlama,32235006842.0,-20074286.0,-20038252.656805236
2024-04-09 00:00:00+00:00,USDC,2,DeFiLlama,31925953622.0,-309053220.0,-308544827.4599555
2024-04-10 00:00:00+00:00,USDC,2,DeFiLlama,31616443554.0,-309510068.0,-309468284.1396432
2024-04-11 00:00:00+00:00,USDC,2,DeFiLlama,31517808937.0,-98634617.0,-98609070.6358077
2024-04-12 00:00:00+00:00,USDC,2,DeFiLlama,31549341681.0,31532744.0,31511049.472204488
2024-04-13 00:00:00+00:00,USDC,2,DeFiLlama,31264179381.0,-285162300.0,-285033121.48046774
2024-04-14 00:00:00+00:00,USDC,2,DeFiLlama,31652420433.0,388241052.0,387157082.99322885
2024-04-15 00:00:00+00:00,USDC,2,DeFiLlama,31594412347.0,-58008086.0,-57955356.651337825
2024-04-16 00:00:00+00:00,USDC,2,DeFiLlama,31704938570.0,110526223.0,110436475.7038522
2024-04-17 00:00:00+00:00,USDC,2,DeFiLlama,31899526710.0,194588140.0,194782728.14176902
2024-04-18 00:00:00+00:00,USDC,2,DeFiLlama,29831505528.0,-2068021182.0,-2067367687.358262
2024-04-19 00:00:00+00:00,USDC,2,DeFiLlama,32394404539.0,2562899011.0,2565461909.968357
2024-04-20 00:00:00+00:00,USDC,2,DeFiLlama,30952792378.0,-1441612161.0,-1441612161.0
2024-04-21 00:00:00+00:00,USDC,2,DeFiLlama,31005255269.0,52462891.0,52449827.73939984
2024-04-22 00:00:00+00:00,USDC,2,DeFiLlama,33263733245.0,2258477976.0,2257850119.111952
2024-04-23 00:00:00+00:00,USDC,2,DeFiLlama,33113780540.0,-149952705.0,-149952705.0
2024-04-24 00:00:00+00:00,USDC,2,DeFiLlama,32776174319.0,-337606221.0,-337557605.70522594
2024-04-25 00:00:00+00:00,USDC,2,DeFiLlama,32776174319.0,0.0,0.0
2024-04-26 00:00:00+00:00,USDC,2,DeFiLlama,32776174319.0,0.0,0.0
2024-04-27 00:00:00+00:00,USDC,2,DeFiLlama,32776174319.0,0.0,0.0
2024-04-28 00:00:00+00:00,USDC,2,DeFiLlama,32790717363.0,14543044.0,14539320.980578521
2024-04-29 00:00:00+00:00,USDC,2,DeFiLlama,32786787070.0,-3930293.0,-3929483.359538479
2024-04-30 00:00:00+00:00,USDC,2,DeFiLlama,32613350059.0,-173437011.0,-173200442.91955116
2024-05-01 00:00:00+00:00,USDC,2,DeFiLlama,32769862308.0,156512249.0,156512249.0
2024-05-02 00:00:00+00:00,USDC,2,DeFiLlama,32640836848.0,-129025460.0,-128967785.61966088
2024-05-03 00:00:00+00:00,USDC,2,DeFiLlama,32789477418.0,148640570.0,148511698.6254537
2024-05-04 00:00:00+00:00,USDC,2,DeFiLlama,33082677920.0,293200502.0,293200502.0
2024-05-05 00:00:00+00:00,USDC,2,DeFiLlama,33212705768.0,130027848.0,129839177.58890857
2024-05-06 00:00:00+00:00,USDC,2,DeFiLlama,33237118919.0,24413151.0,24411905.929346647
2024-05-07 00:00:00+00:00,USDC,2,DeFiLlama,32871551343.0,-365567576.0,-365933143.57218546
2024-05-08 00:00:00+00:00,USDC,2,DeFiLlama,32892068111.0,20516768.0,20500559.753160045
2024-05-09 00:00:00+00:00,USDC,2,DeFiLlama,32705018689.0,-187049422.0,-187043997.56986174
2024-05-10 00:00:00+00:00,USDC,2,DeFiLlama,32712102979.0,7084290.0,7084290.0
2024-05-11 00:00:00+00:00,USDC,2,DeFiLlama,32712591902.0,488923.0,488821.7929468274
2024-05-12 00:00:00+00:00,USDC,2,DeFiLlama,32726303585.0,13711683.0,13711683.0
2024-05-13 00:00:00+00:00,USDC,2,DeFiLlama,32720396210.0,-5907375.0,-5906223.0619221125
2024-05-14 00:00:00+00:00,USDC,2,DeFiLlama,32748090146.0,27693936.0,27693936.0
2024-05-15 00:00:00+00:00,USDC,2,DeFiLlama,32521671358.0,-226418788.0,-226418788.0
2024-05-16 00:00:00+00:00,USDC,2,DeFiLlama,32898068053.0,376396695.0,376272860.49180067
2024-05-17 00:00:00+00:00,USDC,2,DeFiLlama,32945131445.0,47063392.0,47063392.0
2024-05-18 00:00:00+00:00,USDC,2,DeFiLlama,33084845335.0,139713890.0,139672674.40402862
2024-05-19 00:00:00+00:00,USDC,2,DeFiLlama,33173562154.0,88716819.0,88716464.13338888
2024-05-20 00:00:00+00:00,USDC,2,DeFiLlama,33132170908.0,-41391246.0,-41390625.13076484
2024-05-21 00:00:00+00:00,USDC,2,DeFiLlama,32958614965.0,-173555943.0,-173555943.0
2024-05-22 00:00:00+00:00,USDC,2,DeFiLlama,32723866746.0,-234748219.0,-234748219.0
2024-05-23 00:00:00+00:00,USDC,2,DeFiLlama,32736190566.0,12323820.0,12323820.0
2024-05-24 00:00:00+00:00,USDC,2,DeFiLlama,32401500028.0,-334690538.0,-334690538.0
2024-05-25 00:00:00+00:00,USDC,2,DeFiLlama,32405022322.0,3522294.0,3522294.0
2024-05-26 00:00:00+00:00,USDC,2,DeFiLlama,32363989613.0,-41032709.0,-41011577.154422134
2024-05-27 00:00:00+00:00,USDC,2,DeFiLlama,32272615585.0,-91374028.0,-91374028.0
2024-05-28 00:00:00+00:00,USDC,2,DeFiLlama,32185054949.0,-87560636.0,-87539796.56884383
2024-05-29 00:00:00+00:00,USDC,2,DeFiLlama,31937897151.0,-247157798.0,-247092548.34788936
2024-05-30 00:00:00+00:00,USDC,2,DeFiLlama,31803642258.0,-134254893.0,-134254893.0
2024-05-31 00:00:00+00:00,USDC,2,DeFiLlama,31980740966.0,177098708.0,177037608.94924682
2024-06-01 00:00:00+00:00,USDC,2,DeFiLlama,32034473251.0,53732285.0,53732285.0
2024-06-02 00:00:00+00:00,USDC,2,DeFiLlama,31988646227.0,-45827024.0,-45820974.83183199
2024-06-03 00:00:00+00:00,USDC,2,DeFiLlama,31991608304.0,2962077.0,2962077.0
2024-06-04 00:00:00+00:00,USDC,2,DeFiLlama,31942582612.0,-49025692.0,-49017259.57976237
2024-06-05 00:00:00+00:00,USDC,2,DeFiLlama,32025618319.0,83035707.0,83010048.96669406
2024-06-06 00:00:00+00:00,USDC,2,DeFiLlama,32181050388.0,155432069.0,155587501.067126
2024-06-07 00:00:00+00:00,USDC,2,DeFiLlama,32124188766.0,-56861622.0,-56861622.0
2024-06-08 00:00:00+00:00,USDC,2,DeFiLlama,31834632607.0,-289556159.0,-289556159.0
2024-06-09 00:00:00+00:00,USDC,2,DeFiLlama,31808895978.0,-25736629.0,-25736629.0
2024-06-10 00:00:00+00:00,USDC,2,DeFiLlama,31822150979.0,13255001.0,13255001.0
2024-06-11 00:00:00+00:00,USDC,2,DeFiLlama,31705178599.0,-116972380.0,-116963373.1258255
2024-06-12 00:00:00+00:00,USDC,2,DeFiLlama,31731991876.0,26813277.0,26813277.0
2024-06-13 00:00:00+00:00,USDC,2,DeFiLlama,32004866980.0,272875104.0,272849999.4969302
2024-06-14 00:00:00+00:00,USDC,2,DeFiLlama,32182896477.0,178029497.0,177977156.33100325
2024-06-15 00:00:00+00:00,USDC,2,DeFiLlama,32295116493.0,112220016.0,112220016.0
2024-06-16 00:00:00+00:00,USDC,2,DeFiLlama,32042724892.0,-252391601.0,-252391601.0
2024-06-17 00:00:00+00:00,USDC,2,DeFiLlama,32086373097.0,43648205.0,43640479.26776692
2024-06-18 00:00:00+00:00,USDC,2,DeFiLlama,32057726951.0,-28646146.0,-28646146.0
2024-06-19 00:00:00+00:00,USDC,2,DeFiLlama,32387564199.0,329837248.0,329629780.3697978
2024-06-20 00:00:00+00:00,USDC,2,DeFiLlama,32393738738.0,6174539.0,6173495.5028797835
2024-06-21 00:00:00+00:00,USDC,2,DeFiLlama,32202287401.0,-191451337.0,-191422044.94527465
2024-06-22 00:00:00+00:00,USDC,2,DeFiLlama,32283135151.0,80847750.0,80847750.0
2024-06-23 00:00:00+00:00,USDC,2,DeFiLlama,32305268351.0,22133200.0,22128994.691990882
2024-06-24 00:00:00+00:00,USDC,2,DeFiLlama,32281950157.0,-23318194.0,-23301521.491551667
2024-06-25 00:00:00+00:00,USDC,2,DeFiLlama,32157441213.0,-124508944.0,-124508944.0
2024-06-26 00:00:00+00:00,USDC,2,DeFiLlama,32376832298.0,219391085.0,219391085.0
2024-06-27 00:00:00+00:00,USDC,2,DeFiLlama,32535459836.0,158627538.0,158623413.6837962
2024-06-28 00:00:00+00:00,USDC,2,DeFiLlama,32249839223.0,-285620613.0,-285597477.73014385
2024-06-29 00:00:00+00:00,USDC,2,DeFiLlama,31901796167.0,-348043056.0,-347973795.4257163
2024-06-30 00:00:00+00:00,USDC,2,DeFiLlama,31870357355.0,-31438812.0,-31470250.811649803
2024-07-01 00:00:00+00:00,USDC,2,DeFiLlama,31822097530.0,-48259825.0,-48257942.86652725
2024-07-02 00:00:00+00:00,USDC,2,DeFiLlama,32096874642.0,274777112.0,275051889.11506474
2024-07-03 00:00:00+00:00,USDC,2,DeFiLlama,32178206680.0,81332038.0,81332038.0
2024-07-04 00:00:00+00:00,USDC,2,DeFiLlama,32396935312.0,218728632.0,218501372.94992855
2024-07-05 00:00:00+00:00,USDC,2,DeFiLlama,32528521082.0,131585770.0,131717355.76966831
2024-07-06 00:00:00+00:00,USDC,2,DeFiLlama,33226925563.0,698404481.0,699102885.4901855
2024-07-07 00:00:00+00:00,USDC,2,DeFiLlama,33358010946.0,131085383.0,131056806.38802373
2024-07-08 00:00:00+00:00,USDC,2,DeFiLlama,33350470878.0,-7540068.0,-7540068.0
2024-07-09 00:00:00+00:00,USDC,2,DeFiLlama,33485526515.0,135055637.0,134954345.27179122
2024-07-10 00:00:00+00:00,USDC,2,DeFiLlama,33579112244.0,93585729.0,93582547.08470201
2024-07-11 00:00:00+00:00,USDC,2,DeFiLlama,33709067966.0,129955722.0,129955722.0
2024-07-12 00:00:00+00:00,USDC,2,DeFiLlama,33579251630.0,-129816336.0,-129816336.0
2024-07-13 00:00:00+00:00,USDC,2,DeFiLlama,33168662832.0,-410588798.0,-411820564.40023893
2024-07-14 00:00:00+00:00,USDC,2,DeFiLlama,33571110505.0,402447673.0,402347865.981954
2024-07-15 00:00:00+00:00,USDC,2,DeFiLlama,33567281390.0,-3829115.0,-3828605.727753466
2024-07-16 00:00:00+00:00,USDC,2,DeFiLlama,33534861013.0,-32420377.0,-32420377.0
2024-07-17 00:00:00+00:00,USDC,2,DeFiLlama,33570247780.0,35386767.0,35386767.0
2024-07-18 00:00:00+00:00,USDC,2,DeFiLlama,33374823978.0,-195423802.0,-195423802.0
2024-07-19 00:00:00+00:00,USDC,2,DeFiLlama,33289055774.0,-85768204.0,-85732695.963777
2024-07-20 00:00:00+00:00,USDC,2,DeFiLlama,33556248642.0,267192868.0,267727253.73373863
2024-07-21 00:00:00+00:00,USDC,2,DeFiLlama,33688606180.0,132357538.0,132334640.14541186
2024-07-22 00:00:00+00:00,USDC,2,DeFiLlama,33560640016.0,-127966164.0,-127966164.0
2024-07-23 00:00:00+00:00,USDC,2,DeFiLlama,33592678729.0,32038713.0,32070751.713258464
2024-07-24 00:00:00+00:00,USDC,2,DeFiLlama,33738013822.0,145335093.0,145313147.4013323
2024-07-25 00:00:00+00:00,USDC,2,DeFiLlama,33612787109.0,-125226713.0,-125194780.19084056
2024-07-26 00:00:00+00:00,USDC,2,DeFiLlama,33374136025.0,-238651084.0,-238561351.19345573
2024-07-27 00:00:00+00:00,USDC,2,DeFiLlama,33721211792.0,347075767.0,347002186.9363657
2024-07-28 00:00:00+00:00,USDC,2,DeFiLlama,33744379813.0,23168021.0,23165264.004950196
2024-07-29 00:00:00+00:00,USDC,2,DeFiLlama,33724328691.0,-20051122.0,-20048936.42759933
2024-07-30 00:00:00+00:00,USDC,2,DeFiLlama,33338671490.0,-385657201.0,-385657201.0
2024-07-31 00:00:00+00:00,USDC,2,DeFiLlama,33083244630.0,-255426860.0,-255937713.71799257
2024-08-01 00:00:00+00:00,USDC,2,DeFiLlama,32975847532.0,-107397098.0,-107397098.0
2024-08-02 00:00:00+00:00,USDC,2,DeFiLlama,32554955077.0,-420892455.0,-420892455.0
2024-08-03 00:00:00+00:00,USDC,2,DeFiLlama,32589592799.0,34637722.0,34637722.0
2024-08-04 00:00:00+00:00,USDC,2,DeFiLlama,32705368390.0,115775591.0,115775591.0
2024-08-05 00:00:00+00:00,USDC,2,DeFiLlama,32831859620.0,126491230.0,126491230.0
2024-08-06 00:00:00+00:00,USDC,2,DeFiLlama,33320174780.0,488315160.0,488315160.0
2024-08-07 00:00:00+00:00,USDC,2,DeFiLlama,33808347110.0,488172330.0,488172330.0
2024-08-08 00:00:00+00:00,USDC,2,DeFiLlama,34056404496.0,248057386.0,249297672.92650384
2024-08-09 00:00:00+00:00,USDC,2,DeFiLlama,34064648192.0,8243696.0,8243696.0
2024-08-10 00:00:00+00:00,USDC,2,DeFiLlama,34001117090.0,-63531102.0,-63521889.99016899
2024-08-11 00:00:00+00:00,USDC,2,DeFiLlama,34043435200.0,42318110.0,42221667.02708724
2024-08-12 00:00:00+00:00,USDC,2,DeFiLlama,34025247833.0,-18187367.0,-18205554.367089268
2024-08-13 00:00:00+00:00,USDC,2,DeFiLlama,34058003605.0,32755772.0,32755772.0
2024-08-14 00:00:00+00:00,USDC,2,DeFiLlama,34029385017.0,-28618588.0,-28618588.0
2024-08-15 00:00:00+00:00,USDC,2,DeFiLlama,34033979753.0,4594736.0,4594736.0
2024-08-16 00:00:00+00:00,USDC,2,DeFiLlama,34102608602.0,68628849.0,68590485.47382863
2024-08-17 00:00:00+00:00,USDC,2,DeFiLlama,34355462675.0,252854073.0,252854073.0
2024-08-18 00:00:00+00:00,USDC,2,DeFiLlama,34378786343.0,23323668.0,23323668.0
2024-08-19 00:00:00+00:00,USDC,2,DeFiLlama,34348233692.0,-30552651.0,-30549534.629452642
2024-08-20 00:00:00+00:00,USDC,2,DeFiLlama,34441773839.0,93540147.0,93530138.20372993
2024-08-21 00:00:00+00:00,USDC,2,DeFiLlama,34339670350.0,-102103489.0,-102012821.09959984
2024-08-22 00:00:00+00:00,USDC,2,DeFiLlama,34442321418.0,102651068.0,102610726.13122159
2024-08-23 00:00:00+00:00,USDC,2,DeFiLlama,34225560581.0,-216760837.0,-216685620.9928645
2024-08-24 00:00:00+00:00,USDC,2,DeFiLlama,34466304100.0,240743519.0,240447885.95472014
2024-08-25 00:00:00+00:00,USDC,2,DeFiLlama,34394484122.0,-71819978.0,-71891797.97774525
2024-08-26 00:00:00+00:00,USDC,2,DeFiLlama,34343148851.0,-51335271.0,-51329316.108962685
2024-08-27 00:00:00+00:00,USDC,2,DeFiLlama,34087886423.0,-255262428.0,-254994657.7119626
2024-08-28 00:00:00+00:00,USDC,2,DeFiLlama,33820804202.0,-267082221.0,-267082221.0
2024-08-29 00:00:00+00:00,USDC,2,DeFiLlama,33944435169.0,123630967.0,123583616.34207825
2024-08-30 00:00:00+00:00,USDC,2,DeFiLlama,34419245011.0,474809842.0,474809842.0
2024-08-31 00:00:00+00:00,USDC,2,DeFiLlama,34509386329.0,90141318.0,90141318.0
2024-09-01 00:00:00+00:00,USDC,2,DeFiLlama,34493737416.0,-15648913.0,-15621949.922704907
2024-09-02 00:00:00+00:00,USDC,2,DeFiLlama,34523332736.0,29595320.0,29624915.319369063
2024-09-03 00:00:00+00:00,USDC,2,DeFiLlama,34567470119.0,44137383.0,44137383.0
2024-09-04 00:00:00+00:00,USDC,2,DeFiLlama,34432573004.0,-134897115.0,-134882141.4186814
2024-09-05 00:00:00+00:00,USDC,2,DeFiLlama,34694349289.0,261776285.0,261776285.0
2024-09-06 00:00:00+00:00,USDC,2,DeFiLlama,34703034575.0,8685286.0,8685286.0
2024-09-07 00:00:00+00:00,USDC,2,DeFiLlama,34617185926.0,-85848649.0,-85829247.20537381
2024-09-08 00:00:00+00:00,USDC,2,DeFiLlama,34722999642.0,105813716.0,105748217.3091207
2024-09-09 00:00:00+00:00,USDC,2,DeFiLlama,34768456172.0,45456530.0,45440392.933080345
2024-09-10 00:00:00+00:00,USDC,2,DeFiLlama,34887333593.0,118877421.0,118996298.41897936
2024-09-11 00:00:00+00:00,USDC,2,DeFiLlama,35107738761.0,220405168.0,220405168.0
2024-09-12 00:00:00+00:00,USDC,2,DeFiLlama,35144079209.0,36340448.0,36334488.16651794
2024-09-13 00:00:00+00:00,USDC,2,DeFiLlama,35175581840.0,31502631.0,31480799.67690966
2024-09-14 00:00:00+00:00,USDC,2,DeFiLlama,35524394816.0,348812976.0,348768676.7534387
2024-09-15 00:00:00+00:00,USDC,2,DeFiLlama,35515079894.0,-9314922.0,-9314922.0
2024-09-16 00:00:00+00:00,USDC,2,DeFiLlama,35491876581.0,-23203313.0,-23203313.0
2024-09-17 00:00:00+00:00,USDC,2,DeFiLlama,35249878232.0,-241998349.0,-241877107.8271114
2024-09-18 00:00:00+00:00,USDC,2,DeFiLlama,35405736481.0,155858249.0,155858249.0
2024-09-19 00:00:00+00:00,USDC,2,DeFiLlama,35365866074.0,-39870407.0,-39868174.25777184
2024-09-20 00:00:00+00:00,USDC,2,DeFiLlama,35387947380.0,22081306.0,22067262.289717004
2024-09-21 00:00:00+00:00,USDC,2,DeFiLlama,35541185930.0,153238550.0,153197328.8301154
2024-09-22 00:00:00+00:00,USDC,2,DeFiLlama,35611894842.0,70708912.0,70779620.91231371
2024-09-23 00:00:00+00:00,USDC,2,DeFiLlama,35651896571.0,40001729.0,40001729.0
2024-09-24 00:00:00+00:00,USDC,2,DeFiLlama,35609776107.0,-42120464.0,-42120464.0
2024-09-25 00:00:00+00:00,USDC,2,DeFiLlama,35780423511.0,170647404.0,170602694.37996066
2024-09-26 00:00:00+00:00,USDC,2,DeFiLlama,35816830806.0,36407295.0,36405984.337287515
2024-09-27 00:00:00+00:00,USDC,2,DeFiLlama,36056633973.0,239803167.0,239803167.0
2024-09-28 00:00:00+00:00,USDC,2,DeFiLlama,36058585407.0,1951434.0,1950803.6868226791
2024-09-29 00:00:00+00:00,USDC,2,DeFiLlama,36038353425.0,-20231982.0,-20231982.0
2024-09-30 00:00:00+00:00,USDC,2,DeFiLlama,36002121763.0,-36231662.0,-36197568.0056343
2024-10-01 00:00:00+00:00,USDC,2,DeFiLlama,35183237169.0,-818884594.0,-818659400.7418048
2024-10-02 00:00:00+00:00,USDC,2,DeFiLlama,35308113870.0,124876701.0,124876701.0
2024-10-03 00:00:00+00:00,USDC,2,DeFiLlama,35327000351.0,18886481.0,18886481.0
2024-10-04 00:00:00+00:00,USDC,2,DeFiLlama,35300864970.0,-26135381.0,-26130467.548826847
2024-10-05 00:00:00+00:00,USDC,2,DeFiLlama,35303828070.0,2963100.0,2962474.785876732
2024-10-06 00:00:00+00:00,USDC,2,DeFiLlama,35353561263.0,49733193.0,49832659.38526005
2024-10-07 00:00:00+00:00,USDC,2,DeFiLlama,35357850616.0,4289353.0,4278685.37902616
2024-10-08 00:00:00+00:00,USDC,2,DeFiLlama,35098642783.0,-259207833.0,-259207833.0
2024-10-09 00:00:00+00:00,USDC,2,DeFiLlama,34799002757.0,-299640026.0,-299587289.35960215
2024-10-10 00:00:00+00:00,USDC,2,DeFiLlama,34532097909.0,-266904848.0,-266873353.22448307
2024-10-11 00:00:00+00:00,USDC,2,DeFiLlama,34471039320.0,-61058589.0,-61025495.24531365
2024-10-12 00:00:00+00:00,USDC,2,DeFiLlama,34715463651.0,244424331.0,244405754.75251603
2024-10-13 00:00:00+00:00,USDC,2,DeFiLlama,34759320262.0,43856611.0,43856611.0
2024-10-14 00:00:00+00:00,USDC,2,DeFiLlama,34727446159.0,-31874103.0,-31937851.205708124
2024-10-15 00:00:00+00:00,USDC,2,DeFiLlama,34615883385.0,-111562774.0,-111560765.86974871
2024-10-16 00:00:00+00:00,USDC,2,DeFiLlama,34626254298.0,10370913.0,10369398.84674019
2024-10-17 00:00:00+00:00,USDC,2,DeFiLlama,34527890988.0,-98363310.0,-98299865.66415906
2024-10-18 00:00:00+00:00,USDC,2,DeFiLlama,34460456278.0,-67434710.0,-67423313.5322703
2024-10-19 00:00:00+00:00,USDC,2,DeFiLlama,34665504068.0,205047790.0,205047790.0
2024-10-20 00:00:00+00:00,USDC,2,DeFiLlama,34669562630.0,4058562.0,4055209.6278737355
2024-10-21 00:00:00+00:00,USDC,2,DeFiLlama,34683804214.0,14241584.0,14230803.121236382
2024-10-22 00:00:00+00:00,USDC,2,DeFiLlama,34420505363.0,-263298851.0,-263260672.66872874
2024-10-23 00:00:00+00:00,USDC,2,DeFiLlama,34288248878.0,-132256485.0,-132222362.82768202
2024-10-24 00:00:00+00:00,USDC,2,DeFiLlama,34055928888.0,-232319990.0,-232243556.72058964
2024-10-25 00:00:00+00:00,USDC,2,DeFiLlama,34176177949.0,120249061.0,119784538.87882417
2024-10-26 00:00:00+00:00,USDC,2,DeFiLlama,34394600051.0,218422102.0,218338664.75842983
2024-10-27 00:00:00+00:00,USDC,2,DeFiLlama,34353139387.0,-41460664.0,-41460664.0
2024-10-28 00:00:00+00:00,USDC,2,DeFiLlama,34379494587.0,26355200.0,26381555.200316604
2024-10-29 00:00:00+00:00,USDC,2,DeFiLlama,34431370936.0,51876349.0,51821308.194559395
2024-10-30 00:00:00+00:00,USDC,2,DeFiLlama,34500643590.0,69272654.0,69267943.45905438
2024-10-31 00:00:00+00:00,USDC,2,DeFiLlama,34777501228.0,276857638.0,276857638.0
2024-11-01 00:00:00+00:00,USDC,2,DeFiLlama,34428836790.0,-348664438.0,-348581455.865336
2024-11-02 00:00:00+00:00,USDC,2,DeFiLlama,34628613090.0,199776300.0,199741738.7004725
2024-11-03 00:00:00+00:00,USDC,2,DeFiLlama,34816221826.0,187608736.0,187465402.9282559
2024-11-04 00:00:00+00:00,USDC,2,DeFiLlama,34819119229.0,2897403.0,2900300.402980944
2024-11-05 00:00:00+00:00,USDC,2,DeFiLlama,35032825651.0,213706422.0,214133834.84215775
2024-11-06 00:00:00+00:00,USDC,2,DeFiLlama,35495702378.0,462876727.0,462736012.4818109
2024-11-07 00:00:00+00:00,USDC,2,DeFiLlama,36778932850.0,1283230472.0,1284513702.4772336
2024-11-08 00:00:00+00:00,USDC,2,DeFiLlama,36837551465.0,58618615.0,58618615.0
2024-11-09 00:00:00+00:00,USDC,2,DeFiLlama,37080522523.0,242971058.0,242943116.3289207
2024-11-10 00:00:00+00:00,USDC,2,DeFiLlama,36973238612.0,-107283911.0,-107021709.12200269
2024-11-11 00:00:00+00:00,USDC,2,DeFiLlama,36898324678.0,-74913934.0,-75513245.47316943
2024-11-12 00:00:00+00:00,USDC,2,DeFiLlama,36886004565.0,-12320113.0,-12318474.424839783
2024-11-13 00:00:00+00:00,USDC,2,DeFiLlama,36453658694.0,-432345871.0,-432064413.8475833
2024-11-14 00:00:00+00:00,USDC,2,DeFiLlama,36643380150.0,189721456.0,189335752.27914923
2024-11-15 00:00:00+00:00,USDC,2,DeFiLlama,36835407938.0,192027788.0,192027788.0
2024-11-16 00:00:00+00:00,USDC,2,DeFiLlama,36927137301.0,91729363.0,91558838.11478554
2024-11-17 00:00:00+00:00,USDC,2,DeFiLlama,37072910422.0,145773121.0,145622537.36390698
2024-11-18 00:00:00+00:00,USDC,2,DeFiLlama,37047044412.0,-25866010.0,-25842652.993042637
2024-11-19 00:00:00+00:00,USDC,2,DeFiLlama,37334703629.0,287659217.0,287560549.8912252
2024-11-20 00:00:00+00:00,USDC,2,DeFiLlama,37359206470.0,24502841.0,24502841.0
2024-11-21 00:00:00+00:00,USDC,2,DeFiLlama,37853997311.0,494790841.0,494790841.0
2024-11-22 00:00:00+00:00,USDC,2,DeFiLlama,38168544103.0,314546792.0,314546792.0
2024-11-23 00:00:00+00:00,USDC,2,DeFiLlama,38798750042.0,630205939.0,630108257.0836215
2024-11-24 00:00:00+00:00,USDC,2,DeFiLlama,39047159301.0,248409259.0,248906077.51417023
2024-11-25 00:00:00+00:00,USDC,2,DeFiLlama,38981295280.0,-65864021.0,-66061613.0615807
2024-11-26 00:00:00+00:00,USDC,2,DeFiLlama,38691389600.0,-289905680.0,-288993346.8255735
2024-11-27 00:00:00+00:00,USDC,2,DeFiLlama,38536964162.0,-154425438.0,-154378338.23768094
2024-11-28 00:00:00+00:00,USDC,2,DeFiLlama,39521814770.0,984850608.0,985835458.5888122
2024-11-29 00:00:00+00:00,USDC,2,DeFiLlama,39413361184.0,-108453586.0,-108439920.84681343
2024-11-30 00:00:00+00:00,USDC,2,DeFiLlama,39746464406.0,333103222.0,333011951.7192441
2024-12-01 00:00:00+00:00,USDC,2,DeFiLlama,39865840343.0,119375937.0,119375937.0
2024-12-02 00:00:00+00:00,USDC,2,DeFiLlama,40029815218.0,163974875.0,163974875.0
2024-12-03 00:00:00+00:00,USDC,2,DeFiLlama,39902043704.0,-127771514.0,-127899285.5117457
2024-12-04 00:00:00+00:00,USDC,2,DeFiLlama,40078216692.0,176172988.0,176349160.9893539
2024-12-05 00:00:00+00:00,USDC,2,DeFiLlama,40638149207.0,559932515.0,559013665.7408001
2024-12-06 00:00:00+00:00,USDC,2,DeFiLlama,40231975255.0,-406173952.0,-405968021.8008266
2024-12-07 00:00:00+00:00,USDC,2,DeFiLlama,41136147069.0,904171814.0,903996404.6577839
2024-12-08 00:00:00+00:00,USDC,2,DeFiLlama,41131834220.0,-4312849.0,-4312849.0
2024-12-09 00:00:00+00:00,USDC,2,DeFiLlama,40969386687.0,-162447533.0,-162324722.66638178
2024-12-10 00:00:00+00:00,USDC,2,DeFiLlama,40570582254.0,-398804433.0,-399203237.43050325
2024-12-11 00:00:00+00:00,USDC,2,DeFiLlama,40746368258.0,175786004.0,175590354.17699215
2024-12-12 00:00:00+00:00,USDC,2,DeFiLlama,41597995926.0,851627668.0,851627668.0
2024-12-13 00:00:00+00:00,USDC,2,DeFiLlama,41535712753.0,-62283173.0,-62278314.91339781
2024-12-14 00:00:00+00:00,USDC,2,DeFiLlama,41983548416.0,447835663.0,447835663.0
2024-12-15 00:00:00+00:00,USDC,2,DeFiLlama,41995372080.0,11823664.0,11835487.663977476
2024-12-16 00:00:00+00:00,USDC,2,DeFiLlama,42123004404.0,127632324.0,127552043.26750746
2024-12-17 00:00:00+00:00,USDC,2,DeFiLlama,42395161081.0,272156677.0,272156677.0
2024-12-18 00:00:00+00:00,USDC,2,DeFiLlama,42539086291.0,143925210.0,143900886.6414831
2024-12-19 00:00:00+00:00,USDC,2,DeFiLlama,42340498552.0,-198587739.0,-198568277.40091243
2024-12-20 00:00:00+00:00,USDC,2,DeFiLlama,42440941689.0,100443137.0,100543580.13773602
2024-12-21 00:00:00+00:00,USDC,2,DeFiLlama,42762296991.0,321355302.0,321309990.90148413
2024-12-22 00:00:00+00:00,USDC,2,DeFiLlama,42942740708.0,180443717.0,180624160.71822697
2024-12-23 00:00:00+00:00,USDC,2,DeFiLlama,43015598519.0,72857811.0,73003526.62193565
2024-12-24 00:00:00+00:00,USDC,2,DeFiLlama,43032426602.0,16828083.0,16823404.79276776
2024-12-25 00:00:00+00:00,USDC,2,DeFiLlama,43051898387.0,19471785.0,19471785.0
2024-12-26 00:00:00+00:00,USDC,2,DeFiLlama,43102087396.0,50189009.0,50239198.008538894
2024-12-27 00:00:00+00:00,USDC,2,DeFiLlama,43474413403.0,372326007.0,372237393.4051091
2024-12-28 00:00:00+00:00,USDC,2,DeFiLlama,43530143468.0,55730065.0,55729563.42850757
2024-12-29 00:00:00+00:00,USDC,2,DeFiLlama,43637942884.0,107799416.0,107750798.46150824
2024-12-30 00:00:00+00:00,USDC,2,DeFiLlama,43635466512.0,-2476372.0,-2473591.0342379264
2024-12-31 00:00:00+00:00,USDC,2,DeFiLlama,43825884044.0,190417532.0,190324227.41010886
2025-01-01 00:00:00+00:00,USDC,2,DeFiLlama,43937243150.0,111359106.0,111294740.43810241
2025-01-02 00:00:00+00:00,USDC,2,DeFiLlama,43688575678.0,-248667472.0,-248651557.28090063
2025-01-03 00:00:00+00:00,USDC,2,DeFiLlama,44438565566.0,749989888.0,749989888.0
2025-01-04 00:00:00+00:00,USDC,2,DeFiLlama,45354600315.0,916034749.0,915257951.5342036
2025-01-05 00:00:00+00:00,USDC,2,DeFiLlama,45530602060.0,176001745.0,176001745.0
2025-01-06 00:00:00+00:00,USDC,2,DeFiLlama,45571803332.0,41201272.0,41187716.78177982
2025-01-07 00:00:00+00:00,USDC,2,DeFiLlama,45766768171.0,194964839.0,194662448.53655648
2025-01-08 00:00:00+00:00,USDC,2,DeFiLlama,45483765590.0,-283002581.0,-282861928.720343
2025-01-09 00:00:00+00:00,USDC,2,DeFiLlama,45299722398.0,-184043192.0,-184039879.22255686
2025-01-10 00:00:00+00:00,USDC,2,DeFiLlama,45428928639.0,129206241.0,129196808.94381157
2025-01-11 00:00:00+00:00,USDC,2,DeFiLlama,45749299008.0,320370369.0,320370048.6247221
2025-01-12 00:00:00+00:00,USDC,2,DeFiLlama,45752842777.0,3543769.0,3543056.7024618406
2025-01-13 00:00:00+00:00,USDC,2,DeFiLlama,45747612531.0,-5230246.0,-5229989.717947603
2025-01-14 00:00:00+00:00,USDC,2,DeFiLlama,45618418063.0,-129194468.0,-129194468.0
2025-01-15 00:00:00+00:00,USDC,2,DeFiLlama,45738260592.0,119842529.0,119841809.94368242
2025-01-16 00:00:00+00:00,USDC,2,DeFiLlama,46249378942.0,511118350.0,511116305.5212486
2025-01-17 00:00:00+00:00,USDC,2,DeFiLlama,46456612611.0,207233669.0,207232632.83193627
2025-01-18 00:00:00+00:00,USDC,2,DeFiLlama,47418782083.0,962169472.0,962169472.0
2025-01-19 00:00:00+00:00,USDC,2,DeFiLlama,47532720201.0,113938118.0,113938118.0
2025-01-20 00:00:00+00:00,USDC,2,DeFiLlama,48228754020.0,696033819.0,696030338.842019
2025-01-21 00:00:00+00:00,USDC,2,DeFiLlama,48178477166.0,-50276854.0,-50276854.0
2025-01-22 00:00:00+00:00,USDC,2,DeFiLlama,50873887564.0,2695410398.0,2695410398.0
2025-01-23 00:00:00+00:00,USDC,2,DeFiLlama,51557366778.0,683479214.0,683479214.0
2025-01-24 00:00:00+00:00,USDC,2,DeFiLlama,51963749610.0,406382832.0,406374704.343299
2025-01-25 00:00:00+00:00,USDC,2,DeFiLlama,52182714982.0,218965372.0,218950701.32386842
2025-01-26 00:00:00+00:00,USDC,2,DeFiLlama,52129911436.0,-52803546.0,-52803546.0
2025-01-27 00:00:00+00:00,USDC,2,DeFiLlama,52090923334.0,-38988102.0,-38988102.0
2025-01-28 00:00:00+00:00,USDC,2,DeFiLlama,52357894765.0,266971431.0,266943132.0275241
2025-01-29 00:00:00+00:00,USDC,2,DeFiLlama,52516661284.0,158766519.0,158765248.8657024
2025-01-30 00:00:00+00:00,USDC,2,DeFiLlama,52580071526.0,63410242.0,63410242.0
2025-01-31 00:00:00+00:00,USDC,2,DeFiLlama,53139562114.0,559490588.0,559490588.0
2025-02-01 00:00:00+00:00,USDC,2,DeFiLlama,53307616280.0,168054166.0,168054166.0
2025-02-02 00:00:00+00:00,USDC,2,DeFiLlama,53305126113.0,-2490167.0,-2490087.3146576635
2025-02-03 00:00:00+00:00,USDC,2,DeFiLlama,53342579974.0,37453861.0,37453823.54584408
2025-02-04 00:00:00+00:00,USDC,2,DeFiLlama,54473269241.0,1130689267.0,1130689267.0
2025-02-05 00:00:00+00:00,USDC,2,DeFiLlama,55006342689.0,533073448.0,533057988.86940694
2025-02-06 00:00:00+00:00,USDC,2,DeFiLlama,55340707917.0,334365228.0,334361549.9812056
2025-02-07 00:00:00+00:00,USDC,2,DeFiLlama,55700438368.0,359730451.0,359714622.8620172
2025-02-08 00:00:00+00:00,USDC,2,DeFiLlama,56241432847.0,540994479.0,540991774.0195657
2025-02-09 00:00:00+00:00,USDC,2,DeFiLlama,56013396596.0,-228036251.0,-228028497.7694375
2025-02-10 00:00:00+00:00,USDC,2,DeFiLlama,56157297653.0,143901057.0,143894725.35373986
2025-02-11 00:00:00+00:00,USDC,2,DeFiLlama,56144945460.0,-12352193.0,-12351649.503420051
2025-02-12 00:00:00+00:00,USDC,2,DeFiLlama,56084052842.0,-60892618.0,-60887563.91312497
2025-02-13 00:00:00+00:00,USDC,2,DeFiLlama,56045541773.0,-38511069.0,-38508026.62541162
2025-02-14 00:00:00+00:00,USDC,2,DeFiLlama,56104910202.0,59368429.0,59362492.157121375
2025-02-15 00:00:00+00:00,USDC,2,DeFiLlama,56399848127.0,294937925.0,294908726.1452398
2025-02-16 00:00:00+00:00,USDC,2,DeFiLlama,56430534307.0,30686180.0,30685965.196598697
2025-02-17 00:00:00+00:00,USDC,2,DeFiLlama,56485382945.0,54848638.0,54844853.44341792
2025-02-18 00:00:00+00:00,USDC,2,DeFiLlama,56487109965.0,1727020.0,1726714.3174741801
2025-02-19 00:00:00+00:00,USDC,2,DeFiLlama,56243872726.0,-243237239.0,-243213644.99064717
2025-02-20 00:00:00+00:00,USDC,2,DeFiLlama,56214009708.0,-29863018.0,-29858568.410023957
2025-02-21 00:00:00+00:00,USDC,2,DeFiLlama,56216426123.0,2416415.0,2416161.276413949
2025-02-22 00:00:00+00:00,USDC,2,DeFiLlama,57197162929.0,980736806.0,980666192.9453536
2025-02-23 00:00:00+00:00,USDC,2,DeFiLlama,57098172000.0,-98990929.0,-98985781.47159491
2025-02-24 00:00:00+00:00,USDC,2,DeFiLlama,57207742538.0,109570538.0,109559033.09344582
2025-02-25 00:00:00+00:00,USDC,2,DeFiLlama,56581207853.0,-626534685.0,-626464513.1073022
2025-02-26 00:00:00+00:00,USDC,2,DeFiLlama,56295739197.0,-285468656.0,-285439823.6640143
2025-02-27 00:00:00+00:00,USDC,2,DeFiLlama,56070800854.0,-224938343.0,-224899653.6039886
2025-02-28 00:00:00+00:00,USDC,2,DeFiLlama,55644719728.0,-426081126.0,-426016361.6642434
2025-03-01 00:00:00+00:00,USDC,2,DeFiLlama,56439118978.0,794399250.0,794342847.6595479
2025-03-02 00:00:00+00:00,USDC,2,DeFiLlama,56431084977.0,-8034001.0,-8033968.864044392
2025-03-03 00:00:00+00:00,USDC,2,DeFiLlama,56444913701.0,13828724.0,13824575.382582027
2025-03-04 00:00:00+00:00,USDC,2,DeFiLlama,56223346097.0,-221567604.0,-221539686.48035204
2025-03-05 00:00:00+00:00,USDC,2,DeFiLlama,56543003142.0,319657045.0,319619964.78484046
2025-03-06 00:00:00+00:00,USDC,2,DeFiLlama,57253427831.0,710424689.0,710312441.8941411
2025-03-07 00:00:00+00:00,USDC,2,DeFiLlama,57261905251.0,8477420.0,8476190.773990652
2025-03-08 00:00:00+00:00,USDC,2,DeFiLlama,58155297299.0,893392048.0,893284840.964623
2025-03-09 00:00:00+00:00,USDC,2,DeFiLlama,58114363177.0,-40934122.0,-40929209.90576941
2025-03-10 00:00:00+00:00,USDC,2,DeFiLlama,58098036118.0,-16327059.0,-16323826.242360538
2025-03-11 00:00:00+00:00,USDC,2,DeFiLlama,57865312775.0,-232723343.0,-232680987.35127258
2025-03-12 00:00:00+00:00,USDC,2,DeFiLlama,58094447736.0,229134961.0,229101278.16001198
2025-03-13 00:00:00+00:00,USDC,2,DeFiLlama,58435054898.0,340607162.0,340525756.8889851
2025-03-14 00:00:00+00:00,USDC,2,DeFiLlama,58393894489.0,-41160409.0,-41154399.58070568
2025-03-15 00:00:00+00:00,USDC,2,DeFiLlama,58644981038.0,251086549.0,251060687.08565387
2025-03-16 00:00:00+00:00,USDC,2,DeFiLlama,58741712216.0,96731178.0,96717345.44129387
2025-03-17 00:00:00+00:00,USDC,2,DeFiLlama,58678410477.0,-63301739.0,-63288762.14366443
2025-03-18 00:00:00+00:00,USDC,2,DeFiLlama,58829451841.0,151041364.0,151009041.14988574
2025-03-19 00:00:00+00:00,USDC,2,DeFiLlama,58856306093.0,26854252.0,26851539.720509395
2025-03-20 00:00:00+00:00,USDC,2,DeFiLlama,59228005775.0,371699682.0,371624598.66528124
2025-03-21 00:00:00+00:00,USDC,2,DeFiLlama,59365980716.0,137974941.0,137960729.58110896
2025-03-22 00:00:00+00:00,USDC,2,DeFiLlama,59660481973.0,294501257.0,294443240.2521177
2025-03-23 00:00:00+00:00,USDC,2,DeFiLlama,59598492875.0,-61989098.0,-61976762.16958342
2025-03-24 00:00:00+00:00,USDC,2,DeFiLlama,59741013815.0,142520940.0,142505120.17693266
2025-03-25 00:00:00+00:00,USDC,2,DeFiLlama,59772731493.0,31717678.0,31714284.208597142
2025-03-26 00:00:00+00:00,USDC,2,DeFiLlama,60122188931.0,349457438.0,349384051.9419464
2025-03-27 00:00:00+00:00,USDC,2,DeFiLlama,60181897454.0,59708523.0,59701537.1028111
2025-03-28 00:00:00+00:00,USDC,2,DeFiLlama,60223295877.0,41398423.0,41393703.5802798
2025-03-29 00:00:00+00:00,USDC,2,DeFiLlama,60253064146.0,29768269.0,29766959.19607627
2025-03-30 00:00:00+00:00,USDC,2,DeFiLlama,60301592649.0,48528503.0,48525542.761438996
2025-03-31 00:00:00+00:00,USDC,2,DeFiLlama,60264872986.0,-36719663.0,-36715660.55682773
2025-04-01 00:00:00+00:00,USDC,2,DeFiLlama,60141755212.0,-123117774.0,-123115804.1157867
2025-04-02 00:00:00+00:00,USDC,2,DeFiLlama,60130023966.0,-11731246.0,-11730108.069006251
2025-04-03 00:00:00+00:00,USDC,2,DeFiLlama,60674263451.0,544239485.0,544180707.1307108
2025-04-04 00:00:00+00:00,USDC,2,DeFiLlama,60856319903.0,182056452.0,182050262.08026314
2025-04-05 00:00:00+00:00,USDC,2,DeFiLlama,60559404506.0,-296915397.0,-296906489.5387528
2025-04-06 00:00:00+00:00,USDC,2,DeFiLlama,60587997635.0,28593129.0,28591413.412193034
2025-04-07 00:00:00+00:00,USDC,2,DeFiLlama,60365664257.0,-222333378.0,-222329598.33365083
2025-04-08 00:00:00+00:00,USDC,2,DeFiLlama,60208660877.0,-157003380.0,-156992546.76834592
2025-04-09 00:00:00+00:00,USDC,2,DeFiLlama,60119574145.0,-89086732.0,-89080228.66843447
2025-04-10 00:00:00+00:00,USDC,2,DeFiLlama,59973924433.0,-145649712.0,-145643740.3615694
2025-04-11 00:00:00+00:00,USDC,2,DeFiLlama,59951281285.0,-22643148.0,-22641789.411451276
2025-04-12 00:00:00+00:00,USDC,2,DeFiLlama,60076679271.0,125397986.0,125397609.80612093
2025-04-13 00:00:00+00:00,USDC,2,DeFiLlama,60069768704.0,-6910567.0,-6909875.943285091
2025-04-14 00:00:00+00:00,USDC,2,DeFiLlama,60024999955.0,-44768749.0,-44766062.87505799
2025-04-15 00:00:00+00:00,USDC,2,DeFiLlama,60253477042.0,228477087.0,228475487.66167757
2025-04-16 00:00:00+00:00,USDC,2,DeFiLlama,60413403728.0,159926686.0,159925726.43835488
2025-04-17 00:00:00+00:00,USDC,2,DeFiLlama,60552429930.0,139026202.0,139020501.9248619
2025-04-18 00:00:00+00:00,USDC,2,DeFiLlama,60916066222.0,363636292.0,363600292.0104109
2025-04-19 00:00:00+00:00,USDC,2,DeFiLlama,60900318102.0,-15748120.0,-15746718.417400442
2025-04-20 00:00:00+00:00,USDC,2,DeFiLlama,60899206375.0,-1111727.0,-1111612.4921236846
2025-04-21 00:00:00+00:00,USDC,2,DeFiLlama,60894831788.0,-4374587.0,-4374394.518143169
2025-04-22 00:00:00+00:00,USDC,2,DeFiLlama,60945423744.0,50591956.0,50587250.94843084
2025-04-23 00:00:00+00:00,USDC,2,DeFiLlama,61761862494.0,816438750.0,816424870.5500064
2025-04-24 00:00:00+00:00,USDC,2,DeFiLlama,61927441588.0,165579094.0,165572470.8380141
2025-04-25 00:00:00+00:00,USDC,2,DeFiLlama,62235315314.0,307873726.0,307850019.7244791
2025-04-26 00:00:00+00:00,USDC,2,DeFiLlama,62415525365.0,180210051.0,180191849.78502762
2025-04-27 00:00:00+00:00,USDC,2,DeFiLlama,62286522044.0,-129003321.0,-128990420.66625221
2025-04-28 00:00:00+00:00,USDC,2,DeFiLlama,62107481912.0,-179040132.0,-179025271.66904023
2025-04-29 00:00:00+00:00,USDC,2,DeFiLlama,62061041969.0,-46439943.0,-46436738.64385507
2025-04-30 00:00:00+00:00,USDC,2,DeFiLlama,62039097421.0,-21944548.0,-21942375.489622314
2025-05-01 00:00:00+00:00,USDC,2,DeFiLlama,61526472337.0,-512625084.0,-512614831.49371034
2025-05-02 00:00:00+00:00,USDC,2,DeFiLlama,61578347668.0,51875331.0,51870195.34174166
2025-05-03 00:00:00+00:00,USDC,2,DeFiLlama,61590877379.0,12529711.0,12529385.227475725
2025-05-04 00:00:00+00:00,USDC,2,DeFiLlama,61564127498.0,-26749881.0,-26748918.00410582
2025-05-05 00:00:00+00:00,USDC,2,DeFiLlama,61534505030.0,-29622468.0,-29621757.06034472
2025-05-06 00:00:00+00:00,USDC,2,DeFiLlama,61778127495.0,243622465.0,243618323.4187552
2025-05-07 00:00:00+00:00,USDC,2,DeFiLlama,60955931884.0,-822195611.0,-822115858.0310305
2025-05-08 00:00:00+00:00,USDC,2,DeFiLlama,60914641753.0,-41290131.0,-41289511.648459524
2025-05-09 00:00:00+00:00,USDC,2,DeFiLlama,60895892370.0,-18749383.0,-18749308.002335444
2025-05-10 00:00:00+00:00,USDC,2,DeFiLlama,60696326145.0,-199566225.0,-199563630.63986373
2025-05-11 00:00:00+00:00,USDC,2,DeFiLlama,60820431929.0,124105784.0,124105535.7881542
2025-05-12 00:00:00+00:00,USDC,2,DeFiLlama,60801635618.0,-18796311.0,-18795333.59184412
2025-05-13 00:00:00+00:00,USDC,2,DeFiLlama,60394565854.0,-407069764.0,-407069764.0
2025-05-14 00:00:00+00:00,USDC,2,DeFiLlama,60132774580.0,-261791274.0,-261770330.69793373
2025-05-15 00:00:00+00:00,USDC,2,DeFiLlama,60141238143.0,8463563.0,8462742.034403056
2025-05-16 00:00:00+00:00,USDC,2,DeFiLlama,60083061353.0,-58176790.0,-58168412.543048345
2025-05-17 00:00:00+00:00,USDC,2,DeFiLlama,60454761676.0,371700323.0,371645311.35667235
2025-05-18 00:00:00+00:00,USDC,2,DeFiLlama,60400485375.0,-54276301.0,-54270927.64624784
2025-05-19 00:00:00+00:00,USDC,2,DeFiLlama,60348769352.0,-51716023.0,-51708369.02933649
2025-05-20 00:00:00+00:00,USDC,2,DeFiLlama,60030391309.0,-318378043.0,-318343658.1727422
2025-05-21 00:00:00+00:00,USDC,2,DeFiLlama,60073124158.0,42732849.0,42723105.91064711
2025-05-22 00:00:00+00:00,USDC,2,DeFiLlama,60747877180.0,674753022.0,674611323.8676881
2025-05-23 00:00:00+00:00,USDC,2,DeFiLlama,60872525293.0,124648113.0,124624554.50721712
2025-05-24 00:00:00+00:00,USDC,2,DeFiLlama,61282666764.0,410141471.0,410046728.32034945
2025-05-25 00:00:00+00:00,USDC,2,DeFiLlama,61316726272.0,34059508.0,34052662.038881265
2025-05-26 00:00:00+00:00,USDC,2,DeFiLlama,61265406144.0,-51320128.0,-51309504.73356415
2025-05-27 00:00:00+00:00,USDC,2,DeFiLlama,61157993726.0,-107412418.0,-107389324.3295172
2025-05-28 00:00:00+00:00,USDC,2,DeFiLlama,60916601401.0,-241392325.0,-241343322.3583595
2025-05-29 00:00:00+00:00,USDC,2,DeFiLlama,60815590161.0,-101011240.0,-100986694.26935953
2025-05-30 00:00:00+00:00,USDC,2,DeFiLlama,60610949844.0,-204640317.0,-204612485.91749164
2025-05-31 00:00:00+00:00,USDC,2,DeFiLlama,60626705605.0,15755761.0,15752515.313326161
2025-06-01 00:00:00+00:00,USDC,2,DeFiLlama,60572085105.0,-54620500.0,-54609466.65917242
2025-06-02 00:00:00+00:00,USDC,2,DeFiLlama,60509667778.0,-62417327.0,-62403283.10168294
2025-06-03 00:00:00+00:00,USDC,2,DeFiLlama,60678592151.0,168924373.0,168892108.44503772
2025-06-04 00:00:00+00:00,USDC,2,DeFiLlama,60946475663.0,267883512.0,267821630.90819243
2025-06-05 00:00:00+00:00,USDC,2,DeFiLlama,61131468608.0,184992945.0,184955391.42952445
2025-06-06 00:00:00+00:00,USDC,2,DeFiLlama,60590144143.0,-541324465.0,-541224319.9709951
2025-06-07 00:00:00+00:00,USDC,2,DeFiLlama,60667869783.0,77725640.0,77709706.24419141
2025-06-08 00:00:00+00:00,USDC,2,DeFiLlama,60658782489.0,-9087294.0,-9084958.565456932
2025-06-09 00:00:00+00:00,USDC,2,DeFiLlama,60653704343.0,-5078146.0,-5076790.1349392645
2025-06-10 00:00:00+00:00,USDC,2,DeFiLlama,60604413174.0,-49291169.0,-49280669.981007926
2025-06-11 00:00:00+00:00,USDC,2,DeFiLlama,60626528692.0,22115518.0,22110807.394889027
2025-06-12 00:00:00+00:00,USDC,2,DeFiLlama,60825163050.0,198634358.0,198594035.2256498
2025-06-13 00:00:00+00:00,USDC,2,DeFiLlama,60741300007.0,-83863043.0,-83846773.569936
2025-06-14 00:00:00+00:00,USDC,2,DeFiLlama,61371511197.0,630211190.0,630032210.0238879
2025-06-15 00:00:00+00:00,USDC,2,DeFiLlama,61319855243.0,-51655954.0,-51643608.22649115
2025-06-16 00:00:00+00:00,USDC,2,DeFiLlama,61325008367.0,5153124.0,5152108.834542447
2025-06-17 00:00:00+00:00,USDC,2,DeFiLlama,61197763903.0,-127244464.0,-127210744.21586376
2025-06-18 00:00:00+00:00,USDC,2,DeFiLlama,61097319757.0,-100444146.0,-100421646.51068044
2025-06-19 00:00:00+00:00,USDC,2,DeFiLlama,61211469006.0,114149249.0,114134980.34504192
2025-06-20 00:00:00+00:00,USDC,2,DeFiLlama,61055394018.0,-156074988.0,-156044241.22895285
2025-06-21 00:00:00+00:00,USDC,2,DeFiLlama,60823311681.0,-232082337.0,-232037080.94343716
2025-06-22 00:00:00+00:00,USDC,2,DeFiLlama,60899502043.0,76190362.0,76174819.16542234
2025-06-23 00:00:00+00:00,USDC,2,DeFiLlama,60860420365.0,-39081678.0,-39077574.42389882
2025-06-24 00:00:00+00:00,USDC,2,DeFiLlama,61338513308.0,478092943.0,478045611.80501485
2025-06-25 00:00:00+00:00,USDC,2,DeFiLlama,61601316068.0,262802760.0,262776742.52800032
2025-06-26 00:00:00+00:00,USDC,2,DeFiLlama,61462201670.0,-139114398.0,-139096313.12875137
2025-06-27 00:00:00+00:00,USDC,2,DeFiLlama,61379856179.0,-82345491.0,-82334044.9767629
2025-06-28 00:00:00+00:00,USDC,2,DeFiLlama,61409457206.0,29601027.0,29595077.19352403
2025-06-29 00:00:00+00:00,USDC,2,DeFiLlama,61409457206.0,0.0,0.0
2025-06-30 00:00:00+00:00,USDC,2,DeFiLlama,61340894592.0,-68562614.0,-68548832.91437697
2025-07-01 00:00:00+00:00,USDC,2,DeFiLlama,61233561658.0,-107332934.0,-107322200.70689061
2025-07-02 00:00:00+00:00,USDC,2,DeFiLlama,61330570784.0,97009126.0,96994768.64852323
2025-07-03 00:00:00+00:00,USDC,2,DeFiLlama,61468509751.0,137938967.0,137921172.87271369
2025-07-04 00:00:00+00:00,USDC,2,DeFiLlama,61927821889.0,459312138.0,459258398.4810482
2025-07-05 00:00:00+00:00,USDC,2,DeFiLlama,61813045112.0,-114776777.0,-114765528.87663569
2025-07-06 00:00:00+00:00,USDC,2,DeFiLlama,61848765802.0,35720690.0,35717117.93133509
2025-07-07 00:00:00+00:00,USDC,2,DeFiLlama,61914514809.0,65749007.0,65736120.19452453
2025-07-08 00:00:00+00:00,USDC,2,DeFiLlama,61686814391.0,-227700418.0,-227678103.35833585
2025-07-09 00:00:00+00:00,USDC,2,DeFiLlama,61668157447.0,-18656944.0,-18656757.4307338
2025-07-10 00:00:00+00:00,USDC,2,DeFiLlama,62058362179.0,390204732.0,390166491.93936723
2025-07-11 00:00:00+00:00,USDC,2,DeFiLlama,62560460911.0,502098732.0,502096221.5087843
2025-07-12 00:00:00+00:00,USDC,2,DeFiLlama,63122747059.0,562286148.0,562176502.1982584
2025-07-13 00:00:00+00:00,USDC,2,DeFiLlama,63290662904.0,167915845.0,167899389.24974915
2025-07-14 00:00:00+00:00,USDC,2,DeFiLlama,63429308554.0,138645650.0,138631369.49757144
2025-07-15 00:00:00+00:00,USDC,2,DeFiLlama,63155113222.0,-274195332.0,-274169009.2475606
2025-07-16 00:00:00+00:00,USDC,2,DeFiLlama,62106490845.0,-1048622377.0,-1048511223.0285373
2025-07-17 00:00:00+00:00,USDC,2,DeFiLlama,63136403196.0,1029912351.0,1029778462.3848351
2025-07-18 00:00:00+00:00,USDC,2,DeFiLlama,64073956715.0,937553519.0,937464451.4140551
2025-07-19 00:00:00+00:00,USDC,2,DeFiLlama,64369490258.0,295533543.0,295504285.1817018
2025-07-20 00:00:00+00:00,USDC,2,DeFiLlama,64199001305.0,-170488953.0,-170472245.08294564
2025-07-21 00:00:00+00:00,USDC,2,DeFiLlama,64073586853.0,-125414452.0,-125402286.7980087
2025-07-22 00:00:00+00:00,USDC,2,DeFiLlama,64439196612.0,365609759.0,365561864.1258613
2025-07-23 00:00:00+00:00,USDC,2,DeFiLlama,64484839683.0,45643071.0,45634170.60096968
2025-07-24 00:00:00+00:00,USDC,2,DeFiLlama,64352254001.0,-132585682.0,-132573086.36047804
2025-07-25 00:00:00+00:00,USDC,2,DeFiLlama,64818032731.0,465778730.0,465694424.0493261
2025-07-26 00:00:00+00:00,USDC,2,DeFiLlama,64026821911.0,-791210820.0,-791057325.1064899
2025-07-27 00:00:00+00:00,USDC,2,DeFiLlama,63975475317.0,-51346594.0,-51336478.72149362
2025-07-28 00:00:00+00:00,USDC,2,DeFiLlama,63974615269.0,-860048.0,-859863.0896838023
2025-07-29 00:00:00+00:00,USDC,2,DeFiLlama,63649526706.0,-325088563.0,-325016718.4245228
2025-07-30 00:00:00+00:00,USDC,2,DeFiLlama,63579399374.0,-70127332.0,-70114358.44345225
2025-07-31 00:00:00+00:00,USDC,2,DeFiLlama,63695606561.0,116207187.0,116185456.25680985
2025-08-01 00:00:00+00:00,USDC,2,DeFiLlama,63858929785.0,163323224.0,163274717.00028822
2025-08-02 00:00:00+00:00,USDC,2,DeFiLlama,64009861543.0,150931758.0,150890251.76637158
2025-08-03 00:00:00+00:00,USDC,2,DeFiLlama,63890957711.0,-118903832.0,-118868398.65880446
2025-08-04 00:00:00+00:00,USDC,2,DeFiLlama,63866936618.0,-24021093.0,-24016288.781521708
2025-08-05 00:00:00+00:00,USDC,2,DeFiLlama,64133803101.0,266866483.0,266810974.77172327
2025-08-06 00:00:00+00:00,USDC,2,DeFiLlama,64316656761.0,182853660.0,182817089.26900133
2025-08-07 00:00:00+00:00,USDC,2,DeFiLlama,64379034541.0,62377780.0,62365117.310671456
2025-08-08 00:00:00+00:00,USDC,2,DeFiLlama,64515908845.0,136874304.0,136847476.6366995
2025-08-09 00:00:00+00:00,USDC,2,DeFiLlama,65068392169.0,552483324.0,552373379.8188775
2025-08-10 00:00:00+00:00,USDC,2,DeFiLlama,65070089243.0,1697074.0,1696576.7572957845
2025-08-11 00:00:00+00:00,USDC,2,DeFiLlama,64977770795.0,-92318448.0,-92300538.22184701
2025-08-12 00:00:00+00:00,USDC,2,DeFiLlama,65241866879.0,264096084.0,264035870.0914248
2025-08-13 00:00:00+00:00,USDC,2,DeFiLlama,66204397439.0,962530560.0,962345754.1224233
2025-08-14 00:00:00+00:00,USDC,2,DeFiLlama,66807090008.0,602692569.0,602590713.9577457
2025-08-15 00:00:00+00:00,USDC,2,DeFiLlama,67551596014.0,744506006.0,744412942.7437587
2025-08-16 00:00:00+00:00,USDC,2,DeFiLlama,67931397144.0,379801130.0,379752135.65552473
2025-08-17 00:00:00+00:00,USDC,2,DeFiLlama,67931397144.0,0.0,0.0
2025-08-18 00:00:00+00:00,USDC,2,DeFiLlama,67909546656.0,-21850488.0,-21845309.43452337
2025-08-19 00:00:00+00:00,USDC,2,DeFiLlama,67875713246.0,-33833410.0,-33827827.48719328
2025-08-20 00:00:00+00:00,USDC,2,DeFiLlama,67470520222.0,-405193024.0,-405113606.1670769
2025-08-21 00:00:00+00:00,USDC,2,DeFiLlama,67470520222.0,0.0,0.0
2025-08-22 00:00:00+00:00,USDC,2,DeFiLlama,66676060318.0,-794459904.0,-794304189.856699
2025-08-23 00:00:00+00:00,USDC,2,DeFiLlama,66676060318.0,0.0,0.0
2025-08-24 00:00:00+00:00,USDC,2,DeFiLlama,67172441165.0,496380847.0,496284052.7350358
2025-08-25 00:00:00+00:00,USDC,2,DeFiLlama,67093456087.0,-78985078.0,-78970070.8359529
2025-08-26 00:00:00+00:00,USDC,2,DeFiLlama,68727991544.0,1634535457.0,1634180762.8097563
2025-08-27 00:00:00+00:00,USDC,2,DeFiLlama,68818681688.0,90690144.0,90681619.12656768
2025-08-28 00:00:00+00:00,USDC,2,DeFiLlama,69123274262.0,304592574.0,304535006.0027892
2025-08-29 00:00:00+00:00,USDC,2,DeFiLlama,70391528233.0,1268253971.0,1267971150.3607907
2025-08-30 00:00:00+00:00,USDC,2,DeFiLlama,71373163040.0,981634807.0,981440443.3120914
2025-08-31 00:00:00+00:00,USDC,2,DeFiLlama,71341964049.0,-31198991.0,-31192751.20171682
2025-09-01 00:00:00+00:00,USDC,2,DeFiLlama,72049974781.0,708010732.0,707870545.8751292
2025-09-02 00:00:00+00:00,USDC,2,DeFiLlama,71861411606.0,-188563175.0,-188526970.8704744
2025-09-03 00:00:00+00:00,USDC,2,DeFiLlama,72106640210.0,245228604.0,245173427.56426072
2025-09-04 00:00:00+00:00,USDC,2,DeFiLlama,72281330956.0,174690746.0,174648121.4573797
2025-09-05 00:00:00+00:00,USDC,2,DeFiLlama,72238076383.0,-43254573.0,-43246657.41312788
2025-09-06 00:00:00+00:00,USDC,2,DeFiLlama,72235878046.0,-2198337.0,-2197717.0689845327
2025-09-07 00:00:00+00:00,USDC,2,DeFiLlama,72206302689.0,-29575357.0,-29569234.901369948
2025-09-08 00:00:00+00:00,USDC,2,DeFiLlama,72145141960.0,-61160729.0,-61148680.33720602
2025-09-09 00:00:00+00:00,USDC,2,DeFiLlama,72185877168.0,40735208.0,40727101.693922
2025-09-10 00:00:00+00:00,USDC,2,DeFiLlama,72287339631.0,101462463.0,101433850.58511952
2025-09-11 00:00:00+00:00,USDC,2,DeFiLlama,71921402310.0,-365937321.0,-365831565.1155925
2025-09-12 00:00:00+00:00,USDC,2,DeFiLlama,72029014385.0,107612075.0,107586678.54939592
2025-09-13 00:00:00+00:00,USDC,2,DeFiLlama,72595950971.0,566936586.0,566797686.5363355
2025-09-14 00:00:00+00:00,USDC,2,DeFiLlama,72785742036.0,189791065.0,189752537.41284886
2025-09-15 00:00:00+00:00,USDC,2,DeFiLlama,72800537352.0,14795316.0,14791217.697436806
2025-09-16 00:00:00+00:00,USDC,2,DeFiLlama,72764259852.0,-36277500.0,-36267015.802548476
2025-09-17 00:00:00+00:00,USDC,2,DeFiLlama,73207475527.0,443215675.0,443077391.7055521
2025-09-18 00:00:00+00:00,USDC,2,DeFiLlama,73172467819.0,-35007708.0,-34999691.23493046
2025-09-19 00:00:00+00:00,USDC,2,DeFiLlama,74010712386.0,838244567.0,837926034.0612179
2025-09-20 00:00:00+00:00,USDC,2,DeFiLlama,73758281551.0,-252430835.0,-252351066.8560377
2025-09-21 00:00:00+00:00,USDC,2,DeFiLlama,73574557395.0,-183724156.0,-183669589.9270322
2025-09-22 00:00:00+00:00,USDC,2,DeFiLlama,73642796157.0,68238762.0,68218768.04206127
2025-09-23 00:00:00+00:00,USDC,2,DeFiLlama,73760589980.0,117793823.0,117753184.13193232
2025-09-24 00:00:00+00:00,USDC,2,DeFiLlama,73622311311.0,-138278669.0,-138237876.79233837
2025-09-25 00:00:00+00:00,USDC,2,DeFiLlama,73729893288.0,107581977.0,107550240.31754369
2025-09-26 00:00:00+00:00,USDC,2,DeFiLlama,73707162652.0,-22730636.0,-22723975.923546232
2025-09-27 00:00:00+00:00,USDC,2,DeFiLlama,73514538066.0,-192624586.0,-192550232.90900084
2025-09-28 00:00:00+00:00,USDC,2,DeFiLlama,73436316750.0,-78221316.0,-78190653.24430482
2025-09-29 00:00:00+00:00,USDC,2,DeFiLlama,73347331002.0,-88985748.0,-88959675.17581609
2025-09-30 00:00:00+00:00,USDC,2,DeFiLlama,73214277372.0,-133053630.0,-133014113.07257964
2025-10-01 00:00:00+00:00,USDC,2,DeFiLlama,73642961212.0,428683840.0,428565094.5778086
2025-10-02 00:00:00+00:00,USDC,2,DeFiLlama,73777519907.0,134558695.0,134533161.46882874
2025-10-03 00:00:00+00:00,USDC,2,DeFiLlama,74099214899.0,321694992.0,321633355.4547566
2025-10-04 00:00:00+00:00,USDC,2,DeFiLlama,75183499356.0,1084284457.0,1083965276.5839562
2025-10-05 00:00:00+00:00,USDC,2,DeFiLlama,75105831548.0,-77667808.0,-77652289.88938086
2025-10-06 00:00:00+00:00,USDC,2,DeFiLlama,74912337284.0,-193494264.0,-193438123.20369303
2025-10-07 00:00:00+00:00,USDC,2,DeFiLlama,75148679444.0,236342160.0,236273366.09838262
2025-10-08 00:00:00+00:00,USDC,2,DeFiLlama,75341515749.0,192836305.0,192779693.7587105
2025-10-09 00:00:00+00:00,USDC,2,DeFiLlama,75310826205.0,-30689544.0,-30683672.606953382
2025-10-10 00:00:00+00:00,USDC,2,DeFiLlama,75331286725.0,20460520.0,20458442.4403892
2025-10-11 00:00:00+00:00,USDC,2,DeFiLlama,74782003364.0,-549283361.0,-549176663.0901996
2025-10-12 00:00:00+00:00,USDC,2,DeFiLlama,75137167003.0,355163639.0,355122818.8641056
2025-10-13 00:00:00+00:00,USDC,2,DeFiLlama,75282039353.0,144872350.0,144866068.9049604
2025-10-14 00:00:00+00:00,USDC,2,DeFiLlama,75351059407.0,69020054.0,69013276.10065898
2025-10-15 00:00:00+00:00,USDC,2,DeFiLlama,75860518084.0,509458677.0,509407527.82575095
2025-10-16 00:00:00+00:00,USDC,2,DeFiLlama,75680208026.0,-180310058.0,-180274820.93944514
2025-10-17 00:00:00+00:00,USDC,2,DeFiLlama,75681558830.0,1350804.0,1350557.3727582183
2025-10-18 00:00:00+00:00,USDC,2,DeFiLlama,75728951658.0,47392828.0,47384697.75012875
2025-10-19 00:00:00+00:00,USDC,2,DeFiLlama,75641628357.0,-87323301.0,-87314290.67266129
2025-10-20 00:00:00+00:00,USDC,2,DeFiLlama,75613370819.0,-28257538.0,-28253512.650806334
2025-10-21 00:00:00+00:00,USDC,2,DeFiLlama,75824634449.0,211263630.0,211242503.63545337
2025-10-22 00:00:00+00:00,USDC,2,DeFiLlama,76306245382.0,481610933.0,481515102.8373293
2025-10-23 00:00:00+00:00,USDC,2,DeFiLlama,76054020114.0,-252225268.0,-252176481.27394596
2025-10-24 00:00:00+00:00,USDC,2,DeFiLlama,76037162295.0,-16857819.0,-16855658.215633668
2025-10-25 00:00:00+00:00,USDC,2,DeFiLlama,75996678803.0,-40483492.0,-40477568.06979779
2025-10-26 00:00:00+00:00,USDC,2,DeFiLlama,75884447544.0,-112231259.0,-112208439.04727162
2025-10-27 00:00:00+00:00,USDC,2,DeFiLlama,75832109356.0,-52338188.0,-52332883.21149767
2025-10-28 00:00:00+00:00,USDC,2,DeFiLlama,75687574209.0,-144535147.0,-144520946.96063954
2025-10-29 00:00:00+00:00,USDC,2,DeFiLlama,75767724438.0,80150229.0,80138510.02767052
2025-10-30 00:00:00+00:00,USDC,2,DeFiLlama,75839252919.0,71528481.0,71514257.59498148
2025-10-31 00:00:00+00:00,USDC,2,DeFiLlama,75561827029.0,-277425890.0,-277362588.4205474
2025-11-01 00:00:00+00:00,USDC,2,DeFiLlama,75522646181.0,-39180848.0,-39173054.57101357
2025-11-02 00:00:00+00:00,USDC,2,DeFiLlama,75496535300.0,-26110881.0,-26105533.46993084
2025-11-03 00:00:00+00:00,USDC,2,DeFiLlama,75336932985.0,-159602315.0,-159553150.53477982
2025-11-04 00:00:00+00:00,USDC,2,DeFiLlama,74976036923.0,-360896062.0,-360823530.7696341
2025-11-05 00:00:00+00:00,USDC,2,DeFiLlama,74650691250.0,-325345673.0,-325295168.169534
2025-11-06 00:00:00+00:00,USDC,2,DeFiLlama,74803089779.0,152398529.0,152367923.46253836
2025-11-07 00:00:00+00:00,USDC,2,DeFiLlama,74920844018.0,117754239.0,117754050.83895595
2025-11-08 00:00:00+00:00,USDC,2,DeFiLlama,75414201438.0,493357420.0,493260000.0097671
2025-11-09 00:00:00+00:00,USDC,2,DeFiLlama,75262040367.0,-152161071.0,-152120678.44791764
2025-11-10 00:00:00+00:00,USDC,2,DeFiLlama,75278195173.0,16154806.0,16151738.09745703
2025-11-11 00:00:00+00:00,USDC,2,DeFiLlama,75548040755.0,269845582.0,269786215.453922
2025-11-12 00:00:00+00:00,USDC,2,DeFiLlama,75513232607.0,-34808148.0,-34797937.111735076
2025-11-13 00:00:00+00:00,USDC,2,DeFiLlama,75488730268.0,-24502339.0,-24495127.532961674
2025-11-14 00:00:00+00:00,USDC,2,DeFiLlama,75039053895.0,-449676373.0,-449583348.3353337
2025-11-15 00:00:00+00:00,USDC,2,DeFiLlama,74512961425.0,-526092470.0,-525993055.2543025
2025-11-16 00:00:00+00:00,USDC,2,DeFiLlama,74386582866.0,-126378559.0,-126344779.0927265
2025-11-17 00:00:00+00:00,USDC,2,DeFiLlama,74344757165.0,-41825701.0,-41813364.43979953
2025-11-18 00:00:00+00:00,USDC,2,DeFiLlama,74353102162.0,8344997.0,8343242.014626015
2025-11-19 00:00:00+00:00,USDC,2,DeFiLlama,74378487507.0,25385345.0,25377873.743091214
2025-11-20 00:00:00+00:00,USDC,2,DeFiLlama,74127103178.0,-251384329.0,-251310010.67901084
2025-11-21 00:00:00+00:00,USDC,2,DeFiLlama,73329673348.0,-797429830.0,-797178667.9438585
2025-11-22 00:00:00+00:00,USDC,2,DeFiLlama,73590490103.0,260816755.0,260739002.8073142
2025-11-23 00:00:00+00:00,USDC,2,DeFiLlama,73583121468.0,-7368635.0,-7366455.629280392
2025-11-24 00:00:00+00:00,USDC,2,DeFiLlama,73519809773.0,-63311695.0,-63286803.0488319
2025-11-25 00:00:00+00:00,USDC,2,DeFiLlama,74310233035.0,790423262.0,790246958.1390474
2025-11-26 00:00:00+00:00,USDC,2,DeFiLlama,74764041712.0,453808677.0,453674489.61725926
2025-11-27 00:00:00+00:00,USDC,2,DeFiLlama,75502521029.0,738479317.0,738328562.439853
2025-11-28 00:00:00+00:00,USDC,2,DeFiLlama,75731063225.0,228542196.0,228494343.48498967
2025-11-29 00:00:00+00:00,USDC,2,DeFiLlama,76232241210.0,501177985.0,501029935.1301674
2025-11-30 00:00:00+00:00,USDC,2,DeFiLlama,76261384667.0,29143457.0,29135060.316011876
2025-12-01 00:00:00+00:00,USDC,2,DeFiLlama,76112349840.0,-149034827.0,-148991374.74208182
2025-12-02 00:00:00+00:00,USDC,2,DeFiLlama,77002074502.0,889724662.0,889551833.9431112
2025-12-03 00:00:00+00:00,USDC,2,DeFiLlama,77376936826.0,374862324.0,374790322.5378083
2025-12-04 00:00:00+00:00,USDC,2,DeFiLlama,77574727817.0,197790991.0,197734012.5099746
2025-12-05 00:00:00+00:00,USDC,2,DeFiLlama,77626613205.0,51885388.0,51870659.3755776
2025-12-06 00:00:00+00:00,USDC,2,DeFiLlama,77822254378.0,195641173.0,195585988.42719036
2025-12-07 00:00:00+00:00,USDC,2,DeFiLlama,77781643287.0,-40611091.0,-40599314.99312101
2025-12-08 00:00:00+00:00,USDC,2,DeFiLlama,77761395823.0,-20247464.0,-20242512.333051402
2025-12-09 00:00:00+00:00,USDC,2,DeFiLlama,78138457954.0,377062131.0,376987732.47108084
2025-12-10 00:00:00+00:00,USDC,2,DeFiLlama,78095651209.0,-42806745.0,-42755640.651589885
2025-12-11 00:00:00+00:00,USDC,2,DeFiLlama,78185014861.0,89363652.0,89354697.04369624
2025-12-12 00:00:00+00:00,USDC,2,DeFiLlama,78567461160.0,382446299.0,382414069.6222104
2025-12-13 00:00:00+00:00,USDC,2,DeFiLlama,78423998790.0,-143462370.0,-143454681.484073
2025-12-14 00:00:00+00:00,USDC,2,DeFiLlama,78355359299.0,-68639491.0,-68644680.13136077
2025-12-15 00:00:00+00:00,USDC,2,DeFiLlama,78310744099.0,-44615200.0,-44618118.09178484
2025-12-16 00:00:00+00:00,USDC,2,DeFiLlama,78208036258.0,-102707841.0,-102706835.51476178
2025-12-17 00:00:00+00:00,USDC,2,DeFiLlama,78165831999.0,-42204259.0,-42203914.444889784
2025-12-18 00:00:00+00:00,USDC,2,DeFiLlama,77983298164.0,-182533835.0,-182507180.03355753
2025-12-19 00:00:00+00:00,USDC,2,DeFiLlama,77341285321.0,-642012843.0,-641918912.8689655
2025-12-20 00:00:00+00:00,USDC,2,DeFiLlama,77117379270.0,-223906051.0,-223882307.51427647
2025-12-21 00:00:00+00:00,USDC,2,DeFiLlama,77073197863.0,-44181407.0,-44191107.96309515
2025-12-22 00:00:00+00:00,USDC,2,DeFiLlama,77028439292.0,-44758571.0,-44756155.15381228
2025-12-23 00:00:00+00:00,USDC,2,DeFiLlama,77064482833.0,36043541.0,36034669.75065583
2025-12-24 00:00:00+00:00,USDC,2,DeFiLlama,76839734256.0,-224748577.0,-224745371.4172754
2025-12-25 00:00:00+00:00,USDC,2,DeFiLlama,76561361608.0,-278372648.0,-278296073.9659094
2025-12-26 00:00:00+00:00,USDC,2,DeFiLlama,76473668777.0,-87692831.0,-87688275.57197021
2025-12-27 00:00:00+00:00,USDC,2,DeFiLlama,76452764619.0,-20904158.0,-20904468.73611266
2025-12-28 00:00:00+00:00,USDC,2,DeFiLlama,76372786121.0,-79978498.0,-79982181.05611876
2025-12-29 00:00:00+00:00,USDC,2,DeFiLlama,76270278647.0,-102507474.0,-102483282.14845417
2025-12-30 00:00:00+00:00,USDC,2,DeFiLlama,76007865440.0,-262413207.0,-262394141.06968278
2025-12-31 00:00:00+00:00,USDC,2,DeFiLlama,76003970103.0,-3895337.0,-3894419.4554790575
2026-01-01 00:00:00+00:00,USDC,2,DeFiLlama,75312364733.0,-691605370.0,-691510604.1496066
2026-01-02 00:00:00+00:00,USDC,2,DeFiLlama,75132503398.0,-179861335.0,-179835788.31417754
2026-01-03 00:00:00+00:00,USDC,2,DeFiLlama,75288915416.0,156412018.0,156400436.56507823
2026-01-04 00:00:00+00:00,USDC,2,DeFiLlama,75306641558.0,17726142.0,17725387.29662033
2026-01-05 00:00:00+00:00,USDC,2,DeFiLlama,75375012020.0,68370462.0,68352552.59005079
2026-01-06 00:00:00+00:00,USDC,2,DeFiLlama,75666723343.0,291711323.0,291694624.6043764
2026-01-07 00:00:00+00:00,USDC,2,DeFiLlama,75482167416.0,-184555927.0,-184517225.86051565
2026-01-08 00:00:00+00:00,USDC,2,DeFiLlama,75069992350.0,-412175066.0,-412111530.63189745
2026-01-09 00:00:00+00:00,USDC,2,DeFiLlama,74923084420.0,-146907930.0,-146878014.6493525
2026-01-10 00:00:00+00:00,USDC,2,DeFiLlama,74632467209.0,-290617211.0,-290678628.8863411
2026-01-11 00:00:00+00:00,USDC,2,DeFiLlama,74596182890.0,-36284319.0,-36266265.56673931
2026-01-12 00:00:00+00:00,USDC,2,DeFiLlama,74558603100.0,-37579790.0,-37570270.18393698
2026-01-13 00:00:00+00:00,USDC,2,DeFiLlama,73977140735.0,-581462365.0,-581234853.0988789
2026-01-14 00:00:00+00:00,USDC,2,DeFiLlama,74878925568.0,901784833.0,901560696.149511
2026-01-15 00:00:00+00:00,USDC,2,DeFiLlama,75687822294.0,808896726.0,808750439.7914939
2026-01-16 00:00:00+00:00,USDC,2,DeFiLlama,76621049108.0,933226814.0,934284216.9616221
2026-01-17 00:00:00+00:00,USDC,2,DeFiLlama,77119711944.0,498662836.0,498488274.12230825
2026-01-18 00:00:00+00:00,USDC,2,DeFiLlama,77031538927.0,-88173017.0,-88155102.1793365
2026-01-19 00:00:00+00:00,USDC,2,DeFiLlama,76768398593.0,-263140334.0,-263061785.1465974
2026-01-20 00:00:00+00:00,USDC,2,DeFiLlama,76437212516.0,-331186077.0,-331087886.09732157
2026-01-21 00:00:00+00:00,USDC,2,DeFiLlama,74497118677.0,-1940093839.0,-1939700964.9852502
2026-01-22 00:00:00+00:00,USDC,2,DeFiLlama,74226424810.0,-270693867.0,-270613135.0675862
2026-01-23 00:00:00+00:00,USDC,2,DeFiLlama,73636751175.0,-589673635.0,-589444297.2101246
2026-01-24 00:00:00+00:00,USDC,2,DeFiLlama,72936917936.0,-699833239.0,-699558139.4610467
2026-01-25 00:00:00+00:00,USDC,2,DeFiLlama,72559398810.0,-377519126.0,-377372965.8816668
2026-01-26 00:00:00+00:00,USDC,2,DeFiLlama,72382705488.0,-176693322.0,-176623466.19656274
2026-01-27 00:00:00+00:00,USDC,2,DeFiLlama,72032645906.0,-350059582.0,-349904814.8988212
2026-01-28 00:00:00+00:00,USDC,2,DeFiLlama,71539998624.0,-492647282.0,-492457921.664867
2026-01-29 00:00:00+00:00,USDC,2,DeFiLlama,71294078029.0,-245920595.0,-245823299.5071075
2026-01-30 00:00:00+00:00,USDC,2,DeFiLlama,70250401831.0,-1043676198.0,-1043368089.3150797
2026-01-31 00:00:00+00:00,USDC,2,DeFiLlama,70020388978.0,-230012853.0,-229917692.4974368
2026-02-01 00:00:00+00:00,USDC,2,DeFiLlama,70086068463.0,65679485.0,65654335.70539186
2026-02-02 00:00:00+00:00,USDC,2,DeFiLlama,70338001812.0,251933349.0,251891383.4590295
2026-02-03 00:00:00+00:00,USDC,2,DeFiLlama,70715185226.0,377183414.0,377069192.9577628
2026-02-04 00:00:00+00:00,USDC,2,DeFiLlama,70860356564.0,145171338.0,145139613.10461643
2026-02-05 00:00:00+00:00,USDC,2,DeFiLlama,70786876510.0,-73480054.0,-73465432.21293682
2026-02-06 00:00:00+00:00,USDC,2,DeFiLlama,70551319297.0,-235557213.0,-235526811.60636264
2026-02-07 00:00:00+00:00,USDC,2,DeFiLlama,72568034111.0,2016714814.0,2016134737.4431338
2026-02-08 00:00:00+00:00,USDC,2,DeFiLlama,72719099879.0,151065768.0,151050950.54569376
2026-02-09 00:00:00+00:00,USDC,2,DeFiLlama,72846879535.0,127779656.0,127763243.11132088
2026-02-10 00:00:00+00:00,USDC,2,DeFiLlama,73035841605.0,188962070.0,188943120.96433267
2026-02-11 00:00:00+00:00,USDC,2,DeFiLlama,73213052012.0,177210407.0,177176313.20678702
2026-02-12 00:00:00+00:00,USDC,2,DeFiLlama,73354762682.0,141710670.0,141695105.18800405
2026-02-13 00:00:00+00:00,USDC,2,DeFiLlama,73257305055.0,-97457627.0,-97449553.04099141
2026-02-14 00:00:00+00:00,USDC,2,DeFiLlama,73560911040.0,303605985.0,303583257.27388483
2026-02-15 00:00:00+00:00,USDC,2,DeFiLlama,73577053407.0,16142367.0,16140749.01700212
2026-02-16 00:00:00+00:00,USDC,2,DeFiLlama,73704128354.0,127074947.0,127074844.01988642
2026-02-17 00:00:00+00:00,USDC,2,DeFiLlama,73740960376.0,36832022.0,36831943.99245165
2026-02-18 00:00:00+00:00,USDC,2,DeFiLlama,73559763039.0,-181197337.0,-181176633.90839002
2026-02-19 00:00:00+00:00,USDC,2,DeFiLlama,73634544689.0,74781650.0,74781627.42877099
2026-02-20 00:00:00+00:00,USDC,2,DeFiLlama,73794951760.0,160407071.0,160406254.40477028
2026-02-21 00:00:00+00:00,USDC,2,DeFiLlama,74504560630.0,709608870.0,709534533.3631964
2026-02-22 00:00:00+00:00,USDC,2,DeFiLlama,74407823468.0,-96737162.0,-96731249.92151594
2026-02-23 00:00:00+00:00,USDC,2,DeFiLlama,74469491105.0,61667637.0,61661484.87375689
2026-02-24 00:00:00+00:00,USDC,2,DeFiLlama,74776633616.0,307142511.0,307130306.9286556
2026-02-25 00:00:00+00:00,USDC,2,DeFiLlama,74995415843.0,218782227.0,218778713.72903228
2026-02-26 00:00:00+00:00,USDC,2,DeFiLlama,75430875769.0,435459926.0,435419069.4453589
2026-02-27 00:00:00+00:00,USDC,2,DeFiLlama,75341602829.0,-89272940.0,-89268806.58255419
2026-02-28 00:00:00+00:00,USDC,2,DeFiLlama,75294578206.0,-47024623.0,-47020076.36205457
2026-03-01 00:00:00+00:00,USDC,2,DeFiLlama,75226382817.0,-68195389.0,-68188697.34088372
2026-03-02 00:00:00+00:00,USDC,2,DeFiLlama,75229952120.0,3569303.0,3568967.61824602
2026-03-03 00:00:00+00:00,USDC,2,DeFiLlama,75927178288.0,697226168.0,697234970.6950115
2026-03-04 00:00:00+00:00,USDC,2,DeFiLlama,76379844350.0,452666062.0,452622657.8620305
2026-03-05 00:00:00+00:00,USDC,2,DeFiLlama,77051592582.0,671748232.0,671745854.034255
2026-03-06 00:00:00+00:00,USDC,2,DeFiLlama,77210083386.0,158490804.0,158475642.69902793
2026-03-07 00:00:00+00:00,USDC,2,DeFiLlama,77392088634.0,182005248.0,182002675.9653239
2026-03-08 00:00:00+00:00,USDC,2,DeFiLlama,77301689983.0,-90398651.0,-90398575.34394737
2026-03-09 00:00:00+00:00,USDC,2,DeFiLlama,77287342089.0,-14347894.0,-14347356.474209089
2026-03-10 00:00:00+00:00,USDC,2,DeFiLlama,78255879302.0,968537213.0,968500540.9086388
2026-03-11 00:00:00+00:00,USDC,2,DeFiLlama,78732373891.0,476494589.0,476502256.13143134
2026-03-12 00:00:00+00:00,USDC,2,DeFiLlama,78801464378.0,69090487.0,69086426.6941691
2026-03-13 00:00:00+00:00,USDC,2,DeFiLlama,78940784292.0,139319914.0,139319523.23217276
2026-03-14 00:00:00+00:00,USDC,2,DeFiLlama,79248572784.0,307788492.0,307761024.3321434
2026-03-15 00:00:00+00:00,USDC,2,DeFiLlama,79215217975.0,-33354809.0,-33354320.0513834
2026-03-16 00:00:00+00:00,USDC,2,DeFiLlama,79189828626.0,-25389349.0,-25389262.367275532
2026-03-17 00:00:00+00:00,USDC,2,DeFiLlama,79300344318.0,110515692.0,110503599.96064255
2026-03-18 00:00:00+00:00,USDC,2,DeFiLlama,79625059847.0,324715529.0,324695738.7727657
2026-03-19 00:00:00+00:00,USDC,2,DeFiLlama,79412405972.0,-212653875.0,-212633734.82991293
2026-03-20 00:00:00+00:00,USDC,2,DeFiLlama,79262014410.0,-150391562.0,-150384831.31947833
2026-03-21 00:00:00+00:00,USDC,2,DeFiLlama,79097935711.0,-164078699.0,-164072358.95807245
2026-03-22 00:00:00+00:00,USDC,2,DeFiLlama,79043679832.0,-54255879.0,-54254577.928537935
2026-03-23 00:00:00+00:00,USDC,2,DeFiLlama,79014808343.0,-28871489.0,-28868131.95550011
2026-03-24 00:00:00+00:00,USDC,2,DeFiLlama,78688051771.0,-326756572.0,-326726481.0275128
2026-03-25 00:00:00+00:00,USDC,2,DeFiLlama,78702027979.0,13976208.0,13973875.672505563
2026-03-26 00:00:00+00:00,USDC,2,DeFiLlama,78702307580.0,279601.0,279540.64581881015
2026-03-27 00:00:00+00:00,USDC,2,DeFiLlama,78105931879.0,-596375701.0,-596246703.0656825
2026-03-28 00:00:00+00:00,USDC,2,DeFiLlama,77744257277.0,-361674602.0,-361581350.32483226
2026-03-29 00:00:00+00:00,USDC,2,DeFiLlama,77691200701.0,-53056576.0,-53044196.634094104
2026-03-30 00:00:00+00:00,USDC,2,DeFiLlama,77613255450.0,-77945251.0,-77923999.56685953
2026-03-31 00:00:00+00:00,USDC,2,DeFiLlama,77385924342.0,-227331108.0,-227252181.8176155
2026-04-01 00:00:00+00:00,USDC,2,DeFiLlama,77128465833.0,-257458509.0,-257449633.45457637
2026-04-02 00:00:00+00:00,USDC,2,DeFiLlama,77172711569.0,44245736.0,44248100.874714
2026-04-03 00:00:00+00:00,USDC,2,DeFiLlama,77214991524.0,42279955.0,42285503.19680712
2026-04-04 00:00:00+00:00,USDC,2,DeFiLlama,77489380882.0,274389358.0,274396256.1270889
2026-04-05 00:00:00+00:00,USDC,2,DeFiLlama,77457133206.0,-32247676.0,-32260095.85316366
2026-04-06 00:00:00+00:00,USDC,2,DeFiLlama,77502952975.0,45819769.0,45810628.302006744
2026-04-07 00:00:00+00:00,USDC,2,DeFiLlama,77806327646.0,303374671.0,303501751.27052313
2026-04-08 00:00:00+00:00,USDC,2,DeFiLlama,77810765640.0,4437994.0,4437083.615204099
2026-04-09 00:00:00+00:00,USDC,2,DeFiLlama,78194175338.0,383409698.0,383385770.0601579
2026-04-10 00:00:00+00:00,USDC,2,DeFiLlama,78357752950.0,163577612.0,163549567.44665357
2026-04-11 00:00:00+00:00,USDC,2,DeFiLlama,78777246935.0,419493985.0,419417068.0153423
2026-04-12 00:00:00+00:00,USDC,2,DeFiLlama,78747362210.0,-29884725.0,-29882842.7950762
2026-04-13 00:00:00+00:00,USDC,2,DeFiLlama,78692174054.0,-55188156.0,-55177078.99462943
2026-04-14 00:00:00+00:00,USDC,2,DeFiLlama,78728827816.0,36653762.0,36645897.885085054
2026-04-15 00:00:00+00:00,USDC,2,DeFiLlama,78874522468.0,145694652.0,145671448.02404097
2026-04-16 00:00:00+00:00,USDC,2,DeFiLlama,78639229846.0,-235292622.0,-235259590.04516917
2026-04-17 00:00:00+00:00,USDC,2,DeFiLlama,78791772290.0,152542444.0,152525727.15685067
2026-04-18 00:00:00+00:00,USDC,2,DeFiLlama,78646776096.0,-144996194.0,-144970264.98321816
2026-04-19 00:00:00+00:00,USDC,2,DeFiLlama,78596559390.0,-50216706.0,-50207857.21439219
2026-04-20 00:00:00+00:00,USDC,2,DeFiLlama,78286249090.0,-310310300.0,-310317401.39251006
2026-04-21 00:00:00+00:00,USDC,2,DeFiLlama,78359313309.0,73064219.0,73054895.03721821
2026-04-22 00:00:00+00:00,USDC,2,DeFiLlama,78377024196.0,17710887.0,17707669.125329737
2026-04-23 00:00:00+00:00,USDC,2,DeFiLlama,78424230440.0,47206244.0,47198558.84798494
2026-04-24 00:00:00+00:00,USDC,2,DeFiLlama,78130445111.0,-293785329.0,-293731728.786882
2026-04-25 00:00:00+00:00,USDC,2,DeFiLlama,77893928009.0,-236517102.0,-236454542.11810872
2026-04-26 00:00:00+00:00,USDC,2,DeFiLlama,77827971883.0,-65956126.0,-65952238.776157014
2026-04-27 00:00:00+00:00,USDC,2,DeFiLlama,77888719762.0,60747879.0,60741863.58671934
2026-04-28 00:00:00+00:00,USDC,2,DeFiLlama,77739956572.0,-148763190.0,-148744441.52964306
2026-04-29 00:00:00+00:00,USDC,2,DeFiLlama,77610904554.0,-129052018.0,-129027251.23595524
2026-04-30 00:00:00+00:00,USDC,2,DeFiLlama,77360195970.0,-250708584.0,-250637196.32129645
2026-05-01 00:00:00+00:00,USDC,2,DeFiLlama,77275650554.0,-84545416.0,-84528499.36779849
2026-05-02 00:00:00+00:00,USDC,2,DeFiLlama,77361967992.0,86317438.0,86305755.03447968
2026-05-03 00:00:00+00:00,USDC,2,DeFiLlama,77353205385.0,-8762607.0,-8761614.797485752
2026-05-04 00:00:00+00:00,USDC,2,DeFiLlama,77365561131.0,12355746.0,12353809.727384651
2026-05-05 00:00:00+00:00,USDC,2,DeFiLlama,77927977273.0,562416142.0,562288701.4948051
2026-05-06 00:00:00+00:00,USDC,2,DeFiLlama,78291368724.0,363391451.0,363314971.54917634
2026-05-07 00:00:00+00:00,USDC,2,DeFiLlama,78382045908.0,90677184.0,90651721.72235972
2026-05-08 00:00:00+00:00,USDC,2,DeFiLlama,78468387934.0,86342026.0,86329654.543285
2026-05-09 00:00:00+00:00,USDC,2,DeFiLlama,78029221903.0,-439166031.0,-439102217.02919424
2026-05-10 00:00:00+00:00,USDC,2,DeFiLlama,77965736468.0,-63485435.0,-63471900.04695379
2026-05-11 00:00:00+00:00,USDC,2,DeFiLlama,77965736468.0,0.0,0.0
2026-05-12 00:00:00+00:00,USDC,2,DeFiLlama,77566151626.0,-399584842.0,-399507352.41139936
2026-05-13 00:00:00+00:00,USDC,2,DeFiLlama,77203347488.0,-362804138.0,-362700229.0514256
2026-05-14 00:00:00+00:00,USDC,2,DeFiLlama,76878764713.0,-324582775.0,-324481481.24212843
2026-05-15 00:00:00+00:00,USDC,2,DeFiLlama,76742348014.0,-136416699.0,-136395413.67236444
2026-05-16 00:00:00+00:00,USDC,2,DeFiLlama,77081393402.0,339045388.0,338977494.22715753
2026-05-17 00:00:00+00:00,USDC,2,DeFiLlama,77058251187.0,-23142215.0,-23141546.760734435
2026-05-18 00:00:00+00:00,USDC,2,DeFiLlama,77011638317.0,-46612870.0,-46604308.12063543
2026-05-19 00:00:00+00:00,USDC,2,DeFiLlama,77043325925.0,31687608.0,31679474.924872663
2026-05-20 00:00:00+00:00,USDC,2,DeFiLlama,76393906484.0,-649419441.0,-649197490.2473571
2026-05-21 00:00:00+00:00,USDC,2,DeFiLlama,76303288156.0,-90618328.0,-90592986.72653283
2026-05-22 00:00:00+00:00,USDC,2,DeFiLlama,77090457874.0,787169718.0,786965210.8677384
2026-05-23 00:00:00+00:00,USDC,2,DeFiLlama,76637508732.0,-452949142.0,-452833895.7286351
2026-05-24 00:00:00+00:00,USDC,2,DeFiLlama,76546057539.0,-91451193.0,-91431269.44201232
2026-05-25 00:00:00+00:00,USDC,2,DeFiLlama,76508588654.0,-37468885.0,-37458306.839114025
2026-05-26 00:00:00+00:00,USDC,2,DeFiLlama,76642526423.0,133937769.0,133903133.50613607
2026-05-27 00:00:00+00:00,USDC,2,DeFiLlama,76618013304.0,-24513119.0,-24506639.78749638
2026-05-28 00:00:00+00:00,USDC,2,DeFiLlama,76484214097.0,-133799207.0,-133740443.31690624
2026-05-29 00:00:00+00:00,USDC,2,DeFiLlama,76296656845.0,-187557252.0,-187506029.39171106
2026-05-30 00:00:00+00:00,USDC,2,DeFiLlama,76112551212.0,-184105633.0,-184037436.9620418
2026-05-31 00:00:00+00:00,USDC,2,DeFiLlama,75916857660.0,-195693552.0,-195614232.74130738
2026-06-01 00:00:00+00:00,USDC,2,DeFiLlama,75898768745.0,-18088915.0,-18083544.265631977
2026-06-02 00:00:00+00:00,USDC,2,DeFiLlama,76030858007.0,132089262.0,132049175.75366528
2026-06-03 00:00:00+00:00,USDC,2,DeFiLlama,76030849873.0,-8134.0,-8131.588243964649
2026-06-04 00:00:00+00:00,USDC,2,DeFiLlama,76139139321.0,108289448.0,108262440.31775458
2026-06-05 00:00:00+00:00,USDC,2,DeFiLlama,75777945473.0,-361193848.0,-361079166.42077196
2026-06-06 00:00:00+00:00,USDC,2,DeFiLlama,75622610895.0,-155334578.0,-155292537.2256738
2026-06-07 00:00:00+00:00,USDC,2,DeFiLlama,75506165266.0,-116445629.0,-116426820.08946319
2026-06-08 00:00:00+00:00,USDC,2,DeFiLlama,75775091915.0,268926649.0,268841792.8416432
2026-06-09 00:00:00+00:00,USDC,2,DeFiLlama,76068885659.0,293793744.0,293731880.6479184
2026-06-10 00:00:00+00:00,USDC,2,DeFiLlama,75140122857.0,-928762802.0,-928515517.3800608
2026-06-11 00:00:00+00:00,USDC,2,DeFiLlama,75003922778.0,-136200079.0,-136173384.111133
2026-06-12 00:00:00+00:00,USDC,2,DeFiLlama,74927024813.0,-76897965.0,-76882461.52478847
2026-06-13 00:00:00+00:00,USDC,2,DeFiLlama,74929049485.0,2024672.0,2024337.4608202344
2026-06-14 00:00:00+00:00,USDC,2,DeFiLlama,74921868034.0,-7181451.0,-7179545.348652738
2026-06-15 00:00:00+00:00,USDC,2,DeFiLlama,74867993350.0,-53874684.0,-53865389.13237826
2026-06-16 00:00:00+00:00,USDC,2,DeFiLlama,75075476083.0,207482733.0,207452548.96821794
2026-06-17 00:00:00+00:00,USDC,2,DeFiLlama,75008754473.0,-66721610.0,-66709653.48019534
2026-06-18 00:00:00+00:00,USDC,2,DeFiLlama,74824037840.0,-184716633.0,-184711706.73845813
2026-06-19 00:00:00+00:00,USDC,2,DeFiLlama,74860897043.0,36859203.0,36861339.111944735
2026-06-20 00:00:00+00:00,USDC,2,DeFiLlama,74951105633.0,90208590.0,90196368.86373465
2026-06-21 00:00:00+00:00,USDC,2,DeFiLlama,74917759609.0,-33346024.0,-33344207.893272955
2026-06-22 00:00:00+00:00,USDC,2,DeFiLlama,74936058506.0,18298897.0,18295705.762617953
2026-06-23 00:00:00+00:00,USDC,2,DeFiLlama,74550072819.0,-385985687.0,-385906280.65232146
2026-06-24 00:00:00+00:00,USDC,2,DeFiLlama,74185498429.0,-364574390.0,-364483679.331285
2026-06-25 00:00:00+00:00,USDC,2,DeFiLlama,73838400814.0,-347097615.0,-346974346.7514345
2026-06-26 00:00:00+00:00,USDC,2,DeFiLlama,73773176387.0,-65224427.0,-65205529.65442762
2026-06-27 00:00:00+00:00,USDC,2,DeFiLlama,73896519647.0,123343260.0,123304120.38727358
2026-06-28 00:00:00+00:00,USDC,2,DeFiLlama,73884653755.0,-11865892.0,-11861117.119556502
2026-06-29 00:00:00+00:00,USDC,2,DeFiLlama,73817794577.0,-66859178.0,-66841561.93609556
2026-06-30 00:00:00+00:00,USDC,2,DeFiLlama,73775508473.0,-42286104.0,-42269631.99747286
2026-07-01 00:00:00+00:00,USDC,2,DeFiLlama,73471642859.0,-303865614.0,-303767391.5807863
2026-07-02 00:00:00+00:00,USDC,2,DeFiLlama,73400134757.0,-71508102.0,-71491459.86814038
2026-07-03 00:00:00+00:00,USDC,2,DeFiLlama,73368628347.0,-31506410.0,-31505199.153863497
2026-07-04 00:00:00+00:00,USDC,2,DeFiLlama,73103725803.0,-264902544.0,-264851201.35400242
2026-07-05 00:00:00+00:00,USDC,2,DeFiLlama,73066241378.0,-37484425.0,-37473461.766369864
2026-07-06 00:00:00+00:00,USDC,2,DeFiLlama,73048217365.0,-18024013.0,-18021640.06067292
2026-07-07 00:00:00+00:00,USDC,2,DeFiLlama,73127249349.0,79031984.0,79025490.48233312
2026-07-08 00:00:00+00:00,USDC,2,DeFiLlama,73395532425.0,268283076.0,268257268.14851215
2026-07-09 00:00:00+00:00,USDC,2,DeFiLlama,73412395301.0,16862876.0,16859904.6048346
2026-07-10 00:00:00+00:00,USDC,2,DeFiLlama,73440620275.0,28224974.0,28222605.956211735
2026-07-11 00:00:00+00:00,USDC,2,DeFiLlama,73414108310.0,-26511965.0,-26507592.499298565
2026-07-12 00:00:00+00:00,USDC,2,DeFiLlama,73475033615.0,60925305.0,60912810.850473605
2026-07-13 00:00:00+00:00,USDC,2,DeFiLlama,73540725820.0,65692205.0,65683118.83491477
2026-07-14 00:00:00+00:00,USDC,2,DeFiLlama,73095920753.0,-444805067.0,-444782364.1481343
2026-07-15 00:00:00+00:00,USDC,2,DeFiLlama,73175307529.0,79386776.0,79373882.73696579
2026-07-16 00:00:00+00:00,USDC,2,DeFiLlama,73178147342.0,2839813.0,2839550.238505213
2026-07-17 00:00:00+00:00,USDC,2,DeFiLlama,73279825708.0,101678366.0,101665133.18133183
2026-07-18 00:00:00+00:00,USDC,2,DeFiLlama,73384607945.0,104782237.0,104772389.5617324
2026-07-19 00:00:00+00:00,USDC,2,DeFiLlama,73390197854.0,5589909.0,5588949.755845361
2026-07-20 00:00:00+00:00,USDC,2,DeFiLlama,73388153953.0,-2043901.0,-2043711.4453459675
2026-07-21 00:00:00+00:00,USDC,2,DeFiLlama,73325145721.0,-63008232.0,-63000799.0722049
2026-07-22 00:00:00+00:00,USDC,2,DeFiLlama,73318948258.0,-6197463.0,-6197072.800627721
2026-07-23 00:00:00+00:00,USDC,2,DeFiLlama,74358238199.0,1039289941.0,1039125090.9783949
2026-07-24 00:00:00+00:00,USDC,2,DeFiLlama,74063861978.0,-294376221.0,-294376909.2305022
2026-07-25 00:00:00+00:00,USDC,2,DeFiLlama,73651288002.0,-412573976.0,-412543866.5248758
2026-07-26 00:00:00+00:00,USDC,2,DeFiLlama,73569380841.0,-81907161.0,-81900695.17514567
2026-07-27 00:00:00+00:00,USDC,2,DeFiLlama,73464865311.0,-104515530.0,-104509993.16636805
2026-07-28 00:00:00+00:00,USDC,2,DeFiLlama,73698954422.84,234089111.83999634,234056363.63324183
