Date,Symbol,DeFiLlama_ID,Source,Price_USD
2018-09-11 00:00:00+00:00,USDC,2,DeFiLlama,1.0
2018-09-12 00:00:00+00:00,USDC,2,DeFiLlama,1.0
2018-09-13 00:00:00+00:00,USDC,2,DeFiLlama,1.0
2018-09-14 00:00:00+00:00,USDC,2,DeFiLlama,1.0
2018-09-15 00:00:00+00:00,USDC,2,DeFiLlama,1.0
2018-09-16 00:00:00+00:00,USDC,2,DeFiLlama,1.0
2018-09-17 00:00:00+00:00,USDC,2,DeFiLlama,1.0
2018-09-18 00:00:00+00:00,USDC,2,DeFiLlama,1.0
2018-09-19 00:00:00+00:00,USDC,2,DeFiLlama,1.0
2018-09-20 00:00:00+00:00,USDC,2,DeFiLlama,1.0
2018-09-21 00:00:00+00:00,USDC,2,DeFiLlama,1.0
2018-09-22 00:00:00+00:00,USDC,2,DeFiLlama,1.0
2018-09-23 00:00:00+00:00,USDC,2,DeFiLlama,1.0
2018-09-24 00:00:00+00:00,USDC,2,DeFiLlama,1.0
2018-09-25 00:00:00+00:00,USDC,2,DeFiLlama,1.0
2018-09-26 00:00:00+00:00,USDC,2,DeFiLlama,1.0
2018-09-27 00:00:00+00:00,USDC,2,DeFiLlama,1.0032929960670809
2018-09-28 00:00:00+00:00,USDC,2,DeFiLlama,1.0032932274690283
2018-09-29 00:00:00+00:00,USDC,2,DeFiLlama,1.003293425783306
2018-09-30 00:00:00+00:00,USDC,2,DeFiLlama,1.0032934825692958
2018-10-01 00:00:00+00:00,USDC,2,DeFiLlama,1.0032931755566334
2018-10-02 00:00:00+00:00,USDC,2,DeFiLlama,1.003293475201701
2018-10-03 00:00:00+00:00,USDC,2,DeFiLlama,1.003293475201701
2018-10-04 00:00:00+00:00,USDC,2,DeFiLlama,1.0032933689298995
2018-10-05 00:00:00+00:00,USDC,2,DeFiLlama,1.003293436115544
2018-10-06 00:00:00+00:00,USDC,2,DeFiLlama,1.0032934080207858
2018-10-07 00:00:00+00:00,USDC,2,DeFiLlama,1.0032934080207858
2018-10-08 00:00:00+00:00,USDC,2,DeFiLlama,1.0032934080207858
2018-10-09 00:00:00+00:00,USDC,2,DeFiLlama,1.0032934178923034
2018-10-10 00:00:00+00:00,USDC,2,DeFiLlama,1.0032934344352369
2018-10-11 00:00:00+00:00,USDC,2,DeFiLlama,1.0032934879180178
2018-10-12 00:00:00+00:00,USDC,2,DeFiLlama,1.00329344456246
2018-10-13 00:00:00+00:00,USDC,2,DeFiLlama,1.0032934792051245
2018-10-14 00:00:00+00:00,USDC,2,DeFiLlama,1.0032934551097816
2018-10-15 00:00:00+00:00,USDC,2,DeFiLlama,1.0032934551097816
2018-10-16 00:00:00+00:00,USDC,2,DeFiLlama,1.003293418531887
2018-10-17 00:00:00+00:00,USDC,2,DeFiLlama,1.003293410608758
2018-10-18 00:00:00+00:00,USDC,2,DeFiLlama,1.0032934751228235
2018-10-19 00:00:00+00:00,USDC,2,DeFiLlama,1.0032934281607242
2018-10-20 00:00:00+00:00,USDC,2,DeFiLlama,1.003293458745047
2018-10-21 00:00:00+00:00,USDC,2,DeFiLlama,1.0032934447945234
2018-10-22 00:00:00+00:00,USDC,2,DeFiLlama,1.0032934447945234
2018-10-23 00:00:00+00:00,USDC,2,DeFiLlama,1.0032934454857847
2018-10-24 00:00:00+00:00,USDC,2,DeFiLlama,1.003293438150864
2018-10-25 00:00:00+00:00,USDC,2,DeFiLlama,1.0032934379912595
2018-10-26 00:00:00+00:00,USDC,2,DeFiLlama,1.0032934422756288
2018-10-27 00:00:00+00:00,USDC,2,DeFiLlama,1.0032934410127101
2018-10-28 00:00:00+00:00,USDC,2,DeFiLlama,1.0032934446355917
2018-10-29 00:00:00+00:00,USDC,2,DeFiLlama,1.0032934423302693
2018-10-30 00:00:00+00:00,USDC,2,DeFiLlama,1.003293442645128
2018-10-31 00:00:00+00:00,USDC,2,DeFiLlama,1.003293446930178
2018-11-01 00:00:00+00:00,USDC,2,DeFiLlama,1.0032934367401272
2018-11-02 00:00:00+00:00,USDC,2,DeFiLlama,1.0032934422568631
2018-11-03 00:00:00+00:00,USDC,2,DeFiLlama,1.003293441704002
2018-11-04 00:00:00+00:00,USDC,2,DeFiLlama,1.0032934416788017
2018-11-05 00:00:00+00:00,USDC,2,DeFiLlama,1.003293444220071
2018-11-06 00:00:00+00:00,USDC,2,DeFiLlama,1.0032934484962905
2018-11-07 00:00:00+00:00,USDC,2,DeFiLlama,1.0032934453691293
2018-11-08 00:00:00+00:00,USDC,2,DeFiLlama,1.003293440788313
2018-11-09 00:00:00+00:00,USDC,2,DeFiLlama,1.003293443795445
2018-11-10 00:00:00+00:00,USDC,2,DeFiLlama,1.0032934482400686
2018-11-11 00:00:00+00:00,USDC,2,DeFiLlama,1.0032934482400686
2018-11-12 00:00:00+00:00,USDC,2,DeFiLlama,1.0032934456101232
2018-11-13 00:00:00+00:00,USDC,2,DeFiLlama,1.0032934428519713
2018-11-14 00:00:00+00:00,USDC,2,DeFiLlama,1.0032934386866064
2018-11-15 00:00:00+00:00,USDC,2,DeFiLlama,1.0032934469835666
2018-11-16 00:00:00+00:00,USDC,2,DeFiLlama,1.0032934450509574
2018-11-17 00:00:00+00:00,USDC,2,DeFiLlama,1.003293445761611
2018-11-18 00:00:00+00:00,USDC,2,DeFiLlama,1.0032934411413557
2018-11-19 00:00:00+00:00,USDC,2,DeFiLlama,1.0032934456540774
2018-11-20 00:00:00+00:00,USDC,2,DeFiLlama,1.0032934411068342
2018-11-21 00:00:00+00:00,USDC,2,DeFiLlama,1.0032934394110078
2018-11-22 00:00:00+00:00,USDC,2,DeFiLlama,1.0032934454737428
2018-11-23 00:00:00+00:00,USDC,2,DeFiLlama,1.0032934436426801
2018-11-24 00:00:00+00:00,USDC,2,DeFiLlama,1.0032934398440496
2018-11-25 00:00:00+00:00,USDC,2,DeFiLlama,1.003293440225456
2018-11-26 00:00:00+00:00,USDC,2,DeFiLlama,1.0032934418714043
2018-11-27 00:00:00+00:00,USDC,2,DeFiLlama,1.0032934405916916
2018-11-28 00:00:00+00:00,USDC,2,DeFiLlama,1.0032934413457386
2018-11-29 00:00:00+00:00,USDC,2,DeFiLlama,1.0032934454553972
2018-11-30 00:00:00+00:00,USDC,2,DeFiLlama,1.0032934419870365
2018-12-01 00:00:00+00:00,USDC,2,DeFiLlama,1.003293443309585
2018-12-02 00:00:00+00:00,USDC,2,DeFiLlama,1.0032934424699713
2018-12-03 00:00:00+00:00,USDC,2,DeFiLlama,1.0032934408075642
2018-12-04 00:00:00+00:00,USDC,2,DeFiLlama,1.003293444343687
2018-12-05 00:00:00+00:00,USDC,2,DeFiLlama,1.0032934429011287
2018-12-06 00:00:00+00:00,USDC,2,DeFiLlama,1.003293446856116
2018-12-07 00:00:00+00:00,USDC,2,DeFiLlama,1.0032934391449864
2018-12-08 00:00:00+00:00,USDC,2,DeFiLlama,1.0032934394000488
2018-12-09 00:00:00+00:00,USDC,2,DeFiLlama,1.0032934377570435
2018-12-10 00:00:00+00:00,USDC,2,DeFiLlama,1.0032934379334117
2018-12-11 00:00:00+00:00,USDC,2,DeFiLlama,1.003293445295162
2018-12-12 00:00:00+00:00,USDC,2,DeFiLlama,1.0032934419856967
2018-12-13 00:00:00+00:00,USDC,2,DeFiLlama,1.003293442644903
2018-12-14 00:00:00+00:00,USDC,2,DeFiLlama,1.0032934438555146
2018-12-15 00:00:00+00:00,USDC,2,DeFiLlama,1.0032934463974716
2018-12-16 00:00:00+00:00,USDC,2,DeFiLlama,1.0032934444393664
2018-12-17 00:00:00+00:00,USDC,2,DeFiLlama,1.0032934456420004
2018-12-18 00:00:00+00:00,USDC,2,DeFiLlama,1.0032934448411988
2018-12-19 00:00:00+00:00,USDC,2,DeFiLlama,1.0032934409376404
2018-12-20 00:00:00+00:00,USDC,2,DeFiLlama,1.0032934438038241
2018-12-21 00:00:00+00:00,USDC,2,DeFiLlama,1.0032934397869613
2018-12-22 00:00:00+00:00,USDC,2,DeFiLlama,1.0032934406013045
2018-12-23 00:00:00+00:00,USDC,2,DeFiLlama,1.0032934417076844
2018-12-24 00:00:00+00:00,USDC,2,DeFiLlama,1.0032934435795977
2018-12-25 00:00:00+00:00,USDC,2,DeFiLlama,1.0032934423314817
2018-12-26 00:00:00+00:00,USDC,2,DeFiLlama,1.0032934399791944
2018-12-27 00:00:00+00:00,USDC,2,DeFiLlama,1.0032934423375244
2018-12-28 00:00:00+00:00,USDC,2,DeFiLlama,1.00329344257247
2018-12-29 00:00:00+00:00,USDC,2,DeFiLlama,1.0032934445539345
2018-12-30 00:00:00+00:00,USDC,2,DeFiLlama,1.0032934405386935
2018-12-31 00:00:00+00:00,USDC,2,DeFiLlama,1.0032934424943765
2019-01-01 00:00:00+00:00,USDC,2,DeFiLlama,1.0032934434660459
2019-01-02 00:00:00+00:00,USDC,2,DeFiLlama,1.0032934416310735
2019-01-03 00:00:00+00:00,USDC,2,DeFiLlama,1.0032934430946405
2019-01-04 00:00:00+00:00,USDC,2,DeFiLlama,1.0032934449543751
2019-01-05 00:00:00+00:00,USDC,2,DeFiLlama,1.0032934413728565
2019-01-06 00:00:00+00:00,USDC,2,DeFiLlama,1.0032934437137773
2019-01-07 00:00:00+00:00,USDC,2,DeFiLlama,1.0032934427403026
2019-01-08 00:00:00+00:00,USDC,2,DeFiLlama,1.003293441562542
2019-01-09 00:00:00+00:00,USDC,2,DeFiLlama,1.0032934394216184
2019-01-10 00:00:00+00:00,USDC,2,DeFiLlama,1.0032934415166328
2019-01-11 00:00:00+00:00,USDC,2,DeFiLlama,1.0032934426263642
2019-01-12 00:00:00+00:00,USDC,2,DeFiLlama,1.003293442446815
2019-01-13 00:00:00+00:00,USDC,2,DeFiLlama,1.0032934421659692
2019-01-14 00:00:00+00:00,USDC,2,DeFiLlama,1.0032934432789684
2019-01-15 00:00:00+00:00,USDC,2,DeFiLlama,1.003293442326725
2019-01-16 00:00:00+00:00,USDC,2,DeFiLlama,1.0032934417154526
2019-01-17 00:00:00+00:00,USDC,2,DeFiLlama,1.0032934434230598
2019-01-18 00:00:00+00:00,USDC,2,DeFiLlama,1.0032934444499084
2019-01-19 00:00:00+00:00,USDC,2,DeFiLlama,1.0032934428670552
2019-01-20 00:00:00+00:00,USDC,2,DeFiLlama,1.0032934437019256
2019-01-21 00:00:00+00:00,USDC,2,DeFiLlama,1.0032934431055187
2019-01-22 00:00:00+00:00,USDC,2,DeFiLlama,1.0032934420699415
2019-01-23 00:00:00+00:00,USDC,2,DeFiLlama,1.003293444950916
2019-01-24 00:00:00+00:00,USDC,2,DeFiLlama,1.0032934450084308
2019-01-25 00:00:00+00:00,USDC,2,DeFiLlama,1.0032934429145761
2019-01-26 00:00:00+00:00,USDC,2,DeFiLlama,1.0032934432242997
2019-01-27 00:00:00+00:00,USDC,2,DeFiLlama,1.0032934427878437
2019-01-28 00:00:00+00:00,USDC,2,DeFiLlama,1.003293439870552
2019-01-29 00:00:00+00:00,USDC,2,DeFiLlama,1.0032934435017997
2019-01-30 00:00:00+00:00,USDC,2,DeFiLlama,1.0032934404734457
2019-01-31 00:00:00+00:00,USDC,2,DeFiLlama,1.0032934436791516
2019-02-01 00:00:00+00:00,USDC,2,DeFiLlama,1.0032934433470886
2019-02-02 00:00:00+00:00,USDC,2,DeFiLlama,1.0032934446220425
2019-02-03 00:00:00+00:00,USDC,2,DeFiLlama,1.0032934444488248
2019-02-04 00:00:00+00:00,USDC,2,DeFiLlama,1.003293442285374
2019-02-05 00:00:00+00:00,USDC,2,DeFiLlama,1.0032934452006832
2019-02-06 00:00:00+00:00,USDC,2,DeFiLlama,1.0032934416221817
2019-02-07 00:00:00+00:00,USDC,2,DeFiLlama,1.0032934413571353
2019-02-08 00:00:00+00:00,USDC,2,DeFiLlama,1.0032934442622337
2019-02-09 00:00:00+00:00,USDC,2,DeFiLlama,1.0032934401445341
2019-02-10 00:00:00+00:00,USDC,2,DeFiLlama,1.0032934414850065
2019-02-11 00:00:00+00:00,USDC,2,DeFiLlama,1.003293439161087
2019-02-12 00:00:00+00:00,USDC,2,DeFiLlama,1.003293442465236
2019-02-13 00:00:00+00:00,USDC,2,DeFiLlama,1.0032934404429692
2019-02-14 00:00:00+00:00,USDC,2,DeFiLlama,1.0032934409456233
2019-02-15 00:00:00+00:00,USDC,2,DeFiLlama,1.0032934445658401
2019-02-16 00:00:00+00:00,USDC,2,DeFiLlama,1.003293443702763
2019-02-17 00:00:00+00:00,USDC,2,DeFiLlama,1.0032934418073998
2019-02-18 00:00:00+00:00,USDC,2,DeFiLlama,1.003293440103173
2019-02-19 00:00:00+00:00,USDC,2,DeFiLlama,1.0032934449478257
2019-02-20 00:00:00+00:00,USDC,2,DeFiLlama,1.0032934422940778
2019-02-21 00:00:00+00:00,USDC,2,DeFiLlama,1.0032934418764268
2019-02-22 00:00:00+00:00,USDC,2,DeFiLlama,1.0032934430171823
2019-02-23 00:00:00+00:00,USDC,2,DeFiLlama,1.0032934429335088
2019-02-24 00:00:00+00:00,USDC,2,DeFiLlama,1.0032934440394907
2019-02-25 00:00:00+00:00,USDC,2,DeFiLlama,1.0032934446102166
2019-02-26 00:00:00+00:00,USDC,2,DeFiLlama,1.0032934450143345
2019-02-27 00:00:00+00:00,USDC,2,DeFiLlama,1.0032934440887482
2019-02-28 00:00:00+00:00,USDC,2,DeFiLlama,1.0032934446816055
2019-03-01 00:00:00+00:00,USDC,2,DeFiLlama,1.00329344459807
2019-03-02 00:00:00+00:00,USDC,2,DeFiLlama,1.0032934420830237
2019-03-03 00:00:00+00:00,USDC,2,DeFiLlama,1.0032934447438986
2019-03-04 00:00:00+00:00,USDC,2,DeFiLlama,1.003293443005472
2019-03-05 00:00:00+00:00,USDC,2,DeFiLlama,1.0032934419775439
2019-03-06 00:00:00+00:00,USDC,2,DeFiLlama,1.0032934449002673
2019-03-07 00:00:00+00:00,USDC,2,DeFiLlama,1.0032934450135207
2019-03-08 00:00:00+00:00,USDC,2,DeFiLlama,1.0032934410823973
2019-03-09 00:00:00+00:00,USDC,2,DeFiLlama,1.0032934408913456
2019-03-10 00:00:00+00:00,USDC,2,DeFiLlama,1.0032934431239005
2019-03-11 00:00:00+00:00,USDC,2,DeFiLlama,1.0032934437565817
2019-03-12 00:00:00+00:00,USDC,2,DeFiLlama,1.0032934424209439
2019-03-13 00:00:00+00:00,USDC,2,DeFiLlama,1.0032934399112872
2019-03-14 00:00:00+00:00,USDC,2,DeFiLlama,1.003293439715003
2019-03-15 00:00:00+00:00,USDC,2,DeFiLlama,1.0032934433548204
2019-03-16 00:00:00+00:00,USDC,2,DeFiLlama,1.003293441639557
2019-03-17 00:00:00+00:00,USDC,2,DeFiLlama,1.0032934447544142
2019-03-18 00:00:00+00:00,USDC,2,DeFiLlama,1.0032934398865032
2019-03-19 00:00:00+00:00,USDC,2,DeFiLlama,1.0032934434146288
2019-03-20 00:00:00+00:00,USDC,2,DeFiLlama,1.0032934416825705
2019-03-21 00:00:00+00:00,USDC,2,DeFiLlama,1.0032934455520754
2019-03-22 00:00:00+00:00,USDC,2,DeFiLlama,1.0032934447502502
2019-03-23 00:00:00+00:00,USDC,2,DeFiLlama,1.0032934446198312
2019-03-24 00:00:00+00:00,USDC,2,DeFiLlama,1.00329344294224
2019-03-25 00:00:00+00:00,USDC,2,DeFiLlama,1.0032934416108463
2019-03-26 00:00:00+00:00,USDC,2,DeFiLlama,1.0032934426728215
2019-03-27 00:00:00+00:00,USDC,2,DeFiLlama,1.0032934389945691
2019-03-28 00:00:00+00:00,USDC,2,DeFiLlama,1.0032934423335724
2019-03-29 00:00:00+00:00,USDC,2,DeFiLlama,1.0032934412370147
2019-03-30 00:00:00+00:00,USDC,2,DeFiLlama,1.0032934430805838
2019-03-31 00:00:00+00:00,USDC,2,DeFiLlama,1.0032934419235913
2019-04-01 00:00:00+00:00,USDC,2,DeFiLlama,1.0032934418252741
2019-04-02 00:00:00+00:00,USDC,2,DeFiLlama,1.003293445626933
2019-04-03 00:00:00+00:00,USDC,2,DeFiLlama,1.0032934446210202
2019-04-04 00:00:00+00:00,USDC,2,DeFiLlama,1.0032934439041932
2019-04-05 00:00:00+00:00,USDC,2,DeFiLlama,1.003293444356569
2019-04-06 00:00:00+00:00,USDC,2,DeFiLlama,1.0032934394242792
2019-04-07 00:00:00+00:00,USDC,2,DeFiLlama,1.0032934442328147
2019-04-08 00:00:00+00:00,USDC,2,DeFiLlama,1.0032934450150637
2019-04-09 00:00:00+00:00,USDC,2,DeFiLlama,1.0032934401695215
2019-04-10 00:00:00+00:00,USDC,2,DeFiLlama,1.003293440632454
2019-04-11 00:00:00+00:00,USDC,2,DeFiLlama,1.0032934426027036
2019-04-12 00:00:00+00:00,USDC,2,DeFiLlama,1.003293444183609
2019-04-13 00:00:00+00:00,USDC,2,DeFiLlama,1.0032934426428255
2019-04-14 00:00:00+00:00,USDC,2,DeFiLlama,1.0032934447576751
2019-04-15 00:00:00+00:00,USDC,2,DeFiLlama,1.0032934407231104
2019-04-16 00:00:00+00:00,USDC,2,DeFiLlama,1.0032934413829493
2019-04-17 00:00:00+00:00,USDC,2,DeFiLlama,1.0032934427535802
2019-04-18 00:00:00+00:00,USDC,2,DeFiLlama,1.0032934419819381
2019-04-19 00:00:00+00:00,USDC,2,DeFiLlama,1.003293442834456
2019-04-20 00:00:00+00:00,USDC,2,DeFiLlama,1.0032934430189993
2019-04-21 00:00:00+00:00,USDC,2,DeFiLlama,1.0032934395752313
2019-04-22 00:00:00+00:00,USDC,2,DeFiLlama,1.0032934447395068
2019-04-23 00:00:00+00:00,USDC,2,DeFiLlama,1.0032934447353878
2019-04-24 00:00:00+00:00,USDC,2,DeFiLlama,1.0032934417044934
2019-04-25 00:00:00+00:00,USDC,2,DeFiLlama,1.0032934427569224
2019-04-26 00:00:00+00:00,USDC,2,DeFiLlama,1.003293440602489
2019-04-27 00:00:00+00:00,USDC,2,DeFiLlama,1.0032934439335346
2019-04-28 00:00:00+00:00,USDC,2,DeFiLlama,1.0032934432888423
2019-04-29 00:00:00+00:00,USDC,2,DeFiLlama,1.0032934446114836
2019-04-30 00:00:00+00:00,USDC,2,DeFiLlama,1.0032934426267515
2019-05-01 00:00:00+00:00,USDC,2,DeFiLlama,1.0032934441695534
2019-05-02 00:00:00+00:00,USDC,2,DeFiLlama,1.003293442817898
2019-05-03 00:00:00+00:00,USDC,2,DeFiLlama,1.003293443222297
2019-05-04 00:00:00+00:00,USDC,2,DeFiLlama,1.0032934401840101
2019-05-05 00:00:00+00:00,USDC,2,DeFiLlama,1.0032934440491152
2019-05-06 00:00:00+00:00,USDC,2,DeFiLlama,1.0032934426956135
2019-05-07 00:00:00+00:00,USDC,2,DeFiLlama,1.0032934413291124
2019-05-08 00:00:00+00:00,USDC,2,DeFiLlama,1.0032934426750113
2019-05-09 00:00:00+00:00,USDC,2,DeFiLlama,1.0032934404251388
2019-05-10 00:00:00+00:00,USDC,2,DeFiLlama,1.0032934408936258
2019-05-11 00:00:00+00:00,USDC,2,DeFiLlama,1.0032934431241045
2019-05-12 00:00:00+00:00,USDC,2,DeFiLlama,1.0032934419130102
2019-05-13 00:00:00+00:00,USDC,2,DeFiLlama,1.003293442592575
2019-05-14 00:00:00+00:00,USDC,2,DeFiLlama,1.0032934431587626
2019-05-15 00:00:00+00:00,USDC,2,DeFiLlama,1.0032934420232338
2019-05-16 00:00:00+00:00,USDC,2,DeFiLlama,1.0032934425071882
2019-05-17 00:00:00+00:00,USDC,2,DeFiLlama,1.00329344277709
2019-05-18 00:00:00+00:00,USDC,2,DeFiLlama,1.0032934407361127
2019-05-19 00:00:00+00:00,USDC,2,DeFiLlama,1.0032934433528817
2019-05-20 00:00:00+00:00,USDC,2,DeFiLlama,1.0032934409448078
2019-05-21 00:00:00+00:00,USDC,2,DeFiLlama,1.0032934427303062
2019-05-22 00:00:00+00:00,USDC,2,DeFiLlama,1.00329344209259
2019-05-23 00:00:00+00:00,USDC,2,DeFiLlama,1.0032934426306912
2019-05-24 00:00:00+00:00,USDC,2,DeFiLlama,1.0032934412218246
2019-05-25 00:00:00+00:00,USDC,2,DeFiLlama,1.003293440576971
2019-05-26 00:00:00+00:00,USDC,2,DeFiLlama,1.003293444037044
2019-05-27 00:00:00+00:00,USDC,2,DeFiLlama,1.0032934428808722
2019-05-28 00:00:00+00:00,USDC,2,DeFiLlama,1.0032934424937003
2019-05-29 00:00:00+00:00,USDC,2,DeFiLlama,1.0032934420476665
2019-05-30 00:00:00+00:00,USDC,2,DeFiLlama,1.0032934425853481
2019-05-31 00:00:00+00:00,USDC,2,DeFiLlama,1.0032934418599189
2019-06-01 00:00:00+00:00,USDC,2,DeFiLlama,1.0032934424205575
2019-06-02 00:00:00+00:00,USDC,2,DeFiLlama,1.0032934419024562
2019-06-03 00:00:00+00:00,USDC,2,DeFiLlama,1.0032934408506102
2019-06-04 00:00:00+00:00,USDC,2,DeFiLlama,1.0032934420896558
2019-06-05 00:00:00+00:00,USDC,2,DeFiLlama,1.0032934433784193
2019-06-06 00:00:00+00:00,USDC,2,DeFiLlama,1.00329344393903
2019-06-07 00:00:00+00:00,USDC,2,DeFiLlama,1.0032934426087494
2019-06-08 00:00:00+00:00,USDC,2,DeFiLlama,1.0032934417834505
2019-06-09 00:00:00+00:00,USDC,2,DeFiLlama,1.0032934421438353
2019-06-10 00:00:00+00:00,USDC,2,DeFiLlama,1.0032934418691764
2019-06-11 00:00:00+00:00,USDC,2,DeFiLlama,1.003293440859301
2019-06-12 00:00:00+00:00,USDC,2,DeFiLlama,1.003293442063912
2019-06-13 00:00:00+00:00,USDC,2,DeFiLlama,1.0032934435554628
2019-06-14 00:00:00+00:00,USDC,2,DeFiLlama,1.0032934431075886
2019-06-15 00:00:00+00:00,USDC,2,DeFiLlama,1.0032934433302978
2019-06-16 00:00:00+00:00,USDC,2,DeFiLlama,1.003293443845168
2019-06-17 00:00:00+00:00,USDC,2,DeFiLlama,1.0032934420504187
2019-06-18 00:00:00+00:00,USDC,2,DeFiLlama,1.003293442450193
2019-06-19 00:00:00+00:00,USDC,2,DeFiLlama,1.0032934398618407
2019-06-20 00:00:00+00:00,USDC,2,DeFiLlama,1.0032934433413467
2019-06-21 00:00:00+00:00,USDC,2,DeFiLlama,1.0032934416853498
2019-06-22 00:00:00+00:00,USDC,2,DeFiLlama,1.0032934399029747
2019-06-23 00:00:00+00:00,USDC,2,DeFiLlama,1.003293442552812
2019-06-24 00:00:00+00:00,USDC,2,DeFiLlama,1.0032934412360697
2019-06-25 00:00:00+00:00,USDC,2,DeFiLlama,1.0032934424912223
2019-06-26 00:00:00+00:00,USDC,2,DeFiLlama,1.0032934417117074
2019-06-27 00:00:00+00:00,USDC,2,DeFiLlama,1.003293442664257
2019-06-28 00:00:00+00:00,USDC,2,DeFiLlama,1.0032934434746894
2019-06-29 00:00:00+00:00,USDC,2,DeFiLlama,1.0032934421051622
2019-06-30 00:00:00+00:00,USDC,2,DeFiLlama,1.0032934425919502
2019-07-01 00:00:00+00:00,USDC,2,DeFiLlama,1.003293444200066
2019-07-02 00:00:00+00:00,USDC,2,DeFiLlama,1.003293443523382
2019-07-03 00:00:00+00:00,USDC,2,DeFiLlama,1.0032934419022543
2019-07-04 00:00:00+00:00,USDC,2,DeFiLlama,1.0032934426962028
2019-07-05 00:00:00+00:00,USDC,2,DeFiLlama,1.0032934425360582
2019-07-06 00:00:00+00:00,USDC,2,DeFiLlama,1.0032934420497108
2019-07-07 00:00:00+00:00,USDC,2,DeFiLlama,1.0032934427937092
2019-07-08 00:00:00+00:00,USDC,2,DeFiLlama,1.0032934412505965
2019-07-09 00:00:00+00:00,USDC,2,DeFiLlama,1.0032934423195174
2019-07-10 00:00:00+00:00,USDC,2,DeFiLlama,1.0032934441395118
2019-07-11 00:00:00+00:00,USDC,2,DeFiLlama,1.0032934435346181
2019-07-12 00:00:00+00:00,USDC,2,DeFiLlama,1.0032934438486032
2019-07-13 00:00:00+00:00,USDC,2,DeFiLlama,1.0032934425333169
2019-07-14 00:00:00+00:00,USDC,2,DeFiLlama,1.0032934438900691
2019-07-15 00:00:00+00:00,USDC,2,DeFiLlama,1.0032934417082902
2019-07-16 00:00:00+00:00,USDC,2,DeFiLlama,1.0032934424915525
2019-07-17 00:00:00+00:00,USDC,2,DeFiLlama,1.0032934418700554
2019-07-18 00:00:00+00:00,USDC,2,DeFiLlama,1.0032934439951535
2019-07-19 00:00:00+00:00,USDC,2,DeFiLlama,1.0032934427803555
2019-07-20 00:00:00+00:00,USDC,2,DeFiLlama,1.0032934441106476
2019-07-21 00:00:00+00:00,USDC,2,DeFiLlama,1.0032934427434135
2019-07-22 00:00:00+00:00,USDC,2,DeFiLlama,1.0032934419215247
2019-07-23 00:00:00+00:00,USDC,2,DeFiLlama,1.0032934409283467
2019-07-24 00:00:00+00:00,USDC,2,DeFiLlama,1.0032934414528836
2019-07-25 00:00:00+00:00,USDC,2,DeFiLlama,1.0032934406918963
2019-07-26 00:00:00+00:00,USDC,2,DeFiLlama,1.0032934416476165
2019-07-27 00:00:00+00:00,USDC,2,DeFiLlama,1.0032934438587973
2019-07-28 00:00:00+00:00,USDC,2,DeFiLlama,1.003293440848893
2019-07-29 00:00:00+00:00,USDC,2,DeFiLlama,1.0032934422626174
2019-07-30 00:00:00+00:00,USDC,2,DeFiLlama,1.0032934437585932
2019-07-31 00:00:00+00:00,USDC,2,DeFiLlama,1.0032934414154497
2019-08-01 00:00:00+00:00,USDC,2,DeFiLlama,1.0032934417972486
2019-08-02 00:00:00+00:00,USDC,2,DeFiLlama,1.0032934418082484
2019-08-03 00:00:00+00:00,USDC,2,DeFiLlama,1.0032934424328974
2019-08-04 00:00:00+00:00,USDC,2,DeFiLlama,1.0032934418370683
2019-08-05 00:00:00+00:00,USDC,2,DeFiLlama,1.0032934427736946
2019-08-06 00:00:00+00:00,USDC,2,DeFiLlama,1.0032934423215196
2019-08-07 00:00:00+00:00,USDC,2,DeFiLlama,1.0032934423359172
2019-08-08 00:00:00+00:00,USDC,2,DeFiLlama,1.0032934420406845
2019-08-09 00:00:00+00:00,USDC,2,DeFiLlama,1.0032934419853636
2019-08-10 00:00:00+00:00,USDC,2,DeFiLlama,1.0032934428004672
2019-08-11 00:00:00+00:00,USDC,2,DeFiLlama,1.0032934441434458
2019-08-12 00:00:00+00:00,USDC,2,DeFiLlama,1.0032934435586607
2019-08-13 00:00:00+00:00,USDC,2,DeFiLlama,1.0032934424132363
2019-08-14 00:00:00+00:00,USDC,2,DeFiLlama,1.00329344361955
2019-08-15 00:00:00+00:00,USDC,2,DeFiLlama,1.003293443135532
2019-08-16 00:00:00+00:00,USDC,2,DeFiLlama,1.0032934420326718
2019-08-17 00:00:00+00:00,USDC,2,DeFiLlama,1.0032934422252653
2019-08-18 00:00:00+00:00,USDC,2,DeFiLlama,1.0032934441820263
2019-08-19 00:00:00+00:00,USDC,2,DeFiLlama,1.0032934413197674
2019-08-20 00:00:00+00:00,USDC,2,DeFiLlama,1.003293442886045
2019-08-21 00:00:00+00:00,USDC,2,DeFiLlama,1.003293443490627
2019-08-22 00:00:00+00:00,USDC,2,DeFiLlama,1.0032934433741165
2019-08-23 00:00:00+00:00,USDC,2,DeFiLlama,1.0032934437509706
2019-08-24 00:00:00+00:00,USDC,2,DeFiLlama,1.0032934442212116
2019-08-25 00:00:00+00:00,USDC,2,DeFiLlama,1.0032934418575294
2019-08-26 00:00:00+00:00,USDC,2,DeFiLlama,1.0032934421806012
2019-08-27 00:00:00+00:00,USDC,2,DeFiLlama,1.0032934441066208
2019-08-28 00:00:00+00:00,USDC,2,DeFiLlama,1.0032934435878957
2019-08-29 00:00:00+00:00,USDC,2,DeFiLlama,1.003293441836036
2019-08-30 00:00:00+00:00,USDC,2,DeFiLlama,1.0032934428812634
2019-08-31 00:00:00+00:00,USDC,2,DeFiLlama,1.0032934434585927
2019-09-01 00:00:00+00:00,USDC,2,DeFiLlama,1.0032934428525027
2019-09-02 00:00:00+00:00,USDC,2,DeFiLlama,1.0032934417985426
2019-09-03 00:00:00+00:00,USDC,2,DeFiLlama,1.0032934421393316
2019-09-04 00:00:00+00:00,USDC,2,DeFiLlama,1.0032934408094214
2019-09-05 00:00:00+00:00,USDC,2,DeFiLlama,1.0032934421815167
2019-09-06 00:00:00+00:00,USDC,2,DeFiLlama,1.0032934409208363
2019-09-07 00:00:00+00:00,USDC,2,DeFiLlama,1.003293442305338
2019-09-08 00:00:00+00:00,USDC,2,DeFiLlama,1.0032934417919108
2019-09-09 00:00:00+00:00,USDC,2,DeFiLlama,1.003293442498111
2019-09-10 00:00:00+00:00,USDC,2,DeFiLlama,1.003293442464886
2019-09-11 00:00:00+00:00,USDC,2,DeFiLlama,1.003293441513783
2019-09-12 00:00:00+00:00,USDC,2,DeFiLlama,1.0032934432492049
2019-09-13 00:00:00+00:00,USDC,2,DeFiLlama,1.0032934426550737
2019-09-14 00:00:00+00:00,USDC,2,DeFiLlama,1.0032934412123165
2019-09-15 00:00:00+00:00,USDC,2,DeFiLlama,1.0032934438874324
2019-09-16 00:00:00+00:00,USDC,2,DeFiLlama,1.003293441382982
2019-09-17 00:00:00+00:00,USDC,2,DeFiLlama,1.0032934409231373
2019-09-18 00:00:00+00:00,USDC,2,DeFiLlama,1.0032934435115572
2019-09-19 00:00:00+00:00,USDC,2,DeFiLlama,1.003293442361761
2019-09-20 00:00:00+00:00,USDC,2,DeFiLlama,1.0032934437371808
2019-09-21 00:00:00+00:00,USDC,2,DeFiLlama,1.0032934425847586
2019-09-22 00:00:00+00:00,USDC,2,DeFiLlama,1.0032934437262115
2019-09-23 00:00:00+00:00,USDC,2,DeFiLlama,1.0032934426470081
2019-09-24 00:00:00+00:00,USDC,2,DeFiLlama,1.003293442798902
2019-09-25 00:00:00+00:00,USDC,2,DeFiLlama,1.003293443303655
2019-09-26 00:00:00+00:00,USDC,2,DeFiLlama,1.003293443438361
2019-09-27 00:00:00+00:00,USDC,2,DeFiLlama,1.0032934420826034
2019-09-28 00:00:00+00:00,USDC,2,DeFiLlama,1.0032934420656165
2019-09-29 00:00:00+00:00,USDC,2,DeFiLlama,1.0032934425613662
2019-09-30 00:00:00+00:00,USDC,2,DeFiLlama,1.0032934440112284
2019-10-01 00:00:00+00:00,USDC,2,DeFiLlama,1.0032934428792177
2019-10-02 00:00:00+00:00,USDC,2,DeFiLlama,1.003293443939351
2019-10-03 00:00:00+00:00,USDC,2,DeFiLlama,1.0032934420989528
2019-10-04 00:00:00+00:00,USDC,2,DeFiLlama,1.0032934429663443
2019-10-05 00:00:00+00:00,USDC,2,DeFiLlama,1.0032934419256971
2019-10-06 00:00:00+00:00,USDC,2,DeFiLlama,1.003293444066677
2019-10-07 00:00:00+00:00,USDC,2,DeFiLlama,1.0032934426646567
2019-10-08 00:00:00+00:00,USDC,2,DeFiLlama,1.0032934426181344
2019-10-09 00:00:00+00:00,USDC,2,DeFiLlama,1.0032934424129465
2019-10-10 00:00:00+00:00,USDC,2,DeFiLlama,1.0032934409384295
2019-10-11 00:00:00+00:00,USDC,2,DeFiLlama,1.0032934423618258
2019-10-12 00:00:00+00:00,USDC,2,DeFiLlama,1.0032934430745621
2019-10-13 00:00:00+00:00,USDC,2,DeFiLlama,1.0032934425402162
2019-10-14 00:00:00+00:00,USDC,2,DeFiLlama,1.0032934410149479
2019-10-15 00:00:00+00:00,USDC,2,DeFiLlama,1.0032934433282548
2019-10-16 00:00:00+00:00,USDC,2,DeFiLlama,1.0032934412660501
2019-10-17 00:00:00+00:00,USDC,2,DeFiLlama,1.0032934410999197
2019-10-18 00:00:00+00:00,USDC,2,DeFiLlama,1.003293443506794
2019-10-19 00:00:00+00:00,USDC,2,DeFiLlama,1.0032934416063664
2019-10-20 00:00:00+00:00,USDC,2,DeFiLlama,1.0032934405823417
2019-10-21 00:00:00+00:00,USDC,2,DeFiLlama,1.0032934437368786
2019-10-22 00:00:00+00:00,USDC,2,DeFiLlama,1.0032934413452772
2019-10-23 00:00:00+00:00,USDC,2,DeFiLlama,1.003293442790557
2019-10-24 00:00:00+00:00,USDC,2,DeFiLlama,1.003293443793926
2019-10-25 00:00:00+00:00,USDC,2,DeFiLlama,1.0032934436835474
2019-10-26 00:00:00+00:00,USDC,2,DeFiLlama,1.00329344268045
2019-10-27 00:00:00+00:00,USDC,2,DeFiLlama,1.00329344208317
2019-10-28 00:00:00+00:00,USDC,2,DeFiLlama,1.0032934442447223
2019-10-29 00:00:00+00:00,USDC,2,DeFiLlama,1.0032934423848496
2019-10-30 00:00:00+00:00,USDC,2,DeFiLlama,1.003293442921867
2019-10-31 00:00:00+00:00,USDC,2,DeFiLlama,1.003293443963159
2019-11-01 00:00:00+00:00,USDC,2,DeFiLlama,1.003293443337613
2019-11-02 00:00:00+00:00,USDC,2,DeFiLlama,1.0032934440581547
2019-11-03 00:00:00+00:00,USDC,2,DeFiLlama,1.0032934422879214
2019-11-04 00:00:00+00:00,USDC,2,DeFiLlama,1.003293441799292
2019-11-05 00:00:00+00:00,USDC,2,DeFiLlama,1.0032934433165634
2019-11-06 00:00:00+00:00,USDC,2,DeFiLlama,1.0032934412786618
2019-11-07 00:00:00+00:00,USDC,2,DeFiLlama,1.003293443562423
2019-11-08 00:00:00+00:00,USDC,2,DeFiLlama,1.0032934420436914
2019-11-09 00:00:00+00:00,USDC,2,DeFiLlama,1.003293443528122
2019-11-10 00:00:00+00:00,USDC,2,DeFiLlama,1.0032934437055527
2019-11-11 00:00:00+00:00,USDC,2,DeFiLlama,1.0032934424686464
2019-11-12 00:00:00+00:00,USDC,2,DeFiLlama,1.0032934424951616
2019-11-13 00:00:00+00:00,USDC,2,DeFiLlama,1.0032934410461596
2019-11-14 00:00:00+00:00,USDC,2,DeFiLlama,1.0032934429352947
2019-11-15 00:00:00+00:00,USDC,2,DeFiLlama,1.0032934415137469
2019-11-16 00:00:00+00:00,USDC,2,DeFiLlama,1.0032934435960732
2019-11-17 00:00:00+00:00,USDC,2,DeFiLlama,1.003293443751438
2019-11-18 00:00:00+00:00,USDC,2,DeFiLlama,1.0032934423426798
2019-11-19 00:00:00+00:00,USDC,2,DeFiLlama,1.0032934427337044
2019-11-20 00:00:00+00:00,USDC,2,DeFiLlama,1.0032934440933534
2019-11-21 00:00:00+00:00,USDC,2,DeFiLlama,1.003293442677327
2019-11-22 00:00:00+00:00,USDC,2,DeFiLlama,1.0032934436855443
2019-11-23 00:00:00+00:00,USDC,2,DeFiLlama,1.0032934431868126
2019-11-24 00:00:00+00:00,USDC,2,DeFiLlama,1.0032934416000134
2019-11-25 00:00:00+00:00,USDC,2,DeFiLlama,1.0032934423839068
2019-11-26 00:00:00+00:00,USDC,2,DeFiLlama,1.0032934422795194
2019-11-27 00:00:00+00:00,USDC,2,DeFiLlama,1.003293440523323
2019-11-28 00:00:00+00:00,USDC,2,DeFiLlama,1.0032934426639275
2019-11-29 00:00:00+00:00,USDC,2,DeFiLlama,1.0032934440476484
2019-11-30 00:00:00+00:00,USDC,2,DeFiLlama,1.0032934410077667
2019-12-01 00:00:00+00:00,USDC,2,DeFiLlama,1.0032934415319599
2019-12-02 00:00:00+00:00,USDC,2,DeFiLlama,1.003293441763681
2019-12-03 00:00:00+00:00,USDC,2,DeFiLlama,1.0032934429646811
2019-12-04 00:00:00+00:00,USDC,2,DeFiLlama,1.0032934434191367
2019-12-05 00:00:00+00:00,USDC,2,DeFiLlama,1.003293443377511
2019-12-06 00:00:00+00:00,USDC,2,DeFiLlama,1.0032934427394566
2019-12-07 00:00:00+00:00,USDC,2,DeFiLlama,1.0032934414888999
2019-12-08 00:00:00+00:00,USDC,2,DeFiLlama,1.0032934436447394
2019-12-09 00:00:00+00:00,USDC,2,DeFiLlama,1.0032934420691462
2019-12-10 00:00:00+00:00,USDC,2,DeFiLlama,1.003293443030837
2019-12-11 00:00:00+00:00,USDC,2,DeFiLlama,1.0032934409383731
2019-12-12 00:00:00+00:00,USDC,2,DeFiLlama,1.003293442028336
2019-12-13 00:00:00+00:00,USDC,2,DeFiLlama,1.0032934426952442
2019-12-14 00:00:00+00:00,USDC,2,DeFiLlama,1.0032934421575876
2019-12-15 00:00:00+00:00,USDC,2,DeFiLlama,1.003293440999591
2019-12-16 00:00:00+00:00,USDC,2,DeFiLlama,1.003293440908853
2019-12-17 00:00:00+00:00,USDC,2,DeFiLlama,1.0032934404661233
2019-12-18 00:00:00+00:00,USDC,2,DeFiLlama,1.0032934429094142
2019-12-19 00:00:00+00:00,USDC,2,DeFiLlama,1.0032934419029946
2019-12-20 00:00:00+00:00,USDC,2,DeFiLlama,1.003293443510645
2019-12-21 00:00:00+00:00,USDC,2,DeFiLlama,1.0032934433679273
2019-12-22 00:00:00+00:00,USDC,2,DeFiLlama,1.003293441969328
2019-12-23 00:00:00+00:00,USDC,2,DeFiLlama,1.0032934426077678
2019-12-24 00:00:00+00:00,USDC,2,DeFiLlama,1.0032934428629465
2019-12-25 00:00:00+00:00,USDC,2,DeFiLlama,1.0032934425476745
2019-12-26 00:00:00+00:00,USDC,2,DeFiLlama,1.0032934413141918
2019-12-27 00:00:00+00:00,USDC,2,DeFiLlama,1.0032934426206652
2019-12-28 00:00:00+00:00,USDC,2,DeFiLlama,1.0032934423202198
2019-12-29 00:00:00+00:00,USDC,2,DeFiLlama,1.003293442888475
2019-12-30 00:00:00+00:00,USDC,2,DeFiLlama,1.0032934417824784
2019-12-31 00:00:00+00:00,USDC,2,DeFiLlama,1.0032934439618137
2020-01-01 00:00:00+00:00,USDC,2,DeFiLlama,1.0032934427708033
2020-01-02 00:00:00+00:00,USDC,2,DeFiLlama,1.003293443742237
2020-01-03 00:00:00+00:00,USDC,2,DeFiLlama,1.0032934427120763
2020-01-04 00:00:00+00:00,USDC,2,DeFiLlama,1.0032934427328934
2020-01-05 00:00:00+00:00,USDC,2,DeFiLlama,1.0032934422938073
2020-01-06 00:00:00+00:00,USDC,2,DeFiLlama,1.0032934421373
2020-01-07 00:00:00+00:00,USDC,2,DeFiLlama,1.0032934412977375
2020-01-08 00:00:00+00:00,USDC,2,DeFiLlama,1.0032934429118203
2020-01-09 00:00:00+00:00,USDC,2,DeFiLlama,1.0032934434652976
2020-01-10 00:00:00+00:00,USDC,2,DeFiLlama,1.0032934421552362
2020-01-11 00:00:00+00:00,USDC,2,DeFiLlama,1.0032934415289658
2020-01-12 00:00:00+00:00,USDC,2,DeFiLlama,1.00329344235391
2020-01-13 00:00:00+00:00,USDC,2,DeFiLlama,1.0032934421868032
2020-01-14 00:00:00+00:00,USDC,2,DeFiLlama,1.0032934417966646
2020-01-15 00:00:00+00:00,USDC,2,DeFiLlama,1.0032934426382962
2020-01-16 00:00:00+00:00,USDC,2,DeFiLlama,1.0032934431777332
2020-01-17 00:00:00+00:00,USDC,2,DeFiLlama,1.003293443196104
2020-01-18 00:00:00+00:00,USDC,2,DeFiLlama,1.0032934433906304
2020-01-19 00:00:00+00:00,USDC,2,DeFiLlama,1.0032934424799766
2020-01-20 00:00:00+00:00,USDC,2,DeFiLlama,1.0032934433407894
2020-01-21 00:00:00+00:00,USDC,2,DeFiLlama,1.0032934435107264
2020-01-22 00:00:00+00:00,USDC,2,DeFiLlama,1.003293442641265
2020-01-23 00:00:00+00:00,USDC,2,DeFiLlama,1.0032934442693178
2020-01-24 00:00:00+00:00,USDC,2,DeFiLlama,1.003293443289322
2020-01-25 00:00:00+00:00,USDC,2,DeFiLlama,1.0032934411119765
2020-01-26 00:00:00+00:00,USDC,2,DeFiLlama,1.0032934418936659
2020-01-27 00:00:00+00:00,USDC,2,DeFiLlama,1.0032934424532163
2020-01-28 00:00:00+00:00,USDC,2,DeFiLlama,1.0032934415275674
2020-01-29 00:00:00+00:00,USDC,2,DeFiLlama,1.0032934420577524
2020-01-30 00:00:00+00:00,USDC,2,DeFiLlama,1.0032934433971805
2020-01-31 00:00:00+00:00,USDC,2,DeFiLlama,1.0032934416808077
2020-02-01 00:00:00+00:00,USDC,2,DeFiLlama,1.0032934425335238
2020-02-02 00:00:00+00:00,USDC,2,DeFiLlama,1.003293443454531
2020-02-03 00:00:00+00:00,USDC,2,DeFiLlama,1.003293444064542
2020-02-04 00:00:00+00:00,USDC,2,DeFiLlama,1.003293444248466
2020-02-05 00:00:00+00:00,USDC,2,DeFiLlama,1.0032934428836633
2020-02-06 00:00:00+00:00,USDC,2,DeFiLlama,1.0032934439839172
2020-02-07 00:00:00+00:00,USDC,2,DeFiLlama,1.003293443351557
2020-02-08 00:00:00+00:00,USDC,2,DeFiLlama,1.0032934419688795
2020-02-09 00:00:00+00:00,USDC,2,DeFiLlama,1.0032934409740981
2020-02-10 00:00:00+00:00,USDC,2,DeFiLlama,1.0032934430425187
2020-02-11 00:00:00+00:00,USDC,2,DeFiLlama,1.0032934418297181
2020-02-12 00:00:00+00:00,USDC,2,DeFiLlama,1.0032934431045426
2020-02-13 00:00:00+00:00,USDC,2,DeFiLlama,1.0032934430709508
2020-02-14 00:00:00+00:00,USDC,2,DeFiLlama,1.0032934423034174
2020-02-15 00:00:00+00:00,USDC,2,DeFiLlama,1.0032934426733213
2020-02-16 00:00:00+00:00,USDC,2,DeFiLlama,1.003293442705967
2020-02-17 00:00:00+00:00,USDC,2,DeFiLlama,1.0032934425737612
2020-02-18 00:00:00+00:00,USDC,2,DeFiLlama,1.003293441195662
2020-02-19 00:00:00+00:00,USDC,2,DeFiLlama,1.0032934417220665
2020-02-20 00:00:00+00:00,USDC,2,DeFiLlama,1.0032934415805241
2020-02-21 00:00:00+00:00,USDC,2,DeFiLlama,1.0032934417567771
2020-02-22 00:00:00+00:00,USDC,2,DeFiLlama,1.0032934437425378
2020-02-23 00:00:00+00:00,USDC,2,DeFiLlama,1.0032934430445695
2020-02-24 00:00:00+00:00,USDC,2,DeFiLlama,1.0032934404405913
2020-02-25 00:00:00+00:00,USDC,2,DeFiLlama,1.0032934430597205
2020-02-26 00:00:00+00:00,USDC,2,DeFiLlama,1.0032934413234473
2020-02-27 00:00:00+00:00,USDC,2,DeFiLlama,1.0032934421813475
2020-02-28 00:00:00+00:00,USDC,2,DeFiLlama,1.0032934419577115
2020-02-29 00:00:00+00:00,USDC,2,DeFiLlama,1.0032934433031278
2020-03-01 00:00:00+00:00,USDC,2,DeFiLlama,1.0032934416779231
2020-03-02 00:00:00+00:00,USDC,2,DeFiLlama,1.0032934429802411
2020-03-03 00:00:00+00:00,USDC,2,DeFiLlama,1.0032934434709737
2020-03-04 00:00:00+00:00,USDC,2,DeFiLlama,1.0032934418497959
2020-03-05 00:00:00+00:00,USDC,2,DeFiLlama,1.003293442232202
2020-03-06 00:00:00+00:00,USDC,2,DeFiLlama,1.0032934419097712
2020-03-07 00:00:00+00:00,USDC,2,DeFiLlama,1.0032934419210051
2020-03-08 00:00:00+00:00,USDC,2,DeFiLlama,1.0032934423519115
2020-03-09 00:00:00+00:00,USDC,2,DeFiLlama,1.0032934434718046
2020-03-10 00:00:00+00:00,USDC,2,DeFiLlama,1.0032934434217897
2020-03-11 00:00:00+00:00,USDC,2,DeFiLlama,1.0032934437566996
2020-03-12 00:00:00+00:00,USDC,2,DeFiLlama,1.0032934424613973
2020-03-13 00:00:00+00:00,USDC,2,DeFiLlama,1.0032934423129896
2020-03-14 00:00:00+00:00,USDC,2,DeFiLlama,1.0032934415769046
2020-03-15 00:00:00+00:00,USDC,2,DeFiLlama,1.0032934418803554
2020-03-16 00:00:00+00:00,USDC,2,DeFiLlama,1.00329344190249
2020-03-17 00:00:00+00:00,USDC,2,DeFiLlama,1.0032934422381368
2020-03-18 00:00:00+00:00,USDC,2,DeFiLlama,1.0032934430728169
2020-03-19 00:00:00+00:00,USDC,2,DeFiLlama,1.0032934423048718
2020-03-20 00:00:00+00:00,USDC,2,DeFiLlama,1.0032934429078422
2020-03-21 00:00:00+00:00,USDC,2,DeFiLlama,1.0032934423361575
2020-03-22 00:00:00+00:00,USDC,2,DeFiLlama,1.0032934426989257
2020-03-23 00:00:00+00:00,USDC,2,DeFiLlama,1.0032934415682198
2020-03-24 00:00:00+00:00,USDC,2,DeFiLlama,1.0032934426320035
2020-03-25 00:00:00+00:00,USDC,2,DeFiLlama,1.0032934431731106
2020-03-26 00:00:00+00:00,USDC,2,DeFiLlama,1.0032934413808723
2020-03-27 00:00:00+00:00,USDC,2,DeFiLlama,1.0032934421209627
2020-03-28 00:00:00+00:00,USDC,2,DeFiLlama,1.0032934435109446
2020-03-29 00:00:00+00:00,USDC,2,DeFiLlama,1.0032934422950768
2020-03-30 00:00:00+00:00,USDC,2,DeFiLlama,1.003293442706577
2020-03-31 00:00:00+00:00,USDC,2,DeFiLlama,1.0032934434595064
2020-04-01 00:00:00+00:00,USDC,2,DeFiLlama,1.0032934418469839
2020-04-02 00:00:00+00:00,USDC,2,DeFiLlama,1.0032934422891393
2020-04-03 00:00:00+00:00,USDC,2,DeFiLlama,1.003293442552536
2020-04-04 00:00:00+00:00,USDC,2,DeFiLlama,1.0032934423264888
2020-04-05 00:00:00+00:00,USDC,2,DeFiLlama,1.0032934427213371
2020-04-06 00:00:00+00:00,USDC,2,DeFiLlama,1.0032934420188657
2020-04-07 00:00:00+00:00,USDC,2,DeFiLlama,1.003293441765149
2020-04-08 00:00:00+00:00,USDC,2,DeFiLlama,1.0032934424605706
2020-04-09 00:00:00+00:00,USDC,2,DeFiLlama,1.0032934422258712
2020-04-10 00:00:00+00:00,USDC,2,DeFiLlama,1.0032934430119875
2020-04-11 00:00:00+00:00,USDC,2,DeFiLlama,1.003293441224897
2020-04-12 00:00:00+00:00,USDC,2,DeFiLlama,1.0032934423273496
2020-04-13 00:00:00+00:00,USDC,2,DeFiLlama,1.0032934421430528
2020-04-14 00:00:00+00:00,USDC,2,DeFiLlama,1.0032934430881646
2020-04-15 00:00:00+00:00,USDC,2,DeFiLlama,1.0032934423781785
2020-04-16 00:00:00+00:00,USDC,2,DeFiLlama,1.0032934427778155
2020-04-17 00:00:00+00:00,USDC,2,DeFiLlama,1.003293441686817
2020-04-18 00:00:00+00:00,USDC,2,DeFiLlama,1.0032934430029647
2020-04-19 00:00:00+00:00,USDC,2,DeFiLlama,1.0032934429678122
2020-04-20 00:00:00+00:00,USDC,2,DeFiLlama,1.0032934426908433
2020-04-21 00:00:00+00:00,USDC,2,DeFiLlama,1.0032934431377876
2020-04-22 00:00:00+00:00,USDC,2,DeFiLlama,1.003293442370656
2020-04-23 00:00:00+00:00,USDC,2,DeFiLlama,1.0032934422370914
2020-04-24 00:00:00+00:00,USDC,2,DeFiLlama,1.0032934425499416
2020-04-25 00:00:00+00:00,USDC,2,DeFiLlama,1.0032934413412318
2020-04-26 00:00:00+00:00,USDC,2,DeFiLlama,1.003293443462143
2020-04-27 00:00:00+00:00,USDC,2,DeFiLlama,1.0032934431248002
2020-04-28 00:00:00+00:00,USDC,2,DeFiLlama,1.0032934424601978
2020-04-29 00:00:00+00:00,USDC,2,DeFiLlama,1.003293441896034
2020-04-30 00:00:00+00:00,USDC,2,DeFiLlama,1.0032934413618504
2020-05-01 00:00:00+00:00,USDC,2,DeFiLlama,1.0032934431813807
2020-05-02 00:00:00+00:00,USDC,2,DeFiLlama,1.0032934425560684
2020-05-03 00:00:00+00:00,USDC,2,DeFiLlama,1.0032934422687088
2020-05-04 00:00:00+00:00,USDC,2,DeFiLlama,1.0032934419152126
2020-05-05 00:00:00+00:00,USDC,2,DeFiLlama,1.0032934423887216
2020-05-06 00:00:00+00:00,USDC,2,DeFiLlama,1.003293442421213
2020-05-07 00:00:00+00:00,USDC,2,DeFiLlama,1.0032934426103273
2020-05-08 00:00:00+00:00,USDC,2,DeFiLlama,1.0032934433794243
2020-05-09 00:00:00+00:00,USDC,2,DeFiLlama,1.00329344281816
2020-05-10 00:00:00+00:00,USDC,2,DeFiLlama,1.0032934419916977
2020-05-11 00:00:00+00:00,USDC,2,DeFiLlama,1.0032934419499624
2020-05-12 00:00:00+00:00,USDC,2,DeFiLlama,1.0032934429728737
2020-05-13 00:00:00+00:00,USDC,2,DeFiLlama,1.0032934422328579
2020-05-14 00:00:00+00:00,USDC,2,DeFiLlama,1.0032934426610625
2020-05-15 00:00:00+00:00,USDC,2,DeFiLlama,1.003293441811543
2020-05-16 00:00:00+00:00,USDC,2,DeFiLlama,1.0032934419913033
2020-05-17 00:00:00+00:00,USDC,2,DeFiLlama,1.0032934428926732
2020-05-18 00:00:00+00:00,USDC,2,DeFiLlama,1.0032934416136545
2020-05-19 00:00:00+00:00,USDC,2,DeFiLlama,1.00329344182098
2020-05-20 00:00:00+00:00,USDC,2,DeFiLlama,1.0032934417148347
2020-05-21 00:00:00+00:00,USDC,2,DeFiLlama,1.003293442704208
2020-05-22 00:00:00+00:00,USDC,2,DeFiLlama,1.0032934426477436
2020-05-23 00:00:00+00:00,USDC,2,DeFiLlama,1.0032934429853417
2020-05-24 00:00:00+00:00,USDC,2,DeFiLlama,1.003293442702879
2020-05-25 00:00:00+00:00,USDC,2,DeFiLlama,1.003293441890267
2020-05-26 00:00:00+00:00,USDC,2,DeFiLlama,1.0032934427372138
2020-05-27 00:00:00+00:00,USDC,2,DeFiLlama,1.0032934420224586
2020-05-28 00:00:00+00:00,USDC,2,DeFiLlama,1.0032934426348963
2020-05-29 00:00:00+00:00,USDC,2,DeFiLlama,1.0032934432930214
2020-05-30 00:00:00+00:00,USDC,2,DeFiLlama,1.0032934416609456
2020-05-31 00:00:00+00:00,USDC,2,DeFiLlama,1.0032934422203514
2020-06-01 00:00:00+00:00,USDC,2,DeFiLlama,1.0032934416244255
2020-06-02 00:00:00+00:00,USDC,2,DeFiLlama,1.0032934431109883
2020-06-03 00:00:00+00:00,USDC,2,DeFiLlama,1.0032934434616536
2020-06-04 00:00:00+00:00,USDC,2,DeFiLlama,1.0032934417452064
2020-06-05 00:00:00+00:00,USDC,2,DeFiLlama,1.0032934417470214
2020-06-06 00:00:00+00:00,USDC,2,DeFiLlama,1.0032934418406376
2020-06-07 00:00:00+00:00,USDC,2,DeFiLlama,1.0032934421003856
2020-06-08 00:00:00+00:00,USDC,2,DeFiLlama,1.0032934421830522
2020-06-09 00:00:00+00:00,USDC,2,DeFiLlama,1.003293442318698
2020-06-10 00:00:00+00:00,USDC,2,DeFiLlama,1.0032934436832175
2020-06-11 00:00:00+00:00,USDC,2,DeFiLlama,1.0032934427218456
2020-06-12 00:00:00+00:00,USDC,2,DeFiLlama,1.0032934433091405
2020-06-13 00:00:00+00:00,USDC,2,DeFiLlama,1.0032934424072633
2020-06-14 00:00:00+00:00,USDC,2,DeFiLlama,1.0032934424114213
2020-06-15 00:00:00+00:00,USDC,2,DeFiLlama,1.0032934418528003
2020-06-16 00:00:00+00:00,USDC,2,DeFiLlama,1.0032934432255083
2020-06-17 00:00:00+00:00,USDC,2,DeFiLlama,1.0032934431201868
2020-06-18 00:00:00+00:00,USDC,2,DeFiLlama,1.0032934418543924
2020-06-19 00:00:00+00:00,USDC,2,DeFiLlama,1.003293442835642
2020-06-20 00:00:00+00:00,USDC,2,DeFiLlama,1.0032934421522297
2020-06-21 00:00:00+00:00,USDC,2,DeFiLlama,1.0032934414905497
2020-06-22 00:00:00+00:00,USDC,2,DeFiLlama,1.0032934423175859
2020-06-23 00:00:00+00:00,USDC,2,DeFiLlama,1.0032934431939176
2020-06-24 00:00:00+00:00,USDC,2,DeFiLlama,1.0032934421399275
2020-06-25 00:00:00+00:00,USDC,2,DeFiLlama,1.0032934430276372
2020-06-26 00:00:00+00:00,USDC,2,DeFiLlama,1.0032934425178903
2020-06-27 00:00:00+00:00,USDC,2,DeFiLlama,1.0032934416547088
2020-06-28 00:00:00+00:00,USDC,2,DeFiLlama,1.0032934425215987
2020-06-29 00:00:00+00:00,USDC,2,DeFiLlama,1.003293442359582
2020-06-30 00:00:00+00:00,USDC,2,DeFiLlama,1.00329344226085
2020-07-01 00:00:00+00:00,USDC,2,DeFiLlama,1.0032934419876196
2020-07-02 00:00:00+00:00,USDC,2,DeFiLlama,1.0032934418055888
2020-07-03 00:00:00+00:00,USDC,2,DeFiLlama,1.003293441621094
2020-07-04 00:00:00+00:00,USDC,2,DeFiLlama,1.0032934421661892
2020-07-05 00:00:00+00:00,USDC,2,DeFiLlama,1.00329344242939
2020-07-06 00:00:00+00:00,USDC,2,DeFiLlama,1.0032934427464486
2020-07-07 00:00:00+00:00,USDC,2,DeFiLlama,1.003293442727436
2020-07-08 00:00:00+00:00,USDC,2,DeFiLlama,1.0032934428238425
2020-07-09 00:00:00+00:00,USDC,2,DeFiLlama,1.0032934423805564
2020-07-10 00:00:00+00:00,USDC,2,DeFiLlama,1.0032934426950604
2020-07-11 00:00:00+00:00,USDC,2,DeFiLlama,1.003293442196295
2020-07-12 00:00:00+00:00,USDC,2,DeFiLlama,1.00329344216738
2020-07-13 00:00:00+00:00,USDC,2,DeFiLlama,1.0032934426804136
2020-07-14 00:00:00+00:00,USDC,2,DeFiLlama,1.0032934423318698
2020-07-15 00:00:00+00:00,USDC,2,DeFiLlama,1.003293442363894
2020-07-16 00:00:00+00:00,USDC,2,DeFiLlama,1.0032934425205298
2020-07-17 00:00:00+00:00,USDC,2,DeFiLlama,1.0032934419583
2020-07-18 00:00:00+00:00,USDC,2,DeFiLlama,1.003293443026158
2020-07-19 00:00:00+00:00,USDC,2,DeFiLlama,1.0032934423972248
2020-07-20 00:00:00+00:00,USDC,2,DeFiLlama,1.003293442087312
2020-07-21 00:00:00+00:00,USDC,2,DeFiLlama,1.0032934421081416
2020-07-22 00:00:00+00:00,USDC,2,DeFiLlama,1.003293442543807
2020-07-23 00:00:00+00:00,USDC,2,DeFiLlama,1.0032934430287712
2020-07-24 00:00:00+00:00,USDC,2,DeFiLlama,1.003293443124096
2020-07-25 00:00:00+00:00,USDC,2,DeFiLlama,1.003293442765449
2020-07-26 00:00:00+00:00,USDC,2,DeFiLlama,1.0032934419485033
2020-07-27 00:00:00+00:00,USDC,2,DeFiLlama,1.0032934425648483
2020-07-28 00:00:00+00:00,USDC,2,DeFiLlama,1.0032934424763726
2020-07-29 00:00:00+00:00,USDC,2,DeFiLlama,1.0032934425560025
2020-07-30 00:00:00+00:00,USDC,2,DeFiLlama,1.0032934425310134
2020-07-31 00:00:00+00:00,USDC,2,DeFiLlama,1.0032934427358993
2020-08-01 00:00:00+00:00,USDC,2,DeFiLlama,1.00329344255548
2020-08-02 00:00:00+00:00,USDC,2,DeFiLlama,1.0032934418861617
2020-08-03 00:00:00+00:00,USDC,2,DeFiLlama,1.003293442679456
2020-08-04 00:00:00+00:00,USDC,2,DeFiLlama,1.0032934424156366
2020-08-05 00:00:00+00:00,USDC,2,DeFiLlama,1.0032934426566138
2020-08-06 00:00:00+00:00,USDC,2,DeFiLlama,1.003293442332108
2020-08-07 00:00:00+00:00,USDC,2,DeFiLlama,1.0032934424061555
2020-08-08 00:00:00+00:00,USDC,2,DeFiLlama,1.0032934426249684
2020-08-09 00:00:00+00:00,USDC,2,DeFiLlama,1.0032934420484652
2020-08-10 00:00:00+00:00,USDC,2,DeFiLlama,1.003293442208649
2020-08-11 00:00:00+00:00,USDC,2,DeFiLlama,1.0032934421392694
2020-08-12 00:00:00+00:00,USDC,2,DeFiLlama,1.0032934422690343
2020-08-13 00:00:00+00:00,USDC,2,DeFiLlama,1.0032934426063556
2020-08-14 00:00:00+00:00,USDC,2,DeFiLlama,1.0032934431202625
2020-08-15 00:00:00+00:00,USDC,2,DeFiLlama,1.0032934427380342
2020-08-16 00:00:00+00:00,USDC,2,DeFiLlama,1.0032934429178741
2020-08-17 00:00:00+00:00,USDC,2,DeFiLlama,1.0032934424463968
2020-08-18 00:00:00+00:00,USDC,2,DeFiLlama,1.0032934425236824
2020-08-19 00:00:00+00:00,USDC,2,DeFiLlama,1.0032934429596152
2020-08-20 00:00:00+00:00,USDC,2,DeFiLlama,1.0032934423721982
2020-08-21 00:00:00+00:00,USDC,2,DeFiLlama,1.0032934424804978
2020-08-22 00:00:00+00:00,USDC,2,DeFiLlama,1.0032934425048867
2020-08-23 00:00:00+00:00,USDC,2,DeFiLlama,1.0032934425159314
2020-08-24 00:00:00+00:00,USDC,2,DeFiLlama,1.0032934428078555
2020-08-25 00:00:00+00:00,USDC,2,DeFiLlama,1.003293442083734
2020-08-26 00:00:00+00:00,USDC,2,DeFiLlama,1.0032934430695033
2020-08-27 00:00:00+00:00,USDC,2,DeFiLlama,1.00329344187845
2020-08-28 00:00:00+00:00,USDC,2,DeFiLlama,1.0032934430361888
2020-08-29 00:00:00+00:00,USDC,2,DeFiLlama,1.0032934425436817
2020-08-30 00:00:00+00:00,USDC,2,DeFiLlama,1.0032934419157715
2020-08-31 00:00:00+00:00,USDC,2,DeFiLlama,1.0032934424346378
2020-09-01 00:00:00+00:00,USDC,2,DeFiLlama,1.0032934424246345
2020-09-02 00:00:00+00:00,USDC,2,DeFiLlama,1.0032934424017192
2020-09-03 00:00:00+00:00,USDC,2,DeFiLlama,1.0032934428617095
2020-09-04 00:00:00+00:00,USDC,2,DeFiLlama,1.003293442483999
2020-09-05 00:00:00+00:00,USDC,2,DeFiLlama,1.0032934429035076
2020-09-06 00:00:00+00:00,USDC,2,DeFiLlama,1.0032934427819584
2020-09-07 00:00:00+00:00,USDC,2,DeFiLlama,1.003293442314345
2020-09-08 00:00:00+00:00,USDC,2,DeFiLlama,1.0032934422974678
2020-09-09 00:00:00+00:00,USDC,2,DeFiLlama,1.0032934422167583
2020-09-10 00:00:00+00:00,USDC,2,DeFiLlama,1.0032934425317013
2020-09-11 00:00:00+00:00,USDC,2,DeFiLlama,1.0032934428332465
2020-09-12 00:00:00+00:00,USDC,2,DeFiLlama,1.0032934421019883
2020-09-13 00:00:00+00:00,USDC,2,DeFiLlama,1.003293442349577
2020-09-14 00:00:00+00:00,USDC,2,DeFiLlama,1.0032934426124969
2020-09-15 00:00:00+00:00,USDC,2,DeFiLlama,1.0032934423686242
2020-09-16 00:00:00+00:00,USDC,2,DeFiLlama,1.0032934426004518
2020-09-17 00:00:00+00:00,USDC,2,DeFiLlama,1.0032934424127293
2020-09-18 00:00:00+00:00,USDC,2,DeFiLlama,1.0032934426465454
2020-09-19 00:00:00+00:00,USDC,2,DeFiLlama,1.0032934425904232
2020-09-20 00:00:00+00:00,USDC,2,DeFiLlama,1.0032934424760664
2020-09-21 00:00:00+00:00,USDC,2,DeFiLlama,1.003293442626725
2020-09-22 00:00:00+00:00,USDC,2,DeFiLlama,1.0032934424610023
2020-09-23 00:00:00+00:00,USDC,2,DeFiLlama,1.003293442565569
2020-09-24 00:00:00+00:00,USDC,2,DeFiLlama,1.0032934423339022
2020-09-25 00:00:00+00:00,USDC,2,DeFiLlama,1.0032934423895599
2020-09-26 00:00:00+00:00,USDC,2,DeFiLlama,1.003293442363592
2020-09-27 00:00:00+00:00,USDC,2,DeFiLlama,1.0032934425751912
2020-09-28 00:00:00+00:00,USDC,2,DeFiLlama,1.003293442611974
2020-09-29 00:00:00+00:00,USDC,2,DeFiLlama,1.0032934424459732
2020-09-30 00:00:00+00:00,USDC,2,DeFiLlama,1.0032934425358109
2020-10-01 00:00:00+00:00,USDC,2,DeFiLlama,1.0032934424410653
2020-10-02 00:00:00+00:00,USDC,2,DeFiLlama,1.0032934425424798
2020-10-03 00:00:00+00:00,USDC,2,DeFiLlama,1.0032934427732492
2020-10-04 00:00:00+00:00,USDC,2,DeFiLlama,1.003293442800093
2020-10-05 00:00:00+00:00,USDC,2,DeFiLlama,1.0032934426111433
2020-10-06 00:00:00+00:00,USDC,2,DeFiLlama,1.003293442213972
2020-10-07 00:00:00+00:00,USDC,2,DeFiLlama,1.0032934423190363
2020-10-08 00:00:00+00:00,USDC,2,DeFiLlama,1.003293442268827
2020-10-09 00:00:00+00:00,USDC,2,DeFiLlama,1.0032934426846332
2020-10-10 00:00:00+00:00,USDC,2,DeFiLlama,1.003293442718359
2020-10-11 00:00:00+00:00,USDC,2,DeFiLlama,1.0032934425145028
2020-10-12 00:00:00+00:00,USDC,2,DeFiLlama,1.0032934425045823
2020-10-13 00:00:00+00:00,USDC,2,DeFiLlama,1.003293442518416
2020-10-14 00:00:00+00:00,USDC,2,DeFiLlama,1.0032934424521185
2020-10-15 00:00:00+00:00,USDC,2,DeFiLlama,1.003293442746644
2020-10-16 00:00:00+00:00,USDC,2,DeFiLlama,1.0032934422521305
2020-10-17 00:00:00+00:00,USDC,2,DeFiLlama,1.0032934427193754
2020-10-18 00:00:00+00:00,USDC,2,DeFiLlama,1.0032934426010751
2020-10-19 00:00:00+00:00,USDC,2,DeFiLlama,1.0032934425192968
2020-10-20 00:00:00+00:00,USDC,2,DeFiLlama,1.0032934422763888
2020-10-21 00:00:00+00:00,USDC,2,DeFiLlama,1.003293442521313
2020-10-22 00:00:00+00:00,USDC,2,DeFiLlama,1.003293442456372
2020-10-23 00:00:00+00:00,USDC,2,DeFiLlama,1.0032934423681377
2020-10-24 00:00:00+00:00,USDC,2,DeFiLlama,1.003293442629771
2020-10-25 00:00:00+00:00,USDC,2,DeFiLlama,1.0032934425616968
2020-10-26 00:00:00+00:00,USDC,2,DeFiLlama,1.003293442512891
2020-10-27 00:00:00+00:00,USDC,2,DeFiLlama,1.0032934424625701
2020-10-28 00:00:00+00:00,USDC,2,DeFiLlama,1.0032934422253912
2020-10-29 00:00:00+00:00,USDC,2,DeFiLlama,1.0032934423168778
2020-10-30 00:00:00+00:00,USDC,2,DeFiLlama,1.0032934423942934
2020-10-31 00:00:00+00:00,USDC,2,DeFiLlama,1.0032934421731112
2020-11-01 00:00:00+00:00,USDC,2,DeFiLlama,1.0032934422720712
2020-11-02 00:00:00+00:00,USDC,2,DeFiLlama,1.0032934424557542
2020-11-03 00:00:00+00:00,USDC,2,DeFiLlama,1.0032934426965556
2020-11-04 00:00:00+00:00,USDC,2,DeFiLlama,1.0032934423086046
2020-11-05 00:00:00+00:00,USDC,2,DeFiLlama,1.0032934422315722
2020-11-06 00:00:00+00:00,USDC,2,DeFiLlama,1.0032934423908428
2020-11-07 00:00:00+00:00,USDC,2,DeFiLlama,1.003293442568969
2020-11-08 00:00:00+00:00,USDC,2,DeFiLlama,1.0032934424837514
2020-11-09 00:00:00+00:00,USDC,2,DeFiLlama,1.0032934423991382
2020-11-10 00:00:00+00:00,USDC,2,DeFiLlama,1.0032934424899638
2020-11-11 00:00:00+00:00,USDC,2,DeFiLlama,1.0032934423665028
2020-11-12 00:00:00+00:00,USDC,2,DeFiLlama,1.0032934425150488
2020-11-13 00:00:00+00:00,USDC,2,DeFiLlama,1.0032934424260251
2020-11-14 00:00:00+00:00,USDC,2,DeFiLlama,1.0032934424653146
2020-11-15 00:00:00+00:00,USDC,2,DeFiLlama,1.0032934423245796
2020-11-16 00:00:00+00:00,USDC,2,DeFiLlama,1.0032934426562359
2020-11-17 00:00:00+00:00,USDC,2,DeFiLlama,1.0032934425207105
2020-11-18 00:00:00+00:00,USDC,2,DeFiLlama,1.0032934423008237
2020-11-19 00:00:00+00:00,USDC,2,DeFiLlama,1.0032934423546733
2020-11-20 00:00:00+00:00,USDC,2,DeFiLlama,1.0032934423457711
2020-11-21 00:00:00+00:00,USDC,2,DeFiLlama,1.0032934423212363
2020-11-22 00:00:00+00:00,USDC,2,DeFiLlama,1.0032934422428768
2020-11-23 00:00:00+00:00,USDC,2,DeFiLlama,1.003293442451425
2020-11-24 00:00:00+00:00,USDC,2,DeFiLlama,1.0032934424264304
2020-11-25 00:00:00+00:00,USDC,2,DeFiLlama,1.0032934422982327
2020-11-26 00:00:00+00:00,USDC,2,DeFiLlama,1.0032934424419013
2020-11-27 00:00:00+00:00,USDC,2,DeFiLlama,1.0032934426205342
2020-11-28 00:00:00+00:00,USDC,2,DeFiLlama,1.0032934424684739
2020-11-29 00:00:00+00:00,USDC,2,DeFiLlama,1.003293442671806
2020-11-30 00:00:00+00:00,USDC,2,DeFiLlama,1.0032934424988653
2020-12-01 00:00:00+00:00,USDC,2,DeFiLlama,1.0032934426459332
2020-12-02 00:00:00+00:00,USDC,2,DeFiLlama,1.0032934425563078
2020-12-03 00:00:00+00:00,USDC,2,DeFiLlama,1.0032934427227154
2020-12-04 00:00:00+00:00,USDC,2,DeFiLlama,1.0032934425328073
2020-12-05 00:00:00+00:00,USDC,2,DeFiLlama,1.0032934423793203
2020-12-06 00:00:00+00:00,USDC,2,DeFiLlama,1.0032934426124624
2020-12-07 00:00:00+00:00,USDC,2,DeFiLlama,1.0032934424695152
2020-12-08 00:00:00+00:00,USDC,2,DeFiLlama,1.0032934424301618
2020-12-09 00:00:00+00:00,USDC,2,DeFiLlama,1.003293442643859
2020-12-10 00:00:00+00:00,USDC,2,DeFiLlama,1.003293442271314
2020-12-11 00:00:00+00:00,USDC,2,DeFiLlama,1.0032934425471982
2020-12-12 00:00:00+00:00,USDC,2,DeFiLlama,1.003293442443081
2020-12-13 00:00:00+00:00,USDC,2,DeFiLlama,1.0032934424147018
2020-12-14 00:00:00+00:00,USDC,2,DeFiLlama,1.0032934425860602
2020-12-15 00:00:00+00:00,USDC,2,DeFiLlama,1.003293442562076
2020-12-16 00:00:00+00:00,USDC,2,DeFiLlama,1.0032934425512319
2020-12-17 00:00:00+00:00,USDC,2,DeFiLlama,1.0032934425028621
2020-12-18 00:00:00+00:00,USDC,2,DeFiLlama,1.003293442549859
2020-12-19 00:00:00+00:00,USDC,2,DeFiLlama,1.003293442600356
2020-12-20 00:00:00+00:00,USDC,2,DeFiLlama,1.00329344245762
2020-12-21 00:00:00+00:00,USDC,2,DeFiLlama,1.003293442525622
2020-12-22 00:00:00+00:00,USDC,2,DeFiLlama,1.0032934425188342
2020-12-23 00:00:00+00:00,USDC,2,DeFiLlama,1.0032934422973674
2020-12-24 00:00:00+00:00,USDC,2,DeFiLlama,1.0032934424355662
2020-12-25 00:00:00+00:00,USDC,2,DeFiLlama,1.0032934425237845
2020-12-26 00:00:00+00:00,USDC,2,DeFiLlama,1.0032934424215274
2020-12-27 00:00:00+00:00,USDC,2,DeFiLlama,1.0032934425904718
2020-12-28 00:00:00+00:00,USDC,2,DeFiLlama,1.0032934422410051
2020-12-29 00:00:00+00:00,USDC,2,DeFiLlama,1.0032934424115192
2020-12-30 00:00:00+00:00,USDC,2,DeFiLlama,1.0032934423821103
2020-12-31 00:00:00+00:00,USDC,2,DeFiLlama,1.0006530820997186
2021-01-01 00:00:00+00:00,USDC,2,DeFiLlama,1.0014906085587814
2021-01-02 00:00:00+00:00,USDC,2,DeFiLlama,0.9994827792822885
2021-01-03 00:00:00+00:00,USDC,2,DeFiLlama,1.0026012593081555
2021-01-04 00:00:00+00:00,USDC,2,DeFiLlama,0.996563908227157
2021-01-05 00:00:00+00:00,USDC,2,DeFiLlama,0.9808943195670862
2021-01-06 00:00:00+00:00,USDC,2,DeFiLlama,0.9999673121839158
2021-01-07 00:00:00+00:00,USDC,2,DeFiLlama,1.000257719463939
2021-01-08 00:00:00+00:00,USDC,2,DeFiLlama,1.0038305490633397
2021-01-09 00:00:00+00:00,USDC,2,DeFiLlama,1.0013946458084313
2021-01-10 00:00:00+00:00,USDC,2,DeFiLlama,0.9986514944591641
2021-01-11 00:00:00+00:00,USDC,2,DeFiLlama,1.0017748548301597
2021-01-12 00:00:00+00:00,USDC,2,DeFiLlama,1.0037355736335152
2021-01-13 00:00:00+00:00,USDC,2,DeFiLlama,1.0030626259515532
2021-01-14 00:00:00+00:00,USDC,2,DeFiLlama,1.0023320803118294
2021-01-15 00:00:00+00:00,USDC,2,DeFiLlama,1.003723558772452
2021-01-16 00:00:00+00:00,USDC,2,DeFiLlama,1.0017004003049814
2021-01-17 00:00:00+00:00,USDC,2,DeFiLlama,1.0004455946544943
2021-01-18 00:00:00+00:00,USDC,2,DeFiLlama,0.997716406631436
2021-01-19 00:00:00+00:00,USDC,2,DeFiLlama,0.9995710761601776
2021-01-20 00:00:00+00:00,USDC,2,DeFiLlama,0.9944315615633599
2021-01-21 00:00:00+00:00,USDC,2,DeFiLlama,1.001522344096449
2021-01-22 00:00:00+00:00,USDC,2,DeFiLlama,1.001389397145333
2021-01-23 00:00:00+00:00,USDC,2,DeFiLlama,1.0013893970004073
2021-01-24 00:00:00+00:00,USDC,2,DeFiLlama,0.9996681216855665
2021-01-25 00:00:00+00:00,USDC,2,DeFiLlama,1.0008067267774983
2021-01-26 00:00:00+00:00,USDC,2,DeFiLlama,0.999039978348841
2021-01-27 00:00:00+00:00,USDC,2,DeFiLlama,0.9998673339132409
2021-01-28 00:00:00+00:00,USDC,2,DeFiLlama,1.000550372626648
2021-01-29 00:00:00+00:00,USDC,2,DeFiLlama,0.9927445210432343
2021-01-30 00:00:00+00:00,USDC,2,DeFiLlama,0.9977962961104984
2021-01-31 00:00:00+00:00,USDC,2,DeFiLlama,0.9965047695525284
2021-02-01 00:00:00+00:00,USDC,2,DeFiLlama,0.9972769380895309
2021-02-02 00:00:00+00:00,USDC,2,DeFiLlama,0.9981778514465784
2021-02-03 00:00:00+00:00,USDC,2,DeFiLlama,0.9989742384687278
2021-02-04 00:00:00+00:00,USDC,2,DeFiLlama,0.9996756958428281
2021-02-05 00:00:00+00:00,USDC,2,DeFiLlama,0.9951192439440985
2021-02-06 00:00:00+00:00,USDC,2,DeFiLlama,1.0009691571509278
2021-02-07 00:00:00+00:00,USDC,2,DeFiLlama,1.000584693950916
2021-02-08 00:00:00+00:00,USDC,2,DeFiLlama,0.9956883031257548
2021-02-09 00:00:00+00:00,USDC,2,DeFiLlama,1.0022510076936821
2021-02-10 00:00:00+00:00,USDC,2,DeFiLlama,1.0015524869734467
2021-02-11 00:00:00+00:00,USDC,2,DeFiLlama,0.9967785934004624
2021-02-12 00:00:00+00:00,USDC,2,DeFiLlama,0.9968832422770044
2021-02-13 00:00:00+00:00,USDC,2,DeFiLlama,0.9990964027999876
2021-02-14 00:00:00+00:00,USDC,2,DeFiLlama,0.999356209724549
2021-02-15 00:00:00+00:00,USDC,2,DeFiLlama,0.9963685978403604
2021-02-16 00:00:00+00:00,USDC,2,DeFiLlama,0.9993443427486616
2021-02-17 00:00:00+00:00,USDC,2,DeFiLlama,1.0014846443861087
2021-02-18 00:00:00+00:00,USDC,2,DeFiLlama,0.9990773521651148
2021-02-19 00:00:00+00:00,USDC,2,DeFiLlama,1.0020460347983986
2021-02-20 00:00:00+00:00,USDC,2,DeFiLlama,1.0050462652455334
2021-02-21 00:00:00+00:00,USDC,2,DeFiLlama,1.0087647084331697
2021-02-22 00:00:00+00:00,USDC,2,DeFiLlama,1.0026040214460827
2021-02-23 00:00:00+00:00,USDC,2,DeFiLlama,1.0055739997126047
2021-02-24 00:00:00+00:00,USDC,2,DeFiLlama,1.0059974876703406
2021-02-25 00:00:00+00:00,USDC,2,DeFiLlama,1.0049658151412302
2021-02-26 00:00:00+00:00,USDC,2,DeFiLlama,0.9926747772649944
2021-02-27 00:00:00+00:00,USDC,2,DeFiLlama,1.0070081106663702
2021-02-28 00:00:00+00:00,USDC,2,DeFiLlama,1.009084432767223
2021-03-01 00:00:00+00:00,USDC,2,DeFiLlama,0.9972352415448874
2021-03-02 00:00:00+00:00,USDC,2,DeFiLlama,1.0026038728336768
2021-03-03 00:00:00+00:00,USDC,2,DeFiLlama,1.0061626676748723
2021-03-04 00:00:00+00:00,USDC,2,DeFiLlama,0.9969030471235375
2021-03-05 00:00:00+00:00,USDC,2,DeFiLlama,1.0095295404262372
2021-03-06 00:00:00+00:00,USDC,2,DeFiLlama,1.0044801017517386
2021-03-07 00:00:00+00:00,USDC,2,DeFiLlama,1.000044952053573
2021-03-08 00:00:00+00:00,USDC,2,DeFiLlama,1.0024270473403358
2021-03-09 00:00:00+00:00,USDC,2,DeFiLlama,1.0036598451062517
2021-03-10 00:00:00+00:00,USDC,2,DeFiLlama,1.0017895863734834
2021-03-11 00:00:00+00:00,USDC,2,DeFiLlama,0.9978938465615801
2021-03-12 00:00:00+00:00,USDC,2,DeFiLlama,0.9991359467491139
2021-03-13 00:00:00+00:00,USDC,2,DeFiLlama,1.0013004938573924
2021-03-14 00:00:00+00:00,USDC,2,DeFiLlama,1.000194679430457
2021-03-15 00:00:00+00:00,USDC,2,DeFiLlama,0.9941177596973937
2021-03-16 00:00:00+00:00,USDC,2,DeFiLlama,0.9995327059861342
2021-03-17 00:00:00+00:00,USDC,2,DeFiLlama,1.0061237229622255
2021-03-18 00:00:00+00:00,USDC,2,DeFiLlama,1.0039799812847057
2021-03-19 00:00:00+00:00,USDC,2,DeFiLlama,1.0037380821366508
2021-03-20 00:00:00+00:00,USDC,2,DeFiLlama,1.0009351522086734
2021-03-21 00:00:00+00:00,USDC,2,DeFiLlama,1.0007006714721753
2021-03-22 00:00:00+00:00,USDC,2,DeFiLlama,1.0037714830771076
2021-03-23 00:00:00+00:00,USDC,2,DeFiLlama,1.001392736704968
2021-03-24 00:00:00+00:00,USDC,2,DeFiLlama,0.9993339581535503
2021-03-25 00:00:00+00:00,USDC,2,DeFiLlama,1.0003118251247292
2021-03-26 00:00:00+00:00,USDC,2,DeFiLlama,0.9999520864848553
2021-03-27 00:00:00+00:00,USDC,2,DeFiLlama,1.00304600305441
2021-03-28 00:00:00+00:00,USDC,2,DeFiLlama,1.0000581675051052
2021-03-29 00:00:00+00:00,USDC,2,DeFiLlama,1.0013425585577032
2021-03-30 00:00:00+00:00,USDC,2,DeFiLlama,1.0035157885987251
2021-03-31 00:00:00+00:00,USDC,2,DeFiLlama,1.0006929495652048
2021-04-01 00:00:00+00:00,USDC,2,DeFiLlama,0.99903163339257
2021-04-02 00:00:00+00:00,USDC,2,DeFiLlama,0.999717450930739
2021-04-03 00:00:00+00:00,USDC,2,DeFiLlama,0.9988782746025828
2021-04-04 00:00:00+00:00,USDC,2,DeFiLlama,0.9954684046719142
2021-04-05 00:00:00+00:00,USDC,2,DeFiLlama,1.0004181755751704
2021-04-06 00:00:00+00:00,USDC,2,DeFiLlama,0.9995305685355255
2021-04-07 00:00:00+00:00,USDC,2,DeFiLlama,0.9998567004814891
2021-04-08 00:00:00+00:00,USDC,2,DeFiLlama,0.9985358718046338
2021-04-09 00:00:00+00:00,USDC,2,DeFiLlama,1.0013443798181698
2021-04-10 00:00:00+00:00,USDC,2,DeFiLlama,1.0012366370758339
2021-04-11 00:00:00+00:00,USDC,2,DeFiLlama,1.0015155815045966
2021-04-12 00:00:00+00:00,USDC,2,DeFiLlama,1.0017476148792295
2021-04-13 00:00:00+00:00,USDC,2,DeFiLlama,1.0001568131165668
2021-04-14 00:00:00+00:00,USDC,2,DeFiLlama,1.0013376068910689
2021-04-15 00:00:00+00:00,USDC,2,DeFiLlama,0.9999282377002985
2021-04-16 00:00:00+00:00,USDC,2,DeFiLlama,0.9998938310982106
2021-04-17 00:00:00+00:00,USDC,2,DeFiLlama,0.9985936669713386
2021-04-18 00:00:00+00:00,USDC,2,DeFiLlama,1.0002436393680076
2021-04-19 00:00:00+00:00,USDC,2,DeFiLlama,0.999799520098242
2021-04-20 00:00:00+00:00,USDC,2,DeFiLlama,0.9995219202851406
2021-04-21 00:00:00+00:00,USDC,2,DeFiLlama,0.998514487847887
2021-04-22 00:00:00+00:00,USDC,2,DeFiLlama,0.9995208473102496
2021-04-23 00:00:00+00:00,USDC,2,DeFiLlama,1.002599449411073
2021-04-24 00:00:00+00:00,USDC,2,DeFiLlama,1.0011830450407495
2021-04-25 00:00:00+00:00,USDC,2,DeFiLlama,0.9983083850694168
2021-04-26 00:00:00+00:00,USDC,2,DeFiLlama,0.9995893452412653
2021-04-27 00:00:00+00:00,USDC,2,DeFiLlama,1.0007963565587201
2021-04-28 00:00:00+00:00,USDC,2,DeFiLlama,0.9985809680548686
2021-04-29 00:00:00+00:00,USDC,2,DeFiLlama,1.0006016522514092
2021-04-30 00:00:00+00:00,USDC,2,DeFiLlama,1.0014708751522434
2021-05-01 00:00:00+00:00,USDC,2,DeFiLlama,1.0006265515375177
2021-05-02 00:00:00+00:00,USDC,2,DeFiLlama,0.9998394290331709
2021-05-03 00:00:00+00:00,USDC,2,DeFiLlama,0.9995728727213975
2021-05-04 00:00:00+00:00,USDC,2,DeFiLlama,0.9999726977969305
2021-05-05 00:00:00+00:00,USDC,2,DeFiLlama,0.9925838588683228
2021-05-06 00:00:00+00:00,USDC,2,DeFiLlama,1.0004495137205363
2021-05-07 00:00:00+00:00,USDC,2,DeFiLlama,0.9970996597847795
2021-05-08 00:00:00+00:00,USDC,2,DeFiLlama,1.0024741310895227
2021-05-09 00:00:00+00:00,USDC,2,DeFiLlama,1.0012773963846513
2021-05-10 00:00:00+00:00,USDC,2,DeFiLlama,0.9992296222500132
2021-05-11 00:00:00+00:00,USDC,2,DeFiLlama,0.9990277428442337
2021-05-12 00:00:00+00:00,USDC,2,DeFiLlama,1.0018008648424874
2021-05-13 00:00:00+00:00,USDC,2,DeFiLlama,0.9923164539832322
2021-05-14 00:00:00+00:00,USDC,2,DeFiLlama,1.0058820331781988
2021-05-15 00:00:00+00:00,USDC,2,DeFiLlama,1.0000800269393366
2021-05-16 00:00:00+00:00,USDC,2,DeFiLlama,1.004758809904781
2021-05-17 00:00:00+00:00,USDC,2,DeFiLlama,1.0109887312979264
2021-05-18 00:00:00+00:00,USDC,2,DeFiLlama,1.0015880906840733
2021-05-19 00:00:00+00:00,USDC,2,DeFiLlama,1.0017199117881292
2021-05-20 00:00:00+00:00,USDC,2,DeFiLlama,0.9966865371281405
2021-05-21 00:00:00+00:00,USDC,2,DeFiLlama,0.9940896439623816
2021-05-22 00:00:00+00:00,USDC,2,DeFiLlama,0.9970977756131747
2021-05-23 00:00:00+00:00,USDC,2,DeFiLlama,0.9980927708998826
2021-05-24 00:00:00+00:00,USDC,2,DeFiLlama,0.9997997490229524
2021-05-25 00:00:00+00:00,USDC,2,DeFiLlama,1.0003101654498046
2021-05-26 00:00:00+00:00,USDC,2,DeFiLlama,0.9992174942164771
2021-05-27 00:00:00+00:00,USDC,2,DeFiLlama,0.9996993852455753
2021-05-28 00:00:00+00:00,USDC,2,DeFiLlama,1.0001332859446979
2021-05-29 00:00:00+00:00,USDC,2,DeFiLlama,1.0056512893514296
2021-05-30 00:00:00+00:00,USDC,2,DeFiLlama,0.9962843772649252
2021-05-31 00:00:00+00:00,USDC,2,DeFiLlama,1.0004349271128383
2021-06-01 00:00:00+00:00,USDC,2,DeFiLlama,1.0017286032122374
2021-06-02 00:00:00+00:00,USDC,2,DeFiLlama,1.0006914837232692
2021-06-03 00:00:00+00:00,USDC,2,DeFiLlama,0.9980672301823449
2021-06-04 00:00:00+00:00,USDC,2,DeFiLlama,1.0027632057641265
2021-06-05 00:00:00+00:00,USDC,2,DeFiLlama,1.0003120566023382
2021-06-06 00:00:00+00:00,USDC,2,DeFiLlama,1.0017565504740387
2021-06-07 00:00:00+00:00,USDC,2,DeFiLlama,1.0034150066310286
2021-06-08 00:00:00+00:00,USDC,2,DeFiLlama,0.9993898524077504
2021-06-09 00:00:00+00:00,USDC,2,DeFiLlama,1.0022643716095974
2021-06-10 00:00:00+00:00,USDC,2,DeFiLlama,1.0017006731776101
2021-06-11 00:00:00+00:00,USDC,2,DeFiLlama,1.0006548474953167
2021-06-12 00:00:00+00:00,USDC,2,DeFiLlama,1.0003960521451136
2021-06-13 00:00:00+00:00,USDC,2,DeFiLlama,1.0000281337321253
2021-06-14 00:00:00+00:00,USDC,2,DeFiLlama,1.006797459340274
2021-06-15 00:00:00+00:00,USDC,2,DeFiLlama,1.005350864584831
2021-06-16 00:00:00+00:00,USDC,2,DeFiLlama,1.0030578924112752
2021-06-17 00:00:00+00:00,USDC,2,DeFiLlama,1.000570206126044
2021-06-18 00:00:00+00:00,USDC,2,DeFiLlama,1.0055552192612571
2021-06-19 00:00:00+00:00,USDC,2,DeFiLlama,1.0031113834439653
2021-06-20 00:00:00+00:00,USDC,2,DeFiLlama,1.0001229013082031
2021-06-21 00:00:00+00:00,USDC,2,DeFiLlama,1.0062031082914993
2021-06-22 00:00:00+00:00,USDC,2,DeFiLlama,0.9995282981735131
2021-06-23 00:00:00+00:00,USDC,2,DeFiLlama,1.0041915205466774
2021-06-24 00:00:00+00:00,USDC,2,DeFiLlama,1.0039836835646212
2021-06-25 00:00:00+00:00,USDC,2,DeFiLlama,1.0001707846132935
2021-06-26 00:00:00+00:00,USDC,2,DeFiLlama,1.0048690699308003
2021-06-27 00:00:00+00:00,USDC,2,DeFiLlama,1.004215771276506
2021-06-28 00:00:00+00:00,USDC,2,DeFiLlama,1.0041659414553301
2021-06-29 00:00:00+00:00,USDC,2,DeFiLlama,1.0029938462362813
2021-06-30 00:00:00+00:00,USDC,2,DeFiLlama,0.999545430512869
2021-07-01 00:00:00+00:00,USDC,2,DeFiLlama,1.0032763832696365
2021-07-02 00:00:00+00:00,USDC,2,DeFiLlama,1.0049284501338425
2021-07-03 00:00:00+00:00,USDC,2,DeFiLlama,1.0030238129279785
2021-07-04 00:00:00+00:00,USDC,2,DeFiLlama,1.0025487613790205
2021-07-05 00:00:00+00:00,USDC,2,DeFiLlama,1.0011073333948377
2021-07-06 00:00:00+00:00,USDC,2,DeFiLlama,1.0016088688439686
2021-07-07 00:00:00+00:00,USDC,2,DeFiLlama,1.0020838686096325
2021-07-08 00:00:00+00:00,USDC,2,DeFiLlama,1.0002803092964168
2021-07-09 00:00:00+00:00,USDC,2,DeFiLlama,1.0034025538759088
2021-07-10 00:00:00+00:00,USDC,2,DeFiLlama,1.001775940792066
2021-07-11 00:00:00+00:00,USDC,2,DeFiLlama,1.0022774727929482
2021-07-12 00:00:00+00:00,USDC,2,DeFiLlama,1.0011482162186898
2021-07-13 00:00:00+00:00,USDC,2,DeFiLlama,1.0039191695944494
2021-07-14 00:00:00+00:00,USDC,2,DeFiLlama,1.0017239265101092
2021-07-15 00:00:00+00:00,USDC,2,DeFiLlama,1.0018631933425763
2021-07-16 00:00:00+00:00,USDC,2,DeFiLlama,1.0038034667736804
2021-07-17 00:00:00+00:00,USDC,2,DeFiLlama,0.9988126292526267
2021-07-18 00:00:00+00:00,USDC,2,DeFiLlama,1.0000238344009387
2021-07-19 00:00:00+00:00,USDC,2,DeFiLlama,1.0050602001408846
2021-07-20 00:00:00+00:00,USDC,2,DeFiLlama,1.000904984673867
2021-07-21 00:00:00+00:00,USDC,2,DeFiLlama,1.0031523570558225
2021-07-22 00:00:00+00:00,USDC,2,DeFiLlama,1.0076435079776893
2021-07-23 00:00:00+00:00,USDC,2,DeFiLlama,1.002561829622498
2021-07-24 00:00:00+00:00,USDC,2,DeFiLlama,1.0007620937364254
2021-07-25 00:00:00+00:00,USDC,2,DeFiLlama,1.0023801822382072
2021-07-26 00:00:00+00:00,USDC,2,DeFiLlama,1.005168449452674
2021-07-27 00:00:00+00:00,USDC,2,DeFiLlama,0.9941799609866675
2021-07-28 00:00:00+00:00,USDC,2,DeFiLlama,1.003458800078628
2021-07-29 00:00:00+00:00,USDC,2,DeFiLlama,1.0007159596702595
2021-07-30 00:00:00+00:00,USDC,2,DeFiLlama,0.9973742767307779
2021-07-31 00:00:00+00:00,USDC,2,DeFiLlama,1.0056917648061723
2021-08-01 00:00:00+00:00,USDC,2,DeFiLlama,0.9989643793913797
2021-08-02 00:00:00+00:00,USDC,2,DeFiLlama,0.9983395170711803
2021-08-03 00:00:00+00:00,USDC,2,DeFiLlama,0.9998084367758816
2021-08-04 00:00:00+00:00,USDC,2,DeFiLlama,0.9990714895672957
2021-08-05 00:00:00+00:00,USDC,2,DeFiLlama,0.9999243841695645
2021-08-06 00:00:00+00:00,USDC,2,DeFiLlama,0.9985326970156573
2021-08-07 00:00:00+00:00,USDC,2,DeFiLlama,1.0002919416953187
2021-08-08 00:00:00+00:00,USDC,2,DeFiLlama,1.0008474611173699
2021-08-09 00:00:00+00:00,USDC,2,DeFiLlama,1.000529053255054
2021-08-10 00:00:00+00:00,USDC,2,DeFiLlama,0.9999502527156077
2021-08-11 00:00:00+00:00,USDC,2,DeFiLlama,1.0004276023766887
2021-08-12 00:00:00+00:00,USDC,2,DeFiLlama,0.9997230957371197
2021-08-13 00:00:00+00:00,USDC,2,DeFiLlama,1.0008518780670772
2021-08-14 00:00:00+00:00,USDC,2,DeFiLlama,1.001231745488261
2021-08-15 00:00:00+00:00,USDC,2,DeFiLlama,1.000078073351311
2021-08-16 00:00:00+00:00,USDC,2,DeFiLlama,0.9987487633796254
2021-08-17 00:00:00+00:00,USDC,2,DeFiLlama,0.9998537871547847
2021-08-18 00:00:00+00:00,USDC,2,DeFiLlama,0.997011006153949
2021-08-19 00:00:00+00:00,USDC,2,DeFiLlama,0.9990774537147478
2021-08-20 00:00:00+00:00,USDC,2,DeFiLlama,1.004072138161996
2021-08-21 00:00:00+00:00,USDC,2,DeFiLlama,1.00010578533438
2021-08-22 00:00:00+00:00,USDC,2,DeFiLlama,0.9984787221029562
2021-08-23 00:00:00+00:00,USDC,2,DeFiLlama,0.9993897894537663
2021-08-24 00:00:00+00:00,USDC,2,DeFiLlama,0.9999110622641262
2021-08-25 00:00:00+00:00,USDC,2,DeFiLlama,0.9993957172875265
2021-08-26 00:00:00+00:00,USDC,2,DeFiLlama,1.000155072175122
2021-08-27 00:00:00+00:00,USDC,2,DeFiLlama,1.001289289389394
2021-08-28 00:00:00+00:00,USDC,2,DeFiLlama,1.0001085419713682
2021-08-29 00:00:00+00:00,USDC,2,DeFiLlama,1.0026644569098424
2021-08-30 00:00:00+00:00,USDC,2,DeFiLlama,1.0005177460168848
2021-08-31 00:00:00+00:00,USDC,2,DeFiLlama,1.00067154769466
2021-09-01 00:00:00+00:00,USDC,2,DeFiLlama,1.0018303159126865
2021-09-02 00:00:00+00:00,USDC,2,DeFiLlama,0.9998776756265088
2021-09-03 00:00:00+00:00,USDC,2,DeFiLlama,0.9992546687287656
2021-09-04 00:00:00+00:00,USDC,2,DeFiLlama,1.000896245392599
2021-09-05 00:00:00+00:00,USDC,2,DeFiLlama,1.0002250303068287
2021-09-06 00:00:00+00:00,USDC,2,DeFiLlama,1.000175722985368
2021-09-07 00:00:00+00:00,USDC,2,DeFiLlama,1.0009357489120834
2021-09-08 00:00:00+00:00,USDC,2,DeFiLlama,1.001676267125319
2021-09-09 00:00:00+00:00,USDC,2,DeFiLlama,1.000660673327119
2021-09-10 00:00:00+00:00,USDC,2,DeFiLlama,1.0023677183105222
2021-09-11 00:00:00+00:00,USDC,2,DeFiLlama,1.0007760966027563
2021-09-12 00:00:00+00:00,USDC,2,DeFiLlama,1.0019571572114534
2021-09-13 00:00:00+00:00,USDC,2,DeFiLlama,0.999191392071521
2021-09-14 00:00:00+00:00,USDC,2,DeFiLlama,1.0031171595201036
2021-09-15 00:00:00+00:00,USDC,2,DeFiLlama,1.0019757498352468
2021-09-16 00:00:00+00:00,USDC,2,DeFiLlama,1.0008658910734796
2021-09-17 00:00:00+00:00,USDC,2,DeFiLlama,1.001619458169153
2021-09-18 00:00:00+00:00,USDC,2,DeFiLlama,1.000013898138567
2021-09-19 00:00:00+00:00,USDC,2,DeFiLlama,1.003683605583982
2021-09-20 00:00:00+00:00,USDC,2,DeFiLlama,1.0039125769655743
2021-09-21 00:00:00+00:00,USDC,2,DeFiLlama,0.9948366424399772
2021-09-22 00:00:00+00:00,USDC,2,DeFiLlama,0.9961806085792353
2021-09-23 00:00:00+00:00,USDC,2,DeFiLlama,0.9998014988519356
2021-09-24 00:00:00+00:00,USDC,2,DeFiLlama,1.0032682793947907
2021-09-25 00:00:00+00:00,USDC,2,DeFiLlama,1.001347305633144
2021-09-26 00:00:00+00:00,USDC,2,DeFiLlama,1.0031456094817552
2021-09-27 00:00:00+00:00,USDC,2,DeFiLlama,1.003737044658741
2021-09-28 00:00:00+00:00,USDC,2,DeFiLlama,0.9972713173632227
2021-09-29 00:00:00+00:00,USDC,2,DeFiLlama,0.9978067961319221
2021-09-30 00:00:00+00:00,USDC,2,DeFiLlama,1.0034804999439453
2021-10-01 00:00:00+00:00,USDC,2,DeFiLlama,1.0045994831652543
2021-10-02 00:00:00+00:00,USDC,2,DeFiLlama,1.0020170321254023
2021-10-03 00:00:00+00:00,USDC,2,DeFiLlama,0.9996052649651697
2021-10-04 00:00:00+00:00,USDC,2,DeFiLlama,1.0017906890202357
2021-10-05 00:00:00+00:00,USDC,2,DeFiLlama,1.0010178746947656
2021-10-06 00:00:00+00:00,USDC,2,DeFiLlama,1.0006481153761875
2021-10-07 00:00:00+00:00,USDC,2,DeFiLlama,1.0018520378042308
2021-10-08 00:00:00+00:00,USDC,2,DeFiLlama,1.0018494408498237
2021-10-09 00:00:00+00:00,USDC,2,DeFiLlama,0.9996156903388715
2021-10-10 00:00:00+00:00,USDC,2,DeFiLlama,1.0022408839962758
2021-10-11 00:00:00+00:00,USDC,2,DeFiLlama,1.0009516153368259
2021-10-12 00:00:00+00:00,USDC,2,DeFiLlama,1.00613724456596
2021-10-13 00:00:00+00:00,USDC,2,DeFiLlama,1.0013218239101644
2021-10-14 00:00:00+00:00,USDC,2,DeFiLlama,1.0029829938297856
2021-10-15 00:00:00+00:00,USDC,2,DeFiLlama,1.0013608362519
2021-10-16 00:00:00+00:00,USDC,2,DeFiLlama,1.005206940376998
2021-10-17 00:00:00+00:00,USDC,2,DeFiLlama,1.002447973478362
2021-10-18 00:00:00+00:00,USDC,2,DeFiLlama,1.002153190024318
2021-10-19 00:00:00+00:00,USDC,2,DeFiLlama,1.0003859156708401
2021-10-20 00:00:00+00:00,USDC,2,DeFiLlama,0.9995761477299051
2021-10-21 00:00:00+00:00,USDC,2,DeFiLlama,1.0029755004654473
2021-10-22 00:00:00+00:00,USDC,2,DeFiLlama,1.0043668281300886
2021-10-23 00:00:00+00:00,USDC,2,DeFiLlama,1.0045184236275788
2021-10-24 00:00:00+00:00,USDC,2,DeFiLlama,1.0054391322957972
2021-10-25 00:00:00+00:00,USDC,2,DeFiLlama,1.0048651642567423
2021-10-26 00:00:00+00:00,USDC,2,DeFiLlama,1.0036962313999638
2021-10-27 00:00:00+00:00,USDC,2,DeFiLlama,0.999589144696582
2021-10-28 00:00:00+00:00,USDC,2,DeFiLlama,0.9992165611536726
2021-10-29 00:00:00+00:00,USDC,2,DeFiLlama,1.0017058647648738
2021-10-30 00:00:00+00:00,USDC,2,DeFiLlama,1.0020134987223974
2021-10-31 00:00:00+00:00,USDC,2,DeFiLlama,1.002361707270061
2021-11-01 00:00:00+00:00,USDC,2,DeFiLlama,0.9987027221699268
2021-11-02 00:00:00+00:00,USDC,2,DeFiLlama,1.0004827657401831
2021-11-03 00:00:00+00:00,USDC,2,DeFiLlama,1.003534139120256
2021-11-04 00:00:00+00:00,USDC,2,DeFiLlama,1.0008430285207304
2021-11-05 00:00:00+00:00,USDC,2,DeFiLlama,1.0052083773800482
2021-11-06 00:00:00+00:00,USDC,2,DeFiLlama,1.0026263956345796
2021-11-07 00:00:00+00:00,USDC,2,DeFiLlama,1.0047929558101996
2021-11-08 00:00:00+00:00,USDC,2,DeFiLlama,1.001761343882703
2021-11-09 00:00:00+00:00,USDC,2,DeFiLlama,1.0005969657816123
2021-11-10 00:00:00+00:00,USDC,2,DeFiLlama,1.0017160232486648
2021-11-11 00:00:00+00:00,USDC,2,DeFiLlama,1.003782421750944
2021-11-12 00:00:00+00:00,USDC,2,DeFiLlama,1.0013919181727708
2021-11-13 00:00:00+00:00,USDC,2,DeFiLlama,1.0059713468392075
2021-11-14 00:00:00+00:00,USDC,2,DeFiLlama,1.0036219648492226
2021-11-15 00:00:00+00:00,USDC,2,DeFiLlama,1.009760078971799
2021-11-16 00:00:00+00:00,USDC,2,DeFiLlama,1.002881867399815
2021-11-17 00:00:00+00:00,USDC,2,DeFiLlama,1.0033357502865854
2021-11-18 00:00:00+00:00,USDC,2,DeFiLlama,1.0068196189888197
2021-11-19 00:00:00+00:00,USDC,2,DeFiLlama,1.00076754819361
2021-11-20 00:00:00+00:00,USDC,2,DeFiLlama,1.0055081764662672
2021-11-21 00:00:00+00:00,USDC,2,DeFiLlama,1.0063141945647485
2021-11-22 00:00:00+00:00,USDC,2,DeFiLlama,1.002942921984715
2021-11-23 00:00:00+00:00,USDC,2,DeFiLlama,0.9999017290553064
2021-11-24 00:00:00+00:00,USDC,2,DeFiLlama,1.0012366069858079
2021-11-25 00:00:00+00:00,USDC,2,DeFiLlama,0.9999580024455508
2021-11-26 00:00:00+00:00,USDC,2,DeFiLlama,0.997962837763451
2021-11-27 00:00:00+00:00,USDC,2,DeFiLlama,0.9999429300128467
2021-11-28 00:00:00+00:00,USDC,2,DeFiLlama,0.9997368930345666
2021-11-29 00:00:00+00:00,USDC,2,DeFiLlama,1.0004934013930886
2021-11-30 00:00:00+00:00,USDC,2,DeFiLlama,0.9984575534887358
2021-12-01 00:00:00+00:00,USDC,2,DeFiLlama,0.9977658019632214
2021-12-02 00:00:00+00:00,USDC,2,DeFiLlama,1.0007834225565695
2021-12-03 00:00:00+00:00,USDC,2,DeFiLlama,0.9981847390488103
2021-12-04 00:00:00+00:00,USDC,2,DeFiLlama,1.002066320334971
2021-12-05 00:00:00+00:00,USDC,2,DeFiLlama,0.9991321446116995
2021-12-06 00:00:00+00:00,USDC,2,DeFiLlama,1.0012017884986828
2021-12-07 00:00:00+00:00,USDC,2,DeFiLlama,1.0009222152053892
2021-12-08 00:00:00+00:00,USDC,2,DeFiLlama,1.0020050105848837
2021-12-09 00:00:00+00:00,USDC,2,DeFiLlama,1.000099566899207
2021-12-10 00:00:00+00:00,USDC,2,DeFiLlama,0.9985747046648302
2021-12-11 00:00:00+00:00,USDC,2,DeFiLlama,0.9961241561325705
2021-12-12 00:00:00+00:00,USDC,2,DeFiLlama,0.9976642221736779
2021-12-13 00:00:00+00:00,USDC,2,DeFiLlama,0.9992315811379889
2021-12-14 00:00:00+00:00,USDC,2,DeFiLlama,0.998431856644027
2021-12-15 00:00:00+00:00,USDC,2,DeFiLlama,1.001547113533782
2021-12-16 00:00:00+00:00,USDC,2,DeFiLlama,0.9995022904564755
2021-12-17 00:00:00+00:00,USDC,2,DeFiLlama,1.0004251063392964
2021-12-18 00:00:00+00:00,USDC,2,DeFiLlama,0.9997624271831593
2021-12-19 00:00:00+00:00,USDC,2,DeFiLlama,1.000468328448435
2021-12-20 00:00:00+00:00,USDC,2,DeFiLlama,0.9987582573276191
2021-12-21 00:00:00+00:00,USDC,2,DeFiLlama,1.0031801488413818
2021-12-22 00:00:00+00:00,USDC,2,DeFiLlama,1.0020355912082746
2021-12-23 00:00:00+00:00,USDC,2,DeFiLlama,1.0022051215191505
2021-12-24 00:00:00+00:00,USDC,2,DeFiLlama,1.0037032919876565
2021-12-25 00:00:00+00:00,USDC,2,DeFiLlama,1.002117880578456
2021-12-26 00:00:00+00:00,USDC,2,DeFiLlama,0.9999938549827467
2021-12-27 00:00:00+00:00,USDC,2,DeFiLlama,1.000044386743404
2021-12-28 00:00:00+00:00,USDC,2,DeFiLlama,0.9999943110111542
2021-12-29 00:00:00+00:00,USDC,2,DeFiLlama,0.9999649206803941
2021-12-30 00:00:00+00:00,USDC,2,DeFiLlama,1.0052491203416731
2021-12-31 00:00:00+00:00,USDC,2,DeFiLlama,1.0032391820702573
2022-01-01 00:00:00+00:00,USDC,2,DeFiLlama,1.0004306190141758
2022-01-02 00:00:00+00:00,USDC,2,DeFiLlama,1.0049661491001773
2022-01-03 00:00:00+00:00,USDC,2,DeFiLlama,1.000327995394832
2022-01-04 00:00:00+00:00,USDC,2,DeFiLlama,1.0008293667207893
2022-01-05 00:00:00+00:00,USDC,2,DeFiLlama,0.9998077875893735
2022-01-06 00:00:00+00:00,USDC,2,DeFiLlama,1.001544955646883
2022-01-07 00:00:00+00:00,USDC,2,DeFiLlama,1.0005977337857839
2022-01-08 00:00:00+00:00,USDC,2,DeFiLlama,1.0022072714909045
2022-01-09 00:00:00+00:00,USDC,2,DeFiLlama,0.999402944850084
2022-01-10 00:00:00+00:00,USDC,2,DeFiLlama,1.000593347066406
2022-01-11 00:00:00+00:00,USDC,2,DeFiLlama,1.0007153853710204
2022-01-12 00:00:00+00:00,USDC,2,DeFiLlama,0.9998590606953955
2022-01-13 00:00:00+00:00,USDC,2,DeFiLlama,1.0014087269461616
2022-01-14 00:00:00+00:00,USDC,2,DeFiLlama,1.0002214839585746
2022-01-15 00:00:00+00:00,USDC,2,DeFiLlama,1.0008576322487401
2022-01-16 00:00:00+00:00,USDC,2,DeFiLlama,1.0001212369755634
2022-01-17 00:00:00+00:00,USDC,2,DeFiLlama,0.9997303949452278
2022-01-18 00:00:00+00:00,USDC,2,DeFiLlama,1.002406183383292
2022-01-19 00:00:00+00:00,USDC,2,DeFiLlama,0.9996010732075862
2022-01-20 00:00:00+00:00,USDC,2,DeFiLlama,0.9987928148354954
2022-01-21 00:00:00+00:00,USDC,2,DeFiLlama,1.0002063531406584
2022-01-22 00:00:00+00:00,USDC,2,DeFiLlama,1.0029016449727353
2022-01-23 00:00:00+00:00,USDC,2,DeFiLlama,1.004079740005832
2022-01-24 00:00:00+00:00,USDC,2,DeFiLlama,1.0050951569186162
2022-01-25 00:00:00+00:00,USDC,2,DeFiLlama,1.000985872061603
2022-01-26 00:00:00+00:00,USDC,2,DeFiLlama,1.002754609712643
2022-01-27 00:00:00+00:00,USDC,2,DeFiLlama,1.0008363770311595
2022-01-28 00:00:00+00:00,USDC,2,DeFiLlama,1.0025949194989192
2022-01-29 00:00:00+00:00,USDC,2,DeFiLlama,1.0003506015740085
2022-01-30 00:00:00+00:00,USDC,2,DeFiLlama,1.0031210945968025
2022-01-31 00:00:00+00:00,USDC,2,DeFiLlama,1.0007130267717432
2022-02-01 00:00:00+00:00,USDC,2,DeFiLlama,1.0010944390940482
2022-02-02 00:00:00+00:00,USDC,2,DeFiLlama,1.000651388181029
2022-02-03 00:00:00+00:00,USDC,2,DeFiLlama,1.0008908161689354
2022-02-04 00:00:00+00:00,USDC,2,DeFiLlama,1.0018205292788318
2022-02-05 00:00:00+00:00,USDC,2,DeFiLlama,1.0109247319456431
2022-02-06 00:00:00+00:00,USDC,2,DeFiLlama,0.9984807416921838
2022-02-07 00:00:00+00:00,USDC,2,DeFiLlama,1.0016139883557391
2022-02-08 00:00:00+00:00,USDC,2,DeFiLlama,0.9991344731313307
2022-02-09 00:00:00+00:00,USDC,2,DeFiLlama,1.0009916193888868
2022-02-10 00:00:00+00:00,USDC,2,DeFiLlama,1.0013323797292721
2022-02-11 00:00:00+00:00,USDC,2,DeFiLlama,1.0019474373361499
2022-02-12 00:00:00+00:00,USDC,2,DeFiLlama,1.0003195478439395
2022-02-13 00:00:00+00:00,USDC,2,DeFiLlama,1.0008991098078837
2022-02-14 00:00:00+00:00,USDC,2,DeFiLlama,1.000207457460724
2022-02-15 00:00:00+00:00,USDC,2,DeFiLlama,0.9999529954132899
2022-02-16 00:00:00+00:00,USDC,2,DeFiLlama,1.0000372536811137
2022-02-17 00:00:00+00:00,USDC,2,DeFiLlama,0.9989945014955793
2022-02-18 00:00:00+00:00,USDC,2,DeFiLlama,0.9993043308119659
2022-02-19 00:00:00+00:00,USDC,2,DeFiLlama,1.0007035124286834
2022-02-20 00:00:00+00:00,USDC,2,DeFiLlama,1.0024519527303823
2022-02-21 00:00:00+00:00,USDC,2,DeFiLlama,1.0016246907116337
2022-02-22 00:00:00+00:00,USDC,2,DeFiLlama,1.0016619795907469
2022-02-23 00:00:00+00:00,USDC,2,DeFiLlama,0.9997218294266222
2022-02-24 00:00:00+00:00,USDC,2,DeFiLlama,1.0004966672067106
2022-02-25 00:00:00+00:00,USDC,2,DeFiLlama,1.0008244235021264
2022-02-26 00:00:00+00:00,USDC,2,DeFiLlama,1.0013726670541698
2022-02-27 00:00:00+00:00,USDC,2,DeFiLlama,1.0025797638808955
2022-02-28 00:00:00+00:00,USDC,2,DeFiLlama,1.0024356061335944
2022-03-01 00:00:00+00:00,USDC,2,DeFiLlama,1.0005005774454707
2022-03-02 00:00:00+00:00,USDC,2,DeFiLlama,1.0005139115767827
2022-03-03 00:00:00+00:00,USDC,2,DeFiLlama,0.9996553708567252
2022-03-04 00:00:00+00:00,USDC,2,DeFiLlama,0.9993073172626976
2022-03-05 00:00:00+00:00,USDC,2,DeFiLlama,1.0001582515468186
2022-03-06 00:00:00+00:00,USDC,2,DeFiLlama,1.0011706272626384
2022-03-07 00:00:00+00:00,USDC,2,DeFiLlama,0.9999293398698633
2022-03-08 00:00:00+00:00,USDC,2,DeFiLlama,0.9985686959715133
2022-03-09 00:00:00+00:00,USDC,2,DeFiLlama,1.0000849056150818
2022-03-10 00:00:00+00:00,USDC,2,DeFiLlama,0.9999741333012511
2022-03-11 00:00:00+00:00,USDC,2,DeFiLlama,1.0003230850217906
2022-03-12 00:00:00+00:00,USDC,2,DeFiLlama,0.9992508425468998
2022-03-13 00:00:00+00:00,USDC,2,DeFiLlama,1.0003452289203352
2022-03-14 00:00:00+00:00,USDC,2,DeFiLlama,1.0010941313310353
2022-03-15 00:00:00+00:00,USDC,2,DeFiLlama,1.0007202201338883
2022-03-16 00:00:00+00:00,USDC,2,DeFiLlama,0.9998504694788073
2022-03-17 00:00:00+00:00,USDC,2,DeFiLlama,0.9999267674527553
2022-03-18 00:00:00+00:00,USDC,2,DeFiLlama,1.000661742999398
2022-03-19 00:00:00+00:00,USDC,2,DeFiLlama,1.0001809569437663
2022-03-20 00:00:00+00:00,USDC,2,DeFiLlama,0.9998901531745754
2022-03-21 00:00:00+00:00,USDC,2,DeFiLlama,0.9995387480855616
2022-03-22 00:00:00+00:00,USDC,2,DeFiLlama,0.999038969738323
2022-03-23 00:00:00+00:00,USDC,2,DeFiLlama,0.9995525568547253
2022-03-24 00:00:00+00:00,USDC,2,DeFiLlama,0.998884668088062
2022-03-25 00:00:00+00:00,USDC,2,DeFiLlama,1.0002616763749685
2022-03-26 00:00:00+00:00,USDC,2,DeFiLlama,0.9991693696590633
2022-03-27 00:00:00+00:00,USDC,2,DeFiLlama,0.9992760087010031
2022-03-28 00:00:00+00:00,USDC,2,DeFiLlama,1.000660115867296
2022-03-29 00:00:00+00:00,USDC,2,DeFiLlama,0.9993075320614061
2022-03-30 00:00:00+00:00,USDC,2,DeFiLlama,1.0010908889850052
2022-03-31 00:00:00+00:00,USDC,2,DeFiLlama,1.0078603676079279
2022-04-01 00:00:00+00:00,USDC,2,DeFiLlama,1.0075398703752696
2022-04-02 00:00:00+00:00,USDC,2,DeFiLlama,1.0055911087337428
2022-04-03 00:00:00+00:00,USDC,2,DeFiLlama,1.0032681375270005
2022-04-04 00:00:00+00:00,USDC,2,DeFiLlama,1.0010914973935747
2022-04-05 00:00:00+00:00,USDC,2,DeFiLlama,1.0004016879208253
2022-04-06 00:00:00+00:00,USDC,2,DeFiLlama,0.9979936309605093
2022-04-07 00:00:00+00:00,USDC,2,DeFiLlama,1.0014919605140833
2022-04-08 00:00:00+00:00,USDC,2,DeFiLlama,0.9965315374765638
2022-04-09 00:00:00+00:00,USDC,2,DeFiLlama,0.9983373652733512
2022-04-10 00:00:00+00:00,USDC,2,DeFiLlama,1.0013035144864058
2022-04-11 00:00:00+00:00,USDC,2,DeFiLlama,0.9977366828228306
2022-04-12 00:00:00+00:00,USDC,2,DeFiLlama,0.9978439586289429
2022-04-13 00:00:00+00:00,USDC,2,DeFiLlama,0.9975094853839765
2022-04-14 00:00:00+00:00,USDC,2,DeFiLlama,1.0000578524217392
2022-04-15 00:00:00+00:00,USDC,2,DeFiLlama,0.9994327863301964
2022-04-16 00:00:00+00:00,USDC,2,DeFiLlama,0.9999587068490895
2022-04-17 00:00:00+00:00,USDC,2,DeFiLlama,0.9978280022390866
2022-04-18 00:00:00+00:00,USDC,2,DeFiLlama,0.9998454945491233
2022-04-19 00:00:00+00:00,USDC,2,DeFiLlama,0.9991704090606262
2022-04-20 00:00:00+00:00,USDC,2,DeFiLlama,0.9994108244614338
2022-04-21 00:00:00+00:00,USDC,2,DeFiLlama,0.9988019643852256
2022-04-22 00:00:00+00:00,USDC,2,DeFiLlama,0.999342968894197
2022-04-23 00:00:00+00:00,USDC,2,DeFiLlama,0.9994630212020397
2022-04-24 00:00:00+00:00,USDC,2,DeFiLlama,1.0010521060503852
2022-04-25 00:00:00+00:00,USDC,2,DeFiLlama,0.9992038359770008
2022-04-26 00:00:00+00:00,USDC,2,DeFiLlama,0.9994745287167517
2022-04-27 00:00:00+00:00,USDC,2,DeFiLlama,0.9979337196891018
2022-04-28 00:00:00+00:00,USDC,2,DeFiLlama,0.9975890703350534
2022-04-29 00:00:00+00:00,USDC,2,DeFiLlama,0.9985310295748739
2022-04-30 00:00:00+00:00,USDC,2,DeFiLlama,0.9973827291688737
2022-05-01 00:00:00+00:00,USDC,2,DeFiLlama,0.9979603620581264
2022-05-02 00:00:00+00:00,USDC,2,DeFiLlama,0.9982434800743979
2022-05-03 00:00:00+00:00,USDC,2,DeFiLlama,0.9983558256512097
2022-05-04 00:00:00+00:00,USDC,2,DeFiLlama,0.9984317940705689
2022-05-05 00:00:00+00:00,USDC,2,DeFiLlama,0.9999476710121177
2022-05-06 00:00:00+00:00,USDC,2,DeFiLlama,0.9992701838567464
2022-05-07 00:00:00+00:00,USDC,2,DeFiLlama,0.9970394902434665
2022-05-08 00:00:00+00:00,USDC,2,DeFiLlama,0.9972543032283478
2022-05-09 00:00:00+00:00,USDC,2,DeFiLlama,0.9992029244061919
2022-05-10 00:00:00+00:00,USDC,2,DeFiLlama,0.9992029243994208
2022-05-11 00:00:00+00:00,USDC,2,DeFiLlama,1.0
2022-05-12 00:00:00+00:00,USDC,2,DeFiLlama,1.0
2022-05-13 00:00:00+00:00,USDC,2,DeFiLlama,1.0
2022-05-14 00:00:00+00:00,USDC,2,DeFiLlama,1.0
2022-05-15 00:00:00+00:00,USDC,2,DeFiLlama,1.0001999999883986
2022-05-16 00:00:00+00:00,USDC,2,DeFiLlama,1.0002765700150273
2022-05-17 00:00:00+00:00,USDC,2,DeFiLlama,1.0002765699969074
2022-05-18 00:00:00+00:00,USDC,2,DeFiLlama,1.0001988000070001
2022-05-19 00:00:00+00:00,USDC,2,DeFiLlama,1.0004459299902193
2022-05-20 00:00:00+00:00,USDC,2,DeFiLlama,1.0005011999851934
2022-05-21 00:00:00+00:00,USDC,2,DeFiLlama,1.000501200001224
2022-05-22 00:00:00+00:00,USDC,2,DeFiLlama,1.0000938300010844
2022-05-23 00:00:00+00:00,USDC,2,DeFiLlama,1.000436950000839
2022-05-24 00:00:00+00:00,USDC,2,DeFiLlama,1.0001523699951798
2022-05-25 00:00:00+00:00,USDC,2,DeFiLlama,1.0001523700018056
2022-05-26 00:00:00+00:00,USDC,2,DeFiLlama,1.00012672001184
2022-05-27 00:00:00+00:00,USDC,2,DeFiLlama,1.0000751700002064
2022-05-28 00:00:00+00:00,USDC,2,DeFiLlama,1.0003100199927728
2022-05-29 00:00:00+00:00,USDC,2,DeFiLlama,1.000132160003394
2022-05-30 00:00:00+00:00,USDC,2,DeFiLlama,1.0003994000115384
2022-05-31 00:00:00+00:00,USDC,2,DeFiLlama,1.000355160016651
2022-06-01 00:00:00+00:00,USDC,2,DeFiLlama,1.000355160000706
2022-06-02 00:00:00+00:00,USDC,2,DeFiLlama,1.0002388299951224
2022-06-03 00:00:00+00:00,USDC,2,DeFiLlama,1.0006816800017349
2022-06-04 00:00:00+00:00,USDC,2,DeFiLlama,1.000299300003162
2022-06-05 00:00:00+00:00,USDC,2,DeFiLlama,1.0002165599882766
2022-06-06 00:00:00+00:00,USDC,2,DeFiLlama,1.000399399988442
2022-06-07 00:00:00+00:00,USDC,2,DeFiLlama,1.0003278000069884
2022-06-08 00:00:00+00:00,USDC,2,DeFiLlama,1.0003278000012166
2022-06-09 00:00:00+00:00,USDC,2,DeFiLlama,1.0005983700045522
2022-06-10 00:00:00+00:00,USDC,2,DeFiLlama,1.0009560599971739
2022-06-11 00:00:00+00:00,USDC,2,DeFiLlama,1.0004999999991533
2022-06-12 00:00:00+00:00,USDC,2,DeFiLlama,1.000423960009318
2022-06-13 00:00:00+00:00,USDC,2,DeFiLlama,1.0007164799997135
2022-06-14 00:00:00+00:00,USDC,2,DeFiLlama,1.0003519999958896
2022-06-15 00:00:00+00:00,USDC,2,DeFiLlama,1.000387869988461
2022-06-16 00:00:00+00:00,USDC,2,DeFiLlama,1.0005119999976366
2022-06-17 00:00:00+00:00,USDC,2,DeFiLlama,1.0009934999993608
2022-06-18 00:00:00+00:00,USDC,2,DeFiLlama,1.0004201199974432
2022-06-19 00:00:00+00:00,USDC,2,DeFiLlama,1.0002591200106339
2022-06-20 00:00:00+00:00,USDC,2,DeFiLlama,1.0005972000010999
2022-06-21 00:00:00+00:00,USDC,2,DeFiLlama,1.0000590600083723
2022-06-22 00:00:00+00:00,USDC,2,DeFiLlama,1.0001481400067698
2022-06-23 00:00:00+00:00,USDC,2,DeFiLlama,1.000763980007072
2022-06-24 00:00:00+00:00,USDC,2,DeFiLlama,1.0000110000151199
2022-06-25 00:00:00+00:00,USDC,2,DeFiLlama,0.9999927400012214
2022-06-26 00:00:00+00:00,USDC,2,DeFiLlama,1.0002993000029246
2022-06-27 00:00:00+00:00,USDC,2,DeFiLlama,1.0001989500048238
2022-06-28 00:00:00+00:00,USDC,2,DeFiLlama,1.00024457998553
2022-06-29 00:00:00+00:00,USDC,2,DeFiLlama,1.0003676299927549
2022-06-30 00:00:00+00:00,USDC,2,DeFiLlama,1.0001450299946233
2022-07-01 00:00:00+00:00,USDC,2,DeFiLlama,1.0009740300009455
2022-07-02 00:00:00+00:00,USDC,2,DeFiLlama,1.0007032499887576
2022-07-03 00:00:00+00:00,USDC,2,DeFiLlama,1.0004563899954833
2022-07-04 00:00:00+00:00,USDC,2,DeFiLlama,1.0001883300005738
2022-07-05 00:00:00+00:00,USDC,2,DeFiLlama,1.0
2022-07-06 00:00:00+00:00,USDC,2,DeFiLlama,1.0005317399991542
2022-07-07 00:00:00+00:00,USDC,2,DeFiLlama,1.0007256399862534
2022-07-08 00:00:00+00:00,USDC,2,DeFiLlama,1.000282040012751
2022-07-09 00:00:00+00:00,USDC,2,DeFiLlama,1.000165950003254
2022-07-10 00:00:00+00:00,USDC,2,DeFiLlama,1.0
2022-07-11 00:00:00+00:00,USDC,2,DeFiLlama,1.0003993999999439
2022-07-12 00:00:00+00:00,USDC,2,DeFiLlama,1.000399399985808
2022-07-13 00:00:00+00:00,USDC,2,DeFiLlama,1.0006513999929636
2022-07-14 00:00:00+00:00,USDC,2,DeFiLlama,0.9999000200023437
2022-07-15 00:00:00+00:00,USDC,2,DeFiLlama,1.0000207900135794
2022-07-16 00:00:00+00:00,USDC,2,DeFiLlama,1.000020789994105
2022-07-17 00:00:00+00:00,USDC,2,DeFiLlama,1.000027809983884
2022-07-18 00:00:00+00:00,USDC,2,DeFiLlama,0.9998484899964523
2022-07-19 00:00:00+00:00,USDC,2,DeFiLlama,0.9997726700000819
2022-07-20 00:00:00+00:00,USDC,2,DeFiLlama,0.9998999999898237
2022-07-21 00:00:00+00:00,USDC,2,DeFiLlama,1.0002450899928006
2022-07-22 00:00:00+00:00,USDC,2,DeFiLlama,1.0002462199973798
2022-07-23 00:00:00+00:00,USDC,2,DeFiLlama,1.0000939299859317
2022-07-24 00:00:00+00:00,USDC,2,DeFiLlama,1.0000860099923807
2022-07-25 00:00:00+00:00,USDC,2,DeFiLlama,1.0000913699974303
2022-07-26 00:00:00+00:00,USDC,2,DeFiLlama,1.0
2022-07-27 00:00:00+00:00,USDC,2,DeFiLlama,1.000371780007627
2022-07-28 00:00:00+00:00,USDC,2,DeFiLlama,1.0000197299948297
2022-07-29 00:00:00+00:00,USDC,2,DeFiLlama,1.0000480999915693
2022-07-30 00:00:00+00:00,USDC,2,DeFiLlama,1.0000063799989052
2022-07-31 00:00:00+00:00,USDC,2,DeFiLlama,1.0
2022-08-01 00:00:00+00:00,USDC,2,DeFiLlama,1.00002091999661
2022-08-02 00:00:00+00:00,USDC,2,DeFiLlama,0.999890489987415
2022-08-03 00:00:00+00:00,USDC,2,DeFiLlama,1.0000871499835204
2022-08-04 00:00:00+00:00,USDC,2,DeFiLlama,1.0006100199884895
2022-08-05 00:00:00+00:00,USDC,2,DeFiLlama,1.000029400010852
2022-08-06 00:00:00+00:00,USDC,2,DeFiLlama,1.0000157199931115
2022-08-07 00:00:00+00:00,USDC,2,DeFiLlama,1.0000157199943835
2022-08-08 00:00:00+00:00,USDC,2,DeFiLlama,1.0000438600178212
2022-08-09 00:00:00+00:00,USDC,2,DeFiLlama,0.9999413499921711
2022-08-10 00:00:00+00:00,USDC,2,DeFiLlama,0.9999499999830835
2022-08-11 00:00:00+00:00,USDC,2,DeFiLlama,0.9998999999866994
2022-08-12 00:00:00+00:00,USDC,2,DeFiLlama,0.999969609993949
2022-08-13 00:00:00+00:00,USDC,2,DeFiLlama,1.0000001699974517
2022-08-14 00:00:00+00:00,USDC,2,DeFiLlama,1.0
2022-08-15 00:00:00+00:00,USDC,2,DeFiLlama,0.999853870009441
2022-08-16 00:00:00+00:00,USDC,2,DeFiLlama,0.99989423999999
2022-08-17 00:00:00+00:00,USDC,2,DeFiLlama,1.0001793299960062
2022-08-18 00:00:00+00:00,USDC,2,DeFiLlama,1.0000720399992458
2022-08-19 00:00:00+00:00,USDC,2,DeFiLlama,1.0
2022-08-20 00:00:00+00:00,USDC,2,DeFiLlama,1.0000238799991323
2022-08-21 00:00:00+00:00,USDC,2,DeFiLlama,1.0000055400032017
2022-08-22 00:00:00+00:00,USDC,2,DeFiLlama,0.999907850004035
2022-08-23 00:00:00+00:00,USDC,2,DeFiLlama,1.0000575399938993
2022-08-24 00:00:00+00:00,USDC,2,DeFiLlama,1.0
2022-08-25 00:00:00+00:00,USDC,2,DeFiLlama,1.0001297000122689
2022-08-26 00:00:00+00:00,USDC,2,DeFiLlama,0.9999835299968941
2022-08-27 00:00:00+00:00,USDC,2,DeFiLlama,0.999958749995049
2022-08-28 00:00:00+00:00,USDC,2,DeFiLlama,1.0000919900051595
2022-08-29 00:00:00+00:00,USDC,2,DeFiLlama,1.0000241700022163
2022-08-30 00:00:00+00:00,USDC,2,DeFiLlama,0.9999919600037459
2022-08-31 00:00:00+00:00,USDC,2,DeFiLlama,1.0000477799980791
2022-09-01 00:00:00+00:00,USDC,2,DeFiLlama,1.0000034300005627
2022-09-02 00:00:00+00:00,USDC,2,DeFiLlama,1.0
2022-09-03 00:00:00+00:00,USDC,2,DeFiLlama,1.0
2022-09-04 00:00:00+00:00,USDC,2,DeFiLlama,1.0
2022-09-05 00:00:00+00:00,USDC,2,DeFiLlama,1.0003672999987372
2022-09-06 00:00:00+00:00,USDC,2,DeFiLlama,0.9999120199985093
2022-09-07 00:00:00+00:00,USDC,2,DeFiLlama,0.9999729699945298
2022-09-08 00:00:00+00:00,USDC,2,DeFiLlama,0.9999969999993558
2022-09-09 00:00:00+00:00,USDC,2,DeFiLlama,1.0
2022-09-10 00:00:00+00:00,USDC,2,DeFiLlama,1.000049190004684
2022-09-11 00:00:00+00:00,USDC,2,DeFiLlama,0.9999809299982344
2022-09-12 00:00:00+00:00,USDC,2,DeFiLlama,1.0000071299918147
2022-09-13 00:00:00+00:00,USDC,2,DeFiLlama,0.9999080000077616
2022-09-14 00:00:00+00:00,USDC,2,DeFiLlama,0.999953179990265
2022-09-15 00:00:00+00:00,USDC,2,DeFiLlama,1.0
2022-09-16 00:00:00+00:00,USDC,2,DeFiLlama,1.000014350008841
2022-09-17 00:00:00+00:00,USDC,2,DeFiLlama,1.0000370699946166
2022-09-18 00:00:00+00:00,USDC,2,DeFiLlama,1.0000861099840357
2022-09-19 00:00:00+00:00,USDC,2,DeFiLlama,1.0000370700107881
2022-09-20 00:00:00+00:00,USDC,2,DeFiLlama,0.9999894300137566
2022-09-21 00:00:00+00:00,USDC,2,DeFiLlama,0.9999492200014976
2022-09-22 00:00:00+00:00,USDC,2,DeFiLlama,1.000094929986449
2022-09-23 00:00:00+00:00,USDC,2,DeFiLlama,1.0000750900021989
2022-09-24 00:00:00+00:00,USDC,2,DeFiLlama,1.000033859988406
2022-09-25 00:00:00+00:00,USDC,2,DeFiLlama,0.9999639799829517
2022-09-26 00:00:00+00:00,USDC,2,DeFiLlama,0.9999854099880597
2022-09-27 00:00:00+00:00,USDC,2,DeFiLlama,1.0002596299934958
2022-09-28 00:00:00+00:00,USDC,2,DeFiLlama,1.0000395300152303
2022-09-29 00:00:00+00:00,USDC,2,DeFiLlama,1.000090209985662
2022-09-30 00:00:00+00:00,USDC,2,DeFiLlama,1.000090089987655
2022-10-01 00:00:00+00:00,USDC,2,DeFiLlama,0.9999940499932588
2022-10-02 00:00:00+00:00,USDC,2,DeFiLlama,1.0
2022-10-03 00:00:00+00:00,USDC,2,DeFiLlama,1.00004024001584
2022-10-04 00:00:00+00:00,USDC,2,DeFiLlama,1.0000217299970675
2022-10-05 00:00:00+00:00,USDC,2,DeFiLlama,0.9999164899968179
2022-10-06 00:00:00+00:00,USDC,2,DeFiLlama,0.9999690399996383
2022-10-07 00:00:00+00:00,USDC,2,DeFiLlama,1.0
2022-10-08 00:00:00+00:00,USDC,2,DeFiLlama,0.9998999999928618
2022-10-09 00:00:00+00:00,USDC,2,DeFiLlama,1.000045879988764
2022-10-10 00:00:00+00:00,USDC,2,DeFiLlama,1.0000208199996736
2022-10-11 00:00:00+00:00,USDC,2,DeFiLlama,1.0000350600032044
2022-10-12 00:00:00+00:00,USDC,2,DeFiLlama,0.9999557900028048
2022-10-13 00:00:00+00:00,USDC,2,DeFiLlama,1.0
2022-10-14 00:00:00+00:00,USDC,2,DeFiLlama,1.0
2022-10-15 00:00:00+00:00,USDC,2,DeFiLlama,0.9999285100165782
2022-10-16 00:00:00+00:00,USDC,2,DeFiLlama,0.9999740200124628
2022-10-17 00:00:00+00:00,USDC,2,DeFiLlama,0.999996200017023
2022-10-18 00:00:00+00:00,USDC,2,DeFiLlama,1.0000386799978729
2022-10-19 00:00:00+00:00,USDC,2,DeFiLlama,0.9999920300008939
2022-10-20 00:00:00+00:00,USDC,2,DeFiLlama,1.0000442199891375
2022-10-21 00:00:00+00:00,USDC,2,DeFiLlama,1.0000041999951186
2022-10-22 00:00:00+00:00,USDC,2,DeFiLlama,1.0001696300066993
2022-10-23 00:00:00+00:00,USDC,2,DeFiLlama,1.0
2022-10-24 00:00:00+00:00,USDC,2,DeFiLlama,0.9999060999797321
2022-10-25 00:00:00+00:00,USDC,2,DeFiLlama,1.0000075300064677
2022-10-26 00:00:00+00:00,USDC,2,DeFiLlama,1.0000148400145272
2022-10-27 00:00:00+00:00,USDC,2,DeFiLlama,1.0
2022-10-28 00:00:00+00:00,USDC,2,DeFiLlama,0.9999155099971956
2022-10-29 00:00:00+00:00,USDC,2,DeFiLlama,0.9999463699933298
2022-10-30 00:00:00+00:00,USDC,2,DeFiLlama,0.999961170002922
2022-10-31 00:00:00+00:00,USDC,2,DeFiLlama,0.9999683100040533
2022-11-01 00:00:00+00:00,USDC,2,DeFiLlama,1.0
2022-11-02 00:00:00+00:00,USDC,2,DeFiLlama,0.999945880005496
2022-11-03 00:00:00+00:00,USDC,2,DeFiLlama,1.0000231099958488
2022-11-04 00:00:00+00:00,USDC,2,DeFiLlama,1.0000021599879796
2022-11-05 00:00:00+00:00,USDC,2,DeFiLlama,1.0000007299955087
2022-11-06 00:00:00+00:00,USDC,2,DeFiLlama,1.0000976200019072
2022-11-07 00:00:00+00:00,USDC,2,DeFiLlama,0.9999866700028871
2022-11-08 00:00:00+00:00,USDC,2,DeFiLlama,1.0000808099910423
2022-11-09 00:00:00+00:00,USDC,2,DeFiLlama,1.0000861099993898
2022-11-10 00:00:00+00:00,USDC,2,DeFiLlama,1.0012045599998702
2022-11-11 00:00:00+00:00,USDC,2,DeFiLlama,0.9998325399900806
2022-11-12 00:00:00+00:00,USDC,2,DeFiLlama,1.0010297600148848
2022-11-13 00:00:00+00:00,USDC,2,DeFiLlama,1.0003031200130559
2022-11-14 00:00:00+00:00,USDC,2,DeFiLlama,1.0004142799879148
2022-11-15 00:00:00+00:00,USDC,2,DeFiLlama,1.0002874999946592
2022-11-16 00:00:00+00:00,USDC,2,DeFiLlama,1.0002920100098696
2022-11-17 00:00:00+00:00,USDC,2,DeFiLlama,1.0000824799930348
2022-11-18 00:00:00+00:00,USDC,2,DeFiLlama,0.9999989599990332
2022-11-19 00:00:00+00:00,USDC,2,DeFiLlama,1.0
2022-11-20 00:00:00+00:00,USDC,2,DeFiLlama,1.0000868200170991
2022-11-21 00:00:00+00:00,USDC,2,DeFiLlama,1.0001800899836635
2022-11-22 00:00:00+00:00,USDC,2,DeFiLlama,1.0002697599838823
2022-11-23 00:00:00+00:00,USDC,2,DeFiLlama,0.9999601800027936
2022-11-24 00:00:00+00:00,USDC,2,DeFiLlama,0.9998721799906216
2022-11-25 00:00:00+00:00,USDC,2,DeFiLlama,1.0000192700035748
2022-11-26 00:00:00+00:00,USDC,2,DeFiLlama,1.0001691600109452
2022-11-27 00:00:00+00:00,USDC,2,DeFiLlama,0.9999258300142027
2022-11-28 00:00:00+00:00,USDC,2,DeFiLlama,1.0001529400042788
2022-11-29 00:00:00+00:00,USDC,2,DeFiLlama,1.000086820009221
2022-11-30 00:00:00+00:00,USDC,2,DeFiLlama,1.000100959998082
2022-12-01 00:00:00+00:00,USDC,2,DeFiLlama,1.0000089300083919
2022-12-02 00:00:00+00:00,USDC,2,DeFiLlama,0.9999830500090043
2022-12-03 00:00:00+00:00,USDC,2,DeFiLlama,1.0
2022-12-04 00:00:00+00:00,USDC,2,DeFiLlama,1.0000756600131828
2022-12-05 00:00:00+00:00,USDC,2,DeFiLlama,1.0000007799921977
2022-12-06 00:00:00+00:00,USDC,2,DeFiLlama,1.0
2022-12-07 00:00:00+00:00,USDC,2,DeFiLlama,0.9999691500059317
2022-12-08 00:00:00+00:00,USDC,2,DeFiLlama,0.999982010016298
2022-12-09 00:00:00+00:00,USDC,2,DeFiLlama,1.0000262599905443
2022-12-10 00:00:00+00:00,USDC,2,DeFiLlama,0.9999253799936463
2022-12-11 00:00:00+00:00,USDC,2,DeFiLlama,1.0000094700136921
2022-12-12 00:00:00+00:00,USDC,2,DeFiLlama,1.0000560699943792
2022-12-13 00:00:00+00:00,USDC,2,DeFiLlama,1.000003119986781
2022-12-14 00:00:00+00:00,USDC,2,DeFiLlama,1.0
2022-12-15 00:00:00+00:00,USDC,2,DeFiLlama,1.0000323899916916
2022-12-16 00:00:00+00:00,USDC,2,DeFiLlama,1.000036710008918
2022-12-17 00:00:00+00:00,USDC,2,DeFiLlama,0.9999485300047375
2022-12-18 00:00:00+00:00,USDC,2,DeFiLlama,1.000105239997492
2022-12-19 00:00:00+00:00,USDC,2,DeFiLlama,1.0000360599914095
2022-12-20 00:00:00+00:00,USDC,2,DeFiLlama,0.999942899993768
2022-12-21 00:00:00+00:00,USDC,2,DeFiLlama,0.999994229998808
2022-12-22 00:00:00+00:00,USDC,2,DeFiLlama,1.000004789997514
2022-12-23 00:00:00+00:00,USDC,2,DeFiLlama,1.0000330100103303
2022-12-24 00:00:00+00:00,USDC,2,DeFiLlama,1.0002170600057456
2022-12-25 00:00:00+00:00,USDC,2,DeFiLlama,1.0000664199953606
2022-12-26 00:00:00+00:00,USDC,2,DeFiLlama,1.0003829999969849
2022-12-27 00:00:00+00:00,USDC,2,DeFiLlama,1.0001055099916474
2022-12-28 00:00:00+00:00,USDC,2,DeFiLlama,1.000022890018189
2022-12-29 00:00:00+00:00,USDC,2,DeFiLlama,0.9999337499909356
2022-12-30 00:00:00+00:00,USDC,2,DeFiLlama,0.9999394300096816
2022-12-31 00:00:00+00:00,USDC,2,DeFiLlama,1.0000421699940931
2023-01-01 00:00:00+00:00,USDC,2,DeFiLlama,1.0002404800082554
2023-01-02 00:00:00+00:00,USDC,2,DeFiLlama,1.0004165800144775
2023-01-03 00:00:00+00:00,USDC,2,DeFiLlama,1.0000850200090243
2023-01-04 00:00:00+00:00,USDC,2,DeFiLlama,1.0
2023-01-05 00:00:00+00:00,USDC,2,DeFiLlama,1.00009265001869
2023-01-06 00:00:00+00:00,USDC,2,DeFiLlama,0.9999416400116141
2023-01-07 00:00:00+00:00,USDC,2,DeFiLlama,1.0001262499929175
2023-01-08 00:00:00+00:00,USDC,2,DeFiLlama,1.0001400000021134
2023-01-09 00:00:00+00:00,USDC,2,DeFiLlama,1.0
2023-01-10 00:00:00+00:00,USDC,2,DeFiLlama,0.9999750300098785
2023-01-11 00:00:00+00:00,USDC,2,DeFiLlama,1.0
2023-01-12 00:00:00+00:00,USDC,2,DeFiLlama,1.0
2023-01-13 00:00:00+00:00,USDC,2,DeFiLlama,1.0
2023-01-14 00:00:00+00:00,USDC,2,DeFiLlama,0.9999699999822449
2023-01-15 00:00:00+00:00,USDC,2,DeFiLlama,0.9999799999833445
2023-01-16 00:00:00+00:00,USDC,2,DeFiLlama,1.0
2023-01-17 00:00:00+00:00,USDC,2,DeFiLlama,0.9999700000017216
2023-01-18 00:00:00+00:00,USDC,2,DeFiLlama,1.000030170003749
2023-01-19 00:00:00+00:00,USDC,2,DeFiLlama,0.9999500000191042
2023-01-20 00:00:00+00:00,USDC,2,DeFiLlama,1.0000084800091087
2023-01-21 00:00:00+00:00,USDC,2,DeFiLlama,1.000474999995503
2023-01-22 00:00:00+00:00,USDC,2,DeFiLlama,1.0
2023-01-23 00:00:00+00:00,USDC,2,DeFiLlama,1.0000332199938788
2023-01-24 00:00:00+00:00,USDC,2,DeFiLlama,0.9998999999946704
2023-01-25 00:00:00+00:00,USDC,2,DeFiLlama,1.000379999998517
2023-01-26 00:00:00+00:00,USDC,2,DeFiLlama,1.0
2023-01-27 00:00:00+00:00,USDC,2,DeFiLlama,1.0
2023-01-28 00:00:00+00:00,USDC,2,DeFiLlama,0.9999542400032819
2023-01-29 00:00:00+00:00,USDC,2,DeFiLlama,1.0000299999877422
2023-01-30 00:00:00+00:00,USDC,2,DeFiLlama,1.0002018200023004
2023-01-31 00:00:00+00:00,USDC,2,DeFiLlama,0.9999445500135131
2023-02-01 00:00:00+00:00,USDC,2,DeFiLlama,1.0002872000014056
2023-02-02 00:00:00+00:00,USDC,2,DeFiLlama,1.0
2023-02-03 00:00:00+00:00,USDC,2,DeFiLlama,0.9999900000134805
2023-02-04 00:00:00+00:00,USDC,2,DeFiLlama,1.0
2023-02-05 00:00:00+00:00,USDC,2,DeFiLlama,0.9999799999970881
2023-02-06 00:00:00+00:00,USDC,2,DeFiLlama,1.0000329800095116
2023-02-07 00:00:00+00:00,USDC,2,DeFiLlama,0.99990000001058
2023-02-08 00:00:00+00:00,USDC,2,DeFiLlama,1.0
2023-02-09 00:00:00+00:00,USDC,2,DeFiLlama,1.000183469992575
2023-02-10 00:00:00+00:00,USDC,2,DeFiLlama,1.0
2023-02-11 00:00:00+00:00,USDC,2,DeFiLlama,1.0
2023-02-12 00:00:00+00:00,USDC,2,DeFiLlama,1.0
2023-02-13 00:00:00+00:00,USDC,2,DeFiLlama,1.0
2023-02-14 00:00:00+00:00,USDC,2,DeFiLlama,1.0002004200095411
2023-02-15 00:00:00+00:00,USDC,2,DeFiLlama,0.999961560002449
2023-02-16 00:00:00+00:00,USDC,2,DeFiLlama,0.9999204799935124
2023-02-17 00:00:00+00:00,USDC,2,DeFiLlama,0.9999800000024133
2023-02-18 00:00:00+00:00,USDC,2,DeFiLlama,0.9999884399937561
2023-02-19 00:00:00+00:00,USDC,2,DeFiLlama,0.9999423100048974
2023-02-20 00:00:00+00:00,USDC,2,DeFiLlama,1.0
2023-02-21 00:00:00+00:00,USDC,2,DeFiLlama,0.9999399999970715
2023-02-22 00:00:00+00:00,USDC,2,DeFiLlama,0.9999723600145395
2023-02-23 00:00:00+00:00,USDC,2,DeFiLlama,0.999894999989345
2023-02-24 00:00:00+00:00,USDC,2,DeFiLlama,0.9999950799810925
2023-02-25 00:00:00+00:00,USDC,2,DeFiLlama,0.9999099999899558
2023-02-26 00:00:00+00:00,USDC,2,DeFiLlama,0.9999000000053803
2023-02-27 00:00:00+00:00,USDC,2,DeFiLlama,0.9999529799969377
2023-02-28 00:00:00+00:00,USDC,2,DeFiLlama,0.9999532200151026
2023-03-01 00:00:00+00:00,USDC,2,DeFiLlama,0.9998612899822036
2023-03-02 00:00:00+00:00,USDC,2,DeFiLlama,0.9998999999917217
2023-03-03 00:00:00+00:00,USDC,2,DeFiLlama,0.9999318700131892
2023-03-04 00:00:00+00:00,USDC,2,DeFiLlama,0.9997182599874026
2023-03-05 00:00:00+00:00,USDC,2,DeFiLlama,0.9999977900066568
2023-03-06 00:00:00+00:00,USDC,2,DeFiLlama,1.0
2023-03-07 00:00:00+00:00,USDC,2,DeFiLlama,0.9999837400191781
2023-03-08 00:00:00+00:00,USDC,2,DeFiLlama,0.9999951699894142
2023-03-09 00:00:00+00:00,USDC,2,DeFiLlama,0.999963809995296
2023-03-10 00:00:00+00:00,USDC,2,DeFiLlama,1.0
2023-03-11 00:00:00+00:00,USDC,2,DeFiLlama,0.9975591699916425
2023-03-12 00:00:00+00:00,USDC,2,DeFiLlama,0.9610649999857319
2023-03-13 00:00:00+00:00,USDC,2,DeFiLlama,0.9919229999994315
2023-03-14 00:00:00+00:00,USDC,2,DeFiLlama,0.9994270000107978
2023-03-15 00:00:00+00:00,USDC,2,DeFiLlama,0.9972359999899836
2023-03-16 00:00:00+00:00,USDC,2,DeFiLlama,1.0020000000079565
2023-03-17 00:00:00+00:00,USDC,2,DeFiLlama,1.0040000000119043
2023-03-18 00:00:00+00:00,USDC,2,DeFiLlama,1.0029999999814767
2023-03-19 00:00:00+00:00,USDC,2,DeFiLlama,1.0050000000118398
2023-03-20 00:00:00+00:00,USDC,2,DeFiLlama,1.0039999999885123
2023-03-21 00:00:00+00:00,USDC,2,DeFiLlama,1.006
2023-03-22 00:00:00+00:00,USDC,2,DeFiLlama,1.002000000008624
2023-03-23 00:00:00+00:00,USDC,2,DeFiLlama,1.0040000000211795
2023-03-24 00:00:00+00:00,USDC,2,DeFiLlama,1.002000000011453
2023-03-25 00:00:00+00:00,USDC,2,DeFiLlama,1.0060000000002374
2023-03-26 00:00:00+00:00,USDC,2,DeFiLlama,1.0059999999983378
2023-03-27 00:00:00+00:00,USDC,2,DeFiLlama,1.001000000001248
2023-03-28 00:00:00+00:00,USDC,2,DeFiLlama,0.9995530000098429
2023-03-29 00:00:00+00:00,USDC,2,DeFiLlama,1.0
2023-03-30 00:00:00+00:00,USDC,2,DeFiLlama,0.9999800000157343
2023-03-31 00:00:00+00:00,USDC,2,DeFiLlama,1.0010000000100931
2023-04-01 00:00:00+00:00,USDC,2,DeFiLlama,1.0010000000030064
2023-04-02 00:00:00+00:00,USDC,2,DeFiLlama,1.0
2023-04-03 00:00:00+00:00,USDC,2,DeFiLlama,1.0
2023-04-04 00:00:00+00:00,USDC,2,DeFiLlama,0.9998389999814501
2023-04-05 00:00:00+00:00,USDC,2,DeFiLlama,0.9989219999936616
2023-04-06 00:00:00+00:00,USDC,2,DeFiLlama,1.0
2023-04-07 00:00:00+00:00,USDC,2,DeFiLlama,0.9994350000073261
2023-04-08 00:00:00+00:00,USDC,2,DeFiLlama,1.0010000000118944
2023-04-09 00:00:00+00:00,USDC,2,DeFiLlama,1.0030000000004016
2023-04-10 00:00:00+00:00,USDC,2,DeFiLlama,1.0
2023-04-11 00:00:00+00:00,USDC,2,DeFiLlama,1.0
2023-04-12 00:00:00+00:00,USDC,2,DeFiLlama,0.999611000013147
2023-04-13 00:00:00+00:00,USDC,2,DeFiLlama,1.00099999999765
2023-04-14 00:00:00+00:00,USDC,2,DeFiLlama,1.00100000000793
2023-04-15 00:00:00+00:00,USDC,2,DeFiLlama,1.0
2023-04-16 00:00:00+00:00,USDC,2,DeFiLlama,0.9991499999878077
2023-04-17 00:00:00+00:00,USDC,2,DeFiLlama,1.0009999999963375
2023-04-18 00:00:00+00:00,USDC,2,DeFiLlama,0.9999509999745719
2023-04-19 00:00:00+00:00,USDC,2,DeFiLlama,0.99902799997309
2023-04-20 00:00:00+00:00,USDC,2,DeFiLlama,0.9994790000065481
2023-04-21 00:00:00+00:00,USDC,2,DeFiLlama,1.0
2023-04-22 00:00:00+00:00,USDC,2,DeFiLlama,0.9999580000059501
2023-04-23 00:00:00+00:00,USDC,2,DeFiLlama,1.0
2023-04-24 00:00:00+00:00,USDC,2,DeFiLlama,1.0
2023-04-25 00:00:00+00:00,USDC,2,DeFiLlama,0.9982920000176959
2023-04-26 00:00:00+00:00,USDC,2,DeFiLlama,0.9988039999746735
2023-04-27 00:00:00+00:00,USDC,2,DeFiLlama,0.9948140000171449
2023-04-28 00:00:00+00:00,USDC,2,DeFiLlama,1.0019999999934752
2023-04-29 00:00:00+00:00,USDC,2,DeFiLlama,1.0
2023-04-30 00:00:00+00:00,USDC,2,DeFiLlama,1.0
2023-05-01 00:00:00+00:00,USDC,2,DeFiLlama,0.9997229999948825
2023-05-02 00:00:00+00:00,USDC,2,DeFiLlama,0.9986050000014206
2023-05-03 00:00:00+00:00,USDC,2,DeFiLlama,1.0009999999864083
2023-05-04 00:00:00+00:00,USDC,2,DeFiLlama,0.9992190000167644
2023-05-05 00:00:00+00:00,USDC,2,DeFiLlama,0.9991399999917615
2023-05-06 00:00:00+00:00,USDC,2,DeFiLlama,1.0009999999962311
2023-05-07 00:00:00+00:00,USDC,2,DeFiLlama,0.9987459999914359
2023-05-08 00:00:00+00:00,USDC,2,DeFiLlama,0.9987149999782473
2023-05-09 00:00:00+00:00,USDC,2,DeFiLlama,0.9999140000211683
2023-05-10 00:00:00+00:00,USDC,2,DeFiLlama,1.00300000002606
2023-05-11 00:00:00+00:00,USDC,2,DeFiLlama,0.9987169999907411
2023-05-12 00:00:00+00:00,USDC,2,DeFiLlama,1.0010000000234742
2023-05-13 00:00:00+00:00,USDC,2,DeFiLlama,1.0
2023-05-14 00:00:00+00:00,USDC,2,DeFiLlama,1.00099999997982
2023-05-15 00:00:00+00:00,USDC,2,DeFiLlama,1.0020000000192673
2023-05-16 00:00:00+00:00,USDC,2,DeFiLlama,1.0029999999874868
2023-05-17 00:00:00+00:00,USDC,2,DeFiLlama,0.9999129999850773
2023-05-18 00:00:00+00:00,USDC,2,DeFiLlama,0.9994070000035347
2023-05-19 00:00:00+00:00,USDC,2,DeFiLlama,0.999962000021674
2023-05-20 00:00:00+00:00,USDC,2,DeFiLlama,0.999780000001318
2023-05-21 00:00:00+00:00,USDC,2,DeFiLlama,1.001000000023553
2023-05-22 00:00:00+00:00,USDC,2,DeFiLlama,0.9998279999998314
2023-05-23 00:00:00+00:00,USDC,2,DeFiLlama,1.0
2023-05-24 00:00:00+00:00,USDC,2,DeFiLlama,1.0
2023-05-25 00:00:00+00:00,USDC,2,DeFiLlama,0.9994309999968568
2023-05-26 00:00:00+00:00,USDC,2,DeFiLlama,1.000999999996952
2023-05-27 00:00:00+00:00,USDC,2,DeFiLlama,0.9991950000012615
2023-05-28 00:00:00+00:00,USDC,2,DeFiLlama,1.000999999996121
2023-05-29 00:00:00+00:00,USDC,2,DeFiLlama,0.9994629999799703
2023-05-30 00:00:00+00:00,USDC,2,DeFiLlama,0.9998760000158973
2023-05-31 00:00:00+00:00,USDC,2,DeFiLlama,0.9996850000177858
2023-06-01 00:00:00+00:00,USDC,2,DeFiLlama,0.9998910000077941
2023-06-02 00:00:00+00:00,USDC,2,DeFiLlama,0.9988960000059088
2023-06-03 00:00:00+00:00,USDC,2,DeFiLlama,0.9997560000118092
2023-06-04 00:00:00+00:00,USDC,2,DeFiLlama,1.0
2023-06-05 00:00:00+00:00,USDC,2,DeFiLlama,1.0010000000143897
2023-06-06 00:00:00+00:00,USDC,2,DeFiLlama,1.0
2023-06-07 00:00:00+00:00,USDC,2,DeFiLlama,1.001000000006027
2023-06-08 00:00:00+00:00,USDC,2,DeFiLlama,1.0009999999781602
2023-06-09 00:00:00+00:00,USDC,2,DeFiLlama,0.9995250000150266
2023-06-10 00:00:00+00:00,USDC,2,DeFiLlama,1.0
2023-06-11 00:00:00+00:00,USDC,2,DeFiLlama,0.9997730000136053
2023-06-12 00:00:00+00:00,USDC,2,DeFiLlama,1.0009999999995745
2023-06-13 00:00:00+00:00,USDC,2,DeFiLlama,0.9997570000021833
2023-06-14 00:00:00+00:00,USDC,2,DeFiLlama,1.0009999999837067
2023-06-15 00:00:00+00:00,USDC,2,DeFiLlama,1.0
2023-06-16 00:00:00+00:00,USDC,2,DeFiLlama,0.9997160000240385
2023-06-17 00:00:00+00:00,USDC,2,DeFiLlama,0.9996770000028805
2023-06-18 00:00:00+00:00,USDC,2,DeFiLlama,0.9997810000002016
2023-06-19 00:00:00+00:00,USDC,2,DeFiLlama,1.0
2023-06-20 00:00:00+00:00,USDC,2,DeFiLlama,0.9976489999978962
2023-06-21 00:00:00+00:00,USDC,2,DeFiLlama,1.0019999999847602
2023-06-22 00:00:00+00:00,USDC,2,DeFiLlama,1.0
2023-06-23 00:00:00+00:00,USDC,2,DeFiLlama,0.9985080000140001
2023-06-24 00:00:00+00:00,USDC,2,DeFiLlama,0.999729000005295
2023-06-25 00:00:00+00:00,USDC,2,DeFiLlama,1.00099999997006
2023-06-26 00:00:00+00:00,USDC,2,DeFiLlama,1.0
2023-06-27 00:00:00+00:00,USDC,2,DeFiLlama,1.0010000000035553
2023-06-28 00:00:00+00:00,USDC,2,DeFiLlama,1.0
2023-06-29 00:00:00+00:00,USDC,2,DeFiLlama,1.000999999991854
2023-06-30 00:00:00+00:00,USDC,2,DeFiLlama,0.9995489999984616
2023-07-01 00:00:00+00:00,USDC,2,DeFiLlama,1.0009999999847419
2023-07-02 00:00:00+00:00,USDC,2,DeFiLlama,0.9998410000066741
2023-07-03 00:00:00+00:00,USDC,2,DeFiLlama,1.0010000000026145
2023-07-04 00:00:00+00:00,USDC,2,DeFiLlama,0.9995030000052876
2023-07-05 00:00:00+00:00,USDC,2,DeFiLlama,1.0009999999823072
2023-07-06 00:00:00+00:00,USDC,2,DeFiLlama,1.0
2023-07-07 00:00:00+00:00,USDC,2,DeFiLlama,0.9990800000062949
2023-07-08 00:00:00+00:00,USDC,2,DeFiLlama,0.9997299999988546
2023-07-09 00:00:00+00:00,USDC,2,DeFiLlama,0.9997239999777894
2023-07-10 00:00:00+00:00,USDC,2,DeFiLlama,0.9992719999964942
2023-07-11 00:00:00+00:00,USDC,2,DeFiLlama,0.9998860000040921
2023-07-12 00:00:00+00:00,USDC,2,DeFiLlama,0.9990009999933617
2023-07-13 00:00:00+00:00,USDC,2,DeFiLlama,0.9998040000032727
2023-07-14 00:00:00+00:00,USDC,2,DeFiLlama,1.0
2023-07-15 00:00:00+00:00,USDC,2,DeFiLlama,0.9999649999982224
2023-07-16 00:00:00+00:00,USDC,2,DeFiLlama,0.999950000008531
2023-07-17 00:00:00+00:00,USDC,2,DeFiLlama,0.9990099999958253
2023-07-18 00:00:00+00:00,USDC,2,DeFiLlama,1.0
2023-07-19 00:00:00+00:00,USDC,2,DeFiLlama,1.000999999991812
2023-07-20 00:00:00+00:00,USDC,2,DeFiLlama,0.9999149999964506
2023-07-21 00:00:00+00:00,USDC,2,DeFiLlama,1.0
2023-07-22 00:00:00+00:00,USDC,2,DeFiLlama,0.9998410000201686
2023-07-23 00:00:00+00:00,USDC,2,DeFiLlama,1.0
2023-07-24 00:00:00+00:00,USDC,2,DeFiLlama,0.9999279999993249
2023-07-25 00:00:00+00:00,USDC,2,DeFiLlama,1.0
2023-07-26 00:00:00+00:00,USDC,2,DeFiLlama,1.0
2023-07-27 00:00:00+00:00,USDC,2,DeFiLlama,1.0
2023-07-28 00:00:00+00:00,USDC,2,DeFiLlama,1.0
2023-07-29 00:00:00+00:00,USDC,2,DeFiLlama,1.0
2023-07-30 00:00:00+00:00,USDC,2,DeFiLlama,0.9995790000123257
2023-07-31 00:00:00+00:00,USDC,2,DeFiLlama,1.0
2023-08-01 00:00:00+00:00,USDC,2,DeFiLlama,1.0
2023-08-02 00:00:00+00:00,USDC,2,DeFiLlama,1.000999999976644
2023-08-03 00:00:00+00:00,USDC,2,DeFiLlama,1.0009999999711963
2023-08-04 00:00:00+00:00,USDC,2,DeFiLlama,1.0
2023-08-05 00:00:00+00:00,USDC,2,DeFiLlama,0.9999180000070583
2023-08-06 00:00:00+00:00,USDC,2,DeFiLlama,0.999556999999329
2023-08-07 00:00:00+00:00,USDC,2,DeFiLlama,0.9995200000008658
2023-08-08 00:00:00+00:00,USDC,2,DeFiLlama,0.9997900000175615
2023-08-09 00:00:00+00:00,USDC,2,DeFiLlama,1.0
2023-08-10 00:00:00+00:00,USDC,2,DeFiLlama,1.0
2023-08-11 00:00:00+00:00,USDC,2,DeFiLlama,0.9996810000103942
2023-08-12 00:00:00+00:00,USDC,2,DeFiLlama,1.0
2023-08-13 00:00:00+00:00,USDC,2,DeFiLlama,0.9999680000137312
2023-08-14 00:00:00+00:00,USDC,2,DeFiLlama,1.000999999999033
2023-08-15 00:00:00+00:00,USDC,2,DeFiLlama,0.9997980000060562
2023-08-16 00:00:00+00:00,USDC,2,DeFiLlama,0.9996139999727902
2023-08-17 00:00:00+00:00,USDC,2,DeFiLlama,0.9985340000163659
2023-08-18 00:00:00+00:00,USDC,2,DeFiLlama,0.9997550000075714
2023-08-19 00:00:00+00:00,USDC,2,DeFiLlama,0.9989679999904908
2023-08-20 00:00:00+00:00,USDC,2,DeFiLlama,1.0009999999919281
2023-08-21 00:00:00+00:00,USDC,2,DeFiLlama,1.0009999999884986
2023-08-22 00:00:00+00:00,USDC,2,DeFiLlama,1.0
2023-08-23 00:00:00+00:00,USDC,2,DeFiLlama,0.9993939999981489
2023-08-24 00:00:00+00:00,USDC,2,DeFiLlama,1.0009999999818542
2023-08-25 00:00:00+00:00,USDC,2,DeFiLlama,0.9994979999751826
2023-08-26 00:00:00+00:00,USDC,2,DeFiLlama,1.0
2023-08-27 00:00:00+00:00,USDC,2,DeFiLlama,0.9996019999719492
2023-08-28 00:00:00+00:00,USDC,2,DeFiLlama,0.9997589999958021
2023-08-29 00:00:00+00:00,USDC,2,DeFiLlama,1.0
2023-08-30 00:00:00+00:00,USDC,2,DeFiLlama,0.998898000001381
2023-08-31 00:00:00+00:00,USDC,2,DeFiLlama,0.9998509999991861
2023-09-01 00:00:00+00:00,USDC,2,DeFiLlama,0.9993309999851812
2023-09-02 00:00:00+00:00,USDC,2,DeFiLlama,1.00100000001953
2023-09-03 00:00:00+00:00,USDC,2,DeFiLlama,1.0
2023-09-04 00:00:00+00:00,USDC,2,DeFiLlama,1.0
2023-09-05 00:00:00+00:00,USDC,2,DeFiLlama,0.9993159999871467
2023-09-06 00:00:00+00:00,USDC,2,DeFiLlama,0.9998050000293457
2023-09-07 00:00:00+00:00,USDC,2,DeFiLlama,1.0
2023-09-08 00:00:00+00:00,USDC,2,DeFiLlama,1.0009999999797403
2023-09-09 00:00:00+00:00,USDC,2,DeFiLlama,0.9999840000184992
2023-09-10 00:00:00+00:00,USDC,2,DeFiLlama,1.0
2023-09-11 00:00:00+00:00,USDC,2,DeFiLlama,1.0
2023-09-12 00:00:00+00:00,USDC,2,DeFiLlama,0.9996889999766589
2023-09-13 00:00:00+00:00,USDC,2,DeFiLlama,1.0009999999971568
2023-09-14 00:00:00+00:00,USDC,2,DeFiLlama,0.999801000001379
2023-09-15 00:00:00+00:00,USDC,2,DeFiLlama,0.9999219999890523
2023-09-16 00:00:00+00:00,USDC,2,DeFiLlama,0.9991059999751718
2023-09-17 00:00:00+00:00,USDC,2,DeFiLlama,0.9998190000153048
2023-09-18 00:00:00+00:00,USDC,2,DeFiLlama,0.9992000000273926
2023-09-19 00:00:00+00:00,USDC,2,DeFiLlama,0.9992129999920828
2023-09-20 00:00:00+00:00,USDC,2,DeFiLlama,1.0
2023-09-21 00:00:00+00:00,USDC,2,DeFiLlama,0.9997129999794254
2023-09-22 00:00:00+00:00,USDC,2,DeFiLlama,0.9991379999802176
2023-09-23 00:00:00+00:00,USDC,2,DeFiLlama,1.0
2023-09-24 00:00:00+00:00,USDC,2,DeFiLlama,0.9996270000051845
2023-09-25 00:00:00+00:00,USDC,2,DeFiLlama,1.0010000000026116
2023-09-26 00:00:00+00:00,USDC,2,DeFiLlama,1.0010000000287742
2023-09-27 00:00:00+00:00,USDC,2,DeFiLlama,1.0
2023-09-28 00:00:00+00:00,USDC,2,DeFiLlama,1.0010000000219321
2023-09-29 00:00:00+00:00,USDC,2,DeFiLlama,1.0010000000143002
2023-09-30 00:00:00+00:00,USDC,2,DeFiLlama,0.9998930000196383
2023-10-01 00:00:00+00:00,USDC,2,DeFiLlama,0.9998800000121566
2023-10-02 00:00:00+00:00,USDC,2,DeFiLlama,1.0
2023-10-03 00:00:00+00:00,USDC,2,DeFiLlama,1.0
2023-10-04 00:00:00+00:00,USDC,2,DeFiLlama,0.999999000026625
2023-10-05 00:00:00+00:00,USDC,2,DeFiLlama,0.9991829999961392
2023-10-06 00:00:00+00:00,USDC,2,DeFiLlama,1.0009999999835315
2023-10-07 00:00:00+00:00,USDC,2,DeFiLlama,1.0010000000146475
2023-10-08 00:00:00+00:00,USDC,2,DeFiLlama,1.0
2023-10-09 00:00:00+00:00,USDC,2,DeFiLlama,0.9989830000016504
2023-10-10 00:00:00+00:00,USDC,2,DeFiLlama,1.0009999999932797
2023-10-11 00:00:00+00:00,USDC,2,DeFiLlama,0.9999339999747098
2023-10-12 00:00:00+00:00,USDC,2,DeFiLlama,0.9998389999982621
2023-10-13 00:00:00+00:00,USDC,2,DeFiLlama,1.0
2023-10-14 00:00:00+00:00,USDC,2,DeFiLlama,0.9997849999951242
2023-10-15 00:00:00+00:00,USDC,2,DeFiLlama,0.9999530000282122
2023-10-16 00:00:00+00:00,USDC,2,DeFiLlama,0.9999650000118236
2023-10-17 00:00:00+00:00,USDC,2,DeFiLlama,1.0
2023-10-18 00:00:00+00:00,USDC,2,DeFiLlama,0.9995210000003258
2023-10-19 00:00:00+00:00,USDC,2,DeFiLlama,1.0
2023-10-20 00:00:00+00:00,USDC,2,DeFiLlama,0.9998959999768863
2023-10-21 00:00:00+00:00,USDC,2,DeFiLlama,0.9998210000142461
2023-10-22 00:00:00+00:00,USDC,2,DeFiLlama,0.9998870000016012
2023-10-23 00:00:00+00:00,USDC,2,DeFiLlama,0.9988399999919659
2023-10-24 00:00:00+00:00,USDC,2,DeFiLlama,1.00199999999227
2023-10-25 00:00:00+00:00,USDC,2,DeFiLlama,1.0010000000228745
2023-10-26 00:00:00+00:00,USDC,2,DeFiLlama,1.0010000000065566
2023-10-27 00:00:00+00:00,USDC,2,DeFiLlama,1.000999999997268
2023-10-28 00:00:00+00:00,USDC,2,DeFiLlama,1.0
2023-10-29 00:00:00+00:00,USDC,2,DeFiLlama,1.0
2023-10-30 00:00:00+00:00,USDC,2,DeFiLlama,0.9999029999959428
2023-10-31 00:00:00+00:00,USDC,2,DeFiLlama,0.9993420000128901
2023-11-01 00:00:00+00:00,USDC,2,DeFiLlama,0.9996390000050865
2023-11-02 00:00:00+00:00,USDC,2,DeFiLlama,1.001000000001159
2023-11-03 00:00:00+00:00,USDC,2,DeFiLlama,0.9989940000301732
2023-11-04 00:00:00+00:00,USDC,2,DeFiLlama,0.9998270000173922
2023-11-05 00:00:00+00:00,USDC,2,DeFiLlama,1.0
2023-11-06 00:00:00+00:00,USDC,2,DeFiLlama,1.0
2023-11-07 00:00:00+00:00,USDC,2,DeFiLlama,0.9999149999833867
2023-11-08 00:00:00+00:00,USDC,2,DeFiLlama,0.9994940000150254
2023-11-09 00:00:00+00:00,USDC,2,DeFiLlama,1.0
2023-11-10 00:00:00+00:00,USDC,2,DeFiLlama,0.9994350000013951
2023-11-11 00:00:00+00:00,USDC,2,DeFiLlama,1.0
2023-11-12 00:00:00+00:00,USDC,2,DeFiLlama,0.9996239999859795
2023-11-13 00:00:00+00:00,USDC,2,DeFiLlama,0.9977949999984449
2023-11-14 00:00:00+00:00,USDC,2,DeFiLlama,1.0
2023-11-15 00:00:00+00:00,USDC,2,DeFiLlama,0.9993320000022138
2023-11-16 00:00:00+00:00,USDC,2,DeFiLlama,0.9993189999644647
2023-11-17 00:00:00+00:00,USDC,2,DeFiLlama,1.0009999999997448
2023-11-18 00:00:00+00:00,USDC,2,DeFiLlama,0.9996310000178187
2023-11-19 00:00:00+00:00,USDC,2,DeFiLlama,1.0
2023-11-20 00:00:00+00:00,USDC,2,DeFiLlama,0.9995359999881418
2023-11-21 00:00:00+00:00,USDC,2,DeFiLlama,1.001000000032238
2023-11-22 00:00:00+00:00,USDC,2,DeFiLlama,1.0
2023-11-23 00:00:00+00:00,USDC,2,DeFiLlama,0.9999319999911359
2023-11-24 00:00:00+00:00,USDC,2,DeFiLlama,1.0
2023-11-25 00:00:00+00:00,USDC,2,DeFiLlama,1.0009999999892822
2023-11-26 00:00:00+00:00,USDC,2,DeFiLlama,0.9994430000095644
2023-11-27 00:00:00+00:00,USDC,2,DeFiLlama,1.0010000000053092
2023-11-28 00:00:00+00:00,USDC,2,DeFiLlama,1.001000000031122
2023-11-29 00:00:00+00:00,USDC,2,DeFiLlama,0.9991440000109009
2023-11-30 00:00:00+00:00,USDC,2,DeFiLlama,1.0010000000083747
2023-12-01 00:00:00+00:00,USDC,2,DeFiLlama,1.0
2023-12-02 00:00:00+00:00,USDC,2,DeFiLlama,0.999617000004459
2023-12-03 00:00:00+00:00,USDC,2,DeFiLlama,1.0009999999858399
2023-12-04 00:00:00+00:00,USDC,2,DeFiLlama,1.0
2023-12-05 00:00:00+00:00,USDC,2,DeFiLlama,1.0
2023-12-06 00:00:00+00:00,USDC,2,DeFiLlama,0.9981829999967915
2023-12-07 00:00:00+00:00,USDC,2,DeFiLlama,1.0010000000244252
2023-12-08 00:00:00+00:00,USDC,2,DeFiLlama,1.0010000000239405
2023-12-09 00:00:00+00:00,USDC,2,DeFiLlama,0.9993849999988353
2023-12-10 00:00:00+00:00,USDC,2,DeFiLlama,1.0
2023-12-11 00:00:00+00:00,USDC,2,DeFiLlama,0.9997959999885395
2023-12-12 00:00:00+00:00,USDC,2,DeFiLlama,1.0020000000084595
2023-12-13 00:00:00+00:00,USDC,2,DeFiLlama,0.9986179999986065
2023-12-14 00:00:00+00:00,USDC,2,DeFiLlama,1.0010000000054795
2023-12-15 00:00:00+00:00,USDC,2,DeFiLlama,1.0010000000066805
2023-12-16 00:00:00+00:00,USDC,2,DeFiLlama,0.9984240000135809
2023-12-17 00:00:00+00:00,USDC,2,DeFiLlama,0.9998409999926755
2023-12-18 00:00:00+00:00,USDC,2,DeFiLlama,1.0020000000043847
2023-12-19 00:00:00+00:00,USDC,2,DeFiLlama,0.9997840000085304
2023-12-20 00:00:00+00:00,USDC,2,DeFiLlama,1.0010000000132335
2023-12-21 00:00:00+00:00,USDC,2,DeFiLlama,1.0
2023-12-22 00:00:00+00:00,USDC,2,DeFiLlama,1.001000000024318
2023-12-23 00:00:00+00:00,USDC,2,DeFiLlama,1.0
2023-12-24 00:00:00+00:00,USDC,2,DeFiLlama,1.0010000000292718
2023-12-25 00:00:00+00:00,USDC,2,DeFiLlama,0.998654999996451
2023-12-26 00:00:00+00:00,USDC,2,DeFiLlama,0.9988910000021549
2023-12-27 00:00:00+00:00,USDC,2,DeFiLlama,1.0
2023-12-28 00:00:00+00:00,USDC,2,DeFiLlama,1.0019999999987614
2023-12-29 00:00:00+00:00,USDC,2,DeFiLlama,1.0010000000214707
2023-12-30 00:00:00+00:00,USDC,2,DeFiLlama,1.0
2023-12-31 00:00:00+00:00,USDC,2,DeFiLlama,0.9995469999722666
2024-01-01 00:00:00+00:00,USDC,2,DeFiLlama,1.0
2024-01-02 00:00:00+00:00,USDC,2,DeFiLlama,1.003000000005428
2024-01-03 00:00:00+00:00,USDC,2,DeFiLlama,0.9994870000074325
2024-01-04 00:00:00+00:00,USDC,2,DeFiLlama,0.9976430000000784
2024-01-05 00:00:00+00:00,USDC,2,DeFiLlama,1.0
2024-01-06 00:00:00+00:00,USDC,2,DeFiLlama,0.9981610000195643
2024-01-07 00:00:00+00:00,USDC,2,DeFiLlama,0.9995679999796084
2024-01-08 00:00:00+00:00,USDC,2,DeFiLlama,1.0
2024-01-09 00:00:00+00:00,USDC,2,DeFiLlama,0.9974019999879153
2024-01-10 00:00:00+00:00,USDC,2,DeFiLlama,0.996958999982273
2024-01-11 00:00:00+00:00,USDC,2,DeFiLlama,1.0
2024-01-12 00:00:00+00:00,USDC,2,DeFiLlama,0.9996109999656104
2024-01-13 00:00:00+00:00,USDC,2,DeFiLlama,0.9986699999937649
2024-01-14 00:00:00+00:00,USDC,2,DeFiLlama,0.9983339999894619
2024-01-15 00:00:00+00:00,USDC,2,DeFiLlama,0.9999090000191334
2024-01-16 00:00:00+00:00,USDC,2,DeFiLlama,0.9995100000002398
2024-01-17 00:00:00+00:00,USDC,2,DeFiLlama,0.9997819999967101
2024-01-18 00:00:00+00:00,USDC,2,DeFiLlama,0.9993879999668082
2024-01-19 00:00:00+00:00,USDC,2,DeFiLlama,0.9987570000252385
2024-01-20 00:00:00+00:00,USDC,2,DeFiLlama,1.0010000000253063
2024-01-21 00:00:00+00:00,USDC,2,DeFiLlama,0.999559000033618
2024-01-22 00:00:00+00:00,USDC,2,DeFiLlama,0.9995749999941562
2024-01-23 00:00:00+00:00,USDC,2,DeFiLlama,1.0019999999981357
2024-01-24 00:00:00+00:00,USDC,2,DeFiLlama,1.001999999967788
2024-01-25 00:00:00+00:00,USDC,2,DeFiLlama,0.9997099999979344
2024-01-26 00:00:00+00:00,USDC,2,DeFiLlama,1.0
2024-01-27 00:00:00+00:00,USDC,2,DeFiLlama,0.9995380000091455
2024-01-28 00:00:00+00:00,USDC,2,DeFiLlama,0.9997509999985876
2024-01-29 00:00:00+00:00,USDC,2,DeFiLlama,0.9985259999823278
2024-01-30 00:00:00+00:00,USDC,2,DeFiLlama,1.0009999999983843
2024-01-31 00:00:00+00:00,USDC,2,DeFiLlama,0.998710000011705
2024-02-01 00:00:00+00:00,USDC,2,DeFiLlama,0.9983739999896938
2024-02-02 00:00:00+00:00,USDC,2,DeFiLlama,1.0019999999948799
2024-02-03 00:00:00+00:00,USDC,2,DeFiLlama,1.0
2024-02-04 00:00:00+00:00,USDC,2,DeFiLlama,0.9998610000311299
2024-02-05 00:00:00+00:00,USDC,2,DeFiLlama,0.9990139999632759
2024-02-06 00:00:00+00:00,USDC,2,DeFiLlama,0.9997529999871292
2024-02-07 00:00:00+00:00,USDC,2,DeFiLlama,1.0020000000187659
2024-02-08 00:00:00+00:00,USDC,2,DeFiLlama,1.000999999975279
2024-02-09 00:00:00+00:00,USDC,2,DeFiLlama,0.999882000021855
2024-02-10 00:00:00+00:00,USDC,2,DeFiLlama,0.9993670000067105
2024-02-11 00:00:00+00:00,USDC,2,DeFiLlama,1.0
2024-02-12 00:00:00+00:00,USDC,2,DeFiLlama,1.0010000000070514
2024-02-13 00:00:00+00:00,USDC,2,DeFiLlama,0.9999990000101848
2024-02-14 00:00:00+00:00,USDC,2,DeFiLlama,0.9990090000016091
2024-02-15 00:00:00+00:00,USDC,2,DeFiLlama,1.0050000000068813
2024-02-16 00:00:00+00:00,USDC,2,DeFiLlama,0.9986109999920803
2024-02-17 00:00:00+00:00,USDC,2,DeFiLlama,0.9994499999878397
2024-02-18 00:00:00+00:00,USDC,2,DeFiLlama,1.0009999999911368
2024-02-19 00:00:00+00:00,USDC,2,DeFiLlama,1.0
2024-02-20 00:00:00+00:00,USDC,2,DeFiLlama,0.9989350000113698
2024-02-21 00:00:00+00:00,USDC,2,DeFiLlama,0.9988789999955158
2024-02-22 00:00:00+00:00,USDC,2,DeFiLlama,0.9979110000163474
2024-02-23 00:00:00+00:00,USDC,2,DeFiLlama,1.001000000006666
2024-02-24 00:00:00+00:00,USDC,2,DeFiLlama,1.0009999999985895
2024-02-25 00:00:00+00:00,USDC,2,DeFiLlama,0.9992910000226931
2024-02-26 00:00:00+00:00,USDC,2,DeFiLlama,0.9994960000191564
2024-02-27 00:00:00+00:00,USDC,2,DeFiLlama,0.9985119999812296
2024-02-28 00:00:00+00:00,USDC,2,DeFiLlama,1.0010000000129797
2024-02-29 00:00:00+00:00,USDC,2,DeFiLlama,0.997832999971829
2024-03-01 00:00:00+00:00,USDC,2,DeFiLlama,1.0029999999978898
2024-03-02 00:00:00+00:00,USDC,2,DeFiLlama,1.000999999973838
2024-03-03 00:00:00+00:00,USDC,2,DeFiLlama,0.9989680000223471
2024-03-04 00:00:00+00:00,USDC,2,DeFiLlama,1.0019999999860165
2024-03-05 00:00:00+00:00,USDC,2,DeFiLlama,0.9969509999842274
2024-03-06 00:00:00+00:00,USDC,2,DeFiLlama,0.9998880000008762
2024-03-07 00:00:00+00:00,USDC,2,DeFiLlama,0.9965190000229741
2024-03-08 00:00:00+00:00,USDC,2,DeFiLlama,1.0
2024-03-09 00:00:00+00:00,USDC,2,DeFiLlama,0.9999349999996385
2024-03-10 00:00:00+00:00,USDC,2,DeFiLlama,0.9997270000240899
2024-03-11 00:00:00+00:00,USDC,2,DeFiLlama,0.9980839999999922
2024-03-12 00:00:00+00:00,USDC,2,DeFiLlama,0.9986629999841381
2024-03-13 00:00:00+00:00,USDC,2,DeFiLlama,0.9999500000002488
2024-03-14 00:00:00+00:00,USDC,2,DeFiLlama,1.001000000011188
2024-03-15 00:00:00+00:00,USDC,2,DeFiLlama,1.0030000000187063
2024-03-16 00:00:00+00:00,USDC,2,DeFiLlama,0.9993099999860608
2024-03-17 00:00:00+00:00,USDC,2,DeFiLlama,1.001000000027425
2024-03-18 00:00:00+00:00,USDC,2,DeFiLlama,0.9984689999769005
2024-03-19 00:00:00+00:00,USDC,2,DeFiLlama,0.9985360000064908
2024-03-20 00:00:00+00:00,USDC,2,DeFiLlama,1.005999999994072
2024-03-21 00:00:00+00:00,USDC,2,DeFiLlama,0.9972839999853015
2024-03-22 00:00:00+00:00,USDC,2,DeFiLlama,0.9997930000235741
2024-03-23 00:00:00+00:00,USDC,2,DeFiLlama,0.9998830000012057
2024-03-24 00:00:00+00:00,USDC,2,DeFiLlama,1.0010000000073003
2024-03-25 00:00:00+00:00,USDC,2,DeFiLlama,1.0
2024-03-26 00:00:00+00:00,USDC,2,DeFiLlama,1.0
2024-03-27 00:00:00+00:00,USDC,2,DeFiLlama,1.0009999999777628
2024-03-28 00:00:00+00:00,USDC,2,DeFiLlama,1.0020000000016551
2024-03-29 00:00:00+00:00,USDC,2,DeFiLlama,0.9994369999861636
2024-03-30 00:00:00+00:00,USDC,2,DeFiLlama,0.9990979999837092
2024-03-31 00:00:00+00:00,USDC,2,DeFiLlama,1.0020000000186018
2024-04-01 00:00:00+00:00,USDC,2,DeFiLlama,1.0
2024-04-02 00:00:00+00:00,USDC,2,DeFiLlama,0.9987479999933478
2024-04-03 00:00:00+00:00,USDC,2,DeFiLlama,0.9979139999921467
2024-04-04 00:00:00+00:00,USDC,2,DeFiLlama,1.0010000000198167
2024-04-05 00:00:00+00:00,USDC,2,DeFiLlama,0.9988799999845377
2024-04-06 00:00:00+00:00,USDC,2,DeFiLlama,1.0010000000056158
2024-04-07 00:00:00+00:00,USDC,2,DeFiLlama,0.9992629999935309
2024-04-08 00:00:00+00:00,USDC,2,DeFiLlama,0.9982050000087294
2024-04-09 00:00:00+00:00,USDC,2,DeFiLlama,0.9983550000221822
2024-04-10 00:00:00+00:00,USDC,2,DeFiLlama,0.9998649999961978
2024-04-11 00:00:00+00:00,USDC,2,DeFiLlama,0.9997410000163299
2024-04-12 00:00:00+00:00,USDC,2,DeFiLlama,0.9993120000024257
2024-04-13 00:00:00+00:00,USDC,2,DeFiLlama,0.9995470000083032
2024-04-14 00:00:00+00:00,USDC,2,DeFiLlama,0.9972080000268205
2024-04-15 00:00:00+00:00,USDC,2,DeFiLlama,0.9990910000260623
2024-04-16 00:00:00+00:00,USDC,2,DeFiLlama,0.9991879999722075
2024-04-17 00:00:00+00:00,USDC,2,DeFiLlama,1.001000000009091
2024-04-18 00:00:00+00:00,USDC,2,DeFiLlama,0.9996840000250355
2024-04-19 00:00:00+00:00,USDC,2,DeFiLlama,1.0009999999833614
2024-04-20 00:00:00+00:00,USDC,2,DeFiLlama,1.0
2024-04-21 00:00:00+00:00,USDC,2,DeFiLlama,0.9997509999858728
2024-04-22 00:00:00+00:00,USDC,2,DeFiLlama,0.9997219999952534
2024-04-23 00:00:00+00:00,USDC,2,DeFiLlama,1.0
2024-04-24 00:00:00+00:00,USDC,2,DeFiLlama,0.99985600000311
2024-04-25 00:00:00+00:00,USDC,2,DeFiLlama,1.0
2024-04-26 00:00:00+00:00,USDC,2,DeFiLlama,1.0009999999902672
2024-04-27 00:00:00+00:00,USDC,2,DeFiLlama,0.9983049999838512
2024-04-28 00:00:00+00:00,USDC,2,DeFiLlama,0.9997439999891715
2024-04-29 00:00:00+00:00,USDC,2,DeFiLlama,0.9997939999736607
2024-04-30 00:00:00+00:00,USDC,2,DeFiLlama,0.9986360000147325
2024-05-01 00:00:00+00:00,USDC,2,DeFiLlama,1.0
2024-05-02 00:00:00+00:00,USDC,2,DeFiLlama,0.999553000002177
2024-05-03 00:00:00+00:00,USDC,2,DeFiLlama,0.9991329999976031
2024-05-04 00:00:00+00:00,USDC,2,DeFiLlama,1.0
2024-05-05 00:00:00+00:00,USDC,2,DeFiLlama,0.9985489999719797
2024-05-06 00:00:00+00:00,USDC,2,DeFiLlama,0.9999490000019517
2024-05-07 00:00:00+00:00,USDC,2,DeFiLlama,1.0009999999895653
2024-05-08 00:00:00+00:00,USDC,2,DeFiLlama,0.9992099999941533
2024-05-09 00:00:00+00:00,USDC,2,DeFiLlama,0.9999710000165718
2024-05-10 00:00:00+00:00,USDC,2,DeFiLlama,1.0
2024-05-11 00:00:00+00:00,USDC,2,DeFiLlama,0.9997930000160096
2024-05-12 00:00:00+00:00,USDC,2,DeFiLlama,1.0
2024-05-13 00:00:00+00:00,USDC,2,DeFiLlama,0.9998050000079751
2024-05-14 00:00:00+00:00,USDC,2,DeFiLlama,1.0
2024-05-15 00:00:00+00:00,USDC,2,DeFiLlama,1.0
2024-05-16 00:00:00+00:00,USDC,2,DeFiLlama,0.9996710000118377
2024-05-17 00:00:00+00:00,USDC,2,DeFiLlama,1.0
2024-05-18 00:00:00+00:00,USDC,2,DeFiLlama,0.999705000011299
2024-05-19 00:00:00+00:00,USDC,2,DeFiLlama,0.9999960000074944
2024-05-20 00:00:00+00:00,USDC,2,DeFiLlama,0.9999849999868291
2024-05-21 00:00:00+00:00,USDC,2,DeFiLlama,1.0
2024-05-22 00:00:00+00:00,USDC,2,DeFiLlama,1.0
2024-05-23 00:00:00+00:00,USDC,2,DeFiLlama,1.0
2024-05-24 00:00:00+00:00,USDC,2,DeFiLlama,1.0
2024-05-25 00:00:00+00:00,USDC,2,DeFiLlama,1.0
2024-05-26 00:00:00+00:00,USDC,2,DeFiLlama,0.999484999989207
2024-05-27 00:00:00+00:00,USDC,2,DeFiLlama,1.0
2024-05-28 00:00:00+00:00,USDC,2,DeFiLlama,0.9997620000024192
2024-05-29 00:00:00+00:00,USDC,2,DeFiLlama,0.9997360000265473
2024-05-30 00:00:00+00:00,USDC,2,DeFiLlama,1.0
2024-05-31 00:00:00+00:00,USDC,2,DeFiLlama,0.9996550000198016
2024-06-01 00:00:00+00:00,USDC,2,DeFiLlama,1.0
2024-06-02 00:00:00+00:00,USDC,2,DeFiLlama,0.9998679999781787
2024-06-03 00:00:00+00:00,USDC,2,DeFiLlama,1.0
2024-06-04 00:00:00+00:00,USDC,2,DeFiLlama,0.9998279999752451
2024-06-05 00:00:00+00:00,USDC,2,DeFiLlama,0.9996910000018914
2024-06-06 00:00:00+00:00,USDC,2,DeFiLlama,1.0009999999879433
2024-06-07 00:00:00+00:00,USDC,2,DeFiLlama,1.0
2024-06-08 00:00:00+00:00,USDC,2,DeFiLlama,1.0
2024-06-09 00:00:00+00:00,USDC,2,DeFiLlama,1.0
2024-06-10 00:00:00+00:00,USDC,2,DeFiLlama,1.0
2024-06-11 00:00:00+00:00,USDC,2,DeFiLlama,0.9999229999921818
2024-06-12 00:00:00+00:00,USDC,2,DeFiLlama,1.0
2024-06-13 00:00:00+00:00,USDC,2,DeFiLlama,0.9999080000238139
2024-06-14 00:00:00+00:00,USDC,2,DeFiLlama,0.9997060000175322
2024-06-15 00:00:00+00:00,USDC,2,DeFiLlama,1.0
2024-06-16 00:00:00+00:00,USDC,2,DeFiLlama,1.0
2024-06-17 00:00:00+00:00,USDC,2,DeFiLlama,0.9998230000011896
2024-06-18 00:00:00+00:00,USDC,2,DeFiLlama,1.0
2024-06-19 00:00:00+00:00,USDC,2,DeFiLlama,0.999370999996331
2024-06-20 00:00:00+00:00,USDC,2,DeFiLlama,0.9998309999952683
2024-06-21 00:00:00+00:00,USDC,2,DeFiLlama,0.9998469999991415
2024-06-22 00:00:00+00:00,USDC,2,DeFiLlama,1.0
2024-06-23 00:00:00+00:00,USDC,2,DeFiLlama,0.999809999999588
2024-06-24 00:00:00+00:00,USDC,2,DeFiLlama,0.9992850000112216
2024-06-25 00:00:00+00:00,USDC,2,DeFiLlama,1.0
2024-06-26 00:00:00+00:00,USDC,2,DeFiLlama,1.0
2024-06-27 00:00:00+00:00,USDC,2,DeFiLlama,0.9999739999986396
2024-06-28 00:00:00+00:00,USDC,2,DeFiLlama,0.9999189999992888
2024-06-29 00:00:00+00:00,USDC,2,DeFiLlama,0.9998009999823594
2024-06-30 00:00:00+00:00,USDC,2,DeFiLlama,1.000999999988861
2024-07-01 00:00:00+00:00,USDC,2,DeFiLlama,0.9999609999938304
2024-07-02 00:00:00+00:00,USDC,2,DeFiLlama,1.0010000000111536
2024-07-03 00:00:00+00:00,USDC,2,DeFiLlama,1.0
2024-07-04 00:00:00+00:00,USDC,2,DeFiLlama,0.9989609999934922
2024-07-05 00:00:00+00:00,USDC,2,DeFiLlama,1.0009999999974792
2024-07-06 00:00:00+00:00,USDC,2,DeFiLlama,1.001000000013152
2024-07-07 00:00:00+00:00,USDC,2,DeFiLlama,0.9997820000115782
2024-07-08 00:00:00+00:00,USDC,2,DeFiLlama,1.0
2024-07-09 00:00:00+00:00,USDC,2,DeFiLlama,0.999249999996603
2024-07-10 00:00:00+00:00,USDC,2,DeFiLlama,0.9999659999945292
2024-07-11 00:00:00+00:00,USDC,2,DeFiLlama,1.0
2024-07-12 00:00:00+00:00,USDC,2,DeFiLlama,1.0
2024-07-13 00:00:00+00:00,USDC,2,DeFiLlama,1.003000000015195
2024-07-14 00:00:00+00:00,USDC,2,DeFiLlama,0.9997520000120711
2024-07-15 00:00:00+00:00,USDC,2,DeFiLlama,0.9998670000126573
2024-07-16 00:00:00+00:00,USDC,2,DeFiLlama,1.0
2024-07-17 00:00:00+00:00,USDC,2,DeFiLlama,1.0
2024-07-18 00:00:00+00:00,USDC,2,DeFiLlama,1.0
2024-07-19 00:00:00+00:00,USDC,2,DeFiLlama,0.9995860000027167
2024-07-20 00:00:00+00:00,USDC,2,DeFiLlama,1.0019999999915365
2024-07-21 00:00:00+00:00,USDC,2,DeFiLlama,0.9998269999961156
2024-07-22 00:00:00+00:00,USDC,2,DeFiLlama,1.0
2024-07-23 00:00:00+00:00,USDC,2,DeFiLlama,1.0010000000080672
2024-07-24 00:00:00+00:00,USDC,2,DeFiLlama,0.9998490000025823
2024-07-25 00:00:00+00:00,USDC,2,DeFiLlama,0.999745000021206
2024-07-26 00:00:00+00:00,USDC,2,DeFiLlama,0.9996240000043567
2024-07-27 00:00:00+00:00,USDC,2,DeFiLlama,0.9997879999970316
2024-07-28 00:00:00+00:00,USDC,2,DeFiLlama,0.9998809999762256
2024-07-29 00:00:00+00:00,USDC,2,DeFiLlama,0.9998909999948796
2024-07-30 00:00:00+00:00,USDC,2,DeFiLlama,1.0
2024-07-31 00:00:00+00:00,USDC,2,DeFiLlama,1.001999999992141
2024-08-01 00:00:00+00:00,USDC,2,DeFiLlama,1.0
2024-08-02 00:00:00+00:00,USDC,2,DeFiLlama,1.0
2024-08-03 00:00:00+00:00,USDC,2,DeFiLlama,1.0
2024-08-04 00:00:00+00:00,USDC,2,DeFiLlama,1.0
2024-08-05 00:00:00+00:00,USDC,2,DeFiLlama,1.0
2024-08-06 00:00:00+00:00,USDC,2,DeFiLlama,1.0
2024-08-07 00:00:00+00:00,USDC,2,DeFiLlama,1.0
2024-08-08 00:00:00+00:00,USDC,2,DeFiLlama,1.0049999999859058
2024-08-09 00:00:00+00:00,USDC,2,DeFiLlama,1.0
2024-08-10 00:00:00+00:00,USDC,2,DeFiLlama,0.9998549999993545
2024-08-11 00:00:00+00:00,USDC,2,DeFiLlama,0.9977209999947362
2024-08-12 00:00:00+00:00,USDC,2,DeFiLlama,1.0010000000049082
2024-08-13 00:00:00+00:00,USDC,2,DeFiLlama,1.0
2024-08-14 00:00:00+00:00,USDC,2,DeFiLlama,1.0
2024-08-15 00:00:00+00:00,USDC,2,DeFiLlama,1.0
2024-08-16 00:00:00+00:00,USDC,2,DeFiLlama,0.9994410000061145
2024-08-17 00:00:00+00:00,USDC,2,DeFiLlama,1.0
2024-08-18 00:00:00+00:00,USDC,2,DeFiLlama,1.0
2024-08-19 00:00:00+00:00,USDC,2,DeFiLlama,0.9998979999952424
2024-08-20 00:00:00+00:00,USDC,2,DeFiLlama,0.9998929999942155
2024-08-21 00:00:00+00:00,USDC,2,DeFiLlama,0.9991119999787651
2024-08-22 00:00:00+00:00,USDC,2,DeFiLlama,0.9996070000092118
2024-08-23 00:00:00+00:00,USDC,2,DeFiLlama,0.9996530000152403
2024-08-24 00:00:00+00:00,USDC,2,DeFiLlama,0.9987719999836013
2024-08-25 00:00:00+00:00,USDC,2,DeFiLlama,1.000999999996453
2024-08-26 00:00:00+00:00,USDC,2,DeFiLlama,0.9998840000077662
2024-08-27 00:00:00+00:00,USDC,2,DeFiLlama,0.9989509999958263
2024-08-28 00:00:00+00:00,USDC,2,DeFiLlama,1.0
2024-08-29 00:00:00+00:00,USDC,2,DeFiLlama,0.9996170000197301
2024-08-30 00:00:00+00:00,USDC,2,DeFiLlama,1.0
2024-08-31 00:00:00+00:00,USDC,2,DeFiLlama,1.0
2024-09-01 00:00:00+00:00,USDC,2,DeFiLlama,0.9982769999874692
2024-09-02 00:00:00+00:00,USDC,2,DeFiLlama,1.0009999999786812
2024-09-03 00:00:00+00:00,USDC,2,DeFiLlama,1.0
2024-09-04 00:00:00+00:00,USDC,2,DeFiLlama,0.9998889999884831
2024-09-05 00:00:00+00:00,USDC,2,DeFiLlama,1.0
2024-09-06 00:00:00+00:00,USDC,2,DeFiLlama,1.0
2024-09-07 00:00:00+00:00,USDC,2,DeFiLlama,0.9997740000005568
2024-09-08 00:00:00+00:00,USDC,2,DeFiLlama,0.999380999993618
2024-09-09 00:00:00+00:00,USDC,2,DeFiLlama,0.9996450000270665
2024-09-10 00:00:00+00:00,USDC,2,DeFiLlama,1.0009999999830024
2024-09-11 00:00:00+00:00,USDC,2,DeFiLlama,1.0
2024-09-12 00:00:00+00:00,USDC,2,DeFiLlama,0.9998359999997233
2024-09-13 00:00:00+00:00,USDC,2,DeFiLlama,0.9993070000061156
2024-09-14 00:00:00+00:00,USDC,2,DeFiLlama,0.9998730000039869
2024-09-15 00:00:00+00:00,USDC,2,DeFiLlama,1.0
2024-09-16 00:00:00+00:00,USDC,2,DeFiLlama,1.0
2024-09-17 00:00:00+00:00,USDC,2,DeFiLlama,0.9994989999998364
2024-09-18 00:00:00+00:00,USDC,2,DeFiLlama,1.0
2024-09-19 00:00:00+00:00,USDC,2,DeFiLlama,0.999944000014142
2024-09-20 00:00:00+00:00,USDC,2,DeFiLlama,0.9993640000150809
2024-09-21 00:00:00+00:00,USDC,2,DeFiLlama,0.9997310000004268
2024-09-22 00:00:00+00:00,USDC,2,DeFiLlama,1.0010000000044368
2024-09-23 00:00:00+00:00,USDC,2,DeFiLlama,1.0
2024-09-24 00:00:00+00:00,USDC,2,DeFiLlama,1.0
2024-09-25 00:00:00+00:00,USDC,2,DeFiLlama,0.9997379999988788
2024-09-26 00:00:00+00:00,USDC,2,DeFiLlama,0.9999639999974598
2024-09-27 00:00:00+00:00,USDC,2,DeFiLlama,1.0
2024-09-28 00:00:00+00:00,USDC,2,DeFiLlama,0.9996770000023978
2024-09-29 00:00:00+00:00,USDC,2,DeFiLlama,1.0
2024-09-30 00:00:00+00:00,USDC,2,DeFiLlama,0.9990589999883057
2024-10-01 00:00:00+00:00,USDC,2,DeFiLlama,0.9997250000062949
2024-10-02 00:00:00+00:00,USDC,2,DeFiLlama,1.0
2024-10-03 00:00:00+00:00,USDC,2,DeFiLlama,1.0
2024-10-04 00:00:00+00:00,USDC,2,DeFiLlama,0.9998120000174036
2024-10-05 00:00:00+00:00,USDC,2,DeFiLlama,0.9997889999921473
2024-10-06 00:00:00+00:00,USDC,2,DeFiLlama,1.0019999999851217
2024-10-07 00:00:00+00:00,USDC,2,DeFiLlama,0.9975129999853496
2024-10-08 00:00:00+00:00,USDC,2,DeFiLlama,1.0
2024-10-09 00:00:00+00:00,USDC,2,DeFiLlama,0.9998240000139439
2024-10-10 00:00:00+00:00,USDC,2,DeFiLlama,0.9998819999870631
2024-10-11 00:00:00+00:00,USDC,2,DeFiLlama,0.9994580000090348
2024-10-12 00:00:00+00:00,USDC,2,DeFiLlama,0.9999240000068407
2024-10-13 00:00:00+00:00,USDC,2,DeFiLlama,1.0
2024-10-14 00:00:00+00:00,USDC,2,DeFiLlama,1.0019999999908429
2024-10-15 00:00:00+00:00,USDC,2,DeFiLlama,0.999981999997138
2024-10-16 00:00:00+00:00,USDC,2,DeFiLlama,0.9998540000036824
2024-10-17 00:00:00+00:00,USDC,2,DeFiLlama,0.9993549999909423
2024-10-18 00:00:00+00:00,USDC,2,DeFiLlama,0.9998309999742018
2024-10-19 00:00:00+00:00,USDC,2,DeFiLlama,1.0
2024-10-20 00:00:00+00:00,USDC,2,DeFiLlama,0.9991740000211246
2024-10-21 00:00:00+00:00,USDC,2,DeFiLlama,0.9992430000227771
2024-10-22 00:00:00+00:00,USDC,2,DeFiLlama,0.9998550000080659
2024-10-23 00:00:00+00:00,USDC,2,DeFiLlama,0.9997420000061398
2024-10-24 00:00:00+00:00,USDC,2,DeFiLlama,0.9996709999883765
2024-10-25 00:00:00+00:00,USDC,2,DeFiLlama,0.9961370000122011
2024-10-26 00:00:00+00:00,USDC,2,DeFiLlama,0.9996180000063813
2024-10-27 00:00:00+00:00,USDC,2,DeFiLlama,1.0
2024-10-28 00:00:00+00:00,USDC,2,DeFiLlama,1.001000000012013
2024-10-29 00:00:00+00:00,USDC,2,DeFiLlama,0.9989390000163542
2024-10-30 00:00:00+00:00,USDC,2,DeFiLlama,0.9999319999931631
2024-10-31 00:00:00+00:00,USDC,2,DeFiLlama,1.0
2024-11-01 00:00:00+00:00,USDC,2,DeFiLlama,0.9997620000045316
2024-11-02 00:00:00+00:00,USDC,2,DeFiLlama,0.9998270000018646
2024-11-03 00:00:00+00:00,USDC,2,DeFiLlama,0.9992360000136449
2024-11-04 00:00:00+00:00,USDC,2,DeFiLlama,1.0009999999934232
2024-11-05 00:00:00+00:00,USDC,2,DeFiLlama,1.0019999999913796
2024-11-06 00:00:00+00:00,USDC,2,DeFiLlama,0.9996960000147317
2024-11-07 00:00:00+00:00,USDC,2,DeFiLlama,1.0010000000040784
2024-11-08 00:00:00+00:00,USDC,2,DeFiLlama,1.0
2024-11-09 00:00:00+00:00,USDC,2,DeFiLlama,0.9998850000024311
2024-11-10 00:00:00+00:00,USDC,2,DeFiLlama,0.9975560000045365
2024-11-11 00:00:00+00:00,USDC,2,DeFiLlama,1.0080000000156104
2024-11-12 00:00:00+00:00,USDC,2,DeFiLlama,0.9998669999893495
2024-11-13 00:00:00+00:00,USDC,2,DeFiLlama,0.9993490000222144
2024-11-14 00:00:00+00:00,USDC,2,DeFiLlama,0.9979669999957687
2024-11-15 00:00:00+00:00,USDC,2,DeFiLlama,1.0
2024-11-16 00:00:00+00:00,USDC,2,DeFiLlama,0.9981410000065686
2024-11-17 00:00:00+00:00,USDC,2,DeFiLlama,0.9989669999855939
2024-11-18 00:00:00+00:00,USDC,2,DeFiLlama,0.9990970000028082
2024-11-19 00:00:00+00:00,USDC,2,DeFiLlama,0.999657000009234
2024-11-20 00:00:00+00:00,USDC,2,DeFiLlama,1.0
2024-11-21 00:00:00+00:00,USDC,2,DeFiLlama,1.0
2024-11-22 00:00:00+00:00,USDC,2,DeFiLlama,1.0
2024-11-23 00:00:00+00:00,USDC,2,DeFiLlama,0.9998450000066113
2024-11-24 00:00:00+00:00,USDC,2,DeFiLlama,1.0019999999845828
2024-11-25 00:00:00+00:00,USDC,2,DeFiLlama,1.0029999999784511
2024-11-26 00:00:00+00:00,USDC,2,DeFiLlama,0.9968530000018402
2024-11-27 00:00:00+00:00,USDC,2,DeFiLlama,0.999694999975852
2024-11-28 00:00:00+00:00,USDC,2,DeFiLlama,1.000999999980517
2024-11-29 00:00:00+00:00,USDC,2,DeFiLlama,0.999873999987547
2024-11-30 00:00:00+00:00,USDC,2,DeFiLlama,0.9997260000062206
2024-12-01 00:00:00+00:00,USDC,2,DeFiLlama,1.0
2024-12-02 00:00:00+00:00,USDC,2,DeFiLlama,1.0
2024-12-03 00:00:00+00:00,USDC,2,DeFiLlama,1.000999999982357
2024-12-04 00:00:00+00:00,USDC,2,DeFiLlama,1.001000000007685
2024-12-05 00:00:00+00:00,USDC,2,DeFiLlama,0.9983589999962765
2024-12-06 00:00:00+00:00,USDC,2,DeFiLlama,0.9994929999864358
2024-12-07 00:00:00+00:00,USDC,2,DeFiLlama,0.9998059999886082
2024-12-08 00:00:00+00:00,USDC,2,DeFiLlama,1.0
2024-12-09 00:00:00+00:00,USDC,2,DeFiLlama,0.9992440000081859
2024-12-10 00:00:00+00:00,USDC,2,DeFiLlama,1.0009999999937393
2024-12-11 00:00:00+00:00,USDC,2,DeFiLlama,0.9988869999968378
2024-12-12 00:00:00+00:00,USDC,2,DeFiLlama,1.0
2024-12-13 00:00:00+00:00,USDC,2,DeFiLlama,0.9999220000143186
2024-12-14 00:00:00+00:00,USDC,2,DeFiLlama,1.0
2024-12-15 00:00:00+00:00,USDC,2,DeFiLlama,1.000999999998095
2024-12-16 00:00:00+00:00,USDC,2,DeFiLlama,0.9993709999945426
2024-12-17 00:00:00+00:00,USDC,2,DeFiLlama,1.0
2024-12-18 00:00:00+00:00,USDC,2,DeFiLlama,0.9998310000137093
2024-12-19 00:00:00+00:00,USDC,2,DeFiLlama,0.9999019999966485
2024-12-20 00:00:00+00:00,USDC,2,DeFiLlama,1.0010000000073278
2024-12-21 00:00:00+00:00,USDC,2,DeFiLlama,0.9998589999970939
2024-12-22 00:00:00+00:00,USDC,2,DeFiLlama,1.0010000000067998
2024-12-23 00:00:00+00:00,USDC,2,DeFiLlama,1.0019999999991167
2024-12-24 00:00:00+00:00,USDC,2,DeFiLlama,0.9997219999905967
2024-12-25 00:00:00+00:00,USDC,2,DeFiLlama,1.0
2024-12-26 00:00:00+00:00,USDC,2,DeFiLlama,1.0009999999908126
2024-12-27 00:00:00+00:00,USDC,2,DeFiLlama,0.9997619999859668
2024-12-28 00:00:00+00:00,USDC,2,DeFiLlama,0.9999909999837173
2024-12-29 00:00:00+00:00,USDC,2,DeFiLlama,0.9995489999825996
2024-12-30 00:00:00+00:00,USDC,2,DeFiLlama,0.9988769999975473
2024-12-31 00:00:00+00:00,USDC,2,DeFiLlama,0.9995100000041428
2025-01-01 00:00:00+00:00,USDC,2,DeFiLlama,0.9994220000123062
2025-01-02 00:00:00+00:00,USDC,2,DeFiLlama,0.9999359999964154
2025-01-03 00:00:00+00:00,USDC,2,DeFiLlama,1.0
2025-01-04 00:00:00+00:00,USDC,2,DeFiLlama,0.9991520000014799
2025-01-05 00:00:00+00:00,USDC,2,DeFiLlama,1.0
2025-01-06 00:00:00+00:00,USDC,2,DeFiLlama,0.9996710000065002
2025-01-07 00:00:00+00:00,USDC,2,DeFiLlama,0.9984490000094658
2025-01-08 00:00:00+00:00,USDC,2,DeFiLlama,0.999503000010954
2025-01-09 00:00:00+00:00,USDC,2,DeFiLlama,0.9999820000000699
2025-01-10 00:00:00+00:00,USDC,2,DeFiLlama,0.9999269999953916
2025-01-11 00:00:00+00:00,USDC,2,DeFiLlama,0.9999989999846776
2025-01-12 00:00:00+00:00,USDC,2,DeFiLlama,0.9997990000087028
2025-01-13 00:00:00+00:00,USDC,2,DeFiLlama,0.9999510000003065
2025-01-14 00:00:00+00:00,USDC,2,DeFiLlama,1.0
2025-01-15 00:00:00+00:00,USDC,2,DeFiLlama,0.9999939999904577
2025-01-16 00:00:00+00:00,USDC,2,DeFiLlama,0.9999959999895299
2025-01-17 00:00:00+00:00,USDC,2,DeFiLlama,0.9999950000013573
2025-01-18 00:00:00+00:00,USDC,2,DeFiLlama,1.0
2025-01-19 00:00:00+00:00,USDC,2,DeFiLlama,1.0
2025-01-20 00:00:00+00:00,USDC,2,DeFiLlama,0.9999950000159676
2025-01-21 00:00:00+00:00,USDC,2,DeFiLlama,1.0
2025-01-22 00:00:00+00:00,USDC,2,DeFiLlama,1.0
2025-01-23 00:00:00+00:00,USDC,2,DeFiLlama,1.0
2025-01-24 00:00:00+00:00,USDC,2,DeFiLlama,0.9999799999998499
2025-01-25 00:00:00+00:00,USDC,2,DeFiLlama,0.9999330000173198
2025-01-26 00:00:00+00:00,USDC,2,DeFiLlama,1.0
2025-01-27 00:00:00+00:00,USDC,2,DeFiLlama,1.0
2025-01-28 00:00:00+00:00,USDC,2,DeFiLlama,0.9998939999970413
2025-01-29 00:00:00+00:00,USDC,2,DeFiLlama,0.9999919999864857
2025-01-30 00:00:00+00:00,USDC,2,DeFiLlama,1.0
2025-01-31 00:00:00+00:00,USDC,2,DeFiLlama,1.0
2025-02-01 00:00:00+00:00,USDC,2,DeFiLlama,1.0
2025-02-02 00:00:00+00:00,USDC,2,DeFiLlama,0.9999680000006681
2025-02-03 00:00:00+00:00,USDC,2,DeFiLlama,0.9999989999921258
2025-02-04 00:00:00+00:00,USDC,2,DeFiLlama,1.0
2025-02-05 00:00:00+00:00,USDC,2,DeFiLlama,0.9999709999988725
2025-02-06 00:00:00+00:00,USDC,2,DeFiLlama,0.9999889999961526
2025-02-07 00:00:00+00:00,USDC,2,DeFiLlama,0.9999560000051739
2025-02-08 00:00:00+00:00,USDC,2,DeFiLlama,0.9999949999851397
2025-02-09 00:00:00+00:00,USDC,2,DeFiLlama,0.9999660000086456
2025-02-10 00:00:00+00:00,USDC,2,DeFiLlama,0.9999560000017225
2025-02-11 00:00:00+00:00,USDC,2,DeFiLlama,0.9999559999928799
2025-02-12 00:00:00+00:00,USDC,2,DeFiLlama,0.9999170000068804
2025-02-13 00:00:00+00:00,USDC,2,DeFiLlama,0.9999209999964327
2025-02-14 00:00:00+00:00,USDC,2,DeFiLlama,0.9999000000003601
2025-02-15 00:00:00+00:00,USDC,2,DeFiLlama,0.9999009999993719
2025-02-16 00:00:00+00:00,USDC,2,DeFiLlama,0.9999929999953953
2025-02-17 00:00:00+00:00,USDC,2,DeFiLlama,0.9999309999897886
2025-02-18 00:00:00+00:00,USDC,2,DeFiLlama,0.9998230000082108
2025-02-19 00:00:00+00:00,USDC,2,DeFiLlama,0.9999030000116355
2025-02-20 00:00:00+00:00,USDC,2,DeFiLlama,0.9998509999901536
2025-02-21 00:00:00+00:00,USDC,2,DeFiLlama,0.9998949999954269
2025-02-22 00:00:00+00:00,USDC,2,DeFiLlama,0.999927999995295
2025-02-23 00:00:00+00:00,USDC,2,DeFiLlama,0.9999479999990193
2025-02-24 00:00:00+00:00,USDC,2,DeFiLlama,0.9998949999994142
2025-02-25 00:00:00+00:00,USDC,2,DeFiLlama,0.9998879999872667
2025-02-26 00:00:00+00:00,USDC,2,DeFiLlama,0.9998989999939408
2025-02-27 00:00:00+00:00,USDC,2,DeFiLlama,0.9998279999954859
2025-02-28 00:00:00+00:00,USDC,2,DeFiLlama,0.9998479999891932
2025-03-01 00:00:00+00:00,USDC,2,DeFiLlama,0.9999290000079278
2025-03-02 00:00:00+00:00,USDC,2,DeFiLlama,0.9999960000060234
2025-03-03 00:00:00+00:00,USDC,2,DeFiLlama,0.9996999999842378
2025-03-04 00:00:00+00:00,USDC,2,DeFiLlama,0.9998739999930317
2025-03-05 00:00:00+00:00,USDC,2,DeFiLlama,0.999884000006446
2025-03-06 00:00:00+00:00,USDC,2,DeFiLlama,0.9998419999929663
2025-03-07 00:00:00+00:00,USDC,2,DeFiLlama,0.9998549999871013
2025-03-08 00:00:00+00:00,USDC,2,DeFiLlama,0.999880000011622
2025-03-09 00:00:00+00:00,USDC,2,DeFiLlama,0.9998800000100017
2025-03-10 00:00:00+00:00,USDC,2,DeFiLlama,0.9998020000026053
2025-03-11 00:00:00+00:00,USDC,2,DeFiLlama,0.9998179999987048
2025-03-12 00:00:00+00:00,USDC,2,DeFiLlama,0.9998529999968533
2025-03-13 00:00:00+00:00,USDC,2,DeFiLlama,0.9997610000020642
2025-03-14 00:00:00+00:00,USDC,2,DeFiLlama,0.9998540000101962
2025-03-15 00:00:00+00:00,USDC,2,DeFiLlama,0.9998970000008
2025-03-16 00:00:00+00:00,USDC,2,DeFiLlama,0.9998569999973935
2025-03-17 00:00:00+00:00,USDC,2,DeFiLlama,0.9997950000025185
2025-03-18 00:00:00+00:00,USDC,2,DeFiLlama,0.9997860000117964
2025-03-19 00:00:00+00:00,USDC,2,DeFiLlama,0.9998989999985625
2025-03-20 00:00:00+00:00,USDC,2,DeFiLlama,0.999798000002812
2025-03-21 00:00:00+00:00,USDC,2,DeFiLlama,0.9998970000002316
2025-03-22 00:00:00+00:00,USDC,2,DeFiLlama,0.9998029999991398
2025-03-23 00:00:00+00:00,USDC,2,DeFiLlama,0.999801000001378
2025-03-24 00:00:00+00:00,USDC,2,DeFiLlama,0.9998890000089297
2025-03-25 00:00:00+00:00,USDC,2,DeFiLlama,0.999893000004513
2025-03-26 00:00:00+00:00,USDC,2,DeFiLlama,0.9997900000112356
2025-03-27 00:00:00+00:00,USDC,2,DeFiLlama,0.9998830000000352
2025-03-28 00:00:00+00:00,USDC,2,DeFiLlama,0.9998860000121211
2025-03-29 00:00:00+00:00,USDC,2,DeFiLlama,0.9999559999970529
2025-03-30 00:00:00+00:00,USDC,2,DeFiLlama,0.9999390000025139
2025-03-31 00:00:00+00:00,USDC,2,DeFiLlama,0.9998910000025798
2025-04-01 00:00:00+00:00,USDC,2,DeFiLlama,0.9999840000013865
2025-04-02 00:00:00+00:00,USDC,2,DeFiLlama,0.9999029999887694
2025-04-03 00:00:00+00:00,USDC,2,DeFiLlama,0.9998919999909799
2025-04-04 00:00:00+00:00,USDC,2,DeFiLlama,0.999965999997974
2025-04-05 00:00:00+00:00,USDC,2,DeFiLlama,0.9999700000022322
2025-04-06 00:00:00+00:00,USDC,2,DeFiLlama,0.9999399999976579
2025-04-07 00:00:00+00:00,USDC,2,DeFiLlama,0.9999830000048433
2025-04-08 00:00:00+00:00,USDC,2,DeFiLlama,0.9999310000099738
2025-04-09 00:00:00+00:00,USDC,2,DeFiLlama,0.999926999998546
2025-04-10 00:00:00+00:00,USDC,2,DeFiLlama,0.9999589999983618
2025-04-11 00:00:00+00:00,USDC,2,DeFiLlama,0.9999400000146302
2025-04-12 00:00:00+00:00,USDC,2,DeFiLlama,0.9999970000006294
2025-04-13 00:00:00+00:00,USDC,2,DeFiLlama,0.9998999999978425
2025-04-14 00:00:00+00:00,USDC,2,DeFiLlama,0.999939999999955
2025-04-15 00:00:00+00:00,USDC,2,DeFiLlama,0.9999930000056311
2025-04-16 00:00:00+00:00,USDC,2,DeFiLlama,0.9999939999904387
2025-04-17 00:00:00+00:00,USDC,2,DeFiLlama,0.9999589999938422
2025-04-18 00:00:00+00:00,USDC,2,DeFiLlama,0.999901000009127
2025-04-19 00:00:00+00:00,USDC,2,DeFiLlama,0.999911000005108
2025-04-20 00:00:00+00:00,USDC,2,DeFiLlama,0.9998970000042139
2025-04-21 00:00:00+00:00,USDC,2,DeFiLlama,0.9999559999934095
2025-04-22 00:00:00+00:00,USDC,2,DeFiLlama,0.9999070000066976
2025-04-23 00:00:00+00:00,USDC,2,DeFiLlama,0.999983000010725
2025-04-24 00:00:00+00:00,USDC,2,DeFiLlama,0.9999600000107145
2025-04-25 00:00:00+00:00,USDC,2,DeFiLlama,0.9999230000044859
2025-04-26 00:00:00+00:00,USDC,2,DeFiLlama,0.9998990000009912
2025-04-27 00:00:00+00:00,USDC,2,DeFiLlama,0.9998999999872268
2025-04-28 00:00:00+00:00,USDC,2,DeFiLlama,0.999916999999979
2025-04-29 00:00:00+00:00,USDC,2,DeFiLlama,0.999930999998322
2025-04-30 00:00:00+00:00,USDC,2,DeFiLlama,0.9999009999942726
2025-05-01 00:00:00+00:00,USDC,2,DeFiLlama,0.9999799999910077
2025-05-02 00:00:00+00:00,USDC,2,DeFiLlama,0.999900999990567
2025-05-03 00:00:00+00:00,USDC,2,DeFiLlama,0.9999739999969453
2025-05-04 00:00:00+00:00,USDC,2,DeFiLlama,0.9999639999933391
2025-05-05 00:00:00+00:00,USDC,2,DeFiLlama,0.9999759999857107
2025-05-06 00:00:00+00:00,USDC,2,DeFiLlama,0.9999830000027099
2025-05-07 00:00:00+00:00,USDC,2,DeFiLlama,0.9999030000064432
2025-05-08 00:00:00+00:00,USDC,2,DeFiLlama,0.9999850000102816
2025-05-09 00:00:00+00:00,USDC,2,DeFiLlama,0.9999959999929302
2025-05-10 00:00:00+00:00,USDC,2,DeFiLlama,0.9999870000039522
2025-05-11 00:00:00+00:00,USDC,2,DeFiLlama,0.9999979999977616
2025-05-12 00:00:00+00:00,USDC,2,DeFiLlama,0.9999480000008575
2025-05-13 00:00:00+00:00,USDC,2,DeFiLlama,1.0
2025-05-14 00:00:00+00:00,USDC,2,DeFiLlama,0.9999199999994413
2025-05-15 00:00:00+00:00,USDC,2,DeFiLlama,0.9999030000016607
2025-05-16 00:00:00+00:00,USDC,2,DeFiLlama,0.9998560000138946
2025-05-17 00:00:00+00:00,USDC,2,DeFiLlama,0.9998520000120429
2025-05-18 00:00:00+00:00,USDC,2,DeFiLlama,0.999901000000863
2025-05-19 00:00:00+00:00,USDC,2,DeFiLlama,0.9998520000143184
2025-05-20 00:00:00+00:00,USDC,2,DeFiLlama,0.999892000004354
2025-05-21 00:00:00+00:00,USDC,2,DeFiLlama,0.9997720000051274
2025-05-22 00:00:00+00:00,USDC,2,DeFiLlama,0.9997900000034207
2025-05-23 00:00:00+00:00,USDC,2,DeFiLlama,0.999811000004606
2025-05-24 00:00:00+00:00,USDC,2,DeFiLlama,0.9997690000003668
2025-05-25 00:00:00+00:00,USDC,2,DeFiLlama,0.9997989999996848
2025-05-26 00:00:00+00:00,USDC,2,DeFiLlama,0.9997930000011721
2025-05-27 00:00:00+00:00,USDC,2,DeFiLlama,0.9997849999942949
2025-05-28 00:00:00+00:00,USDC,2,DeFiLlama,0.9997970000013856
2025-05-29 00:00:00+00:00,USDC,2,DeFiLlama,0.9997570000067273
2025-05-30 00:00:00+00:00,USDC,2,DeFiLlama,0.9998640000029497
2025-05-31 00:00:00+00:00,USDC,2,DeFiLlama,0.9997940000058494
2025-06-01 00:00:00+00:00,USDC,2,DeFiLlama,0.9997980000031568
2025-06-02 00:00:00+00:00,USDC,2,DeFiLlama,0.9997750000041324
2025-06-03 00:00:00+00:00,USDC,2,DeFiLlama,0.9998090000016618
2025-06-04 00:00:00+00:00,USDC,2,DeFiLlama,0.9997689999980007
2025-06-05 00:00:00+00:00,USDC,2,DeFiLlama,0.9997969999857262
2025-06-06 00:00:00+00:00,USDC,2,DeFiLlama,0.9998149999944951
2025-06-07 00:00:00+00:00,USDC,2,DeFiLlama,0.9997950000050358
2025-06-08 00:00:00+00:00,USDC,2,DeFiLlama,0.9997430000016432
2025-06-09 00:00:00+00:00,USDC,2,DeFiLlama,0.9997329999844953
2025-06-10 00:00:00+00:00,USDC,2,DeFiLlama,0.9997870000001
2025-06-11 00:00:00+00:00,USDC,2,DeFiLlama,0.9997870000100846
2025-06-12 00:00:00+00:00,USDC,2,DeFiLlama,0.9997970000016301
2025-06-13 00:00:00+00:00,USDC,2,DeFiLlama,0.999806000003315
2025-06-14 00:00:00+00:00,USDC,2,DeFiLlama,0.9997160000029321
2025-06-15 00:00:00+00:00,USDC,2,DeFiLlama,0.9997609999902655
2025-06-16 00:00:00+00:00,USDC,2,DeFiLlama,0.9998029999942649
2025-06-17 00:00:00+00:00,USDC,2,DeFiLlama,0.9997349999907561
2025-06-18 00:00:00+00:00,USDC,2,DeFiLlama,0.9997759999938716
2025-06-19 00:00:00+00:00,USDC,2,DeFiLlama,0.9998750000102228
2025-06-20 00:00:00+00:00,USDC,2,DeFiLlama,0.9998030000101801
2025-06-21 00:00:00+00:00,USDC,2,DeFiLlama,0.9998049999963468
2025-06-22 00:00:00+00:00,USDC,2,DeFiLlama,0.9997959999904231
2025-06-23 00:00:00+00:00,USDC,2,DeFiLlama,0.9998950000022728
2025-06-24 00:00:00+00:00,USDC,2,DeFiLlama,0.9999010000133276
2025-06-25 00:00:00+00:00,USDC,2,DeFiLlama,0.9999010000047196
2025-06-26 00:00:00+00:00,USDC,2,DeFiLlama,0.9998700000035322
2025-06-27 00:00:00+00:00,USDC,2,DeFiLlama,0.9998610000001447
2025-06-28 00:00:00+00:00,USDC,2,DeFiLlama,0.9997989999983456
2025-06-29 00:00:00+00:00,USDC,2,DeFiLlama,0.9998640000029314
2025-06-30 00:00:00+00:00,USDC,2,DeFiLlama,0.9997989999969513
2025-07-01 00:00:00+00:00,USDC,2,DeFiLlama,0.9999000000027076
2025-07-02 00:00:00+00:00,USDC,2,DeFiLlama,0.9998519999914567
2025-07-03 00:00:00+00:00,USDC,2,DeFiLlama,0.9998709999960611
2025-07-04 00:00:00+00:00,USDC,2,DeFiLlama,0.9998830000026
2025-07-05 00:00:00+00:00,USDC,2,DeFiLlama,0.9999020000068105
2025-07-06 00:00:00+00:00,USDC,2,DeFiLlama,0.999900000009381
2025-07-07 00:00:00+00:00,USDC,2,DeFiLlama,0.9998039999984263
2025-07-08 00:00:00+00:00,USDC,2,DeFiLlama,0.9999019999969251
2025-07-09 00:00:00+00:00,USDC,2,DeFiLlama,0.9999900000093155
2025-07-10 00:00:00+00:00,USDC,2,DeFiLlama,0.9999020000079528
2025-07-11 00:00:00+00:00,USDC,2,DeFiLlama,0.9999950000048682
2025-07-12 00:00:00+00:00,USDC,2,DeFiLlama,0.9998049999948752
2025-07-13 00:00:00+00:00,USDC,2,DeFiLlama,0.9999020000152407
2025-07-14 00:00:00+00:00,USDC,2,DeFiLlama,0.9998969999965484
2025-07-15 00:00:00+00:00,USDC,2,DeFiLlama,0.9999039999979307
2025-07-16 00:00:00+00:00,USDC,2,DeFiLlama,0.9998940000004761
2025-07-17 00:00:00+00:00,USDC,2,DeFiLlama,0.999869999990742
2025-07-18 00:00:00+00:00,USDC,2,DeFiLlama,0.9999049999982509
2025-07-19 00:00:00+00:00,USDC,2,DeFiLlama,0.9999010000083198
2025-07-20 00:00:00+00:00,USDC,2,DeFiLlama,0.9999020000019921
2025-07-21 00:00:00+00:00,USDC,2,DeFiLlama,0.9999029999988255
2025-07-22 00:00:00+00:00,USDC,2,DeFiLlama,0.9998690000117346
2025-07-23 00:00:00+00:00,USDC,2,DeFiLlama,0.9998049999959399
2025-07-24 00:00:00+00:00,USDC,2,DeFiLlama,0.9999050000020216
2025-07-25 00:00:00+00:00,USDC,2,DeFiLlama,0.9998189999988323
2025-07-26 00:00:00+00:00,USDC,2,DeFiLlama,0.9998060000070398
2025-07-27 00:00:00+00:00,USDC,2,DeFiLlama,0.9998030000099639
2025-07-28 00:00:00+00:00,USDC,2,DeFiLlama,0.999785000004421
2025-07-29 00:00:00+00:00,USDC,2,DeFiLlama,0.9997789999906052
2025-07-30 00:00:00+00:00,USDC,2,DeFiLlama,0.9998149999981785
2025-07-31 00:00:00+00:00,USDC,2,DeFiLlama,0.9998130000067023
2025-08-01 00:00:00+00:00,USDC,2,DeFiLlama,0.999702999986629
2025-08-02 00:00:00+00:00,USDC,2,DeFiLlama,0.9997249999988178
2025-08-03 00:00:00+00:00,USDC,2,DeFiLlama,0.9997020000062274
2025-08-04 00:00:00+00:00,USDC,2,DeFiLlama,0.9998000000050667
2025-08-05 00:00:00+00:00,USDC,2,DeFiLlama,0.9997920000007018
2025-08-06 00:00:00+00:00,USDC,2,DeFiLlama,0.9998000000054761
2025-08-07 00:00:00+00:00,USDC,2,DeFiLlama,0.9997970000001837
2025-08-08 00:00:00+00:00,USDC,2,DeFiLlama,0.9998040000020711
2025-08-09 00:00:00+00:00,USDC,2,DeFiLlama,0.9998010000006398
2025-08-10 00:00:00+00:00,USDC,2,DeFiLlama,0.9997069999869095
2025-08-11 00:00:00+00:00,USDC,2,DeFiLlama,0.9998060000082217
2025-08-12 00:00:00+00:00,USDC,2,DeFiLlama,0.999771999994611
2025-08-13 00:00:00+00:00,USDC,2,DeFiLlama,0.9998079999895518
2025-08-14 00:00:00+00:00,USDC,2,DeFiLlama,0.9998310000031636
2025-08-15 00:00:00+00:00,USDC,2,DeFiLlama,0.9998749999926242
2025-08-16 00:00:00+00:00,USDC,2,DeFiLlama,0.999871000003409
2025-08-17 00:00:00+00:00,USDC,2,DeFiLlama,0.9998849999951651
2025-08-18 00:00:00+00:00,USDC,2,DeFiLlama,0.9997630000082091
2025-08-19 00:00:00+00:00,USDC,2,DeFiLlama,0.9998349999953678
2025-08-20 00:00:00+00:00,USDC,2,DeFiLlama,0.9998039999994592
2025-08-21 00:00:00+00:00,USDC,2,DeFiLlama,0.9998049999917489
2025-08-22 00:00:00+00:00,USDC,2,DeFiLlama,0.9998039999973353
2025-08-23 00:00:00+00:00,USDC,2,DeFiLlama,0.9998079999937167
2025-08-24 00:00:00+00:00,USDC,2,DeFiLlama,0.9998050000004045
2025-08-25 00:00:00+00:00,USDC,2,DeFiLlama,0.9998100000097853
2025-08-26 00:00:00+00:00,USDC,2,DeFiLlama,0.9997830000024015
2025-08-27 00:00:00+00:00,USDC,2,DeFiLlama,0.9999060000011432
2025-08-28 00:00:00+00:00,USDC,2,DeFiLlama,0.9998109999976205
2025-08-29 00:00:00+00:00,USDC,2,DeFiLlama,0.9997769999971013
2025-08-30 00:00:00+00:00,USDC,2,DeFiLlama,0.9998020000039499
2025-08-31 00:00:00+00:00,USDC,2,DeFiLlama,0.9997999999973339
2025-09-01 00:00:00+00:00,USDC,2,DeFiLlama,0.9998020000000921
2025-09-02 00:00:00+00:00,USDC,2,DeFiLlama,0.9998080000003945
2025-09-03 00:00:00+00:00,USDC,2,DeFiLlama,0.9997750000006553
2025-09-04 00:00:00+00:00,USDC,2,DeFiLlama,0.9997559999965865
2025-09-05 00:00:00+00:00,USDC,2,DeFiLlama,0.9998169999996966
2025-09-06 00:00:00+00:00,USDC,2,DeFiLlama,0.9997180000084304
2025-09-07 00:00:00+00:00,USDC,2,DeFiLlama,0.9997930000090937
2025-09-08 00:00:00+00:00,USDC,2,DeFiLlama,0.9998030000133913
2025-09-09 00:00:00+00:00,USDC,2,DeFiLlama,0.9998010000077083
2025-09-10 00:00:00+00:00,USDC,2,DeFiLlama,0.9997179999969005
2025-09-11 00:00:00+00:00,USDC,2,DeFiLlama,0.9997110000037206
2025-09-12 00:00:00+00:00,USDC,2,DeFiLlama,0.9997639999915987
2025-09-13 00:00:00+00:00,USDC,2,DeFiLlama,0.9997549999998333
2025-09-14 00:00:00+00:00,USDC,2,DeFiLlama,0.9997969999949621
2025-09-15 00:00:00+00:00,USDC,2,DeFiLlama,0.9997229999978916
2025-09-16 00:00:00+00:00,USDC,2,DeFiLlama,0.9997110000013362
2025-09-17 00:00:00+00:00,USDC,2,DeFiLlama,0.9996879999913182
2025-09-18 00:00:00+00:00,USDC,2,DeFiLlama,0.9997710000017842
2025-09-19 00:00:00+00:00,USDC,2,DeFiLlama,0.9996199999960368
2025-09-20 00:00:00+00:00,USDC,2,DeFiLlama,0.9996839999995948
2025-09-21 00:00:00+00:00,USDC,2,DeFiLlama,0.9997030000074253
2025-09-22 00:00:00+00:00,USDC,2,DeFiLlama,0.9997069999901416
2025-09-23 00:00:00+00:00,USDC,2,DeFiLlama,0.999655000007363
2025-09-24 00:00:00+00:00,USDC,2,DeFiLlama,0.9997049999977825
2025-09-25 00:00:00+00:00,USDC,2,DeFiLlama,0.9997050000070522
2025-09-26 00:00:00+00:00,USDC,2,DeFiLlama,0.999706999995347
2025-09-27 00:00:00+00:00,USDC,2,DeFiLlama,0.9996139999958304
2025-09-28 00:00:00+00:00,USDC,2,DeFiLlama,0.9996080000022605
2025-09-29 00:00:00+00:00,USDC,2,DeFiLlama,0.9997069999997762
2025-09-30 00:00:00+00:00,USDC,2,DeFiLlama,0.9997030000051832
2025-10-01 00:00:00+00:00,USDC,2,DeFiLlama,0.9997230000034725
2025-10-02 00:00:00+00:00,USDC,2,DeFiLlama,0.9998102424286199
2025-10-03 00:00:00+00:00,USDC,2,DeFiLlama,0.9998084006690307
2025-10-04 00:00:00+00:00,USDC,2,DeFiLlama,0.9997056303685041
2025-10-05 00:00:00+00:00,USDC,2,DeFiLlama,0.9998001989367442
2025-10-06 00:00:00+00:00,USDC,2,DeFiLlama,0.999709858084956
2025-10-07 00:00:00+00:00,USDC,2,DeFiLlama,0.9997089224300169
2025-10-08 00:00:00+00:00,USDC,2,DeFiLlama,0.999706428510495
2025-10-09 00:00:00+00:00,USDC,2,DeFiLlama,0.9998086842526361
2025-10-10 00:00:00+00:00,USDC,2,DeFiLlama,0.9998984600777108
2025-10-11 00:00:00+00:00,USDC,2,DeFiLlama,0.9998057506974065
2025-10-12 00:00:00+00:00,USDC,2,DeFiLlama,0.9998850666807859
2025-10-13 00:00:00+00:00,USDC,2,DeFiLlama,0.9999566439348874
2025-10-14 00:00:00+00:00,USDC,2,DeFiLlama,0.9999017981159358
2025-10-15 00:00:00+00:00,USDC,2,DeFiLlama,0.9998996009361343
2025-10-16 00:00:00+00:00,USDC,2,DeFiLlama,0.9998045751804102
2025-10-17 00:00:00+00:00,USDC,2,DeFiLlama,0.9998174218896437
2025-10-18 00:00:00+00:00,USDC,2,DeFiLlama,0.9998284497841899
2025-10-19 00:00:00+00:00,USDC,2,DeFiLlama,0.9998968164598049
2025-10-20 00:00:00+00:00,USDC,2,DeFiLlama,0.9998575477738483
2025-10-21 00:00:00+00:00,USDC,2,DeFiLlama,0.9998999999926792
2025-10-22 00:00:00+00:00,USDC,2,DeFiLlama,0.9998010216211793
2025-10-23 00:00:00+00:00,USDC,2,DeFiLlama,0.9998065747875267
2025-10-24 00:00:00+00:00,USDC,2,DeFiLlama,0.999871823017774
2025-10-25 00:00:00+00:00,USDC,2,DeFiLlama,0.9998536704738266
2025-10-26 00:00:00+00:00,USDC,2,DeFiLlama,0.9997966702598572
2025-10-27 00:00:00+00:00,USDC,2,DeFiLlama,0.9998986440168252
2025-10-28 00:00:00+00:00,USDC,2,DeFiLlama,0.9999017537280365
2025-10-29 00:00:00+00:00,USDC,2,DeFiLlama,0.9998537874130156
2025-10-30 00:00:00+00:00,USDC,2,DeFiLlama,0.999801150467343
2025-10-31 00:00:00+00:00,USDC,2,DeFiLlama,0.9997718252631268
2025-11-01 00:00:00+00:00,USDC,2,DeFiLlama,0.9998010908547352
2025-11-02 00:00:00+00:00,USDC,2,DeFiLlama,0.9997951991712128
2025-11-03 00:00:00+00:00,USDC,2,DeFiLlama,0.9996919564404803
2025-11-04 00:00:00+00:00,USDC,2,DeFiLlama,0.9997990246001469
2025-11-05 00:00:00+00:00,USDC,2,DeFiLlama,0.9998447656303517
2025-11-06 00:00:00+00:00,USDC,2,DeFiLlama,0.9997991743249592
2025-11-07 00:00:00+00:00,USDC,2,DeFiLlama,0.9999984020868748
2025-11-08 00:00:00+00:00,USDC,2,DeFiLlama,0.999802536687838
2025-11-09 00:00:00+00:00,USDC,2,DeFiLlama,0.9997345408269218
2025-11-10 00:00:00+00:00,USDC,2,DeFiLlama,0.9998100935075934
2025-11-11 00:00:00+00:00,USDC,2,DeFiLlama,0.9997799980802428
2025-11-12 00:00:00+00:00,USDC,2,DeFiLlama,0.9997066523543591
2025-11-13 00:00:00+00:00,USDC,2,DeFiLlama,0.99970568250491
2025-11-14 00:00:00+00:00,USDC,2,DeFiLlama,0.9997931297478547
2025-11-15 00:00:00+00:00,USDC,2,DeFiLlama,0.9998110318026459
2025-11-16 00:00:00+00:00,USDC,2,DeFiLlama,0.999732708557996
2025-11-17 00:00:00+00:00,USDC,2,DeFiLlama,0.9997050483337873
2025-11-18 00:00:00+00:00,USDC,2,DeFiLlama,0.9997896961048656
2025-11-19 00:00:00+00:00,USDC,2,DeFiLlama,0.9997056862174303
2025-11-20 00:00:00+00:00,USDC,2,DeFiLlama,0.9997043637473951
2025-11-21 00:00:00+00:00,USDC,2,DeFiLlama,0.999685035539564
2025-11-22 00:00:00+00:00,USDC,2,DeFiLlama,0.9997018895788125
2025-11-23 00:00:00+00:00,USDC,2,DeFiLlama,0.9997042368471761
2025-11-24 00:00:00+00:00,USDC,2,DeFiLlama,0.9996068348641101
2025-11-25 00:00:00+00:00,USDC,2,DeFiLlama,0.999776950060267
2025-11-26 00:00:00+00:00,USDC,2,DeFiLlama,0.9997043084684325
2025-11-27 00:00:00+00:00,USDC,2,DeFiLlama,0.999795858114538
2025-11-28 00:00:00+00:00,USDC,2,DeFiLlama,0.9997906184685023
2025-11-29 00:00:00+00:00,USDC,2,DeFiLlama,0.9997045962227719
2025-11-30 00:00:00+00:00,USDC,2,DeFiLlama,0.9997118844209826
2025-12-01 00:00:00+00:00,USDC,2,DeFiLlama,0.99970844225613
2025-12-02 00:00:00+00:00,USDC,2,DeFiLlama,0.9998057510775296
2025-12-03 00:00:00+00:00,USDC,2,DeFiLlama,0.999807925583389
2025-12-04 00:00:00+00:00,USDC,2,DeFiLlama,0.9997119257568945
2025-12-05 00:00:00+00:00,USDC,2,DeFiLlama,0.9997161315547568
2025-12-06 00:00:00+00:00,USDC,2,DeFiLlama,0.9997179296568128
2025-12-07 00:00:00+00:00,USDC,2,DeFiLlama,0.9997100297827757
2025-12-08 00:00:00+00:00,USDC,2,DeFiLlama,0.9997554426100672
2025-12-09 00:00:00+00:00,USDC,2,DeFiLlama,0.9998026889395606
2025-12-10 00:00:00+00:00,USDC,2,DeFiLlama,0.9988061613091556
2025-12-11 00:00:00+00:00,USDC,2,DeFiLlama,0.9998997919612355
2025-12-12 00:00:00+00:00,USDC,2,DeFiLlama,0.9999157283574873
2025-12-13 00:00:00+00:00,USDC,2,DeFiLlama,0.9999464074382224
2025-12-14 00:00:00+00:00,USDC,2,DeFiLlama,1.0000755997937218
2025-12-15 00:00:00+00:00,USDC,2,DeFiLlama,1.0000654057761669
2025-12-16 00:00:00+00:00,USDC,2,DeFiLlama,0.9999902102387858
2025-12-17 00:00:00+00:00,USDC,2,DeFiLlama,0.9999918360109056
2025-12-18 00:00:00+00:00,USDC,2,DeFiLlama,0.9998539724624618
2025-12-19 00:00:00+00:00,USDC,2,DeFiLlama,0.9998536943114789
2025-12-20 00:00:00+00:00,USDC,2,DeFiLlama,0.9998939578201773
2025-12-21 00:00:00+00:00,USDC,2,DeFiLlama,1.0002195711670103
2025-12-22 00:00:00+00:00,USDC,2,DeFiLlama,0.9999460249482112
2025-12-23 00:00:00+00:00,USDC,2,DeFiLlama,0.9997538740895582
2025-12-24 00:00:00+00:00,USDC,2,DeFiLlama,0.9999857370277161
2025-12-25 00:00:00+00:00,USDC,2,DeFiLlama,0.9997249225646243
2025-12-26 00:00:00+00:00,USDC,2,DeFiLlama,0.9999480524465018
2025-12-27 00:00:00+00:00,USDC,2,DeFiLlama,1.000014864799274
2025-12-28 00:00:00+00:00,USDC,2,DeFiLlama,1.0000460505787288
2025-12-29 00:00:00+00:00,USDC,2,DeFiLlama,0.99976399914463
2025-12-30 00:00:00+00:00,USDC,2,DeFiLlama,0.9999273438614802
2025-12-31 00:00:00+00:00,USDC,2,DeFiLlama,0.9997644505415212
2026-01-01 00:00:00+00:00,USDC,2,DeFiLlama,0.9998629769887509
2026-01-02 00:00:00+00:00,USDC,2,DeFiLlama,0.9998579645490652
2026-01-03 00:00:00+00:00,USDC,2,DeFiLlama,0.9999259555942704
2026-01-04 00:00:00+00:00,USDC,2,DeFiLlama,0.9999574242731628
2026-01-05 00:00:00+00:00,USDC,2,DeFiLlama,0.9997380534016398
2026-01-06 00:00:00+00:00,USDC,2,DeFiLlama,0.9999427571221716
2026-01-07 00:00:00+00:00,USDC,2,DeFiLlama,0.9997903012917904
2026-01-08 00:00:00+00:00,USDC,2,DeFiLlama,0.9998458534410654
2026-01-09 00:00:00+00:00,USDC,2,DeFiLlama,0.9997963666723266
2026-01-10 00:00:00+00:00,USDC,2,DeFiLlama,1.000211336025591
2026-01-11 00:00:00+00:00,USDC,2,DeFiLlama,0.9995024453053485
2026-01-12 00:00:00+00:00,USDC,2,DeFiLlama,0.9997466772415966
2026-01-13 00:00:00+00:00,USDC,2,DeFiLlama,0.9996087246315225
2026-01-14 00:00:00+00:00,USDC,2,DeFiLlama,0.9997514519625005
2026-01-15 00:00:00+00:00,USDC,2,DeFiLlama,0.9998191534174833
2026-01-16 00:00:00+00:00,USDC,2,DeFiLlama,1.0011330610584257
2026-01-17 00:00:00+00:00,USDC,2,DeFiLlama,0.9996499400695428
2026-01-18 00:00:00+00:00,USDC,2,DeFiLlama,0.9997968219612641
2026-01-19 00:00:00+00:00,USDC,2,DeFiLlama,0.9997014944375551
2026-01-20 00:00:00+00:00,USDC,2,DeFiLlama,0.9997035174196697
2026-01-21 00:00:00+00:00,USDC,2,DeFiLlama,0.9997974974164382
2026-01-22 00:00:00+00:00,USDC,2,DeFiLlama,0.9997017592850974
2026-01-23 00:00:00+00:00,USDC,2,DeFiLlama,0.9996110767443835
2026-01-24 00:00:00+00:00,USDC,2,DeFiLlama,0.9996069070120956
2026-01-25 00:00:00+00:00,USDC,2,DeFiLlama,0.9996128404939854
2026-01-26 00:00:00+00:00,USDC,2,DeFiLlama,0.9996046494420584
2026-01-27 00:00:00+00:00,USDC,2,DeFiLlama,0.9995578835457251
2026-01-28 00:00:00+00:00,USDC,2,DeFiLlama,0.9996156269565433
2026-01-29 00:00:00+00:00,USDC,2,DeFiLlama,0.9996043621605075
2026-01-30 00:00:00+00:00,USDC,2,DeFiLlama,0.9997047851761774
2026-01-31 00:00:00+00:00,USDC,2,DeFiLlama,0.9995862818041599
2026-02-01 00:00:00+00:00,USDC,2,DeFiLlama,0.9996170905632384
2026-02-02 00:00:00+00:00,USDC,2,DeFiLlama,0.9998334260186789
2026-02-03 00:00:00+00:00,USDC,2,DeFiLlama,0.9996971737409502
2026-02-04 00:00:00+00:00,USDC,2,DeFiLlama,0.9997814658470422
2026-02-05 00:00:00+00:00,USDC,2,DeFiLlama,0.9998010101208801
2026-02-06 00:00:00+00:00,USDC,2,DeFiLlama,0.9998709383879603
2026-02-07 00:00:00+00:00,USDC,2,DeFiLlama,0.9997123655993206
2026-02-08 00:00:00+00:00,USDC,2,DeFiLlama,0.9999019138849097
2026-02-09 00:00:00+00:00,USDC,2,DeFiLlama,0.9998715531940459
2026-02-10 00:00:00+00:00,USDC,2,DeFiLlama,0.9998997204271348
2026-02-11 00:00:00+00:00,USDC,2,DeFiLlama,0.9998076084029704
2026-02-12 00:00:00+00:00,USDC,2,DeFiLlama,0.9998901648549403
2026-02-13 00:00:00+00:00,USDC,2,DeFiLlama,0.9999171541596371
2026-02-14 00:00:00+00:00,USDC,2,DeFiLlama,0.9999251407177787
2026-02-15 00:00:00+00:00,USDC,2,DeFiLlama,0.9998997679214033
2026-02-16 00:00:00+00:00,USDC,2,DeFiLlama,0.9999991896112018
2026-02-17 00:00:00+00:00,USDC,2,DeFiLlama,0.9999978820726065
2026-02-18 00:00:00+00:00,USDC,2,DeFiLlama,0.9998857428483621
2026-02-19 00:00:00+00:00,USDC,2,DeFiLlama,0.9999996981715567
2026-02-20 00:00:00+00:00,USDC,2,DeFiLlama,0.9999949092317152
2026-02-21 00:00:00+00:00,USDC,2,DeFiLlama,0.9998952428021318
2026-02-22 00:00:00+00:00,USDC,2,DeFiLlama,0.9999388851361584
2026-02-23 00:00:00+00:00,USDC,2,DeFiLlama,0.999900237360431
2026-02-24 00:00:00+00:00,USDC,2,DeFiLlama,0.999960265769448
2026-02-25 00:00:00+00:00,USDC,2,DeFiLlama,0.999983941698483
2026-02-26 00:00:00+00:00,USDC,2,DeFiLlama,0.9999061760860145
2026-02-27 00:00:00+00:00,USDC,2,DeFiLlama,0.9999536991002446
2026-02-28 00:00:00+00:00,USDC,2,DeFiLlama,0.9999033136757858
2026-03-01 00:00:00+00:00,USDC,2,DeFiLlama,0.9999018751969245
2026-03-02 00:00:00+00:00,USDC,2,DeFiLlama,0.9999060371859771
2026-03-03 00:00:00+00:00,USDC,2,DeFiLlama,1.0000126253078492
2026-03-04 00:00:00+00:00,USDC,2,DeFiLlama,0.9999041144419405
2026-03-05 00:00:00+00:00,USDC,2,DeFiLlama,0.9999964600342335
2026-03-06 00:00:00+00:00,USDC,2,DeFiLlama,0.9999043395541606
2026-03-07 00:00:00+00:00,USDC,2,DeFiLlama,0.9999858683488286
2026-03-08 00:00:00+00:00,USDC,2,DeFiLlama,0.999999163084274
2026-03-09 00:00:00+00:00,USDC,2,DeFiLlama,0.9999625362585679
2026-03-10 00:00:00+00:00,USDC,2,DeFiLlama,0.9999621366212171
2026-03-11 00:00:00+00:00,USDC,2,DeFiLlama,1.0000160906998912
2026-03-12 00:00:00+00:00,USDC,2,DeFiLlama,0.9999412320565797
2026-03-13 00:00:00+00:00,USDC,2,DeFiLlama,0.9999971951760805
2026-03-14 00:00:00+00:00,USDC,2,DeFiLlama,0.9999107579764335
2026-03-15 00:00:00+00:00,USDC,2,DeFiLlama,0.999985340985865
2026-03-16 00:00:00+00:00,USDC,2,DeFiLlama,0.9999965878319894
2026-03-17 00:00:00+00:00,USDC,2,DeFiLlama,0.9998905853174457
2026-03-18 00:00:00+00:00,USDC,2,DeFiLlama,0.9999390536470638
2026-03-19 00:00:00+00:00,USDC,2,DeFiLlama,0.9999052913092363
2026-03-20 00:00:00+00:00,USDC,2,DeFiLlama,0.9999552456239422
2026-03-21 00:00:00+00:00,USDC,2,DeFiLlama,0.9999613597501309
2026-03-22 00:00:00+00:00,USDC,2,DeFiLlama,0.9999760197146181
2026-03-23 00:00:00+00:00,USDC,2,DeFiLlama,0.9998837245803329
2026-03-24 00:00:00+00:00,USDC,2,DeFiLlama,0.9999079101231139
2026-03-25 00:00:00+00:00,USDC,2,DeFiLlama,0.9998331215810157
2026-03-26 00:00:00+00:00,USDC,2,DeFiLlama,0.9997841417548942
2026-03-27 00:00:00+00:00,USDC,2,DeFiLlama,0.9997836968640721
2026-03-28 00:00:00+00:00,USDC,2,DeFiLlama,0.9997421669239365
2026-03-29 00:00:00+00:00,USDC,2,DeFiLlama,0.9997666761250124
2026-03-30 00:00:00+00:00,USDC,2,DeFiLlama,0.9997273543561945
2026-03-31 00:00:00+00:00,USDC,2,DeFiLlama,0.9996528139809863
2026-04-01 00:00:00+00:00,USDC,2,DeFiLlama,0.9999655263076831
2026-04-02 00:00:00+00:00,USDC,2,DeFiLlama,1.0000534486467578
2026-04-03 00:00:00+00:00,USDC,2,DeFiLlama,1.0001312252297128
2026-04-04 00:00:00+00:00,USDC,2,DeFiLlama,1.0000251399221136
2026-04-05 00:00:00+00:00,USDC,2,DeFiLlama,1.0003851394799321
2026-04-06 00:00:00+00:00,USDC,2,DeFiLlama,0.9998005075496287
2026-04-07 00:00:00+00:00,USDC,2,DeFiLlama,1.000418888861434
2026-04-08 00:00:00+00:00,USDC,2,DeFiLlama,0.9997948656992549
2026-04-09 00:00:00+00:00,USDC,2,DeFiLlama,0.9999375917198575
2026-04-10 00:00:00+00:00,USDC,2,DeFiLlama,0.9998285550632294
2026-04-11 00:00:00+00:00,USDC,2,DeFiLlama,0.9998166434146661
2026-04-12 00:00:00+00:00,USDC,2,DeFiLlama,0.999937017826873
2026-04-13 00:00:00+00:00,USDC,2,DeFiLlama,0.9997992865467262
2026-04-14 00:00:00+00:00,USDC,2,DeFiLlama,0.9997854486283032
2026-04-15 00:00:00+00:00,USDC,2,DeFiLlama,0.9998407355682553
2026-04-16 00:00:00+00:00,USDC,2,DeFiLlama,0.9998596132996009
2026-04-17 00:00:00+00:00,USDC,2,DeFiLlama,0.9998904118571135
2026-04-18 00:00:00+00:00,USDC,2,DeFiLlama,0.999821174500747
2026-04-19 00:00:00+00:00,USDC,2,DeFiLlama,0.9998237880117464
2026-04-20 00:00:00+00:00,USDC,2,DeFiLlama,1.000022884810817
2026-04-21 00:00:00+00:00,USDC,2,DeFiLlama,0.9998723867453947
2026-04-22 00:00:00+00:00,USDC,2,DeFiLlama,0.9998183109253499
2026-04-23 00:00:00+00:00,USDC,2,DeFiLlama,0.9998372005191716
2026-04-24 00:00:00+00:00,USDC,2,DeFiLlama,0.9998175531320761
2026-04-25 00:00:00+00:00,USDC,2,DeFiLlama,0.9997354953136062
2026-04-26 00:00:00+00:00,USDC,2,DeFiLlama,0.9999410634905546
2026-04-27 00:00:00+00:00,USDC,2,DeFiLlama,0.9999009773941134
2026-04-28 00:00:00+00:00,USDC,2,DeFiLlama,0.9998739710384206
2026-04-29 00:00:00+00:00,USDC,2,DeFiLlama,0.9998080869681188
2026-04-30 00:00:00+00:00,USDC,2,DeFiLlama,0.9997152563443797
2026-05-01 00:00:00+00:00,USDC,2,DeFiLlama,0.9997999107106941
2026-05-02 00:00:00+00:00,USDC,2,DeFiLlama,0.9998646511551893
2026-05-03 00:00:00+00:00,USDC,2,DeFiLlama,0.9998867685707864
2026-05-04 00:00:00+00:00,USDC,2,DeFiLlama,0.9998432897038066
2026-05-05 00:00:00+00:00,USDC,2,DeFiLlama,0.9997734053209396
2026-05-06 00:00:00+00:00,USDC,2,DeFiLlama,0.9997895397632134
2026-05-07 00:00:00+00:00,USDC,2,DeFiLlama,0.9997191986283972
2026-05-08 00:00:00+00:00,USDC,2,DeFiLlama,0.9998567157004747
2026-05-09 00:00:00+00:00,USDC,2,DeFiLlama,0.9998546928352804
2026-05-10 00:00:00+00:00,USDC,2,DeFiLlama,0.9997868022319417
2026-05-11 00:00:00+00:00,USDC,2,DeFiLlama,0.9997868022319417
2026-05-12 00:00:00+00:00,USDC,2,DeFiLlama,0.9998060747544557
2026-05-13 00:00:00+00:00,USDC,2,DeFiLlama,0.9997135949188805
2026-05-14 00:00:00+00:00,USDC,2,DeFiLlama,0.9996879262682021
2026-05-15 00:00:00+00:00,USDC,2,DeFiLlama,0.9998439683133253
2026-05-16 00:00:00+00:00,USDC,2,DeFiLlama,0.9997997501949725
2026-05-17 00:00:00+00:00,USDC,2,DeFiLlama,0.9999711246626322
2026-05-18 00:00:00+00:00,USDC,2,DeFiLlama,0.9998163194121157
2026-05-19 00:00:00+00:00,USDC,2,DeFiLlama,0.9997433357820086
2026-05-20 00:00:00+00:00,USDC,2,DeFiLlama,0.9996582320475329
2026-05-21 00:00:00+00:00,USDC,2,DeFiLlama,0.9997203515665488
2026-05-22 00:00:00+00:00,USDC,2,DeFiLlama,0.9997401994416386
2026-05-23 00:00:00+00:00,USDC,2,DeFiLlama,0.9997455646546629
2026-05-24 00:00:00+00:00,USDC,2,DeFiLlama,0.9997821399881829
2026-05-25 00:00:00+00:00,USDC,2,DeFiLlama,0.9997176814606046
2026-05-26 00:00:00+00:00,USDC,2,DeFiLlama,0.9997414060714724
2026-05-27 00:00:00+00:00,USDC,2,DeFiLlama,0.999735683879982
2026-05-28 00:00:00+00:00,USDC,2,DeFiLlama,0.9995608069404047
2026-05-29 00:00:00+00:00,USDC,2,DeFiLlama,0.9997268961464153
2026-05-30 00:00:00+00:00,USDC,2,DeFiLlama,0.9996295820130707
2026-05-31 00:00:00+00:00,USDC,2,DeFiLlama,0.9995946761766957
2026-06-01 00:00:00+00:00,USDC,2,DeFiLlama,0.9997030925089745
2026-06-02 00:00:00+00:00,USDC,2,DeFiLlama,0.99969652153606
2026-06-03 00:00:00+00:00,USDC,2,DeFiLlama,0.9997034969221354
2026-06-04 00:00:00+00:00,USDC,2,DeFiLlama,0.9997505972858461
2026-06-05 00:00:00+00:00,USDC,2,DeFiLlama,0.9996824929885626
2026-06-06 00:00:00+00:00,USDC,2,DeFiLlama,0.9997293534069007
2026-06-07 00:00:00+00:00,USDC,2,DeFiLlama,0.9998384747396847
2026-06-08 00:00:00+00:00,USDC,2,DeFiLlama,0.9996844635566154
2026-06-09 00:00:00+00:00,USDC,2,DeFiLlama,0.9997894327114005
2026-06-10 00:00:00+00:00,USDC,2,DeFiLlama,0.9997337483592078
2026-06-11 00:00:00+00:00,USDC,2,DeFiLlama,0.9998040023980678
2026-06-12 00:00:00+00:00,USDC,2,DeFiLlama,0.9997983890053328
2026-06-13 00:00:00+00:00,USDC,2,DeFiLlama,0.9998347687033922
2026-06-14 00:00:00+00:00,USDC,2,DeFiLlama,0.9997346425747022
2026-06-15 00:00:00+00:00,USDC,2,DeFiLlama,0.9998274724428686
2026-06-16 00:00:00+00:00,USDC,2,DeFiLlama,0.9998545226807762
2026-06-17 00:00:00+00:00,USDC,2,DeFiLlama,0.9998207998907003
2026-06-18 00:00:00+00:00,USDC,2,DeFiLlama,0.9999733307095205
2026-06-19 00:00:00+00:00,USDC,2,DeFiLlama,1.0000579532863132
2026-06-20 00:00:00+00:00,USDC,2,DeFiLlama,0.99986452358622
2026-06-21 00:00:00+00:00,USDC,2,DeFiLlama,0.9999455375331391
2026-06-22 00:00:00+00:00,USDC,2,DeFiLlama,0.9998256049322509
2026-06-23 00:00:00+00:00,USDC,2,DeFiLlama,0.9997942764450782
2026-06-24 00:00:00+00:00,USDC,2,DeFiLlama,0.9997511874909398
2026-06-25 00:00:00+00:00,USDC,2,DeFiLlama,0.9996448599954642
2026-06-26 00:00:00+00:00,USDC,2,DeFiLlama,0.9997102719572779
2026-06-27 00:00:00+00:00,USDC,2,DeFiLlama,0.9996826773288916
2026-06-28 00:00:00+00:00,USDC,2,DeFiLlama,0.9995975961652526
2026-06-29 00:00:00+00:00,USDC,2,DeFiLlama,0.9997365198850569
2026-06-30 00:00:00+00:00,USDC,2,DeFiLlama,0.9996104629897533
2026-07-01 00:00:00+00:00,USDC,2,DeFiLlama,0.9996767570442712
2026-07-02 00:00:00+00:00,USDC,2,DeFiLlama,0.9997672692828623
2026-07-03 00:00:00+00:00,USDC,2,DeFiLlama,0.999961568260665
2026-07-04 00:00:00+00:00,USDC,2,DeFiLlama,0.9998061828881584
2026-07-05 00:00:00+00:00,USDC,2,DeFiLlama,0.9997075256288408
2026-07-06 00:00:00+00:00,USDC,2,DeFiLlama,0.9998683456715727
2026-07-07 00:00:00+00:00,USDC,2,DeFiLlama,0.9999178368384769
2026-07-08 00:00:00+00:00,USDC,2,DeFiLlama,0.9999038036544361
2026-07-09 00:00:00+00:00,USDC,2,DeFiLlama,0.9998237907243462
2026-07-10 00:00:00+00:00,USDC,2,DeFiLlama,0.9999161011171076
2026-07-11 00:00:00+00:00,USDC,2,DeFiLlama,0.9998350744389775
2026-07-12 00:00:00+00:00,USDC,2,DeFiLlama,0.9997949267627565
2026-07-13 00:00:00+00:00,USDC,2,DeFiLlama,0.999861685795366
2026-07-14 00:00:00+00:00,USDC,2,DeFiLlama,0.9999489599971987
2026-07-15 00:00:00+00:00,USDC,2,DeFiLlama,0.9998375892852204
2026-07-16 00:00:00+00:00,USDC,2,DeFiLlama,0.9999074722544101
2026-07-17 00:00:00+00:00,USDC,2,DeFiLlama,0.9998698561042162
2026-07-18 00:00:00+00:00,USDC,2,DeFiLlama,0.9999060199653153
2026-07-19 00:00:00+00:00,USDC,2,DeFiLlama,0.9998283971788023
2026-07-20 00:00:00+00:00,USDC,2,DeFiLlama,0.9999072583975288
2026-07-21 00:00:00+00:00,USDC,2,DeFiLlama,0.9998820324335541
2026-07-22 00:00:00+00:00,USDC,2,DeFiLlama,0.9999370388540796
2026-07-23 00:00:00+00:00,USDC,2,DeFiLlama,0.9998413820676004
2026-07-24 00:00:00+00:00,USDC,2,DeFiLlama,1.0000023379283145
2026-07-25 00:00:00+00:00,USDC,2,DeFiLlama,0.9999270204208804
2026-07-26 00:00:00+00:00,USDC,2,DeFiLlama,0.999921059101849
2026-07-27 00:00:00+00:00,USDC,2,DeFiLlama,0.9999470238190252
2026-07-28 00:00:00+00:00,USDC,2,DeFiLlama,0.9998601036737801
