Date,Symbol,DeFiLlama_ID,Source,Market_Cap_USD
2017-11-29 00:00:00+00:00,USDT,1,DeFiLlama,110105.0
2017-11-30 00:00:00+00:00,USDT,1,DeFiLlama,110105.0
2017-12-01 00:00:00+00:00,USDT,1,DeFiLlama,110105.0
2017-12-02 00:00:00+00:00,USDT,1,DeFiLlama,110105.0
2017-12-03 00:00:00+00:00,USDT,1,DeFiLlama,110105.0
2017-12-04 00:00:00+00:00,USDT,1,DeFiLlama,110105.0
2017-12-05 00:00:00+00:00,USDT,1,DeFiLlama,110105.0
2017-12-06 00:00:00+00:00,USDT,1,DeFiLlama,110105.0
2017-12-07 00:00:00+00:00,USDT,1,DeFiLlama,110105.0
2017-12-08 00:00:00+00:00,USDT,1,DeFiLlama,110105.0
2017-12-09 00:00:00+00:00,USDT,1,DeFiLlama,110105.0
2017-12-10 00:00:00+00:00,USDT,1,DeFiLlama,110105.0
2017-12-11 00:00:00+00:00,USDT,1,DeFiLlama,110105.0
2017-12-12 00:00:00+00:00,USDT,1,DeFiLlama,110105.0
2017-12-13 00:00:00+00:00,USDT,1,DeFiLlama,110105.0
2017-12-14 00:00:00+00:00,USDT,1,DeFiLlama,110105.0
2017-12-15 00:00:00+00:00,USDT,1,DeFiLlama,110105.0
2017-12-16 00:00:00+00:00,USDT,1,DeFiLlama,110105.0
2017-12-17 00:00:00+00:00,USDT,1,DeFiLlama,110105.0
2017-12-18 00:00:00+00:00,USDT,1,DeFiLlama,110105.0
2017-12-19 00:00:00+00:00,USDT,1,DeFiLlama,110105.0
2017-12-20 00:00:00+00:00,USDT,1,DeFiLlama,110105.0
2017-12-21 00:00:00+00:00,USDT,1,DeFiLlama,110105.0
2017-12-22 00:00:00+00:00,USDT,1,DeFiLlama,110105.0
2017-12-23 00:00:00+00:00,USDT,1,DeFiLlama,110105.0
2017-12-24 00:00:00+00:00,USDT,1,DeFiLlama,110105.0
2017-12-25 00:00:00+00:00,USDT,1,DeFiLlama,110105.0
2017-12-26 00:00:00+00:00,USDT,1,DeFiLlama,110105.0
2017-12-27 00:00:00+00:00,USDT,1,DeFiLlama,110105.0
2017-12-28 00:00:00+00:00,USDT,1,DeFiLlama,110105.0
2017-12-29 00:00:00+00:00,USDT,1,DeFiLlama,110105.0
2017-12-30 00:00:00+00:00,USDT,1,DeFiLlama,110105.0
2017-12-31 00:00:00+00:00,USDT,1,DeFiLlama,110105.0
2018-01-01 00:00:00+00:00,USDT,1,DeFiLlama,110105.0
2018-01-02 00:00:00+00:00,USDT,1,DeFiLlama,110105.0
2018-01-03 00:00:00+00:00,USDT,1,DeFiLlama,110105.0
2018-01-04 00:00:00+00:00,USDT,1,DeFiLlama,110105.0
2018-01-05 00:00:00+00:00,USDT,1,DeFiLlama,110105.0
2018-01-06 00:00:00+00:00,USDT,1,DeFiLlama,110105.0
2018-01-07 00:00:00+00:00,USDT,1,DeFiLlama,110105.0
2018-01-08 00:00:00+00:00,USDT,1,DeFiLlama,110105.0
2018-01-09 00:00:00+00:00,USDT,1,DeFiLlama,110105.0
2018-01-10 00:00:00+00:00,USDT,1,DeFiLlama,110105.0
2018-01-11 00:00:00+00:00,USDT,1,DeFiLlama,30146817.0
2018-01-12 00:00:00+00:00,USDT,1,DeFiLlama,30146817.0
2018-01-13 00:00:00+00:00,USDT,1,DeFiLlama,30146817.0
2018-01-14 00:00:00+00:00,USDT,1,DeFiLlama,30146817.0
2018-01-15 00:00:00+00:00,USDT,1,DeFiLlama,30146817.0
2018-01-16 00:00:00+00:00,USDT,1,DeFiLlama,30146817.0
2018-01-17 00:00:00+00:00,USDT,1,DeFiLlama,30146817.0
2018-01-18 00:00:00+00:00,USDT,1,DeFiLlama,30146817.0
2018-01-19 00:00:00+00:00,USDT,1,DeFiLlama,30146817.0
2018-01-20 00:00:00+00:00,USDT,1,DeFiLlama,30146817.0
2018-01-21 00:00:00+00:00,USDT,1,DeFiLlama,30146817.0
2018-01-22 00:00:00+00:00,USDT,1,DeFiLlama,30146817.0
2018-01-23 00:00:00+00:00,USDT,1,DeFiLlama,30146817.0
2018-01-24 00:00:00+00:00,USDT,1,DeFiLlama,30146817.0
2018-01-25 00:00:00+00:00,USDT,1,DeFiLlama,30146817.0
2018-01-26 00:00:00+00:00,USDT,1,DeFiLlama,30146817.0
2018-01-27 00:00:00+00:00,USDT,1,DeFiLlama,30146817.0
2018-01-28 00:00:00+00:00,USDT,1,DeFiLlama,30146817.0
2018-01-29 00:00:00+00:00,USDT,1,DeFiLlama,60183528.0
2018-01-30 00:00:00+00:00,USDT,1,DeFiLlama,60183528.0
2018-01-31 00:00:00+00:00,USDT,1,DeFiLlama,60183528.0
2018-02-01 00:00:00+00:00,USDT,1,DeFiLlama,60183528.0
2018-02-02 00:00:00+00:00,USDT,1,DeFiLlama,60183528.0
2018-02-03 00:00:00+00:00,USDT,1,DeFiLlama,60183528.0
2018-02-04 00:00:00+00:00,USDT,1,DeFiLlama,60183528.0
2018-02-05 00:00:00+00:00,USDT,1,DeFiLlama,60183528.0
2018-02-06 00:00:00+00:00,USDT,1,DeFiLlama,60183528.0
2018-02-07 00:00:00+00:00,USDT,1,DeFiLlama,60183528.0
2018-02-08 00:00:00+00:00,USDT,1,DeFiLlama,60183528.0
2018-02-09 00:00:00+00:00,USDT,1,DeFiLlama,60183528.0
2018-02-10 00:00:00+00:00,USDT,1,DeFiLlama,60183528.0
2018-02-11 00:00:00+00:00,USDT,1,DeFiLlama,60183528.0
2018-02-12 00:00:00+00:00,USDT,1,DeFiLlama,60183528.0
2018-02-13 00:00:00+00:00,USDT,1,DeFiLlama,60183528.0
2018-02-14 00:00:00+00:00,USDT,1,DeFiLlama,60183528.0
2018-02-15 00:00:00+00:00,USDT,1,DeFiLlama,60183528.0
2018-02-16 00:00:00+00:00,USDT,1,DeFiLlama,60183528.0
2018-02-17 00:00:00+00:00,USDT,1,DeFiLlama,60183528.0
2018-02-18 00:00:00+00:00,USDT,1,DeFiLlama,60183528.0
2018-02-19 00:00:00+00:00,USDT,1,DeFiLlama,60183528.0
2018-02-20 00:00:00+00:00,USDT,1,DeFiLlama,60183528.0
2018-02-21 00:00:00+00:00,USDT,1,DeFiLlama,60183528.0
2018-02-22 00:00:00+00:00,USDT,1,DeFiLlama,60183528.0
2018-02-23 00:00:00+00:00,USDT,1,DeFiLlama,60183528.0
2018-02-24 00:00:00+00:00,USDT,1,DeFiLlama,60183528.0
2018-02-25 00:00:00+00:00,USDT,1,DeFiLlama,60183528.0
2018-02-26 00:00:00+00:00,USDT,1,DeFiLlama,60183528.0
2018-02-27 00:00:00+00:00,USDT,1,DeFiLlama,60183528.0
2018-02-28 00:00:00+00:00,USDT,1,DeFiLlama,60183528.0
2018-03-01 00:00:00+00:00,USDT,1,DeFiLlama,60183528.0
2018-03-02 00:00:00+00:00,USDT,1,DeFiLlama,60183528.0
2018-03-03 00:00:00+00:00,USDT,1,DeFiLlama,60183528.0
2018-03-04 00:00:00+00:00,USDT,1,DeFiLlama,60183528.0
2018-03-05 00:00:00+00:00,USDT,1,DeFiLlama,60183528.0
2018-03-06 00:00:00+00:00,USDT,1,DeFiLlama,60183528.0
2018-03-07 00:00:00+00:00,USDT,1,DeFiLlama,60183528.0
2018-03-08 00:00:00+00:00,USDT,1,DeFiLlama,60183528.0
2018-03-09 00:00:00+00:00,USDT,1,DeFiLlama,60183528.0
2018-03-10 00:00:00+00:00,USDT,1,DeFiLlama,60183528.0
2018-03-11 00:00:00+00:00,USDT,1,DeFiLlama,60183528.0
2018-03-12 00:00:00+00:00,USDT,1,DeFiLlama,60183528.0
2018-03-13 00:00:00+00:00,USDT,1,DeFiLlama,60183528.0
2018-03-14 00:00:00+00:00,USDT,1,DeFiLlama,60183528.0
2018-03-15 00:00:00+00:00,USDT,1,DeFiLlama,60183528.0
2018-03-16 00:00:00+00:00,USDT,1,DeFiLlama,60183528.0
2018-03-17 00:00:00+00:00,USDT,1,DeFiLlama,60183528.0
2018-03-18 00:00:00+00:00,USDT,1,DeFiLlama,60183528.0
2018-03-19 00:00:00+00:00,USDT,1,DeFiLlama,60183528.0
2018-03-20 00:00:00+00:00,USDT,1,DeFiLlama,60183528.0
2018-03-21 00:00:00+00:00,USDT,1,DeFiLlama,60183528.0
2018-03-22 00:00:00+00:00,USDT,1,DeFiLlama,60183528.0
2018-03-23 00:00:00+00:00,USDT,1,DeFiLlama,60183528.0
2018-03-24 00:00:00+00:00,USDT,1,DeFiLlama,60183528.0
2018-03-25 00:00:00+00:00,USDT,1,DeFiLlama,60183528.0
2018-03-26 00:00:00+00:00,USDT,1,DeFiLlama,60183528.0
2018-03-27 00:00:00+00:00,USDT,1,DeFiLlama,60183528.0
2018-03-28 00:00:00+00:00,USDT,1,DeFiLlama,60183528.0
2018-03-29 00:00:00+00:00,USDT,1,DeFiLlama,60183528.0
2018-03-30 00:00:00+00:00,USDT,1,DeFiLlama,60183528.0
2018-03-31 00:00:00+00:00,USDT,1,DeFiLlama,60183528.0
2018-04-01 00:00:00+00:00,USDT,1,DeFiLlama,60183528.0
2018-04-02 00:00:00+00:00,USDT,1,DeFiLlama,60183528.0
2018-04-03 00:00:00+00:00,USDT,1,DeFiLlama,60183528.0
2018-04-04 00:00:00+00:00,USDT,1,DeFiLlama,60183528.0
2018-04-05 00:00:00+00:00,USDT,1,DeFiLlama,60183528.0
2018-04-06 00:00:00+00:00,USDT,1,DeFiLlama,60183528.0
2018-04-07 00:00:00+00:00,USDT,1,DeFiLlama,60183528.0
2018-04-08 00:00:00+00:00,USDT,1,DeFiLlama,60183528.0
2018-04-09 00:00:00+00:00,USDT,1,DeFiLlama,60183528.0
2018-04-10 00:00:00+00:00,USDT,1,DeFiLlama,60183528.0
2018-04-11 00:00:00+00:00,USDT,1,DeFiLlama,60183528.0
2018-04-12 00:00:00+00:00,USDT,1,DeFiLlama,60183528.0
2018-04-13 00:00:00+00:00,USDT,1,DeFiLlama,60183528.0
2018-04-14 00:00:00+00:00,USDT,1,DeFiLlama,60183528.0
2018-04-15 00:00:00+00:00,USDT,1,DeFiLlama,60183528.0
2018-04-16 00:00:00+00:00,USDT,1,DeFiLlama,60183528.0
2018-04-17 00:00:00+00:00,USDT,1,DeFiLlama,60183528.0
2018-04-18 00:00:00+00:00,USDT,1,DeFiLlama,60183528.0
2018-04-19 00:00:00+00:00,USDT,1,DeFiLlama,60183528.0
2018-04-20 00:00:00+00:00,USDT,1,DeFiLlama,60183528.0
2018-04-21 00:00:00+00:00,USDT,1,DeFiLlama,60183528.0
2018-04-22 00:00:00+00:00,USDT,1,DeFiLlama,60183528.0
2018-04-23 00:00:00+00:00,USDT,1,DeFiLlama,60183528.0
2018-04-24 00:00:00+00:00,USDT,1,DeFiLlama,60183528.0
2018-04-25 00:00:00+00:00,USDT,1,DeFiLlama,60183528.0
2018-04-26 00:00:00+00:00,USDT,1,DeFiLlama,60183528.0
2018-04-27 00:00:00+00:00,USDT,1,DeFiLlama,60183528.0
2018-04-28 00:00:00+00:00,USDT,1,DeFiLlama,60183528.0
2018-04-29 00:00:00+00:00,USDT,1,DeFiLlama,60183528.0
2018-04-30 00:00:00+00:00,USDT,1,DeFiLlama,60183528.0
2018-05-01 00:00:00+00:00,USDT,1,DeFiLlama,60183528.0
2018-05-02 00:00:00+00:00,USDT,1,DeFiLlama,60183528.0
2018-05-03 00:00:00+00:00,USDT,1,DeFiLlama,60183528.0
2018-05-04 00:00:00+00:00,USDT,1,DeFiLlama,60183528.0
2018-05-05 00:00:00+00:00,USDT,1,DeFiLlama,60183528.0
2018-05-06 00:00:00+00:00,USDT,1,DeFiLlama,60183528.0
2018-05-07 00:00:00+00:00,USDT,1,DeFiLlama,60183528.0
2018-05-08 00:00:00+00:00,USDT,1,DeFiLlama,60183528.0
2018-05-09 00:00:00+00:00,USDT,1,DeFiLlama,60183528.0
2018-05-10 00:00:00+00:00,USDT,1,DeFiLlama,60183528.0
2018-05-11 00:00:00+00:00,USDT,1,DeFiLlama,60183528.0
2018-05-12 00:00:00+00:00,USDT,1,DeFiLlama,60183528.0
2018-05-13 00:00:00+00:00,USDT,1,DeFiLlama,60183528.0
2018-05-14 00:00:00+00:00,USDT,1,DeFiLlama,60183528.0
2018-05-15 00:00:00+00:00,USDT,1,DeFiLlama,60183528.0
2018-05-16 00:00:00+00:00,USDT,1,DeFiLlama,60183528.0
2018-05-17 00:00:00+00:00,USDT,1,DeFiLlama,60183528.0
2018-05-18 00:00:00+00:00,USDT,1,DeFiLlama,60183528.0
2018-05-19 00:00:00+00:00,USDT,1,DeFiLlama,60183528.0
2018-05-20 00:00:00+00:00,USDT,1,DeFiLlama,60183528.0
2018-05-21 00:00:00+00:00,USDT,1,DeFiLlama,60183528.0
2018-05-22 00:00:00+00:00,USDT,1,DeFiLlama,60183528.0
2018-05-23 00:00:00+00:00,USDT,1,DeFiLlama,60183528.0
2018-05-24 00:00:00+00:00,USDT,1,DeFiLlama,60183528.0
2018-05-25 00:00:00+00:00,USDT,1,DeFiLlama,60183528.0
2018-05-26 00:00:00+00:00,USDT,1,DeFiLlama,60183528.0
2018-05-27 00:00:00+00:00,USDT,1,DeFiLlama,60183528.0
2018-05-28 00:00:00+00:00,USDT,1,DeFiLlama,60183528.0
2018-05-29 00:00:00+00:00,USDT,1,DeFiLlama,60183528.0
2018-05-30 00:00:00+00:00,USDT,1,DeFiLlama,60183528.0
2018-05-31 00:00:00+00:00,USDT,1,DeFiLlama,60183528.0
2018-06-01 00:00:00+00:00,USDT,1,DeFiLlama,60183528.0
2018-06-02 00:00:00+00:00,USDT,1,DeFiLlama,60183528.0
2018-06-03 00:00:00+00:00,USDT,1,DeFiLlama,60183528.0
2018-06-04 00:00:00+00:00,USDT,1,DeFiLlama,60183528.0
2018-06-05 00:00:00+00:00,USDT,1,DeFiLlama,60183528.0
2018-06-06 00:00:00+00:00,USDT,1,DeFiLlama,60183528.0
2018-06-07 00:00:00+00:00,USDT,1,DeFiLlama,60183528.0
2018-06-08 00:00:00+00:00,USDT,1,DeFiLlama,60183528.0
2018-06-09 00:00:00+00:00,USDT,1,DeFiLlama,60183528.0
2018-06-10 00:00:00+00:00,USDT,1,DeFiLlama,60183060.0
2018-06-11 00:00:00+00:00,USDT,1,DeFiLlama,60183060.0
2018-06-12 00:00:00+00:00,USDT,1,DeFiLlama,60183060.0
2018-06-13 00:00:00+00:00,USDT,1,DeFiLlama,60183060.0
2018-06-14 00:00:00+00:00,USDT,1,DeFiLlama,60183060.0
2018-06-15 00:00:00+00:00,USDT,1,DeFiLlama,60183060.0
2018-06-16 00:00:00+00:00,USDT,1,DeFiLlama,60183060.0
2018-06-17 00:00:00+00:00,USDT,1,DeFiLlama,60183060.0
2018-06-18 00:00:00+00:00,USDT,1,DeFiLlama,60183060.0
2018-06-19 00:00:00+00:00,USDT,1,DeFiLlama,60183060.0
2018-06-20 00:00:00+00:00,USDT,1,DeFiLlama,60183060.0
2018-06-21 00:00:00+00:00,USDT,1,DeFiLlama,60183060.0
2018-06-22 00:00:00+00:00,USDT,1,DeFiLlama,60183060.0
2018-06-23 00:00:00+00:00,USDT,1,DeFiLlama,60183060.0
2018-06-24 00:00:00+00:00,USDT,1,DeFiLlama,60183060.0
2018-06-25 00:00:00+00:00,USDT,1,DeFiLlama,60183060.0
2018-06-26 00:00:00+00:00,USDT,1,DeFiLlama,60183060.0
2018-06-27 00:00:00+00:00,USDT,1,DeFiLlama,60183060.0
2018-06-28 00:00:00+00:00,USDT,1,DeFiLlama,60183060.0
2018-06-29 00:00:00+00:00,USDT,1,DeFiLlama,60183060.0
2018-06-30 00:00:00+00:00,USDT,1,DeFiLlama,60183060.0
2018-07-01 00:00:00+00:00,USDT,1,DeFiLlama,60183060.0
2018-07-02 00:00:00+00:00,USDT,1,DeFiLlama,60183060.0
2018-07-03 00:00:00+00:00,USDT,1,DeFiLlama,60183060.0
2018-07-04 00:00:00+00:00,USDT,1,DeFiLlama,60183060.0
2018-07-05 00:00:00+00:00,USDT,1,DeFiLlama,60183060.0
2018-07-06 00:00:00+00:00,USDT,1,DeFiLlama,60183060.0
2018-07-07 00:00:00+00:00,USDT,1,DeFiLlama,60183060.0
2018-07-08 00:00:00+00:00,USDT,1,DeFiLlama,60183060.0
2018-07-09 00:00:00+00:00,USDT,1,DeFiLlama,60183060.0
2018-07-10 00:00:00+00:00,USDT,1,DeFiLlama,60183060.0
2018-07-11 00:00:00+00:00,USDT,1,DeFiLlama,60183060.0
2018-07-12 00:00:00+00:00,USDT,1,DeFiLlama,60183060.0
2018-07-13 00:00:00+00:00,USDT,1,DeFiLlama,60183060.0
2018-07-14 00:00:00+00:00,USDT,1,DeFiLlama,60183060.0
2018-07-15 00:00:00+00:00,USDT,1,DeFiLlama,60183060.0
2018-07-16 00:00:00+00:00,USDT,1,DeFiLlama,60183060.0
2018-07-17 00:00:00+00:00,USDT,1,DeFiLlama,60183060.0
2018-07-18 00:00:00+00:00,USDT,1,DeFiLlama,60183060.0
2018-07-19 00:00:00+00:00,USDT,1,DeFiLlama,60183060.0
2018-07-20 00:00:00+00:00,USDT,1,DeFiLlama,60183060.0
2018-07-21 00:00:00+00:00,USDT,1,DeFiLlama,60183060.0
2018-07-22 00:00:00+00:00,USDT,1,DeFiLlama,60183060.0
2018-07-23 00:00:00+00:00,USDT,1,DeFiLlama,60183060.0
2018-07-24 00:00:00+00:00,USDT,1,DeFiLlama,60183060.0
2018-07-25 00:00:00+00:00,USDT,1,DeFiLlama,60183060.0
2018-07-26 00:00:00+00:00,USDT,1,DeFiLlama,60183060.0
2018-07-27 00:00:00+00:00,USDT,1,DeFiLlama,60183060.0
2018-07-28 00:00:00+00:00,USDT,1,DeFiLlama,60183060.0
2018-07-29 00:00:00+00:00,USDT,1,DeFiLlama,30146348.0
2018-07-30 00:00:00+00:00,USDT,1,DeFiLlama,30146348.0
2018-07-31 00:00:00+00:00,USDT,1,DeFiLlama,15127992.0
2018-08-01 00:00:00+00:00,USDT,1,DeFiLlama,15127992.0
2018-08-02 00:00:00+00:00,USDT,1,DeFiLlama,15127992.0
2018-08-03 00:00:00+00:00,USDT,1,DeFiLlama,15127992.0
2018-08-04 00:00:00+00:00,USDT,1,DeFiLlama,15127992.0
2018-08-05 00:00:00+00:00,USDT,1,DeFiLlama,15127992.0
2018-08-06 00:00:00+00:00,USDT,1,DeFiLlama,15127992.0
2018-08-07 00:00:00+00:00,USDT,1,DeFiLlama,15127992.0
2018-08-08 00:00:00+00:00,USDT,1,DeFiLlama,15127992.0
2018-08-09 00:00:00+00:00,USDT,1,DeFiLlama,15127992.0
2018-08-10 00:00:00+00:00,USDT,1,DeFiLlama,15127992.0
2018-08-11 00:00:00+00:00,USDT,1,DeFiLlama,15127992.0
2018-08-12 00:00:00+00:00,USDT,1,DeFiLlama,15127992.0
2018-08-13 00:00:00+00:00,USDT,1,DeFiLlama,15127992.0
2018-08-14 00:00:00+00:00,USDT,1,DeFiLlama,15127992.0
2018-08-15 00:00:00+00:00,USDT,1,DeFiLlama,15127992.0
2018-08-16 00:00:00+00:00,USDT,1,DeFiLlama,15127992.0
2018-08-17 00:00:00+00:00,USDT,1,DeFiLlama,15127992.0
2018-08-18 00:00:00+00:00,USDT,1,DeFiLlama,15127992.0
2018-08-19 00:00:00+00:00,USDT,1,DeFiLlama,15127992.0
2018-08-20 00:00:00+00:00,USDT,1,DeFiLlama,15127992.0
2018-08-21 00:00:00+00:00,USDT,1,DeFiLlama,15127992.0
2018-08-22 00:00:00+00:00,USDT,1,DeFiLlama,15127992.0
2018-08-23 00:00:00+00:00,USDT,1,DeFiLlama,15127992.0
2018-08-24 00:00:00+00:00,USDT,1,DeFiLlama,15127992.0
2018-08-25 00:00:00+00:00,USDT,1,DeFiLlama,15127992.0
2018-08-26 00:00:00+00:00,USDT,1,DeFiLlama,15127992.0
2018-08-27 00:00:00+00:00,USDT,1,DeFiLlama,15127992.0
2018-08-28 00:00:00+00:00,USDT,1,DeFiLlama,15127992.0
2018-08-29 00:00:00+00:00,USDT,1,DeFiLlama,15127992.0
2018-08-30 00:00:00+00:00,USDT,1,DeFiLlama,15127992.0
2018-08-31 00:00:00+00:00,USDT,1,DeFiLlama,15127992.0
2018-09-01 00:00:00+00:00,USDT,1,DeFiLlama,15127992.0
2018-09-02 00:00:00+00:00,USDT,1,DeFiLlama,15127992.0
2018-09-03 00:00:00+00:00,USDT,1,DeFiLlama,15127992.0
2018-09-04 00:00:00+00:00,USDT,1,DeFiLlama,15127992.0
2018-09-05 00:00:00+00:00,USDT,1,DeFiLlama,15127992.0
2018-09-06 00:00:00+00:00,USDT,1,DeFiLlama,25140229.0
2018-09-07 00:00:00+00:00,USDT,1,DeFiLlama,25140229.0
2018-09-08 00:00:00+00:00,USDT,1,DeFiLlama,25140229.0
2018-09-09 00:00:00+00:00,USDT,1,DeFiLlama,25140229.0
2018-09-10 00:00:00+00:00,USDT,1,DeFiLlama,25140229.0
2018-09-11 00:00:00+00:00,USDT,1,DeFiLlama,25140229.0
2018-09-12 00:00:00+00:00,USDT,1,DeFiLlama,25140229.0
2018-09-13 00:00:00+00:00,USDT,1,DeFiLlama,25140229.0
2018-09-14 00:00:00+00:00,USDT,1,DeFiLlama,25140229.0
2018-09-15 00:00:00+00:00,USDT,1,DeFiLlama,25140229.0
2018-09-16 00:00:00+00:00,USDT,1,DeFiLlama,25140229.0
2018-09-17 00:00:00+00:00,USDT,1,DeFiLlama,25140229.0
2018-09-18 00:00:00+00:00,USDT,1,DeFiLlama,25140229.0
2018-09-19 00:00:00+00:00,USDT,1,DeFiLlama,25140229.0
2018-09-20 00:00:00+00:00,USDT,1,DeFiLlama,25140229.0
2018-09-21 00:00:00+00:00,USDT,1,DeFiLlama,25140229.0
2018-09-22 00:00:00+00:00,USDT,1,DeFiLlama,25140229.0
2018-09-23 00:00:00+00:00,USDT,1,DeFiLlama,25140229.0
2018-09-24 00:00:00+00:00,USDT,1,DeFiLlama,25140229.0
2018-09-25 00:00:00+00:00,USDT,1,DeFiLlama,25140229.0
2018-09-26 00:00:00+00:00,USDT,1,DeFiLlama,25140229.0
2018-09-27 00:00:00+00:00,USDT,1,DeFiLlama,25140229.0
2018-09-28 00:00:00+00:00,USDT,1,DeFiLlama,25140229.0
2018-09-29 00:00:00+00:00,USDT,1,DeFiLlama,25140229.0
2018-09-30 00:00:00+00:00,USDT,1,DeFiLlama,25140229.0
2018-10-01 00:00:00+00:00,USDT,1,DeFiLlama,25140229.0
2018-10-02 00:00:00+00:00,USDT,1,DeFiLlama,25140229.0
2018-10-03 00:00:00+00:00,USDT,1,DeFiLlama,25140229.0
2018-10-04 00:00:00+00:00,USDT,1,DeFiLlama,35152467.0
2018-10-05 00:00:00+00:00,USDT,1,DeFiLlama,35152467.0
2018-10-06 00:00:00+00:00,USDT,1,DeFiLlama,35152467.0
2018-10-07 00:00:00+00:00,USDT,1,DeFiLlama,35152467.0
2018-10-08 00:00:00+00:00,USDT,1,DeFiLlama,35152467.0
2018-10-09 00:00:00+00:00,USDT,1,DeFiLlama,35152467.0
2018-10-10 00:00:00+00:00,USDT,1,DeFiLlama,35152467.0
2018-10-11 00:00:00+00:00,USDT,1,DeFiLlama,35152467.0
2018-10-12 00:00:00+00:00,USDT,1,DeFiLlama,35152467.0
2018-10-13 00:00:00+00:00,USDT,1,DeFiLlama,35152467.0
2018-10-14 00:00:00+00:00,USDT,1,DeFiLlama,35152467.0
2018-10-15 00:00:00+00:00,USDT,1,DeFiLlama,35152467.0
2018-10-16 00:00:00+00:00,USDT,1,DeFiLlama,35152467.0
2018-10-17 00:00:00+00:00,USDT,1,DeFiLlama,35152467.0
2018-10-18 00:00:00+00:00,USDT,1,DeFiLlama,35152467.0
2018-10-19 00:00:00+00:00,USDT,1,DeFiLlama,35152467.0
2018-10-20 00:00:00+00:00,USDT,1,DeFiLlama,35152467.0
2018-10-21 00:00:00+00:00,USDT,1,DeFiLlama,35152467.0
2018-10-22 00:00:00+00:00,USDT,1,DeFiLlama,35152467.0
2018-10-23 00:00:00+00:00,USDT,1,DeFiLlama,35152467.0
2018-10-24 00:00:00+00:00,USDT,1,DeFiLlama,35152467.0
2018-10-25 00:00:00+00:00,USDT,1,DeFiLlama,35152467.0
2018-10-26 00:00:00+00:00,USDT,1,DeFiLlama,35152467.0
2018-10-27 00:00:00+00:00,USDT,1,DeFiLlama,35152467.0
2018-10-28 00:00:00+00:00,USDT,1,DeFiLlama,35152467.0
2018-10-29 00:00:00+00:00,USDT,1,DeFiLlama,35152467.0
2018-10-30 00:00:00+00:00,USDT,1,DeFiLlama,35152467.0
2018-10-31 00:00:00+00:00,USDT,1,DeFiLlama,35152467.0
2018-11-01 00:00:00+00:00,USDT,1,DeFiLlama,35152467.0
2018-11-02 00:00:00+00:00,USDT,1,DeFiLlama,25140229.0
2018-11-03 00:00:00+00:00,USDT,1,DeFiLlama,25140229.0
2018-11-04 00:00:00+00:00,USDT,1,DeFiLlama,25140229.0
2018-11-05 00:00:00+00:00,USDT,1,DeFiLlama,25140229.0
2018-11-06 00:00:00+00:00,USDT,1,DeFiLlama,25140229.0
2018-11-07 00:00:00+00:00,USDT,1,DeFiLlama,25140229.0
2018-11-08 00:00:00+00:00,USDT,1,DeFiLlama,25140229.0
2018-11-09 00:00:00+00:00,USDT,1,DeFiLlama,25140229.0
2018-11-10 00:00:00+00:00,USDT,1,DeFiLlama,25140229.0
2018-11-11 00:00:00+00:00,USDT,1,DeFiLlama,25140229.0
2018-11-12 00:00:00+00:00,USDT,1,DeFiLlama,25140229.0
2018-11-13 00:00:00+00:00,USDT,1,DeFiLlama,25140229.0
2018-11-14 00:00:00+00:00,USDT,1,DeFiLlama,25140229.0
2018-11-15 00:00:00+00:00,USDT,1,DeFiLlama,25140229.0
2018-11-16 00:00:00+00:00,USDT,1,DeFiLlama,25140229.0
2018-11-17 00:00:00+00:00,USDT,1,DeFiLlama,25140229.0
2018-11-18 00:00:00+00:00,USDT,1,DeFiLlama,25140229.0
2018-11-19 00:00:00+00:00,USDT,1,DeFiLlama,25140229.0
2018-11-20 00:00:00+00:00,USDT,1,DeFiLlama,25140229.0
2018-11-21 00:00:00+00:00,USDT,1,DeFiLlama,25140229.0
2018-11-22 00:00:00+00:00,USDT,1,DeFiLlama,25140229.0
2018-11-23 00:00:00+00:00,USDT,1,DeFiLlama,25140229.0
2018-11-24 00:00:00+00:00,USDT,1,DeFiLlama,25140229.0
2018-11-25 00:00:00+00:00,USDT,1,DeFiLlama,25140229.0
2018-11-26 00:00:00+00:00,USDT,1,DeFiLlama,25140229.0
2018-11-27 00:00:00+00:00,USDT,1,DeFiLlama,25140229.0
2018-11-28 00:00:00+00:00,USDT,1,DeFiLlama,25140229.0
2018-11-29 00:00:00+00:00,USDT,1,DeFiLlama,25140229.0
2018-11-30 00:00:00+00:00,USDT,1,DeFiLlama,25140229.0
2018-12-01 00:00:00+00:00,USDT,1,DeFiLlama,25140229.0
2018-12-02 00:00:00+00:00,USDT,1,DeFiLlama,25140229.0
2018-12-03 00:00:00+00:00,USDT,1,DeFiLlama,25140229.0
2018-12-04 00:00:00+00:00,USDT,1,DeFiLlama,25140229.0
2018-12-05 00:00:00+00:00,USDT,1,DeFiLlama,25140229.0
2018-12-06 00:00:00+00:00,USDT,1,DeFiLlama,25140229.0
2018-12-07 00:00:00+00:00,USDT,1,DeFiLlama,25140229.0
2018-12-08 00:00:00+00:00,USDT,1,DeFiLlama,25140229.0
2018-12-09 00:00:00+00:00,USDT,1,DeFiLlama,25140229.0
2018-12-10 00:00:00+00:00,USDT,1,DeFiLlama,25140229.0
2018-12-11 00:00:00+00:00,USDT,1,DeFiLlama,25140229.0
2018-12-12 00:00:00+00:00,USDT,1,DeFiLlama,25140229.0
2018-12-13 00:00:00+00:00,USDT,1,DeFiLlama,25140229.0
2018-12-14 00:00:00+00:00,USDT,1,DeFiLlama,25140229.0
2018-12-15 00:00:00+00:00,USDT,1,DeFiLlama,25140229.0
2018-12-16 00:00:00+00:00,USDT,1,DeFiLlama,25140229.0
2018-12-17 00:00:00+00:00,USDT,1,DeFiLlama,25140229.0
2018-12-18 00:00:00+00:00,USDT,1,DeFiLlama,25140229.0
2018-12-19 00:00:00+00:00,USDT,1,DeFiLlama,25140229.0
2018-12-20 00:00:00+00:00,USDT,1,DeFiLlama,25140229.0
2018-12-21 00:00:00+00:00,USDT,1,DeFiLlama,25140229.0
2018-12-22 00:00:00+00:00,USDT,1,DeFiLlama,25140229.0
2018-12-23 00:00:00+00:00,USDT,1,DeFiLlama,25140229.0
2018-12-24 00:00:00+00:00,USDT,1,DeFiLlama,25140229.0
2018-12-25 00:00:00+00:00,USDT,1,DeFiLlama,25140229.0
2018-12-26 00:00:00+00:00,USDT,1,DeFiLlama,25140229.0
2018-12-27 00:00:00+00:00,USDT,1,DeFiLlama,25140229.0
2018-12-28 00:00:00+00:00,USDT,1,DeFiLlama,25140229.0
2018-12-29 00:00:00+00:00,USDT,1,DeFiLlama,25135045.0
2018-12-30 00:00:00+00:00,USDT,1,DeFiLlama,25135045.0
2018-12-31 00:00:00+00:00,USDT,1,DeFiLlama,25135045.0
2019-01-01 00:00:00+00:00,USDT,1,DeFiLlama,25135045.0
2019-01-02 00:00:00+00:00,USDT,1,DeFiLlama,25135045.0
2019-01-03 00:00:00+00:00,USDT,1,DeFiLlama,25135045.0
2019-01-04 00:00:00+00:00,USDT,1,DeFiLlama,25135045.0
2019-01-05 00:00:00+00:00,USDT,1,DeFiLlama,25135045.0
2019-01-06 00:00:00+00:00,USDT,1,DeFiLlama,25135045.0
2019-01-07 00:00:00+00:00,USDT,1,DeFiLlama,25135045.0
2019-01-08 00:00:00+00:00,USDT,1,DeFiLlama,25135045.0
2019-01-09 00:00:00+00:00,USDT,1,DeFiLlama,25135045.0
2019-01-10 00:00:00+00:00,USDT,1,DeFiLlama,25135045.0
2019-01-11 00:00:00+00:00,USDT,1,DeFiLlama,25135045.0
2019-01-12 00:00:00+00:00,USDT,1,DeFiLlama,25135045.0
2019-01-13 00:00:00+00:00,USDT,1,DeFiLlama,25135045.0
2019-01-14 00:00:00+00:00,USDT,1,DeFiLlama,25135045.0
2019-01-15 00:00:00+00:00,USDT,1,DeFiLlama,25135045.0
2019-01-16 00:00:00+00:00,USDT,1,DeFiLlama,25135045.0
2019-01-17 00:00:00+00:00,USDT,1,DeFiLlama,25135045.0
2019-01-18 00:00:00+00:00,USDT,1,DeFiLlama,25135045.0
2019-01-19 00:00:00+00:00,USDT,1,DeFiLlama,25135045.0
2019-01-20 00:00:00+00:00,USDT,1,DeFiLlama,25135045.0
2019-01-21 00:00:00+00:00,USDT,1,DeFiLlama,25135045.0
2019-01-22 00:00:00+00:00,USDT,1,DeFiLlama,25130289.0
2019-01-23 00:00:00+00:00,USDT,1,DeFiLlama,25130289.0
2019-01-24 00:00:00+00:00,USDT,1,DeFiLlama,25130289.0
2019-01-25 00:00:00+00:00,USDT,1,DeFiLlama,25130289.0
2019-01-26 00:00:00+00:00,USDT,1,DeFiLlama,25130289.0
2019-01-27 00:00:00+00:00,USDT,1,DeFiLlama,25130289.0
2019-01-28 00:00:00+00:00,USDT,1,DeFiLlama,25130289.0
2019-01-29 00:00:00+00:00,USDT,1,DeFiLlama,25130289.0
2019-01-30 00:00:00+00:00,USDT,1,DeFiLlama,25130289.0
2019-01-31 00:00:00+00:00,USDT,1,DeFiLlama,25135045.0
2019-02-01 00:00:00+00:00,USDT,1,DeFiLlama,25135045.0
2019-02-02 00:00:00+00:00,USDT,1,DeFiLlama,25135045.0
2019-02-03 00:00:00+00:00,USDT,1,DeFiLlama,25135045.0
2019-02-04 00:00:00+00:00,USDT,1,DeFiLlama,25135045.0
2019-02-05 00:00:00+00:00,USDT,1,DeFiLlama,25135045.0
2019-02-06 00:00:00+00:00,USDT,1,DeFiLlama,25135045.0
2019-02-07 00:00:00+00:00,USDT,1,DeFiLlama,25135045.0
2019-02-08 00:00:00+00:00,USDT,1,DeFiLlama,25135045.0
2019-02-09 00:00:00+00:00,USDT,1,DeFiLlama,25135045.0
2019-02-10 00:00:00+00:00,USDT,1,DeFiLlama,25135045.0
2019-02-11 00:00:00+00:00,USDT,1,DeFiLlama,25135045.0
2019-02-12 00:00:00+00:00,USDT,1,DeFiLlama,25135045.0
2019-02-13 00:00:00+00:00,USDT,1,DeFiLlama,25135045.0
2019-02-14 00:00:00+00:00,USDT,1,DeFiLlama,25135045.0
2019-02-15 00:00:00+00:00,USDT,1,DeFiLlama,25135045.0
2019-02-16 00:00:00+00:00,USDT,1,DeFiLlama,25135045.0
2019-02-17 00:00:00+00:00,USDT,1,DeFiLlama,25135045.0
2019-02-18 00:00:00+00:00,USDT,1,DeFiLlama,25135045.0
2019-02-19 00:00:00+00:00,USDT,1,DeFiLlama,25135045.0
2019-02-20 00:00:00+00:00,USDT,1,DeFiLlama,25135045.0
2019-02-21 00:00:00+00:00,USDT,1,DeFiLlama,25135045.0
2019-02-22 00:00:00+00:00,USDT,1,DeFiLlama,25135045.0
2019-02-23 00:00:00+00:00,USDT,1,DeFiLlama,55171757.0
2019-02-24 00:00:00+00:00,USDT,1,DeFiLlama,55171757.0
2019-02-25 00:00:00+00:00,USDT,1,DeFiLlama,55171757.0
2019-02-26 00:00:00+00:00,USDT,1,DeFiLlama,55171757.0
2019-02-27 00:00:00+00:00,USDT,1,DeFiLlama,55171757.0
2019-02-28 00:00:00+00:00,USDT,1,DeFiLlama,55171757.0
2019-03-01 00:00:00+00:00,USDT,1,DeFiLlama,55171757.0
2019-03-02 00:00:00+00:00,USDT,1,DeFiLlama,55171757.0
2019-03-03 00:00:00+00:00,USDT,1,DeFiLlama,57173003.0
2019-03-04 00:00:00+00:00,USDT,1,DeFiLlama,56372024.0
2019-03-05 00:00:00+00:00,USDT,1,DeFiLlama,56372024.0
2019-03-06 00:00:00+00:00,USDT,1,DeFiLlama,56372024.0
2019-03-07 00:00:00+00:00,USDT,1,DeFiLlama,56372024.0
2019-03-08 00:00:00+00:00,USDT,1,DeFiLlama,56372024.0
2019-03-09 00:00:00+00:00,USDT,1,DeFiLlama,56372024.0
2019-03-10 00:00:00+00:00,USDT,1,DeFiLlama,56372024.0
2019-03-11 00:00:00+00:00,USDT,1,DeFiLlama,56372024.0
2019-03-12 00:00:00+00:00,USDT,1,DeFiLlama,58472491.0
2019-03-13 00:00:00+00:00,USDT,1,DeFiLlama,58472491.0
2019-03-14 00:00:00+00:00,USDT,1,DeFiLlama,58472491.0
2019-03-15 00:00:00+00:00,USDT,1,DeFiLlama,58472491.0
2019-03-16 00:00:00+00:00,USDT,1,DeFiLlama,58472491.0
2019-03-17 00:00:00+00:00,USDT,1,DeFiLlama,58472491.0
2019-03-18 00:00:00+00:00,USDT,1,DeFiLlama,58472491.0
2019-03-19 00:00:00+00:00,USDT,1,DeFiLlama,58472491.0
2019-03-20 00:00:00+00:00,USDT,1,DeFiLlama,58472491.0
2019-03-21 00:00:00+00:00,USDT,1,DeFiLlama,58472491.0
2019-03-22 00:00:00+00:00,USDT,1,DeFiLlama,58472491.0
2019-03-23 00:00:00+00:00,USDT,1,DeFiLlama,58472491.0
2019-03-24 00:00:00+00:00,USDT,1,DeFiLlama,58472491.0
2019-03-25 00:00:00+00:00,USDT,1,DeFiLlama,58472491.0
2019-03-26 00:00:00+00:00,USDT,1,DeFiLlama,58472491.0
2019-03-27 00:00:00+00:00,USDT,1,DeFiLlama,58472491.0
2019-03-28 00:00:00+00:00,USDT,1,DeFiLlama,58472491.0
2019-03-29 00:00:00+00:00,USDT,1,DeFiLlama,58472491.0
2019-03-30 00:00:00+00:00,USDT,1,DeFiLlama,58472491.0
2019-03-31 00:00:00+00:00,USDT,1,DeFiLlama,58472491.0
2019-04-01 00:00:00+00:00,USDT,1,DeFiLlama,60074449.0
2019-04-02 00:00:00+00:00,USDT,1,DeFiLlama,60074449.0
2019-04-03 00:00:00+00:00,USDT,1,DeFiLlama,60074449.0
2019-04-04 00:00:00+00:00,USDT,1,DeFiLlama,60074449.0
2019-04-05 00:00:00+00:00,USDT,1,DeFiLlama,60074449.0
2019-04-06 00:00:00+00:00,USDT,1,DeFiLlama,60074449.0
2019-04-07 00:00:00+00:00,USDT,1,DeFiLlama,60074449.0
2019-04-08 00:00:00+00:00,USDT,1,DeFiLlama,60074449.0
2019-04-09 00:00:00+00:00,USDT,1,DeFiLlama,80098924.0
2019-04-10 00:00:00+00:00,USDT,1,DeFiLlama,87608102.0
2019-04-11 00:00:00+00:00,USDT,1,DeFiLlama,129649486.0
2019-04-12 00:00:00+00:00,USDT,1,DeFiLlama,139651711.0
2019-04-13 00:00:00+00:00,USDT,1,DeFiLlama,160166285.0
2019-04-14 00:00:00+00:00,USDT,1,DeFiLlama,155160166.0
2019-04-15 00:00:00+00:00,USDT,1,DeFiLlama,155160166.0
2019-04-16 00:00:00+00:00,USDT,1,DeFiLlama,175876795.0
2019-04-17 00:00:00+00:00,USDT,1,DeFiLlama,183488488.0
2019-04-18 00:00:00+00:00,USDT,1,DeFiLlama,238890863.0
2019-04-19 00:00:00+00:00,USDT,1,DeFiLlama,244892198.0
2019-04-20 00:00:00+00:00,USDT,1,DeFiLlama,252758228.0
2019-04-21 00:00:00+00:00,USDT,1,DeFiLlama,246750886.0
2019-04-22 00:00:00+00:00,USDT,1,DeFiLlama,261755225.0
2019-04-23 00:00:00+00:00,USDT,1,DeFiLlama,261755225.0
2019-04-24 00:00:00+00:00,USDT,1,DeFiLlama,326719627.0
2019-04-25 00:00:00+00:00,USDT,1,DeFiLlama,372330517.0
2019-04-26 00:00:00+00:00,USDT,1,DeFiLlama,425761771.0
2019-04-27 00:00:00+00:00,USDT,1,DeFiLlama,406329914.0
2019-04-28 00:00:00+00:00,USDT,1,DeFiLlama,411837646.0
2019-04-29 00:00:00+00:00,USDT,1,DeFiLlama,411837646.0
2019-04-30 00:00:00+00:00,USDT,1,DeFiLlama,411837646.0
2019-05-01 00:00:00+00:00,USDT,1,DeFiLlama,411837646.0
2019-05-02 00:00:00+00:00,USDT,1,DeFiLlama,411837646.0
2019-05-03 00:00:00+00:00,USDT,1,DeFiLlama,411837646.0
2019-05-04 00:00:00+00:00,USDT,1,DeFiLlama,411837646.0
2019-05-05 00:00:00+00:00,USDT,1,DeFiLlama,411837646.0
2019-05-06 00:00:00+00:00,USDT,1,DeFiLlama,411837646.0
2019-05-07 00:00:00+00:00,USDT,1,DeFiLlama,411837646.0
2019-05-08 00:00:00+00:00,USDT,1,DeFiLlama,411837646.0
2019-05-09 00:00:00+00:00,USDT,1,DeFiLlama,411837646.0
2019-05-10 00:00:00+00:00,USDT,1,DeFiLlama,337747089.0
2019-05-11 00:00:00+00:00,USDT,1,DeFiLlama,337747089.0
2019-05-12 00:00:00+00:00,USDT,1,DeFiLlama,337747089.0
2019-05-13 00:00:00+00:00,USDT,1,DeFiLlama,337747089.0
2019-05-14 00:00:00+00:00,USDT,1,DeFiLlama,349449693.0
2019-05-15 00:00:00+00:00,USDT,1,DeFiLlama,330652585.0
2019-05-16 00:00:00+00:00,USDT,1,DeFiLlama,339322868.0
2019-05-17 00:00:00+00:00,USDT,1,DeFiLlama,347644587.0
2019-05-18 00:00:00+00:00,USDT,1,DeFiLlama,348375925.0
2019-05-19 00:00:00+00:00,USDT,1,DeFiLlama,348375925.0
2019-05-20 00:00:00+00:00,USDT,1,DeFiLlama,348375925.0
2019-05-21 00:00:00+00:00,USDT,1,DeFiLlama,373491801.0
2019-05-22 00:00:00+00:00,USDT,1,DeFiLlama,403245408.0
2019-05-23 00:00:00+00:00,USDT,1,DeFiLlama,420558835.0
2019-05-24 00:00:00+00:00,USDT,1,DeFiLlama,437343218.0
2019-05-25 00:00:00+00:00,USDT,1,DeFiLlama,478169124.0
2019-05-26 00:00:00+00:00,USDT,1,DeFiLlama,496173129.0
2019-05-27 00:00:00+00:00,USDT,1,DeFiLlama,505175131.0
2019-05-28 00:00:00+00:00,USDT,1,DeFiLlama,526454865.0
2019-05-29 00:00:00+00:00,USDT,1,DeFiLlama,537553106.0
2019-05-30 00:00:00+00:00,USDT,1,DeFiLlama,559121604.0
2019-05-31 00:00:00+00:00,USDT,1,DeFiLlama,562320016.0
2019-06-01 00:00:00+00:00,USDT,1,DeFiLlama,572690858.0
2019-06-02 00:00:00+00:00,USDT,1,DeFiLlama,574138130.0
2019-06-03 00:00:00+00:00,USDT,1,DeFiLlama,574138130.0
2019-06-04 00:00:00+00:00,USDT,1,DeFiLlama,585225371.0
2019-06-05 00:00:00+00:00,USDT,1,DeFiLlama,594520989.0
2019-06-06 00:00:00+00:00,USDT,1,DeFiLlama,617428660.0
2019-06-07 00:00:00+00:00,USDT,1,DeFiLlama,636875176.0
2019-06-08 00:00:00+00:00,USDT,1,DeFiLlama,642826800.0
2019-06-09 00:00:00+00:00,USDT,1,DeFiLlama,642826800.0
2019-06-10 00:00:00+00:00,USDT,1,DeFiLlama,644827245.0
2019-06-11 00:00:00+00:00,USDT,1,DeFiLlama,687618054.0
2019-06-12 00:00:00+00:00,USDT,1,DeFiLlama,725673093.0
2019-06-13 00:00:00+00:00,USDT,1,DeFiLlama,762314640.0
2019-06-14 00:00:00+00:00,USDT,1,DeFiLlama,789305005.0
2019-06-15 00:00:00+00:00,USDT,1,DeFiLlama,807265449.0
2019-06-16 00:00:00+00:00,USDT,1,DeFiLlama,815267229.0
2019-06-17 00:00:00+00:00,USDT,1,DeFiLlama,839272569.0
2019-06-18 00:00:00+00:00,USDT,1,DeFiLlama,884345476.0
2019-06-19 00:00:00+00:00,USDT,1,DeFiLlama,890948447.0
2019-06-20 00:00:00+00:00,USDT,1,DeFiLlama,894836313.0
2019-06-21 00:00:00+00:00,USDT,1,DeFiLlama,911894512.0
2019-06-22 00:00:00+00:00,USDT,1,DeFiLlama,931276231.0
2019-06-23 00:00:00+00:00,USDT,1,DeFiLlama,934276898.0
2019-06-24 00:00:00+00:00,USDT,1,DeFiLlama,947292807.0
2019-06-25 00:00:00+00:00,USDT,1,DeFiLlama,951748252.0
2019-06-26 00:00:00+00:00,USDT,1,DeFiLlama,972533617.0
2019-06-27 00:00:00+00:00,USDT,1,DeFiLlama,975046971.0
2019-06-28 00:00:00+00:00,USDT,1,DeFiLlama,978167269.0
2019-06-29 00:00:00+00:00,USDT,1,DeFiLlama,992900328.0
2019-06-30 00:00:00+00:00,USDT,1,DeFiLlama,1019933369.0
2019-07-01 00:00:00+00:00,USDT,1,DeFiLlama,1019933369.0
2019-07-02 00:00:00+00:00,USDT,1,DeFiLlama,1054175020.0
2019-07-03 00:00:00+00:00,USDT,1,DeFiLlama,1066003423.0
2019-07-04 00:00:00+00:00,USDT,1,DeFiLlama,1119131556.0
2019-07-05 00:00:00+00:00,USDT,1,DeFiLlama,1156211827.0
2019-07-06 00:00:00+00:00,USDT,1,DeFiLlama,1200463506.0
2019-07-07 00:00:00+00:00,USDT,1,DeFiLlama,1215975466.0
2019-07-08 00:00:00+00:00,USDT,1,DeFiLlama,1225977691.0
2019-07-09 00:00:00+00:00,USDT,1,DeFiLlama,1293801437.0
2019-07-10 00:00:00+00:00,USDT,1,DeFiLlama,1340320948.0
2019-07-11 00:00:00+00:00,USDT,1,DeFiLlama,1341616254.0
2019-07-12 00:00:00+00:00,USDT,1,DeFiLlama,1371635592.0
2019-07-13 00:00:00+00:00,USDT,1,DeFiLlama,1447440659.0
2019-07-14 00:00:00+00:00,USDT,1,DeFiLlama,1447440659.0
2019-07-15 00:00:00+00:00,USDT,1,DeFiLlama,1452446778.0
2019-07-16 00:00:00+00:00,USDT,1,DeFiLlama,1472340787.0
2019-07-17 00:00:00+00:00,USDT,1,DeFiLlama,1484490345.0
2019-07-18 00:00:00+00:00,USDT,1,DeFiLlama,1498291243.0
2019-07-19 00:00:00+00:00,USDT,1,DeFiLlama,1522826972.0
2019-07-20 00:00:00+00:00,USDT,1,DeFiLlama,1538554156.0
2019-07-21 00:00:00+00:00,USDT,1,DeFiLlama,1539705563.0
2019-07-22 00:00:00+00:00,USDT,1,DeFiLlama,1539705563.0
2019-07-23 00:00:00+00:00,USDT,1,DeFiLlama,1541429346.0
2019-07-24 00:00:00+00:00,USDT,1,DeFiLlama,1537207687.0
2019-07-25 00:00:00+00:00,USDT,1,DeFiLlama,1536503326.0
2019-07-26 00:00:00+00:00,USDT,1,DeFiLlama,1537278273.0
2019-07-27 00:00:00+00:00,USDT,1,DeFiLlama,1527266937.0
2019-07-28 00:00:00+00:00,USDT,1,DeFiLlama,1530267604.0
2019-07-29 00:00:00+00:00,USDT,1,DeFiLlama,1530267604.0
2019-07-30 00:00:00+00:00,USDT,1,DeFiLlama,1530267604.0
2019-07-31 00:00:00+00:00,USDT,1,DeFiLlama,1533022829.0
2019-08-01 00:00:00+00:00,USDT,1,DeFiLlama,1532971367.0
2019-08-02 00:00:00+00:00,USDT,1,DeFiLlama,1532971367.0
2019-08-03 00:00:00+00:00,USDT,1,DeFiLlama,1532971367.0
2019-08-04 00:00:00+00:00,USDT,1,DeFiLlama,1532971367.0
2019-08-05 00:00:00+00:00,USDT,1,DeFiLlama,1538973703.0
2019-08-06 00:00:00+00:00,USDT,1,DeFiLlama,1626754988.0
2019-08-07 00:00:00+00:00,USDT,1,DeFiLlama,1626754988.0
2019-08-08 00:00:00+00:00,USDT,1,DeFiLlama,1635615818.0
2019-08-09 00:00:00+00:00,USDT,1,DeFiLlama,1634795315.0
2019-08-10 00:00:00+00:00,USDT,1,DeFiLlama,1635298523.0
2019-08-11 00:00:00+00:00,USDT,1,DeFiLlama,1635298523.0
2019-08-12 00:00:00+00:00,USDT,1,DeFiLlama,1635298523.0
2019-08-13 00:00:00+00:00,USDT,1,DeFiLlama,1634628705.0
2019-08-14 00:00:00+00:00,USDT,1,DeFiLlama,1634628705.0
2019-08-15 00:00:00+00:00,USDT,1,DeFiLlama,1634628705.0
2019-08-16 00:00:00+00:00,USDT,1,DeFiLlama,1635232948.0
2019-08-17 00:00:00+00:00,USDT,1,DeFiLlama,1635682378.0
2019-08-18 00:00:00+00:00,USDT,1,DeFiLlama,1635682378.0
2019-08-19 00:00:00+00:00,USDT,1,DeFiLlama,1635682378.0
2019-08-20 00:00:00+00:00,USDT,1,DeFiLlama,1635982424.0
2019-08-21 00:00:00+00:00,USDT,1,DeFiLlama,1635982424.0
2019-08-22 00:00:00+00:00,USDT,1,DeFiLlama,1635982424.0
2019-08-23 00:00:00+00:00,USDT,1,DeFiLlama,1636184662.0
2019-08-24 00:00:00+00:00,USDT,1,DeFiLlama,1641188778.0
2019-08-25 00:00:00+00:00,USDT,1,DeFiLlama,1641188778.0
2019-08-26 00:00:00+00:00,USDT,1,DeFiLlama,1643189223.0
2019-08-27 00:00:00+00:00,USDT,1,DeFiLlama,1648195341.0
2019-08-28 00:00:00+00:00,USDT,1,DeFiLlama,1647534534.0
2019-08-29 00:00:00+00:00,USDT,1,DeFiLlama,1653571027.0
2019-08-30 00:00:00+00:00,USDT,1,DeFiLlama,1656158582.0
2019-08-31 00:00:00+00:00,USDT,1,DeFiLlama,1656515936.0
2019-09-01 00:00:00+00:00,USDT,1,DeFiLlama,1655758410.0
2019-09-02 00:00:00+00:00,USDT,1,DeFiLlama,1654556941.0
2019-09-03 00:00:00+00:00,USDT,1,DeFiLlama,1664567176.0
2019-09-04 00:00:00+00:00,USDT,1,DeFiLlama,1675529532.0
2019-09-05 00:00:00+00:00,USDT,1,DeFiLlama,1683318967.0
2019-09-06 00:00:00+00:00,USDT,1,DeFiLlama,1688320080.0
2019-09-07 00:00:00+00:00,USDT,1,DeFiLlama,1717159296.0
2019-09-08 00:00:00+00:00,USDT,1,DeFiLlama,1719159741.0
2019-09-09 00:00:00+00:00,USDT,1,DeFiLlama,1719159741.0
2019-09-10 00:00:00+00:00,USDT,1,DeFiLlama,1724165860.0
2019-09-11 00:00:00+00:00,USDT,1,DeFiLlama,1736180555.0
2019-09-12 00:00:00+00:00,USDT,1,DeFiLlama,1735556692.0
2019-09-13 00:00:00+00:00,USDT,1,DeFiLlama,2040203052.0
2019-09-14 00:00:00+00:00,USDT,1,DeFiLlama,2053421696.0
2019-09-15 00:00:00+00:00,USDT,1,DeFiLlama,2055922253.0
2019-09-16 00:00:00+00:00,USDT,1,DeFiLlama,2055922253.0
2019-09-17 00:00:00+00:00,USDT,1,DeFiLlama,2055922253.0
2019-09-18 00:00:00+00:00,USDT,1,DeFiLlama,2055922253.0
2019-09-19 00:00:00+00:00,USDT,1,DeFiLlama,2054275039.0
2019-09-20 00:00:00+00:00,USDT,1,DeFiLlama,2059276152.0
2019-09-21 00:00:00+00:00,USDT,1,DeFiLlama,2059276152.0
2019-09-22 00:00:00+00:00,USDT,1,DeFiLlama,2059276152.0
2019-09-23 00:00:00+00:00,USDT,1,DeFiLlama,2059701126.0
2019-09-24 00:00:00+00:00,USDT,1,DeFiLlama,2059701126.0
2019-09-25 00:00:00+00:00,USDT,1,DeFiLlama,2069941557.0
2019-09-26 00:00:00+00:00,USDT,1,DeFiLlama,2064689559.0
2019-09-27 00:00:00+00:00,USDT,1,DeFiLlama,2063898826.0
2019-09-28 00:00:00+00:00,USDT,1,DeFiLlama,2066774127.0
2019-09-29 00:00:00+00:00,USDT,1,DeFiLlama,2068774572.0
2019-09-30 00:00:00+00:00,USDT,1,DeFiLlama,2074781914.0
2019-10-01 00:00:00+00:00,USDT,1,DeFiLlama,2087052748.0
2019-10-02 00:00:00+00:00,USDT,1,DeFiLlama,2105260101.0
2019-10-03 00:00:00+00:00,USDT,1,DeFiLlama,2107262549.0
2019-10-04 00:00:00+00:00,USDT,1,DeFiLlama,2119877968.0
2019-10-05 00:00:00+00:00,USDT,1,DeFiLlama,2124466070.0
2019-10-06 00:00:00+00:00,USDT,1,DeFiLlama,2125967905.0
2019-10-07 00:00:00+00:00,USDT,1,DeFiLlama,2147381678.0
2019-10-08 00:00:00+00:00,USDT,1,DeFiLlama,2159388353.0
2019-10-09 00:00:00+00:00,USDT,1,DeFiLlama,2162692091.0
2019-10-10 00:00:00+00:00,USDT,1,DeFiLlama,2168198822.0
2019-10-11 00:00:00+00:00,USDT,1,DeFiLlama,2198423263.0
2019-10-12 00:00:00+00:00,USDT,1,DeFiLlama,2193578508.0
2019-10-13 00:00:00+00:00,USDT,1,DeFiLlama,2193578508.0
2019-10-14 00:00:00+00:00,USDT,1,DeFiLlama,2196081567.0
2019-10-15 00:00:00+00:00,USDT,1,DeFiLlama,2194079120.0
2019-10-16 00:00:00+00:00,USDT,1,DeFiLlama,2195629444.0
2019-10-17 00:00:00+00:00,USDT,1,DeFiLlama,2195749426.0
2019-10-18 00:00:00+00:00,USDT,1,DeFiLlama,2216474757.0
2019-10-19 00:00:00+00:00,USDT,1,DeFiLlama,2226486994.0
2019-10-20 00:00:00+00:00,USDT,1,DeFiLlama,2234496784.0
2019-10-21 00:00:00+00:00,USDT,1,DeFiLlama,2264528490.0
2019-10-22 00:00:00+00:00,USDT,1,DeFiLlama,2271435026.0
2019-10-23 00:00:00+00:00,USDT,1,DeFiLlama,2285193092.0
2019-10-24 00:00:00+00:00,USDT,1,DeFiLlama,2371298333.0
2019-10-25 00:00:00+00:00,USDT,1,DeFiLlama,2457468140.0
2019-10-26 00:00:00+00:00,USDT,1,DeFiLlama,2396633932.0
2019-10-27 00:00:00+00:00,USDT,1,DeFiLlama,2401809258.0
2019-10-28 00:00:00+00:00,USDT,1,DeFiLlama,2402796465.0
2019-10-29 00:00:00+00:00,USDT,1,DeFiLlama,2403572101.0
2019-10-30 00:00:00+00:00,USDT,1,DeFiLlama,2738087164.0
2019-10-31 00:00:00+00:00,USDT,1,DeFiLlama,2754323912.0
2019-11-01 00:00:00+00:00,USDT,1,DeFiLlama,2732514055.0
2019-11-02 00:00:00+00:00,USDT,1,DeFiLlama,2744824735.0
2019-11-03 00:00:00+00:00,USDT,1,DeFiLlama,2744874846.0
2019-11-04 00:00:00+00:00,USDT,1,DeFiLlama,2747377905.0
2019-11-05 00:00:00+00:00,USDT,1,DeFiLlama,2750265274.0
2019-11-06 00:00:00+00:00,USDT,1,DeFiLlama,2754371773.0
2019-11-07 00:00:00+00:00,USDT,1,DeFiLlama,2755408040.0
2019-11-08 00:00:00+00:00,USDT,1,DeFiLlama,2756974955.0
2019-11-09 00:00:00+00:00,USDT,1,DeFiLlama,2758306769.0
2019-11-10 00:00:00+00:00,USDT,1,DeFiLlama,2758306769.0
2019-11-11 00:00:00+00:00,USDT,1,DeFiLlama,2758306769.0
2019-11-12 00:00:00+00:00,USDT,1,DeFiLlama,2758306769.0
2019-11-13 00:00:00+00:00,USDT,1,DeFiLlama,2758481983.0
2019-11-14 00:00:00+00:00,USDT,1,DeFiLlama,2758665024.0
2019-11-15 00:00:00+00:00,USDT,1,DeFiLlama,2758721197.0
2019-11-16 00:00:00+00:00,USDT,1,DeFiLlama,2758861229.0
2019-11-17 00:00:00+00:00,USDT,1,DeFiLlama,2758861229.0
2019-11-18 00:00:00+00:00,USDT,1,DeFiLlama,2759032438.0
2019-11-19 00:00:00+00:00,USDT,1,DeFiLlama,2759506217.0
2019-11-20 00:00:00+00:00,USDT,1,DeFiLlama,2760507441.0
2019-11-21 00:00:00+00:00,USDT,1,DeFiLlama,2762618020.0
2019-11-22 00:00:00+00:00,USDT,1,DeFiLlama,2780123416.0
2019-11-23 00:00:00+00:00,USDT,1,DeFiLlama,2811161352.0
2019-11-24 00:00:00+00:00,USDT,1,DeFiLlama,2781124640.0
2019-11-25 00:00:00+00:00,USDT,1,DeFiLlama,2786125752.0
2019-11-26 00:00:00+00:00,USDT,1,DeFiLlama,2815492976.0
2019-11-27 00:00:00+00:00,USDT,1,DeFiLlama,2815492976.0
2019-11-28 00:00:00+00:00,USDT,1,DeFiLlama,2826730720.0
2019-11-29 00:00:00+00:00,USDT,1,DeFiLlama,2831634664.0
2019-11-30 00:00:00+00:00,USDT,1,DeFiLlama,2833629105.0
2019-12-01 00:00:00+00:00,USDT,1,DeFiLlama,2833624099.0
2019-12-02 00:00:00+00:00,USDT,1,DeFiLlama,2833624099.0
2019-12-03 00:00:00+00:00,USDT,1,DeFiLlama,2836946477.0
2019-12-04 00:00:00+00:00,USDT,1,DeFiLlama,2836965158.0
2019-12-05 00:00:00+00:00,USDT,1,DeFiLlama,2847753530.0
2019-12-06 00:00:00+00:00,USDT,1,DeFiLlama,2847754791.0
2019-12-07 00:00:00+00:00,USDT,1,DeFiLlama,2852254292.0
2019-12-08 00:00:00+00:00,USDT,1,DeFiLlama,2861615734.0
2019-12-09 00:00:00+00:00,USDT,1,DeFiLlama,2861715856.0
2019-12-10 00:00:00+00:00,USDT,1,DeFiLlama,2875480764.0
2019-12-11 00:00:00+00:00,USDT,1,DeFiLlama,3129491782.0
2019-12-12 00:00:00+00:00,USDT,1,DeFiLlama,3114284097.0
2019-12-13 00:00:00+00:00,USDT,1,DeFiLlama,3120472909.0
2019-12-14 00:00:00+00:00,USDT,1,DeFiLlama,3120628895.0
2019-12-15 00:00:00+00:00,USDT,1,DeFiLlama,3120628895.0
2019-12-16 00:00:00+00:00,USDT,1,DeFiLlama,3120628895.0
2019-12-17 00:00:00+00:00,USDT,1,DeFiLlama,3132860312.0
2019-12-18 00:00:00+00:00,USDT,1,DeFiLlama,3140230339.0
2019-12-19 00:00:00+00:00,USDT,1,DeFiLlama,3156050193.0
2019-12-20 00:00:00+00:00,USDT,1,DeFiLlama,3169122565.0
2019-12-21 00:00:00+00:00,USDT,1,DeFiLlama,3182698328.0
2019-12-22 00:00:00+00:00,USDT,1,DeFiLlama,3175990129.0
2019-12-23 00:00:00+00:00,USDT,1,DeFiLlama,3175990129.0
2019-12-24 00:00:00+00:00,USDT,1,DeFiLlama,3190116194.0
2019-12-25 00:00:00+00:00,USDT,1,DeFiLlama,3193937515.0
2019-12-26 00:00:00+00:00,USDT,1,DeFiLlama,3197005131.0
2019-12-27 00:00:00+00:00,USDT,1,DeFiLlama,3197005131.0
2019-12-28 00:00:00+00:00,USDT,1,DeFiLlama,3202217741.0
2019-12-29 00:00:00+00:00,USDT,1,DeFiLlama,3197782586.0
2019-12-30 00:00:00+00:00,USDT,1,DeFiLlama,3199180739.0
2019-12-31 00:00:00+00:00,USDT,1,DeFiLlama,3202749166.0
2020-01-01 00:00:00+00:00,USDT,1,DeFiLlama,3202749166.0
2020-01-02 00:00:00+00:00,USDT,1,DeFiLlama,3204895789.0
2020-01-03 00:00:00+00:00,USDT,1,DeFiLlama,4294147033.0
2020-01-04 00:00:00+00:00,USDT,1,DeFiLlama,4288264296.0
2020-01-05 00:00:00+00:00,USDT,1,DeFiLlama,4292467245.0
2020-01-06 00:00:00+00:00,USDT,1,DeFiLlama,4286630972.0
2020-01-07 00:00:00+00:00,USDT,1,DeFiLlama,4290588237.0
2020-01-08 00:00:00+00:00,USDT,1,DeFiLlama,4284546040.0
2020-01-09 00:00:00+00:00,USDT,1,DeFiLlama,4279214688.0
2020-01-10 00:00:00+00:00,USDT,1,DeFiLlama,4292188135.0
2020-01-11 00:00:00+00:00,USDT,1,DeFiLlama,4293588919.0
2020-01-12 00:00:00+00:00,USDT,1,DeFiLlama,4278548733.0
2020-01-13 00:00:00+00:00,USDT,1,DeFiLlama,4286587067.0
2020-01-14 00:00:00+00:00,USDT,1,DeFiLlama,4287600786.0
2020-01-15 00:00:00+00:00,USDT,1,DeFiLlama,4283762714.0
2020-01-16 00:00:00+00:00,USDT,1,DeFiLlama,4291378507.0
2020-01-17 00:00:00+00:00,USDT,1,DeFiLlama,4283055659.0
2020-01-18 00:00:00+00:00,USDT,1,DeFiLlama,4285098207.0
2020-01-19 00:00:00+00:00,USDT,1,DeFiLlama,4283052539.0
2020-01-20 00:00:00+00:00,USDT,1,DeFiLlama,4287847816.0
2020-01-21 00:00:00+00:00,USDT,1,DeFiLlama,4286566966.0
2020-01-22 00:00:00+00:00,USDT,1,DeFiLlama,4288715246.0
2020-01-23 00:00:00+00:00,USDT,1,DeFiLlama,4288127505.0
2020-01-24 00:00:00+00:00,USDT,1,DeFiLlama,4284820038.0
2020-01-25 00:00:00+00:00,USDT,1,DeFiLlama,4294999700.0
2020-01-26 00:00:00+00:00,USDT,1,DeFiLlama,4288890023.0
2020-01-27 00:00:00+00:00,USDT,1,DeFiLlama,4290972872.0
2020-01-28 00:00:00+00:00,USDT,1,DeFiLlama,4282659170.0
2020-01-29 00:00:00+00:00,USDT,1,DeFiLlama,4300415338.0
2020-01-30 00:00:00+00:00,USDT,1,DeFiLlama,4281947841.0
2020-01-31 00:00:00+00:00,USDT,1,DeFiLlama,4283134661.0
2020-02-01 00:00:00+00:00,USDT,1,DeFiLlama,4282512545.0
2020-02-02 00:00:00+00:00,USDT,1,DeFiLlama,4284534501.0
2020-02-03 00:00:00+00:00,USDT,1,DeFiLlama,4290876142.0
2020-02-04 00:00:00+00:00,USDT,1,DeFiLlama,4296903610.0
2020-02-05 00:00:00+00:00,USDT,1,DeFiLlama,4284925056.0
2020-02-06 00:00:00+00:00,USDT,1,DeFiLlama,4286525869.0
2020-02-07 00:00:00+00:00,USDT,1,DeFiLlama,4285402776.0
2020-02-08 00:00:00+00:00,USDT,1,DeFiLlama,4288675899.0
2020-02-09 00:00:00+00:00,USDT,1,DeFiLlama,4288687148.0
2020-02-10 00:00:00+00:00,USDT,1,DeFiLlama,4309514119.0
2020-02-11 00:00:00+00:00,USDT,1,DeFiLlama,4299212321.0
2020-02-12 00:00:00+00:00,USDT,1,DeFiLlama,4293662170.0
2020-02-13 00:00:00+00:00,USDT,1,DeFiLlama,4282216353.0
2020-02-14 00:00:00+00:00,USDT,1,DeFiLlama,4284488565.0
2020-02-15 00:00:00+00:00,USDT,1,DeFiLlama,4288804545.0
2020-02-16 00:00:00+00:00,USDT,1,DeFiLlama,4287366847.0
2020-02-17 00:00:00+00:00,USDT,1,DeFiLlama,4292440915.0
2020-02-18 00:00:00+00:00,USDT,1,DeFiLlama,4301810937.0
2020-02-19 00:00:00+00:00,USDT,1,DeFiLlama,4290570257.0
2020-02-20 00:00:00+00:00,USDT,1,DeFiLlama,4288117689.0
2020-02-21 00:00:00+00:00,USDT,1,DeFiLlama,4292906777.0
2020-02-22 00:00:00+00:00,USDT,1,DeFiLlama,4291435053.0
2020-02-23 00:00:00+00:00,USDT,1,DeFiLlama,4290374556.0
2020-02-24 00:00:00+00:00,USDT,1,DeFiLlama,4299711386.0
2020-02-25 00:00:00+00:00,USDT,1,DeFiLlama,4294477106.0
2020-02-26 00:00:00+00:00,USDT,1,DeFiLlama,4289510357.0
2020-02-27 00:00:00+00:00,USDT,1,DeFiLlama,4284594633.0
2020-02-28 00:00:00+00:00,USDT,1,DeFiLlama,4295751896.0
2020-02-29 00:00:00+00:00,USDT,1,DeFiLlama,4289826703.0
2020-03-01 00:00:00+00:00,USDT,1,DeFiLlama,4286947336.0
2020-03-02 00:00:00+00:00,USDT,1,DeFiLlama,4292832910.0
2020-03-03 00:00:00+00:00,USDT,1,DeFiLlama,4292859563.0
2020-03-04 00:00:00+00:00,USDT,1,DeFiLlama,4296099741.0
2020-03-05 00:00:00+00:00,USDT,1,DeFiLlama,4299412963.0
2020-03-06 00:00:00+00:00,USDT,1,DeFiLlama,4288694378.0
2020-03-07 00:00:00+00:00,USDT,1,DeFiLlama,4297448182.0
2020-03-08 00:00:00+00:00,USDT,1,DeFiLlama,4293329965.0
2020-03-09 00:00:00+00:00,USDT,1,DeFiLlama,4268012931.0
2020-03-10 00:00:00+00:00,USDT,1,DeFiLlama,4305102000.0
2020-03-11 00:00:00+00:00,USDT,1,DeFiLlama,4306394044.0
2020-03-12 00:00:00+00:00,USDT,1,DeFiLlama,4316732712.0
2020-03-13 00:00:00+00:00,USDT,1,DeFiLlama,4313653952.0
2020-03-14 00:00:00+00:00,USDT,1,DeFiLlama,4346124827.0
2020-03-15 00:00:00+00:00,USDT,1,DeFiLlama,4276306117.0
2020-03-16 00:00:00+00:00,USDT,1,DeFiLlama,4299087049.0
2020-03-17 00:00:00+00:00,USDT,1,DeFiLlama,4322883000.0
2020-03-18 00:00:00+00:00,USDT,1,DeFiLlama,4311853244.0
2020-03-19 00:00:00+00:00,USDT,1,DeFiLlama,4236900415.0
2020-03-20 00:00:00+00:00,USDT,1,DeFiLlama,4300149775.0
2020-03-21 00:00:00+00:00,USDT,1,DeFiLlama,4347379672.0
2020-03-22 00:00:00+00:00,USDT,1,DeFiLlama,4279990578.0
2020-03-23 00:00:00+00:00,USDT,1,DeFiLlama,4304139681.0
2020-03-24 00:00:00+00:00,USDT,1,DeFiLlama,4303803172.0
2020-03-25 00:00:00+00:00,USDT,1,DeFiLlama,4292316855.0
2020-03-26 00:00:00+00:00,USDT,1,DeFiLlama,4309623324.0
2020-03-27 00:00:00+00:00,USDT,1,DeFiLlama,4305458392.0
2020-03-28 00:00:00+00:00,USDT,1,DeFiLlama,4290503146.0
2020-03-29 00:00:00+00:00,USDT,1,DeFiLlama,4296903111.0
2020-03-30 00:00:00+00:00,USDT,1,DeFiLlama,4304158081.0
2020-03-31 00:00:00+00:00,USDT,1,DeFiLlama,4308833670.0
2020-04-01 00:00:00+00:00,USDT,1,DeFiLlama,4287695812.0
2020-04-02 00:00:00+00:00,USDT,1,DeFiLlama,4303724735.0
2020-04-03 00:00:00+00:00,USDT,1,DeFiLlama,6316618407.0
2020-04-04 00:00:00+00:00,USDT,1,DeFiLlama,6353351840.0
2020-04-05 00:00:00+00:00,USDT,1,DeFiLlama,6348935450.0
2020-04-06 00:00:00+00:00,USDT,1,DeFiLlama,6365639884.0
2020-04-07 00:00:00+00:00,USDT,1,DeFiLlama,6356766280.0
2020-04-08 00:00:00+00:00,USDT,1,DeFiLlama,6345296339.0
2020-04-09 00:00:00+00:00,USDT,1,DeFiLlama,6350551039.0
2020-04-10 00:00:00+00:00,USDT,1,DeFiLlama,6359522075.0
2020-04-11 00:00:00+00:00,USDT,1,DeFiLlama,6368069524.0
2020-04-12 00:00:00+00:00,USDT,1,DeFiLlama,6365917574.0
2020-04-13 00:00:00+00:00,USDT,1,DeFiLlama,6368496094.0
2020-04-14 00:00:00+00:00,USDT,1,DeFiLlama,6350394014.0
2020-04-15 00:00:00+00:00,USDT,1,DeFiLlama,6360881578.0
2020-04-16 00:00:00+00:00,USDT,1,DeFiLlama,6346125104.0
2020-04-17 00:00:00+00:00,USDT,1,DeFiLlama,6375112823.0
2020-04-18 00:00:00+00:00,USDT,1,DeFiLlama,6362720389.0
2020-04-19 00:00:00+00:00,USDT,1,DeFiLlama,6356049300.0
2020-04-20 00:00:00+00:00,USDT,1,DeFiLlama,6377971810.0
2020-04-21 00:00:00+00:00,USDT,1,DeFiLlama,6376995727.0
2020-04-22 00:00:00+00:00,USDT,1,DeFiLlama,6363623698.0
2020-04-23 00:00:00+00:00,USDT,1,DeFiLlama,7141963467.0
2020-04-24 00:00:00+00:00,USDT,1,DeFiLlama,7110660232.0
2020-04-25 00:00:00+00:00,USDT,1,DeFiLlama,7118126040.0
2020-04-26 00:00:00+00:00,USDT,1,DeFiLlama,7134033816.0
2020-04-27 00:00:00+00:00,USDT,1,DeFiLlama,7148595141.0
2020-04-28 00:00:00+00:00,USDT,1,DeFiLlama,7158071578.0
2020-04-29 00:00:00+00:00,USDT,1,DeFiLlama,7143153854.0
2020-04-30 00:00:00+00:00,USDT,1,DeFiLlama,7701481659.0
2020-05-01 00:00:00+00:00,USDT,1,DeFiLlama,7709007542.0
2020-05-02 00:00:00+00:00,USDT,1,DeFiLlama,7802266077.0
2020-05-03 00:00:00+00:00,USDT,1,DeFiLlama,7811299049.0
2020-05-04 00:00:00+00:00,USDT,1,DeFiLlama,7830436054.0
2020-05-05 00:00:00+00:00,USDT,1,DeFiLlama,7800490142.0
2020-05-06 00:00:00+00:00,USDT,1,DeFiLlama,7870826044.0
2020-05-07 00:00:00+00:00,USDT,1,DeFiLlama,7940640647.0
2020-05-08 00:00:00+00:00,USDT,1,DeFiLlama,8088940614.0
2020-05-09 00:00:00+00:00,USDT,1,DeFiLlama,8165813896.0
2020-05-10 00:00:00+00:00,USDT,1,DeFiLlama,8323595965.0
2020-05-11 00:00:00+00:00,USDT,1,DeFiLlama,8483584794.0
2020-05-12 00:00:00+00:00,USDT,1,DeFiLlama,8502077770.0
2020-05-13 00:00:00+00:00,USDT,1,DeFiLlama,8650745988.0
2020-05-14 00:00:00+00:00,USDT,1,DeFiLlama,8644989880.0
2020-05-15 00:00:00+00:00,USDT,1,DeFiLlama,8818569422.0
2020-05-16 00:00:00+00:00,USDT,1,DeFiLlama,8875695873.0
2020-05-17 00:00:00+00:00,USDT,1,DeFiLlama,8898205032.0
2020-05-18 00:00:00+00:00,USDT,1,DeFiLlama,8986780487.0
2020-05-19 00:00:00+00:00,USDT,1,DeFiLlama,8957346300.0
2020-05-20 00:00:00+00:00,USDT,1,DeFiLlama,8936063320.0
2020-05-21 00:00:00+00:00,USDT,1,DeFiLlama,8960715870.0
2020-05-22 00:00:00+00:00,USDT,1,DeFiLlama,8947968209.0
2020-05-23 00:00:00+00:00,USDT,1,DeFiLlama,8915732164.0
2020-05-24 00:00:00+00:00,USDT,1,DeFiLlama,8923800827.0
2020-05-25 00:00:00+00:00,USDT,1,DeFiLlama,8984050799.0
2020-05-26 00:00:00+00:00,USDT,1,DeFiLlama,9016168818.0
2020-05-27 00:00:00+00:00,USDT,1,DeFiLlama,9012006355.0
2020-05-28 00:00:00+00:00,USDT,1,DeFiLlama,9026103799.0
2020-05-29 00:00:00+00:00,USDT,1,DeFiLlama,9045936575.0
2020-05-30 00:00:00+00:00,USDT,1,DeFiLlama,9057814520.0
2020-05-31 00:00:00+00:00,USDT,1,DeFiLlama,9118991577.0
2020-06-01 00:00:00+00:00,USDT,1,DeFiLlama,9098123542.0
2020-06-02 00:00:00+00:00,USDT,1,DeFiLlama,9142380570.0
2020-06-03 00:00:00+00:00,USDT,1,DeFiLlama,9223367695.0
2020-06-04 00:00:00+00:00,USDT,1,DeFiLlama,9234767444.0
2020-06-05 00:00:00+00:00,USDT,1,DeFiLlama,9276264250.0
2020-06-06 00:00:00+00:00,USDT,1,DeFiLlama,9279327029.0
2020-06-07 00:00:00+00:00,USDT,1,DeFiLlama,9292707575.0
2020-06-08 00:00:00+00:00,USDT,1,DeFiLlama,9316354831.0
2020-06-09 00:00:00+00:00,USDT,1,DeFiLlama,9342401248.0
2020-06-10 00:00:00+00:00,USDT,1,DeFiLlama,9362227761.0
2020-06-11 00:00:00+00:00,USDT,1,DeFiLlama,9420206400.0
2020-06-12 00:00:00+00:00,USDT,1,DeFiLlama,9447793302.0
2020-06-13 00:00:00+00:00,USDT,1,DeFiLlama,9497907980.0
2020-06-14 00:00:00+00:00,USDT,1,DeFiLlama,9493526351.0
2020-06-15 00:00:00+00:00,USDT,1,DeFiLlama,9505210735.0
2020-06-16 00:00:00+00:00,USDT,1,DeFiLlama,9530385290.0
2020-06-17 00:00:00+00:00,USDT,1,DeFiLlama,9556323082.0
2020-06-18 00:00:00+00:00,USDT,1,DeFiLlama,9561533922.0
2020-06-19 00:00:00+00:00,USDT,1,DeFiLlama,9586669049.0
2020-06-20 00:00:00+00:00,USDT,1,DeFiLlama,9626157899.0
2020-06-21 00:00:00+00:00,USDT,1,DeFiLlama,9638950984.0
2020-06-22 00:00:00+00:00,USDT,1,DeFiLlama,9633998233.0
2020-06-23 00:00:00+00:00,USDT,1,DeFiLlama,9642285083.0
2020-06-24 00:00:00+00:00,USDT,1,DeFiLlama,9613742781.0
2020-06-25 00:00:00+00:00,USDT,1,DeFiLlama,9627180870.0
2020-06-26 00:00:00+00:00,USDT,1,DeFiLlama,9604616740.0
2020-06-27 00:00:00+00:00,USDT,1,DeFiLlama,9641109547.0
2020-06-28 00:00:00+00:00,USDT,1,DeFiLlama,9650495436.0
2020-06-29 00:00:00+00:00,USDT,1,DeFiLlama,9646174769.0
2020-06-30 00:00:00+00:00,USDT,1,DeFiLlama,9640450953.0
2020-07-01 00:00:00+00:00,USDT,1,DeFiLlama,9649635777.0
2020-07-02 00:00:00+00:00,USDT,1,DeFiLlama,9650900551.0
2020-07-03 00:00:00+00:00,USDT,1,DeFiLlama,9659735977.0
2020-07-04 00:00:00+00:00,USDT,1,DeFiLlama,9655158622.0
2020-07-05 00:00:00+00:00,USDT,1,DeFiLlama,9716136611.0
2020-07-06 00:00:00+00:00,USDT,1,DeFiLlama,9720692125.0
2020-07-07 00:00:00+00:00,USDT,1,DeFiLlama,9724794081.0
2020-07-08 00:00:00+00:00,USDT,1,DeFiLlama,9746673222.0
2020-07-09 00:00:00+00:00,USDT,1,DeFiLlama,9748883141.0
2020-07-10 00:00:00+00:00,USDT,1,DeFiLlama,9795842095.0
2020-07-11 00:00:00+00:00,USDT,1,DeFiLlama,9815664537.0
2020-07-12 00:00:00+00:00,USDT,1,DeFiLlama,9836444251.0
2020-07-13 00:00:00+00:00,USDT,1,DeFiLlama,9835266550.0
2020-07-14 00:00:00+00:00,USDT,1,DeFiLlama,9860411608.0
2020-07-15 00:00:00+00:00,USDT,1,DeFiLlama,9857383868.0
2020-07-16 00:00:00+00:00,USDT,1,DeFiLlama,9870819091.0
2020-07-17 00:00:00+00:00,USDT,1,DeFiLlama,9892351278.0
2020-07-18 00:00:00+00:00,USDT,1,DeFiLlama,9892498817.0
2020-07-19 00:00:00+00:00,USDT,1,DeFiLlama,9896459995.0
2020-07-20 00:00:00+00:00,USDT,1,DeFiLlama,9926096284.0
2020-07-21 00:00:00+00:00,USDT,1,DeFiLlama,9925705061.0
2020-07-22 00:00:00+00:00,USDT,1,DeFiLlama,9933800280.0
2020-07-23 00:00:00+00:00,USDT,1,DeFiLlama,10028470171.0
2020-07-24 00:00:00+00:00,USDT,1,DeFiLlama,10075206623.0
2020-07-25 00:00:00+00:00,USDT,1,DeFiLlama,10174999299.0
2020-07-26 00:00:00+00:00,USDT,1,DeFiLlama,10225679099.0
2020-07-27 00:00:00+00:00,USDT,1,DeFiLlama,10229174280.0
2020-07-28 00:00:00+00:00,USDT,1,DeFiLlama,10175690456.0
2020-07-29 00:00:00+00:00,USDT,1,DeFiLlama,10485012027.0
2020-07-30 00:00:00+00:00,USDT,1,DeFiLlama,10630848891.0
2020-07-31 00:00:00+00:00,USDT,1,DeFiLlama,10720967880.0
2020-08-01 00:00:00+00:00,USDT,1,DeFiLlama,10791678936.0
2020-08-02 00:00:00+00:00,USDT,1,DeFiLlama,10954638663.0
2020-08-03 00:00:00+00:00,USDT,1,DeFiLlama,11075886560.0
2020-08-04 00:00:00+00:00,USDT,1,DeFiLlama,11132240888.0
2020-08-05 00:00:00+00:00,USDT,1,DeFiLlama,11195893149.0
2020-08-06 00:00:00+00:00,USDT,1,DeFiLlama,11266700133.0
2020-08-07 00:00:00+00:00,USDT,1,DeFiLlama,11348098839.0
2020-08-08 00:00:00+00:00,USDT,1,DeFiLlama,11509207057.0
2020-08-09 00:00:00+00:00,USDT,1,DeFiLlama,11592684756.0
2020-08-10 00:00:00+00:00,USDT,1,DeFiLlama,11664574755.0
2020-08-11 00:00:00+00:00,USDT,1,DeFiLlama,11713106532.0
2020-08-12 00:00:00+00:00,USDT,1,DeFiLlama,11873258892.0
2020-08-13 00:00:00+00:00,USDT,1,DeFiLlama,11911451172.0
2020-08-14 00:00:00+00:00,USDT,1,DeFiLlama,12015327785.0
2020-08-15 00:00:00+00:00,USDT,1,DeFiLlama,12253774977.0
2020-08-16 00:00:00+00:00,USDT,1,DeFiLlama,12230007023.0
2020-08-17 00:00:00+00:00,USDT,1,DeFiLlama,12263798236.0
2020-08-18 00:00:00+00:00,USDT,1,DeFiLlama,12407747455.0
2020-08-19 00:00:00+00:00,USDT,1,DeFiLlama,12618477415.0
2020-08-20 00:00:00+00:00,USDT,1,DeFiLlama,12620764772.0
2020-08-21 00:00:00+00:00,USDT,1,DeFiLlama,12675609732.0
2020-08-22 00:00:00+00:00,USDT,1,DeFiLlama,12778175088.0
2020-08-23 00:00:00+00:00,USDT,1,DeFiLlama,12827912948.0
2020-08-24 00:00:00+00:00,USDT,1,DeFiLlama,12845743507.0
2020-08-25 00:00:00+00:00,USDT,1,DeFiLlama,12910863287.0
2020-08-26 00:00:00+00:00,USDT,1,DeFiLlama,12881251312.0
2020-08-27 00:00:00+00:00,USDT,1,DeFiLlama,12874187323.0
2020-08-28 00:00:00+00:00,USDT,1,DeFiLlama,13044491706.0
2020-08-29 00:00:00+00:00,USDT,1,DeFiLlama,13145415405.0
2020-08-30 00:00:00+00:00,USDT,1,DeFiLlama,13318375475.0
2020-08-31 00:00:00+00:00,USDT,1,DeFiLlama,13340314302.0
2020-09-01 00:00:00+00:00,USDT,1,DeFiLlama,12635481518.0
2020-09-02 00:00:00+00:00,USDT,1,DeFiLlama,12755628365.0
2020-09-03 00:00:00+00:00,USDT,1,DeFiLlama,13005934298.0
2020-09-04 00:00:00+00:00,USDT,1,DeFiLlama,13005934298.0
2020-09-05 00:00:00+00:00,USDT,1,DeFiLlama,13156117858.0
2020-09-06 00:00:00+00:00,USDT,1,DeFiLlama,13156117858.0
2020-09-07 00:00:00+00:00,USDT,1,DeFiLlama,13156117858.0
2020-09-08 00:00:00+00:00,USDT,1,DeFiLlama,13406395780.0
2020-09-09 00:00:00+00:00,USDT,1,DeFiLlama,13405135775.0
2020-09-10 00:00:00+00:00,USDT,1,DeFiLlama,13655441707.0
2020-09-11 00:00:00+00:00,USDT,1,DeFiLlama,13655350290.0
2020-09-12 00:00:00+00:00,USDT,1,DeFiLlama,13654186451.0
2020-09-13 00:00:00+00:00,USDT,1,DeFiLlama,13654186451.0
2020-09-14 00:00:00+00:00,USDT,1,DeFiLlama,13904492384.0
2020-09-15 00:00:00+00:00,USDT,1,DeFiLlama,12896262906.0
2020-09-16 00:00:00+00:00,USDT,1,DeFiLlama,13897486636.0
2020-09-17 00:00:00+00:00,USDT,1,DeFiLlama,14147792569.0
2020-09-18 00:00:00+00:00,USDT,1,DeFiLlama,14297976129.0
2020-09-19 00:00:00+00:00,USDT,1,DeFiLlama,14297976129.0
2020-09-20 00:00:00+00:00,USDT,1,DeFiLlama,14448159688.0
2020-09-21 00:00:00+00:00,USDT,1,DeFiLlama,14448151553.0
2020-09-22 00:00:00+00:00,USDT,1,DeFiLlama,14448131582.0
2020-09-23 00:00:00+00:00,USDT,1,DeFiLlama,14448131582.0
2020-09-24 00:00:00+00:00,USDT,1,DeFiLlama,14448131582.0
2020-09-25 00:00:00+00:00,USDT,1,DeFiLlama,14448131582.0
2020-09-26 00:00:00+00:00,USDT,1,DeFiLlama,14448131582.0
2020-09-27 00:00:00+00:00,USDT,1,DeFiLlama,14448131582.0
2020-09-28 00:00:00+00:00,USDT,1,DeFiLlama,14448131582.0
2020-09-29 00:00:00+00:00,USDT,1,DeFiLlama,14448131582.0
2020-09-30 00:00:00+00:00,USDT,1,DeFiLlama,14448131582.0
2020-10-01 00:00:00+00:00,USDT,1,DeFiLlama,14447497415.0
2020-10-02 00:00:00+00:00,USDT,1,DeFiLlama,14597680974.0
2020-10-03 00:00:00+00:00,USDT,1,DeFiLlama,14597617300.0
2020-10-04 00:00:00+00:00,USDT,1,DeFiLlama,14597617300.0
2020-10-05 00:00:00+00:00,USDT,1,DeFiLlama,14597617300.0
2020-10-06 00:00:00+00:00,USDT,1,DeFiLlama,14597617300.0
2020-10-07 00:00:00+00:00,USDT,1,DeFiLlama,14597617300.0
2020-10-08 00:00:00+00:00,USDT,1,DeFiLlama,14597608834.0
2020-10-09 00:00:00+00:00,USDT,1,DeFiLlama,14747792393.0
2020-10-10 00:00:00+00:00,USDT,1,DeFiLlama,14747792393.0
2020-10-11 00:00:00+00:00,USDT,1,DeFiLlama,14747792393.0
2020-10-12 00:00:00+00:00,USDT,1,DeFiLlama,14747792393.0
2020-10-13 00:00:00+00:00,USDT,1,DeFiLlama,14747792393.0
2020-10-14 00:00:00+00:00,USDT,1,DeFiLlama,14747792393.0
2020-10-15 00:00:00+00:00,USDT,1,DeFiLlama,14747792393.0
2020-10-16 00:00:00+00:00,USDT,1,DeFiLlama,14747792393.0
2020-10-17 00:00:00+00:00,USDT,1,DeFiLlama,14747792393.0
2020-10-18 00:00:00+00:00,USDT,1,DeFiLlama,14747792393.0
2020-10-19 00:00:00+00:00,USDT,1,DeFiLlama,14747792393.0
2020-10-20 00:00:00+00:00,USDT,1,DeFiLlama,14897975953.0
2020-10-21 00:00:00+00:00,USDT,1,DeFiLlama,15198343072.0
2020-10-22 00:00:00+00:00,USDT,1,DeFiLlama,15198343072.0
2020-10-23 00:00:00+00:00,USDT,1,DeFiLlama,15348526632.0
2020-10-24 00:00:00+00:00,USDT,1,DeFiLlama,15348526632.0
2020-10-25 00:00:00+00:00,USDT,1,DeFiLlama,15348526632.0
2020-10-26 00:00:00+00:00,USDT,1,DeFiLlama,15348526632.0
2020-10-27 00:00:00+00:00,USDT,1,DeFiLlama,15498710191.0
2020-10-28 00:00:00+00:00,USDT,1,DeFiLlama,15498710191.0
2020-10-29 00:00:00+00:00,USDT,1,DeFiLlama,15648893751.0
2020-10-30 00:00:00+00:00,USDT,1,DeFiLlama,15648893751.0
2020-10-31 00:00:00+00:00,USDT,1,DeFiLlama,15799077311.0
2020-11-01 00:00:00+00:00,USDT,1,DeFiLlama,15793493788.0
2020-11-02 00:00:00+00:00,USDT,1,DeFiLlama,15793493788.0
2020-11-03 00:00:00+00:00,USDT,1,DeFiLlama,15793493788.0
2020-11-04 00:00:00+00:00,USDT,1,DeFiLlama,15943677348.0
2020-11-05 00:00:00+00:00,USDT,1,DeFiLlama,15943677348.0
2020-11-06 00:00:00+00:00,USDT,1,DeFiLlama,16244034944.0
2020-11-07 00:00:00+00:00,USDT,1,DeFiLlama,16392627803.0
2020-11-08 00:00:00+00:00,USDT,1,DeFiLlama,16392627803.0
2020-11-09 00:00:00+00:00,USDT,1,DeFiLlama,16392627803.0
2020-11-10 00:00:00+00:00,USDT,1,DeFiLlama,16392627803.0
2020-11-11 00:00:00+00:00,USDT,1,DeFiLlama,16542811363.0
2020-11-12 00:00:00+00:00,USDT,1,DeFiLlama,16692994922.0
2020-11-13 00:00:00+00:00,USDT,1,DeFiLlama,16893239668.0
2020-11-14 00:00:00+00:00,USDT,1,DeFiLlama,16888366544.0
2020-11-15 00:00:00+00:00,USDT,1,DeFiLlama,16888366544.0
2020-11-16 00:00:00+00:00,USDT,1,DeFiLlama,16888366544.0
2020-11-17 00:00:00+00:00,USDT,1,DeFiLlama,17038550104.0
2020-11-18 00:00:00+00:00,USDT,1,DeFiLlama,17038550104.0
2020-11-19 00:00:00+00:00,USDT,1,DeFiLlama,17038550104.0
2020-11-20 00:00:00+00:00,USDT,1,DeFiLlama,17238794850.0
2020-11-21 00:00:00+00:00,USDT,1,DeFiLlama,17609247630.0
2020-11-22 00:00:00+00:00,USDT,1,DeFiLlama,17609247630.0
2020-11-23 00:00:00+00:00,USDT,1,DeFiLlama,17609247630.0
2020-11-24 00:00:00+00:00,USDT,1,DeFiLlama,17809492376.0
2020-11-25 00:00:00+00:00,USDT,1,DeFiLlama,18009737123.0
2020-11-26 00:00:00+00:00,USDT,1,DeFiLlama,18009737123.0
2020-11-27 00:00:00+00:00,USDT,1,DeFiLlama,18009737123.0
2020-11-28 00:00:00+00:00,USDT,1,DeFiLlama,18009737123.0
2020-11-29 00:00:00+00:00,USDT,1,DeFiLlama,18009737123.0
2020-11-30 00:00:00+00:00,USDT,1,DeFiLlama,18009737123.0
2020-12-01 00:00:00+00:00,USDT,1,DeFiLlama,18410226615.0
2020-12-02 00:00:00+00:00,USDT,1,DeFiLlama,18610471361.0
2020-12-03 00:00:00+00:00,USDT,1,DeFiLlama,18610471361.0
2020-12-04 00:00:00+00:00,USDT,1,DeFiLlama,18610471361.0
2020-12-05 00:00:00+00:00,USDT,1,DeFiLlama,18760654921.0
2020-12-06 00:00:00+00:00,USDT,1,DeFiLlama,18760654921.0
2020-12-07 00:00:00+00:00,USDT,1,DeFiLlama,18760654921.0
2020-12-08 00:00:00+00:00,USDT,1,DeFiLlama,18760654921.0
2020-12-09 00:00:00+00:00,USDT,1,DeFiLlama,18760654921.0
2020-12-10 00:00:00+00:00,USDT,1,DeFiLlama,18760654921.0
2020-12-11 00:00:00+00:00,USDT,1,DeFiLlama,18910825431.0
2020-12-12 00:00:00+00:00,USDT,1,DeFiLlama,18910625146.0
2020-12-13 00:00:00+00:00,USDT,1,DeFiLlama,18910625146.0
2020-12-14 00:00:00+00:00,USDT,1,DeFiLlama,18910625146.0
2020-12-15 00:00:00+00:00,USDT,1,DeFiLlama,18910625146.0
2020-12-16 00:00:00+00:00,USDT,1,DeFiLlama,19110869892.0
2020-12-17 00:00:00+00:00,USDT,1,DeFiLlama,19110869892.0
2020-12-18 00:00:00+00:00,USDT,1,DeFiLlama,19110869892.0
2020-12-19 00:00:00+00:00,USDT,1,DeFiLlama,19311114638.0
2020-12-20 00:00:00+00:00,USDT,1,DeFiLlama,19311114638.0
2020-12-21 00:00:00+00:00,USDT,1,DeFiLlama,19311114638.0
2020-12-22 00:00:00+00:00,USDT,1,DeFiLlama,19461298198.0
2020-12-23 00:00:00+00:00,USDT,1,DeFiLlama,19461298198.0
2020-12-24 00:00:00+00:00,USDT,1,DeFiLlama,19661542944.0
2020-12-25 00:00:00+00:00,USDT,1,DeFiLlama,19861787690.0
2020-12-26 00:00:00+00:00,USDT,1,DeFiLlama,19861787690.0
2020-12-27 00:00:00+00:00,USDT,1,DeFiLlama,19861787690.0
2020-12-28 00:00:00+00:00,USDT,1,DeFiLlama,19861787690.0
2020-12-29 00:00:00+00:00,USDT,1,DeFiLlama,20062032436.0
2020-12-30 00:00:00+00:00,USDT,1,DeFiLlama,20062032436.0
2020-12-31 00:00:00+00:00,USDT,1,DeFiLlama,20068860356.0
2021-01-01 00:00:00+00:00,USDT,1,DeFiLlama,20038555161.0
2021-01-02 00:00:00+00:00,USDT,1,DeFiLlama,20578435105.0
2021-01-03 00:00:00+00:00,USDT,1,DeFiLlama,21404095820.0
2021-01-04 00:00:00+00:00,USDT,1,DeFiLlama,21352900240.0
2021-01-05 00:00:00+00:00,USDT,1,DeFiLlama,21331241407.0
2021-01-06 00:00:00+00:00,USDT,1,DeFiLlama,21997778179.0
2021-01-07 00:00:00+00:00,USDT,1,DeFiLlama,22813088146.0
2021-01-08 00:00:00+00:00,USDT,1,DeFiLlama,22661234598.0
2021-01-09 00:00:00+00:00,USDT,1,DeFiLlama,23395912390.0
2021-01-10 00:00:00+00:00,USDT,1,DeFiLlama,23457818739.0
2021-01-11 00:00:00+00:00,USDT,1,DeFiLlama,23383510524.0
2021-01-12 00:00:00+00:00,USDT,1,DeFiLlama,23534073202.0
2021-01-13 00:00:00+00:00,USDT,1,DeFiLlama,23790483755.0
2021-01-14 00:00:00+00:00,USDT,1,DeFiLlama,23821179950.0
2021-01-15 00:00:00+00:00,USDT,1,DeFiLlama,23684887309.0
2021-01-16 00:00:00+00:00,USDT,1,DeFiLlama,23747681509.0
2021-01-17 00:00:00+00:00,USDT,1,DeFiLlama,23786111246.0
2021-01-18 00:00:00+00:00,USDT,1,DeFiLlama,23692150174.0
2021-01-19 00:00:00+00:00,USDT,1,DeFiLlama,24138909734.0
2021-01-20 00:00:00+00:00,USDT,1,DeFiLlama,24073943182.0
2021-01-21 00:00:00+00:00,USDT,1,DeFiLlama,24081140462.0
2021-01-22 00:00:00+00:00,USDT,1,DeFiLlama,24144231477.0
2021-01-23 00:00:00+00:00,USDT,1,DeFiLlama,24124439289.0
2021-01-24 00:00:00+00:00,USDT,1,DeFiLlama,24080306260.0
2021-01-25 00:00:00+00:00,USDT,1,DeFiLlama,24104528683.0
2021-01-26 00:00:00+00:00,USDT,1,DeFiLlama,24134881470.0
2021-01-27 00:00:00+00:00,USDT,1,DeFiLlama,24592964257.0
2021-01-28 00:00:00+00:00,USDT,1,DeFiLlama,24966178561.0
2021-01-29 00:00:00+00:00,USDT,1,DeFiLlama,25385528547.0
2021-01-30 00:00:00+00:00,USDT,1,DeFiLlama,25684420702.0
2021-01-31 00:00:00+00:00,USDT,1,DeFiLlama,25722233732.0
2021-02-01 00:00:00+00:00,USDT,1,DeFiLlama,26185621002.0
2021-02-02 00:00:00+00:00,USDT,1,DeFiLlama,26095810510.0
2021-02-03 00:00:00+00:00,USDT,1,DeFiLlama,24585179846.0
2021-02-04 00:00:00+00:00,USDT,1,DeFiLlama,26960178989.0
2021-02-05 00:00:00+00:00,USDT,1,DeFiLlama,27350486446.0
2021-02-06 00:00:00+00:00,USDT,1,DeFiLlama,28269914561.0
2021-02-07 00:00:00+00:00,USDT,1,DeFiLlama,28194791606.0
2021-02-08 00:00:00+00:00,USDT,1,DeFiLlama,29574850772.0
2021-02-09 00:00:00+00:00,USDT,1,DeFiLlama,29700248415.0
2021-02-10 00:00:00+00:00,USDT,1,DeFiLlama,30476476632.0
2021-02-11 00:00:00+00:00,USDT,1,DeFiLlama,30651509418.0
2021-02-12 00:00:00+00:00,USDT,1,DeFiLlama,30638846876.0
2021-02-13 00:00:00+00:00,USDT,1,DeFiLlama,31622484633.0
2021-02-14 00:00:00+00:00,USDT,1,DeFiLlama,31673488430.0
2021-02-15 00:00:00+00:00,USDT,1,DeFiLlama,31595058573.0
2021-02-16 00:00:00+00:00,USDT,1,DeFiLlama,32118114789.0
2021-02-17 00:00:00+00:00,USDT,1,DeFiLlama,33148074356.0
2021-02-18 00:00:00+00:00,USDT,1,DeFiLlama,33134666195.0
2021-02-19 00:00:00+00:00,USDT,1,DeFiLlama,33522048490.0
2021-02-20 00:00:00+00:00,USDT,1,DeFiLlama,34530218990.0
2021-02-21 00:00:00+00:00,USDT,1,DeFiLlama,34485854522.0
2021-02-22 00:00:00+00:00,USDT,1,DeFiLlama,34435564858.0
2021-02-23 00:00:00+00:00,USDT,1,DeFiLlama,34493026143.0
2021-02-24 00:00:00+00:00,USDT,1,DeFiLlama,34439622474.0
2021-02-25 00:00:00+00:00,USDT,1,DeFiLlama,34665380337.0
2021-02-26 00:00:00+00:00,USDT,1,DeFiLlama,34440054295.0
2021-02-27 00:00:00+00:00,USDT,1,DeFiLlama,34588400395.0
2021-02-28 00:00:00+00:00,USDT,1,DeFiLlama,34106342827.0
2021-03-01 00:00:00+00:00,USDT,1,DeFiLlama,35460506885.0
2021-03-02 00:00:00+00:00,USDT,1,DeFiLlama,35351065635.0
2021-03-03 00:00:00+00:00,USDT,1,DeFiLlama,36517749084.0
2021-03-04 00:00:00+00:00,USDT,1,DeFiLlama,36184316387.0
2021-03-05 00:00:00+00:00,USDT,1,DeFiLlama,36331967829.0
2021-03-06 00:00:00+00:00,USDT,1,DeFiLlama,36157645812.0
2021-03-07 00:00:00+00:00,USDT,1,DeFiLlama,36279311852.0
2021-03-08 00:00:00+00:00,USDT,1,DeFiLlama,36325947085.0
2021-03-09 00:00:00+00:00,USDT,1,DeFiLlama,36225324904.0
2021-03-10 00:00:00+00:00,USDT,1,DeFiLlama,37305583084.0
2021-03-11 00:00:00+00:00,USDT,1,DeFiLlama,37502646174.0
2021-03-12 00:00:00+00:00,USDT,1,DeFiLlama,37696362445.0
2021-03-13 00:00:00+00:00,USDT,1,DeFiLlama,37688645646.0
2021-03-14 00:00:00+00:00,USDT,1,DeFiLlama,37685800848.0
2021-03-15 00:00:00+00:00,USDT,1,DeFiLlama,38755355228.0
2021-03-16 00:00:00+00:00,USDT,1,DeFiLlama,39331389879.0
2021-03-17 00:00:00+00:00,USDT,1,DeFiLlama,39276986884.0
2021-03-18 00:00:00+00:00,USDT,1,DeFiLlama,39369205651.0
2021-03-19 00:00:00+00:00,USDT,1,DeFiLlama,39362450327.0
2021-03-20 00:00:00+00:00,USDT,1,DeFiLlama,39382461749.0
2021-03-21 00:00:00+00:00,USDT,1,DeFiLlama,40385614604.0
2021-03-22 00:00:00+00:00,USDT,1,DeFiLlama,40346867253.0
2021-03-23 00:00:00+00:00,USDT,1,DeFiLlama,40354628172.0
2021-03-24 00:00:00+00:00,USDT,1,DeFiLlama,40144389268.0
2021-03-25 00:00:00+00:00,USDT,1,DeFiLlama,40164623673.0
2021-03-26 00:00:00+00:00,USDT,1,DeFiLlama,40165535684.0
2021-03-27 00:00:00+00:00,USDT,1,DeFiLlama,40992394200.0
2021-03-28 00:00:00+00:00,USDT,1,DeFiLlama,41010674597.0
2021-03-29 00:00:00+00:00,USDT,1,DeFiLlama,41151075766.0
2021-03-30 00:00:00+00:00,USDT,1,DeFiLlama,40978638845.0
2021-03-31 00:00:00+00:00,USDT,1,DeFiLlama,41006603710.0
2021-04-01 00:00:00+00:00,USDT,1,DeFiLlama,42222628280.0
2021-04-02 00:00:00+00:00,USDT,1,DeFiLlama,42241531615.0
2021-04-03 00:00:00+00:00,USDT,1,DeFiLlama,42234161259.0
2021-04-04 00:00:00+00:00,USDT,1,DeFiLlama,42237379191.0
2021-04-05 00:00:00+00:00,USDT,1,DeFiLlama,42232552446.0
2021-04-06 00:00:00+00:00,USDT,1,DeFiLlama,43381315891.0
2021-04-07 00:00:00+00:00,USDT,1,DeFiLlama,43423636951.0
2021-04-08 00:00:00+00:00,USDT,1,DeFiLlama,44386492308.0
2021-04-09 00:00:00+00:00,USDT,1,DeFiLlama,44489350103.0
2021-04-10 00:00:00+00:00,USDT,1,DeFiLlama,44388393770.0
2021-04-11 00:00:00+00:00,USDT,1,DeFiLlama,44377530957.0
2021-04-12 00:00:00+00:00,USDT,1,DeFiLlama,45452923277.0
2021-04-13 00:00:00+00:00,USDT,1,DeFiLlama,45446501811.0
2021-04-14 00:00:00+00:00,USDT,1,DeFiLlama,47468725364.0
2021-04-15 00:00:00+00:00,USDT,1,DeFiLlama,47394923053.0
2021-04-16 00:00:00+00:00,USDT,1,DeFiLlama,47409587501.0
2021-04-17 00:00:00+00:00,USDT,1,DeFiLlama,48358512694.0
2021-04-18 00:00:00+00:00,USDT,1,DeFiLlama,48475784369.0
2021-04-19 00:00:00+00:00,USDT,1,DeFiLlama,50439912171.0
2021-04-20 00:00:00+00:00,USDT,1,DeFiLlama,50402257702.0
2021-04-21 00:00:00+00:00,USDT,1,DeFiLlama,50430101856.0
2021-04-22 00:00:00+00:00,USDT,1,DeFiLlama,50266549419.0
2021-04-23 00:00:00+00:00,USDT,1,DeFiLlama,50466071918.0
2021-04-24 00:00:00+00:00,USDT,1,DeFiLlama,50499682242.0
2021-04-25 00:00:00+00:00,USDT,1,DeFiLlama,50337162794.0
2021-04-26 00:00:00+00:00,USDT,1,DeFiLlama,50605156220.0
2021-04-27 00:00:00+00:00,USDT,1,DeFiLlama,50440336521.0
2021-04-28 00:00:00+00:00,USDT,1,DeFiLlama,50251671678.0
2021-04-29 00:00:00+00:00,USDT,1,DeFiLlama,50991958451.0
2021-04-30 00:00:00+00:00,USDT,1,DeFiLlama,50946008137.0
2021-05-01 00:00:00+00:00,USDT,1,DeFiLlama,51981753207.0
2021-05-02 00:00:00+00:00,USDT,1,DeFiLlama,51938886806.0
2021-05-03 00:00:00+00:00,USDT,1,DeFiLlama,52941850357.0
2021-05-04 00:00:00+00:00,USDT,1,DeFiLlama,52980312283.0
2021-05-05 00:00:00+00:00,USDT,1,DeFiLlama,55104406619.0
2021-05-06 00:00:00+00:00,USDT,1,DeFiLlama,54827697921.0
2021-05-07 00:00:00+00:00,USDT,1,DeFiLlama,54926914141.0
2021-05-08 00:00:00+00:00,USDT,1,DeFiLlama,55010707301.0
2021-05-09 00:00:00+00:00,USDT,1,DeFiLlama,54847002914.0
2021-05-10 00:00:00+00:00,USDT,1,DeFiLlama,55968976294.0
2021-05-11 00:00:00+00:00,USDT,1,DeFiLlama,57319505571.0
2021-05-12 00:00:00+00:00,USDT,1,DeFiLlama,57952539848.0
2021-05-13 00:00:00+00:00,USDT,1,DeFiLlama,58095326609.0
2021-05-14 00:00:00+00:00,USDT,1,DeFiLlama,57504095620.0
2021-05-15 00:00:00+00:00,USDT,1,DeFiLlama,57831222329.0
2021-05-16 00:00:00+00:00,USDT,1,DeFiLlama,57628675206.0
2021-05-17 00:00:00+00:00,USDT,1,DeFiLlama,57774190029.0
2021-05-18 00:00:00+00:00,USDT,1,DeFiLlama,59260098045.0
2021-05-19 00:00:00+00:00,USDT,1,DeFiLlama,58735316097.0
2021-05-20 00:00:00+00:00,USDT,1,DeFiLlama,58568241603.0
2021-05-21 00:00:00+00:00,USDT,1,DeFiLlama,59180106734.0
2021-05-22 00:00:00+00:00,USDT,1,DeFiLlama,59844426476.0
2021-05-23 00:00:00+00:00,USDT,1,DeFiLlama,60082400532.0
2021-05-24 00:00:00+00:00,USDT,1,DeFiLlama,60993612148.0
2021-05-25 00:00:00+00:00,USDT,1,DeFiLlama,61098133904.0
2021-05-26 00:00:00+00:00,USDT,1,DeFiLlama,60981132813.0
2021-05-27 00:00:00+00:00,USDT,1,DeFiLlama,60868473934.0
2021-05-28 00:00:00+00:00,USDT,1,DeFiLlama,61865638966.0
2021-05-29 00:00:00+00:00,USDT,1,DeFiLlama,61949528801.0
2021-05-30 00:00:00+00:00,USDT,1,DeFiLlama,61858573232.0
2021-05-31 00:00:00+00:00,USDT,1,DeFiLlama,59793575379.0
2021-06-01 00:00:00+00:00,USDT,1,DeFiLlama,62756371873.0
2021-06-02 00:00:00+00:00,USDT,1,DeFiLlama,63057510970.0
2021-06-03 00:00:00+00:00,USDT,1,DeFiLlama,62877308716.0
2021-06-04 00:00:00+00:00,USDT,1,DeFiLlama,62931175197.0
2021-06-05 00:00:00+00:00,USDT,1,DeFiLlama,62951076945.0
2021-06-06 00:00:00+00:00,USDT,1,DeFiLlama,62973937179.0
2021-06-07 00:00:00+00:00,USDT,1,DeFiLlama,63071896583.0
2021-06-08 00:00:00+00:00,USDT,1,DeFiLlama,62923334311.0
2021-06-09 00:00:00+00:00,USDT,1,DeFiLlama,63058353356.0
2021-06-10 00:00:00+00:00,USDT,1,DeFiLlama,63015983844.0
2021-06-11 00:00:00+00:00,USDT,1,DeFiLlama,63156383683.0
2021-06-12 00:00:00+00:00,USDT,1,DeFiLlama,62948927728.0
2021-06-13 00:00:00+00:00,USDT,1,DeFiLlama,63174486346.0
2021-06-14 00:00:00+00:00,USDT,1,DeFiLlama,62869793440.0
2021-06-15 00:00:00+00:00,USDT,1,DeFiLlama,62976344784.0
2021-06-16 00:00:00+00:00,USDT,1,DeFiLlama,63087242823.0
2021-06-17 00:00:00+00:00,USDT,1,DeFiLlama,62811745685.0
2021-06-18 00:00:00+00:00,USDT,1,DeFiLlama,63089604061.0
2021-06-19 00:00:00+00:00,USDT,1,DeFiLlama,62961131591.0
2021-06-20 00:00:00+00:00,USDT,1,DeFiLlama,63170881938.0
2021-06-21 00:00:00+00:00,USDT,1,DeFiLlama,62981151150.0
2021-06-22 00:00:00+00:00,USDT,1,DeFiLlama,62730406873.0
2021-06-23 00:00:00+00:00,USDT,1,DeFiLlama,63191121553.0
2021-06-24 00:00:00+00:00,USDT,1,DeFiLlama,63083426561.0
2021-06-25 00:00:00+00:00,USDT,1,DeFiLlama,63044136728.0
2021-06-26 00:00:00+00:00,USDT,1,DeFiLlama,62950207948.0
2021-06-27 00:00:00+00:00,USDT,1,DeFiLlama,63104781805.0
2021-06-28 00:00:00+00:00,USDT,1,DeFiLlama,63019316506.0
2021-06-29 00:00:00+00:00,USDT,1,DeFiLlama,63148230862.0
2021-06-30 00:00:00+00:00,USDT,1,DeFiLlama,62932222087.0
2021-07-01 00:00:00+00:00,USDT,1,DeFiLlama,63186489293.0
2021-07-02 00:00:00+00:00,USDT,1,DeFiLlama,63008540139.0
2021-07-03 00:00:00+00:00,USDT,1,DeFiLlama,63177945820.0
2021-07-04 00:00:00+00:00,USDT,1,DeFiLlama,63106834156.0
2021-07-05 00:00:00+00:00,USDT,1,DeFiLlama,62598637410.0
2021-07-06 00:00:00+00:00,USDT,1,DeFiLlama,63144877332.0
2021-07-07 00:00:00+00:00,USDT,1,DeFiLlama,63062886157.0
2021-07-08 00:00:00+00:00,USDT,1,DeFiLlama,62893748617.0
2021-07-09 00:00:00+00:00,USDT,1,DeFiLlama,63072237080.0
2021-07-10 00:00:00+00:00,USDT,1,DeFiLlama,63114140399.0
2021-07-11 00:00:00+00:00,USDT,1,DeFiLlama,63176009188.0
2021-07-12 00:00:00+00:00,USDT,1,DeFiLlama,62964366865.0
2021-07-13 00:00:00+00:00,USDT,1,DeFiLlama,63054698514.0
2021-07-14 00:00:00+00:00,USDT,1,DeFiLlama,63163827905.0
2021-07-15 00:00:00+00:00,USDT,1,DeFiLlama,63067986720.0
2021-07-16 00:00:00+00:00,USDT,1,DeFiLlama,63096500854.0
2021-07-17 00:00:00+00:00,USDT,1,DeFiLlama,62885530808.0
2021-07-18 00:00:00+00:00,USDT,1,DeFiLlama,63015621694.0
2021-07-19 00:00:00+00:00,USDT,1,DeFiLlama,63068616735.0
2021-07-20 00:00:00+00:00,USDT,1,DeFiLlama,63024765263.0
2021-07-21 00:00:00+00:00,USDT,1,DeFiLlama,63026308064.0
2021-07-22 00:00:00+00:00,USDT,1,DeFiLlama,63063447391.0
2021-07-23 00:00:00+00:00,USDT,1,DeFiLlama,62991766528.0
2021-07-24 00:00:00+00:00,USDT,1,DeFiLlama,63058236641.0
2021-07-25 00:00:00+00:00,USDT,1,DeFiLlama,63048924683.0
2021-07-26 00:00:00+00:00,USDT,1,DeFiLlama,63085443207.0
2021-07-27 00:00:00+00:00,USDT,1,DeFiLlama,63310758965.0
2021-07-28 00:00:00+00:00,USDT,1,DeFiLlama,63175363017.0
2021-07-29 00:00:00+00:00,USDT,1,DeFiLlama,62750837856.0
2021-07-30 00:00:00+00:00,USDT,1,DeFiLlama,63110070063.0
2021-07-31 00:00:00+00:00,USDT,1,DeFiLlama,63041272483.0
2021-08-01 00:00:00+00:00,USDT,1,DeFiLlama,62913519682.0
2021-08-02 00:00:00+00:00,USDT,1,DeFiLlama,63111329329.0
2021-08-03 00:00:00+00:00,USDT,1,DeFiLlama,62970599321.0
2021-08-04 00:00:00+00:00,USDT,1,DeFiLlama,63325161015.0
2021-08-05 00:00:00+00:00,USDT,1,DeFiLlama,61509320964.0
2021-08-06 00:00:00+00:00,USDT,1,DeFiLlama,61911374134.0
2021-08-07 00:00:00+00:00,USDT,1,DeFiLlama,61983710067.0
2021-08-08 00:00:00+00:00,USDT,1,DeFiLlama,62954824975.0
2021-08-09 00:00:00+00:00,USDT,1,DeFiLlama,63000118604.0
2021-08-10 00:00:00+00:00,USDT,1,DeFiLlama,63223470401.0
2021-08-11 00:00:00+00:00,USDT,1,DeFiLlama,62828781300.0
2021-08-12 00:00:00+00:00,USDT,1,DeFiLlama,63024069244.0
2021-08-13 00:00:00+00:00,USDT,1,DeFiLlama,62980770610.0
2021-08-14 00:00:00+00:00,USDT,1,DeFiLlama,62876084465.0
2021-08-15 00:00:00+00:00,USDT,1,DeFiLlama,63910666099.0
2021-08-16 00:00:00+00:00,USDT,1,DeFiLlama,63979324865.0
2021-08-17 00:00:00+00:00,USDT,1,DeFiLlama,63891978393.0
2021-08-18 00:00:00+00:00,USDT,1,DeFiLlama,63997805657.0
2021-08-19 00:00:00+00:00,USDT,1,DeFiLlama,64018055373.0
2021-08-20 00:00:00+00:00,USDT,1,DeFiLlama,64441003040.0
2021-08-21 00:00:00+00:00,USDT,1,DeFiLlama,64978412053.0
2021-08-22 00:00:00+00:00,USDT,1,DeFiLlama,64934271797.0
2021-08-23 00:00:00+00:00,USDT,1,DeFiLlama,66272977848.0
2021-08-24 00:00:00+00:00,USDT,1,DeFiLlama,63908734790.0
2021-08-25 00:00:00+00:00,USDT,1,DeFiLlama,66034091408.0
2021-08-26 00:00:00+00:00,USDT,1,DeFiLlama,65904446199.0
2021-08-27 00:00:00+00:00,USDT,1,DeFiLlama,65657929345.0
2021-08-28 00:00:00+00:00,USDT,1,DeFiLlama,65958003563.0
2021-08-29 00:00:00+00:00,USDT,1,DeFiLlama,65923502825.0
2021-08-30 00:00:00+00:00,USDT,1,DeFiLlama,66006517601.0
2021-08-31 00:00:00+00:00,USDT,1,DeFiLlama,65823911070.0
2021-09-01 00:00:00+00:00,USDT,1,DeFiLlama,66011851298.0
2021-09-02 00:00:00+00:00,USDT,1,DeFiLlama,65941541201.0
2021-09-03 00:00:00+00:00,USDT,1,DeFiLlama,66833879851.0
2021-09-04 00:00:00+00:00,USDT,1,DeFiLlama,66790375967.0
2021-09-05 00:00:00+00:00,USDT,1,DeFiLlama,66672507998.0
2021-09-06 00:00:00+00:00,USDT,1,DeFiLlama,67895375504.0
2021-09-07 00:00:00+00:00,USDT,1,DeFiLlama,69864278305.0
2021-09-08 00:00:00+00:00,USDT,1,DeFiLlama,69973222930.0
2021-09-09 00:00:00+00:00,USDT,1,DeFiLlama,70111598944.0
2021-09-10 00:00:00+00:00,USDT,1,DeFiLlama,70128986850.0
2021-09-11 00:00:00+00:00,USDT,1,DeFiLlama,69795323991.0
2021-09-12 00:00:00+00:00,USDT,1,DeFiLlama,70032849738.0
2021-09-13 00:00:00+00:00,USDT,1,DeFiLlama,70612031723.0
2021-09-14 00:00:00+00:00,USDT,1,DeFiLlama,70038560517.0
2021-09-15 00:00:00+00:00,USDT,1,DeFiLlama,70076309715.0
2021-09-16 00:00:00+00:00,USDT,1,DeFiLlama,69938624620.0
2021-09-17 00:00:00+00:00,USDT,1,DeFiLlama,69982200030.0
2021-09-18 00:00:00+00:00,USDT,1,DeFiLlama,70174334237.0
2021-09-19 00:00:00+00:00,USDT,1,DeFiLlama,70015235376.0
2021-09-20 00:00:00+00:00,USDT,1,DeFiLlama,70108343196.0
2021-09-21 00:00:00+00:00,USDT,1,DeFiLlama,69871703564.0
2021-09-22 00:00:00+00:00,USDT,1,DeFiLlama,69287490621.0
2021-09-23 00:00:00+00:00,USDT,1,DeFiLlama,69907631689.0
2021-09-24 00:00:00+00:00,USDT,1,DeFiLlama,69946573386.0
2021-09-25 00:00:00+00:00,USDT,1,DeFiLlama,69857748630.0
2021-09-26 00:00:00+00:00,USDT,1,DeFiLlama,70054808089.0
2021-09-27 00:00:00+00:00,USDT,1,DeFiLlama,70105800680.0
2021-09-28 00:00:00+00:00,USDT,1,DeFiLlama,69485866569.0
2021-09-29 00:00:00+00:00,USDT,1,DeFiLlama,69634978801.0
2021-09-30 00:00:00+00:00,USDT,1,DeFiLlama,70102596934.0
2021-10-01 00:00:00+00:00,USDT,1,DeFiLlama,69992056832.0
2021-10-02 00:00:00+00:00,USDT,1,DeFiLlama,70015122208.0
2021-10-03 00:00:00+00:00,USDT,1,DeFiLlama,70062366514.0
2021-10-04 00:00:00+00:00,USDT,1,DeFiLlama,70007067954.0
2021-10-05 00:00:00+00:00,USDT,1,DeFiLlama,69988876615.0
2021-10-06 00:00:00+00:00,USDT,1,DeFiLlama,70016488356.0
2021-10-07 00:00:00+00:00,USDT,1,DeFiLlama,69869779436.0
2021-10-08 00:00:00+00:00,USDT,1,DeFiLlama,69993136119.0
2021-10-09 00:00:00+00:00,USDT,1,DeFiLlama,69990607181.0
2021-10-10 00:00:00+00:00,USDT,1,DeFiLlama,69983929234.0
2021-10-11 00:00:00+00:00,USDT,1,DeFiLlama,69943671855.0
2021-10-12 00:00:00+00:00,USDT,1,DeFiLlama,70109599654.0
2021-10-13 00:00:00+00:00,USDT,1,DeFiLlama,69974500398.0
2021-10-14 00:00:00+00:00,USDT,1,DeFiLlama,70053065061.0
2021-10-15 00:00:00+00:00,USDT,1,DeFiLlama,69920586623.0
2021-10-16 00:00:00+00:00,USDT,1,DeFiLlama,69917776949.0
2021-10-17 00:00:00+00:00,USDT,1,DeFiLlama,70049029312.0
2021-10-18 00:00:00+00:00,USDT,1,DeFiLlama,70053626540.0
2021-10-19 00:00:00+00:00,USDT,1,DeFiLlama,69881185596.0
2021-10-20 00:00:00+00:00,USDT,1,DeFiLlama,70122191304.0
2021-10-21 00:00:00+00:00,USDT,1,DeFiLlama,69849206114.0
2021-10-22 00:00:00+00:00,USDT,1,DeFiLlama,69709955828.0
2021-10-23 00:00:00+00:00,USDT,1,DeFiLlama,70108991569.0
2021-10-24 00:00:00+00:00,USDT,1,DeFiLlama,70186160865.0
2021-10-25 00:00:00+00:00,USDT,1,DeFiLlama,70160358178.0
2021-10-26 00:00:00+00:00,USDT,1,DeFiLlama,70113875757.0
2021-10-27 00:00:00+00:00,USDT,1,DeFiLlama,69861220417.0
2021-10-28 00:00:00+00:00,USDT,1,DeFiLlama,69934140365.0
2021-10-29 00:00:00+00:00,USDT,1,DeFiLlama,70000821760.0
2021-10-30 00:00:00+00:00,USDT,1,DeFiLlama,69962407729.0
2021-10-31 00:00:00+00:00,USDT,1,DeFiLlama,69993404783.0
2021-11-01 00:00:00+00:00,USDT,1,DeFiLlama,69826936783.0
2021-11-02 00:00:00+00:00,USDT,1,DeFiLlama,70930221493.0
2021-11-03 00:00:00+00:00,USDT,1,DeFiLlama,71145351347.0
2021-11-04 00:00:00+00:00,USDT,1,DeFiLlama,70977945105.0
2021-11-05 00:00:00+00:00,USDT,1,DeFiLlama,72140622479.0
2021-11-06 00:00:00+00:00,USDT,1,DeFiLlama,73137648749.0
2021-11-07 00:00:00+00:00,USDT,1,DeFiLlama,73097571514.0
2021-11-08 00:00:00+00:00,USDT,1,DeFiLlama,74224624799.0
2021-11-09 00:00:00+00:00,USDT,1,DeFiLlama,72860880749.0
2021-11-10 00:00:00+00:00,USDT,1,DeFiLlama,74912215157.0
2021-11-11 00:00:00+00:00,USDT,1,DeFiLlama,75202049668.0
2021-11-12 00:00:00+00:00,USDT,1,DeFiLlama,74878823880.0
2021-11-13 00:00:00+00:00,USDT,1,DeFiLlama,75238622435.0
2021-11-14 00:00:00+00:00,USDT,1,DeFiLlama,75138988476.0
2021-11-15 00:00:00+00:00,USDT,1,DeFiLlama,75380240610.0
2021-11-16 00:00:00+00:00,USDT,1,DeFiLlama,74967718528.0
2021-11-17 00:00:00+00:00,USDT,1,DeFiLlama,75009964844.0
2021-11-18 00:00:00+00:00,USDT,1,DeFiLlama,75341792409.0
2021-11-19 00:00:00+00:00,USDT,1,DeFiLlama,75015941748.0
2021-11-20 00:00:00+00:00,USDT,1,DeFiLlama,75439302058.0
2021-11-21 00:00:00+00:00,USDT,1,DeFiLlama,75256194540.0
2021-11-22 00:00:00+00:00,USDT,1,DeFiLlama,75054979306.0
2021-11-23 00:00:00+00:00,USDT,1,DeFiLlama,74847084671.0
2021-11-24 00:00:00+00:00,USDT,1,DeFiLlama,74939420790.0
2021-11-25 00:00:00+00:00,USDT,1,DeFiLlama,74873684383.0
2021-11-26 00:00:00+00:00,USDT,1,DeFiLlama,75681352562.0
2021-11-27 00:00:00+00:00,USDT,1,DeFiLlama,75843057112.0
2021-11-28 00:00:00+00:00,USDT,1,DeFiLlama,75905328676.0
2021-11-29 00:00:00+00:00,USDT,1,DeFiLlama,75755462921.0
2021-11-30 00:00:00+00:00,USDT,1,DeFiLlama,74800689026.0
2021-12-01 00:00:00+00:00,USDT,1,DeFiLlama,74712745205.0
2021-12-02 00:00:00+00:00,USDT,1,DeFiLlama,74843243888.0
2021-12-03 00:00:00+00:00,USDT,1,DeFiLlama,74656497733.0
2021-12-04 00:00:00+00:00,USDT,1,DeFiLlama,75864516437.0
2021-12-05 00:00:00+00:00,USDT,1,DeFiLlama,76882559866.0
2021-12-06 00:00:00+00:00,USDT,1,DeFiLlama,76929808810.0
2021-12-07 00:00:00+00:00,USDT,1,DeFiLlama,77811508661.0
2021-12-08 00:00:00+00:00,USDT,1,DeFiLlama,77940517290.0
2021-12-09 00:00:00+00:00,USDT,1,DeFiLlama,75814846180.0
2021-12-10 00:00:00+00:00,USDT,1,DeFiLlama,77678568398.0
2021-12-11 00:00:00+00:00,USDT,1,DeFiLlama,77550051411.0
2021-12-12 00:00:00+00:00,USDT,1,DeFiLlama,77836768453.0
2021-12-13 00:00:00+00:00,USDT,1,DeFiLlama,77778710158.0
2021-12-14 00:00:00+00:00,USDT,1,DeFiLlama,77631518009.0
2021-12-15 00:00:00+00:00,USDT,1,DeFiLlama,78994476494.0
2021-12-16 00:00:00+00:00,USDT,1,DeFiLlama,78846468586.0
2021-12-17 00:00:00+00:00,USDT,1,DeFiLlama,78783903829.0
2021-12-18 00:00:00+00:00,USDT,1,DeFiLlama,78699383385.0
2021-12-19 00:00:00+00:00,USDT,1,DeFiLlama,78819021502.0
2021-12-20 00:00:00+00:00,USDT,1,DeFiLlama,78719046042.0
2021-12-21 00:00:00+00:00,USDT,1,DeFiLlama,79072092746.0
2021-12-22 00:00:00+00:00,USDT,1,DeFiLlama,79008436978.0
2021-12-23 00:00:00+00:00,USDT,1,DeFiLlama,77431794733.0
2021-12-24 00:00:00+00:00,USDT,1,DeFiLlama,77558039056.0
2021-12-25 00:00:00+00:00,USDT,1,DeFiLlama,77563463351.0
2021-12-26 00:00:00+00:00,USDT,1,DeFiLlama,77416695334.0
2021-12-27 00:00:00+00:00,USDT,1,DeFiLlama,78473589769.0
2021-12-28 00:00:00+00:00,USDT,1,DeFiLlama,78371305928.0
2021-12-29 00:00:00+00:00,USDT,1,DeFiLlama,78362645250.0
2021-12-30 00:00:00+00:00,USDT,1,DeFiLlama,78504742204.0
2021-12-31 00:00:00+00:00,USDT,1,DeFiLlama,79432557845.0
2022-01-01 00:00:00+00:00,USDT,1,DeFiLlama,79214085647.0
2022-01-02 00:00:00+00:00,USDT,1,DeFiLlama,79221440895.0
2022-01-03 00:00:00+00:00,USDT,1,DeFiLlama,78519284091.0
2022-01-04 00:00:00+00:00,USDT,1,DeFiLlama,78463706371.0
2022-01-05 00:00:00+00:00,USDT,1,DeFiLlama,78399020670.0
2022-01-06 00:00:00+00:00,USDT,1,DeFiLlama,79010451803.0
2022-01-07 00:00:00+00:00,USDT,1,DeFiLlama,78731693917.0
2022-01-08 00:00:00+00:00,USDT,1,DeFiLlama,78662917120.0
2022-01-09 00:00:00+00:00,USDT,1,DeFiLlama,78115986493.0
2022-01-10 00:00:00+00:00,USDT,1,DeFiLlama,78013315604.0
2022-01-11 00:00:00+00:00,USDT,1,DeFiLlama,78567706013.0
2022-01-12 00:00:00+00:00,USDT,1,DeFiLlama,78587933730.0
2022-01-13 00:00:00+00:00,USDT,1,DeFiLlama,78558341157.0
2022-01-14 00:00:00+00:00,USDT,1,DeFiLlama,78314622138.0
2022-01-15 00:00:00+00:00,USDT,1,DeFiLlama,78534580154.0
2022-01-16 00:00:00+00:00,USDT,1,DeFiLlama,78306182759.0
2022-01-17 00:00:00+00:00,USDT,1,DeFiLlama,78447166988.0
2022-01-18 00:00:00+00:00,USDT,1,DeFiLlama,78610157322.0
2022-01-19 00:00:00+00:00,USDT,1,DeFiLlama,78385189731.0
2022-01-20 00:00:00+00:00,USDT,1,DeFiLlama,78299194807.0
2022-01-21 00:00:00+00:00,USDT,1,DeFiLlama,78288450521.0
2022-01-22 00:00:00+00:00,USDT,1,DeFiLlama,78087291157.0
2022-01-23 00:00:00+00:00,USDT,1,DeFiLlama,78645401451.0
2022-01-24 00:00:00+00:00,USDT,1,DeFiLlama,78308599642.0
2022-01-25 00:00:00+00:00,USDT,1,DeFiLlama,79081112160.0
2022-01-26 00:00:00+00:00,USDT,1,DeFiLlama,78381038515.0
2022-01-27 00:00:00+00:00,USDT,1,DeFiLlama,78881207485.0
2022-01-28 00:00:00+00:00,USDT,1,DeFiLlama,79272790832.0
2022-01-29 00:00:00+00:00,USDT,1,DeFiLlama,78392905111.0
2022-01-30 00:00:00+00:00,USDT,1,DeFiLlama,78614214636.0
2022-01-31 00:00:00+00:00,USDT,1,DeFiLlama,78344633253.0
2022-02-01 00:00:00+00:00,USDT,1,DeFiLlama,78189041987.0
2022-02-02 00:00:00+00:00,USDT,1,DeFiLlama,78129638659.0
2022-02-03 00:00:00+00:00,USDT,1,DeFiLlama,78189170812.0
2022-02-04 00:00:00+00:00,USDT,1,DeFiLlama,78173472467.0
2022-02-05 00:00:00+00:00,USDT,1,DeFiLlama,78494856290.0
2022-02-06 00:00:00+00:00,USDT,1,DeFiLlama,78098419342.0
2022-02-07 00:00:00+00:00,USDT,1,DeFiLlama,78191012280.0
2022-02-08 00:00:00+00:00,USDT,1,DeFiLlama,78198022610.0
2022-02-09 00:00:00+00:00,USDT,1,DeFiLlama,78153756696.0
2022-02-10 00:00:00+00:00,USDT,1,DeFiLlama,78104522393.0
2022-02-11 00:00:00+00:00,USDT,1,DeFiLlama,78645367858.0
2022-02-12 00:00:00+00:00,USDT,1,DeFiLlama,78671184184.0
2022-02-13 00:00:00+00:00,USDT,1,DeFiLlama,78688251091.0
2022-02-14 00:00:00+00:00,USDT,1,DeFiLlama,78727491533.0
2022-02-15 00:00:00+00:00,USDT,1,DeFiLlama,78649751658.0
2022-02-16 00:00:00+00:00,USDT,1,DeFiLlama,78588216526.0
2022-02-17 00:00:00+00:00,USDT,1,DeFiLlama,78792364015.0
2022-02-18 00:00:00+00:00,USDT,1,DeFiLlama,78856527589.0
2022-02-19 00:00:00+00:00,USDT,1,DeFiLlama,78760444315.0
2022-02-20 00:00:00+00:00,USDT,1,DeFiLlama,79323933939.0
2022-02-21 00:00:00+00:00,USDT,1,DeFiLlama,79245888320.0
2022-02-22 00:00:00+00:00,USDT,1,DeFiLlama,79543397991.0
2022-02-23 00:00:00+00:00,USDT,1,DeFiLlama,79340029396.0
2022-02-24 00:00:00+00:00,USDT,1,DeFiLlama,79785993458.0
2022-02-25 00:00:00+00:00,USDT,1,DeFiLlama,79723619291.0
2022-02-26 00:00:00+00:00,USDT,1,DeFiLlama,79671989976.0
2022-02-27 00:00:00+00:00,USDT,1,DeFiLlama,79876330282.0
2022-02-28 00:00:00+00:00,USDT,1,DeFiLlama,80056936322.0
2022-03-01 00:00:00+00:00,USDT,1,DeFiLlama,79546229975.0
2022-03-02 00:00:00+00:00,USDT,1,DeFiLlama,79377169750.0
2022-03-03 00:00:00+00:00,USDT,1,DeFiLlama,79952581892.0
2022-03-04 00:00:00+00:00,USDT,1,DeFiLlama,79681343752.0
2022-03-05 00:00:00+00:00,USDT,1,DeFiLlama,79967015588.0
2022-03-06 00:00:00+00:00,USDT,1,DeFiLlama,79992861379.0
2022-03-07 00:00:00+00:00,USDT,1,DeFiLlama,80167859615.0
2022-03-08 00:00:00+00:00,USDT,1,DeFiLlama,79901321802.0
2022-03-09 00:00:00+00:00,USDT,1,DeFiLlama,80083940400.0
2022-03-10 00:00:00+00:00,USDT,1,DeFiLlama,80059723281.0
2022-03-11 00:00:00+00:00,USDT,1,DeFiLlama,80121412741.0
2022-03-12 00:00:00+00:00,USDT,1,DeFiLlama,80098386875.0
2022-03-13 00:00:00+00:00,USDT,1,DeFiLlama,80113754857.0
2022-03-14 00:00:00+00:00,USDT,1,DeFiLlama,80186381180.0
2022-03-15 00:00:00+00:00,USDT,1,DeFiLlama,80048684548.0
2022-03-16 00:00:00+00:00,USDT,1,DeFiLlama,80084070240.0
2022-03-17 00:00:00+00:00,USDT,1,DeFiLlama,80154613074.0
2022-03-18 00:00:00+00:00,USDT,1,DeFiLlama,80253502143.0
2022-03-19 00:00:00+00:00,USDT,1,DeFiLlama,80638895127.0
2022-03-20 00:00:00+00:00,USDT,1,DeFiLlama,80759114699.0
2022-03-21 00:00:00+00:00,USDT,1,DeFiLlama,80803658691.0
2022-03-22 00:00:00+00:00,USDT,1,DeFiLlama,80742375395.0
2022-03-23 00:00:00+00:00,USDT,1,DeFiLlama,80813890280.0
2022-03-24 00:00:00+00:00,USDT,1,DeFiLlama,80617717555.0
2022-03-25 00:00:00+00:00,USDT,1,DeFiLlama,80896455674.0
2022-03-26 00:00:00+00:00,USDT,1,DeFiLlama,81269316709.0
2022-03-27 00:00:00+00:00,USDT,1,DeFiLlama,81265468997.0
2022-03-28 00:00:00+00:00,USDT,1,DeFiLlama,81097512900.0
2022-03-29 00:00:00+00:00,USDT,1,DeFiLlama,81163679752.0
2022-03-30 00:00:00+00:00,USDT,1,DeFiLlama,81643742495.0
2022-03-31 00:00:00+00:00,USDT,1,DeFiLlama,81880807976.0
2022-04-01 00:00:00+00:00,USDT,1,DeFiLlama,82111240613.0
2022-04-02 00:00:00+00:00,USDT,1,DeFiLlama,82128838509.0
2022-04-03 00:00:00+00:00,USDT,1,DeFiLlama,82243436567.0
2022-04-04 00:00:00+00:00,USDT,1,DeFiLlama,82445457405.0
2022-04-05 00:00:00+00:00,USDT,1,DeFiLlama,82498155772.0
2022-04-06 00:00:00+00:00,USDT,1,DeFiLlama,82484761060.0
2022-04-07 00:00:00+00:00,USDT,1,DeFiLlama,82403860025.0
2022-04-08 00:00:00+00:00,USDT,1,DeFiLlama,82527394584.0
2022-04-09 00:00:00+00:00,USDT,1,DeFiLlama,82652739236.0
2022-04-10 00:00:00+00:00,USDT,1,DeFiLlama,82660624852.0
2022-04-11 00:00:00+00:00,USDT,1,DeFiLlama,82791093566.0
2022-04-12 00:00:00+00:00,USDT,1,DeFiLlama,82713451635.0
2022-04-13 00:00:00+00:00,USDT,1,DeFiLlama,83007878594.0
2022-04-14 00:00:00+00:00,USDT,1,DeFiLlama,82866510722.0
2022-04-15 00:00:00+00:00,USDT,1,DeFiLlama,82897672411.0
2022-04-16 00:00:00+00:00,USDT,1,DeFiLlama,82809170080.0
2022-04-17 00:00:00+00:00,USDT,1,DeFiLlama,82877296154.0
2022-04-18 00:00:00+00:00,USDT,1,DeFiLlama,82885160812.0
2022-04-19 00:00:00+00:00,USDT,1,DeFiLlama,82857636762.0
2022-04-20 00:00:00+00:00,USDT,1,DeFiLlama,82759364479.0
2022-04-21 00:00:00+00:00,USDT,1,DeFiLlama,83021462214.0
2022-04-22 00:00:00+00:00,USDT,1,DeFiLlama,83171627191.0
2022-04-23 00:00:00+00:00,USDT,1,DeFiLlama,83194560472.0
2022-04-24 00:00:00+00:00,USDT,1,DeFiLlama,83282886230.0
2022-04-25 00:00:00+00:00,USDT,1,DeFiLlama,83239619633.0
2022-04-26 00:00:00+00:00,USDT,1,DeFiLlama,83153178313.0
2022-04-27 00:00:00+00:00,USDT,1,DeFiLlama,83256289983.0
2022-04-28 00:00:00+00:00,USDT,1,DeFiLlama,83141483801.0
2022-04-29 00:00:00+00:00,USDT,1,DeFiLlama,83110772708.0
2022-04-30 00:00:00+00:00,USDT,1,DeFiLlama,83330923492.0
2022-05-01 00:00:00+00:00,USDT,1,DeFiLlama,83697405339.0
2022-05-02 00:00:00+00:00,USDT,1,DeFiLlama,83382381193.0
2022-05-03 00:00:00+00:00,USDT,1,DeFiLlama,83190931320.0
2022-05-04 00:00:00+00:00,USDT,1,DeFiLlama,83331768886.0
2022-05-05 00:00:00+00:00,USDT,1,DeFiLlama,83158740796.0
2022-05-06 00:00:00+00:00,USDT,1,DeFiLlama,83302209355.0
2022-05-07 00:00:00+00:00,USDT,1,DeFiLlama,83348085462.0
2022-05-08 00:00:00+00:00,USDT,1,DeFiLlama,83491763869.0
2022-05-09 00:00:00+00:00,USDT,1,DeFiLlama,83246318700.0
2022-05-10 00:00:00+00:00,USDT,1,DeFiLlama,83173635948.0
2022-05-11 00:00:00+00:00,USDT,1,DeFiLlama,82690895711.0
2022-05-12 00:00:00+00:00,USDT,1,DeFiLlama,79485744715.0
2022-05-13 00:00:00+00:00,USDT,1,DeFiLlama,79485744715.0
2022-05-14 00:00:00+00:00,USDT,1,DeFiLlama,76734593140.0
2022-05-15 00:00:00+00:00,USDT,1,DeFiLlama,75698673625.0
2022-05-16 00:00:00+00:00,USDT,1,DeFiLlama,75711756793.0
2022-05-17 00:00:00+00:00,USDT,1,DeFiLlama,75711756793.0
2022-05-18 00:00:00+00:00,USDT,1,DeFiLlama,74158117512.0
2022-05-19 00:00:00+00:00,USDT,1,DeFiLlama,74167175832.0
2022-05-20 00:00:00+00:00,USDT,1,DeFiLlama,74181204620.0
2022-05-21 00:00:00+00:00,USDT,1,DeFiLlama,73255957132.0
2022-05-22 00:00:00+00:00,USDT,1,DeFiLlama,73221020878.0
2022-05-23 00:00:00+00:00,USDT,1,DeFiLlama,73235565369.0
2022-05-24 00:00:00+00:00,USDT,1,DeFiLlama,73228235215.0
2022-05-25 00:00:00+00:00,USDT,1,DeFiLlama,73228235215.0
2022-05-26 00:00:00+00:00,USDT,1,DeFiLlama,73227243445.0
2022-05-27 00:00:00+00:00,USDT,1,DeFiLlama,73232594340.0
2022-05-28 00:00:00+00:00,USDT,1,DeFiLlama,72499738788.0
2022-05-29 00:00:00+00:00,USDT,1,DeFiLlama,72504086805.0
2022-05-30 00:00:00+00:00,USDT,1,DeFiLlama,72535836322.0
2022-05-31 00:00:00+00:00,USDT,1,DeFiLlama,72524933627.0
2022-06-01 00:00:00+00:00,USDT,1,DeFiLlama,72526132987.0
2022-06-02 00:00:00+00:00,USDT,1,DeFiLlama,72600188405.0
2022-06-03 00:00:00+00:00,USDT,1,DeFiLlama,72528608901.0
2022-06-04 00:00:00+00:00,USDT,1,DeFiLlama,72530075149.0
2022-06-05 00:00:00+00:00,USDT,1,DeFiLlama,72519092421.0
2022-06-06 00:00:00+00:00,USDT,1,DeFiLlama,72522497401.0
2022-06-07 00:00:00+00:00,USDT,1,DeFiLlama,72410957660.0
2022-06-08 00:00:00+00:00,USDT,1,DeFiLlama,72410957660.0
2022-06-09 00:00:00+00:00,USDT,1,DeFiLlama,72425196492.0
2022-06-10 00:00:00+00:00,USDT,1,DeFiLlama,72492367357.0
2022-06-11 00:00:00+00:00,USDT,1,DeFiLlama,72499354970.0
2022-06-12 00:00:00+00:00,USDT,1,DeFiLlama,72466892931.0
2022-06-13 00:00:00+00:00,USDT,1,DeFiLlama,72291494924.0
2022-06-14 00:00:00+00:00,USDT,1,DeFiLlama,71503808611.0
2022-06-15 00:00:00+00:00,USDT,1,DeFiLlama,70822047451.0
2022-06-16 00:00:00+00:00,USDT,1,DeFiLlama,69967166460.0
2022-06-17 00:00:00+00:00,USDT,1,DeFiLlama,69174473605.0
2022-06-18 00:00:00+00:00,USDT,1,DeFiLlama,68176552326.0
2022-06-19 00:00:00+00:00,USDT,1,DeFiLlama,68130091450.0
2022-06-20 00:00:00+00:00,USDT,1,DeFiLlama,67863629322.0
2022-06-21 00:00:00+00:00,USDT,1,DeFiLlama,67447252726.0
2022-06-22 00:00:00+00:00,USDT,1,DeFiLlama,66939363765.0
2022-06-23 00:00:00+00:00,USDT,1,DeFiLlama,66962042573.0
2022-06-24 00:00:00+00:00,USDT,1,DeFiLlama,66948998007.0
2022-06-25 00:00:00+00:00,USDT,1,DeFiLlama,66841870663.0
2022-06-26 00:00:00+00:00,USDT,1,DeFiLlama,66847066311.0
2022-06-27 00:00:00+00:00,USDT,1,DeFiLlama,66856688413.0
2022-06-28 00:00:00+00:00,USDT,1,DeFiLlama,66824445663.0
2022-06-29 00:00:00+00:00,USDT,1,DeFiLlama,66791194933.0
2022-06-30 00:00:00+00:00,USDT,1,DeFiLlama,66463748713.0
2022-07-01 00:00:00+00:00,USDT,1,DeFiLlama,66279904942.0
2022-07-02 00:00:00+00:00,USDT,1,DeFiLlama,66633563590.0
2022-07-03 00:00:00+00:00,USDT,1,DeFiLlama,66637843079.0
2022-07-04 00:00:00+00:00,USDT,1,DeFiLlama,66494818098.0
2022-07-05 00:00:00+00:00,USDT,1,DeFiLlama,66451169903.0
2022-07-06 00:00:00+00:00,USDT,1,DeFiLlama,66451655940.0
2022-07-07 00:00:00+00:00,USDT,1,DeFiLlama,66446520644.0
2022-07-08 00:00:00+00:00,USDT,1,DeFiLlama,66405902703.0
2022-07-09 00:00:00+00:00,USDT,1,DeFiLlama,66471001674.0
2022-07-10 00:00:00+00:00,USDT,1,DeFiLlama,66432311434.0
2022-07-11 00:00:00+00:00,USDT,1,DeFiLlama,66465384770.0
2022-07-12 00:00:00+00:00,USDT,1,DeFiLlama,66465384770.0
2022-07-13 00:00:00+00:00,USDT,1,DeFiLlama,66426423702.0
2022-07-14 00:00:00+00:00,USDT,1,DeFiLlama,66355380035.0
2022-07-15 00:00:00+00:00,USDT,1,DeFiLlama,66317932148.0
2022-07-16 00:00:00+00:00,USDT,1,DeFiLlama,66317932148.0
2022-07-17 00:00:00+00:00,USDT,1,DeFiLlama,66349450274.0
2022-07-18 00:00:00+00:00,USDT,1,DeFiLlama,66356009511.0
2022-07-19 00:00:00+00:00,USDT,1,DeFiLlama,66333085532.0
2022-07-20 00:00:00+00:00,USDT,1,DeFiLlama,66320333624.0
2022-07-21 00:00:00+00:00,USDT,1,DeFiLlama,66323651600.0
2022-07-22 00:00:00+00:00,USDT,1,DeFiLlama,66286857515.0
2022-07-23 00:00:00+00:00,USDT,1,DeFiLlama,66292926498.0
2022-07-24 00:00:00+00:00,USDT,1,DeFiLlama,66292365071.0
2022-07-25 00:00:00+00:00,USDT,1,DeFiLlama,66296026642.0
2022-07-26 00:00:00+00:00,USDT,1,DeFiLlama,66292001560.0
2022-07-27 00:00:00+00:00,USDT,1,DeFiLlama,66310813115.0
2022-07-28 00:00:00+00:00,USDT,1,DeFiLlama,66285540449.0
2022-07-29 00:00:00+00:00,USDT,1,DeFiLlama,66382124061.0
2022-07-30 00:00:00+00:00,USDT,1,DeFiLlama,66507130316.0
2022-07-31 00:00:00+00:00,USDT,1,DeFiLlama,66651173201.0
2022-08-01 00:00:00+00:00,USDT,1,DeFiLlama,66651613631.0
2022-08-02 00:00:00+00:00,USDT,1,DeFiLlama,66759079429.0
2022-08-03 00:00:00+00:00,USDT,1,DeFiLlama,66871041771.0
2022-08-04 00:00:00+00:00,USDT,1,DeFiLlama,66870806792.0
2022-08-05 00:00:00+00:00,USDT,1,DeFiLlama,66936675543.0
2022-08-06 00:00:00+00:00,USDT,1,DeFiLlama,66929805958.0
2022-08-07 00:00:00+00:00,USDT,1,DeFiLlama,66929805958.0
2022-08-08 00:00:00+00:00,USDT,1,DeFiLlama,66917977720.0
2022-08-09 00:00:00+00:00,USDT,1,DeFiLlama,66917222982.0
2022-08-10 00:00:00+00:00,USDT,1,DeFiLlama,66963249874.0
2022-08-11 00:00:00+00:00,USDT,1,DeFiLlama,67208611295.0
2022-08-12 00:00:00+00:00,USDT,1,DeFiLlama,67359349669.0
2022-08-13 00:00:00+00:00,USDT,1,DeFiLlama,67504940563.0
2022-08-14 00:00:00+00:00,USDT,1,DeFiLlama,67744701896.0
2022-08-15 00:00:00+00:00,USDT,1,DeFiLlama,67429026810.0
2022-08-16 00:00:00+00:00,USDT,1,DeFiLlama,67581103763.0
2022-08-17 00:00:00+00:00,USDT,1,DeFiLlama,67569730696.0
2022-08-18 00:00:00+00:00,USDT,1,DeFiLlama,67551075729.0
2022-08-19 00:00:00+00:00,USDT,1,DeFiLlama,67550349634.0
2022-08-20 00:00:00+00:00,USDT,1,DeFiLlama,67548288243.0
2022-08-21 00:00:00+00:00,USDT,1,DeFiLlama,67554275317.0
2022-08-22 00:00:00+00:00,USDT,1,DeFiLlama,67546502387.0
2022-08-23 00:00:00+00:00,USDT,1,DeFiLlama,67538125618.0
2022-08-24 00:00:00+00:00,USDT,1,DeFiLlama,67538558573.0
2022-08-25 00:00:00+00:00,USDT,1,DeFiLlama,67551360806.0
2022-08-26 00:00:00+00:00,USDT,1,DeFiLlama,67637693999.0
2022-08-27 00:00:00+00:00,USDT,1,DeFiLlama,67548174005.0
2022-08-28 00:00:00+00:00,USDT,1,DeFiLlama,67554399518.0
2022-08-29 00:00:00+00:00,USDT,1,DeFiLlama,67545982884.0
2022-08-30 00:00:00+00:00,USDT,1,DeFiLlama,67548911675.0
2022-08-31 00:00:00+00:00,USDT,1,DeFiLlama,67552813300.0
2022-09-01 00:00:00+00:00,USDT,1,DeFiLlama,67551582890.0
2022-09-02 00:00:00+00:00,USDT,1,DeFiLlama,67551756492.0
2022-09-03 00:00:00+00:00,USDT,1,DeFiLlama,67550125170.0
2022-09-04 00:00:00+00:00,USDT,1,DeFiLlama,67552573842.0
2022-09-05 00:00:00+00:00,USDT,1,DeFiLlama,67549551675.0
2022-09-06 00:00:00+00:00,USDT,1,DeFiLlama,67542196487.0
2022-09-07 00:00:00+00:00,USDT,1,DeFiLlama,67547079304.0
2022-09-08 00:00:00+00:00,USDT,1,DeFiLlama,67547199534.0
2022-09-09 00:00:00+00:00,USDT,1,DeFiLlama,67550159729.0
2022-09-10 00:00:00+00:00,USDT,1,DeFiLlama,67556610985.0
2022-09-11 00:00:00+00:00,USDT,1,DeFiLlama,67676845587.0
2022-09-12 00:00:00+00:00,USDT,1,DeFiLlama,67742707863.0
2022-09-13 00:00:00+00:00,USDT,1,DeFiLlama,67821638257.0
2022-09-14 00:00:00+00:00,USDT,1,DeFiLlama,67898772162.0
2022-09-15 00:00:00+00:00,USDT,1,DeFiLlama,67883041497.0
2022-09-16 00:00:00+00:00,USDT,1,DeFiLlama,67923689321.0
2022-09-17 00:00:00+00:00,USDT,1,DeFiLlama,67923585946.0
2022-09-18 00:00:00+00:00,USDT,1,DeFiLlama,67920776064.0
2022-09-19 00:00:00+00:00,USDT,1,DeFiLlama,67923585944.0
2022-09-20 00:00:00+00:00,USDT,1,DeFiLlama,67956589961.0
2022-09-21 00:00:00+00:00,USDT,1,DeFiLlama,67966594001.0
2022-09-22 00:00:00+00:00,USDT,1,DeFiLlama,67975491267.0
2022-09-23 00:00:00+00:00,USDT,1,DeFiLlama,67951949274.0
2022-09-24 00:00:00+00:00,USDT,1,DeFiLlama,67949388004.0
2022-09-25 00:00:00+00:00,USDT,1,DeFiLlama,67950359007.0
2022-09-26 00:00:00+00:00,USDT,1,DeFiLlama,67952625135.0
2022-09-27 00:00:00+00:00,USDT,1,DeFiLlama,67951354338.0
2022-09-28 00:00:00+00:00,USDT,1,DeFiLlama,67950364285.0
2022-09-29 00:00:00+00:00,USDT,1,DeFiLlama,67947676809.0
2022-09-30 00:00:00+00:00,USDT,1,DeFiLlama,67954353699.0
2022-10-01 00:00:00+00:00,USDT,1,DeFiLlama,67948542706.0
2022-10-02 00:00:00+00:00,USDT,1,DeFiLlama,67949182064.0
2022-10-03 00:00:00+00:00,USDT,1,DeFiLlama,67944572025.0
2022-10-04 00:00:00+00:00,USDT,1,DeFiLlama,67947697335.0
2022-10-05 00:00:00+00:00,USDT,1,DeFiLlama,68074624852.0
2022-10-06 00:00:00+00:00,USDT,1,DeFiLlama,68218492035.0
2022-10-07 00:00:00+00:00,USDT,1,DeFiLlama,68226676713.0
2022-10-08 00:00:00+00:00,USDT,1,DeFiLlama,68328206686.0
2022-10-09 00:00:00+00:00,USDT,1,DeFiLlama,68376959555.0
2022-10-10 00:00:00+00:00,USDT,1,DeFiLlama,68375298920.0
2022-10-11 00:00:00+00:00,USDT,1,DeFiLlama,68420214759.0
2022-10-12 00:00:00+00:00,USDT,1,DeFiLlama,68415641082.0
2022-10-13 00:00:00+00:00,USDT,1,DeFiLlama,68415978378.0
2022-10-14 00:00:00+00:00,USDT,1,DeFiLlama,68414880928.0
2022-10-15 00:00:00+00:00,USDT,1,DeFiLlama,68427706686.0
2022-10-16 00:00:00+00:00,USDT,1,DeFiLlama,68432883242.0
2022-10-17 00:00:00+00:00,USDT,1,DeFiLlama,68432359085.0
2022-10-18 00:00:00+00:00,USDT,1,DeFiLlama,68437706685.0
2022-10-19 00:00:00+00:00,USDT,1,DeFiLlama,68451542494.0
2022-10-20 00:00:00+00:00,USDT,1,DeFiLlama,68453576637.0
2022-10-21 00:00:00+00:00,USDT,1,DeFiLlama,68447806562.0
2022-10-22 00:00:00+00:00,USDT,1,DeFiLlama,68448256112.0
2022-10-23 00:00:00+00:00,USDT,1,DeFiLlama,68452258966.0
2022-10-24 00:00:00+00:00,USDT,1,DeFiLlama,68448613412.0
2022-10-25 00:00:00+00:00,USDT,1,DeFiLlama,68478655756.0
2022-10-26 00:00:00+00:00,USDT,1,DeFiLlama,68511756739.0
2022-10-27 00:00:00+00:00,USDT,1,DeFiLlama,68727004424.0
2022-10-28 00:00:00+00:00,USDT,1,DeFiLlama,68892878369.0
2022-10-29 00:00:00+00:00,USDT,1,DeFiLlama,68977692179.0
2022-10-30 00:00:00+00:00,USDT,1,DeFiLlama,69116157095.0
2022-10-31 00:00:00+00:00,USDT,1,DeFiLlama,69271293754.0
2022-11-01 00:00:00+00:00,USDT,1,DeFiLlama,69415082044.0
2022-11-02 00:00:00+00:00,USDT,1,DeFiLlama,69338547020.0
2022-11-03 00:00:00+00:00,USDT,1,DeFiLlama,69340998807.0
2022-11-04 00:00:00+00:00,USDT,1,DeFiLlama,69352564431.0
2022-11-05 00:00:00+00:00,USDT,1,DeFiLlama,69354720562.0
2022-11-06 00:00:00+00:00,USDT,1,DeFiLlama,69437661896.0
2022-11-07 00:00:00+00:00,USDT,1,DeFiLlama,69421840658.0
2022-11-08 00:00:00+00:00,USDT,1,DeFiLlama,69518116385.0
2022-11-09 00:00:00+00:00,USDT,1,DeFiLlama,69877980214.0
2022-11-10 00:00:00+00:00,USDT,1,DeFiLlama,68208873249.0
2022-11-11 00:00:00+00:00,USDT,1,DeFiLlama,68152740757.0
2022-11-12 00:00:00+00:00,USDT,1,DeFiLlama,67271876433.0
2022-11-13 00:00:00+00:00,USDT,1,DeFiLlama,66345381026.0
2022-11-14 00:00:00+00:00,USDT,1,DeFiLlama,66291749922.0
2022-11-15 00:00:00+00:00,USDT,1,DeFiLlama,65956265903.0
2022-11-16 00:00:00+00:00,USDT,1,DeFiLlama,65894873297.0
2022-11-17 00:00:00+00:00,USDT,1,DeFiLlama,65875492621.0
2022-11-18 00:00:00+00:00,USDT,1,DeFiLlama,65888679588.0
2022-11-19 00:00:00+00:00,USDT,1,DeFiLlama,65869148638.0
2022-11-20 00:00:00+00:00,USDT,1,DeFiLlama,65841850776.0
2022-11-21 00:00:00+00:00,USDT,1,DeFiLlama,65796033621.0
2022-11-22 00:00:00+00:00,USDT,1,DeFiLlama,65431303413.0
2022-11-23 00:00:00+00:00,USDT,1,DeFiLlama,65457735740.0
2022-11-24 00:00:00+00:00,USDT,1,DeFiLlama,65274275864.0
2022-11-25 00:00:00+00:00,USDT,1,DeFiLlama,65302197652.0
2022-11-26 00:00:00+00:00,USDT,1,DeFiLlama,65335566807.0
2022-11-27 00:00:00+00:00,USDT,1,DeFiLlama,65321148012.0
2022-11-28 00:00:00+00:00,USDT,1,DeFiLlama,65316885047.0
2022-11-29 00:00:00+00:00,USDT,1,DeFiLlama,65326687971.0
2022-11-30 00:00:00+00:00,USDT,1,DeFiLlama,65256715971.0
2022-12-01 00:00:00+00:00,USDT,1,DeFiLlama,65352829103.0
2022-12-02 00:00:00+00:00,USDT,1,DeFiLlama,65359364386.0
2022-12-03 00:00:00+00:00,USDT,1,DeFiLlama,65443085957.0
2022-12-04 00:00:00+00:00,USDT,1,DeFiLlama,65495531803.0
2022-12-05 00:00:00+00:00,USDT,1,DeFiLlama,65492257484.0
2022-12-06 00:00:00+00:00,USDT,1,DeFiLlama,65572109061.0
2022-12-07 00:00:00+00:00,USDT,1,DeFiLlama,65675363712.0
2022-12-08 00:00:00+00:00,USDT,1,DeFiLlama,65672735697.0
2022-12-09 00:00:00+00:00,USDT,1,DeFiLlama,65697842712.0
2022-12-10 00:00:00+00:00,USDT,1,DeFiLlama,65698342212.0
2022-12-11 00:00:00+00:00,USDT,1,DeFiLlama,65698342212.0
2022-12-12 00:00:00+00:00,USDT,1,DeFiLlama,65698342212.0
2022-12-13 00:00:00+00:00,USDT,1,DeFiLlama,65795364654.0
2022-12-14 00:00:00+00:00,USDT,1,DeFiLlama,65977518212.0
2022-12-15 00:00:00+00:00,USDT,1,DeFiLlama,65967147441.0
2022-12-16 00:00:00+00:00,USDT,1,DeFiLlama,66030168212.0
2022-12-17 00:00:00+00:00,USDT,1,DeFiLlama,66046429818.0
2022-12-18 00:00:00+00:00,USDT,1,DeFiLlama,66160482663.0
2022-12-19 00:00:00+00:00,USDT,1,DeFiLlama,66155190882.0
2022-12-20 00:00:00+00:00,USDT,1,DeFiLlama,66203341240.0
2022-12-21 00:00:00+00:00,USDT,1,DeFiLlama,66233093212.0
2022-12-22 00:00:00+00:00,USDT,1,DeFiLlama,66237845405.0
2022-12-23 00:00:00+00:00,USDT,1,DeFiLlama,66234588490.0
2022-12-24 00:00:00+00:00,USDT,1,DeFiLlama,66237795405.0
2022-12-25 00:00:00+00:00,USDT,1,DeFiLlama,66237795405.0
2022-12-26 00:00:00+00:00,USDT,1,DeFiLlama,66237795405.0
2022-12-27 00:00:00+00:00,USDT,1,DeFiLlama,66240744514.0
2022-12-28 00:00:00+00:00,USDT,1,DeFiLlama,66220423316.0
2022-12-29 00:00:00+00:00,USDT,1,DeFiLlama,66221318672.0
2022-12-30 00:00:00+00:00,USDT,1,DeFiLlama,66231184474.0
2022-12-31 00:00:00+00:00,USDT,1,DeFiLlama,66223237023.0
2023-01-01 00:00:00+00:00,USDT,1,DeFiLlama,66237201876.0
2023-01-02 00:00:00+00:00,USDT,1,DeFiLlama,66229859346.0
2023-01-03 00:00:00+00:00,USDT,1,DeFiLlama,66233172164.0
2023-01-04 00:00:00+00:00,USDT,1,DeFiLlama,66232840220.0
2023-01-05 00:00:00+00:00,USDT,1,DeFiLlama,66236484982.0
2023-01-06 00:00:00+00:00,USDT,1,DeFiLlama,66238632792.0
2023-01-07 00:00:00+00:00,USDT,1,DeFiLlama,66243602677.0
2023-01-08 00:00:00+00:00,USDT,1,DeFiLlama,66247923826.0
2023-01-09 00:00:00+00:00,USDT,1,DeFiLlama,66275348317.0
2023-01-10 00:00:00+00:00,USDT,1,DeFiLlama,66265138847.0
2023-01-11 00:00:00+00:00,USDT,1,DeFiLlama,66263599730.0
2023-01-12 00:00:00+00:00,USDT,1,DeFiLlama,66265897676.0
2023-01-13 00:00:00+00:00,USDT,1,DeFiLlama,66270292018.0
2023-01-14 00:00:00+00:00,USDT,1,DeFiLlama,66270814051.0
2023-01-15 00:00:00+00:00,USDT,1,DeFiLlama,66354669258.0
2023-01-16 00:00:00+00:00,USDT,1,DeFiLlama,66374033440.0
2023-01-17 00:00:00+00:00,USDT,1,DeFiLlama,66485923929.0
2023-01-18 00:00:00+00:00,USDT,1,DeFiLlama,66492831604.0
2023-01-19 00:00:00+00:00,USDT,1,DeFiLlama,66477485276.0
2023-01-20 00:00:00+00:00,USDT,1,DeFiLlama,66476820501.0
2023-01-21 00:00:00+00:00,USDT,1,DeFiLlama,66484133025.0
2023-01-22 00:00:00+00:00,USDT,1,DeFiLlama,66703495301.0
2023-01-23 00:00:00+00:00,USDT,1,DeFiLlama,66765654159.0
2023-01-24 00:00:00+00:00,USDT,1,DeFiLlama,66847055676.0
2023-01-25 00:00:00+00:00,USDT,1,DeFiLlama,67039191545.0
2023-01-26 00:00:00+00:00,USDT,1,DeFiLlama,67187728354.0
2023-01-27 00:00:00+00:00,USDT,1,DeFiLlama,67335036407.0
2023-01-28 00:00:00+00:00,USDT,1,DeFiLlama,67517343369.0
2023-01-29 00:00:00+00:00,USDT,1,DeFiLlama,67639905326.0
2023-01-30 00:00:00+00:00,USDT,1,DeFiLlama,67778453765.0
2023-01-31 00:00:00+00:00,USDT,1,DeFiLlama,67806044005.0
2023-02-01 00:00:00+00:00,USDT,1,DeFiLlama,67798826675.0
2023-02-02 00:00:00+00:00,USDT,1,DeFiLlama,67815863019.0
2023-02-03 00:00:00+00:00,USDT,1,DeFiLlama,68036211442.0
2023-02-04 00:00:00+00:00,USDT,1,DeFiLlama,68028048893.0
2023-02-05 00:00:00+00:00,USDT,1,DeFiLlama,68071573715.0
2023-02-06 00:00:00+00:00,USDT,1,DeFiLlama,68073000195.0
2023-02-07 00:00:00+00:00,USDT,1,DeFiLlama,68181990160.0
2023-02-08 00:00:00+00:00,USDT,1,DeFiLlama,68184621866.0
2023-02-09 00:00:00+00:00,USDT,1,DeFiLlama,68178436345.0
2023-02-10 00:00:00+00:00,USDT,1,DeFiLlama,68187940008.0
2023-02-11 00:00:00+00:00,USDT,1,DeFiLlama,68318922892.0
2023-02-12 00:00:00+00:00,USDT,1,DeFiLlama,68388188510.0
2023-02-13 00:00:00+00:00,USDT,1,DeFiLlama,68412500195.0
2023-02-14 00:00:00+00:00,USDT,1,DeFiLlama,69157627122.0
2023-02-15 00:00:00+00:00,USDT,1,DeFiLlama,69512709640.0
2023-02-16 00:00:00+00:00,USDT,1,DeFiLlama,69794648104.0
2023-02-17 00:00:00+00:00,USDT,1,DeFiLlama,70153203879.0
2023-02-18 00:00:00+00:00,USDT,1,DeFiLlama,70286590658.0
2023-02-19 00:00:00+00:00,USDT,1,DeFiLlama,70415905100.0
2023-02-20 00:00:00+00:00,USDT,1,DeFiLlama,70415867086.0
2023-02-21 00:00:00+00:00,USDT,1,DeFiLlama,70436679657.0
2023-02-22 00:00:00+00:00,USDT,1,DeFiLlama,70461120891.0
2023-02-23 00:00:00+00:00,USDT,1,DeFiLlama,70591325939.0
2023-02-24 00:00:00+00:00,USDT,1,DeFiLlama,70688492884.0
2023-02-25 00:00:00+00:00,USDT,1,DeFiLlama,70791940347.0
2023-02-26 00:00:00+00:00,USDT,1,DeFiLlama,70846363789.0
2023-02-27 00:00:00+00:00,USDT,1,DeFiLlama,70876378483.0
2023-02-28 00:00:00+00:00,USDT,1,DeFiLlama,70919778481.0
2023-03-01 00:00:00+00:00,USDT,1,DeFiLlama,70968174583.0
2023-03-02 00:00:00+00:00,USDT,1,DeFiLlama,71063250396.0
2023-03-03 00:00:00+00:00,USDT,1,DeFiLlama,71109533437.0
2023-03-04 00:00:00+00:00,USDT,1,DeFiLlama,71356058935.0
2023-03-05 00:00:00+00:00,USDT,1,DeFiLlama,71438255243.0
2023-03-06 00:00:00+00:00,USDT,1,DeFiLlama,71479265039.0
2023-03-07 00:00:00+00:00,USDT,1,DeFiLlama,71581963508.0
2023-03-08 00:00:00+00:00,USDT,1,DeFiLlama,71722058691.0
2023-03-09 00:00:00+00:00,USDT,1,DeFiLlama,71725958692.0
2023-03-10 00:00:00+00:00,USDT,1,DeFiLlama,71792276224.0
2023-03-11 00:00:00+00:00,USDT,1,DeFiLlama,72291373373.0
2023-03-12 00:00:00+00:00,USDT,1,DeFiLlama,72120358309.0
2023-03-13 00:00:00+00:00,USDT,1,DeFiLlama,73283028734.0
2023-03-14 00:00:00+00:00,USDT,1,DeFiLlama,73183773107.0
2023-03-15 00:00:00+00:00,USDT,1,DeFiLlama,73473760305.0
2023-03-16 00:00:00+00:00,USDT,1,DeFiLlama,74692029566.0
2023-03-17 00:00:00+00:00,USDT,1,DeFiLlama,75614823945.0
2023-03-18 00:00:00+00:00,USDT,1,DeFiLlama,76554536232.0
2023-03-19 00:00:00+00:00,USDT,1,DeFiLlama,76823190941.0
2023-03-20 00:00:00+00:00,USDT,1,DeFiLlama,76635317270.0
2023-03-21 00:00:00+00:00,USDT,1,DeFiLlama,77694409633.0
2023-03-22 00:00:00+00:00,USDT,1,DeFiLlama,77893564136.0
2023-03-23 00:00:00+00:00,USDT,1,DeFiLlama,78243089847.0
2023-03-24 00:00:00+00:00,USDT,1,DeFiLlama,78871146827.0
2023-03-25 00:00:00+00:00,USDT,1,DeFiLlama,79568045897.0
2023-03-26 00:00:00+00:00,USDT,1,DeFiLlama,79711413324.0
2023-03-27 00:00:00+00:00,USDT,1,DeFiLlama,79176880832.0
2023-03-28 00:00:00+00:00,USDT,1,DeFiLlama,79528056028.0
2023-03-29 00:00:00+00:00,USDT,1,DeFiLlama,79593057824.0
2023-03-30 00:00:00+00:00,USDT,1,DeFiLlama,79633547900.0
2023-03-31 00:00:00+00:00,USDT,1,DeFiLlama,79904009619.0
2023-04-01 00:00:00+00:00,USDT,1,DeFiLlama,79766196973.0
2023-04-02 00:00:00+00:00,USDT,1,DeFiLlama,79766196973.0
2023-04-03 00:00:00+00:00,USDT,1,DeFiLlama,79955101474.0
2023-04-04 00:00:00+00:00,USDT,1,DeFiLlama,80061128106.0
2023-04-05 00:00:00+00:00,USDT,1,DeFiLlama,80077211664.0
2023-04-06 00:00:00+00:00,USDT,1,DeFiLlama,80180533983.0
2023-04-07 00:00:00+00:00,USDT,1,DeFiLlama,80268223491.0
2023-04-08 00:00:00+00:00,USDT,1,DeFiLlama,80273380845.0
2023-04-09 00:00:00+00:00,USDT,1,DeFiLlama,80363594033.0
2023-04-10 00:00:00+00:00,USDT,1,DeFiLlama,80203187657.0
2023-04-11 00:00:00+00:00,USDT,1,DeFiLlama,80503925004.0
2023-04-12 00:00:00+00:00,USDT,1,DeFiLlama,80523709558.0
2023-04-13 00:00:00+00:00,USDT,1,DeFiLlama,80731588297.0
2023-04-14 00:00:00+00:00,USDT,1,DeFiLlama,80999225951.0
2023-04-15 00:00:00+00:00,USDT,1,DeFiLlama,81058254514.0
2023-04-16 00:00:00+00:00,USDT,1,DeFiLlama,80994375051.0
2023-04-17 00:00:00+00:00,USDT,1,DeFiLlama,80923461589.0
2023-04-18 00:00:00+00:00,USDT,1,DeFiLlama,81133975239.0
2023-04-19 00:00:00+00:00,USDT,1,DeFiLlama,81164195713.0
2023-04-20 00:00:00+00:00,USDT,1,DeFiLlama,81372689700.0
2023-04-21 00:00:00+00:00,USDT,1,DeFiLlama,81397398449.0
2023-04-22 00:00:00+00:00,USDT,1,DeFiLlama,80620559312.0
2023-04-23 00:00:00+00:00,USDT,1,DeFiLlama,81512950158.0
2023-04-24 00:00:00+00:00,USDT,1,DeFiLlama,81522960158.0
2023-04-25 00:00:00+00:00,USDT,1,DeFiLlama,81609928404.0
2023-04-26 00:00:00+00:00,USDT,1,DeFiLlama,81566488286.0
2023-04-27 00:00:00+00:00,USDT,1,DeFiLlama,81825900442.0
2023-04-28 00:00:00+00:00,USDT,1,DeFiLlama,81768396221.0
2023-04-29 00:00:00+00:00,USDT,1,DeFiLlama,81851142869.0
2023-04-30 00:00:00+00:00,USDT,1,DeFiLlama,81779465088.0
2023-05-01 00:00:00+00:00,USDT,1,DeFiLlama,81789475092.0
2023-05-02 00:00:00+00:00,USDT,1,DeFiLlama,81872638699.0
2023-05-03 00:00:00+00:00,USDT,1,DeFiLlama,82018490828.0
2023-05-04 00:00:00+00:00,USDT,1,DeFiLlama,82057450732.0
2023-05-05 00:00:00+00:00,USDT,1,DeFiLlama,82052222893.0
2023-05-06 00:00:00+00:00,USDT,1,DeFiLlama,82232217802.0
2023-05-07 00:00:00+00:00,USDT,1,DeFiLlama,82237227797.0
2023-05-08 00:00:00+00:00,USDT,1,DeFiLlama,82058136655.0
2023-05-09 00:00:00+00:00,USDT,1,DeFiLlama,82407679458.0
2023-05-10 00:00:00+00:00,USDT,1,DeFiLlama,82630992515.0
2023-05-11 00:00:00+00:00,USDT,1,DeFiLlama,82681713715.0
2023-05-12 00:00:00+00:00,USDT,1,DeFiLlama,82795872918.0
2023-05-13 00:00:00+00:00,USDT,1,DeFiLlama,82949452973.0
2023-05-14 00:00:00+00:00,USDT,1,DeFiLlama,82866669088.0
2023-05-15 00:00:00+00:00,USDT,1,DeFiLlama,82887081554.0
2023-05-16 00:00:00+00:00,USDT,1,DeFiLlama,82892086547.0
2023-05-17 00:00:00+00:00,USDT,1,DeFiLlama,82914914794.0
2023-05-18 00:00:00+00:00,USDT,1,DeFiLlama,82840018135.0
2023-05-19 00:00:00+00:00,USDT,1,DeFiLlama,82843573932.0
2023-05-20 00:00:00+00:00,USDT,1,DeFiLlama,82895728300.0
2023-05-21 00:00:00+00:00,USDT,1,DeFiLlama,82983629023.0
2023-05-22 00:00:00+00:00,USDT,1,DeFiLlama,82905728289.0
2023-05-23 00:00:00+00:00,USDT,1,DeFiLlama,82949208885.0
2023-05-24 00:00:00+00:00,USDT,1,DeFiLlama,83096587524.0
2023-05-25 00:00:00+00:00,USDT,1,DeFiLlama,83049248000.0
2023-05-26 00:00:00+00:00,USDT,1,DeFiLlama,83047999631.0
2023-05-27 00:00:00+00:00,USDT,1,DeFiLlama,83098239535.0
2023-05-28 00:00:00+00:00,USDT,1,DeFiLlama,83085039920.0
2023-05-29 00:00:00+00:00,USDT,1,DeFiLlama,83186342769.0
2023-05-30 00:00:00+00:00,USDT,1,DeFiLlama,83078793317.0
2023-05-31 00:00:00+00:00,USDT,1,DeFiLlama,83135276538.0
2023-06-01 00:00:00+00:00,USDT,1,DeFiLlama,83281686114.0
2023-06-02 00:00:00+00:00,USDT,1,DeFiLlama,83222845215.0
2023-06-03 00:00:00+00:00,USDT,1,DeFiLlama,83211773718.0
2023-06-04 00:00:00+00:00,USDT,1,DeFiLlama,83133645068.0
2023-06-05 00:00:00+00:00,USDT,1,DeFiLlama,83138645060.0
2023-06-06 00:00:00+00:00,USDT,1,DeFiLlama,83195143057.0
2023-06-07 00:00:00+00:00,USDT,1,DeFiLlama,83264482931.0
2023-06-08 00:00:00+00:00,USDT,1,DeFiLlama,83360868858.0
2023-06-09 00:00:00+00:00,USDT,1,DeFiLlama,83464345326.0
2023-06-10 00:00:00+00:00,USDT,1,DeFiLlama,83329997419.0
2023-06-11 00:00:00+00:00,USDT,1,DeFiLlama,83427007721.0
2023-06-12 00:00:00+00:00,USDT,1,DeFiLlama,83432012721.0
2023-06-13 00:00:00+00:00,USDT,1,DeFiLlama,83462067412.0
2023-06-14 00:00:00+00:00,USDT,1,DeFiLlama,83505217924.0
2023-06-15 00:00:00+00:00,USDT,1,DeFiLlama,83539459054.0
2023-06-16 00:00:00+00:00,USDT,1,DeFiLlama,83411982191.0
2023-06-17 00:00:00+00:00,USDT,1,DeFiLlama,83491500891.0
2023-06-18 00:00:00+00:00,USDT,1,DeFiLlama,83138397964.0
2023-06-19 00:00:00+00:00,USDT,1,DeFiLlama,83124427752.0
2023-06-20 00:00:00+00:00,USDT,1,DeFiLlama,83123427433.0
2023-06-21 00:00:00+00:00,USDT,1,DeFiLlama,83416435930.0
2023-06-22 00:00:00+00:00,USDT,1,DeFiLlama,83139152980.0
2023-06-23 00:00:00+00:00,USDT,1,DeFiLlama,83120533427.0
2023-06-24 00:00:00+00:00,USDT,1,DeFiLlama,83126689056.0
2023-06-25 00:00:00+00:00,USDT,1,DeFiLlama,83355547655.0
2023-06-26 00:00:00+00:00,USDT,1,DeFiLlama,83168628702.0
2023-06-27 00:00:00+00:00,USDT,1,DeFiLlama,83214509943.0
2023-06-28 00:00:00+00:00,USDT,1,DeFiLlama,83472308355.0
2023-06-29 00:00:00+00:00,USDT,1,DeFiLlama,83218925627.0
2023-06-30 00:00:00+00:00,USDT,1,DeFiLlama,83343774906.0
2023-07-01 00:00:00+00:00,USDT,1,DeFiLlama,83320859006.0
2023-07-02 00:00:00+00:00,USDT,1,DeFiLlama,83303778230.0
2023-07-03 00:00:00+00:00,USDT,1,DeFiLlama,83307610989.0
2023-07-04 00:00:00+00:00,USDT,1,DeFiLlama,83331873579.0
2023-07-05 00:00:00+00:00,USDT,1,DeFiLlama,83333734068.0
2023-07-06 00:00:00+00:00,USDT,1,DeFiLlama,83295588022.0
2023-07-07 00:00:00+00:00,USDT,1,DeFiLlama,83286152715.0
2023-07-08 00:00:00+00:00,USDT,1,DeFiLlama,83421106762.0
2023-07-09 00:00:00+00:00,USDT,1,DeFiLlama,83337768983.0
2023-07-10 00:00:00+00:00,USDT,1,DeFiLlama,83266954932.0
2023-07-11 00:00:00+00:00,USDT,1,DeFiLlama,83307041104.0
2023-07-12 00:00:00+00:00,USDT,1,DeFiLlama,83352634014.0
2023-07-13 00:00:00+00:00,USDT,1,DeFiLlama,83357216574.0
2023-07-14 00:00:00+00:00,USDT,1,DeFiLlama,83496653252.0
2023-07-15 00:00:00+00:00,USDT,1,DeFiLlama,83676595996.0
2023-07-16 00:00:00+00:00,USDT,1,DeFiLlama,83701143467.0
2023-07-17 00:00:00+00:00,USDT,1,DeFiLlama,83628525930.0
2023-07-18 00:00:00+00:00,USDT,1,DeFiLlama,83729629319.0
2023-07-19 00:00:00+00:00,USDT,1,DeFiLlama,83784430445.0
2023-07-20 00:00:00+00:00,USDT,1,DeFiLlama,83730306939.0
2023-07-21 00:00:00+00:00,USDT,1,DeFiLlama,83798446907.0
2023-07-22 00:00:00+00:00,USDT,1,DeFiLlama,83775338994.0
2023-07-23 00:00:00+00:00,USDT,1,DeFiLlama,83864119328.0
2023-07-24 00:00:00+00:00,USDT,1,DeFiLlama,83780338989.0
2023-07-25 00:00:00+00:00,USDT,1,DeFiLlama,83776962706.0
2023-07-26 00:00:00+00:00,USDT,1,DeFiLlama,83789146039.0
2023-07-27 00:00:00+00:00,USDT,1,DeFiLlama,83878723305.0
2023-07-28 00:00:00+00:00,USDT,1,DeFiLlama,83796155530.0
2023-07-29 00:00:00+00:00,USDT,1,DeFiLlama,83803836403.0
2023-07-30 00:00:00+00:00,USDT,1,DeFiLlama,83774337453.0
2023-07-31 00:00:00+00:00,USDT,1,DeFiLlama,83797285742.0
2023-08-01 00:00:00+00:00,USDT,1,DeFiLlama,83866668319.0
2023-08-02 00:00:00+00:00,USDT,1,DeFiLlama,83857171498.0
2023-08-03 00:00:00+00:00,USDT,1,DeFiLlama,83855454636.0
2023-08-04 00:00:00+00:00,USDT,1,DeFiLlama,83835156582.0
2023-08-05 00:00:00+00:00,USDT,1,DeFiLlama,83742625107.0
2023-08-06 00:00:00+00:00,USDT,1,DeFiLlama,83792031429.0
2023-08-07 00:00:00+00:00,USDT,1,DeFiLlama,83734320818.0
2023-08-08 00:00:00+00:00,USDT,1,DeFiLlama,83452899346.0
2023-08-09 00:00:00+00:00,USDT,1,DeFiLlama,83477652370.0
2023-08-10 00:00:00+00:00,USDT,1,DeFiLlama,83389373846.0
2023-08-11 00:00:00+00:00,USDT,1,DeFiLlama,83359474018.0
2023-08-12 00:00:00+00:00,USDT,1,DeFiLlama,83321948337.0
2023-08-13 00:00:00+00:00,USDT,1,DeFiLlama,83342878723.0
2023-08-14 00:00:00+00:00,USDT,1,DeFiLlama,83343295663.0
2023-08-15 00:00:00+00:00,USDT,1,DeFiLlama,83328343478.0
2023-08-16 00:00:00+00:00,USDT,1,DeFiLlama,83082121071.0
2023-08-17 00:00:00+00:00,USDT,1,DeFiLlama,82820995155.0
2023-08-18 00:00:00+00:00,USDT,1,DeFiLlama,82740286529.0
2023-08-19 00:00:00+00:00,USDT,1,DeFiLlama,82788657219.0
2023-08-20 00:00:00+00:00,USDT,1,DeFiLlama,82747742356.0
2023-08-21 00:00:00+00:00,USDT,1,DeFiLlama,82823608782.0
2023-08-22 00:00:00+00:00,USDT,1,DeFiLlama,82826097691.0
2023-08-23 00:00:00+00:00,USDT,1,DeFiLlama,82815209561.0
2023-08-24 00:00:00+00:00,USDT,1,DeFiLlama,82798717222.0
2023-08-25 00:00:00+00:00,USDT,1,DeFiLlama,82826258267.0
2023-08-26 00:00:00+00:00,USDT,1,DeFiLlama,82810006505.0
2023-08-27 00:00:00+00:00,USDT,1,DeFiLlama,82751198109.0
2023-08-28 00:00:00+00:00,USDT,1,DeFiLlama,82773976009.0
2023-08-29 00:00:00+00:00,USDT,1,DeFiLlama,82781936003.0
2023-08-30 00:00:00+00:00,USDT,1,DeFiLlama,82836705499.0
2023-08-31 00:00:00+00:00,USDT,1,DeFiLlama,82826068346.0
2023-09-01 00:00:00+00:00,USDT,1,DeFiLlama,82765281894.0
2023-09-02 00:00:00+00:00,USDT,1,DeFiLlama,82861296695.0
2023-09-03 00:00:00+00:00,USDT,1,DeFiLlama,82877292012.0
2023-09-04 00:00:00+00:00,USDT,1,DeFiLlama,82877292012.0
2023-09-05 00:00:00+00:00,USDT,1,DeFiLlama,82848493517.0
2023-09-06 00:00:00+00:00,USDT,1,DeFiLlama,82879652237.0
2023-09-07 00:00:00+00:00,USDT,1,DeFiLlama,82865513708.0
2023-09-08 00:00:00+00:00,USDT,1,DeFiLlama,82821764818.0
2023-09-09 00:00:00+00:00,USDT,1,DeFiLlama,82961584342.0
2023-09-10 00:00:00+00:00,USDT,1,DeFiLlama,82981419758.0
2023-09-11 00:00:00+00:00,USDT,1,DeFiLlama,83076364174.0
2023-09-12 00:00:00+00:00,USDT,1,DeFiLlama,82977303932.0
2023-09-13 00:00:00+00:00,USDT,1,DeFiLlama,83001549694.0
2023-09-14 00:00:00+00:00,USDT,1,DeFiLlama,83006535445.0
2023-09-15 00:00:00+00:00,USDT,1,DeFiLlama,83019048237.0
2023-09-16 00:00:00+00:00,USDT,1,DeFiLlama,83019048236.0
2023-09-17 00:00:00+00:00,USDT,1,DeFiLlama,83019048236.0
2023-09-18 00:00:00+00:00,USDT,1,DeFiLlama,83019048236.0
2023-09-19 00:00:00+00:00,USDT,1,DeFiLlama,83041508687.0
2023-09-20 00:00:00+00:00,USDT,1,DeFiLlama,83222641103.0
2023-09-21 00:00:00+00:00,USDT,1,DeFiLlama,83160240300.0
2023-09-22 00:00:00+00:00,USDT,1,DeFiLlama,83076676547.0
2023-09-23 00:00:00+00:00,USDT,1,DeFiLlama,83178483701.0
2023-09-24 00:00:00+00:00,USDT,1,DeFiLlama,83180866470.0
2023-09-25 00:00:00+00:00,USDT,1,DeFiLlama,83180866470.0
2023-09-26 00:00:00+00:00,USDT,1,DeFiLlama,83185008082.0
2023-09-27 00:00:00+00:00,USDT,1,DeFiLlama,83202933855.0
2023-09-28 00:00:00+00:00,USDT,1,DeFiLlama,83248340765.0
2023-09-29 00:00:00+00:00,USDT,1,DeFiLlama,83253698407.0
2023-09-30 00:00:00+00:00,USDT,1,DeFiLlama,83160754105.0
2023-10-01 00:00:00+00:00,USDT,1,DeFiLlama,83232172676.0
2023-10-02 00:00:00+00:00,USDT,1,DeFiLlama,83220106101.0
2023-10-03 00:00:00+00:00,USDT,1,DeFiLlama,83317986709.0
2023-10-04 00:00:00+00:00,USDT,1,DeFiLlama,83342217736.0
2023-10-05 00:00:00+00:00,USDT,1,DeFiLlama,83344022138.0
2023-10-06 00:00:00+00:00,USDT,1,DeFiLlama,83463049860.0
2023-10-07 00:00:00+00:00,USDT,1,DeFiLlama,83496479909.0
2023-10-08 00:00:00+00:00,USDT,1,DeFiLlama,83451566842.0
2023-10-09 00:00:00+00:00,USDT,1,DeFiLlama,83535018409.0
2023-10-10 00:00:00+00:00,USDT,1,DeFiLlama,83555541131.0
2023-10-11 00:00:00+00:00,USDT,1,DeFiLlama,83475174845.0
2023-10-12 00:00:00+00:00,USDT,1,DeFiLlama,83489452588.0
2023-10-13 00:00:00+00:00,USDT,1,DeFiLlama,83444883298.0
2023-10-14 00:00:00+00:00,USDT,1,DeFiLlama,83493443404.0
2023-10-15 00:00:00+00:00,USDT,1,DeFiLlama,83501125784.0
2023-10-16 00:00:00+00:00,USDT,1,DeFiLlama,83503204953.0
2023-10-17 00:00:00+00:00,USDT,1,DeFiLlama,83502236079.0
2023-10-18 00:00:00+00:00,USDT,1,DeFiLlama,83658558996.0
2023-10-19 00:00:00+00:00,USDT,1,DeFiLlama,83875799695.0
2023-10-20 00:00:00+00:00,USDT,1,DeFiLlama,83902581464.0
2023-10-21 00:00:00+00:00,USDT,1,DeFiLlama,84214389454.0
2023-10-22 00:00:00+00:00,USDT,1,DeFiLlama,84131359672.0
2023-10-23 00:00:00+00:00,USDT,1,DeFiLlama,84142359672.0
2023-10-24 00:00:00+00:00,USDT,1,DeFiLlama,84432650361.0
2023-10-25 00:00:00+00:00,USDT,1,DeFiLlama,84180828367.0
2023-10-26 00:00:00+00:00,USDT,1,DeFiLlama,84453054592.0
2023-10-27 00:00:00+00:00,USDT,1,DeFiLlama,84487655718.0
2023-10-28 00:00:00+00:00,USDT,1,DeFiLlama,84515238111.0
2023-10-29 00:00:00+00:00,USDT,1,DeFiLlama,84515238111.0
2023-10-30 00:00:00+00:00,USDT,1,DeFiLlama,84599753349.0
2023-10-31 00:00:00+00:00,USDT,1,DeFiLlama,84649163106.0
2023-11-01 00:00:00+00:00,USDT,1,DeFiLlama,84767046575.0
2023-11-02 00:00:00+00:00,USDT,1,DeFiLlama,84934312447.0
2023-11-03 00:00:00+00:00,USDT,1,DeFiLlama,85137597197.0
2023-11-04 00:00:00+00:00,USDT,1,DeFiLlama,85415214029.0
2023-11-05 00:00:00+00:00,USDT,1,DeFiLlama,85425224028.0
2023-11-06 00:00:00+00:00,USDT,1,DeFiLlama,85453352126.0
2023-11-07 00:00:00+00:00,USDT,1,DeFiLlama,85712109690.0
2023-11-08 00:00:00+00:00,USDT,1,DeFiLlama,86145267070.0
2023-11-09 00:00:00+00:00,USDT,1,DeFiLlama,86236089163.0
2023-11-10 00:00:00+00:00,USDT,1,DeFiLlama,86489374731.0
2023-11-11 00:00:00+00:00,USDT,1,DeFiLlama,86738442408.0
2023-11-12 00:00:00+00:00,USDT,1,DeFiLlama,86757241924.0
2023-11-13 00:00:00+00:00,USDT,1,DeFiLlama,86754712796.0
2023-11-14 00:00:00+00:00,USDT,1,DeFiLlama,87136449207.0
2023-11-15 00:00:00+00:00,USDT,1,DeFiLlama,87258995824.0
2023-11-16 00:00:00+00:00,USDT,1,DeFiLlama,87364348945.0
2023-11-17 00:00:00+00:00,USDT,1,DeFiLlama,87589526057.0
2023-11-18 00:00:00+00:00,USDT,1,DeFiLlama,87650408687.0
2023-11-19 00:00:00+00:00,USDT,1,DeFiLlama,87753374396.0
2023-11-20 00:00:00+00:00,USDT,1,DeFiLlama,87688283686.0
2023-11-21 00:00:00+00:00,USDT,1,DeFiLlama,88087213780.0
2023-11-22 00:00:00+00:00,USDT,1,DeFiLlama,88369058838.0
2023-11-23 00:00:00+00:00,USDT,1,DeFiLlama,88438827710.0
2023-11-24 00:00:00+00:00,USDT,1,DeFiLlama,88486990065.0
2023-11-25 00:00:00+00:00,USDT,1,DeFiLlama,88772134256.0
2023-11-26 00:00:00+00:00,USDT,1,DeFiLlama,88789651756.0
2023-11-27 00:00:00+00:00,USDT,1,DeFiLlama,88755950804.0
2023-11-28 00:00:00+00:00,USDT,1,DeFiLlama,88897224190.0
2023-11-29 00:00:00+00:00,USDT,1,DeFiLlama,89140885871.0
2023-11-30 00:00:00+00:00,USDT,1,DeFiLlama,89343105329.0
2023-12-01 00:00:00+00:00,USDT,1,DeFiLlama,89317080453.0
2023-12-02 00:00:00+00:00,USDT,1,DeFiLlama,89499174101.0
2023-12-03 00:00:00+00:00,USDT,1,DeFiLlama,89569124098.0
2023-12-04 00:00:00+00:00,USDT,1,DeFiLlama,89709343821.0
2023-12-05 00:00:00+00:00,USDT,1,DeFiLlama,89771965681.0
2023-12-06 00:00:00+00:00,USDT,1,DeFiLlama,90095805311.0
2023-12-07 00:00:00+00:00,USDT,1,DeFiLlama,90040209002.0
2023-12-08 00:00:00+00:00,USDT,1,DeFiLlama,90228000442.0
2023-12-09 00:00:00+00:00,USDT,1,DeFiLlama,90307767897.0
2023-12-10 00:00:00+00:00,USDT,1,DeFiLlama,90561569096.0
2023-12-11 00:00:00+00:00,USDT,1,DeFiLlama,90501094898.0
2023-12-12 00:00:00+00:00,USDT,1,DeFiLlama,90788011889.0
2023-12-13 00:00:00+00:00,USDT,1,DeFiLlama,90528056603.0
2023-12-14 00:00:00+00:00,USDT,1,DeFiLlama,90565337799.0
2023-12-15 00:00:00+00:00,USDT,1,DeFiLlama,90750575813.0
2023-12-16 00:00:00+00:00,USDT,1,DeFiLlama,90757848534.0
2023-12-17 00:00:00+00:00,USDT,1,DeFiLlama,90814015237.0
2023-12-18 00:00:00+00:00,USDT,1,DeFiLlama,90789021963.0
2023-12-19 00:00:00+00:00,USDT,1,DeFiLlama,90706337371.0
2023-12-20 00:00:00+00:00,USDT,1,DeFiLlama,90852195037.0
2023-12-21 00:00:00+00:00,USDT,1,DeFiLlama,90997478400.0
2023-12-22 00:00:00+00:00,USDT,1,DeFiLlama,91042674797.0
2023-12-23 00:00:00+00:00,USDT,1,DeFiLlama,91166134358.0
2023-12-24 00:00:00+00:00,USDT,1,DeFiLlama,91324167292.0
2023-12-25 00:00:00+00:00,USDT,1,DeFiLlama,91276455285.0
2023-12-26 00:00:00+00:00,USDT,1,DeFiLlama,91298065200.0
2023-12-27 00:00:00+00:00,USDT,1,DeFiLlama,91315534130.0
2023-12-28 00:00:00+00:00,USDT,1,DeFiLlama,91518442108.0
2023-12-29 00:00:00+00:00,USDT,1,DeFiLlama,91497677422.0
2023-12-30 00:00:00+00:00,USDT,1,DeFiLlama,91743380100.0
2023-12-31 00:00:00+00:00,USDT,1,DeFiLlama,91768770464.0
2024-01-01 00:00:00+00:00,USDT,1,DeFiLlama,91665918562.0
2024-01-02 00:00:00+00:00,USDT,1,DeFiLlama,91957173752.0
2024-01-03 00:00:00+00:00,USDT,1,DeFiLlama,92020117112.0
2024-01-04 00:00:00+00:00,USDT,1,DeFiLlama,92356526357.0
2024-01-05 00:00:00+00:00,USDT,1,DeFiLlama,92873224702.0
2024-01-06 00:00:00+00:00,USDT,1,DeFiLlama,93320401318.0
2024-01-07 00:00:00+00:00,USDT,1,DeFiLlama,93621529319.0
2024-01-08 00:00:00+00:00,USDT,1,DeFiLlama,93585145320.0
2024-01-09 00:00:00+00:00,USDT,1,DeFiLlama,94057456783.0
2024-01-10 00:00:00+00:00,USDT,1,DeFiLlama,94228636696.0
2024-01-11 00:00:00+00:00,USDT,1,DeFiLlama,94685834131.0
2024-01-12 00:00:00+00:00,USDT,1,DeFiLlama,94980329573.0
2024-01-13 00:00:00+00:00,USDT,1,DeFiLlama,94942211254.0
2024-01-14 00:00:00+00:00,USDT,1,DeFiLlama,94959118221.0
2024-01-15 00:00:00+00:00,USDT,1,DeFiLlama,95077941897.0
2024-01-16 00:00:00+00:00,USDT,1,DeFiLlama,95014535787.0
2024-01-17 00:00:00+00:00,USDT,1,DeFiLlama,95068943281.0
2024-01-18 00:00:00+00:00,USDT,1,DeFiLlama,95040194578.0
2024-01-19 00:00:00+00:00,USDT,1,DeFiLlama,94924423335.0
2024-01-20 00:00:00+00:00,USDT,1,DeFiLlama,94904086222.0
2024-01-21 00:00:00+00:00,USDT,1,DeFiLlama,94976881682.0
2024-01-22 00:00:00+00:00,USDT,1,DeFiLlama,94791054938.0
2024-01-23 00:00:00+00:00,USDT,1,DeFiLlama,94865026114.0
2024-01-24 00:00:00+00:00,USDT,1,DeFiLlama,95659508140.0
2024-01-25 00:00:00+00:00,USDT,1,DeFiLlama,95512228464.0
2024-01-26 00:00:00+00:00,USDT,1,DeFiLlama,95543581705.0
2024-01-27 00:00:00+00:00,USDT,1,DeFiLlama,95967218711.0
2024-01-28 00:00:00+00:00,USDT,1,DeFiLlama,95969099987.0
2024-01-29 00:00:00+00:00,USDT,1,DeFiLlama,96019704040.0
2024-01-30 00:00:00+00:00,USDT,1,DeFiLlama,96040095474.0
2024-01-31 00:00:00+00:00,USDT,1,DeFiLlama,96140512112.0
2024-02-01 00:00:00+00:00,USDT,1,DeFiLlama,96000234428.0
2024-02-02 00:00:00+00:00,USDT,1,DeFiLlama,96305147414.0
2024-02-03 00:00:00+00:00,USDT,1,DeFiLlama,96202494292.0
2024-02-04 00:00:00+00:00,USDT,1,DeFiLlama,96135237584.0
2024-02-05 00:00:00+00:00,USDT,1,DeFiLlama,96181869124.0
2024-02-06 00:00:00+00:00,USDT,1,DeFiLlama,96064849275.0
2024-02-07 00:00:00+00:00,USDT,1,DeFiLlama,96080918392.0
2024-02-08 00:00:00+00:00,USDT,1,DeFiLlama,96269428997.0
2024-02-09 00:00:00+00:00,USDT,1,DeFiLlama,96289571761.0
2024-02-10 00:00:00+00:00,USDT,1,DeFiLlama,96208378383.0
2024-02-11 00:00:00+00:00,USDT,1,DeFiLlama,96425207261.0
2024-02-12 00:00:00+00:00,USDT,1,DeFiLlama,96558720640.0
2024-02-13 00:00:00+00:00,USDT,1,DeFiLlama,96637770433.0
2024-02-14 00:00:00+00:00,USDT,1,DeFiLlama,96787758381.0
2024-02-15 00:00:00+00:00,USDT,1,DeFiLlama,97336247917.0
2024-02-16 00:00:00+00:00,USDT,1,DeFiLlama,97304868931.0
2024-02-17 00:00:00+00:00,USDT,1,DeFiLlama,97634647604.0
2024-02-18 00:00:00+00:00,USDT,1,DeFiLlama,97742174104.0
2024-02-19 00:00:00+00:00,USDT,1,DeFiLlama,97664260351.0
2024-02-20 00:00:00+00:00,USDT,1,DeFiLlama,97666842000.0
2024-02-21 00:00:00+00:00,USDT,1,DeFiLlama,97787711855.0
2024-02-22 00:00:00+00:00,USDT,1,DeFiLlama,97712632144.0
2024-02-23 00:00:00+00:00,USDT,1,DeFiLlama,97751167575.0
2024-02-24 00:00:00+00:00,USDT,1,DeFiLlama,97897857760.0
2024-02-25 00:00:00+00:00,USDT,1,DeFiLlama,97836769496.0
2024-02-26 00:00:00+00:00,USDT,1,DeFiLlama,97888948753.0
2024-02-27 00:00:00+00:00,USDT,1,DeFiLlama,98076466747.0
2024-02-28 00:00:00+00:00,USDT,1,DeFiLlama,98378060190.0
2024-02-29 00:00:00+00:00,USDT,1,DeFiLlama,98654376826.0
2024-03-01 00:00:00+00:00,USDT,1,DeFiLlama,98932984696.0
2024-03-02 00:00:00+00:00,USDT,1,DeFiLlama,99272633719.0
2024-03-03 00:00:00+00:00,USDT,1,DeFiLlama,99422260259.0
2024-03-04 00:00:00+00:00,USDT,1,DeFiLlama,99724901849.0
2024-03-05 00:00:00+00:00,USDT,1,DeFiLlama,100238894972.0
2024-03-06 00:00:00+00:00,USDT,1,DeFiLlama,100534835759.0
2024-03-07 00:00:00+00:00,USDT,1,DeFiLlama,100622511924.0
2024-03-08 00:00:00+00:00,USDT,1,DeFiLlama,101241417082.0
2024-03-09 00:00:00+00:00,USDT,1,DeFiLlama,101789628700.0
2024-03-10 00:00:00+00:00,USDT,1,DeFiLlama,102016381296.0
2024-03-11 00:00:00+00:00,USDT,1,DeFiLlama,102012255784.0
2024-03-12 00:00:00+00:00,USDT,1,DeFiLlama,102367141199.0
2024-03-13 00:00:00+00:00,USDT,1,DeFiLlama,102759639775.0
2024-03-14 00:00:00+00:00,USDT,1,DeFiLlama,103227274219.0
2024-03-15 00:00:00+00:00,USDT,1,DeFiLlama,103463082823.0
2024-03-16 00:00:00+00:00,USDT,1,DeFiLlama,103514693506.0
2024-03-17 00:00:00+00:00,USDT,1,DeFiLlama,103506480428.0
2024-03-18 00:00:00+00:00,USDT,1,DeFiLlama,103368853847.0
2024-03-19 00:00:00+00:00,USDT,1,DeFiLlama,103656755951.0
2024-03-20 00:00:00+00:00,USDT,1,DeFiLlama,104078947607.0
2024-03-21 00:00:00+00:00,USDT,1,DeFiLlama,103892152366.0
2024-03-22 00:00:00+00:00,USDT,1,DeFiLlama,104146152650.0
2024-03-23 00:00:00+00:00,USDT,1,DeFiLlama,103950511982.0
2024-03-24 00:00:00+00:00,USDT,1,DeFiLlama,104101505605.0
2024-03-25 00:00:00+00:00,USDT,1,DeFiLlama,103871776944.0
2024-03-26 00:00:00+00:00,USDT,1,DeFiLlama,104231823342.0
2024-03-27 00:00:00+00:00,USDT,1,DeFiLlama,104350179944.0
2024-03-28 00:00:00+00:00,USDT,1,DeFiLlama,104542722577.0
2024-03-29 00:00:00+00:00,USDT,1,DeFiLlama,104488442732.0
2024-03-30 00:00:00+00:00,USDT,1,DeFiLlama,104467632908.0
2024-03-31 00:00:00+00:00,USDT,1,DeFiLlama,104593960679.0
2024-04-01 00:00:00+00:00,USDT,1,DeFiLlama,104430769909.0
2024-04-02 00:00:00+00:00,USDT,1,DeFiLlama,104583887620.0
2024-04-03 00:00:00+00:00,USDT,1,DeFiLlama,105162325065.0
2024-04-04 00:00:00+00:00,USDT,1,DeFiLlama,106235038539.0
2024-04-05 00:00:00+00:00,USDT,1,DeFiLlama,106577367562.0
2024-04-06 00:00:00+00:00,USDT,1,DeFiLlama,106897421348.0
2024-04-07 00:00:00+00:00,USDT,1,DeFiLlama,106876390717.0
2024-04-08 00:00:00+00:00,USDT,1,DeFiLlama,106813371160.0
2024-04-09 00:00:00+00:00,USDT,1,DeFiLlama,106940561216.0
2024-04-10 00:00:00+00:00,USDT,1,DeFiLlama,107111455988.0
2024-04-11 00:00:00+00:00,USDT,1,DeFiLlama,107193158226.0
2024-04-12 00:00:00+00:00,USDT,1,DeFiLlama,107384743432.0
2024-04-13 00:00:00+00:00,USDT,1,DeFiLlama,107437724782.0
2024-04-14 00:00:00+00:00,USDT,1,DeFiLlama,107634212916.0
2024-04-15 00:00:00+00:00,USDT,1,DeFiLlama,107695174387.0
2024-04-16 00:00:00+00:00,USDT,1,DeFiLlama,108172906462.0
2024-04-17 00:00:00+00:00,USDT,1,DeFiLlama,108850326877.0
2024-04-18 00:00:00+00:00,USDT,1,DeFiLlama,109037057960.0
2024-04-19 00:00:00+00:00,USDT,1,DeFiLlama,109626703875.0
2024-04-20 00:00:00+00:00,USDT,1,DeFiLlama,109818107184.0
2024-04-21 00:00:00+00:00,USDT,1,DeFiLlama,109834873894.0
2024-04-22 00:00:00+00:00,USDT,1,DeFiLlama,109770538268.0
2024-04-23 00:00:00+00:00,USDT,1,DeFiLlama,110176193831.0
2024-04-24 00:00:00+00:00,USDT,1,DeFiLlama,110322541426.0
2024-04-25 00:00:00+00:00,USDT,1,DeFiLlama,110356203973.0
2024-04-26 00:00:00+00:00,USDT,1,DeFiLlama,110338434563.0
2024-04-27 00:00:00+00:00,USDT,1,DeFiLlama,110235570648.0
2024-04-28 00:00:00+00:00,USDT,1,DeFiLlama,110245517579.0
2024-04-29 00:00:00+00:00,USDT,1,DeFiLlama,110265964617.0
2024-04-30 00:00:00+00:00,USDT,1,DeFiLlama,110324811294.0
2024-05-01 00:00:00+00:00,USDT,1,DeFiLlama,110376575387.0
2024-05-02 00:00:00+00:00,USDT,1,DeFiLlama,110209255303.0
2024-05-03 00:00:00+00:00,USDT,1,DeFiLlama,110314646299.0
2024-05-04 00:00:00+00:00,USDT,1,DeFiLlama,110613549804.0
2024-05-05 00:00:00+00:00,USDT,1,DeFiLlama,110745496055.0
2024-05-06 00:00:00+00:00,USDT,1,DeFiLlama,110636188433.0
2024-05-07 00:00:00+00:00,USDT,1,DeFiLlama,110932445060.0
2024-05-08 00:00:00+00:00,USDT,1,DeFiLlama,110782806360.0
2024-05-09 00:00:00+00:00,USDT,1,DeFiLlama,110741959662.0
2024-05-10 00:00:00+00:00,USDT,1,DeFiLlama,110736343640.0
2024-05-11 00:00:00+00:00,USDT,1,DeFiLlama,110519575313.0
2024-05-12 00:00:00+00:00,USDT,1,DeFiLlama,110603634065.0
2024-05-13 00:00:00+00:00,USDT,1,DeFiLlama,110573815188.0
2024-05-14 00:00:00+00:00,USDT,1,DeFiLlama,110595556329.0
2024-05-15 00:00:00+00:00,USDT,1,DeFiLlama,110662498986.0
2024-05-16 00:00:00+00:00,USDT,1,DeFiLlama,110717237401.0
2024-05-17 00:00:00+00:00,USDT,1,DeFiLlama,110899115803.0
2024-05-18 00:00:00+00:00,USDT,1,DeFiLlama,111016525058.0
2024-05-19 00:00:00+00:00,USDT,1,DeFiLlama,111124893148.0
2024-05-20 00:00:00+00:00,USDT,1,DeFiLlama,111128449259.0
2024-05-21 00:00:00+00:00,USDT,1,DeFiLlama,111052418306.0
2024-05-22 00:00:00+00:00,USDT,1,DeFiLlama,111409831620.0
2024-05-23 00:00:00+00:00,USDT,1,DeFiLlama,111427321786.0
2024-05-24 00:00:00+00:00,USDT,1,DeFiLlama,111572269413.0
2024-05-25 00:00:00+00:00,USDT,1,DeFiLlama,111550949298.0
2024-05-26 00:00:00+00:00,USDT,1,DeFiLlama,111588108133.0
2024-05-27 00:00:00+00:00,USDT,1,DeFiLlama,111560113627.0
2024-05-28 00:00:00+00:00,USDT,1,DeFiLlama,111500832530.0
2024-05-29 00:00:00+00:00,USDT,1,DeFiLlama,111440850787.0
2024-05-30 00:00:00+00:00,USDT,1,DeFiLlama,111469246211.0
2024-05-31 00:00:00+00:00,USDT,1,DeFiLlama,111547940808.0
2024-06-01 00:00:00+00:00,USDT,1,DeFiLlama,111670666791.0
2024-06-02 00:00:00+00:00,USDT,1,DeFiLlama,111742411880.0
2024-06-03 00:00:00+00:00,USDT,1,DeFiLlama,111768176445.0
2024-06-04 00:00:00+00:00,USDT,1,DeFiLlama,112253386803.0
2024-06-05 00:00:00+00:00,USDT,1,DeFiLlama,112246152774.0
2024-06-06 00:00:00+00:00,USDT,1,DeFiLlama,112315084780.0
2024-06-07 00:00:00+00:00,USDT,1,DeFiLlama,112350781269.0
2024-06-08 00:00:00+00:00,USDT,1,DeFiLlama,112364113019.0
2024-06-09 00:00:00+00:00,USDT,1,DeFiLlama,112352062755.0
2024-06-10 00:00:00+00:00,USDT,1,DeFiLlama,112352057250.0
2024-06-11 00:00:00+00:00,USDT,1,DeFiLlama,112400182740.0
2024-06-12 00:00:00+00:00,USDT,1,DeFiLlama,112403196183.0
2024-06-13 00:00:00+00:00,USDT,1,DeFiLlama,112392502753.0
2024-06-14 00:00:00+00:00,USDT,1,DeFiLlama,112360161557.0
2024-06-15 00:00:00+00:00,USDT,1,DeFiLlama,112438892495.0
2024-06-16 00:00:00+00:00,USDT,1,DeFiLlama,112404705952.0
2024-06-17 00:00:00+00:00,USDT,1,DeFiLlama,112469528689.0
2024-06-18 00:00:00+00:00,USDT,1,DeFiLlama,112434908442.0
2024-06-19 00:00:00+00:00,USDT,1,DeFiLlama,112429308678.0
2024-06-20 00:00:00+00:00,USDT,1,DeFiLlama,112422743974.0
2024-06-21 00:00:00+00:00,USDT,1,DeFiLlama,112727670160.0
2024-06-22 00:00:00+00:00,USDT,1,DeFiLlama,112768729394.0
2024-06-23 00:00:00+00:00,USDT,1,DeFiLlama,112745185060.0
2024-06-24 00:00:00+00:00,USDT,1,DeFiLlama,112712121558.0
2024-06-25 00:00:00+00:00,USDT,1,DeFiLlama,112837386516.0
2024-06-26 00:00:00+00:00,USDT,1,DeFiLlama,112675718651.0
2024-06-27 00:00:00+00:00,USDT,1,DeFiLlama,112501741675.0
2024-06-28 00:00:00+00:00,USDT,1,DeFiLlama,112456905562.0
2024-06-29 00:00:00+00:00,USDT,1,DeFiLlama,112511901163.0
2024-06-30 00:00:00+00:00,USDT,1,DeFiLlama,112633305704.0
2024-07-01 00:00:00+00:00,USDT,1,DeFiLlama,112644085827.0
2024-07-02 00:00:00+00:00,USDT,1,DeFiLlama,112528906376.0
2024-07-03 00:00:00+00:00,USDT,1,DeFiLlama,112414097319.0
2024-07-04 00:00:00+00:00,USDT,1,DeFiLlama,112321847819.0
2024-07-05 00:00:00+00:00,USDT,1,DeFiLlama,112468091106.0
2024-07-06 00:00:00+00:00,USDT,1,DeFiLlama,112245912309.0
2024-07-07 00:00:00+00:00,USDT,1,DeFiLlama,112181849713.0
2024-07-08 00:00:00+00:00,USDT,1,DeFiLlama,112192511744.0
2024-07-09 00:00:00+00:00,USDT,1,DeFiLlama,112141060909.0
2024-07-10 00:00:00+00:00,USDT,1,DeFiLlama,112268563180.0
2024-07-11 00:00:00+00:00,USDT,1,DeFiLlama,112364578514.0
2024-07-12 00:00:00+00:00,USDT,1,DeFiLlama,112371024626.0
2024-07-13 00:00:00+00:00,USDT,1,DeFiLlama,112527287879.0
2024-07-14 00:00:00+00:00,USDT,1,DeFiLlama,112469048012.0
2024-07-15 00:00:00+00:00,USDT,1,DeFiLlama,112651587060.0
2024-07-16 00:00:00+00:00,USDT,1,DeFiLlama,112977167082.0
2024-07-17 00:00:00+00:00,USDT,1,DeFiLlama,113216677692.0
2024-07-18 00:00:00+00:00,USDT,1,DeFiLlama,113605223018.0
2024-07-19 00:00:00+00:00,USDT,1,DeFiLlama,113678352175.0
2024-07-20 00:00:00+00:00,USDT,1,DeFiLlama,114201306550.0
2024-07-21 00:00:00+00:00,USDT,1,DeFiLlama,114015056195.0
2024-07-22 00:00:00+00:00,USDT,1,DeFiLlama,114180894195.0
2024-07-23 00:00:00+00:00,USDT,1,DeFiLlama,114307338921.0
2024-07-24 00:00:00+00:00,USDT,1,DeFiLlama,114433699332.0
2024-07-25 00:00:00+00:00,USDT,1,DeFiLlama,114424345507.0
2024-07-26 00:00:00+00:00,USDT,1,DeFiLlama,114315607314.0
2024-07-27 00:00:00+00:00,USDT,1,DeFiLlama,114325513751.0
2024-07-28 00:00:00+00:00,USDT,1,DeFiLlama,114459557936.0
2024-07-29 00:00:00+00:00,USDT,1,DeFiLlama,114459214526.0
2024-07-30 00:00:00+00:00,USDT,1,DeFiLlama,114513725531.0
2024-07-31 00:00:00+00:00,USDT,1,DeFiLlama,114518259273.0
2024-08-01 00:00:00+00:00,USDT,1,DeFiLlama,114662166761.0
2024-08-02 00:00:00+00:00,USDT,1,DeFiLlama,114667956088.0
2024-08-03 00:00:00+00:00,USDT,1,DeFiLlama,114709383647.0
2024-08-04 00:00:00+00:00,USDT,1,DeFiLlama,114694368645.0
2024-08-05 00:00:00+00:00,USDT,1,DeFiLlama,114694368645.0
2024-08-06 00:00:00+00:00,USDT,1,DeFiLlama,114572011258.0
2024-08-07 00:00:00+00:00,USDT,1,DeFiLlama,114556867042.0
2024-08-08 00:00:00+00:00,USDT,1,DeFiLlama,115656673750.0
2024-08-09 00:00:00+00:00,USDT,1,DeFiLlama,115532191788.0
2024-08-10 00:00:00+00:00,USDT,1,DeFiLlama,115574281399.0
2024-08-11 00:00:00+00:00,USDT,1,DeFiLlama,115445826851.0
2024-08-12 00:00:00+00:00,USDT,1,DeFiLlama,115756322080.0
2024-08-13 00:00:00+00:00,USDT,1,DeFiLlama,115889054746.0
2024-08-14 00:00:00+00:00,USDT,1,DeFiLlama,116129081961.0
2024-08-15 00:00:00+00:00,USDT,1,DeFiLlama,116650846694.0
2024-08-16 00:00:00+00:00,USDT,1,DeFiLlama,116699423797.0
2024-08-17 00:00:00+00:00,USDT,1,DeFiLlama,116833969260.0
2024-08-18 00:00:00+00:00,USDT,1,DeFiLlama,116887299260.0
2024-08-19 00:00:00+00:00,USDT,1,DeFiLlama,116888957760.0
2024-08-20 00:00:00+00:00,USDT,1,DeFiLlama,116995756969.0
2024-08-21 00:00:00+00:00,USDT,1,DeFiLlama,117262503316.0
2024-08-22 00:00:00+00:00,USDT,1,DeFiLlama,117371515154.0
2024-08-23 00:00:00+00:00,USDT,1,DeFiLlama,117648169338.0
2024-08-24 00:00:00+00:00,USDT,1,DeFiLlama,117627722034.0
2024-08-25 00:00:00+00:00,USDT,1,DeFiLlama,117960181426.0
2024-08-26 00:00:00+00:00,USDT,1,DeFiLlama,117826540080.0
2024-08-27 00:00:00+00:00,USDT,1,DeFiLlama,117910201291.0
2024-08-28 00:00:00+00:00,USDT,1,DeFiLlama,118055107985.0
2024-08-29 00:00:00+00:00,USDT,1,DeFiLlama,118071957569.0
2024-08-30 00:00:00+00:00,USDT,1,DeFiLlama,118195672005.0
2024-08-31 00:00:00+00:00,USDT,1,DeFiLlama,118210924869.0
2024-09-01 00:00:00+00:00,USDT,1,DeFiLlama,118025215506.0
2024-09-02 00:00:00+00:00,USDT,1,DeFiLlama,118329335994.0
2024-09-03 00:00:00+00:00,USDT,1,DeFiLlama,118081163534.0
2024-09-04 00:00:00+00:00,USDT,1,DeFiLlama,118120984280.0
2024-09-05 00:00:00+00:00,USDT,1,DeFiLlama,118128267807.0
2024-09-06 00:00:00+00:00,USDT,1,DeFiLlama,118099392311.0
2024-09-07 00:00:00+00:00,USDT,1,DeFiLlama,118133075576.0
2024-09-08 00:00:00+00:00,USDT,1,DeFiLlama,118094548512.0
2024-09-09 00:00:00+00:00,USDT,1,DeFiLlama,118177509123.0
2024-09-10 00:00:00+00:00,USDT,1,DeFiLlama,118539409927.0
2024-09-11 00:00:00+00:00,USDT,1,DeFiLlama,118433539059.0
2024-09-12 00:00:00+00:00,USDT,1,DeFiLlama,118416549802.0
2024-09-13 00:00:00+00:00,USDT,1,DeFiLlama,118373416045.0
2024-09-14 00:00:00+00:00,USDT,1,DeFiLlama,118608616138.0
2024-09-15 00:00:00+00:00,USDT,1,DeFiLlama,119047660344.0
2024-09-16 00:00:00+00:00,USDT,1,DeFiLlama,118931099377.0
2024-09-17 00:00:00+00:00,USDT,1,DeFiLlama,118689782497.0
2024-09-18 00:00:00+00:00,USDT,1,DeFiLlama,118972104600.0
2024-09-19 00:00:00+00:00,USDT,1,DeFiLlama,118896720603.0
2024-09-20 00:00:00+00:00,USDT,1,DeFiLlama,118997000159.0
2024-09-21 00:00:00+00:00,USDT,1,DeFiLlama,119161364466.0
2024-09-22 00:00:00+00:00,USDT,1,DeFiLlama,119276518054.0
2024-09-23 00:00:00+00:00,USDT,1,DeFiLlama,119157360693.0
2024-09-24 00:00:00+00:00,USDT,1,DeFiLlama,119209005948.0
2024-09-25 00:00:00+00:00,USDT,1,DeFiLlama,119190344327.0
2024-09-26 00:00:00+00:00,USDT,1,DeFiLlama,119274429856.0
2024-09-27 00:00:00+00:00,USDT,1,DeFiLlama,119347429356.0
2024-09-28 00:00:00+00:00,USDT,1,DeFiLlama,119381689597.0
2024-09-29 00:00:00+00:00,USDT,1,DeFiLlama,119406925003.0
2024-09-30 00:00:00+00:00,USDT,1,DeFiLlama,119462461852.0
2024-10-01 00:00:00+00:00,USDT,1,DeFiLlama,119594589074.0
2024-10-02 00:00:00+00:00,USDT,1,DeFiLlama,119650346135.0
2024-10-03 00:00:00+00:00,USDT,1,DeFiLlama,119633735737.0
2024-10-04 00:00:00+00:00,USDT,1,DeFiLlama,119613458484.0
2024-10-05 00:00:00+00:00,USDT,1,DeFiLlama,119613173396.0
2024-10-06 00:00:00+00:00,USDT,1,DeFiLlama,120029038935.0
2024-10-07 00:00:00+00:00,USDT,1,DeFiLlama,119268972945.0
2024-10-08 00:00:00+00:00,USDT,1,DeFiLlama,119800509802.0
2024-10-09 00:00:00+00:00,USDT,1,DeFiLlama,119733298919.0
2024-10-10 00:00:00+00:00,USDT,1,DeFiLlama,119728449348.0
2024-10-11 00:00:00+00:00,USDT,1,DeFiLlama,119678684469.0
2024-10-12 00:00:00+00:00,USDT,1,DeFiLlama,119713343886.0
2024-10-13 00:00:00+00:00,USDT,1,DeFiLlama,119731227066.0
2024-10-14 00:00:00+00:00,USDT,1,DeFiLlama,119970689520.0
2024-10-15 00:00:00+00:00,USDT,1,DeFiLlama,119759196663.0
2024-10-16 00:00:00+00:00,USDT,1,DeFiLlama,119729083804.0
2024-10-17 00:00:00+00:00,USDT,1,DeFiLlama,119849731302.0
2024-10-18 00:00:00+00:00,USDT,1,DeFiLlama,119987498938.0
2024-10-19 00:00:00+00:00,USDT,1,DeFiLlama,120061403581.0
2024-10-20 00:00:00+00:00,USDT,1,DeFiLlama,120029907529.0
2024-10-21 00:00:00+00:00,USDT,1,DeFiLlama,119892595237.0
2024-10-22 00:00:00+00:00,USDT,1,DeFiLlama,120113836282.0
2024-10-23 00:00:00+00:00,USDT,1,DeFiLlama,120080509533.0
2024-10-24 00:00:00+00:00,USDT,1,DeFiLlama,120108145288.0
2024-10-25 00:00:00+00:00,USDT,1,DeFiLlama,119682255894.0
2024-10-26 00:00:00+00:00,USDT,1,DeFiLlama,120083115641.0
2024-10-27 00:00:00+00:00,USDT,1,DeFiLlama,120157096379.0
2024-10-28 00:00:00+00:00,USDT,1,DeFiLlama,120439762853.0
2024-10-29 00:00:00+00:00,USDT,1,DeFiLlama,119942921071.0
2024-10-30 00:00:00+00:00,USDT,1,DeFiLlama,120436072197.0
2024-10-31 00:00:00+00:00,USDT,1,DeFiLlama,120421539375.0
2024-11-01 00:00:00+00:00,USDT,1,DeFiLlama,120343914501.0
2024-11-02 00:00:00+00:00,USDT,1,DeFiLlama,120512798318.0
2024-11-03 00:00:00+00:00,USDT,1,DeFiLlama,120349357582.0
2024-11-04 00:00:00+00:00,USDT,1,DeFiLlama,120534696883.0
2024-11-05 00:00:00+00:00,USDT,1,DeFiLlama,121631435316.0
2024-11-06 00:00:00+00:00,USDT,1,DeFiLlama,121629599057.0
2024-11-07 00:00:00+00:00,USDT,1,DeFiLlama,122240701088.0
2024-11-08 00:00:00+00:00,USDT,1,DeFiLlama,122604212427.0
2024-11-09 00:00:00+00:00,USDT,1,DeFiLlama,123428055689.0
2024-11-10 00:00:00+00:00,USDT,1,DeFiLlama,123818981278.0
2024-11-11 00:00:00+00:00,USDT,1,DeFiLlama,124585944103.0
2024-11-12 00:00:00+00:00,USDT,1,DeFiLlama,125803947511.0
2024-11-13 00:00:00+00:00,USDT,1,DeFiLlama,126732726773.0
2024-11-14 00:00:00+00:00,USDT,1,DeFiLlama,127544683612.0
2024-11-15 00:00:00+00:00,USDT,1,DeFiLlama,129320717439.0
2024-11-16 00:00:00+00:00,USDT,1,DeFiLlama,129191516826.0
2024-11-17 00:00:00+00:00,USDT,1,DeFiLlama,129262789163.0
2024-11-18 00:00:00+00:00,USDT,1,DeFiLlama,129567822731.0
2024-11-19 00:00:00+00:00,USDT,1,DeFiLlama,129587523499.0
2024-11-20 00:00:00+00:00,USDT,1,DeFiLlama,130072324581.0
2024-11-21 00:00:00+00:00,USDT,1,DeFiLlama,131375440876.0
2024-11-22 00:00:00+00:00,USDT,1,DeFiLlama,131822571018.0
2024-11-23 00:00:00+00:00,USDT,1,DeFiLlama,133006293477.0
2024-11-24 00:00:00+00:00,USDT,1,DeFiLlama,134281468937.0
2024-11-25 00:00:00+00:00,USDT,1,DeFiLlama,134559060377.0
2024-11-26 00:00:00+00:00,USDT,1,DeFiLlama,134332692404.0
2024-11-27 00:00:00+00:00,USDT,1,DeFiLlama,134722943242.0
2024-11-28 00:00:00+00:00,USDT,1,DeFiLlama,135137486676.0
2024-11-29 00:00:00+00:00,USDT,1,DeFiLlama,136101818194.0
2024-11-30 00:00:00+00:00,USDT,1,DeFiLlama,136407980130.0
2024-12-01 00:00:00+00:00,USDT,1,DeFiLlama,134526833490.0
2024-12-02 00:00:00+00:00,USDT,1,DeFiLlama,134611017547.0
2024-12-03 00:00:00+00:00,USDT,1,DeFiLlama,135282385653.0
2024-12-04 00:00:00+00:00,USDT,1,DeFiLlama,135473574254.0
2024-12-05 00:00:00+00:00,USDT,1,DeFiLlama,136317523367.0
2024-12-06 00:00:00+00:00,USDT,1,DeFiLlama,137112253358.0
2024-12-07 00:00:00+00:00,USDT,1,DeFiLlama,138176856741.0
2024-12-08 00:00:00+00:00,USDT,1,DeFiLlama,138401080741.0
2024-12-09 00:00:00+00:00,USDT,1,DeFiLlama,138337361929.0
2024-12-10 00:00:00+00:00,USDT,1,DeFiLlama,138781859312.0
2024-12-11 00:00:00+00:00,USDT,1,DeFiLlama,138915791058.0
2024-12-12 00:00:00+00:00,USDT,1,DeFiLlama,140005800450.0
2024-12-13 00:00:00+00:00,USDT,1,DeFiLlama,140404910980.0
2024-12-14 00:00:00+00:00,USDT,1,DeFiLlama,140448004125.0
2024-12-15 00:00:00+00:00,USDT,1,DeFiLlama,140537641436.0
2024-12-16 00:00:00+00:00,USDT,1,DeFiLlama,140568004125.0
2024-12-17 00:00:00+00:00,USDT,1,DeFiLlama,140758577764.0
2024-12-18 00:00:00+00:00,USDT,1,DeFiLlama,140880782929.0
2024-12-19 00:00:00+00:00,USDT,1,DeFiLlama,140922490659.0
2024-12-20 00:00:00+00:00,USDT,1,DeFiLlama,140886878527.0
2024-12-21 00:00:00+00:00,USDT,1,DeFiLlama,140385777553.0
2024-12-22 00:00:00+00:00,USDT,1,DeFiLlama,140061740871.0
2024-12-23 00:00:00+00:00,USDT,1,DeFiLlama,140292853908.0
2024-12-24 00:00:00+00:00,USDT,1,DeFiLlama,139688611814.0
2024-12-25 00:00:00+00:00,USDT,1,DeFiLlama,139664974670.0
2024-12-26 00:00:00+00:00,USDT,1,DeFiLlama,139675859154.0
2024-12-27 00:00:00+00:00,USDT,1,DeFiLlama,139531857650.0
2024-12-28 00:00:00+00:00,USDT,1,DeFiLlama,139272991974.0
2024-12-29 00:00:00+00:00,USDT,1,DeFiLlama,139205722458.0
2024-12-30 00:00:00+00:00,USDT,1,DeFiLlama,138851015375.0
2024-12-31 00:00:00+00:00,USDT,1,DeFiLlama,137825770033.0
2025-01-01 00:00:00+00:00,USDT,1,DeFiLlama,137388677499.0
2025-01-02 00:00:00+00:00,USDT,1,DeFiLlama,137416189761.0
2025-01-03 00:00:00+00:00,USDT,1,DeFiLlama,137562831740.0
2025-01-04 00:00:00+00:00,USDT,1,DeFiLlama,137474579521.0
2025-01-05 00:00:00+00:00,USDT,1,DeFiLlama,137521413557.0
2025-01-06 00:00:00+00:00,USDT,1,DeFiLlama,137563370382.0
2025-01-07 00:00:00+00:00,USDT,1,DeFiLlama,137645514579.0
2025-01-08 00:00:00+00:00,USDT,1,DeFiLlama,137505135441.0
2025-01-09 00:00:00+00:00,USDT,1,DeFiLlama,137935774895.0
2025-01-10 00:00:00+00:00,USDT,1,DeFiLlama,137761713901.0
2025-01-11 00:00:00+00:00,USDT,1,DeFiLlama,137722241100.0
2025-01-12 00:00:00+00:00,USDT,1,DeFiLlama,137665311556.0
2025-01-13 00:00:00+00:00,USDT,1,DeFiLlama,137735645823.0
2025-01-14 00:00:00+00:00,USDT,1,DeFiLlama,137530090663.0
2025-01-15 00:00:00+00:00,USDT,1,DeFiLlama,137582647233.0
2025-01-16 00:00:00+00:00,USDT,1,DeFiLlama,137762258053.0
2025-01-17 00:00:00+00:00,USDT,1,DeFiLlama,137802584445.0
2025-01-18 00:00:00+00:00,USDT,1,DeFiLlama,138480973594.0
2025-01-19 00:00:00+00:00,USDT,1,DeFiLlama,138531794731.0
2025-01-20 00:00:00+00:00,USDT,1,DeFiLlama,138529717130.0
2025-01-21 00:00:00+00:00,USDT,1,DeFiLlama,138761501548.0
2025-01-22 00:00:00+00:00,USDT,1,DeFiLlama,138819926586.0
2025-01-23 00:00:00+00:00,USDT,1,DeFiLlama,139155191071.0
2025-01-24 00:00:00+00:00,USDT,1,DeFiLlama,139236520740.0
2025-01-25 00:00:00+00:00,USDT,1,DeFiLlama,139763773679.0
2025-01-26 00:00:00+00:00,USDT,1,DeFiLlama,139767735496.0
2025-01-27 00:00:00+00:00,USDT,1,DeFiLlama,139760049115.0
2025-01-28 00:00:00+00:00,USDT,1,DeFiLlama,139822724633.0
2025-01-29 00:00:00+00:00,USDT,1,DeFiLlama,139923109874.0
2025-01-30 00:00:00+00:00,USDT,1,DeFiLlama,139982628523.0
2025-01-31 00:00:00+00:00,USDT,1,DeFiLlama,139968547355.0
2025-02-01 00:00:00+00:00,USDT,1,DeFiLlama,139945461409.0
2025-02-02 00:00:00+00:00,USDT,1,DeFiLlama,139940662041.0
2025-02-03 00:00:00+00:00,USDT,1,DeFiLlama,140116092699.0
2025-02-04 00:00:00+00:00,USDT,1,DeFiLlama,139934356581.0
2025-02-05 00:00:00+00:00,USDT,1,DeFiLlama,141281000185.0
2025-02-06 00:00:00+00:00,USDT,1,DeFiLlama,141868639474.0
2025-02-07 00:00:00+00:00,USDT,1,DeFiLlama,141827071091.0
2025-02-08 00:00:00+00:00,USDT,1,DeFiLlama,142126491830.0
2025-02-09 00:00:00+00:00,USDT,1,DeFiLlama,142199011789.0
2025-02-10 00:00:00+00:00,USDT,1,DeFiLlama,142191510636.0
2025-02-11 00:00:00+00:00,USDT,1,DeFiLlama,142323303749.0
2025-02-12 00:00:00+00:00,USDT,1,DeFiLlama,142266481024.0
2025-02-13 00:00:00+00:00,USDT,1,DeFiLlama,142417199851.0
2025-02-14 00:00:00+00:00,USDT,1,DeFiLlama,142225869513.0
2025-02-15 00:00:00+00:00,USDT,1,DeFiLlama,142413856453.0
2025-02-16 00:00:00+00:00,USDT,1,DeFiLlama,142412375399.0
2025-02-17 00:00:00+00:00,USDT,1,DeFiLlama,142412375399.0
2025-02-18 00:00:00+00:00,USDT,1,DeFiLlama,142163336327.0
2025-02-19 00:00:00+00:00,USDT,1,DeFiLlama,142066249126.0
2025-02-20 00:00:00+00:00,USDT,1,DeFiLlama,142682643615.0
2025-02-21 00:00:00+00:00,USDT,1,DeFiLlama,142752651764.0
2025-02-22 00:00:00+00:00,USDT,1,DeFiLlama,142951416400.0
2025-02-23 00:00:00+00:00,USDT,1,DeFiLlama,142951416393.0
2025-02-24 00:00:00+00:00,USDT,1,DeFiLlama,142857128577.0
2025-02-25 00:00:00+00:00,USDT,1,DeFiLlama,142667676864.0
2025-02-26 00:00:00+00:00,USDT,1,DeFiLlama,142332418484.0
2025-02-27 00:00:00+00:00,USDT,1,DeFiLlama,142231635810.0
2025-02-28 00:00:00+00:00,USDT,1,DeFiLlama,142525896059.0
2025-03-01 00:00:00+00:00,USDT,1,DeFiLlama,142586943414.0
2025-03-02 00:00:00+00:00,USDT,1,DeFiLlama,142739869168.0
2025-03-03 00:00:00+00:00,USDT,1,DeFiLlama,142684548875.0
2025-03-04 00:00:00+00:00,USDT,1,DeFiLlama,142848550247.0
2025-03-05 00:00:00+00:00,USDT,1,DeFiLlama,142862979376.0
2025-03-06 00:00:00+00:00,USDT,1,DeFiLlama,143086711350.0
2025-03-07 00:00:00+00:00,USDT,1,DeFiLlama,143108096504.0
2025-03-08 00:00:00+00:00,USDT,1,DeFiLlama,143185417260.0
2025-03-09 00:00:00+00:00,USDT,1,DeFiLlama,143259042700.0
2025-03-10 00:00:00+00:00,USDT,1,DeFiLlama,143200297503.0
2025-03-11 00:00:00+00:00,USDT,1,DeFiLlama,143300960349.0
2025-03-12 00:00:00+00:00,USDT,1,DeFiLlama,143525244008.0
2025-03-13 00:00:00+00:00,USDT,1,DeFiLlama,143678737175.0
2025-03-14 00:00:00+00:00,USDT,1,DeFiLlama,143748815811.0
2025-03-15 00:00:00+00:00,USDT,1,DeFiLlama,143836896633.0
2025-03-16 00:00:00+00:00,USDT,1,DeFiLlama,143827259557.0
2025-03-17 00:00:00+00:00,USDT,1,DeFiLlama,143825677336.0
2025-03-18 00:00:00+00:00,USDT,1,DeFiLlama,144041499822.0
2025-03-19 00:00:00+00:00,USDT,1,DeFiLlama,144100778448.0
2025-03-20 00:00:00+00:00,USDT,1,DeFiLlama,144204251547.0
2025-03-21 00:00:00+00:00,USDT,1,DeFiLlama,143883754562.0
2025-03-22 00:00:00+00:00,USDT,1,DeFiLlama,144166459229.0
2025-03-23 00:00:00+00:00,USDT,1,DeFiLlama,144217665673.0
2025-03-24 00:00:00+00:00,USDT,1,DeFiLlama,144224155757.0
2025-03-25 00:00:00+00:00,USDT,1,DeFiLlama,144459985751.0
2025-03-26 00:00:00+00:00,USDT,1,DeFiLlama,144698008877.0
2025-03-27 00:00:00+00:00,USDT,1,DeFiLlama,144839155508.0
2025-03-28 00:00:00+00:00,USDT,1,DeFiLlama,144807717547.0
2025-03-29 00:00:00+00:00,USDT,1,DeFiLlama,144457723251.0
2025-03-30 00:00:00+00:00,USDT,1,DeFiLlama,144464659666.0
2025-03-31 00:00:00+00:00,USDT,1,DeFiLlama,144616291852.0
2025-04-01 00:00:00+00:00,USDT,1,DeFiLlama,144731665618.0
2025-04-02 00:00:00+00:00,USDT,1,DeFiLlama,144727200008.0
2025-04-03 00:00:00+00:00,USDT,1,DeFiLlama,144754922251.0
2025-04-04 00:00:00+00:00,USDT,1,DeFiLlama,144734168751.0
2025-04-05 00:00:00+00:00,USDT,1,DeFiLlama,144716239738.0
2025-04-06 00:00:00+00:00,USDT,1,DeFiLlama,144655271475.0
2025-04-07 00:00:00+00:00,USDT,1,DeFiLlama,144517737938.0
2025-04-08 00:00:00+00:00,USDT,1,DeFiLlama,144751594183.0
2025-04-09 00:00:00+00:00,USDT,1,DeFiLlama,144670289020.0
2025-04-10 00:00:00+00:00,USDT,1,DeFiLlama,144975956402.0
2025-04-11 00:00:00+00:00,USDT,1,DeFiLlama,144791330664.0
2025-04-12 00:00:00+00:00,USDT,1,DeFiLlama,144941453849.0
2025-04-13 00:00:00+00:00,USDT,1,DeFiLlama,145156651309.0
2025-04-14 00:00:00+00:00,USDT,1,DeFiLlama,144991807560.0
2025-04-15 00:00:00+00:00,USDT,1,DeFiLlama,144988134604.0
2025-04-16 00:00:00+00:00,USDT,1,DeFiLlama,145230969405.0
2025-04-17 00:00:00+00:00,USDT,1,DeFiLlama,145411564253.0
2025-04-18 00:00:00+00:00,USDT,1,DeFiLlama,145389131100.0
2025-04-19 00:00:00+00:00,USDT,1,DeFiLlama,145019803019.0
2025-04-20 00:00:00+00:00,USDT,1,DeFiLlama,145212905298.0
2025-04-21 00:00:00+00:00,USDT,1,DeFiLlama,145204655279.0
2025-04-22 00:00:00+00:00,USDT,1,DeFiLlama,145254984859.0
2025-04-23 00:00:00+00:00,USDT,1,DeFiLlama,145771856311.0
2025-04-24 00:00:00+00:00,USDT,1,DeFiLlama,146144939953.0
2025-04-25 00:00:00+00:00,USDT,1,DeFiLlama,146727569017.0
2025-04-26 00:00:00+00:00,USDT,1,DeFiLlama,146823288025.0
2025-04-27 00:00:00+00:00,USDT,1,DeFiLlama,147695285561.0
2025-04-28 00:00:00+00:00,USDT,1,DeFiLlama,147890535534.0
2025-04-29 00:00:00+00:00,USDT,1,DeFiLlama,148611733563.0
2025-04-30 00:00:00+00:00,USDT,1,DeFiLlama,148905522663.0
2025-05-01 00:00:00+00:00,USDT,1,DeFiLlama,149333119679.0
2025-05-02 00:00:00+00:00,USDT,1,DeFiLlama,149440079658.0
2025-05-03 00:00:00+00:00,USDT,1,DeFiLlama,149711823199.0
2025-05-04 00:00:00+00:00,USDT,1,DeFiLlama,149981823181.0
2025-05-05 00:00:00+00:00,USDT,1,DeFiLlama,149974724245.0
2025-05-06 00:00:00+00:00,USDT,1,DeFiLlama,149821728381.0
2025-05-07 00:00:00+00:00,USDT,1,DeFiLlama,150106836051.0
2025-05-08 00:00:00+00:00,USDT,1,DeFiLlama,150178795118.0
2025-05-09 00:00:00+00:00,USDT,1,DeFiLlama,150350804952.0
2025-05-10 00:00:00+00:00,USDT,1,DeFiLlama,150393604947.0
2025-05-11 00:00:00+00:00,USDT,1,DeFiLlama,150514671503.0
2025-05-12 00:00:00+00:00,USDT,1,DeFiLlama,150615671502.0
2025-05-13 00:00:00+00:00,USDT,1,DeFiLlama,150663236041.0
2025-05-14 00:00:00+00:00,USDT,1,DeFiLlama,150926534831.0
2025-05-15 00:00:00+00:00,USDT,1,DeFiLlama,151333639504.0
2025-05-16 00:00:00+00:00,USDT,1,DeFiLlama,151745623801.0
2025-05-17 00:00:00+00:00,USDT,1,DeFiLlama,151802073801.0
2025-05-18 00:00:00+00:00,USDT,1,DeFiLlama,151901465555.0
2025-05-19 00:00:00+00:00,USDT,1,DeFiLlama,152051465524.0
2025-05-20 00:00:00+00:00,USDT,1,DeFiLlama,152286729390.0
2025-05-21 00:00:00+00:00,USDT,1,DeFiLlama,152473429748.0
2025-05-22 00:00:00+00:00,USDT,1,DeFiLlama,152809591181.0
2025-05-23 00:00:00+00:00,USDT,1,DeFiLlama,153131132875.0
2025-05-24 00:00:00+00:00,USDT,1,DeFiLlama,153333908216.0
2025-05-25 00:00:00+00:00,USDT,1,DeFiLlama,153364622848.0
2025-05-26 00:00:00+00:00,USDT,1,DeFiLlama,153364622847.0
2025-05-27 00:00:00+00:00,USDT,1,DeFiLlama,153336099489.0
2025-05-28 00:00:00+00:00,USDT,1,DeFiLlama,153545087010.0
2025-05-29 00:00:00+00:00,USDT,1,DeFiLlama,153582796589.0
2025-05-30 00:00:00+00:00,USDT,1,DeFiLlama,153692315960.0
2025-05-31 00:00:00+00:00,USDT,1,DeFiLlama,153658825957.0
2025-06-01 00:00:00+00:00,USDT,1,DeFiLlama,153723758271.0
2025-06-02 00:00:00+00:00,USDT,1,DeFiLlama,153763502089.0
2025-06-03 00:00:00+00:00,USDT,1,DeFiLlama,154072283690.0
2025-06-04 00:00:00+00:00,USDT,1,DeFiLlama,154288119435.0
2025-06-05 00:00:00+00:00,USDT,1,DeFiLlama,154488400144.0
2025-06-06 00:00:00+00:00,USDT,1,DeFiLlama,154761323879.0
2025-06-07 00:00:00+00:00,USDT,1,DeFiLlama,155115000492.0
2025-06-08 00:00:00+00:00,USDT,1,DeFiLlama,155407500492.0
2025-06-09 00:00:00+00:00,USDT,1,DeFiLlama,155407500531.0
2025-06-10 00:00:00+00:00,USDT,1,DeFiLlama,156015285591.0
2025-06-11 00:00:00+00:00,USDT,1,DeFiLlama,155670088658.0
2025-06-12 00:00:00+00:00,USDT,1,DeFiLlama,156031051481.0
2025-06-13 00:00:00+00:00,USDT,1,DeFiLlama,156034350481.0
2025-06-14 00:00:00+00:00,USDT,1,DeFiLlama,156311510783.0
2025-06-15 00:00:00+00:00,USDT,1,DeFiLlama,156288710782.0
2025-06-16 00:00:00+00:00,USDT,1,DeFiLlama,156262534400.0
2025-06-17 00:00:00+00:00,USDT,1,DeFiLlama,156350343711.0
2025-06-18 00:00:00+00:00,USDT,1,DeFiLlama,156397425951.0
2025-06-19 00:00:00+00:00,USDT,1,DeFiLlama,156493925950.0
2025-06-20 00:00:00+00:00,USDT,1,DeFiLlama,156674248726.0
2025-06-21 00:00:00+00:00,USDT,1,DeFiLlama,156688688065.0
2025-06-22 00:00:00+00:00,USDT,1,DeFiLlama,156600188057.0
2025-06-23 00:00:00+00:00,USDT,1,DeFiLlama,156907307133.0
2025-06-24 00:00:00+00:00,USDT,1,DeFiLlama,155908804295.0
2025-06-25 00:00:00+00:00,USDT,1,DeFiLlama,157394434423.0
2025-06-26 00:00:00+00:00,USDT,1,DeFiLlama,157917318269.0
2025-06-27 00:00:00+00:00,USDT,1,DeFiLlama,158266828122.0
2025-06-28 00:00:00+00:00,USDT,1,DeFiLlama,158303889518.0
2025-06-29 00:00:00+00:00,USDT,1,DeFiLlama,158444090587.0
2025-06-30 00:00:00+00:00,USDT,1,DeFiLlama,158520790585.0
2025-07-01 00:00:00+00:00,USDT,1,DeFiLlama,158754090584.0
2025-07-02 00:00:00+00:00,USDT,1,DeFiLlama,158695019985.0
2025-07-03 00:00:00+00:00,USDT,1,DeFiLlama,159155198929.0
2025-07-04 00:00:00+00:00,USDT,1,DeFiLlama,159305664246.0
2025-07-05 00:00:00+00:00,USDT,1,DeFiLlama,159478756035.0
2025-07-06 00:00:00+00:00,USDT,1,DeFiLlama,159478756029.0
2025-07-07 00:00:00+00:00,USDT,1,DeFiLlama,159456653254.0
2025-07-08 00:00:00+00:00,USDT,1,DeFiLlama,159520682149.0
2025-07-09 00:00:00+00:00,USDT,1,DeFiLlama,159455682148.0
2025-07-10 00:00:00+00:00,USDT,1,DeFiLlama,159689388348.0
2025-07-11 00:00:00+00:00,USDT,1,DeFiLlama,159994836080.0
2025-07-12 00:00:00+00:00,USDT,1,DeFiLlama,160150055260.0
2025-07-13 00:00:00+00:00,USDT,1,DeFiLlama,160394357834.0
2025-07-14 00:00:00+00:00,USDT,1,DeFiLlama,160394357833.0
2025-07-15 00:00:00+00:00,USDT,1,DeFiLlama,160545757830.0
2025-07-16 00:00:00+00:00,USDT,1,DeFiLlama,160669087149.0
2025-07-17 00:00:00+00:00,USDT,1,DeFiLlama,162039387242.0
2025-07-18 00:00:00+00:00,USDT,1,DeFiLlama,161631554286.0
2025-07-19 00:00:00+00:00,USDT,1,DeFiLlama,161983579210.0
2025-07-20 00:00:00+00:00,USDT,1,DeFiLlama,162359770647.0
2025-07-21 00:00:00+00:00,USDT,1,DeFiLlama,162531584793.0
2025-07-22 00:00:00+00:00,USDT,1,DeFiLlama,162855465485.0
2025-07-23 00:00:00+00:00,USDT,1,DeFiLlama,163023658144.0
2025-07-24 00:00:00+00:00,USDT,1,DeFiLlama,163208856646.0
2025-07-25 00:00:00+00:00,USDT,1,DeFiLlama,163910480196.0
2025-07-26 00:00:00+00:00,USDT,1,DeFiLlama,163908480684.0
2025-07-27 00:00:00+00:00,USDT,1,DeFiLlama,164437379973.0
2025-07-28 00:00:00+00:00,USDT,1,DeFiLlama,164434420097.0
2025-07-29 00:00:00+00:00,USDT,1,DeFiLlama,164225730295.0
2025-07-30 00:00:00+00:00,USDT,1,DeFiLlama,164365520605.0
2025-07-31 00:00:00+00:00,USDT,1,DeFiLlama,164558737770.0
2025-08-01 00:00:00+00:00,USDT,1,DeFiLlama,164601365339.0
2025-08-02 00:00:00+00:00,USDT,1,DeFiLlama,164715477935.0
2025-08-03 00:00:00+00:00,USDT,1,DeFiLlama,164748979754.0
2025-08-04 00:00:00+00:00,USDT,1,DeFiLlama,164733217870.0
2025-08-05 00:00:00+00:00,USDT,1,DeFiLlama,164698218478.0
2025-08-06 00:00:00+00:00,USDT,1,DeFiLlama,164748993280.0
2025-08-07 00:00:00+00:00,USDT,1,DeFiLlama,164521910565.0
2025-08-08 00:00:00+00:00,USDT,1,DeFiLlama,165186565785.0
2025-08-09 00:00:00+00:00,USDT,1,DeFiLlama,165053491593.0
2025-08-10 00:00:00+00:00,USDT,1,DeFiLlama,165260481580.0
2025-08-11 00:00:00+00:00,USDT,1,DeFiLlama,164554180218.0
2025-08-12 00:00:00+00:00,USDT,1,DeFiLlama,164824755337.0
2025-08-13 00:00:00+00:00,USDT,1,DeFiLlama,164578283964.0
2025-08-14 00:00:00+00:00,USDT,1,DeFiLlama,165252344340.0
2025-08-15 00:00:00+00:00,USDT,1,DeFiLlama,166316807752.0
2025-08-16 00:00:00+00:00,USDT,1,DeFiLlama,166494712113.0
2025-08-17 00:00:00+00:00,USDT,1,DeFiLlama,166494712113.0
2025-08-18 00:00:00+00:00,USDT,1,DeFiLlama,167006860890.0
2025-08-19 00:00:00+00:00,USDT,1,DeFiLlama,167158301216.0
2025-08-20 00:00:00+00:00,USDT,1,DeFiLlama,167271227574.0
2025-08-21 00:00:00+00:00,USDT,1,DeFiLlama,167229075225.0
2025-08-22 00:00:00+00:00,USDT,1,DeFiLlama,166880136932.0
2025-08-23 00:00:00+00:00,USDT,1,DeFiLlama,166872625448.0
2025-08-24 00:00:00+00:00,USDT,1,DeFiLlama,167090007703.0
2025-08-25 00:00:00+00:00,USDT,1,DeFiLlama,167221537708.0
2025-08-26 00:00:00+00:00,USDT,1,DeFiLlama,167238333460.0
2025-08-27 00:00:00+00:00,USDT,1,DeFiLlama,167217333459.0
2025-08-28 00:00:00+00:00,USDT,1,DeFiLlama,167383925958.0
2025-08-29 00:00:00+00:00,USDT,1,DeFiLlama,168429502725.0
2025-08-30 00:00:00+00:00,USDT,1,DeFiLlama,167600371918.0
2025-08-31 00:00:00+00:00,USDT,1,DeFiLlama,168005950273.0
2025-09-01 00:00:00+00:00,USDT,1,DeFiLlama,167960422397.0
2025-09-02 00:00:00+00:00,USDT,1,DeFiLlama,167981863668.0
2025-09-03 00:00:00+00:00,USDT,1,DeFiLlama,166871763653.0
2025-09-04 00:00:00+00:00,USDT,1,DeFiLlama,168285427737.0
2025-09-05 00:00:00+00:00,USDT,1,DeFiLlama,170586184029.0
2025-09-06 00:00:00+00:00,USDT,1,DeFiLlama,168825084008.0
2025-09-07 00:00:00+00:00,USDT,1,DeFiLlama,168825084007.0
2025-09-08 00:00:00+00:00,USDT,1,DeFiLlama,168825084004.0
2025-09-09 00:00:00+00:00,USDT,1,DeFiLlama,168877363164.0
2025-09-10 00:00:00+00:00,USDT,1,DeFiLlama,169048563162.0
2025-09-11 00:00:00+00:00,USDT,1,DeFiLlama,169411163153.0
2025-09-12 00:00:00+00:00,USDT,1,DeFiLlama,169682874987.0
2025-09-13 00:00:00+00:00,USDT,1,DeFiLlama,170272557420.0
2025-09-14 00:00:00+00:00,USDT,1,DeFiLlama,170535236555.0
2025-09-15 00:00:00+00:00,USDT,1,DeFiLlama,170178989121.0
2025-09-16 00:00:00+00:00,USDT,1,DeFiLlama,170624947838.0
2025-09-17 00:00:00+00:00,USDT,1,DeFiLlama,170903775343.0
2025-09-18 00:00:00+00:00,USDT,1,DeFiLlama,171220679162.0
2025-09-19 00:00:00+00:00,USDT,1,DeFiLlama,171395619409.0
2025-09-20 00:00:00+00:00,USDT,1,DeFiLlama,172019220193.0
2025-09-21 00:00:00+00:00,USDT,1,DeFiLlama,172279220193.0
2025-09-22 00:00:00+00:00,USDT,1,DeFiLlama,172143434396.0
2025-09-23 00:00:00+00:00,USDT,1,DeFiLlama,172687580334.0
2025-09-24 00:00:00+00:00,USDT,1,DeFiLlama,173008506231.0
2025-09-25 00:00:00+00:00,USDT,1,DeFiLlama,173336087144.0
2025-09-26 00:00:00+00:00,USDT,1,DeFiLlama,173577437870.0
2025-09-27 00:00:00+00:00,USDT,1,DeFiLlama,174168318428.0
2025-09-28 00:00:00+00:00,USDT,1,DeFiLlama,174376743851.0
2025-09-29 00:00:00+00:00,USDT,1,DeFiLlama,174335617850.0
2025-09-30 00:00:00+00:00,USDT,1,DeFiLlama,174592531943.0
2025-10-01 00:00:00+00:00,USDT,1,DeFiLlama,174875230173.0
2025-10-02 00:00:00+00:00,USDT,1,DeFiLlama,175565454174.0
2025-10-03 00:00:00+00:00,USDT,1,DeFiLlama,176246763815.0
2025-10-04 00:00:00+00:00,USDT,1,DeFiLlama,176679508043.0
2025-10-05 00:00:00+00:00,USDT,1,DeFiLlama,177019405309.0
2025-10-06 00:00:00+00:00,USDT,1,DeFiLlama,176929008734.0
2025-10-07 00:00:00+00:00,USDT,1,DeFiLlama,177463715230.0
2025-10-08 00:00:00+00:00,USDT,1,DeFiLlama,177909580029.0
2025-10-09 00:00:00+00:00,USDT,1,DeFiLlama,178140779842.0
2025-10-10 00:00:00+00:00,USDT,1,DeFiLlama,178036230155.0
2025-10-11 00:00:00+00:00,USDT,1,DeFiLlama,179331179688.0
2025-10-12 00:00:00+00:00,USDT,1,DeFiLlama,180064084550.0
2025-10-13 00:00:00+00:00,USDT,1,DeFiLlama,180185446251.0
2025-10-14 00:00:00+00:00,USDT,1,DeFiLlama,180246122371.0
2025-10-15 00:00:00+00:00,USDT,1,DeFiLlama,180716279786.0
2025-10-16 00:00:00+00:00,USDT,1,DeFiLlama,181396775161.0
2025-10-17 00:00:00+00:00,USDT,1,DeFiLlama,181555469430.0
2025-10-18 00:00:00+00:00,USDT,1,DeFiLlama,181734385615.0
2025-10-19 00:00:00+00:00,USDT,1,DeFiLlama,181941057560.0
2025-10-20 00:00:00+00:00,USDT,1,DeFiLlama,181923069831.0
2025-10-21 00:00:00+00:00,USDT,1,DeFiLlama,182138675951.0
2025-10-22 00:00:00+00:00,USDT,1,DeFiLlama,182601500509.0
2025-10-23 00:00:00+00:00,USDT,1,DeFiLlama,182562751850.0
2025-10-24 00:00:00+00:00,USDT,1,DeFiLlama,182792886387.0
2025-10-25 00:00:00+00:00,USDT,1,DeFiLlama,183101507882.0
2025-10-26 00:00:00+00:00,USDT,1,DeFiLlama,183079500410.0
2025-10-27 00:00:00+00:00,USDT,1,DeFiLlama,183154451545.0
2025-10-28 00:00:00+00:00,USDT,1,DeFiLlama,183245574379.0
2025-10-29 00:00:00+00:00,USDT,1,DeFiLlama,183472999907.0
2025-10-30 00:00:00+00:00,USDT,1,DeFiLlama,183409474077.0
2025-10-31 00:00:00+00:00,USDT,1,DeFiLlama,183303971620.0
2025-11-01 00:00:00+00:00,USDT,1,DeFiLlama,183393224146.0
2025-11-02 00:00:00+00:00,USDT,1,DeFiLlama,183463980411.0
2025-11-03 00:00:00+00:00,USDT,1,DeFiLlama,183555515016.0
2025-11-04 00:00:00+00:00,USDT,1,DeFiLlama,183555461585.0
2025-11-05 00:00:00+00:00,USDT,1,DeFiLlama,183343560327.0
2025-11-06 00:00:00+00:00,USDT,1,DeFiLlama,183464373075.0
2025-11-07 00:00:00+00:00,USDT,1,DeFiLlama,183383441824.0
2025-11-08 00:00:00+00:00,USDT,1,DeFiLlama,183599119128.0
2025-11-09 00:00:00+00:00,USDT,1,DeFiLlama,183366455745.0
2025-11-10 00:00:00+00:00,USDT,1,DeFiLlama,183375955885.0
2025-11-11 00:00:00+00:00,USDT,1,DeFiLlama,183395444251.0
2025-11-12 00:00:00+00:00,USDT,1,DeFiLlama,183547300353.0
2025-11-13 00:00:00+00:00,USDT,1,DeFiLlama,184075638825.0
2025-11-14 00:00:00+00:00,USDT,1,DeFiLlama,183940205609.0
2025-11-15 00:00:00+00:00,USDT,1,DeFiLlama,183901863026.0
2025-11-16 00:00:00+00:00,USDT,1,DeFiLlama,183985483688.0
2025-11-17 00:00:00+00:00,USDT,1,DeFiLlama,183853042319.0
2025-11-18 00:00:00+00:00,USDT,1,DeFiLlama,183929638153.0
2025-11-19 00:00:00+00:00,USDT,1,DeFiLlama,183705250687.0
2025-11-20 00:00:00+00:00,USDT,1,DeFiLlama,183674741976.0
2025-11-21 00:00:00+00:00,USDT,1,DeFiLlama,184675398945.0
2025-11-22 00:00:00+00:00,USDT,1,DeFiLlama,184487293452.0
2025-11-23 00:00:00+00:00,USDT,1,DeFiLlama,184533511239.0
2025-11-24 00:00:00+00:00,USDT,1,DeFiLlama,184331338289.0
2025-11-25 00:00:00+00:00,USDT,1,DeFiLlama,184474703182.0
2025-11-26 00:00:00+00:00,USDT,1,DeFiLlama,184492141326.0
2025-11-27 00:00:00+00:00,USDT,1,DeFiLlama,184549453883.0
2025-11-28 00:00:00+00:00,USDT,1,DeFiLlama,184606393163.0
2025-11-29 00:00:00+00:00,USDT,1,DeFiLlama,184652369485.0
2025-11-30 00:00:00+00:00,USDT,1,DeFiLlama,184591649934.0
2025-12-01 00:00:00+00:00,USDT,1,DeFiLlama,184616288292.0
2025-12-02 00:00:00+00:00,USDT,1,DeFiLlama,184628089623.0
2025-12-03 00:00:00+00:00,USDT,1,DeFiLlama,184714757749.0
2025-12-04 00:00:00+00:00,USDT,1,DeFiLlama,185310328872.0
2025-12-05 00:00:00+00:00,USDT,1,DeFiLlama,185530759937.0
2025-12-06 00:00:00+00:00,USDT,1,DeFiLlama,185719839718.0
2025-12-07 00:00:00+00:00,USDT,1,DeFiLlama,185648284849.0
2025-12-08 00:00:00+00:00,USDT,1,DeFiLlama,185638105464.0
2025-12-09 00:00:00+00:00,USDT,1,DeFiLlama,185714865071.0
2025-12-10 00:00:00+00:00,USDT,1,DeFiLlama,186210167994.0
2025-12-11 00:00:00+00:00,USDT,1,DeFiLlama,186114181046.0
2025-12-12 00:00:00+00:00,USDT,1,DeFiLlama,186176063765.0
2025-12-13 00:00:00+00:00,USDT,1,DeFiLlama,186273559735.0
2025-12-14 00:00:00+00:00,USDT,1,DeFiLlama,186262597088.0
2025-12-15 00:00:00+00:00,USDT,1,DeFiLlama,186229715569.0
2025-12-16 00:00:00+00:00,USDT,1,DeFiLlama,186291244968.0
2025-12-17 00:00:00+00:00,USDT,1,DeFiLlama,186266504280.0
2025-12-18 00:00:00+00:00,USDT,1,DeFiLlama,186224509088.0
2025-12-19 00:00:00+00:00,USDT,1,DeFiLlama,186164596860.0
2025-12-20 00:00:00+00:00,USDT,1,DeFiLlama,186315187597.0
2025-12-21 00:00:00+00:00,USDT,1,DeFiLlama,186763629145.0
2025-12-22 00:00:00+00:00,USDT,1,DeFiLlama,186718492732.0
2025-12-23 00:00:00+00:00,USDT,1,DeFiLlama,186786276346.0
2025-12-24 00:00:00+00:00,USDT,1,DeFiLlama,187011537799.0
2025-12-25 00:00:00+00:00,USDT,1,DeFiLlama,186765362824.0
2025-12-26 00:00:00+00:00,USDT,1,DeFiLlama,186742397072.0
2025-12-27 00:00:00+00:00,USDT,1,DeFiLlama,186761616943.0
2025-12-28 00:00:00+00:00,USDT,1,DeFiLlama,186696095167.0
2025-12-29 00:00:00+00:00,USDT,1,DeFiLlama,186602151653.0
2025-12-30 00:00:00+00:00,USDT,1,DeFiLlama,187119499494.0
2025-12-31 00:00:00+00:00,USDT,1,DeFiLlama,187061547680.0
2026-01-01 00:00:00+00:00,USDT,1,DeFiLlama,187038867742.0
2026-01-02 00:00:00+00:00,USDT,1,DeFiLlama,186996609505.0
2026-01-03 00:00:00+00:00,USDT,1,DeFiLlama,187132794196.0
2026-01-04 00:00:00+00:00,USDT,1,DeFiLlama,187010743268.0
2026-01-05 00:00:00+00:00,USDT,1,DeFiLlama,187078709065.0
2026-01-06 00:00:00+00:00,USDT,1,DeFiLlama,187226396749.0
2026-01-07 00:00:00+00:00,USDT,1,DeFiLlama,186902400040.0
2026-01-08 00:00:00+00:00,USDT,1,DeFiLlama,186937858905.0
2026-01-09 00:00:00+00:00,USDT,1,DeFiLlama,185932051789.0
2026-01-10 00:00:00+00:00,USDT,1,DeFiLlama,186713145864.0
2026-01-11 00:00:00+00:00,USDT,1,DeFiLlama,186792471438.0
2026-01-12 00:00:00+00:00,USDT,1,DeFiLlama,186749668721.0
2026-01-13 00:00:00+00:00,USDT,1,DeFiLlama,186823168034.0
2026-01-14 00:00:00+00:00,USDT,1,DeFiLlama,186815867748.0
2026-01-15 00:00:00+00:00,USDT,1,DeFiLlama,186727589699.0
2026-01-16 00:00:00+00:00,USDT,1,DeFiLlama,186590104041.0
2026-01-17 00:00:00+00:00,USDT,1,DeFiLlama,186583939615.0
2026-01-18 00:00:00+00:00,USDT,1,DeFiLlama,186595013507.0
2026-01-19 00:00:00+00:00,USDT,1,DeFiLlama,186841416161.0
2026-01-20 00:00:00+00:00,USDT,1,DeFiLlama,186736847182.0
2026-01-21 00:00:00+00:00,USDT,1,DeFiLlama,186840328976.0
2026-01-22 00:00:00+00:00,USDT,1,DeFiLlama,186711771816.0
2026-01-23 00:00:00+00:00,USDT,1,DeFiLlama,186658093333.0
2026-01-24 00:00:00+00:00,USDT,1,DeFiLlama,186599941732.0
2026-01-25 00:00:00+00:00,USDT,1,DeFiLlama,186682404659.0
2026-01-26 00:00:00+00:00,USDT,1,DeFiLlama,186658598123.0
2026-01-27 00:00:00+00:00,USDT,1,DeFiLlama,186280893427.0
2026-01-28 00:00:00+00:00,USDT,1,DeFiLlama,186129444279.0
2026-01-29 00:00:00+00:00,USDT,1,DeFiLlama,186017474700.0
2026-01-30 00:00:00+00:00,USDT,1,DeFiLlama,185531975517.0
2026-01-31 00:00:00+00:00,USDT,1,DeFiLlama,185362510319.0
2026-02-01 00:00:00+00:00,USDT,1,DeFiLlama,185125202425.0
2026-02-02 00:00:00+00:00,USDT,1,DeFiLlama,185249445937.0
2026-02-03 00:00:00+00:00,USDT,1,DeFiLlama,185070808609.0
2026-02-04 00:00:00+00:00,USDT,1,DeFiLlama,184768279488.0
2026-02-05 00:00:00+00:00,USDT,1,DeFiLlama,185352053740.0
2026-02-06 00:00:00+00:00,USDT,1,DeFiLlama,185129905487.0
2026-02-07 00:00:00+00:00,USDT,1,DeFiLlama,183475514411.0
2026-02-08 00:00:00+00:00,USDT,1,DeFiLlama,183360328029.0
2026-02-09 00:00:00+00:00,USDT,1,DeFiLlama,184456026529.0
2026-02-10 00:00:00+00:00,USDT,1,DeFiLlama,184393776694.0
2026-02-11 00:00:00+00:00,USDT,1,DeFiLlama,184269644689.0
2026-02-12 00:00:00+00:00,USDT,1,DeFiLlama,183873507813.0
2026-02-13 00:00:00+00:00,USDT,1,DeFiLlama,183840801523.0
2026-02-14 00:00:00+00:00,USDT,1,DeFiLlama,183715889423.0
2026-02-15 00:00:00+00:00,USDT,1,DeFiLlama,183712088744.0
2026-02-16 00:00:00+00:00,USDT,1,DeFiLlama,183680576387.0
2026-02-17 00:00:00+00:00,USDT,1,DeFiLlama,183657406390.0
2026-02-18 00:00:00+00:00,USDT,1,DeFiLlama,183647130868.0
2026-02-19 00:00:00+00:00,USDT,1,DeFiLlama,183652782045.0
2026-02-20 00:00:00+00:00,USDT,1,DeFiLlama,183651661298.0
2026-02-21 00:00:00+00:00,USDT,1,DeFiLlama,182556719988.0
2026-02-22 00:00:00+00:00,USDT,1,DeFiLlama,182548090466.0
2026-02-23 00:00:00+00:00,USDT,1,DeFiLlama,183553308457.0
2026-02-24 00:00:00+00:00,USDT,1,DeFiLlama,183611388170.0
2026-02-25 00:00:00+00:00,USDT,1,DeFiLlama,183647519566.0
2026-02-26 00:00:00+00:00,USDT,1,DeFiLlama,183678752344.0
2026-02-27 00:00:00+00:00,USDT,1,DeFiLlama,183450440591.0
2026-02-28 00:00:00+00:00,USDT,1,DeFiLlama,183642358323.0
2026-03-01 00:00:00+00:00,USDT,1,DeFiLlama,183473328258.0
2026-03-02 00:00:00+00:00,USDT,1,DeFiLlama,183624044149.0
2026-03-03 00:00:00+00:00,USDT,1,DeFiLlama,183653134880.0
2026-03-04 00:00:00+00:00,USDT,1,DeFiLlama,183701134201.0
2026-03-05 00:00:00+00:00,USDT,1,DeFiLlama,183878725555.0
2026-03-06 00:00:00+00:00,USDT,1,DeFiLlama,183996961785.0
2026-03-07 00:00:00+00:00,USDT,1,DeFiLlama,183934349760.0
2026-03-08 00:00:00+00:00,USDT,1,DeFiLlama,183955299576.0
2026-03-09 00:00:00+00:00,USDT,1,DeFiLlama,183880021613.0
2026-03-10 00:00:00+00:00,USDT,1,DeFiLlama,184098808361.0
2026-03-11 00:00:00+00:00,USDT,1,DeFiLlama,183875626058.0
2026-03-12 00:00:00+00:00,USDT,1,DeFiLlama,183935217036.0
2026-03-13 00:00:00+00:00,USDT,1,DeFiLlama,183961636460.0
2026-03-14 00:00:00+00:00,USDT,1,DeFiLlama,184003710227.0
2026-03-15 00:00:00+00:00,USDT,1,DeFiLlama,184020963275.0
2026-03-16 00:00:00+00:00,USDT,1,DeFiLlama,183988737024.0
2026-03-17 00:00:00+00:00,USDT,1,DeFiLlama,184062612412.0
2026-03-18 00:00:00+00:00,USDT,1,DeFiLlama,184062143960.0
2026-03-19 00:00:00+00:00,USDT,1,DeFiLlama,183313214438.0
2026-03-20 00:00:00+00:00,USDT,1,DeFiLlama,184133852683.0
2026-03-21 00:00:00+00:00,USDT,1,DeFiLlama,184124130284.0
2026-03-22 00:00:00+00:00,USDT,1,DeFiLlama,184172718587.0
2026-03-23 00:00:00+00:00,USDT,1,DeFiLlama,184095403242.0
2026-03-24 00:00:00+00:00,USDT,1,DeFiLlama,184059715705.0
2026-03-25 00:00:00+00:00,USDT,1,DeFiLlama,184128331053.0
2026-03-26 00:00:00+00:00,USDT,1,DeFiLlama,184071158214.0
2026-03-27 00:00:00+00:00,USDT,1,DeFiLlama,184053953191.0
2026-03-28 00:00:00+00:00,USDT,1,DeFiLlama,184026240217.0
2026-03-29 00:00:00+00:00,USDT,1,DeFiLlama,184026578528.0
2026-03-30 00:00:00+00:00,USDT,1,DeFiLlama,184016535221.0
2026-03-31 00:00:00+00:00,USDT,1,DeFiLlama,184028745852.0
2026-04-01 00:00:00+00:00,USDT,1,DeFiLlama,184159950539.0
2026-04-02 00:00:00+00:00,USDT,1,DeFiLlama,184118772798.0
2026-04-03 00:00:00+00:00,USDT,1,DeFiLlama,183911609411.0
2026-04-04 00:00:00+00:00,USDT,1,DeFiLlama,184121482443.0
2026-04-05 00:00:00+00:00,USDT,1,DeFiLlama,184071591160.0
2026-04-06 00:00:00+00:00,USDT,1,DeFiLlama,184114071471.0
2026-04-07 00:00:00+00:00,USDT,1,DeFiLlama,184048975184.0
2026-04-08 00:00:00+00:00,USDT,1,DeFiLlama,184581326840.0
2026-04-09 00:00:00+00:00,USDT,1,DeFiLlama,184090007364.0
2026-04-10 00:00:00+00:00,USDT,1,DeFiLlama,184161605086.0
2026-04-11 00:00:00+00:00,USDT,1,DeFiLlama,184303056042.0
2026-04-12 00:00:00+00:00,USDT,1,DeFiLlama,184369546310.0
2026-04-13 00:00:00+00:00,USDT,1,DeFiLlama,184473344541.0
2026-04-14 00:00:00+00:00,USDT,1,DeFiLlama,184783169539.0
2026-04-15 00:00:00+00:00,USDT,1,DeFiLlama,185489007357.0
2026-04-16 00:00:00+00:00,USDT,1,DeFiLlama,185475308322.0
2026-04-17 00:00:00+00:00,USDT,1,DeFiLlama,185821418387.0
2026-04-18 00:00:00+00:00,USDT,1,DeFiLlama,186635325383.0
2026-04-19 00:00:00+00:00,USDT,1,DeFiLlama,186894729169.0
2026-04-20 00:00:00+00:00,USDT,1,DeFiLlama,187236297938.0
2026-04-21 00:00:00+00:00,USDT,1,DeFiLlama,187923234519.0
2026-04-22 00:00:00+00:00,USDT,1,DeFiLlama,188803849201.0
2026-04-23 00:00:00+00:00,USDT,1,DeFiLlama,188819383286.0
2026-04-24 00:00:00+00:00,USDT,1,DeFiLlama,189676027713.0
2026-04-25 00:00:00+00:00,USDT,1,DeFiLlama,189667328061.0
2026-04-26 00:00:00+00:00,USDT,1,DeFiLlama,189796007280.0
2026-04-27 00:00:00+00:00,USDT,1,DeFiLlama,189728350178.0
2026-04-28 00:00:00+00:00,USDT,1,DeFiLlama,189677443846.0
2026-04-29 00:00:00+00:00,USDT,1,DeFiLlama,189585888350.0
2026-04-30 00:00:00+00:00,USDT,1,DeFiLlama,189473893602.0
2026-05-01 00:00:00+00:00,USDT,1,DeFiLlama,189505305839.0
2026-05-02 00:00:00+00:00,USDT,1,DeFiLlama,189523141424.0
2026-05-03 00:00:00+00:00,USDT,1,DeFiLlama,189520130983.0
2026-05-04 00:00:00+00:00,USDT,1,DeFiLlama,189518223893.0
2026-05-05 00:00:00+00:00,USDT,1,DeFiLlama,189516819950.0
2026-05-06 00:00:00+00:00,USDT,1,DeFiLlama,189516730271.0
2026-05-07 00:00:00+00:00,USDT,1,DeFiLlama,189598356788.0
2026-05-08 00:00:00+00:00,USDT,1,DeFiLlama,189659039254.0
2026-05-09 00:00:00+00:00,USDT,1,DeFiLlama,189626653913.0
2026-05-10 00:00:00+00:00,USDT,1,DeFiLlama,189607901586.0
2026-05-11 00:00:00+00:00,USDT,1,DeFiLlama,189607901586.0
2026-05-12 00:00:00+00:00,USDT,1,DeFiLlama,189750569539.0
2026-05-13 00:00:00+00:00,USDT,1,DeFiLlama,189698522645.0
2026-05-14 00:00:00+00:00,USDT,1,DeFiLlama,189778927182.0
2026-05-15 00:00:00+00:00,USDT,1,DeFiLlama,189712008952.0
2026-05-16 00:00:00+00:00,USDT,1,DeFiLlama,189704860767.0
2026-05-17 00:00:00+00:00,USDT,1,DeFiLlama,189681810030.0
2026-05-18 00:00:00+00:00,USDT,1,DeFiLlama,189651127199.0
2026-05-19 00:00:00+00:00,USDT,1,DeFiLlama,189646051796.0
2026-05-20 00:00:00+00:00,USDT,1,DeFiLlama,190240489246.0
2026-05-21 00:00:00+00:00,USDT,1,DeFiLlama,189623712705.0
2026-05-22 00:00:00+00:00,USDT,1,DeFiLlama,189588520426.0
2026-05-23 00:00:00+00:00,USDT,1,DeFiLlama,189444911276.0
2026-05-24 00:00:00+00:00,USDT,1,DeFiLlama,189456166223.0
2026-05-25 00:00:00+00:00,USDT,1,DeFiLlama,189425056560.0
2026-05-26 00:00:00+00:00,USDT,1,DeFiLlama,189332397121.0
2026-05-27 00:00:00+00:00,USDT,1,DeFiLlama,189274715004.0
2026-05-28 00:00:00+00:00,USDT,1,DeFiLlama,189142623561.0
2026-05-29 00:00:00+00:00,USDT,1,DeFiLlama,188687496658.0
2026-05-30 00:00:00+00:00,USDT,1,DeFiLlama,188167164090.0
2026-05-31 00:00:00+00:00,USDT,1,DeFiLlama,188163969962.0
2026-06-01 00:00:00+00:00,USDT,1,DeFiLlama,187951044487.0
2026-06-02 00:00:00+00:00,USDT,1,DeFiLlama,187957633953.0
2026-06-03 00:00:00+00:00,USDT,1,DeFiLlama,187818735409.0
2026-06-04 00:00:00+00:00,USDT,1,DeFiLlama,187297618359.0
2026-06-05 00:00:00+00:00,USDT,1,DeFiLlama,187144996251.0
2026-06-06 00:00:00+00:00,USDT,1,DeFiLlama,187205889430.0
2026-06-07 00:00:00+00:00,USDT,1,DeFiLlama,186829201995.0
2026-06-08 00:00:00+00:00,USDT,1,DeFiLlama,186852587734.0
2026-06-09 00:00:00+00:00,USDT,1,DeFiLlama,186792477102.0
2026-06-10 00:00:00+00:00,USDT,1,DeFiLlama,186744890704.0
2026-06-11 00:00:00+00:00,USDT,1,DeFiLlama,186716465781.0
2026-06-12 00:00:00+00:00,USDT,1,DeFiLlama,186767756189.0
2026-06-13 00:00:00+00:00,USDT,1,DeFiLlama,186473369522.0
2026-06-14 00:00:00+00:00,USDT,1,DeFiLlama,186433569909.0
2026-06-15 00:00:00+00:00,USDT,1,DeFiLlama,186414919533.0
2026-06-16 00:00:00+00:00,USDT,1,DeFiLlama,186314405093.0
2026-06-17 00:00:00+00:00,USDT,1,DeFiLlama,186434093082.0
2026-06-18 00:00:00+00:00,USDT,1,DeFiLlama,186204176847.0
2026-06-19 00:00:00+00:00,USDT,1,DeFiLlama,186268690521.0
2026-06-20 00:00:00+00:00,USDT,1,DeFiLlama,186179339134.0
2026-06-21 00:00:00+00:00,USDT,1,DeFiLlama,186199574483.0
2026-06-22 00:00:00+00:00,USDT,1,DeFiLlama,186200393359.0
2026-06-23 00:00:00+00:00,USDT,1,DeFiLlama,186093411448.0
2026-06-24 00:00:00+00:00,USDT,1,DeFiLlama,186041214054.0
2026-06-25 00:00:00+00:00,USDT,1,DeFiLlama,186050471481.0
2026-06-26 00:00:00+00:00,USDT,1,DeFiLlama,186074024688.0
2026-06-27 00:00:00+00:00,USDT,1,DeFiLlama,184903410054.0
2026-06-28 00:00:00+00:00,USDT,1,DeFiLlama,184887084079.0
2026-06-29 00:00:00+00:00,USDT,1,DeFiLlama,184891016775.0
2026-06-30 00:00:00+00:00,USDT,1,DeFiLlama,184684723455.0
2026-07-01 00:00:00+00:00,USDT,1,DeFiLlama,184437726268.0
2026-07-02 00:00:00+00:00,USDT,1,DeFiLlama,184417836356.0
2026-07-03 00:00:00+00:00,USDT,1,DeFiLlama,184098370947.0
2026-07-04 00:00:00+00:00,USDT,1,DeFiLlama,184106456346.0
2026-07-05 00:00:00+00:00,USDT,1,DeFiLlama,184068056600.0
2026-07-06 00:00:00+00:00,USDT,1,DeFiLlama,184178742494.0
2026-07-07 00:00:00+00:00,USDT,1,DeFiLlama,184199209072.0
2026-07-08 00:00:00+00:00,USDT,1,DeFiLlama,182984009393.0
2026-07-09 00:00:00+00:00,USDT,1,DeFiLlama,183270042631.0
2026-07-10 00:00:00+00:00,USDT,1,DeFiLlama,184154384317.0
2026-07-11 00:00:00+00:00,USDT,1,DeFiLlama,184161344569.0
2026-07-12 00:00:00+00:00,USDT,1,DeFiLlama,184164918008.0
2026-07-13 00:00:00+00:00,USDT,1,DeFiLlama,184042106963.0
2026-07-14 00:00:00+00:00,USDT,1,DeFiLlama,184244137742.0
2026-07-15 00:00:00+00:00,USDT,1,DeFiLlama,184199565836.0
2026-07-16 00:00:00+00:00,USDT,1,DeFiLlama,184071280957.0
2026-07-17 00:00:00+00:00,USDT,1,DeFiLlama,184044326945.0
2026-07-18 00:00:00+00:00,USDT,1,DeFiLlama,184069967698.0
2026-07-19 00:00:00+00:00,USDT,1,DeFiLlama,184048153133.0
2026-07-20 00:00:00+00:00,USDT,1,DeFiLlama,184049929456.0
2026-07-21 00:00:00+00:00,USDT,1,DeFiLlama,184217383226.0
2026-07-22 00:00:00+00:00,USDT,1,DeFiLlama,184161296069.0
2026-07-23 00:00:00+00:00,USDT,1,DeFiLlama,184117833626.0
2026-07-24 00:00:00+00:00,USDT,1,DeFiLlama,183036400524.0
2026-07-25 00:00:00+00:00,USDT,1,DeFiLlama,184280854554.0
2026-07-26 00:00:00+00:00,USDT,1,DeFiLlama,184275932120.0
2026-07-27 00:00:00+00:00,USDT,1,DeFiLlama,183923058537.0
2026-07-28 00:00:00+00:00,USDT,1,DeFiLlama,183916794284.79
