Date,DE1MT=RR_MID_YLD_1,DE1MT=RR_YLDTOMAT,DE1MT=RR_B_YLD_1,DE1MT=RR_A_YLD_1,DE3MT=RR_MID_YLD_1,DE3MT=RR_YLDTOMAT,DE3MT=RR_B_YLD_1,DE3MT=RR_A_YLD_1,FR1MT=RR_MID_YLD_1,FR1MT=RR_B_YLD_1,FR1MT=RR_A_YLD_1,FR3MT=RR_MID_YLD_1,FR3MT=RR_B_YLD_1,FR3MT=RR_A_YLD_1,GB1MT=RR_MID_YLD_1,GB1MT=RR_YLDTOMAT,GB1MT=RR_B_YLD_1,GB1MT=RR_A_YLD_1,GB3MT=RR_MID_YLD_1,GB3MT=RR_YLDTOMAT,GB3MT=RR_B_YLD_1,GB3MT=RR_A_YLD_1
2020-01-02,-0.744,,-0.694,-0.794,-0.692,-0.682,-0.682,-0.702,-0.5737,-0.5637,-0.5837,-0.6232,-0.6132,-0.6332,0.6795,0.73,0.73,0.629,0.7175,0.767,0.767,0.668
2020-01-03,-0.648,,-0.598,-0.698,-0.627,-0.617,-0.617,-0.637,-0.5946,-0.5846,-0.6046,-0.612,-0.602,-0.622,0.6765,0.73,0.73,0.623,0.7085,0.759,0.759,0.658
2020-01-06,-0.641,,-0.591,-0.691,-0.63,-0.62,-0.62,-0.64,-0.608,-0.578,-0.638,-0.6294,-0.6194,-0.6394,0.678,0.73,0.73,0.626,0.705,0.755,0.755,0.655
2020-01-07,-0.644,,-0.594,-0.694,-0.625,-0.615,-0.615,-0.635,-0.601,-0.591,-0.611,-0.5984,-0.5884,-0.6084,0.683,0.73,0.73,0.636,0.664,0.715,0.715,0.613
2020-01-08,-0.638,,-0.588,-0.688,-0.634,-0.624,-0.624,-0.644,-0.585,-0.575,-0.595,-0.5828,-0.5728,-0.5928,0.681,0.73,0.73,0.632,0.6655,0.715,0.715,0.616
2020-01-09,-0.618,,-0.568,-0.668,-0.633,-0.623,-0.623,-0.643,-0.565,-0.54,-0.59,-0.5854,-0.5754,-0.5954,0.679,0.73,0.73,0.628,0.661,0.711,0.711,0.611
2020-01-10,-0.629,,-0.579,-0.679,-0.632,-0.622,-0.622,-0.642,-0.59,-0.58,-0.6,-0.5791,-0.5691,-0.5891,0.677,0.73,0.73,0.624,0.6635,0.714,0.714,0.613
2020-01-13,-0.61,,-0.56,-0.66,-0.601,-0.591,-0.591,-0.611,-0.563,-0.561,-0.565,-0.5873,-0.5773,-0.5973,0.678,0.73,0.73,0.626,0.642,0.692,0.692,0.592
2020-01-14,-0.613,,-0.563,-0.663,-0.602,-0.592,-0.592,-0.612,-0.5879,-0.5379,-0.6379,-0.5883,-0.5783,-0.5983,0.5745,0.622,0.622,0.527,0.673,0.723,0.723,0.623
2020-01-15,-0.602,,-0.552,-0.652,-0.596,-0.586,-0.586,-0.606,-0.5846,-0.5346,-0.6346,-0.5855,-0.5755,-0.5955,0.667,0.716,0.716,0.618,0.644,0.695,0.695,0.593
2020-01-16,-0.611,,-0.561,-0.661,-0.589,-0.579,-0.579,-0.599,-0.5834,-0.5334,-0.6334,-0.5846,-0.5746,-0.5946,0.6645,0.716,0.716,0.613,0.6405,0.69,0.69,0.591
2020-01-17,-0.605,,-0.555,-0.655,-0.588,-0.578,-0.578,-0.598,-0.58,-0.54,-0.62,-0.5856,-0.5756,-0.5956,0.662,0.715,0.715,0.609,0.515,0.565,0.565,0.465
2020-01-20,-0.591,,-0.541,-0.641,-0.586,-0.576,-0.576,-0.596,-0.5825,-0.5725,-0.5925,-0.5689,-0.5589,-0.5789,0.661,0.713,0.713,0.609,0.6605,0.71,0.71,0.611
2020-01-21,-0.575,,-0.525,-0.625,-0.58,-0.57,-0.57,-0.59,-0.58,-0.565,-0.595,-0.565,-0.535,-0.595,0.6695,0.703,0.703,0.636,0.648,0.699,0.699,0.597
2020-01-22,-0.586,,-0.536,-0.636,-0.58,-0.57,-0.57,-0.59,-0.5801,-0.5701,-0.5901,-0.5696,-0.5596,-0.5796,0.639,0.674,0.674,0.604,0.649,0.698,0.698,0.6
2020-01-23,-0.57,,-0.52,-0.62,-0.58,-0.57,-0.57,-0.59,-0.5834,-0.5734,-0.5934,-0.572,-0.552,-0.592,0.6355,0.672,0.672,0.599,0.636,0.686,0.686,0.586
2020-01-24,-0.611,,-0.546,-0.676,-0.58,-0.57,-0.57,-0.59,-0.5847,-0.5747,-0.5947,-0.5712,-0.5612,-0.5812,0.647,0.685,0.685,0.609,0.6425,0.693,0.693,0.592
2020-01-27,-0.573,,-0.523,-0.623,-0.58,-0.57,-0.57,-0.59,-0.57,-0.53,-0.61,-0.572,-0.542,-0.602,0.6435,0.678,0.678,0.609,0.633,0.683,0.683,0.583
2020-01-28,-0.616,,-0.551,-0.681,-0.582,-0.572,-0.572,-0.592,-0.595,-0.555,-0.635,-0.577,-0.557,-0.597,0.6155,0.663,0.663,0.568,0.6985,0.719,0.719,0.678
2020-01-29,-0.57,,-0.52,-0.62,-0.58,-0.57,-0.57,-0.59,-0.5756,-0.5656,-0.5856,-0.5748,-0.5648,-0.5848,0.611,0.66,0.66,0.562,0.6325,0.653,0.653,0.612
2020-01-30,-0.58,,-0.53,-0.63,-0.58,-0.57,-0.57,-0.59,-0.583,-0.553,-0.613,-0.577,-0.557,-0.597,0.621,0.672,0.672,0.57,0.644,0.665,0.665,0.623
2020-01-31,-0.585,,-0.535,-0.635,-0.58,-0.57,-0.57,-0.59,-0.55,-0.51,-0.59,-0.5918,-0.5818,-0.6018,0.6925,0.746,0.746,0.639,0.71,0.731,0.731,0.689
2020-02-03,-0.591,,-0.541,-0.641,-0.58,-0.57,-0.57,-0.59,-0.565,-0.525,-0.605,-0.588,-0.573,-0.603,0.6955,0.748,0.748,0.643,0.7115,0.731,0.731,0.692
2020-02-04,-0.608,,-0.558,-0.658,-0.589,-0.554,-0.554,-0.624,-0.565,-0.525,-0.605,-0.593,-0.578,-0.608,0.683,0.73,0.73,0.636,0.664,0.715,0.715,0.613
2020-02-05,-0.576,,-0.526,-0.626,-0.58,-0.57,-0.57,-0.59,-0.575,-0.535,-0.615,-0.596,-0.581,-0.611,0.681,0.73,0.73,0.632,0.6695,0.719,0.719,0.62
2020-02-06,-0.63,,-0.58,-0.68,-0.601,-0.566,-0.566,-0.636,-0.5877,-0.5777,-0.5977,-0.598,-0.583,-0.613,0.679,0.73,0.73,0.628,0.669,0.719,0.719,0.619
2020-02-07,-0.575,,-0.51,-0.64,-0.603,-0.568,-0.568,-0.638,-0.5894,-0.5794,-0.5994,-0.6,-0.585,-0.615,0.677,0.73,0.73,0.624,0.6595,0.71,0.71,0.609
2020-02-10,-0.54,,-0.49,-0.59,-0.613,-0.578,-0.578,-0.648,-0.615,-0.575,-0.655,-0.612,-0.602,-0.622,0.661,0.713,0.713,0.609,0.655,0.705,0.705,0.605
2020-02-11,,,,,-0.605,-0.57,-0.57,-0.64,-0.636,-0.606,-0.666,-0.61,-0.6,-0.62,0.6695,0.717,0.717,0.622,0.6725,0.723,0.723,0.622
2020-02-12,-0.609,,-0.574,-0.644,-0.586,-0.576,-0.576,-0.596,-0.6296,-0.5796,-0.6796,-0.611,-0.601,-0.621,0.681,0.73,0.73,0.632,0.6775,0.727,0.727,0.628
2020-02-13,-0.614,,-0.594,-0.634,-0.589,-0.57,-0.57,-0.608,-0.632,-0.602,-0.662,-0.612,-0.602,-0.622,0.679,0.73,0.73,0.628,0.673,0.723,0.723,0.623
2020-02-14,-0.58,,-0.57,-0.59,-0.585,-0.575,-0.575,-0.595,-0.6296,-0.5796,-0.6796,-0.61,-0.6,-0.62,0.677,0.73,0.73,0.624,0.6685,0.719,0.719,0.618
2020-02-17,-0.598,,-0.568,-0.628,-0.579,-0.569,-0.569,-0.589,-0.637,-0.607,-0.667,-0.5842,-0.5742,-0.5942,0.678,0.73,0.73,0.626,0.668,0.718,0.718,0.618
2020-02-18,-0.58,,-0.57,-0.59,-0.583,-0.573,-0.573,-0.593,-0.6349,-0.5849,-0.6849,-0.5848,-0.5748,-0.5948,0.6425,0.69,0.69,0.595,0.632,0.683,0.683,0.581
2020-02-19,-0.589,,-0.559,-0.619,-0.583,-0.564,-0.564,-0.602,-0.615,-0.575,-0.655,-0.5787,-0.5687,-0.5887,0.639,0.688,0.688,0.59,0.6325,0.682,0.682,0.583
2020-02-20,-0.593,,-0.563,-0.623,-0.584,-0.574,-0.574,-0.594,-0.61,-0.57,-0.65,-0.578,-0.568,-0.588,0.6355,0.687,0.687,0.584,0.627,0.677,0.677,0.577
2020-02-21,-0.607,,-0.577,-0.637,-0.584,-0.565,-0.565,-0.603,-0.639,-0.609,-0.669,-0.5785,-0.5685,-0.5885,0.6465,0.7,0.7,0.593,0.6265,0.677,0.677,0.576
2020-02-24,-0.592,,-0.567,-0.617,-0.585,-0.575,-0.575,-0.595,-0.6167,-0.6067,-0.6267,-0.5814,-0.5714,-0.5914,0.6435,0.696,0.696,0.591,0.62,0.67,0.67,0.57
2020-02-25,-0.601,,-0.571,-0.631,-0.606,-0.587,-0.587,-0.625,-0.6186,-0.6086,-0.6286,-0.5866,-0.5766,-0.5966,0.683,0.73,0.73,0.636,0.653,0.703,0.703,0.603
2020-02-26,-0.612,,-0.582,-0.642,-0.613,-0.603,-0.603,-0.623,-0.6161,-0.6061,-0.6261,-0.5921,-0.5821,-0.6021,0.681,0.73,0.73,0.632,0.652,0.703,0.703,0.601
2020-02-27,-0.608,,-0.583,-0.633,-0.6,-0.59,-0.59,-0.61,-0.632,-0.622,-0.642,-0.6018,-0.5918,-0.6118,0.679,0.73,0.73,0.628,0.6445,0.694,0.694,0.595
2020-02-28,-0.58,,-0.57,-0.59,-0.6,-0.59,-0.59,-0.61,-0.6396,-0.6296,-0.6496,-0.6052,-0.5952,-0.6152,0.6465,0.7,0.7,0.593,0.594,0.644,0.644,0.544
2020-03-02,-0.642,,-0.617,-0.667,-0.642,-0.623,-0.623,-0.661,-0.648,-0.608,-0.688,-0.6269,-0.6169,-0.6369,0.591,0.643,0.643,0.539,0.5225,0.572,0.572,0.473
2020-03-03,-0.652,,-0.627,-0.677,-0.636,-0.617,-0.617,-0.655,-0.649,-0.609,-0.689,-0.6323,-0.6223,-0.6423,0.5885,0.636,0.636,0.541,0.5585,0.609,0.609,0.508
2020-03-04,-0.646,,-0.621,-0.671,-0.661,-0.642,-0.642,-0.68,-0.659,-0.619,-0.699,-0.6488,-0.6388,-0.6588,0.4845,0.534,0.534,0.435,0.4225,0.472,0.472,0.373
2020-03-05,-0.666,,-0.636,-0.696,-0.664,-0.645,-0.645,-0.683,-0.664,-0.624,-0.704,-0.653,-0.643,-0.663,0.562,0.613,0.613,0.511,0.49,0.54,0.54,0.44
2020-03-06,-0.58,,-0.57,-0.59,-0.6,-0.59,-0.59,-0.61,-0.661,-0.621,-0.701,-0.6522,-0.6422,-0.6622,0.5555,0.609,0.609,0.502,0.4575,0.508,0.508,0.407
2020-03-09,-0.674,,-0.649,-0.699,-0.66,-0.65,-0.65,-0.67,-0.675,-0.635,-0.715,-0.6676,-0.6576,-0.6776,0.504,0.556,0.556,0.452,0.407,0.457,0.457,0.357
2020-03-10,-0.693,,-0.643,-0.743,-0.765,-0.726,-0.726,-0.804,-0.6843,-0.6743,-0.6943,-0.6764,-0.6664,-0.6864,0.4665,0.514,0.514,0.419,0.4525,0.503,0.503,0.402
2020-03-11,-0.724,,-0.699,-0.749,-0.66,-0.65,-0.65,-0.67,-0.7284,-0.7184,-0.7384,-0.7285,-0.7185,-0.7385,0.2035,0.253,0.253,0.154,0.2545,0.304,0.304,0.205
2020-03-12,-0.656,,-0.631,-0.681,-0.76,-0.721,-0.721,-0.799,-0.6855,-0.6755,-0.6955,-0.6915,-0.6815,-0.7015,0.197,0.248,0.248,0.146,0.324,0.374,0.374,0.274
2020-03-13,-0.703,,-0.653,-0.753,-0.773,-0.734,-0.734,-0.812,-0.6945,-0.6845,-0.7045,-0.7341,-0.7241,-0.7441,0.2055,0.259,0.259,0.152,0.3655,0.416,0.416,0.315
2020-03-16,-0.737,,-0.687,-0.787,-0.785,-0.746,-0.746,-0.824,-0.681,-0.671,-0.691,-0.612,-0.572,-0.652,0.191,0.243,0.243,0.139,0.35,0.4,0.4,0.3
2020-03-17,-0.622,,-0.597,-0.647,-0.66,-0.65,-0.65,-0.67,-0.693,-0.653,-0.733,-0.693,-0.673,-0.713,0.2085,0.261,0.261,0.156,0.3635,0.414,0.414,0.313
2020-03-18,-0.72,,-0.67,-0.77,-0.66,-0.65,-0.65,-0.67,-0.656,-0.646,-0.666,-0.636,-0.596,-0.676,0.1825,0.257,0.257,0.108,0.355,0.431,0.431,0.279
2020-03-19,-0.709,,-0.659,-0.759,-0.66,-0.65,-0.65,-0.67,-0.608,-0.568,-0.648,-0.556,-0.546,-0.566,0.1895,0.267,0.267,0.112,0.3945,0.469,0.469,0.32
2020-03-20,-0.72,,-0.67,-0.77,-0.736,-0.726,-0.726,-0.746,-0.605,-0.565,-0.645,-0.56,-0.535,-0.585,0.146,0.219,0.219,0.073,0.3445,0.42,0.42,0.269
2020-03-23,-0.58,,-0.57,-0.59,-0.66,-0.65,-0.65,-0.67,-0.5996,-0.5896,-0.6096,-0.5625,-0.52,-0.605,0.141,0.216,0.216,0.066,0.326,0.4,0.4,0.252
2020-03-24,-0.58,,-0.57,-0.59,-0.66,-0.65,-0.65,-0.67,-0.5923,-0.5823,-0.6023,-0.52,-0.475,-0.565,0.1825,0.257,0.257,0.108,0.193,0.268,0.268,0.118
2020-03-25,-0.58,,-0.57,-0.59,-0.66,-0.65,-0.65,-0.67,-0.5621,-0.5521,-0.5721,-0.49,-0.475,-0.505,0.1895,0.267,0.267,0.112,0.207,0.283,0.283,0.131
2020-03-26,-0.58,,-0.57,-0.59,-0.66,-0.65,-0.65,-0.67,-0.5591,-0.5491,-0.5691,-0.4925,-0.48,-0.505,0.19,0.263,0.263,0.117,0.2155,0.29,0.29,0.141
2020-03-27,-0.58,,-0.57,-0.59,-0.684,-0.674,-0.674,-0.694,-0.5647,-0.5547,-0.5747,-0.506,-0.466,-0.546,0.1825,0.259,0.259,0.106,0.2095,0.285,0.285,0.134
2020-03-30,-0.58,,-0.57,-0.59,-0.66,-0.65,-0.65,-0.67,-0.5054,-0.4954,-0.5154,-0.4773,-0.4673,-0.4873,0.165,0.243,0.243,0.087,0.2,0.274,0.274,0.126
2020-03-31,-0.708,,-0.675,-0.741,-0.688,-0.678,-0.678,-0.698,-0.5134,-0.5034,-0.5234,-0.4975,-0.495,-0.5,0.196,0.216,0.216,0.176,0.152,0.227,0.227,0.077
2020-04-01,-0.6595,,-0.629,-0.69,-0.66,-0.65,-0.65,-0.67,-0.5217,-0.5117,-0.5317,-0.5328,-0.5228,-0.5428,0.1755,0.197,0.197,0.154,0.146,0.222,0.222,0.07
2020-04-02,-0.72,,-0.71,-0.73,-0.66,-0.65,-0.65,-0.67,-0.5251,-0.5151,-0.5351,-0.5257,-0.5157,-0.5357,0.168,0.19,0.19,0.146,0.1785,0.253,0.253,0.104
2020-04-03,-0.688,,-0.678,-0.698,-0.66,-0.65,-0.65,-0.67,-0.5247,-0.5147,-0.5347,-0.52315,-0.52,-0.5263,0.16,0.183,0.183,0.137,0.1725,0.248,0.248,0.097
2020-04-06,-0.702,,-0.692,-0.712,-0.69,-0.68,-0.68,-0.7,-0.591,-0.581,-0.601,-0.5192,-0.51,-0.5284,0.139,0.156,0.156,0.122,0.161,0.235,0.235,0.087
2020-04-07,-0.693,,-0.683,-0.703,-0.694,-0.684,-0.684,-0.704,-0.57,-0.54,-0.6,-0.5181,-0.5081,-0.5281,0.142,0.216,0.216,0.068,0.298,0.373,0.373,0.223
2020-04-08,-0.697,,-0.687,-0.707,-0.66,-0.65,-0.65,-0.67,-0.6,-0.59,-0.61,-0.546,-0.535,-0.557,0.1335,0.211,0.211,0.056,0.302,0.378,0.378,0.226
2020-04-09,-0.693,,-0.683,-0.703,-0.709,-0.699,-0.699,-0.719,-0.6065,-0.596,-0.617,-0.5574,-0.5474,-0.5674,0.117,0.19,0.19,0.044,0.3155,0.39,0.39,0.241
2020-04-14,-0.68,,-0.67,-0.69,-0.66,-0.65,-0.65,-0.67,-0.5528,-0.5428,-0.5628,-0.476,-0.451,-0.501,0.1095,0.183,0.183,0.036,0.2815,0.356,0.356,0.207
2020-04-15,-0.689,,-0.679,-0.699,-0.666,-0.636,-0.636,-0.696,-0.5487,-0.5387,-0.5587,-0.477,-0.452,-0.502,0.1335,0.211,0.211,0.056,0.088,0.164,0.164,0.012
2020-04-16,-0.684,,-0.674,-0.694,-0.67,-0.64,-0.64,-0.7,-0.5543,-0.5443,-0.5643,-0.485,-0.475,-0.495,0.146,0.219,0.219,0.073,0.083,0.158,0.158,0.008
2020-04-17,-0.662,,-0.652,-0.672,-0.668,-0.638,-0.638,-0.698,-0.5497,-0.5397,-0.5597,-0.4772,-0.4672,-0.4872,0.137,0.213,0.213,0.061,0.0795,0.155,0.155,0.004
2020-04-20,-0.642,,-0.632,-0.652,-0.558,-0.528,-0.528,-0.588,-0.5763,-0.5663,-0.5863,-0.474,-0.464,-0.484,0.113,0.191,0.191,0.035,0.05,0.126,0.126,-0.026
2020-04-21,-0.618,,-0.608,-0.628,-0.568,-0.558,-0.558,-0.578,-0.5733,-0.5633,-0.5833,-0.475,-0.47,-0.48,0.0745,0.149,0.149,0.0,0.079,0.154,0.154,0.004
2020-04-22,-0.612,,-0.602,-0.622,-0.55,-0.52,-0.52,-0.58,-0.569,-0.544,-0.594,-0.4723,-0.4623,-0.4823,0.049,0.126,0.126,-0.028,0.068,0.144,0.144,-0.008
2020-04-23,-0.613,,-0.603,-0.623,-0.553,-0.523,-0.523,-0.583,-0.567,-0.542,-0.592,-0.48,-0.47,-0.49,0.029,0.102,0.102,-0.044,0.0375,0.112,0.112,-0.037
2020-04-24,-0.602,,-0.592,-0.612,-0.59,-0.56,-0.56,-0.62,-0.5815,-0.5715,-0.5915,-0.4838,-0.4738,-0.4938,0.015,0.091,0.091,-0.061,0.0295,0.105,0.105,-0.046
2020-04-27,-0.591,,-0.581,-0.601,-0.5625,-0.553,-0.553,-0.572,-0.5696,-0.5596,-0.5796,-0.473,-0.463,-0.483,0.009,0.087,0.087,-0.069,0.024,0.1,0.1,-0.052
2020-04-28,-0.597,,-0.587,-0.607,-0.576,-0.546,-0.546,-0.606,-0.5747,-0.5647,-0.5847,-0.4939,-0.4839,-0.5039,-0.026,0.052,0.052,-0.104,0.067,0.142,0.142,-0.008
2020-04-29,-0.608,,-0.598,-0.618,-0.6,-0.57,-0.57,-0.63,-0.5883,-0.5783,-0.5983,-0.5121,-0.5021,-0.5221,-0.0205,0.054,0.054,-0.095,0.051,0.127,0.127,-0.025
2020-04-30,-0.605,,-0.595,-0.615,-0.562,-0.552,-0.552,-0.572,-0.5797,-0.5697,-0.5897,-0.52065,-0.5063,-0.535,-0.035,0.042,0.042,-0.112,0.0085,0.083,0.083,-0.066
2020-05-01,,,,,,,,,,,,,,,-0.044,0.029,0.029,-0.117,-0.0335,0.042,0.042,-0.109
2020-05-04,-0.591,,-0.581,-0.601,-0.5595,-0.549,-0.549,-0.57,-0.5739,-0.5639,-0.5839,-0.5277,-0.5177,-0.5377,-0.0745,0.0,0.0,-0.149,-0.106,-0.03,-0.03,-0.182
2020-05-05,-0.603,,-0.593,-0.613,-0.563,-0.553,-0.553,-0.573,-0.5923,-0.5823,-0.6023,-0.55,-0.535,-0.565,-0.115,-0.041,-0.041,-0.189,-0.12,-0.045,-0.045,-0.195
2020-05-06,-0.611,,-0.601,-0.621,-0.554,-0.544,-0.544,-0.564,-0.5936,-0.5836,-0.6036,-0.5675,-0.535,-0.6,-0.1335,-0.056,-0.056,-0.211,-0.17,-0.094,-0.094,-0.246
2020-05-07,-0.618,,-0.608,-0.628,-0.558,-0.548,-0.548,-0.568,-0.5883,-0.5783,-0.5983,-0.5594,-0.5494,-0.5694,0.058,0.131,0.131,-0.015,0.079,0.154,0.154,0.004
2020-05-08,-0.614,,-0.604,-0.624,-0.5585,-0.549,-0.549,-0.568,-0.5996,-0.5896,-0.6096,-0.547,-0.537,-0.557,,,,,,,,
2020-05-11,-0.591,,-0.581,-0.601,-0.559,-0.549,-0.549,-0.569,-0.522,-0.497,-0.547,-0.54,-0.52,-0.56,0.0435,0.122,0.122,-0.035,0.063,0.139,0.139,-0.013
2020-05-12,-0.593,,-0.583,-0.603,-0.53,-0.5,-0.5,-0.56,-0.5309,-0.5209,-0.5409,-0.548,-0.538,-0.558,0.0205,0.095,0.095,-0.054,0.051,0.126,0.126,-0.024
2020-05-13,-0.588,,-0.578,-0.598,-0.528,-0.498,-0.498,-0.558,-0.5397,-0.5297,-0.5497,-0.5481,-0.5381,-0.5581,0.007,0.084,0.084,-0.07,0.031,0.107,0.107,-0.045
2020-05-14,-0.563,,-0.553,-0.573,-0.531,-0.501,-0.501,-0.561,-0.535,-0.51,-0.56,-0.5485,-0.5385,-0.5585,0.015,0.088,0.088,-0.058,0.0,0.075,0.075,-0.075
2020-05-15,-0.5725,,-0.563,-0.582,-0.529,-0.499,-0.499,-0.559,-0.5397,-0.5297,-0.5497,-0.5463,-0.5363,-0.5563,0.015,0.091,0.091,-0.061,-0.0045,0.071,0.071,-0.08
2020-05-18,-0.5655,,-0.555,-0.576,-0.529,-0.499,-0.499,-0.559,-0.5611,-0.5511,-0.5711,-0.5394,-0.5294,-0.5494,-0.009,0.069,0.069,-0.087,-0.041,0.035,0.035,-0.117
2020-05-19,-0.567,,-0.557,-0.577,-0.585,-0.575,-0.575,-0.595,-0.5616,-0.5516,-0.5716,-0.5347,-0.5247,-0.5447,0.0,0.073,0.073,-0.073,-0.044,0.031,0.031,-0.119
2020-05-20,-0.568,,-0.558,-0.578,-0.531,-0.501,-0.501,-0.561,-0.5621,-0.5521,-0.5721,-0.5346,-0.5246,-0.5446,0.035,0.112,0.112,-0.042,0.014,0.09,0.09,-0.062
2020-05-21,-0.585,,-0.575,-0.595,-0.529,-0.499,-0.499,-0.559,-0.5591,-0.5491,-0.5691,-0.5369,-0.5269,-0.5469,0.015,0.088,0.088,-0.058,0.054,0.129,0.129,-0.021
2020-05-22,-0.576,,-0.566,-0.586,-0.532,-0.502,-0.502,-0.562,-0.5697,-0.5597,-0.5797,-0.5394,-0.5294,-0.5494,0.03,0.106,0.106,-0.046,0.0165,0.092,0.092,-0.059
2020-05-25,-0.578,,-0.568,-0.588,-0.585,-0.575,-0.575,-0.595,-0.5739,-0.5639,-0.5839,-0.5244,-0.5144,-0.5344,,,,,,,,
2020-05-26,-0.581,,-0.571,-0.591,-0.585,-0.575,-0.575,-0.595,-0.5704,-0.5604,-0.5804,-0.5199,-0.5099,-0.5299,0.0365,0.109,0.109,-0.036,0.031,0.106,0.106,-0.044
2020-05-27,-0.57,,-0.56,-0.58,-0.541,-0.511,-0.511,-0.571,-0.5711,-0.5611,-0.5811,-0.5174,-0.5074,-0.5274,0.007,0.084,0.084,-0.07,0.0225,0.098,0.098,-0.053
2020-05-28,-0.54,,-0.49,-0.59,-0.539,-0.509,-0.509,-0.569,-0.5737,-0.5637,-0.5837,-0.5189,-0.5089,-0.5289,0.015,0.088,0.088,-0.058,0.0335,0.108,0.108,-0.041
2020-05-29,-0.517,,-0.507,-0.527,-0.585,-0.575,-0.575,-0.595,-0.5597,-0.5497,-0.5697,-0.5186,-0.5086,-0.5286,0.015,0.091,0.091,-0.061,0.0045,0.08,0.08,-0.071
2020-06-01,,,,,,,,,-0.5654,-0.5554,-0.5754,-0.5231,-0.5131,-0.5331,0.026,0.104,0.104,-0.052,-0.024,0.052,0.052,-0.1
2020-06-02,-0.6,,-0.59,-0.61,-0.585,-0.575,-0.575,-0.595,-0.5556,-0.5456,-0.5656,-0.5205,-0.5105,-0.5305,0.018,0.091,0.091,-0.055,0.013,0.088,0.088,-0.062
2020-06-03,-0.556,,-0.546,-0.566,-0.531,-0.501,-0.501,-0.561,-0.5506,-0.5406,-0.5606,-0.5202,-0.5102,-0.5302,0.019,0.096,0.096,-0.058,0.0,0.076,0.076,-0.076
2020-06-04,-0.558,,-0.548,-0.568,-0.535,-0.505,-0.505,-0.565,-0.5517,-0.5417,-0.5617,-0.517,-0.507,-0.527,0.03,0.101,0.101,-0.041,-0.0065,0.068,0.068,-0.081
2020-06-05,-0.565,,-0.555,-0.575,-0.585,-0.575,-0.575,-0.595,-0.568,-0.558,-0.578,-0.52,-0.51,-0.53,0.015,0.091,0.091,-0.061,-0.0335,0.041,0.041,-0.108
2020-06-08,-0.559,,-0.549,-0.569,-0.57,-0.56,-0.56,-0.58,-0.5482,-0.5382,-0.5582,-0.5094,-0.4994,-0.5194,0.009,0.087,0.087,-0.069,-0.015,0.06,0.06,-0.09
2020-06-09,-0.56,,-0.55,-0.57,-0.533,-0.503,-0.503,-0.563,-0.5397,-0.5297,-0.5497,-0.5112,-0.5012,-0.5212,-0.0205,0.054,0.054,-0.095,-0.059,0.016,0.016,-0.134
2020-06-10,-0.5605,,-0.55,-0.571,-0.549,-0.539,-0.539,-0.559,-0.5487,-0.5387,-0.5587,-0.5043,-0.4943,-0.5143,-0.021,0.056,0.056,-0.098,-0.031,0.045,0.045,-0.107
2020-06-11,-0.563,,-0.553,-0.573,-0.552,-0.542,-0.542,-0.562,-0.5494,-0.5394,-0.5594,-0.5075,-0.4975,-0.5175,-0.015,0.058,0.058,-0.088,-0.0335,0.041,0.041,-0.108
2020-06-12,-0.564,,-0.554,-0.574,-0.548,-0.538,-0.538,-0.558,-0.5497,-0.5397,-0.5597,-0.5048,-0.4948,-0.5148,-0.015,0.061,0.061,-0.091,-0.0375,0.038,0.038,-0.113
2020-06-15,-0.548,,-0.538,-0.558,-0.54,-0.5,-0.5,-0.58,-0.5449,-0.5349,-0.5549,-0.5114,-0.5014,-0.5214,-0.026,0.052,0.052,-0.104,-0.028,0.048,0.048,-0.104
2020-06-16,-0.558,,-0.548,-0.568,-0.55,-0.54,-0.54,-0.56,-0.5609,-0.5509,-0.5709,-0.5228,-0.5128,-0.5328,0.0335,0.108,0.108,-0.041,-0.03,0.045,0.045,-0.105
2020-06-17,-0.559,,-0.549,-0.569,-0.55,-0.54,-0.54,-0.56,-0.5615,-0.5515,-0.5715,-0.5346,-0.5246,-0.5446,0.021,0.098,0.098,-0.056,-0.0595,0.016,0.016,-0.135
2020-06-18,-0.551,,-0.541,-0.561,-0.553,-0.543,-0.543,-0.563,-0.5637,-0.5537,-0.5737,-0.5444,-0.5344,-0.5544,0.029,0.102,0.102,-0.044,-0.029,0.046,0.046,-0.104
2020-06-19,-0.564,,-0.554,-0.574,-0.553,-0.543,-0.543,-0.563,-0.577,-0.567,-0.587,-0.5698,-0.5598,-0.5798,0.046,0.122,0.122,-0.03,-0.0255,0.05,0.05,-0.101
2020-06-22,-0.566,,-0.556,-0.576,-0.55,-0.51,-0.51,-0.59,-0.5962,-0.5862,-0.6062,-0.546,-0.536,-0.556,0.009,0.087,0.087,-0.069,-0.024,0.052,0.052,-0.1
2020-06-23,-0.595,,-0.585,-0.605,-0.563,-0.553,-0.553,-0.573,-0.582,-0.572,-0.592,-0.539,-0.529,-0.549,-0.0205,0.054,0.054,-0.095,-0.043,0.032,0.032,-0.118
2020-06-24,-0.585,,-0.575,-0.595,-0.561,-0.551,-0.551,-0.571,-0.5888,-0.5788,-0.5988,-0.537,-0.527,-0.547,-0.021,0.056,0.056,-0.098,-0.0635,0.012,0.012,-0.139
2020-06-25,-0.6,,-0.59,-0.61,-0.559,-0.549,-0.549,-0.569,-0.5637,-0.5537,-0.5737,-0.53,-0.52,-0.54,-0.015,0.058,0.058,-0.088,-0.0415,0.033,0.033,-0.116
2020-06-26,-0.607,,-0.597,-0.617,-0.567,-0.557,-0.557,-0.577,-0.577,-0.567,-0.587,-0.521,-0.511,-0.531,-0.03,0.046,0.046,-0.106,-0.0465,0.029,0.029,-0.122
2020-06-29,-0.617,,-0.607,-0.627,-0.56,-0.52,-0.52,-0.6,-0.56,-0.545,-0.575,-0.525,-0.515,-0.535,-0.009,0.069,0.069,-0.087,-0.067,0.009,0.009,-0.143
2020-06-30,-0.577,,-0.567,-0.587,-0.574,-0.564,-0.564,-0.584,-0.5662,-0.5562,-0.5762,-0.528,-0.518,-0.538,-0.0335,0.041,0.041,-0.108,-0.034,0.041,0.041,-0.109
2020-07-01,-0.572,,-0.562,-0.582,-0.5785,-0.568,-0.568,-0.589,-0.567,-0.557,-0.577,-0.532,-0.522,-0.542,-0.021,0.056,0.056,-0.098,-0.047,0.029,0.029,-0.123
2020-07-02,-0.582,,-0.572,-0.592,-0.58,-0.57,-0.57,-0.59,-0.5637,-0.5537,-0.5737,-0.537,-0.527,-0.547,-0.044,0.029,0.029,-0.117,-0.0705,0.004,0.004,-0.145
2020-07-03,-0.577,,-0.567,-0.587,-0.578,-0.568,-0.568,-0.588,-0.5646,-0.5546,-0.5746,-0.539,-0.529,-0.549,-0.03,0.046,0.046,-0.106,-0.0835,-0.008,-0.008,-0.159
2020-07-06,-0.572,,-0.562,-0.582,-0.581,-0.571,-0.571,-0.591,-0.581,-0.571,-0.591,-0.544,-0.534,-0.554,-0.0435,0.035,0.035,-0.122,-0.063,0.013,0.013,-0.139
2020-07-07,-0.58,,-0.57,-0.59,-0.583,-0.573,-0.573,-0.593,-0.577,-0.567,-0.587,-0.548,-0.538,-0.558,-0.0335,0.041,0.041,-0.108,-0.047,0.028,0.028,-0.122
2020-07-08,-0.574,,-0.564,-0.584,-0.586,-0.576,-0.576,-0.596,-0.578,-0.568,-0.588,-0.55,-0.54,-0.56,-0.035,0.042,0.042,-0.112,-0.072,0.004,0.004,-0.148
2020-07-09,-0.61,,-0.6,-0.62,-0.586,-0.576,-0.576,-0.596,-0.582,-0.572,-0.592,-0.5575,-0.548,-0.567,-0.102,-0.029,-0.029,-0.175,-0.0915,-0.017,-0.017,-0.166
2020-07-10,-0.597,,-0.587,-0.607,-0.586,-0.576,-0.576,-0.596,-0.577,-0.567,-0.587,-0.558,-0.548,-0.568,-0.1065,-0.03,-0.03,-0.183,-0.0625,0.013,0.013,-0.138
2020-07-13,-0.6,,-0.59,-0.61,-0.578,-0.568,-0.568,-0.588,-0.5757,-0.5657,-0.5857,-0.56,-0.55,-0.57,-0.078,0.0,0.0,-0.156,-0.067,0.009,0.009,-0.143
2020-07-14,-0.594,,-0.584,-0.604,-0.561,-0.526,-0.526,-0.596,-0.5715,-0.5615,-0.5815,-0.561,-0.551,-0.571,-0.0605,0.014,0.014,-0.135,-0.067,0.008,0.008,-0.142
2020-07-15,-0.597,,-0.587,-0.607,-0.579,-0.569,-0.569,-0.589,-0.567,-0.557,-0.577,-0.556,-0.546,-0.566,-0.063,0.014,0.014,-0.14,-0.055,0.021,0.021,-0.131
2020-07-16,-0.607,,-0.597,-0.617,-0.568,-0.533,-0.533,-0.603,-0.5817,-0.5717,-0.5917,-0.564,-0.554,-0.574,-0.058,0.015,0.015,-0.131,-0.0495,0.025,0.025,-0.124
2020-07-17,-0.6,,-0.59,-0.61,-0.576,-0.566,-0.566,-0.586,-0.5708,-0.5608,-0.5808,-0.565,-0.555,-0.575,-0.015,0.061,0.061,-0.091,-0.0545,0.021,0.021,-0.13
2020-07-20,-0.604,,-0.594,-0.614,-0.574,-0.564,-0.564,-0.584,-0.566,-0.546,-0.586,-0.565,-0.555,-0.575,-0.0435,0.035,0.035,-0.122,-0.059,0.017,0.017,-0.135
2020-07-21,-0.595,,-0.585,-0.605,-0.565,-0.53,-0.53,-0.6,-0.5767,-0.5667,-0.5867,-0.5718,-0.5618,-0.5818,-0.0335,0.041,0.041,-0.108,-0.034,0.041,0.041,-0.109
2020-07-22,-0.6,,-0.59,-0.61,-0.58,-0.57,-0.57,-0.59,-0.567,-0.557,-0.577,-0.57,-0.56,-0.58,-0.035,0.042,0.042,-0.112,-0.039,0.037,0.037,-0.115
2020-07-23,-0.6,,-0.59,-0.61,-0.574,-0.564,-0.564,-0.584,-0.5757,-0.5657,-0.5857,-0.5689,-0.5589,-0.5789,-0.058,0.015,0.015,-0.131,-0.0335,0.041,0.041,-0.108
2020-07-24,-0.585,,-0.575,-0.595,-0.575,-0.565,-0.565,-0.585,-0.5646,-0.5546,-0.5746,-0.567,-0.557,-0.577,-0.061,0.015,0.015,-0.137,-0.0465,0.029,0.029,-0.122
2020-07-27,-0.591,,-0.581,-0.601,-0.573,-0.563,-0.563,-0.583,-0.5603,-0.5503,-0.5703,-0.5725,-0.56,-0.585,-0.0435,0.035,0.035,-0.122,-0.041,0.035,0.035,-0.117
2020-07-28,-0.575,,-0.565,-0.585,-0.569,-0.559,-0.559,-0.579,-0.5662,-0.5562,-0.5762,-0.5654,-0.5554,-0.5754,-0.0475,0.027,0.027,-0.122,-0.047,0.028,0.028,-0.122
2020-07-29,-0.58,,-0.57,-0.59,-0.573,-0.563,-0.563,-0.583,-0.567,-0.557,-0.577,-0.5705,-0.5605,-0.5805,-0.049,0.028,0.028,-0.126,-0.031,0.045,0.045,-0.107
2020-07-30,-0.583,,-0.573,-0.593,-0.576,-0.566,-0.566,-0.586,-0.5697,-0.5597,-0.5797,-0.5743,-0.5643,-0.5843,-0.044,0.029,0.029,-0.117,-0.0625,0.012,0.012,-0.137
2020-07-31,-0.58,,-0.57,-0.59,-0.578,-0.568,-0.568,-0.588,-0.5705,-0.561,-0.58,-0.5723,-0.5623,-0.5823,-0.046,0.03,0.03,-0.122,-0.0415,0.034,0.034,-0.117
2020-08-03,-0.581,,-0.571,-0.591,-0.575,-0.565,-0.565,-0.585,-0.5654,-0.5554,-0.5754,-0.5714,-0.5614,-0.5814,-0.061,0.017,0.017,-0.139,-0.046,0.03,0.03,-0.122
2020-08-04,-0.587,,-0.577,-0.597,-0.575,-0.565,-0.565,-0.585,-0.5662,-0.5562,-0.5762,-0.5739,-0.5639,-0.5839,-0.039,0.039,0.039,-0.117,-0.047,0.028,0.028,-0.122
2020-08-05,-0.589,,-0.579,-0.599,-0.562,-0.552,-0.552,-0.572,-0.5615,-0.5515,-0.5715,-0.5744,-0.5644,-0.5844,-0.0335,0.041,0.041,-0.108,-0.055,0.021,0.021,-0.131
2020-08-06,-0.6,,-0.59,-0.61,-0.571,-0.561,-0.561,-0.581,-0.5757,-0.5657,-0.5857,-0.5757,-0.5657,-0.5857,-0.007,0.042,0.042,-0.056,-0.0165,0.033,0.033,-0.066
2020-08-07,-0.596,,-0.586,-0.606,-0.575,-0.565,-0.565,-0.585,-0.5708,-0.5608,-0.5808,-0.5785,-0.5685,-0.5885,-0.022,0.029,0.029,-0.073,-0.0165,0.034,0.034,-0.067
2020-08-10,-0.598,,-0.588,-0.608,-0.561,-0.541,-0.541,-0.581,-0.571,-0.561,-0.581,-0.5744,-0.5644,-0.5844,-0.0165,0.033,0.033,-0.066,-0.011,0.039,0.039,-0.061
2020-08-11,-0.613,,-0.603,-0.623,-0.57,-0.56,-0.56,-0.58,-0.5715,-0.562,-0.581,-0.5725,-0.5625,-0.5825,-0.0205,0.027,0.027,-0.068,-0.0225,0.028,0.028,-0.073
2020-08-12,-0.609,,-0.599,-0.619,-0.559,-0.539,-0.539,-0.579,-0.595,-0.555,-0.635,-0.5615,-0.544,-0.579,-0.021,0.028,0.028,-0.07,-0.0205,0.029,0.029,-0.07
2020-08-13,-0.577,,-0.537,-0.617,-0.555,-0.545,-0.545,-0.565,-0.576,-0.566,-0.586,-0.5718,-0.5618,-0.5818,-0.022,0.029,0.029,-0.073,-0.0165,0.033,0.033,-0.066
2020-08-14,-0.581,,-0.571,-0.591,-0.565,-0.555,-0.555,-0.575,-0.583,-0.573,-0.593,-0.5698,-0.5598,-0.5798,0.023,0.076,0.076,-0.03,-0.0165,0.034,0.034,-0.067
2020-08-17,-0.564,,-0.524,-0.604,-0.553,-0.533,-0.533,-0.573,-0.5808,-0.5708,-0.5908,-0.563,-0.553,-0.573,0.017,0.069,0.069,-0.035,-0.015,0.035,0.035,-0.065
2020-08-18,-0.566,,-0.526,-0.606,-0.556,-0.536,-0.536,-0.576,-0.5825,-0.565,-0.6,-0.5695,-0.557,-0.582,-0.0205,0.027,0.027,-0.068,-0.006,0.045,0.045,-0.057
2020-08-19,-0.578,,-0.568,-0.588,-0.554,-0.534,-0.534,-0.574,-0.5942,-0.5842,-0.6042,-0.5705,-0.558,-0.583,-0.021,0.028,0.028,-0.07,-0.033,0.016,0.016,-0.082
2020-08-20,-0.585,,-0.575,-0.595,-0.572,-0.562,-0.562,-0.582,-0.5937,-0.5837,-0.6037,-0.567,-0.557,-0.577,-0.022,0.029,0.029,-0.073,-0.021,0.029,0.029,-0.071
2020-08-21,-0.566,,-0.526,-0.606,-0.572,-0.552,-0.552,-0.592,-0.5894,-0.5794,-0.5994,-0.567,-0.557,-0.577,-0.0075,0.046,0.046,-0.061,-0.0335,0.017,0.017,-0.084
2020-08-24,-0.617,,-0.607,-0.627,-0.555,-0.535,-0.535,-0.575,-0.563,-0.553,-0.573,-0.5615,-0.5515,-0.5715,0.002,0.052,0.052,-0.048,-0.028,0.022,0.022,-0.078
2020-08-25,-0.595,,-0.585,-0.605,-0.55,-0.53,-0.53,-0.57,-0.5635,-0.551,-0.576,-0.5585,-0.5485,-0.5685,0.0065,0.054,0.054,-0.041,-0.0345,0.016,0.016,-0.085
2020-08-26,-0.565,,-0.535,-0.595,-0.566,-0.556,-0.556,-0.576,-0.561,-0.551,-0.571,-0.5538,-0.5438,-0.5638,0.007,0.056,0.056,-0.042,-0.033,0.016,0.016,-0.082
2020-08-27,-0.563,,-0.533,-0.593,-0.578,-0.568,-0.568,-0.588,-0.559,-0.549,-0.569,-0.5576,-0.5476,-0.5676,-0.007,0.044,0.044,-0.058,-0.033,0.017,0.017,-0.083
2020-08-28,-0.565,,-0.535,-0.595,-0.579,-0.569,-0.569,-0.589,-0.5625,-0.55,-0.575,-0.5578,-0.5478,-0.5678,-0.0075,0.046,0.046,-0.061,-0.0335,0.017,0.017,-0.084
2020-08-31,-0.571,,-0.541,-0.601,-0.57,-0.56,-0.56,-0.58,-0.557,-0.547,-0.567,-0.5579,-0.5479,-0.5679,,,,,,,,
2020-09-01,-0.573,,-0.543,-0.603,-0.592,-0.582,-0.582,-0.602,-0.558,-0.548,-0.568,-0.5547,-0.5447,-0.5647,0.0095,0.055,0.055,-0.036,-0.0375,0.013,0.013,-0.088
2020-09-02,-0.563,,-0.533,-0.593,-0.584,-0.574,-0.574,-0.594,-0.555,-0.545,-0.565,-0.5566,-0.5466,-0.5666,-0.007,0.042,0.042,-0.056,-0.0285,0.021,0.021,-0.078
2020-09-03,-0.568,,-0.538,-0.598,-0.595,-0.585,-0.585,-0.605,-0.5645,-0.552,-0.577,-0.5607,-0.5507,-0.5707,-0.022,0.029,0.029,-0.073,-0.0165,0.033,0.033,-0.066
2020-09-04,-0.596,,-0.586,-0.606,-0.596,-0.586,-0.586,-0.606,-0.562,-0.552,-0.572,-0.561,-0.551,-0.571,-0.023,0.03,0.03,-0.076,-0.0335,0.017,0.017,-0.084
2020-09-07,-0.578,,-0.548,-0.608,-0.613,-0.603,-0.603,-0.623,-0.61,-0.595,-0.625,-0.5667,-0.5567,-0.5767,-0.035,0.017,0.017,-0.087,-0.037,0.013,0.013,-0.087
2020-09-08,-0.573,,-0.543,-0.603,-0.604,-0.589,-0.589,-0.619,-0.5995,-0.5895,-0.6095,-0.567,-0.557,-0.577,-0.0335,0.014,0.014,-0.081,-0.0265,0.024,0.024,-0.077
2020-09-09,-0.609,,-0.599,-0.619,-0.612,-0.602,-0.602,-0.622,-0.5865,-0.569,-0.604,-0.5654,-0.5554,-0.5754,-0.035,0.014,0.014,-0.084,-0.0285,0.021,0.021,-0.078
2020-09-10,-0.582,,-0.552,-0.612,-0.612,-0.602,-0.602,-0.622,-0.5835,-0.566,-0.601,-0.5663,-0.5563,-0.5763,-0.0365,0.015,0.015,-0.088,-0.029,0.021,0.021,-0.079
2020-09-11,-0.569,,-0.539,-0.599,-0.607,-0.597,-0.597,-0.617,-0.5835,-0.566,-0.601,-0.5685,-0.5585,-0.5785,-0.038,0.015,0.015,-0.091,-0.0335,0.017,0.017,-0.084
2020-09-14,-0.591,,-0.581,-0.601,-0.586,-0.576,-0.576,-0.596,-0.6039,-0.5939,-0.6139,-0.5575,-0.55,-0.565,-0.035,0.017,0.017,-0.087,-0.028,0.022,0.022,-0.078
2020-09-15,-0.585,,-0.575,-0.595,-0.583,-0.573,-0.573,-0.593,-0.61,-0.595,-0.625,-0.5761,-0.5661,-0.5861,-0.0205,0.027,0.027,-0.068,-0.0425,0.008,0.008,-0.093
2020-09-16,-0.577,,-0.547,-0.607,-0.59,-0.58,-0.58,-0.6,-0.595,-0.58,-0.61,-0.5766,-0.5666,-0.5866,-0.021,0.028,0.028,-0.07,-0.045,0.004,0.004,-0.094
2020-09-17,-0.56,,-0.54,-0.58,-0.578,-0.563,-0.563,-0.593,-0.59,-0.575,-0.605,-0.586,-0.576,-0.596,-0.0365,0.015,0.015,-0.088,-0.0455,0.004,0.004,-0.095
2020-09-18,-0.58,,-0.55,-0.61,-0.592,-0.546,-0.546,-0.638,-0.5946,-0.5846,-0.6046,-0.5923,-0.5823,-0.6023,-0.038,0.015,0.015,-0.091,-0.0465,0.004,0.004,-0.097
2020-09-21,-0.584,,-0.554,-0.614,-0.583,-0.568,-0.568,-0.598,-0.585,-0.57,-0.6,-0.57,-0.56,-0.58,-0.035,0.017,0.017,-0.087,-0.046,0.004,0.004,-0.096
2020-09-22,-0.609,,-0.599,-0.619,-0.5915,-0.544,-0.544,-0.639,-0.5979,-0.5879,-0.6079,-0.5796,-0.5696,-0.5896,-0.0335,0.014,0.014,-0.081,-0.0265,0.024,0.024,-0.077
2020-09-23,-0.585,,-0.575,-0.595,-0.599,-0.551,-0.551,-0.647,-0.6106,-0.6006,-0.6206,-0.5875,-0.585,-0.59,-0.049,0.0,0.0,-0.098,-0.045,0.004,0.004,-0.094
2020-09-24,-0.56,,-0.54,-0.58,-0.597,-0.547,-0.547,-0.647,-0.5937,-0.5837,-0.6037,-0.595,-0.585,-0.605,-0.0365,0.015,0.015,-0.088,-0.0455,0.004,0.004,-0.095
2020-09-25,-0.61,,-0.58,-0.64,-0.608,-0.598,-0.598,-0.618,-0.6195,-0.587,-0.652,-0.5925,-0.585,-0.6,-0.038,0.015,0.015,-0.091,-0.0505,0.0,0.0,-0.101
2020-09-28,-0.617,,-0.607,-0.627,-0.619,-0.609,-0.609,-0.629,-0.5985,-0.576,-0.621,-0.59075,-0.5807,-0.6008,-0.017,0.035,0.035,-0.069,-0.028,0.022,0.022,-0.078
2020-09-29,-0.661,,-0.641,-0.681,-0.617,-0.603,-0.603,-0.631,-0.6085,-0.5985,-0.6185,-0.5915,-0.5815,-0.6015,-0.0205,0.027,0.027,-0.068,-0.014,0.036,0.036,-0.064
2020-09-30,-0.66,,-0.65,-0.67,-0.615,-0.601,-0.601,-0.629,-0.6051,-0.5951,-0.6151,-0.5976,-0.5876,-0.6076,0.007,0.056,0.056,-0.042,-0.0305,0.02,0.02,-0.081
2020-10-01,-0.672,,-0.662,-0.682,-0.622,-0.612,-0.612,-0.632,-0.595,-0.55,-0.64,-0.5892,-0.5792,-0.5992,-0.007,0.044,0.044,-0.058,-0.0165,0.033,0.033,-0.066
2020-10-02,-0.658,,-0.648,-0.668,-0.618,-0.608,-0.608,-0.628,-0.602,-0.572,-0.632,-0.5928,-0.5828,-0.6028,-0.0075,0.046,0.046,-0.061,-0.025,0.025,0.025,-0.075
2020-10-05,-0.655,,-0.645,-0.665,-0.625,-0.615,-0.615,-0.635,-0.601,-0.591,-0.611,-0.63,-0.615,-0.645,0.052,0.052,0.052,-0.052,-0.0275,0.022,0.022,-0.077
2020-10-06,-0.668,,-0.646,-0.69,-0.629,-0.619,-0.619,-0.639,-0.593,-0.563,-0.623,-0.639,-0.629,-0.649,-0.0475,0.0,0.0,-0.095,-0.0465,0.004,0.004,-0.097
2020-10-07,-0.672,,-0.65,-0.694,-0.634,-0.624,-0.624,-0.644,-0.605,-0.575,-0.635,-0.635,-0.62,-0.65,-0.049,0.0,0.0,-0.098,-0.053,-0.004,-0.004,-0.102
2020-10-08,-0.657,,-0.647,-0.667,-0.636,-0.615,-0.615,-0.657,-0.6,-0.59,-0.61,-0.644,-0.634,-0.654,-0.051,0.0,0.0,-0.102,-0.0665,-0.017,-0.017,-0.116
2020-10-09,-0.6625,,-0.652,-0.673,-0.634,-0.624,-0.624,-0.644,-0.596,-0.566,-0.626,-0.642,-0.627,-0.657,-0.038,0.015,0.015,-0.091,-0.0585,-0.008,-0.008,-0.109
2020-10-12,-0.668,,-0.658,-0.678,-0.633,-0.623,-0.623,-0.643,-0.6014,-0.5914,-0.6114,-0.657,-0.647,-0.667,-0.017,0.035,0.035,-0.069,-0.063,-0.013,-0.013,-0.113
2020-10-13,-0.666,,-0.656,-0.676,-0.641,-0.631,-0.631,-0.651,-0.6085,-0.5985,-0.6185,-0.651,-0.636,-0.666,-0.0475,0.0,0.0,-0.095,-0.0425,0.008,0.008,-0.093
2020-10-14,-0.682,,-0.672,-0.692,-0.663,-0.653,-0.653,-0.673,-0.6051,-0.5951,-0.6151,-0.668,-0.658,-0.678,-0.021,0.028,0.028,-0.07,-0.053,-0.004,-0.004,-0.102
2020-10-15,-0.697,,-0.687,-0.707,-0.656,-0.646,-0.646,-0.666,-0.6117,-0.6017,-0.6217,-0.67,-0.65,-0.69,-0.022,0.029,0.029,-0.073,-0.033,0.017,0.017,-0.083
2020-10-16,-0.684,,-0.674,-0.694,-0.658,-0.648,-0.648,-0.668,-0.6204,-0.6104,-0.6304,-0.665,-0.635,-0.695,-0.023,0.03,0.03,-0.076,-0.042,0.008,0.008,-0.092
2020-10-19,-0.681,,-0.671,-0.691,-0.661,-0.651,-0.651,-0.671,-0.635,-0.615,-0.655,-0.705,-0.685,-0.725,-0.017,0.035,0.035,-0.069,-0.028,0.022,0.022,-0.078
2020-10-20,-0.711,,-0.664,-0.758,-0.6585,-0.642,-0.642,-0.675,-0.625,-0.605,-0.645,-0.714,-0.679,-0.749,-0.0065,0.041,0.041,-0.054,-0.0305,0.02,0.02,-0.081
2020-10-21,-0.723,,-0.676,-0.77,-0.669,-0.659,-0.659,-0.679,-0.635,-0.615,-0.655,-0.7315,-0.679,-0.784,-0.035,0.014,0.014,-0.084,-0.0205,0.029,0.029,-0.07
2020-10-22,-0.68,,-0.67,-0.69,-0.666,-0.656,-0.656,-0.676,-0.64,-0.62,-0.66,-0.716,-0.681,-0.751,-0.0365,0.015,0.015,-0.088,-0.021,0.029,0.029,-0.071
2020-10-23,-0.675,,-0.665,-0.685,-0.661,-0.651,-0.651,-0.671,-0.6328,-0.6228,-0.6428,-0.698,-0.648,-0.748,-0.038,0.015,0.015,-0.091,-0.025,0.025,0.025,-0.075
2020-10-26,-0.694,,-0.684,-0.704,-0.6445,-0.628,-0.628,-0.661,-0.627,-0.617,-0.637,-0.6718,-0.6618,-0.6818,-0.035,0.017,0.017,-0.087,-0.024,0.026,0.026,-0.074
2020-10-27,-0.68,,-0.67,-0.69,-0.754,-0.744,-0.744,-0.764,-0.624,-0.594,-0.654,-0.6734,-0.6634,-0.6834,-0.0205,0.027,0.027,-0.068,-0.0345,0.016,0.016,-0.085
2020-10-28,-0.665,,-0.655,-0.675,-0.7495,-0.712,-0.712,-0.787,-0.632,-0.602,-0.662,-0.6751,-0.6651,-0.6851,-0.021,0.028,0.028,-0.07,-0.033,0.016,0.016,-0.082
2020-10-29,-0.651,,-0.641,-0.661,-0.751,-0.741,-0.741,-0.761,-0.63,-0.6,-0.66,-0.678,-0.668,-0.688,-0.0365,0.015,0.015,-0.088,-0.033,0.017,0.017,-0.083
2020-10-30,-0.66,,-0.65,-0.67,-0.752,-0.713,-0.713,-0.791,-0.639,-0.629,-0.649,-0.6729,-0.6629,-0.6829,-0.038,0.015,0.015,-0.091,-0.0295,0.021,0.021,-0.08
2020-11-02,-0.6555,,-0.639,-0.672,-0.752,-0.738,-0.738,-0.766,-0.6168,-0.6068,-0.6268,-0.6769,-0.6669,-0.6869,-0.035,0.017,0.017,-0.087,-0.028,0.022,0.022,-0.078
2020-11-03,-0.6475,,-0.631,-0.664,-0.7485,-0.709,-0.709,-0.788,-0.6138,-0.6038,-0.6238,-0.6788,-0.6688,-0.6888,-0.0335,0.014,0.014,-0.081,-0.0345,0.016,0.016,-0.085
2020-11-04,-0.654,,-0.644,-0.664,-0.755,-0.745,-0.745,-0.765,-0.6051,-0.5951,-0.6151,-0.6806,-0.6706,-0.6906,-0.021,0.028,0.028,-0.07,-0.074,-0.025,-0.025,-0.123
2020-11-05,-0.636,,-0.626,-0.646,-0.724,-0.699,-0.699,-0.749,-0.5997,-0.5897,-0.6097,-0.6816,-0.6716,-0.6916,-0.0365,0.015,0.015,-0.088,-0.033,0.017,0.017,-0.083
2020-11-06,-0.627,,-0.617,-0.637,-0.74,-0.698,-0.698,-0.782,-0.5894,-0.5794,-0.5994,-0.6836,-0.6736,-0.6936,-0.023,0.03,0.03,-0.076,-0.0375,0.013,0.013,-0.088
2020-11-09,-0.642,,-0.632,-0.652,-0.717,-0.697,-0.697,-0.737,-0.6014,-0.5914,-0.6114,-0.673,-0.663,-0.683,-0.039,0.013,0.013,-0.091,-0.098,-0.048,-0.048,-0.148
2020-11-10,-0.6,,-0.59,-0.61,-0.717,-0.696,-0.696,-0.738,-0.5926,-0.5826,-0.6026,-0.6225,-0.62,-0.625,-0.0475,0.0,0.0,-0.095,-0.0585,-0.008,-0.008,-0.109
2020-11-11,-0.637,,-0.627,-0.647,-0.728,-0.718,-0.718,-0.738,-0.605,-0.575,-0.635,-0.611,-0.581,-0.641,-0.098,,,-0.098,-0.053,-0.004,-0.004,-0.102
2020-11-12,-0.5975,,-0.581,-0.614,-0.719,-0.709,-0.709,-0.729,-0.6057,-0.5957,-0.6157,-0.664,-0.654,-0.674,-0.0365,0.015,0.015,-0.088,-0.0785,-0.029,-0.029,-0.128
2020-11-13,-0.646,,-0.636,-0.656,-0.724,-0.714,-0.714,-0.734,-0.608,-0.578,-0.638,-0.605,-0.58,-0.63,-0.0835,-0.03,-0.03,-0.137,-0.0755,-0.025,-0.025,-0.126
2020-11-16,-0.5855,,-0.519,-0.652,-0.6885,-0.642,-0.642,-0.735,-0.66,-0.61,-0.71,-0.61,-0.595,-0.625,-0.091,-0.039,-0.039,-0.143,-0.054,-0.004,-0.004,-0.104
2020-11-17,-0.63,,-0.62,-0.64,-0.686,-0.639,-0.639,-0.733,-0.66,-0.61,-0.71,-0.6035,-0.571,-0.636,-0.088,-0.041,-0.041,-0.135,-0.0625,-0.012,-0.012,-0.113
2020-11-18,-0.625,,-0.615,-0.635,-0.688,-0.64,-0.64,-0.736,-0.661,-0.611,-0.711,-0.6045,-0.572,-0.637,-0.091,-0.042,-0.042,-0.14,-0.0615,-0.012,-0.012,-0.111
2020-11-19,-0.585,,-0.575,-0.595,-0.687,-0.677,-0.677,-0.697,-0.66,-0.61,-0.71,-0.63,-0.62,-0.64,-0.095,-0.044,-0.044,-0.146,-0.054,-0.004,-0.004,-0.104
2020-11-20,-0.6,,-0.59,-0.61,-0.689,-0.679,-0.679,-0.699,-0.703,-0.653,-0.753,-0.63,-0.615,-0.645,-0.114,-0.061,-0.061,-0.167,-0.0505,0.0,0.0,-0.101
2020-11-23,-0.6065,,-0.59,-0.623,-0.688,-0.637,-0.637,-0.739,-0.69,-0.64,-0.74,-0.634,-0.624,-0.644,-0.139,-0.087,-0.087,-0.191,-0.037,0.013,0.013,-0.087
2020-11-24,-0.637,,-0.627,-0.647,-0.706,-0.654,-0.654,-0.758,-0.691,-0.641,-0.741,-0.635,-0.585,-0.685,-0.0745,-0.027,-0.027,-0.122,-0.0585,-0.008,-0.008,-0.109
2020-11-25,-0.596,,-0.568,-0.624,-0.716,-0.706,-0.706,-0.726,-0.73,-0.7,-0.76,-0.614,-0.584,-0.644,-0.077,-0.028,-0.028,-0.126,-0.053,-0.004,-0.004,-0.102
2020-11-26,-0.66,,-0.65,-0.67,-0.738,-0.728,-0.728,-0.748,-0.74,-0.73,-0.75,-0.62,-0.59,-0.65,-0.066,-0.015,-0.015,-0.117,-0.058,-0.008,-0.008,-0.108
2020-11-27,-0.751,,-0.706,-0.796,-0.754,-0.744,-0.744,-0.764,-0.739,-0.689,-0.789,-0.642,-0.612,-0.672,-0.0685,-0.015,-0.015,-0.122,-0.0585,-0.008,-0.008,-0.109
2020-11-30,-0.751,,-0.706,-0.796,-0.7345,-0.725,-0.725,-0.744,-0.775,-0.765,-0.785,-0.68,-0.665,-0.695,-0.0695,-0.017,-0.017,-0.122,-0.1325,-0.083,-0.083,-0.182
2020-12-01,-0.755,,-0.71,-0.8,-0.739,-0.729,-0.729,-0.749,-0.772,-0.762,-0.782,-0.695,-0.68,-0.71,-0.052,0.0,0.0,-0.104,-0.14,-0.089,-0.089,-0.191
2020-12-02,-0.773,,-0.763,-0.783,-0.745,-0.735,-0.735,-0.755,-0.7705,-0.752,-0.789,-0.708,-0.698,-0.718,-0.0475,0.0,0.0,-0.095,-0.1395,-0.09,-0.09,-0.189
2020-12-03,-0.789,,-0.779,-0.799,-0.754,-0.744,-0.744,-0.764,-0.758,-0.748,-0.768,-0.718,-0.708,-0.728,-0.049,0.0,0.0,-0.098,-0.141,-0.091,-0.091,-0.191
2020-12-04,-0.79,,-0.78,-0.8,-0.763,-0.753,-0.753,-0.773,-0.7645,-0.746,-0.783,-0.725,-0.71,-0.74,-0.0365,0.015,0.015,-0.088,-0.063,-0.013,-0.013,-0.113
2020-12-07,-0.796,,-0.786,-0.806,-0.764,-0.754,-0.754,-0.774,-0.7493,-0.7393,-0.7593,-0.618,-0.493,-0.743,-0.033,0.017,0.017,-0.083,-0.063,-0.013,-0.013,-0.113
2020-12-08,-0.816,,-0.806,-0.826,-0.773,-0.73,-0.73,-0.816,-0.8071,-0.7971,-0.8171,-0.723,-0.713,-0.733,-0.1015,-0.054,-0.054,-0.149,-0.0995,-0.049,-0.049,-0.15
2020-12-09,-0.8485,,-0.806,-0.891,-0.7955,-0.752,-0.752,-0.839,-0.8452,-0.8352,-0.8552,-0.723,-0.713,-0.733,-0.105,-0.056,-0.056,-0.154,-0.09,-0.041,-0.041,-0.139
2020-12-10,-0.831,,-0.821,-0.841,-0.778,-0.768,-0.768,-0.788,-0.8312,-0.8212,-0.8412,-0.71,-0.705,-0.715,-0.1095,-0.058,-0.058,-0.161,-0.1035,-0.054,-0.054,-0.153
2020-12-11,-0.854,,-0.804,-0.904,-0.781,-0.735,-0.735,-0.827,-0.8543,-0.8443,-0.8643,-0.735,-0.73,-0.74,-0.114,-0.061,-0.061,-0.167,-0.1045,-0.054,-0.054,-0.155
2020-12-14,-0.884,,-0.874,-0.894,-0.7865,-0.74,-0.74,-0.833,-0.9076,-0.8976,-0.9176,-0.7325,-0.725,-0.74,-0.104,-0.052,-0.052,-0.156,-0.089,-0.039,-0.039,-0.139
2020-12-15,-0.883,,-0.873,-0.893,-0.785,-0.775,-0.775,-0.795,-0.9122,-0.9022,-0.9222,-0.7225,-0.72,-0.725,-0.1015,-0.054,-0.054,-0.149,-0.071,-0.02,-0.02,-0.122
2020-12-16,-0.8775,,-0.868,-0.887,-0.772,-0.762,-0.762,-0.782,-0.9171,-0.9071,-0.9271,-0.73,-0.72,-0.74,-0.063,-0.014,-0.014,-0.112,-0.0655,-0.016,-0.016,-0.115
2020-12-17,-0.929,,-0.919,-0.939,-0.779,-0.769,-0.769,-0.789,-0.9623,-0.9523,-0.9723,-0.744,-0.734,-0.754,-0.066,-0.015,-0.015,-0.117,-0.0745,-0.025,-0.025,-0.124
2020-12-18,-0.943,,-0.933,-0.953,-0.785,-0.775,-0.775,-0.795,-0.9691,-0.9591,-0.9791,-0.7425,-0.735,-0.75,-0.0685,-0.015,-0.015,-0.122,-0.0755,-0.025,-0.025,-0.126
2020-12-21,-1.002,,-0.992,-1.012,-0.783,-0.773,-0.773,-0.793,-0.997,-0.937,-1.057,-0.725,-0.7,-0.75,-0.0695,-0.017,-0.017,-0.122,-0.085,-0.035,-0.035,-0.135
2020-12-22,-1.019,,-0.969,-1.069,-0.776,-0.766,-0.766,-0.786,-0.9891,-0.9791,-0.9991,-0.715,-0.705,-0.725,-0.088,-0.041,-0.041,-0.135,-0.075,-0.024,-0.024,-0.126
2020-12-23,-0.993,,-0.943,-1.043,-0.7675,-0.72,-0.72,-0.815,-0.877,-0.817,-0.937,-0.717,-0.707,-0.727,-0.091,-0.042,-0.042,-0.14,-0.078,-0.029,-0.029,-0.127
2020-12-24,,,,,,,,,-0.883,-0.823,-0.943,-0.704,-0.679,-0.729,-0.095,-0.044,-0.044,-0.146,-0.0785,-0.029,-0.029,-0.128
2020-12-28,-1.045,,-0.995,-1.095,-0.7695,-0.722,-0.722,-0.817,-0.925,-0.915,-0.935,-0.7375,-0.725,-0.75,,,,,,,,
2020-12-29,-1.052,,-1.042,-1.062,-0.7705,-0.723,-0.723,-0.818,-0.8994,-0.8894,-0.9094,-0.77,-0.755,-0.785,-0.082,-0.036,-0.036,-0.128,-0.0725,-0.022,-0.022,-0.123
2020-12-30,-0.956,,-0.906,-1.006,-0.7975,-0.75,-0.75,-0.845,-0.921,-0.861,-0.981,-0.701,-0.676,-0.726,-0.021,0.028,0.028,-0.07,-0.074,-0.025,-0.025,-0.123
2020-12-31,,,,,,,,,-0.955,-0.895,-1.015,-0.701,-0.676,-0.726,-0.022,0.029,0.029,-0.073,-0.0745,-0.025,-0.025,-0.124
2021-01-04,-0.681,,-0.671,-0.691,-0.6,-0.55,-0.55,-0.65,-0.7111,-0.7011,-0.7211,-0.62,-0.605,-0.635,-0.191,-0.139,-0.139,-0.243,-0.093,-0.043,-0.043,-0.143
2021-01-05,-0.678,,-0.668,-0.688,-0.657,-0.647,-0.647,-0.667,-0.6568,-0.6468,-0.6668,-0.621,-0.611,-0.631,-0.155,-0.109,-0.109,-0.201,-0.1035,-0.053,-0.053,-0.154
2021-01-06,-0.699,,-0.689,-0.709,-0.6475,-0.604,-0.604,-0.691,-0.6913,-0.6813,-0.7013,-0.6225,-0.61,-0.635,-0.144,-0.096,-0.096,-0.192,-0.102,-0.053,-0.053,-0.151
2021-01-07,-0.666,,-0.601,-0.731,-0.6565,-0.613,-0.613,-0.7,-0.6298,-0.6198,-0.6398,-0.634,-0.584,-0.684,-0.152,-0.101,-0.101,-0.203,-0.1035,-0.054,-0.054,-0.153
2021-01-08,-0.703,,-0.693,-0.713,-0.63,-0.62,-0.62,-0.64,-0.6238,-0.6138,-0.6338,-0.634,-0.584,-0.684,-0.1395,-0.086,-0.086,-0.193,-0.082,-0.032,-0.032,-0.132
2021-01-11,-0.694,,-0.684,-0.704,-0.6555,-0.612,-0.612,-0.699,-0.627,-0.617,-0.637,-0.612,-0.562,-0.662,-0.078,-0.026,-0.026,-0.13,-0.064,-0.014,-0.014,-0.114
2021-01-12,-0.678,,-0.613,-0.743,-0.6505,-0.607,-0.607,-0.694,-0.631,-0.621,-0.641,-0.615,-0.605,-0.625,-0.0745,-0.027,-0.027,-0.122,-0.079,-0.028,-0.028,-0.13
2021-01-13,-0.691,,-0.681,-0.701,-0.63,-0.62,-0.62,-0.64,-0.625,-0.615,-0.635,-0.62,-0.57,-0.67,-0.077,-0.028,-0.028,-0.126,-0.0655,-0.016,-0.016,-0.115
2021-01-14,-0.652,,-0.642,-0.662,-0.63,-0.62,-0.62,-0.64,-0.627,-0.617,-0.637,-0.631,-0.581,-0.681,-0.066,-0.015,-0.015,-0.117,-0.0705,-0.021,-0.021,-0.12
2021-01-15,-0.66,,-0.65,-0.67,-0.6545,-0.611,-0.611,-0.698,-0.628,-0.618,-0.638,-0.627,-0.577,-0.677,-0.114,-0.061,-0.061,-0.167,-0.1135,-0.063,-0.063,-0.164
2021-01-18,-0.668,,-0.658,-0.678,-0.616,-0.606,-0.606,-0.626,-0.6425,-0.625,-0.66,-0.6175,-0.61,-0.625,-0.087,-0.035,-0.035,-0.139,-0.041,0.009,0.009,-0.091
2021-01-19,-0.636,,-0.571,-0.701,-0.6335,-0.59,-0.59,-0.677,-0.626,-0.59,-0.662,-0.623,-0.573,-0.673,-0.0335,0.014,0.014,-0.081,-0.0425,0.008,0.008,-0.093
2021-01-20,-0.63,,-0.565,-0.695,-0.61,-0.6,-0.6,-0.62,-0.6378,-0.6278,-0.6478,-0.63,-0.58,-0.68,-0.007,0.042,0.042,-0.056,-0.0245,0.025,0.025,-0.074
2021-01-21,-0.64,,-0.63,-0.65,-0.61,-0.6,-0.6,-0.62,-0.6297,-0.6197,-0.6397,-0.63,-0.615,-0.645,-0.007,0.044,0.044,-0.058,-0.0455,0.004,0.004,-0.095
2021-01-22,-0.605,,-0.58,-0.63,-0.62,-0.6,-0.6,-0.64,-0.6266,-0.6166,-0.6366,-0.625,-0.575,-0.675,-0.0075,0.046,0.046,-0.061,-0.0335,0.017,0.017,-0.084
2021-01-25,-0.6685,,-0.659,-0.678,-0.61,-0.6,-0.6,-0.62,-0.64,-0.63,-0.65,-0.633,-0.623,-0.643,-0.087,-0.035,-0.035,-0.139,-0.046,0.004,0.004,-0.096
2021-01-26,-0.615,,-0.55,-0.68,-0.642,-0.634,-0.634,-0.65,-0.64,-0.625,-0.655,-0.646,-0.581,-0.711,-0.0095,0.036,0.036,-0.055,-0.0375,0.013,0.013,-0.088
2021-01-27,-0.612,,-0.602,-0.622,-0.641,-0.633,-0.633,-0.649,-0.638,-0.628,-0.648,-0.65,-0.64,-0.66,-0.007,0.042,0.042,-0.056,-0.053,-0.004,-0.004,-0.102
2021-01-28,-0.63,,-0.62,-0.64,-0.646,-0.636,-0.636,-0.656,-0.636,-0.626,-0.646,-0.649,-0.639,-0.659,-0.022,0.029,0.029,-0.073,-0.054,-0.004,-0.004,-0.104
2021-01-29,-0.61,,-0.6,-0.62,-0.6475,-0.625,-0.625,-0.67,-0.633,-0.623,-0.643,-0.655,-0.59,-0.72,-0.023,0.03,0.03,-0.076,-0.0505,0.0,0.0,-0.101
2021-02-01,-0.63,,-0.62,-0.64,-0.63,-0.62,-0.62,-0.64,-0.642,-0.632,-0.652,-0.627,-0.617,-0.637,-0.035,0.017,0.017,-0.087,-0.072,-0.022,-0.022,-0.122
2021-02-02,-0.64,,-0.63,-0.65,-0.639,-0.63,-0.63,-0.648,-0.64,-0.63,-0.65,-0.626,-0.616,-0.636,-0.1015,-0.054,-0.054,-0.149,-0.03,0.02,0.02,-0.08
2021-02-03,-0.637,,-0.627,-0.647,-0.63,-0.62,-0.62,-0.64,-0.64,-0.63,-0.65,-0.61,-0.58,-0.64,-0.021,0.028,0.028,-0.07,-0.0305,0.02,0.02,-0.081
2021-02-04,-0.626,,-0.616,-0.636,-0.63,-0.62,-0.62,-0.64,-0.636,-0.626,-0.646,-0.63,-0.62,-0.64,-0.022,0.029,0.029,-0.073,-0.0205,0.029,0.029,-0.07
2021-02-05,-0.646,,-0.636,-0.656,-0.639,-0.63,-0.63,-0.648,-0.633,-0.623,-0.643,-0.6085,-0.582,-0.635,-0.023,0.03,0.03,-0.076,-0.0125,0.037,0.037,-0.062
2021-02-08,-0.634,,-0.624,-0.644,-0.64,-0.631,-0.631,-0.649,-0.619,-0.605,-0.633,-0.633,-0.623,-0.643,0.052,0.052,0.052,-0.052,-0.0105,0.039,0.039,-0.06
2021-02-09,-0.63,,-0.62,-0.64,-0.63,-0.62,-0.62,-0.64,-0.6274,-0.6174,-0.6374,-0.6125,-0.585,-0.64,-0.0205,0.027,0.027,-0.068,-0.0425,0.008,0.008,-0.093
2021-02-10,-0.644,,-0.634,-0.654,-0.638,-0.594,-0.594,-0.682,-0.627,-0.613,-0.641,-0.6125,-0.585,-0.64,-0.021,0.028,0.028,-0.07,-0.037,0.012,0.012,-0.086
2021-02-11,-0.63,,-0.62,-0.64,-0.637,-0.628,-0.628,-0.646,-0.6417,-0.6317,-0.6517,-0.6125,-0.585,-0.64,-0.022,0.029,0.029,-0.073,-0.0415,0.008,0.008,-0.091
2021-02-12,-0.64,,-0.6,-0.68,-0.636,-0.59,-0.59,-0.682,-0.6346,-0.6246,-0.6446,-0.6125,-0.585,-0.64,-0.038,0.015,0.015,-0.091,-0.0375,0.013,0.013,-0.088
2021-02-15,-0.63,,-0.62,-0.64,-0.635,-0.588,-0.588,-0.682,-0.6322,-0.6222,-0.6422,-0.61,-0.58,-0.64,-0.104,-0.052,-0.052,-0.156,-0.037,0.013,0.013,-0.087
2021-02-16,-0.637,,-0.627,-0.647,-0.632,-0.623,-0.623,-0.641,-0.6296,-0.6196,-0.6396,-0.61,-0.58,-0.64,-0.0335,0.014,0.014,-0.081,-0.0345,0.016,0.016,-0.085
2021-02-17,-0.63,,-0.62,-0.64,-0.626,-0.578,-0.578,-0.674,-0.6324,-0.6224,-0.6424,-0.607,-0.577,-0.637,-0.049,0.0,0.0,-0.098,-0.033,0.016,0.016,-0.082
2021-02-18,-0.64,,-0.63,-0.65,-0.605,-0.59,-0.59,-0.62,-0.6297,-0.6197,-0.6397,-0.602,-0.572,-0.632,-0.051,0.0,0.0,-0.102,-0.021,0.029,0.029,-0.071
2021-02-19,-0.63,,-0.62,-0.64,-0.58,-0.57,-0.57,-0.59,-0.6204,-0.6104,-0.6304,-0.6,-0.57,-0.63,-0.053,0.0,0.0,-0.106,-0.0335,0.017,0.017,-0.084
2021-02-22,-0.617,,-0.607,-0.627,-0.624,-0.573,-0.573,-0.675,-0.6191,-0.6091,-0.6291,-0.601,-0.571,-0.631,-0.052,0.0,0.0,-0.104,-0.033,0.017,0.017,-0.083
2021-02-23,-0.63,,-0.62,-0.64,-0.633,-0.581,-0.581,-0.685,-0.621,-0.611,-0.631,-0.584,-0.539,-0.629,-0.0475,0.0,0.0,-0.095,-0.0505,0.0,0.0,-0.101
2021-02-24,-0.612,,-0.602,-0.622,-0.58,-0.57,-0.57,-0.59,-0.623,-0.613,-0.633,-0.585,-0.54,-0.63,-0.007,0.042,0.042,-0.056,-0.049,0.0,0.0,-0.098
2021-02-25,-0.63,,-0.62,-0.64,-0.58,-0.57,-0.57,-0.59,-0.618,-0.6,-0.636,-0.57,-0.525,-0.615,-0.007,0.044,0.044,-0.058,-0.05,0.0,0.0,-0.1
2021-02-26,-0.54,,-0.53,-0.55,-0.58,-0.57,-0.57,-0.59,-0.622,-0.582,-0.662,-0.571,-0.526,-0.616,-0.038,0.015,0.015,-0.091,-0.025,0.025,0.025,-0.075
2021-03-01,-0.625,-0.61,-0.61,-0.64,-0.6165,-0.559,-0.559,-0.674,-0.6246,-0.6146,-0.6346,-0.6506,-0.5906,-0.7106,0.017,0.069,0.069,-0.035,-0.028,0.022,0.022,-0.078
2021-03-02,-0.622,-0.607,-0.607,-0.637,-0.621,-0.611,-0.611,-0.631,-0.627,-0.587,-0.667,-0.6598,-0.5998,-0.7198,0.0205,0.068,0.068,-0.027,0.002,0.052,0.052,-0.048
2021-03-03,-0.634,,-0.619,-0.649,-0.6235,-0.586,-0.586,-0.661,-0.6243,-0.6143,-0.6343,-0.665,-0.605,-0.725,0.021,0.07,0.07,-0.028,-0.03,0.02,0.02,-0.08
2021-03-04,-0.58,,-0.57,-0.59,-0.616,-0.606,-0.606,-0.626,-0.627,-0.587,-0.667,-0.6769,-0.6169,-0.7369,0.007,0.058,0.058,-0.044,-0.025,0.025,0.025,-0.075
2021-03-05,-0.64,,-0.625,-0.655,-0.623,-0.613,-0.613,-0.633,-0.63,-0.59,-0.67,-0.678,-0.618,-0.738,-0.023,0.03,0.03,-0.076,-0.021,0.029,0.029,-0.071
2021-03-08,-0.58,,-0.57,-0.59,-0.614,-0.604,-0.604,-0.624,-0.625,-0.61,-0.64,-0.655,-0.645,-0.665,-0.017,0.035,0.035,-0.069,-0.007,0.043,0.043,-0.057
2021-03-09,-0.64,,-0.625,-0.655,-0.617,-0.577,-0.577,-0.657,-0.625,-0.61,-0.64,-0.7106,-0.6506,-0.7706,0.013,0.065,0.065,-0.039,-0.0145,0.036,0.036,-0.065
2021-03-10,-0.58,,-0.57,-0.59,-0.618,-0.578,-0.578,-0.658,-0.63,-0.615,-0.645,-0.7004,-0.6404,-0.7604,0.0205,0.068,0.068,-0.027,-0.0125,0.037,0.037,-0.062
2021-03-11,-0.58,,-0.57,-0.59,-0.6185,-0.577,-0.577,-0.66,-0.636,-0.596,-0.676,-0.63,-0.615,-0.645,0.021,0.07,0.07,-0.028,-0.0125,0.037,0.037,-0.062
2021-03-12,-0.634,,-0.619,-0.649,-0.6215,-0.579,-0.579,-0.664,-0.645,-0.63,-0.66,-0.6767,-0.6167,-0.7367,0.007,0.058,0.058,-0.044,-0.0125,0.038,0.038,-0.063
2021-03-15,-0.638,,-0.623,-0.653,-0.6205,-0.578,-0.578,-0.663,-0.6425,-0.6325,-0.6525,-0.565,-0.505,-0.625,-0.0165,0.033,0.033,-0.066,-0.015,0.035,0.035,-0.065
2021-03-16,-0.635,,-0.62,-0.65,-0.6235,-0.58,-0.58,-0.667,-0.6402,-0.6302,-0.6502,-0.566,-0.506,-0.626,0.017,0.069,0.069,-0.035,-0.0155,0.035,0.035,-0.066
2021-03-17,-0.58,,-0.57,-0.59,-0.6225,-0.579,-0.579,-0.666,-0.6378,-0.6278,-0.6478,-0.57,-0.51,-0.63,0.007,0.056,0.056,-0.042,0.0125,0.062,0.062,-0.037
2021-03-18,-0.58,,-0.57,-0.59,-0.6255,-0.58,-0.58,-0.671,-0.63,-0.59,-0.67,-0.57,-0.51,-0.63,0.007,0.058,0.058,-0.044,-0.0125,0.037,0.037,-0.062
2021-03-19,-0.58,,-0.57,-0.59,-0.622,-0.576,-0.576,-0.668,-0.6266,-0.6166,-0.6366,-0.574,-0.514,-0.634,-0.023,0.03,0.03,-0.076,-0.0125,0.038,0.038,-0.063
2021-03-22,-0.64,,-0.63,-0.65,-0.628,-0.581,-0.581,-0.675,-0.642,-0.602,-0.682,-0.575,-0.515,-0.635,0.017,0.069,0.069,-0.035,-0.011,0.039,0.039,-0.061
2021-03-23,-0.623,,-0.563,-0.683,-0.636,-0.589,-0.589,-0.683,-0.645,-0.605,-0.685,-0.613,-0.603,-0.623,0.0205,0.068,0.068,-0.027,0.002,0.053,0.053,-0.049
2021-03-24,-0.58,,-0.57,-0.59,-0.6375,-0.59,-0.59,-0.685,-0.649,-0.639,-0.659,-0.623,-0.613,-0.633,0.021,0.07,0.07,-0.028,0.008,0.057,0.057,-0.041
2021-03-25,-0.627,,-0.567,-0.687,-0.642,-0.592,-0.592,-0.692,-0.654,-0.614,-0.694,-0.634,-0.624,-0.644,-0.007,0.044,0.044,-0.058,-0.004,0.046,0.046,-0.054
2021-03-26,-0.63,,-0.57,-0.69,-0.643,-0.633,-0.633,-0.653,-0.651,-0.641,-0.661,-0.636,-0.626,-0.646,-0.0075,0.046,0.046,-0.061,0.004,0.054,0.054,-0.046
2021-03-29,-0.632,,-0.572,-0.692,-0.65,-0.64,-0.64,-0.66,-0.625,-0.61,-0.64,-0.6205,-0.6105,-0.6305,0.017,0.069,0.069,-0.035,0.002,0.052,0.052,-0.048
2021-03-30,-0.656,,-0.596,-0.716,-0.664,-0.654,-0.654,-0.674,-0.63,-0.62,-0.64,-0.6194,-0.6094,-0.6294,-0.0065,0.041,0.041,-0.054,-0.0145,0.036,0.036,-0.065
2021-03-31,-0.6115,,-0.591,-0.632,-0.666,-0.656,-0.656,-0.676,-0.633,-0.623,-0.643,-0.6245,-0.6145,-0.6345,-0.007,0.042,0.042,-0.056,-0.0125,0.037,0.037,-0.062
2021-04-01,-0.6235,,-0.602,-0.645,-0.662,-0.652,-0.652,-0.672,-0.63,-0.62,-0.64,-0.6187,-0.6087,-0.6287,-0.022,0.029,0.029,-0.073,-0.0125,0.037,0.037,-0.062
2021-04-06,-0.613,,-0.586,-0.64,-0.667,-0.657,-0.657,-0.677,-0.626,-0.616,-0.636,-0.6174,-0.6074,-0.6274,-0.0275,0.018,0.018,-0.073,-0.0195,0.031,0.031,-0.07
2021-04-07,-0.58,,-0.57,-0.59,-0.6365,-0.604,-0.604,-0.669,-0.632,-0.592,-0.672,-0.6184,-0.6084,-0.6284,0.0065,0.054,0.054,-0.041,-0.004,0.045,0.045,-0.053
2021-04-08,-0.58,,-0.57,-0.59,-0.61,-0.6,-0.6,-0.62,-0.624,-0.614,-0.634,-0.6317,-0.6217,-0.6417,0.035,0.084,0.084,-0.014,0.004,0.054,0.054,-0.046
2021-04-09,-0.58,,-0.57,-0.59,-0.651,-0.617,-0.617,-0.685,-0.62,-0.58,-0.66,-0.6305,-0.6205,-0.6405,0.022,0.073,0.073,-0.029,0.004,0.054,0.054,-0.046
2021-04-12,-0.643,,-0.583,-0.703,-0.6115,-0.583,-0.583,-0.64,-0.617,-0.592,-0.642,-0.6205,-0.6105,-0.6305,0.0165,0.066,0.066,-0.033,0.011,0.061,0.061,-0.039
2021-04-13,-0.639,,-0.579,-0.699,-0.6405,-0.606,-0.606,-0.675,-0.635,-0.625,-0.645,-0.6194,-0.6094,-0.6294,0.0065,0.054,0.054,-0.041,-0.0185,0.032,0.032,-0.069
2021-04-14,-0.58,,-0.57,-0.59,-0.642,-0.607,-0.607,-0.677,-0.632,-0.622,-0.642,-0.6313,-0.6213,-0.6413,0.007,0.056,0.056,-0.042,-0.0165,0.033,0.033,-0.066
2021-04-15,-0.58,,-0.57,-0.59,-0.639,-0.603,-0.603,-0.675,-0.642,-0.632,-0.652,-0.6325,-0.6225,-0.6425,-0.007,0.044,0.044,-0.058,-0.021,0.029,0.029,-0.071
2021-04-16,-0.58,,-0.57,-0.59,-0.646,-0.61,-0.61,-0.682,-0.645,-0.635,-0.655,-0.6291,-0.6191,-0.6391,-0.0075,0.046,0.046,-0.061,-0.021,0.029,0.029,-0.071
2021-04-19,-0.58,,-0.57,-0.59,-0.651,-0.614,-0.614,-0.688,-0.6846,-0.6246,-0.7446,-0.63265,-0.6226,-0.6427,0.052,0.052,0.052,-0.052,-0.0195,0.03,0.03,-0.069
2021-04-20,-0.683,,-0.655,-0.711,-0.663,-0.626,-0.626,-0.7,-0.6925,-0.6325,-0.7525,-0.6315,-0.6215,-0.6415,0.0205,0.068,0.068,-0.027,-0.006,0.045,0.045,-0.057
2021-04-21,-0.645,,-0.585,-0.705,-0.659,-0.622,-0.622,-0.696,-0.651,-0.641,-0.661,-0.6328,-0.6228,-0.6428,0.021,0.07,0.07,-0.028,-0.004,0.045,0.045,-0.053
2021-04-22,-0.655,,-0.65,-0.66,-0.6605,-0.622,-0.622,-0.699,-0.6884,-0.6284,-0.7484,-0.6317,-0.6217,-0.6417,0.022,0.073,0.073,-0.029,-0.004,0.046,0.046,-0.054
2021-04-23,-0.657,,-0.647,-0.667,-0.645,-0.585,-0.585,-0.705,-0.6917,-0.6317,-0.7517,-0.633,-0.623,-0.643,0.0075,0.061,0.061,-0.046,-0.004,0.046,0.046,-0.054
2021-04-26,-0.651,,-0.641,-0.661,-0.6595,-0.62,-0.62,-0.699,-0.634,-0.624,-0.644,-0.62,-0.615,-0.625,0.017,0.069,0.069,-0.035,-0.0065,0.043,0.043,-0.056
2021-04-27,-0.649,,-0.629,-0.669,-0.653,-0.613,-0.613,-0.693,-0.636,-0.626,-0.646,-0.624,-0.614,-0.634,0.0205,0.068,0.068,-0.027,0.0185,0.069,0.069,-0.032
2021-04-28,-0.6475,,-0.637,-0.658,-0.6505,-0.61,-0.61,-0.691,-0.6385,-0.628,-0.649,-0.62,-0.605,-0.635,0.021,0.07,0.07,-0.028,0.0165,0.066,0.066,-0.033
2021-04-29,-0.656,,-0.646,-0.666,-0.61,-0.6,-0.6,-0.62,-0.642,-0.632,-0.652,-0.6225,-0.62,-0.625,0.007,0.058,0.058,-0.044,0.025,0.075,0.075,-0.025
2021-04-30,-0.645,,-0.635,-0.655,-0.6435,-0.601,-0.601,-0.686,-0.64,-0.63,-0.65,-0.62,-0.605,-0.635,0.0075,0.061,0.061,-0.046,0.021,0.071,0.071,-0.029
2021-05-03,-0.653,,-0.633,-0.673,-0.6655,-0.623,-0.623,-0.708,-0.6424,-0.6324,-0.6524,-0.615,-0.6,-0.63,,,,,,,,
2021-05-04,-0.6455,,-0.636,-0.655,-0.629,-0.619,-0.619,-0.639,-0.6317,-0.6217,-0.6417,-0.6175,-0.61,-0.625,0.0275,0.073,0.073,-0.018,-0.0025,0.048,0.048,-0.053
2021-05-05,-0.649,,-0.629,-0.669,-0.628,-0.618,-0.618,-0.638,-0.6296,-0.6196,-0.6396,-0.6225,-0.615,-0.63,-0.034,0.016,0.016,-0.084,0.0245,0.074,0.074,-0.025
2021-05-06,-0.636,,-0.626,-0.646,-0.627,-0.617,-0.617,-0.637,-0.632,-0.612,-0.652,-0.625,-0.62,-0.63,-0.04,0.01,0.01,-0.09,0.0125,0.062,0.062,-0.037
2021-05-07,-0.633,,-0.613,-0.653,-0.634,-0.624,-0.624,-0.644,-0.6246,-0.6146,-0.6346,-0.635,-0.625,-0.645,-0.0085,0.041,0.041,-0.058,0.021,0.071,0.071,-0.029
2021-05-10,-0.642,,-0.632,-0.652,-0.627,-0.617,-0.617,-0.637,-0.6253,-0.6153,-0.6353,-0.6269,-0.6269,-0.6269,0.05,0.05,0.05,-0.05,0.0195,0.069,0.069,-0.03
2021-05-11,-0.633,,-0.613,-0.653,-0.627,-0.617,-0.617,-0.637,-0.6274,-0.6174,-0.6374,-0.628,-0.628,-0.628,-0.0205,0.027,0.027,-0.068,0.0185,0.069,0.069,-0.032
2021-05-12,-0.644,,-0.624,-0.664,-0.638,-0.628,-0.628,-0.648,-0.6296,-0.6196,-0.6396,-0.6269,-0.6269,-0.6269,-0.021,0.028,0.028,-0.07,0.0245,0.074,0.074,-0.025
2021-05-13,-0.634,,-0.624,-0.644,-0.627,-0.617,-0.617,-0.637,-0.632,-0.622,-0.642,-0.628,-0.628,-0.628,-0.0365,0.015,0.015,-0.088,0.021,0.071,0.071,-0.029
2021-05-14,-0.646,,-0.626,-0.666,-0.635,-0.625,-0.625,-0.645,-0.635,-0.625,-0.645,-0.6291,-0.6291,-0.6291,-0.038,0.015,0.015,-0.091,0.021,0.071,0.071,-0.029
2021-05-17,-0.643,,-0.623,-0.663,-0.6375,-0.626,-0.626,-0.649,-0.6325,-0.605,-0.66,-0.6303,-0.6303,-0.6303,-0.035,0.017,0.017,-0.087,0.0195,0.069,0.069,-0.03
2021-05-18,-0.639,,-0.619,-0.659,-0.6405,-0.629,-0.629,-0.652,-0.6325,-0.605,-0.66,-0.6315,-0.6315,-0.6315,0.0335,0.081,0.081,-0.014,0.006,0.057,0.057,-0.045
2021-05-19,-0.635,,-0.615,-0.655,-0.6415,-0.63,-0.63,-0.653,-0.6325,-0.605,-0.66,-0.6328,-0.6328,-0.6328,0.021,0.07,0.07,-0.028,0.049,0.049,0.049,-0.049
2021-05-20,-0.652,,-0.632,-0.672,-0.6425,-0.631,-0.631,-0.654,-0.6325,-0.605,-0.66,-0.6292,-0.6292,-0.6292,0.022,0.073,0.073,-0.029,0.05,0.05,0.05,-0.05
2021-05-21,-0.636,,-0.626,-0.646,-0.6425,-0.631,-0.631,-0.654,-0.63,-0.62,-0.64,-0.6305,-0.6305,-0.6305,0.0075,0.061,0.061,-0.046,0.0085,0.059,0.059,-0.042
2021-05-24,,,,,,,,,-0.6424,-0.6324,-0.6524,-0.6225,-0.615,-0.63,0.052,0.052,0.052,-0.052,-0.011,0.039,0.039,-0.061
2021-05-25,-0.637,,-0.617,-0.657,-0.6445,-0.633,-0.633,-0.656,-0.645,-0.635,-0.655,-0.632,-0.622,-0.642,0.0065,0.054,0.054,-0.041,0.0425,0.093,0.093,-0.008
2021-05-26,-0.645,,-0.635,-0.655,-0.627,-0.617,-0.617,-0.637,-0.65,-0.64,-0.66,-0.6225,-0.615,-0.63,0.021,0.07,0.07,-0.028,0.041,0.09,0.09,-0.008
2021-05-27,-0.6425,,-0.62,-0.665,-0.655,-0.64,-0.64,-0.67,-0.6466,-0.6366,-0.6566,-0.625,-0.61,-0.64,0.007,0.058,0.058,-0.044,0.0415,0.091,0.091,-0.008
2021-05-28,-0.6545,,-0.632,-0.677,-0.654,-0.639,-0.639,-0.669,-0.65,-0.64,-0.66,-0.631,-0.621,-0.641,-0.0075,0.046,0.046,-0.061,0.0295,0.08,0.08,-0.021
2021-05-31,-0.6455,,-0.623,-0.668,-0.656,-0.641,-0.641,-0.671,-0.639,-0.624,-0.654,-0.62,-0.605,-0.635,,,,,,,,
2021-06-01,-0.66,,-0.65,-0.67,-0.627,-0.617,-0.617,-0.637,-0.63605,-0.626,-0.6461,-0.625,-0.615,-0.635,0.0275,0.073,0.073,-0.018,0.0375,0.088,0.088,-0.013
2021-06-02,-0.6665,,-0.6,-0.733,-0.627,-0.617,-0.617,-0.637,-0.648,-0.633,-0.663,-0.6325,-0.625,-0.64,0.007,0.056,0.056,-0.042,0.01,0.061,0.061,-0.041
2021-06-03,-0.61,,-0.6,-0.62,-0.627,-0.617,-0.617,-0.637,-0.6466,-0.6366,-0.6566,-0.6375,-0.63,-0.645,0.007,0.058,0.058,-0.044,0.0125,0.062,0.062,-0.037
2021-06-04,-0.6655,,-0.594,-0.737,-0.627,-0.617,-0.617,-0.637,-0.6398,-0.63,-0.6496,-0.639,-0.629,-0.649,0.0075,0.061,0.061,-0.046,0.0165,0.066,0.066,-0.033
2021-06-07,-0.668,,-0.595,-0.741,-0.627,-0.617,-0.617,-0.637,-0.6579,-0.6479,-0.6679,-0.639,,,0.052,0.104,0.104,0.0,0.0325,0.082,0.082,-0.017
2021-06-08,-0.671,,-0.596,-0.746,-0.651,-0.641,-0.641,-0.661,-0.655,-0.645,-0.665,-0.644,-0.634,-0.654,0.0335,0.081,0.081,-0.014,0.0305,0.081,0.081,-0.02
2021-06-09,-0.61,,-0.6,-0.62,-0.655,-0.645,-0.645,-0.665,-0.662,-0.652,-0.672,-0.641,-0.631,-0.651,0.035,0.084,0.084,-0.014,0.033,0.082,0.082,-0.016
2021-06-10,-0.65,,-0.634,-0.666,-0.651,-0.641,-0.641,-0.661,-0.68,-0.67,-0.69,-0.645,-0.63,-0.66,0.0365,0.088,0.088,-0.015,0.0375,0.087,0.087,-0.012
2021-06-11,-0.648,,-0.632,-0.664,-0.654,-0.644,-0.644,-0.664,-0.665,-0.655,-0.675,-0.64,-0.625,-0.655,-0.023,0.03,0.03,-0.076,0.0295,0.08,0.08,-0.021
2021-06-14,-0.61,,-0.6,-0.62,-0.645,-0.635,-0.635,-0.655,-0.674,-0.654,-0.694,-0.64,-0.635,-0.645,0.052,0.052,0.052,-0.052,0.028,0.078,0.078,-0.022
2021-06-15,-0.658,,-0.642,-0.674,-0.665,-0.655,-0.655,-0.675,-0.667,-0.637,-0.697,-0.65,-0.635,-0.665,0.0065,0.054,0.054,-0.041,0.01,0.061,0.061,-0.041
2021-06-16,-0.656,,-0.64,-0.672,-0.655,-0.646,-0.646,-0.664,-0.666,-0.636,-0.696,-0.645,-0.635,-0.655,0.049,0.098,0.098,0.0,0.049,0.049,0.049,-0.049
2021-06-17,-0.6425,,-0.635,-0.65,-0.66,-0.651,-0.651,-0.669,-0.661,-0.631,-0.691,-0.645,-0.635,-0.655,0.022,0.073,0.073,-0.029,0.021,0.071,0.071,-0.029
2021-06-18,-0.659,,-0.643,-0.675,-0.663,-0.654,-0.654,-0.672,-0.66,-0.63,-0.69,-0.65,-0.64,-0.66,0.023,0.076,0.076,-0.03,0.0165,0.067,0.067,-0.034
2021-06-21,-0.664,,-0.65,-0.678,-0.6575,-0.65,-0.65,-0.665,-0.672,-0.659,-0.685,-0.64,-0.63,-0.65,0.035,0.087,0.087,-0.017,0.0195,0.069,0.069,-0.03
2021-06-22,-0.665,,-0.649,-0.681,-0.6535,-0.646,-0.646,-0.661,-0.671,-0.658,-0.684,-0.641,-0.631,-0.651,0.0205,0.068,0.068,-0.027,0.0185,0.069,0.069,-0.032
2021-06-23,-0.664,,-0.648,-0.68,-0.664,-0.654,-0.654,-0.674,-0.67,-0.657,-0.683,-0.64,-0.63,-0.65,-0.007,0.042,0.042,-0.056,0.0205,0.07,0.07,-0.029
2021-06-24,-0.655,,-0.62,-0.69,-0.667,-0.657,-0.657,-0.677,-0.6704,-0.6604,-0.6804,-0.635,-0.625,-0.645,-0.007,0.044,0.044,-0.058,0.021,0.071,0.071,-0.029
2021-06-25,-0.6605,,-0.611,-0.71,-0.666,-0.656,-0.656,-0.676,-0.673,-0.66,-0.686,-0.639,-0.629,-0.649,-0.0075,0.046,0.046,-0.061,0.0165,0.067,0.067,-0.034
2021-06-28,-0.61,,-0.6,-0.62,-0.6595,-0.652,-0.652,-0.667,-0.64,-0.63,-0.65,-0.642,-0.632,-0.652,-0.017,0.035,0.035,-0.069,-0.002,0.048,0.048,-0.052
2021-06-29,-0.648,,-0.613,-0.683,-0.6585,-0.651,-0.651,-0.666,-0.64,-0.63,-0.65,-0.64,-0.625,-0.655,0.0205,0.068,0.068,-0.027,0.0185,0.069,0.069,-0.032
2021-06-30,-0.645,,-0.61,-0.68,-0.664,-0.654,-0.654,-0.674,-0.64,-0.63,-0.65,-0.6425,-0.635,-0.65,0.021,0.07,0.07,-0.028,0.0165,0.066,0.066,-0.033
2021-07-01,-0.644,,-0.609,-0.679,-0.6645,-0.657,-0.657,-0.672,-0.645,-0.635,-0.655,-0.645,-0.64,-0.65,0.022,0.073,0.073,-0.029,0.025,0.075,0.075,-0.025
2021-07-02,-0.641,,-0.606,-0.676,-0.6575,-0.65,-0.65,-0.665,-0.65,-0.64,-0.66,-0.645,-0.635,-0.655,0.0075,0.061,0.061,-0.046,0.025,0.075,0.075,-0.025
2021-07-05,-0.61,,-0.6,-0.62,-0.6655,-0.658,-0.658,-0.673,-0.646,-0.636,-0.656,-0.635,-0.625,-0.645,0.052,0.052,0.052,-0.052,0.028,0.078,0.078,-0.022
2021-07-06,-0.652,,-0.617,-0.687,-0.6455,-0.638,-0.638,-0.653,-0.6444,-0.6344,-0.6544,-0.64,-0.635,-0.645,0.0205,0.068,0.068,-0.027,0.006,0.057,0.057,-0.045
2021-07-07,-0.6665,,-0.65,-0.683,-0.6675,-0.641,-0.641,-0.694,-0.65,-0.64,-0.66,-0.638,-0.628,-0.648,0.021,0.07,0.07,-0.028,0.0285,0.078,0.078,-0.021
2021-07-08,-0.659,,-0.624,-0.694,-0.6515,-0.644,-0.644,-0.659,-0.6459,-0.6359,-0.6559,-0.6425,-0.64,-0.645,0.007,0.058,0.058,-0.044,-0.025,0.025,0.025,-0.075
2021-07-09,-0.602,,-0.584,-0.62,-0.651,-0.641,-0.641,-0.661,-0.64,-0.63,-0.65,-0.645,-0.635,-0.655,0.0075,0.061,0.061,-0.046,0.025,0.075,0.075,-0.025
2021-07-12,-0.655,,-0.645,-0.665,-0.6485,-0.641,-0.641,-0.656,-0.654,-0.644,-0.664,-0.645,-0.63,-0.66,0.017,0.069,0.069,-0.035,0.033,0.083,0.083,-0.017
2021-07-13,-0.632,,-0.597,-0.667,-0.655,-0.645,-0.645,-0.665,-0.655,-0.64,-0.67,-0.6475,-0.64,-0.655,-0.0065,0.041,0.041,-0.054,0.0265,0.077,0.077,-0.024
2021-07-14,-0.61,,-0.6,-0.62,-0.658,-0.648,-0.648,-0.668,-0.655,-0.64,-0.67,-0.6575,-0.645,-0.67,-0.007,0.042,0.042,-0.056,0.0285,0.078,0.078,-0.021
2021-07-15,-0.615,,-0.58,-0.65,-0.656,-0.652,-0.652,-0.66,-0.655,-0.64,-0.67,-0.683,-0.673,-0.693,-0.007,0.044,0.044,-0.058,0.025,0.075,0.075,-0.025
2021-07-16,-0.661,,-0.642,-0.68,-0.66,-0.65,-0.65,-0.67,-0.655,-0.64,-0.67,-0.672,-0.662,-0.682,0.0075,0.061,0.061,-0.046,0.0085,0.059,0.059,-0.042
2021-07-19,-0.643,,-0.633,-0.653,-0.6625,-0.655,-0.655,-0.67,-0.6643,-0.6543,-0.6743,-0.6425,-0.64,-0.645,0.052,0.052,0.052,-0.052,0.015,0.065,0.065,-0.035
2021-07-20,-0.63,,-0.61,-0.65,-0.6635,-0.656,-0.656,-0.671,-0.67,-0.66,-0.68,-0.65,-0.635,-0.665,0.0205,0.068,0.068,-0.027,0.002,0.053,0.053,-0.049
2021-07-21,-0.6715,,-0.655,-0.688,-0.666,-0.656,-0.656,-0.676,-0.6658,-0.6558,-0.6758,-0.65,-0.635,-0.665,0.021,0.07,0.07,-0.028,0.004,0.053,0.053,-0.045
2021-07-22,-0.6675,,-0.651,-0.684,-0.6645,-0.656,-0.656,-0.673,-0.662,-0.653,-0.671,-0.65,-0.635,-0.665,0.007,0.058,0.058,-0.044,0.0125,0.062,0.062,-0.037
2021-07-23,-0.663,,-0.643,-0.683,-0.6655,-0.657,-0.657,-0.674,-0.661,-0.652,-0.67,-0.647,-0.637,-0.657,-0.0075,0.046,0.046,-0.061,0.05,0.05,0.05,-0.05
2021-07-26,-0.667,,-0.647,-0.687,-0.6605,-0.652,-0.652,-0.669,-0.67,-0.66,-0.68,-0.65,-0.635,-0.665,-0.035,0.017,0.017,-0.087,-0.011,0.039,0.039,-0.061
2021-07-27,-0.665,,-0.645,-0.685,-0.6645,-0.656,-0.656,-0.673,-0.672,-0.662,-0.682,-0.6425,-0.63,-0.655,-0.0065,0.041,0.041,-0.054,0.0225,0.073,0.073,-0.028
2021-07-28,-0.655,,-0.635,-0.675,-0.6655,-0.657,-0.657,-0.674,-0.674,-0.664,-0.684,-0.645,-0.635,-0.655,-0.007,0.042,0.042,-0.056,0.0245,0.074,0.074,-0.025
2021-07-29,-0.662,,-0.642,-0.682,-0.6685,-0.66,-0.66,-0.677,-0.675,-0.665,-0.685,-0.645,-0.635,-0.655,-0.007,0.044,0.044,-0.058,0.025,0.075,0.075,-0.025
2021-07-30,-0.659,,-0.639,-0.679,-0.672,-0.662,-0.662,-0.682,-0.683,-0.673,-0.693,-0.645,-0.635,-0.655,-0.0075,0.046,0.046,-0.061,0.0125,0.063,0.063,-0.038
2021-08-02,-0.656,,-0.636,-0.676,-0.6675,-0.659,-0.659,-0.676,-0.66,-0.645,-0.675,-0.64,-0.63,-0.65,-0.017,0.035,0.035,-0.069,0.024,0.074,0.074,-0.026
2021-08-03,-0.671,,-0.651,-0.691,-0.664,-0.654,-0.654,-0.674,-0.665,-0.65,-0.68,-0.645,-0.635,-0.655,-0.013,0.039,0.039,-0.065,-0.01,0.041,0.041,-0.061
2021-08-04,-0.6805,,-0.648,-0.713,-0.661,-0.651,-0.651,-0.671,-0.665,-0.65,-0.68,-0.647,-0.637,-0.657,-0.0335,0.014,0.014,-0.081,-0.004,0.045,0.045,-0.053
2021-08-05,-0.6925,,-0.66,-0.725,-0.67,-0.663,-0.663,-0.677,-0.678,-0.668,-0.688,-0.655,-0.645,-0.665,-0.049,0.0,0.0,-0.098,-0.0125,0.037,0.037,-0.062
2021-08-06,-0.6895,,-0.657,-0.722,-0.671,-0.664,-0.664,-0.678,-0.66,-0.65,-0.67,-0.656,-0.646,-0.666,-0.007,0.044,0.044,-0.058,-0.0125,0.038,0.038,-0.063
2021-08-09,-0.635,,-0.63,-0.64,-0.669,-0.662,-0.662,-0.676,-0.71,-0.7,-0.72,-0.657,-0.647,-0.667,0.05,0.05,0.05,-0.05,0.011,0.061,0.061,-0.039
2021-08-10,-0.668,,-0.659,-0.677,-0.672,-0.665,-0.665,-0.679,-0.7,-0.69,-0.71,-0.6475,-0.635,-0.66,-0.0205,0.027,0.027,-0.068,-0.002,0.049,0.049,-0.053
2021-08-11,-0.677,,-0.667,-0.687,-0.668,-0.661,-0.661,-0.675,-0.694,-0.684,-0.704,-0.655,-0.645,-0.665,-0.021,0.028,0.028,-0.07,0.049,0.049,0.049,-0.049
2021-08-12,-0.673,,-0.664,-0.682,-0.674,-0.664,-0.664,-0.684,-0.6925,-0.675,-0.71,-0.65,-0.64,-0.66,-0.022,0.029,0.029,-0.073,0.05,0.05,0.05,-0.05
2021-08-13,-0.678,,-0.668,-0.688,-0.671,-0.664,-0.664,-0.678,-0.69,-0.68,-0.7,-0.65,-0.64,-0.66,-0.023,0.03,0.03,-0.076,0.05,0.05,0.05,-0.05
2021-08-16,-0.685,,-0.675,-0.695,-0.6765,-0.666,-0.666,-0.687,-0.7,-0.675,-0.725,-0.643,-0.633,-0.653,-0.017,0.035,0.035,-0.069,-0.002,0.048,0.048,-0.052
2021-08-17,-0.674,,-0.665,-0.683,-0.678,-0.668,-0.668,-0.688,-0.667,-0.658,-0.676,-0.64,-0.63,-0.65,0.0065,0.054,0.054,-0.041,-0.002,0.049,0.049,-0.053
2021-08-18,-0.679,,-0.669,-0.689,-0.6955,-0.663,-0.663,-0.728,-0.666,-0.657,-0.675,-0.64,-0.63,-0.65,0.007,0.056,0.056,-0.042,0.049,0.049,0.049,-0.049
2021-08-19,-0.689,,-0.68,-0.698,-0.684,-0.677,-0.677,-0.691,-0.6704,-0.6604,-0.6804,-0.645,-0.64,-0.65,0.007,0.058,0.058,-0.044,-0.004,0.046,0.046,-0.054
2021-08-20,-0.689,,-0.68,-0.698,-0.687,-0.68,-0.68,-0.694,-0.673,-0.664,-0.682,-0.64,-0.635,-0.645,-0.038,0.015,0.015,-0.091,-0.004,0.046,0.046,-0.054
2021-08-23,-0.689,,-0.679,-0.699,-0.679,-0.672,-0.672,-0.686,-0.673,-0.663,-0.683,-0.6425,-0.635,-0.65,0.052,0.052,0.052,-0.052,-0.0065,0.043,0.043,-0.056
2021-08-24,-0.682,,-0.673,-0.691,-0.681,-0.674,-0.674,-0.688,-0.679,-0.669,-0.689,-0.645,-0.635,-0.655,0.0065,0.054,0.054,-0.041,0.0145,0.065,0.065,-0.036
2021-08-25,-0.6945,,-0.663,-0.726,-0.7,-0.665,-0.665,-0.735,-0.683,-0.673,-0.693,-0.647,-0.637,-0.657,-0.049,0.0,0.0,-0.098,0.004,0.053,0.053,-0.045
2021-08-26,-0.696,,-0.686,-0.706,-0.685,-0.676,-0.676,-0.694,-0.694,-0.684,-0.704,-0.6425,-0.635,-0.65,-0.0365,0.015,0.015,-0.088,0.004,0.054,0.054,-0.046
2021-08-27,-0.676,,-0.667,-0.685,-0.683,-0.674,-0.674,-0.692,-0.7,-0.69,-0.71,-0.64,-0.635,-0.645,-0.038,0.015,0.015,-0.091,0.05,0.05,0.05,-0.05
2021-08-30,-0.681,,-0.671,-0.691,-0.68,-0.67,-0.67,-0.69,-0.731,-0.721,-0.741,-0.644,-0.634,-0.654,,,,,,,,
2021-08-31,-0.686,,-0.676,-0.696,-0.678,-0.668,-0.668,-0.688,-0.739,-0.729,-0.749,-0.6453,-0.6353,-0.6553,0.0065,0.054,0.054,-0.041,0.002,0.053,0.053,-0.049
2021-09-01,-0.6945,,-0.663,-0.726,-0.679,-0.669,-0.669,-0.689,-0.747,-0.737,-0.757,-0.6422,-0.6322,-0.6522,-0.007,0.042,0.042,-0.056,0.004,0.053,0.053,-0.045
2021-09-02,-0.681,,-0.671,-0.691,-0.683,-0.674,-0.674,-0.692,-0.73,-0.72,-0.74,-0.6462,-0.6362,-0.6562,0.007,0.058,0.058,-0.044,0.004,0.054,0.054,-0.046
2021-09-03,-0.673,,-0.664,-0.682,-0.682,-0.673,-0.673,-0.691,-0.733,-0.723,-0.743,-0.6476,-0.6376,-0.6576,-0.0075,0.046,0.046,-0.061,0.004,0.054,0.054,-0.046
2021-09-06,-0.677,,-0.667,-0.687,-0.675,-0.665,-0.665,-0.685,-0.67,-0.66,-0.68,-0.6466,-0.6366,-0.6566,0.035,0.087,0.087,-0.017,0.0065,0.056,0.056,-0.043
2021-09-07,-0.669,,-0.66,-0.678,-0.6625,-0.654,-0.654,-0.671,-0.672,-0.662,-0.682,-0.6504,-0.6404,-0.6604,0.0065,0.054,0.054,-0.041,0.006,0.057,0.057,-0.045
2021-09-08,-0.6795,,-0.667,-0.692,-0.67,-0.66,-0.66,-0.68,-0.677,-0.667,-0.687,-0.6543,-0.6443,-0.6643,0.007,0.056,0.056,-0.042,0.0125,0.062,0.062,-0.037
2021-09-09,-0.6725,,-0.66,-0.685,-0.67,-0.66,-0.66,-0.68,-0.68,-0.67,-0.69,-0.6541,-0.6441,-0.6641,-0.007,0.044,0.044,-0.058,0.0165,0.066,0.066,-0.033
2021-09-10,-0.6695,,-0.657,-0.682,-0.6655,-0.657,-0.657,-0.674,-0.679,-0.669,-0.689,-0.615,-0.555,-0.675,-0.023,0.03,0.03,-0.076,0.004,0.054,0.054,-0.046
2021-09-13,-0.6785,,-0.666,-0.691,-0.6635,-0.655,-0.655,-0.672,-0.665,-0.646,-0.684,-0.6425,-0.63,-0.655,0.052,0.052,0.052,-0.052,0.0065,0.056,0.056,-0.043
2021-09-14,-0.678,,-0.668,-0.688,-0.6665,-0.658,-0.658,-0.675,-0.664,-0.645,-0.683,-0.6496,-0.6396,-0.6596,-0.0065,0.041,0.041,-0.054,0.006,0.057,0.057,-0.045
2021-09-15,-0.6875,,-0.675,-0.7,-0.6595,-0.651,-0.651,-0.668,-0.667,-0.657,-0.677,-0.651,-0.641,-0.661,0.021,0.07,0.07,-0.028,0.008,0.057,0.057,-0.041
2021-09-16,-0.66,,-0.63,-0.69,-0.6575,-0.649,-0.649,-0.666,-0.663,-0.653,-0.673,-0.6484,-0.6384,-0.6584,0.022,0.073,0.073,-0.029,0.0085,0.058,0.058,-0.041
2021-09-17,-0.68,,-0.67,-0.69,-0.66,-0.65,-0.65,-0.67,-0.666,-0.656,-0.676,-0.6476,-0.6376,-0.6576,0.0075,0.061,0.061,-0.046,0.0165,0.067,0.067,-0.034
2021-09-20,-0.692,,-0.681,-0.703,-0.6545,-0.646,-0.646,-0.663,-0.65,-0.64,-0.66,-0.6443,-0.6343,-0.6543,-0.035,0.017,0.017,-0.087,-0.0065,0.043,0.043,-0.056
2021-09-21,-0.691,,-0.68,-0.702,-0.6625,-0.654,-0.654,-0.671,-0.65,-0.64,-0.66,-0.6433,-0.6333,-0.6533,-0.0205,0.027,0.027,-0.068,0.002,0.053,0.053,-0.049
2021-09-22,-0.708,,-0.679,-0.737,-0.6635,-0.655,-0.655,-0.672,-0.65,-0.64,-0.66,-0.6423,-0.6323,-0.6523,-0.035,0.014,0.014,-0.084,0.004,0.053,0.053,-0.045
2021-09-23,-0.688,,-0.677,-0.699,-0.6615,-0.653,-0.653,-0.67,-0.65,-0.64,-0.66,-0.6417,-0.6317,-0.6517,-0.0365,0.015,0.015,-0.088,0.05,0.05,0.05,-0.05
2021-09-24,-0.687,,-0.676,-0.698,-0.6585,-0.65,-0.65,-0.667,-0.646,-0.636,-0.656,-0.6406,-0.6306,-0.6506,-0.038,0.015,0.015,-0.091,0.0265,0.076,0.076,-0.023
2021-09-27,-0.685,,-0.674,-0.696,-0.661,-0.651,-0.651,-0.671,-0.648,-0.638,-0.658,-0.6369,-0.6269,-0.6469,-0.017,0.035,0.035,-0.069,0.006,0.055,0.055,-0.043
2021-09-28,-0.684,,-0.673,-0.695,-0.6615,-0.653,-0.653,-0.67,-0.65,-0.64,-0.66,-0.6383,-0.6283,-0.6483,-0.0065,0.041,0.041,-0.054,0.018,0.068,0.068,-0.032
2021-09-29,-0.685,,-0.675,-0.695,-0.666,-0.656,-0.656,-0.676,-0.65,-0.64,-0.66,-0.6398,-0.6298,-0.6498,-0.0165,0.033,0.033,-0.066,0.01,0.06,0.06,-0.04
2021-09-30,-0.671,,-0.66,-0.682,-0.677,-0.667,-0.667,-0.687,-0.65,-0.64,-0.66,-0.65,-0.64,-0.66,-0.017,0.034,0.034,-0.068,0.0265,0.077,0.077,-0.024
2021-10-01,-0.671,,-0.661,-0.681,-0.6655,-0.657,-0.657,-0.674,-0.65,-0.64,-0.66,-0.6489,-0.6389,-0.6589,0.047,0.047,0.047,-0.047,0.033,0.082,0.082,-0.016
2021-10-04,-0.6445,,-0.62,-0.669,-0.6675,-0.659,-0.659,-0.676,-0.682,-0.672,-0.692,-0.7475,-0.74,-0.755,-0.013,0.039,0.039,-0.065,0.0255,0.076,0.076,-0.025
2021-10-05,-0.657,,-0.647,-0.667,-0.7725,-0.745,-0.745,-0.8,-0.68,-0.67,-0.69,-0.745,-0.74,-0.75,-0.0065,0.041,0.041,-0.054,0.042,0.092,0.092,-0.008
2021-10-06,-0.635,,-0.61,-0.66,-0.755,-0.745,-0.745,-0.765,-0.68,-0.67,-0.69,-0.745,-0.73,-0.76,-0.021,0.028,0.028,-0.07,0.0585,0.109,0.109,0.008
2021-10-07,-0.6255,,-0.601,-0.65,-0.7495,-0.739,-0.739,-0.76,-0.699,-0.689,-0.709,-0.7375,-0.73,-0.745,-0.022,0.029,0.029,-0.073,0.0165,0.066,0.066,-0.033
2021-10-08,-0.66,,-0.61,-0.71,-0.7725,-0.745,-0.745,-0.8,-0.68,-0.67,-0.69,-0.735,-0.73,-0.74,-0.0075,0.046,0.046,-0.061,0.021,0.071,0.071,-0.029
2021-10-11,-0.623,,-0.606,-0.64,-0.7515,-0.741,-0.741,-0.762,-0.68,-0.67,-0.69,-0.7275,-0.72,-0.735,0.052,0.052,0.052,-0.052,0.0405,0.09,0.09,-0.009
2021-10-12,-0.653,,-0.603,-0.703,-0.752,-0.742,-0.742,-0.762,-0.6475,-0.625,-0.67,-0.732,-0.722,-0.742,-0.0065,0.041,0.041,-0.054,0.006,0.057,0.057,-0.045
2021-10-13,-0.6145,,-0.59,-0.639,-0.754,-0.744,-0.744,-0.764,-0.672,-0.662,-0.682,-0.725,-0.715,-0.735,-0.007,0.042,0.042,-0.056,0.0165,0.066,0.066,-0.033
2021-10-14,-0.6,,-0.58,-0.62,-0.753,-0.743,-0.743,-0.763,-0.69,-0.68,-0.7,-0.716,-0.686,-0.746,-0.007,0.044,0.044,-0.058,0.0165,0.066,0.066,-0.033
2021-10-15,-0.63,,-0.58,-0.68,-0.76,-0.72,-0.72,-0.8,-0.704,-0.694,-0.714,-0.748,-0.738,-0.758,-0.0075,0.046,0.046,-0.061,0.004,0.054,0.054,-0.046
2021-10-18,-0.643,,-0.633,-0.653,-0.744,-0.734,-0.734,-0.754,-0.6527,-0.6427,-0.6627,-0.745,-0.735,-0.755,0.017,0.069,0.069,-0.035,0.089,0.139,0.139,0.039
2021-10-19,-0.6565,,-0.632,-0.681,-0.76,-0.72,-0.72,-0.8,-0.6508,-0.6408,-0.6608,-0.74,-0.73,-0.75,0.0205,0.068,0.068,-0.027,0.067,0.118,0.118,0.016
2021-10-20,-0.6545,,-0.63,-0.679,-0.753,-0.738,-0.738,-0.768,-0.6542,-0.6442,-0.6642,-0.735,-0.725,-0.745,0.049,0.098,0.098,0.0,0.086,0.135,0.135,0.037
2021-10-21,-0.6445,,-0.62,-0.669,-0.76,-0.745,-0.745,-0.775,-0.651,-0.641,-0.661,-0.735,-0.725,-0.745,0.0365,0.088,0.088,-0.015,0.087,0.137,0.137,0.037
2021-10-22,-0.6355,,-0.611,-0.66,-0.763,-0.723,-0.723,-0.803,-0.6452,-0.6352,-0.6552,-0.74,-0.73,-0.75,-0.0075,0.046,0.046,-0.061,0.0715,0.122,0.122,0.021
2021-10-25,-0.6335,,-0.609,-0.658,-0.776,-0.766,-0.766,-0.786,-0.645,-0.635,-0.655,-0.735,-0.725,-0.745,0.017,0.069,0.069,-0.035,0.124,0.174,0.174,0.074
2021-10-26,-0.64,,-0.613,-0.667,-0.7865,-0.775,-0.775,-0.798,-0.6561,-0.6461,-0.6661,-0.742,-0.732,-0.752,0.0335,0.081,0.081,-0.014,0.063,0.114,0.114,0.012
2021-10-27,-0.6505,,-0.641,-0.66,-0.854,-0.844,-0.844,-0.864,-0.6596,-0.6496,-0.6696,-0.77,-0.76,-0.78,0.021,0.07,0.07,-0.028,0.0615,0.111,0.111,0.012
2021-10-28,-0.649,,-0.639,-0.659,-0.853,-0.843,-0.843,-0.863,-0.6855,-0.655,-0.716,-0.77,-0.76,-0.78,0.0365,0.088,0.088,-0.015,0.108,0.158,0.158,0.058
2021-10-29,-0.654,,-0.644,-0.664,-0.8615,-0.851,-0.851,-0.872,-0.6775,-0.647,-0.708,-0.77,-0.76,-0.78,0.0075,0.061,0.061,-0.046,0.0795,0.13,0.13,0.029
2021-11-01,-0.621,,-0.594,-0.648,-0.859,-0.849,-0.849,-0.869,-0.6579,-0.6479,-0.6679,-0.78,-0.77,-0.79,0.052,0.104,0.104,0.0,0.085,0.135,0.135,0.035
2021-11-02,-0.626,,-0.599,-0.653,-0.872,-0.862,-0.862,-0.882,-0.6614,-0.6514,-0.6714,-0.83,-0.82,-0.84,0.0475,0.095,0.095,0.0,0.083,0.134,0.134,0.032
2021-11-03,-0.631,,-0.604,-0.658,-0.882,-0.872,-0.872,-0.892,-0.665,-0.655,-0.675,-0.855,-0.845,-0.865,0.021,0.07,0.07,-0.028,0.086,0.135,0.135,0.037
2021-11-04,-0.63,,-0.62,-0.64,-0.774,-0.764,-0.764,-0.784,-0.6596,-0.6496,-0.6696,-0.865,-0.855,-0.875,-0.007,0.044,0.044,-0.058,0.083,0.133,0.133,0.033
2021-11-05,-0.612,,-0.602,-0.622,-0.781,-0.771,-0.771,-0.791,-0.6638,-0.6538,-0.6738,-0.865,-0.855,-0.875,-0.1295,-0.076,-0.076,-0.183,-0.042,0.008,0.008,-0.092
2021-11-08,-0.638,,-0.588,-0.688,-0.786,-0.776,-0.776,-0.796,-0.6675,-0.653,-0.682,-0.787,-0.777,-0.797,-0.052,0.0,0.0,-0.104,0.089,0.139,0.139,0.039
2021-11-09,-0.648,,-0.598,-0.698,-0.8,-0.79,-0.79,-0.81,-0.6875,-0.673,-0.702,-0.8,-0.795,-0.805,-0.0455,0.0,0.0,-0.091,0.0905,0.141,0.141,0.04
2021-11-10,-0.645,,-0.595,-0.695,-0.808,-0.798,-0.798,-0.818,-0.7035,-0.689,-0.718,-0.81,-0.805,-0.815,-0.035,0.014,0.014,-0.084,0.0245,0.074,0.074,-0.025
2021-11-11,-0.69,,-0.64,-0.74,-0.8415,-0.793,-0.793,-0.89,-0.7145,-0.7,-0.729,-0.822,-0.812,-0.832,-0.0365,0.015,0.015,-0.088,0.0745,0.124,0.124,0.025
2021-11-12,-0.667,,-0.617,-0.717,-0.86,-0.845,-0.845,-0.875,-0.762,-0.712,-0.812,-0.8175,-0.81,-0.825,-0.038,0.015,0.015,-0.091,0.063,0.113,0.113,0.013
2021-11-15,-0.638,,-0.588,-0.688,-0.95,-0.94,-0.94,-0.96,-0.95,-0.94,-0.96,-0.8725,-0.86,-0.885,-0.035,0.017,0.017,-0.087,0.059,0.109,0.109,0.009
2021-11-16,-0.66,,-0.61,-0.71,-1.02,-1.01,-1.01,-1.03,-1.0,-0.99,-1.01,-0.945,-0.935,-0.955,0.0205,0.068,0.068,-0.027,0.0225,0.073,0.073,-0.028
2021-11-17,-0.654,,-0.604,-0.704,-0.99,-0.975,-0.975,-1.005,-1.015,-1.005,-1.025,-0.9325,-0.92,-0.945,-0.035,0.014,0.014,-0.084,0.0285,0.078,0.078,-0.021
2021-11-18,-0.69,,-0.64,-0.74,-0.96,-0.95,-0.95,-0.97,-1.01,-1.0,-1.02,-0.9475,-0.935,-0.96,-0.051,0.0,0.0,-0.102,0.004,0.054,0.054,-0.046
2021-11-19,-0.69,,-0.64,-0.74,-0.98,-0.965,-0.965,-0.995,-1.125,-1.05,-1.2,-0.9425,-0.875,-1.01,-0.053,0.0,0.0,-0.106,0.0085,0.059,0.059,-0.042
2021-11-22,-0.672,,-0.647,-0.697,-1.02,-1.01,-1.01,-1.03,-1.076,-1.066,-1.086,-0.965,-0.955,-0.975,-0.052,0.0,0.0,-0.104,0.0065,0.056,0.056,-0.043
2021-11-23,-0.67,,-0.645,-0.695,-0.99,-0.96,-0.96,-1.02,-1.075,-1.065,-1.085,-0.96,-0.95,-0.97,0.0065,0.054,0.054,-0.041,0.0585,0.109,0.109,0.008
2021-11-24,-0.67,,-0.66,-0.68,-0.98,-0.965,-0.965,-0.995,-1.08,-1.07,-1.09,-0.966,-0.956,-0.976,0.007,0.056,0.056,-0.042,-0.0125,0.037,0.037,-0.062
2021-11-25,-0.647,,-0.622,-0.672,-1.0,-0.99,-0.99,-1.01,-1.02,-0.95,-1.09,-0.965,-0.955,-0.975,-0.007,0.044,0.044,-0.058,-0.025,0.025,0.025,-0.075
2021-11-26,-0.66,,-0.65,-0.67,-1.01,-1.0,-1.0,-1.02,-0.985,-0.92,-1.05,-0.965,-0.865,-1.065,-0.023,0.03,0.03,-0.076,0.021,0.071,0.071,-0.029
2021-11-29,-0.681,,-0.671,-0.691,-0.996,-0.986,-0.986,-1.006,-1.0487,-1.0387,-1.0587,-0.98,-0.97,-0.99,0.017,0.069,0.069,-0.035,0.0195,0.069,0.069,-0.03
2021-11-30,-0.72,,-0.71,-0.73,-0.993,-0.983,-0.983,-1.003,-1.0831,-1.0731,-1.0931,-0.975,-0.965,-0.985,0.0455,0.091,0.091,0.0,0.0505,0.101,0.101,0.0
2021-12-01,-0.705,,-0.695,-0.715,-0.992,-0.982,-0.982,-1.002,-1.1909,-1.1809,-1.2009,-0.965,-0.955,-0.975,0.039,0.091,0.091,-0.013,0.0535,0.103,0.103,0.004
2021-12-02,-0.72,,-0.71,-0.73,-1.0,-0.99,-0.99,-1.01,-1.37,-1.36,-1.38,-1.01,-1.0,-1.02,0.0205,0.068,0.068,-0.027,0.0125,0.062,0.062,-0.037
2021-12-03,-0.652,,-0.642,-0.662,-0.986,-0.976,-0.976,-0.996,-1.3831,-1.3731,-1.3931,-0.961,-0.861,-1.061,0.035,0.084,0.084,-0.014,0.025,0.075,0.075,-0.025
2021-12-06,-0.638,,-0.613,-0.663,-0.982,-0.972,-0.972,-0.992,-1.27,-1.22,-1.32,-0.9125,-0.885,-0.94,-0.016,0.032,0.032,-0.064,-0.0065,0.043,0.043,-0.056
2021-12-07,-0.625,,-0.6,-0.65,-0.981,-0.971,-0.971,-0.991,-1.25,-1.24,-1.26,-0.91,-0.895,-0.925,0.078,0.13,0.13,0.026,0.0385,0.089,0.089,-0.012
2021-12-08,-0.607,,-0.582,-0.632,-0.97,-0.96,-0.96,-0.98,-1.273,-1.263,-1.283,-0.905,-0.895,-0.915,0.088,0.135,0.135,0.041,0.041,0.09,0.09,-0.008
2021-12-09,-0.55,,-0.535,-0.565,-0.911,-0.901,-0.901,-0.921,-1.225,-1.215,-1.235,-0.865,-0.855,-0.875,0.049,0.098,0.098,0.0,0.05,0.1,0.1,0.0
2021-12-10,-0.6,,-0.59,-0.61,-0.9035,-0.893,-0.893,-0.914,-1.19,-1.18,-1.2,-0.725,-0.715,-0.735,0.051,0.102,0.102,0.0,0.0465,0.097,0.097,-0.004
2021-12-13,-0.54,,-0.53,-0.55,-0.842,-0.832,-0.832,-0.852,-1.002,-0.992,-1.012,-0.795,-0.78,-0.81,0.05,0.1,0.1,0.0,0.059,0.109,0.109,0.009
2021-12-14,,,,,-0.756,-0.746,-0.746,-0.766,-1.017,-1.007,-1.027,-0.803,-0.793,-0.813,0.0475,0.095,0.095,0.0,0.079,0.13,0.13,0.028
2021-12-15,-1.21,,-1.2,-1.22,-0.804,-0.794,-0.794,-0.814,-1.029,-1.019,-1.039,-0.83,-0.82,-0.84,0.077,0.126,0.126,0.028,0.0945,0.144,0.144,0.045
2021-12-16,-1.349,,-1.339,-1.359,-0.821,-0.811,-0.811,-0.831,-1.011,-1.001,-1.021,-0.8425,-0.77,-0.915,0.139,0.19,0.19,0.088,0.1495,0.199,0.199,0.1
2021-12-17,-1.333,,-1.323,-1.343,-0.849,-0.839,-0.839,-0.859,-1.049,-1.039,-1.059,-0.85,-0.845,-0.855,0.251,0.304,0.304,0.198,0.2685,0.319,0.319,0.218
2021-12-20,-1.13,,-1.09,-1.17,-0.817,-0.802,-0.802,-0.832,-0.99,-0.98,-1.0,-0.83,-0.82,-0.84,0.261,0.313,0.313,0.209,0.2805,0.331,0.331,0.23
2021-12-21,-1.139,,-1.099,-1.179,-0.8,-0.785,-0.785,-0.815,-0.96,-0.95,-0.97,-0.83,-0.73,-0.93,0.1285,0.176,0.176,0.081,0.136,0.187,0.187,0.085
2021-12-22,-1.024,,-1.014,-1.034,-0.781,-0.771,-0.771,-0.791,-0.93,-0.92,-0.94,-0.82,-0.81,-0.83,0.1335,0.183,0.183,0.084,0.07,0.119,0.119,0.021
2021-12-23,-0.837,,-0.827,-0.847,-0.696,-0.686,-0.686,-0.706,-0.84,-0.78,-0.9,-0.805,-0.795,-0.815,0.124,0.175,0.175,0.073,0.133,0.183,0.183,0.083
2021-12-24,,,,,,,,,-0.855,-0.845,-0.865,-0.809,-0.799,-0.819,0.1295,0.183,0.183,0.076,0.1425,0.193,0.193,0.092
2021-12-27,-0.9,,-0.86,-0.94,-0.719,-0.704,-0.704,-0.734,-0.858,-0.848,-0.868,-0.8,-0.79,-0.81,,,,,,,,
2021-12-28,-0.8,,-0.76,-0.84,-0.723,-0.708,-0.708,-0.738,-0.863,-0.853,-0.873,-0.81,-0.71,-0.91,,,,,,,,
2021-12-29,-0.89,,-0.88,-0.9,-0.739,-0.724,-0.724,-0.754,-0.85,-0.84,-0.86,-0.808,-0.798,-0.818,0.144,0.192,0.192,0.096,0.138,0.187,0.187,0.089
2021-12-30,-0.832,,-0.822,-0.842,-0.73,-0.715,-0.715,-0.745,-0.885,-0.875,-0.895,-0.823,-0.813,-0.833,0.124,0.175,0.175,0.073,0.133,0.183,0.183,0.083
2021-12-31,,,,,,,,,-0.901,-0.891,-0.911,-0.79,-0.69,-0.89,0.1295,0.183,0.183,0.076,0.1385,0.189,0.189,0.088
2022-01-03,-0.63,,-0.62,-0.64,-0.658,-0.648,-0.648,-0.668,-0.68,-0.67,-0.69,-0.66,-0.56,-0.76,,,,,,,,
2022-01-04,-0.637,,-0.627,-0.647,-0.688,-0.673,-0.673,-0.703,-0.688,-0.678,-0.698,-0.66,-0.56,-0.76,0.2285,0.274,0.274,0.183,0.4025,0.453,0.453,0.352
2022-01-05,-0.645,,-0.635,-0.655,-0.664,-0.649,-0.649,-0.679,-0.67,-0.66,-0.68,-0.655,-0.645,-0.665,0.125,0.173,0.173,0.077,0.08,0.129,0.129,0.031
2022-01-06,-0.66,,-0.65,-0.67,-0.664,-0.654,-0.654,-0.674,-0.677,-0.667,-0.687,-0.65,-0.64,-0.66,0.0915,0.142,0.142,0.041,0.1445,0.194,0.194,0.095
2022-01-07,-0.652,,-0.642,-0.662,-0.643,-0.628,-0.628,-0.658,-0.65,-0.64,-0.66,-0.645,-0.545,-0.745,0.0755,0.129,0.129,0.022,0.1095,0.16,0.16,0.059
2022-01-10,-0.617,,-0.607,-0.627,-0.647,-0.637,-0.637,-0.657,-0.64,-0.63,-0.65,-0.635,-0.535,-0.735,0.104,0.156,0.156,0.052,0.14,0.19,0.19,0.09
2022-01-11,-0.6,,-0.59,-0.61,-0.636,-0.626,-0.626,-0.646,-0.648,-0.638,-0.658,-0.63,-0.53,-0.73,0.0745,0.122,0.122,0.027,0.144,0.195,0.195,0.093
2022-01-12,-0.612,,-0.602,-0.622,-0.641,-0.631,-0.631,-0.651,-0.659,-0.649,-0.669,-0.635,-0.625,-0.645,0.1195,0.169,0.169,0.07,0.152,0.201,0.201,0.103
2022-01-13,-0.6,,-0.56,-0.64,-0.656,-0.646,-0.646,-0.666,-0.686,-0.676,-0.696,-0.64,-0.54,-0.74,0.1095,0.161,0.161,0.058,0.1495,0.199,0.199,0.1
2022-01-14,-0.54,,-0.53,-0.55,-0.659,-0.649,-0.649,-0.669,-0.644,-0.634,-0.654,-0.64,-0.63,-0.65,0.114,0.167,0.167,0.061,0.151,0.201,0.201,0.101
2022-01-17,-0.54,,-0.53,-0.55,-0.7,-0.69,-0.69,-0.71,-0.65,-0.64,-0.66,-0.66,-0.65,-0.67,0.1305,0.183,0.183,0.078,0.1885,0.238,0.238,0.139
2022-01-18,-0.667,,-0.657,-0.677,-0.683,-0.673,-0.673,-0.693,-0.645,-0.635,-0.655,-0.655,-0.645,-0.665,0.1015,0.149,0.149,0.054,0.1825,0.233,0.233,0.132
2022-01-19,-0.665,,-0.655,-0.675,-0.671,-0.661,-0.661,-0.681,-0.645,,,-0.65,-0.64,-0.66,0.1335,0.183,0.183,0.084,0.213,0.264,0.264,0.162
2022-01-20,-0.672,,-0.662,-0.682,-0.669,-0.659,-0.659,-0.679,-0.64,-0.63,-0.65,-0.675,-0.665,-0.685,0.1095,0.161,0.161,0.058,0.189,0.238,0.238,0.14
2022-01-21,-0.682,,-0.672,-0.692,-0.667,-0.657,-0.657,-0.677,-0.64,-0.63,-0.65,-0.675,-0.665,-0.685,0.099,0.152,0.152,0.046,0.187,0.237,0.237,0.137
2022-01-24,-0.662,,-0.652,-0.672,-0.687,-0.677,-0.677,-0.697,-0.6361,-0.6261,-0.6461,-0.67,-0.66,-0.68,0.139,0.191,0.191,0.087,0.2295,0.279,0.279,0.18
2022-01-25,-0.666,,-0.656,-0.676,-0.687,-0.677,-0.677,-0.697,-0.6397,-0.6297,-0.6497,-0.675,-0.665,-0.685,0.1285,0.176,0.176,0.081,0.2255,0.276,0.276,0.175
2022-01-26,-0.671,,-0.661,-0.681,-0.684,-0.674,-0.674,-0.694,-0.6366,-0.6266,-0.6466,-0.679,-0.669,-0.689,0.1195,0.169,0.169,0.07,0.238,0.287,0.287,0.189
2022-01-27,-0.665,,-0.655,-0.675,-0.676,-0.666,-0.666,-0.686,-0.6415,-0.6315,-0.6515,-0.67,-0.66,-0.68,0.197,0.248,0.248,0.146,0.278,0.328,0.328,0.228
2022-01-28,-0.671,,-0.661,-0.681,-0.667,-0.657,-0.657,-0.677,-0.6379,-0.6279,-0.6479,-0.68,-0.67,-0.69,0.175,0.228,0.228,0.122,0.256,0.306,0.306,0.206
2022-01-31,-0.668,,-0.658,-0.678,-0.668,-0.658,-0.658,-0.678,-0.645,-0.635,-0.655,-0.6775,-0.665,-0.69,0.226,0.278,0.278,0.174,0.307,0.357,0.357,0.257
2022-02-01,-0.684,,-0.674,-0.694,-0.679,-0.669,-0.669,-0.689,-0.648,-0.638,-0.658,-0.6705,-0.662,-0.679,0.196,0.243,0.243,0.149,0.307,0.357,0.357,0.257
2022-02-02,-0.671,,-0.622,-0.72,-0.681,-0.671,-0.671,-0.691,-0.66,-0.65,-0.67,-0.6705,-0.662,-0.679,0.232,0.281,0.281,0.183,0.331,0.382,0.382,0.28
2022-02-03,-0.675,,-0.665,-0.685,-0.662,-0.652,-0.652,-0.672,-0.686,-0.676,-0.696,-0.6665,-0.658,-0.675,0.314,0.365,0.365,0.263,0.4395,0.489,0.489,0.39
2022-02-04,-0.671,,-0.622,-0.72,-0.654,-0.644,-0.644,-0.664,-0.65,-0.64,-0.66,-0.6635,-0.655,-0.672,0.3425,0.396,0.396,0.289,0.548,0.598,0.598,0.498
2022-02-07,-0.642,,-0.593,-0.691,-0.671,-0.626,-0.626,-0.716,-0.663,-0.653,-0.673,-0.6745,-0.666,-0.683,0.174,0.226,0.226,0.122,0.5355,0.585,0.585,0.486
2022-02-08,-0.636,,-0.587,-0.685,-0.67,-0.66,-0.66,-0.68,-0.65,-0.64,-0.66,-0.6725,-0.66,-0.685,0.356,0.402,0.402,0.31,0.52,0.57,0.57,0.47
2022-02-09,-0.659,,-0.61,-0.708,-0.675,-0.665,-0.665,-0.685,-0.645,-0.635,-0.655,-0.6825,-0.674,-0.691,0.386,0.435,0.435,0.337,0.5335,0.583,0.583,0.484
2022-02-10,-0.64,,-0.63,-0.65,-0.667,-0.657,-0.657,-0.677,-0.645,-0.635,-0.655,-0.704,-0.674,-0.734,0.358,0.409,0.409,0.307,0.536,0.586,0.586,0.486
2022-02-11,-0.63,,-0.62,-0.64,-0.694,-0.684,-0.684,-0.704,-0.642,-0.632,-0.652,-0.711,-0.681,-0.741,0.388,0.441,0.441,0.335,0.6045,0.655,0.655,0.554
2022-02-14,-0.68,,-0.67,-0.69,-0.7,-0.69,-0.69,-0.71,-0.675,-0.65,-0.7,-0.7,-0.69,-0.71,0.4,0.452,0.452,0.348,0.563,0.613,0.613,0.513
2022-02-15,-0.6665,,-0.627,-0.706,-0.71,-0.665,-0.665,-0.755,-0.661,-0.651,-0.671,-0.7075,-0.7,-0.715,0.4125,0.46,0.46,0.365,0.6275,0.678,0.678,0.577
2022-02-16,-0.681,,-0.671,-0.691,-0.6935,-0.661,-0.661,-0.726,-0.655,-0.645,-0.665,-0.697,-0.687,-0.707,0.4,0.449,0.449,0.351,0.616,0.665,0.665,0.567
2022-02-17,-0.6735,,-0.634,-0.713,-0.7045,-0.672,-0.672,-0.737,-0.655,-0.645,-0.665,-0.6775,-0.67,-0.685,0.3725,0.424,0.424,0.321,0.631,0.681,0.681,0.581
2022-02-18,-0.6655,,-0.626,-0.705,-0.7065,-0.674,-0.674,-0.739,-0.65,-0.64,-0.66,-0.68,-0.675,-0.685,0.388,0.441,0.441,0.335,0.6215,0.672,0.672,0.571
2022-02-21,-0.668,,-0.658,-0.678,-0.72,-0.69,-0.69,-0.75,-0.642,-0.632,-0.652,-0.6725,-0.66,-0.685,0.417,0.469,0.469,0.365,0.585,0.635,0.635,0.535
2022-02-22,-0.64,,-0.6,-0.68,-0.67,-0.635,-0.635,-0.705,-0.653,-0.643,-0.663,-0.68,-0.67,-0.69,0.4125,0.46,0.46,0.365,0.5585,0.609,0.609,0.508
2022-02-23,-0.678,,-0.668,-0.688,-0.7415,-0.709,-0.709,-0.774,-0.6505,-0.641,-0.66,-0.68,-0.67,-0.69,0.428,0.477,0.477,0.379,0.505,0.554,0.554,0.456
2022-02-24,-0.6625,,-0.623,-0.702,-0.7395,-0.707,-0.707,-0.772,-0.65,-0.64,-0.66,-0.69,-0.68,-0.7,0.431,0.482,0.482,0.38,0.486,0.536,0.536,0.436
2022-02-25,-0.671,,-0.661,-0.681,-0.7425,-0.71,-0.71,-0.775,-0.654,-0.644,-0.664,-0.685,-0.675,-0.695,0.4335,0.487,0.487,0.38,0.4915,0.542,0.542,0.441
2022-02-28,-0.54,,-0.53,-0.55,-0.7515,-0.719,-0.719,-0.784,-0.725,-0.695,-0.755,-0.745,-0.735,-0.755,0.417,0.469,0.469,0.365,0.529,0.579,0.579,0.479
2022-03-01,-0.54,-0.53,-0.53,-0.55,-0.7615,-0.729,-0.729,-0.794,-0.735,-0.705,-0.765,-0.75,-0.74,-0.76,0.426,0.473,0.473,0.379,0.5665,0.617,0.617,0.516
2022-03-02,-0.54,,-0.53,-0.55,-0.7595,-0.727,-0.727,-0.792,-0.741,-0.711,-0.771,-0.75,-0.74,-0.76,0.428,0.477,0.477,0.379,0.5995,0.649,0.649,0.55
2022-03-03,-0.6535,,-0.614,-0.693,-0.7635,-0.731,-0.731,-0.796,-0.768,-0.738,-0.798,-0.74,-0.73,-0.75,0.431,0.482,0.482,0.38,0.6105,0.66,0.66,0.561
2022-03-04,-0.657,,-0.647,-0.667,-0.7615,-0.729,-0.729,-0.794,-0.769,-0.739,-0.799,-0.74,-0.725,-0.755,0.449,0.502,0.502,0.396,0.5925,0.643,0.643,0.542
2022-03-07,-0.6835,,-0.644,-0.723,-0.785,-0.775,-0.775,-0.795,-0.807,-0.767,-0.847,-0.7875,-0.775,-0.8,0.4345,0.487,0.487,0.382,0.611,0.661,0.661,0.561
2022-03-08,-0.72,,-0.71,-0.73,-0.772,-0.741,-0.741,-0.803,-0.804,-0.764,-0.844,-0.815,-0.805,-0.825,0.507,0.554,0.554,0.46,0.587,0.638,0.638,0.536
2022-03-09,-0.695,,-0.685,-0.705,-0.77,-0.76,-0.76,-0.78,-0.811,-0.771,-0.851,-0.81,-0.745,-0.875,0.4705,0.52,0.52,0.421,0.4185,0.468,0.468,0.369
2022-03-10,-0.7,,-0.69,-0.71,-0.765,-0.734,-0.734,-0.796,-0.813,-0.773,-0.853,-0.795,-0.77,-0.82,0.475,0.526,0.526,0.424,0.59,0.64,0.64,0.54
2022-03-11,-0.6645,,-0.625,-0.704,-0.751,-0.72,-0.72,-0.782,-0.816,-0.776,-0.856,-0.7825,-0.77,-0.795,0.3425,0.396,0.396,0.289,0.5845,0.635,0.635,0.534
2022-03-14,-0.6835,,-0.644,-0.723,-0.742,-0.711,-0.711,-0.773,-0.829,-0.789,-0.869,-0.71,-0.7,-0.72,0.33,0.382,0.382,0.278,0.598,0.648,0.648,0.548
2022-03-15,-0.66,,-0.65,-0.67,-0.735,-0.704,-0.704,-0.766,-0.812,-0.772,-0.852,-0.71,-0.7,-0.72,0.4125,0.46,0.46,0.365,0.5625,0.613,0.613,0.512
2022-03-16,-0.6735,,-0.634,-0.713,-0.735,-0.704,-0.704,-0.766,-0.809,-0.769,-0.849,-0.71,-0.7,-0.72,0.4705,0.52,0.52,0.421,0.5505,0.6,0.6,0.501
2022-03-17,-0.62,,-0.61,-0.63,-0.736,-0.705,-0.705,-0.767,-0.77,-0.73,-0.81,-0.7,-0.69,-0.71,0.46,0.511,0.511,0.409,0.544,0.594,0.594,0.494
2022-03-18,-0.54,,-0.53,-0.55,-0.742,-0.711,-0.711,-0.773,-0.766,-0.726,-0.806,-0.7,-0.69,-0.71,0.3575,0.411,0.411,0.304,0.4495,0.5,0.5,0.399
2022-03-21,-0.555,,-0.545,-0.565,-0.7125,-0.673,-0.673,-0.752,-0.822,-0.782,-0.862,-0.685,-0.675,-0.695,0.417,0.469,0.469,0.365,0.446,0.496,0.496,0.396
2022-03-22,-0.694,,-0.684,-0.704,-0.7105,-0.671,-0.671,-0.75,-0.83,-0.79,-0.87,-0.68,-0.67,-0.69,0.404,0.456,0.456,0.352,0.648,0.699,0.699,0.597
2022-03-23,-0.72,,-0.67,-0.77,-0.7085,-0.669,-0.669,-0.748,-0.828,-0.788,-0.868,-0.69,-0.68,-0.7,0.453,0.5,0.5,0.406,0.5915,0.641,0.641,0.542
2022-03-24,-0.72,,-0.67,-0.77,-0.7125,-0.673,-0.673,-0.752,-0.819,-0.779,-0.859,-0.695,-0.685,-0.705,0.372,0.421,0.421,0.323,0.59,0.64,0.64,0.54
2022-03-25,-0.72,,-0.67,-0.77,-0.7105,-0.671,-0.671,-0.75,-0.785,-0.72,-0.85,-0.695,-0.685,-0.705,0.343,0.394,0.394,0.292,0.5585,0.609,0.609,0.508
2022-03-28,-0.728,,-0.678,-0.778,-0.6825,-0.643,-0.643,-0.722,-0.7,-0.65,-0.75,-0.646,-0.611,-0.681,0.365,0.415,0.415,0.315,0.563,0.613,0.613,0.513
2022-03-29,-0.737,,-0.687,-0.787,-0.6655,-0.626,-0.626,-0.705,-0.726,-0.671,-0.781,-0.638,-0.603,-0.673,0.426,0.473,0.473,0.379,0.579,0.63,0.63,0.528
2022-03-30,-0.694,,-0.684,-0.704,-0.6575,-0.618,-0.618,-0.697,-0.722,-0.667,-0.777,-0.647,-0.612,-0.682,0.4705,0.52,0.52,0.421,0.5875,0.637,0.637,0.538
2022-03-31,-0.694,,-0.684,-0.704,-0.6565,-0.617,-0.617,-0.696,-0.701,-0.646,-0.756,-0.673,-0.623,-0.723,0.431,0.482,0.482,0.38,0.586,0.636,0.636,0.536
2022-04-01,-0.731,,-0.681,-0.781,-0.6505,-0.611,-0.611,-0.69,-0.707,-0.652,-0.762,-0.674,-0.664,-0.684,0.403,0.456,0.456,0.35,0.5675,0.618,0.618,0.517
2022-04-04,-0.696,,-0.646,-0.746,-0.6455,-0.606,-0.606,-0.685,-0.725,-0.715,-0.735,-0.665,-0.615,-0.715,0.4345,0.487,0.487,0.382,0.5895,0.64,0.64,0.539
2022-04-05,-0.643,,-0.593,-0.693,-0.666,-0.627,-0.627,-0.705,-0.71,-0.7,-0.72,-0.658,-0.648,-0.668,0.443,0.495,0.495,0.391,0.636,0.687,0.687,0.585
2022-04-06,-0.66,,-0.65,-0.67,-0.7,-0.69,-0.69,-0.71,-0.716,-0.706,-0.726,-0.66,-0.61,-0.71,0.4395,0.487,0.487,0.392,0.6405,0.69,0.69,0.591
2022-04-07,-0.648,,-0.598,-0.698,-0.7035,-0.661,-0.661,-0.746,-0.741,-0.731,-0.751,-0.66,-0.61,-0.71,0.316,0.365,0.365,0.267,0.636,0.686,0.686,0.586
2022-04-08,-0.64,,-0.59,-0.69,-0.6965,-0.654,-0.654,-0.739,-0.694,-0.684,-0.704,-0.655,-0.605,-0.705,0.314,0.365,0.365,0.263,0.6215,0.672,0.672,0.571
2022-04-11,-0.652,,-0.602,-0.702,-0.6795,-0.637,-0.637,-0.722,-0.71,-0.65,-0.77,-0.665,-0.655,-0.675,0.3815,0.431,0.431,0.332,0.633,0.683,0.683,0.583
2022-04-12,-0.643,,-0.593,-0.693,-0.6945,-0.652,-0.652,-0.737,-0.71,-0.65,-0.77,-0.6725,-0.67,-0.675,0.345,0.392,0.392,0.298,0.64,0.691,0.691,0.589
2022-04-13,-0.64,,-0.63,-0.65,-0.6995,-0.657,-0.657,-0.742,-0.7,-0.64,-0.76,-0.67,-0.655,-0.685,0.33,0.379,0.379,0.281,0.6775,0.727,0.727,0.628
2022-04-14,-0.593,,-0.583,-0.603,-0.7135,-0.671,-0.671,-0.756,-0.693,-0.633,-0.753,-0.68,-0.67,-0.69,0.299,0.35,0.35,0.248,0.631,0.681,0.681,0.581
2022-04-19,-0.628,,-0.618,-0.638,-0.7255,-0.683,-0.683,-0.768,-0.695,-0.67,-0.72,-0.685,-0.675,-0.695,0.3715,0.419,0.419,0.324,0.668,0.719,0.719,0.617
2022-04-20,,,,,-0.7235,-0.681,-0.681,-0.766,-0.726,-0.716,-0.736,-0.675,-0.665,-0.685,0.33,0.379,0.379,0.281,0.6615,0.711,0.711,0.612
2022-04-21,-0.6805,,-0.638,-0.723,-0.7135,-0.671,-0.671,-0.756,-0.709,-0.699,-0.719,-0.67,-0.66,-0.68,0.358,0.409,0.409,0.307,0.673,0.723,0.723,0.623
2022-04-22,-0.6875,,-0.645,-0.73,-0.7075,-0.665,-0.665,-0.75,-0.711,-0.701,-0.721,-0.665,-0.655,-0.675,0.403,0.456,0.456,0.35,0.7395,0.79,0.79,0.689
2022-04-25,-0.6865,,-0.644,-0.729,-0.7175,-0.675,-0.675,-0.76,-0.673,-0.628,-0.718,-0.657,-0.647,-0.667,0.6085,0.661,0.661,0.556,0.738,0.788,0.788,0.688
2022-04-26,-0.6765,,-0.634,-0.719,-0.7195,-0.677,-0.677,-0.762,-0.672,-0.627,-0.717,-0.66,-0.65,-0.67,0.7235,0.771,0.771,0.676,0.974,1.025,1.025,0.923
2022-04-27,-0.6745,,-0.632,-0.717,-0.7205,-0.678,-0.678,-0.763,-0.676,-0.631,-0.721,-0.66,-0.645,-0.675,0.723,0.772,0.772,0.674,0.9705,1.02,1.02,0.921
2022-04-28,-0.6785,,-0.636,-0.721,-0.7185,-0.676,-0.676,-0.761,-0.677,-0.667,-0.687,-0.66,-0.645,-0.675,0.723,0.774,0.774,0.672,0.956,1.006,1.006,0.906
2022-04-29,-0.6765,,-0.634,-0.719,-0.7065,-0.664,-0.664,-0.749,-0.671,-0.626,-0.716,-0.662,-0.652,-0.672,0.7225,0.776,0.776,0.669,0.9295,0.98,0.98,0.879
2022-05-02,-0.6865,,-0.644,-0.729,-0.6925,-0.65,-0.65,-0.735,-0.695,-0.685,-0.705,-0.615,-0.58,-0.65,,,,,,,,
2022-05-03,-0.6845,,-0.642,-0.727,-0.615,-0.586,-0.586,-0.644,-0.709,-0.699,-0.719,-0.654,-0.644,-0.664,0.6665,0.712,0.712,0.621,0.976,1.027,1.027,0.925
2022-05-04,-0.6675,,-0.625,-0.71,-0.634,-0.624,-0.624,-0.644,-0.704,-0.694,-0.714,-0.654,-0.644,-0.664,0.695,0.744,0.744,0.646,0.999,1.048,1.048,0.95
2022-05-05,-0.6525,,-0.61,-0.695,-0.64,-0.63,-0.63,-0.65,-0.703,-0.693,-0.713,-0.662,-0.652,-0.672,0.9715,1.023,1.023,0.92,0.985,1.035,1.035,0.935
2022-05-06,-0.6675,,-0.625,-0.71,-0.604,-0.575,-0.575,-0.633,-0.7,-0.69,-0.71,-0.656,-0.646,-0.666,0.9815,1.035,1.035,0.928,0.984,1.035,1.035,0.933
2022-05-09,-0.6355,,-0.593,-0.678,-0.583,-0.554,-0.554,-0.612,-0.709,-0.664,-0.754,-0.62,-0.605,-0.635,0.939,0.991,0.991,0.887,0.96,1.01,1.01,0.91
2022-05-10,-0.6525,,-0.61,-0.695,-0.606,-0.596,-0.596,-0.616,-0.7089,-0.6989,-0.7189,-0.634,-0.624,-0.644,0.849,0.895,0.895,0.803,0.9675,1.018,1.018,0.917
2022-05-11,-0.6405,,-0.598,-0.683,-0.602,-0.592,-0.592,-0.612,-0.687,-0.642,-0.732,-0.6375,-0.63,-0.645,0.836,0.885,0.885,0.787,0.8585,0.908,0.908,0.809
2022-05-12,-0.694,,-0.684,-0.704,-0.602,-0.592,-0.592,-0.612,-0.69,-0.62,-0.76,-0.6325,-0.625,-0.64,0.84,0.891,0.891,0.789,0.86,0.91,0.91,0.81
2022-05-13,-0.673,,-0.663,-0.683,-0.5895,-0.556,-0.556,-0.623,-0.695,-0.625,-0.765,-0.635,-0.62,-0.65,0.8295,0.883,0.883,0.776,0.9375,0.988,0.988,0.887
2022-05-16,-0.699,,-0.649,-0.749,-0.5815,-0.548,-0.548,-0.615,-0.709,-0.699,-0.719,-0.608,-0.598,-0.618,0.835,0.887,0.887,0.783,0.9385,0.989,0.989,0.888
2022-05-17,-0.704,,-0.654,-0.754,-0.595,-0.585,-0.585,-0.605,-0.707,-0.697,-0.717,-0.58,-0.57,-0.59,0.8995,0.947,0.947,0.852,0.9085,0.959,0.959,0.858
2022-05-18,-0.692,,-0.642,-0.742,-0.603,-0.593,-0.593,-0.613,-0.712,-0.702,-0.722,-0.594,-0.584,-0.604,0.906,0.955,0.955,0.857,0.8875,0.937,0.937,0.838
2022-05-19,-0.696,,-0.646,-0.746,-0.5905,-0.557,-0.557,-0.624,-0.706,-0.696,-0.716,-0.6025,-0.59,-0.615,0.8985,0.95,0.95,0.847,0.8895,0.939,0.939,0.84
2022-05-20,-0.695,,-0.645,-0.745,-0.6095,-0.6,-0.6,-0.619,-0.705,-0.695,-0.715,-0.615,-0.605,-0.625,0.89,0.943,0.943,0.837,0.845,0.896,0.896,0.794
2022-05-23,-0.707,,-0.657,-0.757,-0.626,-0.616,-0.616,-0.636,-0.74,-0.695,-0.785,-0.598,-0.588,-0.608,0.904,0.956,0.956,0.852,0.9295,0.98,0.98,0.879
2022-05-24,-0.706,,-0.656,-0.756,-0.633,-0.623,-0.623,-0.643,-0.746,-0.701,-0.791,-0.595,-0.585,-0.605,0.9535,1.001,1.001,0.906,0.929,0.98,0.98,0.878
2022-05-25,-0.727,,-0.677,-0.777,-0.656,-0.646,-0.646,-0.666,-0.73,-0.685,-0.775,-0.62,-0.61,-0.63,0.948,0.997,0.997,0.899,0.9205,0.97,0.97,0.871
2022-05-26,-0.712,,-0.662,-0.762,-0.662,-0.652,-0.652,-0.672,-0.737,-0.692,-0.782,-0.622,-0.612,-0.632,0.942,0.993,0.993,0.891,0.881,0.931,0.931,0.831
2022-05-27,-0.712,,-0.662,-0.762,-0.664,-0.654,-0.654,-0.674,-0.743,-0.698,-0.788,-0.624,-0.614,-0.634,0.951,1.004,1.004,0.898,0.8995,0.95,0.95,0.849
2022-05-30,-0.72,,-0.67,-0.77,-0.6235,-0.59,-0.59,-0.657,-0.728,-0.718,-0.738,-0.619,-0.519,-0.719,0.9565,1.009,1.009,0.904,0.8905,0.941,0.941,0.84
2022-05-31,-0.702,,-0.652,-0.752,-0.515,-0.505,-0.505,-0.525,-0.725,-0.715,-0.735,-0.609,-0.599,-0.619,0.9805,1.028,1.028,0.933,0.8865,0.937,0.937,0.836
2022-06-01,-0.682,,-0.632,-0.732,-0.511,-0.501,-0.501,-0.521,-0.724,-0.714,-0.734,-0.6025,-0.595,-0.61,0.906,0.955,0.955,0.857,0.8595,0.91,0.91,0.809
2022-06-02,-0.697,,-0.677,-0.717,-0.514,-0.499,-0.499,-0.529,-0.725,-0.715,-0.735,-0.6025,-0.59,-0.615,,,,,,,,
2022-06-03,-0.684,,-0.664,-0.704,-0.509,-0.499,-0.499,-0.519,-0.727,-0.717,-0.737,-0.601,-0.591,-0.611,,,,,,,,
2022-06-06,-0.681,,-0.631,-0.731,-0.498,-0.488,-0.488,-0.508,-0.684,-0.604,-0.764,-0.53,-0.52,-0.54,0.904,0.956,0.956,0.852,0.936,0.986,0.986,0.886
2022-06-07,-0.692,,-0.642,-0.742,-0.503,-0.493,-0.493,-0.513,-0.6825,-0.6725,-0.6925,-0.54,-0.53,-0.55,0.8995,0.947,0.947,0.852,1.076,1.127,1.127,1.025
2022-06-08,-0.705,,-0.685,-0.725,-0.501,-0.486,-0.486,-0.516,-0.698,-0.618,-0.778,-0.5575,-0.55,-0.565,0.864,0.913,0.913,0.815,1.0735,1.123,1.123,1.024
2022-06-09,-0.68,,-0.63,-0.73,-0.516,-0.501,-0.501,-0.531,-0.696,-0.616,-0.776,-0.555,-0.545,-0.565,0.8545,0.906,0.906,0.803,1.077,1.127,1.127,1.027
2022-06-10,-0.66,,-0.65,-0.67,-0.51,-0.5,-0.5,-0.52,-0.69,-0.68,-0.7,-0.555,-0.545,-0.565,0.875,0.928,0.928,0.822,1.0515,1.102,1.102,1.001
2022-06-13,-0.694,,-0.674,-0.714,-0.51,-0.495,-0.495,-0.525,-0.71,-0.7,-0.72,-0.551,-0.541,-0.561,0.887,0.939,0.939,0.835,1.078,1.128,1.128,1.028
2022-06-14,-0.66,,-0.64,-0.68,-0.473,-0.458,-0.458,-0.488,-0.72,-0.71,-0.73,-0.518,-0.508,-0.528,0.886,0.933,0.933,0.839,1.178,1.229,1.229,1.127
2022-06-15,-0.648,,-0.628,-0.668,-0.474,-0.459,-0.459,-0.489,-0.726,-0.716,-0.736,-0.535,-0.52,-0.55,0.878,0.927,0.927,0.829,1.1805,1.23,1.23,1.131
2022-06-16,-0.66,,-0.65,-0.67,-0.477,-0.462,-0.462,-0.492,-0.715,-0.705,-0.725,-0.57,-0.5,-0.64,0.8985,0.95,0.95,0.847,1.211,1.261,1.261,1.161
2022-06-17,-0.605,,-0.595,-0.615,-0.485,-0.475,-0.475,-0.495,-0.715,-0.705,-0.725,-0.55,-0.54,-0.56,0.89,0.943,0.943,0.837,1.2115,1.262,1.262,1.161
2022-06-20,-0.732,,-0.712,-0.752,-0.561,-0.546,-0.546,-0.576,-0.75,-0.74,-0.76,-0.456,-0.356,-0.556,0.904,0.956,0.956,0.852,1.183,1.233,1.233,1.133
2022-06-21,-0.74,,-0.72,-0.76,-0.543,-0.528,-0.528,-0.558,-0.772,-0.762,-0.782,-0.4725,-0.465,-0.48,0.9675,1.015,1.015,0.92,1.206,1.257,1.257,1.155
2022-06-22,-0.803,,-0.755,-0.851,-0.533,-0.485,-0.485,-0.581,-0.775,-0.765,-0.785,-0.48,-0.47,-0.49,0.9765,1.026,1.026,0.927,1.1725,1.222,1.222,1.123
2022-06-23,-0.782,,-0.762,-0.802,-0.531,-0.516,-0.516,-0.546,-0.851,-0.841,-0.861,-0.493,-0.483,-0.503,0.9715,1.023,1.023,0.92,1.148,1.198,1.198,1.098
2022-06-24,-0.777,,-0.729,-0.825,-0.532,-0.484,-0.484,-0.58,-0.8,-0.79,-0.81,-0.5,-0.49,-0.51,0.9665,1.02,1.02,0.913,1.1275,1.178,1.178,1.077
2022-06-27,-0.788,,-0.768,-0.808,-0.509,-0.494,-0.494,-0.524,-0.635,-0.625,-0.645,-0.4925,-0.48,-0.505,0.974,1.026,1.026,0.922,1.1525,1.203,1.203,1.102
2022-06-28,-0.765,,-0.745,-0.785,-0.496,-0.486,-0.486,-0.506,-0.61,-0.6,-0.62,-0.48,-0.47,-0.49,0.9675,1.015,1.015,0.92,1.186,1.237,1.237,1.135
2022-06-29,-0.758,,-0.738,-0.778,-0.504,-0.489,-0.489,-0.519,-0.6,-0.59,-0.61,-0.479,-0.469,-0.489,0.934,0.983,0.983,0.885,1.1765,1.226,1.226,1.127
2022-06-30,-0.765,,-0.745,-0.785,-0.498,-0.483,-0.483,-0.513,-0.594,-0.584,-0.604,-0.48,-0.465,-0.495,0.913,0.964,0.964,0.862,1.144,1.194,1.194,1.094
2022-07-01,-0.744,,-0.724,-0.764,-0.486,-0.471,-0.471,-0.501,-0.612,-0.602,-0.622,-0.478,-0.468,-0.488,0.8295,0.883,0.883,0.776,1.1145,1.165,1.165,1.064
2022-07-04,-0.745,,-0.725,-0.765,-0.49,-0.475,-0.475,-0.505,-0.617,-0.577,-0.657,-0.3575,-0.355,-0.36,0.9565,1.009,1.009,0.904,1.157,1.207,1.207,1.107
2022-07-05,-0.678,,-0.658,-0.698,-0.499,-0.484,-0.484,-0.514,-0.624,-0.584,-0.664,-0.3725,-0.36,-0.385,0.9805,1.028,1.028,0.933,1.288,1.339,1.339,1.237
2022-07-06,-0.705,,-0.685,-0.725,-0.342,-0.317,-0.317,-0.367,-0.621,-0.581,-0.661,-0.3625,-0.36,-0.365,0.948,0.997,0.997,0.899,1.2715,1.321,1.321,1.222
2022-07-07,-0.7,,-0.652,-0.748,-0.329,-0.304,-0.304,-0.354,-0.6,-0.56,-0.64,-0.363,-0.353,-0.373,0.957,1.008,1.008,0.906,1.2815,1.332,1.332,1.231
2022-07-08,-0.697,,-0.677,-0.717,-0.309,-0.284,-0.284,-0.334,-0.577,-0.537,-0.617,-0.3625,-0.35,-0.375,0.9815,1.035,1.035,0.928,1.2495,1.3,1.3,1.199
2022-07-11,-0.694,,-0.674,-0.714,-0.305,-0.28,-0.28,-0.33,-0.611,-0.601,-0.621,-0.35,-0.335,-0.365,0.991,1.043,1.043,0.939,1.336,1.386,1.386,1.286
2022-07-12,-0.72,,-0.7,-0.74,-0.31,-0.285,-0.285,-0.335,-0.575,-0.565,-0.585,-0.345,-0.325,-0.365,0.9675,1.015,1.015,0.92,1.424,1.473,1.473,1.375
2022-07-13,-0.684,,-0.636,-0.732,-0.275,-0.25,-0.25,-0.3,-0.589,-0.579,-0.599,-0.3475,-0.335,-0.36,0.92,0.969,0.969,0.871,1.4325,1.482,1.482,1.383
2022-07-14,-0.538,,-0.528,-0.548,-0.222,-0.197,-0.197,-0.247,-0.53,-0.52,-0.54,-0.3,-0.225,-0.375,0.928,0.979,0.979,0.877,1.503,1.553,1.553,1.453
2022-07-15,-0.5515,,-0.505,-0.598,-0.2405,-0.196,-0.196,-0.285,-0.552,-0.512,-0.592,-0.316,-0.289,-0.343,0.9055,0.959,0.959,0.852,1.482,1.533,1.533,1.431
2022-07-18,-0.5565,,-0.51,-0.603,-0.255,-0.23,-0.23,-0.28,-0.545,-0.515,-0.575,-0.269,-0.25,-0.288,0.939,0.991,0.991,0.887,1.6115,1.662,1.662,1.561
2022-07-19,-0.5365,,-0.49,-0.583,-0.186,-0.161,-0.161,-0.211,-0.54,-0.51,-0.57,-0.214,-0.195,-0.233,1.1295,1.177,1.177,1.082,1.727,1.776,1.776,1.678
2022-07-20,-0.5475,,-0.501,-0.594,-0.194,-0.169,-0.169,-0.219,-0.491,-0.461,-0.521,-0.201,-0.182,-0.22,1.0465,1.096,1.096,0.997,1.7255,1.775,1.775,1.676
2022-07-21,-0.3925,,-0.346,-0.439,-0.065,-0.025,-0.025,-0.105,-0.318,-0.288,-0.348,-0.049,-0.03,-0.068,1.059,1.11,1.11,1.008,1.733,1.783,1.783,1.683
2022-07-22,-0.391,,-0.371,-0.411,-0.085,-0.045,-0.045,-0.125,-0.273,-0.243,-0.303,-0.089,-0.07,-0.108,1.1035,1.157,1.157,1.05,1.761,1.812,1.812,1.71
2022-07-25,-0.36,,-0.34,-0.38,-0.081,-0.041,-0.041,-0.121,-0.257,-0.227,-0.287,-0.048,-0.029,-0.067,1.1305,1.183,1.183,1.078,1.7605,1.811,1.811,1.71
2022-07-26,-0.344,,-0.334,-0.354,-0.078,-0.038,-0.038,-0.118,-0.27,-0.24,-0.3,-0.035,-0.016,-0.054,1.1705,1.218,1.218,1.123,1.813,1.862,1.862,1.764
2022-07-27,-0.351,,-0.341,-0.361,-0.0615,-0.017,-0.017,-0.106,-0.267,-0.237,-0.297,-0.025,-0.015,-0.035,1.117,1.166,1.166,1.068,1.8,1.85,1.85,1.75
2022-07-28,-0.334,,-0.324,-0.344,-0.067,-0.027,-0.027,-0.107,-0.252,-0.222,-0.282,-0.016,0.003,-0.035,1.103,1.154,1.154,1.052,1.758,1.808,1.808,1.708
2022-07-29,-0.349,,-0.339,-0.359,-0.06,-0.02,-0.02,-0.1,-0.273,-0.243,-0.303,-0.022,-0.003,-0.041,1.149,1.202,1.202,1.096,1.727,1.778,1.778,1.676
2022-08-01,-0.3565,,-0.31,-0.403,-0.065,-0.025,-0.025,-0.105,-0.272,-0.242,-0.302,0.0275,0.04,0.015,1.1305,1.183,1.183,1.078,1.7345,1.785,1.785,1.684
2022-08-02,-0.33,,-0.32,-0.34,-0.062,-0.022,-0.022,-0.102,-0.281,-0.251,-0.311,0.0,0.01,-0.01,1.161,1.213,1.213,1.109,1.817,1.866,1.866,1.768
2022-08-03,-0.347,,-0.337,-0.357,-0.058,-0.018,-0.018,-0.098,-0.284,-0.254,-0.314,0.002,0.012,-0.008,1.184,1.231,1.231,1.137,1.767,1.817,1.817,1.717
2022-08-04,-0.36,,-0.31,-0.41,0.081,0.121,0.121,0.041,-0.276,-0.246,-0.306,-0.002,0.008,-0.012,1.173,1.222,1.222,1.124,1.745,1.795,1.795,1.695
2022-08-05,-0.36,,-0.31,-0.41,0.068,0.108,0.108,0.028,-0.292,-0.262,-0.322,0.0,0.01,-0.01,1.352,1.403,1.403,1.301,1.761,1.812,1.812,1.71
2022-08-08,-0.31,,-0.3,-0.32,0.065,0.075,0.075,0.055,-0.276,-0.251,-0.301,-0.025,0.016,-0.066,1.345,1.395,1.395,1.295,1.7735,1.824,1.824,1.723
2022-08-09,-0.36,,-0.31,-0.41,0.047,0.087,0.087,0.007,-0.263,-0.238,-0.288,-0.008,0.033,-0.049,1.3735,1.421,1.421,1.326,1.78,1.829,1.829,1.731
2022-08-10,-0.204,,-0.156,-0.252,0.037,0.077,0.077,-0.003,-0.282,-0.257,-0.307,-0.006,0.035,-0.047,1.4265,1.476,1.476,1.377,1.767,1.817,1.817,1.717
2022-08-11,-0.217,,-0.169,-0.265,0.022,0.062,0.062,-0.018,-0.328,-0.303,-0.353,-0.005,0.005,-0.015,1.425,1.476,1.476,1.374,1.7745,1.825,1.825,1.724
2022-08-12,-0.215,,-0.205,-0.225,0.045,0.085,0.085,0.005,-0.333,-0.308,-0.358,-0.006,0.035,-0.047,1.3625,1.416,1.416,1.309,1.875,1.926,1.926,1.824
2022-08-15,-0.204,,-0.156,-0.252,0.064,0.104,0.104,0.024,-0.216,-0.186,-0.246,0.05,0.06,0.04,1.3915,1.444,1.444,1.339,1.8215,1.872,1.872,1.771
2022-08-16,-0.221,,-0.173,-0.269,0.071,0.111,0.111,0.031,-0.217,-0.187,-0.247,0.015,0.03,0.0,1.4005,1.448,1.448,1.353,1.8375,1.887,1.887,1.788
2022-08-17,-0.213,,-0.203,-0.223,0.128,0.168,0.168,0.088,-0.202,-0.172,-0.232,0.0225,0.035,0.01,1.398,1.447,1.447,1.349,1.887,1.937,1.937,1.837
2022-08-18,-0.225,,-0.18,-0.27,0.086,0.132,0.132,0.04,-0.186,-0.156,-0.216,0.005,0.015,-0.005,1.3955,1.447,1.447,1.344,1.8915,1.942,1.942,1.841
2022-08-19,-0.236,,-0.188,-0.284,0.085,0.13,0.13,0.04,-0.205,-0.175,-0.235,0.0125,0.025,0.0,1.5455,1.599,1.599,1.492,1.977,2.028,2.028,1.926
2022-08-22,-0.226,,-0.178,-0.274,0.058,0.086,0.086,0.03,-0.146,-0.119,-0.173,0.0025,0.015,-0.01,1.531,1.583,1.583,1.479,1.9795,2.03,2.03,1.929
2022-08-23,-0.235,,-0.187,-0.283,-0.062,-0.016,-0.016,-0.108,-0.188,-0.161,-0.215,-0.05,-0.04,-0.06,1.6445,1.692,1.692,1.597,2.054,2.103,2.103,2.005
2022-08-24,-0.293,,-0.245,-0.341,-0.0985,-0.057,-0.057,-0.14,-0.215,-0.188,-0.242,-0.15,-0.14,-0.16,1.6515,1.701,1.701,1.602,2.065,2.115,2.115,2.015
2022-08-25,-0.285,,-0.237,-0.333,-0.127,-0.084,-0.084,-0.17,-0.237,-0.21,-0.264,-0.2675,-0.255,-0.28,1.6445,1.696,1.696,1.593,2.0215,2.072,2.072,1.971
2022-08-26,-0.266,,-0.218,-0.314,-0.0925,-0.065,-0.065,-0.12,-0.245,-0.218,-0.272,-0.2,-0.185,-0.215,1.652,1.705,1.705,1.599,2.0235,2.074,2.074,1.973
2022-08-29,-0.237,,-0.189,-0.285,-0.072,-0.019,-0.019,-0.125,-0.206,-0.176,-0.236,-0.0025,0.02,-0.025,,,,,,,,
2022-08-30,-0.159,,-0.111,-0.207,0.031,0.084,0.084,-0.022,-0.212,-0.182,-0.242,-0.029,-0.019,-0.039,1.6445,1.692,1.692,1.597,2.001,2.05,2.05,1.952
2022-08-31,-0.111,,-0.063,-0.159,0.025,0.078,0.078,-0.028,-0.202,-0.172,-0.232,0.0375,0.05,0.025,1.6935,1.743,1.743,1.644,2.318,2.368,2.368,2.268
2022-09-01,-0.067,,-0.019,-0.115,0.05,0.103,0.103,-0.003,-0.12,-0.09,-0.15,0.055,0.065,0.045,1.703,1.754,1.754,1.652,2.3235,2.374,2.374,2.273
2022-09-02,-0.036,,0.012,-0.084,0.042,0.105,0.105,-0.021,-0.087,-0.057,-0.117,0.032,0.042,0.022,1.728,1.781,1.781,1.675,2.371,2.422,2.422,2.32
2022-09-05,-0.004,,0.054,-0.062,0.113,0.171,0.171,0.055,-0.04,-0.021,-0.059,-0.0525,-0.024,-0.081,1.7225,1.775,1.775,1.67,2.3745,2.425,2.425,2.324
2022-09-06,0.008,,0.066,-0.05,0.1815,0.22,0.22,0.143,-0.036,-0.017,-0.055,-0.0185,0.01,-0.047,1.8615,1.909,1.909,1.814,2.3825,2.432,2.432,2.333
2022-09-07,0.007,,0.065,-0.051,0.2265,0.283,0.283,0.17,0.045,0.103,-0.013,0.0825,0.147,0.018,1.8205,1.87,1.87,1.771,2.3675,2.417,2.417,2.318
2022-09-08,0.082,,0.14,0.024,0.4305,0.487,0.487,0.374,0.178,0.236,0.12,0.2825,0.347,0.218,1.8345,1.886,1.886,1.783,2.3735,2.424,2.424,2.323
2022-09-09,0.157,,0.215,0.099,0.4915,0.548,0.548,0.435,0.214,0.272,0.156,0.3375,0.402,0.273,1.8655,1.919,1.919,1.812,2.358,2.409,2.409,2.307
2022-09-12,0.228,,0.286,0.17,0.5925,0.649,0.649,0.536,0.307,0.371,0.243,0.64,0.65,0.63,1.8615,1.914,1.914,1.809,2.3615,2.412,2.412,2.311
2022-09-13,0.202,,0.26,0.144,0.6185,0.675,0.675,0.562,0.309,0.373,0.245,0.615,0.63,0.6,1.9295,1.977,1.977,1.882,2.53,2.579,2.579,2.481
2022-09-14,0.144,,0.154,0.134,0.5255,0.582,0.582,0.469,0.269,0.333,0.205,0.523,0.533,0.513,1.9045,1.954,1.954,1.855,2.4965,2.546,2.546,2.447
2022-09-15,0.112,0.17,0.17,0.054,0.4975,0.554,0.554,0.441,0.286,0.35,0.222,0.5325,0.545,0.52,1.893,1.944,1.944,1.842,2.4825,2.533,2.533,2.432
2022-09-16,0.0665,,0.13,0.003,0.5235,0.58,0.58,0.467,0.282,0.346,0.218,0.6925,0.71,0.675,2.0025,2.056,2.056,1.949,2.532,2.583,2.583,2.481
2022-09-19,0.1005,,0.164,0.037,0.6285,0.685,0.685,0.572,0.28,0.29,0.27,0.69,0.7,0.68,,,,,,,,
2022-09-20,0.1635,,0.227,0.1,0.6685,0.725,0.725,0.612,0.286,0.296,0.276,0.7375,0.75,0.725,2.019,2.065,2.065,1.973,2.539,2.588,2.588,2.49
2022-09-21,0.1755,,0.239,0.112,0.6835,0.74,0.74,0.627,0.295,0.305,0.285,0.705,0.715,0.695,1.933,1.982,1.982,1.884,2.459,2.509,2.509,2.409
2022-09-22,0.1885,,0.252,0.125,0.7355,0.792,0.792,0.679,0.29,0.3,0.28,0.7325,0.735,0.73,2.0105,2.062,2.062,1.959,2.4655,2.516,2.516,2.415
2022-09-23,0.2125,,0.276,0.149,0.7425,0.799,0.799,0.686,0.31,0.32,0.3,0.7,0.71,0.69,2.0025,2.056,2.056,1.949,2.486,2.537,2.537,2.435
2022-09-26,0.2225,,0.286,0.159,0.7865,0.843,0.843,0.73,0.3225,0.392,0.253,0.736,0.746,0.726,2.524,2.576,2.576,2.472,2.9775,3.028,3.028,2.927
2022-09-27,0.2145,,0.278,0.151,0.7705,0.827,0.827,0.714,0.2945,0.364,0.225,0.705,0.715,0.695,2.0645,2.112,2.112,2.017,2.823,2.873,2.873,2.773
2022-09-28,0.2345,,0.298,0.171,0.7595,0.816,0.816,0.703,0.2915,0.361,0.222,0.715,0.725,0.705,2.0315,2.081,2.081,1.982,3.09,3.141,3.141,3.039
2022-09-29,0.2525,,0.316,0.189,0.7925,0.849,0.849,0.736,0.3055,0.375,0.236,0.725,0.735,0.715,2.1275,2.179,2.179,2.076,3.0895,3.139,3.139,3.04
2022-09-30,0.2565,,0.32,0.193,0.7855,0.842,0.842,0.729,0.3335,0.403,0.264,0.716,0.726,0.706,1.9265,1.98,1.98,1.873,2.899,2.949,2.949,2.849
2022-10-03,0.2735,,0.337,0.21,0.7235,0.78,0.78,0.667,0.37,0.38,0.36,0.752,0.762,0.742,1.9315,1.984,1.984,1.879,2.8995,2.949,2.949,2.85
2022-10-04,0.2935,,0.357,0.23,0.7285,0.785,0.785,0.672,0.365,0.375,0.355,0.733,0.743,0.723,2.0915,2.139,2.139,2.044,2.854,2.905,2.905,2.803
2022-10-05,0.3015,,0.365,0.238,0.7315,0.788,0.788,0.675,0.374,0.384,0.364,0.74,0.75,0.73,2.0315,2.081,2.081,1.982,2.8175,2.867,2.867,2.768
2022-10-06,0.3965,,0.46,0.333,0.743,0.753,0.753,0.733,0.408,0.418,0.398,0.743,0.753,0.733,1.82,1.871,1.871,1.769,2.8915,2.942,2.942,2.841
2022-10-07,0.603,,0.666,0.54,0.7725,0.829,0.829,0.716,0.41,0.42,0.4,0.765,0.775,0.755,2.0635,2.117,2.117,2.01,2.8455,2.93,2.93,2.761
2022-10-10,0.6,,0.61,0.59,0.745,0.755,0.755,0.735,0.5915,0.655,0.528,0.795,0.825,0.765,2.1055,2.158,2.158,2.053,2.9675,3.055,3.055,2.88
2022-10-11,0.588,,0.651,0.525,0.7735,0.83,0.83,0.717,0.5965,0.66,0.533,0.777,0.787,0.767,2.1865,2.234,2.234,2.139,3.003,3.052,3.052,2.954
2022-10-12,0.625,,0.688,0.562,0.7945,0.851,0.851,0.738,0.575,0.585,0.565,0.792,0.802,0.782,2.2005,2.25,2.25,2.151,3.057,3.107,3.107,3.007
2022-10-13,0.64,,0.703,0.577,0.8435,0.9,0.9,0.787,0.6295,0.693,0.566,0.833,0.843,0.823,2.142,2.193,2.193,2.091,2.9575,3.008,3.008,2.907
2022-10-14,0.647,,0.71,0.584,0.8515,0.908,0.908,0.795,0.6445,0.708,0.581,0.82,0.83,0.81,2.155,2.208,2.208,2.102,2.864,2.915,2.915,2.813
2022-10-17,0.655,,0.718,0.592,0.8245,0.881,0.881,0.768,0.68,0.69,0.67,0.835,0.845,0.825,2.0535,2.106,2.106,2.001,2.8145,2.865,2.865,2.764
2022-10-18,0.658,,0.721,0.595,0.8135,0.87,0.87,0.757,0.699,0.709,0.689,0.852,0.862,0.842,2.2815,2.329,2.329,2.234,2.9575,3.007,3.007,2.908
2022-10-19,0.5935,,0.662,0.525,0.813,0.853,0.853,0.773,0.62,0.63,0.61,0.74,0.75,0.73,2.2425,2.292,2.292,2.193,2.937,2.987,2.987,2.887
2022-10-20,0.587,,0.65,0.524,0.811,0.859,0.859,0.763,0.6,0.61,0.59,0.8,0.81,0.79,2.2005,2.252,2.252,2.149,2.9235,2.974,2.974,2.873
2022-10-21,0.619,,0.682,0.556,0.826,0.866,0.866,0.786,0.621,0.631,0.611,0.815,0.825,0.805,2.2465,2.3,2.3,2.193,2.851,2.902,2.902,2.8
2022-10-24,0.544,,0.607,0.481,0.837,0.847,0.847,0.827,0.4875,0.552,0.423,1.03,1.045,1.015,2.2105,2.263,2.263,2.158,2.8405,2.891,2.891,2.79
2022-10-25,0.571,,0.634,0.508,0.828,0.868,0.868,0.788,0.5215,0.586,0.457,1.0,1.01,0.99,2.2955,2.343,2.343,2.248,2.8385,2.888,2.888,2.789
2022-10-26,0.592,,0.655,0.529,0.836,0.876,0.876,0.796,0.4875,0.552,0.423,1.0,1.015,0.985,2.271,2.32,2.32,2.222,2.775,2.825,2.825,2.725
2022-10-27,0.659,,0.722,0.596,0.863,0.903,0.903,0.823,0.5342,0.5442,0.5242,1.03,1.05,1.01,2.4205,2.472,2.472,2.369,2.8015,2.852,2.852,2.751
2022-10-28,0.688,,0.751,0.625,0.932,0.972,0.972,0.892,0.5651,0.5751,0.5551,1.025,1.035,1.015,2.3995,2.453,2.453,2.346,2.775,2.826,2.826,2.724
2022-10-31,0.703,,0.766,0.64,0.965,0.975,0.975,0.955,0.741,0.751,0.731,1.167,1.177,1.157,2.402,2.454,2.454,2.35,2.647,2.698,2.698,2.596
2022-11-01,0.746,,0.809,0.683,1.061,1.101,1.101,1.021,0.763,0.773,0.753,1.197,1.27,1.124,2.4855,2.533,2.533,2.438,2.678,2.727,2.727,2.629
2022-11-02,0.718,,0.781,0.655,0.988,0.998,0.998,0.978,0.786,0.796,0.776,1.171,1.181,1.161,2.3975,2.447,2.447,2.348,2.7205,2.77,2.77,2.671
2022-11-03,0.81,,0.82,0.8,1.08,1.12,1.12,1.04,0.83,0.84,0.82,1.204,1.277,1.131,2.303,2.354,2.354,2.252,2.7855,2.836,2.836,2.735
2022-11-04,0.78,,0.79,0.77,1.081,1.121,1.121,1.041,0.8,0.81,0.79,1.17,1.243,1.097,2.628,2.681,2.681,2.575,2.792,2.843,2.843,2.741
2022-11-07,0.926,,0.936,0.916,1.0245,1.081,1.081,0.968,0.824,0.834,0.814,1.325,1.33,1.32,2.576,2.628,2.628,2.524,2.7705,2.821,2.821,2.72
2022-11-08,0.997,,1.007,0.987,1.395,1.41,1.41,1.38,0.9,0.91,0.89,1.288,1.298,1.278,2.5255,2.573,2.573,2.478,2.756,2.805,2.805,2.707
2022-11-09,0.8,,0.81,0.79,1.403,1.413,1.413,1.393,0.928,0.938,0.918,1.246,1.256,1.236,2.5665,2.616,2.616,2.517,2.791,2.841,2.841,2.741
2022-11-10,0.8355,,0.918,0.753,1.38,1.44,1.44,1.32,1.021,1.031,1.011,1.2175,1.235,1.2,2.596,2.647,2.647,2.545,2.8985,2.949,2.949,2.848
2022-11-11,1.1185,,1.201,1.036,1.4115,1.458,1.458,1.365,1.0,1.01,0.99,1.222,1.232,1.212,2.5825,2.636,2.636,2.529,2.949,3.0,3.0,2.898
2022-11-14,1.0955,,1.178,1.013,1.4025,1.449,1.449,1.356,1.094,1.104,1.084,1.25,1.27,1.23,2.611,2.663,2.663,2.559,2.8625,2.913,2.913,2.812
2022-11-15,1.2155,,1.298,1.133,1.4415,1.468,1.468,1.415,1.134,1.144,1.124,1.244,1.254,1.234,2.7835,2.831,2.831,2.736,2.8915,2.941,2.941,2.842
2022-11-16,1.1105,,1.193,1.028,1.4215,1.47,1.47,1.373,1.05,1.06,1.04,1.242,1.252,1.232,2.6795,2.729,2.729,2.63,2.92,2.97,2.97,2.87
2022-11-17,1.149,,1.234,1.064,1.4435,1.49,1.49,1.397,1.19,1.2,1.18,1.2475,1.265,1.23,2.6695,2.721,2.721,2.618,3.0965,3.147,3.147,3.046
2022-11-18,1.135,,1.22,1.05,1.4415,1.488,1.488,1.395,1.048,1.058,1.038,1.249,1.259,1.239,2.689,2.742,2.742,2.636,2.945,2.996,2.996,2.894
2022-11-21,0.963,,1.05,0.876,1.3655,1.412,1.412,1.319,0.93,0.94,0.92,1.363,1.373,1.353,2.698,2.75,2.75,2.646,3.0345,3.085,3.085,2.984
2022-11-22,0.9195,,0.997,0.842,1.3645,1.403,1.403,1.326,0.93,0.94,0.92,1.381,1.481,1.281,2.6615,2.709,2.709,2.614,3.0355,3.085,3.085,2.986
2022-11-23,0.9535,,1.036,0.871,1.395,1.428,1.428,1.362,0.909,0.919,0.899,1.46,1.515,1.405,2.609,2.658,2.658,2.56,3.041,3.091,3.091,2.991
2022-11-24,1.0285,,1.111,0.946,1.3995,1.446,1.446,1.353,0.935,0.945,0.925,1.468,1.523,1.413,2.6105,2.662,2.662,2.559,3.0715,3.122,3.122,3.021
2022-11-25,0.9875,,1.07,0.905,1.3985,1.445,1.445,1.352,0.857,0.867,0.847,1.446,1.521,1.371,2.5825,2.636,2.636,2.529,3.0575,3.106,3.106,3.009
2022-11-28,0.9805,,1.063,0.898,1.27,1.33,1.33,1.21,0.86,0.87,0.85,1.3875,1.411,1.364,2.6285,2.681,2.681,2.576,3.074,3.125,3.125,3.023
2022-11-29,0.9015,,0.984,0.819,1.507,1.55,1.55,1.464,0.79,0.8,0.78,1.3515,1.375,1.328,2.9015,2.952,2.952,2.851,3.1145,3.164,3.164,3.065
2022-11-30,0.9155,,0.998,0.833,1.5095,1.553,1.553,1.466,0.8,0.81,0.79,1.338,1.438,1.238,2.992,3.044,3.044,2.94,3.182,3.232,3.232,3.132
2022-12-01,0.9755,,1.058,0.893,1.5155,1.559,1.559,1.472,0.775,0.785,0.765,1.3275,1.351,1.304,3.0145,3.062,3.062,2.967,3.1765,3.227,3.227,3.126
2022-12-02,1.0055,,1.088,0.923,1.5545,1.604,1.604,1.505,0.775,0.785,0.765,1.3035,1.327,1.28,2.9895,3.039,3.039,2.94,3.202,3.251,3.251,3.153
2022-12-05,1.1215,,1.204,1.039,1.461,1.5,1.5,1.422,0.799,0.809,0.789,1.408,1.508,1.308,2.989,3.037,3.037,2.941,3.1755,3.226,3.226,3.125
2022-12-06,1.0055,,1.088,0.923,1.6095,1.653,1.653,1.566,0.8,0.81,0.79,1.379,1.479,1.279,2.9525,3.005,3.005,2.9,3.2415,3.291,3.291,3.192
2022-12-07,1.1315,,1.214,1.049,1.6055,1.649,1.649,1.562,0.81,0.82,0.8,1.374,1.474,1.274,3.0415,3.089,3.089,2.994,3.241,3.291,3.291,3.191
2022-12-08,1.0955,,1.178,1.013,1.6575,1.708,1.708,1.607,0.85,0.86,0.84,1.387,1.487,1.287,3.0035,3.053,3.053,2.954,3.2435,3.294,3.294,3.193
2022-12-09,1.0955,,1.178,1.013,1.707,1.737,1.737,1.677,0.884,0.894,0.874,1.415,1.515,1.315,2.992,3.043,3.043,2.941,3.262,3.311,3.311,3.213
2022-12-12,0.9715,,1.043,0.9,1.6795,1.71,1.71,1.649,0.99,1.0,0.98,1.421,1.521,1.321,2.942,2.992,2.992,2.892,3.2855,3.336,3.336,3.235
2022-12-13,0.885,,0.96,0.81,1.6655,1.696,1.696,1.635,1.027,1.037,1.017,1.429,1.529,1.329,3.0825,3.13,3.13,3.035,3.2995,3.349,3.349,3.25
2022-12-14,0.868,,0.943,0.793,1.6935,1.724,1.724,1.663,0.97,0.98,0.96,1.45,1.46,1.44,2.9755,3.025,3.025,2.926,3.257,3.307,3.307,3.207
2022-12-15,0.762,,0.837,0.687,1.7015,1.733,1.733,1.67,1.07,1.08,1.06,1.439,1.539,1.339,2.9775,3.029,3.029,2.926,3.2645,3.315,3.315,3.214
2022-12-16,0.739,,0.814,0.664,1.6795,1.739,1.739,1.62,0.9975,1.131,0.864,1.4825,1.495,1.47,3.0705,3.124,3.124,3.017,3.236,3.285,3.285,3.187
2022-12-19,0.624,,0.699,0.549,1.662,1.722,1.722,1.602,1.094,1.104,1.084,1.725,1.825,1.625,3.0645,3.117,3.117,3.012,3.2105,3.261,3.261,3.16
2022-12-20,0.861,,0.936,0.786,1.7485,1.781,1.781,1.716,1.041,1.051,1.031,1.745,1.845,1.645,3.3815,3.429,3.429,3.334,3.3405,3.39,3.39,3.291
2022-12-21,0.859,,0.934,0.784,1.767,1.827,1.827,1.707,2.98,3.161,2.799,1.777,1.877,1.677,3.1445,3.194,3.194,3.095,3.341,3.391,3.391,3.291
2022-12-22,0.827,,0.902,0.752,1.745,1.805,1.805,1.685,1.212,1.222,1.202,1.789,1.889,1.689,2.9625,3.014,3.014,2.911,3.4375,3.488,3.488,3.387
2022-12-23,0.849,,1.021,0.677,1.834,1.894,1.894,1.774,0.995,1.005,0.985,1.753,1.853,1.653,2.9485,3.002,3.002,2.895,3.4025,3.452,3.452,3.353
2022-12-27,0.9125,,1.032,0.793,1.768,1.819,1.819,1.717,0.974,0.984,0.964,1.7525,1.865,1.64,,,,,,,,
2022-12-28,0.872,,1.062,0.682,1.652,1.687,1.687,1.617,0.984,0.994,0.974,1.768,1.778,1.758,2.992,3.04,3.04,2.944,3.495,3.545,3.545,3.445
2022-12-29,1.0655,,1.185,0.946,1.656,1.692,1.692,1.62,1.096,1.106,1.086,1.75,1.76,1.74,2.8015,2.853,2.853,2.75,3.4545,3.505,3.505,3.404
2022-12-30,1.02,,1.12,0.92,1.857,1.928,1.928,1.786,0.868,0.878,0.858,1.779,1.789,1.769,2.9795,3.033,3.033,2.926,3.394,3.443,3.443,3.345
2023-01-02,1.3815,,1.501,1.262,1.91,1.947,1.947,1.873,1.51,1.52,1.5,1.94,1.95,1.93,,,,,,,,
2023-01-03,1.6095,,1.729,1.49,2.037,2.097,2.097,1.977,1.562,1.572,1.552,1.95,2.05,1.85,2.9885,3.034,3.034,2.943,3.417,3.466,3.466,3.368
2023-01-04,1.6965,,1.816,1.577,2.103,2.163,2.163,2.043,1.725,1.735,1.715,1.982,2.082,1.882,2.934,2.982,2.982,2.886,3.4,3.45,3.45,3.35
2023-01-05,1.7115,,1.831,1.592,2.09,2.161,2.161,2.019,1.768,1.778,1.758,2.012,2.112,1.912,2.9345,2.985,2.985,2.884,3.4095,3.46,3.46,3.359
2023-01-06,1.688,,1.788,1.588,2.073,2.112,2.112,2.034,1.75,1.76,1.74,2.015,2.115,1.915,3.021,3.075,3.075,2.967,3.499,3.55,3.55,3.448
2023-01-09,1.6765,,1.796,1.557,2.1,2.171,2.171,2.029,1.8555,1.963,1.748,2.09,2.19,1.99,3.028,3.08,3.08,2.976,3.4495,3.5,3.5,3.399
2023-01-10,1.7105,,1.83,1.591,2.084,2.124,2.124,2.044,1.7895,1.897,1.682,2.1,2.2,2.0,3.2995,3.347,3.347,3.252,3.757,3.806,3.806,3.708
2023-01-11,1.7585,,1.878,1.639,2.0665,2.107,2.107,2.026,1.7745,1.882,1.667,2.1,2.2,2.0,3.3135,3.363,3.363,3.264,3.7655,3.815,3.815,3.716
2023-01-12,1.795,,1.86,1.73,2.067,2.109,2.109,2.025,1.7675,1.875,1.66,2.08,2.18,1.98,3.3435,3.395,3.395,3.292,3.754,3.804,3.804,3.704
2023-01-13,1.8785,,1.979,1.778,2.087,2.158,2.158,2.016,1.7325,1.84,1.625,2.091,2.191,1.991,3.3915,3.445,3.445,3.338,3.767,3.818,3.818,3.716
2023-01-16,1.8755,,1.979,1.772,2.0685,2.111,2.111,2.026,1.8685,1.976,1.761,2.175,2.185,2.165,3.4655,3.518,3.518,3.413,3.8015,3.852,3.852,3.751
2023-01-17,1.867,,1.973,1.761,2.0865,2.13,2.13,2.043,1.8495,1.957,1.742,2.158,2.258,2.058,3.6395,3.687,3.687,3.592,3.8605,3.91,3.91,3.811
2023-01-18,1.8355,,1.945,1.726,2.0745,2.118,2.118,2.031,1.8225,1.93,1.715,2.17,2.18,2.16,3.6385,3.688,3.688,3.589,3.858,3.908,3.908,3.808
2023-01-19,1.8085,,1.929,1.688,2.0885,2.134,2.134,2.043,1.8305,1.938,1.723,2.195,2.295,2.095,3.637,3.688,3.688,3.586,3.8385,3.889,3.889,3.788
2023-01-20,1.8335,,1.958,1.709,2.145,2.191,2.191,2.099,1.8715,1.979,1.764,2.205,2.215,2.195,3.6815,3.735,3.735,3.628,3.851,3.9,3.9,3.802
2023-01-23,1.893,,2.022,1.764,2.1285,2.175,2.175,2.082,1.93,1.94,1.92,2.203,2.213,2.193,3.4485,3.501,3.501,3.396,3.785,3.836,3.836,3.734
2023-01-24,1.9295,,2.063,1.796,2.1135,2.161,2.161,2.066,1.938,1.948,1.928,2.198,2.298,2.098,3.626,3.674,3.674,3.578,3.7905,3.84,3.84,3.741
2023-01-25,1.931,,2.07,1.792,2.12,2.168,2.168,2.072,1.95,1.96,1.94,2.201,2.221,2.181,3.6385,3.688,3.688,3.589,3.804,3.854,3.854,3.754
2023-01-26,1.9585,,2.05,1.867,2.1245,2.174,2.174,2.075,2.0035,2.111,1.896,2.212,2.232,2.192,3.5195,3.571,3.571,3.468,3.843,3.894,3.894,3.792
2023-01-27,1.9985,,2.09,1.907,2.1495,2.2,2.2,2.099,2.0115,2.119,1.904,2.22,2.24,2.2,3.5285,3.582,3.582,3.475,3.821,3.87,3.87,3.772
2023-01-30,1.9815,,2.073,1.89,2.1385,2.19,2.19,2.087,2.029,2.039,2.019,2.347,2.367,2.327,3.6575,3.71,3.71,3.605,3.8955,3.946,3.946,3.845
2023-01-31,1.9715,,2.063,1.88,2.151,2.222,2.222,2.08,2.102,2.112,2.092,2.323,2.338,2.308,3.4495,3.497,3.497,3.402,3.896,3.945,3.945,3.847
2023-02-01,2.0085,,2.1,1.917,2.1505,2.203,2.203,2.098,2.109,2.119,2.099,2.339,2.354,2.324,3.4545,3.504,3.504,3.405,3.9105,3.96,3.96,3.861
2023-02-02,2.0455,,2.137,1.954,2.174,2.229,2.229,2.119,2.115,2.125,2.105,2.402,2.422,2.382,3.4755,3.527,3.527,3.424,3.871,3.921,3.921,3.821
2023-02-03,2.0735,,2.165,1.982,2.2075,2.263,2.263,2.152,2.097,2.107,2.087,2.403,2.423,2.383,3.6515,3.705,3.705,3.598,3.9485,3.999,3.999,3.898
2023-02-06,2.1435,,2.235,2.052,2.264,2.335,2.335,2.193,2.252,2.317,2.187,2.46,2.47,2.45,3.6925,3.745,3.745,3.64,3.924,3.974,3.974,3.874
2023-02-07,2.2105,,2.302,2.119,2.4435,2.481,2.481,2.406,2.2395,2.292,2.187,2.469,2.489,2.449,3.5715,3.619,3.619,3.524,3.925,3.974,3.974,3.876
2023-02-08,2.2745,,2.366,2.183,2.459,2.497,2.497,2.421,2.2165,2.291,2.142,2.471,2.481,2.461,3.582,3.631,3.631,3.533,3.9475,3.997,3.997,3.898
2023-02-09,2.3085,,2.4,2.217,2.4955,2.535,2.535,2.456,2.196,2.252,2.14,2.48,2.5,2.46,3.5785,3.63,3.63,3.527,3.946,3.996,3.996,3.896
2023-02-10,2.3485,,2.44,2.257,2.5385,2.578,2.578,2.499,2.2,2.21,2.19,2.5,2.52,2.48,3.5745,3.628,3.628,3.521,3.9275,3.978,3.978,3.877
2023-02-13,2.3745,,2.466,2.283,2.536,2.576,2.576,2.496,2.24,2.25,2.23,2.56,2.58,2.54,3.6925,3.745,3.745,3.64,3.9545,4.005,4.005,3.904
2023-02-14,2.3485,,2.44,2.257,2.5565,2.597,2.597,2.516,2.233,2.243,2.223,2.565,2.575,2.555,3.7755,3.823,3.823,3.728,3.96,4.01,4.01,3.91
2023-02-15,2.3125,,2.404,2.221,2.589,2.63,2.63,2.548,2.336,2.346,2.326,2.57,2.59,2.55,3.737,3.786,3.786,3.688,3.95,4.0,4.0,3.9
2023-02-16,2.3065,,2.395,2.218,2.5885,2.631,2.631,2.546,2.314,2.324,2.304,2.587,2.607,2.567,3.784,3.835,3.835,3.733,3.923,3.974,3.974,3.872
2023-02-17,2.3175,,2.406,2.229,2.608,2.651,2.651,2.565,2.325,2.335,2.315,2.612,2.622,2.602,3.804,3.858,3.858,3.75,3.962,4.011,4.011,3.913
2023-02-20,2.2645,,2.353,2.176,2.6585,2.702,2.702,2.615,2.384,2.453,2.315,2.635,2.704,2.566,3.8495,3.902,3.902,3.797,3.953,4.004,4.004,3.902
2023-02-21,2.2485,,2.337,2.16,2.625,2.669,2.669,2.581,2.371,2.44,2.302,2.621,2.69,2.552,3.8975,3.945,3.945,3.85,3.9805,4.03,4.03,3.931
2023-02-22,2.2375,,2.326,2.149,2.5675,2.612,2.612,2.523,2.378,2.447,2.309,2.639,2.708,2.57,3.8925,3.942,3.942,3.843,3.9585,4.009,4.009,3.908
2023-02-23,2.2935,,2.382,2.205,2.573,2.619,2.619,2.527,2.356,2.425,2.287,2.623,2.692,2.554,3.8865,3.938,3.938,3.835,3.915,3.966,3.966,3.864
2023-02-24,2.2825,,2.371,2.194,2.6295,2.676,2.676,2.583,2.404,2.473,2.335,2.64,2.709,2.571,3.8345,3.888,3.888,3.781,3.838,3.887,3.887,3.789
2023-02-27,2.266,,2.326,2.206,2.6375,2.685,2.685,2.59,2.28,2.29,2.27,2.685,2.715,2.655,3.8675,3.92,3.92,3.815,4.006,4.057,4.057,3.955
2023-02-28,2.253,,2.313,2.193,2.639,2.687,2.687,2.591,2.286,2.296,2.276,2.695,2.735,2.655,3.9115,3.959,3.959,3.864,4.039,4.088,4.088,3.99
2023-03-01,2.2425,,2.331,2.154,2.6425,2.691,2.691,2.594,2.302,2.312,2.292,2.71,2.75,2.67,3.9205,3.97,3.97,3.871,4.0675,4.117,4.117,4.018
2023-03-02,2.2625,,2.357,2.168,2.6535,2.704,2.704,2.603,2.295,2.305,2.285,2.726,2.766,2.686,3.872,3.923,3.923,3.821,4.0255,4.076,4.076,3.975
2023-03-03,2.2625,,2.351,2.174,2.666,2.717,2.717,2.615,2.278,2.288,2.268,2.734,2.774,2.694,3.8655,3.919,3.919,3.812,4.0925,4.143,4.143,4.042
2023-03-06,2.2565,,2.345,2.168,2.657,2.709,2.709,2.605,2.519,2.588,2.45,2.734,2.744,2.724,3.902,3.954,3.954,3.85,4.1035,4.154,4.154,4.053
2023-03-07,2.2495,,2.338,2.161,2.8495,2.885,2.885,2.814,2.491,2.56,2.422,2.733,2.773,2.693,3.9655,4.013,4.013,3.918,4.1005,4.15,4.15,4.051
2023-03-08,2.2565,,2.345,2.168,2.8525,2.888,2.888,2.817,2.503,2.572,2.434,2.721,2.761,2.681,3.9915,4.041,4.041,3.942,4.172,4.222,4.222,4.122
2023-03-09,2.3455,,2.434,2.257,2.8445,2.881,2.881,2.808,2.583,2.652,2.514,2.726,2.766,2.686,3.9895,4.041,4.041,3.938,4.1345,4.185,4.185,4.084
2023-03-10,2.3905,,2.479,2.302,2.826,2.863,2.863,2.789,2.55,2.56,2.54,2.707,2.747,2.667,3.9725,4.026,4.026,3.919,4.1245,4.174,4.174,4.075
2023-03-13,2.3975,,2.486,2.309,2.638,2.675,2.675,2.601,2.5,2.51,2.49,2.688,2.728,2.648,3.9895,4.042,4.042,3.937,4.059,4.11,4.11,4.008
2023-03-14,2.3455,,2.434,2.257,2.6235,2.661,2.661,2.586,2.55,2.56,2.54,2.745,2.785,2.705,4.0795,4.132,4.132,4.027,4.1875,4.237,4.237,4.138
2023-03-15,2.263,,2.326,2.2,2.423,2.461,2.461,2.385,2.498,2.508,2.488,2.582,2.622,2.542,4.0745,4.122,4.122,4.027,4.034,4.084,4.084,3.984
2023-03-16,2.1695,,2.263,2.076,2.611,2.65,2.65,2.572,2.68,2.69,2.67,2.762,2.802,2.722,4.0195,4.069,4.069,3.97,4.0245,4.075,4.075,3.974
2023-03-17,1.87,,1.88,1.86,2.5305,2.57,2.57,2.491,2.701,2.711,2.691,2.738,2.748,2.728,4.0335,4.085,4.085,3.982,4.0175,4.067,4.067,3.968
2023-03-20,2.16,,2.17,2.15,2.462,2.502,2.502,2.422,2.683,2.693,2.673,2.698,2.738,2.658,3.875,3.925,3.925,3.825,3.979,4.03,4.03,3.928
2023-03-21,2.267,,2.384,2.15,2.457,2.497,2.497,2.417,2.564,2.574,2.554,2.696,2.736,2.656,3.9525,4.0,4.0,3.905,4.0265,4.076,4.076,3.977
2023-03-22,2.31,,2.427,2.193,2.556,2.597,2.597,2.515,2.5145,2.634,2.395,2.723,2.733,2.713,4.1465,4.196,4.196,4.097,4.285,4.335,4.335,4.235
2023-03-23,2.416,,2.533,2.299,2.5335,2.576,2.576,2.491,2.4775,2.597,2.358,2.74,2.75,2.73,4.1215,4.173,4.173,4.07,4.2615,4.312,4.312,4.211
2023-03-24,2.343,,2.46,2.226,2.4835,2.526,2.526,2.441,2.5185,2.638,2.399,2.704,2.714,2.694,4.1095,4.163,4.163,4.056,4.2485,4.298,4.298,4.199
2023-03-27,2.321,,2.438,2.204,2.589,2.632,2.632,2.546,2.573,2.583,2.563,2.784,2.814,2.754,4.0415,4.094,4.094,3.989,4.148,4.199,4.199,4.097
2023-03-28,2.386,,2.503,2.269,2.5985,2.642,2.642,2.555,2.504,2.514,2.494,2.787,2.797,2.777,4.0745,4.122,4.122,4.027,4.0635,4.113,4.113,4.014
2023-03-29,2.475,,2.592,2.358,2.5815,2.626,2.626,2.537,2.485,2.495,2.475,2.7585,2.805,2.712,4.076,4.125,4.125,4.027,4.0545,4.105,4.105,4.004
2023-03-30,2.525,,2.642,2.408,2.624,2.67,2.67,2.578,2.516,2.526,2.506,2.7925,2.839,2.746,4.0625,4.114,4.114,4.011,4.0585,4.109,4.109,4.008
2023-03-31,2.579,,2.706,2.452,2.676,2.723,2.723,2.629,2.522,2.532,2.512,2.8025,2.849,2.756,4.0635,4.117,4.117,4.01,4.06,4.109,4.109,4.011
2023-04-03,2.691,,2.808,2.574,2.685,2.732,2.732,2.638,2.715,2.725,2.705,2.8145,2.861,2.768,4.129,4.181,4.181,4.077,4.059,4.11,4.11,4.008
2023-04-04,2.668,,2.785,2.551,2.701,2.749,2.749,2.653,2.74,2.75,2.73,2.8185,2.865,2.772,4.0145,4.067,4.067,3.962,4.2375,4.287,4.287,4.188
2023-04-05,2.577,,2.694,2.46,2.7065,2.758,2.758,2.655,2.7135,2.833,2.594,2.7965,2.843,2.75,4.0205,4.068,4.068,3.973,4.222,4.272,4.272,4.172
2023-04-06,2.6835,,2.787,2.58,2.661,2.713,2.713,2.609,2.5675,2.687,2.448,2.7875,2.834,2.741,4.0335,4.083,4.083,3.984,4.232,4.283,4.283,4.181
2023-04-11,2.6275,,2.734,2.521,2.652,2.705,2.705,2.599,2.5745,2.664,2.485,2.936,2.965,2.907,4.0415,4.094,4.094,3.989,4.2715,4.321,4.321,4.222
2023-04-12,2.6735,,2.783,2.564,2.651,2.704,2.704,2.598,2.5815,2.701,2.462,2.924,2.934,2.914,4.0885,4.136,4.136,4.041,4.2515,4.302,4.302,4.201
2023-04-13,2.6155,,2.736,2.495,2.6685,2.724,2.724,2.613,2.5165,2.636,2.397,2.943,2.972,2.914,4.076,4.125,4.125,4.027,4.2615,4.312,4.312,4.211
2023-04-14,2.656,,2.781,2.531,2.737,2.794,2.794,2.68,2.5405,2.66,2.421,2.939,2.964,2.914,4.0775,4.129,4.129,4.026,4.227,4.276,4.276,4.178
2023-04-17,2.654,,2.783,2.525,2.7015,2.759,2.759,2.644,2.632,2.684,2.58,2.942,3.001,2.883,4.058,4.108,4.108,4.008,4.267,4.318,4.318,4.216
2023-04-18,2.548,,2.682,2.414,2.651,2.71,2.71,2.592,2.636,2.688,2.584,2.933,2.992,2.874,4.0885,4.136,4.136,4.041,4.291,4.341,4.341,4.241
2023-04-19,2.632,,2.771,2.493,2.6855,2.745,2.745,2.626,2.633,2.685,2.581,2.931,2.99,2.872,4.2175,4.267,4.267,4.168,4.4315,4.482,4.482,4.381
2023-04-20,2.483,,2.539,2.427,2.69,2.753,2.753,2.627,2.639,2.691,2.587,2.931,2.941,2.921,4.151,4.202,4.202,4.1,4.342,4.393,4.393,4.291
2023-04-21,2.514,,2.57,2.458,2.7675,2.831,2.831,2.704,2.669,2.721,2.617,2.952,3.011,2.893,4.1705,4.224,4.224,4.117,4.3255,4.375,4.375,4.276
2023-04-24,2.471,,2.527,2.415,2.6305,2.695,2.695,2.566,2.741,2.793,2.689,3.0675,3.084,3.051,4.2515,4.304,4.304,4.199,4.289,4.34,4.34,4.238
2023-04-25,2.451,,2.507,2.395,2.582,2.648,2.648,2.516,2.769,2.821,2.717,3.031,3.066,2.996,4.1835,4.231,4.231,4.136,4.432,4.482,4.482,4.382
2023-04-26,2.515,,2.571,2.459,2.5835,2.651,2.651,2.516,2.751,2.803,2.699,3.027,3.037,3.017,4.189,4.238,4.238,4.14,4.356,4.406,4.406,4.306
2023-04-27,2.481,,2.537,2.425,2.6195,2.692,2.692,2.547,2.726,2.778,2.674,3.043,3.078,3.008,4.2095,4.261,4.261,4.158,4.393,4.444,4.444,4.342
2023-04-28,2.453,,2.509,2.397,2.579,2.653,2.653,2.505,2.727,2.779,2.675,3.023,3.058,2.988,4.2325,4.286,4.286,4.179,4.4025,4.452,4.452,4.353
2023-05-02,2.504,,2.56,2.448,2.754,2.802,2.802,2.706,2.703,2.755,2.651,3.019,3.054,2.984,4.308,4.354,4.354,4.262,4.487,4.536,4.536,4.438
2023-05-03,2.5225,,2.651,2.394,2.7415,2.79,2.79,2.693,2.77,2.78,2.76,3.044,3.054,3.034,4.3055,4.353,4.353,4.258,4.444,4.494,4.494,4.394
2023-05-04,2.6025,,2.731,2.474,2.7375,2.788,2.788,2.687,2.734,2.744,2.724,3.015,3.025,3.005,4.2875,4.337,4.337,4.238,4.393,4.444,4.444,4.342
2023-05-05,2.691,,2.831,2.551,2.7605,2.812,2.812,2.709,2.7385,2.777,2.7,2.994,3.028,2.96,4.2245,4.276,4.276,4.173,4.407,4.456,4.456,4.358
2023-05-08,2.6245,,2.753,2.496,2.792,2.844,2.844,2.74,2.757,2.806,2.708,3.104,3.125,3.083,,,,,,,,
2023-05-09,2.7615,,2.89,2.633,2.8575,2.89,2.89,2.825,2.766,2.815,2.717,3.084,3.094,3.074,4.4085,4.461,4.461,4.356,4.46,4.509,4.509,4.411
2023-05-10,2.8275,,2.938,2.717,2.869,2.922,2.922,2.816,2.768,2.817,2.719,3.097,3.118,3.076,4.4145,4.464,4.464,4.365,4.4275,4.478,4.478,4.377
2023-05-11,2.835,,2.933,2.737,2.9875,3.024,3.024,2.951,2.799,2.848,2.75,3.097,3.118,3.076,4.3855,4.437,4.437,4.334,4.418,4.469,4.469,4.367
2023-05-12,2.8085,,2.845,2.772,2.97,3.002,3.002,2.938,2.803,2.852,2.754,3.098,3.138,3.058,4.3235,4.377,4.377,4.27,4.4325,4.482,4.482,4.383
2023-05-15,2.7435,,2.811,2.676,2.9235,2.961,2.961,2.886,2.799,2.848,2.75,3.06,3.07,3.05,4.3215,4.374,4.374,4.269,4.502,4.553,4.553,4.451
2023-05-16,2.7395,,2.807,2.672,2.9045,2.942,2.942,2.867,2.793,2.842,2.744,3.052,3.062,3.042,4.2785,4.326,4.326,4.231,4.552,4.602,4.602,4.502
2023-05-17,2.7245,,2.792,2.657,2.8955,2.933,2.933,2.858,2.803,2.813,2.793,3.059,3.069,3.049,4.2875,4.337,4.337,4.238,4.511,4.561,4.561,4.461
2023-05-18,2.6975,,2.765,2.63,2.892,2.924,2.924,2.86,2.83,2.879,2.781,3.067,3.077,3.057,4.4005,4.452,4.452,4.349,4.52,4.571,4.571,4.469
2023-05-19,2.8415,,2.909,2.774,2.895,2.927,2.927,2.863,2.967,3.016,2.918,3.083,3.104,3.062,4.4155,4.469,4.469,4.362,4.527,4.576,4.576,4.478
2023-05-22,2.6275,,2.695,2.56,2.875,2.915,2.915,2.835,2.8195,2.866,2.773,3.117,3.127,3.107,4.426,4.478,4.478,4.374,4.547,4.598,4.598,4.496
2023-05-23,2.8455,,2.913,2.778,2.8825,2.923,2.923,2.842,2.8235,2.87,2.777,3.126,3.136,3.116,4.4825,4.53,4.53,4.435,4.5895,4.639,4.639,4.54
2023-05-24,2.8305,,2.898,2.763,2.912,2.953,2.953,2.871,2.8915,2.96,2.823,3.1405,3.163,3.118,4.6555,4.705,4.705,4.606,4.658,4.708,4.708,4.608
2023-05-25,2.8335,,2.901,2.766,2.9125,2.955,2.955,2.87,2.9205,2.989,2.852,3.136,3.146,3.126,4.518,4.569,4.569,4.467,4.685,4.736,4.736,4.634
2023-05-26,2.8155,,2.883,2.748,2.925,2.968,2.968,2.882,2.9945,3.063,2.926,3.136,3.146,3.126,4.4005,4.454,4.454,4.347,4.7455,4.795,4.795,4.696
2023-05-29,2.9245,,2.992,2.857,2.9125,2.946,2.946,2.879,2.984,3.047,2.921,3.1385,3.161,3.116,,,,,,,,
2023-05-30,2.8465,,2.914,2.779,2.898,2.942,2.942,2.854,3.021,3.084,2.958,3.13,3.14,3.12,4.4365,4.482,4.482,4.391,4.7835,4.833,4.833,4.734
2023-05-31,2.8255,,2.893,2.758,2.8905,2.935,2.935,2.846,2.99,3.053,2.927,3.1335,3.156,3.111,4.4005,4.45,4.45,4.351,4.7805,4.83,4.83,4.731
2023-06-01,2.8185,,2.886,2.751,2.932,2.978,2.978,2.886,3.025,3.088,2.962,3.1475,3.17,3.125,4.3125,4.364,4.364,4.261,4.771,4.821,4.821,4.721
2023-06-02,2.8505,,2.918,2.783,2.94,2.987,2.987,2.893,3.022,3.085,2.959,3.176,3.186,3.166,4.385,4.438,4.438,4.332,4.8,4.851,4.851,4.749
2023-06-05,2.8495,,2.917,2.782,3.014,3.061,3.061,2.967,3.047,3.057,3.037,3.2835,3.304,3.263,4.3035,4.356,4.356,4.251,4.8135,4.864,4.864,4.763
2023-06-06,2.8905,,2.958,2.823,3.013,3.061,3.061,2.965,3.068,3.131,3.005,3.2815,3.302,3.261,4.3465,4.394,4.394,4.299,4.7805,4.83,4.83,4.731
2023-06-07,2.8325,,2.9,2.765,3.0455,3.094,3.094,2.997,3.081,3.144,3.018,3.2965,3.317,3.276,4.2175,4.267,4.267,4.168,4.767,4.817,4.817,4.717
2023-06-08,2.816,,2.826,2.806,3.104,3.155,3.155,3.053,3.05,3.075,3.025,3.312,3.329,3.295,4.1655,4.217,4.217,4.114,4.745,4.796,4.796,4.694
2023-06-09,2.904,,3.029,2.779,3.107,3.157,3.157,3.057,3.096,3.159,3.033,3.302,3.312,3.292,4.3545,4.408,4.408,4.301,4.8185,4.868,4.868,4.769
2023-06-12,2.9125,,2.98,2.845,3.1095,3.162,3.162,3.057,3.094,3.157,3.031,3.291,3.301,3.281,4.3215,4.374,4.374,4.269,4.826,4.877,4.877,4.775
2023-06-13,2.9205,,2.988,2.853,3.1415,3.194,3.194,3.089,3.088,3.151,3.025,3.2915,3.3,3.283,4.6325,4.68,4.68,4.585,4.855,4.905,4.905,4.805
2023-06-14,3.0045,,3.072,2.937,3.1365,3.19,3.19,3.083,3.109,3.172,3.046,3.3105,3.332,3.289,4.6695,4.719,4.719,4.62,4.855,4.905,4.905,4.805
2023-06-15,2.9495,,3.017,2.882,3.175,3.231,3.231,3.119,3.104,3.167,3.041,3.3397,3.3647,3.3147,4.6945,4.746,4.746,4.643,4.847,4.898,4.898,4.796
2023-06-16,2.8595,,2.927,2.792,3.199,3.256,3.256,3.142,3.115,3.14,3.09,3.34,3.35,3.33,4.691,4.745,4.745,4.637,4.8355,4.885,4.885,4.786
2023-06-19,3.55036,3.60036,3.60036,3.50036,3.198,3.256,3.256,3.14,3.113,3.138,3.088,3.3965,3.412,3.381,4.6535,4.706,4.706,4.601,4.853,4.904,4.904,4.802
2023-06-20,3.099,,3.133,3.065,3.272,3.307,3.307,3.237,3.115,3.178,3.052,3.3935,3.409,3.378,4.7055,4.789,4.789,4.622,4.8785,4.922,4.922,4.835
2023-06-21,3.12,,3.154,3.086,3.273,3.308,3.308,3.238,3.095,3.12,3.07,3.3965,3.412,3.381,4.576,4.662,4.662,4.49,4.61,4.654,4.654,4.566
2023-06-22,3.142,,3.176,3.108,3.283,3.318,3.318,3.248,3.111,3.174,3.048,3.3915,3.407,3.376,5.156,5.246,5.246,5.066,5.257,5.301,5.301,5.213
2023-06-23,3.153,,3.187,3.119,3.275,3.31,3.31,3.24,3.121,3.184,3.058,3.382,3.392,3.372,5.1425,5.234,5.234,5.051,5.287,5.332,5.332,5.242
2023-06-26,3.2,,3.234,3.166,3.32,3.355,3.355,3.285,3.105,3.146,3.064,3.3875,3.403,3.372,4.979,5.09,5.09,4.868,5.3615,5.411,5.411,5.312
2023-06-27,3.179,,3.213,3.145,3.327,3.362,3.362,3.292,3.103,3.113,3.093,3.3775,3.399,3.356,4.896,4.993,4.993,4.799,5.177,5.225,5.225,5.129
2023-06-28,3.165,,3.199,3.131,3.323,3.358,3.358,3.288,3.106,3.116,3.096,3.365,3.375,3.355,4.9135,5.001,5.001,4.826,5.1505,5.195,5.195,5.106
2023-06-29,3.171,,3.205,3.137,3.329,3.364,3.364,3.294,3.058,3.099,3.017,3.3725,3.394,3.351,4.894,4.981,4.981,4.807,5.143,5.187,5.187,5.099
2023-06-30,3.153,,3.187,3.119,3.332,3.367,3.367,3.297,3.085,3.095,3.075,3.3715,3.393,3.35,4.906,4.989,4.989,4.823,5.1405,5.182,5.182,5.099
2023-07-03,3.177,,3.206,3.148,3.337,3.369,3.369,3.305,3.1795,3.218,3.141,3.458,3.476,3.44,4.9425,5.038,5.038,4.847,5.2305,5.273,5.273,5.188
2023-07-04,3.171,,3.2,3.142,3.34,3.372,3.372,3.308,3.202,3.212,3.192,3.46,3.478,3.442,4.935,5.007,5.007,4.863,5.25,5.288,5.288,5.212
2023-07-05,3.193,,3.222,3.164,3.35,3.382,3.382,3.318,3.213,3.223,3.203,3.469,3.487,3.451,4.9465,5.016,5.016,4.877,5.294,5.33,5.33,5.258
2023-07-06,3.242,,3.3,3.184,3.353,3.385,3.385,3.321,3.215,3.225,3.205,3.48,3.498,3.462,4.967,5.04,5.04,4.894,5.2895,5.327,5.327,5.252
2023-07-07,3.239,,3.3,3.178,3.3665,3.418,3.418,3.315,3.222,3.232,3.212,3.483,3.493,3.473,4.988,5.066,5.066,4.91,5.3225,5.362,5.362,5.283
2023-07-10,3.304,,3.333,3.275,3.365,3.417,3.417,3.313,3.316,3.375,3.257,3.528,3.538,3.518,4.9485,5.038,5.038,4.859,5.277,5.318,5.318,5.236
2023-07-11,3.312,,3.341,3.283,3.379,3.432,3.432,3.326,3.318,3.377,3.259,3.535,3.553,3.517,4.948,5.02,5.02,4.876,5.337,5.375,5.375,5.299
2023-07-12,3.324,,3.353,3.295,3.3605,3.401,3.401,3.32,3.32,3.379,3.261,3.535,3.545,3.525,4.955,5.03,5.03,4.88,5.3425,5.381,5.381,5.304
2023-07-13,3.3335,,3.357,3.31,3.5115,3.551,3.551,3.472,3.39,3.449,3.331,3.545,3.555,3.535,4.9345,5.01,5.01,4.859,5.3525,5.391,5.391,5.314
2023-07-14,3.3655,,3.389,3.342,3.518,3.558,3.558,3.478,3.396,3.455,3.337,3.555,3.573,3.537,4.9125,4.989,4.989,4.836,5.3665,5.405,5.405,5.328
2023-07-17,3.411,,3.461,3.361,3.504,3.544,3.544,3.464,3.3945,3.417,3.372,3.599,3.618,3.58,4.9155,5.003,5.003,4.828,5.376,5.416,5.416,5.336
2023-07-18,3.4145,,3.438,3.391,3.4695,3.51,3.51,3.429,3.4055,3.428,3.383,3.573,3.583,3.563,5.114,5.184,5.184,5.044,5.455,5.492,5.492,5.418
2023-07-19,3.391,,3.431,3.351,3.447,3.488,3.488,3.406,3.4115,3.434,3.389,3.573,3.583,3.563,5.072,5.143,5.143,5.001,5.407,5.444,5.444,5.37
2023-07-20,3.4135,,3.44,3.387,3.444,3.487,3.487,3.401,3.435,3.445,3.425,3.588,3.607,3.569,5.1275,5.201,5.201,5.054,5.468,5.506,5.506,5.43
2023-07-21,3.417,,3.467,3.367,3.439,3.482,3.482,3.396,3.427,3.437,3.417,3.591,3.61,3.572,5.1435,5.219,5.219,5.068,5.483,5.522,5.522,5.444
2023-07-24,3.4845,,3.558,3.411,3.4565,3.5,3.5,3.413,3.453,3.494,3.412,3.591,3.61,3.572,5.1435,5.23,5.23,5.057,5.483,5.523,5.523,5.443
2023-07-25,3.4765,,3.522,3.431,3.46,3.504,3.504,3.416,3.461,3.502,3.42,3.595,3.625,3.565,5.3455,5.416,5.416,5.275,5.3625,5.4,5.4,5.325
2023-07-26,3.4695,,3.515,3.424,3.4535,3.498,3.498,3.409,3.469,3.51,3.428,3.589,3.608,3.57,5.3535,5.426,5.426,5.281,5.3765,5.414,5.414,5.339
2023-07-27,3.4795,,3.525,3.434,3.469,3.515,3.515,3.423,3.49,3.531,3.449,3.578,3.597,3.559,5.347,5.422,5.422,5.272,5.365,5.404,5.404,5.326
2023-07-28,3.4965,,3.542,3.451,3.4665,3.513,3.513,3.42,3.501,3.542,3.46,3.564,3.583,3.545,5.343,5.418,5.418,5.268,5.354,5.392,5.392,5.316
2023-07-31,3.5165,,3.562,3.471,3.4975,3.545,3.545,3.45,3.5778,3.5878,3.5678,3.594,3.611,3.577,5.4065,5.492,5.492,5.321,5.4075,5.447,5.447,5.368
2023-08-01,3.5285,,3.574,3.483,3.507,3.555,3.555,3.459,3.5805,3.6667,3.552,3.602,3.619,3.585,5.467,5.537,5.537,5.397,5.408,5.446,5.446,5.37
2023-08-02,3.5225,,3.568,3.477,3.4955,3.544,3.544,3.447,3.5165,3.545,3.488,3.597,3.614,3.58,5.3465,5.416,5.416,5.277,5.398,5.435,5.435,5.361
2023-08-03,3.5245,,3.57,3.479,3.502,3.553,3.553,3.451,3.5025,3.531,3.474,3.601,3.618,3.584,5.2725,5.341,5.341,5.204,5.312,5.348,5.348,5.276
2023-08-04,3.5415,,3.587,3.496,3.5075,3.559,3.559,3.456,3.49,3.484,3.48,3.591,3.608,3.574,5.265,5.334,5.334,5.196,5.318,5.354,5.354,5.282
2023-08-07,3.5225,,3.568,3.477,3.516,3.568,3.568,3.464,3.527,3.537,3.517,3.578,3.595,3.561,5.3815,5.46,5.46,5.303,5.325,5.362,5.362,5.288
2023-08-08,3.508,,3.558,3.458,3.5165,3.569,3.569,3.464,3.573,3.632,3.514,3.577,3.594,3.56,5.1455,5.211,5.211,5.08,5.3735,5.408,5.408,5.339
2023-08-09,3.5345,,3.58,3.489,3.4905,3.544,3.544,3.437,3.568,3.578,3.558,3.574,3.591,3.557,5.148,5.214,5.214,5.082,5.3755,5.41,5.41,5.341
2023-08-10,3.5035,,3.549,3.458,3.509,3.565,3.565,3.453,3.61,3.669,3.551,3.58,3.597,3.563,5.1485,5.216,5.216,5.081,5.3435,5.378,5.378,5.309
2023-08-11,3.5105,,3.556,3.465,3.5415,3.634,3.634,3.449,3.519,3.578,3.46,3.574,3.591,3.557,5.1515,5.219,5.219,5.084,5.3495,5.384,5.384,5.315
2023-08-14,3.5205,,3.566,3.475,3.5455,3.639,3.639,3.452,3.507,3.517,3.497,3.659,3.681,3.637,5.118,5.195,5.195,5.041,5.3935,5.429,5.429,5.358
2023-08-15,3.49,,3.54,3.44,3.5635,3.658,3.658,3.469,3.5185,3.558,3.479,3.663,3.685,3.641,5.1475,5.211,5.211,5.084,5.4495,5.483,5.483,5.416
2023-08-16,3.5145,,3.56,3.469,3.5775,3.673,3.673,3.482,3.5,3.51,3.49,3.661,3.683,3.639,5.148,5.214,5.214,5.082,5.452,5.486,5.486,5.418
2023-08-17,3.489,,3.539,3.439,3.5875,3.686,3.686,3.489,3.53,3.54,3.52,3.67,3.692,3.648,5.1515,5.216,5.216,5.087,5.4725,5.506,5.506,5.439
2023-08-18,3.4405,,3.486,3.395,3.584,3.624,3.624,3.544,3.5415,3.581,3.502,3.654,3.664,3.644,5.184,5.25,5.25,5.118,5.458,5.491,5.491,5.425
2023-08-21,,,,,3.601,3.702,3.702,3.5,3.623,3.633,3.613,3.661,3.683,3.639,5.172,5.247,5.247,5.097,5.4745,5.509,5.509,5.44
2023-08-22,3.475,,3.517,3.433,3.598,3.638,3.638,3.558,3.609,3.651,3.567,3.652,3.674,3.63,5.2065,5.266,5.266,5.147,5.5145,5.546,5.546,5.483
2023-08-23,3.462,,3.504,3.42,3.582,3.615,3.615,3.549,3.546,3.588,3.504,3.616,3.646,3.586,5.1945,5.256,5.256,5.133,5.5125,5.545,5.545,5.48
2023-08-24,3.449,,3.491,3.407,3.5655,3.672,3.672,3.459,3.5533,3.5633,3.5433,3.619,3.629,3.609,5.1975,5.26,5.26,5.135,5.52,5.552,5.552,5.488
2023-08-25,3.435,,3.485,3.385,3.5665,3.674,3.674,3.459,3.5586,3.5686,3.5486,3.62,3.63,3.61,5.3085,5.372,5.372,5.245,5.4545,5.487,5.487,5.422
2023-08-28,3.433,,3.475,3.391,3.587,3.696,3.696,3.478,3.432,3.644,3.361,3.6835,3.705,3.662,,,,,,,,
2023-08-29,3.433,,3.475,3.391,3.614,3.654,3.654,3.574,3.521,3.592,3.45,3.6785,3.7,3.657,5.1475,5.253,5.253,5.042,5.476,5.526,5.526,5.426
2023-08-30,3.461,,3.503,3.419,3.607,3.64,3.64,3.574,3.519,3.59,3.448,3.683,3.693,3.673,5.2135,5.298,5.298,5.129,5.5345,5.579,5.579,5.49
2023-08-31,3.442,,3.484,3.4,3.5595,3.652,3.652,3.467,3.545,3.555,3.535,3.643,3.653,3.633,5.2405,5.319,5.319,5.162,5.496,5.536,5.536,5.456
2023-09-01,3.455,,3.497,3.413,3.553,3.586,3.586,3.52,3.518,3.589,3.447,3.639,3.649,3.629,5.221,5.296,5.296,5.146,5.4755,5.513,5.513,5.438
2023-09-04,3.443,,3.485,3.401,3.565,3.598,3.598,3.532,3.565,3.598,3.532,3.646,3.656,3.636,5.249,5.335,5.335,5.163,5.515,5.554,5.554,5.476
2023-09-05,3.472,,3.514,3.43,3.569,3.602,3.602,3.536,3.563,3.596,3.53,3.633,3.656,3.61,5.3135,,5.375,5.252,5.525,,5.558,5.492
2023-09-06,3.475,,3.517,3.433,3.57,3.603,3.603,3.537,3.574,3.584,3.564,3.646,3.656,3.636,5.2855,5.355,5.355,5.216,5.4885,5.524,5.524,5.453
2023-09-07,3.579,,3.677,3.481,3.605,3.632,3.632,3.578,3.553,3.586,3.52,3.625,3.648,3.602,5.279,5.348,5.348,5.21,5.496,5.531,5.531,5.461
2023-09-08,3.588,,3.622,3.554,3.61,3.637,3.637,3.583,3.542,3.575,3.509,3.629,3.652,3.606,5.2685,5.342,5.342,5.195,5.4895,5.526,5.526,5.453
2023-09-11,3.5485,,3.605,3.492,3.618,3.645,3.645,3.591,3.5725,3.6,3.545,3.704,3.724,3.684,5.2685,5.352,5.352,5.185,5.4895,5.527,5.527,5.452
2023-09-12,3.5885,,3.63,3.547,3.648,3.675,3.675,3.621,3.5975,3.625,3.57,3.707,3.717,3.697,5.28,5.347,5.347,5.213,5.444,5.479,5.479,5.409
2023-09-13,3.6195,,3.661,3.578,3.666,3.693,3.693,3.639,3.6385,3.666,3.611,3.75,3.77,3.73,5.2865,5.355,5.355,5.218,5.417,5.452,5.452,5.382
2023-09-14,3.6975,,3.739,3.656,3.746,3.773,3.773,3.719,3.7365,3.764,3.709,3.805,3.83,3.78,5.3075,5.378,5.378,5.237,5.453,5.489,5.489,5.417
2023-09-15,3.7315,,3.773,3.69,3.736,3.763,3.763,3.709,3.7335,3.761,3.706,3.797,3.822,3.772,5.2965,5.372,5.372,5.221,5.492,5.53,5.53,5.454
2023-09-18,3.7165,,3.758,3.675,3.732,3.759,3.759,3.705,3.7465,3.774,3.719,3.815,3.835,3.795,5.2835,5.37,5.37,5.197,5.4745,5.514,5.514,5.435
2023-09-19,3.7065,,3.748,3.665,3.731,3.758,3.758,3.704,3.7515,3.779,3.724,3.798,3.818,3.778,5.4135,5.484,5.484,5.343,5.5425,5.579,5.579,5.506
2023-09-20,3.6325,,3.674,3.591,3.678,3.705,3.705,3.651,3.7555,3.7655,3.7455,3.761,3.771,3.751,5.368,5.44,5.44,5.296,5.478,5.515,5.515,5.441
2023-09-21,3.6425,,3.684,3.601,3.654,3.681,3.681,3.627,3.7262,3.7362,3.7162,3.769,3.779,3.759,5.258,5.334,5.334,5.182,5.318,5.357,5.357,5.279
2023-09-22,3.6595,,3.701,3.618,3.6475,3.678,3.678,3.617,3.6819,3.6919,3.6719,3.765,3.775,3.755,5.278,5.357,5.357,5.199,5.331,5.371,5.371,5.291
2023-09-25,3.6355,,3.677,3.594,3.6475,3.678,3.678,3.617,3.707,3.742,3.672,3.8202,3.8302,3.8102,5.227,5.317,5.317,5.137,5.361,5.402,5.402,5.32
2023-09-26,3.6365,,3.678,3.595,3.6355,3.666,3.666,3.605,3.738,3.773,3.703,3.8221,3.8321,3.8121,5.2215,5.293,5.293,5.15,5.342,5.393,5.393,5.291
2023-09-27,3.6475,,3.689,3.606,3.6165,3.647,3.647,3.586,3.736,3.771,3.701,3.8285,3.844,3.813,5.2135,5.284,5.284,5.143,5.3035,5.353,5.353,5.254
2023-09-28,3.6535,,3.695,3.612,3.6205,3.651,3.651,3.59,3.721,3.756,3.686,3.8365,3.852,3.821,5.2045,5.275,5.275,5.134,5.3375,5.387,5.387,5.288
2023-09-29,3.666,,3.754,3.578,3.6125,3.648,3.648,3.577,3.718,3.791,3.645,3.826,3.836,3.816,5.227,5.296,5.296,5.158,5.3385,5.389,5.389,5.288
2023-10-02,3.657,,3.745,3.569,3.6205,3.656,3.656,3.585,3.737,3.783,3.691,3.819,3.829,3.809,5.2215,5.3,5.3,5.143,5.331,5.381,5.381,5.281
2023-10-03,3.73,,3.818,3.642,3.6195,3.655,3.655,3.584,3.742,3.788,3.696,3.822,3.832,3.812,5.2485,5.32,5.32,5.177,5.32,5.369,5.369,5.271
2023-10-04,3.755,,3.843,3.667,3.6485,3.684,3.684,3.613,3.74,3.786,3.694,3.816,3.826,3.806,5.2385,5.313,5.313,5.164,5.329,5.379,5.379,5.279
2023-10-05,3.744,,3.832,3.656,3.6715,3.707,3.707,3.636,3.74,3.786,3.694,3.812,3.822,3.802,5.2255,5.304,5.304,5.147,5.3095,5.36,5.36,5.259
2023-10-06,3.783,,3.871,3.695,3.7145,3.75,3.75,3.679,3.739,3.807,3.671,3.819,3.829,3.809,5.245,5.326,5.326,5.164,5.297,5.348,5.348,5.246
2023-10-09,3.783,,3.871,3.695,3.7365,3.772,3.772,3.701,3.796,3.842,3.75,3.773,3.793,3.753,5.242,5.335,5.335,5.149,5.2835,5.334,5.334,5.233
2023-10-10,3.782,,3.87,3.694,3.7255,3.761,3.761,3.69,3.795,3.841,3.749,3.768,3.778,3.758,5.2545,5.32,5.32,5.189,5.3,5.35,5.35,5.25
2023-10-11,3.746,,3.834,3.658,3.7305,3.766,3.766,3.695,3.795,3.841,3.749,3.763,3.773,3.753,5.2475,5.313,5.313,5.182,5.2925,5.343,5.343,5.242
2023-10-12,3.726,,3.774,3.678,3.7345,3.77,3.77,3.699,3.795,3.805,3.785,3.764,3.774,3.754,5.253,5.319,5.319,5.187,5.28,5.331,5.331,5.229
2023-10-13,3.729,,3.777,3.681,3.7295,3.765,3.765,3.694,3.761,3.771,3.751,3.764,3.774,3.754,5.2145,5.28,5.28,5.149,5.3045,5.354,5.354,5.255
2023-10-16,3.727,,3.775,3.679,3.7385,3.774,3.774,3.703,3.789,3.835,3.743,3.7596,3.7696,3.7496,5.242,5.317,5.317,5.167,5.282,5.331,5.331,5.233
2023-10-17,3.73,,3.778,3.682,3.7335,3.769,3.769,3.698,3.796,3.806,3.786,3.746,3.766,3.726,5.301,5.361,5.361,5.241,5.296,5.346,5.346,5.246
2023-10-18,3.716,,3.764,3.668,3.7145,3.75,3.75,3.679,3.79,3.8,3.78,3.757,3.767,3.747,5.3075,5.369,5.369,5.246,5.2885,5.339,5.339,5.238
2023-10-19,3.709,,3.767,3.651,3.702,3.748,3.748,3.656,3.789,3.799,3.779,3.757,3.781,3.733,5.258,5.319,5.319,5.197,5.28,5.331,5.331,5.229
2023-10-20,3.707,,3.765,3.649,3.689,3.735,3.735,3.643,3.79,3.8,3.78,3.754,3.764,3.744,5.3125,5.372,5.372,5.253,5.3125,5.362,5.362,5.263
2023-10-23,3.697,,3.755,3.639,3.683,3.729,3.729,3.637,3.748,3.758,3.738,3.793,3.812,3.774,5.267,5.335,5.335,5.199,5.34,5.389,5.389,5.291
2023-10-24,3.673,,3.731,3.615,3.669,3.715,3.715,3.623,3.752,3.762,3.742,3.792,3.811,3.773,5.3335,5.388,5.388,5.279,5.304,5.354,5.354,5.254
2023-10-25,3.676,,3.734,3.618,3.674,3.72,3.72,3.628,3.808,3.818,3.798,3.788,3.813,3.763,5.342,5.397,5.397,5.287,5.3005,5.351,5.351,5.25
2023-10-26,3.677,,3.735,3.619,3.669,3.715,3.715,3.623,3.76,3.77,3.75,3.775,3.794,3.756,5.336,5.393,5.393,5.279,5.25,5.301,5.301,5.199
2023-10-27,3.68,,3.738,3.622,3.662,3.708,3.708,3.616,3.772,3.86,3.684,3.774,3.793,3.755,5.3765,5.433,5.433,5.32,5.2825,5.332,5.332,5.233
2023-10-30,3.675,,3.733,3.617,3.671,3.717,3.717,3.625,3.781,3.791,3.771,3.759,3.784,3.734,5.3575,5.422,5.422,5.293,5.242,5.291,5.291,5.193
2023-10-31,3.688,,3.746,3.63,3.695,3.741,3.741,3.649,3.78,3.79,3.77,3.77,3.789,3.751,5.28,5.334,5.334,5.226,5.288,5.338,5.338,5.238
2023-11-01,3.682,,3.74,3.624,3.697,3.743,3.743,3.651,3.779,3.789,3.769,3.764,3.783,3.745,5.286,5.341,5.341,5.231,5.2375,5.288,5.288,5.187
2023-11-02,3.663,,3.721,3.605,3.693,3.739,3.739,3.647,3.759,3.769,3.749,3.764,3.783,3.745,5.249,5.304,5.304,5.194,5.246,5.297,5.297,5.195
2023-11-03,3.632,,3.69,3.574,3.686,3.732,3.732,3.64,3.759,3.769,3.749,3.765,3.784,3.746,5.2865,5.342,5.342,5.231,5.231,5.28,5.28,5.182
2023-11-06,3.698,,3.756,3.64,3.677,3.723,3.723,3.631,3.765,3.775,3.755,3.808,3.82,3.796,5.272,5.335,5.335,5.209,5.233,5.282,5.282,5.184
2023-11-07,3.706,,3.764,3.648,3.679,3.725,3.725,3.633,3.769,3.779,3.759,3.796,3.806,3.786,5.286,5.334,5.334,5.238,5.258,5.308,5.308,5.208
2023-11-08,3.76,,3.818,3.702,3.698,3.744,3.744,3.652,3.769,3.828,3.71,3.793,3.805,3.781,5.2485,5.298,5.298,5.199,5.267,5.318,5.318,5.216
2023-11-09,3.713,,3.771,3.655,3.688,3.734,3.734,3.642,3.773,3.783,3.763,3.783,3.801,3.765,5.2095,5.26,5.26,5.159,5.25,5.301,5.301,5.199
2023-11-10,3.773,,3.831,3.715,3.71,3.756,3.756,3.664,3.772,3.831,3.713,3.78,3.798,3.762,5.2115,5.265,5.265,5.158,5.2565,5.306,5.306,5.207
2023-11-13,3.773,,3.831,3.715,3.701,3.747,3.747,3.655,3.688,3.747,3.629,3.779,3.797,3.761,5.2065,5.265,5.265,5.148,5.2465,5.295,5.295,5.198
2023-11-14,3.742,,3.8,3.684,3.717,3.763,3.763,3.671,3.683,3.742,3.624,3.766,3.784,3.748,5.2145,5.266,5.266,5.163,5.3,5.35,5.35,5.25
2023-11-15,3.701,3.747,3.747,3.655,3.752,3.787,3.787,3.717,3.672,3.731,3.613,3.774,3.784,3.764,5.219,5.27,5.27,5.168,5.2715,5.322,5.322,5.221
2023-11-16,3.674,3.72,3.72,3.628,3.764,3.803,3.803,3.725,3.68,3.69,3.67,3.772,3.792,3.752,5.208,5.26,5.26,5.156,5.284,5.335,5.335,5.233
2023-11-17,3.685,3.731,3.731,3.639,3.68,3.729,3.729,3.631,3.69,3.749,3.631,3.764,3.782,3.746,5.21,5.265,5.265,5.155,5.2955,5.345,5.345,5.246
2023-11-20,3.689,3.735,3.735,3.643,3.6935,3.766,3.766,3.621,3.513,3.592,3.434,3.805,3.823,3.787,5.204,5.265,5.265,5.143,5.3,5.349,5.349,5.251
2023-11-21,3.621,3.667,3.667,3.575,3.622,3.657,3.657,3.587,3.442,3.521,3.363,3.793,3.811,3.775,5.3105,5.361,5.361,5.26,5.3,5.35,5.35,5.25
2023-11-22,3.622,3.668,3.668,3.576,3.659,3.694,3.694,3.624,3.645,3.724,3.566,3.788,3.806,3.77,5.261,5.313,5.313,5.209,5.3095,5.36,5.36,5.259
2023-11-23,3.57,3.616,3.616,3.524,3.663,3.698,3.698,3.628,3.643,3.722,3.564,3.7785,3.802,3.755,5.239,5.29,5.29,5.188,5.323,5.374,5.374,5.272
2023-11-24,3.58,3.626,3.626,3.534,3.641,3.676,3.676,3.606,3.67,3.749,3.591,3.7725,3.796,3.749,5.261,5.311,5.311,5.211,5.3085,5.358,5.358,5.259
2023-11-27,3.618,3.664,3.664,3.572,3.654,3.689,3.689,3.619,3.673,3.706,3.64,3.7695,3.793,3.746,5.245,5.3,5.3,5.19,5.2865,5.335,5.335,5.238
2023-11-28,3.633,3.679,3.679,3.587,3.638,3.673,3.673,3.603,3.6696,3.6796,3.6596,3.772,3.782,3.762,5.2575,5.308,5.308,5.207,5.279,5.329,5.329,5.229
2023-11-29,3.621,3.667,3.667,3.575,3.6385,3.672,3.672,3.605,3.649,3.682,3.616,3.7605,3.784,3.737,5.2485,5.301,5.301,5.196,5.2755,5.326,5.326,5.225
2023-11-30,3.63,3.676,3.676,3.584,3.664,3.699,3.699,3.629,3.659,3.692,3.626,3.758,3.768,3.748,5.2725,5.32,5.32,5.225,5.2715,5.323,5.323,5.22
2023-12-01,3.635,3.681,3.681,3.589,3.659,3.685,3.685,3.633,3.66,3.693,3.627,3.7465,3.77,3.723,5.3055,5.355,5.355,5.256,5.2785,5.328,5.328,5.229
2023-12-04,3.641,3.687,3.687,3.595,3.701,3.732,3.732,3.67,3.6542,3.6642,3.6442,3.7766,3.7866,3.7666,5.254,5.302,5.302,5.206,5.273,5.322,5.322,5.224
2023-12-05,3.709,3.755,3.755,3.663,3.706,3.737,3.737,3.675,3.623,3.633,3.613,3.7757,3.7857,3.7657,5.1955,5.248,5.248,5.143,5.288,5.338,5.338,5.238
2023-12-06,3.661,3.707,3.707,3.615,3.715,3.746,3.746,3.684,3.612,3.645,3.579,3.764,3.78,3.748,5.1905,5.238,5.238,5.143,5.267,5.318,5.318,5.216
2023-12-07,3.5845,3.616,3.616,3.553,3.681,3.712,3.712,3.65,3.613,3.646,3.58,3.756,3.766,3.746,5.2205,5.27,5.27,5.171,5.2715,5.323,5.323,5.22
2023-12-08,3.6185,3.65,3.65,3.587,3.662,3.718,3.718,3.606,3.597,3.63,3.564,3.7408,3.7508,3.7308,5.2085,5.26,5.26,5.157,5.2875,5.337,5.337,5.238
2023-12-11,3.6485,3.68,3.68,3.617,3.693,3.724,3.724,3.662,3.645,3.679,3.611,3.7372,3.7472,3.7272,5.209,5.259,5.259,5.159,5.273,5.322,5.322,5.224
2023-12-12,3.6705,3.702,3.702,3.639,3.695,3.726,3.726,3.664,3.64,3.674,3.606,3.7245,3.76,3.689,5.218,5.266,5.266,5.17,5.254,5.304,5.304,5.204
2023-12-13,3.6715,3.703,3.703,3.64,3.7,3.731,3.731,3.669,3.634,3.668,3.6,3.7305,3.766,3.695,5.2205,5.27,5.27,5.171,5.2715,5.322,5.322,5.221
2023-12-14,3.6685,3.7,3.7,3.637,3.6455,3.705,3.705,3.586,3.575,3.609,3.541,3.733,3.743,3.723,5.2085,5.26,5.26,5.157,5.2545,5.306,5.306,5.203
2023-12-15,3.6575,3.689,3.689,3.626,3.659,3.69,3.69,3.628,3.573,3.607,3.539,3.7225,3.758,3.687,5.196,5.25,5.25,5.142,5.2785,5.328,5.328,5.229
2023-12-18,3.6455,3.677,3.677,3.614,3.6595,3.692,3.692,3.627,3.6615,3.727,3.596,3.7365,3.775,3.698,5.2125,5.265,5.265,5.16,5.251,5.3,5.3,5.202
2023-12-19,3.6585,3.69,3.69,3.627,3.631,3.666,3.666,3.596,3.49,3.59,3.39,3.6595,3.698,3.621,5.218,5.266,5.266,5.17,5.271,5.321,5.321,5.221
2023-12-20,3.6105,3.642,3.642,3.579,3.6765,3.72,3.72,3.633,3.5825,3.648,3.517,3.654,3.664,3.644,5.2205,5.27,5.27,5.171,5.246,5.297,5.297,5.195
2023-12-21,3.6575,3.689,3.689,3.626,3.585,3.62,3.62,3.55,3.5235,3.589,3.458,3.5115,3.55,3.473,5.2085,5.26,5.26,5.157,5.2545,5.306,5.306,5.203
2023-12-22,3.6225,3.654,3.654,3.591,3.586,3.621,3.621,3.551,3.5285,3.594,3.463,3.6175,3.656,3.579,5.2115,5.265,5.265,5.158,5.2525,5.302,5.302,5.203
2023-12-27,3.623,3.663,3.663,3.583,3.594,3.629,3.629,3.559,3.6094,3.6194,3.5994,3.6,3.61,3.59,5.23,5.278,5.278,5.182,5.247,5.297,5.297,5.197
2023-12-28,3.6,3.64,3.64,3.56,3.585,3.62,3.62,3.55,3.608,3.682,3.534,3.608,3.618,3.598,5.1945,5.246,5.246,5.143,5.229,5.28,5.28,5.178
2023-12-29,3.612,3.652,3.652,3.572,3.56,3.595,3.595,3.525,3.512,3.586,3.438,3.61,3.62,3.6,5.1805,5.234,5.234,5.127,5.2435,5.293,5.293,5.194
2024-01-02,3.751,3.791,3.791,3.711,3.612,3.647,3.647,3.577,3.829,3.903,3.755,3.743,3.753,3.733,5.1885,5.234,5.234,5.143,5.2465,5.296,5.296,5.197
2024-01-03,3.762,3.802,3.802,3.722,3.665,3.7,3.7,3.63,3.76,3.834,3.686,3.693,3.703,3.683,5.2105,5.259,5.259,5.162,5.247,5.297,5.297,5.197
2024-01-04,3.73,3.77,3.77,3.69,3.673,3.708,3.708,3.638,3.775,3.849,3.701,3.692,3.702,3.682,5.215,5.266,5.266,5.164,5.2425,5.293,5.293,5.192
2024-01-05,3.8785,3.939,3.939,3.818,3.681,3.716,3.716,3.646,3.806,3.88,3.732,3.692,3.744,3.64,5.219,5.273,5.273,5.165,5.208,5.257,5.257,5.159
2024-01-08,3.8615,3.922,3.922,3.801,3.704,3.739,3.739,3.669,3.803,3.877,3.729,3.83,3.852,3.808,5.1985,5.251,5.251,5.146,5.2165,5.267,5.267,5.166
2024-01-09,3.8995,3.96,3.96,3.839,3.742,3.777,3.777,3.707,3.796,3.87,3.722,3.83,3.852,3.808,5.2315,5.279,5.279,5.184,5.238,5.288,5.288,5.188
2024-01-10,3.9175,3.978,3.978,3.857,3.788,3.823,3.823,3.753,3.794,3.868,3.72,3.837,3.859,3.815,5.1925,5.242,5.242,5.143,5.2085,5.259,5.259,5.158
2024-01-11,3.9885,4.049,4.049,3.928,3.791,3.826,3.826,3.756,3.791,3.865,3.717,3.834,3.856,3.812,5.2235,5.275,5.275,5.172,5.238,5.289,5.289,5.187
2024-01-12,3.661,3.671,3.671,3.651,3.804,3.839,3.839,3.769,3.781,3.855,3.707,3.8341,3.8441,3.8241,5.2115,5.265,5.265,5.158,5.2055,5.255,5.255,5.156
2024-01-15,3.7335,3.785,3.785,3.682,3.814,3.858,3.858,3.77,3.816,3.89,3.742,3.8115,3.831,3.792,5.2125,5.265,5.265,5.16,5.198,5.247,5.247,5.149
2024-01-16,3.7465,3.798,3.798,3.695,3.817,3.861,3.861,3.773,3.809,3.883,3.735,3.8135,3.833,3.794,5.218,5.266,5.266,5.17,5.2,5.25,5.25,5.15
2024-01-17,3.744,3.815,3.815,3.673,3.7945,3.851,3.851,3.738,3.815,3.889,3.741,3.815,3.825,3.805,5.2205,5.27,5.27,5.171,5.1915,5.242,5.242,5.141
2024-01-18,3.724,3.795,3.795,3.653,3.7965,3.853,3.853,3.74,3.814,3.888,3.74,3.837,3.847,3.827,5.1945,5.246,5.246,5.143,5.212,5.263,5.263,5.161
2024-01-19,3.709,3.78,3.78,3.638,3.7825,3.839,3.839,3.726,3.814,3.888,3.74,3.8375,3.857,3.818,5.2115,5.265,5.265,5.158,5.1965,5.246,5.246,5.147
2024-01-22,3.743,3.814,3.814,3.672,3.7855,3.842,3.842,3.729,3.803,3.877,3.729,3.8065,3.826,3.787,5.2125,5.265,5.265,5.16,5.211,5.26,5.26,5.162
2024-01-23,3.7695,3.844,3.844,3.695,3.807,3.827,3.827,3.787,3.809,3.883,3.735,3.7965,3.816,3.777,5.218,5.266,5.266,5.17,5.221,5.271,5.271,5.171
2024-01-24,3.7665,3.841,3.841,3.692,3.769,3.809,3.809,3.729,3.801,3.875,3.727,3.7715,3.791,3.752,5.2065,5.256,5.256,5.157,5.2205,5.271,5.271,5.17
2024-01-25,3.745,3.81,3.81,3.68,3.779,3.799,3.799,3.759,3.806,3.88,3.732,3.76,3.77,3.75,5.2085,5.26,5.26,5.157,5.216,5.267,5.267,5.165
2024-01-26,3.789,3.871,3.871,3.707,3.739,3.779,3.779,3.699,3.747,3.757,3.737,3.7675,3.787,3.748,5.2115,5.265,5.265,5.158,5.2185,5.268,5.268,5.169
2024-01-29,3.797,3.883,3.883,3.711,3.733,3.773,3.773,3.693,3.836,3.91,3.762,3.82,3.837,3.803,5.195,5.247,5.247,5.143,5.193,5.242,5.242,5.144
2024-01-30,3.801,3.841,3.841,3.761,3.741,3.781,3.781,3.701,3.829,3.903,3.755,3.824,3.834,3.814,5.177,5.225,5.225,5.129,5.179,5.229,5.229,5.129
2024-01-31,3.819,3.859,3.859,3.779,3.696,3.736,3.736,3.656,3.829,3.903,3.755,3.798,3.808,3.788,5.1925,5.242,5.242,5.143,5.1535,5.204,5.204,5.103
2024-02-01,3.8505,3.925,3.925,3.776,3.695,3.735,3.735,3.655,3.8127,3.8227,3.8027,3.822,3.827,3.817,5.1645,5.216,5.216,5.113,5.165,5.216,5.216,5.114
2024-02-02,3.8505,3.925,3.925,3.776,3.706,3.711,3.711,3.701,3.8052,3.8152,3.7952,3.823,3.84,3.806,5.1805,5.234,5.234,5.127,5.1535,5.203,5.203,5.104
2024-02-05,3.8505,3.925,3.925,3.776,3.738,3.778,3.778,3.698,3.796,3.853,3.739,3.827,3.844,3.81,5.1775,5.23,5.23,5.125,5.149,5.198,5.198,5.1
2024-02-06,3.8655,3.94,3.94,3.791,3.739,3.779,3.779,3.699,3.802,3.859,3.745,3.818,3.835,3.801,5.177,5.225,5.225,5.129,5.1715,5.221,5.221,5.122
2024-02-07,3.8675,3.942,3.942,3.793,3.74,3.78,3.78,3.7,3.809,3.866,3.752,3.812,3.822,3.802,5.1785,5.228,5.228,5.129,5.171,5.221,5.221,5.121
2024-02-08,3.8765,3.951,3.951,3.802,3.731,3.751,3.751,3.711,3.805,3.815,3.795,3.816,3.833,3.799,5.1945,5.246,5.246,5.143,5.2035,5.254,5.254,5.153
2024-02-09,3.9255,4.0,4.0,3.851,3.774,3.814,3.814,3.734,3.836,3.893,3.779,3.83,3.835,3.825,5.1805,5.234,5.234,5.127,5.2035,5.254,5.254,5.153
2024-02-12,3.9125,3.987,3.987,3.838,3.77,3.81,3.81,3.73,3.825,3.85,3.8,3.831,3.848,3.814,5.195,5.247,5.247,5.143,5.1825,5.233,5.233,5.132
2024-02-13,3.8425,3.892,3.892,3.793,3.7675,3.806,3.806,3.729,3.807,3.859,3.755,3.833,3.85,3.816,5.1905,5.238,5.238,5.143,5.188,5.238,5.238,5.138
2024-02-14,3.8425,3.892,3.892,3.793,3.7625,3.801,3.801,3.724,3.786,3.838,3.734,3.831,3.841,3.821,5.1925,5.242,5.242,5.143,5.1785,5.229,5.229,5.128
2024-02-15,3.8435,3.893,3.893,3.794,3.7635,3.802,3.802,3.725,3.789,3.799,3.779,3.83,3.847,3.813,5.1945,5.246,5.246,5.143,5.195,5.246,5.246,5.144
2024-02-16,3.8445,3.894,3.894,3.795,3.7685,3.807,3.807,3.73,3.789,3.799,3.779,3.825,3.842,3.808,5.1805,5.234,5.234,5.127,5.201,5.25,5.25,5.152
2024-02-19,3.7735,3.823,3.823,3.724,3.7175,3.756,3.756,3.679,3.8395,3.9,3.779,3.827,3.844,3.81,5.195,5.247,5.247,5.143,5.202,5.251,5.251,5.153
2024-02-20,3.8245,3.874,3.874,3.775,3.7055,3.744,3.744,3.667,3.8475,3.908,3.787,3.825,3.835,3.815,5.218,5.266,5.266,5.17,5.2085,5.258,5.258,5.159
2024-02-21,3.8245,3.874,3.874,3.775,3.7165,3.755,3.755,3.678,3.8321,3.8421,3.8221,3.822,3.839,3.805,5.2065,5.256,5.256,5.157,5.1915,5.242,5.242,5.141
2024-02-22,3.8165,3.866,3.866,3.767,3.7445,3.783,3.783,3.706,3.8525,3.913,3.792,3.821,3.838,3.804,5.2085,5.26,5.26,5.157,5.199,5.25,5.25,5.148
2024-02-23,3.8245,3.874,3.874,3.775,3.7335,3.772,3.772,3.695,3.8385,3.899,3.778,3.826,3.843,3.809,5.196,5.25,5.25,5.142,5.1965,5.246,5.246,5.147
2024-02-26,3.78,3.857,3.857,3.703,3.7395,3.778,3.778,3.701,3.7855,3.826,3.745,3.856,3.866,3.846,5.195,5.247,5.247,5.143,5.206,5.255,5.255,5.157
2024-02-27,3.779,3.856,3.856,3.702,3.7625,3.796,3.796,3.729,3.7855,3.826,3.745,3.85,3.875,3.825,5.1905,5.238,5.238,5.143,5.2005,5.25,5.25,5.151
2024-02-28,3.778,3.855,3.855,3.701,3.7415,3.775,3.775,3.708,3.7855,3.826,3.745,3.846,3.871,3.821,5.1925,5.242,5.242,5.143,5.213,5.263,5.263,5.163
2024-02-29,3.752,3.829,3.829,3.675,3.7495,3.783,3.783,3.716,3.7945,3.835,3.754,3.8435,3.856,3.831,5.1945,5.246,5.246,5.143,5.2085,5.259,5.259,5.158
2024-03-01,3.7135,3.755,3.755,3.672,3.7585,3.787,3.787,3.73,3.7865,3.827,3.746,3.864,3.889,3.839,5.196,5.25,5.25,5.142,5.208,5.259,5.259,5.157
2024-03-04,3.748,3.823,3.823,3.673,3.748,3.773,3.773,3.723,3.8155,3.865,3.766,3.8455,3.858,3.833,5.2295,5.282,5.282,5.177,5.209,5.26,5.26,5.158
2024-03-05,3.746,3.821,3.821,3.671,3.7405,3.769,3.769,3.712,3.8035,3.853,3.754,3.847,3.857,3.837,5.2085,5.261,5.261,5.156,5.221,5.271,5.271,5.171
2024-03-06,3.746,3.821,3.821,3.671,3.708,3.713,3.713,3.703,3.804,3.814,3.794,3.8405,3.853,3.828,5.2045,5.252,5.252,5.157,5.2085,5.259,5.259,5.158
2024-03-07,3.745,3.82,3.82,3.67,3.7225,3.751,3.751,3.694,3.8105,3.86,3.761,3.867,3.892,3.842,5.1925,5.242,5.242,5.143,5.229,5.28,5.28,5.178
2024-03-08,3.7465,3.822,3.822,3.671,3.716,3.741,3.741,3.691,3.813,3.823,3.803,3.847,3.857,3.837,5.2085,5.26,5.26,5.157,5.2135,5.263,5.263,5.164
2024-03-11,3.7885,3.853,3.853,3.724,3.7355,3.764,3.764,3.707,3.78,3.813,3.747,3.8515,3.868,3.835,5.209,5.259,5.259,5.159,5.206,5.255,5.255,5.157
2024-03-12,3.8165,3.908,3.908,3.725,3.761,3.792,3.792,3.73,3.793,3.826,3.76,3.8495,3.866,3.833,5.218,5.266,5.266,5.17,5.204,5.254,5.254,5.154
2024-03-13,3.817,3.914,3.914,3.72,3.739,3.77,3.77,3.708,3.779,3.812,3.746,3.8535,3.87,3.837,5.2205,5.27,5.27,5.171,5.2085,5.259,5.259,5.158
2024-03-14,3.801,3.876,3.876,3.726,3.746,3.777,3.777,3.715,3.797,3.807,3.787,3.858,3.868,3.848,5.2085,5.26,5.26,5.157,5.2035,5.254,5.254,5.153
2024-03-15,3.802,3.877,3.877,3.727,3.724,3.749,3.749,3.699,3.778,3.811,3.745,3.8565,3.873,3.84,5.2115,5.265,5.265,5.158,5.2095,5.259,5.259,5.16
2024-03-18,3.96,3.97,3.97,3.95,3.74,3.771,3.771,3.709,3.8095,3.859,3.76,3.86,3.88,3.84,5.2125,5.265,5.265,5.16,5.206,5.255,5.255,5.157
2024-03-19,3.67,3.675,3.675,3.665,3.7015,3.736,3.736,3.667,3.7965,3.846,3.747,3.834,3.844,3.824,5.218,5.266,5.266,5.17,5.233,5.283,5.283,5.183
2024-03-20,3.772,3.797,3.797,3.747,3.6985,3.733,3.733,3.664,3.7815,3.831,3.732,3.8325,3.849,3.816,5.2205,5.27,5.27,5.171,5.2165,5.267,5.267,5.166
2024-03-21,3.671,3.676,3.676,3.666,3.6945,3.729,3.729,3.66,3.7785,3.828,3.729,3.8275,3.844,3.811,5.1795,5.231,5.231,5.128,5.182,5.233,5.233,5.131
2024-03-22,3.624,3.629,3.629,3.619,3.719,3.744,3.744,3.694,3.7695,3.819,3.72,3.8065,3.823,3.79,5.1805,5.234,5.234,5.127,5.1835,5.233,5.233,5.134
2024-03-25,3.544,3.549,3.549,3.539,3.662,3.698,3.698,3.626,3.7455,3.776,3.715,3.8505,3.871,3.83,5.195,5.247,5.247,5.143,5.215,5.264,5.264,5.166
2024-03-26,3.603,3.608,3.608,3.598,3.689,3.725,3.725,3.653,3.7305,3.761,3.7,3.8455,3.866,3.825,5.218,5.266,5.266,5.17,5.229,5.279,5.279,5.179
2024-03-27,3.6365,3.641,3.641,3.632,3.688,3.713,3.713,3.663,3.7425,3.773,3.712,3.8385,3.859,3.818,5.2345,5.284,5.284,5.185,5.2335,5.284,5.284,5.183
2024-03-28,3.6,3.605,3.605,3.595,3.709,3.745,3.745,3.673,3.7745,3.805,3.744,3.8385,3.859,3.818,5.2385,5.29,5.29,5.187,5.225,5.276,5.276,5.174
2024-04-02,3.613,3.618,3.618,3.608,3.724,3.76,3.76,3.688,3.7905,3.84,3.741,3.8025,3.82,3.785,5.262,5.308,5.308,5.216,5.2285,5.278,5.278,5.179
2024-04-03,3.643,3.648,3.648,3.638,3.753,3.789,3.789,3.717,3.8042,3.8142,3.7942,3.818,3.828,3.808,5.2205,5.27,5.27,5.171,5.2925,5.343,5.343,5.242
2024-04-04,3.72,3.725,3.725,3.715,3.758,3.794,3.794,3.722,3.8423,3.8523,3.8323,3.8105,3.831,3.79,5.2385,5.29,5.29,5.187,5.2035,5.254,5.254,5.153
2024-04-05,3.757,3.762,3.762,3.752,3.766,3.802,3.802,3.73,3.8415,3.891,3.792,3.7995,3.82,3.779,5.2725,5.326,5.326,5.219,5.231,5.28,5.28,5.182
2024-04-08,3.753,3.758,3.758,3.748,3.739,3.775,3.775,3.703,3.747,3.757,3.737,3.8315,3.843,3.82,5.2475,5.3,5.3,5.195,5.229,5.278,5.278,5.18
2024-04-09,3.807,3.812,3.812,3.802,3.753,3.789,3.789,3.717,3.762,3.772,3.752,3.8245,3.836,3.813,5.2485,5.301,5.301,5.196,5.204,5.254,5.254,5.154
2024-04-10,3.776,3.781,3.781,3.771,3.718,3.754,3.754,3.682,3.755,3.799,3.711,3.8355,3.847,3.824,5.218,5.266,5.266,5.17,5.2205,5.271,5.271,5.17
2024-04-11,3.856,3.861,3.861,3.851,3.681,3.711,3.711,3.651,3.79,3.8,3.78,3.826,3.836,3.816,5.2345,5.284,5.284,5.185,5.2035,5.254,5.254,5.153
2024-04-12,3.77,3.87,3.87,3.67,3.668,3.698,3.698,3.638,3.785,3.829,3.741,3.8235,3.835,3.812,5.2385,5.29,5.29,5.187,5.1925,5.242,5.242,5.143
2024-04-15,3.779,3.815,3.815,3.743,3.658,3.692,3.692,3.624,3.8245,3.874,3.775,3.8275,3.839,3.816,5.209,5.259,5.259,5.159,5.211,5.26,5.26,5.162
2024-04-16,3.771,3.807,3.807,3.735,3.634,3.668,3.668,3.6,3.8195,3.869,3.77,3.8225,3.834,3.811,5.218,5.266,5.266,5.17,5.225,5.275,5.275,5.175
2024-04-17,3.721,3.757,3.757,3.685,3.629,3.663,3.663,3.595,3.8255,3.875,3.776,3.8275,3.839,3.816,5.2205,5.27,5.27,5.171,5.2295,5.28,5.28,5.179
2024-04-18,3.733,3.769,3.769,3.697,3.621,3.651,3.651,3.591,3.8215,3.871,3.772,3.818,3.828,3.808,5.2235,5.275,5.275,5.172,5.195,5.246,5.246,5.144
2024-04-19,3.672,3.708,3.708,3.636,3.621,3.655,3.655,3.587,3.8225,3.872,3.773,3.8185,3.83,3.807,5.2265,5.28,5.28,5.173,5.1965,5.246,5.246,5.147
2024-04-22,3.7695,3.814,3.814,3.725,3.618,3.652,3.652,3.584,3.8195,3.869,3.77,3.8315,3.848,3.815,5.2125,5.265,5.265,5.16,5.211,5.26,5.26,5.162
2024-04-23,3.7405,3.785,3.785,3.696,3.601,3.606,3.606,3.596,3.8255,3.875,3.776,3.8265,3.843,3.81,5.2455,5.293,5.293,5.198,5.217,5.267,5.267,5.167
2024-04-24,3.702,3.752,3.752,3.652,3.601,3.631,3.631,3.571,3.8315,3.881,3.782,3.8265,3.843,3.81,5.2485,5.298,5.298,5.199,5.1995,5.25,5.25,5.149
2024-04-25,3.7675,3.812,3.812,3.723,3.6,3.605,3.605,3.595,3.8225,3.872,3.773,3.8185,3.835,3.802,5.2385,5.29,5.29,5.187,5.225,5.276,5.276,5.174
2024-04-26,3.8375,3.882,3.882,3.793,3.602,3.607,3.607,3.597,3.8295,3.879,3.78,3.8205,3.837,3.804,5.242,5.296,5.296,5.188,5.2355,5.285,5.285,5.186
2024-04-29,3.8565,3.901,3.901,3.812,3.607,3.612,3.612,3.602,3.8255,3.875,3.776,3.808,3.818,3.798,5.2475,5.3,5.3,5.195,5.224,5.273,5.273,5.175
2024-04-30,3.8005,3.845,3.845,3.756,3.619,3.649,3.649,3.589,3.8265,3.876,3.777,3.8055,3.822,3.789,5.222,5.275,5.275,5.169,5.2085,5.258,5.258,5.159
2024-05-01,,,,,,,,,,,,,,,5.2315,5.279,5.279,5.184,5.1955,5.246,5.246,5.145
2024-05-02,3.7995,3.844,3.844,3.755,3.5765,3.6,3.6,3.553,3.8225,3.872,3.773,3.7935,3.81,3.777,5.2345,5.284,5.284,5.185,5.191,5.242,5.242,5.14
2024-05-03,3.8215,3.866,3.866,3.777,3.581,3.586,3.586,3.576,3.8115,3.861,3.762,3.7905,3.807,3.774,5.1945,5.246,5.246,5.143,5.2095,5.259,5.259,5.16
2024-05-06,3.7985,3.843,3.843,3.754,3.604,3.634,3.634,3.574,3.8145,3.864,3.765,3.81,3.82,3.8,,,,,,,,
2024-05-07,3.8275,3.872,3.872,3.783,3.603,3.633,3.633,3.573,3.8205,3.87,3.771,3.8025,3.814,3.791,5.2125,5.265,5.265,5.16,5.1925,5.242,5.242,5.143
2024-05-08,3.8335,3.878,3.878,3.789,3.6425,3.676,3.676,3.609,3.8265,3.876,3.777,3.8015,3.813,3.79,5.2065,5.256,5.256,5.157,5.1745,5.225,5.225,5.124
2024-05-09,3.8865,3.931,3.931,3.842,3.6415,3.675,3.675,3.608,3.8285,3.878,3.779,3.7955,3.807,3.784,5.2235,5.275,5.275,5.172,5.191,5.242,5.242,5.14
2024-05-10,3.78,3.785,3.785,3.775,3.6415,3.675,3.675,3.608,3.835,3.845,3.825,3.8015,3.813,3.79,5.2575,5.311,5.311,5.204,5.1795,5.229,5.229,5.13
2024-05-13,3.78,3.785,3.785,3.775,3.6245,3.658,3.658,3.591,3.8005,3.821,3.78,3.7875,3.799,3.776,5.2125,5.265,5.265,5.16,5.198,5.247,5.247,5.149
2024-05-14,,,,,3.6295,3.663,3.663,3.596,3.8055,3.826,3.785,3.768,3.778,3.758,5.218,5.266,5.266,5.17,5.179,5.229,5.229,5.129
2024-05-15,3.672,3.677,3.677,3.667,3.617,3.647,3.647,3.587,3.8115,3.832,3.791,3.761,3.771,3.751,5.2635,5.313,5.313,5.214,5.166,5.216,5.216,5.116
2024-05-16,3.653,3.658,3.658,3.648,3.606,3.611,3.611,3.601,3.7935,3.814,3.773,3.756,3.766,3.746,5.2525,5.304,5.304,5.201,5.148,5.199,5.199,5.097
2024-05-17,3.654,3.659,3.659,3.649,3.621,3.626,3.626,3.616,3.725,3.735,3.715,3.745,3.76,3.73,5.2115,5.265,5.265,5.158,5.1535,5.203,5.203,5.104
2024-05-20,3.662,3.667,3.667,3.657,3.6015,3.632,3.632,3.571,3.7665,3.776,3.757,3.7595,3.775,3.744,5.2125,5.265,5.265,5.16,5.175,5.224,5.224,5.126
2024-05-21,3.65,3.655,3.655,3.645,3.5845,3.615,3.615,3.554,3.779,3.789,3.769,3.734,3.744,3.724,5.218,5.266,5.266,5.17,5.146,5.196,5.196,5.096
2024-05-22,3.658,3.663,3.663,3.653,3.5895,3.62,3.62,3.559,3.773,3.795,3.751,3.7625,3.778,3.747,5.2345,5.284,5.284,5.185,5.2085,5.259,5.259,5.158
2024-05-23,3.64,3.645,3.645,3.635,3.5785,3.609,3.609,3.548,3.746,3.768,3.724,3.7275,3.743,3.712,5.2235,5.275,5.275,5.172,5.233,5.284,5.284,5.182
2024-05-24,3.633,3.638,3.638,3.628,3.5755,3.606,3.606,3.545,3.749,3.771,3.727,3.7315,3.747,3.716,5.242,5.296,5.296,5.188,5.2185,5.268,5.268,5.169
2024-05-27,3.608,3.613,3.613,3.603,3.5805,3.611,3.611,3.55,3.737,3.759,3.715,3.7205,3.736,3.705,,,,,,,,
2024-05-28,3.616,3.621,3.621,3.611,3.5515,3.582,3.582,3.521,3.708,3.73,3.686,3.7175,3.733,3.702,5.244,5.29,5.29,5.198,5.2195,5.269,5.269,5.17
2024-05-29,3.597,3.602,3.602,3.592,3.558,3.563,3.563,3.553,3.705,3.727,3.683,3.705,3.715,3.695,5.2485,5.298,5.298,5.199,5.225,5.275,5.275,5.175
2024-05-30,3.617,3.622,3.622,3.612,3.534,3.539,3.539,3.529,3.703,3.766,3.64,3.7,3.729,3.671,5.2525,5.304,5.304,5.201,5.2165,5.267,5.267,5.166
2024-05-31,3.593,3.598,3.598,3.588,3.539,3.544,3.544,3.534,3.692,3.702,3.682,3.697,3.707,3.687,5.2265,5.28,5.28,5.173,5.216,5.267,5.267,5.165
2024-06-03,3.528,3.533,3.533,3.523,3.582,3.612,3.612,3.552,3.664,3.718,3.61,3.6995,3.707,3.692,5.2125,5.265,5.265,5.16,5.2005,5.251,5.251,5.15
2024-06-04,3.549,3.554,3.554,3.544,3.534,3.539,3.539,3.529,3.655,3.709,3.601,3.687,3.7,3.674,5.2045,5.252,5.252,5.157,5.221,5.271,5.271,5.171
2024-06-05,3.73,3.74,3.74,3.72,3.568,3.598,3.598,3.538,3.65,3.704,3.596,3.681,3.694,3.668,5.2065,5.256,5.256,5.157,5.2335,5.284,5.284,5.183
2024-06-06,3.523,3.528,3.528,3.518,3.517,3.522,3.522,3.512,3.628,3.682,3.574,3.675,3.688,3.662,5.2085,5.26,5.26,5.157,5.216,5.267,5.267,5.165
2024-06-07,3.468,3.473,3.473,3.463,3.518,3.523,3.523,3.513,3.611,3.621,3.601,3.673,3.686,3.66,5.196,5.25,5.25,5.142,5.2265,5.276,5.276,5.177
2024-06-10,3.612,3.622,3.622,3.602,3.513,3.518,3.518,3.508,3.628,3.682,3.574,3.666,3.679,3.653,5.2475,5.3,5.3,5.195,5.233,5.282,5.282,5.184
2024-06-11,3.452,3.457,3.457,3.447,3.534,3.574,3.574,3.494,3.617,3.671,3.563,3.6665,3.674,3.659,5.2045,5.252,5.252,5.157,5.196,5.246,5.246,5.146
2024-06-12,3.52,3.53,3.53,3.51,3.532,3.572,3.572,3.492,3.595,3.649,3.541,3.661,3.674,3.648,5.2205,5.27,5.27,5.171,5.2165,5.267,5.267,5.166
2024-06-13,3.511,3.516,3.516,3.506,3.528,3.568,3.568,3.488,3.604,3.658,3.55,3.6665,3.679,3.654,5.2235,5.275,5.275,5.172,5.2205,5.272,5.272,5.169
2024-06-14,3.501,3.511,3.511,3.491,3.519,3.559,3.559,3.479,3.603,3.657,3.549,3.657,3.67,3.644,5.2265,5.28,5.28,5.173,5.2095,5.259,5.259,5.16
2024-06-17,3.6,3.61,3.61,3.59,3.466,3.506,3.506,3.426,3.633,3.643,3.623,3.711,3.721,3.701,5.2125,5.265,5.265,5.16,5.233,5.282,5.282,5.184
2024-06-18,3.348,3.353,3.353,3.343,3.471,3.501,3.501,3.441,3.639,3.693,3.585,3.7115,3.731,3.692,5.2315,5.279,5.279,5.184,5.221,5.271,5.271,5.171
2024-06-19,3.296,3.301,3.301,3.291,3.44,3.47,3.47,3.41,3.655,3.709,3.601,3.693,3.703,3.683,5.2485,5.298,5.298,5.199,5.2295,5.28,5.28,5.179
2024-06-20,3.286,3.291,3.291,3.281,3.33,3.335,3.335,3.325,3.642,3.652,3.632,3.689,3.699,3.679,5.2385,5.29,5.29,5.187,5.191,5.242,5.242,5.14
2024-06-21,3.2735,3.337,3.337,3.21,3.336,3.366,3.366,3.306,3.665,3.719,3.611,3.7025,3.722,3.683,5.2575,5.311,5.311,5.204,5.1925,5.242,5.242,5.143
2024-06-24,3.2665,3.33,3.33,3.203,3.371,3.401,3.401,3.341,3.705,3.715,3.695,3.691,3.701,3.681,5.2295,5.282,5.282,5.177,5.198,5.247,5.247,5.149
2024-06-25,3.2585,3.322,3.322,3.195,3.358,3.388,3.388,3.328,3.713,3.767,3.659,3.68,3.69,3.67,5.2455,5.293,5.293,5.198,5.184,5.234,5.234,5.134
2024-06-26,3.2315,3.295,3.295,3.168,3.352,3.382,3.382,3.322,3.71,3.764,3.656,3.678,3.688,3.668,5.2345,5.284,5.284,5.185,5.1955,5.246,5.246,5.145
2024-06-27,3.2865,3.35,3.35,3.223,3.352,3.382,3.382,3.322,3.689,3.767,3.611,3.68,3.69,3.67,5.2525,5.304,5.304,5.201,5.208,5.259,5.259,5.157
2024-06-28,3.2655,3.329,3.329,3.202,3.339,3.369,3.369,3.309,3.704,3.782,3.626,3.715,3.73,3.7,5.242,5.296,5.296,5.188,5.1835,5.233,5.233,5.134
2024-07-01,3.3065,3.37,3.37,3.243,3.3,3.34,3.34,3.26,3.67,3.748,3.592,3.696,3.734,3.658,5.2295,5.282,5.282,5.177,5.206,5.255,5.255,5.157
2024-07-02,3.3125,3.376,3.376,3.249,3.3525,3.392,3.392,3.313,3.666,3.744,3.588,3.681,3.719,3.643,5.2455,5.293,5.293,5.198,5.175,5.225,5.225,5.125
2024-07-03,3.3645,3.428,3.428,3.301,3.351,3.381,3.381,3.321,3.667,3.745,3.589,3.679,3.717,3.641,5.2485,5.298,5.298,5.199,5.1705,5.221,5.221,5.12
2024-07-04,3.3485,3.412,3.412,3.285,3.355,3.385,3.385,3.325,3.671,3.681,3.661,3.691,3.729,3.653,5.2385,5.29,5.29,5.187,5.178,5.229,5.229,5.127
2024-07-05,3.3635,3.427,3.427,3.3,3.356,3.386,3.386,3.326,3.66,3.738,3.582,3.666,3.704,3.628,5.2265,5.28,5.28,5.173,5.1535,5.203,5.203,5.104
2024-07-08,3.4075,3.471,3.471,3.344,3.371,3.421,3.421,3.321,3.661,3.671,3.651,3.668,3.706,3.63,5.2475,5.3,5.3,5.195,5.206,5.255,5.255,5.157
2024-07-09,3.4375,3.501,3.501,3.374,3.351,3.401,3.401,3.301,3.665,3.675,3.655,3.668,3.706,3.63,5.2315,5.279,5.279,5.184,5.167,5.217,5.217,5.117
2024-07-10,3.4485,3.522,3.522,3.375,3.425,3.465,3.465,3.385,3.672,3.682,3.662,3.661,3.699,3.623,5.2205,5.27,5.27,5.171,5.1825,5.233,5.233,5.132
2024-07-11,3.4615,3.525,3.525,3.398,3.418,3.458,3.458,3.378,3.659,3.669,3.649,3.6475,3.655,3.64,5.2385,5.29,5.29,5.187,5.174,5.225,5.225,5.123
2024-07-12,3.447,3.497,3.497,3.397,3.417,3.457,3.457,3.377,3.661,3.671,3.651,3.657,3.667,3.647,5.2265,5.28,5.28,5.173,5.1755,5.225,5.225,5.126
2024-07-15,3.4585,3.519,3.519,3.398,3.419,3.459,3.459,3.379,3.687,3.737,3.637,3.6525,3.655,3.65,5.2295,5.282,5.282,5.177,5.215,5.264,5.264,5.166
2024-07-16,3.447,3.497,3.497,3.397,3.418,3.458,3.458,3.378,3.688,3.738,3.638,3.639,3.657,3.621,5.2045,5.252,5.252,5.157,5.171,5.221,5.221,5.121
2024-07-17,3.429,3.463,3.463,3.395,3.416,3.456,3.456,3.376,3.689,3.739,3.639,3.636,3.654,3.618,5.2345,5.284,5.284,5.185,5.1875,5.238,5.238,5.137
2024-07-18,3.263,3.313,3.313,3.213,3.42,3.46,3.46,3.38,3.687,3.737,3.637,3.633,3.651,3.615,5.1945,5.246,5.246,5.143,5.165,5.216,5.216,5.114
2024-07-19,3.263,3.313,3.313,3.213,3.422,3.462,3.462,3.382,3.688,3.738,3.638,3.63,3.64,3.62,5.1805,5.234,5.234,5.127,5.1755,5.225,5.225,5.126
2024-07-22,3.324,3.385,3.385,3.263,3.414,3.454,3.454,3.374,3.656,3.694,3.618,3.622,3.64,3.604,5.195,5.247,5.247,5.143,5.198,5.247,5.247,5.149
2024-07-23,3.3145,3.365,3.365,3.264,3.405,3.445,3.445,3.365,3.662,3.7,3.624,3.608,3.626,3.59,5.1905,5.238,5.238,5.143,5.167,5.217,5.217,5.117
2024-07-24,3.316,3.366,3.366,3.266,3.396,3.436,3.436,3.356,3.658,3.696,3.62,3.597,3.615,3.579,5.1925,5.242,5.242,5.143,5.1785,5.229,5.229,5.128
2024-07-25,3.315,3.365,3.365,3.265,3.39,3.43,3.43,3.35,3.644,3.682,3.606,3.597,3.615,3.579,5.1495,5.201,5.201,5.098,5.178,5.229,5.229,5.127
2024-07-26,3.314,3.364,3.364,3.264,3.391,3.431,3.431,3.351,3.632,3.67,3.594,3.599,3.617,3.581,5.1345,5.188,5.188,5.081,5.1495,5.199,5.199,5.1
2024-07-29,3.316,3.366,3.366,3.266,3.388,3.428,3.428,3.348,3.592,3.63,3.554,3.6025,3.61,3.595,5.1075,5.16,5.16,5.055,5.149,5.198,5.198,5.1
2024-07-30,3.315,3.365,3.365,3.265,3.384,3.424,3.424,3.344,3.559,3.597,3.521,3.6,3.605,3.595,5.1035,5.156,5.156,5.051,5.1045,5.154,5.154,5.055
2024-07-31,3.315,3.365,3.365,3.265,3.337,3.377,3.377,3.297,3.557,3.595,3.519,3.604,3.609,3.599,5.0955,5.143,5.143,5.048,5.0905,5.141,5.141,5.04
2024-08-01,3.314,3.364,3.364,3.264,3.328,3.368,3.368,3.288,3.557,3.595,3.519,3.581,3.586,3.576,4.9375,4.987,4.987,4.888,5.008,5.059,5.059,4.957
2024-08-02,3.313,3.363,3.363,3.263,3.306,3.346,3.346,3.266,3.542,3.58,3.504,3.557,3.567,3.547,5.0175,5.069,5.069,4.966,4.9945,5.044,5.044,4.945
2024-08-05,3.4955,3.5,3.5,3.491,3.271,3.276,3.276,3.266,3.571,3.609,3.533,3.545,3.555,3.535,4.992,5.042,5.042,4.942,4.9575,5.006,5.006,4.909
2024-08-06,3.522,3.526,3.526,3.518,3.26,3.265,3.265,3.255,3.559,3.597,3.521,3.547,3.557,3.537,5.0,5.048,5.048,4.952,4.98,5.03,5.03,4.93
2024-08-07,3.529,3.534,3.534,3.524,3.265,3.27,3.27,3.26,3.568,3.606,3.53,3.556,3.566,3.546,5.0085,5.058,5.058,4.959,4.9765,5.027,5.027,4.926
2024-08-08,3.543,3.548,3.548,3.538,3.268,3.273,3.273,3.263,3.57,3.58,3.56,3.548,3.558,3.538,5.0025,5.054,5.054,4.951,4.987,5.038,5.038,4.936
2024-08-09,3.535,3.54,3.54,3.53,3.273,3.278,3.278,3.268,3.54,3.55,3.53,3.551,3.561,3.541,4.9975,5.051,5.051,4.944,4.9775,5.027,5.027,4.928
2024-08-12,3.7145,3.78,3.78,3.649,3.267,3.272,3.272,3.262,3.488,3.526,3.45,3.544,3.581,3.507,5.0025,5.055,5.055,4.95,4.9885,5.037,5.037,4.94
2024-08-13,3.3475,3.398,3.398,3.297,3.3045,3.347,3.347,3.262,3.49,3.528,3.452,3.534,3.571,3.497,5.0,5.048,5.048,4.952,4.98,5.03,5.03,4.93
2024-08-14,3.368,3.418,3.418,3.318,3.3075,3.35,3.35,3.265,3.502,3.54,3.464,3.534,3.544,3.524,4.9945,5.044,5.044,4.945,4.9935,5.044,5.044,4.943
2024-08-15,3.395,3.445,3.445,3.345,3.3005,3.343,3.343,3.258,3.49,3.528,3.452,3.536,3.546,3.526,5.0025,5.054,5.054,4.951,5.004,5.055,5.055,4.953
2024-08-16,3.4,3.45,3.45,3.35,3.2985,3.341,3.341,3.256,3.492,3.53,3.454,3.521,3.536,3.506,5.0125,5.066,5.066,4.959,4.9865,5.036,5.036,4.937
2024-08-19,3.4,3.45,3.45,3.35,3.2445,3.287,3.287,3.202,3.499,3.537,3.461,3.503,3.54,3.466,5.0205,5.073,5.073,4.968,5.015,5.064,5.064,4.966
2024-08-20,3.4,3.45,3.45,3.35,3.2395,3.282,3.282,3.197,3.516,3.554,3.478,3.488,3.498,3.478,5.0,5.048,5.048,4.952,4.963,5.013,5.013,4.913
2024-08-21,3.4,3.45,3.45,3.35,3.2145,3.257,3.257,3.172,3.491,3.529,3.453,3.477,3.514,3.44,5.0085,5.058,5.058,4.959,4.9685,5.019,5.019,4.918
2024-08-22,3.4,3.45,3.45,3.35,3.2205,3.263,3.263,3.178,3.454,3.492,3.416,3.47,3.507,3.433,5.0175,5.069,5.069,4.966,4.97,5.021,5.021,4.919
2024-08-23,3.4,3.45,3.45,3.35,3.2195,3.262,3.262,3.177,3.467,3.505,3.429,3.462,3.499,3.425,4.9975,5.051,5.051,4.944,4.956,5.005,5.005,4.907
2024-08-26,3.4,3.45,3.45,3.35,3.2115,3.254,3.254,3.169,3.452,3.489,3.415,3.481,3.495,3.467,,,,,,,,
2024-08-27,3.37,3.42,3.42,3.32,3.1625,3.205,3.205,3.12,3.442,3.479,3.405,3.4435,3.493,3.394,5.023,5.069,5.069,4.977,4.9635,5.013,5.013,4.914
2024-08-28,3.4015,3.501,3.501,3.302,3.1605,3.203,3.203,3.118,3.453,3.49,3.416,3.474,3.488,3.46,4.9945,5.044,5.044,4.945,4.9265,4.977,4.977,4.876
2024-08-29,3.436,3.53,3.53,3.342,3.1795,3.222,3.222,3.137,3.442,3.479,3.405,3.456,3.47,3.442,4.9885,5.04,5.04,4.937,4.936,4.987,4.987,4.885
2024-08-30,3.457,3.551,3.551,3.363,3.1895,3.232,3.232,3.147,3.442,3.479,3.405,3.466,3.48,3.452,4.9975,5.051,5.051,4.944,4.9305,4.98,4.98,4.881
2024-09-02,3.46,3.54,3.54,3.38,3.2045,3.247,3.247,3.162,3.437,3.474,3.4,3.47,3.48,3.46,5.0205,5.073,5.073,4.968,4.94,4.989,4.989,4.891
2024-09-03,3.564,3.658,3.658,3.47,3.2035,3.246,3.246,3.161,3.442,3.479,3.405,3.464,3.478,3.45,5.0,5.048,5.048,4.952,4.934,4.984,4.984,4.884
2024-09-04,3.6,3.694,3.694,3.506,3.2105,3.253,3.253,3.168,3.42,3.457,3.383,3.446,3.461,3.431,5.0085,5.058,5.058,4.959,4.9015,4.952,4.952,4.851
2024-09-05,3.539,3.633,3.633,3.445,3.1795,3.222,3.222,3.137,3.442,3.479,3.405,3.441,3.455,3.427,4.9735,5.025,5.025,4.922,4.927,4.978,4.978,4.876
2024-09-06,3.591,3.685,3.685,3.497,3.1675,3.21,3.21,3.125,3.461,3.498,3.424,3.4275,3.445,3.41,4.9975,5.051,5.051,4.944,4.9305,4.98,4.98,4.881
2024-09-09,3.607,3.701,3.701,3.513,3.1965,3.239,3.239,3.154,3.411,3.448,3.374,3.441,3.451,3.431,5.0375,5.09,5.09,4.985,4.915,4.966,4.966,4.864
2024-09-10,3.598,3.692,3.692,3.504,3.1685,3.209,3.209,3.128,3.447,3.484,3.41,3.443,3.46,3.426,5.0135,5.061,5.061,4.966,4.934,4.984,4.984,4.884
2024-09-11,3.554,3.654,3.654,3.454,3.1835,3.224,3.224,3.143,3.447,3.484,3.41,3.423,3.433,3.413,5.0225,5.072,5.072,4.973,4.9395,4.99,4.99,4.889
2024-09-12,3.5,3.6,3.6,3.4,3.1725,3.213,3.213,3.132,3.424,3.461,3.387,3.432,3.442,3.422,4.9885,5.04,5.04,4.937,4.889,4.94,4.94,4.838
2024-09-13,3.465,3.565,3.565,3.365,3.1655,3.206,3.206,3.125,3.417,3.454,3.38,3.406,3.423,3.389,4.9665,5.02,5.02,4.913,4.8655,4.915,4.915,4.816
2024-09-16,3.6,3.61,3.61,3.59,3.177,3.211,3.211,3.143,3.421,3.458,3.384,3.386,3.403,3.369,4.9855,5.038,5.038,4.933,4.8485,4.9,4.9,4.797
2024-09-17,3.044,3.132,3.132,2.956,3.176,3.21,3.21,3.142,3.42,3.457,3.383,3.369,3.379,3.359,4.9455,4.993,4.993,4.898,4.8595,4.909,4.909,4.81
2024-09-18,3.042,3.13,3.13,2.954,3.1475,3.184,3.184,3.111,3.409,3.446,3.372,3.351,3.376,3.326,4.9665,5.016,5.016,4.917,4.876,4.926,4.926,4.826
2024-09-19,3.005,3.093,3.093,2.917,3.1195,3.167,3.167,3.072,3.424,3.461,3.387,3.348,3.358,3.338,5.0025,5.054,5.054,4.951,4.91,4.961,4.961,4.859
2024-09-20,3.0165,3.022,3.022,3.011,3.076,3.081,3.081,3.071,3.404,3.414,3.394,3.349,3.359,3.339,4.9355,4.989,4.989,4.882,4.8955,4.945,4.945,4.846
2024-09-23,3.118,3.206,3.206,3.03,3.0845,3.132,3.132,3.037,3.416,3.453,3.379,3.292,3.309,3.275,4.9505,5.003,5.003,4.898,4.884,4.935,4.935,4.833
2024-09-24,3.075,3.163,3.163,2.987,3.0905,3.138,3.138,3.043,3.362,3.399,3.325,3.259,3.269,3.249,4.9185,4.966,4.966,4.871,4.88,4.93,4.93,4.83
2024-09-25,3.141,3.229,3.229,3.053,3.014,3.019,3.019,3.009,3.375,3.385,3.365,3.233,3.25,3.216,4.9375,4.987,4.987,4.888,4.8845,4.935,4.935,4.834
2024-09-26,3.074,3.162,3.162,2.986,2.909,2.914,2.914,2.904,3.361,3.371,3.351,3.187,3.222,3.152,4.9585,5.01,5.01,4.907,4.876,4.927,4.927,4.825
2024-09-27,3.122,3.21,3.21,3.034,3.012,3.085,3.085,2.939,3.347,3.532,3.162,3.261,3.296,3.226,4.9665,5.02,5.02,4.913,4.8485,4.898,4.898,4.799
2024-09-30,3.09,3.24,3.24,2.94,3.037,3.112,3.112,2.962,3.307,3.317,3.297,3.28,3.29,3.27,4.9675,5.02,5.02,4.915,4.875,4.926,4.926,4.824
2024-10-01,3.087,3.175,3.175,2.999,2.946,3.021,3.021,2.871,3.289,3.326,3.252,3.237,3.247,3.227,4.959,5.007,5.007,4.911,4.868,4.918,4.918,4.818
2024-10-02,3.043,3.131,3.131,2.955,3.01,3.083,3.083,2.937,3.289,3.299,3.279,3.213,3.223,3.203,4.9945,5.044,5.044,4.945,4.8635,4.914,4.914,4.813
2024-10-03,3.012,3.1,3.1,2.924,3.021,3.094,3.094,2.948,3.279,3.289,3.269,3.1815,3.202,3.161,4.9585,5.01,5.01,4.907,4.864,4.915,4.915,4.813
2024-10-04,3.095,3.183,3.183,3.007,3.015,3.088,3.088,2.942,3.28,3.29,3.27,3.194,3.204,3.184,5.0125,5.066,5.066,4.959,4.8355,4.885,4.885,4.786
2024-10-07,3.098,3.186,3.186,3.01,3.0,3.073,3.073,2.927,3.215,3.29,3.14,3.17,3.19,3.15,4.9855,5.038,5.038,4.933,4.8485,4.9,4.9,4.797
2024-10-08,3.072,3.16,3.16,2.984,2.98,3.053,3.053,2.907,3.209,3.284,3.134,3.163,3.183,3.143,4.9185,4.966,4.966,4.871,4.7845,4.834,4.834,4.735
2024-10-09,3.107,3.195,3.195,3.019,2.981,3.054,3.054,2.908,3.203,3.213,3.193,3.159,3.179,3.139,4.9235,4.973,4.973,4.874,4.7965,4.847,4.847,4.746
2024-10-10,3.071,3.159,3.159,2.983,2.948,3.021,3.021,2.875,3.202,3.239,3.165,3.15,3.17,3.13,4.9295,4.981,4.981,4.878,4.821,4.872,4.872,4.77
2024-10-11,3.07,3.158,3.158,2.982,2.964,3.037,3.037,2.891,3.189,3.264,3.114,3.146,3.166,3.126,4.9815,5.035,5.035,4.928,4.7755,4.825,4.825,4.726
2024-10-14,2.937,3.089,3.089,2.785,2.965,3.038,3.038,2.892,3.2155,3.241,3.19,3.149,3.169,3.129,5.0205,5.073,5.073,4.968,4.773,4.824,4.824,4.722
2024-10-15,2.935,3.008,3.008,2.862,2.9825,3.006,3.006,2.959,3.2185,3.244,3.193,3.134,3.154,3.114,4.9865,5.034,5.034,4.939,4.751,4.801,4.801,4.701
2024-10-16,2.393,2.466,2.466,2.32,2.9765,3.0,3.0,2.953,3.193,3.203,3.183,3.126,3.146,3.106,4.9665,5.016,5.016,4.917,4.7295,4.78,4.78,4.679
2024-10-17,2.332,2.407,2.407,2.257,2.923,2.973,2.973,2.873,3.165,3.175,3.155,3.099,3.119,3.079,4.9295,4.981,4.981,4.878,4.736,4.787,4.787,4.685
2024-10-18,2.21,2.283,2.283,2.137,2.8725,2.896,2.896,2.849,3.145,3.155,3.135,3.094,3.114,3.074,4.89,4.944,4.944,4.836,4.7155,4.765,4.765,4.666
2024-10-21,1.927,2.0,2.0,1.854,2.8845,2.908,2.908,2.861,3.079,3.089,3.069,3.0835,3.099,3.068,4.9155,4.968,4.968,4.863,4.706,4.757,4.757,4.655
2024-10-22,2.145,2.218,2.218,2.072,2.839,2.889,2.889,2.789,3.069,3.079,3.059,3.073,3.083,3.063,4.8635,4.911,4.911,4.816,4.689,4.739,4.739,4.639
2024-10-23,2.227,2.3,2.3,2.154,2.8195,2.843,2.843,2.796,3.063,3.073,3.053,3.0605,3.076,3.045,4.8675,4.917,4.917,4.818,4.7085,4.759,4.759,4.658
2024-10-24,2.256,2.329,2.329,2.183,2.8125,2.836,2.836,2.789,3.056,3.066,3.046,3.052,3.062,3.042,4.856,4.907,4.907,4.805,4.681,4.732,4.732,4.63
2024-10-25,2.35,2.423,2.423,2.277,2.8205,2.844,2.844,2.797,3.049,3.059,3.039,3.0515,3.067,3.036,4.8285,4.882,4.882,4.775,4.6945,4.744,4.744,4.645
2024-10-28,1.662,1.735,1.735,1.589,2.801,2.842,2.842,2.76,3.168,3.178,3.158,3.0705,3.086,3.055,4.8455,4.898,4.898,4.793,4.724,4.775,4.775,4.673
2024-10-29,1.709,1.782,1.782,1.636,2.752,2.793,2.793,2.711,3.171,3.181,3.161,3.029,3.069,2.989,4.8365,4.884,4.884,4.789,4.735,4.785,4.785,4.685
2024-10-30,0.929,1.498,1.498,0.36,2.749,2.793,2.793,2.705,3.182,3.205,3.159,3.058,3.098,3.018,4.8955,4.945,4.945,4.846,4.788,4.838,4.838,4.738
2024-10-31,1.07,1.075,1.075,1.065,2.748,2.792,2.792,2.704,3.173,3.183,3.163,3.06,3.095,3.025,4.8415,4.893,4.893,4.79,4.8,4.851,4.851,4.749
2024-11-01,1.1045,1.825,1.825,0.384,2.771,2.815,2.815,2.727,3.189,3.212,3.166,3.071,3.081,3.061,4.8135,4.867,4.867,4.76,4.7115,4.761,4.761,4.662
2024-11-04,1.197,1.202,1.202,1.192,2.73,2.774,2.774,2.686,3.079,3.089,3.069,3.093,3.103,3.083,4.8455,4.898,4.898,4.793,4.742,4.793,4.793,4.691
2024-11-05,2.4,2.525,2.525,2.275,2.742,2.792,2.792,2.692,3.024,3.044,3.004,3.0805,3.096,3.065,4.8095,4.857,4.857,4.762,4.6975,4.747,4.747,4.648
2024-11-06,2.8705,3.079,3.079,2.662,2.9065,2.937,2.937,2.876,3.035,3.055,3.015,3.025,3.035,3.015,4.7825,4.832,4.832,4.733,4.6955,4.746,4.746,4.645
2024-11-07,2.85,2.975,2.975,2.725,2.905,2.945,2.945,2.865,3.016,3.036,2.996,2.9885,3.004,2.973,4.7535,4.805,4.805,4.702,4.694,4.745,4.745,4.643
2024-11-08,2.8345,3.043,3.043,2.626,2.891,2.931,2.931,2.851,3.034,3.044,3.024,2.999,3.009,2.989,4.7675,4.821,4.821,4.714,4.7325,4.782,4.782,4.683
2024-11-11,2.9695,3.178,3.178,2.761,2.906,2.946,2.946,2.866,3.171,3.208,3.134,2.9945,3.01,2.979,4.8105,4.863,4.863,4.758,4.702,4.753,4.753,4.651
2024-11-12,2.9875,3.196,3.196,2.779,2.8995,2.93,2.93,2.869,3.168,3.205,3.131,2.9685,2.984,2.953,4.782,4.83,4.83,4.734,4.714,4.764,4.764,4.664
2024-11-13,2.899,3.024,3.024,2.774,2.892,2.932,2.932,2.852,3.1572,3.1572,3.1572,2.969,2.979,2.959,4.7685,4.818,4.818,4.719,4.7205,4.771,4.771,4.67
2024-11-14,2.9715,3.18,3.18,2.763,2.8905,2.921,2.921,2.86,3.1603,3.1603,3.1603,2.96,2.983,2.937,4.7675,4.819,4.819,4.716,4.698,4.749,4.749,4.647
2024-11-15,2.899,3.024,3.024,2.774,2.882,2.922,2.922,2.842,3.164,3.201,3.127,2.941,2.951,2.931,4.7675,4.821,4.821,4.714,4.6855,4.735,4.735,4.636
2024-11-18,2.8885,3.097,3.097,2.68,2.7855,2.816,2.816,2.755,3.113,3.15,3.076,2.9375,2.952,2.923,4.758,4.81,4.81,4.706,4.684,4.735,4.735,4.633
2024-11-19,2.5565,2.765,2.765,2.348,2.5525,2.583,2.583,2.522,2.946,2.983,2.909,2.9055,2.92,2.891,4.7415,4.789,4.789,4.694,4.689,4.739,4.739,4.639
2024-11-20,2.5885,2.797,2.797,2.38,2.5995,2.63,2.63,2.569,2.921,2.958,2.884,2.8965,2.911,2.882,4.7545,4.804,4.804,4.705,4.6915,4.742,4.742,4.641
2024-11-21,2.373,2.383,2.383,2.363,2.54,2.55,2.55,2.53,2.948,2.985,2.911,2.873,2.883,2.863,4.7385,4.79,4.79,4.687,4.681,4.732,4.732,4.63
2024-11-22,2.5915,2.8,2.8,2.383,2.4795,2.51,2.51,2.449,2.967,3.004,2.93,2.8285,2.841,2.816,4.7675,4.821,4.821,4.714,4.6945,4.744,4.744,4.645
2024-11-25,2.65,2.66,2.66,2.64,2.466,2.476,2.476,2.456,2.8732,2.8832,2.8632,2.817,2.827,2.807,4.7755,4.828,4.828,4.723,4.702,4.753,4.753,4.651
2024-11-26,2.604,2.729,2.729,2.479,2.516,2.566,2.566,2.466,2.812,2.912,2.712,2.837,2.852,2.822,4.782,4.83,4.83,4.734,4.693,4.743,4.743,4.643
2024-11-27,2.9945,3.203,3.203,2.786,2.577,2.625,2.625,2.529,2.8755,2.911,2.84,2.874,2.884,2.864,4.7685,4.818,4.818,4.719,4.6995,4.75,4.75,4.649
2024-11-28,2.803,2.928,2.928,2.678,2.704,2.737,2.737,2.671,2.8685,2.904,2.833,2.8685,2.883,2.854,4.7825,4.834,4.834,4.731,4.702,4.753,4.753,4.651
2024-11-29,3.0235,3.232,3.232,2.815,2.662,2.695,2.695,2.629,2.801,2.901,2.701,2.854,2.869,2.839,4.7825,4.836,4.836,4.729,4.6815,4.731,4.731,4.632
2024-12-02,2.934,3.059,3.059,2.809,2.641,2.691,2.691,2.591,2.913,2.938,2.888,2.887,2.914,2.86,4.7925,4.845,4.845,4.74,4.684,4.735,4.735,4.633
2024-12-03,3.0225,3.231,3.231,2.814,2.62,2.63,2.63,2.61,2.87,2.895,2.845,2.903,2.93,2.876,4.782,4.83,4.83,4.734,4.6765,4.726,4.726,4.627
2024-12-04,3.1665,3.375,3.375,2.958,2.661,2.711,2.711,2.611,2.732,2.757,2.707,2.866,2.893,2.839,4.7965,4.846,4.846,4.747,4.6745,4.725,4.725,4.624
2024-12-05,3.1115,3.32,3.32,2.903,2.637,2.687,2.687,2.587,2.727,2.752,2.702,2.843,2.87,2.816,4.7975,4.849,4.849,4.746,4.681,4.732,4.732,4.63
2024-12-06,3.215,3.375,3.375,3.055,2.593,2.643,2.643,2.543,2.727,2.752,2.702,2.833,2.86,2.806,4.7825,4.836,4.836,4.729,4.707,4.756,4.756,4.658
2024-12-09,3.0,3.01,3.01,2.99,2.48,2.49,2.49,2.47,2.826,2.885,2.767,2.777,2.787,2.767,4.7925,4.845,4.845,4.74,4.693,4.744,4.744,4.642
2024-12-10,2.627,2.632,2.632,2.622,2.31,2.32,2.32,2.3,2.803,2.862,2.744,2.757,2.767,2.747,4.6865,4.734,4.734,4.639,4.681,4.731,4.731,4.631
2024-12-11,2.603,2.608,2.608,2.598,2.294,2.344,2.344,2.244,2.794,2.853,2.735,2.75,2.777,2.723,4.6835,4.733,4.733,4.634,4.7085,4.759,4.759,4.658
2024-12-12,2.387,2.392,2.392,2.382,2.336,2.386,2.386,2.286,2.7535,2.77,2.737,2.737,2.764,2.71,4.6795,4.731,4.731,4.628,4.694,4.745,4.745,4.643
2024-12-13,2.282,2.287,2.287,2.277,2.304,2.354,2.354,2.254,2.745,2.845,2.645,2.739,2.766,2.712,4.6755,4.729,4.729,4.622,4.69,4.739,4.739,4.641
2024-12-16,2.241,2.246,2.246,2.236,2.177,2.228,2.228,2.126,2.7605,2.837,2.684,2.772,2.782,2.762,4.688,4.74,4.74,4.636,4.702,4.753,4.753,4.651
2024-12-17,2.291,2.296,2.296,2.286,2.189,2.24,2.24,2.138,2.7665,2.843,2.69,2.7545,2.805,2.704,4.7275,4.775,4.775,4.68,4.6765,4.726,4.726,4.627
2024-12-18,2.351,2.356,2.356,2.346,2.215,2.266,2.266,2.164,2.8835,2.96,2.807,2.7079,2.7079,2.7079,4.7255,4.775,4.775,4.676,4.6785,4.729,4.729,4.628
2024-12-19,2.571,2.576,2.576,2.566,2.2935,2.365,2.365,2.222,2.8265,2.903,2.75,2.6963,2.6963,2.6963,4.709,4.76,4.76,4.658,4.66,4.711,4.711,4.609
2024-12-20,2.6,2.75,2.75,2.45,2.5005,2.572,2.572,2.429,2.87,2.88,2.86,2.7259,2.7259,2.7259,4.7215,4.775,4.775,4.668,4.6945,4.744,4.744,4.645
2024-12-23,2.523,2.673,2.673,2.373,2.429,2.529,2.529,2.329,2.6975,2.768,2.627,2.7845,2.835,2.734,4.723,4.775,4.775,4.671,4.6885,4.74,4.74,4.637
2024-12-24,,,,,,,,,2.64,2.65,2.63,2.7456,2.7456,2.7456,4.7275,4.775,4.775,4.68,4.685,4.735,4.735,4.635
2024-12-27,2.523,2.673,2.673,2.373,2.5125,2.584,2.584,2.441,2.7105,2.781,2.64,2.729,2.739,2.719,4.7065,4.76,4.76,4.653,4.677,4.726,4.726,4.628
2024-12-30,2.69,2.902,2.902,2.478,2.4795,2.551,2.551,2.408,2.7275,2.788,2.667,2.654,2.698,2.61,4.723,4.775,4.775,4.671,4.675,4.726,4.726,4.624
2024-12-31,,,,,,,,,2.698,2.708,2.688,2.681,2.725,2.637,4.73,4.776,4.776,4.684,4.671,4.72,4.72,4.622
2025-01-02,2.551,2.701,2.701,2.401,2.501,2.601,2.601,2.401,2.732,2.732,2.732,2.654,2.698,2.61,4.726,4.777,4.777,4.675,4.6575,4.708,4.708,4.607
2025-01-03,2.657,2.662,2.662,2.652,2.4855,2.557,2.557,2.414,2.808,2.808,2.808,2.6513,2.6513,2.6513,4.723,4.777,4.777,4.669,4.667,4.716,4.716,4.618
2025-01-06,2.727,2.732,2.732,2.722,2.5205,2.592,2.592,2.449,2.831,2.831,2.831,2.6785,2.6785,2.6785,4.7275,4.78,4.78,4.675,4.6745,4.725,4.725,4.624
2025-01-07,2.791,2.796,2.796,2.786,2.5,2.6,2.6,2.4,2.8525,2.913,2.792,2.6738,2.6738,2.6738,4.714,4.762,4.762,4.666,4.664,4.714,4.714,4.614
2025-01-08,2.845,2.85,2.85,2.84,2.5385,2.61,2.61,2.467,2.8565,2.917,2.796,2.6669,2.6669,2.6669,4.6975,4.747,4.747,4.648,4.6665,4.717,4.717,4.616
2025-01-09,2.971,2.976,2.976,2.966,2.5615,2.633,2.633,2.49,2.833,2.833,2.833,2.675,2.719,2.631,4.6945,4.746,4.746,4.643,4.643,4.694,4.694,4.592
2025-01-10,2.583,2.633,2.633,2.533,2.544,2.644,2.644,2.444,2.8665,2.927,2.806,2.683,2.727,2.639,4.737,4.791,4.791,4.683,4.6555,4.705,4.705,4.606
2025-01-13,2.568,2.578,2.578,2.558,2.531,2.631,2.631,2.431,2.8002,2.8002,2.8002,2.695,2.705,2.685,4.723,4.775,4.775,4.671,4.658,4.709,4.709,4.607
2025-01-14,2.5385,2.56,2.56,2.517,2.491,2.591,2.591,2.391,2.8027,2.8027,2.8027,2.701,2.711,2.691,4.755,4.803,4.803,4.707,4.6495,4.685,4.685,4.614
2025-01-15,2.566,2.616,2.616,2.516,2.41,2.42,2.42,2.4,2.808,2.862,2.754,2.6813,2.6813,2.6813,4.7395,4.789,4.789,4.69,4.6055,4.641,4.641,4.57
2025-01-16,2.56,2.57,2.57,2.55,2.475,2.52,2.52,2.43,2.79,2.844,2.736,2.6688,2.6688,2.6688,4.7385,4.79,4.79,4.687,4.603,4.639,4.639,4.567
2025-01-17,2.629,2.698,2.698,2.56,2.505,2.53,2.53,2.48,2.811,2.865,2.757,2.6745,2.693,2.656,4.737,4.791,4.791,4.683,4.589,4.623,4.623,4.555
2025-01-20,2.701,2.801,2.801,2.601,2.6,2.7,2.7,2.5,2.769,2.822,2.716,2.651,2.661,2.641,4.7405,4.793,4.793,4.688,4.5885,4.624,4.624,4.553
2025-01-21,2.698,2.798,2.798,2.598,2.599,2.699,2.699,2.499,2.76,2.813,2.707,2.64885,2.6489,2.6488,4.646,4.694,4.694,4.598,4.568,4.617,4.617,4.519
2025-01-22,2.695,2.705,2.705,2.685,2.59,2.6,2.6,2.58,2.749,2.802,2.696,2.6367,2.6367,2.6367,4.6405,4.69,4.69,4.591,4.552,4.602,4.602,4.502
2025-01-23,2.665,2.675,2.675,2.655,2.584,2.684,2.684,2.484,2.72,2.773,2.667,2.6216,2.6216,2.6216,4.665,4.716,4.716,4.614,4.5575,4.608,4.608,4.507
2025-01-24,2.675,2.685,2.685,2.665,2.584,2.684,2.684,2.484,2.7,2.7,2.7,2.6318,2.6318,2.6318,4.6145,4.668,4.668,4.561,4.562,4.613,4.613,4.511
2025-01-27,2.679,2.689,2.689,2.669,2.573,2.673,2.673,2.473,2.6761,2.6761,2.6761,2.6143,2.6143,2.6143,4.6535,4.706,4.706,4.601,4.5455,4.596,4.596,4.495
2025-01-28,2.653,2.753,2.753,2.553,2.529,2.559,2.559,2.499,2.678,2.688,2.668,2.603,2.613,2.593,4.6185,4.666,4.666,4.571,4.5565,4.606,4.606,4.507
2025-01-29,2.643,2.743,2.743,2.543,2.534,2.571,2.571,2.497,2.6574,2.6574,2.6574,2.596,2.61,2.582,4.6125,4.662,4.662,4.563,4.528,4.578,4.578,4.478
2025-01-30,2.609,2.709,2.709,2.509,2.515,2.552,2.552,2.478,2.616,2.626,2.606,2.5628,2.5628,2.5628,4.5915,4.643,4.643,4.54,4.52,4.571,4.571,4.469
2025-01-31,2.594,2.694,2.694,2.494,2.496,2.533,2.533,2.459,2.6248,2.6248,2.6248,2.5479,2.5479,2.5479,4.5685,4.622,4.622,4.515,4.514,4.563,4.563,4.465
2025-02-03,2.577,2.677,2.677,2.477,2.462,2.492,2.492,2.432,2.5417,2.5417,2.5417,2.5176,2.5176,2.5176,4.5655,4.618,4.618,4.513,4.498,4.549,4.549,4.447
2025-02-04,2.61,2.62,2.62,2.6,2.481,2.518,2.518,2.444,2.5473,2.5473,2.5473,2.506,2.521,2.491,4.5375,4.585,4.585,4.49,4.49,4.539,4.539,4.441
2025-02-05,2.575,2.675,2.675,2.475,2.475,2.512,2.512,2.438,2.5313,2.5313,2.5313,2.498,2.522,2.474,4.5275,4.577,4.577,4.478,4.523,4.573,4.573,4.473
2025-02-06,2.485,2.495,2.495,2.475,2.448,2.458,2.458,2.438,2.525,2.535,2.515,2.4972,2.4972,2.4972,4.5325,4.584,4.584,4.481,4.5025,4.553,4.553,4.452
2025-02-07,2.534,2.634,2.634,2.434,2.45,2.48,2.48,2.42,2.5127,2.5127,2.5127,2.495,2.505,2.485,4.5075,4.561,4.561,4.454,4.516,4.567,4.567,4.465
2025-02-10,2.47,2.48,2.48,2.46,2.445,2.475,2.475,2.415,2.5895,2.64,2.539,2.488,2.488,2.488,4.4785,4.531,4.531,4.426,4.4755,4.526,4.526,4.425
2025-02-11,2.532,2.632,2.632,2.432,2.448,2.478,2.478,2.418,2.5686,2.5686,2.5686,2.48,2.49,2.47,4.4965,4.544,4.544,4.449,4.469,4.519,4.519,4.419
2025-02-12,2.48,2.49,2.49,2.47,2.451,2.481,2.481,2.421,2.5752,2.5752,2.5752,2.4795,2.501,2.458,4.5135,4.563,4.563,4.464,4.4355,4.486,4.486,4.385
2025-02-13,2.515,2.615,2.615,2.415,2.396,2.401,2.401,2.391,2.5554,2.5554,2.5554,2.4645,2.486,2.443,4.474,4.525,4.525,4.423,4.435,4.486,4.486,4.384
2025-02-14,2.479,2.579,2.579,2.379,2.4,2.405,2.405,2.395,2.5625,2.5625,2.5625,2.464,2.464,2.464,4.5225,4.576,4.576,4.469,4.4455,4.495,4.495,4.396
2025-02-17,2.36,2.38,2.38,2.34,2.404,2.434,2.434,2.374,2.4952,2.4952,2.4952,2.416,2.416,2.416,4.4785,4.531,4.531,4.426,4.409,4.46,4.46,4.358
2025-02-18,2.38,2.48,2.48,2.28,2.356,2.396,2.396,2.316,2.4888,2.4888,2.4888,2.407,2.417,2.397,4.5095,4.557,4.557,4.462,4.436,4.486,4.486,4.386
2025-02-19,2.38,2.48,2.48,2.28,2.356,2.396,2.396,2.316,2.4875,2.4875,2.4875,2.412,2.412,2.412,4.5135,4.563,4.563,4.464,4.4525,4.503,4.503,4.402
2025-02-20,2.329,2.429,2.429,2.229,2.241,2.246,2.246,2.236,2.4771,2.4771,2.4771,2.41,2.41,2.41,4.474,4.525,4.525,4.423,4.4605,4.511,4.511,4.41
2025-02-21,2.324,2.424,2.424,2.224,2.239,2.249,2.249,2.229,2.4628,2.4628,2.4628,2.416,2.426,2.406,4.492,4.546,4.546,4.438,4.4325,4.482,4.482,4.383
2025-02-24,2.319,2.419,2.419,2.219,2.299,2.304,2.304,2.294,2.4197,2.4197,2.4197,2.424,2.424,2.424,4.4785,4.531,4.531,4.426,4.436,4.487,4.487,4.385
2025-02-25,2.127,2.227,2.227,2.027,2.317,2.322,2.322,2.312,2.4169,2.4169,2.4169,2.416,2.426,2.406,4.5095,4.557,4.557,4.462,4.4325,4.482,4.482,4.383
2025-02-26,2.124,2.224,2.224,2.024,2.289,2.294,2.294,2.284,2.4004,2.4004,2.4004,2.4252,2.4252,2.4252,4.4715,4.521,4.521,4.422,4.436,4.486,4.486,4.386
2025-02-27,2.106,2.206,2.206,2.006,2.2675,2.315,2.315,2.22,2.38475,2.3848,2.3847,2.4124,2.4124,2.4124,4.5035,4.555,4.555,4.452,4.398,4.448,4.448,4.348
2025-02-28,2.097,2.197,2.197,1.997,2.244,2.294,2.294,2.194,2.3807,2.3807,2.3807,2.396,2.406,2.386,4.4465,4.5,4.5,4.393,4.435,4.486,4.486,4.384
2025-03-03,2.087,2.187,2.187,1.987,2.2745,2.322,2.322,2.227,2.3763,2.3763,2.3763,2.3955,2.408,2.383,4.4435,4.496,4.496,4.391,4.4275,4.478,4.478,4.377
2025-03-04,2.299,2.399,2.399,2.199,2.232,2.242,2.242,2.222,2.37,2.433,2.307,2.377,2.387,2.367,4.469,4.503,4.503,4.435,4.403,4.453,4.453,4.353
2025-03-05,2.293,2.393,2.393,2.193,2.24,2.29,2.29,2.19,2.3669,2.3669,2.3669,2.399,2.409,2.389,4.4715,4.507,4.507,4.436,4.394,4.444,4.444,4.344
2025-03-06,2.238,2.338,2.338,2.138,2.145,2.195,2.195,2.095,2.3506,2.3506,2.3506,2.3843,2.3843,2.3843,4.4595,4.496,4.496,4.423,4.393,4.444,4.444,4.342
2025-03-07,2.212,2.312,2.312,2.112,2.143,2.193,2.193,2.093,2.392,2.455,2.329,2.387,2.403,2.371,4.4615,4.5,4.5,4.423,4.4025,4.452,4.452,4.353
2025-03-10,2.176,2.276,2.276,2.076,2.137,2.187,2.187,2.087,2.4345,2.495,2.374,2.4105,2.431,2.39,4.4435,4.478,4.478,4.409,4.387,4.438,4.438,4.336
2025-03-11,2.177,2.277,2.277,2.077,2.137,2.187,2.187,2.087,2.4356,2.4356,2.4356,2.3985,2.419,2.378,4.401,4.449,4.449,4.353,4.378,4.428,4.428,4.328
2025-03-12,2.125,2.13,2.13,2.12,2.142,2.192,2.192,2.092,2.4217,2.4217,2.4217,2.4005,2.421,2.38,4.429,4.478,4.478,4.38,4.381,4.431,4.431,4.331
2025-03-13,2.128,2.133,2.133,2.123,2.13,2.18,2.18,2.08,2.4108,2.4108,2.4108,2.3915,2.412,2.371,4.4005,4.452,4.452,4.349,4.376,4.427,4.427,4.325
2025-03-14,1.971,1.976,1.976,1.966,2.108,2.158,2.158,2.058,2.4065,2.467,2.346,2.3825,2.403,2.362,4.4005,4.454,4.454,4.347,4.3685,4.418,4.418,4.319
2025-03-17,1.957,1.962,1.962,1.952,2.02,2.07,2.07,1.97,2.386,2.461,2.311,2.364,2.374,2.354,4.4435,4.496,4.496,4.391,4.378,4.429,4.429,4.327
2025-03-18,1.876,1.881,1.881,1.871,2.022,2.032,2.032,2.012,2.3935,2.454,2.333,2.3455,2.373,2.318,4.456,4.49,4.49,4.422,4.4155,4.465,4.465,4.366
2025-03-19,1.955,1.965,1.965,1.945,2.019,2.029,2.029,2.009,2.382,2.457,2.307,2.3305,2.358,2.303,4.4575,4.493,4.493,4.422,4.4065,4.457,4.457,4.356
2025-03-20,1.826,1.831,1.831,1.821,2.122,2.222,2.222,2.022,2.3855,2.3855,2.3855,2.322,2.332,2.312,4.4445,4.481,4.481,4.408,4.376,4.427,4.427,4.325
2025-03-21,1.581,1.586,1.586,1.576,2.119,2.219,2.219,2.019,2.3755,2.436,2.315,2.3335,2.361,2.306,4.4615,4.5,4.5,4.423,4.42,4.469,4.469,4.371
2025-03-24,1.57,1.575,1.575,1.565,2.1595,2.2,2.2,2.119,2.3815,2.3815,2.3815,2.336,2.336,2.336,4.4785,4.513,4.513,4.444,4.427,4.478,4.478,4.376
2025-03-25,1.73,1.735,1.735,1.725,2.102,2.142,2.142,2.062,2.3718,2.3718,2.3718,2.325,2.335,2.315,4.4995,4.552,4.552,4.447,4.382,4.432,4.432,4.332
2025-03-26,1.707,1.712,1.712,1.702,2.1475,2.188,2.188,2.107,2.3135,2.374,2.253,2.319,2.319,2.319,4.4695,4.517,4.517,4.422,4.4105,4.461,4.461,4.36
2025-03-27,1.756,1.761,1.761,1.751,2.083,2.123,2.123,2.043,2.2485,2.309,2.188,2.2975,2.321,2.274,4.4715,4.521,4.521,4.422,4.4055,4.456,4.456,4.355
2025-03-28,1.765,1.77,1.77,1.76,2.063,2.103,2.103,2.023,2.2323,2.2323,2.2323,2.287,2.287,2.287,4.474,4.525,4.525,4.423,4.407,4.456,4.456,4.358
2025-03-31,1.982,1.987,1.987,1.977,2.095,2.105,2.105,2.085,2.229,2.265,2.193,2.279,2.279,2.279,4.475,4.525,4.525,4.425,4.427,4.478,4.478,4.376
2025-04-01,2.023,2.028,2.028,2.018,2.1235,2.164,2.164,2.083,2.26,2.26,2.26,2.291,2.291,2.291,4.4555,4.503,4.503,4.408,4.436,4.486,4.486,4.386
2025-04-02,2.25,2.26,2.26,2.24,2.102,2.142,2.142,2.062,2.307,2.307,2.307,2.286,2.296,2.276,4.4575,4.507,4.507,4.408,4.444,4.494,4.494,4.394
2025-04-03,2.201,2.206,2.206,2.196,2.106,2.146,2.146,2.066,2.281,2.317,2.245,2.2975,2.309,2.286,4.5625,4.614,4.614,4.511,4.444,4.495,4.495,4.393
2025-04-04,2.386,2.391,2.391,2.381,2.089,2.129,2.129,2.049,2.263,2.263,2.263,2.244,2.254,2.234,4.4765,4.53,4.53,4.423,4.437,4.486,4.486,4.388
2025-04-07,2.066,2.071,2.071,2.061,2.082,2.122,2.122,2.042,2.278,2.278,2.278,2.236,2.246,2.226,4.4785,4.531,4.531,4.426,4.396,4.447,4.447,4.345
2025-04-08,2.053,2.153,2.153,1.953,2.053,2.093,2.093,2.013,2.271,2.271,2.271,2.239,2.249,2.229,4.4735,4.526,4.526,4.421,4.374,4.424,4.424,4.324
2025-04-09,2.028,2.128,2.128,1.928,2.024,2.064,2.064,1.984,2.246,2.246,2.246,2.197,2.207,2.187,4.5095,4.557,4.557,4.462,4.3605,4.411,4.411,4.31
2025-04-10,2.03,2.13,2.13,1.93,2.042,2.082,2.082,2.002,2.248,2.248,2.248,2.21985,2.2199,2.2198,4.4715,4.521,4.521,4.422,4.397,4.448,4.448,4.346
2025-04-11,2.021,2.026,2.026,2.016,2.036,2.086,2.086,1.986,2.232,2.232,2.232,2.199,2.209,2.189,4.474,4.525,4.525,4.423,4.4025,4.452,4.452,4.353
2025-04-14,1.968,2.068,2.068,1.868,1.95,1.99,1.99,1.91,2.216,2.216,2.216,2.207,2.217,2.197,4.492,4.542,4.542,4.442,4.3825,4.433,4.433,4.332
2025-04-15,1.917,2.017,2.017,1.817,1.916,1.956,1.956,1.876,2.207,2.207,2.207,2.21,2.215,2.205,4.442,4.49,4.49,4.394,4.3535,4.403,4.403,4.304
2025-04-16,1.868,1.873,1.873,1.863,1.882,1.922,1.922,1.842,2.151,2.151,2.151,2.172,2.182,2.162,4.429,4.478,4.478,4.38,4.335,4.385,4.385,4.285
2025-04-17,1.845,1.85,1.85,1.84,1.844,1.849,1.849,1.839,2.131,2.131,2.131,2.141,2.146,2.136,4.4155,4.467,4.467,4.364,4.325,4.376,4.376,4.274
2025-04-22,1.838,1.843,1.843,1.833,1.838,1.843,1.843,1.833,2.1432,2.1432,2.1432,2.125,2.135,2.115,4.418,4.464,4.464,4.372,4.321,4.37,4.37,4.272
2025-04-23,1.855,1.955,1.955,1.755,1.839,1.879,1.879,1.799,2.1479,2.1479,2.1479,2.129,2.129,2.129,4.4145,4.464,4.464,4.365,4.306,4.356,4.356,4.256
2025-04-24,1.855,1.955,1.955,1.755,1.827,1.867,1.867,1.787,2.14,2.15,2.13,2.1,2.115,2.085,4.3855,4.437,4.437,4.334,4.3,4.351,4.351,4.249
2025-04-25,1.856,1.956,1.956,1.756,1.829,1.869,1.869,1.789,2.1485,2.172,2.125,2.096,2.096,2.096,4.4005,4.454,4.454,4.347,4.304,4.353,4.353,4.255
2025-04-28,1.711,1.716,1.716,1.706,1.782,1.787,1.787,1.777,2.1387,2.1387,2.1387,2.08,2.09,2.07,4.3735,4.426,4.426,4.321,4.245,4.296,4.296,4.194
2025-04-29,1.856,1.956,1.956,1.756,1.782,1.822,1.822,1.742,2.1369,2.1369,2.1369,2.076,2.141,2.011,4.3165,4.369,4.369,4.264,4.264,4.299,4.299,4.229
2025-04-30,1.821,1.826,1.826,1.816,1.783,1.823,1.823,1.743,2.1338,2.1338,2.1338,2.08,2.099,2.061,4.3055,4.353,4.353,4.258,4.2745,4.31,4.31,4.239
2025-05-01,,,,,,,,,,,,,,,4.302,4.351,4.351,4.253,4.259,4.295,4.295,4.223
2025-05-02,1.936,1.941,1.941,1.931,1.787,1.827,1.827,1.747,2.1264,2.1264,2.1264,2.074,2.084,2.064,4.239,4.29,4.29,4.188,4.2205,4.255,4.255,4.186
2025-05-05,1.93,2.03,2.03,1.83,1.782,1.787,1.787,1.777,2.1314,2.1314,2.1314,2.063,2.128,1.998,,,,,,,,
2025-05-06,1.929,2.029,2.029,1.829,1.751,1.761,1.761,1.741,2.1167,2.1167,2.1167,2.037,2.102,1.972,4.2335,4.286,4.286,4.181,4.258,4.294,4.294,4.222
2025-05-07,2.017,2.022,2.022,2.012,1.763,1.768,1.768,1.758,2.0789,2.1078,2.05,2.013,2.023,2.003,4.2315,4.281,4.281,4.182,4.218,4.268,4.268,4.168
2025-05-08,1.75,1.755,1.755,1.745,1.904,1.944,1.944,1.864,2.1002,2.1002,2.1002,1.995,2.005,1.985,4.2245,4.276,4.276,4.173,4.27,4.321,4.321,4.219
2025-05-09,1.743,1.748,1.748,1.738,1.905,1.91,1.91,1.9,2.1136,2.1136,2.1136,2.002,2.067,1.937,4.2325,4.286,4.286,4.179,4.2615,4.311,4.311,4.212
2025-05-12,1.561,1.566,1.566,1.556,1.918,1.958,1.958,1.878,2.1,2.11,2.09,2.03,2.095,1.965,4.129,4.181,4.181,4.077,4.263,4.314,4.314,4.212
2025-05-13,1.612,1.617,1.617,1.607,1.914,1.954,1.954,1.874,2.105,2.115,2.095,2.043,2.053,2.033,4.061,4.109,4.109,4.013,4.2665,4.316,4.316,4.217
2025-05-14,1.557,1.562,1.562,1.552,1.874,1.879,1.879,1.869,2.1,2.11,2.09,2.0414,2.0414,2.0414,4.0615,4.111,4.111,4.012,4.2595,4.31,4.31,4.209
2025-05-15,1.58,1.585,1.585,1.575,1.874,1.879,1.879,1.869,2.1,2.11,2.09,2.0489,2.0489,2.0489,4.0625,4.114,4.114,4.011,4.2575,4.308,4.308,4.207
2025-05-16,1.585,1.59,1.59,1.58,1.862,1.867,1.867,1.857,2.105,2.115,2.095,2.052,2.062,2.042,4.0635,4.117,4.117,4.01,4.2655,4.315,4.315,4.216
2025-05-19,1.674,1.679,1.679,1.669,1.854,1.894,1.894,1.814,2.0798,2.0798,2.0798,2.0539,2.0539,2.0539,4.2335,4.286,4.286,4.181,4.258,4.309,4.309,4.207
2025-05-20,1.609,1.614,1.614,1.604,1.851,1.856,1.856,1.846,2.0766,2.0766,2.0766,2.0383,2.0383,2.0383,4.2515,4.299,4.299,4.204,4.233,4.283,4.283,4.183
2025-05-21,1.65,1.66,1.66,1.64,1.873,1.878,1.878,1.868,2.0731,2.0731,2.0731,2.024,2.034,2.014,4.2455,4.295,4.295,4.196,4.2555,4.306,4.306,4.205
2025-05-22,1.606,1.611,1.611,1.601,1.835,1.84,1.84,1.83,2.061,2.061,2.061,2.0105,2.0105,2.0105,4.2535,4.305,4.305,4.202,4.2405,4.291,4.291,4.19
2025-05-23,1.619,1.679,1.679,1.559,1.858,1.888,1.888,1.828,2.048,2.048,2.048,1.998,2.011,1.985,4.2625,4.316,4.316,4.209,4.2525,4.302,4.302,4.203
2025-05-26,1.614,1.674,1.674,1.554,1.863,1.893,1.893,1.833,2.041,2.051,2.031,2.0,2.07,1.93,,,,,,,,
2025-05-27,1.612,1.672,1.672,1.552,1.858,1.888,1.888,1.828,2.04,2.05,2.03,1.99,2.014,1.966,4.2715,4.317,4.317,4.226,4.2625,4.312,4.312,4.213
2025-05-28,1.611,1.671,1.671,1.551,1.874,1.879,1.879,1.869,2.017,2.027,2.007,1.988,1.988,1.988,4.2455,4.295,4.295,4.196,4.254,4.304,4.304,4.204
2025-05-29,1.396,1.406,1.406,1.386,1.846,1.851,1.851,1.841,2.022,2.05,1.994,1.985,1.985,1.985,4.2535,4.305,4.305,4.202,4.2555,4.306,4.306,4.205
2025-05-30,1.582,1.642,1.642,1.522,1.844,1.854,1.854,1.834,2.015,2.025,2.005,1.987,1.987,1.987,4.2475,4.301,4.301,4.194,4.253,4.304,4.304,4.202
2025-06-02,1.595,1.605,1.605,1.585,1.845,1.85,1.85,1.84,1.99,2.0,1.98,1.988,1.988,1.988,4.2515,4.304,4.304,4.199,4.2565,4.307,4.307,4.206
2025-06-03,1.57,1.695,1.695,1.445,1.841,1.871,1.871,1.811,1.978,1.988,1.968,1.9835,2.001,1.966,4.2515,4.299,4.299,4.204,4.2375,4.287,4.287,4.188
2025-06-04,1.861,1.871,1.871,1.851,1.821,1.831,1.831,1.811,1.96895,1.969,1.9689,1.975,1.985,1.965,4.2455,4.295,4.295,4.196,4.243,4.293,4.293,4.193
2025-06-05,1.761,1.771,1.771,1.751,1.817,1.827,1.827,1.807,1.9511,1.9511,1.9511,1.975,1.975,1.975,4.239,4.29,4.29,4.188,4.2405,4.291,4.291,4.19
2025-06-06,1.711,1.721,1.721,1.701,1.814,1.819,1.819,1.809,1.934,1.944,1.924,1.968,1.968,1.968,4.2475,4.301,4.301,4.194,4.2615,4.311,4.311,4.212
2025-06-09,1.646,1.656,1.656,1.636,1.795,1.805,1.805,1.785,1.895,1.965,1.825,1.968,1.978,1.958,4.2515,4.304,4.304,4.199,4.236,4.287,4.287,4.185
2025-06-10,1.75,1.79,1.79,1.71,1.801,1.806,1.806,1.796,1.922,1.922,1.922,1.963,1.963,1.963,4.2925,4.34,4.34,4.245,4.2725,4.308,4.308,4.237
2025-06-11,1.672,1.677,1.677,1.667,1.788,1.793,1.793,1.783,1.957,1.957,1.957,1.96,1.96,1.96,4.2735,4.323,4.323,4.224,4.2535,4.289,4.289,4.218
2025-06-12,1.751,1.791,1.791,1.711,1.779,1.809,1.809,1.749,1.954,1.954,1.954,1.954,1.954,1.954,4.2685,4.32,4.32,4.217,4.247,4.283,4.283,4.211
2025-06-13,1.751,1.791,1.791,1.711,1.781,1.811,1.811,1.751,1.953,1.953,1.953,1.951,1.951,1.951,4.2625,4.316,4.316,4.209,4.2465,4.281,4.281,4.212
2025-06-16,1.468,1.508,1.508,1.428,1.705,1.735,1.735,1.675,1.958,1.968,1.948,1.954,1.954,1.954,4.2515,4.304,4.304,4.199,4.2295,4.265,4.265,4.194
2025-06-17,1.495,1.505,1.505,1.485,1.733,1.738,1.738,1.728,1.954,1.964,1.944,1.964,1.964,1.964,4.2515,4.299,4.299,4.204,4.2085,4.258,4.258,4.159
2025-06-18,1.559,1.564,1.564,1.554,1.678,1.683,1.683,1.673,1.956,1.966,1.946,1.969,1.969,1.969,4.2735,4.323,4.323,4.224,4.222,4.272,4.272,4.172
2025-06-19,1.473,1.478,1.478,1.468,1.699,1.704,1.704,1.694,1.959,1.959,1.959,1.967,1.977,1.957,4.283,4.334,4.334,4.232,4.1685,4.219,4.219,4.118
2025-06-20,1.433,1.438,1.438,1.428,1.729,1.734,1.734,1.724,1.952,1.952,1.952,1.966,1.976,1.956,4.2625,4.316,4.316,4.209,4.1715,4.221,4.221,4.122
2025-06-23,1.467,1.507,1.507,1.427,1.702,1.707,1.707,1.697,1.9632,1.9632,1.9632,1.956,1.966,1.946,4.2685,4.321,4.321,4.216,4.232,4.283,4.283,4.181
2025-06-24,1.576,1.581,1.581,1.571,1.8,1.83,1.83,1.77,1.971,1.981,1.961,1.954,1.964,1.944,4.197,4.245,4.245,4.149,4.1915,4.241,4.241,4.142
2025-06-25,1.75,1.79,1.79,1.71,1.8,1.83,1.83,1.77,1.9672,1.9672,1.9672,1.954,1.954,1.954,4.2455,4.295,4.295,4.196,4.1885,4.239,4.239,4.138
2025-06-26,1.7,1.705,1.705,1.695,1.77,1.8,1.8,1.74,1.9712,1.9712,1.9712,1.95,1.95,1.95,4.239,4.29,4.29,4.188,4.194,4.245,4.245,4.143
2025-06-27,1.75,1.79,1.79,1.71,1.772,1.802,1.802,1.742,1.9645,1.9645,1.9645,1.961,2.031,1.891,4.2325,4.286,4.286,4.179,4.257,4.306,4.306,4.208
2025-06-30,1.751,1.791,1.791,1.711,1.775,1.805,1.805,1.745,1.9895,1.9895,1.9895,1.955,1.955,1.955,4.2335,4.286,4.286,4.181,4.179,4.23,4.23,4.128
2025-07-01,1.732,1.737,1.737,1.727,1.816,1.821,1.821,1.811,1.9963,1.9963,1.9963,1.957,2.024,1.89,4.251,4.285,4.285,4.217,4.142,4.192,4.192,4.092
2025-07-02,1.681,1.686,1.686,1.676,1.809,1.814,1.814,1.804,1.9828,1.9828,1.9828,1.923,1.923,1.923,4.2455,4.281,4.281,4.21,4.1385,4.189,4.189,4.088
2025-07-03,1.561,1.566,1.566,1.556,1.821,1.846,1.846,1.796,2.0139,2.0139,2.0139,1.932,1.942,1.922,4.2535,4.29,4.29,4.217,4.1305,4.181,4.181,4.08
2025-07-04,1.756,1.761,1.761,1.751,1.831,1.856,1.856,1.806,1.9824,1.9824,1.9824,1.935,1.945,1.925,4.2625,4.301,4.301,4.224,4.176,4.225,4.225,4.127
2025-07-07,1.743,1.748,1.748,1.738,1.848,1.858,1.858,1.838,1.977,1.977,1.977,1.93,2.0,1.86,4.286,4.321,4.321,4.251,4.148,4.199,4.199,4.097
2025-07-08,1.702,1.707,1.707,1.697,1.838,1.848,1.848,1.828,1.976,1.976,1.976,1.932,2.002,1.862,4.265,4.313,4.313,4.217,4.1505,4.2,4.2,4.101
2025-07-09,1.771,1.801,1.801,1.741,1.821,1.846,1.846,1.796,1.98,2.043,1.917,1.947,1.947,1.947,4.2455,4.295,4.295,4.196,4.1465,4.197,4.197,4.096
2025-07-10,1.701,1.706,1.706,1.696,1.824,1.849,1.849,1.799,1.962,1.972,1.952,1.954,2.021,1.887,4.2535,4.305,4.305,4.202,4.1345,4.185,4.185,4.084
2025-07-11,1.693,1.698,1.698,1.688,1.809,1.814,1.814,1.804,1.982,1.982,1.982,1.953,1.953,1.953,4.2165,4.27,4.27,4.163,4.129,4.178,4.178,4.08
2025-07-14,1.643,1.648,1.648,1.638,1.783,1.808,1.808,1.758,1.9695,1.99,1.949,1.956,1.966,1.946,4.2335,4.286,4.286,4.181,4.13,4.181,4.181,4.079
2025-07-15,1.66,1.665,1.665,1.655,1.785,1.79,1.79,1.78,1.9745,1.995,1.954,1.956,1.966,1.946,4.2515,4.299,4.299,4.204,4.1335,4.183,4.183,4.084
2025-07-16,1.69,1.7,1.7,1.68,1.798,1.823,1.823,1.773,1.9735,1.994,1.953,1.95,1.96,1.94,4.2455,4.295,4.295,4.196,4.1385,4.189,4.189,4.088
2025-07-17,1.67,1.675,1.675,1.665,1.792,1.817,1.817,1.767,1.96,1.97,1.95,1.948,1.958,1.938,4.239,4.29,4.29,4.188,4.1305,4.181,4.181,4.08
2025-07-18,1.771,1.801,1.801,1.741,1.805,1.81,1.81,1.8,1.9645,1.9645,1.9645,1.949,1.959,1.939,4.2475,4.301,4.301,4.194,4.1245,4.174,4.174,4.075
2025-07-21,1.661,1.666,1.666,1.656,1.815,1.82,1.82,1.81,1.9637,1.9637,1.9637,1.9415,1.953,1.93,4.2165,4.269,4.269,4.164,4.1255,4.176,4.176,4.075
2025-07-22,1.773,1.803,1.803,1.743,1.841,1.846,1.846,1.836,1.9629,1.9629,1.9629,1.946,1.956,1.936,4.1695,4.217,4.217,4.122,4.1255,4.175,4.175,4.076
2025-07-23,1.671,1.676,1.676,1.666,1.828,1.833,1.833,1.823,1.96895,1.969,1.9689,1.943,1.943,1.943,4.1185,4.168,4.168,4.069,4.1005,4.151,4.151,4.05
2025-07-24,1.669,1.674,1.674,1.664,1.823,1.848,1.848,1.798,1.9735,1.994,1.953,1.97,1.98,1.96,4.1215,4.173,4.173,4.07,4.0965,4.147,4.147,4.046
2025-07-25,1.775,1.805,1.805,1.745,1.819,1.824,1.824,1.814,1.966,1.966,1.966,1.977,1.987,1.967,4.1095,4.163,4.163,4.056,4.0985,4.148,4.148,4.049
2025-07-28,1.775,1.805,1.805,1.745,1.823,1.828,1.828,1.818,1.961,2.031,1.891,1.984,1.994,1.974,4.1115,4.164,4.164,4.059,4.09,4.141,4.141,4.039
2025-07-29,1.666,1.671,1.671,1.661,1.8425,1.87,1.87,1.815,1.9715,1.997,1.946,1.977,1.987,1.967,4.0935,4.146,4.146,4.041,4.08,4.13,4.13,4.03
2025-07-30,1.775,1.805,1.805,1.745,1.847,1.852,1.852,1.842,1.983,1.983,1.983,1.975,1.975,1.975,4.061,4.109,4.109,4.013,4.0715,4.122,4.122,4.021
2025-07-31,1.775,1.805,1.805,1.745,1.841,1.846,1.846,1.836,1.982,1.982,1.982,1.975,1.975,1.975,4.0615,4.111,4.111,4.012,4.0755,4.126,4.126,4.025
2025-08-01,1.774,1.804,1.804,1.744,1.842,1.847,1.847,1.837,1.982,1.982,1.982,1.965,1.975,1.955,4.0335,4.085,4.085,3.982,4.086,4.135,4.135,4.037
2025-08-04,1.725,1.755,1.755,1.695,1.8124,1.8174,1.8174,1.8074,1.951,2.018,1.884,1.963,1.973,1.953,4.025,4.075,4.075,3.975,4.0635,4.114,4.114,4.013
2025-08-05,1.8844,1.8894,1.8894,1.8794,1.7817,1.7867,1.7867,1.7767,1.9428,1.9428,1.9428,1.961,1.971,1.951,4.0065,4.054,4.054,3.959,4.0345,4.084,4.084,3.985
2025-08-06,1.8762,1.8812,1.8812,1.8712,1.7539,1.7589,1.7589,1.7489,1.9412,1.9412,1.9412,1.947,1.957,1.937,3.9775,4.027,4.027,3.928,4.0295,4.08,4.08,3.979
2025-08-07,1.765,1.775,1.775,1.755,1.817,1.863,1.863,1.771,1.959,2.026,1.892,1.951,1.961,1.941,3.9895,4.041,4.041,3.938,4.0455,4.096,4.096,3.995
2025-08-08,1.7982,1.8032,1.8032,1.7932,1.794,1.84,1.84,1.748,1.974,2.041,1.907,1.95,1.96,1.94,3.9725,4.026,4.026,3.919,4.039,4.088,4.088,3.99
2025-08-11,1.8083,1.8133,1.8133,1.8033,1.734,1.78,1.78,1.688,1.9565,1.9615,1.9515,1.9483,1.9533,1.9433,3.9965,4.042,4.042,3.951,4.052,4.101,4.101,4.003
2025-08-12,1.7924,1.7974,1.7974,1.7874,1.766,1.806,1.806,1.726,1.9361,1.9411,1.9311,1.9656,1.9706,1.9606,4.0055,4.041,4.041,3.97,4.038,4.088,4.088,3.988
2025-08-13,1.792,1.797,1.797,1.787,1.786,1.826,1.826,1.746,1.9273,1.9323,1.9223,1.9611,1.9661,1.9561,4.004,4.041,4.041,3.967,4.0375,4.088,4.088,3.987
2025-08-14,1.779,1.789,1.789,1.769,1.7908,1.7958,1.7958,1.7858,1.9375,2.009,1.866,1.961,1.971,1.951,4.064,4.102,4.102,4.026,4.052,4.101,4.101,4.003
2025-08-15,1.7839,1.7889,1.7889,1.7789,1.781,1.821,1.821,1.741,1.9435,2.015,1.872,1.961,1.971,1.951,4.077,4.112,4.112,4.042,4.046,4.097,4.097,3.995
2025-08-18,1.6929,1.6979,1.6979,1.6879,1.732,1.772,1.772,1.692,1.953,2.02,1.886,1.964,1.974,1.954,4.042,4.079,4.079,4.005,4.043,4.092,4.092,3.994
2025-08-19,1.6688,1.6738,1.6738,1.6638,1.546,1.551,1.551,1.541,1.947,2.014,1.88,1.965,1.97,1.96,4.0195,4.069,4.069,3.97,4.0655,4.101,4.101,4.03
2025-08-20,1.6566,1.6616,1.6616,1.6516,1.566,1.606,1.606,1.526,1.945,2.012,1.878,1.956,1.974,1.938,4.0185,4.07,4.07,3.967,4.065,4.101,4.101,4.029
2025-08-21,1.6217,1.6267,1.6267,1.6167,1.623,1.663,1.663,1.583,1.947,2.014,1.88,1.966,1.976,1.956,4.0175,4.071,4.071,3.964,4.071,4.105,4.105,4.037
2025-08-22,1.638,1.643,1.643,1.633,1.623,1.663,1.663,1.583,1.946,2.013,1.879,1.964,1.982,1.946,4.015,4.061,4.061,3.969,4.0655,4.101,4.101,4.03
2025-08-25,1.6129,1.6179,1.6179,1.6079,1.8545,1.877,1.877,1.832,1.958,1.963,1.953,1.99,2.0,1.98,,,,,,,,
2025-08-26,1.6215,1.6265,1.6265,1.6165,1.8565,1.879,1.879,1.834,1.9571,1.9621,1.9521,1.9919,1.9919,1.9919,4.014,4.062,4.062,3.966,4.067,4.101,4.101,4.033
2025-08-27,1.6024,1.6074,1.6074,1.5974,1.7805,1.813,1.813,1.748,1.966,1.99,1.942,1.9897,1.9897,1.9897,4.0185,4.07,4.07,3.967,4.052,4.088,4.088,4.016
2025-08-28,1.6212,1.6262,1.6262,1.6162,1.8275,1.86,1.86,1.795,1.968,1.992,1.944,2.0,2.01,1.99,4.0175,4.071,4.071,3.964,4.054,4.088,4.088,4.02
2025-08-29,1.801,1.811,1.811,1.791,1.8205,1.853,1.853,1.788,1.979,2.003,1.955,1.995,2.005,1.985,4.0595,4.112,4.112,4.007,4.0395,4.075,4.075,4.004
2025-09-01,1.6403,1.6453,1.6453,1.6353,1.8345,1.867,1.867,1.802,1.948,1.987,1.909,1.9892,1.9892,1.9892,4.051,4.097,4.097,4.005,4.07,4.106,4.106,4.034
2025-09-02,1.6406,1.6456,1.6456,1.6356,1.8185,1.851,1.851,1.786,1.941,1.98,1.902,1.9869,1.9869,1.9869,4.0475,4.097,4.097,3.998,4.063,4.113,4.113,4.013
2025-09-03,1.6365,1.6415,1.6415,1.6315,1.8595,1.892,1.892,1.827,1.9453,1.9503,1.9403,1.9845,1.9845,1.9845,4.0335,4.085,4.085,3.982,4.0415,4.092,4.092,3.991
2025-09-04,1.8229,1.8279,1.8279,1.8179,1.8605,1.893,1.893,1.828,1.935,1.974,1.896,1.986,2.014,1.958,4.0335,4.087,4.087,3.98,4.0305,4.08,4.08,3.981
2025-09-05,1.7581,1.7631,1.7631,1.7531,1.854,1.904,1.904,1.804,1.933,1.972,1.894,1.9885,1.9885,1.9885,4.0415,4.094,4.094,3.989,4.055,4.106,4.106,4.004
2025-09-08,1.75155,1.7566,1.7566,1.7465,1.8452,1.8502,1.8502,1.8402,1.9632,1.9632,1.9632,1.998,1.998,1.998,4.051,4.097,4.097,4.005,4.034,4.083,4.083,3.985
2025-09-09,1.7446,1.7496,1.7496,1.7396,1.8465,1.879,1.879,1.814,1.9649,2.0349,1.8949,1.99995,2.0,1.9999,4.0475,4.097,4.097,3.998,4.038,4.088,4.088,3.988
2025-09-10,1.7428,1.7478,1.7478,1.7378,1.8075,1.84,1.84,1.775,1.9727,1.9727,1.9727,1.9979,1.9979,1.9979,4.0485,4.1,4.1,3.997,4.063,4.114,4.114,4.012
2025-09-11,1.6763,1.6813,1.6813,1.6713,1.7395,1.772,1.772,1.707,1.9592,1.9592,1.9592,1.992,2.012,1.972,4.0485,4.102,4.102,3.995,4.069,4.118,4.118,4.02
2025-09-12,1.6159,1.6209,1.6209,1.6109,1.72,1.75,1.75,1.69,1.9707,1.9707,1.9707,1.9955,2.008,1.983,4.0415,4.094,4.094,3.989,4.05,4.101,4.101,3.999
2025-09-15,1.3514,1.3564,1.3564,1.3464,1.63,1.68,1.68,1.58,1.963,2.002,1.924,1.9849,1.9849,1.9849,4.051,4.097,4.097,4.005,4.0475,4.097,4.097,3.998
2025-09-16,1.3681,1.3731,1.3731,1.3631,1.5778,1.5828,1.5828,1.5728,1.962,2.001,1.923,1.967,2.002,1.932,4.0615,4.111,4.111,4.012,4.067,4.117,4.117,4.017
2025-09-17,1.3305,1.3355,1.3355,1.3255,1.5592,1.5642,1.5642,1.5542,1.981,2.028,1.934,1.9934,1.9934,1.9934,4.0485,4.1,4.1,3.997,4.067,4.118,4.118,4.016
2025-09-18,1.3708,1.3758,1.3758,1.3658,1.671,1.676,1.676,1.666,1.979,2.026,1.932,1.9863,1.9863,1.9863,4.0335,4.087,4.087,3.98,4.0645,4.114,4.114,4.015
2025-09-19,1.75,1.76,1.76,1.74,1.6781,1.6831,1.6831,1.6731,1.985,2.032,1.938,1.9862,1.9862,1.9862,4.0415,4.094,4.094,3.989,4.0725,4.123,4.123,4.022
2025-09-22,1.7418,1.7468,1.7468,1.7368,1.6047,1.6097,1.6097,1.5997,1.9632,1.9682,1.9582,1.9837,1.9837,1.9837,4.051,4.097,4.097,4.005,4.07,4.119,4.119,4.021
2025-09-23,1.85,1.86,1.86,1.84,1.5911,1.5961,1.5961,1.5861,1.9678,1.9728,1.9628,1.9788,1.9788,1.9788,4.0475,4.097,4.097,3.998,4.067,4.117,4.117,4.017
2025-09-24,1.9,1.91,1.91,1.89,1.5972,1.6022,1.6022,1.5922,1.9727,1.9777,1.9677,1.9858,1.9858,1.9858,4.0485,4.1,4.1,3.997,4.063,4.114,4.114,4.012
2025-09-25,1.9029,1.9079,1.9079,1.8979,1.5954,1.6004,1.6004,1.5904,1.9715,2.0415,1.9015,1.9803,1.9853,1.9753,4.0335,4.087,4.087,3.98,4.0645,4.114,4.114,4.015
2025-09-26,1.9095,1.9145,1.9145,1.9045,1.5845,1.6545,1.6545,1.5145,1.9707,1.9757,1.9657,1.971,1.992,1.95,4.0415,4.094,4.094,3.989,4.0635,4.114,4.114,4.013
2025-09-29,1.95,1.96,1.96,1.94,1.4635,1.5335,1.5335,1.3935,1.9735,1.9785,1.9685,1.965,1.986,1.944,4.051,4.097,4.097,4.005,4.079,4.128,4.128,4.03
2025-09-30,1.926,1.931,1.931,1.921,1.7511,1.7561,1.7561,1.7461,1.9784,1.9834,1.9734,1.9797,1.9847,1.9747,4.0335,4.083,4.083,3.984,4.0505,4.101,4.101,4.0
2025-10-01,1.9212,1.9262,1.9262,1.9162,1.7209,1.7259,1.7259,1.7159,1.9727,1.9777,1.9677,1.9714,1.9764,1.9664,4.0335,4.085,4.085,3.982,4.0455,4.096,4.096,3.995
2025-10-02,1.9209,1.9259,1.9259,1.9159,1.7223,1.7273,1.7273,1.7173,1.9655,1.999,1.932,1.972,1.982,1.962,4.0485,4.102,4.102,3.995,4.069,4.118,4.118,4.02
2025-10-03,1.9358,1.9408,1.9408,1.9308,1.7039,1.7089,1.7089,1.6989,1.9585,1.992,1.925,1.96,1.981,1.939,4.0595,4.112,4.112,4.007,4.0635,4.114,4.114,4.013
2025-10-06,1.9293,1.9343,1.9343,1.9243,1.6562,1.6612,1.6612,1.6512,1.9477,1.9527,1.9427,1.961,1.971,1.951,3.923,3.969,3.969,3.877,3.9935,4.043,4.043,3.944
2025-10-07,1.9506,1.9556,1.9556,1.9456,1.6216,1.6266,1.6266,1.6166,1.96,1.97,1.95,1.9555,1.9555,1.9555,4.0475,4.097,4.097,3.998,4.017,4.067,4.067,3.967
2025-10-08,1.4628,1.5628,1.5628,1.3628,1.5859,1.5909,1.5909,1.5809,1.9508,1.9558,1.9458,1.9611,1.9611,1.9611,4.0485,4.1,4.1,3.997,4.0205,4.071,4.071,3.97
2025-10-09,1.4327,1.5327,1.5327,1.3327,1.5743,1.5793,1.5793,1.5693,1.9472,1.9522,1.9422,1.962,1.972,1.952,4.0335,4.087,4.087,3.98,4.022,4.071,4.071,3.973
2025-10-10,1.4418,1.5418,1.5418,1.3418,1.5861,1.5911,1.5911,1.5811,1.9458,1.9508,1.9408,1.964,1.974,1.954,4.0415,4.094,4.094,3.989,4.015,4.066,4.066,3.964
2025-10-13,1.3009,1.4,1.4,1.2018,1.5175,1.5225,1.5225,1.5125,1.958,1.963,1.953,1.982,1.992,1.972,4.047,4.097,4.097,3.997,4.015,4.065,4.065,3.965
2025-10-14,1.1904,1.2808,1.2808,1.1,1.476,1.481,1.481,1.471,1.9571,1.9621,1.9521,1.968,1.978,1.958,4.062731,4.112731,4.112731,4.012731,4.4125,4.451,4.451,4.374
2025-10-15,1.1808,1.2808,1.2808,1.0808,1.4398,1.4448,1.4448,1.4348,1.9508,1.9558,1.9458,1.9617,2.0317,1.8917,4.0485,4.1,4.1,3.997,4.056,4.092,4.092,4.02
2025-10-16,1.191,1.391,1.391,0.991,1.4217,1.4267,1.4267,1.4167,1.9544,2.0244,1.8844,1.9588,1.9588,1.9588,4.0485,4.102,4.102,3.995,4.0625,4.097,4.097,4.028
2025-10-17,1.19,1.39,1.39,0.99,1.4393,1.4443,1.4443,1.4343,1.952,1.957,1.947,1.9606,1.9606,1.9606,4.0415,4.094,4.094,3.989,4.0705,4.106,4.106,4.035
2025-10-20,1.3,1.45,1.45,1.15,,,,,1.9375,1.971,1.904,1.9923,2.0623,1.9223,4.051,4.097,4.097,4.005,4.061,4.097,4.097,4.025
2025-10-21,1.54,1.665,1.665,1.415,1.4541,1.4591,1.4591,1.4491,1.9465,1.9515,1.9415,1.9904,2.0604,1.9204,4.0475,4.083,4.083,4.012,4.059,4.109,4.109,4.009
2025-10-22,1.6505,1.751,1.751,1.55,1.4427,1.4477,1.4477,1.4377,1.9562,1.9612,1.9512,1.99,2.0,1.98,4.0335,4.07,4.07,3.997,4.0205,4.071,4.071,3.97
2025-10-23,1.45,1.55,1.55,1.35,1.4631,1.4681,1.4681,1.4581,1.9472,1.9522,1.9422,1.9839,2.0539,1.9139,4.033,4.071,4.071,3.995,4.022,4.071,4.071,3.973
2025-10-24,1.4755,1.6,1.6,1.351,1.5349,1.5399,1.5399,1.5299,1.9612,2.0312,1.8912,2.0005,2.0705,1.9305,4.042,4.077,4.077,4.007,4.037,4.088,4.088,3.986
2025-10-27,1.553,1.753,1.753,1.353,1.7575,1.806,1.806,1.709,1.9735,1.9785,1.9685,2.0145,2.037,1.992,4.042,4.079,4.079,4.005,3.9985,4.048,4.048,3.949
2025-10-28,1.55,1.65,1.65,1.45,1.7665,1.815,1.815,1.718,1.9731,1.9781,1.9681,2.001,2.015,1.987,4.0195,4.055,4.055,3.984,3.988,4.038,4.038,3.938
2025-10-29,1.63665,1.7133,1.7133,1.56,1.7725,1.821,1.821,1.724,1.9672,1.9722,1.9622,2.003,2.017,1.989,4.0185,4.055,4.055,3.982,3.9445,3.995,3.995,3.894
2025-10-30,1.54,1.57,1.57,1.51,1.7685,1.817,1.817,1.72,1.959,1.987,1.931,2.005,2.019,1.991,4.018,4.056,4.056,3.98,3.9575,4.007,4.007,3.908
2025-10-31,1.6261,1.6961,1.6961,1.5561,1.7835,1.832,1.832,1.735,1.964,1.992,1.936,2.0025,2.01,1.995,4.024,4.059,4.059,3.989,3.9395,3.99,3.99,3.889
2025-11-03,1.635,1.69,1.69,1.58,1.7804,1.7854,1.7854,1.7754,1.9735,1.9785,1.9685,2.026,2.036,2.016,4.0055,4.042,4.042,3.969,3.931,3.98,3.98,3.882
2025-11-04,1.5871,1.6571,1.6571,1.5171,1.8,1.81,1.81,1.79,1.9707,2.0407,1.9007,2.015,2.025,2.005,3.9915,4.041,4.041,3.942,3.971,4.021,4.021,3.921
2025-11-05,1.62,1.66,1.66,1.58,1.7928,1.7978,1.7978,1.7878,1.978,2.006,1.95,2.017,2.027,2.007,4.004,4.055,4.055,3.953,3.9695,4.02,4.02,3.919
2025-11-06,1.62,1.63,1.63,1.61,1.7947,1.7997,1.7997,1.7897,1.9712,1.9762,1.9662,2.018,2.028,2.008,4.0795,4.133,4.133,4.026,4.009,4.058,4.058,3.96
2025-11-07,1.61,1.62,1.62,1.6,1.786,1.791,1.791,1.781,1.9645,1.9695,1.9595,2.02,2.03,2.01,4.0415,4.094,4.094,3.989,3.966,4.017,4.017,3.915
2025-11-10,1.5873,1.6573,1.6573,1.5173,1.8114,1.8164,1.8164,1.8064,1.9683,1.9733,1.9633,2.024,2.038,2.01,4.0695,4.115,4.115,4.024,3.9625,4.012,4.012,3.913
2025-11-11,1.5905,1.6905,1.6905,1.4905,1.7939,1.7989,1.7989,1.7889,1.9678,1.9728,1.9628,2.017,2.027,2.007,4.076,4.125,4.125,4.027,3.9625,4.013,4.013,3.912
2025-11-12,1.5829,1.6829,1.6829,1.4829,1.7996,1.8046,1.8046,1.7946,1.9727,1.9777,1.9677,2.0156,2.0156,2.0156,4.092,4.143,4.143,4.041,3.9655,4.016,4.016,3.915
2025-11-13,1.585,1.685,1.685,1.485,1.824,1.829,1.829,1.819,1.9755,1.999,1.952,2.016,2.026,2.006,4.0795,4.133,4.133,4.026,3.962,4.011,4.011,3.913
2025-11-14,1.6159,1.7159,1.7159,1.5159,1.802,1.807,1.807,1.797,1.9625,1.986,1.939,2.01,2.024,1.996,4.0765,4.129,4.129,4.024,3.957,4.008,4.008,3.906
2025-11-17,1.64,1.65,1.65,1.63,1.785,1.795,1.795,1.775,2.0425,2.06,2.025,2.04,2.05,2.03,4.088,4.134,4.134,4.042,3.9535,4.003,4.003,3.904
2025-11-18,1.6183,1.7183,1.7183,1.5183,1.783,1.793,1.793,1.773,2.02,2.03,2.01,2.0325,2.053,2.012,4.076,4.125,4.125,4.027,3.9585,4.009,4.009,3.908
2025-11-19,1.68,1.76,1.76,1.6,1.795,1.805,1.805,1.785,2.0355,2.053,2.018,2.03,2.04,2.02,4.0335,4.085,4.085,3.982,3.936,3.987,3.987,3.885
2025-11-20,1.706,1.716,1.716,1.696,1.80815,1.8132,1.8132,1.8031,2.0435,2.061,2.026,2.0285,2.049,2.008,4.0175,4.071,4.071,3.964,3.9405,3.99,3.99,3.891
2025-11-21,1.91,1.92,1.92,1.9,1.819,1.824,1.824,1.814,2.03915,2.0442,2.0341,2.026,2.036,2.016,4.0765,4.129,4.129,4.024,3.935,3.986,3.986,3.884
2025-11-24,2.03,2.1,2.1,1.96,1.834,1.839,1.839,1.829,2.0458,2.0508,2.0408,2.036,2.046,2.026,4.088,4.134,4.134,4.042,3.9355,3.985,3.985,3.886
2025-11-25,1.865,1.93,1.93,1.8,1.8269,1.8319,1.8319,1.8219,2.0369,2.0419,2.0319,2.038,2.048,2.028,4.0475,4.097,4.097,3.998,3.921,3.971,3.971,3.871
2025-11-26,1.844,1.89,1.89,1.798,1.8196,1.8246,1.8246,1.8146,2.0329,2.0379,2.0279,2.0335,2.054,2.013,4.0485,4.1,4.1,3.997,3.9065,3.957,3.957,3.856
2025-11-27,1.9,2.0,2.0,1.8,1.8327,1.8377,1.8377,1.8277,2.0535,2.111,1.996,2.0335,2.054,2.013,4.011,4.052,4.052,3.97,3.9105,3.96,3.96,3.861
2025-11-28,1.96,1.97,1.97,1.95,1.8585,1.8635,1.8635,1.8535,2.0435,2.101,1.986,2.036,2.046,2.026,3.995,4.041,4.041,3.949,3.891,3.942,3.942,3.84
2025-12-01,1.97,1.99,1.99,1.95,1.8554,1.8604,1.8604,1.8504,1.989,2.048,1.93,2.0855,2.093,2.078,4.0065,4.054,4.054,3.959,3.9,3.949,3.949,3.851
2025-12-02,1.8478,1.8528,1.8528,1.8428,1.954,1.978,1.978,1.93,1.994,2.053,1.935,2.086,2.156,2.016,3.9915,4.041,4.041,3.942,3.9,3.95,3.95,3.85
2025-12-03,1.8398,1.8448,1.8448,1.8348,1.954,1.978,1.978,1.93,1.978,2.037,1.919,2.066,2.136,1.996,3.9895,4.041,4.041,3.938,3.8895,3.94,3.94,3.839
2025-12-04,1.8326,1.8376,1.8376,1.8276,1.92,1.944,1.944,1.896,1.9712,1.9712,1.9712,2.0655,2.0655,2.0655,3.9875,4.041,4.041,3.934,3.8935,3.943,3.943,3.844
2025-12-05,1.8886,1.8936,1.8936,1.8836,1.954,1.978,1.978,1.93,1.9769,1.9769,1.9769,2.0684,2.0684,2.0684,4.0065,4.059,4.059,3.954,3.86,3.911,3.911,3.809
2025-12-08,1.8961,1.9011,1.9011,1.8911,1.924,1.953,1.953,1.895,1.9702,1.9702,1.9702,2.0714,2.0714,2.0714,3.978,4.024,4.024,3.932,3.864,3.913,3.913,3.815
2025-12-09,1.8881,1.8931,1.8931,1.8831,1.945,1.98,1.98,1.91,1.9645,2.0345,1.8945,2.0591,2.0591,2.0591,3.9345,3.984,3.984,3.885,3.896,3.925,3.925,3.867
2025-12-10,1.86,1.87,1.87,1.85,1.955,1.998,1.998,1.912,1.962,2.021,1.903,2.0643,2.0643,2.0643,3.916,3.967,3.967,3.865,3.881,3.911,3.911,3.851
2025-12-11,1.9,1.91,1.91,1.89,1.947,1.99,1.99,1.904,1.9433,1.9433,1.9433,2.0599,2.0599,2.0599,3.911,3.964,3.964,3.858,3.874,3.904,3.904,3.844
2025-12-12,1.88,1.89,1.89,1.87,1.935,1.978,1.978,1.892,1.941,2.0,1.882,2.0584,2.0584,2.0584,3.9195,3.972,3.972,3.867,3.867,3.898,3.898,3.836
2025-12-15,1.89,1.9,1.9,1.88,1.958,2.001,2.001,1.915,1.99,2.0,1.98,2.0879,2.0879,2.0879,3.8865,3.932,3.932,3.841,3.875,3.904,3.904,3.846
2025-12-16,1.891,1.901,1.901,1.881,1.953,1.996,1.996,1.91,1.9829,1.9879,1.9779,2.0767,2.0767,2.0767,3.8925,3.928,3.928,3.857,3.854,3.904,3.904,3.804
2025-12-17,1.89,1.9,1.9,1.88,1.959,2.002,2.002,1.916,1.96895,1.974,1.9639,2.0835,2.105,2.062,3.872,3.909,3.909,3.835,3.8345,3.885,3.885,3.784
2025-12-18,1.88,1.89,1.89,1.87,1.957,1.992,1.992,1.922,1.9668,1.9718,1.9618,2.0739,2.0739,2.0739,3.865,3.903,3.903,3.827,3.855,3.904,3.904,3.806
2025-12-19,1.877,1.887,1.887,1.867,1.958,1.998,1.998,1.918,1.966,1.971,1.961,2.0663,2.0663,2.0663,3.867,3.902,3.902,3.832,3.847,3.898,3.898,3.796
2025-12-22,1.93,1.94,1.94,1.92,1.959,1.999,1.999,1.919,1.955,1.965,1.945,2.0433,2.0433,2.0433,3.8775,3.914,3.914,3.841,3.8505,3.9,3.9,3.801
2025-12-23,2.049,2.123,2.123,1.975,1.93,1.94,1.94,1.92,1.9817,1.9867,1.9767,2.0461,2.0461,2.0461,3.85,3.899,3.899,3.801,3.8165,3.867,3.867,3.766
2025-12-24,,,,,,,,,1.96,1.97,1.95,2.052,2.062,2.042,3.8495,3.902,3.902,3.797,3.811,3.862,3.862,3.76
2025-12-29,2.104,2.198,2.198,2.01,1.955,1.995,1.995,1.915,1.9875,2.043,1.932,2.025,2.05,2.0,3.8495,3.895,3.895,3.804,3.846,3.895,3.895,3.797
2025-12-30,2.071,2.21,2.21,1.932,1.955,1.995,1.995,1.915,1.9995,2.055,1.944,2.0245,2.0245,2.0245,3.85,3.899,3.899,3.801,3.8375,3.888,3.888,3.787
2025-12-31,,,,,,,,,,,,2.027,2.052,2.002,3.8495,3.903,3.903,3.796,3.8465,3.896,3.896,3.797
2026-01-02,2.048,2.187,2.187,1.909,1.956,1.996,1.996,1.916,1.9906,1.9956,1.9856,2.0184,2.0184,2.0184,3.8495,3.902,3.902,3.797,3.8335,3.884,3.884,3.783
2026-01-05,1.929,2.068,2.068,1.79,1.94,1.95,1.95,1.93,2.0024,2.0024,2.0024,2.0136,2.0136,2.0136,3.8495,3.895,3.895,3.804,3.837,3.886,3.886,3.788
2026-01-06,2.04,2.09,2.09,1.99,1.954,1.994,1.994,1.914,2.003,2.003,2.003,2.0165,2.0165,2.0165,3.782,3.83,3.83,3.734,3.825,3.875,3.875,3.775
2026-01-07,1.981,2.12,2.12,1.842,1.95,1.96,1.96,1.94,1.9898,1.9898,1.9898,2.0194,2.0194,2.0194,3.789,3.84,3.84,3.738,3.8215,3.872,3.872,3.771
2026-01-08,1.89,2.029,2.029,1.751,1.934,1.974,1.974,1.894,1.9825,1.9825,1.9825,2.0178,2.0178,2.0178,3.796,3.85,3.85,3.742,3.833,3.884,3.884,3.782
2026-01-09,1.975,2.01,2.01,1.94,1.91,1.95,1.95,1.87,1.966,1.966,1.966,2.0125,2.0125,2.0125,3.786,3.838,3.838,3.734,3.8055,3.856,3.856,3.755
2026-01-12,2.0,2.01,2.01,1.99,1.91,1.945,1.945,1.875,1.9702,1.9752,1.9652,2.026,2.036,2.016,3.7955,3.852,3.852,3.739,3.79,3.839,3.839,3.741
2026-01-13,1.9253,1.9303,1.9303,1.9203,1.91,1.945,1.945,1.875,1.97,2.039,1.901,2.0222,2.0222,2.0222,3.7655,3.815,3.815,3.716,3.787,3.837,3.837,3.737
2026-01-14,1.8522,1.8572,1.8572,1.8472,1.93,1.94,1.94,1.92,1.962,1.967,1.957,2.0143,2.0143,2.0143,3.7695,3.821,3.821,3.718,3.788,3.839,3.839,3.737
2026-01-15,1.8809,1.8859,1.8859,1.8759,1.9,1.94,1.94,1.86,1.9559,2.0259,1.8859,2.0084,2.0084,2.0084,3.7585,3.812,3.812,3.705,3.7995,3.849,3.849,3.75
2026-01-16,1.9084,1.9134,1.9134,1.9034,1.94,1.95,1.95,1.93,1.958,1.983,1.933,2.0107,2.0107,2.0107,3.7275,3.78,3.78,3.675,3.789,3.84,3.84,3.738
2026-01-19,1.8928,1.8978,1.8978,1.8878,1.93,1.97,1.97,1.89,1.977,2.002,1.952,2.0043,2.0043,2.0043,3.74,3.786,3.786,3.694,3.788,3.837,3.837,3.739
2026-01-20,1.9295,1.9345,1.9345,1.9245,1.932,1.972,1.972,1.892,1.996,2.021,1.971,2.0,2.0,2.0,3.737,3.786,3.786,3.688,3.7915,3.842,3.842,3.741
2026-01-21,1.9204,1.9254,1.9254,1.9154,1.921,1.941,1.941,1.901,1.99,2.015,1.965,1.989,1.989,1.989,3.7395,3.791,3.791,3.688,3.788,3.839,3.839,3.737
2026-01-22,1.9119,1.9169,1.9169,1.9069,1.916,1.936,1.936,1.896,1.99,2.015,1.965,1.9817,1.9817,1.9817,3.7425,3.796,3.796,3.689,3.7865,3.836,3.836,3.737
2026-01-23,1.9086,1.9136,1.9136,1.9036,1.909,1.919,1.919,1.899,1.999,2.024,1.974,1.9862,1.9862,1.9862,3.745,3.797,3.797,3.693,3.789,3.84,3.84,3.738
2026-01-26,1.9307,1.9357,1.9357,1.9257,1.91,1.93,1.93,1.89,1.99,2.015,1.965,2.0258,2.0958,1.9558,3.74,3.786,3.786,3.694,3.7925,3.842,3.842,3.743
2026-01-27,1.9371,1.9421,1.9421,1.9321,1.909,1.949,1.949,1.869,1.963,1.988,1.938,2.019,2.029,2.009,3.7515,3.801,3.801,3.702,3.7955,3.846,3.846,3.745
2026-01-28,1.9346,1.9396,1.9396,1.9296,1.909,1.949,1.949,1.869,1.969,1.994,1.944,2.019,2.029,2.009,3.7395,3.791,3.791,3.688,3.792,3.843,3.843,3.741
2026-01-29,1.9254,1.9304,1.9304,1.9204,1.914,1.954,1.954,1.874,1.967,1.992,1.942,2.01,2.02,2.0,3.7425,3.796,3.796,3.689,3.791,3.84,3.84,3.742
2026-01-30,1.9456,1.9506,1.9506,1.9406,1.914,1.954,1.954,1.874,2.005,2.015,1.995,2.005,2.015,1.995,3.745,3.797,3.797,3.693,3.785,3.836,3.836,3.734
2026-02-02,2.0073,2.0123,2.0123,2.0023,1.94,1.95,1.95,1.93,1.9766,1.9766,1.9766,2.0039,2.0089,1.9989,3.758,3.804,3.804,3.712,3.788,3.837,3.837,3.739
2026-02-03,1.9814,1.9864,1.9864,1.9764,1.943,1.953,1.953,1.933,1.9829,1.9829,1.9829,2.016,2.041,1.991,3.7515,3.801,3.801,3.702,3.7575,3.807,3.807,3.708
2026-02-04,1.99,2.0,2.0,1.98,1.917,1.957,1.957,1.877,1.9828,1.9828,1.9828,2.004,2.029,1.979,3.7395,3.791,3.791,3.688,3.758,3.808,3.808,3.708
2026-02-05,1.981,1.986,1.986,1.976,1.917,1.957,1.957,1.877,1.9825,1.9825,1.9825,2.011,2.036,1.986,3.7585,3.812,3.812,3.705,3.6785,3.729,3.729,3.628
2026-02-06,2.0034,2.0084,2.0084,1.9984,1.917,1.957,1.957,1.877,1.982,2.007,1.957,1.998,2.023,1.973,3.7795,3.832,3.832,3.727,3.688,3.738,3.738,3.638
2026-02-09,1.9293,1.9343,1.9343,1.9243,1.918,1.958,1.958,1.878,2.002,2.027,1.977,2.0179,2.0179,2.0179,3.7765,3.822,3.822,3.731,3.683,3.734,3.734,3.632
2026-02-10,1.96,1.97,1.97,1.95,1.921,1.931,1.931,1.911,1.983,2.008,1.958,2.0181,2.0181,2.0181,3.7725,3.801,3.801,3.744,3.6785,3.729,3.729,3.628
2026-02-11,2.0166,2.0216,2.0216,2.0116,1.918,1.958,1.958,1.878,1.99,2.015,1.965,2.0183,2.0183,2.0183,3.747,3.776,3.776,3.718,3.674,3.725,3.725,3.623
2026-02-12,1.8902,1.8952,1.8952,1.8852,1.91,1.92,1.92,1.9,1.9947,2.0647,1.9247,2.0042,2.0042,2.0042,3.7505,3.781,3.781,3.72,3.671,3.72,3.72,3.622
2026-02-13,1.9801,1.9851,1.9851,1.9751,1.916,1.956,1.956,1.876,1.999,2.024,1.974,1.9957,1.9957,1.9957,3.736,3.762,3.762,3.71,3.661,3.712,3.712,3.61
2026-02-16,1.934,1.969,1.969,1.899,1.914,1.954,1.954,1.874,1.9895,1.9895,1.9895,2.0022,2.0022,2.0022,3.7395,3.767,3.767,3.712,3.663,3.712,3.712,3.614
2026-02-17,1.91,1.92,1.92,1.9,1.921,1.961,1.961,1.881,1.9963,1.9963,1.9963,2.0,2.0,2.0,3.7515,3.801,3.801,3.702,3.641,3.691,3.691,3.591
2026-02-18,1.905,1.915,1.915,1.895,1.922,1.962,1.962,1.882,1.9898,1.9898,1.9898,1.9978,1.9978,1.9978,3.7395,3.791,3.791,3.688,3.64,3.691,3.691,3.589
2026-02-19,1.9,1.91,1.91,1.89,1.85,1.86,1.86,1.84,1.975,2.0,1.95,2.0024,2.0024,2.0024,3.7275,3.781,3.781,3.674,3.637,3.686,3.686,3.588
2026-02-20,1.89,1.9,1.9,1.88,1.923,1.963,1.963,1.883,1.9824,1.9824,1.9824,2.0025,2.0025,2.0025,3.745,3.797,3.797,3.693,3.63,3.681,3.681,3.579
2026-02-23,1.9,1.91,1.91,1.89,1.922,1.962,1.962,1.882,1.977,2.002,1.952,2.019,2.029,2.009,3.74,3.786,3.786,3.694,3.627,3.676,3.676,3.578
2026-02-24,1.9,1.91,1.91,1.89,1.922,1.962,1.962,1.882,1.97,1.995,1.945,2.004,2.004,2.004,3.723,3.772,3.772,3.674,3.6415,3.691,3.691,3.592
2026-02-25,1.92,1.93,1.93,1.91,1.894,1.943,1.943,1.845,1.962,1.987,1.937,2.0143,2.0143,2.0143,3.7105,3.762,3.762,3.659,3.637,3.687,3.687,3.587
2026-02-26,1.93,1.94,1.94,1.92,1.902,1.951,1.951,1.853,1.967,2.003,1.931,2.0037,2.0737,1.9337,3.7125,3.766,3.766,3.659,3.6235,3.674,3.674,3.573
2026-02-27,1.93,1.94,1.94,1.92,1.903,1.952,1.952,1.854,1.966,2.002,1.93,2.013,2.027,1.999,3.71,3.762,3.762,3.658,3.609,3.659,3.659,3.559
2026-03-02,1.96,1.97,1.97,1.95,1.928,1.968,1.968,1.888,1.9864,2.0564,1.9164,2.017,2.031,2.003,3.74,3.786,3.786,3.694,3.7095,3.76,3.76,3.659
2026-03-03,1.98,1.99,1.99,1.97,1.9036,1.9436,1.9436,1.8636,1.9838,1.9888,1.9788,2.0219,2.0219,2.0219,3.7515,3.801,3.801,3.702,3.741,3.791,3.791,3.691
2026-03-04,1.98,1.99,1.99,1.97,1.913,1.962,1.962,1.864,2.0,2.03,1.97,2.0222,2.0222,2.0222,,,,,3.9885,4.043,4.043,3.934
2026-03-05,2.0,2.01,2.01,1.99,1.937,1.986,1.986,1.888,2.0037,2.0737,1.9337,2.0277,2.0277,2.0277,3.7585,3.812,3.812,3.705,3.74,3.789,3.789,3.691
2026-03-06,2.005,2.015,2.015,1.995,1.939,1.988,1.988,1.89,2.0004,2.0704,1.9304,2.0305,2.1005,1.9605,5.6435,5.722,5.722,5.565,4.0615,4.116,4.116,4.007
2026-03-09,2.03,2.04,2.04,2.02,1.931,1.971,1.971,1.891,2.0251,2.0251,2.0251,2.098,2.157,2.039,3.7765,3.822,3.822,3.731,3.797,3.846,3.846,3.748
2026-03-10,2.0,2.01,2.01,1.99,1.935,1.945,1.945,1.925,2.005,2.005,2.005,2.092,2.102,2.082,3.7485,3.796,3.796,3.701,3.754,3.804,3.804,3.704
2026-03-11,1.987,1.997,1.997,1.977,1.933,1.973,1.973,1.893,2.011,2.011,2.011,2.1,2.11,2.09,3.7795,3.829,3.829,3.73,3.788,3.839,3.839,3.737
2026-03-12,2.0,2.01,2.01,1.99,1.9453,1.9853,1.9853,1.9053,2.007,2.071,1.943,2.097,2.156,2.038,3.7545,3.806,3.806,3.703,3.7825,3.832,3.832,3.733
2026-03-13,2.0,2.01,2.01,1.99,1.9465,1.9865,1.9865,1.9065,2.0087,2.0787,1.9387,2.097,2.107,2.087,3.775,3.825,3.825,3.725,3.767,3.818,3.818,3.716
2026-03-16,1.854,1.864,1.864,1.844,1.9003,1.9403,1.9403,1.8603,2.004,2.068,1.94,2.093,2.163,2.023,3.7975,3.85,3.85,3.745,3.788,3.837,3.837,3.739
2026-03-17,1.802,1.812,1.812,1.792,1.817,1.827,1.827,1.807,1.989,2.013,1.965,2.0854,2.1554,2.0154,3.7795,3.829,3.829,3.73,3.804,3.854,3.854,3.754
2026-03-18,1.7723,1.8023,1.8023,1.7423,1.816,1.826,1.826,1.806,1.9891,1.9941,1.9841,2.095,2.114,2.076,3.784,3.835,3.835,3.733,3.809,3.86,3.86,3.758
2026-03-19,1.786,1.796,1.796,1.776,1.81,1.82,1.82,1.8,1.989,2.013,1.965,2.117,2.136,2.098,3.7885,3.842,3.842,3.735,3.872,3.921,3.921,3.823
2026-03-20,1.795,1.86,1.86,1.73,1.809,1.819,1.819,1.799,1.989,2.053,1.925,2.1555,2.2255,2.0855,3.7795,3.832,3.832,3.727,3.922,3.973,3.973,3.871
2026-03-23,1.7955,1.8955,1.8955,1.6955,1.84,1.85,1.85,1.83,2.0087,2.0787,1.9387,2.208,2.218,2.198,3.795,3.841,3.841,3.749,3.9265,3.976,3.976,3.877
2026-03-24,1.802,1.812,1.812,1.792,1.84,1.85,1.85,1.83,2.005,2.069,1.941,2.215,2.225,2.205,3.7935,3.843,3.843,3.744,3.938,3.988,3.988,3.888
2026-03-25,1.7895,1.8895,1.8895,1.6895,1.835,1.845,1.845,1.825,1.989,2.053,1.925,2.1982,2.1982,2.1982,3.7985,3.85,3.85,3.747,3.915,3.966,3.966,3.864
2026-03-26,1.79,1.89,1.89,1.69,1.83,1.84,1.84,1.82,1.9887,2.0587,1.9187,2.213,2.223,2.203,3.7885,3.842,3.842,3.735,3.9275,3.977,3.977,3.878
2026-03-27,1.769,1.869,1.869,1.669,1.826,1.836,1.836,1.816,1.9877,2.0577,1.9177,2.2,2.21,2.19,3.8325,3.885,3.885,3.78,3.926,3.977,3.977,3.875
2026-03-30,1.8275,1.982,1.982,1.673,1.9,1.91,1.91,1.89,2.0045,2.0095,1.9995,2.197,2.207,2.187,3.8315,3.877,3.877,3.786,3.9175,3.967,3.967,3.868
2026-03-31,1.829,1.968,1.968,1.69,1.89,1.9,1.9,1.88,1.9943,1.9993,1.9893,2.201,2.211,2.191,3.8075,3.857,3.857,3.758,3.898,3.948,3.948,3.848
2026-04-01,1.766,1.866,1.866,1.666,1.92,1.93,1.93,1.91,1.9848,2.0548,1.9148,2.1935,2.1935,2.1935,3.8275,3.879,3.879,3.776,3.8665,3.917,3.917,3.816
2026-04-02,1.7275,1.8275,1.8275,1.6275,1.92,1.93,1.93,1.91,2.015,2.025,2.005,2.202,2.212,2.192,3.8495,3.895,3.895,3.804,3.695,3.746,3.746,3.644
2026-04-07,1.801,1.95,1.95,1.652,1.9,1.91,1.91,1.89,2.0475,2.0475,2.0475,2.2763,2.3463,2.2063,3.821,3.869,3.869,3.773,3.9,3.949,3.949,3.851
2026-04-08,1.872,2.021,2.021,1.723,1.9,1.91,1.91,1.89,2.0171,2.0871,1.9471,2.1849,2.2549,2.1149,3.8785,3.928,3.928,3.829,3.9275,3.978,3.978,3.877
2026-04-09,1.8,1.949,1.949,1.651,1.9,1.91,1.91,1.89,2.0168,2.0868,1.9468,2.188,2.198,2.178,3.8425,3.894,3.894,3.791,3.936,3.985,3.985,3.887
2026-04-10,1.94555,1.9911,1.9911,1.9,1.895,1.905,1.905,1.885,2.0278,2.0978,1.9578,2.187,2.197,2.177,3.841,3.891,3.891,3.791,3.922,3.973,3.973,3.871
2026-04-13,1.89,1.9,1.9,1.88,1.89,1.9,1.9,1.88,2.061,2.13,1.992,2.2267,2.2967,2.1567,3.8325,3.885,3.885,3.78,3.9355,3.985,3.985,3.886
2026-04-14,1.89,1.9,1.9,1.88,1.89,1.9,1.9,1.88,2.0282,2.0982,1.9582,2.1961,2.2661,2.1261,3.8215,3.871,3.871,3.772,3.9335,3.984,3.984,3.883
2026-04-15,1.894,1.904,1.904,1.884,1.995,2.035,2.035,1.955,2.0261,2.0961,1.9561,2.1757,2.1807,2.1707,3.8275,3.879,3.879,3.776,3.9445,3.995,3.995,3.894
2026-04-16,1.89,1.9,1.9,1.88,1.965,2.005,2.005,1.925,2.02,2.09,1.95,2.148,2.218,2.078,3.804,3.858,3.858,3.75,3.915,3.964,3.964,3.866
2026-04-17,1.895,1.905,1.905,1.885,1.9229,1.9629,1.9629,1.8829,2.0023,2.0723,1.9323,2.117,2.187,2.047,3.7975,3.85,3.85,3.745,3.873,3.924,3.924,3.822
2026-04-20,1.9,1.91,1.91,1.89,1.9508,1.9908,1.9908,1.9108,2.002,2.012,1.992,2.074,2.084,2.064,3.7765,3.822,3.822,3.731,3.8865,3.936,3.936,3.837
2026-04-21,1.9,1.91,1.91,1.89,1.9435,1.9835,1.9835,1.9035,2.005,2.015,1.995,2.08,2.09,2.07,3.7655,3.815,3.815,3.716,3.9125,3.963,3.963,3.862
2026-04-22,1.89,1.9,1.9,1.88,1.9415,1.9815,1.9815,1.9015,2.0063,2.0763,1.9363,2.078,2.088,2.068,3.8275,3.879,3.879,3.776,3.923,3.974,3.974,3.872
2026-04-23,1.88,1.89,1.89,1.87,1.951,1.991,1.991,1.911,1.996,2.006,1.986,2.083,2.093,2.073,3.8195,3.873,3.873,3.766,3.936,3.985,3.985,3.887
2026-04-24,1.86,1.87,1.87,1.85,1.9543,1.9943,1.9943,1.9143,2.001,2.011,1.991,2.079,2.089,2.069,3.8325,3.885,3.885,3.78,3.9,3.951,3.951,3.849
2026-04-27,1.8,1.81,1.81,1.79,1.9407,1.9807,1.9807,1.9007,1.9973,2.0673,1.9273,2.1715,2.2415,2.1015,3.7765,3.822,3.822,3.731,3.891,3.94,3.94,3.842
2026-04-28,1.79,1.8,1.8,1.78,1.9576,1.9976,1.9976,1.9176,2.009,2.019,1.999,2.1995,2.242,2.157,3.7755,3.823,3.823,3.728,3.908,3.958,3.958,3.858
2026-04-29,1.76,1.77,1.77,1.75,1.9717,2.0117,2.0117,1.9317,2.021,2.031,2.011,2.2241,2.2241,2.2241,3.7935,3.843,3.843,3.744,3.9525,4.003,4.003,3.902
2026-04-30,1.8,1.81,1.81,1.79,1.934,1.974,1.974,1.894,1.992,2.002,1.982,2.1839,2.1839,2.1839,3.784,3.835,3.835,3.733,3.915,3.964,3.964,3.866
2026-05-01,,,,,,,,,,,,,,,3.7625,3.815,3.815,3.71,3.913,3.962,3.962,3.864
2026-05-04,1.8,1.81,1.81,1.79,1.9316,1.9716,1.9716,1.8916,2.0264,2.0964,1.9564,2.226,2.236,2.216,,,,,,,,
2026-05-05,1.77,1.78,1.78,1.76,1.9278,1.9678,1.9678,1.8878,2.017,2.027,2.007,2.224,2.234,2.214,3.7765,3.822,3.822,3.731,3.9155,3.965,3.965,3.866
2026-05-06,1.77,1.78,1.78,1.76,1.9297,1.9697,1.9697,1.8897,2.0,2.01,1.99,2.2,2.21,2.19,3.7695,3.821,3.821,3.718,3.896,3.936,3.936,3.856
2026-05-07,1.699,1.709,1.709,1.689,1.9308,1.9708,1.9708,1.8908,1.982,1.992,1.972,2.204,2.214,2.194,3.7585,3.812,3.812,3.705,3.9065,3.947,3.947,3.866
2026-05-08,2.0,2.01,2.01,1.99,1.9213,1.9613,1.9613,1.8813,1.975,1.985,1.965,2.2155,2.233,2.198,3.7625,3.815,3.815,3.71,3.9065,3.946,3.946,3.867
2026-05-11,2.0,2.01,2.01,1.99,1.9289,1.9689,1.9689,1.8889,1.99,2.0,1.98,2.2335,2.3035,2.1635,3.758,3.804,3.804,3.712,3.8995,3.94,3.94,3.859
2026-05-12,2.0,2.01,2.01,1.99,1.9399,1.9799,1.9799,1.8999,1.9997,2.0047,1.9947,2.228,2.267,2.189,3.7655,3.815,3.815,3.716,3.921,3.971,3.971,3.871
2026-05-13,1.862,1.922,1.922,1.802,1.9416,1.9816,1.9816,1.9016,1.9836,1.9886,1.9786,2.2284,2.2984,2.1584,3.784,3.835,3.835,3.733,3.915,3.966,3.966,3.864
2026-05-14,1.8122,1.9122,1.9122,1.7122,1.9401,1.9801,1.9801,1.9001,1.978,1.988,1.968,2.225,2.235,2.215,3.7585,3.812,3.812,3.705,3.8935,3.943,3.943,3.844
2026-05-15,1.873,1.926,1.926,1.82,1.95,1.99,1.99,1.91,1.9707,1.9757,1.9657,2.235,2.305,2.165,3.7795,3.832,3.832,3.727,3.882,3.933,3.933,3.831
2026-05-18,1.849,1.949,1.949,1.749,1.9578,1.9978,1.9978,1.9178,2.022,2.032,2.012,2.2543,2.3243,2.1843,3.795,3.841,3.841,3.749,3.931,3.98,3.98,3.882
2026-05-19,1.8534,1.9534,1.9534,1.7534,1.9617,2.0017,2.0017,1.9217,2.026,2.036,2.016,2.257,2.267,2.247,3.7795,3.829,3.829,3.73,3.8875,3.938,3.938,3.837
2026-05-20,1.942,2.002,2.002,1.882,1.9508,1.9908,1.9908,1.9108,2.027,2.037,2.017,2.24,2.25,2.23,3.784,3.835,3.835,3.733,3.847,3.898,3.898,3.796
2026-05-21,1.848,1.948,1.948,1.748,1.9868,2.0268,2.0268,1.9468,2.039,2.049,2.029,2.251,2.261,2.241,3.7735,3.827,3.827,3.72,3.855,3.904,3.904,3.806
2026-05-22,1.8352,1.9352,1.9352,1.7352,1.9741,2.0141,2.0141,1.9341,2.014,2.024,2.004,2.243,2.253,2.233,3.758,3.804,3.804,3.712,3.8415,3.891,3.891,3.792
2026-05-25,1.905,1.95,1.95,1.86,1.97,1.98,1.98,1.96,2.065,2.075,2.055,2.222,2.232,2.212,,,,,,,,
2026-05-26,1.8383,1.9383,1.9383,1.7383,1.9878,2.0278,2.0278,1.9478,2.08,2.09,2.07,2.25,2.26,2.24,3.763,3.811,3.811,3.715,3.8385,3.888,3.888,3.789
2026-05-27,1.8571,1.9571,1.9571,1.7571,1.9995,2.0395,2.0395,1.9595,2.0818,2.1518,2.0118,2.251,2.261,2.241,3.7695,3.821,3.821,3.718,3.881,3.932,3.932,3.83
2026-05-28,1.94,2.0,2.0,1.88,1.9982,2.0382,2.0382,1.9582,2.0922,2.1622,2.0222,2.251,2.27,2.232,3.7735,3.827,3.827,3.72,3.885,3.934,3.934,3.836
2026-05-29,1.8906,1.9906,1.9906,1.7906,2.0028,2.0428,2.0428,1.9628,2.097,2.107,2.087,2.259,2.269,2.249,3.745,3.797,3.797,3.693,3.851,3.902,3.902,3.8
2026-06-01,1.955,1.96,1.96,1.95,2.0235,2.0635,2.0635,1.9835,2.142,2.152,2.132,2.309,2.319,2.299,3.795,3.841,3.841,3.749,3.8775,3.927,3.927,3.828
2026-06-02,2.0,2.01,2.01,1.99,2.03,2.04,2.04,2.02,2.15,2.16,2.14,2.3093,2.3093,2.3093,3.7655,3.815,3.815,3.716,3.84,3.89,3.89,3.79
2026-06-03,1.975,1.99,1.99,1.96,2.0387,2.0787,2.0787,1.9987,2.157,2.167,2.147,2.324,2.334,2.314,3.7545,3.806,3.806,3.703,3.846,3.896,3.896,3.796
2026-06-04,1.999,2.079,2.079,1.919,2.06,2.07,2.07,2.05,2.174,2.184,2.164,2.332,2.342,2.322,3.7735,3.827,3.827,3.72,3.843,3.894,3.894,3.792
2026-06-05,1.988,2.068,2.068,1.908,2.0714,2.1114,2.1114,2.0314,2.178,2.248,2.108,2.335,2.345,2.325,3.7795,3.832,3.832,3.727,3.858,3.908,3.908,3.808
2026-06-08,1.973,2.053,2.053,1.893,2.0899,2.1299,2.1299,2.0499,2.1955,2.2005,2.1905,2.337,2.357,2.317,3.795,3.841,3.841,3.749,3.864,3.915,3.915,3.813
2026-06-09,2.009,2.089,2.089,1.929,2.115,2.125,2.125,2.105,2.2082,2.2782,2.1382,2.333,2.343,2.323,3.7935,3.843,3.843,3.744,3.85,3.9,3.9,3.8
2026-06-10,2.044,2.124,2.124,1.964,2.113,2.153,2.153,2.073,2.2136,2.2186,2.2086,2.3414,2.3414,2.3414,3.7985,3.85,3.85,3.747,3.8685,3.919,3.919,3.818
2026-06-11,2.05,2.06,2.06,2.04,2.1527,2.1927,2.1927,2.1127,2.2542,2.2592,2.2492,2.348,2.358,2.338,3.7885,3.842,3.842,3.735,3.859,3.908,3.908,3.81
2026-06-12,2.151,2.231,2.231,2.071,2.18,2.19,2.19,2.17,2.2447,2.2497,2.2397,2.347,2.357,2.337,3.7795,3.832,3.832,3.727,3.847,3.898,3.898,3.796
2026-06-15,2.16,2.17,2.17,2.15,2.1817,2.2217,2.2217,2.1417,2.264,2.274,2.254,2.3619,2.3619,2.3619,3.7764,3.8222,3.8222,3.7306,3.8416,3.8908,3.8908,3.7924
2026-06-16,2.0,2.01,2.01,1.99,2.1827,2.2227,2.2227,2.1427,2.271,2.281,2.261,2.3578,2.3578,2.3578,3.7795,3.8289,3.8289,3.7301,3.85405,3.9042,3.9042,3.8039
2026-06-17,2.1827,2.2227,2.2227,2.1427,2.1827,2.2227,2.2227,2.1427,2.241,2.241,2.241,2.353,2.363,2.343,3.78385,3.8352,3.8352,3.7325,3.8429,3.8936,3.8936,3.7922
2026-06-18,2.1829,2.2229,2.2229,2.1429,2.1829,2.2229,2.2229,2.1429,2.2422,2.2422,2.2422,2.355,2.365,2.345,3.7887,3.8422,3.8422,3.7352,3.82085,3.87,3.87,3.7717
2026-06-19,2.1828,2.2228,2.2228,2.1428,2.214,2.234,2.234,2.194,2.27,2.28,2.26,2.355,2.365,2.345,3.77985,3.8322,3.8322,3.7275,3.82905,3.8799,3.8799,3.7782
2026-06-22,2.1527,2.1927,2.1927,2.1127,2.223,2.243,2.243,2.203,2.28,2.29,2.27,2.3463,2.3463,2.3463,3.79475,3.8406,3.8406,3.7489,3.8237,3.8729,3.8729,3.7745
2026-06-23,2.18,2.19,2.19,2.17,2.219,2.239,2.239,2.199,2.2814,2.2814,2.2814,2.3352,2.3352,2.3352,3.7795,3.8289,3.8289,3.7301,3.82475,3.8749,3.8749,3.7746
2026-06-24,2.1639,2.2039,2.2039,2.1239,2.2102,2.2502,2.2502,2.1702,2.285,2.295,2.275,2.331,2.401,2.261,3.7692,3.8206,3.8206,3.7178,3.826,3.8767,3.8767,3.7753
2026-06-25,2.175,2.185,2.185,2.165,2.231,2.271,2.271,2.191,2.2783,2.2783,2.2783,2.3288,2.3988,2.2588,3.7734,3.8269,3.8269,3.7199,3.82085,3.87,3.87,3.7717
2026-06-26,2.18,2.19,2.19,2.17,2.229,2.269,2.269,2.189,2.2759,2.2759,2.2759,2.3263,2.3263,2.3263,3.79735,3.8497,3.8497,3.745,3.83345,3.8843,3.8843,3.7826
2026-06-29,2.19775,2.2055,2.2055,2.19,2.233,2.273,2.273,2.193,2.304,2.304,2.304,2.386,2.386,2.386,3.79475,3.8406,3.8406,3.7489,3.8192,3.8684,3.8684,3.77
2026-06-30,2.2262,2.2662,2.2662,2.1862,2.5085,2.5156,2.5156,2.5014,2.292,2.292,2.292,2.3795,2.392,2.367,3.7795,3.8289,3.8289,3.7301,3.83315,3.8833,3.8833,3.783
2026-07-01,2.1968,2.2368,2.2368,2.1568,2.2396,2.2796,2.2796,2.1996,2.296,2.306,2.286,2.373,2.383,2.363,3.7692,3.8206,3.8206,3.7178,3.826,3.8767,3.8767,3.7753
2026-07-02,2.21,2.26,2.26,2.16,2.2324,2.2724,2.2724,2.1924,2.2843,2.2843,2.2843,2.3606,2.4306,2.2906,3.7887,3.8422,3.8422,3.7352,3.81655,3.8657,3.8657,3.7674
2026-07-03,2.21,2.26,2.26,2.16,2.2405,2.2805,2.2805,2.2005,2.2883,2.2883,2.2883,2.359,2.369,2.349,3.77985,3.8322,3.8322,3.7275,3.81575,3.8666,3.8666,3.7649
2026-07-06,2.21,2.26,2.26,2.16,2.2736,2.3136,2.3136,2.2336,2.273,2.278,2.268,2.354,2.364,2.344,3.79475,3.8406,3.8406,3.7489,3.8192,3.8684,3.8684,3.77
2026-07-07,2.2023,2.2423,2.2423,2.1623,2.2843,2.3243,2.3243,2.2443,2.2867,2.2917,2.2817,2.3639,2.3639,2.3639,3.77245,3.8148,3.8148,3.7301,3.83315,3.8833,3.8833,3.783
2026-07-08,2.23,2.28,2.28,2.18,2.3215,2.3615,2.3615,2.2815,2.3012,2.3062,2.2962,2.391,2.401,2.381,3.79855,3.8352,3.8352,3.7619,3.8725,3.9232,3.9232,3.8218
2026-07-09,2.205,2.215,2.215,2.195,2.3087,2.3487,2.3487,2.2687,2.2964,2.3014,2.2914,2.387,2.397,2.377,3.7887,3.8269,3.8269,3.7505,3.85505,3.9042,3.9042,3.8059
2026-07-10,2.222,2.272,2.272,2.172,2.307,2.347,2.347,2.267,2.2821,2.2871,2.2771,2.386,2.396,2.376,3.7886,3.8322,3.8322,3.745,3.84225,3.8931,3.8931,3.7914
2026-07-13,2.2401,2.2801,2.2801,2.2001,2.2603,2.3003,2.3003,2.2203,2.3178,2.3878,2.2478,2.425,2.435,2.415,3.80395,3.8406,3.8406,3.7673,3.8595,3.9087,3.9087,3.8103
2026-07-14,2.2566,2.2966,2.2966,2.2166,2.2658,2.3058,2.3058,2.2258,2.3111,2.3811,2.2411,2.4185,2.4885,2.3485,3.7795,3.8289,3.8289,3.7301,3.84565,3.8958,3.8958,3.7955
2026-07-15,2.2193,2.2593,2.2593,2.1793,2.2592,2.2992,2.2992,2.2192,2.3067,2.3067,2.3067,2.41,2.42,2.4,3.7692,3.8206,3.8206,3.7178,3.83445,3.8851,3.8851,3.7838
2026-07-16,2.218,2.268,2.268,2.168,2.256,2.266,2.266,2.246,2.3074,2.3774,2.2374,2.4155,2.4855,2.3455,3.804,3.8575,3.8575,3.7505,3.85075,3.8999,3.8999,3.8016
2026-07-17,2.2382,2.2782,2.2782,2.1982,2.263,2.283,2.283,2.243,2.2821,2.2821,2.2821,2.412,2.422,2.402,3.8148,3.8672,3.8672,3.7624,3.85115,3.902,3.902,3.8003
2026-07-20,2.2257,2.2657,2.2657,2.1857,2.278,2.303,2.303,2.253,2.298,2.308,2.288,2.416,2.416,2.416,3.79475,3.8406,3.8406,3.7489,3.8595,3.9087,3.9087,3.8103
2026-07-21,2.214,2.264,2.264,2.164,2.279,2.304,2.304,2.254,2.292,2.292,2.292,2.413,2.423,2.403,3.7936,3.843,3.843,3.7442,3.86655,3.9167,3.9167,3.8164
2026-07-22,2.2162,2.2562,2.2562,2.1762,2.2856,2.3106,2.3106,2.2606,2.296,2.306,2.286,2.418,2.428,2.408,3.81325,3.8646,3.8646,3.7619,3.86825,3.919,3.919,3.8175
2026-07-23,2.232,2.272,2.272,2.192,2.287,2.315,2.315,2.259,2.2783,2.2783,2.2783,2.418,2.428,2.408,3.7887,3.8422,3.8422,3.7352,3.88065,3.9298,3.9298,3.8315
2026-07-24,2.2221,2.2621,2.2621,2.1821,2.2741,2.2991,2.2991,2.2491,2.2759,2.2759,2.2759,2.4015,2.432,2.371,3.79735,3.8497,3.8497,3.745,3.86885,3.9197,3.9197,3.818
2026-07-27,2.2,2.21,2.21,2.19,2.287,2.315,2.315,2.259,2.28,2.29,2.27,2.431,2.441,2.421,3.79475,3.8406,3.8406,3.7489,3.86395,3.9132,3.9132,3.8147
2026-07-28,2.2258,2.2658,2.2658,2.1858,2.286,2.314,2.314,2.258,2.2601,2.2601,2.2601,2.429,2.439,2.419,3.7936,3.843,3.843,3.7442,3.86655,3.9167,3.9167,3.8164
2026-07-29,2.2207,2.2607,2.2607,2.1807,2.285,2.313,2.313,2.257,2.2738,2.2738,2.2738,2.425,2.435,2.415,3.78385,3.8352,3.8352,3.7325,3.8767,3.9274,3.9274,3.826
2026-07-30,2.221,2.261,2.261,2.181,2.2687,2.2937,2.2937,2.2437,2.26025,2.2603,2.2602,2.4225,2.4925,2.3525,3.7887,3.8422,3.8422,3.7352,3.84645,3.8956,3.8956,3.7973
