Date,Aggregate_Crypto_Market_Cap_USD,Aggregate_Crypto_Volume_24H_USD,BTC_Dominance_Percent,ETH_Dominance_Percent,Source_URL,Is_Interpolated,Aggregate_Crypto_Market_Cap_USD_Short_Gap_Filled,Aggregate_Crypto_Volume_24H_USD_Short_Gap_Filled,BTC_Dominance_Percent_Short_Gap_Filled,ETH_Dominance_Percent_Short_Gap_Filled,Log_Aggregate_Crypto_Market_Cap,Log_Market_Cap_Z,BTC_Dominance_Z,ETH_Dominance_Z,Market_Cap_Invalid,Volume_Invalid,BTC_Dominance_Invalid,ETH_Dominance_Invalid
2020-01-01,190906009352.88,68967599558.58,68.3033,,https://api.coinmarketcap.com/data-api/v3/global-metrics/quotes/historical,0,0,0,0,0,25.975047046244367,-2.5629973965753607,1.7726634416923772,,0,0,0,1
2020-01-02,191542043659.12,61537198640.32,68.191,,https://api.coinmarketcap.com/data-api/v3/global-metrics/quotes/historical,0,0,0,0,0,25.978373170603515,-2.5587523596374266,1.7595146664824761,,0,0,0,1
2020-01-03,185801651215.77,67968229449.61,68.1546,,https://api.coinmarketcap.com/data-api/v3/global-metrics/quotes/historical,0,0,0,0,0,25.947945550346777,-2.5975862569834534,1.7552527304393732,,0,0,0,1
2020-01-04,195561663745.56,89683613405.89,68.1903,,https://api.coinmarketcap.com/data-api/v3/global-metrics/quotes/historical,0,0,0,0,0,25.999141582217106,-2.5322462327094213,1.7594327061739539,,0,0,0,1
2020-01-05,197601246408.57,62858900974.31,68.1272,,https://api.coinmarketcap.com/data-api/v3/global-metrics/quotes/historical,0,0,0,0,0,26.009516929975963,-2.5190044745174536,1.7520445697915432,,0,0,0,1
2020-01-06,197779783038.89,67673095532.85,67.9849,,https://api.coinmarketcap.com/data-api/v3/global-metrics/quotes/historical,0,0,0,0,0,26.010420041805602,-2.517851858841686,1.7353832099307314,,0,0,0,1
2020-01-07,208829737313.18,81914860924.1,67.5872,,https://api.coinmarketcap.com/data-api/v3/global-metrics/quotes/historical,0,0,0,0,0,26.064785102896398,-2.4484672936408334,1.688818046075183,,0,0,0,1
2020-01-08,215477982659.48,90640060982.89,68.825,,https://api.coinmarketcap.com/data-api/v3/global-metrics/quotes/historical,0,0,0,0,0,26.09612457263714,-2.4084696290018637,1.8337472887716832,,0,0,0,1
2020-01-09,212579989779.82,96417460157.84,68.8697,,https://api.coinmarketcap.com/data-api/v3/global-metrics/quotes/historical,0,0,0,0,0,26.08258417697498,-2.42575084687997,1.8389810399015365,,0,0,0,1
2020-01-10,208391004804.04,76792347658.35,68.5321,,https://api.coinmarketcap.com/data-api/v3/global-metrics/quotes/historical,0,0,0,0,0,26.06268198276566,-2.4511514454270817,1.7994527539633094,,0,0,0,1
2020-01-11,217142833904.37,94863790145.25,68.3113,,https://api.coinmarketcap.com/data-api/v3/global-metrics/quotes/historical,0,0,0,0,0,26.103821194712065,-2.3986466514227156,1.7736001309326206,,0,0,0,1
2020-01-12,213912161290.96,88206299492.02,68.0386,,https://api.coinmarketcap.com/data-api/v3/global-metrics/quotes/historical,0,0,0,0,0,26.088831306448785,-2.417777815054078,1.741670736455859,,0,0,0,1
2020-01-13,218845911766.87,79886153277.92,67.9123,,https://api.coinmarketcap.com/data-api/v3/global-metrics/quotes/historical,0,0,0,0,0,26.111633719882764,-2.3886757500530957,1.7268827550755328,,0,0,0,1
2020-01-14,217302263269.43,76542192567.0,68.0319,,https://api.coinmarketcap.com/data-api/v3/global-metrics/quotes/historical,0,0,0,0,0,26.104555139568408,-2.3977099386936764,1.740886259217155,,0,0,0,1
2020-01-15,241690318632.41,162337957911.43,66.0767,,https://api.coinmarketcap.com/data-api/v3/global-metrics/quotes/historical,0,0,0,0,0,26.210923068547075,-2.261955607595361,1.5119594089019226,,0,0,0,1
2020-01-16,241800731133.13,144578067793.22,66.2298,,https://api.coinmarketcap.com/data-api/v3/global-metrics/quotes/historical,0,0,0,0,0,26.21137979883275,-2.2613726958566507,1.5298852992370602,,0,0,0,1
2020-01-17,239495173360.02,119393234203.89,66.1773,,https://api.coinmarketcap.com/data-api/v3/global-metrics/quotes/historical,0,0,0,0,0,26.201799100609005,-2.273600265682514,1.5237382760979703,,0,0,0,1
2020-01-18,245136022351.94,137079364761.41,65.9473,,https://api.coinmarketcap.com/data-api/v3/global-metrics/quotes/historical,0,0,0,0,0,26.225079086701598,-2.2438886884211775,1.496808460441002,,0,0,0,1
2020-01-19,244524577534.93,125135420549.4,66.3028,,https://api.coinmarketcap.com/data-api/v3/global-metrics/quotes/historical,0,0,0,0,0,26.222581662424634,-2.2470760792582776,1.5384325885542727,,0,0,0,1
2020-01-20,238885714824.02,122591548910.68,66.275,,https://api.coinmarketcap.com/data-api/v3/global-metrics/quotes/historical,0,0,0,0,0,26.199251093860457,-2.276852213474526,1.5351775934444305,,0,0,0,1
2020-01-21,238430922469.24,96638062390.01,65.948,,https://api.coinmarketcap.com/data-api/v3/global-metrics/quotes/historical,0,0,0,0,0,26.197345472070335,-2.279284303804087,1.4968904207495226,,0,0,0,1
2020-01-22,241570437714.8,88652213131.11,65.7571,,https://api.coinmarketcap.com/data-api/v3/global-metrics/quotes/historical,0,0,0,0,0,26.210426935068433,-2.2625888084969406,1.4745386737542392,,0,0,0,1
2020-01-23,240267938713.9,83729457733.32,65.6642,,https://api.coinmarketcap.com/data-api/v3/global-metrics/quotes/historical,0,0,0,0,0,26.20502054887265,-2.2694888238372317,1.4636613699519248,,0,0,0,1
2020-01-24,231568764821.78,93767603078.63,65.9755,,https://api.coinmarketcap.com/data-api/v3/global-metrics/quotes/historical,0,0,0,0,0,26.168142706631844,-2.3165549541438,1.500110290012856,,0,0,0,1
2020-01-25,232407217157.28,93144055613.84,66.1028,,https://api.coinmarketcap.com/data-api/v3/global-metrics/quotes/historical,0,0,0,0,0,26.171756916335607,-2.3119422421591405,1.5150153575482133,,0,0,0,1
2020-01-26,229601452323.23,74506660153.02,66.1857,,https://api.coinmarketcap.com/data-api/v3/global-metrics/quotes/historical,0,0,0,0,0,26.159610826821424,-2.3274439471682578,1.5247217998002243,,0,0,0,1
2020-01-27,237755757505.3,83531643318.45,65.8236,,https://api.coinmarketcap.com/data-api/v3/global-metrics/quotes/historical,0,0,0,0,0,26.194509754715074,-2.28290344837561,1.4823249030637544,,0,0,0,1
2020-01-28,245557058625.93,106306511528.97,65.9908,,https://api.coinmarketcap.com/data-api/v3/global-metrics/quotes/historical,0,0,0,0,0,26.22679517520433,-2.241698493979762,1.5019017081848192,,0,0,0,1
2020-01-29,256574234368.08,122588027069.85,66.496,,https://api.coinmarketcap.com/data-api/v3/global-metrics/quotes/historical,0,0,0,0,0,26.2706838724265,-2.1856846109289134,1.5610536337061247,,0,0,0,1
2020-01-30,254824602587.36,116180209197.45,66.444,,https://api.coinmarketcap.com/data-api/v3/global-metrics/quotes/historical,0,0,0,0,0,26.26384131244845,-2.1944175735966986,1.5549651536445501,,0,0,0,1
2020-01-31,262023250691.98,122010640093.35,65.9566,,https://api.coinmarketcap.com/data-api/v3/global-metrics/quotes/historical,0,0,0,0,0,26.291699079869232,-2.158863505576258,1.4978973616827833,,0,0,0,1
2020-02-01,257141798147.88,113397823901.3,66.162,,https://api.coinmarketcap.com/data-api/v3/global-metrics/quotes/historical,0,0,0,0,0,26.272893513453074,-2.182864509584361,1.5219468579260074,,0,0,0,1
2020-02-02,259115266400.08,99860408541.86,65.81905,,https://api.coinmarketcap.com/data-api/v3/global-metrics/quotes/historical,0,0,0,1,0,26.280538843658988,-2.173106994343674,1.4817921610583673,,0,0,1,1
2020-02-03,259643454502.83,114681253384.76,65.4761,,https://api.coinmarketcap.com/data-api/v3/global-metrics/quotes/historical,0,0,0,0,0,26.282575197994785,-2.1705080538228834,1.4416374641907272,,0,0,0,1
2020-02-04,259637740495.12,112517394109.32,65.1192,,https://api.coinmarketcap.com/data-api/v3/global-metrics/quotes/historical,0,0,0,0,0,26.282553190620877,-2.170536141201783,1.3998494154604153,,0,0,0,1
2020-02-05,258031287663.73,106538796907.01,64.7499,,https://api.coinmarketcap.com/data-api/v3/global-metrics/quotes/historical,0,0,0,0,0,26.276346684529873,-2.1784573265715848,1.3566094984077262,,0,0,0,1
2020-02-06,272040179475.93,133658671242.94,64.3859,,https://api.coinmarketcap.com/data-api/v3/global-metrics/quotes/historical,0,0,0,0,0,26.329215610994588,-2.110982235000113,1.3139901379766998,,0,0,0,1
2020-02-07,275980858371.69,137155614086.77,64.1799,,https://api.coinmarketcap.com/data-api/v3/global-metrics/quotes/historical,0,0,0,0,0,26.343597346532718,-2.092627239215591,1.2898703900404587,,0,0,0,1
2020-02-08,278843832637.22,128147270077.95,63.9356,,https://api.coinmarketcap.com/data-api/v3/global-metrics/quotes/historical,0,0,0,0,0,26.353917722403516,-2.0794556400646447,1.261266242366557,,0,0,0,1
2020-02-09,281368466963.51,132066970018.91,63.7816,,https://api.coinmarketcap.com/data-api/v3/global-metrics/quotes/historical,0,0,0,0,0,26.362930917648796,-2.067952357982063,1.2432349744918914,,0,0,0,1
2020-02-10,289967404094.29,132255252697.71,63.6231,,https://api.coinmarketcap.com/data-api/v3/global-metrics/quotes/historical,0,0,0,0,0,26.393034353934752,-2.0295322073219877,1.2246768189195898,,0,0,0,1
2020-02-11,283671652202.42,144600230822.82,63.246,,https://api.coinmarketcap.com/data-api/v3/global-metrics/quotes/historical,0,0,0,0,0,26.37108325202891,-2.0575477678834435,1.1805236298576656,,0,0,0,1
2020-02-12,294226229673.34,136829373939.86,63.169,,https://api.coinmarketcap.com/data-api/v3/global-metrics/quotes/historical,0,0,0,0,0,26.407614797065293,-2.010923606747461,1.1715079959203323,,0,0,0,1
2020-02-13,302858654579.49,165489689737.29,62.0509,,https://api.coinmarketcap.com/data-api/v3/global-metrics/quotes/historical,0,0,0,0,0,26.43653204708075,-1.9740173515374118,1.0405939659809593,,0,0,0,1
2020-02-14,301351995936.52,187532603478.89,61.6874,,https://api.coinmarketcap.com/data-api/v3/global-metrics/quotes/historical,0,0,0,0,0,26.43154484017034,-1.980382380401586,0.9980331486274467,,0,0,0,1
2020-02-15,308079263556.73,162518023841.4,60.9996,,https://api.coinmarketcap.com/data-api/v3/global-metrics/quotes/historical,0,0,0,0,0,26.45362293602152,-1.9522047411170722,0.91750129119761,,0,0,0,1
2020-02-16,290967846084.15,168384313779.74,61.9628,,https://api.coinmarketcap.com/data-api/v3/global-metrics/quotes/historical,0,0,0,0,0,26.396478603456746,-2.025136410633234,1.0302786757227906,,0,0,0,1
2020-02-17,288032593679.92,175100800773.61,62.8024,,https://api.coinmarketcap.com/data-api/v3/global-metrics/quotes/historical,0,0,0,0,0,26.386339483178556,-2.038076678480012,1.1285842114862261,,0,0,0,1
2020-02-18,283498176398.9,181054522902.95,62.236,,https://api.coinmarketcap.com/data-api/v3/global-metrics/quotes/historical,0,0,0,0,0,26.370471527638152,-2.058328494144463,1.0622666132770668,,0,0,0,1
2020-02-19,296512753130.03,174269189199.61,62.3883,,https://api.coinmarketcap.com/data-api/v3/global-metrics/quotes/historical,0,0,0,0,0,26.415356066702124,-2.001043646768072,1.0800988346881812,,0,0,0,1
2020-02-20,279069958247.02,161625924473.69,62.8671,,https://api.coinmarketcap.com/data-api/v3/global-metrics/quotes/historical,0,0,0,0,0,26.354728333741242,-2.0784210801085528,1.1361596857166865,,0,0,0,1
2020-02-21,278139908243.86,166435377869.69,62.9577,,https://api.coinmarketcap.com/data-api/v3/global-metrics/quotes/historical,0,0,0,0,0,26.351390091104896,-2.0826815832554355,1.1467676913624316,,0,0,0,1
2020-02-22,281461430066.85,144600262697.81,62.7238,,https://api.coinmarketcap.com/data-api/v3/global-metrics/quotes/historical,0,0,0,0,0,26.363261259390327,-2.06753075231026,1.119381239700845,,0,0,0,1
2020-02-23,280184042427.29,125133541943.89,62.8667,,https://api.coinmarketcap.com/data-api/v3/global-metrics/quotes/historical,0,0,0,0,0,26.358712518575498,-2.073336179496688,1.1361128512546745,,0,0,0,1
2020-02-24,289022567872.44,142014747849.58,62.5778,,https://api.coinmarketcap.com/data-api/v3/global-metrics/quotes/historical,0,0,0,0,0,26.38977061153403,-2.033697627959031,1.1022866610664224,,0,0,0,1
2020-02-25,279557111926.53,160852920418.46,62.9358,,https://api.coinmarketcap.com/data-api/v3/global-metrics/quotes/historical,0,0,0,0,0,26.356472444719785,-2.076195121386533,1.1442035045672678,,0,0,0,1
2020-02-26,267659886323.56,156156127183.39,63.6613,,https://api.coinmarketcap.com/data-api/v3/global-metrics/quotes/historical,0,0,0,0,0,26.312982930609923,-2.131699538502326,1.2291495100417467,,0,0,0,1
2020-02-27,249569511347.98,189988162451.22,64.4957,,https://api.coinmarketcap.com/data-api/v3/global-metrics/quotes/historical,0,0,0,0,0,26.2430033159326,-2.2210125097358175,1.3268461977990254,,0,0,0,1
2020-02-28,250860225333.47,170640350104.12,63.9496,,https://api.coinmarketcap.com/data-api/v3/global-metrics/quotes/historical,0,0,0,0,0,26.24816174978646,-2.214428948844209,1.2629054485369808,,0,0,0,1
2020-02-29,247691279806.4,159056824282.08,63.8706,,https://api.coinmarketcap.com/data-api/v3/global-metrics/quotes/historical,0,0,0,0,0,26.23544896816478,-2.2306539067052973,1.2536556422895881,,0,0,0,1
2020-03-01,245016228835.25,128935991272.48,64.0496,,https://api.coinmarketcap.com/data-api/v3/global-metrics/quotes/historical,0,0,0,0,0,26.224590285441234,-2.2445125314232723,1.2746140640400105,,0,0,0,1
2020-03-02,243559652309.56,129880123881.63,64.0846,,https://api.coinmarketcap.com/data-api/v3/global-metrics/quotes/historical,0,0,0,0,0,26.218627728150704,-2.2521223719492984,1.2787120794660705,,0,0,0,1
2020-03-03,254099538219.92,181440967513.31,63.6857,,https://api.coinmarketcap.com/data-api/v3/global-metrics/quotes/historical,0,0,0,0,0,26.260991909954548,-2.1980541841174035,1.2320064122244858,,0,0,0,1
2020-03-04,251545638677.94,173136422543.39,63.7851,,https://api.coinmarketcap.com/data-api/v3/global-metrics/quotes/historical,0,0,0,0,0,26.25089027593952,-2.2109466093237393,1.2436447760344975,,0,0,0,1
2020-03-05,251430824416.41,136172503420.74,63.7059,,https://api.coinmarketcap.com/data-api/v3/global-metrics/quotes/historical,0,0,0,0,0,26.25043373663023,-2.2115292773247752,1.234371552556098,,0,0,0,1
2020-03-06,259454088291.83,140044426474.29,63.9298,,https://api.coinmarketcap.com/data-api/v3/global-metrics/quotes/historical,0,0,0,0,0,26.281845600168598,-2.1714392185622535,1.2605871426673814,,0,0,0,1
2020-03-07,263364575633.36,140565387465.47,63.2332,,https://api.coinmarketcap.com/data-api/v3/global-metrics/quotes/historical,0,0,0,0,0,26.296805128347675,-2.1523468026339123,1.179024927073277,,0,0,0,1
2020-03-08,256378312657.83,131817966953.13,63.4863,,https://api.coinmarketcap.com/data-api/v3/global-metrics/quotes/historical,0,0,0,0,0,26.269919974397673,-2.186659552031239,1.2086594329114453,,0,0,0,1
2020-03-09,231145558855.08,150783410130.55,64.008,,https://api.coinmarketcap.com/data-api/v3/global-metrics/quotes/historical,0,0,0,0,0,26.166313473936626,-2.318889551266701,1.26974327999075,,0,0,0,1
2020-03-10,227631260801.88,171208491871.64,63.7093,,https://api.coinmarketcap.com/data-api/v3/global-metrics/quotes/historical,0,0,0,0,0,26.150992879511612,-2.3384427856688994,1.2347696454832011,,0,0,0,1
2020-03-11,225342205926.88,140897698295.2,64.0479,,https://api.coinmarketcap.com/data-api/v3/global-metrics/quotes/historical,0,0,0,0,0,26.140885998961224,-2.3513419068775465,1.274415017576459,,0,0,0,1
2020-03-12,223936047902.73,130232893958.16,64.6118,,https://api.coinmarketcap.com/data-api/v3/global-metrics/quotes/historical,0,0,0,0,0,26.134626347604204,-2.359330920023147,1.340439900398043,,0,0,0,1
2020-03-13,142897912556.92,192950889418.95,64.3322,,https://api.coinmarketcap.com/data-api/v3/global-metrics/quotes/historical,0,0,0,0,0,25.685396314056295,-2.932670302477432,1.3077026114515722,,0,0,0,1
2020-03-14,160732124376.88,255120202251.3,63.426,,https://api.coinmarketcap.com/data-api/v3/global-metrics/quotes/historical,0,0,0,0,0,25.803004992492813,-2.7825697258674604,1.2015991377631188,,0,0,0,1
2020-03-15,148748542369.05,123571214236.96,63.5218,,https://api.coinmarketcap.com/data-api/v3/global-metrics/quotes/historical,0,0,0,0,0,25.725523082124475,-2.881457661500605,1.2128159914150207,,0,0,0,1
2020-03-16,152899471729.92,115229711545.42,63.7472,,https://api.coinmarketcap.com/data-api/v3/global-metrics/quotes/historical,0,0,0,0,0,25.753046494871665,-2.8463303207418416,1.2392072107588494,,0,0,0,1
2020-03-17,142633255585.11,148892777188.89,64.2795,,https://api.coinmarketcap.com/data-api/v3/global-metrics/quotes/historical,0,0,0,0,0,25.683542526609383,-2.935036238124298,1.3015321710814756,,0,0,0,1
2020-03-18,149316408512.45,120867394963.16,63.8515,,https://api.coinmarketcap.com/data-api/v3/global-metrics/quotes/historical,0,0,0,0,0,25.729333438416162,-2.8765946132623714,1.2514192967285094,,0,0,0,1
2020-03-19,150971345133.11,119539558479.46,63.6878,,https://api.coinmarketcap.com/data-api/v3/global-metrics/quotes/historical,0,0,0,0,0,25.74035588842284,-2.8625269770670547,1.2322522931500501,,0,0,0,1
2020-03-20,175207095665.5,169463828443.57,64.706,,https://api.coinmarketcap.com/data-api/v3/global-metrics/quotes/historical,0,0,0,0,0,25.889234515002443,-2.672517464235389,1.351469416201897,,0,0,0,1
2020-03-21,173221023662.35,183017751032.82,65.0284,,https://api.coinmarketcap.com/data-api/v3/global-metrics/quotes/historical,0,0,0,0,0,25.87783420944015,-2.687067346618038,1.3892179925836643,,0,0,0,1
2020-03-22,174118493965.9,137524051353.17,64.9257,,https://api.coinmarketcap.com/data-api/v3/global-metrics/quotes/historical,0,0,0,0,0,25.88300190418982,-2.6804719663112317,1.3771932444620532,,0,0,0,1
2020-03-23,163354331068.49,128959423074.93,64.7551,,https://api.coinmarketcap.com/data-api/v3/global-metrics/quotes/historical,0,0,0,0,0,25.819187488682342,-2.7619164710113737,1.3572183464138838,,0,0,0,1
2020-03-24,184665034905.21,147976813767.78,63.9917,,https://api.coinmarketcap.com/data-api/v3/global-metrics/quotes/historical,0,0,0,0,0,25.94180939873317,-2.605417650955504,1.2678347756637567,,0,0,0,1
2020-03-25,186199661159.28,148529407873.94,65.9854,,https://api.coinmarketcap.com/data-api/v3/global-metrics/quotes/historical,0,0,0,0,0,25.95008538202016,-2.5948552513102934,1.5012694429476563,,0,0,0,1
2020-03-26,185509062533.46,136921094622.06,65.9627,,https://api.coinmarketcap.com/data-api/v3/global-metrics/quotes/historical,0,0,0,0,0,25.94636957242837,-2.5995976323124013,1.4986115872284684,,0,0,0,1
2020-03-27,187791438192.16,112475058471.02,65.6494,,https://api.coinmarketcap.com/data-api/v3/global-metrics/quotes/historical,0,0,0,0,0,25.95859781265022,-2.5839910807158253,1.4619284948574771,,0,0,0,1
2020-03-28,179963102773.1,112444370676.35,65.3557,,https://api.coinmarketcap.com/data-api/v3/global-metrics/quotes/historical,0,0,0,0,0,25.91601768223052,-2.6383348775604962,1.4275402911250792,,0,0,0,1
2020-03-29,175761793543.83,117045937077.48,64.8982,,https://api.coinmarketcap.com/data-api/v3/global-metrics/quotes/historical,0,0,0,0,0,25.89239546947588,-2.6684832288761604,1.3739733751987198,,0,0,0,1
2020-03-30,167994375804.33,95417790611.08,64.409,,https://api.coinmarketcap.com/data-api/v3/global-metrics/quotes/historical,0,0,0,0,0,25.847196338434113,-2.726169580953493,1.3166948281578996,,0,0,0,1
2020-03-31,179004620408.42,120067660437.62,65.7528,,https://api.coinmarketcap.com/data-api/v3/global-metrics/quotes/historical,0,0,0,0,0,25.910677454791575,-2.645150456380616,1.474035203287609,,0,0,0,1
2020-04-01,180965099061.58,105966267719.6,65.0457,,https://api.coinmarketcap.com/data-api/v3/global-metrics/quotes/historical,0,0,0,0,0,25.92157002675532,-2.631248579799237,1.3912435830656875,,0,0,0,1
2020-04-02,185907562467.74,126724022166.39,65.4098,,https://api.coinmarketcap.com/data-api/v3/global-metrics/quotes/historical,0,0,0,0,0,25.94851541114623,-2.5968589600209993,1.433874652112219,,0,0,0,1
2020-04-03,190041172057.38,149014324829.18,65.447,,https://api.coinmarketcap.com/data-api/v3/global-metrics/quotes/historical,0,0,0,0,0,25.97050658067076,-2.5687922623092163,1.4382302570793457,,0,0,0,1
2020-04-04,189324175844.15,124769415485.85,65.0947,,https://api.coinmarketcap.com/data-api/v3/global-metrics/quotes/historical,0,0,0,0,0,25.966726598809394,-2.5736165445348913,1.3969808046621728,,0,0,0,1
2020-04-05,192890422623.33,108291293270.43,65.211,,https://api.coinmarketcap.com/data-api/v3/global-metrics/quotes/historical,0,0,0,0,0,25.985388106187106,-2.549799398937786,1.4105979244921956,,0,0,0,1
2020-04-06,190553835278.15,98481971430.27,65.1669,,https://api.coinmarketcap.com/data-api/v3/global-metrics/quotes/historical,0,0,0,0,0,25.973200591474644,-2.565353973737047,1.4054344250553594,,0,0,0,1
2020-04-07,206897708040.81,162766898283.78,64.4748,,https://api.coinmarketcap.com/data-api/v3/global-metrics/quotes/historical,0,0,0,0,0,26.055490344018427,-2.4603299272966237,1.3243990971588926,,0,0,0,1
2020-04-08,203656663262.74,156245172850.22,64.5072,,https://api.coinmarketcap.com/data-api/v3/global-metrics/quotes/historical,0,0,0,0,0,26.03970138969408,-2.48048091597925,1.3281926885818736,,0,0,0,1
2020-04-09,209782873298.31,138057738560.69,63.9607,,https://api.coinmarketcap.com/data-api/v3/global-metrics/quotes/historical,0,0,0,0,0,26.069338896107922,-2.4426554182256925,1.2642051048578178,,0,0,0,1
2020-04-10,208982008814.87,120237473143.53,63.9765,,https://api.coinmarketcap.com/data-api/v3/global-metrics/quotes/historical,0,0,0,0,0,26.065514002980432,-2.4475370194097215,1.2660550661072962,,0,0,0,1
2020-04-11,196193718614.81,149901273918.25,64.1851,,https://api.coinmarketcap.com/data-api/v3/global-metrics/quotes/historical,0,0,0,0,0,26.00236836835014,-2.52812797829483,1.2904792380466164,,0,0,0,1
2020-04-12,195938721149.61,110211851286.12,64.13,,https://api.coinmarketcap.com/data-api/v3/global-metrics/quotes/historical,0,0,0,0,0,26.001067800096738,-2.529787856182682,1.284027790904446,,0,0,0,1
2020-04-13,198521261835.83,123306024032.27,64.149,,https://api.coinmarketcap.com/data-api/v3/global-metrics/quotes/historical,0,0,0,0,0,26.014162043860594,-2.5130760491514756,1.2862524278500223,,0,0,0,1
2020-04-14,195537345136.44,132520511886.96,64.2034,,https://api.coinmarketcap.com/data-api/v3/global-metrics/quotes/historical,0,0,0,0,0,25.99901722184493,-2.53240495027873,1.2926219146836704,,0,0,0,1
2020-04-15,195202053528.77,117625847388.77,64.1724,,https://api.coinmarketcap.com/data-api/v3/global-metrics/quotes/historical,0,0,0,0,0,25.99730103099696,-2.5345952753404295,1.2889922438777306,,0,0,0,1
2020-04-16,189006663543.68,112732530921.27,64.0468,,https://api.coinmarketcap.com/data-api/v3/global-metrics/quotes/historical,0,0,0,0,0,25.965048108229414,-2.5757587538279365,1.2742862228059264,,0,0,0,1
2020-04-17,203538405735.91,165320372325.13,63.94,,https://api.coinmarketcap.com/data-api/v3/global-metrics/quotes/historical,0,0,0,0,0,26.03912054999754,-2.48122222499256,1.26178142144869,,0,0,0,1
2020-04-18,203760455786.76,119998416239.09,63.8731,,https://api.coinmarketcap.com/data-api/v3/global-metrics/quotes/historical,0,0,0,0,0,26.04021090449556,-2.4798306368798673,1.2539483576771637,,0,0,0,1
2020-04-19,210091706887.07,127425582377.2,63.3454,,https://api.coinmarketcap.com/data-api/v3/global-metrics/quotes/historical,0,0,0,0,0,26.07080997180066,-2.4407779265928276,1.1921619936676764,,0,0,0,1
2020-04-20,206876648151.5,123894637922.39,63.6524,,https://api.coinmarketcap.com/data-api/v3/global-metrics/quotes/historical,0,0,0,0,0,26.055388549941473,-2.4604598441518206,1.2281074432619774,,0,0,0,1
2020-04-21,198279570171.76,146122415514.6,63.6469,,https://api.coinmarketcap.com/data-api/v3/global-metrics/quotes/historical,0,0,0,0,0,26.012943842312293,-2.51463080478055,1.227463469409311,,0,0,0,1
2020-04-22,198531006715.65,117930065779.02,63.5343,,https://api.coinmarketcap.com/data-api/v3/global-metrics/quotes/historical,0,0,0,0,0,26.014211129991534,-2.513013401933128,1.2142795683528997,,0,0,0,1
2020-04-23,205956894776.33,123280757601.31,63.4761,,https://api.coinmarketcap.com/data-api/v3/global-metrics/quotes/historical,0,0,0,0,0,26.050932735181846,-2.4661466724843764,1.2074651541301367,,0,0,0,1
2020-04-24,213212605910.54,152276653797.72,64.0512,,https://api.coinmarketcap.com/data-api/v3/global-metrics/quotes/historical,0,0,0,0,0,26.08555565465029,-2.421958435313264,1.2748014018880585,,0,0,0,1
2020-04-25,216674137449.86,124186028539.19,63.9016,,https://api.coinmarketcap.com/data-api/v3/global-metrics/quotes/historical,0,0,0,0,0,26.10166039111136,-2.4014044229640557,1.2572853130955273,,0,0,0,1
2020-04-26,218337748656.88,123817805691.79,63.5712,,https://api.coinmarketcap.com/data-api/v3/global-metrics/quotes/historical,0,0,0,0,0,26.109309006565013,-2.391642714856086,1.218600047473517,,0,0,0,1
2020-04-27,221610785841.97,127992990764.74,63.7704,,https://api.coinmarketcap.com/data-api/v3/global-metrics/quotes/historical,0,0,0,0,0,26.124188463207137,-2.3726524919293706,1.2419236095555526,,0,0,0,1
2020-04-28,223396700061.91,135841142068.3,63.952,,https://api.coinmarketcap.com/data-api/v3/global-metrics/quotes/historical,0,0,0,0,0,26.1322149520396,-2.3624085148868383,1.2631864553090537,,0,0,0,1
2020-04-29,225062168283.75,126177308207.73,63.6155,,https://api.coinmarketcap.com/data-api/v3/global-metrics/quotes/historical,0,0,0,0,0,26.139642504469386,-2.3529289431636227,1.2237869641413592,,0,0,0,1
2020-04-30,248445875018.99,207212949734.98,64.958,,https://api.coinmarketcap.com/data-api/v3/global-metrics/quotes/historical,0,0,0,0,0,26.238490851995127,-2.2267716377861513,1.3809751272695308,,0,0,0,1
2020-05-01,243138650002.87,228953952638.95,65.4798,,https://api.coinmarketcap.com/data-api/v3/global-metrics/quotes/historical,0,0,0,0,0,26.216897693713783,-2.25433036518576,1.4420706829643388,,0,0,0,1
2020-05-02,248672837525.42,152203851984.11,65.3807,,https://api.coinmarketcap.com/data-api/v3/global-metrics/quotes/historical,0,0,0,0,0,26.239403963960026,-2.2256062592251236,1.4304674450008374,,0,0,0,1
2020-05-03,252156470811.77,137730159610.57,65.4414,,https://api.coinmarketcap.com/data-api/v3/global-metrics/quotes/historical,0,0,0,0,0,26.253315647689025,-2.2078511770568854,1.4375745746111759,,0,0,0,1
2020-05-04,248947970054.02,158942868105.15,65.7388,,https://api.coinmarketcap.com/data-api/v3/global-metrics/quotes/historical,0,0,0,0,0,26.24050975597051,-2.224194968658892,1.4723959971171854,,0,0,0,1
2020-05-05,248643650991.88,162685103400.49,65.8989,,https://api.coinmarketcap.com/data-api/v3/global-metrics/quotes/historical,0,0,0,0,0,26.23928658786554,-2.225756062961522,1.4911414905375355,,0,0,0,1
2020-05-06,249584132598.12,146222096621.39,66.2141,,https://api.coinmarketcap.com/data-api/v3/global-metrics/quotes/historical,0,0,0,0,0,26.243061900099306,-2.2209377404473636,1.528047046603085,,0,0,0,1
2020-05-07,253224242766.61,160893363131.36,66.9874,,https://api.coinmarketcap.com/data-api/v3/global-metrics/quotes/historical,0,0,0,0,0,26.257541268156857,-2.202458139083937,1.6185897702880117,,0,0,0,1
2020-05-08,269024453121.22,192153793723.11,67.9003,,https://api.coinmarketcap.com/data-api/v3/global-metrics/quotes/historical,0,0,0,0,0,26.31806811621311,-2.1252094622481414,1.725477721215169,,0,0,0,1
2020-05-09,267222497107.86,169523686151.06,67.5105,,https://api.coinmarketcap.com/data-api/v3/global-metrics/quotes/historical,0,0,0,0,0,26.311347470827588,-2.133786828824897,1.679837537984359,,0,0,0,1
2020-05-10,262419623119.76,157002189778.36,67.0774,,https://api.coinmarketcap.com/data-api/v3/global-metrics/quotes/historical,0,0,0,0,0,26.29321067445101,-2.1569343008496875,1.6291275242407386,,0,0,0,1
2020-05-11,239905498766.75,207500270575.05,67.111,,https://api.coinmarketcap.com/data-api/v3/global-metrics/quotes/historical,0,0,0,0,0,26.20351092760795,-2.27141551007592,1.6330616190497573,,0,0,0,1
2020-05-12,235531548194.97,180381091455.61,66.9088,,https://api.coinmarketcap.com/data-api/v3/global-metrics/quotes/historical,0,0,0,0,0,26.18511070404203,-2.2948991866524544,1.609386798502631,,0,0,0,1
2020-05-13,241577838734.57,136371133740.47,67.0516,,https://api.coinmarketcap.com/data-api/v3/global-metrics/quotes/historical,0,0,0,0,0,26.210457571707874,-2.2625497078344172,1.6261067014409565,,0,0,0,1
2020-05-14,252415621562.45,144038496641.84,67.599,,https://api.coinmarketcap.com/data-api/v3/global-metrics/quotes/historical,0,0,0,0,0,26.25434285778401,-2.206540178331225,1.6901996627045415,,0,0,0,1
2020-05-15,264661769847.45,174846669894.7,67.7409,,https://api.coinmarketcap.com/data-api/v3/global-metrics/quotes/historical,0,0,0,0,0,26.301718507518444,-2.14607599799228,1.7068141881033394,,0,0,0,1
2020-05-16,258952934234.05,175747473490.06,66.2322,,https://api.coinmarketcap.com/data-api/v3/global-metrics/quotes/historical,0,0,0,0,0,26.279912161028616,-2.1739068113760633,1.530166306009134,,0,0,0,1
2020-05-17,261728797382.22,175747473490.06,66.4892,,https://api.coinmarketcap.com/data-api/v3/global-metrics/quotes/historical,0,0,0,0,0,26.29057468010081,-2.1602985446892204,1.5602574478519189,,0,0,0,1
2020-05-18,272773461240.49,175747473490.06,66.54119999999999,,https://api.coinmarketcap.com/data-api/v3/global-metrics/quotes/historical,0,0,0,1,0,26.331907475340657,-2.1075466858903686,1.5663459279134933,,0,0,1,1
2020-05-19,265552242186.84,135053104249.5,66.5932,,https://api.coinmarketcap.com/data-api/v3/global-metrics/quotes/historical,0,0,0,1,0,26.30507742733722,-2.141789105151654,1.5724344079750694,,0,0,1,1
2020-05-20,261561632338.35,123941268368.67,66.64519999999999,,https://api.coinmarketcap.com/data-api/v3/global-metrics/quotes/historical,0,0,0,1,0,26.28993578039976,-2.1611139540178406,1.578522888036644,,0,0,1,1
2020-05-21,262083059149.23,120405744864.7,66.6972,,https://api.coinmarketcap.com/data-api/v3/global-metrics/quotes/historical,0,0,0,0,0,26.291927310120943,-2.1585722218645707,1.5846113680982201,,0,0,0,1
2020-05-22,250877075733.58,127145162603.1,66.4426,,https://api.coinmarketcap.com/data-api/v3/global-metrics/quotes/historical,0,0,0,0,0,26.24822891800409,-2.214343223978233,1.5548012330275074,,0,0,0,1
2020-05-23,255973855249.76,105373246350.02,65.9754,,https://api.coinmarketcap.com/data-api/v3/global-metrics/quotes/historical,0,0,0,0,0,26.268341148279937,-2.188674562435144,1.5000985813973526,,0,0,0,1
2020-05-24,256076822519.13,93777128666.31,66.0264,,https://api.coinmarketcap.com/data-api/v3/global-metrics/quotes/historical,0,0,0,0,0,26.268743324373936,-2.1881612766435636,1.506069975303898,,0,0,0,1
2020-05-25,245307463085.45,106687107046.48,65.6724,,https://api.coinmarketcap.com/data-api/v3/global-metrics/quotes/historical,0,0,0,0,0,26.22577821206704,-2.2429964148077777,1.4646214764231735,,0,0,0,1
2020-05-26,250129346422.25,100229270448.08,65.4796,,https://api.coinmarketcap.com/data-api/v3/global-metrics/quotes/historical,0,0,0,0,0,26.24524400669983,-2.2181527804995307,1.4420472657333336,,0,0,0,1
2020-05-27,247898276955.0,94638813909.07,65.5225,,https://api.coinmarketcap.com/data-api/v3/global-metrics/quotes/historical,0,0,0,0,0,26.236284325398657,-2.2295877642730604,1.447070261784132,,0,0,0,1
2020-05-28,256310023012.92,102051966387.34,65.9059,,https://api.coinmarketcap.com/data-api/v3/global-metrics/quotes/historical,0,0,0,0,0,26.269653576118007,-2.186999548500186,1.4919610936227483,,0,0,0,1
2020-05-29,265482468347.8,107715047299.13,66.0504,,https://api.coinmarketcap.com/data-api/v3/global-metrics/quotes/historical,0,0,0,0,0,26.304814642859835,-2.142124489428598,1.5088800430246252,,0,0,0,1
2020-05-30,263503313795.46,104192550380.4,65.8267,,https://api.coinmarketcap.com/data-api/v3/global-metrics/quotes/historical,0,0,0,0,0,26.2973317809226,-2.151674651086761,1.4826878701443489,,0,0,0,1
2020-05-31,273399601030.28,114542187996.57,65.2249,,https://api.coinmarketcap.com/data-api/v3/global-metrics/quotes/historical,0,0,0,0,0,26.334200301945803,-2.1046204171823595,1.4122254220471173,,0,0,0,1
2020-06-01,265879743003.06,100985785037.81,65.4246,,https://api.coinmarketcap.com/data-api/v3/global-metrics/quotes/historical,0,0,0,0,0,26.30630994952936,-2.1402160724963757,1.4356075272066666,,0,0,0,1
2020-06-02,283622394999.81,116574656272.6,65.8572,,https://api.coinmarketcap.com/data-api/v3/global-metrics/quotes/historical,0,0,0,0,0,26.37090959534072,-2.0577694009242706,1.4862589978727732,,0,0,0,1
2020-06-03,269669185656.96,128183531608.65,64.9626,,https://api.coinmarketcap.com/data-api/v3/global-metrics/quotes/historical,0,0,0,0,0,26.320461806419097,-2.1221544642248586,1.3815137235826698,,0,0,0,1
2020-06-04,274151564785.2,88006798254.57,64.7742,,https://api.coinmarketcap.com/data-api/v3/global-metrics/quotes/historical,0,0,0,0,0,26.336946946550377,-2.101114953602886,1.359454691974962,,0,0,0,1
2020-06-05,277698210836.31,90069281108.44,64.969,,https://api.coinmarketcap.com/data-api/v3/global-metrics/quotes/historical,0,0,0,0,0,26.349800788445144,-2.084709964568855,1.3822630749748634,,0,0,0,1
2020-06-06,274096163172.04,84358842355.79,64.7035,,https://api.coinmarketcap.com/data-api/v3/global-metrics/quotes/historical,0,0,0,0,0,26.336744842244155,-2.101372893521118,1.3511767008143214,,0,0,0,1
2020-06-07,274332683081.12,69886580941.17,64.6942,,https://api.coinmarketcap.com/data-api/v3/global-metrics/quotes/historical,0,0,0,0,0,26.337607378652876,-2.100272063089067,1.3500877995725384,,0,0,0,1
2020-06-08,277380076894.01,84732651340.62,64.8078,,https://api.coinmarketcap.com/data-api/v3/global-metrics/quotes/historical,0,0,0,0,0,26.34865452138997,-2.0861729122715054,1.3633887867839807,,0,0,0,1
2020-06-09,278096680550.81,72334494642.26,64.8166,,https://api.coinmarketcap.com/data-api/v3/global-metrics/quotes/historical,0,0,0,0,0,26.35123466194397,-2.082879953027014,1.3644191449482466,,0,0,0,1
2020-06-10,278040733449.28,76337955822.49,64.8101,,https://api.coinmarketcap.com/data-api/v3/global-metrics/quotes/historical,0,0,0,0,0,26.35103346310242,-2.083136737326703,1.3636580849405509,,0,0,0,1
2020-06-11,280341768033.13,80033826208.76,64.7861,,https://api.coinmarketcap.com/data-api/v3/global-metrics/quotes/historical,0,0,0,0,0,26.35927529590728,-2.0726179229604638,1.3608480172198238,,0,0,0,1
2020-06-12,262936200561.58,104889416078.59,65.0664,,https://api.coinmarketcap.com/data-api/v3/global-metrics/quotes/historical,0,0,0,0,0,26.295177256280013,-2.154424408974291,1.393667266474815,,0,0,0,1
2020-06-13,269409716517.27,79566758965.27,64.8098,,https://api.coinmarketcap.com/data-api/v3/global-metrics/quotes/historical,0,0,0,0,0,26.31949916752271,-2.1233830525853064,1.3636229590940407,,0,0,0,1
2020-06-14,269522607497.99,62811020346.84,64.7181,,https://api.coinmarketcap.com/data-api/v3/global-metrics/quotes/historical,0,0,0,0,0,26.31991811059716,-2.1228483675784027,1.3528861586777639,,0,0,0,1
2020-06-15,266035895347.15,63470008834.37,64.9232,,https://api.coinmarketcap.com/data-api/v3/global-metrics/quotes/historical,0,0,0,0,0,26.30689708153796,-2.1394667327860013,1.376900529074476,,0,0,0,1
2020-06-16,266622801180.69,89917033080.12,65.2329,,https://api.coinmarketcap.com/data-api/v3/global-metrics/quotes/historical,0,0,0,0,0,26.309100766842935,-2.1366542325577806,1.4131621112873594,,0,0,0,1
2020-06-17,269178229660.08,71434478011.97,65.1751,,https://api.coinmarketcap.com/data-api/v3/global-metrics/quotes/historical,0,0,0,0,0,26.318639560941886,-2.124480143762206,1.4063945315266082,,0,0,0,1
2020-06-18,268500160916.02,69433067011.82,64.9889,,https://api.coinmarketcap.com/data-api/v3/global-metrics/quotes/historical,0,0,0,0,0,26.316117350209936,-2.1276991688395253,1.3845930894599672,,0,0,0,1
2020-06-19,266619579292.93,61269048243.31,64.954,,https://api.coinmarketcap.com/data-api/v3/global-metrics/quotes/historical,0,0,0,0,0,26.30908868270305,-2.1366696551982596,1.380506782649409,,0,0,0,1
2020-06-20,263460088359.75,66359834343.44,64.8664,,https://api.coinmarketcap.com/data-api/v3/global-metrics/quotes/historical,0,0,0,0,0,26.297167726130066,-2.151884029504089,1.3702500354687557,,0,0,0,1
2020-06-21,266022682513.16,59369170115.95,64.8134,,https://api.coinmarketcap.com/data-api/v3/global-metrics/quotes/historical,0,0,0,0,0,26.306847414698474,-2.1395301211459805,1.3640444692521505,,0,0,0,1
2020-06-22,264363305114.11,53756780220.55,64.7461,,https://api.coinmarketcap.com/data-api/v3/global-metrics/quotes/historical,0,0,0,0,0,26.300590149793518,-2.147516088531391,1.3561645710186112,,0,0,0,1
2020-06-23,274231132219.34,73492518369.09,64.8125,,https://api.coinmarketcap.com/data-api/v3/global-metrics/quotes/historical,0,0,0,0,0,26.337237135993384,-2.1007445931558464,1.363939091712623,,0,0,0,1
2020-06-24,274415084009.52,60809621251.33,64.6293,,https://api.coinmarketcap.com/data-api/v3/global-metrics/quotes/historical,0,0,0,0,0,26.337907702167474,-2.0998887688176757,1.342488908111073,,0,0,0,1
2020-06-25,265664251280.1,68954772301.42,64.5056,,https://api.coinmarketcap.com/data-api/v3/global-metrics/quotes/historical,0,0,0,0,0,26.305499135233333,-2.141250891482315,1.3280053507338254,,0,0,0,1
2020-06-26,264249039210.3,60551195454.4,64.5483,,https://api.coinmarketcap.com/data-api/v3/global-metrics/quotes/historical,0,0,0,0,0,26.30015782577832,-2.1480678512484466,1.3330049295536186,,0,0,0,1
2020-06-27,261915394219.36,63599010300.6,64.4938,,https://api.coinmarketcap.com/data-api/v3/global-metrics/quotes/historical,0,0,0,0,0,26.291287365729833,-2.1593889645010917,1.326623734104467,,0,0,0,1
2020-06-28,256683113723.66,61281854694.23,64.9597,,https://api.coinmarketcap.com/data-api/v3/global-metrics/quotes/historical,0,0,0,0,0,26.271108140515864,-2.185143129758498,1.3811741737330823,,0,0,0,1
2020-06-29,259040084886.56,52156497097.72,64.8973,,https://api.coinmarketcap.com/data-api/v3/global-metrics/quotes/historical,0,0,0,0,0,26.280248654572407,-2.173477354335817,1.3738679976591923,,0,0,0,1
2020-06-30,261229652828.12,57673660243.69,64.7074,,https://api.coinmarketcap.com/data-api/v3/global-metrics/quotes/historical,0,0,0,0,0,26.28866575328082,-2.1627348531334256,1.3516333368189397,,0,0,0,1
2020-07-01,260320888909.67,53952721893.81,64.7972,,https://api.coinmarketcap.com/data-api/v3/global-metrics/quotes/historical,0,0,0,0,0,26.285180895091973,-2.1671824774967288,1.36214767354066,,0,0,0,1
2020-07-02,263115754743.22,56936944693.85,64.6054,,https://api.coinmarketcap.com/data-api/v3/global-metrics/quotes/historical,0,0,0,0,0,26.29585990439795,-2.1535531647983825,1.3396905490058493,,0,0,0,1
2020-07-03,260857828462.15,58063186463.91,64.4048,,https://api.coinmarketcap.com/data-api/v3/global-metrics/quotes/historical,0,0,0,0,0,26.287241377320242,-2.164552743240129,1.316203066306771,,0,0,0,1
2020-07-04,259448465559.54,48357643864.73,64.4854,,https://api.coinmarketcap.com/data-api/v3/global-metrics/quotes/historical,0,0,0,0,0,26.281823928537776,-2.171466877441902,1.3256402104022131,,0,0,0,1
2020-07-05,261182291101.76,47020077010.9,64.2307,,https://api.coinmarketcap.com/data-api/v3/global-metrics/quotes/historical,0,0,0,0,0,26.288484433818123,-2.162966265953154,1.295818366715997,,0,0,0,1
2020-07-06,260306522652.66,50770212056.16,64.1911,,https://api.coinmarketcap.com/data-api/v3/global-metrics/quotes/historical,0,0,0,0,0,26.28512570684527,-2.167252912670069,1.291181754976798,,0,0,0,1
2020-07-07,270192602657.79,73479666925.46,63.58,,https://api.coinmarketcap.com/data-api/v3/global-metrics/quotes/historical,0,0,0,0,0,26.322400884813476,-2.1196796741927155,1.2196304056377838,,0,0,0,1
2020-07-08,269315231661.25,56470274252.87,63.3439,,https://api.coinmarketcap.com/data-api/v3/global-metrics/quotes/historical,0,0,0,0,0,26.31914839536223,-2.123830733013713,1.191986364435131,,0,0,0,1
2020-07-09,276880592437.92,79860176009.97,62.7688,,https://api.coinmarketcap.com/data-api/v3/global-metrics/quotes/historical,0,0,0,0,0,26.346852175963207,-2.0884731939463284,1.1246501166772083,,0,0,0,1
2020-07-10,272563372849.37,69877329175.99,62.6314,,https://api.coinmarketcap.com/data-api/v3/global-metrics/quotes/historical,0,0,0,0,0,26.331136984926733,-2.108530040664352,1.1085624789760458,,0,0,0,1
2020-07-11,272331437056.72,59283788347.95,62.8263,,https://api.coinmarketcap.com/data-api/v3/global-metrics/quotes/historical,0,0,0,0,0,26.330285680042042,-2.1096165366250386,1.1313825705914509,,0,0,0,1
2020-07-12,272534506383.59,49393605468.76,62.4895,,https://api.coinmarketcap.com/data-api/v3/global-metrics/quotes/historical,0,0,0,0,0,26.331031071963547,-2.1086652143356828,1.091947953577247,,0,0,0,1
2020-07-13,274590327540.7,53578817272.07,62.3843,,https://api.coinmarketcap.com/data-api/v3/global-metrics/quotes/historical,0,0,0,0,0,26.338546105845996,-2.099073992548356,1.0796304900680602,,0,0,0,1
2020-07-14,272377789266.65,65908835962.42,62.5319,,https://api.coinmarketcap.com/data-api/v3/global-metrics/quotes/historical,0,0,0,0,0,26.330455870697172,-2.109399327182605,1.0969124065505316,,0,0,0,1
2020-07-15,273330065471.21,63158768374.96,62.3378,,https://api.coinmarketcap.com/data-api/v3/global-metrics/quotes/historical,0,0,0,0,0,26.333945932872,-2.1049450611215432,1.0741859838591514,,0,0,0,1
2020-07-16,272564922679.2,56672872493.94,62.1933,,https://api.coinmarketcap.com/data-api/v3/global-metrics/quotes/historical,0,0,0,0,0,26.331142671037114,-2.1085227836450726,1.0572670344572737,,0,0,0,1
2020-07-17,269849125577.79,58293541126.99,62.3728,,https://api.coinmarketcap.com/data-api/v3/global-metrics/quotes/historical,0,0,0,0,0,26.32112884560481,-2.1213031412805985,1.0782839992852113,,0,0,0,1
2020-07-18,270503463234.1,49526346320.59,62.3679,,https://api.coinmarketcap.com/data-api/v3/global-metrics/quotes/historical,0,0,0,0,0,26.323550738234538,-2.118212149314341,1.0777102771255629,,0,0,0,1
2020-07-19,271688028820.17,44970095319.0,62.1405,,https://api.coinmarketcap.com/data-api/v3/global-metrics/quotes/historical,0,0,0,0,0,26.327920292121576,-2.112635413254623,1.0510848854716743,,0,0,0,1
2020-07-20,273663203342.16,47670540655.03,62.0082,,https://api.coinmarketcap.com/data-api/v3/global-metrics/quotes/historical,0,0,0,0,0,26.335164002384488,-2.103390474005981,1.0355943871611661,,0,0,0,1
2020-07-21,270807056798.71,49282340770.91,62.3267,,https://api.coinmarketcap.com/data-api/v3/global-metrics/quotes/historical,0,0,0,0,0,26.32467243672443,-2.1167805577655394,1.0728863275383151,,0,0,0,1
2020-07-22,277880541033.02,61362409372.16,62.2143,,https://api.coinmarketcap.com/data-api/v3/global-metrics/quotes/historical,0,0,0,0,0,26.35045714977157,-2.0838722694695564,1.0597258437129098,,0,0,0,1
2020-07-23,284405679305.48,59140376978.83,61.7285,,https://api.coinmarketcap.com/data-api/v3/global-metrics/quotes/historical,0,0,0,0,0,26.373667504104663,-2.054249561221888,1.0028453895991918,,0,0,0,1
2020-07-24,287777703349.12,69065547787.56,61.4269,,https://api.coinmarketcap.com/data-api/v3/global-metrics/quotes/historical,0,0,0,0,0,26.38545415567134,-2.0392065965361317,0.9675322052420555,,0,0,0,1
2020-07-25,286767769660.61,62829965757.42,61.3495,,https://api.coinmarketcap.com/data-api/v3/global-metrics/quotes/historical,0,0,0,0,0,26.38193856020976,-2.0436934499973347,0.9584697368427102,,0,0,0,1
2020-07-26,294997375792.62,69656804856.76,60.509,,https://api.coinmarketcap.com/data-api/v3/global-metrics/quotes/historical,0,0,0,0,0,26.41023229762843,-2.0075829659969084,0.860058823539747,,0,0,0,1
2020-07-27,299852311722.38,80198364054.7,60.9377,,https://api.coinmarketcap.com/data-api/v3/global-metrics/quotes/historical,0,0,0,0,0,26.426555896127276,-1.9867496263182458,0.9102536582012346,,0,0,0,1
2020-07-28,323033150312.8,121364853968.81,63.0999,,https://api.coinmarketcap.com/data-api/v3/global-metrics/quotes/historical,0,0,0,0,0,26.501020787450077,-1.8917122253939216,1.163417342607739,,0,0,0,1
2020-07-29,322202500952.51,101283387275.01,62.5121,,https://api.coinmarketcap.com/data-api/v3/global-metrics/quotes/historical,0,0,0,0,0,26.498446069771234,-1.894998263578688,1.0945941006809312,,0,0,0,1
2020-07-30,325282044762.39,88109965992.77,62.839,,https://api.coinmarketcap.com/data-api/v3/global-metrics/quotes/historical,0,0,0,0,0,26.507958472967506,-1.882857856733817,1.132869564760335,,0,0,0,1
2020-07-31,328863389993.88,84227395800.88,62.3547,,https://api.coinmarketcap.com/data-api/v3/global-metrics/quotes/historical,0,0,0,0,0,26.518908273498646,-1.868882940976427,1.0761647398791634,,0,0,0,1
2020-08-01,336164467809.56,86038004144.8,62.2885,,https://api.coinmarketcap.com/data-api/v3/global-metrics/quotes/historical,0,0,0,0,0,26.540866364678127,-1.8408584602058728,1.0684136364161574,,0,0,0,1
2020-08-02,353064238860.0,102768393729.66,61.5078,,https://api.coinmarketcap.com/data-api/v3/global-metrics/quotes/historical,0,0,0,0,0,26.58991585709677,-1.7782580025496915,0.9770044751840065,,0,0,0,1
2020-08-03,333882055719.94,121696417525.42,61.0044,,https://api.coinmarketcap.com/data-api/v3/global-metrics/quotes/historical,0,0,0,0,0,26.534053640972232,-1.849553343696901,0.918063304741755,,0,0,0,1
2020-08-04,343012862913.12,84725918471.92,60.4838,,https://api.coinmarketcap.com/data-api/v3/global-metrics/quotes/historical,0,0,0,0,0,26.56103378461363,-1.8151193616861276,0.8571082524329838,,0,0,0,1
2020-08-05,343073470927.81,88501802750.9,60.2936,,https://api.coinmarketcap.com/data-api/v3/global-metrics/quotes/historical,0,0,0,0,0,26.561210462130315,-1.8148938732487023,0.8348384657462212,,0,0,0,1
2020-08-06,355796884138.52,90590726287.11,61.0019,,https://api.coinmarketcap.com/data-api/v3/global-metrics/quotes/historical,0,0,0,0,0,26.597625854800057,-1.7684179540404343,0.9177705893541795,,0,0,0,1
2020-08-07,356551104258.56,88335988324.11,60.9511,,https://api.coinmarketcap.com/data-api/v3/global-metrics/quotes/historical,0,0,0,0,0,26.599743416481022,-1.765715370918632,0.9118226126786403,,0,0,0,1
2020-08-08,350215991454.09,98814483385.34,61.1393,,https://api.coinmarketcap.com/data-api/v3/global-metrics/quotes/historical,0,0,0,0,0,26.581815919530847,-1.7885957201000686,0.933858227055342,,0,0,0,1
2020-08-09,358447921936.55,73006305175.68,60.558,,https://api.coinmarketcap.com/data-api/v3/global-metrics/quotes/historical,0,0,0,0,0,26.605049219869162,-1.7589437265253245,0.8657960451362315,,0,0,0,1
2020-08-10,357297704990.78,73461663443.91,60.3636,,https://api.coinmarketcap.com/data-api/v3/global-metrics/quotes/historical,0,0,0,0,0,26.60183517875554,-1.7630457148378902,0.843034496598342,,0,0,0,1
2020-08-11,364207711950.89,100007273993.58,60.2664,,https://api.coinmarketcap.com/data-api/v3/global-metrics/quotes/historical,0,0,0,0,0,26.620990179059362,-1.7385987384005193,0.831653722329397,,0,0,0,1
2020-08-12,348972550558.98,109899478616.04,60.294,,https://api.coinmarketcap.com/data-api/v3/global-metrics/quotes/historical,0,0,0,0,0,26.578259104362164,-1.7931351810889318,0.8348853002082333,,0,0,0,1
2020-08-13,358006269803.14,102139790416.36,59.7278,,https://api.coinmarketcap.com/data-api/v3/global-metrics/quotes/historical,0,0,0,0,0,26.603816336610347,-1.7605172199996248,0.7685911192300806,,0,0,0,1
2020-08-14,369417711004.01,121835451295.89,58.9955,,https://api.coinmarketcap.com/data-api/v3/global-metrics/quotes/historical,0,0,0,0,0,26.635193848889795,-1.7204710027617207,0.6828489279013951,,0,0,0,1
2020-08-15,370156171458.71,103585844876.02,58.707,,https://api.coinmarketcap.com/data-api/v3/global-metrics/quotes/historical,0,0,0,0,0,26.637190838555394,-1.7179223022382946,0.6490695721751549,,0,0,0,1
2020-08-16,372982747508.72,103148119966.54,58.7265,,https://api.coinmarketcap.com/data-api/v3/global-metrics/quotes/historical,0,0,0,0,0,26.64479800219268,-1.70821349789237,0.6513527521982458,,0,0,0,1
2020-08-17,376535095494.19,96787351264.63,58.3722,,https://api.coinmarketcap.com/data-api/v3/global-metrics/quotes/historical,0,0,0,0,0,26.654277094966112,-1.6961156041829395,0.609869127471012,,0,0,0,1
2020-08-18,383377492060.84,115281734292.5,59.0938,,https://api.coinmarketcap.com/data-api/v3/global-metrics/quotes/historical,0,0,0,0,0,26.67228595968142,-1.673131407661099,0.6943584969408733,,0,0,0,1
2020-08-19,374964554228.23,108034281294.27,59.0068,,https://api.coinmarketcap.com/data-api/v3/global-metrics/quotes/historical,0,0,0,0,0,26.650097336391276,-1.7014501099397739,0.6841720014532372,,0,0,0,1
2020-08-20,365420906813.08,106561349405.99,59.3795,,https://api.coinmarketcap.com/data-api/v3/global-metrics/quotes/historical,0,0,0,0,0,26.62431569549075,-1.734354477343315,0.7278100114330285,,0,0,0,1
2020-08-21,372862154031.1,87391080548.79,58.8368,,https://api.coinmarketcap.com/data-api/v3/global-metrics/quotes/historical,0,0,0,0,0,26.644474628047675,-1.7086262110209522,0.6642673550980868,,0,0,0,1
2020-08-22,358605318729.22,110529262939.47,59.6121,,https://api.coinmarketcap.com/data-api/v3/global-metrics/quotes/historical,0,0,0,0,0,26.605488229935002,-1.7583834305939685,0.7550442510930749,,0,0,0,1
2020-08-23,364684962617.6,87501191224.67,59.1269,,https://api.coinmarketcap.com/data-api/v3/global-metrics/quotes/historical,0,0,0,0,0,26.62229970171355,-1.736927432268262,0.6982340486723758,,0,0,0,1
2020-08-24,363519561203.83,76834148022.63,59.2354,,https://api.coinmarketcap.com/data-api/v3/global-metrics/quotes/historical,0,0,0,0,0,26.619098945962683,-1.7410124648541205,0.7109378964931627,,0,0,0,1
2020-08-25,369526870847.28,83769950048.3,58.8479,,https://api.coinmarketcap.com/data-api/v3/global-metrics/quotes/historical,0,0,0,0,0,26.635489296875328,-1.7200939309879686,0.6655670114189238,,0,0,0,1
2020-08-26,354049798580.44,107729913774.56,59.2271,,https://api.coinmarketcap.com/data-api/v3/global-metrics/quotes/historical,0,0,0,0,0,26.592703414142576,-1.7747003235971592,0.7099660814064115,,0,0,0,1
2020-08-27,359336226125.74,93908658506.97,59.0225,,https://api.coinmarketcap.com/data-api/v3/global-metrics/quotes/historical,0,0,0,0,0,26.60752435015753,-1.7557847888652158,0.6860102540872132,,0,0,0,1
2020-08-28,352749467573.2,97304102328.88,59.336,,https://api.coinmarketcap.com/data-api/v3/global-metrics/quotes/historical,0,0,0,0,0,26.589023918318027,-1.7793963583816752,0.7227167636892105,,0,0,0,1
2020-08-29,361736022917.49,82228462440.75,58.9599,,https://api.coinmarketcap.com/data-api/v3/global-metrics/quotes/historical,0,0,0,0,0,26.6141805643031,-1.7472896540284693,0.6786806607823163,,0,0,0,1
2020-08-30,363413622317.6,81595839844.7,58.423,,https://api.coinmarketcap.com/data-api/v3/global-metrics/quotes/historical,0,0,0,0,0,26.61880747794504,-1.741384457109226,0.6158171041465512,,0,0,0,1
2020-08-31,373760804695.97,94786673670.49,57.8802,,https://api.coinmarketcap.com/data-api/v3/global-metrics/quotes/historical,0,0,0,0,0,26.646881870118992,-1.7055539171413847,0.5522627391961069,,0,0,0,1
2020-09-01,377429479714.17,99201011088.05,57.1796,,https://api.coinmarketcap.com/data-api/v3/global-metrics/quotes/historical,0,0,0,0,0,26.656649579480387,-1.6930876703746096,0.47023217898188185,,0,0,0,1
2020-09-02,390803527915.99,130521593353.58,56.5229,,https://api.coinmarketcap.com/data-api/v3/global-metrics/quotes/historical,0,0,0,0,0,26.691470784494943,-1.6486463670590552,0.39334170097348686,,0,0,0,1
2020-09-03,375587086048.11,136115249524.18,56.0866,,https://api.coinmarketcap.com/data-api/v3/global-metrics/quotes/historical,0,0,0,0,0,26.651756201495907,-1.6993329480769475,0.34225701153376864,,0,0,0,1
2020-09-04,334122390605.8,147097082070.6,56.5458,,https://api.coinmarketcap.com/data-api/v3/global-metrics/quotes/historical,0,0,0,0,0,26.534773201740283,-1.8486349889663982,0.3960229739236806,,0,0,0,1
2020-09-05,342425218920.61,140210466280.47,56.7373,,https://api.coinmarketcap.com/data-api/v3/global-metrics/quotes/historical,0,0,0,0,0,26.559319131891353,-1.8173077236822084,0.4184449726119819,,0,0,0,1
2020-09-06,321664616571.63,192759416897.63,58.4959,,https://api.coinmarketcap.com/data-api/v3/global-metrics/quotes/historical,0,0,0,0,0,26.49677527624453,-1.8971306493438225,0.6243526848482595,,0,0,0,1
2020-09-07,330496789159.04,164069975000.42,57.4773,,https://api.coinmarketcap.com/data-api/v3/global-metrics/quotes/historical,0,0,0,0,0,26.52386278108972,-1.8625596453138547,0.5050887273344007,,0,0,0,1
2020-09-08,332018032720.92,147053793865.37,57.7817,,https://api.coinmarketcap.com/data-api/v3/global-metrics/quotes/historical,0,0,0,0,0,26.528455119812328,-1.8566985753705842,0.5407297529256226,,0,0,0,1
2020-09-09,323532314808.98,138423927251.43,57.8769,,https://api.coinmarketcap.com/data-api/v3/global-metrics/quotes/historical,0,0,0,0,0,26.502564837116438,-1.8897415991755488,0.5518763548845066,,0,0,0,1
2020-09-10,330559114017.34,106455405034.51,57.3134,,https://api.coinmarketcap.com/data-api/v3/global-metrics/quotes/historical,0,0,0,0,0,26.524051342626453,-1.8623189896431451,0.4858983065249355,,0,0,0,1
2020-09-11,336184918587.58,223147985654.59,56.7896,,https://api.coinmarketcap.com/data-api/v3/global-metrics/quotes/historical,0,0,0,0,0,26.540927198460206,-1.8407808197979638,0.42456857852006663,,0,0,0,1
2020-09-12,339832899537.44,193879933387.37,56.6818,,https://api.coinmarketcap.com/data-api/v3/global-metrics/quotes/historical,0,0,0,0,0,26.551719861795988,-1.8270064537274149,0.41194669100780107,,0,0,0,1
2020-09-13,344614053270.44,149284620904.12,56.0781,,https://api.coinmarketcap.com/data-api/v3/global-metrics/quotes/historical,0,0,0,0,0,26.5656909416087,-1.8091755660443767,0.34126177921601136,,0,0,0,1
2020-09-14,337006816516.43,183787961806.9,56.6702,,https://api.coinmarketcap.com/data-api/v3/global-metrics/quotes/historical,0,0,0,0,0,26.54336899414593,-1.8376644261332855,0.4105884916094495,,0,0,0,1
2020-09-15,347071719896.29,142097718959.51,56.9591,,https://api.coinmarketcap.com/data-api/v3/global-metrics/quotes/historical,0,0,0,0,0,26.572797281116834,-1.800105949142484,0.4444146817977016,,0,0,0,1
2020-09-16,344781485880.53,131129967919.97,57.8962,,https://api.coinmarketcap.com/data-api/v3/global-metrics/quotes/historical,0,0,0,0,0,26.566176679052226,-1.8085556333036676,0.5541361176765914,,0,0,0,1
2020-09-17,347965535929.32,129292211243.73,58.3034,,https://api.coinmarketcap.com/data-api/v3/global-metrics/quotes/historical,0,0,0,0,0,26.575369277130765,-1.7968233845404347,0.6018136000049281,,0,0,0,1
2020-09-18,351598855637.39,141655049893.17,57.6275,,https://api.coinmarketcap.com/data-api/v3/global-metrics/quotes/historical,0,0,0,0,0,26.58575674802344,-1.7835661539411534,0.5226750678199508,,0,0,0,1
2020-09-19,350895477289.46,122167455145.26,57.7011,,https://api.coinmarketcap.com/data-api/v3/global-metrics/quotes/historical,0,0,0,0,0,26.58375423056526,-1.7861219094274006,0.5312926088301804,,0,0,0,1
2020-09-20,354137607350.84,97519909465.98,57.8943,,https://api.coinmarketcap.com/data-api/v3/global-metrics/quotes/historical,0,0,0,0,0,26.59295139587768,-1.7743838316348088,0.553913653982034,,0,0,0,1
2020-09-21,347033217718.37,103447989188.73,58.2788,,https://api.coinmarketcap.com/data-api/v3/global-metrics/quotes/historical,0,0,0,0,0,26.572686340606623,-1.800247539327609,0.598933280591182,,0,0,0,1
2020-09-22,327731497589.63,130611747588.47,58.9081,,https://api.coinmarketcap.com/data-api/v3/global-metrics/quotes/historical,0,0,0,0,0,26.515460505180926,-1.8732832286030474,0.672615597951747,,0,0,0,1
2020-09-23,332027368586.14,97425724479.93,58.728,,https://api.coinmarketcap.com/data-api/v3/global-metrics/quotes/historical,0,0,0,0,0,26.528483237965702,-1.8566626889794549,0.6515283814307913,,0,0,0,1
2020-09-24,318976234710.22,94656609379.6,59.2733,,https://api.coinmarketcap.com/data-api/v3/global-metrics/quotes/historical,0,0,0,0,0,26.488382437615037,-1.9078421881046412,0.715375461768811,,0,0,0,1
2020-09-25,337981088523.23,95200968853.5,58.8523,,https://api.coinmarketcap.com/data-api/v3/global-metrics/quotes/historical,0,0,0,0,0,26.546255779749405,-1.8339801046240956,0.6660821905010568,,0,0,0,1
2020-09-26,339757512440.31,92105056967.8,58.2777,,https://api.coinmarketcap.com/data-api/v3/global-metrics/quotes/historical,0,0,0,0,0,26.551498001404465,-1.827289607769593,0.5988044858206495,,0,0,0,1
2020-09-27,341673718633.88,79963648755.2,58.1757,,https://api.coinmarketcap.com/data-api/v3/global-metrics/quotes/historical,0,0,0,0,0,26.55712207954185,-1.8201117584599735,0.5868616980075588,,0,0,0,1
2020-09-28,344251832740.74,80772167442.99,58.2177,,https://api.coinmarketcap.com/data-api/v3/global-metrics/quotes/historical,0,0,0,0,0,26.564639298406625,-1.8105177480424903,0.5917793165188314,,0,0,0,1
2020-09-29,340861714277.42,92780333922.32,58.1388,,https://api.coinmarketcap.com/data-api/v3/global-metrics/quotes/historical,0,0,0,0,0,26.55474270200217,-1.823148489638544,0.5825412188869414,,0,0,0,1
2020-09-30,345412564397.67,82963451798.46,58.1376,,https://api.coinmarketcap.com/data-api/v3/global-metrics/quotes/historical,0,0,0,0,0,26.568005378365857,-1.8062217169203594,0.5824007155009046,,0,0,0,1
2020-10-01,344524134993.74,80421404805.97,57.9912,,https://api.coinmarketcap.com/data-api/v3/global-metrics/quotes/historical,0,0,0,0,0,26.565429982983154,-1.8095086200390864,0.5652593024044694,,0,0,0,1
2020-10-02,338747511469.35,99177391297.0,58.0297,,https://api.coinmarketcap.com/data-api/v3/global-metrics/quotes/historical,0,0,0,0,0,26.548520862897398,-1.8310892440931972,0.5697671193731356,,0,0,0,1
2020-10-03,335281202262.36,97363868224.1,58.427,,https://api.coinmarketcap.com/data-api/v3/global-metrics/quotes/historical,0,0,0,0,0,26.53823542640254,-1.8442162511226716,0.6162854487666721,,0,0,0,1
2020-10-04,335000601208.81,66672390834.24,58.3396,,https://api.coinmarketcap.com/data-api/v3/global-metrics/quotes/historical,0,0,0,0,0,26.53739816342303,-1.845284825803292,0.606052118817024,,0,0,0,1
2020-10-05,339534475425.58,70393369351.75,58.254,,https://api.coinmarketcap.com/data-api/v3/global-metrics/quotes/historical,0,0,0,0,0,26.55084132643485,-1.8281277031626795,0.5960295439464308,,0,0,0,1
2020-10-06,342175344403.82,75518713892.75,58.4263,,https://api.coinmarketcap.com/data-api/v3/global-metrics/quotes/historical,0,0,0,0,0,26.55858914555692,-1.8182393842634905,0.6162034884581508,,0,0,0,1
2020-10-07,333624112364.85,97920955450.48,58.9511,,https://api.coinmarketcap.com/data-api/v3/global-metrics/quotes/historical,0,0,0,0,0,26.533280784090117,-1.8505397187262322,0.6776503026180496,,0,0,0,1
2020-10-08,335851867860.45,77407130563.98,58.8731,,https://api.coinmarketcap.com/data-api/v3/global-metrics/quotes/historical,0,0,0,0,0,26.539936030235154,-1.8420458193207512,0.668517582525687,,0,0,0,1
2020-10-09,343540317957.84,91180890837.06,58.9279,,https://api.coinmarketcap.com/data-api/v3/global-metrics/quotes/historical,0,0,0,0,0,26.56257031568854,-1.8131583312299666,0.6749339038213472,,0,0,0,1
2020-10-10,350453038073.5,93804782714.38,58.5205,,https://api.coinmarketcap.com/data-api/v3/global-metrics/quotes/historical,0,0,0,0,0,26.58249254891923,-1.7877321574557314,0.6272330042620046,,0,0,0,1
2020-10-11,357912892945.41,78216024243.13,58.4273,11.7061,https://api.coinmarketcap.com/data-api/v3/global-metrics/quotes/historical,0,0,0,0,0,26.603555477946077,-1.7608501464166297,0.6163205746131816,-0.9848300206264041,0,0,0,0
2020-10-12,360699683538.96,69761310491.04,58.4338,11.7481,https://api.coinmarketcap.com/data-api/v3/global-metrics/quotes/historical,0,0,0,0,0,26.61131154750304,-1.7509512977244783,0.617081634620878,-0.9733708339989992,0,0,0,0
2020-10-13,365679314190.56,88132535313.19,58.5069,11.9793,https://api.coinmarketcap.com/data-api/v3/global-metrics/quotes/historical,0,0,0,0,0,26.625022595532133,-1.733452281134432,0.625640632553593,-0.9102907399929054,0,0,0,0
2020-10-14,361984974231.78,78724567414.12,58.4469,11.8995,https://api.coinmarketcap.com/data-api/v3/global-metrics/quotes/historical,0,0,0,0,0,26.6148685402637,-1.7464116100800764,0.618615463251775,-0.9320631945849743,0,0,0,0
2020-10-15,360732167029.59,75012768221.45,58.6674,11.8871,https://api.coinmarketcap.com/data-api/v3/global-metrics/quotes/historical,0,0,0,0,0,26.611401600335128,-1.750836365882699,0.6444329604359552,-0.935446383017827,0,0,0,0
2020-10-16,362557610974.42,77492818135.99,58.7123,11.7655,https://api.coinmarketcap.com/data-api/v3/global-metrics/quotes/historical,0,0,0,0,0,26.616449225439595,-1.7443942270136663,0.6496901287968153,-0.968623456681932,0,0,0,0
2020-10-17,355188138511.74,80860778559.37,59.0335,11.6551,https://api.coinmarketcap.com/data-api/v3/global-metrics/quotes/historical,0,0,0,0,0,26.59591345367728,-1.7706034423847758,0.6872982017925459,-0.9987447472453954,0,0,0,0
2020-10-18,356531115436.62,59465745079.86,58.9983,11.6956,https://api.coinmarketcap.com/data-api/v3/global-metrics/quotes/historical,0,0,0,0,0,26.59968735331918,-1.7657869227210248,0.68317676913548,-0.9876948172832549,0,0,0,0
2020-10-19,361126871930.7,58303186795.66,58.8907,11.8412,https://api.coinmarketcap.com/data-api/v3/global-metrics/quotes/historical,0,0,0,0,0,26.6124951793281,-1.7494406624397578,0.6705782988542204,-0.947969636974919,0,0,0,0
2020-10-20,365537367571.53,72386128953.68,59.4954,11.7527,https://api.coinmarketcap.com/data-api/v3/global-metrics/quotes/historical,0,0,0,0,0,26.624634347768225,-1.7339477905985707,0.7413802968010393,-0.9721157802255215,0,0,0,0
2020-10-21,364646583208.62,86354549691.16,60.5288,11.4474,https://api.coinmarketcap.com/data-api/v3/global-metrics/quotes/historical,0,0,0,0,0,26.622194456275494,-1.7370617539964535,0.8623771294093465,-1.0554131534956794,0,0,0,0
2020-10-22,387217676543.42,120000803705.07,61.3409,11.4546,https://api.coinmarketcap.com/data-api/v3/global-metrics/quotes/historical,0,0,0,0,0,26.68225284353671,-1.660410960211374,0.9574627959094495,-1.0534487215024102,0,0,0,0
2020-10-23,394720890092.92,102075373669.46,60.8464,11.8554,https://api.coinmarketcap.com/data-api/v3/global-metrics/quotes/historical,0,0,0,0,0,26.701444744723194,-1.6359168882378683,0.899563692246969,-0.9440953405437492,0,0,0,0
2020-10-24,392938880651.47,87548609575.84,60.9574,11.7918,https://api.coinmarketcap.com/data-api/v3/global-metrics/quotes/historical,0,0,0,0,0,26.696919916750375,-1.6416917961512132,0.9125602554553315,-0.9614478231509617,0,0,0,0
2020-10-25,398069341441.43,73991781846.92,61.0169,11.7265,https://api.coinmarketcap.com/data-api/v3/global-metrics/quotes/historical,0,0,0,0,0,26.709892051782695,-1.6251358329850702,0.919526881679634,-0.9792641299788075,0,0,0,0
2020-10-26,395020775608.59,72524703299.63,61.1,11.6356,https://api.coinmarketcap.com/data-api/v3/global-metrics/quotes/historical,0,0,0,0,0,26.70220419694183,-1.6349476211953322,0.9292567411626518,-1.004065083893833,0,0,0,0
2020-10-27,393177378815.86,103775249657.4,61.6061,11.3343,https://api.coinmarketcap.com/data-api/v3/global-metrics/quotes/historical,0,0,0,0,0,26.69752669257732,-1.6409173855999832,0.9885140442234838,-1.0862711060566186,0,0,0,0
2020-10-28,405831302119.0,96816028716.67,62.295,11.2586,https://api.coinmarketcap.com/data-api/v3/global-metrics/quotes/historical,0,0,0,0,0,26.729203398176935,-1.6004893165253613,1.0691746964238547,-1.1069249257636316,0,0,0,0
2020-10-29,394477096476.48,103912058771.92,62.3436,11.1573,https://api.coinmarketcap.com/data-api/v3/global-metrics/quotes/historical,0,0,0,0,0,26.70082691845312,-1.6367054021521097,1.074865083558327,-1.134563392557824,0,0,0,0
2020-10-30,395724541581.12,141134530005.28,62.9539,11.0634,https://api.coinmarketcap.com/data-api/v3/global-metrics/quotes/historical,0,0,0,0,0,26.703984204089643,-1.6326758492240052,1.1463227639733158,-1.1601828598033785,0,0,0,0
2020-10-31,395999585957.65,91855661090.6,63.4478,10.9545,https://api.coinmarketcap.com/data-api/v3/global-metrics/quotes/historical,0,0,0,0,0,26.704679002638855,-1.6317890978018237,1.204151615942779,-1.1898948937015776,0,0,0,0
2020-11-01,401102887541.66,81043254521.35,63.6621,10.9131,https://api.coinmarketcap.com/data-api/v3/global-metrics/quotes/historical,0,0,0,0,0,26.71748380875325,-1.615446691725157,1.2292431789657716,-1.2011903776628763,0,0,0,0
2020-11-02,401824507173.2,65619735261.08,63.2843,11.1549,https://api.coinmarketcap.com/data-api/v3/global-metrics/quotes/historical,0,0,0,0,0,26.71928128092964,-1.613152629639748,1.1850080295953258,-1.135218203222247,0,0,0,0
2020-11-03,394576942039.75,89704150204.98,63.6662,11.0109,https://api.coinmarketcap.com/data-api/v3/global-metrics/quotes/historical,0,0,0,0,0,26.70107999507127,-1.6363824077369362,1.2297232322013958,-1.1745068430876342,0,0,0,0
2020-11-04,401023565313.12,87673913518.24,64.3727,10.9412,https://api.coinmarketcap.com/data-api/v3/global-metrics/quotes/historical,0,0,0,0,0,26.717286028893188,-1.6156991124770261,1.3124446007302986,-1.1935236361335888,0,0,0,0
2020-11-05,406544594779.04,102300481116.44,64.4165,11.201,https://api.coinmarketcap.com/data-api/v3/global-metrics/quotes/historical,0,0,0,0,0,26.730959464170684,-1.5982480999609796,1.317572974320626,-1.122640381709786,0,0,0,0
2020-11-06,437549654410.55,134072613937.85,65.9389,10.7216,https://api.coinmarketcap.com/data-api/v3/global-metrics/quotes/historical,0,0,0,0,0,26.804456032099463,-1.5044465423580837,1.4958249367387482,-1.2534388119283042,0,0,0,0
2020-11-07,447416537279.64,140421276284.99,64.4549,11.5138,https://api.coinmarketcap.com/data-api/v3/global-metrics/quotes/historical,0,0,0,0,0,26.826755848394065,-1.4759859276431337,1.3220690826737889,-1.0372967251133065,0,0,0,0
2020-11-08,428851811023.74,143472608351.47,64.158,11.5196,https://api.coinmarketcap.com/data-api/v3/global-metrics/quotes/historical,0,0,0,0,0,26.78437726735105,-1.5300724928101959,1.2873062032452949,-1.035714266007617,0,0,0,0
2020-11-09,446246872494.5,98613532020.68,64.3205,11.5217,https://api.coinmarketcap.com/data-api/v3/global-metrics/quotes/historical,0,0,0,0,0,26.824138161600015,-1.47932680607485,1.3063327034377172,-1.0351413066762472,0,0,0,0
2020-11-10,441394336668.18,119721463533.4,64.4062,11.4139,https://api.coinmarketcap.com/data-api/v3/global-metrics/quotes/historical,0,0,0,0,0,26.813204500302007,-1.4932811237927808,1.316366986923814,-1.0645532190199187,0,0,0,0
2020-11-11,442807777253.78,101771831299.12,64.0134,11.512,https://api.coinmarketcap.com/data-api/v3/global-metrics/quotes/historical,0,0,0,0,0,26.816401601433743,-1.4892007554922986,1.2703755452279146,-1.0377878331116235,0,0,0,0
2020-11-12,451901023061.24,112069013048.19,64.3935,11.6099,https://api.coinmarketcap.com/data-api/v3/global-metrics/quotes/historical,0,0,0,0,0,26.83672901727177,-1.4632574587999059,1.3148799927549297,-1.0110770147586974,0,0,0,0
2020-11-13,461951179267.05,115696338971.29,65.3298,11.3137,https://api.coinmarketcap.com/data-api/v3/global-metrics/quotes/historical,0,0,0,0,0,26.858725049862265,-1.4351845544967858,1.4245077597097955,-1.0918915642595837,0,0,0,0
2020-11-14,467536036680.91,116123549333.61,64.6868,11.512,https://api.coinmarketcap.com/data-api/v3/global-metrics/quotes/historical,0,0,0,0,0,26.870742266513783,-1.4198473262189129,1.3492213620253155,-1.0377878331116235,0,0,0,0
2020-11-15,460717550683.66,101174377302.29,64.6717,11.3335,https://api.coinmarketcap.com/data-api/v3/global-metrics/quotes/historical,0,0,0,0,0,26.85605100385109,-1.4385973625777453,1.3474533610843575,-1.086489376278093,0,0,0,0
2020-11-16,455640762342.77,92010423015.05,64.9335,11.1471,https://api.coinmarketcap.com/data-api/v3/global-metrics/quotes/historical,0,0,0,0,0,26.844970534101932,-1.452739047703095,1.3781065164712882,-1.1373463378816222,0,0,0,0
2020-11-17,474483337309.75,110023303907.6,65.29,11.0006,https://api.coinmarketcap.com/data-api/v3/global-metrics/quotes/historical,0,0,0,0,0,26.88549233806737,-1.401022233762606,1.4198477307395898,-1.1773170721891166,0,0,0,0
2020-11-18,498409255225.89,144227979733.67,65.7098,10.9436,https://api.coinmarketcap.com/data-api/v3/global-metrics/quotes/historical,0,0,0,0,0,26.934687374122618,-1.3382360229454602,1.4690004986213072,-1.1928688254691657,0,0,0,0
2020-11-19,499383676173.62,176165848981.31,66.1432,10.8972,https://api.coinmarketcap.com/data-api/v3/global-metrics/quotes/historical,0,0,0,0,0,26.936640527380845,-1.3357432695690512,1.5197456382114363,-1.2055284983146795,0,0,0,0
2020-11-20,499329478518.06,136687860550.36,66.1407,10.7156,https://api.coinmarketcap.com/data-api/v3/global-metrics/quotes/historical,0,0,0,0,0,26.93653199240189,-1.335881789643762,1.5194529228238607,-1.2550758385893621,0,0,0,0
2020-11-21,523496257846.75,151699824277.1,65.9898,11.0529,https://api.coinmarketcap.com/data-api/v3/global-metrics/quotes/historical,0,0,0,0,0,26.983795718896687,-1.2755604537192673,1.50178462202979,-1.1630476564602297,0,0,0,0
2020-11-22,541419963033.64,199112219933.01,63.866,11.5291,https://api.coinmarketcap.com/data-api/v3/global-metrics/quotes/historical,0,0,0,0,0,27.01746108643101,-1.2325943125648462,1.2531170459764485,-1.033122307127609,0,0,0,0
2020-11-23,534708757258.93,210916044039.69,63.7842,11.8789,https://api.coinmarketcap.com/data-api/v3/global-metrics/quotes/historical,0,0,0,0,0,27.004988056659126,-1.2485132820297016,1.24353939849497,-0.9376836527879394,0,0,0,0
2020-11-24,554170017481.06,223550795321.44,61.4529,12.4582,https://api.coinmarketcap.com/data-api/v3/global-metrics/quotes/historical,0,0,0,0,0,27.040737367372394,-1.2028874640815226,0.9705764452728428,-0.7796287286628091,0,0,0,0
2020-11-25,576480056951.06,270680997667.14,61.4507,11.8847,https://api.coinmarketcap.com/data-api/v3/global-metrics/quotes/historical,0,0,0,0,0,27.080206582737233,-1.1525140387241133,0.9703188557317759,-0.93610119368225,0,0,0,0
2020-11-26,559593841229.0,226170486858.95,62.1665,11.5955,https://api.coinmarketcap.com/data-api/v3/global-metrics/quotes/historical,0,0,0,0,0,27.050477074010626,-1.1904569563856156,1.0541291255024614,-1.015005878745236,0,0,0,0
2020-11-27,508923217353.29,292856851262.43,62.4431,11.5726,https://api.coinmarketcap.com/data-api/v3/global-metrics/quotes/historical,0,0,0,0,0,26.955562992124392,-1.3115930715849686,1.0865151559838413,-1.02125386383494,0,0,0,0
2020-11-28,510351295856.8,182830808552.67,62.1696,11.51,https://api.coinmarketcap.com/data-api/v3/global-metrics/quotes/historical,0,0,0,0,0,26.958365140945826,-1.3080167695685212,1.0544920925830559,-1.0383335086653096,0,0,0,0
2020-11-29,530913238735.19,155949319705.93,61.9218,11.5153,https://api.coinmarketcap.com/data-api/v3/global-metrics/quotes/historical,0,0,0,0,0,26.99786445262594,-1.257604933148794,1.025478143366548,-1.036887468448042,0,0,0,0
2020-11-30,544589320351.08,146720222075.07,61.918,11.9978,https://api.coinmarketcap.com/data-api/v3/global-metrics/quotes/historical,0,0,0,0,0,27.02329780691498,-1.225145073938906,1.0250332159774331,-0.9052432411213107,0,0,0,0
2020-12-01,584024794487.98,206105822465.9,62.4505,11.968,https://api.coinmarketcap.com/data-api/v3/global-metrics/quotes/historical,0,0,0,0,0,27.09320927518843,-1.1359190760023785,1.0873815935310651,-0.913373806871231,0,0,0,0
2020-12-02,559470038896.67,232949207786.02,62.4886,11.9568,https://api.coinmarketcap.com/data-api/v3/global-metrics/quotes/historical,0,0,0,0,0,27.050255813482014,-1.190739344839998,1.0918425760377195,-0.9164295899718724,0,0,0,0
2020-12-03,571382903267.67,168516882687.43,62.3792,11.9061,https://api.coinmarketcap.com/data-api/v3/global-metrics/quotes/historical,0,0,0,0,0,27.071325405517833,-1.1638488299940188,1.079033350677405,-0.9302624652578105,0,0,0,0
2020-12-04,579480943320.72,142325217110.59,62.2831,12.1008,https://api.coinmarketcap.com/data-api/v3/global-metrics/quotes/historical,0,0,0,0,0,27.085398614493045,-1.1458875977957321,1.0677813711789936,-0.8771409501064853,0,0,0,0
2020-12-05,552420643594.1,149970824460.27,62.9614,11.739,https://api.coinmarketcap.com/data-api/v3/global-metrics/quotes/historical,0,0,0,0,0,27.037575628518436,-1.2069227005230698,1.147200910136043,-0.9758536577682702,0,0,0,0
2020-12-06,568375469439.93,121814229906.07,62.5375,11.9288,https://api.coinmarketcap.com/data-api/v3/global-metrics/quotes/historical,0,0,0,0,0,27.066048075024703,-1.1705841352496396,1.0975680890187014,-0.9240690477234751,0,0,0,0
2020-12-07,573838755753.35,112360169509.2,62.5654,11.9278,https://api.coinmarketcap.com/data-api/v3/global-metrics/quotes/historical,0,0,0,0,0,27.07561428048075,-1.1583750621267148,1.100834792744046,-0.9243418855003185,0,0,0,0
2020-12-08,569021068193.99,112551522266.13,62.6287,11.8351,https://api.coinmarketcap.com/data-api/v3/global-metrics/quotes/historical,0,0,0,0,0,27.067183297090242,-1.169135283949863,1.1082463463574643,-0.9496339474136611,0,0,0,0
2020-12-09,540994202129.59,132721445431.25,62.8883,11.6633,https://api.coinmarketcap.com/data-api/v3/global-metrics/quotes/historical,0,0,0,0,0,27.016674398784616,-1.2335983394011756,1.1386419122033289,-0.996507477475283,0,0,0,0
2020-12-10,550913634569.53,152377667948.67,62.5568,11.8454,https://api.coinmarketcap.com/data-api/v3/global-metrics/quotes/historical,0,0,0,0,0,27.034843890745844,-1.2104091389412572,1.0998278518107862,-0.9468237183121788,0,0,0,0
2020-12-11,540615658936.79,111884632446.85,62.7518,11.7903,https://api.coinmarketcap.com/data-api/v3/global-metrics/quotes/historical,0,0,0,0,0,27.015974436216073,-1.234491681512833,1.1226596520416938,-0.9618570798162261,0,0,0,0
2020-12-12,532039480570.26,121520380485.05,63.0548,11.6742,https://api.coinmarketcap.com/data-api/v3/global-metrics/quotes/historical,0,0,0,0,0,26.999983535132746,-1.2549004090406748,1.158136757015873,-0.9935335457076944,0,0,0,0
2020-12-13,550108027522.3,98004221310.83,63.4622,11.7595,https://api.coinmarketcap.com/data-api/v3/global-metrics/quotes/historical,0,0,0,0,0,27.033380509563194,-1.2122768102920105,1.2058376565752156,-0.9702604833429898,0,0,0,0
2020-12-14,562303659635.7,105342810142.5,63.2269,11.9379,https://api.coinmarketcap.com/data-api/v3/global-metrics/quotes/historical,0,0,0,0,0,27.055307860556486,-1.1842915623377213,1.1782872842965868,-0.9215862239542041,0,0,0,0
2020-12-15,563583183356.43,93387368442.65,63.4374,11.8339,https://api.coinmarketcap.com/data-api/v3/global-metrics/quotes/historical,0,0,0,0,0,27.057580778620224,-1.181390702329006,1.2029339199304636,-0.9499613527458729,0,0,0,0
2020-12-16,566555638559.17,110755182869.07,63.6627,11.8435,https://api.coinmarketcap.com/data-api/v3/global-metrics/quotes/historical,0,0,0,0,0,27.06284112717103,-1.1746770706383687,1.2293134306587896,-0.9473421100881803,0,0,0,0
2020-12-17,617233878970.85,176533957327.63,64.1733,11.738,https://api.coinmarketcap.com/data-api/v3/global-metrics/quotes/historical,0,0,0,0,0,27.148513847326946,-1.0653354398497115,1.289097621417258,-0.9761264955451134,0,0,0,0
2020-12-18,646662647680.5,279395483914.52,65.5085,11.3321,https://api.coinmarketcap.com/data-api/v3/global-metrics/quotes/historical,0,0,0,0,0,27.195090585389302,-1.0058908875198007,1.4454310556137082,-1.0868713491656732,0,0,0,0
2020-12-19,656811291446.32,180713082444.32,65.4007,11.3534,https://api.coinmarketcap.com/data-api/v3/global-metrics/quotes/historical,0,0,0,0,0,27.210662586542092,-0.9860167899355258,1.4328091681014428,-1.081059904518918,0,0,0,0
2020-12-20,672830201076.79,161049166154.15,65.8869,11.1624,https://api.coinmarketcap.com/data-api/v3/global-metrics/quotes/historical,0,0,0,0,0,27.234758833237386,-0.9552634427235513,1.489736456677172,-1.1331719198959247,0,0,0,0
2020-12-21,662256546234.09,166298209339.6,65.9392,10.9955,https://api.coinmarketcap.com/data-api/v3/global-metrics/quotes/historical,0,0,0,0,0,27.218918849887924,-0.9754795582845297,1.4958600625852567,-1.178708544851016,0,0,0,0
2020-12-22,639482098768.53,188291126666.59,66.3766,10.8735,https://api.coinmarketcap.com/data-api/v3/global-metrics/quotes/historical,0,0,0,0,0,27.183924465030163,-1.02014188605736,1.5470735467955075,-1.2119947536258577,0,0,0,0
2020-12-23,659168264910.21,192251530225.7,67.033,10.9742,https://api.coinmarketcap.com/data-api/v3/global-metrics/quotes/historical,0,0,0,0,0,27.214244672559715,-0.9814450764883591,1.623928898957394,-1.1845199894977712,0,0,0,0
2020-12-24,624113054376.15,225585965492.39,69.2394,10.6814,https://api.coinmarketcap.com/data-api/v3/global-metrics/quotes/historical,0,0,0,0,0,27.159597365790145,-1.0511898637382395,1.8822677914162378,-1.2644068905573915,0,0,0,0
2020-12-25,647402293656.33,188251119545.3,68.1597,10.774,https://api.coinmarketcap.com/data-api/v3/global-metrics/quotes/historical,0,0,0,0,0,27.19623372130582,-1.0044319359994371,1.7558498698300276,-1.239142112421733,0,0,0,0
2020-12-26,667349490727.7,185977723498.09,68.6839,10.7037,https://api.coinmarketcap.com/data-api/v3/global-metrics/quotes/historical,0,0,0,0,0,27.226579719740034,-0.9657022102399607,1.8172264322969076,-1.2583226081337935,0,0,0,0
2020-12-27,701188197535.36,188852985196.0,70.0526,10.3386,https://api.coinmarketcap.com/data-api/v3/global-metrics/quotes/historical,0,0,0,0,0,27.276042158042593,-0.9025747216188157,1.9774822526868734,-1.3579356804591605,0,0,0,0
2020-12-28,704185686414.61,261857126362.03,69.4167,11.0673,https://api.coinmarketcap.com/data-api/v3/global-metrics/quotes/historical,0,0,0,0,0,27.280307917437796,-0.8971304554863213,1.9030271667031096,-1.159118792473691,0,0,0,0
2020-12-29,728179385072.71,205319228594.65,69.1401,11.4448,https://api.coinmarketcap.com/data-api/v3/global-metrics/quotes/historical,0,0,0,0,0,27.313813262856524,-0.8543685459595345,1.8706411362217295,-1.0561225317154708,0,0,0,0
2020-12-30,732422027293.74,199301806904.62,69.4398,11.3996,https://api.coinmarketcap.com/data-api/v3/global-metrics/quotes/historical,0,0,0,0,0,27.31962272479115,-0.8469540966368039,1.9057318568843091,-1.0684547992287732,0,0,0,0
2020-12-31,760731060139.62,191906601060.48,70.425,11.2736,https://api.coinmarketcap.com/data-api/v3/global-metrics/quotes/historical,0,0,0,0,0,27.35754572911337,-0.7985540560001753,2.021085136820155,-1.1028323591109868,0,0,0,0
2021-01-01,765312965839.57,167124239672.76,70.4528,11.0002,https://api.coinmarketcap.com/data-api/v3/global-metrics/quotes/historical,0,0,0,0,0,27.363550692784678,-0.7908900934289785,2.024340131929997,-1.177426207299854,0,0,0,0
2021-01-02,772481366071.7,161674914466.97,70.6696,10.7852,https://api.coinmarketcap.com/data-api/v3/global-metrics/quotes/historical,0,0,0,0,0,27.372873723837348,-0.778991376809067,2.0497244103405663,-1.2360863293210917,0,0,0,0
2021-01-03,831050843622.62,232555411727.42,71.798,10.635,https://api.coinmarketcap.com/data-api/v3/global-metrics/quotes/historical,0,0,0,0,0,27.44595681359161,-0.6857175295183302,2.1818444276767512,-1.2770665634029053,0,0,0,0
2021-01-04,876589922892.12,320443594023.47,69.5703,12.7394,https://api.coinmarketcap.com/data-api/v3/global-metrics/quotes/historical,0,0,0,0,0,27.499305129190986,-0.6176306073703248,1.9210116001157624,-0.7029067458145669,0,0,0,0
2021-01-05,869548486452.6,174321177974.47,68.3439,13.649,https://api.coinmarketcap.com/data-api/v3/global-metrics/quotes/historical,0,0,0,0,0,27.491239932788776,-0.6279239857717994,1.7774171395866085,-0.4547335039982049,0,0,0,0
2021-01-06,920624311572.56,141977339323.72,68.7089,13.6515,https://api.coinmarketcap.com/data-api/v3/global-metrics/quotes/historical,0,0,0,0,0,27.548317876380334,-0.555077046594358,1.8201535861726656,-0.4540514095560971,0,0,0,0
2021-01-07,1000232390769.68,164039168270.47,68.5012,13.7656,https://api.coinmarketcap.com/data-api/v3/global-metrics/quotes/historical,0,0,0,0,0,27.631253479699676,-0.4492287193686718,1.795834791772873,-0.422920619218315,0,0,0,0
2021-01-08,1052206214274.87,180029012156.19,69.6016,13.2963,https://api.coinmarketcap.com/data-api/v3/global-metrics/quotes/historical,0,0,0,0,0,27.681910232208256,-0.38457696184696255,1.924676396768211,-0.5509633878907187,0,0,0,0
2021-01-09,1078151392864.04,177851128738.93,70.3697,12.9469,https://api.coinmarketcap.com/data-api/v3/global-metrics/quotes/historical,0,0,0,0,0,27.706269017204157,-0.35348854454639284,2.0146102724469794,-0.6462929071196515,0,0,0,0
2021-01-10,1088240613852.74,143317089479.62,68.8379,13.4529,https://api.coinmarketcap.com/data-api/v3/global-metrics/quotes/historical,0,0,0,0,0,27.715583392349885,-0.34160087521177007,1.8352577001715744,-0.5082369920371105,0,0,0,0
2021-01-11,1047705851913.44,184458707534.94,68.1367,13.7675,https://api.coinmarketcap.com/data-api/v3/global-metrics/quotes/historical,0,0,0,0,0,27.6776239867755,-0.3900473737204853,1.7531568882643314,-0.4224022274423131,0,0,0,0
2021-01-12,957506510510.2,244799025184.36,69.1322,13.0059,https://api.coinmarketcap.com/data-api/v3/global-metrics/quotes/historical,0,0,0,0,0,27.587598357466554,-0.5049444973731615,1.8697161555969894,-0.6301954782859162,0,0,0,0
2021-01-13,919926156837.37,155615242438.11,68.5632,12.9539,https://api.coinmarketcap.com/data-api/v3/global-metrics/quotes/historical,0,0,0,0,0,27.547559239460938,-0.5560452730939058,1.803094133384751,-0.6443830426817503,0,0,0,0
2021-01-14,1007426555868.52,132229001782.59,68.905,12.8109,https://api.coinmarketcap.com/data-api/v3/global-metrics/quotes/historical,0,0,0,0,0,27.638420230709134,-0.440082001003664,1.8431141811741067,-0.6833988447702947,0,0,0,0
2021-01-15,1059027014104.1,132492785124.05,68.831,13.1571,https://api.coinmarketcap.com/data-api/v3/global-metrics/quotes/historical,0,0,0,0,0,27.688371691291493,-0.3763303872996674,1.8344498057018652,-0.5889424064272598,0,0,0,0
2021-01-16,1005282606669.72,149530603908.59,68.0186,13.2956,https://api.coinmarketcap.com/data-api/v3/global-metrics/quotes/historical,0,0,0,0,0,27.63628981857648,-0.4428009847876788,1.7393290133552537,-0.5511543743345089,0,0,0,0
2021-01-17,1012362471103.07,135680686064.59,66.53,13.9412,https://api.coinmarketcap.com/data-api/v3/global-metrics/quotes/historical,0,0,0,0,0,27.643307795691925,-0.4338441422683355,1.5650345629771554,-0.3750103056046898,0,0,0,0
2021-01-18,1007051878926.17,121675774736.41,66.1606,13.9799,https://api.coinmarketcap.com/data-api/v3/global-metrics/quotes/historical,0,0,0,0,0,27.638048246636036,-0.44055675358658564,1.5217829373089644,-0.3644514836408669,0,0,0,0
2021-01-19,1030379574330.94,110191430518.12,66.2562,13.9593,https://api.coinmarketcap.com/data-api/v3/global-metrics/quotes/historical,0,0,0,0,0,27.66094836905163,-0.4113299854201937,1.5329763737298612,-0.37007194184383196,0,0,0,0
2021-01-20,1032869171007.11,142055504111.51,65.1071,15.2803,https://api.coinmarketcap.com/data-api/v3/global-metrics/quotes/historical,0,0,0,0,0,27.663361648487825,-0.408249986225328,1.3984326729845484,-0.009653238634273512,0,0,0,0
2021-01-21,1025653410835.52,152550937127.47,64.5811,15.4345,https://api.coinmarketcap.com/data-api/v3/global-metrics/quotes/historical,0,0,0,0,0,27.656350999404562,-0.4171974761877794,1.3368453554386135,0.03241834655491175,0,0,0,0
2021-01-22,885703222647.15,161255657777.05,64.8111,14.4944,https://api.coinmarketcap.com/data-api/v3/global-metrics/quotes/historical,0,0,0,0,0,27.509647768286605,-0.6044305943053097,1.36377517109558,-0.22407644745516073,0,0,0,0
2021-01-23,949923044916.44,158724977471.27,64.5717,14.8801,https://api.coinmarketcap.com/data-api/v3/global-metrics/quotes/historical,0,0,0,0,0,27.57964681290877,-0.5150928251915673,1.3357447455813287,-0.1188429169268286,0,0,0,0
2021-01-24,936376288463.76,107038040266.94,63.706,15.0298,https://api.coinmarketcap.com/data-api/v3/global-metrics/quotes/historical,0,0,0,0,0,27.56528325022607,-0.5334246274829302,1.2343832611716017,-0.07799910173343674,0,0,0,0
2021-01-25,963889593144.28,113214077395.04,62.3748,16.5296,https://api.coinmarketcap.com/data-api/v3/global-metrics/quotes/historical,0,0,0,0,0,27.594242595064582,-0.4964646478598795,1.078518171595272,0.33120299597564384,0,0,0,0
2021-01-26,952725120616.35,134284000028.15,63.1847,15.8903,https://api.coinmarketcap.com/data-api/v3/global-metrics/quotes/historical,0,0,0,0,0,27.58259226312547,-0.5113336317223434,1.1733462485543082,0.1567778052399358,0,0,0,0
2021-01-27,962965946229.64,132777082522.17,62.9842,16.1089,https://api.coinmarketcap.com/data-api/v3/global-metrics/quotes/historical,0,0,0,0,0,27.593283885948605,-0.49768822075452007,1.1498704744707342,0.21642014325780787,0,0,0,0
2021-01-28,899608105524.53,136309454820.55,62.8927,15.9226,https://api.coinmarketcap.com/data-api/v3/global-metrics/quotes/historical,0,0,0,0,0,27.525225067133857,-0.5845497354258322,1.1391570912854618,0.16559046543196343,0,0,0,0
2021-01-29,981399142368.02,142638847963.5,63.3916,15.5296,https://api.coinmarketcap.com/data-api/v3/global-metrics/quotes/historical,0,0,0,0,0,27.612245086715568,-0.4734885850968945,1.197571374030076,0.05836521913267796,0,0,0,0
2021-01-30,1008115569246.02,237763757633.95,63.2399,15.7046,https://api.coinmarketcap.com/data-api/v3/global-metrics/quotes/historical,0,0,0,0,0,27.639103931035464,-0.4392094139244201,1.1798094043119804,0.10611183008019678,0,0,0,0
2021-01-31,1018463731294.19,153684257076.48,62.6685,15.4778,https://api.coinmarketcap.com/data-api/v3/global-metrics/quotes/historical,0,0,0,0,0,27.649316462056976,-0.4261754540555179,1.11290637532767,0.044232222292212284,0,0,0,0
2021-02-01,990275887106.73,134883270003.64,62.2892,15.2092,https://api.coinmarketcap.com/data-api/v3/global-metrics/quotes/historical,0,0,0,0,0,27.621249415097886,-0.46199661953670873,1.068495596724679,-0.029052004567808765,0,0,0,0
2021-02-02,1006449250810.23,158462046846.98,61.994,15.5938,https://api.coinmarketcap.com/data-api/v3/global-metrics/quotes/historical,0,0,0,0,0,27.63744965930471,-0.4413207133961656,1.0339317637597356,0.07588140440599629,0,0,0,0
2021-02-03,1065615072249.44,151102833655.03,62.045,16.2774,https://api.coinmarketcap.com/data-api/v3/global-metrics/quotes/historical,0,0,0,0,0,27.694573281010733,-0.36841547655386914,1.039903157666281,0.26239330865584815,0,0,0,0
2021-02-04,1132177735792.22,144177129930.67,61.57,16.7886,https://api.coinmarketcap.com/data-api/v3/global-metrics/quotes/historical,0,0,0,0,0,27.75516409380185,-0.29108516336509926,0.9842872340268904,0.4018679801779722,0,0,0,0
2021-02-05,1121071194215.43,171880746244.4,61.3403,16.2912,https://api.coinmarketcap.com/data-api/v3/global-metrics/quotes/historical,0,0,0,0,0,27.745305767560737,-0.3036670618514326,0.9573925442164315,0.266158469976281,0,0,0,0
2021-02-06,1176650523167.46,156414407919.21,60.2552,16.7342,https://api.coinmarketcap.com/data-api/v3/global-metrics/quotes/historical,0,0,0,0,0,27.793692978423817,-0.24191185511286803,0.8303423573930584,0.3870256051177155,0,0,0,0
2021-02-07,1194592738676.8,164318443394.79,61.1832,16.0859,https://api.coinmarketcap.com/data-api/v3/global-metrics/quotes/historical,0,0,0,0,0,27.808826438770424,-0.22259745455733382,0.9389983092611721,0.2101448743904197,0,0,0,0
2021-02-08,1184569745811.79,171306699712.46,61.1644,15.603,https://api.coinmarketcap.com/data-api/v3/global-metrics/quotes/historical,0,0,0,0,0,27.800400740881663,-0.23335093064649062,0.9367970895466027,0.07839151195295155,0,0,0,0
2021-02-09,1356473377047.12,211946253650.01,63.3904,14.7526,https://api.coinmarketcap.com/data-api/v3/global-metrics/quotes/historical,0,0,0,0,0,27.935909342643527,-0.0604051962800805,1.19743087064404,-0.15362973347430717,0,0,0,0
2021-02-10,1384154619947.43,208763683230.2,62.5384,14.636,https://api.coinmarketcap.com/data-api/v3/global-metrics/quotes/historical,0,0,0,0,0,27.95611068649905,-0.0346228016360759,1.0976734665582288,-0.18544261825419706,0,0,0,0
2021-02-11,1370856155170.38,226885051713.53,61.0014,14.5752,https://api.coinmarketcap.com/data-api/v3/global-metrics/quotes/historical,0,0,0,0,0,27.946456591361954,-0.04694404583326759,0.9177120462766641,-0.20203115508624903,0,0,0,0
2021-02-12,1445387833199.8,196533919942.38,61.6307,14.1325,https://api.coinmarketcap.com/data-api/v3/global-metrics/quotes/historical,0,0,0,0,0,27.99939879815906,0.02062457132060381,0.991394363637229,-0.3228164388946303,0,0,0,0
2021-02-13,1471565274739.58,199354538960.94,60.1672,14.3662,https://api.coinmarketcap.com/data-api/v3/global-metrics/quotes/historical,0,0,0,0,0,28.01734776295623,0.043532319298246615,0.8200387757503923,-0.2590542504464294,0,0,0,0
2021-02-14,1472225150017.07,207685526841.64,59.5947,14.1296,https://api.coinmarketcap.com/data-api/v3/global-metrics/quotes/historical,0,0,0,0,0,28.017796079713424,0.04410449309233409,0.7530069519955485,-0.323607668447475,0,0,0,0
2021-02-15,1489533291681.0,189560253079.69,60.9341,13.9017,https://api.coinmarketcap.com/data-api/v3/global-metrics/quotes/historical,0,0,0,0,0,28.02948395976034,0.059021398525783225,0.9098321480431257,-0.38578739778998705,0,0,0,0
2021-02-16,1464258536313.8,216272304969.28,61.0149,13.924,https://api.coinmarketcap.com/data-api/v3/global-metrics/quotes/historical,0,0,0,0,0,28.012370111719218,0.037179486065431436,0.9192927093695732,-0.379703115366389,0,0,0,0
2021-02-17,1490946011412.48,188285633185.66,61.5149,13.7089,https://api.coinmarketcap.com/data-api/v3/global-metrics/quotes/historical,0,0,0,0,0,28.030431941405986,0.06023128025830996,0.9778357868847208,-0.43839052116531096,0,0,0,0
2021-02-18,1571730150472.86,191801867278.34,61.8264,13.4713,https://api.coinmarketcap.com/data-api/v3/global-metrics/quotes/historical,0,0,0,0,0,28.083198135195754,0.12757525706893982,1.014308124176658,-0.5032167769431999,0,0,0,0
2021-02-19,1587960801799.29,138297572149.71,60.654,14.0058,https://api.coinmarketcap.com/data-api/v3/global-metrics/quotes/historical,0,0,0,0,0,28.093471794443353,0.14068723313617595,0.8770363160191403,-0.35738498522063405,0,0,0,0
2021-02-20,1706551988686.55,166915431853.1,60.9757,13.1823,https://api.coinmarketcap.com/data-api/v3/global-metrics/quotes/historical,0,0,0,0,0,28.165496069925254,0.2326097461978645,0.9147029320923863,-0.5820668944508172,0,0,0,0
2021-02-21,1699848120501.44,192679832452.38,61.5163,12.9659,https://api.coinmarketcap.com/data-api/v3/global-metrics/quotes/historical,0,0,0,0,0,28.161560022118078,0.22758628149036433,0.9779997075017637,-0.6411089893596351,0,0,0,0
2021-02-22,1744111720940.62,145089923751.24,61.4551,12.7395,https://api.coinmarketcap.com/data-api/v3/global-metrics/quotes/historical,0,0,0,0,0,28.187266499535944,0.26039471990093377,0.9708340348139096,-0.7028794620368827,0,0,0,0
2021-02-23,1647603133821.13,232632635406.34,61.3438,12.4133,https://api.coinmarketcap.com/data-api/v3/global-metrics/quotes/historical,0,0,0,0,0,28.130342701558682,0.1877445123413909,0.9578023457590378,-0.7918791448430582,0,0,0,0
2021-02-24,1467056625531.13,261706706377.61,61.8556,12.2295,https://api.coinmarketcap.com/data-api/v3/global-metrics/quotes/historical,0,0,0,0,0,28.014279213888507,0.03961601830290882,1.017727039903543,-0.8420267282267954,0,0,0,0
2021-02-25,1510602884475.79,171777263157.76,61.2704,12.3395,https://api.coinmarketcap.com/data-api/v3/global-metrics/quotes/historical,0,0,0,0,0,28.043529948314067,0.07694789008235016,0.9492082219798141,-0.8120145727740693,0,0,0,0
2021-02-26,1430592091566.2,142819282110.83,61.6063,11.8802,https://api.coinmarketcap.com/data-api/v3/global-metrics/quotes/historical,0,0,0,0,0,27.98910952455159,0.007492667094568796,0.9885374614544898,-0.9373289636780434,0,0,0,0
2021-02-27,1408473597631.53,455253020446.06,61.2638,11.7733,https://api.coinmarketcap.com/data-api/v3/global-metrics/quotes/historical,0,0,0,0,0,27.97352767906161,-0.012393994534367308,0.9484354533566144,-0.9664953220225564,0,0,0,0
2021-02-28,1421511102160.5,128030108281.81,60.6459,11.8177,https://api.coinmarketcap.com/data-api/v3/global-metrics/quotes/historical,0,0,0,0,0,27.98274157817967,-0.0006345598665143234,0.8760879181633942,-0.9543813247307288,0,0,0,0
2021-03-01,1380689031695.14,140673015102.24,60.9004,11.7711,https://api.coinmarketcap.com/data-api/v3/global-metrics/quotes/historical,0,0,0,0,0,27.95360378881954,-0.03782228310461157,0.9058863446186044,-0.967095565131611,0,0,0,0
2021-03-02,1515177964309.47,129331510686.43,61.0605,11.8634,https://api.coinmarketcap.com/data-api/v3/global-metrics/quotes/historical,0,0,0,0,0,28.046554016182103,0.0808074210007676,0.9246318380389547,-0.9419126383290052,0,0,0,0
2021-03-03,1479787789839.6,124739563455.68,60.9434,11.5844,https://api.coinmarketcap.com/data-api/v3/global-metrics/quotes/historical,0,0,0,0,0,28.02291980818041,0.05064376049599644,0.910921049284907,-1.0180343780681929,0,0,0,0
2021-03-04,1543748682020.24,129121018461.24,61.0884,11.7428,https://api.coinmarketcap.com/data-api/v3/global-metrics/quotes/historical,0,0,0,0,0,28.06523478357026,0.10464914759573823,0.9278985417643002,-0.9748168742162668,0,0,0,0
2021-03-05,1492279202668.93,137051382398.95,60.6724,11.8701,https://api.coinmarketcap.com/data-api/v3/global-metrics/quotes/historical,0,0,0,0,0,28.03132573335901,0.0613720012433764,0.8791907012716977,-0.9400846252241573,0,0,0,0
2021-03-06,1502552865324.52,118697130190.25,60.7347,11.7271,https://api.coinmarketcap.com/data-api/v3/global-metrics/quotes/historical,0,0,0,0,0,28.038186687644966,0.0701284400377494,0.8864851687300843,-0.9791004273127016,0,0,0,0
2021-03-07,1518551847557.71,93176734777.41,60.0835,12.5427,https://api.coinmarketcap.com/data-api/v3/global-metrics/quotes/historical,0,0,0,0,0,28.048778264779326,0.08364616556796611,0.8102386645743564,-0.7565739365195783,0,0,0,0
2021-03-08,1585196572691.68,103042841496.9,60.3591,12.5226,https://api.coinmarketcap.com/data-api/v3/global-metrics/quotes/historical,0,0,0,0,0,28.091729536193537,0.138463638998588,0.8425076089007055,-0.7620579758341217,0,0,0,0
2021-03-09,1623367549044.83,123853327399.99,60.0369,12.9956,https://api.coinmarketcap.com/data-api/v3/global-metrics/quotes/historical,0,0,0,0,0,28.115523841573157,0.16883162718614877,0.804782449749945,-0.6330057073873989,0,0,0,0
2021-03-10,1704294520581.81,133751159450.26,59.9459,12.5932,https://api.coinmarketcap.com/data-api/v3/global-metrics/quotes/historical,0,0,0,0,0,28.164172370117463,0.23092034617186855,0.794127609642188,-0.7427956287890086,0,0,0,0
2021-03-11,1708422615326.76,134140394089.13,61.1765,12.1233,https://api.coinmarketcap.com/data-api/v3/global-metrics/quotes/historical,0,0,0,0,0,28.166591613549564,0.23400795704332505,0.9382138320224689,-0.8710021001275182,0,0,0,0
2021-03-12,1751033647877.46,131978421610.65,61.5417,11.9855,https://api.coinmarketcap.com/data-api/v3/global-metrics/quotes/historical,0,0,0,0,0,28.191227385425393,0.26544988473907444,0.9809736958395329,-0.9085991457764792,0,0,0,0
2021-03-13,1728235544521.7,139845647304.46,61.8837,11.7874,https://api.coinmarketcap.com/data-api/v3/global-metrics/quotes/historical,0,0,0,0,0,28.178122087508076,0.248723969609465,1.0210171608598937,-0.9626483093690709,0,0,0,0
2021-03-14,1841094129185.99,148672539842.08,62.059,12.0273,https://api.coinmarketcap.com/data-api/v3/global-metrics/quotes/historical,0,0,0,0,0,28.24138114625102,0.3294596884301223,1.0415423638367045,-0.8971945267044431,0,0,0,0
2021-03-15,1789792456499.14,117865928232.09,61.9431,11.9615,https://api.coinmarketcap.com/data-api/v3/global-metrics/quotes/historical,0,0,0,0,0,28.213120782969078,0.29339179888134004,1.0279720784686937,-0.9151472524207106,0,0,0,0
2021-03-16,1707276189268.97,153414047450.51,61.0555,12.0653,https://api.coinmarketcap.com/data-api/v3/global-metrics/quotes/historical,0,0,0,0,0,28.165920344701565,0.23315123590263737,0.9240464072638037,-0.8868266911844103,0,0,0,0
2021-03-17,1738831316438.59,143465062404.9,60.7882,11.928,https://api.coinmarketcap.com/data-api/v3/global-metrics/quotes/historical,0,0,0,0,0,28.184234346273023,0.25652486982537154,0.8927492780242059,-0.9242873179449494,0,0,0,0
2021-03-18,1801671789498.99,140430860674.19,60.9259,11.6385,https://api.coinmarketcap.com/data-api/v3/global-metrics/quotes/historical,0,0,0,0,0,28.219736121732762,0.30183476564280404,0.9088720415718771,-1.0032738543409883,0,0,0,0
2021-03-19,1771215330271.86,129645807572.16,60.9504,11.5851,https://api.coinmarketcap.com/data-api/v3/global-metrics/quotes/historical,0,0,0,0,0,28.202687054165867,0.2800755306401378,0.9117406523701197,-1.0178433916244027,0,0,0,0
2021-03-20,1800100265836.79,117543420876.99,60.4699,11.6196,https://api.coinmarketcap.com/data-api/v3/global-metrics/quotes/historical,0,0,0,0,0,28.21886348252196,0.3007210412947799,0.8554807548780629,-1.0084304883233204,0,0,0,0
2021-03-21,1797970179884.56,120482799718.51,60.5572,11.6167,https://api.coinmarketcap.com/data-api/v3/global-metrics/quotes/historical,0,0,0,0,0,28.217679466681687,0.299209915902479,0.8657023762122075,-1.009221717876165,0,0,0,0
2021-03-22,1781647327529.74,113914702301.46,60.2432,11.5562,https://api.coinmarketcap.com/data-api/v3/global-metrics/quotes/historical,0,0,0,0,0,28.208559517158278,0.2875703864024815,0.8289373235326948,-1.0257284033751646,0,0,0,0
2021-03-23,1701640874999.6,127708449642.38,59.8264,11.4484,https://api.coinmarketcap.com/data-api/v3/global-metrics/quotes/historical,0,0,0,0,0,28.162614122052858,0.2289315989458314,0.7801358141160675,-1.0551403157188366,0,0,0,0
2021-03-24,1707727162944.86,129923304356.64,59.8703,11.3303,https://api.coinmarketcap.com/data-api/v3/global-metrics/quotes/historical,0,0,0,0,0,28.166184457870425,0.23348831595032835,0.7852758963218974,-1.0873624571639908,0,0,0,0
2021-03-25,1634570685516.3,146466168744.48,60.274,11.2315,https://api.coinmarketcap.com/data-api/v3/global-metrics/quotes/historical,0,0,0,0,0,28.122401308132343,0.1776091401203386,0.8325435771076277,-1.1143188295160755,0,0,0,0
2021-03-26,1623529674149.42,142683958716.3,59.4432,11.3191,https://api.coinmarketcap.com/data-api/v3/global-metrics/quotes/historical,0,0,0,0,0,28.115623706209195,0.16895908155134964,0.735268399508458,-1.0904182402646319,0,0,0,0
2021-03-27,1734484004138.44,122050569883.64,59.3271,11.3102,https://api.coinmarketcap.com/data-api/v3/global-metrics/quotes/historical,0,0,0,0,0,28.181731081139255,0.2533300244705786,0.7216746969094412,-1.0928464964785343,0,0,0,0
2021-03-28,1755880628770.7,109051738578.35,59.5427,11.2707,https://api.coinmarketcap.com/data-api/v3/global-metrics/quotes/historical,0,0,0,0,0,28.193991629770828,0.2689778103620519,0.7469184719339731,-1.1036235886638315,0,0,0,0
2021-03-29,1758110718730.48,104824838770.7,59.424,11.0899,https://api.coinmarketcap.com/data-api/v3/global-metrics/quotes/historical,0,0,0,0,0,28.19526089314608,0.2705977347335192,0.7330203453318765,-1.1529526587170398,0,0,0,0
2021-03-30,1825801906631.66,127188399468.76,59.0507,11.4907,https://api.coinmarketcap.com/data-api/v3/global-metrics/quotes/historical,0,0,0,0,0,28.23304040734876,0.3188146430540019,0.6893120836590673,-1.0435992777583787,0,0,0,0
2021-03-31,1863981199793.12,125685877328.63,59.0175,11.4185,https://api.coinmarketcap.com/data-api/v3/global-metrics/quotes/historical,0,0,0,0,0,28.253735746193186,0.3452275093065876,0.6854248233120613,-1.063298165246441,0,0,0,0
2021-04-01,1879792110128.97,163117996908.1,58.5257,11.7638,https://api.coinmarketcap.com/data-api/v3/global-metrics/quotes/historical,0,0,0,0,0,28.262182306937387,0.3560076120586136,0.6278418522681624,-0.9690872809025648,0,0,0,0
2021-04-02,1903824109713.87,163676633225.68,57.9703,11.9775,https://api.coinmarketcap.com/data-api/v3/global-metrics/quotes/historical,0,0,0,0,0,28.27488566867853,0.37222054759686724,0.5628122017643366,-0.9107818479912231,0,0,0,0
2021-04-03,1948275550271.01,161115894959.99,56.9111,12.6812,https://api.coinmarketcap.com/data-api/v3/global-metrics/quotes/historical,0,0,0,0,0,28.297965764056567,0.4016770100834056,0.4387945463562472,-0.7187859044268273,0,0,0,0
2021-04-04,1882423093695.86,162198933895.23,57.159,12.4308,https://api.coinmarketcap.com/data-api/v3/global-metrics/quotes/historical,0,0,0,0,0,28.26358094250353,0.35779265043959246,0.4678202041882576,-0.7871044837483063,0,0,0,0
2021-04-05,1949002578558.65,145257022241.68,56.2923,12.3867,https://api.coinmarketcap.com/data-api/v3/global-metrics/quotes/historical,0,0,0,0,0,28.298338859469336,0.40215318103721315,0.3663416336235004,-0.7991366297070812,0,0,0,0
2021-04-06,1976828143329.49,192034307844.73,55.7368,12.2894,https://api.coinmarketcap.com/data-api/v3/global-metrics/quotes/historical,0,0,0,0,0,28.31251472833123,0.420245435098772,0.30130027450417196,-0.8256837453939015,0,0,0,0
2021-04-07,1984148829242.77,211536479485.84,54.8009,12.3223,https://api.coinmarketcap.com/data-api/v3/global-metrics/quotes/historical,0,0,0,0,0,28.316211136717065,0.42496305489924663,0.19171934201131813,-0.816707382535768,0,0,0,0
2021-04-08,1881979289294.0,219869853167.62,55.7265,12.0986,https://api.coinmarketcap.com/data-api/v3/global-metrics/quotes/historical,0,0,0,0,0,28.263345152405254,0.3574917183129779,0.3000942871073598,-0.8777411932155398,0,0,0,0
2021-04-09,1977830891895.14,142953119956.45,55.0741,12.1876,https://api.coinmarketcap.com/data-api/v3/global-metrics/quotes/historical,0,0,0,0,0,28.313021850982366,0.4208926611654147,0.22370727956559514,-0.8534586310765158,0,0,0,0
2021-04-10,1980748568310.93,122484326765.29,54.9262,12.0731,https://api.coinmarketcap.com/data-api/v3/global-metrics/quotes/historical,0,0,0,0,0,28.31449595399,0.4227740164732872,0.20639023723661445,-0.8846985565250353,0,0,0,0
2021-04-11,2045405684064.1,158640312340.03,54.6103,12.0566,https://api.coinmarketcap.com/data-api/v3/global-metrics/quotes/historical,0,0,0,0,0,28.34661726426435,0.46376952171782554,0.16940272086254426,-0.8892003798429443,0,0,0,0
2021-04-12,2072661874926.67,142581800513.52,54.2631,12.0153,https://api.coinmarketcap.com/data-api/v3/global-metrics/quotes/historical,0,0,0,0,0,28.359854827022346,0.4806642426627472,0.12875040783602562,-0.9004685800265588,0,0,0,0
2021-04-13,2080396210743.75,151460437918.49,53.794,11.878,https://api.coinmarketcap.com/data-api/v3/global-metrics/quotes/historical,0,0,0,0,0,28.36357947743613,0.48541790695191117,0.07382529251131356,-0.937929206787098,0,0,0,0
2021-04-14,2197811709903.58,193839805893.63,54.0325,12.0946,https://api.coinmarketcap.com/data-api/v3/global-metrics/quotes/historical,0,0,0,0,0,28.4184833039565,0.55549008298822,0.10175034048603923,-0.8788325443229116,0,0,0,0
2021-04-15,2217887624034.03,235242383393.08,53.0721,12.6606,https://api.coinmarketcap.com/data-api/v3/global-metrics/quotes/historical,0,0,0,0,0,28.427576338124148,0.5670952611931167,-0.0106992028050564,-0.7244063626297924,0,0,0,0
2021-04-16,2259233680547.6,188963558142.96,52.3264,12.8665,https://api.coinmarketcap.com/data-api/v3/global-metrics/quotes/historical,0,0,0,0,0,28.446046792308607,0.5906685710899021,-0.09801034861114756,-0.6682290643778257,0,0,0,0
2021-04-17,2237628557667.6,308040023462.59,51.451,12.5584,https://api.coinmarketcap.com/data-api/v3/global-metrics/quotes/historical,0,0,0,0,0,28.43643774138572,0.578404815528884,-0.200507568724668,-0.7522903834231436,0,0,0,0
2021-04-18,2198602921303.39,239650692830.02,51.6228,12.3422,https://api.coinmarketcap.com/data-api/v3/global-metrics/quotes/historical,0,0,0,0,0,28.418843238801013,0.5559494574869546,-0.18039216729046353,-0.8112779107765931,0,0,0,0
2021-04-19,2049504342804.95,300690499650.8,51.2376,12.6002,https://api.coinmarketcap.com/data-api/v3/global-metrics/quotes/historical,0,0,0,0,0,28.348619095846818,0.46632440184061147,-0.225493754208133,-0.740885764351108,0,0,0,0
2021-04-20,2013020032223.88,225776133997.89,51.699,12.4189,https://api.coinmarketcap.com/data-api/v3/global-metrics/quotes/historical,0,0,0,0,0,28.330657213964347,0.4434001681581939,-0.171470202277155,-0.7903512532927374,0,0,0,0
2021-04-21,2068523587315.62,229497301644.32,50.9968,13.0104,https://api.coinmarketcap.com/data-api/v3/global-metrics/quotes/historical,0,0,0,0,0,28.357856225884444,0.4781134854635288,-0.2536881003394281,-0.6289677082901227,0,0,0,0
2021-04-22,1994278314257.17,179642303211.82,50.4943,13.6825,https://api.coinmarketcap.com/data-api/v3/global-metrics/quotes/historical,0,0,0,0,0,28.321303353584543,0.43146210495399284,-0.3125238932421513,-0.4455934384739655,0,0,0,0
2021-04-23,1916829750697.46,226959790955.32,50.4688,14.4998,https://api.coinmarketcap.com/data-api/v3/global-metrics/quotes/historical,0,0,0,0,0,28.28169376577039,0.38090952627335906,-0.3155095901954239,-0.22260312346020875,0,0,0,0
2021-04-24,1896561955270.02,267844058775.64,50.3437,14.4176,https://api.coinmarketcap.com/data-api/v3/global-metrics/quotes/historical,0,0,0,0,0,28.271063865756915,0.36734289035379597,-0.33015706818971424,-0.24503038871670063,0,0,0,0
2021-04-25,1826281250070.77,143290977318.89,51.2053,13.997,https://api.coinmarketcap.com/data-api/v3/global-metrics/quotes/historical,0,0,0,0,0,28.23330291147109,0.31914966952184326,-0.22927563701561146,-0.3597859576568524,0,0,0,0
2021-04-26,1824757624647.65,127311587950.35,50.2333,14.6664,https://api.coinmarketcap.com/data-api/v3/global-metrics/quotes/historical,0,0,0,0,0,28.23246828573094,0.3180844606740307,-0.3430833797050587,-0.17714834983817082,0,0,0,0
2021-04-27,2019390396279.5,160865425588.5,50.0009,14.5083,https://api.coinmarketcap.com/data-api/v3/global-metrics/quotes/historical,0,0,0,0,0,28.33381679777565,0.44743265418072975,-0.37029420213409914,-0.2202840023570436,0,0,0,0
2021-04-28,2085563671994.19,145098174112.29,49.2961,14.7411,https://api.coinmarketcap.com/data-api/v3/global-metrics/quotes/historical,0,0,0,0,0,28.36606028092253,0.4885840851516397,-0.4528165241994511,-0.15676736790800125,0,0,0,0
2021-04-29,2094349280175.74,151727679331.87,48.9268,15.1653,https://api.coinmarketcap.com/data-api/v3/global-metrics/quotes/historical,0,0,0,0,0,28.370264014933213,0.4939491900682736,-0.4960564412521395,-0.0410295829712147,0,0,0,0
2021-04-30,2076747433317.0,136793042461.92,48.2182,15.3568,https://api.coinmarketcap.com/data-api/v3/global-metrics/quotes/historical,0,0,0,0,0,28.3618240517515,0.48317750759566075,-0.5790236907066064,0.011218851294213236,0,0,0,0
2021-05-01,2202189769327.3,144779478387.96,49.0324,14.5665,https://api.coinmarketcap.com/data-api/v3/global-metrics/quotes/historical,0,0,0,0,0,28.420473330954998,0.5580298972597093,-0.48369214328094,-0.20440484374478313,0,0,0,0
2021-05-02,2244084268334.95,133721460219.21,48.1702,15.186,https://api.coinmarketcap.com/data-api/v3/global-metrics/quotes/historical,0,0,0,0,0,28.439318655617846,0.5820816435755435,-0.5846438261480608,-0.03538184099056537,0,0,0,0
2021-05-03,2213766969074.5,125314942137.82,47.8168,15.4294,https://api.coinmarketcap.com/data-api/v3/global-metrics/quotes/historical,0,0,0,0,0,28.425716691321586,0.5647218474190131,-0.6260220733357672,0.03102687389301247,0,0,0,0
2021-05-04,2312368990373.25,167204217435.2,46.258,17.1583,https://api.coinmarketcap.com/data-api/v3/global-metrics/quotes/historical,0,0,0,0,0,28.469293651916594,0.62033786997088,-0.8085359717969913,0.5027361062768173,0,0,0,0
2021-05-05,2177702251591.46,252866697686.89,45.7342,17.2141,https://api.coinmarketcap.com/data-api/v3/global-metrics/quotes/historical,0,0,0,0,0,28.409291423835747,0.5437587505338771,-0.8698656998018602,0.5179604542246542,0,0,0,0
2021-05-06,2386883839277.0,265435714688.67,44.9585,17.075,https://api.coinmarketcap.com/data-api/v3/global-metrics/quotes/historical,0,0,0,0,0,28.501009798203754,0.6608162760616219,-0.9606894302588603,0.4800087194657979,0,0,0,0
2021-05-07,2371260683957.56,284705205267.1,44.4769,17.0354,https://api.coinmarketcap.com/data-api/v3/global-metrics/quotes/historical,0,0,0,0,0,28.49444286380807,0.6524350864040594,-1.0170781225214507,0.46920434350281637,0,0,0,0
2021-05-08,2379475419702.69,267518828381.27,45.0737,16.9544,https://api.coinmarketcap.com/data-api/v3/global-metrics/quotes/historical,0,0,0,0,0,28.497901167428036,0.6568488199341856,-0.9472011051993702,0.4471044835785362,0,0,0,0
2021-05-09,2463506402007.01,218839699630.8,44.6338,18.3501,https://api.coinmarketcap.com/data-api/v3/global-metrics/quotes/historical,0,0,0,0,0,28.532606817671525,0.7011426440160828,-0.9987073047971973,0.8279041687182648,0,0,0,0
2021-05-10,2456518166904.53,243951910748.73,44.3289,18.5082,https://api.coinmarketcap.com/data-api/v3/global-metrics/quotes/historical,0,0,0,0,0,28.52976608397028,0.6975170972263335,-1.0344068734659346,0.8710398212371371,0,0,0,0
2021-05-11,2354289970693.0,269499409229.87,44.3493,19.4209,https://api.coinmarketcap.com/data-api/v3/global-metrics/quotes/historical,0,0,0,0,0,28.487260299292913,0.6432681857161521,-1.0320183159033165,1.1200588601617127,0,0,0,0
2021-05-12,2502801521503.85,237260535325.89,42.3958,19.308,https://api.coinmarketcap.com/data-api/v3/global-metrics/quotes/historical,0,0,0,0,0,28.548431828991102,0.7213396512055658,-1.260746119754998,1.0892554751561419,0,0,0,0
2021-05-13,2210077001195.96,252883647394.69,42.1965,20.1111,https://api.coinmarketcap.com/data-api/v3/global-metrics/quotes/historical,0,0,0,0,0,28.424048473021355,0.5625927483414205,-1.284081390452536,1.3083714937387283,0,0,0,0
2021-05-14,2237244955780.75,320296984198.08,41.5677,19.2811,https://api.coinmarketcap.com/data-api/v3/global-metrics/quotes/historical,0,0,0,0,0,28.436266294355256,0.5781860026107146,-1.3577051647355856,1.0819161389590657,0,0,0,0
2021-05-15,2335084960875.95,210942290777.58,39.9721,20.2345,https://api.coinmarketcap.com/data-api/v3/global-metrics/quotes/historical,0,0,0,0,0,28.479069392201573,0.6328143663746447,-1.5445278337019255,1.3420396754011503,0,0,0,0
2021-05-16,2177512723943.98,212358673843.02,40.2005,19.4073,https://api.coinmarketcap.com/data-api/v3/global-metrics/quotes/historical,0,0,0,0,0,28.409204389028663,0.5436476705106839,-1.517785355893006,1.1163482663966482,0,0,0,0
2021-05-17,2169168079472.59,210568489198.43,40.0596,19.1486,https://api.coinmarketcap.com/data-api/v3/global-metrics/quotes/historical,0,0,0,0,0,28.40536483645957,0.5387473599025994,-1.534282795136774,1.0457651335273725,0,0,0,0
2021-05-18,2021563048922.92,231016632418.07,40.2289,18.7789,https://api.coinmarketcap.com/data-api/v3/global-metrics/quotes/historical,0,0,0,0,0,28.334892114718663,0.4488050502940979,-1.5144601090901448,0.9448970074285284,0,0,0,0
2021-05-19,2047589623111.84,187401765676.43,39.2584,19.1569,https://api.coinmarketcap.com/data-api/v3/global-metrics/quotes/historical,0,0,0,0,0,28.347684423687266,0.465131506622715,-1.6280922225470467,1.0480296870751697,0,0,0,0
2021-05-20,1586428418885.85,375723146159.7,43.7153,18.0457,https://api.coinmarketcap.com/data-api/v3/global-metrics/quotes/historical,0,0,0,0,0,28.09250632806482,0.13945503614151877,-1.1062509381925236,0.7448523494472655,0,0,0,0
2021-05-21,1787816617243.12,277060349562.83,42.5661,18.0132,https://api.coinmarketcap.com/data-api/v3/global-metrics/quotes/historical,0,0,0,0,0,28.212016224356788,0.29198208246577984,-1.240806347553339,0.7359851216998694,0,0,0,0
2021-05-22,1597425646826.4,235966802078.69,43.6864,17.6198,https://api.coinmarketcap.com/data-api/v3/global-metrics/quotes/historical,0,0,0,0,0,28.09941447865727,0.14827171022560565,-1.1096347280728993,0.6286507402898466,0,0,0,0
2021-05-23,1552307006310.07,170375303170.08,45.2667,17.1615,https://api.coinmarketcap.com/data-api/v3/global-metrics/quotes/historical,0,0,0,0,0,28.070763331471213,0.11170507440981728,-0.9246034772785234,0.5036091871627147,0,0,0,0
2021-05-24,1418495270201.05,228287891301.26,45.907,17.2594,https://api.coinmarketcap.com/data-api/v3/global-metrics/quotes/historical,0,0,0,0,0,27.980617756823207,-0.0033451320322727416,-0.8496332122126258,0.5303200055156408,0,0,0,0
2021-05-25,1661357595908.09,210578671955.14,43.5643,18.4381,https://api.coinmarketcap.com/data-api/v3/global-metrics/quotes/historical,0,0,0,0,0,28.138656212917496,0.1983548079862409,-1.1239309476020978,0.8519138930804451,0,0,0,0
2021-05-26,1658843816739.54,185853784915.43,43.2494,18.8928,https://api.coinmarketcap.com/data-api/v3/global-metrics/quotes/historical,0,0,0,0,0,28.137141979690984,0.1964222356332225,-1.1608013778211381,0.9759732302109426,0,0,0,0
2021-05-27,1751087019178.69,163148538731.82,42.0176,19.1122,https://api.coinmarketcap.com/data-api/v3/global-metrics/quotes/historical,0,0,0,0,0,28.191257864844182,0.2654887847453996,-1.3050281035874558,1.0358338384502894,0,0,0,0
2021-05-28,1691490891974.8,135805800862.11,42.561,18.7954,https://api.coinmarketcap.com/data-api/v3/global-metrics/quotes/historical,0,0,0,0,0,28.15663144056787,0.22129607448872196,-1.2414034869439936,0.9493988307464376,0,0,0,0
2021-05-29,1550715146762.87,158527175700.59,43.0715,18.1036,https://api.coinmarketcap.com/data-api/v3/global-metrics/quotes/historical,0,0,0,0,0,28.069737325462672,0.11039561242508468,-1.1816310048010277,0.7606496567264733,0,0,0,0
2021-05-30,1484497152534.16,127657075061.5,43.6175,17.8072,https://api.coinmarketcap.com/data-api/v3/global-metrics/quotes/historical,0,0,0,0,0,28.026097213017135,0.05469899098115918,-1.1177019641544865,0.6797805396702185,0,0,0,0
2021-05-31,1543725890384.16,102993035350.77,43.2404,17.9633,https://api.coinmarketcap.com/data-api/v3/global-metrics/quotes/historical,0,0,0,0,0,28.065220019635827,0.10463030481048588,-1.1618551532164108,0.7223705166354052,0,0,0,0
2021-06-01,1659100453454.15,119138090762.6,42.1135,18.9459,https://api.coinmarketcap.com/data-api/v3/global-metrics/quotes/historical,0,0,0,0,0,28.137296675909017,0.1966196699708478,-1.2937995413200505,0.9904609161613043,0,0,0,0
2021-06-02,1635922584515.64,112534285923.18,41.9713,18.6765,https://api.coinmarketcap.com/data-api/v3/global-metrics/quotes/historical,0,0,0,0,0,28.123228033011262,0.17866426532600624,-1.3104491925653587,0.9169584190798089,0,0,0,0
2021-06-03,1693469168939.95,111189461700.3,41.5796,18.5792,https://api.coinmarketcap.com/data-api/v3/global-metrics/quotes/historical,0,0,0,0,0,28.157800303511472,0.2227878606744431,-1.3563118394907254,0.8904113033929881,0,0,0,0
2021-06-04,1767339896058.76,112999898117.23,41.5235,18.76,https://api.coinmarketcap.com/data-api/v3/global-metrics/quotes/historical,0,0,0,0,0,28.200496648469354,0.2772799787945833,-1.362880372787925,0.9397403734461968,0,0,0,0
2021-06-05,1660961801310.91,129514217618.62,41.6159,18.8108,https://api.coinmarketcap.com/data-api/v3/global-metrics/quotes/historical,0,0,0,0,0,28.13841794889063,0.19805071845566044,-1.3520616120631253,0.9536005325098191,0,0,0,0
2021-06-06,1612808480193.27,103981945713.85,41.2765,18.9301,https://api.coinmarketcap.com/data-api/v3/global-metrics/quotes/historical,0,0,0,0,0,28.10899817286598,0.1605031037409885,-1.3918006530804081,0.9861500792871848,0,0,0,0
2021-06-07,1636932562394.85,78104697076.19,41.0008,19.2519,https://api.coinmarketcap.com/data-api/v3/global-metrics/quotes/historical,0,0,0,0,0,28.123845217619767,0.17945196030602714,-1.4240813060222606,1.0739492758752514,0,0,0,0
2021-06-08,1533003950260.85,98361534914.85,41.0136,19.6462,https://api.coinmarketcap.com/data-api/v3/global-metrics/quotes/historical,0,0,0,0,0,28.05825029263216,0.09573504252225859,-1.422582603237873,1.1815292112844331,0,0,0,0
2021-06-09,1522153846982.68,136894406682.96,41.1667,19.2061,https://api.coinmarketcap.com/data-api/v3/global-metrics/quotes/historical,0,0,0,0,0,28.051147452376988,0.08666989161636453,-1.4046567129027345,1.0614533056958435,0,0,0,0
2021-06-10,1630806890792.87,129462236711.36,42.8766,18.5877,https://api.coinmarketcap.com/data-api/v3/global-metrics/quotes/historical,0,0,0,0,0,28.12009603328905,0.17466698408370548,-1.2044510964164319,0.8927304244961537,0,0,0,0
2021-06-11,1578378270924.34,103511580627.46,43.5877,18.2058,https://api.coinmarketcap.com/data-api/v3/global-metrics/quotes/historical,0,0,0,0,0,28.087419025039747,0.13296225748262447,-1.1211911315743894,0.7885336775198244,0,0,0,0
2021-06-12,1551277554865.42,91340482256.6,45.0222,17.6259,https://api.coinmarketcap.com/data-api/v3/global-metrics/quotes/historical,0,0,0,0,0,28.07009993631499,0.1108584022356786,-0.9532310421834309,0.6303150507285886,0,0,0,0
2021-06-13,1517151283644.55,89266077914.49,43.8802,18.1868,https://api.coinmarketcap.com/data-api/v3/global-metrics/quotes/historical,0,0,0,0,0,28.047855536862926,0.08246851444436695,-1.0869434312280277,0.7833497597598085,0,0,0,0
2021-06-14,1629650696539.94,90707282874.04,44.9064,17.8991,https://api.coinmarketcap.com/data-api/v3/global-metrics/quotes/historical,0,0,0,0,0,28.11938681118116,0.17376182428806328,-0.9667896189359391,0.7048543313620869,0,0,0,0
2021-06-15,1671750632515.21,100186848860.97,45.216,17.8625,https://api.coinmarketcap.com/data-api/v3/global-metrics/quotes/historical,0,0,0,0,0,28.14489247623557,0.20631397164982693,-0.9305397453385593,0.6948684687296343,0,0,0,0
2021-06-16,1651468714192.19,89186212915.63,45.5713,17.9225,https://api.coinmarketcap.com/data-api/v3/global-metrics/quotes/historical,0,0,0,0,0,28.13268613772388,0.19073537257654552,-0.8889390344562954,0.7112387353402119,0,0,0,0
2021-06-17,1586167060397.71,88200900526.0,45.2909,17.3604,https://api.coinmarketcap.com/data-api/v3/global-metrics/quotes/historical,0,0,0,0,0,28.09234156801871,0.1392447576293176,-0.9217699923267902,0.5578766209767803,0,0,0,0
2021-06-18,1585439969106.78,79991535301.96,45.0277,17.4238,https://api.coinmarketcap.com/data-api/v3/global-metrics/quotes/historical,0,0,0,0,0,28.09188306777142,0.13865958693945812,-0.9525870683307637,0.5751745360286247,0,0,0,0
2021-06-19,1499518129332.01,83144013075.39,44.8044,17.3424,https://api.coinmarketcap.com/data-api/v3/global-metrics/quotes/historical,0,0,0,0,0,28.036164925313813,0.0675481228731593,-0.9787324067490288,0.5529655409936076,0,0,0,0
2021-06-20,1477596721768.39,68649065199.63,45.1011,17.0992,https://api.coinmarketcap.com/data-api/v3/global-metrics/quotes/historical,0,0,0,0,0,28.021438047209863,0.048752631550120336,-0.94399294455154,0.4866113936653978,0,0,0,0
2021-06-21,1492167308397.19,81971253320.94,44.7603,17.5111,https://api.coinmarketcap.com/data-api/v3/global-metrics/quotes/historical,0,0,0,0,0,28.03125074841867,0.06127630011883521,-0.9838959061858649,0.5989932739470154,0,0,0,0
2021-06-22,1276173404169.88,126542176910.78,46.4365,17.2064,https://api.coinmarketcap.com/data-api/v3/global-metrics/quotes/historical,0,0,0,0,0,27.874887188302885,-0.13828601829320172,-0.7876360931240837,0.5158596033429634,0,0,0,0
2021-06-23,1282593465902.12,143327708005.56,47.5107,17.0492,https://api.coinmarketcap.com/data-api/v3/global-metrics/quotes/historical,0,0,0,0,0,27.879905289232262,-0.1318815602804112,-0.6618621453905408,0.4729695048232493,0,0,0,0
2021-06-24,1353218312400.25,103823866640.3,46.649,16.9384,https://api.coinmarketcap.com/data-api/v3/global-metrics/quotes/historical,0,0,0,0,0,27.9335068064249,-0.06347148421508707,-0.7627552851801461,0.44273907914904925,0,0,0,0
2021-06-25,1394656334645.45,78900934271.92,46.6353,16.6332,https://api.coinmarketcap.com/data-api/v3/global-metrics/quotes/historical,0,0,0,0,0,27.963669145758608,-0.024976157287842124,-0.7643593655040611,0.35946898965657514,0,0,0,0
2021-06-26,1278048997056.57,93436258117.52,46.3339,16.4985,https://api.coinmarketcap.com/data-api/v3/global-metrics/quotes/historical,0,0,0,0,0,27.876355810003883,-0.13641165861947568,-0.7996491326301923,0.32271774111582796,0,0,0,0
2021-06-27,1295821836507.49,83877945727.84,46.6459,16.4185,https://api.coinmarketcap.com/data-api/v3/global-metrics/quotes/historical,0,0,0,0,0,27.890166232577872,-0.11878581315347038,-0.7631182522607404,0.3008907189683911,0,0,0,0
2021-06-28,1381613853117.83,75782275348.9,47.0475,16.7025,https://api.coinmarketcap.com/data-api/v3/global-metrics/quotes/historical,0,0,0,0,0,27.95427339059444,-0.036967689601410815,-0.7160964524005736,0.37837664759179324,0,0,0,0
2021-06-29,1395514135235.1,81339006029.05,46.2802,17.3703,https://api.coinmarketcap.com/data-api/v3/global-metrics/quotes/historical,0,0,0,0,0,27.964284019025985,-0.024191412206081935,-0.8059366591553191,0.5605777149675261,0,0,0,0
2021-06-30,1453057024141.87,92506924538.53,46.2959,17.3452,https://api.coinmarketcap.com/data-api/v3/global-metrics/quotes/historical,0,0,0,0,0,28.004690745542792,0.027378531693660505,-0.8040984065213431,0.5537294867687671,0,0,0,0
2021-07-01,1443740569103.02,89429950138.79,45.4903,18.354,https://api.coinmarketcap.com/data-api/v3/global-metrics/quotes/historical,0,0,0,0,0,27.998258478972165,0.019169214711314556,-0.8984230130137497,0.8289682360479518,0,0,0,0
2021-07-02,1383828223983.63,84802808105.89,45.4476,17.7656,https://api.coinmarketcap.com/data-api/v3/global-metrics/quotes/historical,0,0,0,0,0,27.95587484980228,-0.03492379323500472,-0.9034225918335429,0.6684304881535504,0,0,0,0
2021-07-03,1399096678469.44,78268790328.77,45.3615,17.9148,https://api.coinmarketcap.com/data-api/v3/global-metrics/quotes/historical,0,0,0,0,0,27.96684791463483,-0.0209191859182657,-0.9135037097816515,0.7091378844585211,0,0,0,0
2021-07-04,1433810438951.76,60476741421.23,45.3256,18.0985,https://api.coinmarketcap.com/data-api/v3/global-metrics/quotes/historical,0,0,0,0,0,27.991356658957844,0.01036062016217224,-0.9177071027472389,0.7592581840645745,0,0,0,0
2021-07-05,1466939884287.63,63819227568.74,45.0946,18.4496,https://api.coinmarketcap.com/data-api/v3/global-metrics/quotes/historical,0,0,0,0,0,28.014199635577373,0.03951445479122251,-0.9447540045592373,0.8550515275141397,0,0,0,0
2021-07-06,1408670057645.14,69049295622.53,44.8845,18.1888,https://api.coinmarketcap.com/data-api/v3/global-metrics/quotes/historical,0,0,0,0,0,27.973667153677013,-0.012215987090761932,-0.969353805731102,0.7838954353134941,0,0,0,0
2021-07-07,1447160819009.8,75267273556.26,44.3434,18.7164,https://api.coinmarketcap.com/data-api/v3/global-metrics/quotes/historical,0,0,0,0,0,28.00062469700829,0.022189150793660642,-1.0327091242179949,0.9278446463758431,0,0,0,0
2021-07-08,1441909752646.65,75072129288.99,44.0697,18.7442,https://api.coinmarketcap.com/data-api/v3/global-metrics/quotes/historical,0,0,0,0,0,27.996989567983036,0.01754974008013069,-1.0647556048497873,0.9354295365720773,0,0,0,0
2021-07-09,1373437544731.84,80965213324.67,44.8654,17.9627,https://api.coinmarketcap.com/data-api/v3/global-metrics/quotes/historical,0,0,0,0,0,27.948337869829263,-0.0445430241870683,-0.9715901512921808,0.7222068139692998,0,0,0,0
2021-07-10,1405548705051.49,74506102125.69,45.1092,17.8151,https://api.coinmarketcap.com/data-api/v3/global-metrics/quotes/historical,0,0,0,0,0,27.97144887987757,-0.015047106195249358,-0.9430445466957948,0.6819359581072777,0,0,0,0
2021-07-11,1389401173477.36,60710205299.21,45.2282,17.7209,https://api.coinmarketcap.com/data-api/v3/global-metrics/quotes/historical,0,0,0,0,0,27.959893959797725,-0.029794318643547733,-0.9291112942471896,0.6562346395286701,0,0,0,0
2021-07-12,1413837577847.68,52379822196.46,45.4364,17.6611,https://api.coinmarketcap.com/data-api/v3/global-metrics/quotes/historical,0,0,0,0,0,27.977328809653624,-0.007542720791512449,-0.9047339567698824,0.639918940473461,0,0,0,0
2021-07-13,1368394038633.56,63045285332.24,45.4005,17.3425,https://api.coinmarketcap.com/data-api/v3/global-metrics/quotes/historical,0,0,0,0,0,27.94465893359018,-0.049238344788734706,-0.9089373497354698,0.5529928247712919,0,0,0,0
2021-07-14,1337726918122.82,59177331833.44,45.8803,16.9315,https://api.coinmarketcap.com/data-api/v3/global-metrics/quotes/historical,0,0,0,0,0,27.921992959735796,-0.0781662758750952,-0.8527594125519344,0.44085649848883235,0,0,0,0
2021-07-15,1345660454551.38,65556803013.86,45.7574,17.2979,https://api.coinmarketcap.com/data-api/v3/global-metrics/quotes/historical,0,0,0,0,0,27.927906052735683,-0.07061956520178014,-0.8671493010051579,0.5408242599240949,0,0,0,0
2021-07-16,1305800227300.81,66098805742.36,45.7394,17.1299,https://api.coinmarketcap.com/data-api/v3/global-metrics/quotes/historical,0,0,0,0,0,27.897837169769087,-0.10899561645330369,-0.8692568517957024,0.4949875134144767,0,0,0,0
2021-07-17,1276125597537.53,65003817060.75,46.1523,17.1669,https://api.coinmarketcap.com/data-api/v3/global-metrics/quotes/historical,0,0,0,0,0,27.874849726679212,-0.13833382948697473,-0.8209119783836942,0.5050825111576662,0,0,0,0
2021-07-18,1259003870112.32,54570461067.46,46.9857,17.6185,https://api.coinmarketcap.com/data-api/v3/global-metrics/quotes/historical,0,0,0,0,0,27.861341944943398,-0.15557342314809888,-0.7233323767814456,0.6282960511799506,0,0,0,0
2021-07-19,1294032244032.82,52262113679.86,46.1019,17.0791,https://api.coinmarketcap.com/data-api/v3/global-metrics/quotes/historical,0,0,0,0,0,27.88878422980563,-0.12054962357756367,-0.8268131205972207,0.48112735435085435,0,0,0,0
2021-07-20,1245202814756.7,56374562154.26,46.4633,17.0573,https://api.coinmarketcap.com/data-api/v3/global-metrics/quotes/historical,0,0,0,0,0,27.850319535996935,-0.16964100693944328,-0.7844981841692724,0.47517949081567795,0,0,0,0
2021-07-21,1204677240889.18,66023270004.43,46.4055,17.3151,https://api.coinmarketcap.com/data-api/v3/global-metrics/quotes/historical,0,0,0,0,0,27.81723279710848,-0.21186866098098678,-0.7912657639300227,0.5455170696857946,0,0,0,0
2021-07-22,1307987250061.45,81890599530.35,46.1027,17.8114,https://api.coinmarketcap.com/data-api/v3/global-metrics/quotes/historical,0,0,0,0,0,27.899510621256603,-0.10685983840916419,-0.8267194516731967,0.6809264583329582,0,0,0,0
2021-07-23,1324921902082.75,64743820281.67,45.7523,17.8527,https://api.coinmarketcap.com/data-api/v3/global-metrics/quotes/historical,0,0,0,0,0,27.912374631805257,-0.0904418714143905,-0.8677464403958123,0.6921946585165726,0,0,0,0
2021-07-24,1372969711997.31,70364952896.46,45.9133,18.071,https://api.coinmarketcap.com/data-api/v3/global-metrics/quotes/historical,0,0,0,0,0,27.94799718274587,-0.04497783332140135,-0.8488955694359346,0.751755145201393,0,0,0,0
2021-07-25,1402256802749.15,73527008222.34,45.8902,18.222,https://api.coinmarketcap.com/data-api/v3/global-metrics/quotes/historical,0,0,0,0,0,27.969104056632876,-0.01803973672010549,-0.8516002596171343,0.7929536495046808,0,0,0,0
2021-07-26,1426244767009.43,65901911221.67,46.5584,17.9517,https://api.coinmarketcap.com/data-api/v3/global-metrics/quotes/historical,0,0,0,0,0,27.98606606906035,0.003608392309790482,-0.7733632908258911,0.7192055984240263,0,0,0,0
2021-07-27,1472981630084.41,130817047763.4,47.4942,17.6925,https://api.coinmarketcap.com/data-api/v3/global-metrics/quotes/historical,0,0,0,0,0,28.018309782241264,0.04476011686653049,-0.6637940669485407,0.6484860466663295,0,0,0,0
2021-07-28,1537614832648.81,97846185317.39,48.2187,17.4971,https://api.coinmarketcap.com/data-api/v3/global-metrics/quotes/historical,0,0,0,0,0,28.061253521739747,0.09956797752955125,-0.5789651476290918,0.5951735450712141,0,0,0,0
2021-07-29,1552331698844.43,92964434201.17,48.3594,17.31,https://api.coinmarketcap.com/data-api/v3/global-metrics/quotes/historical,0,0,0,0,0,28.0707792383362,0.1117253758844914,-0.562491125616329,0.5441255970238948,0,0,0,0
2021-07-30,1570822811697.76,75178917742.71,47.8309,17.7298,https://api.coinmarketcap.com/data-api/v3/global-metrics/quotes/historical,0,0,0,0,0,28.08262068188869,0.12683827000720482,-0.6243711585498402,0.6586628957425726,0,0,0,0
2021-07-31,1634296830979.41,88471091517.98,48.4894,17.6277,https://api.coinmarketcap.com/data-api/v3/global-metrics/quotes/historical,0,0,0,0,0,28.122233754974467,0.17739529683985641,-0.5472699254623903,0.6308061587269058,0,0,0,0
2021-08-01,1635499465717.85,75378684765.9,47.5896,18.0899,https://api.coinmarketcap.com/data-api/v3/global-metrics/quotes/historical,0,0,0,0,0,28.122969357246625,0.17833412488107217,-0.6526240477586508,0.7569117791837247,0,0,0,0
2021-08-02,1605291730562.67,82987225975.1,46.7104,18.6462,https://api.coinmarketcap.com/data-api/v3/global-metrics/quotes/historical,0,0,0,0,0,28.104326619583976,0.15454093453192225,-0.7555661952612861,0.9086914344414668,0,0,0,0
2021-08-03,1599832267571.21,77237872681.51,45.9907,19.0772,https://api.coinmarketcap.com/data-api/v3/global-metrics/quotes/historical,0,0,0,0,0,28.100919906910953,0.15019304504482767,-0.83983310103659,1.0262845162607857,0,0,0,0
2021-08-04,1562901785892.3,78104822543.75,45.8815,18.7494,https://api.coinmarketcap.com/data-api/v3/global-metrics/quotes/historical,0,0,0,0,0,28.077565328472453,0.1203862677159433,-0.8526189091658976,0.9368482930116613,0,0,0,0
2021-08-05,1635780430423.28,81014998384.55,45.6193,19.4909,https://api.coinmarketcap.com/data-api/v3/global-metrics/quotes/historical,0,0,0,0,0,28.123141133869257,0.178553358448255,-0.883318899014841,1.1391575045407205,0,0,0,0
2021-08-06,1678061403940.65,99435926118.23,45.7286,19.7119,https://api.coinmarketcap.com/data-api/v3/global-metrics/quotes/historical,0,0,0,0,0,28.148660316832434,0.21112275832851699,-0.8705213822700301,1.199454653223016,0,0,0,0
2021-08-07,1735655255290.46,100225078506.64,46.3415,19.4928,https://api.coinmarketcap.com/data-api/v3/global-metrics/quotes/historical,0,0,0,0,0,28.182406126783786,0.25419156582814817,-0.7987592778519617,1.1396758963167217,0,0,0,0
2021-08-08,1831731527441.35,120756240043.19,45.6989,20.1943,https://api.coinmarketcap.com/data-api/v3/global-metrics/quotes/historical,0,0,0,0,0,28.23628282528508,0.32295284788992235,-0.8739988410744296,1.3310715967720625,0,0,0,0
2021-08-09,1774501349978.63,105730122702.38,46.347,19.8696,https://api.coinmarketcap.com/data-api/v3/global-metrics/quotes/historical,0,0,0,0,0,28.204540569798315,0.2824411193780143,-0.7981153039992952,1.2424811706311514,0,0,0,0
2021-08-10,1864264417198.56,111432014017.97,46.6252,19.8579,https://api.coinmarketcap.com/data-api/v3/global-metrics/quotes/historical,0,0,0,0,0,28.253887676851775,0.3454214140401678,-0.7655419356698673,1.2392889686420894,0,0,0,0
2021-08-11,1869799155703.19,107126726065.94,45.8055,19.6748,https://api.coinmarketcap.com/data-api/v3/global-metrics/quotes/historical,0,0,0,0,0,28.25685213765961,0.34920487018055685,-0.8615174569482,1.1893323717021422,0,0,0,0
2021-08-12,1901686429134.03,125916640589.3,45.0171,19.4785,https://api.coinmarketcap.com/data-api/v3/global-metrics/quotes/historical,0,0,0,0,0,28.273762202703143,0.37078670025712224,-0.9538281815740852,1.1357743161078677,0,0,0,0
2021-08-13,1858196176272.52,119046367159.67,44.9232,19.211,https://api.coinmarketcap.com/data-api/v3/global-metrics/quotes/historical,0,0,0,0,0,28.250627335392664,0.34126033392717187,-0.9648225715314297,1.0627902108023737,0,0,0,0
2021-08-14,2005227678476.43,106841841663.6,44.7894,19.403,https://api.coinmarketcap.com/data-api/v3/global-metrics/quotes/historical,0,0,0,0,0,28.32677872559,0.4384501649007484,-0.9804886990744833,1.1151750639562235,0,0,0,0
2021-08-15,1998619494676.87,110602206348.3,44.2688,19.1384,https://api.coinmarketcap.com/data-api/v3/global-metrics/quotes/historical,0,0,0,0,0,28.32347780549288,0.43423729543815787,-1.0414437513832553,1.042982188203575,0,0,0,0
2021-08-16,2018285326179.09,111808041373.53,43.7686,19.2045,https://api.coinmarketcap.com/data-api/v3/global-metrics/quotes/historical,0,0,0,0,0,28.333269418439635,0.44673404966401686,-1.100010246129409,1.0610167652528948,0,0,0,0
2021-08-17,1966489225457.42,119834487459.51,43.8888,18.7593,https://api.coinmarketcap.com/data-api/v3/global-metrics/quotes/historical,0,0,0,0,0,28.307270949757967,0.41355295119430724,-1.085936490294767,0.9395493870024062,0,0,0,0
2021-08-18,1898164006594.37,124747048015.51,44.2341,18.5887,https://api.coinmarketcap.com/data-api/v3/global-metrics/quotes/historical,0,0,0,0,0,28.271908222601457,0.3684205187305043,-1.0455066409628067,0.8930032622729961,0,0,0,0
2021-08-19,1915630974639.44,115320635254.52,43.8868,18.4652,https://api.coinmarketcap.com/data-api/v3/global-metrics/quotes/historical,0,0,0,0,0,28.281068174964364,0.38011110270500553,-1.0861706626048278,0.8593077968328897,0,0,0,0
2021-08-20,2015577125330.44,115136959521.11,43.5597,18.4994,https://api.coinmarketcap.com/data-api/v3/global-metrics/quotes/historical,0,0,0,0,0,28.331926684874425,0.44502035740039436,-1.1244695439152377,0.8686388488009197,0,0,0,0
2021-08-21,2105331098043.51,110968374364.09,44.0293,18.2959,https://api.coinmarketcap.com/data-api/v3/global-metrics/quotes/historical,0,0,0,0,0,28.375493861925996,0.5006238934969193,-1.069485885513011,0.8131163612133756,0,0,0,0
2021-08-22,2080789866038.47,110777880609.12,44.1375,18.1719,https://api.coinmarketcap.com/data-api/v3/global-metrics/quotes/historical,0,0,0,0,0,28.36376868084527,0.48565938182592466,-1.0568171635387327,0.779284476884848,0,0,0,0
2021-08-23,2103254071104.22,91573004077.69,44.0459,18.0642,https://api.coinmarketcap.com/data-api/v3/global-metrics/quotes/historical,0,0,0,0,0,28.374506819000906,0.4993641589759272,-1.0675422553395075,0.7498998483188603,0,0,0,0
2021-08-24,2147406305136.86,117101255882.68,43.3802,18.1507,https://api.coinmarketcap.com/data-api/v3/global-metrics/quotes/historical,0,0,0,0,0,28.39528186011465,0.5258787469444675,-1.1454865087431754,0.7735003160157771,0,0,0,0
2021-08-25,2046971679006.08,121023640490.24,43.8161,18.1809,https://api.coinmarketcap.com/data-api/v3/global-metrics/quotes/historical,0,0,0,0,0,28.34738258714613,0.4647462813190305,-1.09444865376547,0.7817400168764349,0,0,0,0
2021-08-26,2096980430009.91,114018305922.75,43.9075,18.0433,https://api.coinmarketcap.com/data-api/v3/global-metrics/quotes/historical,0,0,0,0,0,28.37151953542992,0.4955515747987754,-1.083746979195701,0.744197538782842,0,0,0,0
2021-08-27,1997932828867.22,109238518117.74,44.1451,18.186,https://api.coinmarketcap.com/data-api/v3/global-metrics/quotes/historical,0,0,0,0,0,28.323134176404196,0.4337987315070142,-1.0559273087605028,0.7831314895383337,0,0,0,0
2021-08-28,2115878389097.14,111371142631.21,43.6152,18.1476,https://api.coinmarketcap.com/data-api/v3/global-metrics/quotes/historical,0,0,0,0,0,28.380491156201725,0.5070017965755721,-1.117971262311056,0.772654518907564,0,0,0,0
2021-08-29,2104359656052.3,91273248703.69,43.7106,18.0977,https://api.coinmarketcap.com/data-api/v3/global-metrics/quotes/historical,0,0,0,0,0,28.375032335383928,0.5000348604340008,-1.106801243121166,0.7590399138430997,0,0,0,0
2021-08-30,2098254859020.15,91058405993.68,43.7601,18.0445,https://api.coinmarketcap.com/data-api/v3/global-metrics/quotes/historical,0,0,0,0,0,28.372127095655575,0.49632698645553974,-1.1010054784471663,0.7445249441150538,0,0,0,0
2021-08-31,2046396184884.7,108061739226.31,43.1792,18.4906,https://api.coinmarketcap.com/data-api/v3/global-metrics/quotes/historical,0,0,0,0,0,28.347101403463494,0.4643874146651589,-1.1690208259042647,0.8662378763647014,0,0,0,0
2021-09-01,2090108123816.08,125951816595.65,42.3663,19.2064,https://api.coinmarketcap.com/data-api/v3/global-metrics/quotes/historical,0,0,0,0,0,28.36823691445041,0.4913620599741348,-1.2642001613283917,1.0615351570288962,0,0,0,0
2021-09-02,2210190743182.79,127041591164.32,41.5744,20.3347,https://api.coinmarketcap.com/data-api/v3/global-metrics/quotes/historical,0,0,0,0,0,28.424099936866273,0.5626584301677924,-1.3569206874968833,1.369378020640816,0,0,0,0
2021-09-03,2223262376536.0,124670993995.77,41.7002,20.0325,https://api.coinmarketcap.com/data-api/v3/global-metrics/quotes/historical,0,0,0,0,0,28.42999677207719,0.570184391492238,-1.3421912491940715,1.2869264444788706,0,0,0,0
2021-09-04,2269225310292.2,139914486939.2,41.3877,20.341,https://api.coinmarketcap.com/data-api/v3/global-metrics/quotes/historical,0,0,0,0,0,28.450459616175948,0.5963005313820471,-1.3787806726410388,1.3710968986349263,0,0,0,0
2021-09-05,2270810366334.45,126030611692.82,41.3648,20.108,https://api.coinmarketcap.com/data-api/v3/global-metrics/quotes/historical,0,0,0,0,0,28.45115787329089,0.5971916968722808,-1.3814619455912325,1.307525696630515,0,0,0,0
2021-09-06,2343397052207.83,120135090083.38,41.5298,19.774,https://api.coinmarketcap.com/data-api/v3/global-metrics/quotes/historical,0,0,0,0,0,28.482622724267166,0.6373493819791275,-1.3621427300112339,1.2163978791649646,0,0,0,0
2021-09-07,2367110899522.54,138337042998.1,41.8268,19.4717,https://api.coinmarketcap.com/data-api/v3/global-metrics/quotes/historical,0,0,0,0,0,28.49269129771712,0.6501996129363057,-1.3273681419672365,1.133919019225335,0,0,0,0
2021-09-08,2084766535702.86,235764136192.61,42.2686,19.3518,https://api.coinmarketcap.com/data-api/v3/global-metrics/quotes/historical,0,0,0,0,0,28.365677991625837,0.4880961803079831,-1.275639478674852,1.101205769781864,0,0,0,0
2021-09-09,2093266027712.8,182474313876.78,41.4216,19.6691,https://api.coinmarketcap.com/data-api/v3/global-metrics/quotes/historical,0,0,0,0,0,28.36974665485715,0.4932888982703853,-1.3748114519855124,1.187777196374137,0,0,0,0
2021-09-10,2116290061816.93,145883168099.18,41.2805,19.0462,https://api.coinmarketcap.com/data-api/v3/global-metrics/quotes/historical,0,0,0,0,0,28.380685700783708,0.5072500882349996,-1.3913323084602862,1.017826545178653,0,0,0,0
2021-09-11,2038038722056.34,140816757831.17,41.4509,18.5325,https://api.coinmarketcap.com/data-api/v3/global-metrics/quotes/historical,0,0,0,0,0,28.343009050576228,0.4591644622756235,-1.3713808276431247,0.8776697792144212,0,0,0,0
2021-09-12,2066435429814.47,112978393565.25,41.1558,18.5815,https://api.coinmarketcap.com/data-api/v3/global-metrics/quotes/historical,0,0,0,0,0,28.356846224252017,0.47682444940411867,-1.4059329519925645,0.8910388302797264,0,0,0,0
2021-09-13,2121600275771.01,106497712540.43,40.839,18.8592,https://api.coinmarketcap.com/data-api/v3/global-metrics/quotes/historical,0,0,0,0,0,28.38319176692051,0.5104485084294744,-1.4430258459061622,0.966805880909019,0,0,0,0
2021-09-14,2049083378297.22,140510625486.65,41.2538,18.8276,https://api.coinmarketcap.com/data-api/v3/global-metrics/quotes/historical,0,0,0,0,0,28.348413676547363,0.46606223109177813,-1.3944585087995958,0.958184207160781,0,0,0,0
2021-09-15,2131773368969.14,113531477530.77,41.6072,18.9737,https://api.coinmarketcap.com/data-api/v3/global-metrics/quotes/historical,0,0,0,0,0,28.38797531684888,0.5165536157398876,-1.3530802616118893,0.9980458063575385,0,0,0,0
2021-09-16,2193850208470.17,100260768151.47,41.3071,19.3643,https://api.coinmarketcap.com/data-api/v3/global-metrics/quotes/historical,0,0,0,0,0,28.41667920219205,0.553187559750081,-1.388217816736481,1.104616241992401,0,0,0,0
2021-09-17,2165882966767.53,111089182675.05,41.4972,19.3616,https://api.coinmarketcap.com/data-api/v3/global-metrics/quotes/historical,0,0,0,0,0,28.403849231084287,0.5368130363155371,-1.3659597386652218,1.1038795799949248,0,0,0,0
2021-09-18,2110336104813.56,101095984285.93,42.1748,18.9264,https://api.coinmarketcap.com/data-api/v3/global-metrics/quotes/historical,0,0,0,0,0,28.37786834211183,0.5036543743235128,-1.2866221600166938,0.9851405795128663,0,0,0,0
2021-09-19,2151845798097.24,89128620907.52,42.208,18.7457,https://api.coinmarketcap.com/data-api/v3/global-metrics/quotes/historical,0,0,0,0,0,28.397347100501456,0.5285145539020726,-1.282734899669688,0.9358387932373418,0,0,0,0
2021-09-20,2102146817352.21,82217964160.9,42.3241,18.6608,https://api.coinmarketcap.com/data-api/v3/global-metrics/quotes/historical,0,0,0,0,0,28.373980232448535,0.4986920916914646,-1.2691411970706703,0.9126748659833737,0,0,0,0
2021-09-21,1888633277740.66,143887194143.16,42.8362,18.5289,https://api.coinmarketcap.com/data-api/v3/global-metrics/quotes/historical,0,0,0,0,0,28.266874549942425,0.3619961869666343,-1.2091813770796564,0.8766875632177868,0,0,0,0
2021-09-22,1789919374944.78,140150884471.96,42.8497,18.2074,https://api.coinmarketcap.com/data-api/v3/global-metrics/quotes/historical,0,0,0,0,0,28.213191692836503,0.293482299107423,-1.2076007139867475,0.7889702179627731,0,0,0,0
2021-09-23,1959270141458.51,117805440571.05,41.8424,18.4694,https://api.coinmarketcap.com/data-api/v3/global-metrics/quotes/historical,0,0,0,0,0,28.30359314301463,0.40885907213560446,-1.325541597948764,0.8604537154956304,0,0,0,0
2021-09-24,2013411569329.61,101677856685.21,41.9757,18.4286,https://api.coinmarketcap.com/data-api/v3/global-metrics/quotes/historical,0,0,0,0,0,28.33085169739072,0.44364838176647325,-1.309934013483225,0.8493219342004371,0,0,0,0
2021-09-25,1911127480162.45,132296187288.7,42.1967,18.0584,https://api.coinmarketcap.com/data-api/v3/global-metrics/quotes/historical,0,0,0,0,0,28.278714487576337,0.3771071591287402,-1.28405797322153,0.7483173892131709,0,0,0,0
2021-09-26,1898759245195.11,94399231691.44,42.3521,18.1314,https://api.coinmarketcap.com/data-api/v3/global-metrics/quotes/historical,0,0,0,0,0,28.272221759940056,0.3688206774257474,-1.2658627847298223,0.7682345469227075,0,0,0,0
2021-09-27,1917022703480.15,110738963328.67,42.4036,18.781,https://api.coinmarketcap.com/data-api/v3/global-metrics/quotes/historical,0,0,0,0,0,28.281794423156224,0.381037992402342,-1.2598328477457623,0.9454699667598984,0,0,0,0
2021-09-28,1867797174802.72,98279126182.81,42.549,18.4248,https://api.coinmarketcap.com/data-api/v3/global-metrics/quotes/historical,0,0,0,0,0,28.255780871040695,0.3478376433794416,-1.242808520804357,0.8482851506484343,0,0,0,0
2021-09-29,1813411098326.22,90996443498.42,42.6425,18.2656,https://api.coinmarketcap.com/data-api/v3/global-metrics/quotes/historical,0,0,0,0,0,28.22623077231512,0.3101237015466148,-1.2318609653090247,0.8048493765750335,0,0,0,0
2021-09-30,1843843859701.15,89045505975.21,42.43,18.2065,https://api.coinmarketcap.com/data-api/v3/global-metrics/quotes/historical,0,0,0,0,0,28.242873562695383,0.33136441665102634,-1.2567417732529622,0.7887246639636141,0,0,0,0
2021-10-01,1930206546551.02,92640990063.92,42.747,18.3067,https://api.coinmarketcap.com/data-api/v3/global-metrics/quotes/historical,0,0,0,0,0,28.288648132057578,0.38978518412055596,-1.2196254621083586,0.8160630092032796,0,0,0,0
2021-10-02,2107108356132.57,117134614352.67,43.0217,18.4914,https://api.coinmarketcap.com/data-api/v3/global-metrics/quotes/historical,0,0,0,0,0,28.376337676164205,0.5017008293607572,-1.1874618953215361,0.8664561465861752,0,0,0,0
2021-10-03,2118041594222.74,97294096326.71,42.3955,18.8535,https://api.coinmarketcap.com/data-api/v3/global-metrics/quotes/historical,0,0,0,0,0,28.38151300135815,0.5083059481843201,-1.2607812456015075,0.9652507055810138,0,0,0,0
2021-10-04,2144334561753.68,89505500142.15,42.3423,18.7782,https://api.coinmarketcap.com/data-api/v3/global-metrics/quotes/historical,0,0,0,0,0,28.393850392557322,0.524051806036621,-1.267010229049119,0.9447060209847379,0,0,0,0
2021-10-05,2151193957976.05,107575875915.43,43.0553,18.5179,https://api.coinmarketcap.com/data-api/v3/global-metrics/quotes/historical,0,0,0,0,0,28.39704413322106,0.5281278854683635,-1.1835278005125183,0.8736863476725144,0,0,0,0
2021-10-06,2230198463918.98,111551676652.97,43.4847,18.576,https://api.coinmarketcap.com/data-api/v3/global-metrics/quotes/historical,0,0,0,0,0,28.433111694713638,0.5741598777407194,-1.13325100554251,0.8895382225070907,0,0,0,0
2021-10-07,2307759140110.85,142285176191.45,45.1693,18.2613,https://api.coinmarketcap.com/data-api/v3/global-metrics/quotes/historical,0,0,0,0,0,28.467298100424514,0.6177910049469889,-0.9360076687784742,0.8036761741346087,0,0,0,0
2021-10-08,2284858519632.81,130195654413.76,44.3573,18.5032,https://api.coinmarketcap.com/data-api/v3/global-metrics/quotes/historical,0,0,0,0,0,28.457325221348068,0.6050629059687817,-1.0310816266630738,0.8696756323529226,0,0,0,0
2021-10-09,2282617879057.19,116418741703.03,44.508,18.3798,https://api.coinmarketcap.com/data-api/v3/global-metrics/quotes/historical,0,0,0,0,0,28.45634409279489,0.6038107197907009,-1.0134367431000082,0.8360074506905004,0,0,0,0
2021-10-10,2320592869768.16,96069068193.48,44.6122,18.1573,https://api.coinmarketcap.com/data-api/v3/global-metrics/quotes/historical,0,0,0,0,0,28.472843816273976,0.624868842720402,-1.0012363657458516,0.7753010453429403,0,0,0,0
2021-10-11,2263956492331.17,99482106793.28,45.5488,17.8051,https://api.coinmarketcap.com/data-api/v3/global-metrics/quotes/historical,0,0,0,0,0,28.44813505891662,0.5933337657519375,-0.8915734729444771,0.6792075803388476,0,0,0,0
2021-10-12,2337846752408.15,108037005201.9,46.3619,17.8835,https://api.coinmarketcap.com/data-api/v3/global-metrics/quotes/historical,0,0,0,0,0,28.480251430383692,0.6343229677386742,-0.7963707202893442,0.7005980620433367,0,0,0,0
2021-10-13,2301188084255.03,108221709181.44,45.8838,17.8952,https://api.coinmarketcap.com/data-api/v3/global-metrics/quotes/historical,0,0,0,0,0,28.464446663865054,0.6141517984068631,-0.8523496110093282,0.7037902640323989,0,0,0,0
2021-10-14,2362017168443.25,113141028585.24,45.7693,17.9962,https://api.coinmarketcap.com/data-api/v3/global-metrics/quotes/historical,0,0,0,0,0,28.490537102281557,0.6474502752062422,-0.8657559757602968,0.7313468794935392,0,0,0,0
2021-10-15,2389974462411.1,101274153774.48,45.2147,18.7016,https://api.coinmarketcap.com/data-api/v3/global-metrics/quotes/historical,0,0,0,0,0,28.50230379663124,0.6624677690694508,-0.9306919573400987,0.9238066472785669,0,0,0,0
2021-10-16,2489474164126.01,134699121367.84,46.6372,18.3141,https://api.coinmarketcap.com/data-api/v3/global-metrics/quotes/historical,0,0,0,0,0,28.543092625037865,0.7145253786308442,-0.7641369018095037,0.8180820087519176,0,0,0,0
2021-10-17,2472363690507.54,94826087161.41,46.4117,18.2721,https://api.coinmarketcap.com/data-api/v3/global-metrics/quotes/historical,0,0,0,0,0,28.536195768694043,0.7057231190717201,-0.7905398297688349,0.8066228221245126,0,0,0,0
2021-10-18,2482132715354.28,85383083895.84,46.7335,18.2872,https://api.coinmarketcap.com/data-api/v3/global-metrics/quotes/historical,0,0,0,0,0,28.54013927241531,0.7107560995481161,-0.7528615050800863,0.8107426725548414,0,0,0,0
2021-10-19,2476826071321.6,98932054728.89,47.2121,17.8494,https://api.coinmarketcap.com/data-api/v3/global-metrics/quotes/historical,0,0,0,0,0,28.537999046498307,0.7080245907131523,-0.6968240712825869,0.691294293852991,0,0,0,0
2021-10-20,2539301745464.84,93009947079.51,47.7166,18.0189,https://api.coinmarketcap.com/data-api/v3/global-metrics/quotes/historical,0,0,0,0,0,28.56291025580584,0.7398180512878378,-0.637754106069803,0.7375402970278736,0,0,0,0
2021-10-21,2645014414565.28,106949756945.14,47.0358,18.5677,https://api.coinmarketcap.com/data-api/v3/global-metrics/quotes/historical,0,0,0,0,0,28.603697630965087,0.7918738061113636,-0.7174663604144278,0.8872736689592935,0,0,0,0
2021-10-22,2543946325264.84,127620316150.1,46.1176,18.8157,https://api.coinmarketcap.com/data-api/v3/global-metrics/quotes/historical,0,0,0,0,0,28.564737662624427,0.7421503180968654,-0.8249748679632448,0.9549374376163495,0,0,0,0
2021-10-23,2429579196015.08,71156643894.7,47.0936,19.294,https://api.coinmarketcap.com/data-api/v3/global-metrics/quotes/historical,0,0,0,0,0,28.51873918792112,0.6834437866747617,-0.7106987806536766,1.0854357462803406,0,0,0,0
2021-10-24,2558355886312.44,81232292516.94,45.2218,19.2501,https://api.coinmarketcap.com/data-api/v3/global-metrics/quotes/historical,0,0,0,0,0,28.570385936191563,0.7493590473381821,-0.9298606456393835,1.0734581678769342,0,0,0,0
2021-10-25,2518922930927.89,95608985254.87,45.5769,19.1438,https://api.coinmarketcap.com/data-api/v3/global-metrics/quotes/historical,0,0,0,0,0,28.554852517724942,0.7295341917275285,-0.8882833519881256,1.0444555121985266,0,0,0,0
2021-10-26,2620270321258.32,97113680848.13,45.3557,19.0044,https://api.coinmarketcap.com/data-api/v3/global-metrics/quotes/historical,0,0,0,0,0,28.594298604432066,0.7798780986437347,-0.9141828094808273,1.0064219261066174,0,0,0,0
2021-10-27,2562836163405.7,114137140542.34,44.4022,19.0401,https://api.coinmarketcap.com/data-api/v3/global-metrics/quotes/historical,0,0,0,0,0,28.57213563750828,0.7515921408481644,-1.0258244583022136,1.0161622347399109,0,0,0,0
2021-10-28,2453041063932.37,178766445087.99,45.0048,18.9412,https://api.coinmarketcap.com/data-api/v3/global-metrics/quotes/historical,0,0,0,0,0,28.52834962135519,0.6957093066950738,-0.9552683412809574,0.9891785786101415,0,0,0,0
2021-10-29,2585645667861.5,174477281953.41,44.2193,19.5834,https://api.coinmarketcap.com/data-api/v3/global-metrics/quotes/historical,0,0,0,0,0,28.58099636750176,0.7629008359112157,-1.0472395160572552,1.164394998898695,0,0,0,0
2021-10-30,2660968465494.5,131626633162.43,44.1327,19.6288,https://api.coinmarketcap.com/data-api/v3/global-metrics/quotes/historical,0,0,0,0,0,28.609711257231748,0.7995488245040744,-1.0573791770828784,1.176781833967365,0,0,0,0
2021-10-31,2635516181597.75,134783670568.4,44.4419,19.3871,https://api.coinmarketcap.com/data-api/v3/global-metrics/quotes/historical,0,0,0,0,0,28.60010017308158,0.7872824739935037,-1.0211761379475115,1.1108369433044205,0,0,0,0
2021-11-01,2623470715128.38,137671546847.22,44.0615,19.3082,https://api.coinmarketcap.com/data-api/v3/global-metrics/quotes/historical,0,0,0,0,0,28.595519257490725,0.7814359830650313,-1.0657157113210352,1.0893100427115103,0,0,0,0
2021-11-02,2639747768929.52,129671065575.28,43.5669,19.3541,https://api.coinmarketcap.com/data-api/v3/global-metrics/quotes/historical,0,0,0,0,0,28.60170448645019,0.7893300130432803,-1.1236265235990197,1.1018332966686024,0,0,0,0
2021-11-03,2744413323694.91,197185337811.71,43.5434,19.7987,https://api.coinmarketcap.com/data-api/v3/global-metrics/quotes/historical,0,0,0,0,0,28.640588442617602,0.8389564889054001,-1.1263780482422316,1.2231369722529855,0,0,0,0
2021-11-04,2756013114635.46,137033866081.49,43.0763,19.7343,https://api.coinmarketcap.com/data-api/v3/global-metrics/quotes/historical,0,0,0,0,0,28.64480622764464,0.8443395267304276,-1.181068991256882,1.2055662194242989,0,0,0,0
2021-11-05,2708056483341.32,129646723869.47,42.7861,19.7734,https://api.coinmarketcap.com/data-api/v3/global-metrics/quotes/historical,0,0,0,0,0,28.62725232871575,0.8219359899676025,-1.2150473934466743,1.216234176498858,0,0,0,0
2021-11-06,2701917317104.94,113586667365.59,42.5846,19.5679,https://api.coinmarketcap.com/data-api/v3/global-metrics/quotes/historical,0,0,0,0,0,28.62498275437101,0.8190393974513612,-1.2386402536852783,1.1601660133576293,0,0,0,0
2021-11-07,2730012879478.47,97756649332.22,42.5245,19.5534,https://api.coinmarketcap.com/data-api/v3/global-metrics/quotes/historical,0,0,0,0,0,28.63532744287197,0.8322420261135172,-1.245677131602599,1.1562098655934059,0,0,0,0
2021-11-08,2798837945006.15,85518458179.38,42.8079,19.5642,https://api.coinmarketcap.com/data-api/v3/global-metrics/quotes/historical,0,0,0,0,0,28.66022542732456,0.8640186081858773,-1.212494915267014,1.1591565135833097,0,0,0,0
2021-11-09,2919712061567.39,126063347098.88,43.5675,19.448,https://api.coinmarketcap.com/data-api/v3/global-metrics/quotes/historical,0,0,0,0,0,28.702506118294284,0.9179802390654337,-1.123556271906001,1.1274527639141574,0,0,0,0
2021-11-10,2904441786523.23,139801903387.39,43.5851,19.308,https://api.coinmarketcap.com/data-api/v3/global-metrics/quotes/historical,0,0,0,0,0,28.697262331665915,0.9112877448804676,-1.1214955555774684,1.0892554751561419,0,0,0,0
2021-11-11,2795662464235.44,172306870718.37,43.6364,19.4891,https://api.coinmarketcap.com/data-api/v3/global-metrics/quotes/historical,0,0,0,0,0,28.659090212066914,0.862569765574821,-1.1154890358244136,1.1386663965424033,0,0,0,0
2021-11-12,2839026028977.3,124513097942.55,43.1067,19.651,https://api.coinmarketcap.com/data-api/v3/global-metrics/quotes/historical,0,0,0,0,0,28.674482161738503,0.8822140686277132,-1.1775095721439617,1.1828388326132793,0,0,0,0
2021-11-13,2816319098401.41,123107178534.27,43.1118,19.7086,https://api.coinmarketcap.com/data-api/v3/global-metrics/quotes/historical,0,0,0,0,0,28.666451863998233,0.8719652303856033,-1.1769124327533065,1.1985542885594345,0,0,0,0
2021-11-14,2828244768580.86,96517259414.18,43.0427,19.4273,https://api.coinmarketcap.com/data-api/v3/global-metrics/quotes/historical,0,0,0,0,0,28.670677412049468,0.8773581759353298,-1.1850030860658998,1.1218050219335074,0,0,0,0
2021-11-15,2856402443353.2,83603296927.95,43.5049,19.225,https://api.coinmarketcap.com/data-api/v3/global-metrics/quotes/historical,0,0,0,0,0,28.680584062017022,0.8900017486050602,-1.130885865210898,1.066609939678176,0,0,0,0
2021-11-16,2770352701376.63,98862064232.7,43.0779,19.3916,https://api.coinmarketcap.com/data-api/v3/global-metrics/quotes/historical,0,0,0,0,0,28.64999575703898,0.8509627739667718,-1.180881653408834,1.112064713300214,0,0,0,0
2021-11-17,2610277667843.23,153351505019.49,43.4186,19.1004,https://api.coinmarketcap.com/data-api/v3/global-metrics/quotes/historical,0,0,0,0,0,28.590477717751376,0.7750016107726262,-1.1409904003900124,1.0326143526835423,0,0,0,0
2021-11-18,2632515813852.25,129559517900.38,43.2047,19.2422,https://api.coinmarketcap.com/data-api/v3/global-metrics/quotes/historical,0,0,0,0,0,28.598961088097848,0.7858286925622465,-1.166035128950992,1.0713027494398748,0,0,0,0
2021-11-19,2479966732735.88,146527792352.78,43.3808,19.105,https://api.coinmarketcap.com/data-api/v3/global-metrics/quotes/historical,0,0,0,0,0,28.539266261796065,0.7096419011821685,-1.1454162570501574,1.03386940645702,0,0,0,0
2021-11-20,2601441808254.25,122107886043.71,42.2236,19.5887,https://api.coinmarketcap.com/data-api/v3/global-metrics/quotes/historical,0,0,0,0,0,28.587086948890843,0.7706740699152396,-1.2809083556512155,1.1658410391159624,0,0,0,0
2021-11-21,2661883324166.28,106063881037.66,42.3182,19.6116,https://api.coinmarketcap.com/data-api/v3/global-metrics/quotes/historical,0,0,0,0,0,28.610055004800508,0.7999875396479315,-1.2698320053853496,1.1720890242056663,0,0,0,0
2021-11-22,2621705856761.9,101773701101.08,42.229,19.2297,https://api.coinmarketcap.com/data-api/v3/global-metrics/quotes/historical,0,0,0,0,0,28.594846312201316,0.7805771223303466,-1.2802760904140518,1.067892277229338,0,0,0,0
2021-11-23,2531838134679.18,119046941227.34,41.9984,19.0941,https://api.coinmarketcap.com/data-api/v3/global-metrics/quotes/historical,0,0,0,0,0,28.559966690315182,0.7360612632403016,-1.3072761577640382,1.0308954746894317,0,0,0,0
2021-11-24,2615121702569.8,125734506735.44,41.6311,19.7712,https://api.coinmarketcap.com/data-api/v3/global-metrics/quotes/historical,0,0,0,0,0,28.59233175254213,0.7773678620973293,-1.3502819025066648,1.215633933389804,0,0,0,0
2021-11-25,2578175921072.41,133396083265.31,42.0099,19.663,https://api.coinmarketcap.com/data-api/v3/global-metrics/quotes/historical,0,0,0,0,0,28.578103257478247,0.7592084427264734,-1.305929666981189,1.186112885935395,0,0,0,0
2021-11-26,2674346782847.32,141915348440.25,41.6918,20.0769,https://api.coinmarketcap.com/data-api/v3/global-metrics/quotes/historical,0,0,0,0,0,28.61472627312837,0.8059493451782126,-1.3431747728963261,1.2990404417706982,0,0,0,0
2021-11-27,2432377040254.63,160857781834.06,41.7303,19.6891,https://api.coinmarketcap.com/data-api/v3/global-metrics/quotes/historical,0,0,0,0,0,28.51989010101553,0.6849126639837788,-1.3386669559276598,1.1932339519109962,0,0,0,0
2021-11-28,2470050367465.36,106459059505.81,41.7714,19.5945,https://api.coinmarketcap.com/data-api/v3/global-metrics/quotes/historical,0,0,0,0,0,28.535259658046908,0.7045283879534584,-1.3338547149559148,1.1674234982216518,0,0,0,0
2021-11-29,2570958702692.84,108997791713.72,42.1869,19.8633,https://api.coinmarketcap.com/data-api/v3/global-metrics/quotes/historical,0,0,0,0,0,28.575299981342273,0.7556307019508733,-1.2852054175408267,1.2407622926370407,0,0,0,0
2021-11-30,2610403565918.97,107909496106.79,41.7463,20.1724,https://api.coinmarketcap.com/data-api/v3/global-metrics/quotes/historical,0,0,0,0,0,28.59052594826771,0.7750631659946409,-1.3367935774471753,1.325096449459202,0,0,0,0
2021-12-01,2610697177790.38,130255545597.81,41.0543,20.9385,https://api.coinmarketcap.com/data-api/v3/global-metrics/quotes/historical,0,0,0,0,0,28.590638419520857,0.7752067098229853,-1.4178171967281397,1.534117470298599,0,0,0,0
2021-12-02,2620337568877.35,122510733559.49,41.1268,20.6799,https://api.coinmarketcap.com/data-api/v3/global-metrics/quotes/historical,0,0,0,0,0,28.594324268484954,0.7799108529369372,-1.4093284504884427,1.4635616212070075,0,0,0,0
2021-12-03,2606278892433.23,116190327495.8,40.9904,20.5523,https://api.coinmarketcap.com/data-api/v3/global-metrics/quotes/historical,0,0,0,0,0,28.588944608257776,0.7730449471823638,-1.4252990020345753,1.4287475208818445,0,0,0,0
2021-12-04,2469728395954.19,134476399938.08,41.0364,20.1995,https://api.coinmarketcap.com/data-api/v3/global-metrics/quotes/historical,0,0,0,0,0,28.535129299370112,0.7043620149203352,-1.4199130389031818,1.3324903532116465,0,0,0,0
2021-12-05,2325276769609.98,204965025217.93,40.1492,21.1283,https://api.coinmarketcap.com/data-api/v3/global-metrics/quotes/historical,0,0,0,0,0,28.47486018857555,0.6274422807451328,-1.5237918756460598,1.5859020803433934,0,0,0,0
2021-12-06,2291059411505.28,122661770129.76,40.672,21.6982,https://api.coinmarketcap.com/data-api/v3/global-metrics/quotes/historical,0,0,0,0,0,28.46003545162817,0.608521894992356,-1.4625792337962218,1.7413923293662001,0,0,0,0
2021-12-07,2365667098833.1,139187510452.98,40.4173,21.9034,https://api.coinmarketcap.com/data-api/v3/global-metrics/quotes/historical,0,0,0,0,0,28.492081169485992,0.6494209238079551,-1.4924010774824379,1.797378641174377,0,0,0,0
2021-12-08,2353043988076.8,110468751346.15,40.6219,21.7281,https://api.coinmarketcap.com/data-api/v3/global-metrics/quotes/historical,0,0,0,0,0,28.486730919964312,0.6425925540916435,-1.4684452501632397,1.749550178893805,0,0,0,0
2021-12-09,2398128952717.08,102461604942.1,39.8482,22.0358,https://api.coinmarketcap.com/data-api/v3/global-metrics/quotes/historical,0,0,0,0,0,28.505709946199417,0.666814939882014,-1.5590348083101788,1.833502362828385,0,0,0,0
2021-12-10,2246451014482.47,103295371200.87,40.0664,21.7529,https://api.coinmarketcap.com/data-api/v3/global-metrics/quotes/historical,0,0,0,0,0,28.440372759958468,0.5834269666540589,-1.533486609282568,1.7563165557595104,0,0,0,0
2021-12-11,2186225143946.02,103643600188.03,40.9057,21.2329,https://api.coinmarketcap.com/data-api/v3/global-metrics/quotes/historical,0,0,0,0,0,28.413197493950335,0.5487439555737856,-1.435216199365641,1.614440911801168,0,0,0,0
2021-12-12,2276678136332.38,81999989169.17,41.0081,21.3152,https://api.coinmarketcap.com/data-api/v3/global-metrics/quotes/historical,0,0,0,0,0,28.453738538750965,0.6004853260393154,-1.4232265770905392,1.636895460835344,0,0,0,0
2021-12-13,2307655957452.67,67548077617.86,41.0782,21.2958,https://api.coinmarketcap.com/data-api/v3/global-metrics/quotes/historical,0,0,0,0,0,28.467253388234596,0.6177339400638742,-1.4150188376229151,1.6316024079645903,0,0,0,0
2021-12-14,2120949294197.65,96646749088.96,41.5126,21.1372,https://api.coinmarketcap.com/data-api/v3/global-metrics/quotes/historical,0,0,0,0,0,28.382884884670705,0.5100568434328129,-1.3641566118777553,1.588330336557296,0,0,0,0
2021-12-15,2194857907305.78,100215475694.98,41.6117,20.8791,https://api.coinmarketcap.com/data-api/v3/global-metrics/quotes/historical,0,0,0,0,0,28.41713842564767,0.5537736534499502,-1.352553373914253,1.5179109063541267,0,0,0,0
2021-12-16,2254885775437.92,115303583176.45,41.0045,21.2126,https://api.coinmarketcap.com/data-api/v3/global-metrics/quotes/historical,0,0,0,0,0,28.44412043369244,0.5882100149451671,-1.423648087248648,1.6089023049312552,0,0,0,0
2021-12-17,2204653085516.86,89665706106.83,40.8143,21.3078,https://api.coinmarketcap.com/data-api/v3/global-metrics/quotes/historical,0,0,0,0,0,28.42159128161821,0.559456705565017,-1.44591787393541,1.6348764612867062,0,0,0,0
2021-12-18,2160497217354.23,102768760227.87,40.3564,21.2894,https://api.coinmarketcap.com/data-api/v3/global-metrics/quotes/historical,0,0,0,0,0,28.401359504353778,0.5336354696357754,-1.4995316243237826,1.6298562461927957,0,0,0,0
2021-12-19,2206935070001.73,82175240795.86,40.1496,21.3193,https://api.coinmarketcap.com/data-api/v3/global-metrics/quotes/historical,0,0,0,0,0,28.422625822743967,0.5607770606745835,-1.5237450411840476,1.6380140957203997,0,0,0,0
2021-12-20,2185279151480.47,74631155502.99,40.2981,21.2718,https://api.coinmarketcap.com/data-api/v3/global-metrics/quotes/historical,0,0,0,0,0,28.41276469443036,0.5481915859836483,-1.506357747162049,1.6250543013203589,0,0,0,0
2021-12-21,2197867669214.83,97449403517.26,40.401,21.4315,https://api.coinmarketcap.com/data-api/v3/global-metrics/quotes/historical,0,0,0,0,0,28.418508765008784,0.5555225781975864,-1.494309581809431,1.668626494282181,0,0,0,0
2021-12-22,2274542949222.24,83182788022.71,40.7138,21.0311,https://api.coinmarketcap.com/data-api/v3/global-metrics/quotes/historical,0,0,0,0,0,28.45280024670729,0.5992878108673371,-1.4576850325159552,1.5593822484342568,0,0,0,0
2021-12-23,2276758327799.92,86234296540.48,40.4206,20.8052,https://api.coinmarketcap.com/data-api/v3/global-metrics/quotes/historical,0,0,0,0,0,28.45377376114538,0.6005302793691354,-1.4920146931708376,1.497748194645431,0,0,0,0
2021-12-24,2382714955203.91,102875737021.9,40.3586,20.5424,https://api.coinmarketcap.com/data-api/v3/global-metrics/quotes/historical,0,0,0,0,0,28.49926169094595,0.6585852170032206,-1.4992740347827156,1.4260464268910997,0,0,0,0
2021-12-25,2351520040972.63,89693142265.28,40.8062,20.4102,https://api.coinmarketcap.com/data-api/v3/global-metrics/quotes/historical,0,0,0,0,0,28.486083060928678,0.6417657102217568,-1.4468662717911562,1.3899772727924593,0,0,0,0
2021-12-26,2372345031391.49,71129630972.87,40.2176,20.502,https://api.coinmarketcap.com/data-api/v3/global-metrics/quotes/historical,0,0,0,0,0,28.494900046600186,0.653018575663737,-1.5157831826419879,1.4150237807066435,0,0,0,0
2021-12-27,2391312129050.74,75212941894.54,40.1894,20.2401,https://api.coinmarketcap.com/data-api/v3/global-metrics/quotes/historical,0,0,0,0,0,28.502863339193247,0.6631818971619678,-1.519085012213842,1.3435675669514713,0,0,0,0
2021-12-28,2379601905151.61,81628266032.94,40.2457,20.123,https://api.coinmarketcap.com/data-api/v3/global-metrics/quotes/historical,0,0,0,0,0,28.497954322878268,0.6569166607078071,-1.5124930616856365,1.31161826328316,0,0,0,0
2021-12-29,2239793448093.28,107406711238.7,40.1962,20.1647,https://api.coinmarketcap.com/data-api/v3/global-metrics/quotes/historical,0,0,0,0,0,28.43740476687119,0.5796390023669223,-1.5182888263596361,1.322995598577511,0,0,0,0
2021-12-30,2176300394043.55,92301517680.54,40.3838,19.8481,https://api.coinmarketcap.com/data-api/v3/global-metrics/quotes/historical,0,0,0,0,0,28.408647484127645,0.5429369087890921,-1.4963234636759524,1.2366151584290277,0,0,0,0
2021-12-31,2217587341587.41,79859922253.59,40.2889,19.9808,https://api.coinmarketcap.com/data-api/v3/global-metrics/quotes/historical,0,0,0,0,0,28.427440937767066,0.5669224536083258,-1.5074349397883278,1.2728207314160893,0,0,0,0
2022-01-01,2188927499015.76,91350861845.16,40.0513,20.0488,https://api.coinmarketcap.com/data-api/v3/global-metrics/quotes/historical,0,0,0,0,0,28.41443281332496,0.5503205581926891,-1.535254610223526,1.2913737002414114,0,0,0,0
2022-01-02,2253025340162.08,66638131551.96,40.0386,19.9016,https://api.coinmarketcap.com/data-api/v3/global-metrics/quotes/historical,0,0,0,0,0,28.443295024613267,0.5871565690569043,-1.5367416043924103,1.2512119794901262,0,0,0,0
2022-01-03,2255963303858.94,73253871166.58,39.6628,20.1753,https://api.coinmarketcap.com/data-api/v3/global-metrics/quotes/historical,0,0,0,0,0,28.444598183412094,0.588819753183438,-1.5807425814527958,1.3258876790120466,0,0,0,0
2022-01-04,2225213380991.03,87772654928.84,39.5255,20.1455,https://api.coinmarketcap.com/data-api/v3/global-metrics/quotes/historical,0,0,0,0,0,28.430873928517492,0.571303881050466,-1.596818510538455,1.3177571132621257,0,0,0,0
2022-01-05,2206005900549.9,101800178203.34,39.3336,20.4348,https://api.coinmarketcap.com/data-api/v3/global-metrics/quotes/historical,0,0,0,0,0,28.42220471152958,0.5602396085329847,-1.619287343688769,1.3966890821027962,0,0,0,0
2022-01-06,2082775500630.5,112003900838.45,39.4781,20.2288,https://api.coinmarketcap.com/data-api/v3/global-metrics/quotes/historical,0,0,0,0,0,28.36472249545736,0.48687670800590865,-1.6023683942868912,1.3404845000731451,0,0,0,0
2022-01-07,2067677528682.61,105959376584.79,39.4849,19.6918,https://api.coinmarketcap.com/data-api/v3/global-metrics/quotes/historical,0,0,0,0,0,28.357447126509882,0.47759136368791866,-1.6015722084326847,1.1939706139084725,0,0,0,0
2022-01-08,1969496245696.54,142860989808.14,40.0048,19.3462,https://api.coinmarketcap.com/data-api/v3/global-metrics/quotes/historical,0,0,0,0,0,28.308798913133945,0.4155030469425299,-1.5406991164324342,1.099677878231543,0,0,0,0
2022-01-09,1941933529129.49,90480440846.51,40.616,18.9318,https://api.coinmarketcap.com/data-api/v3/global-metrics/quotes/historical,0,0,0,0,0,28.294705257163223,0.3975157188314516,-1.469136058477918,0.9866139035078177,0,0,0,0
2022-01-10,1969300758849.55,72302255348.86,40.2969,19.0917,https://api.coinmarketcap.com/data-api/v3/global-metrics/quotes/historical,0,0,0,0,0,28.30869965092423,0.4153763614367323,-1.506498250548085,1.0302406640250081,0,0,0,0
2022-01-11,1935846004184.75,100912419170.77,40.8623,18.9517,https://api.coinmarketcap.com/data-api/v3/global-metrics/quotes/historical,0,0,0,0,0,28.291565558326198,0.3935086114301603,-1.4402977384939564,0.9920433752669927,0,0,0,0
2022-01-12,2010183566518.26,87696385857.95,40.2759,19.2204,https://api.coinmarketcap.com/data-api/v3/global-metrics/quotes/historical,0,0,0,0,0,28.32924716045551,0.4416005573850675,-1.5089570598037214,1.0653548859046984,0,0,0,0
2022-01-13,2087721022892.51,95200039571.6,39.8542,19.2625,https://api.coinmarketcap.com/data-api/v3/global-metrics/quotes/historical,0,0,0,0,0,28.367094167296557,0.48990360462038846,-1.558332291379997,1.0768413563097867,0,0,0,0
2022-01-14,2019726952110.09,102390004137.43,39.9045,19.1404,https://api.coinmarketcap.com/data-api/v3/global-metrics/quotes/historical,0,0,0,0,0,28.333983445982344,0.44764534249802307,-1.552442857781973,1.0435278637572607,0,0,0,0
2022-01-15,2060979891846.87,86791653248.99,39.6271,19.1727,https://api.coinmarketcap.com/data-api/v3/global-metrics/quotes/historical,0,0,0,0,0,28.35420266128606,0.4734505459577914,-1.584922557187377,1.0523405239492882,0,0,0,0
2022-01-16,2067705583569.23,61894761298.36,39.4873,19.1864,https://api.coinmarketcap.com/data-api/v3/global-metrics/quotes/historical,0,0,0,0,0,28.35746069472635,0.4776086804126903,-1.6012912016606125,1.056078401492037,0,0,0,0
2022-01-17,2078540080706.28,62372947488.35,39.2906,19.2233,https://api.coinmarketcap.com/data-api/v3/global-metrics/quotes/historical,0,0,0,0,0,28.36268687892986,0.48427870912864446,-1.6243220483550715,1.0661461154575422,0,0,0,0
2022-01-18,2018661958726.47,76827074990.27,39.6399,18.9769,https://api.coinmarketcap.com/data-api/v3/global-metrics/quotes/historical,0,0,0,0,0,28.333456011189995,0.44697219262925236,-1.5834238544029895,0.9989188872434359,0,0,0,0
2022-01-19,2003711640480.49,77960572300.2,40.0397,18.824,https://api.coinmarketcap.com/data-api/v3/global-metrics/quotes/historical,0,0,0,0,0,28.32602239682192,0.43748488422839704,-1.5366128096218767,0.9572019911641466,0,0,0,0
2022-01-20,1963424131727.88,74238843482.45,40.2492,18.7896,https://api.coinmarketcap.com/data-api/v3/global-metrics/quotes/historical,0,0,0,0,0,28.30571107091461,0.4115621226522131,-1.51208326014303,0.9478163716407482,0,0,0,0
2022-01-21,1905499311655.53,230699755078.31,40.415,18.7846,https://api.coinmarketcap.com/data-api/v3/global-metrics/quotes/historical,0,0,0,0,0,28.275765196019396,0.3733430630673533,-1.4926703756390074,0.9464521827565336,0,0,0,0
2022-01-22,1701513109218.73,128887040190.27,40.7876,18.1413,https://api.coinmarketcap.com/data-api/v3/global-metrics/quotes/historical,0,0,0,0,0,28.162539035364734,0.22883576796351798,-1.4490440742747195,0.7709356409134533,0,0,0,0
2022-01-23,1603209042332.5,132430434193.79,41.394,17.9092,https://api.coinmarketcap.com/data-api/v3/global-metrics/quotes/historical,0,0,0,0,0,28.10302838799851,0.1528840388662094,-1.3780430298643485,0.7076099929082001,0,0,0,0
2022-01-24,1672150757366.93,85310684697.24,40.9939,18.0695,https://api.coinmarketcap.com/data-api/v3/global-metrics/quotes/historical,0,0,0,0,0,28.145131792415672,0.20661940401334897,-1.4248892004919698,0.7513458885361285,0,0,0,0
2022-01-25,1648838906691.41,128882156030.31,42.0438,17.6271,https://api.coinmarketcap.com/data-api/v3/global-metrics/quotes/historical,0,0,0,0,0,28.131092463218668,0.1887014116023977,-1.3019604463256627,0.6306424560607994,0,0,0,0
2022-01-26,1680833241296.57,85815992952.1,41.6385,17.4318,https://api.coinmarketcap.com/data-api/v3/global-metrics/quotes/historical,0,0,0,0,0,28.15031076335004,0.21322917579064435,-1.349415464959441,0.5773572382433682,0,0,0,0
2022-01-27,1677745802850.06,103606885332.84,41.598,17.5501,https://api.coinmarketcap.com/data-api/v3/global-metrics/quotes/historical,0,0,0,0,0,28.148472224327666,0.21088270126982878,-1.354157454238168,0.6096339472438915,0,0,0,0
2022-01-28,1672297868711.29,81892258093.96,42.0597,17.2861,https://api.coinmarketcap.com/data-api/v3/global-metrics/quotes/historical,0,0,0,0,0,28.145219765867143,0.20673168200139996,-1.3000987764606806,0.5376047741573485,0,0,0,0
2022-01-29,1707020008438.95,76409686661.68,41.9267,17.807,https://api.coinmarketcap.com/data-api/v3/global-metrics/quotes/historical,0,0,0,0,0,28.165770281077517,0.23295971401158977,-1.3156712350797102,0.6797259721148491,0,0,0,0
2022-01-30,1731076093854.02,59923101329.65,41.7428,17.9131,https://api.coinmarketcap.com/data-api/v3/global-metrics/quotes/historical,0,0,0,0,0,28.179764350633047,0.2508199428427371,-1.3372033789897808,0.7086740602378881,0,0,0,0
2022-01-31,1715526833234.09,52780237047.14,41.8779,18.1217,https://api.coinmarketcap.com/data-api/v3/global-metrics/quotes/historical,0,0,0,0,0,28.170741340762977,0.23930413463657632,-1.3213850394451887,0.7655880204873311,0,0,0,0
2022-02-01,1747697914960.14,67032400737.68,41.6495,18.3312,https://api.coinmarketcap.com/data-api/v3/global-metrics/quotes/historical,0,0,0,0,0,28.189320560698697,0.26301625913613325,-1.3481275172541074,0.8227475347359321,0,0,0,0
2022-02-02,1781167366800.51,65105292554.59,41.223,18.7188,https://api.coinmarketcap.com/data-api/v3/global-metrics/quotes/historical,0,0,0,0,0,28.20829008931916,0.28722652339386645,-1.3980647623745288,0.9284994570402666,0,0,0,0
2022-02-03,1706863307646.47,66856039035.3,41.026,18.7906,https://api.coinmarketcap.com/data-api/v3/global-metrics/quotes/historical,0,0,0,0,0,28.16567847899872,0.2328425496565064,-1.4211307349154965,0.9480892094175914,0,0,0,0
2022-02-04,1720302767061.88,63370347878.9,41.0077,18.6556,https://api.coinmarketcap.com/data-api/v3/global-metrics/quotes/historical,0,0,0,0,0,28.17352141862447,0.242852268121098,-1.4232734115525514,0.9112561095437905,0,0,0,0
2022-02-05,1879304102089.98,86190568078.42,41.812,18.9678,https://api.coinmarketcap.com/data-api/v3/global-metrics/quotes/historical,0,0,0,0,0,28.261922665782073,0.355676239513302,-1.329101017061685,0.9964360634741649,0,0,0,0
2022-02-06,1895043129794.91,74498766531.97,41.4431,19.0179,https://api.coinmarketcap.com/data-api/v3/global-metrics/quotes/historical,0,0,0,0,0,28.27026271399017,0.36632040337631244,-1.3722940996523605,1.0101052360939977,0,0,0,0
2022-02-07,1934046813498.54,61398325062.44,41.5127,18.8666,https://api.coinmarketcap.com/data-api/v3/global-metrics/quotes/historical,0,0,0,0,0,28.290635718198523,0.3923218831956919,-1.364144903262252,0.9688248804576561,0,0,0,0
2022-02-08,2010523948074.08,94424406162.44,41.3888,18.7083,https://api.coinmarketcap.com/data-api/v3/global-metrics/quotes/historical,0,0,0,0,0,28.329416474714456,0.4418166483082387,-1.3786518778705052,0.9256346603834154,0,0,0,0
2022-02-09,1999216084043.86,104663584806.77,41.7715,18.6393,https://api.coinmarketcap.com/data-api/v3/global-metrics/quotes/historical,0,0,0,0,0,28.323776261674816,0.4346182064865315,-1.3338430063404114,0.90680885378125,0,0,0,0
2022-02-10,2031874561528.74,78701880577.94,41.3526,19.0643,https://api.coinmarketcap.com/data-api/v3/global-metrics/quotes/historical,0,0,0,0,0,28.339979912208182,0.45529846002375346,-1.382890396682602,1.0227649089395108,0,0,0,0
2022-02-11,1968237227424.53,108684639366.41,41.8997,18.653,https://api.coinmarketcap.com/data-api/v3/global-metrics/quotes/historical,0,0,0,0,0,28.308159449684474,0.4146869181180034,-1.3188325612655274,0.9105467313239985,0,0,0,0
2022-02-12,1893201871382.25,93809558679.81,42.4322,18.4639,https://api.coinmarketcap.com/data-api/v3/global-metrics/quotes/historical,0,0,0,0,0,28.269290623453745,0.36507975215929095,-1.2564841837118954,0.8589531077229937,0,0,0,0
2022-02-13,1891821619436.48,70167467408.02,42.2879,18.4157,https://api.coinmarketcap.com/data-api/v3/global-metrics/quotes/historical,0,0,0,0,0,28.26856130063168,0.36414893839977996,-1.273379715882767,0.8458023268791633,0,0,0,0
2022-02-14,1878359557297.44,59350320353.98,42.5012,18.3134,https://api.coinmarketcap.com/data-api/v3/global-metrics/quotes/historical,0,0,0,0,0,28.261419935948833,0.3550346198739053,-1.2484052390148055,0.8178910223081279,0,0,0,0
2022-02-15,1899897565889.97,68851421413.85,42.496,18.4624,https://api.coinmarketcap.com/data-api/v3/global-metrics/quotes/historical,0,0,0,0,0,28.27282108795811,0.36958558255251567,-1.2490140870209625,0.8585438510577292,0,0,0,0
2022-02-16,2006110544466.53,77475297838.91,42.0733,18.9528,https://api.coinmarketcap.com/data-api/v3/global-metrics/quotes/historical,0,0,0,0,0,28.327218910862488,0.4390119607145783,-1.298506404752268,0.9923434968215202,0,0,0,0
2022-02-17,1983350838637.84,70785121330.72,42.0084,18.87,https://api.coinmarketcap.com/data-api/v3/global-metrics/quotes/historical,0,0,0,0,0,28.31580887298298,0.42444965725514366,-1.3061052962137345,0.9697525288989229,0,0,0,0
2022-02-18,1841059855052.45,84545554192.84,41.721,18.7513,https://api.coinmarketcap.com/data-api/v3/global-metrics/quotes/historical,0,0,0,0,0,28.241362529901085,0.3294359289176734,-1.339755857169442,0.9373666847876627,0,0,0,0
2022-02-19,1813268592522.52,75282111752.5,41.8544,18.3637,https://api.coinmarketcap.com/data-api/v3/global-metrics/quotes/historical,0,0,0,0,0,28.22615218483791,0.3100234026077939,-1.3241365640884004,0.8316147624833292,0,0,0,0
2022-02-20,1815074513996.24,53931450519.54,41.9095,18.2132,https://api.coinmarketcap.com/data-api/v3/global-metrics/quotes/historical,0,0,0,0,0,28.22714763734603,0.31129387003794157,-1.3176851169462307,0.7905526770684626,0,0,0,0
2022-02-21,1735862785646.88,65556633194.74,41.9233,18.0797,https://api.coinmarketcap.com/data-api/v3/global-metrics/quotes/historical,0,0,0,0,0,28.182525688516847,0.2543441590322519,-1.3160693280068132,0.7541288338599261,0,0,0,0
2022-02-22,1674156716081.72,99622055925.91,42.03,18.4152,https://api.coinmarketcap.com/data-api/v3/global-metrics/quotes/historical,0,0,0,0,0,28.14633070134498,0.2081495370272066,-1.3035762352650802,0.8456659079907412,0,0,0,0
2022-02-23,1723289051013.58,84882622303.56,42.096,18.3203,https://api.coinmarketcap.com/data-api/v3/global-metrics/quotes/historical,0,0,0,0,0,28.175255819713833,0.24506583439058605,-1.2958485490330813,0.8197736029683439,0,0,0,0
2022-02-24,1689631859713.11,109756861.8,41.8424,18.326,https://api.coinmarketcap.com/data-api/v3/global-metrics/quotes/historical,0,0,0,0,0,28.155531786644868,0.21989261778715521,-1.325541597948764,0.8213287782963491,0,0,0,0
2022-02-25,1710733287020.27,150946705399.02,42.4983,18.1827,https://api.coinmarketcap.com/data-api/v3/global-metrics/quotes/historical,0,0,0,0,0,28.16794321734376,0.23573297012530064,-1.248744788864393,0.782231124874752,0,0,0,0
2022-02-26,1776643564418.71,95210334276.42,41.8718,18.6417,https://api.coinmarketcap.com/data-api/v3/global-metrics/quotes/historical,0,0,0,0,0,28.20574706221221,0.28398093097532867,-1.322099264990873,0.9074636644456735,0,0,0,0
2022-02-27,1779018648489.38,69270988790.81,41.6992,18.7173,https://api.coinmarketcap.com/data-api/v3/global-metrics/quotes/historical,0,0,0,0,0,28.207083007125814,0.2856859590779881,-1.3423083353491023,0.9280902003750021,0,0,0,0
2022-02-28,1709714818781.76,81848489143.74,41.834,18.3535,https://api.coinmarketcap.com/data-api/v3/global-metrics/quotes/historical,0,0,0,0,0,28.16734769989277,0.23497292831577515,-1.3265251216510179,0.8288318171595307,0,0,0,0
2022-03-01,1908897877352.67,104290665882.84,42.9267,18.3181,https://api.coinmarketcap.com/data-api/v3/global-metrics/quotes/historical,0,0,0,0,0,28.277547163878566,0.37561733743823844,-1.1985850800494149,0.8191733598592899,0,0,0,0
2022-03-02,1944935693858.79,108651051093.03,43.2792,18.3128,https://api.coinmarketcap.com/data-api/v3/global-metrics/quotes/historical,0,0,0,0,0,28.29625003016899,0.3994872682271245,-1.157312210401235,0.8177273196420216,0,0,0,0
2022-03-03,1929361073402.29,97371440674.91,43.1965,18.3199,https://api.coinmarketcap.com/data-api/v3/global-metrics/quotes/historical,0,0,0,0,0,28.28821001398555,0.3892260266152718,-1.1669952354222408,0.819664467857607,0,0,0,0
2022-03-04,1873577424734.18,81407179034.33,42.9973,18.1299,https://api.coinmarketcap.com/data-api/v3/global-metrics/quotes/historical,0,0,0,0,0,28.25887078057881,0.35178120612931196,-1.1903187975042753,0.7678252902574431,0,0,0,0
2022-03-05,1749503595810.7,87933155136.57,42.4689,17.9424,https://api.coinmarketcap.com/data-api/v3/global-metrics/quotes/historical,0,0,0,0,0,28.19035320408825,0.26433419221951643,-1.252187121822284,0.7166682070993868,0,0,0,0
2022-03-06,1773221304629.7,56900344964.19,42.1674,18.0115,https://api.coinmarketcap.com/data-api/v3/global-metrics/quotes/historical,0,0,0,0,0,28.20381895453743,0.28152014255734503,-1.2874885975639176,0.7355212974792364,0,0,0,0
2022-03-07,1723621761763.7,62778297248.91,42.3183,17.7674,https://api.coinmarketcap.com/data-api/v3/global-metrics/quotes/historical,0,0,0,0,0,28.175448868370573,0.24531221684361343,-1.2698202967698462,0.6689215961518675,0,0,0,0
2022-03-08,1702978646889.8,85575511798.21,42.3966,17.5731,https://api.coinmarketcap.com/data-api/v3/global-metrics/quotes/historical,0,0,0,0,0,28.163399979004243,0.22993456558999373,-1.2606524508309742,0.6159092161112797,0,0,0,0
2022-03-09,1735324509581.52,78427169255.7,42.3671,17.8042,https://api.coinmarketcap.com/data-api/v3/global-metrics/quotes/historical,0,0,0,0,0,28.182215549060867,0.2539483369569514,-1.2641064924043677,0.6789620263396896,0,0,0,0
2022-03-10,1840926736254.95,94837875191.79,43.2686,17.7708,https://api.coinmarketcap.com/data-api/v3/global-metrics/quotes/historical,0,0,0,0,0,28.241290221762934,0.32934364411884465,-1.1585533236445567,0.6698492445931344,0,0,0,0
2022-03-11,1757146126223.41,91138959524.2,42.5966,17.798,https://api.coinmarketcap.com/data-api/v3/global-metrics/quotes/historical,0,0,0,0,0,28.19471208970222,0.2698973126688901,-1.2372352198249148,0.6772704321232622,0,0,0,0
2022-03-12,1732014742949.07,81531503641.3,42.5084,17.7209,https://api.coinmarketcap.com/data-api/v3/global-metrics/quotes/historical,0,0,0,0,0,28.18030643812787,0.2515117935346076,-1.2475622186985869,0.6562346395286701,0,0,0,0
2022-03-13,1735530252915.07,54584860570.58,42.5209,17.7797,https://api.coinmarketcap.com/data-api/v3/global-metrics/quotes/historical,0,0,0,0,0,28.182334103911398,0.2540996451058151,-1.2460986417607087,0.672277500807036,0,0,0,0
2022-03-14,1696301916874.15,60253823259.04,42.3333,17.8048,https://api.coinmarketcap.com/data-api/v3/global-metrics/quotes/historical,0,0,0,0,0,28.15947165447996,0.22492095788651123,-1.2680640044443916,0.6791257290057949,0,0,0,0
2022-03-15,1754651434997.2,74252010392.71,42.9104,17.71,https://api.coinmarketcap.com/data-api/v3/global-metrics/quotes/historical,0,0,0,0,0,28.193291340583087,0.2680840513956987,-1.200493584376408,0.6532607077610819,0,0,0,0
2022-03-16,1749724151838.29,74221804325.22,42.6697,17.9616,https://api.coinmarketcap.com/data-api/v3/global-metrics/quotes/historical,0,0,0,0,0,28.19047926391847,0.2644950787582885,-1.2286762218922005,0.7219066924147722,0,0,0,0
2022-03-17,1825738833245.35,104698803910.01,42.7761,18.2175,https://api.coinmarketcap.com/data-api/v3/global-metrics/quotes/historical,0,0,0,0,0,28.233005861171783,0.3187705527610675,-1.216218254996977,0.7917258795088874,0,0,0,0
2022-03-18,1831023941249.34,76803452930.49,42.4504,18.4425,https://api.coinmarketcap.com/data-api/v3/global-metrics/quotes/historical,0,0,0,0,0,28.235896457040266,0.3224597372019913,-1.2543532156903439,0.8531143792985543,0,0,0,0
2022-03-19,1877294040726.05,97069363443.27,42.2608,18.8196,https://api.coinmarketcap.com/data-api/v3/global-metrics/quotes/historical,0,0,0,0,0,28.260852515886164,0.35431043795366796,-1.2765527506840877,0.9560015049460375,0,0,0,0
2022-03-20,1900933342870.07,82866120368.12,42.146,18.6119,https://api.coinmarketcap.com/data-api/v3/global-metrics/quotes/historical,0,0,0,0,0,28.273366114574976,0.37028118436138646,-1.289994241281566,0.8993330986957526,0,0,0,0
2022-03-21,1858489052537.3,80142662841.44,42.1553,18.4786,https://api.coinmarketcap.com/data-api/v3/global-metrics/quotes/historical,0,0,0,0,0,28.250784936183344,0.3414614752873981,-1.2889053400397847,0.8629638230425857,0,0,0,0
2022-03-22,1869269060178.52,89532075389.3,41.713,18.6036,https://api.coinmarketcap.com/data-api/v3/global-metrics/quotes/historical,0,0,0,0,0,28.25656859347287,0.3488429908831289,-1.340692546409684,0.8970685451479564,0,0,0,0
2022-03-23,1917114273924.95,100378436422.7,41.9801,18.6191,https://api.coinmarketcap.com/data-api/v3/global-metrics/quotes/historical,0,0,0,0,0,28.281842189026538,0.3810989546099921,-1.309418834401092,0.9012975306890223,0,0,0,0
2022-03-24,1951616316096.99,95065418239.22,41.7377,18.6502,https://api.coinmarketcap.com/data-api/v3/global-metrics/quotes/historical,0,0,0,0,0,28.29967902522258,0.40386359607621525,-1.337800518380436,0.9097827855488391,0,0,0,0
2022-03-25,1995485207938.21,109920283154.75,41.8434,18.7057,https://api.coinmarketcap.com/data-api/v3/global-metrics/quotes/historical,0,0,0,0,0,28.321908348698233,0.43223424283206724,-1.325424511793733,0.9249252821636234,0,0,0,0
2022-03-26,1991293918291.93,91336161229.3,42.3023,18.7388,https://api.coinmarketcap.com/data-api/v3/global-metrics/quotes/historical,0,0,0,0,0,28.319805753566836,0.42955076108738965,-1.2716936752503307,0.9339562125771258,0,0,0,0
2022-03-27,2012084245260.48,59910844731.47,42.0125,18.7652,https://api.coinmarketcap.com/data-api/v3/global-metrics/quotes/historical,0,0,0,0,0,28.330192238691286,0.4428067335790138,-1.3056252429781101,0.9411591298857798,0,0,0,0
2022-03-28,2103474483298.77,85919528862.64,42.2824,18.7995,https://api.coinmarketcap.com/data-api/v3/global-metrics/quotes/historical,0,0,0,0,0,28.374611609310953,0.49949789983731857,-1.2740236897354336,0.9505174656314931,0,0,0,0
2022-03-29,2112204792356.44,120398068878.97,42.3733,18.9802,https://api.coinmarketcap.com/data-api/v3/global-metrics/quotes/historical,0,0,0,0,0,28.378753443149517,0.5047840033430782,-1.2633805582431799,0.9998192519070175,0,0,0,0
2022-03-30,2141883962333.05,116373259989.19,42.0961,19.0859,https://api.coinmarketcap.com/data-api/v3/global-metrics/quotes/historical,0,0,0,0,0,28.392706913906444,0.5225924170942429,-1.2958368404175777,1.0286582049193187,0,0,0,0
2022-03-31,2142202038307.02,112602389245.96,41.738,18.9908,https://api.coinmarketcap.com/data-api/v3/global-metrics/quotes/historical,0,0,0,0,0,28.392855405778224,0.5227819330030379,-1.3377653925339266,1.002711332341553,0,0,0,0
2022-04-01,2082095621891.59,128634994317.65,41.5615,18.9437,https://api.coinmarketcap.com/data-api/v3/global-metrics/quotes/historical,0,0,0,0,0,28.36439601296849,0.48646002778737496,-1.3584310988967734,0.9898606730522492,0,0,0,0
2022-04-02,2139468598908.0,128343448828.44,41.1035,19.3812,https://api.coinmarketcap.com/data-api/v3/global-metrics/quotes/historical,0,0,0,0,0,28.39157859585893,0.5211523771942742,-1.4120565579006494,1.109227200421047,0,0,0,0
2022-04-03,2129598041309.94,114237935539.1,40.9215,19.4471,https://api.coinmarketcap.com/data-api/v3/global-metrics/quotes/historical,0,0,0,0,0,28.386954364841316,0.5152506040313656,-1.4333662381161625,1.1272072099149983,0,0,0,0
2022-04-04,2166647653492.07,94103285157.76,40.7369,19.5477,https://api.coinmarketcap.com/data-api/v3/global-metrics/quotes/historical,0,0,0,0,0,28.404202228812174,0.5372635571716702,-1.4549803423347554,1.1546546902654007,0,0,0,0
2022-04-05,2160036369638.58,110814687356.14,41.017,19.6021,https://api.coinmarketcap.com/data-api/v3/global-metrics/quotes/historical,0,0,0,0,0,28.401146175278505,0.5333632038673666,-1.422184510310769,1.1694970653256584,0,0,0,0
2022-04-06,2110999077617.25,100157035046.16,41.0054,19.4362,https://api.coinmarketcap.com/data-api/v3/global-metrics/quotes/historical,0,0,0,0,0,28.378182447853494,0.5040552584552517,-1.4235427097091207,1.12423327814741,0,0,0,0
2022-04-07,1980493912054.59,126688200867.83,41.4613,19.2612,https://api.coinmarketcap.com/data-api/v3/global-metrics/quotes/historical,0,0,0,0,0,28.314367380060002,0.4226099212612129,-1.3701631316308092,1.0764866671998907,0,0,0,0
2022-04-08,2013774280303.93,87427165744.16,41.0586,19.3129,https://api.coinmarketcap.com/data-api/v3/global-metrics/quotes/historical,0,0,0,0,0,28.33103182862322,0.4438782780821471,-1.4173137262615094,1.0905923802626722,0,0,0,0
2022-04-09,1956014446768.46,89756927838.7,41.0878,19.6317,https://api.coinmarketcap.com/data-api/v3/global-metrics/quotes/historical,0,0,0,0,0,28.301930073387343,0.40673654416133465,-1.4138948105346245,1.1775730635202097,0,0,0,0
2022-04-10,1986574058614.36,57912192000.66,40.9331,19.7532,https://api.coinmarketcap.com/data-api/v3/global-metrics/quotes/historical,0,0,0,0,0,28.317432692459764,0.4265220913902428,-1.432008038717811,1.2107228534066303,0,0,0,0
2022-04-11,1957656513477.26,61256177404.82,40.9791,19.7416,https://api.coinmarketcap.com/data-api/v3/global-metrics/quotes/historical,0,0,0,0,0,28.30276921741444,0.4078075195689365,-1.4266220755864174,1.2075579351952517,0,0,0,0
2022-04-12,1827232552985.02,102579491470.54,41.1216,19.6329,https://api.coinmarketcap.com/data-api/v3/global-metrics/quotes/historical,0,0,0,0,0,28.23382367202492,0.319814301251786,-1.4099372984946006,1.1779004688524215,0,0,0,0
2022-04-13,1864839919149.3,94789049760.13,40.9035,19.5575,https://api.coinmarketcap.com/data-api/v3/global-metrics/quotes/historical,0,0,0,0,0,28.25419633110406,0.34581534059266966,-1.435473788906708,1.1573285004784624,0,0,0,0
2022-04-14,1910202868623.24,83749269604.51,40.9671,19.6495,https://api.coinmarketcap.com/data-api/v3/global-metrics/quotes/historical,0,0,0,0,0,28.278230566285654,0.37648954429171366,-1.428027109446781,1.1824295759480148,0,0,0,0
2022-04-15,1860534665195.87,78603106396.79,40.8099,19.5394,https://api.coinmarketcap.com/data-api/v3/global-metrics/quotes/historical,0,0,0,0,0,28.251885016752937,0.34286547650574734,-1.4464330530175438,1.1523901367176044,0,0,0,0
2022-04-16,1884081931511.96,63399692524.91,40.923,19.4316,https://api.coinmarketcap.com/data-api/v3/global-metrics/quotes/historical,0,0,0,0,0,28.264461779200815,0.35891683700404714,-1.433190608883617,1.1229782243739324,0,0,0,0
2022-04-17,1885057863724.37,50373706394.03,40.7707,19.559,https://api.coinmarketcap.com/data-api/v3/global-metrics/quotes/historical,0,0,0,0,0,28.264979633293386,0.35957775930100777,-1.4510228302947314,1.1577377571437268,0,0,0,0
2022-04-18,1846230971848.56,57929287845.83,40.9073,19.5245,https://api.coinmarketcap.com/data-api/v3/global-metrics/quotes/historical,0,0,0,0,0,28.244167364360315,0.33301565853646325,-1.435028861517593,1.148324853842644,0,0,0,0
2022-04-19,1892298042872.79,93897901021.16,41.0268,19.4598,https://api.coinmarketcap.com/data-api/v3/global-metrics/quotes/historical,0,0,0,0,0,28.26881310209746,0.36447030537462566,-1.4210370659914724,1.1306722496809045,0,0,0,0
2022-04-20,1925877976585.35,80931927000.78,40.9796,19.413,https://api.coinmarketcap.com/data-api/v3/global-metrics/quotes/historical,0,0,0,0,0,28.286403071422725,0.3869198777477993,-1.4265635325089028,1.1179034417246534,0,0,0,0
2022-04-21,1914112895269.67,90783115660.59,41.1053,19.3694,https://api.coinmarketcap.com/data-api/v3/global-metrics/quotes/historical,0,0,0,0,0,28.280275391164274,0.379099295522895,-1.4118458028215946,1.1060077146542997,0,0,0,0
2022-04-22,1869964856358.09,104503927703.89,41.2172,19.2454,https://api.coinmarketcap.com/data-api/v3/global-metrics/quotes/historical,0,0,0,0,0,28.25694075322705,0.34931796768276496,-1.3987438620737045,1.0721758303257722,0,0,0,0
2022-04-23,1851001110959.29,83735005991.95,40.8326,19.2989,https://api.coinmarketcap.com/data-api/v3/global-metrics/quotes/historical,0,0,0,0,0,28.246747749713833,0.3363089302115467,-1.4437751972983561,1.0867726513868707,0,0,0,0
2022-04-24,1836887852587.82,54999242858.47,40.8825,19.2715,https://api.coinmarketcap.com/data-api/v3/global-metrics/quotes/historical,0,0,0,0,0,28.23909387108066,0.32654050485880065,-1.437932598162344,1.0792968963013736,0,0,0,0
2022-04-25,1828331719908.61,55986249711.75,41.064,19.266,https://api.coinmarketcap.com/data-api/v3/global-metrics/quotes/historical,0,0,0,0,0,28.234425038530695,0.32058180804185415,-1.4166814610243457,1.0777962885287369,0,0,0,0
2022-04-26,1866741324696.47,101627136740.13,41.2223,19.4289,https://api.coinmarketcap.com/data-api/v3/global-metrics/quotes/historical,0,0,0,0,0,28.255215419574856,0.34711597392276816,-1.3981467226830502,1.1222415623764561,0,0,0,0
2022-04-27,1758264083993.15,94893107536.81,41.2418,19.254,https://api.coinmarketcap.com/data-api/v3/global-metrics/quotes/historical,0,0,0,0,0,28.195348122336014,0.27070906284195717,-1.3958635426599593,1.0745222352066222,0,0,0,0
2022-04-28,1800422932555.41,84135423411.7,41.4644,19.3437,https://api.coinmarketcap.com/data-api/v3/global-metrics/quotes/historical,0,0,0,0,0,28.21904271576208,0.300949791528581,-1.3698001645502156,1.0989957837894353,0,0,0,0
2022-04-29,1817880992312.91,94410919785.74,41.6226,19.4782,https://api.coinmarketcap.com/data-api/v3/global-metrics/quotes/historical,0,0,0,0,0,28.228692648767208,0.3132657237163511,-1.3512771348244228,1.135692464774815,0,0,0,0
2022-04-30,1755332617995.95,93640423923.76,41.8469,19.3413,https://api.coinmarketcap.com/data-api/v3/global-metrics/quotes/historical,0,0,0,0,0,28.193679480812225,0.2685794236163001,-1.3250147102511276,1.0983409731250129,0,0,0,0
2022-05-01,1693345382417.17,80072582373.27,42.3766,19.4428,https://api.coinmarketcap.com/data-api/v3/global-metrics/quotes/historical,0,0,0,0,0,28.157727204426205,0.22269456641253957,-1.2629941739315795,1.1260340074745734,0,0,0,0
2022-05-02,1736689493706.14,83494798193.63,42.1501,19.6374,https://api.coinmarketcap.com/data-api/v3/global-metrics/quotes/historical,0,0,0,0,0,28.183001827107933,0.25495184103343055,-1.2895141880459418,1.179128238848215,0,0,0,0
2022-05-03,1736808174629.35,86935756863.3,42.213,19.8438,https://api.coinmarketcap.com/data-api/v3/global-metrics/quotes/historical,0,0,0,0,0,28.183070162218296,0.25503905517106545,-1.282149468894536,1.2354419559886038,0,0,0,0
2022-05-04,1707255031148.14,72536850733.48,42.077,19.6668,https://api.coinmarketcap.com/data-api/v3/global-metrics/quotes/historical,0,0,0,0,0,28.165907951714377,0.2331354190892227,-1.2980731859786567,1.1871496694873978,0,0,0,0
2022-05-05,1803486551946.1,98326938726.04,41.8892,19.6706,https://api.coinmarketcap.com/data-api/v3/global-metrics/quotes/historical,0,0,0,0,0,28.220742880620175,0.30311966307993976,-1.3200619658933457,1.1881864530394015,0,0,0,0
2022-05-06,1677074080534.15,114325090368.92,41.505,19.7788,https://api.coinmarketcap.com/data-api/v3/global-metrics/quotes/historical,0,0,0,0,0,28.148071772232928,0.21037161576896388,-1.3650464666559852,1.2177075004938105,0,0,0,0
2022-05-07,1655749859058.39,92837625017.16,41.4295,19.6415,https://api.coinmarketcap.com/data-api/v3/global-metrics/quotes/historical,0,0,0,0,0,28.135275109188978,0.19403960245910237,-1.373886471360773,1.1802468737332714,0,0,0,0
2022-05-08,1620601533242.5,76921052027.91,41.6968,19.6313,https://api.coinmarketcap.com/data-api/v3/global-metrics/quotes/historical,0,0,0,0,0,28.11381851306817,0.16665516542065067,-1.3425893421211743,1.1774639284094728,0,0,0,0
2022-05-09,1565264594253.84,103112492774.63,41.4185,19.4167,https://api.coinmarketcap.com/data-api/v3/global-metrics/quotes/historical,0,0,0,0,0,28.079075995440736,0.12231428855606609,-1.3751744190661057,1.118912941498972,0,0,0,0
2022-05-10,1380631810481.0,159101117269.94,41.7559,19.6205,https://api.coinmarketcap.com/data-api/v3/global-metrics/quotes/historical,0,0,0,0,0,27.953562344005682,-0.037875177929551654,-1.3356695503588847,1.174517280419569,0,0,0,0
2022-05-11,1415452718527.68,170212438067.64,41.7182,19.9851,https://api.coinmarketcap.com/data-api/v3/global-metrics/quotes/historical,0,0,0,0,0,27.978470538275474,-0.006085565360893163,-1.340083698403526,1.2739939338565143,0,0,0,0
2022-05-12,1259685975101.05,213727678738.79,43.731,19.863,https://api.coinmarketcap.com/data-api/v3/global-metrics/quotes/historical,0,0,0,0,0,27.86188357971967,-0.1548821502479072,-1.1044126855585479,1.240680441303988,0,0,0,0
2022-05-13,1259790492542.045,166829728905.74,43.9898,19.5835,https://api.coinmarketcap.com/data-api/v3/global-metrics/quotes/historical,1,0,0,0,0,27.861966547306306,-0.15477626110129403,-1.0741107886367072,1.1644222826763793,0,0,0,0
2022-05-14,1259895009983.04,119931779072.69,44.2486,19.304,https://api.coinmarketcap.com/data-api/v3/global-metrics/quotes/historical,0,0,0,0,0,27.862049508009893,-0.15467038073931827,-1.0438088917148667,1.0881641240487696,0,0,0,0
2022-05-15,1290062500750.44,90067337736.89,44.4245,19.2511,https://api.coinmarketcap.com/data-api/v3/global-metrics/quotes/historical,0,0,0,0,0,27.885711783322595,-0.12447089873206474,-1.0232134370450379,1.0737310056537774,0,0,0,0
2022-05-16,1340727354741.77,76918927624.34,44.4585,19.3324,https://api.coinmarketcap.com/data-api/v3/global-metrics/quotes/historical,0,0,0,0,0,27.924233384673723,-0.07530688590910953,-1.019232507774008,1.0959127169111103,0,0,0,0
2022-05-17,1276945482042.39,88943005329.11,44.5311,19.1369,https://api.coinmarketcap.com/data-api/v3/global-metrics/quotes/historical,0,0,0,0,0,27.875491999853352,-0.1375141146915942,-1.0107320529188084,1.0425729315383105,0,0,0,0
2022-05-18,1310623492596.71,78334689676.88,44.2063,19.2706,https://api.coinmarketcap.com/data-api/v3/global-metrics/quotes/historical,0,0,0,0,0,27.90152408846113,-0.10429010807631338,-1.0487616360726488,1.0790513423022154,0,0,0,0
2022-05-19,1226040356031.56,79312434278.8,44.6101,18.8897,https://api.coinmarketcap.com/data-api/v3/global-metrics/quotes/historical,0,0,0,0,0,27.834810869729175,-0.18943427202998553,-1.001482246671415,0.9751274331027294,0,0,0,0
2022-05-20,1284446454170.97,84007749705.03,44.9443,18.9877,https://api.coinmarketcap.com/data-api/v3/global-metrics/quotes/historical,0,0,0,0,0,27.881348966501317,-0.13003903646835382,-0.9623520536602909,1.0018655352333399,0,0,0,0
2022-05-21,1247747612485.61,76165061493.88,44.5702,18.9961,https://api.coinmarketcap.com/data-api/v3/global-metrics/quotes/historical,0,0,0,0,0,27.852361131838567,-0.1670353768353781,-1.006153984257124,1.0041573725588202,0,0,0,0
2022-05-22,1259469044786.43,50221546604.78,44.5083,18.9495,https://api.coinmarketcap.com/data-api/v3/global-metrics/quotes/historical,0,0,0,0,0,27.8617113550543,-0.15510195563916016,-1.0134016172534996,0.9914431321579386,0,0,0,0
2022-05-23,1294498240079.56,60071895372.73,44.6067,19.0759,https://api.coinmarketcap.com/data-api/v3/global-metrics/quotes/historical,0,0,0,0,0,27.889144276600238,-0.12009010620014168,-1.0018803395985187,1.0259298271508897,0,0,0,0
2022-05-24,1251603961234.32,83845649277.51,44.2864,19.05,https://api.coinmarketcap.com/data-api/v3/global-metrics/quotes/historical,0,0,0,0,0,27.855447013672467,-0.1630969545286541,-1.039383035054722,1.0188633287306568,0,0,0,0
2022-05-25,1269044934413.2,70618686606.32,44.5116,18.8536,https://api.coinmarketcap.com/data-api/v3/global-metrics/quotes/historical,0,0,0,0,0,27.869285713342965,-0.14543501981696463,-1.0130152329418993,0.965277989358698,0,0,0,0
2022-05-26,1259528121492.91,70677604885.02,44.7126,18.6726,https://api.coinmarketcap.com/data-api/v3/global-metrics/quotes/historical,0,0,0,0,0,27.86175825999511,-0.15504209221109538,-0.9894809157808099,0.9158943517501209,0,0,0,0
2022-05-27,1215915464317.68,95985042148.4,45.8416,17.935,https://api.coinmarketcap.com/data-api/v3/global-metrics/quotes/historical,0,0,0,0,0,27.826518377580342,-0.20001774146115778,-0.8572906467516067,0.7146492075507488,0,0,0,0
2022-05-28,1184959234425.29,94646223757.36,46.0219,17.6048,https://api.coinmarketcap.com/data-api/v3/global-metrics/quotes/historical,0,0,0,0,0,27.800729488595035,-0.23293135938701978,-0.8361800129996442,0.6245581736372019,0,0,0,0
2022-05-29,1209009255029.13,53368296305.52,45.7336,17.932,https://api.coinmarketcap.com/data-api/v3/global-metrics/quotes/historical,0,0,0,0,0,27.820822342642845,-0.20728742716696483,-0.8699359514948782,0.7138306942202198,0,0,0,0
2022-05-30,1224305629472.27,50284426004.87,45.8227,17.9041,https://api.coinmarketcap.com/data-api/v3/global-metrics/quotes/historical,0,0,0,0,0,27.833394966130772,-0.19124134910431154,-0.8595035750816795,0.7062185202463014,0,0,0,0
2022-05-31,1313815238862.78,90273700055.32,46.0102,18.3848,https://api.coinmarketcap.com/data-api/v3/global-metrics/quotes/historical,0,0,0,0,0,27.903956416411027,-0.10118579781079848,-0.8375499210134991,0.8373716395747149,0,0,0,0
2022-06-01,1309096207704.8,88598223382.43,46.2762,17.9517,https://api.coinmarketcap.com/data-api/v3/global-metrics/quotes/historical,0,0,0,0,0,27.90035809725622,-0.10577822914446808,-0.80640500377544,0.7192055984240263,0,0,0,0
2022-06-02,1234102908925.65,97264390742.05,46.0094,17.8758,https://api.coinmarketcap.com/data-api/v3/global-metrics/quotes/historical,0,0,0,0,0,27.841365432525897,-0.18106887188865697,-0.8376435899375232,0.698497211161646,0,0,0,0
2022-06-03,1257315278519.81,71963363050.54,46.1783,17.655,https://api.coinmarketcap.com/data-api/v3/global-metrics/quotes/historical,0,0,0,0,0,27.859999832320764,-0.15728632292055597,-0.8178677383529062,0.6382546300347188,0,0,0,0
2022-06-04,1224144161697.26,62692992854.92,46.2449,17.552,https://api.coinmarketcap.com/data-api/v3/global-metrics/quotes/historical,0,0,0,0,0,27.83326307224769,-0.19140968147710272,-0.8100698004278885,0.6101523390198929,0,0,0,0
2022-06-05,1233065389887.51,44175826409.59,46.1115,17.6876,https://api.coinmarketcap.com/data-api/v3/global-metrics/quotes/historical,0,0,0,0,0,27.840524371865545,-0.1821422934402054,-0.82568909350893,0.6471491415597992,0,0,0,0
2022-06-06,1234089501735.15,45151931584.01,46.1904,17.7111,https://api.coinmarketcap.com/data-api/v3/global-metrics/quotes/historical,0,0,0,0,0,27.841354568550752,-0.18108273726794072,-0.8164509958770401,0.6535608293156084,0,0,0,0
2022-06-07,1276723377196.49,72936300242.03,46.8338,17.6324,https://api.coinmarketcap.com/data-api/v3/global-metrics/quotes/historical,0,0,0,0,0,27.87531805024696,-0.13773612157550455,-0.741117763730548,0.6320884962780676,0,0,0,0
2022-06-08,1261682263786.71,92670845981.42,47.0657,17.4103,https://api.coinmarketcap.com/data-api/v3/global-metrics/quotes/historical,0,0,0,0,0,27.86346707638787,-0.15286117895466128,-0.7139654843790222,0.5714912260412446,0,0,0,0
2022-06-09,1238829879210.49,72744502058.87,46.4924,17.5326,https://api.coinmarketcap.com/data-api/v3/global-metrics/quotes/historical,0,0,0,0,0,27.84518840423351,-0.17618972295760146,-0.7810909770578901,0.6048592861491391,0,0,0,0
2022-06-10,1237318651528.38,58778745667.02,46.3917,17.5187,https://api.coinmarketcap.com/data-api/v3/global-metrics/quotes/historical,0,0,0,0,0,27.84396777643111,-0.17774757514506007,-0.7928815528694412,0.6010668410510219,0,0,0,0
2022-06-11,1187216558811.33,70660931568.92,46.7029,16.9883,https://api.coinmarketcap.com/data-api/v3/global-metrics/quotes/historical,0,0,0,0,0,27.802632657048083,-0.23050240018106685,-0.7564443414240133,0.4563536842135126,0,0,0,0
2022-06-12,1139214785477.76,70005818026.08,47.473,16.2683,https://api.coinmarketcap.com/data-api/v3/global-metrics/quotes/historical,0,0,0,0,0,27.76136035634518,-0.2831770515408289,-0.666276293435183,0.2599104848865771,0,0,0,0
2022-06-13,1081333363726.9,83361542617.46,47.1652,16.184,https://api.coinmarketcap.com/data-api/v3/global-metrics/quotes/historical,0,0,0,0,0,27.709215991621097,-0.3497274057842032,-0.7023154119535079,0.23691026029871534,0,0,0,0
2022-06-14,944917063345.24,152394396672.49,45.376,15.4455,https://api.coinmarketcap.com/data-api/v3/global-metrics/quotes/historical,0,0,0,0,0,27.57436299693287,-0.521836407682478,-0.9118059605337124,0.03541956210018417,0,0,0,0
2022-06-15,943479821065.54,115227136776.74,44.8693,15.5598,https://api.coinmarketcap.com/data-api/v3/global-metrics/quotes/historical,0,0,0,0,0,27.57284081420838,-0.5237791257513229,-0.9711335152875625,0.06660491999333525,0,0,0,0
2022-06-16,968860131733.83,126848423848.75,44.4301,15.4275,https://api.coinmarketcap.com/data-api/v3/global-metrics/quotes/historical,0,0,0,0,0,27.599386095522796,-0.4899001460319954,-1.0225577545768683,0.030508482117011074,0,0,0,0
2022-06-17,880972456707.04,75567867300.0,44.1221,14.6908,https://api.coinmarketcap.com/data-api/v3/global-metrics/quotes/historical,0,0,0,0,0,27.504292198724222,-0.6112657538366906,-1.0586202903261992,-0.17049110808320245,0,0,0,0
2022-06-18,891411077791.7,62276843388.07,43.7969,14.7731,https://api.coinmarketcap.com/data-api/v3/global-metrics/quotes/historical,0,0,0,0,0,27.516071524789883,-0.5962321384773711,-1.0966967079420513,-0.14803655904902632,0,0,0,0
2022-06-19,839650962999.44,87173093137.72,43.1871,14.3437,https://api.coinmarketcap.com/data-api/v3/global-metrics/quotes/historical,0,0,0,0,0,27.456252122192552,-0.6725779230035522,-1.1680958452795256,-0.2651931004253959,0,0,0,0
2022-06-20,901399351176.46,79134402796.83,43.4868,15.1665,https://api.coinmarketcap.com/data-api/v3/global-metrics/quotes/historical,0,0,0,0,0,27.527214227407338,-0.5820110273305754,-1.133005124616946,-0.04070217763900342,0,0,0,0
2022-06-21,906369414385.51,73377981928.47,43.3419,15.0838,https://api.coinmarketcap.com/data-api/v3/global-metrics/quotes/historical,0,0,0,0,0,27.532712802032513,-0.574993354547038,-1.1499709084808356,-0.0632658617839165,0,0,0,0
2022-06-22,913620025532.34,70911680866.03,43.2466,14.9326,https://api.coinmarketcap.com/data-api/v3/global-metrics/quotes/historical,0,0,0,0,0,27.540680594973452,-0.5648242893841361,-1.161129219055223,-0.10451893364257282,0,0,0,0
2022-06-23,883095045011.47,65176705807.12,43.1704,14.4378,https://api.coinmarketcap.com/data-api/v3/global-metrics/quotes/historical,0,0,0,0,0,27.506698670502324,-0.6081944430602189,-1.1700511840685315,-0.23951906562447298,0,0,0,0
2022-06-24,929596227295.69,61523435492.31,43.267,14.9161,https://api.coinmarketcap.com/data-api/v3/global-metrics/quotes/historical,0,0,0,0,0,27.558016164618966,-0.5426994000116355,-1.1587406614926046,-0.10902075696048194,0,0,0,0
2022-06-25,955238172988.68,66174094513.22,42.4017,15.5771,https://api.coinmarketcap.com/data-api/v3/global-metrics/quotes/historical,0,0,0,0,0,27.585226542132844,-0.5079715771255661,-1.2600553114403197,0.07132501353271871,0,0,0,0
2022-06-26,965084267347.38,50874543851.27,42.4985,15.6262,https://api.coinmarketcap.com/data-api/v3/global-metrics/quotes/historical,0,0,0,0,0,27.595481258148947,-0.4948837777603227,-1.248721371633387,0.08472134837570863,0,0,0,0
2022-06-27,941715698414.9,51243900209.17,42.5996,15.4557,https://api.coinmarketcap.com/data-api/v3/global-metrics/quotes/historical,0,0,0,0,0,27.57096925961646,-0.5261677370947931,-1.236883961359824,0.03820250742398273,0,0,0,0
2022-06-28,934175654099.83,54885227157.38,42.3442,15.5,https://api.coinmarketcap.com/data-api/v3/global-metrics/quotes/historical,0,0,0,0,0,27.56293032398101,-0.536427599634299,-1.2667877653545614,0.05028922093812607,0,0,0,0
2022-06-29,908640044126.71,57125007131.97,42.5861,15.2839,https://api.coinmarketcap.com/data-api/v3/global-metrics/quotes/historical,0,0,0,0,0,27.535214861639002,-0.5718000477720695,-1.2384646244527329,-0.008671022637639183,0,0,0,0
2022-06-30,896757783095.82,62401180840.2,42.7807,14.8734,https://api.coinmarketcap.com/data-api/v3/global-metrics/quotes/historical,0,0,0,0,0,27.522051632547033,-0.5885998987951399,-1.2156796586838372,-0.12067093003167659,0,0,0,0
2022-07-01,884026054929.61,65299942090.58,42.7439,14.6589,https://api.coinmarketcap.com/data-api/v3/global-metrics/quotes/historical,0,0,0,0,0,27.507752373051982,-0.6068496327759636,-1.219988429188953,-0.17919463316449316,0,0,0,0
2022-07-02,868145263703.86,68822231399.92,42.3618,14.8187,https://api.coinmarketcap.com/data-api/v3/global-metrics/quotes/historical,0,0,0,0,0,27.489624892102093,-0.6299852157893666,-1.264727049026028,-0.13559515642498696,0,0,0,0
2022-07-03,870694559732.85,44011118725.7,42.174,14.8682,https://api.coinmarketcap.com/data-api/v3/global-metrics/quotes/historical,0,0,0,0,0,27.49255707460808,-0.6262429555180564,-1.286715828940718,-0.1220896864712601,0,0,0,0
2022-07-04,873658987260.77,39463136646.21,42.1532,14.9208,https://api.coinmarketcap.com/data-api/v3/global-metrics/quotes/historical,0,0,0,0,0,27.495955961705125,-0.6219050535887011,-1.2891512209653482,-0.10773841940932008,0,0,0,0
2022-07-05,911335062932.44,53360378667.25,42.3624,15.3314,https://api.coinmarketcap.com/data-api/v3/global-metrics/quotes/historical,0,0,0,0,0,27.53817646343798,-0.5680202405025243,-1.26465679733301,0.004288771762402047,0,0,0,0
2022-07-06,905158500281.15,64540257339.01,42.5774,15.2217,https://api.coinmarketcap.com/data-api/v3/global-metrics/quotes/historical,0,0,0,0,0,27.5313759037436,-0.576699599415208,-1.239483274001497,-0.025641532357271395,0,0,0,0
2022-07-07,923318115009.18,59198855208.79,42.4769,15.6117,https://api.coinmarketcap.com/data-api/v3/global-metrics/quotes/historical,0,0,0,0,0,27.55123966538434,-0.5513480512509517,-1.2512504325820413,0.08076520061148564,0,0,0,0
2022-07-08,958373466358.13,59383106871.45,43.0949,15.6838,https://api.coinmarketcap.com/data-api/v3/global-metrics/quotes/historical,0,0,0,0,0,27.588503378571815,-0.5037894449437849,-1.1788911887733184,0.10043680432186322,0,0,0,0
2022-07-09,956068228844.79,86167770987.68,43.3738,15.5305,https://api.coinmarketcap.com/data-api/v3/global-metrics/quotes/historical,0,0,0,0,0,27.58609511653567,-0.5068630405751511,-1.146235860135369,0.05861077313183654,0,0,0,0
2022-07-10,956960576045.51,54247860579.89,43.0712,15.4484,https://api.coinmarketcap.com/data-api/v3/global-metrics/quotes/historical,0,0,0,0,0,27.58702803219607,-0.5056723871266469,-1.1816661306475371,0.036210791653028866,0,0,0,0
2022-07-11,927919604901.18,55230620788.84,42.913,15.2964,https://api.coinmarketcap.com/data-api/v3/global-metrics/quotes/historical,0,0,0,0,0,27.556210933330195,-0.5450033648292069,-1.20018916037333,-0.005260550427101813,0,0,0,0
2022-07-12,889072921269.98,53495882651.63,42.8833,14.9959,https://api.coinmarketcap.com/data-api/v3/global-metrics/quotes/historical,0,0,0,0,0,27.51344509527181,-0.5995841749965224,-1.2036666191777294,-0.08724830236841308,0,0,0,0
2022-07-13,863767929602.87,55226540928.34,42.7148,14.606,https://api.coinmarketcap.com/data-api/v3/global-metrics/quotes/historical,0,0,0,0,0,27.48456996967435,-0.6364366680223953,-1.2233956363003344,-0.19362775155948586,0,0,0,0
2022-07-14,900717591718.62,71605337185.61,42.8439,15.0251,https://api.coinmarketcap.com/data-api/v3/global-metrics/quotes/historical,0,0,0,0,0,27.526457606708494,-0.5829766805857718,-1.2082798136859232,-0.0792814392845986,0,0,0,0
2022-07-15,924679773714.18,69477851265.52,42.4781,15.6635,https://api.coinmarketcap.com/data-api/v3/global-metrics/quotes/historical,0,0,0,0,0,27.55271332394178,-0.5494672631820897,-1.2511099291960053,0.09489819745195131,0,0,0,0
2022-07-16,935912347104.07,64033096683.96,42.5083,16.0144,https://api.coinmarketcap.com/data-api/v3/global-metrics/quotes/historical,0,0,0,0,0,27.56478766278258,-0.5340571314955352,-1.2475739273140902,0.19063697334614754,0,0,0,0
2022-07-17,966593664917.4,61101459536.86,41.8671,17.0166,https://api.coinmarketcap.com/data-api/v3/global-metrics/quotes/historical,0,0,0,0,0,27.597044042350195,-0.4928892411934412,-1.3226495699195153,0.4640749932981689,0,0,0,0
2022-07-18,953526446987.57,58301396592.48,41.6174,17.0707,https://api.coinmarketcap.com/data-api/v3/global-metrics/quotes/historical,0,0,0,0,0,27.5834329983485,-0.5102606255170987,-1.3518859828305798,0.47883551702537297,0,0,0,0
2022-07-19,1037991980400.82,96995594449.72,41.3531,18.493,https://api.coinmarketcap.com/data-api/v3/global-metrics/quotes/historical,0,0,0,0,0,27.668309174631627,-0.4019356007832841,-1.3828318536050874,0.8668926870291239,0,0,0,0
2022-07-20,1056348564754.33,108298181019.02,42.2897,17.764,https://api.coinmarketcap.com/data-api/v3/global-metrics/quotes/historical,0,0,0,0,0,27.685839327007894,-0.3795623710631778,-1.2731689608037122,0.6679939477106017,0,0,0,0
2022-07-21,1038728376196.05,95960356171.54,42.7167,17.8018,https://api.coinmarketcap.com/data-api/v3/global-metrics/quotes/historical,0,0,0,0,0,27.669018365759605,-0.4010304805264178,-1.2231731726057762,0.678307215675266,0,0,0,0
2022-07-22,1051291271400.53,77193189873.52,42.0842,18.2443,https://api.coinmarketcap.com/data-api/v3/global-metrics/quotes/historical,0,0,0,0,0,27.68104030682135,-0.3856872226195341,-1.297230165662438,0.7990379319282783,0,0,0,0
2022-07-23,1031757201913.72,72049344884.78,42.0438,18.1279,https://api.coinmarketcap.com/data-api/v3/global-metrics/quotes/historical,0,0,0,0,0,27.662284485844268,-0.4096247379532628,-1.3019604463256627,0.7672796147037574,0,0,0,0
2022-07-24,1029480335962.46,59283284890.87,41.6834,18.3101,https://api.coinmarketcap.com/data-api/v3/global-metrics/quotes/historical,0,0,0,0,0,27.66007526266113,-0.412444306016243,-1.3441582965985808,0.8169906576445454,0,0,0,0
2022-07-25,1040257197191.05,58279935786.75,41.5157,18.7079,https://api.coinmarketcap.com/data-api/v3/global-metrics/quotes/historical,0,0,0,0,0,27.670489103498387,-0.39915342021447575,-1.363793644797161,0.9255255252726774,0,0,0,0
2022-07-26,978521062470.84,76102664448.07,41.7031,17.976,https://api.coinmarketcap.com/data-api/v3/global-metrics/quotes/historical,0,0,0,0,0,27.609308148814893,-0.4772369145417906,-1.341851699344484,0.7258355564013105,0,0,0,0
2022-07-27,976010072010.68,66286352332.57,41.5787,17.9796,https://api.coinmarketcap.com/data-api/v3/global-metrics/quotes/historical,0,0,0,0,0,27.60673874298933,-0.4805161733608618,-1.3564172170302529,0.7268177723979458,0,0,0,0
2022-07-28,1054678227732.53,83900307501.79,41.5412,18.8843,https://api.coinmarketcap.com/data-api/v3/global-metrics/quotes/historical,0,0,0,0,0,27.684256838925485,-0.38158205512736215,-1.3608079478438884,0.9736541091077769,0,0,0,0
2022-07-29,1095068233082.87,104736164002.52,41.6027,19.1815,https://api.coinmarketcap.com/data-api/v3/global-metrics/quotes/historical,0,0,0,0,0,27.721837790573307,-0.33361856648962235,-1.3536071493095256,1.0547414963855066,0,0,0,0
2022-07-30,1098632382007.06,100324318668.74,41.3935,19.1432,https://api.coinmarketcap.com/data-api/v3/global-metrics/quotes/historical,0,0,0,0,0,27.725087233123297,-0.32947139634113953,-1.3781015729418629,1.0442918095324212,0,0,0,0
2022-07-31,1092674957538.31,78383131427.77,41.3647,18.8994,https://api.coinmarketcap.com/data-api/v3/global-metrics/quotes/historical,0,0,0,0,0,27.719649895294268,-0.33641091436149584,-1.3814736542067358,0.9777739595381059,0,0,0,0
2022-08-01,1082465015425.74,71721670030.5,41.1967,18.9172,https://api.coinmarketcap.com/data-api/v3/global-metrics/quotes/historical,0,0,0,0,0,27.710261977987404,-0.3483924434430216,-1.4011441282518255,0.982630471965911,0,0,0,0
2022-08-02,1076452655518.82,72697520281.87,41.3834,18.5008,https://api.coinmarketcap.com/data-api/v3/global-metrics/quotes/historical,0,0,0,0,0,27.704692172773296,-0.35550102578028625,-1.379284143107669,0.8690208216884999,0,0,0,0
2022-08-03,1064857531037.37,77328206049.63,41.2411,18.6786,https://api.coinmarketcap.com/data-api/v3/global-metrics/quotes/historical,0,0,0,0,0,27.69386213246761,-0.36932309500343385,-1.39594550296848,0.9175313784111787,0,0,0,0
2022-08-04,1063605530517.46,67351062564.34,41.0537,18.5415,https://api.coinmarketcap.com/data-api/v3/global-metrics/quotes/historical,0,0,0,0,0,27.69268569611133,-0.3708245469181253,-1.4178874484211577,0.880125319206008,0,0,0,0
2022-08-05,1062431553531.93,62694689603.88,40.7079,18.4417,https://api.coinmarketcap.com/data-api/v3/global-metrics/quotes/historical,0,0,0,0,0,27.69158131546467,-0.37223403620126405,-1.4583758408306335,0.8528961090770804,0,0,0,0
2022-08-06,1101827326982.49,69406924643.74,40.4017,19.1561,https://api.coinmarketcap.com/data-api/v3/global-metrics/quotes/historical,0,0,0,0,0,27.727991123803516,-0.3257652441140443,-1.4942276215009105,1.047811416853695,0,0,0,0
2022-08-07,1088158476453.97,45660682726.96,40.3353,18.9449,https://api.coinmarketcap.com/data-api/v3/global-metrics/quotes/historical,0,0,0,0,0,27.715507912260616,-0.3416972082806593,-1.5020021421949223,0.990188078384461,0,0,0,0
2022-08-08,1097375715084.31,41713178118.06,40.3736,18.8726,https://api.coinmarketcap.com/data-api/v3/global-metrics/quotes/historical,0,0,0,0,0,27.72394273182425,-0.3309320904599904,-1.4975177424572612,0.9704619071187139,0,0,0,0
2022-08-09,1124714161841.73,69830686765.15,40.4696,19.2413,https://api.coinmarketcap.com/data-api/v3/global-metrics/quotes/historical,0,0,0,0,0,27.74855004093865,-0.2995264889687271,-1.4862774715743532,1.0710571954407158,0,0,0,0
2022-08-10,1095020263036.44,65800051665.36,40.4396,18.9583,https://api.coinmarketcap.com/data-api/v3/global-metrics/quotes/historical,0,0,0,0,0,27.721793984081906,-0.3336744754557466,-1.4897900562252622,0.993844104594157,0,0,0,0
2022-08-11,1140268140392.0,89167964569.49,40.152,19.7984,https://api.coinmarketcap.com/data-api/v3/global-metrics/quotes/historical,0,0,0,0,0,27.76228456154739,-0.2819975149998025,-1.5234640344119748,1.223055120919933,0,0,0,0
2022-08-12,1142713417538.08,88820372199.68,40.0835,20.0706,https://api.coinmarketcap.com/data-api/v3/global-metrics/quotes/historical,0,0,0,0,0,27.764426740990483,-0.27926351293562635,-1.53148443603155,1.2973215637765878,0,0,0,0
2022-08-13,1167053952302.46,65053200477.23,39.9787,20.4506,https://api.coinmarketcap.com/data-api/v3/global-metrics/quotes/historical,0,0,0,0,0,27.785503699785963,-0.25236359610598774,-1.5437550650787248,1.4009999189769156,0,0,0,0
2022-08-14,1171016455089.17,58107250470.21,39.8846,20.6364,https://api.coinmarketcap.com/data-api/v3/global-metrics/quotes/historical,0,0,0,0,0,27.788893252613775,-0.24803760723621904,-1.5547728722670762,1.451693177914338,0,0,0,0
2022-08-15,1162168587472.8,61043490817.9,40.0127,20.3258,https://api.coinmarketcap.com/data-api/v3/global-metrics/quotes/historical,0,0,0,0,0,27.781308847718268,-0.25771736525402184,-1.5397741358076948,1.3669497644269133,0,0,0,0
2022-08-16,1149666537328.04,79350933435.78,40.1383,20.1963,https://api.coinmarketcap.com/data-api/v3/global-metrics/quotes/historical,0,0,0,0,0,27.770493048714155,-0.27152125871322175,-1.52506811473589,1.3316172723257491,0,0,0,0
2022-08-17,1141282193913.31,64638103532.21,40.0174,20.0744,https://api.coinmarketcap.com/data-api/v3/global-metrics/quotes/historical,0,0,0,0,0,27.76317347780125,-0.2808630167294695,-1.5392238308790525,1.2983583473285916,0,0,0,0
2022-08-18,1114499232189.02,73767087926.07,40.0477,20.066,https://api.coinmarketcap.com/data-api/v3/global-metrics/quotes/historical,0,0,0,0,0,27.739426300843448,-0.3111708562665749,-1.535676120381635,1.2960665100031101,0,0,0,0
2022-08-19,1104495345759.08,58465039885.26,40.1951,20.4052,https://api.coinmarketcap.com/data-api/v3/global-metrics/quotes/historical,0,0,0,0,0,27.730409645908235,-0.3226785538519967,-1.5184176211301696,1.3886130839082447,0,0,0,0
2022-08-20,1006016564920.7,92469208178.8,39.6876,19.5638,https://api.coinmarketcap.com/data-api/v3/global-metrics/quotes/historical,0,0,0,0,0,27.637019653594486,-0.4418695173272052,-1.5778388448080438,1.1590473784725728,0,0,0,0
2022-08-21,1007871584128.26,74279531752.76,40.1632,19.0934,https://api.coinmarketcap.com/data-api/v3/global-metrics/quotes/historical,0,0,0,0,0,27.638861880763923,-0.43951833573027654,-1.5221526694756353,1.030704488245641,0,0,0,0
2022-08-22,1028890777487.94,58461687188.73,40.0316,19.2101,https://api.coinmarketcap.com/data-api/v3/global-metrics/quotes/historical,0,0,0,0,0,27.659502422820164,-0.41317540504377487,-1.5375612074776228,1.0625446568032157,0,0,0,0
2022-08-23,1024859097062.76,69584693985.49,39.9431,19.3283,https://api.coinmarketcap.com/data-api/v3/global-metrics/quotes/historical,0,0,0,0,0,27.65557625278933,-0.41818626302918305,-1.5479233321978034,1.0947940820260538,0,0,0,0
2022-08-24,1035973082047.57,70024101419.66,39.7518,19.5945,https://api.coinmarketcap.com/data-api/v3/global-metrics/quotes/historical,0,0,0,0,0,27.66636227684872,-0.4044203704763036,-1.5703219136550988,1.1674234982216518,0,0,0,0
2022-08-25,1030737972278.74,69339620922.02,39.7106,19.6306,https://api.coinmarketcap.com/data-api/v3/global-metrics/quotes/historical,0,0,0,0,0,27.66129613956283,-0.4108861359105091,-1.5751458632423474,1.177272941965683,0,0,0,0
2022-08-26,1043190518189.12,63981451444.89,39.6113,19.8571,https://api.coinmarketcap.com/data-api/v3/global-metrics/quotes/historical,0,0,0,0,0,27.67330493891829,-0.3955596503857106,-1.5867725184368557,1.2390706984206146,0,0,0,0
2022-08-27,973690272798.25,92082679863.38,39.8135,18.9135,https://api.coinmarketcap.com/data-api/v3/global-metrics/quotes/historical,0,0,0,0,0,27.604359094944126,-0.4835532497778587,-1.5630976978897302,0.9816209721915914,0,0,0,0
2022-08-28,967810386075.82,68447233586.53,39.6226,18.8201,https://api.coinmarketcap.com/data-api/v3/global-metrics/quotes/historical,0,0,0,0,0,27.598302022882496,-0.49128371679020183,-1.5854494448850136,0.9561379238344586,0,0,0,0
2022-08-29,945298873089.24,50647265612.86,39.7072,18.4846,https://api.coinmarketcap.com/data-api/v3/global-metrics/quotes/historical,0,0,0,0,0,27.57476698225733,-0.5213208128220508,-1.5755439561694502,0.8646008497036435,0,0,0,0
2022-08-30,986070848659.7,66835639464.22,39.3915,19.2412,https://api.coinmarketcap.com/data-api/v3/global-metrics/quotes/historical,0,0,0,0,0,27.61699404359207,-0.4674276279044928,-1.6125080553125144,1.0710299116630315,0,0,0,0
2022-08-31,968007001645.5,72607626676.72,39.1399,19.2358,https://api.coinmarketcap.com/data-api/v3/global-metrics/quotes/historical,0,0,0,0,0,27.598505157301684,-0.49102446216839374,-1.6419669319181371,1.0695565876680801,0,0,0,0
2022-09-01,977461199593.76,69485888477.77,39.2565,19.4226,https://api.coinmarketcap.com/data-api/v3/global-metrics/quotes/historical,0,0,0,0,0,27.608224434507903,-0.4786200279694912,-1.628314686241604,1.1205226843823457,0,0,0,0
2022-09-02,985802356570.52,64006149341.26,39.0746,19.6616,https://api.coinmarketcap.com/data-api/v3/global-metrics/quotes/historical,0,0,0,0,0,27.616721721730677,-0.4677751844705709,-1.6496126578416155,1.1857309130478149,0,0,0,0
2022-09-03,980309974525.62,62924029602.61,38.9889,19.6632,https://api.coinmarketcap.com/data-api/v3/global-metrics/quotes/historical,0,0,0,0,0,27.61113465913491,-0.4749057919081297,-1.6596469413277113,1.1861674534907636,0,0,0,0
2022-09-04,976231655346.37,44928970333.73,38.8841,19.4929,https://api.coinmarketcap.com/data-api/v3/global-metrics/quotes/historical,0,0,0,0,0,27.60696574698534,-0.4802264546840876,-1.6719175703748868,1.139703180094406,0,0,0,0
2022-09-05,985415723231.75,46411964057.5,38.8259,19.5723,https://api.coinmarketcap.com/data-api/v3/global-metrics/quotes/historical,0,0,0,0,0,27.61632944312113,-0.4682758383871641,-1.6787319845976498,1.1613664995757376,0,0,0,0
2022-09-06,987113284853.46,57993227722.28,38.4261,20.0293,https://api.coinmarketcap.com/data-api/v3/global-metrics/quotes/historical,0,0,0,0,0,27.61805064674738,-0.4660791156605947,-1.725543029378762,1.2860533635929734,0,0,0,0
2022-09-07,946025849261.37,90056081628.9,38.1191,20.179,https://api.coinmarketcap.com/data-api/v3/global-metrics/quotes/historical,0,0,0,0,0,27.575535730425578,-0.5203396816261571,-1.761488478973062,1.3268971787863653,0,0,0,0
2022-09-08,974419687085.15,74759309931.72,37.8991,20.4532,https://api.coinmarketcap.com/data-api/v3/global-metrics/quotes/historical,0,0,0,0,0,27.60510793801357,-0.4825975228875615,-1.7872474330797277,1.4017092971967067,0,0,0,0
2022-09-09,982761823144.78,72045179488.33,37.6546,20.3491,https://api.coinmarketcap.com/data-api/v3/global-metrics/quotes/historical,0,0,0,0,0,27.613632631849917,-0.4717177011153129,-1.8158749979846343,1.3733068846273542,0,0,0,0
2022-09-10,1046572404358.09,100910033922.44,39.1108,20.0892,https://api.coinmarketcap.com/data-api/v3/global-metrics/quotes/historical,0,0,0,0,0,27.676541563594512,-0.3914288393211737,-1.6453741390295187,1.3023963464258677,0,0,0,0
2022-09-11,1062501927930.7,74876384006.21,39.068,20.447,https://api.coinmarketcap.com/data-api/v3/global-metrics/quotes/historical,0,0,0,0,0,27.69164755226635,-0.3721495000747044,-1.6503854264648155,1.4000177029802803,0,0,0,0
2022-09-12,1061255536784.28,66970051831.45,39.2788,20.31,https://api.coinmarketcap.com/data-api/v3/global-metrics/quotes/historical,0,0,0,0,0,27.690473791787362,-0.37364753684410124,-1.6257036649844292,1.362638927552794,0,0,0,0
2022-09-13,1066761673362.16,93553397585.58,40.1574,19.6559,https://api.coinmarketcap.com/data-api/v3/global-metrics/quotes/historical,0,0,0,0,0,27.695648701876756,-0.36704294780654895,-1.522831769174811,1.1841757377198097,0,0,0,0
2022-09-14,987946352969.7,102888796768.68,39.1245,19.5042,https://api.coinmarketcap.com/data-api/v3/global-metrics/quotes/historical,0,0,0,0,0,27.61889423460639,-0.46500246871802403,-1.6437700587056037,1.1427862469727321,0,0,0,0
2022-09-15,1000185081910.45,77376489332.52,38.7572,20.0027,https://api.coinmarketcap.com/data-api/v3/global-metrics/quotes/historical,0,0,0,0,0,27.631206180713455,-0.4492890857055717,-1.6867758034482312,1.2787958787289508,0,0,0,0
2022-09-16,960062701109.57,85664742459.18,39.3035,18.7618,https://api.coinmarketcap.com/data-api/v3/global-metrics/quotes/historical,0,0,0,0,0,27.59026443293125,-0.5015418618716284,-1.6228116369551806,0.940231481444514,0,0,0,0
2022-09-17,959872374393.37,66744907084.39,39.4569,18.2683,https://api.coinmarketcap.com/data-api/v3/global-metrics/quotes/historical,0,0,0,0,0,27.590066169230305,-0.5017949001357112,-1.6048506207735336,0.8055860385725098,0,0,0,0
2022-09-18,978457022868.12,49555837775.13,39.3998,18.3872,https://api.coinmarketcap.com/data-api/v3/global-metrics/quotes/historical,0,0,0,0,0,27.609242701375067,-0.4773204432285018,-1.6115362402257631,0.8380264502391385,0,0,0,0
2022-09-19,929481300890.9,64407867894.83,40.0182,17.5878,https://api.coinmarketcap.com/data-api/v3/global-metrics/quotes/historical,0,0,0,0,0,27.55789252652083,-0.5428571957633409,-1.5391301619550284,0.6199199314308717,0,0,0,0
2022-09-20,944174134646.38,79538631452.75,39.6524,17.8644,https://api.coinmarketcap.com/data-api/v3/global-metrics/quotes/historical,0,0,0,0,0,27.573576450748174,-0.5228402539753082,-1.5819602774651105,0.6953868605056357,0,0,0,0
2022-09-21,921392471045.92,69764853858.96,39.2755,17.6001,https://api.coinmarketcap.com/data-api/v3/global-metrics/quotes/historical,0,0,0,0,0,27.549151918203556,-0.5540125829829421,-1.6260900492960286,0.62327583608604,0,0,0,0
2022-09-22,900280246375.15,88170797808.62,39.4536,17.0326,https://api.coinmarketcap.com/data-api/v3/global-metrics/quotes/historical,0,0,0,0,0,27.525971936661797,-0.5835965273098442,-1.605237005085133,0.46844039772765594,0,0,0,0
2022-09-23,943471693458.89,76770784247.26,39.4196,17.2361,https://api.coinmarketcap.com/data-api/v3/global-metrics/quotes/historical,0,0,0,0,0,27.572832199671563,-0.5237901202371098,-1.609217934356163,0.5239628853152001,0,0,0,0
2022-09-24,944429439095.91,82360289575.37,39.1467,17.2282,https://api.coinmarketcap.com/data-api/v3/global-metrics/quotes/historical,0,0,0,0,0,27.57384681394629,-0.5224951971948839,-1.6411707460639307,0.5218074668781408,0,0,0,0
2022-09-25,932005271632.78,55538989006.76,38.9289,17.3249,https://api.coinmarketcap.com/data-api/v3/global-metrics/quotes/historical,0,0,0,0,0,27.560604307874353,-0.5393962271493323,-1.6666721106295292,0.5481908798988552,0,0,0,0
2022-09-26,923565129007.53,50504119604.46,39.0093,17.1698,https://api.coinmarketcap.com/data-api/v3/global-metrics/quotes/historical,0,0,0,0,0,27.551507158200277,-0.5510066578568172,-1.6572583837650932,0.5058737407105109,0,0,0,0
2022-09-27,938830688985.02,77537834041.98,39.2326,17.4291,https://api.coinmarketcap.com/data-api/v3/global-metrics/quotes/historical,0,0,0,0,0,27.56790098997678,-0.530083681464149,-1.6311130453468288,0.576620576245892,0,0,0,0
2022-09-28,933295280804.14,94671176141.55,39.2315,17.4664,https://api.coinmarketcap.com/data-api/v3/global-metrics/quotes/historical,0,0,0,0,0,27.561987473043462,-0.5376309331915213,-1.6312418401173623,0.5867974253221351,0,0,0,0
2022-09-29,941494448042.75,87331385052.88,39.5424,17.4111,https://api.coinmarketcap.com/data-api/v3/global-metrics/quotes/historical,0,0,0,0,0,27.570734288098723,-0.5264676244905898,-1.594839754518443,0.5717094962627194,0,0,0,0
2022-09-30,947311152505.71,70110085425.41,39.5968,17.2835,https://api.coinmarketcap.com/data-api/v3/global-metrics/quotes/historical,0,0,0,0,0,27.57689344269823,-0.5186068724686659,-1.5884702676847948,0.5368953959375565,0,0,0,0
2022-10-01,941591522475.82,74333278602.87,39.5509,17.2906,https://api.coinmarketcap.com/data-api/v3/global-metrics/quotes/historical,0,0,0,0,0,27.570837389534,-0.5263360390915368,-1.5938445222006856,0.538832544153142,0,0,0,0
2022-10-02,935479628742.66,37302772267.0,39.5669,17.1915,https://api.coinmarketcap.com/data-api/v3/global-metrics/quotes/historical,0,0,0,0,0,27.564325206627267,-0.5346473509971266,-1.591971143720201,0.511794320468004,0,0,0,0
2022-10-03,921169893135.97,41423817571.08,39.6262,16.9873,https://api.coinmarketcap.com/data-api/v3/global-metrics/quotes/historical,0,0,0,0,0,27.548910322135647,-0.5543209251017541,-1.5850279347269045,0.45608084643667024,0,0,0,0
2022-10-04,943902738005.02,54872574511.44,39.8506,17.1953,https://api.coinmarketcap.com/data-api/v3/global-metrics/quotes/historical,0,0,0,0,0,27.573288966009432,-0.5232071624860181,-1.558753801538106,0.5128311040200068,0,0,0,0
2022-10-05,969001925491.8,60129292188.61,40.2305,17.2415,https://api.coinmarketcap.com/data-api/v3/global-metrics/quotes/historical,0,0,0,0,0,27.599532435926843,-0.4897133759796419,-1.514272771242097,0.5254362093101516,0,0,0,0
2022-10-06,963595096609.65,56838217662.27,40.1095,17.222,https://api.coinmarketcap.com/data-api/v3/global-metrics/quotes/historical,0,0,0,0,0,27.59393701905821,-0.4968546457355841,-1.528440196000763,0.5201158726617144,0,0,0,0
2022-10-07,956460304815.51,59710337462.62,40.0011,17.3381,https://api.coinmarketcap.com/data-api/v3/global-metrics/quotes/historical,0,0,0,0,0,27.5865051245113,-0.5063397591781055,-1.5411323352060464,0.5517923385531827,0,0,0,0
2022-10-08,946602239863.89,52501578015.01,39.5896,17.2719,https://api.coinmarketcap.com/data-api/v3/global-metrics/quotes/historical,0,0,0,0,0,27.5761448206358,-0.5195623172940581,-1.5893132880010135,0.5337304777261778,0,0,0,0
2022-10-09,939379283592.62,32921494922.12,39.6318,17.1845,https://api.coinmarketcap.com/data-api/v3/global-metrics/quotes/historical,0,0,0,0,0,27.568485157488624,-0.5293381252557974,-1.5843722522587347,0.5098844560301029,0,0,0,0
2022-10-10,943771480926.06,32086577632.02,39.5092,17.1989,https://api.coinmarketcap.com/data-api/v3/global-metrics/quotes/historical,0,0,0,0,0,27.57314989849677,-0.5233846503560964,-1.5987270148654489,0.5138133200166412,0,0,0,0
2022-10-11,924514904382.68,50972145766.53,39.6992,17.144,https://api.coinmarketcap.com/data-api/v3/global-metrics/quotes/historical,0,0,0,0,0,27.55253500920414,-0.5496948411575755,-1.576480645409693,0.4988345260679623,0,0,0,0
2022-10-12,917597919457.94,52664489076.17,39.8162,17.1179,https://api.coinmarketcap.com/data-api/v3/global-metrics/quotes/historical,0,0,0,0,0,27.54502513538535,-0.5592794773039335,-1.5627815652711479,0.491713460092361,0,0,0,0
2022-10-13,921631155257.85,44720804676.45,39.8627,17.2492,https://api.coinmarketcap.com/data-api/v3/global-metrics/quotes/historical,0,0,0,0,0,27.54941093193497,-0.5536820112007257,-1.5573370590622397,0.5275370601918423,0,0,0,0
2022-10-14,923223867894.39,81191934186.93,40.2641,17.1313,https://api.coinmarketcap.com/data-api/v3/global-metrics/quotes/historical,0,0,0,0,0,27.551137585804515,-0.5514783324852585,-1.510338676433079,0.49536948630205696,0,0,0,0
2022-10-15,919198303939.68,66638975298.55,40.0311,17.3325,https://api.coinmarketcap.com/data-api/v3/global-metrics/quotes/historical,0,0,0,0,0,27.54676771833095,-0.5570554687664481,-1.5376197505551374,0.5502644470028618,0,0,0,0
2022-10-16,912085340842.26,35505098045.97,39.9951,17.1334,https://api.coinmarketcap.com/data-api/v3/global-metrics/quotes/historical,0,0,0,0,0,27.538999398127764,-0.5669699526063345,-1.5418348521362282,0.49594244563342776,0,0,0,0
2022-10-17,926743260655.18,40502472096.21,40.0769,17.3819,https://api.coinmarketcap.com/data-api/v3/global-metrics/quotes/historical,0,0,0,0,0,27.554942406930504,-0.5466223486199433,-1.53225720465475,0.5637426331789049,0,0,0,0
2022-10-18,936323400389.87,49983953608.58,40.0525,17.405,https://api.coinmarketcap.com/data-api/v3/global-metrics/quotes/historical,0,0,0,0,0,27.56522676698509,-0.5334967154202525,-1.5351141068374892,0.5700451858239772,0,0,0,0
2022-10-19,930767744061.88,53868444600.06,39.8486,17.2293,https://api.coinmarketcap.com/data-api/v3/global-metrics/quotes/historical,0,0,0,0,0,27.55927561377954,-0.5410920012403345,-1.558987973848167,0.5221075884326674,0,0,0,0
2022-10-20,918204960913.66,63274396177.58,39.9865,17.1358,https://api.coinmarketcap.com/data-api/v3/global-metrics/quotes/historical,0,0,0,0,0,27.545686471615223,-0.5584354328783313,-1.5428417930694889,0.49659725629785034,0,0,0,0
2022-10-21,913317057090.35,45356822558.5,40.0231,17.1933,https://api.coinmarketcap.com/data-api/v3/global-metrics/quotes/historical,0,0,0,0,0,27.54034892679763,-0.5652475879459071,-1.5385564397953801,0.5122854284663212,0,0,0,0
2022-10-22,919961107374.68,55284383225.6,39.9842,17.292,https://api.coinmarketcap.com/data-api/v3/global-metrics/quotes/historical,0,0,0,0,0,27.54759723150316,-0.55599678494218,-1.5431110912260584,0.5392145170407222,0,0,0,0
2022-10-23,923502090908.36,33199793506.44,39.9065,17.4159,https://api.coinmarketcap.com/data-api/v3/global-metrics/quotes/historical,0,0,0,0,0,27.551438900696148,-0.5510937729478455,-1.5522086854719124,0.5730191175915654,0,0,0,0
2022-10-24,941978088189.21,43092165455.55,39.8578,17.7128,https://api.coinmarketcap.com/data-api/v3/global-metrics/quotes/historical,0,0,0,0,0,27.571247850306598,-0.5258121798027329,-1.5579107812218882,0.6540246535362424,0,0,0,0
2022-10-25,931039149518.89,54514883032.64,39.8701,17.6784,https://api.coinmarketcap.com/data-api/v3/global-metrics/quotes/historical,0,0,0,0,0,27.559567164380056,-0.5407199035870823,-1.556470621515015,0.644639034012844,0,0,0,0
2022-10-26,970409904052.8,86073465820.56,39.7347,18.4324,https://api.coinmarketcap.com/data-api/v3/global-metrics/quotes/historical,0,0,0,0,0,27.600984400679156,-0.48786027509085694,-1.5723240869061177,0.8503587177524409,0,0,0,0
2022-10-27,1002977060493.01,103989331247.24,39.7428,19.1138,https://api.coinmarketcap.com/data-api/v3/global-metrics/quotes/historical,0,0,0,0,0,27.633993753752495,-0.4457313863413352,-1.5713756890503716,1.0362703788932381,0,0,0,0
2022-10-28,983556747306.8,89273527016.08,39.5836,18.8418,https://api.coinmarketcap.com/data-api/v3/global-metrics/quotes/historical,0,0,0,0,0,27.614441172456992,-0.4706857839732458,-1.5900158049311952,0.9620585035919508,0,0,0,0
2022-10-29,1002936573726.14,80319022784.31,39.4107,18.9792,https://api.coinmarketcap.com/data-api/v3/global-metrics/quotes/historical,0,0,0,0,0,27.633953386344665,-0.4457829061039257,-1.6102600011359331,0.9995464141301742,0,0,0,0
2022-10-30,1024316330884.41,90364341714.15,39.0078,19.3503,https://api.coinmarketcap.com/data-api/v3/global-metrics/quotes/historical,0,0,0,0,0,27.655046511720176,-0.4188623563327654,-1.6574340129976386,1.1007965131165995,0,0,0,0
2022-10-31,1015953394662.61,70268970463.34,38.9838,19.1613,https://api.coinmarketcap.com/data-api/v3/global-metrics/quotes/historical,0,0,0,0,0,27.646848592637646,-0.429325124877128,-1.6602440807183658,1.049230173293279,0,0,0,0
2022-11-01,1016101923638.05,87904654646.76,38.717,18.9409,https://api.coinmarketcap.com/data-api/v3/global-metrics/quotes/historical,0,0,0,0,0,27.646994778594657,-0.42913855194108885,-1.691482666880449,0.9890967272770887,0,0,0,0
2022-11-02,1016153400661.43,74996780632.22,38.6958,19.0242,https://api.coinmarketcap.com/data-api/v3/global-metrics/quotes/historical,0,0,0,0,0,27.647045438590748,-0.4290738960438756,-1.6939648933670912,1.0118241140881081,0,0,0,0
2022-11-03,994159124418.94,100855909146.44,38.9298,18.7066,https://api.coinmarketcap.com/data-api/v3/global-metrics/quotes/historical,0,0,0,0,0,27.62516311571927,-0.4570016759002502,-1.6665667330900018,0.9251708361627824,0,0,0,0
2022-11-04,1001545778865.78,80090006107.42,38.7373,18.7131,https://api.coinmarketcap.com/data-api/v3/global-metrics/quotes/historical,0,0,0,0,0,27.63256570130793,-0.44755396863890295,-1.689105817933334,0.9269442817122614,0,0,0,0
2022-11-05,1055629736075.07,113237758904.62,38.4576,19.0707,https://api.coinmarketcap.com/data-api/v3/global-metrics/quotes/historical,0,0,0,0,0,27.685158611011207,-0.38043114932825695,-1.7218548154953075,1.0245110707113056,0,0,0,0
2022-11-06,1057293384002.61,74247124309.67,38.6493,18.8421,https://api.coinmarketcap.com/data-api/v3/global-metrics/quotes/historical,0,0,0,0,0,27.686733347219565,-0.3784213587581612,-1.6994093995760002,0.9621403549250035,0,0,0,0
2022-11-07,1029852768064.03,66264515821.84,39.0128,18.6823,https://api.coinmarketcap.com/data-api/v3/global-metrics/quotes/historical,0,0,0,0,0,27.660436964325523,-0.4119826765760707,-1.6568485822224877,0.9185408781854982,0,0,0,0
2022-11-08,1024292503555.91,92642549993.37,38.6194,18.7402,https://api.coinmarketcap.com/data-api/v3/global-metrics/quotes/historical,0,0,0,0,0,27.65502324976006,-0.41889204490399135,-1.7029102756114056,0.934338185464706,0,0,0,0
2022-11-09,920048077204.3,209604219538.89,38.6995,17.7278,https://api.coinmarketcap.com/data-api/v3/global-metrics/quotes/historical,0,0,0,0,0,27.547691763454864,-0.5558761365287525,-1.693531674593479,0.6581172201888861,0,0,0,0
2022-11-10,794331764018.25,184329307126.45,38.3947,16.9491,https://api.coinmarketcap.com/data-api/v3/global-metrics/quotes/historical,0,0,0,0,0,27.400767049737137,-0.7433919265237025,-1.729219534646713,0.445658443361269,0,0,0,0
2022-11-11,885027733402.98,151781269848.66,38.1572,17.9679,https://api.coinmarketcap.com/data-api/v3/global-metrics/quotes/historical,0,0,0,0,0,27.50888481864185,-0.6054043250123001,-1.7570274964664077,0.7236255704088828,0,0,0,0
2022-11-12,863039068527.06,100104063677.62,37.9084,18.252,https://api.coinmarketcap.com/data-api/v3/global-metrics/quotes/historical,0,0,0,0,0,27.4837257976043,-0.6375140605767285,-1.7861585318379456,0.8011387828099692,0,0,0,0
2022-11-13,845298425854.95,57400108170.76,38.1696,18.1725,https://api.coinmarketcap.com/data-api/v3/global-metrics/quotes/historical,0,0,0,0,0,27.462955568647157,-0.6640225069280851,-1.7555756281440322,0.7794481795509535,0,0,0,0
2022-11-14,824954511603.51,54542454407.48,38.0725,18.1245,https://api.coinmarketcap.com/data-api/v3/global-metrics/quotes/historical,0,0,0,0,0,27.438594084310676,-0.6951143693194676,-1.7669446937974744,0.7663519662624916,0,0,0,0
2022-11-15,837175503257.68,85862370234.07,38.1265,18.1491,https://api.coinmarketcap.com/data-api/v3/global-metrics/quotes/historical,0,0,0,0,0,27.453299566767278,-0.6763461846462998,-1.7606220414258382,0.7730637755728283,0,0,0,0
2022-11-16,846463366113.21,64085527423.76,38.3151,18.0964,https://api.coinmarketcap.com/data-api/v3/global-metrics/quotes/historical,0,0,0,0,0,27.464332760693832,-0.662264836294789,-1.7385395925871243,0.7586852247332037,0,0,0,0
2022-11-17,833492490363.59,60946752934.69,38.4188,17.8475,https://api.coinmarketcap.com/data-api/v3/global-metrics/quotes/historical,0,0,0,0,0,27.448890529334932,-0.6819733124202702,-1.726397758310483,0.6907759020769896,0,0,0,0
2022-11-18,830099250096.84,50315921386.59,38.6188,17.7024,https://api.coinmarketcap.com/data-api/v3/global-metrics/quotes/historical,0,0,0,0,0,27.44481110901805,-0.6871797593418616,-1.7029805273044238,0.6511871406570754,0,0,0,0
2022-11-19,833897922942.26,46381921201.63,38.4659,17.7904,https://api.coinmarketcap.com/data-api/v3/global-metrics/quotes/historical,0,0,0,0,0,27.449376837260687,-0.6813526515894865,-1.7208830004085562,0.6751968650192567,0,0,0,0
2022-11-20,835426245135.27,32359111653.25,38.4325,17.8477,https://api.coinmarketcap.com/data-api/v3/global-metrics/quotes/historical,0,0,0,0,0,27.45120790476603,-0.67901571275115,-1.724793677986568,0.6908304696323581,0,0,0,0
2022-11-21,806933231060.66,48538490383.02,38.7897,17.3253,https://api.coinmarketcap.com/data-api/v3/global-metrics/quotes/historical,0,0,0,0,0,27.416506764569977,-0.7233037807891084,-1.682970503409746,0.5483000150095921,0,0,0,0
2022-11-22,788135744889.64,72353092800.9,38.4812,17.2059,https://api.coinmarketcap.com/data-api/v3/global-metrics/quotes/historical,0,0,0,0,0,27.39293617705674,-0.7533862442927045,-1.7190915822365922,0.5157231844545422,0,0,0,0
2022-11-23,806539054321.71,60281864099.78,38.5765,17.2255,https://api.coinmarketcap.com/data-api/v3/global-metrics/quotes/historical,0,0,0,0,0,27.416018157792703,-0.7239273755780254,-1.7079332716622049,0.5210708048806646,0,0,0,0
2022-11-24,832845172232.41,62066462016.86,38.3252,17.3864,https://api.coinmarketcap.com/data-api/v3/global-metrics/quotes/historical,0,0,0,0,0,27.44811359416954,-0.68296489244535,-1.7373570224213182,0.5649704031746974,0,0,0,0
2022-11-25,836021770978.78,50715576968.76,38.1633,17.6221,https://api.coinmarketcap.com/data-api/v3/global-metrics/quotes/historical,0,0,0,0,0,27.451920491532675,-0.6781062587382309,-1.7563132709207234,0.6292782671765849,0,0,0,0
2022-11-26,833281598804.3,36971663565.81,38.102,17.6062,https://api.coinmarketcap.com/data-api/v3/global-metrics/quotes/historical,0,0,0,0,0,27.44863747577262,-0.6822962774099378,-1.7634906522240807,0.6249401465247821,0,0,0,0
2022-11-27,835125705619.11,35598150574.23,37.8866,17.6705,https://api.coinmarketcap.com/data-api/v3/global-metrics/quotes/historical,0,0,0,0,0,27.450848096118037,-0.6794749261888904,-1.7887110100176058,0.6424836155757847,0,0,0,0
2022-11-28,834144584739.19,37446145928.27,37.8829,17.532,https://api.coinmarketcap.com/data-api/v3/global-metrics/quotes/historical,0,0,0,0,0,27.44967258727616,-0.6809751943435983,-1.7891442287912183,0.6046955834830336,0,0,0,0
2022-11-29,820118905600.9,50009040792.45,38.0054,17.4578,https://api.coinmarketcap.com/data-api/v3/global-metrics/quotes/historical,0,0,0,0,0,27.432715173522602,-0.7026174542181276,-1.7748011748000068,0.5844510204412853,0,0,0,0
2022-11-30,833582469673.54,43549687810.14,37.9182,17.8649,https://api.coinmarketcap.com/data-api/v3/global-metrics/quotes/historical,0,0,0,0,0,27.448998478062126,-0.6818355405618359,-1.785011087518649,0.6955232793940568,0,0,0,0
2022-12-01,865280321577.53,53508153531.02,38.137,18.3251,https://api.coinmarketcap.com/data-api/v3/global-metrics/quotes/historical,0,0,0,0,0,27.486319362566462,-0.6342039681458711,-1.75939263679802,0.82108322429719,0,0,0,0
2022-12-02,853750513601.95,43263026782.6,38.2028,18.2941,https://api.coinmarketcap.com/data-api/v3/global-metrics/quotes/historical,0,0,0,0,0,27.472904849414775,-0.6513245257932998,-1.7516883677970263,0.8126252532150584,0,0,0,0
2022-12-03,861937517393.97,38563146840.82,38.1124,18.377,https://api.coinmarketcap.com/data-api/v3/global-metrics/quotes/historical,0,0,0,0,0,27.48244861936105,-0.6391440864667731,-1.7622729562117652,0.8352435049153399,0,0,0,0
2022-12-04,847609512975.23,31107617432.63,38.3474,17.9498,https://api.coinmarketcap.com/data-api/v3/global-metrics/quotes/historical,0,0,0,0,0,27.465685886702808,-0.660537880453832,-1.7347577097796458,0.718687206648025,0,0,0,0
2022-12-05,859993293104.71,30985039172.39,38.292,18.2157,https://api.coinmarketcap.com/data-api/v3/global-metrics/quotes/historical,0,0,0,0,0,27.4801904274481,-0.6420261519124183,-1.741244282768324,0.7912347715105693,0,0,0,0
2022-12-06,852725946536.27,40952353022.79,38.2714,18.0788,https://api.coinmarketcap.com/data-api/v3/global-metrics/quotes/historical,0,0,0,0,0,27.47170405091245,-0.6528570704148993,-1.7436562575619483,0.753883279860768,0,0,0,0
2022-12-07,857232871647.94,36215521621.8,38.3287,18.1527,https://api.coinmarketcap.com/data-api/v3/global-metrics/quotes/historical,0,0,0,0,0,27.476975447509997,-0.6461293384196908,-1.7369472208787127,0.7740459915694627,0,0,0,0
2022-12-08,841172408010.25,37197846820.24,38.5101,17.9296,https://api.coinmarketcap.com/data-api/v3/global-metrics/quotes/historical,0,0,0,0,0,27.458062479488365,-0.6702674160104963,-1.7157077923562167,0.7131758835557973,0,0,0,0
2022-12-09,859576210907.25,36987663759.17,38.549,18.2384,https://api.coinmarketcap.com/data-api/v3/global-metrics/quotes/historical,0,0,0,0,0,27.47970532672415,-0.6426452720262289,-1.7111531409255385,0.7974281890449048,0,0,0,0
2022-12-10,853451483785.05,35792454020.07,38.6043,18.1289,https://api.coinmarketcap.com/data-api/v3/global-metrics/quotes/historical,0,0,0,0,0,27.47255453372815,-0.651771623637242,-1.7046782765523627,0.7675524524806008,0,0,0,0
2022-12-11,854202845056.21,24048277720.91,38.5621,18.1426,https://api.coinmarketcap.com/data-api/v3/global-metrics/quotes/historical,0,0,0,0,0,27.47343452601577,-0.6506485147685782,-1.7096193122946415,0.7712903300233493,0,0,0,0
2022-12-12,850335384728.14,25118322642.01,38.6809,18.1865,https://api.coinmarketcap.com/data-api/v3/global-metrics/quotes/historical,0,0,0,0,0,27.468896678876796,-0.6564400386695584,-1.6957094770770422,0.7832679084267549,0,0,0,0
2022-12-13,851490261907.57,36767277915.3,38.863,18.3188,https://api.coinmarketcap.com/data-api/v3/global-metrics/quotes/historical,0,0,0,0,0,27.470253900586307,-0.6547078556037037,-1.6743880882460258,0.8193643463030795,0,0,0,0
2022-12-14,869455503217.59,53252048502.15,39.3345,18.5874,https://api.coinmarketcap.com/data-api/v3/global-metrics/quotes/historical,0,0,0,0,0,27.49113299429335,-0.6280604683004605,-1.6191819661492415,0.8926485731631001,0,0,0,0
2022-12-15,866697919250.39,44926853370.62,39.5347,18.4862,https://api.coinmarketcap.com/data-api/v3/global-metrics/quotes/historical,0,0,0,0,0,27.48795633231123,-0.6321147507016364,-1.5957413179121762,0.8650373901465922,0,0,0,0
2022-12-16,846593463891.11,35960419506.71,39.4531,18.3057,https://api.coinmarketcap.com/data-api/v3/global-metrics/quotes/historical,0,0,0,0,0,27.464486444581876,-0.6620686939648375,-1.6052955481626485,0.8157901714264372,0,0,0,0
2022-12-17,800566129517.81,45801883751.73,39.9993,17.8564,https://api.coinmarketcap.com/data-api/v3/global-metrics/quotes/historical,0,0,0,0,0,27.408584976236988,-0.733414131592903,-1.5413430902851013,0.6932041582908922,0,0,0,0
2022-12-18,810569289635.72,30180761749.78,39.8589,17.9377,https://api.coinmarketcap.com/data-api/v3/global-metrics/quotes/historical,0,0,0,0,0,27.42100266445663,-0.7175657929608417,-1.5577819864513547,0.715385869548225,0,0,0,0
2022-12-19,810215735889.84,20573019600.16,39.7907,17.8941,https://api.coinmarketcap.com/data-api/v3/global-metrics/quotes/historical,0,0,0,0,0,27.420566389755272,-0.7181225978251139,-1.5657672622244205,0.7034901424778722,0,0,0,0
2022-12-20,792401270999.2,31370924055.93,39.9156,18.034,https://api.coinmarketcap.com/data-api/v3/global-metrics/quotes/historical,0,0,0,0,0,27.398333755756397,-0.7464974697066217,-1.551143201461137,0.7416601474582025,0,0,0,0
2022-12-21,814606870523.14,37623012860.32,39.9268,18.292,https://api.coinmarketcap.com/data-api/v3/global-metrics/quotes/historical,0,0,0,0,0,27.425971466354397,-0.7112242538854051,-1.5498318365247974,0.8120522938836885,0,0,0,0
2022-12-22,809581597303.54,26429482455.51,39.9686,18.345,https://api.coinmarketcap.com/data-api/v3/global-metrics/quotes/historical,0,0,0,0,0,27.419783404617935,-0.7191218992555343,-1.544937635244531,0.826512696056365,0,0,0,0
2022-12-23,811200671225.28,28961157427.07,39.9192,18.3761,https://api.coinmarketcap.com/data-api/v3/global-metrics/quotes/historical,0,0,0,0,0,27.421781297230325,-0.7165720463270663,-1.5507216913030282,0.8349979509161819,0,0,0,0
2022-12-24,810659246046.12,26450723855.98,39.8692,18.4187,https://api.coinmarketcap.com/data-api/v3/global-metrics/quotes/historical,0,0,0,0,0,27.42111363759646,-0.7174241611314729,-1.5565759990545425,0.8466208402096923,0,0,0,0
2022-12-25,811438681199.83,16607815949.52,39.9522,18.4164,https://api.coinmarketcap.com/data-api/v3/global-metrics/quotes/historical,0,0,0,0,0,27.42207465875382,-0.7161976374448529,-1.5468578481870283,0.845993313322953,0,0,0,0
2022-12-26,810083859115.48,21109472741.41,40.0077,18.4137,https://api.coinmarketcap.com/data-api/v3/global-metrics/quotes/historical,0,0,0,0,0,27.420403609026256,-0.7183303501917866,-1.5403595665828467,0.8452566513254768,0,0,0,0
2022-12-27,814903547383.63,21434044368.4,39.9556,18.4255,https://api.coinmarketcap.com/data-api/v3/global-metrics/quotes/historical,0,0,0,0,0,27.42633559641519,-0.710759525152692,-1.5464597552599253,0.848476137092224,0,0,0,0
2022-12-28,807372501990.81,27256205863.41,39.8465,18.3819,https://api.coinmarketcap.com/data-api/v3/global-metrics/quotes/historical,0,0,0,0,0,27.417050987305483,-0.7226092049509161,-1.5592338547737303,0.8365804100218712,0,0,0,0
2022-12-29,795301489646.14,30921932039.02,40.0558,18.3106,https://api.coinmarketcap.com/data-api/v3/global-metrics/quotes/historical,0,0,0,0,0,27.40198711196966,-0.7418347961568256,-1.5347277225258897,0.8171270765329676,0,0,0,0
2022-12-30,798316858352.07,27094556091.96,40.1219,18.419,https://api.coinmarketcap.com/data-api/v3/global-metrics/quotes/historical,0,0,0,0,0,27.405771421190632,-0.7370049910464406,-1.5269883276783873,0.8467026915427449,0,0,0,0
2022-12-31,796250986547.87,27631790518.1,40.1343,18.4317,https://api.coinmarketcap.com/data-api/v3/global-metrics/quotes/historical,0,0,0,0,0,27.403180282824632,-0.7403119864823495,-1.5255364593560108,0.8501677313086503,0,0,0,0
2023-01-01,795532009425.33,19881266055.53,40.0387,18.4091,https://api.coinmarketcap.com/data-api/v3/global-metrics/quotes/historical,0,0,0,0,0,27.402276922035814,-0.7414649198975625,-1.5367298957769076,0.8440015975519991,0,0,0,0
2023-01-02,798558682944.8,16724262386.4,40.0759,18.4051,https://api.coinmarketcap.com/data-api/v3/global-metrics/quotes/historical,0,0,0,0,0,27.406074293378634,-0.7366184439764242,-1.5323742908097808,0.8429102464446279,0,0,0,0
2023-01-03,805985802601.42,24052080196.22,39.86,18.443,https://api.coinmarketcap.com/data-api/v3/global-metrics/quotes/historical,0,0,0,0,0,27.41533196465946,-0.7248031441550941,-1.5576531916808212,0.8532507981869764,0,0,0,0
2023-01-04,806055809207.06,26170560117.73,39.8378,18.4421,https://api.coinmarketcap.com/data-api/v3/global-metrics/quotes/historical,0,0,0,0,0,27.41541881924829,-0.7246922941392802,-1.5602525043224935,0.8530052441878173,0,0,0,0
2023-01-05,811697355137.79,26786686576.3,39.7492,18.58205,https://api.coinmarketcap.com/data-api/v3/global-metrics/quotes/historical,1,0,0,0,0,27.42239339228491,-0.7157908469984563,-1.5706263376581777,0.8911888910569902,0,0,0,0
2023-01-06,817338901068.52,27402813034.87,39.6606,18.722,https://api.coinmarketcap.com/data-api/v3/global-metrics/quotes/historical,0,0,0,0,0,27.429319657385246,-0.7069510538885017,-1.581000170993862,0.929372537926164,0,0,0,0
2023-01-07,824876026116.15,29691779490.38,39.5699,18.8321,https://api.coinmarketcap.com/data-api/v3/global-metrics/quotes/historical,0,0,0,0,0,27.438498940614853,-0.6952357984843363,-1.5916198852551102,0.9594119771565743,0,0,0,0
2023-01-08,824447232481.07,17229444788.02,39.5986,18.7651,https://api.coinmarketcap.com/data-api/v3/global-metrics/quotes/historical,0,0,0,0,0,27.43797897748148,-0.695899412489463,-1.5882595126057406,0.9411318461080955,0,0,0,0
2023-01-09,837399569381.43,22406111785.29,39.3052,18.8136,https://api.coinmarketcap.com/data-api/v3/global-metrics/quotes/historical,0,0,0,0,0,27.453567176298495,-0.6760046422918063,-1.622612590491629,0.9543644782849796,0,0,0,0
2023-01-10,848143875052.55,46737548471.45,39.0412,19.0667,https://api.coinmarketcap.com/data-api/v3/global-metrics/quotes/historical,0,0,0,0,0,27.466316122324073,-0.6597335288412663,-1.6535233354196266,1.0234197196039343,0,0,0,0
2023-01-11,858138218471.18,35190776600.23,39.1532,19.0595,https://api.coinmarketcap.com/data-api/v3/global-metrics/quotes/historical,0,0,0,0,0,27.478031017249418,-0.644782145094798,-1.640409686056234,1.0214552876106648,0,0,0,0
2023-01-12,880115750657.84,38042894266.22,39.2424,19.297,https://api.coinmarketcap.com/data-api/v3/global-metrics/quotes/historical,0,0,0,0,0,27.503319270607168,-0.6125074740337993,-1.6299656010275312,1.0862542596108695,0,0,0,0
2023-01-13,906463039393.48,63387011331.23,40.0929,19.1424,https://api.coinmarketcap.com/data-api/v3/global-metrics/quotes/historical,0,0,0,0,0,27.53281609344023,-0.5748615266916196,-1.5303838261742655,1.0440735393109464,0,0,0,0
2023-01-14,939407328290.8,53279274376.22,40.8228,18.9086,https://api.coinmarketcap.com/data-api/v3/global-metrics/quotes/historical,0,0,0,0,0,27.568515011542303,-0.5293000233849922,-1.4449226416176528,0.9802840670850611,0,0,0,0
2023-01-15,985176419016.13,82519395124.36,41.0143,19.2623,https://api.coinmarketcap.com/data-api/v3/global-metrics/quotes/historical,0,0,0,0,0,27.61608656768114,-0.4685858133317996,-1.4225006429293514,1.0767867887544182,0,0,0,0
2023-01-16,982748084895.92,46465363034.47,40.931,19.332,https://api.coinmarketcap.com/data-api/v3/global-metrics/quotes/historical,0,0,0,0,0,27.61361865252699,-0.4717355425234444,-1.4322539196433752,1.0958035818003733,0,0,0,0
2023-01-17,990375757999.46,54007483271.22,41.1842,19.4855,https://api.coinmarketcap.com/data-api/v3/global-metrics/quotes/historical,0,0,0,0,0,27.621350261597634,-0.46186791204706984,-1.4026077051897046,1.137684180545768,0,0,0,0
2023-01-18,987748507121.63,48647297644.64,41.2734,19.4234,https://api.coinmarketcap.com/data-api/v3/global-metrics/quotes/historical,0,0,0,0,0,27.618693954843835,-0.465258080023606,-1.3921636201610015,1.1207409546038205,0,0,0,0
2023-01-19,961289904211.85,61608563604.17,41.4624,19.291,https://api.coinmarketcap.com/data-api/v3/global-metrics/quotes/historical,0,0,0,0,0,27.591541869738805,-0.49991150598339046,-1.3700343368602756,1.0846172329498116,0,0,0,0
2023-01-20,980831842034.48,40547298217.26,41.4206,19.3694,https://api.coinmarketcap.com/data-api/v3/global-metrics/quotes/historical,0,0,0,0,0,27.611666866970946,-0.4742265503408609,-1.3749285381405423,1.1060077146542997,0,0,0,0
2023-01-21,1042190218741.52,53098890300.86,41.9249,19.4885,https://api.coinmarketcap.com/data-api/v3/global-metrics/quotes/historical,0,0,0,0,0,27.672345594174566,-0.39678403451377764,-1.3158819901587642,1.138502693876297,0,0,0,0
2023-01-22,1036917597874.56,62733288677.41,42.3274,19.2042,https://api.coinmarketcap.com/data-api/v3/global-metrics/quotes/historical,0,0,0,0,0,27.667273579988347,-0.4032573004669896,-1.2687548127590709,1.060934913919842,0,0,0,0
2023-01-23,1039953113862.48,51552421107.57,42.1001,19.1626,https://api.coinmarketcap.com/data-api/v3/global-metrics/quotes/historical,0,0,0,0,0,27.67019674524103,-0.3995265486569469,-1.295368495797457,1.049584862403175,0,0,0,0
2023-01-24,1049043473416.26,55980792550.18,42.1255,18.9917,https://api.coinmarketcap.com/data-api/v3/global-metrics/quotes/historical,0,0,0,0,0,27.678899887206825,-0.38841897866508135,-1.2923945074596868,1.0029568863407121,0,0,0,0
2023-01-25,1024052655950.07,55233936238.38,42.6018,18.6026,https://api.coinmarketcap.com/data-api/v3/global-metrics/quotes/historical,0,0,0,0,0,27.654789063050046,-0.4191909306722418,-1.2366263718187578,0.8967957073711131,0,0,0,0
2023-01-26,1050702697969.12,61950522869.99,42.3958,18.7677,https://api.coinmarketcap.com/data-api/v3/global-metrics/quotes/historical,0,0,0,0,0,27.680480292420388,-0.3864019529065509,-1.260746119754998,0.9418412243278875,0,0,0,0
2023-01-27,1049463666822.53,54426623483.32,42.2981,18.693,https://api.coinmarketcap.com/data-api/v3/global-metrics/quotes/historical,0,0,0,0,0,27.679300356096185,-0.3879078717297223,-1.2721854371014585,0.921460242397718,0,0,0,0
2023-01-28,1055230006832.02,53636787014.43,42.156,18.5335,https://api.coinmarketcap.com/data-api/v3/global-metrics/quotes/historical,0,0,0,0,0,27.684779875049074,-0.3809145191531279,-1.2888233797312634,0.8779426169912645,0,0,0,0
2023-01-29,1048839400594.33,36865642480.52,42.3268,18.3476,https://api.coinmarketcap.com/data-api/v3/global-metrics/quotes/historical,0,0,0,0,0,27.678705335999886,-0.38866727877974827,-1.2688250644520889,0.827222074276157,0,0,0,0
2023-01-30,1081269921766.65,52215648093.49,42.3846,18.6305,https://api.coinmarketcap.com/data-api/v3/global-metrics/quotes/historical,0,0,0,0,0,27.70915731977805,-0.34980228697145127,-1.2620574846913377,0.9044078813450326,0,0,0,0
2023-01-31,1038184168292.52,57104997411.62,42.4111,18.4751,https://api.coinmarketcap.com/data-api/v3/global-metrics/quotes/historical,0,0,0,0,0,27.668494311034788,-0.40169931651212853,-1.2589547015830351,0.8620088908236355,0,0,0,0
2023-02-01,1052447330811.81,47229356160.18,42.3839,18.4472,https://api.coinmarketcap.com/data-api/v3/global-metrics/quotes/historical,0,0,0,0,0,27.682139359266777,-0.3842845335665145,-1.262139444999859,0.8543967168497162,0,0,0,0
2023-02-02,1079368080356.3,55907439918.36,42.3712,18.6115,https://api.coinmarketcap.com/data-api/v3/global-metrics/quotes/historical,0,0,0,0,0,27.707396875039358,-0.3520490920021739,-1.2636264391687433,0.8992239635850157,0,0,0,0
2023-02-03,1074883020346.56,65908105085.18,42.0986,18.7061,https://api.coinmarketcap.com/data-api/v3/global-metrics/quotes/historical,0,0,0,0,0,27.703232953304767,-0.3573633856549018,-1.2955441250300024,0.9250344172743603,0,0,0,0
2023-02-04,1085135800599.04,56726164973.43,41.6621,18.7723,https://api.coinmarketcap.com/data-api/v3/global-metrics/quotes/historical,0,0,0,0,0,27.712726256931315,-0.3452473550420108,-1.3466522317007257,0.9430962781013652,0,0,0,0
2023-02-05,1083672907518.97,38673691662.3,41.5142,18.8259,https://api.coinmarketcap.com/data-api/v3/global-metrics/quotes/historical,0,0,0,0,0,27.71137722758036,-0.34696908243606017,-1.3639692740297065,0.957720382940148,0,0,0,0
2023-02-06,1065820780089.09,48566666147.31,41.5292,18.734,https://api.coinmarketcap.com/data-api/v3/global-metrics/quotes/historical,0,0,0,0,0,27.694766303794,-0.36816912712241084,-1.3622129817042519,0.9326465912482798,0,0,0,0
2023-02-07,1055615189036.14,49571616450.79,41.5745,18.7352,https://api.coinmarketcap.com/data-api/v3/global-metrics/quotes/historical,0,0,0,0,0,27.68514483047939,-0.38044873702500764,-1.3569089788813797,0.9329739965804905,0,0,0,0
2023-02-08,1087350031990.26,59423580843.29,41.2588,18.8167,https://api.coinmarketcap.com/data-api/v3/global-metrics/quotes/historical,0,0,0,0,0,27.714764688781795,-0.34264576304893124,-1.393873078024444,0.9552102753931928,0,0,0,0
2023-02-09,1072799678657.28,58256419279.51,41.2435,18.8317,https://api.coinmarketcap.com/data-api/v3/global-metrics/quotes/historical,0,0,0,0,0,27.70129286937737,-0.35983945901994113,-1.395664496196408,0.9593028420458375,0,0,0,0
2023-02-10,1015022886376.74,79208103009.37,41.4578,18.6452,https://api.coinmarketcap.com/data-api/v3/global-metrics/quotes/historical,0,0,0,0,0,27.645932276322515,-0.4304945930582748,-1.3705729331734156,0.9084185966646235,0,0,0,0
2023-02-11,1008850447625.1,57145322794.75,41.3931,18.3759,https://api.coinmarketcap.com/data-api/v3/global-metrics/quotes/historical,0,0,0,0,0,27.63983262790537,-0.4382793990496602,-1.378148407403876,0.8349433833608134,0,0,0,0
2023-02-12,1021065764990.42,35260984420.94,41.3144,18.455,https://api.coinmarketcap.com/data-api/v3/global-metrics/quotes/historical,0,0,0,0,0,27.651868065368152,-0.42291891607397675,-1.3873630878047598,0.8565248515090912,0,0,0,0
2023-02-13,1013799601952.38,37854397620.34,41.4542,18.287,https://api.coinmarketcap.com/data-api/v3/global-metrics/quotes/historical,0,0,0,0,0,27.644726370355247,-0.4320336561906102,-1.3709944433315244,0.810688104999473,0,0,0,0
2023-02-14,1006679733579.84,59253250100.32,41.7827,18.3203,https://api.coinmarketcap.com/data-api/v3/global-metrics/quotes/historical,0,0,0,0,0,27.637678638940297,-0.4410284732673721,-1.3325316414040727,0.8197736029683439,0,0,0,0
2023-02-15,1030129662052.34,57819763109.55,41.6122,18.4942,https://api.coinmarketcap.com/data-api/v3/global-metrics/quotes/historical,0,0,0,0,0,27.660705795734888,-0.41163957477361074,-1.3524948308367375,0.8672200923613357,0,0,0,0
2023-02-16,1103889918757.99,64877813855.61,42.4809,18.5553,https://api.coinmarketcap.com/data-api/v3/global-metrics/quotes/historical,0,0,0,0,0,27.729861347542016,-0.3233783313005479,-1.2507820879619205,0.8838904805264409,0,0,0,0
2023-02-17,1073316020438.25,82872820210.92,42.4618,18.7004,https://api.coinmarketcap.com/data-api/v3/global-metrics/quotes/historical,0,0,0,0,0,27.70177405666019,-0.3592253335185814,-1.2530184335229992,0.9234792419463551,0,0,0,0
2023-02-18,1114348219233.85,76168686272.84,42.5333,18.6113,https://api.coinmarketcap.com/data-api/v3/global-metrics/quotes/historical,0,0,0,0,0,27.739290793179787,-0.31134380080366975,-1.244646773438333,0.8991693960296473,0,0,0,0
2023-02-19,1117148887398.39,44275930199.19,42.559,18.5316,https://api.coinmarketcap.com/data-api/v3/global-metrics/quotes/historical,0,0,0,0,0,27.741800919342833,-0.30814019891437333,-1.2416376592540543,0.8774242252152631,0,0,0,0
2023-02-20,1109583735636.79,56307800976.88,42.3148,18.5492,https://api.coinmarketcap.com/data-api/v3/global-metrics/quotes/historical,0,0,0,0,0,27.735006047978025,-0.31681229797548693,-1.2702300983124524,0.8822261700876988,0,0,0,0
2023-02-21,1128772610999.91,64517089719.8,42.4505,18.4599,https://api.coinmarketcap.com/data-api/v3/global-metrics/quotes/historical,0,0,0,0,0,27.75215197337058,-0.294929446113299,-1.2543415070748414,0.8578617566156225,0,0,0,0
2023-02-22,1107713462647.65,66728454697.12,42.5731,18.3176,https://api.coinmarketcap.com/data-api/v3/global-metrics/quotes/historical,0,0,0,0,0,27.73331906309017,-0.3189653483095735,-1.2399867444681274,0.8190369409708678,0,0,0,0
2023-02-23,1100428687615.49,63527964747.65,42.4234,18.274,https://api.coinmarketcap.com/data-api/v3/global-metrics/quotes/historical,0,0,0,0,0,27.726720935827394,-0.32738634852703047,-1.257514541876162,0.807141213900515,0,0,0,0
2023-02-24,1094247702767.35,59210213277.3,42.2368,18.4636,https://api.coinmarketcap.com/data-api/v3/global-metrics/quotes/historical,0,0,0,0,0,27.721088213647928,-0.33457522997915984,-1.279362818404815,0.858871256389941,0,0,0,0
2023-02-25,1063198874005.93,58013494228.19,42.115,18.514,https://api.coinmarketcap.com/data-api/v3/global-metrics/quotes/historical,0,0,0,0,0,27.692303285283497,-0.3713126068684844,-1.293623912087505,0.8726222803428264,0,0,0,0
2023-02-26,1058520984537.45,37413629731.13,42.2582,18.4377,https://api.coinmarketcap.com/data-api/v3/global-metrics/quotes/historical,0,0,0,0,0,27.68789375211221,-0.37694036733981984,-1.2768571746871666,0.8518047579697082,0,0,0,0
2023-02-27,1078240731969.19,34341666010.34,42.1796,18.622,https://api.coinmarketcap.com/data-api/v3/global-metrics/quotes/historical,0,0,0,0,0,27.70635187699962,-0.35338279297055664,-1.286060146472548,0.902088760241867,0,0,0,0
2023-02-28,1073293611797.83,45362478074.36,42.3058,18.6351,https://api.coinmarketcap.com/data-api/v3/global-metrics/quotes/historical,0,0,0,0,0,27.701753178490183,-0.3592519797269952,-1.2712838737077252,0.9056629351185103,0,0,0,0
2023-03-01,1056525760908.85,42666748722.72,42.2972,18.6014,https://api.coinmarketcap.com/data-api/v3/global-metrics/quotes/historical,0,0,0,0,0,27.6860070569602,-0.3793483021450454,-1.272290814640986,0.8964683020389024,0,0,0,0
2023-03-02,1081249585434.97,48678729349.86,42.2208,18.8271,https://api.coinmarketcap.com/data-api/v3/global-metrics/quotes/historical,0,0,0,0,0,27.70913851177968,-0.3498262910792914,-1.2812361968853003,0.9580477882723598,0,0,0,0
2023-03-03,1070204199000.59,42543211782.68,42.3506,18.8378,https://api.coinmarketcap.com/data-api/v3/global-metrics/quotes/historical,0,0,0,0,0,27.698870586382156,-0.36293094919844987,-1.2660384139623677,0.9609671524845795,0,0,0,0
2023-03-04,1028052926302.48,54664109491.33,41.9986,18.6792,https://api.coinmarketcap.com/data-api/v3/global-metrics/quotes/historical,0,0,0,0,0,27.658687766366267,-0.414215127665393,-1.3072527405330312,0.9176950810772851,0,0,0,0
2023-03-05,1022767784265.27,26938448848.66,42.2007,18.7497,https://api.coinmarketcap.com/data-api/v3/global-metrics/quotes/historical,0,0,0,0,0,27.6535335822777,-0.42079326470368583,-1.2835896286014092,0.936930144344714,0,0,0,0
2023-03-06,1024951173177.32,28750383104.81,42.2682,18.6784,https://api.coinmarketcap.com/data-api/v3/global-metrics/quotes/historical,0,0,0,0,0,27.65566609145973,-0.4180716045158158,-1.2756863131368639,0.9174768108558102,0,0,0,0
2023-03-07,1024529362847.64,35225327862.28,42.2739,18.7218,https://api.coinmarketcap.com/data-api/v3/global-metrics/quotes/historical,0,0,0,0,0,27.65525446487609,-0.418596951695747,-1.2750189220531916,0.9293179703707956,0,0,0,0
2023-03-08,1017418783044.55,44482339994.83,42.1713,18.787,https://api.coinmarketcap.com/data-api/v3/global-metrics/quotes/historical,0,0,0,0,0,27.648289930973732,-0.42748558617800597,-1.2870319615592993,0.9471069934209562,0,0,0,0
2023-03-09,994277359445.18,44320979167.78,42.1855,18.8809,https://api.coinmarketcap.com/data-api/v3/global-metrics/quotes/historical,0,0,0,0,0,27.6252820383274,-0.45684989839293383,-1.2853693381578697,0.9727264606665111,0,0,0,0
2023-03-10,944168313860.41,57773496227.85,41.6565,18.6472,https://api.coinmarketcap.com/data-api/v3/global-metrics/quotes/historical,0,0,0,0,0,27.573570285779553,-0.5228481221475986,-1.3473079141688955,0.9089642722183102,0,0,0,0
2023-03-11,940408550880.81,76289657908.14,41.4604,18.597,https://api.coinmarketcap.com/data-api/v3/global-metrics/quotes/historical,0,0,0,0,0,27.569580246383417,-0.5279404947685511,-1.3702685091703366,0.8952678158207932,0,0,0,0
2023-03-12,951967403420.31,91096944569.08,41.8573,19.0576,https://api.coinmarketcap.com/data-api/v3/global-metrics/quotes/historical,0,0,0,0,0,27.581796631046853,-0.5123490740804877,-1.323797014238812,1.0209368958346634,0,0,0,0
2023-03-13,1013838148032.96,64580463010.92,42.2199,19.1986,https://api.coinmarketcap.com/data-api/v3/global-metrics/quotes/historical,0,0,0,0,0,27.64476439103284,-0.43198513149238493,-1.2813415744248269,1.0594070223695211,0,0,0,0
2023-03-14,1074729507891.88,97270664123.23,43.4954,19.1327,https://api.coinmarketcap.com/data-api/v3/global-metrics/quotes/historical,0,0,0,0,0,27.703090125280717,-0.3575456729575984,-1.1319981836836859,1.0414270128755698,0,0,0,0
2023-03-15,1093183678306.77,101182591590.01,43.7508,19.0789,https://api.coinmarketcap.com/data-api/v3/global-metrics/quotes/historical,0,0,0,0,0,27.72011536069016,-0.335816854252633,-1.1020943796889484,1.0267483404814186,0,0,0,0
2023-03-16,1064655214409.96,83701408243.65,44.2288,19.0374,https://api.coinmarketcap.com/data-api/v3/global-metrics/quotes/historical,0,0,0,0,0,27.693672120336007,-0.3695656020266895,-1.046127197584467,1.0154255727424357,0,0,0,0
2023-03-17,1088592130913.77,62601200934.48,44.4637,18.8548,https://api.coinmarketcap.com/data-api/v3/global-metrics/quotes/historical,0,0,0,0,0,27.71590635429074,-0.34118868816749687,-1.0186236597678502,0.9656053946909098,0,0,0,0
2023-03-18,1166253531968.25,84321789109.78,45.4509,18.8142,https://api.coinmarketcap.com/data-api/v3/global-metrics/quotes/historical,0,0,0,0,0,27.784817617586338,-0.25323922310166996,-0.9030362075219434,0.954528180951085,0,0,0,0
2023-03-19,1145640894647.41,68924084925.26,45.4814,18.8245,https://api.coinmarketcap.com/data-api/v3/global-metrics/quotes/historical,0,0,0,0,0,27.766985329659004,-0.2759980597432415,-0.899465079793519,0.9573384100525678,0,0,0,0
2023-03-20,1175626910203.8,65056772847.18,46.086,18.5857,https://api.coinmarketcap.com/data-api/v3/global-metrics/quotes/historical,0,0,0,0,0,27.79282266184147,-0.24302261515694085,-0.8286747904622026,0.8921847489424671,0,0,0,0
2023-03-21,1152833369209.93,77383433884.74,46.5431,18.4221,https://api.coinmarketcap.com/data-api/v3/global-metrics/quotes/historical,0,0,0,0,0,27.77324382743931,-0.26801051887445226,-0.7751547089978542,0.8475484886509581,0,0,0,0
2023-03-22,1182800706981.5,67723817736.0,46.0186,18.6836,https://api.coinmarketcap.com/data-api/v3/global-metrics/quotes/historical,0,0,0,0,0,27.798906222643105,-0.2352583413269268,-0.8365663973112445,0.9188955672953933,0,0,0,0
2023-03-23,1144997903838.9,69463882830.51,46.0846,18.5691,https://api.coinmarketcap.com/data-api/v3/global-metrics/quotes/historical,0,0,0,0,0,27.766423922224693,-0.2767145679186884,-0.8288387110792447,0.8876556418468737,0,0,0,0
2023-03-24,1185764476460.89,55703450260.6,46.1724,18.7427,https://api.coinmarketcap.com/data-api/v3/global-metrics/quotes/historical,0,0,0,0,0,27.801408810325245,-0.23206436058417806,-0.8185585466675845,0.9350202799068128,0,0,0,0
2023-03-25,1151301162287.42,54992894975.01,46.149,18.6197,https://api.coinmarketcap.com/data-api/v3/global-metrics/quotes/historical,0,0,0,0,0,27.77191386416901,-0.2697079127776537,-0.8212983626952938,0.9014612333551286,0,0,0,0
2023-03-26,1147888688788.54,32983707724.72,46.2965,18.5903,https://api.coinmarketcap.com/data-api/v3/global-metrics/quotes/historical,0,0,0,0,0,27.76894544813931,-0.2734964168540523,-0.8040281548283251,0.8934398027159447,0,0,0,0
2023-03-27,1166614358045.19,31515223763.7,46.3824,18.6252,https://api.coinmarketcap.com/data-api/v3/global-metrics/quotes/historical,0,0,0,0,0,27.78512695878938,-0.2528444198136546,-0.7939704541112232,0.9029618411277643,0,0,0,0
2023-03-28,1133247655824.84,42377984347.67,46.2872,18.5237,https://api.coinmarketcap.com/data-api/v3/global-metrics/quotes/historical,0,0,0,0,0,27.756108658223283,-0.2898796429376325,-0.8051170560701072,0.8752688067782038,0,0,0,0
2023-03-29,1149951260042.02,40036422743.91,45.8374,18.866,https://api.coinmarketcap.com/data-api/v3/global-metrics/quotes/historical,0,0,0,0,0,27.770740674833384,-0.27120522061319274,-0.8577824086027336,0.9686611777915507,0,0,0,0
2023-03-30,1181645138837.99,47058201981.09,46.3796,18.5705,https://api.coinmarketcap.com/data-api/v3/global-metrics/quotes/historical,0,0,0,0,0,27.797928768887875,-0.23650583746598716,-0.7942982953453074,0.888037614734454,0,0,0,0
2023-03-31,1172903467797.31,50873473705.86,46.206,18.709,https://api.coinmarketcap.com/data-api/v3/global-metrics/quotes/historical,0,0,0,0,0,27.790503387070498,-0.24598263889896246,-0.8146244518585667,0.925825646827205,0,0,0,0
2023-04-01,1187304591349.8,43800734346.52,46.3692,18.4837,https://api.coinmarketcap.com/data-api/v3/global-metrics/quotes/historical,0,0,0,0,0,27.802706804661806,-0.2304077677124249,-0.795515991357623,0.8643552957044844,0,0,0,0
2023-04-02,1186182338347.54,31095093332.11,46.394,18.4954,https://api.coinmarketcap.com/data-api/v3/global-metrics/quotes/historical,0,0,0,0,0,27.801761146969866,-0.23161468344962055,-0.7926122547128717,0.8675474976935474,0,0,0,0
2023-04-03,1173729564560.52,31925080914.24,46.4408,18.425,https://api.coinmarketcap.com/data-api/v3/global-metrics/quotes/historical,0,0,0,0,0,27.79120745693225,-0.2450840547670138,-0.7871326226574533,0.8483397182038028,0,0,0,0
2023-04-04,1168517121895.68,48986217518.21,45.9907,18.6608,https://api.coinmarketcap.com/data-api/v3/global-metrics/quotes/historical,0,0,0,0,0,27.786756643702592,-0.25076449979059523,-0.83983310103659,0.9126748659833737,0,0,0,0
2023-04-05,1187283888063.25,42013585460.02,45.8786,18.9824,https://api.coinmarketcap.com/data-api/v3/global-metrics/quotes/historical,0,0,0,0,0,27.80268936729383,-0.23043002252408154,-0.8529584590154858,1.0004194950160716,0,0,0,0
2023-04-06,1194470635423.77,43898178157.34,45.6171,19.2528,https://api.coinmarketcap.com/data-api/v3/global-metrics/quotes/historical,0,0,0,0,0,27.80872422025713,-0.22272791310843487,-0.8835764885559079,1.0741948298744104,0,0,0,0
2023-04-07,1183473039111.85,37033375218.8,45.8227,19.0623,https://api.coinmarketcap.com/data-api/v3/global-metrics/quotes/historical,0,0,0,0,0,27.799474485000367,-0.23453308441030496,-0.8595035750816795,1.0222192333858253,0,0,0,0
2023-04-08,1178722452763.51,30162320386.68,45.8153,19.0607,https://api.coinmarketcap.com/data-api/v3/global-metrics/quotes/historical,0,0,0,0,0,27.79545230074911,-0.23966648258611517,-0.8603700126289033,1.0217826929428766,0,0,0,0
2023-04-09,1175705519761.06,27341712671.25,45.9793,18.9501,https://api.coinmarketcap.com/data-api/v3/global-metrics/quotes/historical,0,0,0,0,0,27.79288952568113,-0.24293727875982543,-0.8411678832039348,0.991606834824044,0,0,0,0
2023-04-10,1186469173909.93,29603164737.32,46.1912,18.8795,https://api.coinmarketcap.com/data-api/v3/global-metrics/quotes/historical,0,0,0,0,0,27.80200293179356,-0.23130610042722513,-0.8163573269530152,0.9723444877789309,0,0,0,0
2023-04-11,1224314269340.28,40721826862.93,46.8487,18.8048,https://api.coinmarketcap.com/data-api/v3/global-metrics/quotes/historical,0,0,0,0,0,27.833402023059463,-0.19123234254901542,-0.7393731800205962,0.9519635058487613,0,0,0,0
2023-04-12,1234603276299.42,44418849673.6,47.3691,18.4605,https://api.coinmarketcap.com/data-api/v3/global-metrics/quotes/historical,0,0,0,0,0,27.84177080063622,-0.18055151221837207,-0.6784415449428302,0.8580254592817278,0,0,0,0
2023-04-13,1228187207745.42,48234780317.02,47.0829,18.8095,https://api.coinmarketcap.com/data-api/v3/global-metrics/quotes/historical,0,0,0,0,0,27.836560383338373,-0.18720141808571333,-0.7119516025125008,0.9532458433999231,0,0,0,0
2023-04-14,1257089294871.11,45450261019.25,46.7895,19.2918,https://api.coinmarketcap.com/data-api/v3/global-metrics/quotes/historical,0,0,0,0,0,27.859820081097194,-0.15751573424175136,-0.74630468039839,1.0848355031712855,0,0,0,0
2023-04-15,1275619778482.57,63108090693.47,46.2391,19.8057,https://api.coinmarketcap.com/data-api/v3/global-metrics/quotes/historical,0,0,0,0,0,27.874453277200875,-0.1388398065635499,-0.8107489001270642,1.2250468366908867,0,0,0,0
2023-04-16,1272308854423.25,35403809366.17,46.1019,19.7526,https://api.coinmarketcap.com/data-api/v3/global-metrics/quotes/historical,0,0,0,0,0,27.87185436145405,-0.14215672804710736,-0.8268131205972207,1.2105591507405251,0,0,0,0
2023-04-17,1281350156306.89,36693765812.84,45.777,19.8072,https://api.coinmarketcap.com/data-api/v3/global-metrics/quotes/historical,0,0,0,0,0,27.878935447554063,-0.13311934134430253,-0.8648544123665636,1.2254560933561511,0,0,0,0
2023-04-18,1252121628040.14,46765212440.53,45.5048,19.8026,https://api.coinmarketcap.com/data-api/v3/global-metrics/quotes/historical,0,0,0,0,0,27.855860530884907,-0.1625691943935133,-0.8967252637658097,1.2242010395826735,0,0,0,0
2023-04-19,1281436072304.01,46893048612.33,45.8989,19.6014,https://api.coinmarketcap.com/data-api/v3/global-metrics/quotes/historical,0,0,0,0,0,27.87900249645279,-0.13303376876161596,-0.850581610068371,1.1693060788818688,0,0,0,0
2023-04-20,1207742665879.22,61366623614.09,46.1818,19.1348,https://api.coinmarketcap.com/data-api/v3/global-metrics/quotes/historical,0,0,0,0,0,27.819774167813716,-0.20862518258035773,-0.8174579368102999,1.0419999722069397,0,0,0,0
2023-04-21,1192679746259.05,52573332528.06,45.8332,19.6217,https://api.coinmarketcap.com/data-api/v3/global-metrics/quotes/historical,0,0,0,0,0,27.807223778965746,-0.22464288321098308,-0.8582741704538613,1.1748446857517807,0,0,0,0
2023-04-22,1152874818412.54,50856264676.28,45.7792,19.3193,https://api.coinmarketcap.com/data-api/v3/global-metrics/quotes/historical,0,0,0,0,0,27.773279780993914,-0.2679646323858948,-0.8645968228254968,1.092338542034467,0,0,0,0
2023-04-23,1173885720427.83,31006148039.28,45.8612,19.2251,https://api.coinmarketcap.com/data-api/v3/global-metrics/quotes/historical,0,0,0,0,0,27.79134049054175,-0.2449142677941471,-0.8549957581130133,1.0666372234558603,0,0,0,0
2023-04-24,1164226275750.82,30093079797.04,45.8694,19.2588,https://api.coinmarketcap.com/data-api/v3/global-metrics/quotes/historical,0,0,0,0,0,27.78307784132047,-0.2554596495544688,-0.8540356516417645,1.075831856535468,0,0,0,0
2023-04-25,1159583910036.04,38405334555.9,45.9359,19.132,https://api.coinmarketcap.com/data-api/v3/global-metrics/quotes/historical,0,0,0,0,0,27.779082358454424,-0.2605589695196397,-0.8462494223322502,1.0412360264317801,0,0,0,0
2023-04-26,1182825744182.45,39538742427.17,46.3176,18.9997,https://api.coinmarketcap.com/data-api/v3/global-metrics/quotes/historical,0,0,0,0,0,27.798927390144794,-0.23523132585280376,-0.8015576369571862,1.0051395885554555,0,0,0,0
2023-04-27,1180847546468.08,64226853050.34,46.5967,19.033,https://api.coinmarketcap.com/data-api/v3/global-metrics/quotes/historical,0,0,0,0,0,27.797253556299772,-0.23736759188884007,-0.7688788910882308,1.0142250865243265,0,0,0,0
2023-04-28,1210771940661.43,54511450507.59,47.1286,18.9839,https://api.coinmarketcap.com/data-api/v3/global-metrics/quotes/historical,0,0,0,0,0,27.822279239611234,-0.20542803143253793,-0.7066007652276167,1.0008287516813361,0,0,0,0
2023-04-29,1205188547671.96,39379327826.37,47.126,18.9074,https://api.coinmarketcap.com/data-api/v3/global-metrics/quotes/historical,0,0,0,0,0,27.817657141727903,-0.2113270821374586,-0.7069051892306956,0.9799566617528493,0,0,0,0
2023-04-30,1206623693405.96,24771847803.25,46.9253,19.0465,https://api.coinmarketcap.com/data-api/v3/global-metrics/quotes/historical,0,0,0,0,0,27.81884723926447,-0.20980819485094387,-0.7304043805452756,1.0179083965117066,0,0,0,0
2023-05-01,1201145917496.18,31897279995.43,47.1431,18.773,https://api.coinmarketcap.com/data-api/v3/global-metrics/quotes/historical,0,0,0,0,0,27.814297148312534,-0.21561534517856443,-0.7049030159796776,0.9432872645451549,0,0,0,0
2023-05-02,1165408544465.5,40810771252.63,46.6667,18.924,https://api.coinmarketcap.com/data-api/v3/global-metrics/quotes/historical,0,0,0,0,0,27.784092823416305,-0.2541642570727318,-0.7606828602361101,0.9844857688484427,0,0,0,0
2023-05-03,1182377779493.73,35176475458.64,46.9668,19.0477,https://api.coinmarketcap.com/data-api/v3/global-metrics/quotes/historical,0,0,0,0,0,27.798548594248718,-0.23571477216964293,-0.7255453051115185,1.0182358018439175,0,0,0,0
2023-05-04,1195915355366.97,42043679699.05,46.9852,19.175,https://api.coinmarketcap.com/data-api/v3/global-metrics/quotes/historical,0,0,0,0,0,27.809932995847912,-0.22118518755807087,-0.7233909198589611,1.0529680508360275,0,0,0,0
2023-05-05,1185919033324.54,32912154108.68,47.1072,19.0602,https://api.coinmarketcap.com/data-api/v3/global-metrics/quotes/historical,0,0,0,0,0,27.801539145475978,-0.23189801757669287,-0.709106408945265,1.0216462740544543,0,0,0,0
2023-05-06,1219932160469.87,42864216955.31,46.8861,19.6872,https://api.coinmarketcap.com/data-api/v3/global-metrics/quotes/historical,0,0,0,0,0,27.829816366955395,-0.1958086123949197,-0.7349941578224634,1.192715560134995,0,0,0,0
2023-05-07,1187051646719.99,39352635794.44,47.1537,19.2651,https://api.coinmarketcap.com/data-api/v3/global-metrics/quotes/historical,0,0,0,0,0,27.802493740904385,-0.23067969486328446,-0.7036619027363561,1.0775507345295787,0,0,0,0
2023-05-08,1172950585268.7,27741671879.54,46.9789,19.2147,https://api.coinmarketcap.com/data-api/v3/global-metrics/quotes/historical,0,0,0,0,0,27.790543557916877,-0.2459313700021041,-0.7241285626356514,1.0637997105766932,0,0,0,0
2023-05-09,1142228138195.64,46572605157.71,46.9594,19.48,https://api.coinmarketcap.com/data-api/v3/global-metrics/quotes/historical,0,0,0,0,0,27.764001977960096,-0.2798056257850471,-0.7264117426587423,1.1361835727731322,0,0,0,0
2023-05-10,1141816056349.67,31936584768.74,46.9142,19.4787,https://api.coinmarketcap.com/data-api/v3/global-metrics/quotes/historical,0,0,0,0,0,27.7636411426913,-0.28026614946941847,-0.7317040368661117,1.1358288836632362,0,0,0,0
2023-05-11,1142914575699.0,45887894685.18,46.8119,19.3959,https://api.coinmarketcap.com/data-api/v3/global-metrics/quotes/historical,0,0,0,0,0,27.764602761027017,-0.27903886362122293,-0.743681950525711,1.113237915740639,0,0,0,0
2023-05-12,1117071625654.42,37849293416.72,46.8095,19.3413,https://api.coinmarketcap.com/data-api/v3/global-metrics/quotes/historical,0,0,0,0,0,27.741731757195634,-0.3082284685753551,-0.7439629572977838,1.0983409731250129,0,0,0,0
2023-05-13,1123373193788.81,41515886992.11,46.2251,19.7664,https://api.coinmarketcap.com/data-api/v3/global-metrics/quotes/historical,0,0,0,0,0,27.74735705508016,-0.30104906253751135,-0.8123881062974887,1.214324312060958,0,0,0,0
2023-05-14,1120563284619.52,22736824841.1,46.309,19.6898,https://api.coinmarketcap.com/data-api/v3/global-metrics/quotes/historical,0,0,0,0,0,27.74485260750329,-0.3042454170104532,-0.8025645778904469,1.193424938354787,0,0,0,0
2023-05-15,1126129060708.0,22048926216.23,46.3312,19.6574,https://api.coinmarketcap.com/data-api/v3/global-metrics/quotes/historical,0,0,0,0,0,27.749807257823825,-0.29792193918636994,-0.7999652652487738,1.1845849943850741,0,0,0,0
2023-05-16,1134524450202.64,31232667514.22,46.4194,19.6951,https://api.coinmarketcap.com/data-api/v3/global-metrics/quotes/historical,0,0,0,0,0,27.757234692456898,-0.2884425178037139,-0.7896382663751017,1.1948709785720542,0,0,0,0
2023-05-17,1128065356726.9,28503434501.75,46.4366,19.4505,https://api.coinmarketcap.com/data-api/v3/global-metrics/quotes/historical,0,0,0,0,0,27.751525207686665,-0.29572936914453823,-0.7876243845085811,1.1281348583562651,0,0,0,0
2023-05-18,1139537975900.49,34363999774.5,46.5906,19.2316,https://api.coinmarketcap.com/data-api/v3/global-metrics/quotes/historical,0,0,0,0,0,27.76164401188726,-0.2828150301237793,-0.7695931166339153,1.0684106690053394,0,0,0,0
2023-05-19,1122684786946.14,32096067293.3,46.3071,19.299,https://api.coinmarketcap.com/data-api/v3/global-metrics/quotes/historical,0,0,0,0,0,27.74674406390172,-0.30183140556324484,-0.8027870415850044,1.086799935164555,0,0,0,0
2023-05-20,1125750276154.75,25385427378.49,46.2865,19.3667,https://api.coinmarketcap.com/data-api/v3/global-metrics/quotes/historical,0,0,0,0,0,27.749470841435414,-0.2983512977554211,-0.8051990163786287,1.1052710526568246,0,0,0,0
2023-05-21,1132119586673.94,17071105239.84,46.4295,19.3384,https://api.coinmarketcap.com/data-api/v3/global-metrics/quotes/historical,0,0,0,0,0,27.755112732067932,-0.2911507148701333,-0.7884556962092963,1.0975497435721682,0,0,0,0
2023-05-22,1118255293392.19,19705728479.39,46.3625,19.4098,https://api.coinmarketcap.com/data-api/v3/global-metrics/quotes/historical,0,0,0,0,0,27.742790812887502,-0.3068768262295281,-0.7963004685963262,1.117030360838756,0,0,0,0
2023-05-23,1123799321986.28,25124546524.13,46.3114,19.4526,https://api.coinmarketcap.com/data-api/v3/global-metrics/quotes/historical,0,0,0,0,0,27.74773631230192,-0.30056502744395486,-0.802283571118374,1.1287078176876348,0,0,0,0
2023-05-24,1138323039474.38,30753018683.44,46.3554,19.5915,https://api.coinmarketcap.com/data-api/v3/global-metrics/quotes/historical,0,0,0,0,0,27.760577277320824,-0.2841764727965515,-0.7971317802970406,1.1666049848911229,0,0,0,0
2023-05-25,1107058187851.86,36030850734.88,46.1032,19.5536,https://api.coinmarketcap.com/data-api/v3/global-metrics/quotes/historical,0,0,0,0,0,27.732727331825448,-0.3197205579183702,-0.8266609085956813,1.1562644331487744,0,0,0,0
2023-05-26,1110074243461.14,30478156200.28,46.23,19.5636,https://api.coinmarketcap.com/data-api/v3/global-metrics/quotes/historical,0,0,0,0,0,27.73544801501705,-0.31624822814423015,-0.8118143841378404,1.1589928109172043,0,0,0,0
2023-05-27,1120278246898.01,27682593768.86,46.2343,19.6298,https://api.coinmarketcap.com/data-api/v3/global-metrics/quotes/historical,0,0,0,0,0,27.74459820511112,-0.3045701034729083,-0.81131091367121,1.1770546717442083,0,0,0,0
2023-05-28,1126119219087.63,18302089413.29,46.2549,19.5542,https://api.coinmarketcap.com/data-api/v3/global-metrics/quotes/historical,0,0,0,0,0,27.74979851844952,-0.2979330929986553,-0.8088989388775857,1.1564281358148807,0,0,0,0
2023-05-29,1165912227241.03,30629539696.06,46.6919,19.7015,https://api.coinmarketcap.com/data-api/v3/global-metrics/quotes/historical,0,0,0,0,0,27.784524924214686,-0.2536127792408841,-0.7577322891293469,1.196617140343849,0,0,0,0
2023-05-30,1155541150266.57,31671659594.4,46.5511,19.7009,https://api.coinmarketcap.com/data-api/v3/global-metrics/quotes/historical,0,0,0,0,0,27.775589878546484,-0.2650163212639974,-0.7742180197576123,1.1964534376777436,0,0,0,0
2023-05-31,1157517351489.13,30459508251.71,46.4001,19.7497,https://api.coinmarketcap.com/data-api/v3/global-metrics/quotes/historical,0,0,0,0,0,27.777298613281815,-0.26283551222459367,-0.7918980291671865,1.2097679211876804,0,0,0,0
2023-06-01,1141386025717.69,33069748499.63,46.2386,19.7434,https://api.coinmarketcap.com/data-api/v3/global-metrics/quotes/historical,0,0,0,0,0,27.763264451867087,-0.2807469091435298,-0.8108074432045796,1.2080490431935698,0,0,0,0
2023-06-02,1130322801196.87,30335501140.38,46.0125,19.8116,https://api.coinmarketcap.com/data-api/v3/global-metrics/quotes/historical,0,0,0,0,0,27.753524372634374,-0.2931778923710665,-0.8372806228569288,1.2266565795742594,0,0,0,0
2023-06-03,1150072084709.49,31148280082.37,45.9476,19.9417,https://api.coinmarketcap.com/data-api/v3/global-metrics/quotes/historical,0,0,0,0,0,27.77084573869533,-0.27107113062537547,-0.8448795143183953,1.26215277434153,0,0,0,0
2023-06-04,1143438619013.72,19690672252.98,45.9179,19.8993,https://api.coinmarketcap.com/data-api/v3/global-metrics/quotes/historical,0,0,0,0,0,27.7650611707995,-0.27845380840176337,-0.8483569731227948,1.250584452603388,0,0,0,0
2023-06-05,1145085643469.01,21804578581.58,45.9319,19.8502,https://api.coinmarketcap.com/data-api/v3/global-metrics/quotes/historical,0,0,0,0,0,27.766500547927066,-0.2766167727367146,-0.8467177669523711,1.2371881177603985,0,0,0,0
2023-06-06,1089983827627.7,48295838529.01,45.8095,19.9793,https://api.coinmarketcap.com/data-api/v3/global-metrics/quotes/historical,0,0,0,0,0,27.717183975020724,-0.3395580975443499,-0.8610491123280791,1.2724114747508248,0,0,0,0
2023-06-07,1134368224163.94,44069589650.12,46.5688,19.9735,https://api.coinmarketcap.com/data-api/v3/global-metrics/quotes/historical,0,0,0,0,0,27.757096981192973,-0.28861827473250157,-0.7721455948135756,1.2708290156451363,0,0,0,0
2023-06-08,1097885285219.47,40625628696.97,46.5452,20.0676,https://api.coinmarketcap.com/data-api/v3/global-metrics/quotes/historical,0,0,0,0,0,27.724406977437177,-0.33033958712507033,-0.7749088280722907,1.2965030504460588,0,0,0,0
2023-06-09,1103969173108.02,26114471296.76,46.5727,20.1065,https://api.coinmarketcap.com/data-api/v3/global-metrics/quotes/historical,0,0,0,0,0,27.7299331404842,-0.3232867040315276,-0.771688958808958,1.3071164399652506,0,0,0,0
2023-06-10,1099705595019.4,25979215626.84,46.7098,20.1198,https://api.coinmarketcap.com/data-api/v3/global-metrics/quotes/historical,0,0,0,0,0,27.726063619019204,-0.3282252630802461,-0.7556364469543041,1.3107451823972625,0,0,0,0
2023-06-11,1053854087683.9,54676156906.26,47.5877,19.9927,https://api.coinmarketcap.com/data-api/v3/global-metrics/quotes/historical,0,0,0,0,0,27.683475119731927,-0.38257974087011515,-0.6528465114532082,1.2760675009605207,0,0,0,0
2023-06-12,1055658271915.24,24709772288.43,47.6645,19.9674,https://api.coinmarketcap.com/data-api/v3/global-metrics/quotes/historical,0,0,0,0,0,27.68518564269998,-0.38039664956067515,-0.6438542947468817,1.2691647052063944,0,0,0,0
2023-06-13,1053321471181.85,29781917699.24,47.7089,19.8886,https://api.coinmarketcap.com/data-api/v3/global-metrics/quotes/historical,0,0,0,0,0,27.682969593259628,-0.3832249297795769,-0.6386556694635362,1.2476650883911682,0,0,0,0
2023-06-14,1055974909050.23,33613807356.3,47.6222,19.8008,https://api.coinmarketcap.com/data-api/v3/global-metrics/quotes/historical,0,0,0,0,0,27.685485540561235,-0.38001389853841455,-0.6488070391046629,1.2237099315843554,0,0,0,0
2023-06-15,1025169913018.33,33013066941.15,47.548,19.3559,https://api.coinmarketcap.com/data-api/v3/global-metrics/quotes/historical,0,0,0,0,0,27.655879483579163,-0.41779925828595493,-0.6574948318079105,1.1023244046669196,0,0,0,0
2023-06-16,1036376111963.25,37258140758.64,47.8836,19.319,https://api.coinmarketcap.com/data-api/v3/global-metrics/quotes/historical,0,0,0,0,0,27.66675123631745,-0.4039239526837535,-0.6182007181797434,1.0922566907014142,0,0,0,0
2023-06-17,1061030715762.65,32299360665.14,48.1489,19.4499,https://api.coinmarketcap.com/data-api/v3/global-metrics/quotes/historical,0,0,0,0,0,27.690261924964776,-0.3739179363814259,-0.5871377612502066,1.1279711556901586,0,0,0,0
2023-06-18,1069223848966.28,23935025257.12,48.1134,19.4189,https://api.coinmarketcap.com/data-api/v3/global-metrics/quotes/historical,0,0,0,0,0,27.697954126392904,-0.36410060074674927,-0.5912943197537819,1.119513184608027,0,0,0,0
2023-06-19,1062998307234.91,20558873686.97,48.0784,19.457,https://api.coinmarketcap.com/data-api/v3/global-metrics/quotes/historical,0,0,0,0,0,27.692114622845803,-0.37155339131618775,-0.5953923351798418,1.129908303905744,0,0,0,0
2023-06-20,1076488359786.43,26049414545.99,48.3985,19.3997,https://api.coinmarketcap.com/data-api/v3/global-metrics/quotes/historical,0,0,0,0,0,27.704725340674653,-0.35545869454091844,-0.5579130569546447,1.1142746992926418,0,0,0,0
2023-06-21,1118136277429.04,39554147708.58,49.1545,19.2657,https://api.coinmarketcap.com/data-api/v3/global-metrics/quotes/historical,0,0,0,0,0,27.742684377176676,-0.30701266706865066,-0.4693959237517414,1.0777144371956842,0,0,0,0
2023-06-22,1171484161022.83,60328118017.7,49.7216,19.3965,https://api.coinmarketcap.com/data-api/v3/global-metrics/quotes/historical,0,0,0,0,0,27.789292574549197,-0.2475279641252115,-0.4029963652340605,1.1134016184067443,0,0,0,0
2023-06-23,1164511643979.7,44314563215.41,49.8427,19.33,https://api.coinmarketcap.com/data-api/v3/global-metrics/quotes/historical,0,0,0,0,0,27.783322925344645,-0.2551468558573054,-0.3888172318598919,1.0952579062466867,0,0,0,0
2023-06-24,1190408236019.41,46501485989.92,50.0612,19.117,https://api.coinmarketcap.com/data-api/v3/global-metrics/quotes/historical,0,0,0,0,0,27.805317419700405,-0.22707591475897293,-0.36323390698577257,1.0371434597791356,0,0,0,0
2023-06-25,1182714342718.72,30951557814.34,50.1346,19.0644,https://api.coinmarketcap.com/data-api/v3/global-metrics/quotes/historical,0,0,0,0,0,27.79883320322788,-0.23535153390824617,-0.35463978320654893,1.022792192717195,0,0,0,0
2023-06-26,1187181553019.6,31999934124.49,49.8396,19.2386,https://api.coinmarketcap.com/data-api/v3/global-metrics/quotes/historical,0,0,0,0,0,27.802603171014077,-0.23054003235893852,-0.3891801989404863,1.0703205334432404,0,0,0,0
2023-06-27,1173770599195.32,38651174717.38,50.0678,19.0392,https://api.coinmarketcap.com/data-api/v3/global-metrics/quotes/historical,0,0,0,0,0,27.791242417215052,-0.24503943596271247,-0.3624611383625727,1.015916680740753,0,0,0,0
2023-06-28,1188437057477.2,35549731564.51,50.1377,19.1116,https://api.coinmarketcap.com/data-api/v3/global-metrics/quotes/historical,0,0,0,0,0,27.803660162712106,-0.22919102422913706,-0.35427681612595463,1.035670135784183,0,0,0,0
2023-06-29,1159129967797.16,34103094016.86,50.3919,18.9597,https://api.coinmarketcap.com/data-api/v3/global-metrics/quotes/historical,0,0,0,0,0,27.77869081187421,-0.26105868916823327,-0.3245135155172539,0.9942260774817372,0,0,0,0
2023-06-30,1173857798372.55,29971175518.2,50.3527,18.9686,https://api.coinmarketcap.com/data-api/v3/global-metrics/quotes/historical,0,0,0,0,0,27.791316704250736,-0.24494462555382923,-0.32910329279444156,0.9966543336956387,0,0,0,0
2023-07-01,1194104821380.71,62657652263.1,49.5523,19.4637,https://api.coinmarketcap.com/data-api/v3/global-metrics/quotes/historical,0,0,0,0,0,27.80841791714673,-0.22311883896611429,-0.4228190512806895,1.1317363170105916,0,0,0,0
2023-07-02,1199536209909.9,28936813850.42,49.5147,19.2877,https://api.coinmarketcap.com/data-api/v3/global-metrics/quotes/historical,0,0,0,0,0,27.81295610627357,-0.2173268785958466,-0.4272214907098292,1.08371686828623,0,0,0,0
2023-07-03,1203000452278.47,30128549940.35,49.4296,19.3635,https://api.coinmarketcap.com/data-api/v3/global-metrics/quotes/historical,0,0,0,0,0,27.815839928879846,-0.21364633867483696,-0.43718552250290693,1.104397971770926,0,0,0,0
2023-07-04,1218521713154.76,37764555911.44,49.6532,19.2925,https://api.coinmarketcap.com/data-api/v3/global-metrics/quotes/historical,0,0,0,0,0,27.82865952943006,-0.19728505088487971,-0.4110050582381332,1.085026489615076,0,0,0,0
2023-07-05,1204716166099.71,30794379592.97,49.6144,19.3266,https://api.coinmarketcap.com/data-api/v3/global-metrics/quotes/historical,0,0,0,0,0,27.81726510832044,-0.21182742310967767,-0.415548001053308,1.0943302578054208,0,0,0,0
2023-07-06,1190972637821.09,31607993243.46,49.7532,19.2847,https://api.coinmarketcap.com/data-api/v3/global-metrics/quotes/historical,0,0,0,0,0,27.80579143191613,-0.22647094658956166,-0.3992964427351035,1.082898354955701,0,0,0,0
2023-07-07,1165097671211.44,44309607949.81,49.8569,19.0683,https://api.coinmarketcap.com/data-api/v3/global-metrics/quotes/historical,0,0,0,0,0,27.78382603738174,-0.25450474842211257,-0.38715460845846145,1.023856260046883,0,0,0,0
2023-07-08,1180115765334.86,30705959659.72,49.9427,19.0566,https://api.coinmarketcap.com/data-api/v3/global-metrics/quotes/historical,0,0,0,0,0,27.796633655810005,-0.23815875307007045,-0.3771086163568622,1.0206640580578201,0,0,0,0
2023-07-09,1179320427088.28,19878534366.52,49.8927,19.0159,https://api.coinmarketcap.com/data-api/v3/global-metrics/quotes/historical,0,0,0,0,0,27.795959479259473,-0.2390191852279445,-0.3829629241083775,1.009559560540311,0,0,0,0
2023-07-10,1174873887113.13,19725790995.39,49.8855,19.0628,https://api.coinmarketcap.com/data-api/v3/global-metrics/quotes/historical,0,0,0,0,0,27.792181927647896,-0.24384036579565,-0.3838059444245953,1.0223556522742463,0,0,0,0
2023-07-11,1184948422383.82,33649579246.73,49.8642,19.078,https://api.coinmarketcap.com/data-api/v3/global-metrics/quotes/historical,0,0,0,0,0,27.800720364153886,-0.23294300464905285,-0.38629987952674105,1.0265027864822596,0,0,0,0
2023-07-12,1189774023800.27,27182439112.71,49.9998,18.9776,https://api.coinmarketcap.com/data-api/v3/global-metrics/quotes/historical,0,0,0,0,0,27.804784509053306,-0.22775605330380236,-0.37042299690463254,0.9991098736872256,0,0,0,0
2023-07-13,1182243036977.16,31116788493.35,49.9392,19.0349,https://api.coinmarketcap.com/data-api/v3/global-metrics/quotes/historical,0,0,0,0,0,27.798434628816477,-0.23586022297582887,-0.37751841789946855,1.014743478300328,0,0,0,0
2023-07-14,1256989265356.72,60736595875.74,48.6498,19.1844,https://api.coinmarketcap.com/data-api/v3/global-metrics/quotes/historical,0,0,0,0,0,27.85974050560896,-0.1576172941506502,-0.5284893061955315,1.0555327259383513,0,0,0,0
2023-07-15,1215343018636.36,56566851617.72,48.4927,19.1802,https://api.coinmarketcap.com/data-api/v3/global-metrics/quotes/historical,0,0,0,0,0,27.826047472741624,-0.20061874377458913,-0.5468835411507909,1.0543868072756106,0,0,0,0
2023-07-16,1214770944438.23,27442600292.56,48.4596,19.1128,https://api.coinmarketcap.com/data-api/v3/global-metrics/quotes/historical,0,0,0,0,0,27.82557665185224,-0.20121963894589717,-0.5507590928822933,1.0359975411163949,0,0,0,0
2023-07-17,1210039419682.48,25724476071.66,48.5755,19.1091,https://api.coinmarketcap.com/data-api/v3/global-metrics/quotes/historical,0,0,0,0,0,27.821674053256523,-0.20620041338603212,-0.5371888075142824,1.0349880413420762,0,0,0,0
2023-07-18,1207175878074.08,35271056572.52,48.5272,19.0349,https://api.coinmarketcap.com/data-api/v3/global-metrics/quotes/historical,0,0,0,0,0,27.819304762485768,-0.20922427111128453,-0.5428440688022454,1.014743478300328,0,0,0,0
2023-07-19,1198817727279.92,32088058036.73,48.4026,19.0275,https://api.coinmarketcap.com/data-api/v3/global-metrics/quotes/historical,0,0,0,0,0,27.812356959800372,-0.2180915520221326,-0.5574330037190204,1.0127244787516898,0,0,0,0
2023-07-20,1202050942289.6,31362915624.95,48.3641,18.8895,https://api.coinmarketcap.com/data-api/v3/global-metrics/quotes/historical,0,0,0,0,0,27.81505033241605,-0.21465407795122934,-0.5619408206876866,0.975072865547361,0,0,0,0
2023-07-21,1199821606876.71,36901483544.14,48.2681,18.9465,https://api.coinmarketcap.com/data-api/v3/global-metrics/quotes/historical,0,0,0,0,0,27.813194000735297,-0.21702326073063344,-0.5731810915705954,0.9906246188274097,0,0,0,0
2023-07-22,1202430059408.43,33547586300.15,48.3431,18.9251,https://api.coinmarketcap.com/data-api/v3/global-metrics/quotes/historical,0,0,0,0,0,27.815365674580704,-0.21425161580835594,-0.5643996299433229,0.9847858904029703,0,0,0,0
2023-07-23,1191643148427.29,22413059869.42,48.5744,18.8162,https://api.coinmarketcap.com/data-api/v3/global-metrics/quotes/historical,0,0,0,0,0,27.80635426762617,-0.22575261554684822,-0.537317602284816,0.9550738565047706,0,0,0,0
2023-07-24,1203080973493.21,23613007970.16,48.6031,18.8721,https://api.coinmarketcap.com/data-api/v3/global-metrics/quotes/historical,0,0,0,0,0,27.815906860292813,-0.2135609160358517,-0.5339572296354463,0.9703254882302927,0,0,0,0
2023-07-25,1171685588054.51,35398797540.32,48.4062,18.9778,https://api.coinmarketcap.com/data-api/v3/global-metrics/quotes/historical,0,0,0,0,0,27.789464501514587,-0.2473085386798884,-0.5570114935609114,0.999164441242594,0,0,0,0
2023-07-26,1175578928225.96,25703626696.38,48.3285,19.008,https://api.coinmarketcap.com/data-api/v3/global-metrics/quotes/historical,0,0,0,0,0,27.792781847058638,-0.2430747058913891,-0.5661090878067654,1.0074041421032518,0,0,0,0
2023-07-27,1182701156936.86,31409877395.1,48.2497,19.0792,https://api.coinmarketcap.com/data-api/v3/global-metrics/quotes/historical,0,0,0,0,0,27.798822054419677,-0.23536576281177504,-0.5753354768231528,1.0268301918144713,0,0,0,0
2023-07-28,1177880788379.4,25943404114.22,48.2133,18.9848,https://api.coinmarketcap.com/data-api/v3/global-metrics/quotes/historical,0,0,0,0,0,27.794737997717352,-0.24057812701887502,-0.5795974128662557,1.0010743056804952,0,0,0,0
2023-07-29,1184378628058.55,25272534404.91,48.1282,19.1255,https://api.coinmarketcap.com/data-api/v3/global-metrics/quotes/historical,0,0,0,0,0,27.800239388480943,-0.23355686007880389,-0.5895614446593334,1.0394625808823001,0,0,0,0
2023-07-30,1186925083706.07,17778212780.78,48.0886,19.0464,https://api.coinmarketcap.com/data-api/v3/global-metrics/quotes/historical,0,0,0,0,0,27.802387115584587,-0.23081577769488937,-0.5941980563985331,1.0178811127340215,0,0,0,0
2023-07-31,1181621186644.45,24169910071.28,48.175,19.0654,https://api.coinmarketcap.com/data-api/v3/global-metrics/quotes/historical,0,0,0,0,0,27.79790849847376,-0.2365317080130188,-0.5840818126039159,1.0230650304940383,0,0,0,0
2023-08-01,1176013336537.18,28340330956.25,48.3305,18.9685,https://api.coinmarketcap.com/data-api/v3/global-metrics/quotes/historical,0,0,0,0,0,27.79315130593352,-0.24260317614638466,-0.5658749154967045,0.9966270499179545,0,0,0,0
2023-08-02,1189867379623.23,39618911455.21,48.5207,18.9134,https://api.coinmarketcap.com/data-api/v3/global-metrics/quotes/historical,0,0,0,0,0,27.80486297114669,-0.22765591438875318,-0.5436051288099427,0.9815936884139073,0,0,0,0
2023-08-03,1169718673389.78,38198593979.4,48.4727,19.0718,https://api.coinmarketcap.com/data-api/v3/global-metrics/quotes/historical,0,0,0,0,0,27.78778438573125,-0.2494528221732747,-0.5492252642513963,1.0248111922658332,0,0,0,0
2023-08-04,1164656172414.18,29245341607.92,48.7186,18.9339,https://api.coinmarketcap.com/data-api/v3/global-metrics/quotes/historical,0,0,0,0,0,27.783447028411544,-0.25498846667932823,-0.5204337787294467,0.9871868628391886,0,0,0,0
2023-08-05,1160155487524.85,29128208292.28,48.7389,18.9318,https://api.coinmarketcap.com/data-api/v3/global-metrics/quotes/historical,0,0,0,0,0,27.779575153033832,-0.25993002995920295,-0.5180569297823319,0.9866139035078177,0,0,0,0
2023-08-06,1161697134650.26,20241668833.22,48.6233,18.9804,https://api.coinmarketcap.com/data-api/v3/global-metrics/quotes/historical,0,0,0,0,0,27.780903098948432,-0.2582352107491063,-0.5315920893038341,0.999873819462386,0,0,0,0
2023-08-07,1160281982994.49,20655635028.29,48.6806,18.9247,https://api.coinmarketcap.com/data-api/v3/global-metrics/quotes/historical,0,0,0,0,0,27.779684180293884,-0.25979088160027586,-0.5248830526205984,0.9846767552922333,0,0,0,0
2023-08-08,1162687277885.27,32919645559.26,48.8165,18.881,https://api.coinmarketcap.com/data-api/v3/global-metrics/quotes/historical,0,0,0,0,0,27.781755060688976,-0.25714787646217,-0.5089710441519814,0.9727537444441954,0,0,0,0
2023-08-09,1182605780571.14,36006447526.98,48.9599,18.8559,https://api.coinmarketcap.com/data-api/v3/global-metrics/quotes/historical,0,0,0,0,0,27.798741408340085,-0.2354686890856609,-0.49218088952063704,0.9659055162454364,0,0,0,0
2023-08-10,1178625089431.3,35546358274.25,48.7921,18.9041,https://api.coinmarketcap.com/data-api/v3/global-metrics/quotes/historical,0,0,0,0,0,27.795369696609903,-0.23977190787521718,-0.5118279463347205,0.9790562970892677,0,0,0,0
2023-08-11,1174029082809.46,26133839466.51,48.7606,18.9409,https://api.coinmarketcap.com/data-api/v3/global-metrics/quotes/historical,0,0,0,0,0,27.791462609437723,-0.2447584109565035,-0.515516160218175,0.9890967272770887,0,0,0,0
2023-08-12,1172831964140.99,22907590547.53,48.7655,18.9229,https://api.coinmarketcap.com/data-api/v3/global-metrics/quotes/historical,0,0,0,0,0,27.79044242226145,-0.2460604465328267,-0.5149424380585258,0.9841856472939151,0,0,0,0
2023-08-13,1174409648297.14,16545264352.66,48.7316,18.9158,https://api.coinmarketcap.com/data-api/v3/global-metrics/quotes/historical,0,0,0,0,0,27.791786710284786,-0.24434477035896704,-0.5189116587140531,0.9822484990783308,0,0,0,0
2023-08-14,1169116064432.26,19376785083.97,48.7327,18.9018,https://api.coinmarketcap.com/data-api/v3/global-metrics/quotes/historical,0,0,0,0,0,27.78726907871865,-0.25011049370526073,-0.5187828639435197,0.9784287702025294,0,0,0,0
2023-08-15,1173911487219.06,28557513693.77,48.7437,18.8743,https://api.coinmarketcap.com/data-api/v3/global-metrics/quotes/historical,0,0,0,0,0,27.791362440300567,-0.2448862539477305,-0.517494916238187,0.9709257313393479,0,0,0,0
2023-08-16,1158906738926.79,29935482466.96,48.977,18.9401,https://api.coinmarketcap.com/data-api/v3/global-metrics/quotes/historical,0,0,0,0,0,27.778498210203658,-0.26130450114563314,-0.49017871626961906,0.9888784570556148,0,0,0,0
2023-08-17,1137568287868.92,34321985607.85,49.0962,19.0692,https://api.coinmarketcap.com/data-api/v3/global-metrics/quotes/historical,0,0,0,0,0,27.75991401926095,-0.285022969998558,-0.4762220465900071,1.0241018140460412,0,0,0,0
2023-08-18,1064404161356.54,63377899625.17,48.7247,19.001,https://api.coinmarketcap.com/data-api/v3/global-metrics/quotes/historical,0,0,0,0,0,27.693436285621917,-0.36986659109518444,-0.5197195531837624,1.0054942776653515,0,0,0,0
2023-08-19,1051146223087.08,47531023493.38,48.2274,18.9946,https://api.coinmarketcap.com/data-api/v3/global-metrics/quotes/historical,0,0,0,0,0,27.680902325726493,-0.3858633239257894,-0.5779464980803277,1.0037481158935557,0,0,0,0
2023-08-20,1056354911960.4,24779195648.31,48.0801,18.9989,https://api.coinmarketcap.com/data-api/v3/global-metrics/quotes/historical,0,0,0,0,0,27.685845335618325,-0.3795547024463526,-0.5951932887162904,1.0049213183339807,0,0,0,0
2023-08-21,1061887440957.66,21753799324.09,48.0018,19.0744,https://api.coinmarketcap.com/data-api/v3/global-metrics/quotes/historical,0,0,0,0,0,27.691069045332377,-0.37288783185018715,-0.6043611346551624,1.0255205704856252,0,0,0,0
2023-08-22,1053745017025.04,29284145639.63,48.2552,19.0209,https://api.coinmarketcap.com/data-api/v3/global-metrics/quotes/historical,0,0,0,0,0,27.683371617449435,-0.38271183785895185,-0.5746915029704857,1.0109237494245265,0,0,0,0
2023-08-23,1046007630054.52,33084239848.12,48.4504,18.7802,https://api.coinmarketcap.com/data-api/v3/global-metrics/quotes/historical,0,0,0,0,0,27.676001776051862,-0.39211775465017573,-0.551836285508572,0.9452516965384244,0,0,0,0
2023-08-24,1064882221991.8,34697011299.75,48.317,18.9571,https://api.coinmarketcap.com/data-api/v3/global-metrics/quotes/historical,0,0,0,0,0,27.693885319295386,-0.3692935023214561,-0.5674555785896136,0.9935166992619452,0,0,0,0
2023-08-25,1054311694140.14,27502627322.68,48.3078,18.9288,https://api.coinmarketcap.com/data-api/v3/global-metrics/quotes/historical,0,0,0,0,0,27.683909247320347,-0.3820256763043839,-0.5685327712158923,0.9857953901772888,0,0,0,0
2023-08-26,1050573300381.91,27537097350.98,48.2675,18.9144,https://api.coinmarketcap.com/data-api/v3/global-metrics/quotes/historical,0,0,0,0,0,27.68035713145774,-0.3865591397039459,-0.5732513432636134,0.9818665261907505,0,0,0,0
2023-08-27,1048640170544.89,15142066308.98,48.286,18.8731,https://api.coinmarketcap.com/data-api/v3/global-metrics/quotes/historical,0,0,0,0,0,27.678515365091204,-0.3889097331913732,-0.5710852493955526,0.9705983260071361,0,0,0,0
2023-08-28,1053098943196.97,16329890710.52,48.2337,18.921,https://api.coinmarketcap.com/data-api/v3/global-metrics/quotes/historical,0,0,0,0,0,27.682758307816144,-0.3834945873194614,-0.5772088553036373,0.9836672555179138,0,0,0,0
2023-08-29,1052892008490.65,24577299869.87,48.2721,18.8665,https://api.coinmarketcap.com/data-api/v3/global-metrics/quotes/historical,0,0,0,0,0,27.68256178778189,-0.3837454001918546,-0.5727127469504737,0.9687975966799719,0,0,0,0
2023-08-30,1102884983370.28,52903434518.44,48.9507,18.8542,https://api.coinmarketcap.com/data-api/v3/global-metrics/quotes/historical,0,0,0,0,0,27.72895057457989,-0.3245407246595517,-0.49325808214691574,0.9654416920248035,0,0,0,0
2023-08-31,1086855012886.33,31552475320.23,48.9094,18.8615,https://api.coinmarketcap.com/data-api/v3/global-metrics/quotes/historical,0,0,0,0,0,27.714309332362077,-0.3432269213620019,-0.49809374034966686,0.9674334077957573,0,0,0,0
2023-09-01,1046144517702.37,37571352059.13,48.2708,18.9102,https://api.coinmarketcap.com/data-api/v3/global-metrics/quotes/historical,0,0,0,0,0,27.676132634267116,-0.3919507440704729,-0.5728649589520131,0.9807206075280098,0,0,0,0
2023-09-02,1039655934927.76,33960057979.21,48.3273,18.8307,https://api.coinmarketcap.com/data-api/v3/global-metrics/quotes/historical,0,0,0,0,0,27.669910942544686,-0.39989131042527964,-0.5662495911928014,0.9590300042689941,0,0,0,0
2023-09-03,1042569720049.44,21932761798.03,48.3222,18.8762,https://api.coinmarketcap.com/data-api/v3/global-metrics/quotes/historical,0,0,0,0,0,27.672709666128416,-0.3963193799412842,-0.5668467305834558,0.9714441231153492,0,0,0,0
2023-09-04,1044553481554.5,19855263792.02,48.4188,18.8277,https://api.coinmarketcap.com/data-api/v3/global-metrics/quotes/historical,0,0,0,0,0,27.674610619652306,-0.39389324758576527,-0.5555362080075298,0.9582114909384652,0,0,0,0
2023-09-05,1040971064456.37,24054019621.64,48.2974,18.8217,https://api.coinmarketcap.com/data-api/v3/global-metrics/quotes/historical,0,0,0,0,0,27.6711751092638,-0.3982778907695816,-0.569750467228207,0.9565744642774073,0,0,0,0
2023-09-06,1041166631106.19,24778543297.08,48.231,18.8643,https://api.coinmarketcap.com/data-api/v3/global-metrics/quotes/historical,0,0,0,0,0,27.671362961057472,-0.39803814092354733,-0.5775249879222188,0.9681973535709177,0,0,0,0
2023-09-07,1040848209981.33,27029764183.92,48.1895,18.8527,https://api.coinmarketcap.com/data-api/v3/global-metrics/quotes/historical,0,0,0,0,0,27.67105708319238,-0.39842852405286105,-0.5823840633559759,0.965032435359539,0,0,0,0
2023-09-08,1053594075056.86,24167769182.71,48.5181,18.8009,https://api.coinmarketcap.com/data-api/v3/global-metrics/quotes/historical,0,0,0,0,0,27.683228363837326,-0.3828946683274583,-0.5439095528130216,0.9508994385190733,0,0,0,0
2023-09-09,1044137912140.25,23561309545.85,48.3306,18.8375,https://api.coinmarketcap.com/data-api/v3/global-metrics/quotes/historical,0,0,0,0,0,27.67421269641579,-0.3944011055775529,-0.565863206881202,0.9608853011515258,0,0,0,0
2023-09-10,1043586526789.19,13440240267.55,48.3396,18.8371,https://api.coinmarketcap.com/data-api/v3/global-metrics/quotes/historical,0,0,0,0,0,27.673684479804823,-0.39507525325895765,-0.5648094314859292,0.960776166040789,0,0,0,0
2023-09-11,1035507857537.16,20279672156.4,48.5997,18.7707,https://api.coinmarketcap.com/data-api/v3/global-metrics/quotes/historical,0,0,0,0,0,27.665913105910825,-0.4049936344366738,-0.5343553225625493,0.9426597376584165,0,0,0,0
2023-09-12,1007169395785.06,32530881578.69,48.6729,18.5204,https://api.coinmarketcap.com/data-api/v3/global-metrics/quotes/historical,0,0,0,0,0,27.63816493377513,-0.4404078291441562,-0.5257846160143317,0.8743684421146213,0,0,0,0
2023-09-13,1029085048058.72,35423451439.22,48.9142,18.6061,https://api.coinmarketcap.com/data-api/v3/global-metrics/quotes/historical,0,0,0,0,0,27.659691220539695,-0.4129344479397501,-0.4975317268055211,0.8977506395900642,0,0,0,0
2023-09-14,1041455228178.83,27302036656.18,49.0705,18.5624,https://api.coinmarketcap.com/data-api/v3/global-metrics/quotes/historical,0,0,0,0,0,27.67164010889706,-0.3976844251001816,-0.47923116077428574,0.8858276287420263,0,0,0,0
2023-09-15,1052417682131.76,28414670934.81,49.1329,18.5851,https://api.coinmarketcap.com/data-api/v3/global-metrics/quotes/historical,0,0,0,0,0,27.682111187692954,-0.38432048813662956,-0.47192498470039573,0.8920210462763617,0,0,0,0
2023-09-16,1059895167761.48,25608292082.29,48.9193,18.6199,https://api.coinmarketcap.com/data-api/v3/global-metrics/quotes/historical,0,0,0,0,0,27.689191120823534,-0.37528457293557826,-0.49693458741486674,0.9015158009104971,0,0,0,0
2023-09-17,1059874488138.3,19496196198.49,48.8503,18.5485,https://api.coinmarketcap.com/data-api/v3/global-metrics/quotes/historical,0,0,0,0,0,27.689171609625113,-0.37530947451743596,-0.5050135321119574,0.8820351836439092,0,0,0,0
2023-09-18,1054114116355.4,17607070976.34,49.0559,18.5106,https://api.coinmarketcap.com/data-api/v3/global-metrics/quotes/historical,0,0,0,0,0,27.683721829973877,-0.3822648716779391,-0.48094061863772825,0.8716946319015606,0,0,0,0
2023-09-19,1063330646470.47,31127779684.52,49.0436,18.5125,https://api.coinmarketcap.com/data-api/v3/global-metrics/quotes/historical,0,0,0,0,0,27.69242721722372,-0.37115443609456555,-0.48238077834460125,0.872213023677562,0,0,0,0
2023-09-20,1077461946206.82,27278835522.59,49.2221,18.3389,https://api.coinmarketcap.com/data-api/v3/global-metrics/quotes/historical,0,0,0,0,0,27.70562934155525,-0.3543049441949602,-0.4614808996716936,0.824848385617623,0,0,0,0
2023-09-21,1072488425423.51,28082794439.47,49.3078,18.1911,https://api.coinmarketcap.com/data-api/v3/global-metrics/quotes/historical,0,0,0,0,0,27.701002695544435,-0.36020979954429244,-0.45144661618559695,0.7845229622002324,0,0,0,0
2023-09-22,1052168523016.98,32352223636.24,49.2154,18.1016,https://api.coinmarketcap.com/data-api/v3/global-metrics/quotes/historical,0,0,0,0,0,27.68187441039646,-0.38462268019595913,-0.462265376910396,0.7601039811727877,0,0,0,0
2023-09-23,1054710914959.55,22126067423.01,49.1232,18.1616,https://api.coinmarketcap.com/data-api/v3/global-metrics/quotes/historical,0,0,0,0,0,27.68428783105146,-0.38154250076759005,-0.47306072040418984,0.7764742477833653,0,0,0,0
2023-09-24,1054731717099.65,16244650304.88,49.1253,18.1682,https://api.coinmarketcap.com/data-api/v3/global-metrics/quotes/historical,0,0,0,0,0,27.68430755392971,-0.38151732902484925,-0.47281483947862557,0.7782749771105285,0,0,0,0
2023-09-25,1043687188538.18,17995019275.53,49.0422,18.2104,https://api.coinmarketcap.com/data-api/v3/global-metrics/quotes/historical,0,0,0,0,0,27.673780932654616,-0.39495215325849864,-0.4825446989616433,0.7897887312933021,0,0,0,0
2023-09-26,1047178228939.27,24689515114.64,48.9578,18.2345,https://api.coinmarketcap.com/data-api/v3/global-metrics/quotes/historical,0,0,0,0,0,27.677120261543017,-0.3906902637593327,-0.4924267704462005,0.7963641217152178,0,0,0,0
2023-09-27,1045283965763.64,22702290381.43,48.8935,18.3263,https://api.coinmarketcap.com/data-api/v3/global-metrics/quotes/historical,0,0,0,0,0,27.675309702004217,-0.39300102886930083,-0.49995541021464796,0.8214106296294018,0,0,0,0
2023-09-28,1048964411622.17,27303085450.61,48.9863,18.3117,https://api.coinmarketcap.com/data-api/v3/global-metrics/quotes/historical,0,0,0,0,0,27.67882451876356,-0.3885151692433857,-0.48908981502783694,0.8174271980874941,0,0,0,0
2023-09-29,1073830375025.56,31004821037.08,49.0688,18.5077,https://api.coinmarketcap.com/data-api/v3/global-metrics/quotes/historical,0,0,0,0,0,27.702253161949177,-0.3586138652061273,-0.4794302072378372,0.8709034023487159,0,0,0,0
2023-09-30,1074492624286.71,40311855811.08,48.8385,18.6637,https://api.coinmarketcap.com/data-api/v3/global-metrics/quotes/historical,0,0,0,0,0,27.702869688684068,-0.35782700985129406,-0.5063951487413142,0.9134660955362183,0,0,0,0
2023-10-01,1076839086689.66,32436623763.63,48.8356,18.6598,https://api.coinmarketcap.com/data-api/v3/global-metrics/quotes/historical,0,0,0,0,0,27.705051094109788,-0.35504294479271586,-0.5067346985909025,0.9124020282065313,0,0,0,0
2023-10-02,1110774639228.37,33129903900.2,49.1235,18.7636,https://api.coinmarketcap.com/data-api/v3/global-metrics/quotes/historical,0,0,0,0,0,27.73607876103125,-0.3154432251318262,-0.4730255945576804,0.9407225894428312,0,0,0,0
2023-10-03,1087603651244.27,43833929056.94,49.3464,18.3882,https://api.coinmarketcap.com/data-api/v3/global-metrics/quotes/historical,0,0,0,0,0,27.714997906856382,-0.34234811352223976,-0.44692709060142727,0.8382992880159817,0,0,0,0
2023-10-04,1085141311636.84,35973907826.5,49.2992,18.3574,https://api.coinmarketcap.com/data-api/v3/global-metrics/quotes/historical,0,0,0,0,0,27.712731335580276,-0.3452408733082853,-0.45245355711885765,0.8298958844892177,0,0,0,0
2023-10-05,1090762128883.91,28002070268.38,49.708,18.1649,https://api.coinmarketcap.com/data-api/v3/global-metrics/quotes/historical,0,0,0,0,0,27.717897768653522,-0.3386471032428425,-0.404588736942473,0.7773746124469469,0,0,0,0
2023-10-06,1076484719293.35,26024174048.55,49.6719,17.9995,https://api.coinmarketcap.com/data-api/v3/global-metrics/quotes/historical,0,0,0,0,0,27.704721958845948,-0.3554630106717123,-0.40881554713906637,0.7322472441571207,0,0,0,0
2023-10-07,1095067311152.66,26479956729.31,49.7804,18.072,https://api.coinmarketcap.com/data-api/v3/global-metrics/quotes/historical,0,0,0,0,0,27.721836948680018,-0.33361964097383434,-0.3961116993182794,0.7520279829782353,0,0,0,0
2023-10-08,1093098548403.85,15736210617.32,49.9148,17.9812,https://api.coinmarketcap.com/data-api/v3/global-metrics/quotes/historical,0,0,0,0,0,27.720037484282507,-0.33591624567381206,-0.38037532008220776,0.7272543128408945,0,0,0,0
2023-10-09,1091179431499.26,17993484538.15,49.9415,18.0011,https://api.coinmarketcap.com/data-api/v3/global-metrics/quotes/historical,0,0,0,0,0,27.71828027442546,-0.3381589221180494,-0.3772491197428991,0.7326837846000694,0,0,0,0
2023-10-10,1070423866234.62,28659929370.74,50.2774,17.7489,https://api.coinmarketcap.com/data-api/v3/global-metrics/quotes/historical,0,0,0,0,0,27.699075822628817,-0.36266901207463753,-0.3379198802682226,0.6638740972802728,0,0,0,0
2023-10-11,1064750812935.9,23901300194.51,50.191,17.7052,https://api.coinmarketcap.com/data-api/v3/global-metrics/quotes/historical,0,0,0,0,0,27.69376190924876,-0.36945100701757483,-0.34803612406283985,0.6519510864322359,0,0,0,0
2023-10-12,1052280272133.4,27203644812.6,49.8275,17.8994,https://api.coinmarketcap.com/data-api/v3/global-metrics/quotes/historical,0,0,0,0,0,27.681980613138748,-0.38448713668788775,-0.39059694141635243,0.7049361826951395,0,0,0,0
2023-10-13,1044356785290.49,22468366832.39,49.9867,17.727,https://api.coinmarketcap.com/data-api/v3/global-metrics/quotes/historical,0,0,0,0,0,27.674422295368863,-0.3941336004569152,-0.3719568255355296,0.6578989499674122,0,0,0,0
2023-10-14,1050094148491.25,27421676398.6,49.9193,17.7753,https://api.coinmarketcap.com/data-api/v3/global-metrics/quotes/historical,0,0,0,0,0,27.679900941308055,-0.3871413620826146,-0.37984843238457144,0.6710770145889278,0,0,0,0
2023-10-15,1051769112210.66,13946542632.74,49.8339,17.7813,https://api.coinmarketcap.com/data-api/v3/global-metrics/quotes/historical,0,0,0,0,0,27.681494731070963,-0.38510725400838286,-0.38984759002415864,0.6727140412499857,0,0,0,0
2023-10-16,1059425864624.88,18364309175.51,50.0314,17.6874,https://api.coinmarketcap.com/data-api/v3/global-metrics/quotes/historical,0,0,0,0,0,27.688748240167797,-0.3758498087895915,-0.36672307440567553,0.6470945740044307,0,0,0,0
2023-10-17,1095710203484.59,60535714366.94,50.7984,17.5672,https://api.coinmarketcap.com/data-api/v3/global-metrics/quotes/historical,0,0,0,0,0,27.7224238566121,-0.3328705872458819,-0.2769179934974387,0.614299473227906,0,0,0,0
2023-10-18,1086436130507.98,46588112216.24,51.044,17.328,https://api.coinmarketcap.com/data-api/v3/global-metrics/quotes/historical,0,0,0,0,0,27.71392385029281,-0.3437189010495455,-0.2481616338219986,0.5490366770070684,0,0,0,0
2023-10-19,1082263475877.94,40508041359.24,51.0912,17.3777,https://api.coinmarketcap.com/data-api/v3/global-metrics/quotes/historical,0,0,0,0,0,27.710075774914646,-0.34863008907393145,-0.24263516730456822,0.5625967145161642,0,0,0,0
2023-10-20,1094005072553.77,40993099711.61,51.2516,17.2316,https://api.coinmarketcap.com/data-api/v3/global-metrics/quotes/historical,0,0,0,0,0,27.720866456621216,-0.33485825209979914,-0.22385454803770852,0.5227351153194066,0,0,0,0
2023-10-21,1121831459276.21,51089976603.22,51.6474,17.2035,https://api.coinmarketcap.com/data-api/v3/global-metrics/quotes/historical,0,0,0,0,0,27.745983697196884,-0.3028018397382396,-0.1775118478767183,0.5150683737901187,0,0,0,0
2023-10-22,1135772003962.88,38310201989.95,51.4203,17.2525,https://api.coinmarketcap.com/data-api/v3/global-metrics/quotes/historical,0,0,0,0,0,27.75833371534752,-0.2870398664706424,-0.2041021136840984,0.528437424855425,0,0,0,0
2023-10-23,1145025658169.76,40315072632.84,51.143,17.4764,https://api.coinmarketcap.com/data-api/v3/global-metrics/quotes/historical,0,0,0,0,0,27.766448161565563,-0.2766836319444927,-0.23657010447399893,0.5895258030905652,0,0,0,0
2023-10-24,1229974525135.45,69650080042.63,52.5076,17.2651,https://api.coinmarketcap.com/data-api/v3/global-metrics/quotes/historical,0,0,0,0,0,27.838014573826403,-0.1853454765543934,-0.0767943373196584,0.531875180843646,0,0,0,0
2023-10-25,1248180982644.24,83170507698.84,53.0373,17.1958,https://api.coinmarketcap.com/data-api/v3/global-metrics/quotes/historical,0,0,0,0,0,27.85270839350609,-0.16659217674825083,-0.014773801000110333,0.512967522908428,0,0,0,0
2023-10-26,1263748056115.35,51801603619.23,53.3053,17.0099,https://api.coinmarketcap.com/data-api/v3/global-metrics/quotes/historical,0,0,0,0,0,27.865103069092253,-0.15077320847899492,0.016605288548008895,0.4622469801933205,0,0,0,0
2023-10-27,1259755328202.72,47964994144.38,52.9391,17.2207,https://api.coinmarketcap.com/data-api/v3/global-metrics/quotes/historical,0,0,0,0,0,27.86193863406969,-0.15481188596305248,-0.02627166142408516,0.5197611835518184,0,0,0,0
2023-10-28,1249435415222.27,37642422539.1,52.9916,17.1345,https://api.coinmarketcap.com/data-api/v3/global-metrics/quotes/historical,0,0,0,0,0,27.85371289738794,-0.16531015730991694,-0.020124638284995253,0.49624256718795434,0,0,0,0
2023-10-29,1255780027773.15,24444477110.81,53.0076,17.0147,https://api.coinmarketcap.com/data-api/v3/global-metrics/quotes/historical,0,0,0,0,0,27.85877803151297,-0.1588456721810909,-0.018251259804510735,0.46355660152216754,0,0,0,0
2023-10-30,1271072550582.4,25807550720.52,53.0568,16.9896,https://api.coinmarketcap.com/data-api/v3/global-metrics/quotes/historical,0,0,0,0,0,27.870882188003552,-0.1433974850849786,-0.012490620977019487,0.4567083733234086,0,0,0,0
2023-10-31,1277029061226.45,39460377437.05,52.7601,17.0475,https://api.coinmarketcap.com/data-api/v3/global-metrics/quotes/historical,0,0,0,0,0,27.875557450140874,-0.1374305823704512,-0.04723008317450826,0.47250568060261633,0,0,0,0
2023-11-01,1281992776894.48,40580055949.27,52.8041,17.0383,https://api.coinmarketcap.com/data-api/v3/global-metrics/quotes/historical,0,0,0,0,0,27.87943684016348,-0.1324794283652463,-0.04207829235317563,0.4699955730556611,0,0,0,0
2023-11-02,1308678434166.76,53554876705.39,52.8894,16.9758,https://api.coinmarketcap.com/data-api/v3/global-metrics/quotes/historical,0,0,0,0,0,27.900038915050917,-0.1061855922208708,-0.032090843329091005,0.45294321200297566,0,0,0,0
2023-11-03,1291414042107.93,50250607101.33,52.8441,16.7705,https://api.coinmarketcap.com/data-api/v3/global-metrics/quotes/historical,0,0,0,0,0,27.88675889063389,-0.12313450576100893,-0.037394846151963916,0.3969296164171144,0,0,0,0
2023-11-04,1293261871779.75,41557961734.12,52.4597,17.0469,https://api.coinmarketcap.com/data-api/v3/global-metrics/quotes/historical,0,0,0,0,0,27.88818872559053,-0.12130964849450233,-0.08240276414560938,0.47234197793651095,0,0,0,0
2023-11-05,1309015796545.3,27906586640.41,52.356,17.0666,https://api.coinmarketcap.com/data-api/v3/global-metrics/quotes/historical,0,0,0,0,0,27.900296670426965,-0.10585662644144557,-0.09454459842225058,0.47771688214031743,0,0,0,0
2023-11-06,1320182625569.52,38262295253.18,51.8582,17.2552,https://api.coinmarketcap.com/data-api/v3/global-metrics/quotes/historical,0,0,0,0,0,27.908791195661156,-0.09501530798918313,-0.1528300863963322,0.5291740868529002,0,0,0,0
2023-11-07,1333308694649.49,39648091326.31,51.3431,17.1406,https://api.coinmarketcap.com/data-api/v3/global-metrics/quotes/historical,0,0,0,0,0,27.918684709196707,-0.08238850097012075,-0.21314116485243692,0.49790687762669644,0,0,0,0
2023-11-08,1335127572367.48,49256435921.19,51.8445,17.0037,https://api.coinmarketcap.com/data-api/v3/global-metrics/quotes/historical,0,0,0,0,0,27.92004796304104,-0.08064861926393858,-0.15443416672024723,0.46055538597689416,0,0,0,0
2023-11-09,1346084005957.99,42168545573.94,51.7341,16.8787,https://api.coinmarketcap.com/data-api/v3/global-metrics/quotes/historical,0,0,0,0,0,27.92822075676225,-0.07021791749620843,-0.16736047823559166,0.42645066387152336,0,0,0,0
2023-11-10,1398383575385.91,96163729885.64,51.2729,18.2399,https://api.coinmarketcap.com/data-api/v3/global-metrics/quotes/historical,0,0,0,0,0,27.96633809648831,-0.02156985216820556,-0.22136061293556364,0.7978374457101692,0,0,0,0
2023-11-11,1418844964727.99,69117600853.58,51.382,17.6149,https://api.coinmarketcap.com/data-api/v3/global-metrics/quotes/historical,0,0,0,0,0,27.98086425142714,-0.0030305380527019437,-0.20858651342175866,0.6273138351833152,0,0,0,0
2023-11-12,1414865971470.37,55155651521.86,51.286,17.4495,https://api.coinmarketcap.com/data-api/v3/global-metrics/quotes/historical,0,0,0,0,0,27.97805592272862,-0.006614727268685932,-0.2198267843046666,0.5821864668934891,0,0,0,0
2023-11-13,1415333472844.52,46268513172.43,51.1702,17.3787,https://api.coinmarketcap.com/data-api/v3/global-metrics/quotes/historical,0,0,0,0,0,27.978386289112755,-0.006193090146232335,-0.2333853610571748,0.5628695522930065,0,0,0,0
2023-11-14,1394265987209.0,64604877784.23,51.153,17.7252,https://api.coinmarketcap.com/data-api/v3/global-metrics/quotes/historical,0,0,0,0,0,27.96338921868001,-0.0253334201740921,-0.23539924292369618,0.6574078419690951,0,0,0,0
2023-11-15,1364502154648.59,65405333333.81,50.9045,17.4438,https://api.coinmarketcap.com/data-api/v3/global-metrics/quotes/historical,0,0,0,0,0,27.941810756169108,-0.05287339178419207,-0.26449515244872457,0.5806312915654839,0,0,0,0
2023-11-16,1440170833742.97,67376307046.17,51.4041,17.2028,https://api.coinmarketcap.com/data-api/v3/global-metrics/quotes/historical,0,0,0,0,0,27.995782857023666,0.016009649559509044,-0.20599890939558893,0.5148773873463292,0,0,0,0
2023-11-17,1381335242906.16,71621942772.77,51.1618,17.0751,https://api.coinmarketcap.com/data-api/v3/global-metrics/quotes/historical,0,0,0,0,0,27.954071714629425,-0.037225082840070714,-0.2343688847594295,0.4800360032434821,0,0,0,0
2023-11-18,1392113702451.12,61641466980.23,51.4016,16.9436,https://api.coinmarketcap.com/data-api/v3/global-metrics/quotes/historical,0,0,0,0,0,27.96184435730026,-0.027305082358936247,-0.2062916247831644,0.4441578355886323,0,0,0,0
2023-11-19,1390730073576.85,40607308190.97,51.4196,16.9755,https://api.coinmarketcap.com/data-api/v3/global-metrics/quotes/historical,0,0,0,0,0,27.96084995797379,-0.028574205643615347,-0.204184073992619,0.452861360669923,0,0,0,0
2023-11-20,1420313224272.62,38807583588.79,51.4451,17.0393,https://api.coinmarketcap.com/data-api/v3/global-metrics/quotes/historical,0,0,0,0,0,27.9818985436911,-0.0017105005582976045,-0.20119837703934718,0.47026841083250437,0,0,0,0
2023-11-21,1417560728672.17,55029365347.64,51.6755,17.1547,https://api.coinmarketcap.com/data-api/v3/global-metrics/quotes/historical,0,0,0,0,0,27.97995871372739,-0.004186249796776234,-0.17422172692036678,0.501753890280182,0,0,0,0
2023-11-22,1351079062227.38,66410016904.96,51.7786,17.2251,https://api.coinmarketcap.com/data-api/v3/global-metrics/quotes/historical,0,0,0,0,0,27.931924694458097,-0.06549068825373378,-0.1621501443367436,0.5209616697699276,0,0,0,0
2023-11-23,1418535373207.75,59415066531.37,51.5806,17.4979,https://api.coinmarketcap.com/data-api/v3/global-metrics/quotes/historical,0,0,0,0,0,27.980646027936032,-0.0033090504233910644,-0.18533320303274212,0.5953918152926889,0,0,0,0
2023-11-24,1416271368894.3,39948340991.0,51.4812,17.5099,https://api.coinmarketcap.com/data-api/v3/global-metrics/quotes/historical,0,0,0,0,0,27.97904873753794,-0.0053476262577121575,-0.19697156684275297,0.5986658686148036,0,0,0,0
2023-11-25,1431273819704.62,54210631246.48,51.5287,17.485,https://api.coinmarketcap.com/data-api/v3/global-metrics/quotes/historical,0,0,0,0,0,27.989585946698856,0.0081007109903508,-0.19140997447881403,0.5918722079714142,0,0,0,0
2023-11-26,1439185469599.81,31220639691.41,51.3514,17.4145,https://api.coinmarketcap.com/data-api/v3/global-metrics/quotes/historical,0,0,0,0,0,27.9950984233671,0.015136126551958784,-0.21216934976568566,0.5726371447039852,0,0,0,0
2023-11-27,1426561110016.36,40656263052.68,51.3557,17.3877,https://api.coinmarketcap.com/data-api/v3/global-metrics/quotes/historical,0,0,0,0,0,27.986287845810583,0.003891439602994568,-0.2116658792990553,0.5653250922845933,0,0,0,0
2023-11-28,1410404031441.63,51966232264.82,51.6473,17.2853,https://api.coinmarketcap.com/data-api/v3/global-metrics/quotes/historical,0,0,0,0,0,27.974897326393563,-0.01064595300366282,-0.1775235564922209,0.5373865039358737,0,0,0,0
2023-11-29,1423588669812.78,51267542363.8,51.9648,17.3092,https://api.coinmarketcap.com/data-api/v3/global-metrics/quotes/historical,0,0,0,0,0,27.984202031723,0.0012293750223071466,-0.14034870227010268,0.5439073268024209,0,0,0,0
2023-11-30,1421170963266.71,48539289994.2,52.0983,17.1722,https://api.coinmarketcap.com/data-api/v3/global-metrics/quotes/historical,0,0,0,0,0,27.98250226974659,-0.000939982342734069,-0.12471770057355766,0.5065285513749345,0,0,0,0
2023-12-01,1422813233503.07,42479582594.91,51.8418,17.344,https://api.coinmarketcap.com/data-api/v3/global-metrics/quotes/historical,0,0,0,0,0,27.98365717800576,0.0005339938802595572,-0.15475029933882872,0.5534020814365563,0,0,0,0
2023-12-02,1451579404781.26,50793444368.72,52.1291,17.2905,https://api.coinmarketcap.com/data-api/v3/global-metrics/quotes/historical,0,0,0,0,0,28.00367332424121,0.026080026123722424,-0.12111144699862464,0.5388052603754577,0,0,0,0
2023-12-03,1485069548685.56,42481035444.68,51.9898,17.5349,https://api.coinmarketcap.com/data-api/v3/global-metrics/quotes/historical,0,0,0,0,0,28.02648272121822,0.055191004019991816,-0.13742154839434462,0.6054868130358784,0,0,0,0
2023-12-04,1498312891719.88,44075804300.86,52.1913,17.6035,https://api.coinmarketcap.com/data-api/v3/global-metrics/quotes/historical,0,0,0,0,0,28.035360852189875,0.06652190745143971,-0.11382868815574061,0.6242034845273059,0,0,0,0
2023-12-05,1550068073028.41,95714033402.13,52.9809,17.3993,https://api.coinmarketcap.com/data-api/v3/global-metrics/quotes/historical,0,0,0,0,0,28.069319963978177,0.10986294595599222,-0.021377460143819405,0.5684900104959721,0,0,0,0
2023-12-06,1601656435248.47,80606214908.36,53.8383,17.2182,https://api.coinmarketcap.com/data-api/v3/global-metrics/quotes/historical,0,0,0,0,0,28.102059481680065,0.15164745157509316,0.07901220917915562,0.5190790891097107,0,0,0,0
2023-12-07,1587619574933.8,77231711597.17,53.9191,16.9057,https://api.coinmarketcap.com/data-api/v3/global-metrics/quotes/historical,0,0,0,0,0,28.093256887669583,0.14041295379651186,0.0884727705056039,0.4338172838462837,0,0,0,0
2023-12-08,1602895300033.9,71213191115.16,52.8398,17.6812,https://api.coinmarketcap.com/data-api/v3/global-metrics/quotes/historical,0,0,0,0,0,28.102832672409683,0.1526342526843984,-0.03789831661859426,0.6454029797880044,0,0,0,0
2023-12-09,1640137689741.01,66671389101.46,52.6925,17.289,https://api.coinmarketcap.com/data-api/v3/global-metrics/quotes/historical,0,0,0,0,0,28.125801311399602,0.1819484665856631,-0.05514510725455608,0.5383960037101932,0,0,0,0
2023-12-10,1628340641736.58,61781506150.61,52.5407,17.2855,https://api.coinmarketcap.com/data-api/v3/global-metrics/quotes/historical,0,0,0,0,0,28.11858260101732,0.17273543396625585,-0.0729187855881551,0.5374410714912422,0,0,0,0
2023-12-11,1639844113351.76,44627330832.33,52.2445,17.246,https://api.coinmarketcap.com/data-api/v3/global-metrics/quotes/historical,0,0,0,0,0,28.125622300412555,0.1817200000070698,-0.10759970470812844,0.526663979305945,0,0,0,0
2023-12-12,1555170606714.12,97464486356.76,51.89,17.1954,https://api.coinmarketcap.com/data-api/v3/global-metrics/quotes/historical,0,0,0,0,0,28.072606370470197,0.11405729212146824,-0.1491067466663683,0.512858387797691,0,0,0,0
2023-12-13,1563228562115.44,69514717258.5,51.8981,16.9361,https://api.coinmarketcap.com/data-api/v3/global-metrics/quotes/historical,0,0,0,0,0,28.077774389636225,0.12065308647155035,-0.14815834881062306,0.44211155226230997,0,0,0,0
2023-12-14,1608677425918.02,70160286457.22,52.1714,16.8935,https://api.coinmarketcap.com/data-api/v3/global-metrics/quotes/historical,0,0,0,0,0,28.106433482744695,0.15722986343977466,-0.11615870264084346,0.43048866296879956,0,0,0,0
2023-12-15,1625208845100.88,105054292786.84,51.8103,17.1329,https://api.coinmarketcap.com/data-api/v3/global-metrics/quotes/historical,0,0,0,0,0,28.116657443514335,0.17027841076775938,-0.15843851322228317,0.4958060267450056,0,0,0,0
2023-12-16,1582494624018.18,99526228660.57,51.8605,16.8622,https://api.coinmarketcap.com/data-api/v3/global-metrics/quotes/historical,0,0,0,0,0,28.090023593814063,0.1362863937627225,-0.15256078823976188,0.4219488405536152,0,0,0,0
2023-12-17,1599685273364.12,47379271774.47,51.6779,16.7333,https://api.coinmarketcap.com/data-api/v3/global-metrics/quotes/historical,0,0,0,0,0,28.100828021678062,0.1500757745625622,-0.1739407201482939,0.3867800511185564,0,0,0,0
2023-12-18,1568028389888.06,47526180366.85,51.6233,16.8331,https://api.coinmarketcap.com/data-api/v3/global-metrics/quotes/historical,0,0,0,0,0,28.080840143488814,0.12456582001413655,-0.1803336242129481,0.414009261247485,0,0,0,0
2023-12-19,1599568036103.31,64592434078.85,52.1696,16.6651,https://api.coinmarketcap.com/data-api/v3/global-metrics/quotes/historical,0,0,0,0,0,28.100754731288383,0.14998223614433467,-0.1163694577198975,0.3681725147378659,0,0,0,0
2023-12-20,1584407035121.43,60233140532.78,52.2187,16.519,https://api.coinmarketcap.com/data-api/v3/global-metrics/quotes/historical,0,0,0,0,0,28.091231342927582,0.13782780924965185,-0.1106205275079105,0.3283109155411083,0,0,0,0
2023-12-21,1625478027741.18,69468687267.61,52.5687,16.0538,https://api.coinmarketcap.com/data-api/v3/global-metrics/quotes/historical,0,0,0,0,0,28.116823059368116,0.17048978152269684,-0.06964037324730697,0.20138678175376054,0,0,0,0
2023-12-22,1656956943109.25,66237580785.93,51.831,16.2447,https://api.coinmarketcap.com/data-api/v3/global-metrics/quotes/historical,0,0,0,0,0,28.1360038691888,0.19496969790476157,-0.15601482981315545,0.2534715133530836,0,0,0,0
2023-12-23,1676335969152.05,70942829263.62,51.3933,16.6807,https://api.coinmarketcap.com/data-api/v3/global-metrics/quotes/historical,0,0,0,0,0,28.147631556820507,0.20980978148840335,-0.20726343986991566,0.3724287840566169,0,0,0,0
2023-12-24,1676210411830.28,48938113761.63,51.0832,16.5579,https://api.coinmarketcap.com/data-api/v3/global-metrics/quotes/historical,0,0,0,0,0,28.147556654159924,0.20971418537515302,-0.2435718565448109,0.3389243050603002,0,0,0,0
2023-12-25,1656582894748.92,64524457197.07,50.8396,16.4361,https://api.coinmarketcap.com/data-api/v3/global-metrics/quotes/historical,0,0,0,0,0,28.1357780995405,0.1946815545904944,-0.27209404391019093,0.3056926638408268,0,0,0,0
2023-12-26,1686182449757.13,76648251979.4,50.6382,16.1966,https://api.coinmarketcap.com/data-api/v3/global-metrics/quotes/historical,0,0,0,0,0,28.15348818421876,0.21728442673698423,-0.29567519553329236,0.24034801628693647,0,0,0,0
2023-12-27,1654251277637.67,81638929657.22,50.331,16.2117,https://api.coinmarketcap.com/data-api/v3/global-metrics/quotes/historical,0,0,0,0,0,28.13436962217479,0.1928839554035526,-0.33164406235859845,0.24446786671726534,0,0,0,0
2023-12-28,1699092662960.57,74943723670.46,50.0837,16.831,https://api.coinmarketcap.com/data-api/v3/global-metrics/quotes/historical,0,0,0,0,0,28.16111549683715,0.22701894664848232,-0.3605994684975908,0.41343630191611414,0,0,0,0
2023-12-29,1670123853309.12,78922292937.41,49.9761,16.8907,https://api.coinmarketcap.com/data-api/v3/global-metrics/quotes/historical,0,0,0,0,0,28.14391890326538,0.2050714284451935,-0.3731979387788503,0.4297247171936391,0,0,0,0
2023-12-30,1651319430957.1,70807962155.44,49.9243,16.7433,https://api.coinmarketcap.com/data-api/v3/global-metrics/quotes/historical,0,0,0,0,0,28.132595739412736,0.19061999980977612,-0.3792630016094196,0.3895084288869865,0,0,0,0
2023-12-31,1650457252142.8,43629092637.98,50.0225,16.6899,https://api.coinmarketcap.com/data-api/v3/global-metrics/quotes/historical,0,0,0,0,0,28.132073487960476,0.18995346528900994,-0.3677651411854448,0.37493889160357213,0,0,0,0
2024-01-01,1647895239480.1,45890790502.08,50.2434,16.6402,https://api.coinmarketcap.com/data-api/v3/global-metrics/quotes/historical,0,0,0,0,0,28.13051997711864,0.1879707640442629,-0.34190080953925256,0.36137885409447634,0,0,0,0
2024-01-02,1711920394246.82,48834341831.19,50.5456,16.5153,https://api.coinmarketcap.com/data-api/v3/global-metrics/quotes/historical,0,0,0,0,0,28.168636893879395,0.2366182895537988,-0.3065173734890974,0.3273014157667898,0,0,0,0
2024-01-03,1722002934615.59,81798818096.8,51.142,16.4428,https://api.coinmarketcap.com/data-api/v3/global-metrics/quotes/historical,0,0,0,0,0,28.174509226122872,0.24411297844503602,-0.23668719062902893,0.3075206769456743,0,0,0,0
2024-01-04,1637244188137.75,116308696896.23,51.2703,16.2277,https://api.coinmarketcap.com/data-api/v3/global-metrics/quotes/historical,0,0,0,0,0,28.12403557126747,0.17969490319646578,-0.22166503693864253,0.24883327114675233,0,0,0,0
2024-01-05,1683933362957.3,74231853887.32,51.4041,16.1957,https://api.coinmarketcap.com/data-api/v3/global-metrics/quotes/historical,0,0,0,0,0,28.152153460275304,0.2155809569234382,-0.20599890939558893,0.2401024622877774,0,0,0,0
2024-01-06,1670815972358.85,73556752295.75,51.7916,16.3219,https://api.coinmarketcap.com/data-api/v3/global-metrics/quotes/historical,0,0,0,0,0,28.144333229230973,0.20560022076874307,-0.16062802432134915,0.27453458972535993,0,0,0,0
2024-01-07,1651760668915.86,45881164457.03,52.1815,16.3118,https://api.coinmarketcap.com/data-api/v3/global-metrics/quotes/historical,0,0,0,0,0,28.132862906994536,0.19096097811692817,-0.11497613247503732,0.2717789281792466,0,0,0,0
2024-01-08,1635454867091.54,47874661366.64,52.6463,16.3352,https://api.coinmarketcap.com/data-api/v3/global-metrics/quotes/historical,0,0,0,0,0,28.1229420877578,0.17829932161611806,-0.060554487616956434,0.27816333215737166,0,0,0,0
2024-01-09,1729897502023.57,86836407855.63,53.2095,16.2081,https://api.coinmarketcap.com/data-api/v3/global-metrics/quotes/historical,0,0,0,0,0,28.17908327529782,0.24995070596420638,0.005388434896106122,0.24348565072063102,0,0,0,0
2024-01-10,1705891985197.72,84904697914.19,52.9863,16.5202,https://api.coinmarketcap.com/data-api/v3/global-metrics/quotes/historical,0,0,0,0,0,28.16510924833808,0.23211605692210793,-0.02074519490665562,0.3286383208733201,0,0,0,0
2024-01-11,1769019931447.03,112210131304.42,51.664,17.5494,https://api.coinmarketcap.com/data-api/v3/global-metrics/quotes/historical,0,0,0,0,0,28.201446798112837,0.2784926274804499,-0.17556821770321496,0.6094429608001009,0,0,0,0
2024-01-12,1774422173721.75,106938283077.2,51.2,17.7413,https://api.coinmarketcap.com/data-api/v3/global-metrics/quotes/historical,0,0,0,0,0,28.204495949926194,0.282384172317452,-0.22989619363727182,0.6618005301762663,0,0,0,0
2024-01-13,1674602580778.05,99537952126.0,50.1176,18.1118,https://api.coinmarketcap.com/data-api/v3/global-metrics/quotes/historical,0,0,0,0,0,28.1465969878466,0.20848939083704487,-0.3566302478420635,0.7628869264965853,0,0,0,0
2024-01-14,1689693799791.85,54364011990.57,49.691,18.3313,https://api.coinmarketcap.com/data-api/v3/global-metrics/quotes/historical,0,0,0,0,0,28.15556844489269,0.2199394036554157,-0.40657920157798755,0.8227748185136163,0,0,0,0
2024-01-15,1645890473684.53,48568967323.33,49.7217,18.05,https://api.coinmarketcap.com/data-api/v3/global-metrics/quotes/historical,0,0,0,0,0,28.129302675073085,0.18641715642469228,-0.4029846566185579,0.7460255518876905,0,0,0,0
2024-01-16,1674078332753.98,56405252244.24,49.7643,18.0262,https://api.coinmarketcap.com/data-api/v3/global-metrics/quotes/historical,0,0,0,0,0,28.14628388066088,0.20808978113356189,-0.39799678641426733,0.7395320127988275,0,0,0,0
2024-01-17,1699949742503.76,58593142716.96,49.7445,18.2918,https://api.coinmarketcap.com/data-api/v3/global-metrics/quotes/historical,0,0,0,0,0,28.161619803320637,0.2276625785212792,-0.40031509228386675,0.8119977263283191,0,0,0,0
2024-01-18,1683643666920.57,55319956386.51,49.7612,18.0485,https://api.coinmarketcap.com/data-api/v3/global-metrics/quotes/historical,0,0,0,0,0,28.151981410142596,0.21536137428320637,-0.3983597534948608,0.745616295222426,0,0,0,0
2024-01-19,1630908410094.85,63084768018.95,49.603,18.1851,https://api.coinmarketcap.com/data-api/v3/global-metrics/quotes/historical,0,0,0,0,0,28.120158282316112,0.17474643072811424,-0.41688278322065364,0.7828859355391746,0,0,0,0
2024-01-20,1639959782989.59,63855641107.64,49.7512,18.2444,https://api.coinmarketcap.com/data-api/v3/global-metrics/quotes/historical,0,0,0,0,0,28.12569283489665,0.18181002114219627,-0.39953061504516435,0.7990652157059626,0,0,0,0
2024-01-21,1642051980365.67,35417530928.59,49.7462,18.0747,https://api.coinmarketcap.com/data-api/v3/global-metrics/quotes/historical,0,0,0,0,0,28.12696778319686,0.18343720102002115,-0.4001160458203153,0.7527646449757115,0,0,0,0
2024-01-22,1634220237273.51,30221722660.74,49.8443,18.0495,https://api.coinmarketcap.com/data-api/v3/global-metrics/quotes/historical,0,0,0,0,0,28.12218688741691,0.17733548112296194,-0.3886298940118439,0.7458891329992683,0,0,0,0
2024-01-23,1556200458260.09,69362799082.74,49.78,17.8459,https://api.coinmarketcap.com/data-api/v3/global-metrics/quotes/historical,0,0,0,0,0,28.073268362602974,0.11490217365710002,-0.3961585337802914,0.6903393616340409,0,0,0,0
2024-01-24,1552061251441.3,72206307832.66,50.3555,17.3541,https://api.coinmarketcap.com/data-api/v3/global-metrics/quotes/historical,0,0,0,0,0,28.070605003045667,0.11150300439012117,-0.32877545156035665,0.5561577429826697,0,0,0,0
2024-01-25,1561892695798.95,53449482801.12,50.3104,17.1876,https://api.coinmarketcap.com/data-api/v3/global-metrics/quotes/historical,0,0,0,0,0,28.07691946831471,0.11956197495646864,-0.3340560371522227,0.510730253138316,0,0,0,0
2024-01-26,1553151153442.3,47208330479.13,50.4185,17.1592,https://api.coinmarketcap.com/data-api/v3/global-metrics/quotes/historical,0,0,0,0,0,28.07130698532813,0.11239892420461219,-0.32139902379344776,0.5029816602759755,0,0,0,0
2024-01-27,1612314125133.8,57849734430.55,50.8585,16.8999,https://api.coinmarketcap.com/data-api/v3/global-metrics/quotes/historical,0,0,0,0,0,28.108691607737246,0.16011184347683646,-0.26988111558011807,0.4322348247405943,0,0,0,0
2024-01-28,1622950425700.9,32374020083.58,50.8987,16.7949,https://api.coinmarketcap.com/data-api/v3/global-metrics/quotes/historical,0,0,0,0,0,28.115266859139847,0.16850364789132746,-0.26517425214790036,0.40358685817208273,0,0,0,0
2024-01-29,1618249953970.65,42362491759.43,50.9403,16.7626,https://api.coinmarketcap.com/data-api/v3/global-metrics/quotes/historical,0,0,0,0,0,28.112366405928125,0.16480188280649302,-0.2603034680986398,0.39477419798005514,0,0,0,0
2024-01-30,1663411086072.74,50038660306.12,51.0465,16.7423,https://api.coinmarketcap.com/data-api/v3/global-metrics/quotes/historical,0,0,0,0,0,28.13989148106526,0.19993134522577152,-0.2478689184344223,0.3892355911101432,0,0,0,0
2024-01-31,1654099236635.1,57650543059.28,50.9274,17.0312,https://api.coinmarketcap.com/data-api/v3/global-metrics/quotes/historical,0,0,0,0,0,28.13427770869584,0.19276664887165282,-0.2618138794985308,0.4680584248400757,0,0,0,0
2024-02-01,1628623575395.08,60788770938.71,51.2768,16.8425,https://api.coinmarketcap.com/data-api/v3/global-metrics/quotes/historical,0,0,0,0,0,28.11875634174049,0.17295717425851279,-0.2209039769309453,0.4165739363498087,0,0,0,0
2024-02-02,1645573465455.66,52624229565.45,51.3476,16.8253,https://api.coinmarketcap.com/data-api/v3/global-metrics/quotes/historical,0,0,0,0,0,28.129110050614358,0.18617131536339962,-0.21261427715480058,0.411881126588109,0,0,0,0
2024-02-03,1654644834611.77,45739909474.89,51.198,16.7638,https://api.coinmarketcap.com/data-api/v3/global-metrics/quotes/historical,0,0,0,0,0,28.13460750028435,0.19318755239896412,-0.23013036594733272,0.3951016033122669,0,0,0,0
2024-02-04,1647007757572.07,29518768535.87,51.2095,16.7544,https://api.coinmarketcap.com/data-api/v3/global-metrics/quotes/historical,0,0,0,0,0,28.12998127723565,0.18728323686402717,-0.22878387516448453,0.3925369282099432,0,0,0,0
2024-02-05,1632931794935.99,33241624743.13,51.1573,16.8496,https://api.coinmarketcap.com/data-api/v3/global-metrics/quotes/historical,0,0,0,0,0,28.121398162318346,0.17632885394497783,-0.23489577245706586,0.4185110845653931,0,0,0,0
2024-02-06,1636654079824.89,43911905092.17,51.1363,16.8815,https://api.coinmarketcap.com/data-api/v3/global-metrics/quotes/historical,0,0,0,0,0,28.123675078502604,0.1792348166400191,-0.23735458171270216,0.42721460964668384,0,0,0,0
2024-02-07,1655839211363.85,44152008380.03,51.0551,17.2181,https://api.coinmarketcap.com/data-api/v3/global-metrics/quotes/historical,0,0,0,0,0,28.135329072590583,0.19410847439784387,-0.2468619775011616,0.5190518053320264,0,0,0,0
2024-02-08,1696992917817.09,50643521783.06,51.2508,17.1663,https://api.coinmarketcap.com/data-api/v3/global-metrics/quotes/historical,0,0,0,0,0,28.15987892881724,0.22544075041948128,-0.2239482169617334,0.5049188084915608,0,0,0,0
2024-02-09,1721113607773.85,57954458472.96,51.6457,16.897,https://api.coinmarketcap.com/data-api/v3/global-metrics/quotes/historical,0,0,0,0,0,28.17399264363107,0.243453679055596,-0.17771089434026976,0.43144359518774966,0,0,0,0
2024-02-10,1778770039518.05,77878473125.73,52.0161,16.8065,https://api.coinmarketcap.com/data-api/v3/global-metrics/quotes/historical,0,0,0,0,0,28.206943252354783,0.28550759407980486,-0.13434218251704796,0.40675177638346155,0,0,0,0
2024-02-11,1795914117772.02,41003465775.02,52.1993,16.7364,https://api.coinmarketcap.com/data-api/v3/global-metrics/quotes/historical,0,0,0,0,0,28.216535266052748,0.2977496055202483,-0.11289199891549793,0.3876258482267696,0,0,0,0
2024-02-12,1806535731763.11,45439137951.37,52.465,16.6804,https://api.coinmarketcap.com/data-api/v3/global-metrics/quotes/historical,0,0,0,0,0,28.222432166891835,0.305275650604043,-0.08178220752394817,0.37234693272356323,0,0,0,0
2024-02-13,1870791944289.62,71263903655.97,52.4016,17.0791,https://api.coinmarketcap.com/data-api/v3/global-metrics/quotes/historical,0,0,0,0,0,28.25738295676451,0.3498823393501805,-0.08920546975286907,0.48112735435085435,0,0,0,0
2024-02-14,1861545364916.97,78236881415.85,52.4409,17.0545,https://api.coinmarketcap.com/data-api/v3/global-metrics/quotes/historical,0,0,0,0,0,28.252428100049247,0.34355859811043815,-0.08460398386017878,0.4744155450405175,0,0,0,0
2024-02-15,1936566880630.91,85859240745.13,52.5338,17.2364,https://api.coinmarketcap.com/data-api/v3/global-metrics/quotes/historical,0,0,0,0,0,28.29193787216562,0.3939837848843632,-0.07372668005786433,0.5240447366482528,0,0,0,0
2024-02-16,1952129892510.32,93803689966.05,52.2246,17.3894,https://api.coinmarketcap.com/data-api/v3/global-metrics/quotes/historical,0,0,0,0,0,28.299942144999765,0.40419940828665624,-0.10992971919323129,0.5657889165052262,0,0,0,0
2024-02-17,1953276393460.69,72846308770.32,52.42,17.2485,https://api.coinmarketcap.com/data-api/v3/global-metrics/quotes/historical,0,0,0,0,0,28.30052928031904,0.40494875222234944,-0.08705108450031167,0.5273460737480528,0,0,0,0
2024-02-18,1939867589085.9,60181687493.73,52.2804,17.2622,https://api.coinmarketcap.com/data-api/v3/global-metrics/quotes/historical,0,0,0,0,0,28.293640833625936,0.3961572256587716,-0.10339631174254106,0.5310839512908013,0,0,0,0
2024-02-19,1969694654317.08,64182744937.96,51.9554,17.571,https://api.coinmarketcap.com/data-api/v3/global-metrics/quotes/historical,0,0,0,0,0,28.308899648856453,0.415631613050361,-0.14144931212738737,0.6153362567799098,0,0,0,0
2024-02-20,1978226747854.8,68149540351.92,51.386,17.8821,https://api.coinmarketcap.com/data-api/v3/global-metrics/quotes/historical,0,0,0,0,0,28.313221977470416,0.4211480768511493,-0.20811816880163692,0.7002160891557565,0,0,0,0
2024-02-21,1992573712300.35,91344467063.84,51.5117,18.1798,https://api.coinmarketcap.com/data-api/v3/global-metrics/quotes/historical,0,0,0,0,0,28.320448241807465,0.43037075036594985,-0.1934004391143294,0.7814398953219074,0,0,0,0
2024-02-22,1971740336161.7,80913912721.55,51.6278,18.0998,https://api.coinmarketcap.com/data-api/v3/global-metrics/quotes/historical,0,0,0,0,0,28.309937688064636,0.416956432662003,-0.17980673651531176,0.7596128731744696,0,0,0,0
2024-02-23,1960266634598.79,76673944262.3,51.3789,18.2091,https://api.coinmarketcap.com/data-api/v3/global-metrics/quotes/historical,0,0,0,0,0,28.304101617979242,0.4095080241210749,-0.20894948050235215,0.7894340421834061,0,0,0,0
2024-02-24,1941517982381.92,66759133627.77,51.3108,18.0828,https://api.coinmarketcap.com/data-api/v3/global-metrics/quotes/historical,0,0,0,0,0,28.294491248182847,0.39724258531969825,-0.21692304765991538,0.7549746309681392,0,0,0,0
2024-02-25,1978931703345.18,49308164083.24,51.1706,18.1691,https://api.coinmarketcap.com/data-api/v3/global-metrics/quotes/historical,0,0,0,0,0,28.313578271263818,0.42160280438098097,-0.2333385265951628,0.7785205311096877,0,0,0,0
2024-02-26,2000679858530.21,52750989868.24,50.7777,18.6936,https://api.coinmarketcap.com/data-api/v3/global-metrics/quotes/historical,0,0,0,0,0,28.324508167990736,0.43555231748501017,-0.27934167690656553,0.9216239450638234,0,0,0,0
2024-02-27,2084913343439.5,85790849360.12,51.3553,18.3191,https://api.coinmarketcap.com/data-api/v3/global-metrics/quotes/historical,0,0,0,0,0,28.365748408416074,0.4881860512338205,-0.21171271376106732,0.8194461976361321,0,0,0,0
2024-02-28,2147905041854.19,111940458402.51,52.1897,18.1481,https://api.coinmarketcap.com/data-api/v3/global-metrics/quotes/historical,0,0,0,0,0,28.395514083895087,0.5261751274821067,-0.11401602600378864,0.7727909377959851,0,0,0,0
2024-02-29,2289759613158.26,175925228955.61,53.6109,17.7688,https://api.coinmarketcap.com/data-api/v3/global-metrics/quotes/historical,0,0,0,0,0,28.459467955564733,0.6077976160745243,0.05238681752526695,0.6693035690394478,0,0,0,0
2024-03-01,2262267045079.07,154815261549.5,53.1198,17.7488,https://api.coinmarketcap.com/data-api/v3/global-metrics/quotes/historical,0,0,0,0,0,28.447388543718425,0.5923810098568221,-0.005114193210111435,0.6638468135025886,0,0,0,0
2024-03-02,2328429668644.46,106180247399.15,52.6698,17.727,https://api.coinmarketcap.com/data-api/v3/global-metrics/quotes/historical,0,0,0,0,0,28.476215194336536,0.6291716356595615,-0.057802962973743835,0.6578989499674122,0,0,0,0
2024-03-03,2345448294605.43,93011989407.85,51.9502,17.5306,https://api.coinmarketcap.com/data-api/v3/global-metrics/quotes/historical,0,0,0,0,0,28.48349766996349,0.6384660500283446,-0.14205816013354433,0.6043136105954534,0,0,0,0
2024-03-04,2376725934234.39,97597784318.7,52.1961,17.6417,https://api.coinmarketcap.com/data-api/v3/global-metrics/quotes/historical,0,0,0,0,0,28.496744998641237,0.6553732349360025,-0.11326667461159484,0.6346258876027071,0,0,0,0
2024-03-05,2515541965737.49,170941712555.99,53.3657,17.3412,https://api.coinmarketcap.com/data-api/v3/global-metrics/quotes/historical,0,0,0,0,0,28.553509389599885,0.7278199958985104,0.023677292311838058,0.5526381356613959,0,0,0,0
2024-03-06,2382473149905.46,261866570378.7,52.6052,17.9311,https://api.coinmarketcap.com/data-api/v3/global-metrics/quotes/historical,0,0,0,0,0,28.49916020269687,0.6584556904673522,-0.06536672858870075,0.7135851402210618,0,0,0,0
2024-03-07,2495816953042.41,179252017359.93,52.0284,18.3796,https://api.coinmarketcap.com/data-api/v3/global-metrics/quotes/historical,0,0,0,0,0,28.545637227625676,0.7177729817903324,-0.13290202281017577,0.8359528831351319,0,0,0,0
2024-03-08,2543584754426.72,135817396708.15,51.7033,18.2984,https://api.coinmarketcap.com/data-api/v3/global-metrics/quotes/historical,0,0,0,0,0,28.564595522622504,0.7419689088970371,-0.17096673181052469,0.8137984556554834,0,0,0,0
2024-03-09,2584406400510.68,153068139756.37,51.9208,18.0881,https://api.coinmarketcap.com/data-api/v3/global-metrics/quotes/historical,0,0,0,0,0,28.580516965221797,0.7622889885577092,-0.1455004930914353,0.7564206711854075,0,0,0,0
2024-03-10,2604521486537.47,88482700400.87,51.6677,18.0521,https://api.coinmarketcap.com/data-api/v3/global-metrics/quotes/historical,0,0,0,0,0,28.588270083872047,0.7721840710924234,-0.17513499892960263,0.7465985112190603,0,0,0,0
2024-03-11,2611405017260.58,110847085387.27,51.9393,17.8522,https://api.coinmarketcap.com/data-api/v3/global-metrics/quotes/historical,0,0,0,0,0,28.590909513209986,0.7755526989080983,-0.1433343992233745,0.6920582396281515,0,0,0,0
2024-03-12,2724366347156.13,169351233660.28,52.0166,17.9257,https://api.coinmarketcap.com/data-api/v3/global-metrics/quotes/historical,0,0,0,0,0,28.633256983850018,0.8295995587618421,-0.13428363943953336,0.7121118162261093,0,0,0,0
2024-03-13,2702455243821.11,162830942683.25,51.9789,17.6874,https://api.coinmarketcap.com/data-api/v3/global-metrics/quotes/historical,0,0,0,0,0,28.625181825294373,0.8192934659502178,-0.13869778748417477,0.6470945740044307,0,0,0,0
2024-03-14,2766421242865.48,134539193347.49,51.9266,17.3909,https://api.coinmarketcap.com/data-api/v3/global-metrics/quotes/historical,0,0,0,0,0,28.64857563073024,0.8491503075685881,-0.14482139339225952,0.5661981731704907,0,0,0,0
2024-03-15,2712374343100.34,164949314479.47,51.7209,17.1849,https://api.coinmarketcap.com/data-api/v3/global-metrics/quotes/historical,0,0,0,0,0,28.628845508597784,0.8239693196684044,-0.1689060154819913,0.5099935911408398,0,0,0,0
2024-03-16,2638800135784.86,202673871649.05,51.7269,17.0156,https://api.coinmarketcap.com/data-api/v3/global-metrics/quotes/historical,0,0,0,0,0,28.601345435752176,0.7888717669553186,-0.1682034985518095,0.46380215552132564,0,0,0,0
2024-03-17,2482336255824.97,143052508217.06,51.6973,17.0357,https://api.coinmarketcap.com/data-api/v3/global-metrics/quotes/historical,0,0,0,0,0,28.54022127130461,0.7108607523741569,-0.17166924874070646,0.4692861948358691,0,0,0,0
2024-03-18,2593967840121.63,128707900338.64,51.8085,16.8606,https://api.coinmarketcap.com/data-api/v3/global-metrics/quotes/historical,0,0,0,0,0,28.584209803951666,0.7670020525088539,-0.1586492683013372,0.42151230011066654,0,0,0,0
2024-03-19,2543180164476.73,134978436903.21,52.2326,16.6192,https://api.coinmarketcap.com/data-api/v3/global-metrics/quotes/historical,0,0,0,0,0,28.56443644707752,0.7417658853502693,-0.10899302995298946,0.3556492607807738,0,0,0,0
2024-03-20,2332165085284.75,188222137776.02,52.2039,16.262,https://api.coinmarketcap.com/data-api/v3/global-metrics/quotes/historical,0,0,0,0,0,28.477818173199694,0.631217471518379,-0.112353402602359,0.25819160689246656,0,0,0,0
2024-03-21,2553534036855.56,167795892705.42,52.2743,16.5297,https://api.coinmarketcap.com/data-api/v3/global-metrics/quotes/historical,0,0,0,0,0,28.56849941243639,0.7469513312818111,-0.10411053728822628,0.331230279753328,0,0,0,0
2024-03-22,2494253819480.45,120862353646.27,51.6225,16.8128,https://api.coinmarketcap.com/data-api/v3/global-metrics/quotes/historical,0,0,0,0,0,28.545010730053058,0.7169734009418366,-0.18042729313697212,0.40847065437757213,0,0,0,0
2024-03-23,2431168688325.8,111392812338.09,51.6022,16.4754,https://api.coinmarketcap.com/data-api/v3/global-metrics/quotes/historical,0,0,0,0,0,28.519393199363474,0.6842784826845446,-0.182804142084087,0.31641518847075556,0,0,0,0
2024-03-24,2443224857298.82,74245811351.64,51.5451,16.3877,https://api.coinmarketcap.com/data-api/v3/global-metrics/quotes/historical,0,0,0,0,0,28.524339945433525,0.6905918725408764,-0.1894897615363175,0.292487315441627,0,0,0,0
2024-03-25,2547654020781.56,74750553044.33,51.8834,16.2805,https://api.coinmarketcap.com/data-api/v3/global-metrics/quotes/historical,0,0,0,0,0,28.566194059796278,0.7440090759553327,-0.14987951528956814,0.2632391057640613,0,0,0,0
2024-03-26,2639960273520.6,110347353369.4,52.0805,16.3331,https://api.coinmarketcap.com/data-api/v3/global-metrics/quotes/historical,0,0,0,0,0,28.60178498506469,0.7894327511117085,-0.12680183413309704,0.2775903728260018,0,0,0,0
2024-03-27,2645174287243.57,106990977340.48,52.0332,16.2846,https://api.coinmarketcap.com/data-api/v3/global-metrics/quotes/historical,0,0,0,0,0,28.603758072165714,0.7919509454788474,-0.13234000926603,0.26435774064911777,0,0,0,0
2024-03-28,2612964988643.82,116659911260.97,52.2671,16.084,https://api.coinmarketcap.com/data-api/v3/global-metrics/quotes/historical,0,0,0,0,0,28.591506703465594,0.7763148756700874,-0.10495355760444411,0.20962648261441832,0,0,0,0
2024-03-29,2662192649637.29,101656338413.21,52.2776,16.062,https://api.coinmarketcap.com/data-api/v3/global-metrics/quotes/historical,0,0,0,0,0,28.61017120354481,0.8001358407661214,-0.10372415297662596,0.20362405152387347,0,0,0,0
2024-03-30,2643541867940.1,86138137159.96,51.9992,15.9498,https://api.coinmarketcap.com/data-api/v3/global-metrics/quotes/historical,0,0,0,0,0,28.603140750567274,0.791163075662508,-0.13632093853705993,0.17301165296209228,0,0,0,0
2024-03-31,2630605390148.13,67661161029.18,52.0752,16.0121,https://api.coinmarketcap.com/data-api/v3/global-metrics/quotes/historical,0,0,0,0,0,28.598235121997515,0.7849021628902196,-0.12742239075475742,0.1900094464594092,0,0,0,0
2024-04-01,2702110380158.71,66064724773.37,51.9186,16.206,https://api.coinmarketcap.com/data-api/v3/global-metrics/quotes/historical,0,0,0,0,0,28.62505420591222,0.81913058900013,-0.1457580826325022,0.2429126913892602,0,0,0,0
2024-04-02,2621751984020.23,104401487897.81,52.2946,16.0528,https://api.coinmarketcap.com/data-api/v3/global-metrics/quotes/historical,0,0,0,0,0,28.594863906414805,0.7805995773194236,-0.10173368834111059,0.20111394397691823,0,0,0,0
2024-04-03,2469110490474.71,131737700307.84,52.1493,15.9398,https://api.coinmarketcap.com/data-api/v3/global-metrics/quotes/historical,0,0,0,0,0,28.534879076393857,0.7040426625263085,-0.1187463066670132,0.17028327519366265,0,0,0,0
2024-04-04,2482939356244.87,101198779944.0,52.2787,16.0148,https://api.coinmarketcap.com/data-api/v3/global-metrics/quotes/historical,0,0,0,0,0,28.540464198573904,0.711170793467043,-0.10359535820609252,0.19074610845688544,0,0,0,0
2024-04-05,2552830574787.12,96902671048.67,52.8032,15.6642,https://api.coinmarketcap.com/data-api/v3/global-metrics/quotes/historical,0,0,0,0,0,28.568223888800144,0.7465996883824972,-0.042183669892703064,0.09508918389574093,0,0,0,0
2024-04-06,2525250173369.25,95782588641.34,52.8568,15.7807,https://api.coinmarketcap.com/data-api/v3/global-metrics/quotes/historical,0,0,0,0,0,28.557361252309995,0.7327360175858225,-0.03590785198307889,0.1268747848979466,0,0,0,0
2024-04-07,2565997363251.02,62177110399.09,52.8315,15.694,https://api.coinmarketcap.com/data-api/v3/global-metrics/quotes/historical,0,0,0,0,0,28.573368354549764,0.7531654221840635,-0.03887013170534553,0.10321974964566177,0,0,0,0
2024-04-08,2595923117967.1,63183450187.7,52.574,15.9746,https://api.coinmarketcap.com/data-api/v3/global-metrics/quotes/historical,0,0,0,0,0,28.584963298756765,0.7679637162756916,-0.0690198166256466,0.17977802982779806,0,0,0,0
2024-04-09,2690115456643.2,97132434144.94,52.397,16.4935,https://api.coinmarketcap.com/data-api/v3/global-metrics/quotes/historical,0,0,0,0,0,28.620605229306435,0.8134524880068154,-0.08974406606600883,0.3213535522316134,0,0,0,0
2024-04-10,2590332383182.75,99161692210.25,52.5234,16.2478,https://api.coinmarketcap.com/data-api/v3/global-metrics/quotes/historical,0,0,0,0,0,28.582807316681176,0.7652120983083037,-0.07494437607017905,0.25431731046129674,0,0,0,0
2024-04-11,2629244612586.56,96004098380.2,52.8461,16.1863,https://api.coinmarketcap.com/data-api/v3/global-metrics/quotes/historical,0,0,0,0,0,28.59771770131395,0.7842417937407192,-0.03716067384190304,0.23753778718545368,0,0,0,0
2024-04-12,2606519159137.88,79854552750.22,52.8876,16.144,https://api.coinmarketcap.com/data-api/v3/global-metrics/quotes/historical,0,0,0,0,0,28.589036791650432,0.7731625981973697,-0.03230159840814587,0.22599674922499596,0,0,0,0
2024-04-13,2446022444649.57,127961832566.58,54.0436,15.9102,https://api.coinmarketcap.com/data-api/v3/global-metrics/quotes/historical,0,0,0,0,0,28.525484329214212,0.6920524166744199,0.10304999680687539,0.16220727699911078,0,0,0,0
2024-04-14,2295029087077.94,156335648896.07,54.8254,15.7413,https://api.coinmarketcap.com/data-api/v3/global-metrics/quotes/historical,0,0,0,0,0,28.461766633468777,0.6107313526271699,0.19458795280956076,0.11612497649033406,0,0,0,0
2024-04-15,2386104470436.41,131235743503.22,54.2351,15.8908,https://api.coinmarketcap.com/data-api/v3/global-metrics/quotes/historical,0,0,0,0,0,28.50068322340535,0.6603994780310823,0.1254719954951775,0.15691422412835745,0,0,0,0
2024-04-16,2312536134625.53,114917318308.87,53.9905,16.1041,https://api.coinmarketcap.com/data-api/v3/global-metrics/quotes/historical,0,0,0,0,0,28.469365931994922,0.6204301189577632,0.09683272197476664,0.21511052192896177,0,0,0,0
2024-04-17,2314115029263.64,103439194443.31,54.2952,16.0079,https://api.coinmarketcap.com/data-api/v3/global-metrics/quotes/historical,0,0,0,0,0,28.470048453604388,0.6213012016745453,0.1325088734124981,0.1888635277966685,0,0,0,0
2024-04-18,2237583484356.61,97029800847.01,53.911,16.0183,https://api.coinmarketcap.com/data-api/v3/global-metrics/quotes/historical,0,0,0,0,0,28.43641759784366,0.5783791069050115,0.08752437264985864,0.19170104067583552,0,0,0,0
2024-04-19,2312087835648.24,85381487149.36,54.0763,15.9224,https://api.coinmarketcap.com/data-api/v3/global-metrics/quotes/historical,0,0,0,0,0,28.46917205721437,0.6201826821466534,0.10687871407636669,0.16553589787659498,0,0,0,0
2024-04-20,2321310734155.77,113515796090.43,54.1493,15.8238,https://api.coinmarketcap.com/data-api/v3/global-metrics/quotes/historical,0,0,0,0,0,28.473153113689254,0.6252635901233519,0.11542600339357746,0.13863409307987867,0,0,0,0
2024-04-21,2391289833671.96,62028256100.36,53.5058,15.8546,https://api.coinmarketcap.com/data-api/v3/global-metrics/quotes/historical,0,0,0,0,0,28.502854015658087,0.6631699978019703,0.04008106263158289,0.14703749660664184,0,0,0,0
2024-04-22,2383944533885.66,56538236066.74,53.6288,15.8539,https://api.coinmarketcap.com/data-api/v3/global-metrics/quotes/historical,0,0,0,0,0,28.499777598873436,0.6592436554656094,0.05448265970030893,0.14684651016285172,0,0,0,0
2024-04-23,2448876315429.2,72717474279.15,53.7411,15.6981,https://api.coinmarketcap.com/data-api/v3/global-metrics/quotes/historical,0,0,0,0,0,28.526650388510994,0.6935406246462736,0.06763143491021165,0.10433838453071775,0,0,0,0
2024-04-24,2444719597048.95,68873086373.69,53.4884,16.0738,https://api.coinmarketcap.com/data-api/v3/global-metrics/quotes/historical,0,0,0,0,0,28.524951548045085,0.6913724433786046,0.03804376353405551,0.20684353729061977,0,0,0,0
2024-04-25,2371015986187.0,85155293523.63,53.3767,16.1611,https://api.coinmarketcap.com/data-api/v3/global-metrics/quotes/historical,0,0,0,0,0,28.49433966537078,0.6523033772041219,0.024965240017171632,0.23066227520901145,0,0,0,0
2024-04-26,2377171562504.47,80341921215.47,53.4126,16.2043,https://api.coinmarketcap.com/data-api/v3/global-metrics/quotes/historical,0,0,0,0,0,28.496932477766183,0.655612509155651,0.029168632982759006,0.24244886716862726,0,0,0,0
2024-04-27,2346041034187.67,62712506894.43,53.508,16.2826,https://api.coinmarketcap.com/data-api/v3/global-metrics/quotes/historical,0,0,0,0,0,28.483750357135452,0.6387885474045383,0.04033865217264977,0.26381206509543115,0,0,0,0
2024-04-28,2357067109046.17,56413070929.33,52.9818,16.8422,https://api.coinmarketcap.com/data-api/v3/global-metrics/quotes/historical,0,0,0,0,0,28.48843921170724,0.6447727977525748,-0.021272082604291972,0.41649208501675505,0,0,0,0
2024-04-29,2347932832710.39,50536955388.53,52.9245,16.959,https://api.coinmarketcap.com/data-api/v3/global-metrics/quotes/historical,0,0,0,0,0,28.48455641131419,0.6398172911895716,-0.027981119287527646,0.4483595373520139,0,0,0,0
2024-04-30,2353093636672.24,69182941183.56,53.424,16.678,https://api.coinmarketcap.com/data-api/v3/global-metrics/quotes/historical,0,0,0,0,0,28.486752019472828,0.6426194827880328,0.03050341515010459,0.37169212205914065,0,0,0,0
2024-05-01,2234609305389.39,90167587988.28,53.4133,16.4472,https://api.coinmarketcap.com/data-api/v3/global-metrics/quotes/historical,0,0,0,0,0,28.43508752128144,0.5766815684105816,0.02925059329128044,0.30872116316378345,0,0,0,0
2024-05-02,2188656460739.3,105693601082.04,52.4211,16.5599,https://api.coinmarketcap.com/data-api/v3/global-metrics/quotes/historical,0,0,0,0,0,28.414308983249146,0.5501625174253876,-0.08692228972977822,0.3394699806139858,0,0,0,0
2024-05-03,2210508623713.37,75000422381.25,52.6565,16.2311,https://api.coinmarketcap.com/data-api/v3/global-metrics/quotes/historical,0,0,0,0,0,28.42424375145521,0.5628419765949056,-0.059360208835646876,0.24976091958801916,0,0,0,0
2024-05-04,2325108015887.24,74793197433.6,53.2774,16.0328,https://api.coinmarketcap.com/data-api/v3/global-metrics/quotes/historical,0,0,0,0,0,28.474787612334833,0.6273496537747012,0.013338584822663365,0.195657188440059,0,0,0,0
2024-05-05,2351104742384.51,54860177487.08,53.5227,15.9248,https://api.coinmarketcap.com/data-api/v3/global-metrics/quotes/historical,0,0,0,0,0,28.485906436763095,0.6415402898748088,0.042059818651594846,0.166190708541018,0,0,0,0
2024-05-06,2361950003809.62,49878355034.88,53.3944,15.9529,https://api.coinmarketcap.com/data-api/v3/global-metrics/quotes/historical,0,0,0,0,0,28.490508666591307,0.6474139835519218,0.027037664961207606,0.17385745007030542,0,0,0,0
2024-05-07,2331942992513.07,73428276360.93,53.3457,15.7733,https://api.coinmarketcap.com/data-api/v3/global-metrics/quotes/historical,0,0,0,0,0,28.47772293836888,0.6310959260405423,0.021335569211232617,0.12485578534930898,0,0,0,0
2024-05-08,2295857550237.38,65536216914.51,53.4683,15.7255,https://api.coinmarketcap.com/data-api/v3/global-metrics/quotes/historical,0,0,0,0,0,28.46212754988161,0.6111919798733443,0.03569033181794665,0.11181413961621506,0,0,0,0
2024-05-09,2262486691395.08,66713750869.78,53.2602,15.7846,https://api.coinmarketcap.com/data-api/v3/global-metrics/quotes/historical,0,0,0,0,0,28.447485630246874,0.5925049186031403,0.011324702956141987,0.1279388522276341,0,0,0,0
2024-05-10,2327651559053.77,63860923900.02,53.3589,15.6657,https://api.coinmarketcap.com/data-api/v3/global-metrics/quotes/historical,0,0,0,0,0,28.4758809606495,0.6287450628095531,0.022881106457632243,0.0954984405610054,0,0,0,0
2024-05-11,2250668759351.94,68644656075.29,53.2022,15.5278,https://api.coinmarketcap.com/data-api/v3/global-metrics/quotes/historical,0,0,0,0,0,28.442248514360507,0.5858209380944982,0.004533705964384878,0.057874111134360307,0,0,0,0
2024-05-12,2250568869932.33,39921264046.34,53.2143,15.5392,https://api.coinmarketcap.com/data-api/v3/global-metrics/quotes/historical,0,0,0,0,0,28.44220413126952,0.5857642932308921,0.005950448440251894,0.06098446179037015,0,0,0,0
2024-05-13,2263903579689.51,35871621702.28,53.4662,15.5377,https://api.coinmarketcap.com/data-api/v3/global-metrics/quotes/historical,0,0,0,0,0,28.448111686886204,0.5933039367011514,0.035444450892383184,0.06057520512510568,0,0,0,0
2024-05-14,2296221656028.04,72814513782.48,53.9647,15.4299,https://api.coinmarketcap.com/data-api/v3/global-metrics/quotes/historical,0,0,0,0,0,28.462286129808074,0.6113943708764346,0.0938118991749854,0.03116329278143412,0,0,0,0
2024-05-15,2243947967000.46,75436102137.4,54.0329,15.4222,https://api.coinmarketcap.com/data-api/v3/global-metrics/quotes/historical,0,0,0,0,0,28.439257915708957,0.5820041229752893,0.10179717494805124,0.02906244189974333,0,0,0,0
2024-05-16,2391521965794.53,93133466995.84,54.5738,15.2473,https://api.coinmarketcap.com/data-api/v3/global-metrics/quotes/historical,0,0,0,0,0,28.50295108496898,0.6632938845740173,0.16512907620393805,-0.018656885270091742,0,0,0,0
2024-05-17,2355764734038.59,81099494492.18,54.5516,15.0166,https://api.coinmarketcap.com/data-api/v3/global-metrics/quotes/historical,0,0,0,0,0,28.487886518513807,0.6440674113123417,0.16252976356226573,-0.08160056038776375,0,0,0,0
2024-05-18,2427531663542.14,74900615607.4,54.4198,15.3105,https://api.coinmarketcap.com/data-api/v3/global-metrics/quotes/historical,0,0,0,0,0,28.517896080710507,0.6823677531699264,0.147097808329273,-0.00141353777361623,0,0,0,0
2024-05-19,2429296554607.77,51222827829.37,54.2811,15.4427,https://api.coinmarketcap.com/data-api/v3/global-metrics/quotes/historical,0,0,0,0,0,28.518622847672006,0.6832953049580451,0.130857958626571,0.03465561632502419,0,0,0,0
2024-05-20,2395126595314.28,50739104392.35,54.5158,15.4045,https://api.coinmarketcap.com/data-api/v3/global-metrics/quotes/historical,0,0,0,0,0,28.504457203563284,0.6652161004551348,0.15833807921218093,0.024233213249622933,0,0,0,0
2024-05-21,2615573718092.34,114445563764.61,53.8069,16.8201,https://api.coinmarketcap.com/data-api/v3/global-metrics/quotes/historical,0,0,0,0,0,28.592504584445848,0.7775884424894366,0.0753357039112046,0.41046237014852593,0,0,0,0
2024-05-22,2604361294724.86,134744785277.27,53.0587,17.4786,https://api.coinmarketcap.com/data-api/v3/global-metrics/quotes/historical,0,0,0,0,0,28.58820857670462,0.772105571262146,-0.01226815728246203,0.5901260461996193,0,0,0,0
2024-05-23,2570965883244.09,99612466656.02,52.9744,17.4613,https://api.coinmarketcap.com/data-api/v3/global-metrics/quotes/historical,0,0,0,0,0,28.575302774285316,0.7556342665038194,-0.0221385201515158,0.5854059526602363,0,0,0,0
2024-05-24,2541932883977.79,140417302346.7,52.6568,17.8632,https://api.coinmarketcap.com/data-api/v3/global-metrics/quotes/historical,0,0,0,0,0,28.563945885506097,0.7411397957137567,-0.059325082989138286,0.6950594551734239,0,0,0,0
2024-05-25,2547610708503.64,89233008495.94,53.0021,17.5744,https://api.coinmarketcap.com/data-api/v3/global-metrics/quotes/historical,0,0,0,0,0,28.566177058804094,0.74398737807756,-0.018895233657177105,0.6162639052211757,0,0,0,0
2024-05-26,2573187323023.6,53254458320.97,53.0431,17.5038,https://api.coinmarketcap.com/data-api/v3/global-metrics/quotes/historical,0,0,0,0,0,28.576166449929694,0.7567365509096013,-0.014094701300934539,0.5970015581760616,0,0,0,0
2024-05-27,2557829022721.66,58994734520.13,52.7643,17.9665,https://api.coinmarketcap.com/data-api/v3/global-metrics/quotes/historical,0,0,0,0,0,28.57017997663302,0.749096187072201,-0.046738321323381335,0.7232435975213025,0,0,0,0
2024-05-28,2597544972957.73,83891583207.14,52.6364,17.9993,https://api.coinmarketcap.com/data-api/v3/global-metrics/quotes/historical,0,0,0,0,0,28.58558787370936,0.7687608433395026,-0.06171364055175573,0.7321926766017524,0,0,0,0
2024-05-29,2565726025170.29,96330445389.8,52.4616,17.9817,https://api.coinmarketcap.com/data-api/v3/global-metrics/quotes/historical,0,0,0,0,0,28.573262605248626,0.7530304573899008,-0.08218030045105192,0.7273907317293157,0,0,0,0
2024-05-30,2527402129678.35,83465570885.49,52.684,17.8879,https://api.coinmarketcap.com/data-api/v3/global-metrics/quotes/historical,0,0,0,0,0,28.558213064906685,0.733823161524743,-0.05614033957231419,0.7017985482614449,0,0,0,0
2024-05-31,2537683768904.6,84594934988.34,53.0807,17.7383,https://api.coinmarketcap.com/data-api/v3/global-metrics/quotes/historical,0,0,0,0,0,28.562272878917355,0.7390045854811373,-0.009692261871795711,0.6609820168457373,0,0,0,0
2024-06-01,2519825642968.84,76087028837.78,52.7744,17.9248,https://api.coinmarketcap.com/data-api/v3/global-metrics/quotes/historical,0,0,0,0,0,28.55521082576011,0.7299914899762427,-0.0455557511575752,0.7118662622269512,0,0,0,0
2024-06-02,2534191856410.43,44005482579.0,52.6545,18.0782,https://api.coinmarketcap.com/data-api/v3/global-metrics/quotes/historical,0,0,0,0,0,28.560895907830574,0.7372471968526043,-0.05959438114570775,0.7537195771946616,0,0,0,0
2024-06-03,2527418313923.05,60217613865.99,52.8211,17.9691,https://api.coinmarketcap.com/data-api/v3/global-metrics/quotes/historical,0,0,0,0,0,28.55821946839614,0.7338313341143187,-0.04008782771766026,0.7239529757410945,0,0,0,0
2024-06-04,2553181907090.25,85079944489.48,53.1059,17.7232,https://api.coinmarketcap.com/data-api/v3/global-metrics/quotes/historical,0,0,0,0,0,28.568361503937176,0.7467753226272936,-0.00674169076503249,0.6568621664154084,0,0,0,0
2024-06-05,2616428352349.35,83061657878.41,53.1495,17.505,https://api.coinmarketcap.com/data-api/v3/global-metrics/quotes/historical,0,0,0,0,0,28.592831279371847,0.7780053938353735,-0.001636734405711032,0.5973289635082734,0,0,0,0
2024-06-06,2641855435511.78,87137675027.71,53.0347,17.5775,https://api.coinmarketcap.com/data-api/v3/global-metrics/quotes/historical,0,0,0,0,0,28.60250260270866,0.7903486258887874,-0.015078225003189224,0.6171097023293888,0,0,0,0
2024-06-07,2624002542274.16,75183493516.51,53.151,17.454,https://api.coinmarketcap.com/data-api/v3/global-metrics/quotes/historical,0,0,0,0,0,28.595721955864402,0.7816946811744844,-0.0014611051731655824,0.5834142368892825,0,0,0,0
2024-06-08,2546857535177.09,106318544773.76,53.6546,17.3513,https://api.coinmarketcap.com/data-api/v3/global-metrics/quotes/historical,0,0,0,0,0,28.565881375998345,0.7436100066095134,0.057503482500091,0.5553937972075093,0,0,0,0
2024-06-09,2533193929265.58,54597642423.12,53.9207,17.4587,https://api.coinmarketcap.com/data-api/v3/global-metrics/quotes/historical,0,0,0,0,0,28.56050204511715,0.7367445211897543,0.08866010835365193,0.5846965744404443,0,0,0,0
2024-06-10,2549432399899.93,48502937747.85,53.8448,17.4654,https://api.coinmarketcap.com/data-api/v3/global-metrics/quotes/historical,0,0,0,0,0,28.5668918620479,0.7448996609165842,0.07977326918685285,0.5865245875452918,0,0,0,0
2024-06-11,2525455364000.95,65904968653.08,54.2512,17.4444,https://api.coinmarketcap.com/data-api/v3/global-metrics/quotes/historical,0,0,0,0,0,28.55744250457477,0.7328397175164365,0.12735708259116463,0.5807949942315903,0,0,0,0
2024-06-12,2438116119633.84,94465545431.32,54.4304,17.2395,https://api.coinmarketcap.com/data-api/v3/global-metrics/quotes/historical,0,0,0,0,0,28.522246774907476,0.6879204191491736,0.14833892157259373,0.5248905337564659,0,0,0,0
2024-06-13,2486779961497.64,88956117378.54,54.0922,17.1993,https://api.coinmarketcap.com/data-api/v3/global-metrics/quotes/historical,0,0,0,0,0,28.542009801362223,0.7131434018903396,0.10874038394134779,0.513922455127379,0,0,0,0
2024-06-14,2422127857891.97,73787958080.16,54.3245,17.2065,https://api.coinmarketcap.com/data-api/v3/global-metrics/quotes/historical,0,0,0,0,0,28.515667549877477,0.6795235433082246,0.13593949775488565,0.5158868871206477,0,0,0,0
2024-06-15,2399558954907.6,74939168323.35,54.2257,17.4253,https://api.coinmarketcap.com/data-api/v3/global-metrics/quotes/historical,0,0,0,0,0,28.506306067606396,0.6675757525032129,0.12437138563789281,0.5755837926938892,0,0,0,0
2024-06-16,2419640895422.37,46672913502.3,53.9242,17.7089,https://api.coinmarketcap.com/data-api/v3/global-metrics/quotes/historical,0,0,0,0,0,28.514640254764874,0.6782124360770215,0.08906990989625826,0.6529605862065544,0,0,0,0
2024-06-17,2442288500428.58,41936417632.67,53.7876,17.8168,https://api.coinmarketcap.com/data-api/v3/global-metrics/quotes/historical,0,0,0,0,0,28.5239566256826,0.690102652558095,0.07307594111911976,0.6823997823279107,0,0,0,0
2024-06-18,2401046544002.34,79142808653.58,54.5919,17.5705,https://api.coinmarketcap.com/data-api/v3/global-metrics/quotes/historical,0,0,0,0,0,28.50692581823689,0.6683667224233614,0.16724833560998686,0.6151998378914877,0,0,0,0
2024-06-19,2354546170486.31,101393273225.89,54.5436,18.0881,https://api.coinmarketcap.com/data-api/v3/global-metrics/quotes/historical,0,0,0,0,0,28.487369115903167,0.6434070652287953,0.16159307432202305,0.7564206711854075,0,0,0,0
2024-06-20,2366746114029.34,62963090749.42,54.1107,18.3891,https://api.coinmarketcap.com/data-api/v3/global-metrics/quotes/historical,0,0,0,0,0,28.492537180052445,0.6500029169897057,0.11090647780940861,0.8385448420151399,0,0,0,0
2024-06-21,2357760699876.26,69594137950.28,54.2113,18.2092,https://api.coinmarketcap.com/data-api/v3/global-metrics/quotes/historical,0,0,0,0,0,28.48873342853263,0.6451482982320139,0.12268534500545633,0.7894613259610903,0,0,0,0
2024-06-22,2342469133752.69,68697862970.81,53.9532,18.3551,https://api.coinmarketcap.com/data-api/v3/global-metrics/quotes/historical,0,0,0,0,0,28.48222667434579,0.6368439148456183,0.09246540839213722,0.8292683576024793,0,0,0,0
2024-06-23,2342749758265.42,35006004201.25,54.0702,18.241,https://api.coinmarketcap.com/data-api/v3/global-metrics/quotes/historical,0,0,0,0,0,28.482346465766227,0.6369968011931205,0.10616448853068147,0.7981375672646968,0,0,0,0
2024-06-24,2300610267516.85,38257668625.89,54.1414,18.1702,https://api.coinmarketcap.com/data-api/v3/global-metrics/quotes/historical,0,0,0,0,0,28.464195537371868,0.6138312928801418,0.11450102276883821,0.7788206526642152,0,0,0,0
2024-06-25,2230520379018.54,98106598382.2,53.2762,18.0481,https://api.coinmarketcap.com/data-api/v3/global-metrics/quotes/historical,0,0,0,0,0,28.433256027997782,0.5743440861636184,0.013198081436627339,0.745507160111689,0,0,0,0
2024-06-26,2279168197877.6,68632727854.96,53.4598,17.8997,https://api.coinmarketcap.com/data-api/v3/global-metrics/quotes/historical,0,0,0,0,0,28.454831666837606,0.601880454003464,0.034695099500189376,0.7050180340281922,0,0,0,0
2024-06-27,2251209730721.5,58370640294.24,53.262,17.9861,https://api.coinmarketcap.com/data-api/v3/global-metrics/quotes/historical,0,0,0,0,0,28.442488845756994,0.586127666149517,0.01153545803519686,0.7285912179474249,0,0,0,0
2024-06-28,2290527323716.67,59657917364.66,53.0357,18.0762,https://api.coinmarketcap.com/data-api/v3/global-metrics/quotes/historical,0,0,0,0,0,28.459803179351443,0.6082254525602959,-0.014961138848159201,0.753173901640976,0,0,0,0
2024-06-29,2239560907950.68,63114655010.51,53.1088,18.1043,https://api.coinmarketcap.com/data-api/v3/global-metrics/quotes/historical,0,0,0,0,0,28.437300939344127,0.5795064902777863,-0.006402140915444177,0.7608406431702629,0,0,0,0
2024-06-30,2249710371399.39,36085948903.29,53.3678,18.0195,https://api.coinmarketcap.com/data-api/v3/global-metrics/quotes/historical,0,0,0,0,0,28.44182260003676,0.5852773558824494,0.023923173237402354,0.7377039996939799,0,0,0,0
2024-07-01,2306953889585.33,45106391467.36,53.5727,17.8838,https://api.coinmarketcap.com/data-api/v3/global-metrics/quotes/historical,0,0,0,0,0,28.466949107744576,0.6173455956184608,0.047914126403109276,0.7006799133763895,0,0,0,0
2024-07-02,2311916483553.84,59822087977.38,53.6054,17.8828,https://api.coinmarketcap.com/data-api/v3/global-metrics/quotes/historical,0,0,0,0,0,28.469097943055882,0.6200880923759688,0.051742843672600576,0.7004070755995462,0,0,0,0
2024-07-03,2297948619115.12,51160159438.45,53.2311,17.8686,https://api.coinmarketcap.com/data-api/v3/global-metrics/quotes/historical,0,0,0,0,0,28.46303793614741,0.6123538797029366,0.00791749584476043,0.6965327791683763,0,0,0,0
2024-07-04,2219313450381.92,73488992939.08,53.4547,17.8308,https://api.coinmarketcap.com/data-api/v3/global-metrics/quotes/historical,0,0,0,0,0,28.428219007398337,0.5679154815196068,0.03409796010953502,0.686219511203712,0,0,0,0
2024-07-05,2086926699007.72,95335450955.79,53.8598,17.6018,https://api.coinmarketcap.com/data-api/v3/global-metrics/quotes/historical,0,0,0,0,0,28.366713620746385,0.48941792399403405,0.08152956151230734,0.6237396603066729,0,0,0,0
2024-07-06,2068016542791.24,131734133940.11,54.0287,17.3307,https://api.coinmarketcap.com/data-api/v3/global-metrics/quotes/historical,0,0,0,0,0,28.357611071958228,0.47780060255240087,0.10130541309692431,0.5497733390045446,0,0,0,0
2024-07-07,2140034481027.61,55973691381.12,53.6949,17.2341,https://api.coinmarketcap.com/data-api/v3/global-metrics/quotes/historical,0,0,0,0,0,28.391843057462225,0.5214899019388196,0.0622220545478113,0.5234172097615144,0,0,0,0
2024-07-08,2042484361089.75,54899595424.36,53.921,17.2409,https://api.coinmarketcap.com/data-api/v3/global-metrics/quotes/historical,0,0,0,0,0,28.345188006902053,0.4619454016183842,0.08869523420016136,0.5252725066440461,0,0,0,0
2024-07-09,2086874335853.81,96137070559.0,53.5826,17.388,https://api.coinmarketcap.com/data-api/v3/global-metrics/quotes/historical,0,0,0,0,0,28.36668852939513,0.48938590062346915,0.04907327933790941,0.565406943617647,0,0,0,0
2024-07-10,2127519693665.83,67761765505.45,53.7796,17.3178,https://api.coinmarketcap.com/data-api/v3/global-metrics/quotes/historical,0,0,0,0,0,28.38597795406829,0.5140044390205223,0.07213925187887792,0.5462537316832698,0,0,0,0
2024-07-11,2130632979309.23,62508443511.16,53.4371,17.4998,https://api.coinmarketcap.com/data-api/v3/global-metrics/quotes/historical,0,0,0,0,0,28.387440224887232,0.5158706932459823,0.03203724378100163,0.5959102070686902,0,0,0,0
2024-07-12,2117203596483.9,67665589952.3,53.4103,17.6019,https://api.coinmarketcap.com/data-api/v3/global-metrics/quotes/historical,0,0,0,0,0,28.381117275627034,0.5078008948055242,0.02889933482618954,0.6237669440843572,0,0,0,0
2024-07-13,2143136663028.72,60298089500.43,53.2807,17.581,https://api.coinmarketcap.com/data-api/v3/global-metrics/quotes/historical,0,0,0,0,0,28.393291602215264,0.5233386379808104,0.013724969134263687,0.6180646345483389,0,0,0,0
2024-07-14,2184698034864.01,44592603514.51,53.4629,17.4813,https://api.coinmarketcap.com/data-api/v3/global-metrics/quotes/historical,0,0,0,0,0,28.412498735778815,0.5478521505994384,0.035058066580782865,0.5908627081970955,0,0,0,0
2024-07-15,2235487391543.43,53155204337.2,53.6361,17.4509,https://api.coinmarketcap.com/data-api/v3/global-metrics/quotes/historical,0,0,0,0,0,28.435480392498718,0.5771829786553955,0.05533738863203017,0.5825684397810693,0,0,0,0
2024-07-16,2377311440200.79,85500455679.31,53.7916,17.6377,https://api.coinmarketcap.com/data-api/v3/global-metrics/quotes/historical,0,0,0,0,0,28.496991318105408,0.6556876053897299,0.0735442857392415,0.6335345364953349,0,0,0,0
2024-07-17,2378159542460.7,97327557230.8,53.9952,17.4156,https://api.coinmarketcap.com/data-api/v3/global-metrics/quotes/historical,0,0,0,0,0,28.497348002973002,0.6561428320363143,0.09738302690340898,0.5729372662585127,0,0,0,0
2024-07-18,2347458349055.82,79356242246.1,53.8769,17.3531,https://api.coinmarketcap.com/data-api/v3/global-metrics/quotes/historical,0,0,0,0,0,28.484354305190198,0.6395593489513709,0.0835317347633253,0.5558849052058273,0,0,0,0
2024-07-19,2345729682270.61,69864805150.35,53.8012,17.5593,https://api.coinmarketcap.com/data-api/v3/global-metrics/quotes/historical,0,0,0,0,0,28.483617634572337,0.6386191574112344,0.07466831282753222,0.6121440547908468,0,0,0,0
2024-07-20,2429223937336.48,83941976631.53,54.1749,17.3499,https://api.coinmarketcap.com/data-api/v3/global-metrics/quotes/historical,0,0,0,0,0,28.51859295492115,0.683257153699145,0.11842340896235352,0.55501182431993,0,0,0,0
2024-07-21,2446305800507.15,52190548965.31,54.1664,17.2953,https://api.coinmarketcap.com/data-api/v3/global-metrics/quotes/historical,0,0,0,0,0,28.525600166027974,0.6922002558710636,0.11742817664459625,0.5401148817043038,0,0,0,0
2024-07-22,2480571182912.81,66252880041.53,54.2109,17.1398,https://api.coinmarketcap.com/data-api/v3/global-metrics/quotes/historical,0,0,0,0,0,28.5395099652775,0.7099529329323032,0.12263851054344431,0.4976886074052226,0,0,0,0
2024-07-23,2438970748615.08,87254785296.84,54.6667,16.961,https://api.coinmarketcap.com/data-api/v3/global-metrics/quotes/historical,0,0,0,0,0,28.522597241902663,0.6883677101038855,0.17600638000625252,0.4489052129056995,0,0,0,0
2024-07-24,2400619048326.51,88025406742.96,54.1912,17.442,https://api.coinmarketcap.com/data-api/v3/global-metrics/quotes/historical,0,0,0,0,0,28.50674775682518,0.6681394677604836,0.12033191328934746,0.5801401835671668,0,0,0,0
2024-07-25,2367659644777.78,67222812469.39,54.4777,16.9395,https://api.coinmarketcap.com/data-api/v3/global-metrics/quotes/historical,0,0,0,0,0,28.49292309152954,0.6504954447181233,0.15387709670552668,0.44303920070357583,0,0,0,0
2024-07-26,2345393393057.63,91814770075.53,55.3367,16.2718,https://api.coinmarketcap.com/data-api/v3/global-metrics/quotes/historical,0,0,0,0,0,28.483474261990484,0.6384361751050622,0.2544541038765506,0.2608654171055272,0,0,0,0
2024-07-27,2420506209109.66,68626009679.17,55.3616,16.2711,https://api.coinmarketcap.com/data-api/v3/global-metrics/quotes/historical,0,0,0,0,0,28.51499781154066,0.6786687755149754,0.2573695491368052,0.26067443066173757,0,0,0,0
2024-07-28,2415371874133.68,72217674805.18,55.4316,16.1688,https://api.coinmarketcap.com/data-api/v3/global-metrics/quotes/historical,0,0,0,0,0,28.51287437632711,0.675958696172323,0.26556557998892594,0.23276312609070224,0,0,0,0
2024-07-29,2422253724674.67,44175426500.64,55.5999,16.2359,https://api.coinmarketcap.com/data-api/v3/global-metrics/quotes/historical,0,0,0,0,0,28.515719513902436,0.6795898635000076,0.28527117988052403,0.25107054091686526,0,0,0,0
2024-07-30,2396120180016.28,83123679325.34,55.0149,16.6557,https://api.coinmarketcap.com/data-api/v3/global-metrics/quotes/historical,0,0,0,0,0,28.50487195352831,0.6657454339169739,0.21677577918780117,0.36560783963554216,0,0,0,0
2024-07-31,2374705242028.52,67083108766.82,55.0068,16.6006,https://api.coinmarketcap.com/data-api/v3/global-metrics/quotes/historical,0,0,0,0,0,28.49589443709347,0.6542876876748693,0.2158273813320559,0.35057447813149484,0,0,0,0
2024-08-01,2326133820855.18,69922216071.8,54.828,16.7058,https://api.coinmarketcap.com/data-api/v3/global-metrics/quotes/historical,0,0,0,0,0,28.47522870098194,0.6279126025395981,0.19489237681263963,0.3792770122553749,0,0,0,0
2024-08-02,2329935456276.36,88361161096.01,55.334,16.5233,https://api.coinmarketcap.com/data-api/v3/global-metrics/quotes/historical,0,0,0,0,0,28.47686168195353,0.6299967292272468,0.2541379712579691,0.32948411798153326,0,0,0,0
2024-08-03,2191214261815.97,91751031090.08,55.3128,16.3868,https://api.coinmarketcap.com/data-api/v3/global-metrics/quotes/historical,0,0,0,0,0,28.415476963552436,0.5516531771226438,0.2516557447713268,0.2922417614424689,0,0,0,0
2024-08-04,2149874157221.39,72872986825.29,55.6989,16.2359,https://api.coinmarketcap.com/data-api/v3/global-metrics/quotes/historical,0,0,0,0,0,28.396430424830147,0.5273446270849617,0.2968627092285237,0.25107054091686526,0,0,0,0
2024-08-05,2051299308403.97,77898599707.53,55.924,15.7527,https://api.coinmarketcap.com/data-api/v3/global-metrics/quotes/historical,0,0,0,0,0,28.34949451728433,0.46744167706463646,0.3232188027258429,0.1192353271463439,0,0,0,0
2024-08-06,1907676295786.55,246974908798.03,55.8642,15.2435,https://api.coinmarketcap.com/data-api/v3/global-metrics/quotes/historical,0,0,0,0,0,28.276907018265028,0.37480033798731577,0.3162170506550309,-0.01969366882209502,0,0,0,0
2024-08-07,1977319473550.58,107967649668.85,55.9473,14.9663,https://api.coinmarketcap.com/data-api/v3/global-metrics/quotes/historical,0,0,0,0,0,28.312763242181102,0.42056260618390995,0.32594691013804866,-0.09532430056296495,0,0,0,0
2024-08-08,1940974262187.04,97698170607.2,56.0134,14.4989,https://api.coinmarketcap.com/data-api/v3/global-metrics/quotes/historical,0,0,0,0,0,28.294211159948702,0.39688511675525395,0.3336863049855511,-0.22284867745936732,0,0,0,0
2024-08-09,2158778820012.68,98283397437.81,56.4288,14.9529,https://api.coinmarketcap.com/data-api/v3/global-metrics/quotes/historical,0,0,0,0,0,28.40056381664253,0.5326199562753051,0.38232389378513637,-0.09898032677266091,0,0,0,0
2024-08-10,2122501571994.94,73806306977.2,56.6073,14.7301,https://api.coinmarketcap.com/data-api/v3/global-metrics/quotes/historical,0,0,0,0,0,28.3836164957653,0.5109905776487962,0.403223772458044,-0.15976858345327366,0,0,0,0
2024-08-11,2129065315217.66,41055786152.73,56.5002,14.7442,https://api.coinmarketcap.com/data-api/v3/global-metrics/quotes/historical,0,0,0,0,0,28.386704180193945,0.5149313005553933,0.3906838452542991,-0.15592157079978808,0,0,0,0
2024-08-12,2053476248580.97,55406204698.3,56.4457,14.9602,https://api.coinmarketcap.com/data-api/v3/global-metrics/quotes/historical,0,0,0,0,0,28.35055520396543,0.46879540099515066,0.38430264980514833,-0.09698861100170705,0,0,0,0
2024-08-13,2103681579522.86,83445264713.66,55.6955,15.5731,https://api.coinmarketcap.com/data-api/v3/global-metrics/quotes/historical,0,0,0,0,0,28.374710058819918,0.4996235481165018,0.2964646163014208,0.07023366242534695,0,0,0,0
2024-08-14,2130183445477.85,66930736870.33,56.1623,15.2637,https://api.coinmarketcap.com/data-api/v3/global-metrics/quotes/historical,0,0,0,0,0,28.387229216578856,0.5156013894056719,0.35112043346956257,-0.01418234572986686,0,0,0,0
2024-08-15,2082894307755.6,67731750970.01,55.653,15.3764,https://api.coinmarketcap.com/data-api/v3/global-metrics/quotes/historical,0,0,0,0,0,28.36477953652427,0.4869495078804369,0.2914884547126328,0.016566471720335513,0,0,0,0
2024-08-16,2039663236575.86,75051382920.64,55.7072,15.1556,https://api.coinmarketcap.com/data-api/v3/global-metrics/quotes/historical,0,0,0,0,0,28.34380583004758,0.46018136901814166,0.29783452431527496,-0.043676109406591605,0,0,0,0
2024-08-17,2068776806213.3,63712908469.27,56.1999,15.0772,https://api.coinmarketcap.com/data-api/v3/global-metrics/quotes/historical,0,0,0,0,0,28.357978633674023,0.4782697110077798,0.3555228728987014,-0.06506659111108024,0,0,0,0
2024-08-18,2090410011920.08,35539366618.54,56.169,15.0426,https://api.coinmarketcap.com/data-api/v3/global-metrics/quotes/historical,0,0,0,0,0,28.36838134061708,0.49154638694033326,0.35190491070826496,-0.07450677818984668,0,0,0,0
2024-08-19,2068731558937.02,44999813865.25,55.7955,15.1917,https://api.coinmarketcap.com/data-api/v3/global-metrics/quotes/historical,0,0,0,0,0,28.35795676192306,0.4782417967205461,0.30817323180444967,-0.033826665662560214,0,0,0,0
2024-08-20,2104286209496.39,60162454865.44,55.8055,15.0758,https://api.coinmarketcap.com/data-api/v3/global-metrics/quotes/historical,0,0,0,0,0,28.37499743268208,0.49999031511861786,0.3093440933547532,-0.06544856399866046,0,0,0,0
2024-08-21,2092105964420.92,68034564199.9,55.6939,14.7951,https://api.coinmarketcap.com/data-api/v3/global-metrics/quotes/historical,0,0,0,0,0,28.369192313057297,0.4925814077611568,0.29627727845337193,-0.14203412795848097,0,0,0,0
2024-08-22,2151071214186.33,67910483910.16,56.142,14.713,https://api.coinmarketcap.com/data-api/v3/global-metrics/quotes/historical,0,0,0,0,0,28.396987073144636,0.5280550613325411,0.3487435845224477,-0.16443410943728867,0,0,0,0
2024-08-23,2140944615895.16,58968878566.52,55.6849,14.7384,https://api.coinmarketcap.com/data-api/v3/global-metrics/quotes/historical,0,0,0,0,0,28.392268256866686,0.5220325717199297,0.29522350305809925,-0.157504029905477,0,0,0,0
2024-08-24,2257815451085.0,86574458625.64,56.0515,14.7318,https://api.coinmarketcap.com/data-api/v3/global-metrics/quotes/historical,0,0,0,0,0,28.445418847175457,0.5898671427614975,0.3381472874922053,-0.15930475923264073,0,0,0,0
2024-08-25,2264200294830.6,59245728073.15,55.9653,14.7146,https://api.coinmarketcap.com/data-api/v3/global-metrics/quotes/historical,0,0,0,0,0,28.44824274180444,0.5934711983272163,0.3280544609285941,-0.16399756899433948,0,0,0,0
2024-08-26,2256397901581.43,52031370392.99,56.2779,14.6547,https://api.coinmarketcap.com/data-api/v3/global-metrics/quotes/historical,0,0,0,0,0,28.444790808826614,0.5890655954645827,0.36465559299106476,-0.18034055182723335,0,0,0,0
2024-08-27,2201246509885.14,65549489892.15,56.3937,14.6536,https://api.coinmarketcap.com/data-api/v3/global-metrics/quotes/historical,0,0,0,0,0,28.420044911240584,0.5574831174895473,0.37821416974357297,-0.1806406733817604,0,0,0,0
2024-08-28,2085987150563.27,82868246537.2,56.309,14.1802,https://api.coinmarketcap.com/data-api/v3/global-metrics/quotes/historical,0,0,0,0,0,28.366263312643127,0.4888432087021896,0.36829697241250636,-0.3098020769392211,0,0,0,0
2024-08-29,2082152431598.38,89070808304.89,55.9813,14.6079,https://api.coinmarketcap.com/data-api/v3/global-metrics/quotes/historical,0,0,0,0,0,28.364423297465507,0.486494850206851,0.3299278394090786,-0.19310935978348398,0,0,0,0
2024-08-30,2086431434871.71,66675177391.47,56.2013,14.5789,https://api.coinmarketcap.com/data-api/v3/global-metrics/quotes/historical,0,0,0,0,0,28.366476275125688,0.48911500659885504,0.3556867935157443,-0.20102165531193,0,0,0,0
2024-08-31,2080581815978.75,68724335066.25,56.1117,14.605,https://api.coinmarketcap.com/data-api/v3/global-metrics/quotes/historical,0,0,0,0,0,28.3636686897482,0.4855317660621429,0.34519587402502927,-0.1939005893363287,0,0,0,0
2024-09-01,2070839343078.55,31551858910.74,56.2327,14.6005,https://api.coinmarketcap.com/data-api/v3/global-metrics/quotes/historical,0,0,0,0,0,28.35897512076922,0.479541498851686,0.3593632987836953,-0.19512835933212208,0,0,0,0
2024-09-02,2009407868097.39,52493141460.48,56.3349,14.5343,https://api.coinmarketcap.com/data-api/v3/global-metrics/quotes/historical,0,0,0,0,0,28.32886120161212,0.44110796920441225,0.37132950382779106,-0.21319022015912653,0,0,0,0
2024-09-03,2074078109093.68,58240498392.4,56.2907,14.7232,https://api.coinmarketcap.com/data-api/v3/global-metrics/quotes/historical,0,0,0,0,0,28.360537886113356,0.48153601135177815,0.3661542957754524,-0.1616511641134901,0,0,0,0
2024-09-04,2010418670748.81,56374571440.89,56.4435,14.4965,https://api.coinmarketcap.com/data-api/v3/global-metrics/quotes/historical,0,0,0,0,0,28.32936411021425,0.4417498170014055,0.3840450602640814,-0.22350348812379084,0,0,0,0
2024-09-05,2027297100460.6,74639685004.29,56.4743,14.5375,https://api.coinmarketcap.com/data-api/v3/global-metrics/quotes/historical,0,0,0,0,0,28.337724544172705,0.4524199986117786,0.3876513138390144,-0.21231713927322912,0,0,0,0
2024-09-06,1974526271998.48,62228922504.72,56.1746,14.4275,https://api.coinmarketcap.com/data-api/v3/global-metrics/quotes/historical,0,0,0,0,0,28.311349623230825,0.41875844494033376,0.35256059317643473,-0.24232929472595527,0,0,0,0
2024-09-07,1900955521605.02,99458218322.36,56.0539,14.0779,https://api.coinmarketcap.com/data-api/v3/global-metrics/quotes/historical,0,0,0,0,0,28.273377781793954,0.37029607489769084,0.3384282942642782,-0.3377133815102565,0,0,0,0
2024-09-08,1918138161150.91,44499826402.31,55.7568,14.2645,https://api.coinmarketcap.com/data-api/v3/global-metrics/quotes/historical,0,0,0,0,0,28.282376123763623,0.38178040017144194,0.3036419976047774,-0.28680185235135885,0,0,0,0
2024-09-09,1944195134890.39,43214527636.73,55.7323,14.2191,https://api.coinmarketcap.com/data-api/v3/global-metrics/quotes/historical,0,0,0,0,0,28.295869194959295,0.3990012191929138,0.3007733868065356,-0.29918868742002974,0,0,0,0
2024-09-10,2010843076815.53,70315200668.07,56.0264,14.1167,https://api.coinmarketcap.com/data-api/v3/global-metrics/quotes/historical,0,0,0,0,0,28.329575191260417,0.4420192136748682,0.3352084250009455,-0.32712727576874934,0,0,0,0
2024-09-11,2031024882697.5,59090233312.37,56.0596,14.1536,https://api.coinmarketcap.com/data-api/v3/global-metrics/quotes/historical,0,0,0,0,0,28.339561649903004,0.45476464386310883,0.33909568534795137,-0.3170595618032436,0,0,0,0
2024-09-12,2015741646724.72,71269216639.14,56.1928,13.9702,https://api.coinmarketcap.com/data-api/v3/global-metrics/quotes/historical,0,0,0,0,0,28.332008306499343,0.4451245287347463,0.35469156119798617,-0.3670980100762438,0,0,0,0
2024-09-13,2045329928450.0,64939814943.97,56.1404,13.8945,https://api.coinmarketcap.com/data-api/v3/global-metrics/quotes/historical,0,0,0,0,0,28.34658022661573,0.46372225163122827,0.34855624667439883,-0.3877518297832562,0,0,0,0
2024-09-14,2113952597260.69,66228812902.73,56.5869,13.8969,https://api.coinmarketcap.com/data-api/v3/global-metrics/quotes/historical,0,0,0,0,0,28.379580579880482,0.5058396541836767,0.40083521489542573,-0.38709701911883315,0,0,0,0
2024-09-15,2097498134906.21,40424402431.71,56.5118,13.8743,https://api.coinmarketcap.com/data-api/v3/global-metrics/quotes/historical,0,0,0,0,0,28.371766386088908,0.49586662320118413,0.3920420446526507,-0.39326315287548436,0,0,0,0
2024-09-16,2057410658749.32,44625319169.99,56.8071,13.5637,https://api.coinmarketcap.com/data-api/v3/global-metrics/quotes/historical,0,0,0,0,0,28.35246934631881,0.47123836587474255,0.4266175862330966,-0.47800656636290945,0,0,0,0
2024-09-17,2027558160819.87,69121026054.71,56.7041,13.623,https://api.coinmarketcap.com/data-api/v3/global-metrics/quotes/historical,0,0,0,0,0,28.337853308502286,0.4525843368253684,0.414557712264976,-0.46182728619612196,0,0,0,0
2024-09-18,2083060693121.4,73883273105.33,57.1998,13.529,https://api.coinmarketcap.com/data-api/v3/global-metrics/quotes/historical,0,0,0,0,0,28.364859415143147,0.4870514546662659,0.47259731931349414,-0.4874740372193606,0,0,0,0
2024-09-19,2124664753083.19,82919461803.23,57.3762,13.4351,https://api.coinmarketcap.com/data-api/v3/global-metrics/quotes/historical,0,0,0,0,0,28.38463514260403,0.5122906473365776,0.4932513170608375,-0.5130935044649151,0,0,0,0
2024-09-20,2175120212584.88,89480599725.66,57.1765,13.6398,https://api.coinmarketcap.com/data-api/v3/global-metrics/quotes/historical,0,0,0,0,0,28.408105049095823,0.5422446145457399,0.46986921190128755,-0.45724361154516013,0,0,0,0
2024-09-21,2198584340003.1,82776052273.18,56.7851,14.0186,https://api.coinmarketcap.com/data-api/v3/global-metrics/quotes/historical,0,0,0,0,0,28.418834787352765,0.5559386711464209,0.42404169082243026,-0.3538926616770445,0,0,0,0
2024-09-22,2221582367264.55,44991499938.85,56.3715,14.1662,https://api.coinmarketcap.com/data-api/v3/global-metrics/quotes/historical,0,0,0,0,0,28.429240835954204,0.5692196119415381,0.37561485710189985,-0.31362180581502247,0,0,0,0
2024-09-23,2213827759436.73,54294134911.53,56.7862,14.0389,https://api.coinmarketcap.com/data-api/v3/global-metrics/quotes/historical,0,0,0,0,0,28.42574415108968,0.5647568935319311,0.4241704855929637,-0.34835405480713205,0,0,0,0
2024-09-24,2225346983560.31,78541441823.87,56.2265,14.3218,https://api.coinmarketcap.com/data-api/v3/global-metrics/quotes/historical,0,0,0,0,0,28.430933967055733,0.5713805065115164,0.3586373646225075,-0.271168247738257,0,0,0,0
2024-09-25,2257772231906.25,74595604528.25,56.2591,14.1481,https://api.coinmarketcap.com/data-api/v3/global-metrics/quotes/historical,0,0,0,0,0,28.445399704958856,0.5898427121005325,0.36245437327649455,-0.3185601695758803,0,0,0,0
2024-09-26,2216998201365.29,65767791465.29,56.2726,14.0033,https://api.coinmarketcap.com/data-api/v3/global-metrics/quotes/historical,0,0,0,0,0,28.427175235270237,0.5665833451470202,0.3640350363694036,-0.3580670796627418,0,0,0,0
2024-09-27,2284040590283.76,86584923851.3,56.3878,13.8718,https://api.coinmarketcap.com/data-api/v3/global-metrics/quotes/historical,0,0,0,0,0,28.45696717914223,0.6046059469904002,0.3775233614288938,-0.3939452473175916,0,0,0,0
2024-09-28,2315963922823.78,79968173618.25,56.1325,14.0093,https://api.coinmarketcap.com/data-api/v3/global-metrics/quotes/historical,0,0,0,0,0,28.470847098153452,0.6223204887621533,0.3476312660496596,-0.35643005300168396,0,0,0,0
2024-09-29,2312128500905.48,50097117212.17,56.3107,13.9374,https://api.coinmarketcap.com/data-api/v3/global-metrics/quotes/historical,0,0,0,0,0,28.469189645170587,0.6202051291497563,0.3684960188760578,-0.37604708915669305,0,0,0,0
2024-09-30,2306181620068.54,50991304060.36,56.2292,13.8767,https://api.coinmarketcap.com/data-api/v3/global-metrics/quotes/historical,0,0,0,0,0,28.466614294460904,0.6169182830459199,0.35895349724108894,-0.3926083422110613,0,0,0,0
2024-10-01,2229803903919.32,83851176981.74,56.1202,14.0489,https://api.coinmarketcap.com/data-api/v3/global-metrics/quotes/historical,0,0,0,0,0,28.432934762071838,0.5739340636944402,0.34619110634278655,-0.34562567703870245,0,0,0,0
2024-10-02,2136953003242.0,115557490185.56,56.2534,13.793,https://api.coinmarketcap.com/data-api/v3/global-metrics/quotes/historical,0,0,0,0,0,28.390402100092054,0.519650849455547,0.3617869821928222,-0.41544486413281767,0,0,0,0
2024-10-03,2110770733745.94,92194673765.61,56.7689,13.4844,https://api.coinmarketcap.com/data-api/v3/global-metrics/quotes/historical,0,0,0,0,0,28.37807427337609,0.5039171984783121,0.4221448951109397,-0.49964260206655664,0,0,0,0
2024-10-04,2106577056233.18,83022148305.14,56.9929,13.4261,https://api.coinmarketcap.com/data-api/v3/global-metrics/quotes/historical,0,0,0,0,0,28.376085497916325,0.5013789815097439,0.44837219383772553,-0.5155490444565018,0,0,0,0
2024-10-05,2157919831897.52,69968058267.29,56.8438,13.4695,https://api.coinmarketcap.com/data-api/v3/global-metrics/quotes/historical,0,0,0,0,0,28.400165832814718,0.5321120209525858,0.4309146481227088,-0.5037078849415171,0,0,0,0
2024-10-06,2156377087100.65,39134337819.86,56.8935,13.4821,https://api.coinmarketcap.com/data-api/v3/global-metrics/quotes/historical,0,0,0,0,0,28.39945065493448,0.531199259975849,0.43673383002771465,-0.5002701289532955,0,0,0,0
2024-10-07,2184731052744.7,41910520986.21,56.828,13.4436,https://api.coinmarketcap.com/data-api/v3/global-metrics/quotes/historical,0,0,0,0,0,28.41251384891146,0.5478714390563313,0.4290646868732303,-0.51077438336175,0,0,0,0
2024-10-08,2165360275189.33,82089206773.05,56.7962,13.4655,https://api.coinmarketcap.com/data-api/v3/global-metrics/quotes/historical,0,0,0,0,0,28.403607872402013,0.536504997165189,0.42534134714326644,-0.5047992360488889,0,0,0,0
2024-10-09,2165508168659.59,69453100745.22,56.7049,13.5622,https://api.coinmarketcap.com/data-api/v3/global-metrics/quotes/historical,0,0,0,0,0,28.403676169775732,0.5365921631406295,0.41465138118900086,-0.4784158230281739,0,0,0,0
2024-10-10,2114888906888.61,67754785718.21,56.6185,13.4797,https://api.coinmarketcap.com/data-api/v3/global-metrics/quotes/historical,0,0,0,0,0,28.380023400753434,0.5064048137386394,0.4045351373943828,-0.500924939617719,0,0,0,0
2024-10-11,2110603716102.6,69535965779.63,56.4506,13.5975,https://api.coinmarketcap.com/data-api/v3/global-metrics/quotes/historical,0,0,0,0,0,28.37799514386725,0.5038162077600954,0.3848763719647967,-0.4687846495056174,0,0,0,0
2024-10-12,2177354952137.5,66984621163.97,56.7188,13.4764,https://api.coinmarketcap.com/data-api/v3/global-metrics/quotes/historical,0,0,0,0,0,28.40913193134761,0.543555194854546,0.4162788787439219,-0.5018253042813007,0,0,0,0
2024-10-13,2203077262237.06,46712687173.65,56.6981,13.5309,https://api.coinmarketcap.com/data-api/v3/global-metrics/quotes/historical,0,0,0,0,0,28.42087625450783,0.5585441370115207,0.4138551953347942,-0.48695564544335873,0,0,0,0
2024-10-14,2192108898362.88,48214149945.94,56.6712,13.5507,https://api.coinmarketcap.com/data-api/v3/global-metrics/quotes/historical,0,0,0,0,0,28.415885163690383,0.5521741512284045,0.4107055777644795,-0.481553457461868,0,0,0,0
2024-10-15,2297371509584.36,94910845937.04,56.8389,13.7769,https://api.coinmarketcap.com/data-api/v3/global-metrics/quotes/historical,0,0,0,0,0,28.462786763424887,0.6120333151750437,0.43034092596306045,-0.4198375523399894,0,0,0,0
2024-10-16,2309078971392.39,107860187482.33,57.4001,13.5891,https://api.coinmarketcap.com/data-api/v3/global-metrics/quotes/historical,0,0,0,0,0,28.467869847271867,0.6185207090181805,0.49604967616606216,-0.47107648683109826,0,0,0,0
2024-10-17,2320316457139.61,83302455868.67,57.6043,13.5466,https://api.coinmarketcap.com/data-api/v3/global-metrics/quotes/historical,0,0,0,0,0,28.472724696244082,0.6247168132493589,0.5199586690232485,-0.48267209234692443,0,0,0,0
2024-10-18,2307153529591.12,72531164513.99,57.7655,13.593,https://api.coinmarketcap.com/data-api/v3/global-metrics/quotes/historical,0,0,0,0,0,28.46703564236017,0.6174560372616291,0.5388329572141322,-0.47001241950141076,0,0,0,0
2024-10-19,2344156786785.66,77926074159.8,57.7025,13.5665,https://api.coinmarketcap.com/data-api/v3/global-metrics/quotes/historical,0,0,0,0,0,28.48294687396681,0.6377630849258088,0.5314565294472233,-0.47724262058774947,0,0,0,0
2024-10-20,2347331543282.18,42781991001.28,57.5791,13.5845,https://api.coinmarketcap.com/data-api/v3/global-metrics/quotes/historical,0,0,0,0,0,28.484300285403766,0.6394904050502944,0.5170080979164844,-0.4723315406045759,0,0,0,0
2024-10-21,2385197146408.51,59020517699.49,57.198,13.8614,https://api.coinmarketcap.com/data-api/v3/global-metrics/quotes/historical,0,0,0,0,0,28.500302897820553,0.6599140794164873,0.47238656423443925,-0.3967827601967587,0,0,0,0
2024-10-22,2332371897529.42,85994754374.6,57.0998,13.7594,https://api.coinmarketcap.com/data-api/v3/global-metrics/quotes/historical,0,0,0,0,0,28.47790684748637,0.6313306439622625,0.46088870381046443,-0.4246122134347413,0,0,0,0
2024-10-23,2324261428376.11,75808949173.77,57.3079,13.5733,https://api.coinmarketcap.com/data-api/v3/global-metrics/quotes/historical,0,0,0,0,0,28.47442343928701,0.6268848701788737,0.48525433267226825,-0.47538732370521725,0,0,0,0
2024-10-24,2291131104177.58,79420720703.49,57.5139,13.2601,https://api.coinmarketcap.com/data-api/v3/global-metrics/quotes/historical,0,0,0,0,0,28.460066743505738,0.608561831916474,0.5093740806085094,-0.5608401154124344,0,0,0,0
2024-10-25,2332504889688.17,75114637983.59,57.7814,13.0822,https://api.coinmarketcap.com/data-api/v3/global-metrics/quotes/historical,0,0,0,0,0,28.477963865995047,0.6314034150463668,0.5406946270791133,-0.6093779559127979,0,0,0,0
2024-10-26,2256518029813.26,100281080763.84,58.3698,13.0023,https://api.coinmarketcap.com/data-api/v3/global-metrics/quotes/historical,0,0,0,0,0,28.44484404634918,0.5891335409847642,0.6095881206989391,-0.631177694282551,0,0,0,0
2024-10-27,2280149860475.13,56721880610.26,58.1199,13.0949,https://api.coinmarketcap.com/data-api/v3/global-metrics/quotes/historical,0,0,0,0,0,28.455262285013454,0.6024300396067782,0.5803282905568686,-0.605912916146892,0,0,0,0
2024-10-28,2310213765382.02,45717624593.94,58.1475,13.0596,https://api.coinmarketcap.com/data-api/v3/global-metrics/quotes/historical,0,0,0,0,0,28.468361175307184,0.6191477768705367,0.5835598684357047,-0.6155440896694491,0,0,0,0
2024-10-29,2364036805535.51,87291939750.03,58.4768,13.0673,https://api.coinmarketcap.com/data-api/v3/global-metrics/quotes/historical,0,0,0,0,0,28.49139178452866,0.6485410815975201,0.6221163392871806,-0.6134432387877583,0,0,0,0
2024-10-30,2442274861588.49,113292026883.57,58.874,13.004,https://api.coinmarketcap.com/data-api/v3/global-metrics/quotes/historical,0,0,0,0,0,28.52395104121616,0.6900955252640572,0.6686229600652145,-0.630713870061918,0,0,0,0
2024-10-31,2430682184963.43,89825655386.71,58.85,13.1654,https://api.coinmarketcap.com/data-api/v3/global-metrics/quotes/historical,0,0,0,0,0,28.519193068435285,0.6840230613319883,0.6658128923444873,-0.5866778528794632,0,0,0,0
2024-11-01,2351531452195.02,87209654078.96,59.0453,12.8811,https://api.coinmarketcap.com/data-api/v3/global-metrics/quotes/historical,0,0,0,0,0,28.486087913617364,0.6417719035688774,0.6886798184219035,-0.6642456328359185,0,0,0,0
2024-11-02,2331728462827.88,97906599389.8,58.9304,12.9713,https://api.coinmarketcap.com/data-api/v3/global-metrics/quotes/historical,0,0,0,0,0,28.47763093802649,0.6309785086473291,0.6752266192089227,-0.6396356653646831,0,0,0,0
2024-11-03,2319882521470.87,46462654022.78,59.0963,12.934,https://api.coinmarketcap.com/data-api/v3/global-metrics/quotes/historical,0,0,0,0,0,28.472537663027616,0.6244781081298895,0.6946512123284487,-0.6498125144409258,0,0,0,0
2024-11-04,2291490609534.01,75138196433.71,59.3318,12.9074,https://api.coinmarketcap.com/data-api/v3/global-metrics/quotes/historical,0,0,0,0,0,28.460223642931272,0.6087620781445199,0.7222250018380836,-0.6570699993049482,0,0,0,0
2024-11-05,2256274212685.71,83405813335.08,59.4298,12.7905,https://api.coinmarketcap.com/data-api/v3/global-metrics/quotes/historical,0,0,0,0,0,28.44473599035427,0.5889956322236304,0.7336994450310523,-0.6889647354178913,0,0,0,0
2024-11-06,2309804334194.16,90880961605.68,59.3953,12.6294,https://api.coinmarketcap.com/data-api/v3/global-metrics/quotes/historical,0,0,0,0,0,28.46818393306263,0.6189215676871594,0.729659972682507,-0.732918901267293,0,0,0,0
2024-11-07,2518854265967.66,222983220758.89,59.3914,13.0237,https://api.coinmarketcap.com/data-api/v3/global-metrics/quotes/historical,0,0,0,0,0,28.554825257702298,0.7294994005439888,0.7292033366778887,-0.6253389658581116,0,0,0,0
2024-11-08,2504380105336.88,139745495385.64,59.9458,13.9242,https://api.coinmarketcap.com/data-api/v3/global-metrics/quotes/historical,0,0,0,0,0,28.549062356902002,0.7221443758589922,0.7941159010266845,-0.3796485478110201,0,0,0,0
2024-11-09,2585834661831.96,130499317033.6,58.5569,13.7982,https://api.coinmarketcap.com/data-api/v3/global-metrics/quotes/historical,0,0,0,0,0,28.58106945836105,0.7629941196745398,0.6314949403051074,-0.41402610769323417,0,0,0,0
2024-11-10,2633943829411.79,101921587558.6,57.6367,14.3101,https://api.coinmarketcap.com/data-api/v3/global-metrics/quotes/historical,0,0,0,0,0,28.59950339381792,0.7865208217687273,0.5237522604462295,-0.2743604497273195,0,0,0,0
2024-11-11,2722276314514.16,219211722905.84,58.4617,14.1083,https://api.coinmarketcap.com/data-api/v3/global-metrics/quotes/historical,0,0,0,0,0,28.632489526583445,0.8286200751066605,0.6203483383462235,-0.3294191130942302,0,0,0,0
2024-11-12,2985151619830.18,280407001794.18,58.7924,13.6176,https://api.coinmarketcap.com/data-api/v3/global-metrics/quotes/historical,0,0,0,0,0,28.724671655396104,0.9462694771053693,0.6590687298147422,-0.46330061019107394,0,0,0,0
2024-11-13,2942242979132.74,333939286102.43,59.1519,13.2846,https://api.coinmarketcap.com/data-api/v3/global-metrics/quotes/historical,0,0,0,0,0,28.71019332447744,0.9277911994124999,0.701161202548133,-0.5541555898797818,0,0,0,0
2024-11-14,2986605300921.9,311292374594.49,59.9668,12.8699,https://api.coinmarketcap.com/data-api/v3/global-metrics/quotes/historical,0,0,0,0,0,28.725158507469867,0.9468908324166192,0.7965747102823209,-0.6673014159365599,0,0,0,0
2024-11-15,2893265721238.15,235694371502.32,59.7018,12.7348,https://api.coinmarketcap.com/data-api/v3/global-metrics/quotes/historical,0,0,0,0,0,28.693406987423995,0.9063672798141547,0.7655468791992925,-0.7041617995880445,0,0,0,0
2024-11-16,3010795419540.48,200300090611.36,59.8262,12.3576,https://api.coinmarketcap.com/data-api/v3/global-metrics/quotes/historical,0,0,0,0,0,28.733225418762625,0.9571863994836197,0.7801123968850614,-0.8070762090132114,0,0,0,0
2024-11-17,3037660380460.84,164930220643.88,58.9781,12.4214,https://api.coinmarketcap.com/data-api/v3/global-metrics/quotes/historical,0,0,0,0,0,28.742108723353052,0.9685239058560322,0.6808116288038677,-0.78966915885063,0,0,0,0
2024-11-18,3013295825375.71,163656874217.17,58.99,12.2915,https://api.coinmarketcap.com/data-api/v3/global-metrics/quotes/historical,0,0,0,0,0,28.734055554255985,0.9582458775584872,0.6822049540487287,-0.8251107860625316,0,0,0,0
2024-11-19,3067134588352.3,198877120789.96,58.3852,12.5951,https://api.coinmarketcap.com/data-api/v3/global-metrics/quotes/historical,0,0,0,0,0,28.751764882834166,0.9808477847161745,0.6113912474864055,-0.7422772370130067,0,0,0,0
2024-11-20,3086246487333.64,180916284295.85,59.2093,12.1399,https://api.coinmarketcap.com/data-api/v3/global-metrics/quotes/historical,0,0,0,0,0,28.757976739438654,0.9887757987925786,0.7078819478468721,-0.8664729930319249,0,0,0,0
2024-11-21,3106477817930.27,176093678179.13,60.0869,11.9088,https://api.coinmarketcap.com/data-api/v3/global-metrics/quotes/historical,0,0,0,0,0,28.764510665890388,0.9971148613598178,0.8106367575014594,-0.9295258032603348,0,0,0,0
2024-11-22,3266768156800.32,246628621638.45,59.6425,12.3856,https://api.coinmarketcap.com/data-api/v3/global-metrics/quotes/historical,0,0,0,0,0,28.814822280862614,1.0613261297619734,0.758603670205996,-0.7994367512616083,0,0,0,0
2024-11-23,3316915399425.73,214064299641.84,59.0591,12.0963,https://api.coinmarketcap.com/data-api/v3/global-metrics/quotes/historical,0,0,0,0,0,28.8300563704207,1.0807689604883706,0.690295607361322,-0.8783687201022786,0,0,0,0
2024-11-24,3334036945276.56,217655597975.19,58.0248,12.2711,https://api.coinmarketcap.com/data-api/v3/global-metrics/quotes/historical,0,0,0,0,0,28.83520498156245,1.0873399849347865,0.5691933972134873,-0.8306766767101278,0,0,0,0
2024-11-25,3340351384919.09,200087860671.33,58.0154,12.1259,https://api.coinmarketcap.com/data-api/v3/global-metrics/quotes/historical,0,0,0,0,0,28.837097122449087,1.0897548699746276,0.5680927873562026,-0.8702927219077268,0,0,0,0
2024-11-26,3213127046331.37,239757942129.01,57.3123,12.7955,https://api.coinmarketcap.com/data-api/v3/global-metrics/quotes/historical,0,0,0,0,0,28.798265736622383,1.0401954881276607,0.48576951175440203,-0.6876005465336763,0,0,0,0
2024-11-27,3172467328924.79,225248765213.47,57.3579,12.6244,https://api.coinmarketcap.com/data-api/v3/global-metrics/quotes/historical,0,0,0,0,0,28.78553073827067,1.0239421756924638,0.49110864042378355,-0.734283090151508,0,0,0,0
2024-11-28,3333668213375.94,198431982649.16,56.9557,13.2112,https://api.coinmarketcap.com/data-api/v3/global-metrics/quotes/historical,0,0,0,0,0,28.835094379221097,1.0871988263448598,0.4440165888705987,-0.5741818827000553,0,0,0,0
2024-11-29,3323287594018.09,158595961980.78,56.9642,12.973,https://api.coinmarketcap.com/data-api/v3/global-metrics/quotes/historical,0,0,0,0,0,28.83197564805565,1.0832184793802626,0.44501182118835597,-0.6391718411440497,0,0,0,0
2024-11-30,3400297194886.94,166450714186.02,56.7302,12.7286,https://api.coinmarketcap.com/data-api/v3/global-metrics/quotes/historical,0,0,0,0,0,28.854883953991475,1.1124556919383564,0.4176136609112675,-0.7058533938044708,0,0,0,0
2024-12-01,3411190371140.16,150960273480.18,55.9609,13.0859,https://api.coinmarketcap.com/data-api/v3/global-metrics/quotes/historical,0,0,0,0,0,28.858082428754667,1.116537813365192,0.32753928184646114,-0.6083684561384788,0,0,0,0
2024-12-02,3466836003440.1,162612250061.35,55.5257,12.8918,https://api.coinmarketcap.com/data-api/v3/global-metrics/quotes/historical,0,0,0,0,0,28.874263479360966,1.1371892232649436,0.27658338717727643,-0.6613262686236988,0,0,0,0
2024-12-03,3465724388227.53,288571014779.49,54.7365,12.6641,https://api.coinmarketcap.com/data-api/v3/global-metrics/quotes/historical,0,0,0,0,0,28.873942785372225,1.1367799307427826,0.1841789936273672,-0.7234514304108424,0,0,0,0
2024-12-04,3506787309735.75,286682251140.98,54.1544,12.4293,https://api.coinmarketcap.com/data-api/v3/global-metrics/quotes/historical,0,0,0,0,0,28.88572143789524,1.1518126864789764,0.11602314278423266,-0.7875137404135708,0,0,0,0
2024-12-05,3590416779173.57,284778253625.48,54.4297,12.889,https://api.coinmarketcap.com/data-api/v3/global-metrics/quotes/historical,0,0,0,0,0,28.909289406167613,1.181891807120727,0.14825696126407228,-0.6620902143988592,0,0,0,0
2024-12-06,3541356395514.92,369472452977.86,54.2491,12.8937,https://api.coinmarketcap.com/data-api/v3/global-metrics/quotes/historical,0,0,0,0,0,28.895530932261035,1.1643322622461094,0.12711120166560116,-0.6608078768476969,0,0,0,0
2024-12-07,3666504425640.29,261810071573.16,53.9221,13.1587,https://api.coinmarketcap.com/data-api/v3/global-metrics/quotes/historical,0,0,0,0,0,28.930259851527207,1.2086557839129846,0.0888240289706948,-0.5885058659843111,0,0,0,0
2024-12-08,3651323373496.61,159075270544.96,54.1553,13.1982,https://api.coinmarketcap.com/data-api/v3/global-metrics/quotes/historical,0,0,0,0,0,28.926110785892288,1.2033604506733526,0.11612852032375925,-0.5777287737990139,0,0,0,0
2024-12-09,3712940445460.34,148776448356.94,53.9544,12.9982,https://api.coinmarketcap.com/data-api/v3/global-metrics/quotes/historical,0,0,0,0,0,28.94284525152821,1.2247181682721247,0.09260591177817326,-0.6322963291676069,0,0,0,0
2024-12-10,3465642120589.85,319454957155.61,55.6324,12.9217,https://api.coinmarketcap.com/data-api/v3/global-metrics/quotes/historical,0,0,0,0,0,28.873919047589037,1.136749634892244,0.2890764799190085,-0.6531684190960941,0,0,0,0
2024-12-11,3438231342620.71,312088874555.66,55.6448,12.7207,https://api.coinmarketcap.com/data-api/v3/global-metrics/quotes/historical,0,0,0,0,0,28.865978310509202,1.1266151003473739,0.2905283482413841,-0.7080088122415301,0,0,0,0
2024-12-12,3610480945066.78,220977476583.03,55.4727,12.7888,https://api.coinmarketcap.com/data-api/v3/global-metrics/quotes/historical,0,0,0,0,0,28.914862105179843,1.1890040827293766,0.2703778209606711,-0.6894285596385242,0,0,0,0
2024-12-13,3598529706326.72,213049922021.37,55.0304,12.9956,https://api.coinmarketcap.com/data-api/v3/global-metrics/quotes/historical,0,0,0,0,0,28.911546463057284,1.1847724239687778,0.2185906145907711,-0.6330057073873989,0,0,0,0
2024-12-14,3641265145505.97,171591397120.84,55.1509,12.9299,https://api.coinmarketcap.com/data-api/v3/global-metrics/quotes/historical,0,0,0,0,0,28.92335230463632,1.1998398803158523,0.23269949627192166,-0.6509311493259817,0,0,0,0
2024-12-15,3607060533474.7,136169357033.68,55.6411,12.9187,https://api.coinmarketcap.com/data-api/v3/global-metrics/quotes/historical,0,0,0,0,0,28.913914299931115,1.1877944261271656,0.2900951294677726,-0.6539869324266231,0,0,0,0
2024-12-16,3699070084343.39,136660841482.76,55.8634,12.8767,https://api.coinmarketcap.com/data-api/v3/global-metrics/quotes/historical,0,0,0,0,0,28.93910257543457,1.2199414983257566,0.3161233817310069,-0.6654461190540276,0,0,0,0
2024-12-17,3721464308632.09,220584859417.92,56.4109,12.9048,https://api.coinmarketcap.com/data-api/v3/global-metrics/quotes/historical,0,0,0,0,0,28.945138338113818,1.2276447687857241,0.38022805161009354,-0.6577793775247402,0,0,0,0
2024-12-18,3702886479765.24,189223390430.57,56.7497,12.6543,https://api.coinmarketcap.com/data-api/v3/global-metrics/quotes/historical,0,0,0,0,0,28.94013376110203,1.2212575709603188,0.4198968409343575,-0.7261252406239035,0,0,0,0
2024-12-19,3478746478546.05,246563049128.49,56.9999,12.5432,https://api.coinmarketcap.com/data-api/v3/global-metrics/quotes/historical,0,0,0,0,0,28.87769313751034,1.1415663974041312,0.4491917969229373,-0.7564375176311566,0,0,0,0
2024-12-20,3347912807432.93,279695999868.5,57.626,12.2919,https://api.coinmarketcap.com/data-api/v3/global-metrics/quotes/historical,0,0,0,0,0,28.83935822503652,1.0926406502304709,0.5224994385874053,-0.8250016509517942,0,0,0,0
2024-12-21,3392045025205.56,307342602622.51,57.0626,12.33,https://api.coinmarketcap.com/data-api/v3/global-metrics/quotes/historical,0,0,0,0,0,28.852454107710425,1.1093545489554766,0.45653309884333765,-0.8146065316540773,0,0,0,0
2024-12-22,3333161232578.76,173182352206.17,57.7511,12.0585,https://api.coinmarketcap.com/data-api/v3/global-metrics/quotes/historical,0,0,0,0,0,28.834942288695228,1.0870047175772637,0.5371469165816957,-0.8886819880669424,0,0,0,0
2024-12-23,3275157665449.97,135225799058.13,57.4899,12.0549,https://api.coinmarketcap.com/data-api/v3/global-metrics/quotes/historical,0,0,0,0,0,28.817387125979096,1.0645995678791011,0.5065640128877823,-0.8896642040635773,0,0,0,0
2024-12-24,3330204205477.62,172395017699.65,56.3265,12.3607,https://api.coinmarketcap.com/data-api/v3/global-metrics/quotes/historical,0,0,0,0,0,28.834054741006977,1.08587196596789,0.3703459801255372,-0.8062304119049983,0,0,0,0
2024-12-25,3443448784766.45,133676217490.55,56.7261,12.2144,https://api.coinmarketcap.com/data-api/v3/global-metrics/quotes/historical,0,0,0,0,0,28.867494638803702,1.1285503465754594,0.4171336076756431,-0.8461465786571243,0,0,0,0
2024-12-26,3448687737498.91,116542518215.12,57.0358,12.2041,https://api.coinmarketcap.com/data-api/v3/global-metrics/quotes/historical,0,0,0,0,0,28.869014908671996,1.1304906233209115,0.45339518988852556,-0.8489568077586066,0,0,0,0
2024-12-27,3315007830548.19,125826857466.03,57.15,12.1041,https://api.coinmarketcap.com/data-api/v3/global-metrics/quotes/historical,0,0,0,0,0,28.8294811017199,1.0800347615768306,0.46676642879298486,-0.8762405854429032,0,0,0,0
2024-12-28,3283624827657.58,132212632436.62,56.7789,12.2112,https://api.coinmarketcap.com/data-api/v3/global-metrics/quotes/historical,0,0,0,0,0,28.81996905850096,1.0678948141606834,0.4233157566612425,-0.8470196595430217,0,0,0,0
2024-12-29,3337384190449.78,83146890356.37,56.4627,12.266,https://api.coinmarketcap.com/data-api/v3/global-metrics/quotes/historical,0,0,0,0,0,28.83620843956217,1.0886206695438183,0.38629311444066283,-0.8320681493720271,0,0,0,0
2024-12-30,3267393362606.53,85913433776.13,56.6932,12.3503,https://api.coinmarketcap.com/data-api/v3/global-metrics/quotes/historical,0,0,0,0,0,28.81501364613764,1.061570363763293,0.41328147317514585,-0.8090679247841648,0,0,0,0
2024-12-31,3247898394633.62,140202669025.15,56.4801,12.4482,https://api.coinmarketcap.com/data-api/v3/global-metrics/quotes/historical,0,0,0,0,0,28.809029255298285,1.0539326577063244,0.38833041353819026,-0.7823571064312387,0,0,0,0
2025-01-01,3258746507343.04,115220336975.45,56.7671,12.3175,https://api.coinmarketcap.com/data-api/v3/global-metrics/quotes/historical,0,0,0,0,0,28.812363730415424,1.0581883524767093,0.4219341400318849,-0.8180170038646141,0,0,0,0
2025-01-02,3320489672657.69,85537859519.7,56.3047,12.1665,https://api.coinmarketcap.com/data-api/v3/global-metrics/quotes/historical,0,0,0,0,0,28.83113337974547,1.0821435165399433,0.36779350194587607,-0.8592155081679025,0,0,0,0
2025-01-03,3405927430240.98,129650628919.13,56.3374,12.2095,https://api.coinmarketcap.com/data-api/v3/global-metrics/quotes/historical,0,0,0,0,0,28.8565383914949,1.1145672029809994,0.37162221921536737,-0.8474834837636546,0,0,0,0
2025-01-04,3495925745929.8,121703354054.28,55.5999,12.428,https://api.coinmarketcap.com/data-api/v3/global-metrics/quotes/historical,0,0,0,0,0,28.882619333773675,1.147853560132683,0.28527117988052403,-0.7878684295234664,0,0,0,0
2025-01-05,3504945338235.71,92573950200.45,55.5045,12.5704,https://api.coinmarketcap.com/data-api/v3/global-metrics/quotes/historical,0,0,0,0,0,28.88519604092565,1.1511421374248345,0.2741011606906341,-0.7490163301010283,0,0,0,0
2025-01-06,3498617459363.75,82666431723.72,55.6628,12.5154,https://api.coinmarketcap.com/data-api/v3/global-metrics/quotes/historical,0,0,0,0,0,28.88338899477592,1.1488358563523748,0.2926358990319295,-0.7640224078273914,0,0,0,0
2025-01-07,3595363765063.57,133216589657.54,56.3399,12.3602,https://api.coinmarketcap.com/data-api/v3/global-metrics/quotes/historical,0,0,0,0,0,28.9106662883702,1.1836490823089192,0.37191493460294284,-0.8063668307934194,0,0,0,0
2025-01-08,3380563758123.9,161158751592.35,56.7933,12.0497,https://api.coinmarketcap.com/data-api/v3/global-metrics/quotes/historical,0,0,0,0,0,28.849063603859527,1.1050273463222724,0.42500179729367893,-0.8910829605031608,0,0,0,0
2025-01-09,3324489803269.58,169993862959.69,56.6258,12.0549,https://api.coinmarketcap.com/data-api/v3/global-metrics/quotes/historical,0,0,0,0,0,28.832337335637153,1.0836800908468476,0.405389866326104,-0.8896642040635773,0,0,0,0
2025-01-10,3229618490789.13,154724842219.34,56.7404,12.0096,https://api.coinmarketcap.com/data-api/v3/global-metrics/quotes/historical,0,0,0,0,0,28.803385131880297,1.0467292251811047,0.4188079396925762,-0.9020237553545635,0,0,0,0
2025-01-11,3301102095312.17,147522058703.68,56.8241,11.9239,https://api.coinmarketcap.com/data-api/v3/global-metrics/quotes/historical,0,0,0,0,0,28.825277496922407,1.0746698215712798,0.428608050868612,-0.9254059528300059,0,0,0,0
2025-01-12,3318364500460.98,73388446370.39,56.4512,11.917,https://api.coinmarketcap.com/data-api/v3/global-metrics/quotes/historical,0,0,0,0,0,28.8304931571366,1.0813264188220924,0.3849466236578147,-0.9272885334902223,0,0,0,0
2025-01-13,3300218680026.26,68690226545.9,56.7167,11.9235,https://api.coinmarketcap.com/data-api/v3/global-metrics/quotes/historical,0,0,0,0,0,28.825009848880068,1.0743282300661487,0.41603299781835845,-0.9255150879407429,0,0,0,0
2025-01-14,3270257202523.72,177509424097.33,57.252,11.5548,https://api.coinmarketcap.com/data-api/v3/global-metrics/quotes/historical,0,0,0,0,0,28.815889752950582,1.0626885137122828,0.47870921660607546,-1.0261103762627446,0,0,0,0
2025-01-15,3350823804176.3,122357249180.36,57.074,11.5927,https://api.coinmarketcap.com/data-api/v3/global-metrics/quotes/historical,0,0,0,0,0,28.840227343228616,1.093749880803504,0.4578678810106824,-1.015769824520396,0,0,0,0
2025-01-16,3535019661394.52,154399593950.83,56.3235,11.7613,https://api.coinmarketcap.com/data-api/v3/global-metrics/quotes/historical,0,0,0,0,0,28.89373997718369,1.162046517746928,0.3699947216604463,-0.9697693753446721,0,0,0,0
2025-01-17,3510134503065.26,155841184441.28,56.4343,11.3556,https://api.coinmarketcap.com/data-api/v3/global-metrics/quotes/historical,0,0,0,0,0,28.886675472633744,1.1530302935999757,0.3829678676378027,-1.0804596614098634,0,0,0,0
2025-01-18,3655480693951.43,169046953341.92,56.4296,11.4512,https://api.coinmarketcap.com/data-api/v3/global-metrics/quotes/historical,0,0,0,0,0,28.92724871729569,1.204812759823187,0.3824175627091604,-1.0543763699436761,0,0,0,0
2025-01-19,3638190132866.74,194132968104.8,56.8622,10.9476,https://api.coinmarketcap.com/data-api/v3/global-metrics/quotes/historical,0,0,0,0,0,28.922507457678808,1.1987616264220438,0.4330690333752662,-1.191777474361794,0,0,0,0
2025-01-20,3491688992644.81,307337808886.32,57.3799,11.0813,https://api.coinmarketcap.com/data-api/v3/global-metrics/quotes/historical,0,0,0,0,0,28.881406687123082,1.146305894059924,0.4936845358344499,-1.1552990635978893,0,0,0,0
2025-01-21,3527959268473.6,341184847367.11,57.3344,11.2012,https://api.coinmarketcap.com/data-api/v3/global-metrics/quotes/historical,0,0,0,0,0,28.891740708789214,1.1594949089473217,0.4883571157805718,-1.1225858141544176,0,0,0,0
2025-01-22,3643530974678.86,219618822937.04,57.7211,11.005,https://api.coinmarketcap.com/data-api/v3/global-metrics/quotes/historical,0,0,0,0,0,28.923974375373394,1.2006338113213542,0.5336343319307867,-1.1761165859710074,0,0,0,0
2025-01-23,3575509686929.14,142586785230.31,57.4414,10.9223,https://api.coinmarketcap.com/data-api/v3/global-metrics/quotes/historical,0,0,0,0,0,28.905128851682804,1.1765818109921324,0.5008853343688133,-1.198680270115921,0,0,0,0
2025-01-24,3583557277067.62,205681930796.46,57.4712,11.2247,https://api.coinmarketcap.com/data-api/v3/global-metrics/quotes/historical,0,0,0,0,0,28.90737707580717,1.1794511548356466,0.5043745017887162,-1.1161741263986078,0,0,0,0
2025-01-25,3588317671694.16,136527614559.24,57.8867,11.1149,https://api.coinmarketcap.com/data-api/v3/global-metrics/quotes/historical,0,0,0,0,0,28.908704593467377,1.1811454274769693,0.5530237992038033,-1.1461317142959655,0,0,0,0
2025-01-26,3593420557034.11,85025501839.14,57.7389,11.1246,https://api.coinmarketcap.com/data-api/v3/global-metrics/quotes/historical,0,0,0,0,0,28.91012566620386,1.1829591017736847,0.5357184654903261,-1.1434851878605892,0,0,0,0
2025-01-27,3512866013502.11,83743654722.68,57.9022,11.0963,https://api.coinmarketcap.com/data-api/v3/global-metrics/quotes/historical,0,0,0,0,0,28.887453348291917,1.154023073948967,0.5548386346067733,-1.151206496945245,0,0,0,0
2025-01-28,3489061617847.85,209574891215.78,57.9842,10.9849,https://api.coinmarketcap.com/data-api/v3/global-metrics/quotes/historical,0,0,0,0,0,28.88065393858138,1.1453451827276135,0.5644396993192575,-1.1816006252855513,0,0,0,0
2025-01-29,3431419006241.1,120238304379.87,58.4987,10.8032,https://api.coinmarketcap.com/data-api/v3/global-metrics/quotes/historical,0,0,0,0,0,28.86399499599778,1.1240838530302435,0.6246805260823443,-1.2311752493379182,0,0,0,0
2025-01-30,3497403781609.53,121632400444.78,58.7658,10.7291,https://api.coinmarketcap.com/data-api/v3/global-metrics/quotes/historical,0,0,0,0,0,28.883042032488476,1.1483930383554404,0.6559542380909361,-1.2513925286019818,0,0,0,0
2025-01-31,3568224709032.81,108621722338.67,58.1759,10.9693,https://api.coinmarketcap.com/data-api/v3/global-metrics/quotes/historical,0,0,0,0,0,28.903089307652234,1.173978799555564,0.5868851152385649,-1.1858568946043013,0,0,0,0
2025-02-01,3516993057788.09,124232182849.05,57.7038,11.3044,https://api.coinmarketcap.com/data-api/v3/global-metrics/quotes/historical,0,0,0,0,0,28.88862749551685,1.1555216043111003,0.5316087414487627,-1.0944289555842237,0,0,0,0
2025-02-02,3404785947219.02,93296537496.34,58.5817,11.0361,https://api.coinmarketcap.com/data-api/v3/global-metrics/quotes/historical,0,0,0,0,0,28.856203189301127,1.114139394053671,0.6343986769498586,-1.1676313311111917,0,0,0,0
2025-02-03,3237065223245.08,185765968881.16,59.7831,10.6808,https://api.coinmarketcap.com/data-api/v3/global-metrics/quotes/historical,0,0,0,0,0,28.805688239957608,1.049668615836582,0.7750659836032554,-1.2645705932234974,0,0,0,0
2025-02-04,3347044150619.95,362153467660.01,60.0624,10.3838,https://api.coinmarketcap.com/data-api/v3/global-metrics/quotes/historical,0,0,0,0,0,28.8390987291732,1.0923094631171577,0.8077681467032167,-1.345603412945858,0,0,0,0
2025-02-05,3211896616067.22,195093120103.87,60.3659,10.2577,https://api.coinmarketcap.com/data-api/v3/global-metrics/quotes/historical,0,0,0,0,0,28.797882724716484,1.0397066610386372,0.8433037947549122,-1.3800082566057565,0,0,0,0
2025-02-06,3170964823563.68,126642637235.32,60.3696,10.5969,https://api.coinmarketcap.com/data-api/v3/global-metrics/quotes/historical,0,0,0,0,0,28.785057018255042,1.0233375804496418,0.8437370135285237,-1.2874616827006222,0,0,0,0
2025-02-07,3140898658992.51,123101971873.01,60.9692,10.3167,https://api.coinmarketcap.com/data-api/v3/global-metrics/quotes/historical,0,0,0,0,0,28.775530072033497,1.0111786127595326,0.913941872084689,-1.363910827772021,0,0,0,0
2025-02-08,3137762374344.57,134727100912.36,60.9825,10.0758,https://api.coinmarketcap.com/data-api/v3/global-metrics/quotes/historical,0,0,0,0,0,28.774531042179156,1.0099035796652005,0.9154991179465921,-1.4296374482134921,0,0,0,0
2025-02-09,3156658483674.17,74665088014.43,60.5815,10.0529,https://api.coinmarketcap.com/data-api/v3/global-metrics/quotes/historical,0,0,0,0,0,28.780535142165995,1.017566439940728,0.8685475697794433,-1.435885433303196,0,0,0,0
2025-02-10,3152772812294.35,86622684004.34,60.6678,10.0485,https://api.coinmarketcap.com/data-api/v3/global-metrics/quotes/historical,0,0,0,0,0,28.77930343943756,1.015994453143426,0.878652104958558,-1.4370859195213048,0,0,0,0
2025-02-11,3187922451217.23,104552607006.16,60.593,10.063,https://api.coinmarketcap.com/data-api/v3/global-metrics/quotes/historical,0,0,0,0,0,28.790390551346484,1.0301446154664144,0.8698940605622922,-1.4331297717570817,0,0,0,0
2025-02-12,3148688017432.79,106623221698.39,60.2812,9.964,https://api.coinmarketcap.com/data-api/v3/global-metrics/quotes/historical,0,0,0,0,0,28.778006979602583,1.01433981871195,0.8333865974238456,-1.4601407116645355,0,0,0,0
2025-02-13,3234606452886.7,129889869725.47,59.9812,10.2014,https://api.coinmarketcap.com/data-api/v3/global-metrics/quotes/historical,0,0,0,0,0,28.804928383586724,1.0486988329861437,0.7982607509147573,-1.3953690234420155,0,0,0,0
2025-02-14,3195309929461.84,105357730234.84,59.9444,10.0957,https://api.coinmarketcap.com/data-api/v3/global-metrics/quotes/historical,0,0,0,0,0,28.79270520357981,1.0330987395964757,0.7939519804096425,-1.4242079764543167,0,0,0,0
2025-02-15,3242462500405.79,106165408802.33,59.6132,10.1343,https://api.coinmarketcap.com/data-api/v3/global-metrics/quotes/historical,0,0,0,0,0,28.807354188044936,1.0517948175066847,0.7551730458636084,-1.4136764382681786,0,0,0,0
2025-02-16,3232035644670.51,63674622511.77,59.8564,10.0465,https://api.coinmarketcap.com/data-api/v3/global-metrics/quotes/historical,0,0,0,0,0,28.804133285199388,1.0476840717628453,0.7836483987669765,-1.437631595074991,0,0,0,0
2025-02-17,3191800094884.11,59069779871.13,59.7272,10.057,https://api.coinmarketcap.com/data-api/v3/global-metrics/quotes/historical,0,0,0,0,0,28.791606166638957,1.0316960703314957,0.7685208675370626,-1.4347667984181396,0,0,0,0
2025-02-18,3182099475264.11,93806021817.89,59.6711,10.3935,https://api.coinmarketcap.com/data-api/v3/global-metrics/quotes/historical,0,0,0,0,0,28.788562307223543,1.0278112800299035,0.761952334239863,-1.3429568865104817,0,0,0,0
2025-02-19,3141277235758.08,107293420731.05,60.3199,10.2453,https://api.coinmarketcap.com/data-api/v3/global-metrics/quotes/historical,0,0,0,0,0,28.775650596123356,1.0113324341919614,0.8379178316235179,-1.3833914450386091,0,0,0,0
2025-02-20,3186823379381.67,83182996218.1,60.118,10.273,https://api.coinmarketcap.com/data-api/v3/global-metrics/quotes/historical,0,0,0,0,0,28.7900457307448,1.0297045308414732,0.8142781369229019,-1.375833838620059,0,0,0,0
2025-02-21,3237095123386.73,91726482162.05,60.2324,10.2038,https://api.coinmarketcap.com/data-api/v3/global-metrics/quotes/historical,0,0,0,0,0,28.805697476720383,1.0496804044514783,0.8276727930583672,-1.3947142127775924,0,0,0,0
2025-02-22,3157246552852.82,138640600154.03,60.3624,10.159,https://api.coinmarketcap.com/data-api/v3/global-metrics/quotes/historical,0,0,0,0,0,28.780721419652576,1.0178041805438613,0.8428939932123058,-1.406937345180157,0,0,0,0
2025-02-23,3194694521035.13,73024001412.15,59.9388,10.4313,https://api.coinmarketcap.com/data-api/v3/global-metrics/quotes/historical,0,0,0,0,0,28.79251258761737,1.032852909378749,0.7932962979414727,-1.3326436185458175,0,0,0,0
2025-02-24,3189407296499.41,68801769380.76,59.8519,10.661,https://api.coinmarketcap.com/data-api/v3/global-metrics/quotes/historical,0,0,0,0,0,28.79085621499185,1.030738928595388,0.78312151106934,-1.2699727812049881,0,0,0,0
2025-02-25,2977207640155.26,129521943878.71,60.9141,10.1816,https://api.coinmarketcap.com/data-api/v3/global-metrics/quotes/historical,0,0,0,0,0,28.72200694365058,0.942868582079426,0.9074904249425194,-1.4007712114235062,0,0,0,0
2025-02-26,2926200617553.67,205145277845.51,60.0417,10.2718,https://api.coinmarketcap.com/data-api/v3/global-metrics/quotes/historical,0,0,0,0,0,28.70472597993333,0.920813384683976,0.8053444632940899,-1.3761612439522704,0,0,0,0
2025-02-27,2799523154088.58,149767870583.33,59.5722,10.0441,https://api.coinmarketcap.com/data-api/v3/global-metrics/quotes/historical,0,0,0,0,0,28.660470216495433,0.8643310255702459,0.7503725135073667,-1.438286405739414,0,0,0,0
2025-02-28,2810724469054.45,122483345874.72,59.7488,9.8908,https://api.coinmarketcap.com/data-api/v3/global-metrics/quotes/historical,0,0,0,0,0,28.664463384213654,0.8694273907787778,0.7710499284857169,-1.4801124369294407,0,0,0,0
2025-03-01,2794952485170.98,182228469930.84,59.8498,9.6504,https://api.coinmarketcap.com/data-api/v3/global-metrics/quotes/historical,0,0,0,0,0,28.658836222452283,0.8622456059284763,0.7828756301437766,-1.5457026384824901,0,0,0,0
2025-03-02,2833440231117.95,80110155957.23,60.2114,9.4324,https://api.coinmarketcap.com/data-api/v3/global-metrics/quotes/historical,0,0,0,0,0,28.672512718674867,0.8797005250407756,0.8252139838027309,-1.6051812738342566,0,0,0,0
2025-03-03,3145935962311.2,173165786091.94,59.4301,9.6567,https://api.coinmarketcap.com/data-api/v3/global-metrics/quotes/historical,0,0,0,0,0,28.777132565084482,1.0132238285902346,0.7337345708775618,-1.543983760488379,0,0,0,0
2025-03-04,2822210600612.19,174173054036.15,60.5092,9.1723,https://api.coinmarketcap.com/data-api/v3/global-metrics/quotes/historical,0,0,0,0,0,28.668541594715023,0.8746322936475976,0.8600822407707531,-1.676146379591112,0,0,0,0
2025-03-05,2868032589798.71,167966722251.23,60.316,9.1255,https://api.coinmarketcap.com/data-api/v3/global-metrics/quotes/historical,0,0,0,0,0,28.68464740185056,0.8951876724678621,0.8374611956189003,-1.6889151875473627,0,0,0,0
2025-03-06,2963845654848.98,117722066115.9,60.6374,9.1218,https://api.coinmarketcap.com/data-api/v3/global-metrics/quotes/historical,0,0,0,0,0,28.7175087487437,0.9371276651827946,0.8750926858456369,-1.6899246873216818,0,0,0,0
2025-03-07,2942575723599.91,112154884668.33,60.6268,9.026,https://api.coinmarketcap.com/data-api/v3/global-metrics/quotes/historical,0,0,0,0,0,28.710306410193187,0.9279355274618031,0.8738515726023162,-1.7160625463432382,0,0,0,0
2025-03-08,2846132338534.98,141763100984.79,60.4212,9.0677,https://api.coinmarketcap.com/data-api/v3/global-metrics/quotes/historical,0,0,0,0,0,28.67698211435173,0.885404686307731,0.849778659128087,-1.7046852110488862,0,0,0,0
2025-03-09,2833093956356.32,57434908422.42,60.3264,9.3746,https://api.coinmarketcap.com/data-api/v3/global-metrics/quotes/historical,0,0,0,0,0,28.67239050119568,0.8795445423842083,0.8386788916312151,-1.6209512973357803,0,0,0,0
2025-03-10,2649816819071.97,84995818327.1,60.3851,9.1795,https://api.coinmarketcap.com/data-api/v3/global-metrics/quotes/historical,0,0,0,0,0,28.60551162865894,0.7941889592398274,0.8455518489314936,-1.6741819475978426,0,0,0,0
2025-03-11,2558936833651.42,141377442955.02,60.9068,8.7747,https://api.coinmarketcap.com/data-api/v3/global-metrics/quotes/historical,0,0,0,0,0,28.570612988804445,0.7496488280632735,0.9066356960107982,-1.7846266796638757,0,0,0,0
2025-03-12,2679998804426.44,139197309906.61,61.3372,8.6438,https://api.coinmarketcap.com/data-api/v3/global-metrics/quotes/historical,0,0,0,0,0,28.61683746434168,0.808643797855212,0.957029577135838,-1.8203411446526196,0,0,0,0
2025-03-13,2711966393587.14,104520277857.92,61.2047,8.4879,https://api.coinmarketcap.com/data-api/v3/global-metrics/quotes/historical,0,0,0,0,0,28.628695094184764,0.823777350075471,0.9415156615943239,-1.8628765540624384,0,0,0,0
2025-03-14,2647509050533.26,91985857464.15,60.7605,8.4883,https://api.coinmarketcap.com/data-api/v3/global-metrics/quotes/historical,0,0,0,0,0,28.604640332936718,0.793076949547667,0.8895059915298664,-1.862767418951701,0,0,0,0
2025-03-15,2733771554175.94,78843180040.93,60.9407,8.4278,https://api.coinmarketcap.com/data-api/v3/global-metrics/quotes/historical,0,0,0,0,0,28.63670329337853,0.8339979845777186,0.9106049166663255,-1.8792741044507006,0,0,0,0
2025-03-16,2760351361704.98,48616098191.6,60.6177,8.465,https://api.coinmarketcap.com/data-api/v3/global-metrics/quotes/historical,0,0,0,0,0,28.64637909252059,0.8463469289727465,0.87278608859154,-1.8691245391521423,0,0,0,0
2025-03-17,2693217623381.76,61942728952.92,60.8226,8.4526,https://api.coinmarketcap.com/data-api/v3/global-metrics/quotes/historical,0,0,0,0,0,28.62175773725488,0.8149234007822095,0.8967770417572478,-1.8725077275849948,0,0,0,0
2025-03-18,2745435274756.97,72841625966.58,60.737,8.4654,https://api.coinmarketcap.com/data-api/v3/global-metrics/quotes/historical,0,0,0,0,0,28.64096074835811,0.8394316520231947,0.8867544668866546,-1.8690154040414049,0,0,0,0
2025-03-19,2711707476050.95,71974205496.23,60.5108,8.5947,https://api.coinmarketcap.com/data-api/v3/global-metrics/quotes/historical,0,0,0,0,0,28.628599617376015,0.8236554957681478,0.8602695786188019,-1.8337374794956096,0,0,0,0
2025-03-20,2842050798568.89,101927386774.99,60.6417,8.7341,https://api.coinmarketcap.com/data-api/v3/global-metrics/quotes/historical,0,0,0,0,0,28.67554701967626,0.8835731162132292,0.8755961563122673,-1.7957038934037,0,0,0,0
2025-03-21,2760879877591.82,80447534922.29,60.4843,8.6603,https://api.coinmarketcap.com/data-api/v3/global-metrics/quotes/historical,0,0,0,0,0,28.646570541081807,0.8465912692698396,0.8571667955104985,-1.815839321334711,0,0,0,0
2025-03-22,2750368289836.87,63264973923.65,60.6251,8.619,https://api.coinmarketcap.com/data-api/v3/global-metrics/quotes/historical,0,0,0,0,0,28.64275594221711,0.8417228063575914,0.8736525261387648,-1.8271075215183255,0,0,0,0
2025-03-23,2750136299498.24,42190220694.49,60.4789,8.6856,https://api.coinmarketcap.com/data-api/v3/global-metrics/quotes/historical,0,0,0,0,0,28.642671589832705,0.8416151498333792,0.8565345302733355,-1.8089365255805836,0,0,0,0
2025-03-24,2805913365720.63,50244017968.01,60.8461,8.624,https://api.coinmarketcap.com/data-api/v3/global-metrics/quotes/historical,0,0,0,0,0,28.6627502224781,0.8672409316862052,0.8995285664004596,-1.8257433326341104,0,0,0,0
2025-03-25,2863279147575.78,88560197889.71,60.6446,8.7645,https://api.coinmarketcap.com/data-api/v3/global-metrics/quotes/historical,0,0,0,0,0,28.682988639064426,0.8930706411911907,0.8759357061618548,-1.7874096249876739,0,0,0,0
2025-03-26,2867131763166.54,77205197848.88,60.5263,8.6988,https://api.coinmarketcap.com/data-api/v3/global-metrics/quotes/historical,0,0,0,0,0,28.684333260325005,0.8947867426661665,0.862084414021771,-1.8053350669262564,0,0,0,0
2025-03-27,2834782213887.99,78152467350.18,60.8286,8.5508,https://api.coinmarketcap.com/data-api/v3/global-metrics/quotes/historical,0,0,0,0,0,28.672986229659355,0.8803048535031617,0.8974795586874297,-1.8457150578990156,0,0,0,0
2025-03-28,2845132366870.99,73445897846.59,60.8118,8.4917,https://api.coinmarketcap.com/data-api/v3/global-metrics/quotes/historical,0,0,0,0,0,28.67663070856548,0.8849561972009613,0.8955125112829203,-1.861839770510435,0,0,0,0
2025-03-29,2741206846571.8,92252224980.42,61.0687,8.3436,https://api.coinmarketcap.com/data-api/v3/global-metrics/quotes/historical,0,0,0,0,0,28.63941939430993,0.8374644661448399,0.9255919445102033,-1.9022470452608782,0,0,0,0
2025-03-30,2675468576833.92,59166242655.19,61.2697,8.2407,https://api.coinmarketcap.com/data-api/v3/global-metrics/quotes/historical,0,0,0,0,0,28.615145649846113,0.8064845836315905,0.9491262616712928,-1.9303220524980194,0,0,0,0
2025-03-31,2665255723028.77,49336236680.84,61.3103,8.178,https://api.coinmarketcap.com/data-api/v3/global-metrics/quotes/historical,0,0,0,0,0,28.61132112505122,0.8016034525398699,0.9538799595655225,-1.9474289811060732,0,0,0,0
2025-04-01,2667542682341.72,80330493308.13,61.4073,8.2455,https://api.coinmarketcap.com/data-api/v3/global-metrics/quotes/historical,0,0,0,0,0,28.612178820872177,0.8026981050688604,0.9652373166034612,-1.9290124311691734,0,0,0,0
2025-04-02,2742142137874.53,77583995300.02,61.6421,8.3841,https://api.coinmarketcap.com/data-api/v3/global-metrics/quotes/historical,0,0,0,0,0,28.63976053302441,0.8378998516829523,0.9927291458045746,-1.8911971152987381,0,0,0,0
2025-04-03,2644295755496.96,119528382473.49,61.9144,8.1904,https://api.coinmarketcap.com/data-api/v3/global-metrics/quotes/historical,0,0,0,0,0,28.60342589077605,0.7915269919169988,1.0246117058193243,-1.9440457926732206,0,0,0,0
2025-04-04,2662216496096.46,95277013760.04,61.9644,8.231,https://api.coinmarketcap.com/data-api/v3/global-metrics/quotes/historical,0,0,0,0,0,28.6101801609553,0.8001472728517236,1.0304660135708386,-1.9329685789333964,0,0,0,0
2025-04-05,2685795066701.58,104369755311.03,61.9603,8.1562,https://api.coinmarketcap.com/data-api/v3/global-metrics/quotes/historical,0,0,0,0,0,28.618997914283987,0.8114011180325034,1.0299859603352142,-1.95337684464125,0,0,0,0
2025-04-06,2674309952996.06,43141876234.49,61.9717,8.1491,https://api.coinmarketcap.com/data-api/v3/global-metrics/quotes/historical,0,0,0,0,0,28.614712501501927,0.8059317688471351,1.03132074250256,-1.955313992856835,0,0,0,0
2025-04-07,2485869405665.09,94826732931.77,62.5001,7.6602,https://api.coinmarketcap.com/data-api/v3/global-metrics/quotes/historical,0,0,0,0,0,28.541643575724542,0.7126759986330631,1.0931890668205684,-2.0887043819553615,0,0,0,0
2025-04-08,2506456117484.03,206668712171.19,62.7009,7.4793,https://api.coinmarketcap.com/data-api/v3/global-metrics/quotes/historical,0,0,0,0,0,28.54989096600979,0.7232019058518189,1.116699966750651,-2.138060735786254,0,0,0,0
2025-04-09,2420957450085.37,110196076629.14,62.5291,7.3388,https://api.coinmarketcap.com/data-api/v3/global-metrics/quotes/historical,0,0,0,0,0,28.51518421838321,0.6789066812114176,1.0965845653164465,-2.1763944434326907,0,0,0,0
2025-04-10,2626946878705.57,178875382658.79,62.3915,7.665,https://api.coinmarketcap.com/data-api/v3/global-metrics/quotes/historical,0,0,0,0,0,28.596843405150594,0.7831259546717636,1.0804735103842782,-2.0873947606265153,0,0,0,0
2025-04-11,2533574147525.09,104565632309.52,62.3548,7.2496,https://api.coinmarketcap.com/data-api/v3/global-metrics/quotes/historical,0,0,0,0,0,28.560652128268565,0.7369360680030185,1.0761764484946659,-2.200731573127084,0,0,0,0
2025-04-12,2635035024204.48,92244811444.01,62.8249,7.1752,https://api.coinmarketcap.com/data-api/v3/global-metrics/quotes/historical,0,0,0,0,0,28.599917589751747,0.7870494481364719,1.131218649974408,-2.2210307037242,0,0,0,0
2025-04-13,2710025730557.76,71748018243.3,62.4635,7.3197,https://api.coinmarketcap.com/data-api/v3/global-metrics/quotes/historical,0,0,0,0,0,28.627979245445843,0.8228637329010762,1.0889037135464597,-2.1816056449703916,0,0,0,0
2025-04-14,2651914257272.77,78157302792.06,62.6569,7.2673,https://api.coinmarketcap.com/data-api/v3/global-metrics/quotes/historical,0,0,0,0,0,28.606302856384385,0.7951987804485824,1.1115481759293184,-2.1959023444769628,0,0,0,0
2025-04-15,2671852379559.01,86678407608.93,62.8196,7.331,https://api.coinmarketcap.com/data-api/v3/global-metrics/quotes/historical,0,0,0,0,0,28.613793122905737,0.8047583923646713,1.1305980933527475,-2.178522578092066,0,0,0,0
2025-04-16,2637947431994.9,73697600984.96,62.9578,7.2698,https://api.coinmarketcap.com/data-api/v3/global-metrics/quotes/historical,0,0,0,0,0,28.6010222428056,0.7884592850850818,1.146779399977934,-2.1952202500348554,0,0,0,0
2025-04-17,2645449093617.8,80926101688.44,63.0587,7.1977,https://api.coinmarketcap.com/data-api/v3/global-metrics/quotes/historical,0,0,0,0,0,28.603861956473743,0.7920835300358983,1.1585933930204912,-2.214891853745234,0,0,0,0
2025-04-18,2669373250053.47,63159296202.41,63.1502,7.1563,https://api.coinmarketcap.com/data-api/v3/global-metrics/quotes/historical,0,0,0,0,0,28.612864822977787,0.803573629842853,1.169306776205763,-2.2261873377065324,0,0,0,0
2025-04-19,2663370088681.14,44678551821.39,62.9509,7.2005,https://api.coinmarketcap.com/data-api/v3/global-metrics/quotes/historical,0,0,0,0,0,28.610613387449455,0.80070018737674,1.145971505508225,-2.2141279079700733,0,0,0,0
2025-04-20,2689723413368.2,45722679255.57,62.7918,7.2386,https://api.coinmarketcap.com/data-api/v3/global-metrics/quotes/historical,0,0,0,0,0,28.620459483946707,0.8132664773924274,1.1273430982429056,-2.203732788672356,0,0,0,0
2025-04-21,2686531790539.74,48855810605.29,62.9429,7.1321,https://api.coinmarketcap.com/data-api/v3/global-metrics/quotes/historical,0,0,0,0,0,28.619272180486455,0.8117511561052225,1.145034816267983,-2.232790011906132,0,0,0,0
2025-04-22,2735184068666.69,91989075518.69,63.5284,6.9713,https://api.coinmarketcap.com/data-api/v3/global-metrics/quotes/historical,0,0,0,0,0,28.63721985069571,0.8346572518375126,1.2135887600382205,-2.2766623264224806,0,0,0,0
2025-04-23,2915705611165.02,123404933206.55,63.634,7.2742,https://api.coinmarketcap.com/data-api/v3/global-metrics/quotes/historical,0,0,0,0,0,28.701132968587924,0.9162277275549184,1.22595305800942,-2.1940197638167462,0,0,0,0
2025-04-24,2931025902543.43,117181690985.54,63.4725,7.3969,https://api.coinmarketcap.com/data-api/v3/global-metrics/quotes/historical,0,0,0,0,0,28.70637361506057,0.9229162140493727,1.207043643972027,-2.1605425685981148,0,0,0,0
2025-04-25,2940262416387.24,91245031507.94,63.4587,7.267,https://api.coinmarketcap.com/data-api/v3/global-metrics/quotes/historical,0,0,0,0,0,28.709519950570517,0.926931791645598,1.2054278550326092,-2.1959841958100155,0,0,0,0
2025-04-26,2959859067146.07,106549580116.03,63.539,7.2859,https://api.coinmarketcap.com/data-api/v3/global-metrics/quotes/historical,0,0,0,0,0,28.716162770680356,0.9354098320594383,1.2148298732815421,-2.190827561827684,0,0,0,0
2025-04-27,2969192395640.96,65632317925.63,63.3053,7.4077,https://api.coinmarketcap.com/data-api/v3/global-metrics/quotes/historical,0,0,0,0,0,28.71931111110642,0.9394279684724921,1.1874668388509622,-2.1575959206082103,0,0,0,0
2025-04-28,2941512672805.8,60650412067.82,63.3001,7.3555,https://api.coinmarketcap.com/data-api/v3/global-metrics/quotes/historical,0,0,0,0,0,28.709945079521702,0.9274743715092175,1.1868579908448045,-2.1718380525594134,0,0,0,0
2025-04-29,2975175235909.15,92205023614.91,63.4169,7.3022,https://api.coinmarketcap.com/data-api/v3/global-metrics/quotes/historical,0,0,0,0,0,28.721324056018045,0.9419970322179184,1.2005336537523426,-2.186380306065143,0,0,0,0
2025-04-30,2950185417932.73,77052797594.85,63.4611,7.3616,https://api.coinmarketcap.com/data-api/v3/global-metrics/quotes/historical,0,0,0,0,0,28.712889137841593,0.9312317885405421,1.205708861804682,-2.1701737421206713,0,0,0,0
2025-05-01,2944967064868.37,79492511052.04,63.5229,7.3548,https://api.coinmarketcap.com/data-api/v3/global-metrics/quotes/historical,0,0,0,0,0,28.711118749563237,0.9289722928558919,1.2129447861855542,-2.1720290390032035,0,0,0,0
2025-05-02,3005742722444.4,82928583117.08,63.7525,7.3866,https://api.coinmarketcap.com/data-api/v3/global-metrics/quotes/historical,0,0,0,0,0,28.731545815587285,0.9550427702170893,1.2398277673805096,-2.163352797699597,0,0,0,0
2025-05-03,3016087433285.38,71226465132.69,63.8073,7.3763,https://api.coinmarketcap.com/data-api/v3/global-metrics/quotes/historical,0,0,0,0,0,28.734981555470167,0.9594277062979821,1.2462440886761699,-2.1661630268010796,0,0,0,0
2025-05-04,2981403745766.67,48550366119.12,63.8639,7.4258,https://api.coinmarketcap.com/data-api/v3/global-metrics/quotes/historical,0,0,0,0,0,28.723415361160388,0.9446661048740029,1.252871165050885,-2.1526575568473527,0,0,0,0
2025-05-05,2935729267530.39,51135034066.92,63.8009,7.4384,https://api.coinmarketcap.com/data-api/v3/global-metrics/quotes/historical,0,0,0,0,0,28.70797701109748,0.9249625823350612,1.2454947372839762,-2.1492198008591314,0,0,0,0
2025-05-06,2947183238128.65,67273959173.21,63.849,7.455,https://api.coinmarketcap.com/data-api/v3/global-metrics/quotes/historical,0,0,0,0,0,28.711870995602737,0.9299323628590804,1.2511265813409331,-2.144690693763538,0,0,0,0
2025-05-07,2989982517103.93,73774396334.84,64.3098,7.3323,https://api.coinmarketcap.com/data-api/v3/global-metrics/quotes/historical,0,0,0,0,0,28.726288656191617,0.948333208753508,1.305079881578893,-2.1781678889821703,0,0,0,0
2025-05-08,2993482192419.78,124043409424.15,64.383,7.3063,https://api.coinmarketcap.com/data-api/v3/global-metrics/quotes/historical,0,0,0,0,0,28.727458438545096,0.9498261683556357,1.3136505881271106,-2.185261671180087,0,0,0,0
2025-05-09,3228661003151.7,162228657312.15,63.5161,8.2517,https://api.coinmarketcap.com/data-api/v3/global-metrics/quotes/historical,0,0,0,0,0,28.80308861710563,1.0463507918950352,1.2121486003313484,-1.927320836952747,0,0,0,0
2025-05-10,3265491894823.65,174637758130.18,62.6355,8.672,https://api.coinmarketcap.com/data-api/v3/global-metrics/quotes/historical,0,0,0,0,0,28.814431524223156,1.060827418292067,1.1090425322116702,-1.812647119345648,0,0,0,0
2025-05-11,3371555312987.71,131504788923.11,61.7123,9.2496,https://api.coinmarketcap.com/data-api/v3/global-metrics/quotes/historical,0,0,0,0,0,28.846395271033543,1.1016218298153961,1.0009485938877014,-1.655056019441151,0,0,0,0
2025-05-12,3327829196151.48,129065852332.33,62.1463,9.1151,https://api.coinmarketcap.com/data-api/v3/global-metrics/quotes/historical,0,0,0,0,0,28.833341314298636,1.0849614399615228,1.0517639851708491,-1.6917527004265298,0,0,0,0
2025-05-13,3315483887226.43,180686917309.45,61.5968,9.0897,https://api.coinmarketcap.com/data-api/v3/global-metrics/quotes/historical,0,0,0,0,0,28.829624697911353,1.0802180292695098,0.9874251429817025,-1.6986827799583408,0,0,0,0
2025-05-14,3384993704659.26,148864262004.06,61.127,9.5594,https://api.coinmarketcap.com/data-api/v3/global-metrics/quotes/historical,0,0,0,0,0,28.850373162515357,1.1066986984023892,0.9324180673484699,-1.5705308761751997,0,0,0,0
2025-05-15,3341132865123.04,127575048510.14,61.5572,9.4312,https://api.coinmarketcap.com/data-api/v3/global-metrics/quotes/historical,0,0,0,0,0,28.83733104658279,1.0900534206242778,0.9827885312425029,-1.605508679166468,0,0,0,0
2025-05-16,3306851935866.14,133125570906.25,62.3222,9.3008,https://api.coinmarketcap.com/data-api/v3/global-metrics/quotes/historical,0,0,0,0,0,28.82701777597943,1.0768908897219827,1.0723594398406788,-1.6410867252667907,0,0,0,0
2025-05-17,3296202571544.31,109018019744.93,62.3721,9.2923,https://api.coinmarketcap.com/data-api/v3/global-metrics/quotes/historical,0,0,0,0,0,28.8237921859004,1.072774161796742,1.0782020389766906,-1.6434058463699563,0,0,0,0
2025-05-18,3269729880656.18,93708649277.6,62.6841,9.1412,https://api.coinmarketcap.com/data-api/v3/global-metrics/quotes/historical,0,0,0,0,0,28.815728492121785,1.062482701150584,1.1147329193461426,-1.6846316344509285,0,0,0,0
2025-05-19,3365862234590.21,122440977924.21,62.8405,8.9644,https://api.coinmarketcap.com/data-api/v3/global-metrics/quotes/historical,0,0,0,0,0,28.84470528233616,1.0994649458055281,1.1330451939928805,-1.732869353396765,0,0,0,0
2025-05-20,3334929360512.02,138337288635.66,62.9163,9.1547,https://api.coinmarketcap.com/data-api/v3/global-metrics/quotes/historical,0,0,0,0,0,28.835472613816044,1.0876815562891988,1.141920324544177,-1.6809483244635484,0,0,0,0
2025-05-21,3361605784601.77,107062008254.79,63.1336,9.0662,https://api.coinmarketcap.com/data-api/v3/global-metrics/quotes/historical,0,0,0,0,0,28.843439887823912,1.0978499591527349,1.1673631460322604,-1.7050944677141506,0,0,0,0
2025-05-22,3441643763241.35,172915877576.77,63.3104,8.9531,https://api.coinmarketcap.com/data-api/v3/global-metrics/quotes/historical,0,0,0,0,0,28.866970311337116,1.127881162497267,1.1880639782416165,-1.7359524202750904,0,0,0,0
2025-05-23,3521198923414.85,163241461699.66,63.0212,9.1351,https://api.coinmarketcap.com/data-api/v3/global-metrics/quotes/historical,0,0,0,0,0,28.88982265078929,1.157046946640567,1.154202662206855,-1.6862959448896706,0,0,0,0
2025-05-24,3375353066586.07,172245079173.61,63.1658,9.0364,https://api.coinmarketcap.com/data-api/v3/global-metrics/quotes/historical,0,0,0,0,0,28.847521047103353,1.1030586254622694,1.1711333202242353,-1.713225033464071,0,0,0,0
2025-05-25,3394107202665.36,95962508702.49,63.1047,9.0009,https://api.coinmarketcap.com/data-api/v3/global-metrics/quotes/historical,0,0,0,0,0,28.85306186817734,1.1101302161744022,1.1639793561518847,-1.7229107745419965,0,0,0,0
2025-05-26,3425272030195.48,103453439172.3,63.2434,8.9935,https://api.coinmarketcap.com/data-api/v3/global-metrics/quotes/historical,0,0,0,0,0,28.86220200936334,1.121795515713126,1.1802192058545868,-1.7249297740906346,0,0,0,0
2025-05-27,3429916633449.51,103370553748.48,63.4069,9.0259,https://api.coinmarketcap.com/data-api/v3/global-metrics/quotes/historical,0,0,0,0,0,28.863557071694263,1.1235249428261411,1.19936279220204,-1.7160898301209224,0,0,0,0
2025-05-28,3441420258700.16,132560042498.69,62.929,9.3403,https://api.coinmarketcap.com/data-api/v3/global-metrics/quotes/historical,0,0,0,0,0,28.86690536800939,1.1277982771943444,1.143407318713062,-1.630309633081494,0,0,0,0
2025-05-29,3411688276306.9,116705882803.11,62.7853,9.4901,https://api.coinmarketcap.com/data-api/v3/global-metrics/quotes/historical,0,0,0,0,0,28.858228380395712,1.1167240872504973,1.1265820382352083,-1.5894385341104174,0,0,0,0
2025-05-30,3344158837150.71,135572077211.01,62.7573,9.5025,https://api.coinmarketcap.com/data-api/v3/global-metrics/quotes/historical,0,0,0,0,0,28.838236309170895,1.0912087812512694,1.12330362589436,-1.5860553456775648,0,0,0,0
2025-05-31,3257644725323.91,150209766209.61,63.4427,9.3776,https://api.coinmarketcap.com/data-api/v3/global-metrics/quotes/historical,0,0,0,0,0,28.812025573300453,1.057756772268372,1.2035544765521247,-1.6201327840052513,0,0,0,0
2025-06-01,3275399283271.81,102369694163.04,63.4887,9.3219,https://api.coinmarketcap.com/data-api/v3/global-metrics/quotes/historical,0,0,0,0,0,28.817460896140577,1.0646937186162935,1.2089404396835182,-1.6353298481754044,0,0,0,0
2025-06-02,3302646623160.53,88111607455.88,63.5764,9.2758,https://api.coinmarketcap.com/data-api/v3/global-metrics/quotes/historical,0,0,0,0,0,28.825745269983546,1.0752668268869843,1.219208895479675,-1.647907669687865,0,0,0,0
2025-06-03,3322372941727.33,105318828902.31,63.3375,9.4744,https://api.coinmarketcap.com/data-api/v3/global-metrics/quotes/historical,0,0,0,0,0,28.83170038503503,1.0828671690971816,1.1912370130429373,-1.593722087206852,0,0,0,0
2025-06-04,3313020619377.92,111737129534.39,63.2486,9.4522,https://api.coinmarketcap.com/data-api/v3/global-metrics/quotes/historical,0,0,0,0,0,28.828881463005363,1.0792694599170711,1.1808280538607445,-1.5997790858527658,0,0,0,0
2025-06-05,3290728491343.64,104637725601.77,63.2642,9.57,https://api.coinmarketcap.com/data-api/v3/global-metrics/quotes/historical,0,0,0,0,0,28.82213008213504,1.0706528665242965,1.1826545978792171,-1.5676387957406643,0,0,0,0
2025-06-06,3171640219646.37,137030274449.34,63.6527,9.1974,https://api.coinmarketcap.com/data-api/v3/global-metrics/quotes/historical,0,0,0,0,0,28.785269989449258,1.0236093894647427,1.2281425691084868,-1.6692981513923537,0,0,0,0
2025-06-07,3250773613241.06,111686175096.3,63.825,9.201,https://api.coinmarketcap.com/data-api/v3/global-metrics/quotes/historical,0,0,0,0,0,28.8099141187878,1.0550619835499848,1.2483165136202068,-1.6683159353957189,0,0,0,0
2025-06-08,3295079839234.35,85348922273.22,63.7146,9.2555,https://api.coinmarketcap.com/data-api/v3/global-metrics/quotes/historical,0,0,0,0,0,28.823451514009605,1.072339372052289,1.2353902021048615,-1.6534462765577773,0,0,0,0
2025-06-09,3301947743973.64,89177750002.44,63.6821,9.18,https://api.coinmarketcap.com/data-api/v3/global-metrics/quotes/historical,0,0,0,0,0,28.82553363573301,1.074996724174682,1.231584902066377,-1.6740455287094214,0,0,0,0
2025-06-10,3440137021406.84,122300615404.95,63.7291,9.4093,https://api.coinmarketcap.com/data-api/v3/global-metrics/quotes/historical,0,0,0,0,0,28.866532418324905,1.1273222922293564,1.2370879513528013,-1.611483826479329,0,0,0,0
2025-06-11,3469534860205.16,144905293680.9,63.1665,9.7923,https://api.coinmarketcap.com/data-api/v3/global-metrics/quotes/historical,0,0,0,0,0,28.875041654851955,1.1381823862819422,1.1712152805327567,-1.5069869579484731,0,0,0,0
2025-06-12,3417060495421.26,133670615315.03,63.2249,9.7976,https://api.coinmarketcap.com/data-api/v3/global-metrics/quotes/historical,0,0,0,0,0,28.859801793154695,1.1187321887401873,1.1780531119865258,-1.5055409177312054,0,0,0,0
2025-06-13,3316178396809.45,127160863010.93,63.4355,9.6392,https://api.coinmarketcap.com/data-api/v3/global-metrics/quotes/historical,0,0,0,0,0,28.829834150551072,1.0804853476546181,1.202711456235906,-1.548758421583131,0,0,0,0
2025-06-14,3303513358182.01,167117046235.32,63.8481,9.4273,https://api.coinmarketcap.com/data-api/v3/global-metrics/quotes/historical,0,0,0,0,0,28.826007672053404,1.0756017231081891,1.2510212038014064,-1.6065727464961554,0,0,0,0
2025-06-15,3275383864728.55,82538151594.87,64.0106,9.3358,https://api.coinmarketcap.com/data-api/v3/global-metrics/quotes/historical,0,0,0,0,0,28.817456188751276,1.0646877107106025,1.2700477039938287,-1.631537403077287,0,0,0,0
2025-06-16,3287463042469.71,81507637580.79,63.8318,9.3548,https://api.coinmarketcap.com/data-api/v3/global-metrics/quotes/historical,0,0,0,0,0,28.821137271534933,1.0693857708854244,1.2491126994744126,-1.626353485317271,0,0,0,0
2025-06-17,3315140978188.43,123693969818.42,64.0365,9.2548,https://api.coinmarketcap.com/data-api/v3/global-metrics/quotes/historical,0,0,0,0,0,28.829521266019103,1.0800860221177175,1.2730802354091142,-1.6536372630015674,0,0,0,0
2025-06-18,3250011514831.32,132023219344.45,63.9744,9.3252,https://api.coinmarketcap.com/data-api/v3/global-metrics/quotes/historical,0,0,0,0,0,28.80967965528894,1.0547627445240841,1.2658091851817328,-1.6344294835118223,0,0,0,0
2025-06-19,3257429809184.11,110796480712.41,64.019,9.3568,https://api.coinmarketcap.com/data-api/v3/global-metrics/quotes/historical,0,0,0,0,0,28.811959598264025,1.0576725702252803,1.2710312276960842,-1.6258078097635849,0,0,0,0
2025-06-20,3252118162853.55,84905800849.17,63.9933,9.36,https://api.coinmarketcap.com/data-api/v3/global-metrics/quotes/historical,0,0,0,0,0,28.810327642394817,1.0555897518463433,1.2680221135118048,-1.6249347288776874,0,0,0,0
2025-06-21,3193619333281.39,115295735404.15,64.3162,9.0988,https://api.coinmarketcap.com/data-api/v3/global-metrics/quotes/historical,0,0,0,0,0,28.792175976803183,1.0324233026696663,1.3058292329710868,-1.69619995618907,0,0,0,0
2025-06-22,3138352601451.89,92339334420.25,64.7368,8.8384,https://api.coinmarketcap.com/data-api/v3/global-metrics/quotes/historical,0,0,0,0,0,28.77471912895301,1.0101436294096873,1.35507566977683,-1.7672469132789785,0,0,0,0
2025-06-23,3092059833701.08,144566501365.38,64.9398,8.6998,https://api.coinmarketcap.com/data-api/v3/global-metrics/quotes/historical,0,0,0,0,0,28.759858597598797,0.9911775602840838,1.3788441592479803,-1.8050622291494138,0,0,0,0
2025-06-24,3251422984478.75,145370532299.99,64.5104,8.975,https://api.coinmarketcap.com/data-api/v3/global-metrics/quotes/historical,0,0,0,0,0,28.810113857823705,1.055316904741683,1.3285673642779712,-1.7299772729622294,0,0,0,0
2025-06-25,3272564487406.99,115907633538.93,64.4476,9.0347,https://api.coinmarketcap.com/data-api/v3/global-metrics/quotes/historical,0,0,0,0,0,28.81659504039024,1.063588651803925,1.3212143537420675,-1.713688857684704,0,0,0,0
2025-06-26,3288731370968.22,109154726645.23,64.9175,8.8802,https://api.coinmarketcap.com/data-api/v3/global-metrics/quotes/historical,0,0,0,0,0,28.821523004813027,1.0698780711835763,1.3762331379908046,-1.7558422942069425,0,0,0,0
2025-06-27,3266323067177.36,102512696862.55,65.1177,8.9298,https://api.coinmarketcap.com/data-api/v3/global-metrics/quotes/historical,0,0,0,0,0,28.814686023887656,1.0611522289004023,1.399673786227869,-1.7423095404755313,0,0,0,0
2025-06-28,3278624909730.19,97131729846.71,64.9492,8.9248,https://api.coinmarketcap.com/data-api/v3/global-metrics/quotes/historical,0,0,0,0,0,28.81844521558275,1.0659499772343006,1.3799447691052649,-1.7436737293597464,0,0,0,0
2025-06-29,3297877117822.64,66379128693.18,64.7124,8.9207,https://api.coinmarketcap.com/data-api/v3/global-metrics/quotes/historical,0,0,0,0,0,28.82430007976678,1.073422372143239,1.3522187675940907,-1.7447923642448024,0,0,0,0
2025-06-30,3340390617686.81,79213143423.58,64.5198,9.0368,https://api.coinmarketcap.com/data-api/v3/global-metrics/quotes/historical,0,0,0,0,0,28.83710886748211,1.0897698598227636,1.329667974135256,-1.713115898353334,0,0,0,0
2025-07-01,3309726866995.0,102305812622.83,64.3824,9.0703,https://api.coinmarketcap.com/data-api/v3/global-metrics/quotes/historical,0,0,0,0,0,28.827886784388593,1.077999980182211,1.3135803364340934,-1.7039758328290948,0,0,0,0
2025-07-02,3249064580818.2,97853901270.09,64.6941,8.9384,https://api.coinmarketcap.com/data-api/v3/global-metrics/quotes/historical,0,0,0,0,0,28.809388249554992,1.0543908317598705,1.3500760909570368,-1.739963135594682,0,0,0,0
2025-07-03,3359230686524.17,127746350750.45,64.4382,9.2382,https://api.coinmarketcap.com/data-api/v3/global-metrics/quotes/historical,0,0,0,0,0,28.842733101343786,1.09694790787882,1.320113743884783,-1.6581663700971603,0,0,0,0
2025-07-04,3383128377207.79,116401514233.0,64.4485,9.2455,https://api.coinmarketcap.com/data-api/v3/global-metrics/quotes/historical,0,0,0,0,0,28.84982195274812,1.1059952052163815,1.321319731281595,-1.656174654326207,0,0,0,0
2025-07-05,3322183505343.47,97314083570.83,64.6629,9.1142,https://api.coinmarketcap.com/data-api/v3/global-metrics/quotes/historical,0,0,0,0,0,28.83164336501107,1.0827943960791664,1.34642300292009,-1.6919982544256884,0,0,0,0
2025-07-06,3329243611099.58,65679146413.27,64.6551,9.1275,https://api.coinmarketcap.com/data-api/v3/global-metrics/quotes/historical,0,0,0,0,0,28.833766250305896,1.0855037735763544,1.345509730910855,-1.688369511993677,0,0,0,0
2025-07-07,3368903740745.58,82101595211.89,64.486,9.2134,https://api.coinmarketcap.com/data-api/v3/global-metrics/quotes/historical,0,0,0,0,0,28.84560850788944,1.1006177066235097,1.325710462095232,-1.664932746962866,0,0,0,0
2025-07-08,3340490469840.17,101182692207.58,64.4749,9.189,https://api.coinmarketcap.com/data-api/v3/global-metrics/quotes/historical,0,0,0,0,0,28.83713875939369,1.0898080100105163,1.324410805774396,-1.6715899887178345,0,0,0,0
2025-07-09,3372141459977.23,99809526761.02,64.2632,9.3632,https://api.coinmarketcap.com/data-api/v3/global-metrics/quotes/historical,0,0,0,0,0,28.846569106545648,1.1018436910840457,1.2996236667544816,-1.6240616479917895,0,0,0,0
2025-07-10,3462715757240.17,134210140295.09,63.9403,9.6587,https://api.coinmarketcap.com/data-api/v3/global-metrics/quotes/historical,0,0,0,0,0,28.873074298060995,1.135671505344869,1.2618165472951994,-1.5434380849346934,0,0,0,0
2025-07-11,3613640884854.91,193145116248.24,63.8418,9.8639,https://api.coinmarketcap.com/data-api/v3/global-metrics/quotes/historical,0,0,0,0,0,28.915736935384555,1.1901206033799672,1.2502835610247152,-1.4874517731265167,0,0,0,0
2025-07-12,3665570910840.58,215901360946.25,63.7757,9.742,https://api.coinmarketcap.com/data-api/v3/global-metrics/quotes/historical,0,0,0,0,0,28.930005212898468,1.2083307959485838,1.242544166177213,-1.520710698123674,0,0,0,0
2025-07-13,3659383301005.78,120693905188.58,63.8392,9.7087,https://api.coinmarketcap.com/data-api/v3/global-metrics/quotes/historical,0,0,0,0,0,28.928315752151654,1.2061745857468549,1.2499791370216364,-1.5297961960925448,0,0,0,0
2025-07-14,3716211159114.99,122706827701.24,63.7605,9.6578,https://api.coinmarketcap.com/data-api/v3/global-metrics/quotes/historical,0,0,0,0,0,28.943725759570057,1.2258419353830872,1.2407644566207523,-1.543683638933852,0,0,0,0
2025-07-15,3745815779140.9,297063806487.85,63.6484,9.7121,https://api.coinmarketcap.com/data-api/v3/global-metrics/quotes/historical,0,0,0,0,0,28.951660540722187,1.235968868548581,1.2276390986418564,-1.5288685476512789,0,0,0,0
2025-07-16,3725825731262.98,209240262381.13,62.8844,10.1732,https://api.coinmarketcap.com/data-api/v3/global-metrics/quotes/historical,0,0,0,0,0,28.946309616016556,1.2291396371143948,1.1381852761987106,-1.4030630487489872,0,0,0,0
2025-07-17,3797747452611.02,195654443892.18,62.1934,10.7186,https://api.coinmarketcap.com/data-api/v3/global-metrics/quotes/historical,0,0,0,0,0,28.965429231271276,1.253541452630444,1.0572787430727761,-1.2542573252588332,0,0,0,0
2025-07-18,3864463609209.33,202847137744.3,61.3959,10.8601,https://api.coinmarketcap.com/data-api/v3/global-metrics/quotes/historical,0,0,0,0,0,28.982844006761027,1.2757674301458344,0.9639025344361157,-1.2156507798355536,0,0,0,0
2025-07-19,3846761518959.17,245507308899.42,61.0259,11.1352,https://api.coinmarketcap.com/data-api/v3/global-metrics/quotes/historical,0,0,0,0,0,28.97825274634466,1.2699077364138323,0.9205806570749068,-1.1405931074260536,0,0,0,0
2025-07-20,3859940982598.73,131641583294.34,60.7821,11.2424,https://api.coinmarketcap.com/data-api/v3/global-metrics/quotes/historical,0,0,0,0,0,28.981673009806208,1.2742729203829195,0.8920350524785207,-1.1113448977484874,0,0,0,0
2025-07-21,3891487437183.71,179671114337.25,59.9782,11.6609,https://api.coinmarketcap.com/data-api/v3/global-metrics/quotes/historical,0,0,0,0,0,28.98981257506972,1.2846612136249624,0.7979094924496665,-0.9971622881397061,0,0,0,0
2025-07-22,3914541031797.71,203672233598.52,59.6801,11.6043,https://api.coinmarketcap.com/data-api/v3/global-metrics/quotes/historical,0,0,0,0,0,28.99571920524167,1.2921996759767018,0.7630061096351356,-1.012604906309018,0,0,0,0
2025-07-23,3975636632856.58,219490951729.3,60.0532,11.3829,https://api.coinmarketcap.com/data-api/v3/global-metrics/quotes/historical,0,0,0,0,0,29.01120601041993,1.311965040386929,0.806690954076938,-1.073011190102051,0,0,0,0
2025-07-24,3872291607259.01,206846395648.84,61.0286,11.3144,https://api.coinmarketcap.com/data-api/v3/global-metrics/quotes/historical,0,0,0,0,0,28.98486759429919,1.2783500767696783,0.9208967896934882,-1.091700577815794,0,0,0,0
2025-07-25,3860448257469.04,202459763682.83,61.006,11.5931,https://api.coinmarketcap.com/data-api/v3/global-metrics/quotes/historical,0,0,0,0,0,28.98180442154084,1.274440637403498,0.9182506425898038,-1.0156606894096591,0,0,0,0
2025-07-26,3863480415856.83,224610104100.87,60.5837,11.6435,https://api.coinmarketcap.com/data-api/v3/global-metrics/quotes/historical,0,0,0,0,0,28.98258955529124,1.2754426810470274,0.8688051593205102,-1.0019096654567738,0,0,0,0
2025-07-27,3877931493684.97,123026511607.07,60.5204,11.6471,https://api.coinmarketcap.com/data-api/v3/global-metrics/quotes/historical,0,0,0,0,0,28.986323007220353,1.2802075784572788,0.8613936057070927,-1.000927449460139,0,0,0,0
2025-07-28,3948544615623.41,140164426843.02,60.1961,11.8462,https://api.coinmarketcap.com/data-api/v3/global-metrics/quotes/historical,0,0,0,0,0,29.00436817520565,1.3032381077993689,0.8234225656307678,-0.9466054480907045,0,0,0,0
2025-07-29,3873826505516.51,175973832451.87,60.6019,11.8165,https://api.coinmarketcap.com/data-api/v3/global-metrics/quotes/historical,0,0,0,0,0,28.985263895583326,1.2788558647102544,0.8709361273420616,-0.9547087300629405,0,0,0,0
2025-07-30,3868437749046.61,172177478755.85,60.6566,11.8368,https://api.coinmarketcap.com/data-api/v3/global-metrics/quotes/historical,0,0,0,0,0,28.98387185905166,1.2770792484873457,0.8773407400222184,-0.9491701231930282,0,0,0,0
2025-07-31,3857231591412.11,169988516378.55,60.7898,11.9188,https://api.coinmarketcap.com/data-api/v3/global-metrics/quotes/historical,0,0,0,0,0,28.980970837793866,1.273376758421633,0.8929366158722539,-0.9267974254919052,0,0,0,0
2025-08-01,3780087321041.26,163829760262.55,60.9352,11.8055,https://api.coinmarketcap.com/data-api/v3/global-metrics/quotes/historical,0,0,0,0,0,28.96076822609779,1.2475927456691644,0.9099609428136591,-0.957709945608213,0,0,0,0
2025-08-02,3681223544371.78,211187714740.87,61.2459,11.4356,https://api.coinmarketcap.com/data-api/v3/global-metrics/quotes/historical,0,0,0,0,0,28.934266297732172,1.2137690960725687,0.9463396111815716,-1.0586326392624261,0,0,0,0
2025-08-03,3627818740391.8,134865563143.77,61.728,11.2892,https://api.coinmarketcap.com/data-api/v3/global-metrics/quotes/historical,0,0,0,0,0,28.91965268563008,1.195118162892816,1.0027868465216772,-1.0985760897922368,0,0,0,0
2025-08-04,3703975645932.46,106538229871.39,61.3709,11.3979,https://api.coinmarketcap.com/data-api/v3/global-metrics/quotes/historical,0,0,0,0,0,28.940427857618634,1.221632917893115,0.9609753805603585,-1.0689186234494061,0,0,0,0
2025-08-05,3776771547549.3,118300822841.16,60.6389,11.8898,https://api.coinmarketcap.com/data-api/v3/global-metrics/quotes/historical,0,0,0,0,0,28.9598906726692,1.2464727494461931,0.8752683150781824,-0.9347097210203512,0,0,0,0
2025-08-06,3720352203083.95,146666065520.78,61.0555,11.7192,https://api.coinmarketcap.com/data-api/v3/global-metrics/quotes/historical,0,0,0,0,0,28.944839457980276,1.2272633166600961,0.9240464072638037,-0.9812558457497609,0,0,0,0
2025-08-07,3759963070600.88,129620515189.43,60.886,11.8267,https://api.coinmarketcap.com/data-api/v3/global-metrics/quotes/historical,0,0,0,0,0,28.955430251633416,1.2407800422557471,0.9042003039861687,-0.951925784739142,0,0,0,0
2025-08-08,3884377153423.13,163260312499.02,60.2129,12.161,https://api.coinmarketcap.com/data-api/v3/global-metrics/quotes/historical,0,0,0,0,0,28.987983766026186,1.2823271571965318,0.8253896130352764,-0.8607161159405387,0,0,0,0
2025-08-09,3888254278468.31,174127637251.13,59.7298,12.4473,https://api.coinmarketcap.com/data-api/v3/global-metrics/quotes/historical,0,0,0,0,0,28.988981401228813,1.2836004103369576,0.7688252915401407,-0.7826026604303972,0,0,0,0
2025-08-10,3927105101686.92,157916204287.68,59.0473,13.1048,https://api.coinmarketcap.com/data-api/v3/global-metrics/quotes/historical,0,0,0,0,0,28.99892365502849,1.2962894231544937,0.6889139907319644,-0.6032118221561471,0,0,0,0
2025-08-11,3980340328098.71,161383807766.26,59.6591,12.8977,https://api.coinmarketcap.com/data-api/v3/global-metrics/quotes/historical,0,0,0,0,0,29.0123884411417,1.3134741427380343,0.7605473003794994,-0.6597165257403251,0,0,0,0
2025-08-12,3943808853058.7,214864335667.67,59.9163,12.9348,https://api.coinmarketcap.com/data-api/v3/global-metrics/quotes/historical,0,0,0,0,0,29.00316808624565,1.3017064687462516,0.7906618594532909,-0.6495942442194514,0,0,0,0
2025-08-13,4060031322321.97,208784679151.96,58.9044,13.6472,https://api.coinmarketcap.com/data-api/v3/global-metrics/quotes/historical,0,0,0,0,0,29.032211804370057,1.3387741315694839,0.6721823791781355,-0.45522461199652203,0,0,0,0
2025-08-14,4172149391652.69,244520534392.06,58.8472,13.7515,https://api.coinmarketcap.com/data-api/v3/global-metrics/quotes/historical,0,0,0,0,0,29.059452460588176,1.3735405982956674,0.6654850511104023,-0.42676763187180056,0,0,0,0
2025-08-15,4004132426774.25,287210632784.18,58.8495,13.7145,https://api.coinmarketcap.com/data-api/v3/global-metrics/quotes/historical,0,0,0,0,0,29.018348050454545,1.321080220844857,0.6657543492669719,-0.43686262961499056,0,0,0,0
2025-08-16,3963573258872.9,194058123381.58,58.9661,13.5267,https://api.coinmarketcap.com/data-api/v3/global-metrics/quotes/historical,0,0,0,0,0,29.008167072431863,1.3080865311616352,0.6794065949435041,-0.48810156410609945,0,0,0,0
2025-08-17,3973562525362.8,120552947110.1,58.8529,13.4438,https://api.coinmarketcap.com/data-api/v3/global-metrics/quotes/historical,0,0,0,0,0,29.01068416979182,1.3112990301892196,0.6661524421940748,-0.5107198158063815,0,0,0,0
2025-08-18,3988427090708.63,127530322364.43,58.631,13.5415,https://api.coinmarketcap.com/data-api/v3/global-metrics/quotes/historical,0,0,0,0,0,29.014418056253025,1.3160644821802951,0.6401710243928525,-0.48406356500882375,0,0,0,0
2025-08-19,3923496984498.12,194164417238.39,58.9897,13.2711,https://api.coinmarketcap.com/data-api/v3/global-metrics/quotes/historical,0,0,0,0,0,28.99800445993919,1.2951162808765975,0.6821698282022193,-0.5578388998671615,0,0,0,0
2025-08-20,3786913651750.15,189877271744.19,59.3228,12.9863,https://api.coinmarketcap.com/data-api/v3/global-metrics/quotes/historical,0,0,0,0,0,28.96257246336041,1.249895441839723,0.7211712264428108,-0.6355430987120384,0,0,0,0
2025-08-21,3884119772887.84,184546966061.63,58.5738,13.4717,https://api.coinmarketcap.com/data-api/v3/global-metrics/quotes/historical,0,0,0,0,0,28.987917503391902,1.2822425881005601,0.6334736963251194,-0.5031076418324625,0,0,0,0
2025-08-22,3810520784548.13,147195334224.23,58.7533,13.3807,https://api.coinmarketcap.com/data-api/v3/global-metrics/quotes/historical,0,0,0,0,0,28.968786984583865,1.257826856692744,0.6544906611530579,-0.5279358795251727,0,0,0,0
2025-08-23,4040858970682.4,245748611645.15,57.5895,14.4298,https://api.coinmarketcap.com/data-api/v3/global-metrics/quotes/historical,0,0,0,0,0,29.027478401807464,1.3327330259009442,0.5182257939288,-0.24170176783921646,0,0,0,0
2025-08-24,3997638084457.27,151380520201.56,57.4676,14.4228,https://api.coinmarketcap.com/data-api/v3/global-metrics/quotes/historical,0,0,0,0,0,29.016724823761443,1.3190085432625362,0.5039529916306066,-0.24361163227711713,0,0,0,0
2025-08-25,3952051896250.28,200007749171.23,57.1651,14.5985,https://api.coinmarketcap.com/data-api/v3/global-metrics/quotes/historical,0,0,0,0,0,29.005256027370226,1.304371248003129,0.46853442973394277,-0.1956740348858082,0,0,0,0
2025-08-26,3779490353606.92,230429510799.95,58.0185,13.9712,https://api.coinmarketcap.com/data-api/v3/global-metrics/quotes/historical,0,0,0,0,0,28.96061028938194,1.2473911755772944,0.5684557544367969,-0.366825172299401,0,0,0,0
2025-08-27,3875088960828.19,188281805222.04,57.4464,14.3312,https://api.coinmarketcap.com/data-api/v3/global-metrics/quotes/historical,0,0,0,0,0,28.985589736103417,1.279271725602484,0.5014707651439643,-0.26860357263593276,0,0,0,0
2025-08-28,3849439690642.03,173365765044.11,57.5426,14.1271,https://api.coinmarketcap.com/data-api/v3/global-metrics/quotes/historical,0,0,0,0,0,28.978948718738835,1.2707959859806095,0.512734453257879,-0.3242897628895823,0,0,0,0
2025-08-29,3897230544082.87,161840758401.64,57.5132,13.9689,https://api.coinmarketcap.com/data-api/v3/global-metrics/quotes/historical,0,0,0,0,0,28.99128729990989,1.2865433625598288,0.509292120299988,-0.36745269918613976,0,0,0,0
2025-08-30,3763781119268.45,199681440424.94,57.3532,13.9829,https://api.coinmarketcap.com/data-api/v3/global-metrics/quotes/historical,0,0,0,0,0,28.956445184863192,1.2420753723711364,0.49055833549514116,-0.363632970310338,0,0,0,0
2025-08-31,3777244254407.55,120610489953.98,57.3714,13.9798,https://api.coinmarketcap.com/data-api/v3/global-metrics/quotes/historical,0,0,0,0,0,28.960015826460577,1.2466324796336274,0.4926893035166926,-0.3644787674185516,0,0,0,0
2025-09-01,3758950865270.84,117896818454.78,57.3442,14.0984,https://api.coinmarketcap.com/data-api/v3/global-metrics/quotes/historical,0,0,0,0,0,28.955161009201653,1.2404364158772117,0.4895045600998685,-0.3321202070849756,0,0,0,0
2025-09-02,3762088070214.27,173061948360.64,57.8286,13.8426,https://api.coinmarketcap.com/data-api/v3/global-metrics/quotes/historical,0,0,0,0,0,28.95599525701031,1.241501142381921,0.5462210935965437,-0.40191211040140656,0,0,0,0
2025-09-03,3830057403802.4,176584656133.48,57.8243,13.6319,https://api.coinmarketcap.com/data-api/v3/global-metrics/quotes/historical,0,0,0,0,0,28.97390090694675,1.2643536088475342,0.5457176231299133,-0.4593990299822194,0,0,0,0
2025-09-04,3862052276812.46,149981002753.64,57.6162,13.9122,https://api.coinmarketcap.com/data-api/v3/global-metrics/quotes/historical,0,0,0,0,0,28.982219836045346,1.2749708189979805,0.5213519942681086,-0.3829226011331358,0,0,0,0
2025-09-05,3800304306576.44,144858025339.47,58.0284,13.6547,https://api.coinmarketcap.com/data-api/v3/global-metrics/quotes/historical,0,0,0,0,0,28.96610226013261,1.2544004200255765,0.5696149073715963,-0.4531783286701997,0,0,0,0
2025-09-06,3809690437352.44,163021076244.28,57.8475,13.6459,https://api.coinmarketcap.com/data-api/v3/global-metrics/quotes/historical,0,0,0,0,0,28.968569051727464,1.2575487152507778,0.5484340219266156,-0.45557930110641803,0,0,0,0
2025-09-07,3794143819617.98,77185980961.78,57.8583,13.597,https://api.coinmarketcap.com/data-api/v3/global-metrics/quotes/historical,0,0,0,0,0,28.964479893844153,1.2523298405529772,0.5496985524009432,-0.468921068394039,0,0,0,0
2025-09-08,3836663835419.05,84794676622.46,57.7037,13.5455,https://api.coinmarketcap.com/data-api/v3/global-metrics/quotes/historical,0,0,0,0,0,28.975624312049312,1.266553141255059,0.5315970328332593,-0.4829722139014515,0,0,0,0
2025-09-09,3877964626711.72,140453607287.71,57.5593,13.4075,https://api.coinmarketcap.com/data-api/v3/global-metrics/quotes/historical,0,0,0,0,0,28.98633155117871,1.2802184828658072,0.5146897920468849,-0.5206238271057808,0,0,0,0
2025-09-10,3870761701942.21,151088280343.43,57.3952,13.439,https://api.coinmarketcap.com/data-api/v3/global-metrics/quotes/historical,0,0,0,0,0,28.98447242581058,1.2778457345834822,0.49547595400641375,-0.5120294371352275,0,0,0,0
2025-09-11,3942094066374.19,162162623480.29,57.5844,13.3162,https://api.coinmarketcap.com/data-api/v3/global-metrics/quotes/historical,0,0,0,0,0,29.002733186975636,1.3011514193054763,0.5176286545381455,-0.5455339161315438,0,0,0,0
2025-09-12,4001901923620.56,149620558090.15,57.4948,13.456,https://api.coinmarketcap.com/data-api/v3/global-metrics/quotes/historical,0,0,0,0,0,29.017790844948355,1.3203690754695216,0.5071377350474306,-0.5073911949288973,0,0,0,0
2025-09-13,4070516921201.28,173951302295.83,56.8154,13.9814,https://api.coinmarketcap.com/data-api/v3/global-metrics/quotes/historical,0,0,0,0,0,29.034791114984422,1.342066031585871,0.42758940131984785,-0.3640422269756024,0,0,0,0
2025-09-14,4071141488937.63,144149045856.46,56.7359,13.8408,https://api.coinmarketcap.com/data-api/v3/global-metrics/quotes/historical,0,0,0,0,0,29.034944540172784,1.3422618437448526,0.41828105199493987,-0.40240321839972376,0,0,0,0
2025-09-15,4032044654711.0,129734731905.19,57.0097,13.7976,https://api.coinmarketcap.com/data-api/v3/global-metrics/quotes/historical,0,0,0,0,0,29.025294721713422,1.3299460577485527,0.4503392412422349,-0.41418981035934005,0,0,0,0
2025-09-16,4006446451887.87,170521375033.3,57.3892,13.635,https://api.coinmarketcap.com/data-api/v3/global-metrics/quotes/historical,0,0,0,0,0,29.018925792765817,1.321817576754359,0.494773437076232,-0.45855323287400623,0,0,0,0
2025-09-17,4046883226054.64,142237773441.32,57.5188,13.4332,https://api.coinmarketcap.com/data-api/v3/global-metrics/quotes/historical,0,0,0,0,0,29.028968126959388,1.334634319302645,0.5099478027681579,-0.513611896240917,0,0,0,0
2025-09-18,4077209274237.12,188111014235.81,56.9077,13.5961,https://api.coinmarketcap.com/data-api/v3/global-metrics/quotes/historical,0,0,0,0,0,29.036433868896456,1.3441626311965675,0.4383964534291443,-0.46916662239319756,0,0,0,0
2025-09-19,4097611382320.37,171555814979.4,56.9472,13.5195,https://api.coinmarketcap.com/data-api/v3/global-metrics/quotes/historical,0,0,0,0,0,29.041425330189544,1.3505330898070962,0.4430213565528414,-0.4900659960993686,0,0,0,0
2025-09-20,4027179557845.82,137251023388.71,57.2351,13.4008,https://api.coinmarketcap.com/data-api/v3/global-metrics/quotes/historical,0,0,0,0,0,29.024087385292983,1.3284051689699417,0.4767304605860635,-0.5224518402106288,0,0,0,0
2025-09-21,4040165764283.03,95684493569.95,57.0694,13.3915,https://api.coinmarketcap.com/data-api/v3/global-metrics/quotes/historical,0,0,0,0,0,29.027306837822994,1.3325140637177384,0.45732928469754347,-0.5249892315352683,0,0,0,0
2025-09-22,4019479262530.72,104715579283.52,57.1508,13.3623,https://api.coinmarketcap.com/data-api/v3/global-metrics/quotes/historical,0,0,0,0,0,29.022173473484976,1.3259624983287819,0.4668600977170089,-0.5329560946190832,0,0,0,0
2025-09-23,3892285391346.74,235217896157.61,57.7248,13.034,https://api.coinmarketcap.com/data-api/v3/global-metrics/quotes/historical,0,0,0,0,0,28.99001760524812,1.284922887749775,0.534067550704399,-0.6225287367566288,0,0,0,0
2025-09-24,3866807940007.29,158534002973.27,57.719,13.0017,https://api.coinmarketcap.com/data-api/v3/global-metrics/quotes/historical,0,0,0,0,0,28.98345046091411,1.2765414301539575,0.5333884510052233,-0.6313413969486569,0,0,0,0
2025-09-25,3900714237081.73,156619241744.33,57.8942,12.8532,https://api.coinmarketcap.com/data-api/v3/global-metrics/quotes/historical,0,0,0,0,0,28.992180790009748,1.287683698298373,0.5539019453665306,-0.6718578068098374,0,0,0,0
2025-09-26,3724052157508.57,245740991618.15,58.3411,12.5468,https://api.coinmarketcap.com/data-api/v3/global-metrics/quotes/historical,0,0,0,0,0,28.94583348102095,1.2285319597020254,0.6062277480495695,-0.7554553016345223,0,0,0,0
2025-09-27,3785100578979.93,188427990097.71,57.754,12.8694,https://api.coinmarketcap.com/data-api/v3/global-metrics/quotes/historical,0,0,0,0,0,28.96209357551112,1.2492842510393027,0.5374864664312832,-0.667437834824981,0,0,0,0
2025-09-28,3783381657744.54,100361144612.16,57.771,12.8223,https://api.coinmarketcap.com/data-api/v3/global-metrics/quotes/historical,0,0,0,0,0,28.961639344078403,1.2487045285148135,0.5394769310667985,-0.6802884941142848,0,0,0,0
2025-09-29,3868622810249.71,111808311929.34,57.7738,12.9262,https://api.coinmarketcap.com/data-api/v3/global-metrics/quotes/historical,0,0,0,0,0,28.98391969665141,1.2771403022412122,0.5398047723008834,-0.6519406491003008,0,0,0,0
2025-09-30,3927591899491.65,177176921337.5,58.0413,12.9607,https://api.coinmarketcap.com/data-api/v3/global-metrics/quotes/historical,0,0,0,0,0,28.99904760578185,1.2964476179390774,0.5711253187714872,-0.6425277457992186,0,0,0,0
2025-10-01,3899878206959.86,170101446884.8,58.2793,12.8316,https://api.coinmarketcap.com/data-api/v3/global-metrics/quotes/historical,0,0,0,0,0,28.991966439591863,1.2874101290197382,0.5989918236686975,-0.6777511027896453,0,0,0,0
2025-10-02,4054434829623.38,194134474126.99,58.313,12.9532,https://api.coinmarketcap.com/data-api/v3/global-metrics/quotes/historical,0,0,0,0,0,29.03083241761037,1.3370136598870392,0.6029376270932187,-0.6445740291255404,0,0,0,0
2025-10-03,4147788703177.12,204283433928.23,57.9579,13.0578,https://api.coinmarketcap.com/data-api/v3/global-metrics/quotes/historical,0,0,0,0,0,29.05359646555216,1.366066760112838,0.5613603334419609,-0.6160351976677663,0,0,0,0
2025-10-04,4198276257821.33,217884525773.72,58.0396,12.9805,https://api.coinmarketcap.com/data-api/v3/global-metrics/quotes/historical,0,0,0,0,0,29.06569514217022,1.3815079534051216,0.5709262723079358,-0.6371255578177278,0,0,0,0
2025-10-05,4176964075761.32,118895585187.86,58.4075,12.9725,https://api.coinmarketcap.com/data-api/v3/global-metrics/quotes/historical,0,0,0,0,0,29.06060580091853,1.3750125734161702,0.6140022687435813,-0.6393082600324713,0,0,0,0
2025-10-06,4203977685865.46,188382223415.84,58.5459,12.9641,https://api.coinmarketcap.com/data-api/v3/global-metrics/quotes/historical,0,0,0,0,0,29.06705226109507,1.3832400052898672,0.6302069925997746,-0.6416000973579522,0,0,0,0
2025-10-07,4276096147344.24,203069961391.44,58.1387,13.2302,https://api.coinmarketcap.com/data-api/v3/global-metrics/quotes/historical,0,0,0,0,0,29.084061594185666,1.4049485283222678,0.5825295102714381,-0.568997964940039,0,0,0,0
2025-10-08,4156729862708.31,232638702938.0,58.225,12.9241,https://api.coinmarketcap.com/data-api/v3/global-metrics/quotes/historical,0,0,0,0,0,29.055749790375298,1.3688149867052821,0.5926340454505526,-0.6525136084316712,0,0,0,0
2025-10-09,4219881862458.85,193057155783.26,58.2586,12.9491,https://api.coinmarketcap.com/data-api/v3/global-metrics/quotes/historical,0,0,0,0,0,29.07082824890661,1.3880591900245238,0.5965681402595706,-0.6456926640105969,0,0,0,0
2025-10-10,4140370931751.28,211711221331.15,58.5943,12.7389,https://api.coinmarketcap.com/data-api/v3/global-metrics/quotes/historical,0,0,0,0,0,29.051806496793567,1.3637822744239372,0.6358739625032402,-0.7030431647029886,0,0,0,0
2025-10-11,3749317655375.35,417331388487.48,60.1327,12.358,https://api.coinmarketcap.com/data-api/v3/global-metrics/quotes/historical,0,0,0,0,0,28.952594980787826,1.2371614675516849,0.8159993034018469,-0.806967073902474,0,0,0,0
2025-10-12,3691252258730.43,296052259501.3,59.8352,12.264,https://api.coinmarketcap.com/data-api/v3/global-metrics/quotes/historical,0,0,0,0,0,28.936986881919136,1.217241299489935,0.7811661722803341,-0.8326138249257132,0,0,0,0
2025-10-13,3902591403361.21,262597668722.59,58.8017,12.8715,https://api.coinmarketcap.com/data-api/v3/global-metrics/quotes/historical,0,0,0,0,0,28.99266191080706,1.288297738946184,0.6601576310565235,-0.6668648754936112,0,0,0,0
2025-10-14,3939084414401.06,234109459252.65,58.3302,13.0081,https://api.coinmarketcap.com/data-api/v3/global-metrics/quotes/historical,0,0,0,0,0,29.00196943010177,1.3001766583551695,0.6049515089597394,-0.6295952351768616,0,0,0,0
2025-10-15,3847725242515.07,267487194252.09,58.5948,12.9429,https://api.coinmarketcap.com/data-api/v3/global-metrics/quotes/historical,0,0,0,0,0,28.978503243509916,1.2702274387474033,0.6359325055807556,-0.6473842582270232,0,0,0,0
2025-10-16,3752771974745.55,204264857004.22,58.8506,12.8239,https://api.coinmarketcap.com/data-api/v3/global-metrics/quotes/historical,0,0,0,0,0,28.953515876107563,1.238336779784826,0.6658831440375053,-0.6798519536713361,0,0,0,0
2025-10-17,3664296743180.6,222364951392.6,58.8603,12.8292,https://api.coinmarketcap.com/data-api/v3/global-metrics/quotes/historical,0,0,0,0,0,28.929657548320346,1.2078870816382394,0.6670188797412994,-0.6784059134540684,0,0,0,0
2025-10-18,3599873305696.44,245028901764.81,58.9681,12.8512,https://api.coinmarketcap.com/data-api/v3/global-metrics/quotes/historical,0,0,0,0,0,28.91191976790923,1.1852488622237862,0.6796407672535649,-0.6724034823635231,0,0,0,0
2025-10-19,3637138018596.93,110794138685.79,58.7614,12.9101,https://api.coinmarketcap.com/data-api/v3/global-metrics/quotes/historical,0,0,0,0,0,28.92221822968655,1.1983924930469658,0.6554390590088032,-0.6563333373074725,0,0,0,0
2025-10-20,3678341634508.39,135742396996.42,58.8992,12.7555,https://api.coinmarketcap.com/data-api/v3/global-metrics/quotes/historical,0,0,0,0,0,28.933483123742775,1.2127695536156917,0.6715735311719777,-0.6985140576073952,0,0,0,0
2025-10-21,3738741078709.74,169099320694.49,58.9732,12.8511,https://api.coinmarketcap.com/data-api/v3/global-metrics/quotes/historical,0,0,0,0,0,28.94977006071848,1.2335561032458953,0.6802379066442193,-0.6724307661412073,0,0,0,0
2025-10-22,3660221077917.81,229137936282.69,59.0672,12.7813,https://api.coinmarketcap.com/data-api/v3/global-metrics/quotes/historical,0,0,0,0,0,28.928544665320267,1.2064667410457595,0.6912440052170672,-0.6914748429648465,0,0,0,0
2025-10-23,3623935438825.19,197278838912.11,59.2247,12.6808,https://api.coinmarketcap.com/data-api/v3/global-metrics/quotes/historical,0,0,0,0,0,28.918581689056882,1.1937512807432895,0.7096850746343386,-0.7188950395375647,0,0,0,0
2025-10-24,3703709473490.72,155527002516.8,59.268,12.5691,https://api.coinmarketcap.com/data-api/v3/global-metrics/quotes/historical,0,0,0,0,0,28.94035599375359,1.221541200107288,0.7147549051471507,-0.7493710192109239,0,0,0,0
2025-10-25,3744347471368.37,144348346916.44,59.1298,12.684,https://api.coinmarketcap.com/data-api/v3/global-metrics/quotes/historical,0,0,0,0,0,28.951268477761147,1.2354684898579782,0.6985735985219641,-0.7180219586516674,0,0,0,0
2025-10-26,3767718805606.62,84273754265.55,59.086,12.6655,https://api.coinmarketcap.com/data-api/v3/global-metrics/quotes/historical,0,0,0,0,0,28.957490842895783,1.2434099156694318,0.6934452249316366,-0.7230694575232621,0,0,0,0
2025-10-27,3873674588309.92,123807275190.99,58.9506,12.9573,https://api.coinmarketcap.com/data-api/v3/global-metrics/quotes/historical,0,0,0,0,0,28.985224678497772,1.2788058130709292,0.677591759540535,-0.6434553942404845,0,0,0,0
2025-10-28,3851991443223.37,169984114696.53,59.0789,12.9107,https://api.coinmarketcap.com/data-api/v3/global-metrics/quotes/historical,0,0,0,0,0,28.979611388476542,1.2716417323239417,0.6926139132309214,-0.6561696346413666,0,0,0,0
2025-10-29,3795223610355.91,172991008417.65,59.3306,12.6602,https://api.coinmarketcap.com/data-api/v3/global-metrics/quotes/historical,0,0,0,0,0,28.96476444740021,1.2526930080794585,0.7220844984520467,-0.7245154977405298,0,0,0,0
2025-10-30,3727456158702.79,168775355737.64,58.8832,12.6402,https://api.coinmarketcap.com/data-api/v3/global-metrics/quotes/historical,0,0,0,0,0,28.946747121934056,1.2296980133444484,0.6697001526914932,-0.729972253277389,0,0,0,0
2025-10-31,3644635239380.09,186433740224.94,59.2555,12.5981,https://api.coinmarketcap.com/data-api/v3/global-metrics/quotes/historical,0,0,0,0,0,28.92427740488102,1.201020559173888,0.7132913282092717,-0.7414587236824778,0,0,0,0
2025-11-01,3687696202680.25,162383279578.24,59.2483,12.5917,https://api.coinmarketcap.com/data-api/v3/global-metrics/quotes/historical,0,0,0,0,0,28.936023043685527,1.2160111804498543,0.7124483078930538,-0.7432048854542731,0,0,0,0
2025-11-02,3707325180562.38,88831043085.34,59.2036,12.6108,https://api.coinmarketcap.com/data-api/v3/global-metrics/quotes/historical,0,0,0,0,0,28.941331756930346,1.222786538609622,0.7072145567631998,-0.7379936839165725,0,0,0,0
2025-11-03,3723628148439.64,104021467218.44,59.2448,12.6731,https://api.coinmarketcap.com/data-api/v3/global-metrics/quotes/historical,0,0,0,0,0,28.945719617629408,1.2283866391274496,0.7120385063504474,-0.7209958904192555,0,0,0,0
2025-11-04,3534206605351.27,212062696371.79,60.1276,12.3025,https://api.coinmarketcap.com/data-api/v3/global-metrics/quotes/historical,0,0,0,0,0,28.89350995029923,1.161752941044493,0.8154021640111926,-0.8221095705172587,0,0,0,0
2025-11-05,3368737767516.78,290948210234.43,60.1201,11.7897,https://api.coinmarketcap.com/data-api/v3/global-metrics/quotes/historical,0,0,0,0,0,28.845559240433275,1.100554827984986,0.8145240178484653,-0.962020782482332,0,0,0,0
2025-11-06,3458865996569.55,197660680881.44,59.907,11.9512,https://api.coinmarketcap.com/data-api/v3/global-metrics/quotes/historical,0,0,0,0,0,28.87196190462131,1.134251789564249,0.7895729582115089,-0.9179574815221929,0,0,0,0
2025-11-07,3371986733027.51,166736639486.24,59.9145,11.857,https://api.coinmarketcap.com/data-api/v3/global-metrics/quotes/historical,0,0,0,0,0,28.846523221608315,1.1017851294571075,0.7904511043742362,-0.9436588001008005,0,0,0,0
2025-11-08,3475899478372.93,222982440117.36,59.2964,11.9268,https://api.coinmarketcap.com/data-api/v3/global-metrics/quotes/historical,0,0,0,0,0,28.87687440414856,1.1405214715421361,0.7180801519500107,-0.9246147232771612,0,0,0,0
2025-11-09,3441080584438.74,139677780571.14,59.2883,11.9267,https://api.coinmarketcap.com/data-api/v3/global-metrics/quotes/historical,0,0,0,0,0,28.866806661370788,1.1276723007479925,0.7171317540942655,-0.9246420070548454,0,0,0,0
2025-11-10,3527376685155.67,145822784627.24,59.2195,12.2617,https://api.coinmarketcap.com/data-api/v3/global-metrics/quotes/historical,0,0,0,0,0,28.891575561920778,1.1592841367449025,0.7090762266281808,-0.833241351812452,0,0,0,0
2025-11-11,3567270051349.99,176675860282.66,59.2666,12.0704,https://api.coinmarketcap.com/data-api/v3/global-metrics/quotes/historical,0,0,0,0,0,28.902821727695812,1.1736372949465328,0.7145909845301077,-0.8854352185225115,0,0,0,0
2025-11-12,3454136912294.99,177369935688.4,59.491,11.9363,https://api.coinmarketcap.com/data-api/v3/global-metrics/quotes/historical,0,0,0,0,0,28.87059373363264,1.1325056322480507,0.7408651177189064,-0.9220227643971532,0,0,0,0
2025-11-13,3423467037517.58,162043597354.67,59.24,12.0341,https://api.coinmarketcap.com/data-api/v3/global-metrics/quotes/historical,0,0,0,0,0,28.861674907161945,1.1211227903206322,0.7114764928063025,-0.8953392298219108,0,0,0,0
2025-11-14,3346329391947.81,219786929402.36,59.4296,11.6592,https://api.coinmarketcap.com/data-api/v3/global-metrics/quotes/historical,0,0,0,0,0,28.838885157146983,1.0920368872774375,0.7336760278000464,-0.997626112360339,0,0,0,0
2025-11-15,3203271709223.11,234817175345.49,58.8293,11.7055,https://api.coinmarketcap.com/data-api/v3/global-metrics/quotes/historical,0,0,0,0,0,28.79519381256221,1.036274879726446,0.6633892089353604,-0.9849937232925096,0,0,0,0
2025-11-16,3241911688566.6,103180573421.59,58.7952,11.7892,https://api.coinmarketcap.com/data-api/v3/global-metrics/quotes/historical,0,0,0,0,0,28.807184299070467,1.051577993090609,0.6593965710488271,-0.9621572013707537,0,0,0,0
2025-11-17,3195192164876.78,157104836334.0,58.8049,11.6851,https://api.coinmarketcap.com/data-api/v3/global-metrics/quotes/historical,0,0,0,0,0,28.792668347450718,1.0330517011780362,0.6605323067526212,-0.9905596139401062,0,0,0,0
2025-11-18,3126931383746.27,203131673856.93,58.7592,11.6771,https://api.coinmarketcap.com/data-api/v3/global-metrics/quotes/historical,0,0,0,0,0,28.771073251005927,1.0054905001561172,0.6551814694677363,-0.9927423161548501,0,0,0,0
2025-11-19,3177409320943.4,207665190806.42,58.3588,11.8608,https://api.coinmarketcap.com/data-api/v3/global-metrics/quotes/historical,0,0,0,0,0,28.78708730174078,1.0259287729189577,0.6083001729936063,-0.9426220165487972,0,0,0,0
2025-11-20,3113320924061.28,180909960424.15,58.611,11.7191,https://api.coinmarketcap.com/data-api/v3/global-metrics/quotes/historical,0,0,0,0,0,28.766711093645693,0.9999232040710079,0.6378293012922461,-0.9812831295274456,0,0,0,0
2025-11-21,2965135089214.47,205707205214.66,58.2184,11.5192,https://api.coinmarketcap.com/data-api/v3/global-metrics/quotes/historical,0,0,0,0,0,28.71794370862685,0.9376827919823735,0.5918612768273529,-1.0358234011183545,0,0,0,0
2025-11-22,2904895832898.94,262183342152.65,58.4373,11.4898,https://api.coinmarketcap.com/data-api/v3/global-metrics/quotes/historical,0,0,0,0,0,28.6974186477234,0.9114872465726367,0.6174914361634842,-1.0438448317575373,0,0,0,0
2025-11-23,2894335861303.77,101140126165.93,58.3639,11.543,https://api.coinmarketcap.com/data-api/v3/global-metrics/quotes/historical,0,0,0,0,0,28.69377679175919,0.9068392504602312,0.6088973123842607,-1.029329862029492,0,0,0,0
2025-11-24,2955026694506.42,122532435842.49,58.6059,11.4412,https://api.coinmarketcap.com/data-api/v3/global-metrics/quotes/historical,0,0,0,0,0,28.71452880041972,0.9333244427706098,0.6372321619015918,-1.0571047477121056,0,0,0,0
2025-11-25,3031240619876.72,162468676225.77,58.1036,11.7563,https://api.coinmarketcap.com/data-api/v3/global-metrics/quotes/historical,0,0,0,0,0,28.739993097153757,0.965823792933866,0.5784197862298747,-0.9711335642288872,0,0,0,0
2025-11-26,3013140717682.51,140402884916.42,57.8378,11.8515,https://api.coinmarketcap.com/data-api/v3/global-metrics/quotes/historical,0,0,0,0,0,28.73400407849842,0.9581801805283464,0.5472982862228224,-0.9451594078734367,0,0,0,0
2025-11-27,3099796507303.76,139920152857.87,58.2653,11.7888,https://api.coinmarketcap.com/data-api/v3/global-metrics/quotes/historical,0,0,0,0,0,28.762357582459828,0.994366942849783,0.5973526174982738,-0.9622663364814906,0,0,0,0
2025-11-28,3110368201688.38,118289959188.66,58.5707,11.6986,https://api.coinmarketcap.com/data-api/v3/global-metrics/quotes/historical,0,0,0,0,0,28.76576222793766,0.9987121940350606,0.6331107292445258,-0.986876303952726,0,0,0,0
2025-11-29,3097354048626.7,130062590231.39,58.5733,11.8157,https://api.coinmarketcap.com/data-api/v3/global-metrics/quotes/historical,0,0,0,0,0,28.761569330252144,0.9933609192088377,0.6334151532476048,-0.9549270002844149,0,0,0,0
2025-11-30,3086627556076.25,84158288425.61,58.7277,11.696,https://api.coinmarketcap.com/data-api/v3/global-metrics/quotes/historical,0,0,0,0,0,28.75810020502062,0.988933374366858,0.6514932555842818,-0.987585682172518,0,0,0,0
2025-12-01,3071711460766.56,84354417578.23,58.7201,11.7561,https://api.coinmarketcap.com/data-api/v3/global-metrics/quotes/historical,0,0,0,0,0,28.753256001270977,0.9827508563273379,0.6506034008060521,-0.9711881317842557,0,0,0,0
2025-12-02,2931539712013.4,181784971722.91,58.7584,11.5281,https://api.coinmarketcap.com/data-api/v3/global-metrics/quotes/historical,0,0,0,0,0,28.70654889991197,0.9231399250681139,0.6550878005437123,-1.0333951449044518,0,0,0,0
2025-12-03,3093030885993.87,156821898412.51,58.9377,11.6979,https://api.coinmarketcap.com/data-api/v3/global-metrics/quotes/historical,0,0,0,0,0,28.76017259535397,0.991578306595772,0.6760813481406439,-0.9870672903965161,0,0,0,0
2025-12-04,3181627825841.59,158576614193.74,58.6235,12.0967,https://api.coinmarketcap.com/data-api/v3/global-metrics/quotes/historical,0,0,0,0,0,28.788414076665862,1.0276220976287842,0.6392928782301253,-0.8782595849915412,0,0,0,0
2025-12-05,3130735049271.67,134990550313.45,58.7347,12.0832,https://api.coinmarketcap.com/data-api/v3/global-metrics/quotes/historical,0,0,0,0,0,28.772288932932906,1.0070420400649036,0.6523128586694936,-0.8819428949789214,0,0,0,0
2025-12-06,3041893784254.5,135627956125.7,58.6388,11.998,https://api.coinmarketcap.com/data-api/v3/global-metrics/quotes/historical,0,0,0,0,0,28.743501392737418,0.9703013297706559,0.6410842964020891,-0.9051886735659422,0,0,0,0
2025-12-07,3043695850628.64,78629766912.27,58.5287,12.0539,https://api.coinmarketcap.com/data-api/v3/global-metrics/quotes/historical,0,0,0,0,0,28.74409363327118,0.9710571893448928,0.6281931107332533,-0.8899370418404201,0,0,0,0
2025-12-08,3067794380088.19,104609886385.11,58.8308,12.0445,https://api.coinmarketcap.com/data-api/v3/global-metrics/quotes/historical,0,0,0,0,0,28.751979976355813,0.981122302396786,0.6635648381679059,-0.8925017169427443,0,0,0,0
2025-12-09,3088492345273.68,123122589868.5,58.5777,12.2115,https://api.coinmarketcap.com/data-api/v3/global-metrics/quotes/historical,0,0,0,0,0,28.758704173618447,0.9897042021322334,0.6339303323297377,-0.846937808209969,0,0,0,0
2025-12-10,3165260348352.59,147808606858.04,58.4563,12.6625,https://api.coinmarketcap.com/data-api/v3/global-metrics/quotes/historical,0,0,0,0,0,28.783256426704856,1.0210395371970953,0.6197160731090597,-0.723887970853791,0,0,0,0
2025-12-11,3141462062831.25,144916697303.25,58.47,12.7726,https://api.coinmarketcap.com/data-api/v3/global-metrics/quotes/historical,0,0,0,0,0,28.775709432584474,1.0114075254765242,0.6213201534329748,-0.6938485316233801,0,0,0,0
2025-12-12,3138717203208.4,140955430663.96,58.8375,12.4485,https://api.coinmarketcap.com/data-api/v3/global-metrics/quotes/historical,0,0,0,0,0,28.774835298365893,1.0102918930930322,0.6643493154066082,-0.782275255098186,0,0,0,0
2025-12-13,3064936086159.75,146860462471.0,58.7909,12.1467,https://api.coinmarketcap.com/data-api/v3/global-metrics/quotes/historical,0,0,0,0,0,28.75104783229661,0.9799326337207165,0.6588931005821967,-0.8646176961493932,0,0,0,0
2025-12-14,3075544208039.34,102053589995.9,58.5981,12.2284,https://api.coinmarketcap.com/data-api/v3/global-metrics/quotes/historical,0,0,0,0,0,28.754502979752406,0.9843423391292112,0.636318889892356,-0.8423268497813224,0,0,0,0
2025-12-15,3010235906439.55,96448069081.47,58.4691,12.2741,https://api.coinmarketcap.com/data-api/v3/global-metrics/quotes/historical,0,0,0,0,0,28.733039565850643,0.9569492007528446,0.6212147758934473,-0.8298581633795988,0,0,0,0
2025-12-16,2950968811410.86,118899883205.97,58.464,12.1242,https://api.coinmarketcap.com/data-api/v3/global-metrics/quotes/historical,0,0,0,0,0,28.713154643013052,0.9315706451611481,0.620617636502793,-0.8707565461283597,0,0,0,0
2025-12-17,2982808459352.01,104463664213.13,58.7923,11.9907,https://api.coinmarketcap.com/data-api/v3/global-metrics/quotes/historical,0,0,0,0,0,28.723886408656018,0.9452672892563517,0.6590570211992388,-0.9071803893368956,0,0,0,0
2025-12-18,2908913333027.86,115169674942.15,59.1378,11.751,https://api.coinmarketcap.com/data-api/v3/global-metrics/quotes/historical,0,0,0,0,0,28.698800702295106,0.9132511231068977,0.6995102877622059,-0.9725796044461549,0,0,0,0
2025-12-19,2879542664557.9,130093541518.32,59.2564,11.8501,https://api.coinmarketcap.com/data-api/v3/global-metrics/quotes/historical,0,0,0,0,0,28.688652600438314,0.9002993923294496,0.7133967057487991,-0.9455413807610169,0,0,0,0
2025-12-20,2981811194912.08,124314566536.95,58.9865,12.0534,https://api.coinmarketcap.com/data-api/v3/global-metrics/quotes/historical,0,0,0,0,0,28.723552015347803,0.944840512686418,0.6817951525061223,-0.8900734607288417,0,0,0,0
2025-12-21,2990613320545.69,54411472214.62,58.976,12.0158,https://api.coinmarketcap.com/data-api/v3/global-metrics/quotes/historical,0,0,0,0,0,28.726499606224433,0.9486024382183954,0.6805657478783043,-0.9003321611381371,0,0,0,0
2025-12-22,2997407400024.44,68983001077.75,59.0295,12.0858,https://api.coinmarketcap.com/data-api/v3/global-metrics/quotes/historical,0,0,0,0,0,28.72876883096871,0.9514985845496176,0.686829857172425,-0.8812335167591294,0,0,0,0
2025-12-23,2994312469900.24,103385813710.36,59.0177,12.119,https://api.coinmarketcap.com/data-api/v3/global-metrics/quotes/historical,0,0,0,0,0,28.72773576184444,0.9501801081132472,0.6854482405430674,-0.8721753025679432,0,0,0,0
2025-12-24,2957176632218.16,102088658647.57,59.0224,12.0926,https://api.coinmarketcap.com/data-api/v3/global-metrics/quotes/historical,0,0,0,0,0,28.715256088602384,0.9342526597783221,0.6859985454717097,-0.8793782198765977,0,0,0,0
2025-12-25,2957884186914.29,75158900610.56,59.1383,12.0186,https://api.coinmarketcap.com/data-api/v3/global-metrics/quotes/historical,0,0,0,0,0,28.715495326953818,0.9345579928113494,0.6995688308397213,-0.8995682153629772,0,0,0,0
2025-12-26,2934700277588.46,64300755845.82,59.3462,11.9396,https://api.coinmarketcap.com/data-api/v3/global-metrics/quotes/historical,0,0,0,0,0,28.707626443921924,0.9245151635230234,0.7239110424705201,-0.9211223997335711,0,0,0,0
2025-12-27,2947572443450.84,97040599006.26,59.1404,11.9801,https://api.coinmarketcap.com/data-api/v3/global-metrics/quotes/historical,0,0,0,0,0,28.712003046986638,0.9301008962456392,0.6998147117652849,-0.9100724697714311,0,0,0,0
2025-12-28,2973923395929.38,48195628249.64,58.9539,11.9616,https://api.coinmarketcap.com/data-api/v3/global-metrics/quotes/historical,0,0,0,0,0,28.72090320570921,0.9414599130625773,0.6779781438521345,-0.9151199686430258,0,0,0,0
2025-12-29,2976710235974.97,52358732248.91,58.9301,11.9555,https://api.coinmarketcap.com/data-api/v3/global-metrics/quotes/historical,0,0,0,0,0,28.721839858987405,0.9426553367252675,0.6751914933624141,-0.916784279081768,0,0,0,0
2025-12-30,2951927310595.86,117125977919.13,58.9435,11.9994,https://api.coinmarketcap.com/data-api/v3/global-metrics/quotes/historical,0,0,0,0,0,28.713479398581715,0.9319851213610476,0.6767604478398197,-0.904806700678362,0,0,0,0
2025-12-31,2988937415573.34,90083989817.52,59.0733,11.9972,https://api.coinmarketcap.com/data-api/v3/global-metrics/quotes/historical,0,0,0,0,0,28.725939060762006,0.947887030152894,0.6919582307627524,-0.9054069437874166,0,0,0,0
2026-01-01,2962686913811.92,87825284543.53,58.9858,12.0872,https://api.coinmarketcap.com/data-api/v3/global-metrics/quotes/historical,0,0,0,0,0,28.717117713669346,0.936628598354431,0.681713192197601,-0.8808515438715496,0,0,0,0
2026-01-02,3004534871630.71,60763165835.69,58.9757,12.0527,https://api.coinmarketcap.com/data-api/v3/global-metrics/quotes/historical,0,0,0,0,0,28.731143887120243,0.9545298004646782,0.6805306220317956,-0.8902644471726319,0,0,0,0
2026-01-03,3069214747084.34,118434512841.52,58.5264,12.2859,https://api.coinmarketcap.com/data-api/v3/global-metrics/quotes/historical,0,0,0,0,0,28.752442862100995,0.9817130701715805,0.6279238125766838,-0.8266386776128521,0,0,0,0
2026-01-04,3089360589368.91,67206026264.46,58.5689,12.2122,https://api.coinmarketcap.com/data-api/v3/global-metrics/quotes/historical,0,0,0,0,0,28.758985256418615,0.9900629400327117,0.6328999741654711,-0.8467468217661789,0,0,0,0
2026-01-05,3121302203496.37,80698829864.05,58.5183,12.151,https://api.coinmarketcap.com/data-api/v3/global-metrics/quotes/historical,0,0,0,0,0,28.769271403589595,1.0031908540776988,0.6269754147209385,-0.8634444937089683,0,0,0,0
2026-01-06,3208060885996.93,133240409078.8,58.4391,12.1358,https://api.coinmarketcap.com/data-api/v3/global-metrics/quotes/historical,0,0,0,0,0,28.796687785178186,1.0381815940444583,0.6177021912425391,-0.8675916279169814,0,0,0,0
2026-01-07,3214487569219.65,137384919078.81,58.229,12.3743,https://api.coinmarketcap.com/data-api/v3/global-metrics/quotes/historical,0,0,0,0,0,28.798689073424594,1.0407357807230437,0.5931023900706737,-0.8025198181399339,0,0,0,0
2026-01-08,3126397327476.89,110297322167.36,58.3237,12.2238,https://api.coinmarketcap.com/data-api/v3/global-metrics/quotes/historical,0,0,0,0,0,28.770902443970076,1.0052725040446822,0.604190448952043,-0.8435819035548001,0,0,0,0
2026-01-09,3106463656563.03,112093617884.01,58.5242,12.0608,https://api.coinmarketcap.com/data-api/v3/global-metrics/quotes/historical,0,0,0,0,0,28.76450610722287,0.9971090432634675,0.6276662230356169,-0.8880544611802037,0,0,0,0
2026-01-10,3089606517552.13,97780395048.9,58.5158,12.0451,https://api.coinmarketcap.com/data-api/v3/global-metrics/quotes/historical,0,0,0,0,0,28.759064858131683,0.9901645334116147,0.6266826993333623,-0.8923380142766384,0,0,0,0
2026-01-11,3087244401681.41,45505426812.24,58.4788,12.0505,https://api.coinmarketcap.com/data-api/v3/global-metrics/quotes/historical,0,0,0,0,0,28.75830002957527,0.9891884047036695,0.6223505115972414,-0.8908646902816865,0,0,0,0
2026-01-12,3102959243476.82,58339682476.26,58.4756,12.1307,https://api.coinmarketcap.com/data-api/v3/global-metrics/quotes/historical,0,0,0,0,0,28.76337736675385,0.9956684642390676,0.6219758359011446,-0.8689831005788806,0,0,0,0
2026-01-13,3103751137437.92,107121690382.23,58.6883,12.0246,https://api.coinmarketcap.com/data-api/v3/global-metrics/quotes/historical,0,0,0,0,0,28.763632540240867,0.9959941348277168,0.6468800610760881,-0.8979311887019193,0,0,0,0
2026-01-14,3247757333484.21,137333657852.9,58.6414,12.3481,https://api.coinmarketcap.com/data-api/v3/global-metrics/quotes/historical,0,0,0,0,0,28.808985822839627,1.0538772261074432,0.6413887204051671,-0.8096681678932194,0,0,0,0
2026-01-15,3283479128666.19,153765682434.14,58.9718,12.3316,https://api.coinmarketcap.com/data-api/v3/global-metrics/quotes/historical,0,0,0,0,0,28.819924686128484,1.0678381829768064,0.6800739860271773,-0.8141699912111285,0,0,0,0
2026-01-16,3231735580943.48,129201591559.75,59.0676,12.3896,https://api.coinmarketcap.com/data-api/v3/global-metrics/quotes/historical,0,0,0,0,0,28.80404044041365,1.0475655766308567,0.6912908396790792,-0.7983454001542365,0,0,0,0
2026-01-17,3230505135067.08,96789608709.11,59.0675,12.3111,https://api.coinmarketcap.com/data-api/v3/global-metrics/quotes/historical,0,0,0,0,0,28.803659629501357,1.0470795586067236,0.6912791310635766,-0.8197631656364094,0,0,0,0
2026-01-18,3224199088328.39,59037250962.23,58.9283,12.387,https://api.coinmarketcap.com/data-api/v3/global-metrics/quotes/historical,0,0,0,0,0,28.801705690629255,1.0445858025739025,0.6749807382833592,-0.799054778374028,0,0,0,0
2026-01-19,3173322436541.21,68899775009.91,58.9582,12.4839,https://api.coinmarketcap.com/data-api/v3/global-metrics/quotes/historical,0,0,0,0,0,28.785800242194753,1.0242861358061344,0.6784816143187649,-0.7726167977979447,0,0,0,0
2026-01-20,3130750940939.45,120236477334.26,59.0704,12.2855,https://api.coinmarketcap.com/data-api/v3/global-metrics/quotes/historical,0,0,0,0,0,28.772294008938125,1.0070485184244982,0.6916186809131641,-0.826747812723589,0,0,0,0
2026-01-21,2983907165594.0,140673192204.51,59.1367,11.8759,https://api.coinmarketcap.com/data-api/v3/global-metrics/quotes/historical,0,0,0,0,0,28.72425468706024,0.945737312400578,0.6993814929916725,-0.9385021661184684,0,0,0,0
2026-01-22,3022772747468.19,146424590620.46,59.0726,11.8966,https://api.coinmarketcap.com/data-api/v3/global-metrics/quotes/historical,0,0,0,0,0,28.737195654394068,0.9622534971287869,0.6918762704542311,-0.932854424137819,0,0,0,0
2026-01-23,3018034650925.23,99620652811.76,59.2235,11.7951,https://api.coinmarketcap.com/data-api/v3/global-metrics/quotes/historical,0,0,0,0,0,28.735626957628185,0.9602514145255688,0.7095445712483026,-0.96054745848738,0,0,0,0
2026-01-24,3019706207536.56,110344345214.97,59.2154,11.8028,https://api.coinmarketcap.com/data-api/v3/global-metrics/quotes/historical,0,0,0,0,0,28.73618066031044,0.9609580893473731,0.7085961733925573,-0.9584466076056892,0,0,0,0
2026-01-25,3010541590050.43,53608532603.16,59.1336,11.8211,https://api.coinmarketcap.com/data-api/v3/global-metrics/quotes/historical,0,0,0,0,0,28.733141108753138,0.9570787970412973,0.699018525911079,-0.953453676289463,0,0,0,0
2026-01-26,2919003314601.78,102101281264.06,59.2585,11.6416,https://api.coinmarketcap.com/data-api/v3/global-metrics/quotes/historical,0,0,0,0,0,28.702263343326354,0.9176703923504023,0.7136425866743625,-1.002428057232775,0,0,0,0
2026-01-27,2984538775089.33,119519166869.86,59.0879,11.8348,https://api.coinmarketcap.com/data-api/v3/global-metrics/quotes/historical,0,0,0,0,0,28.724466336626634,0.9460074346600661,0.6936676886261941,-0.9497157987467143,0,0,0,0
2026-01-28,3022867412017.49,117064497915.55,58.9068,12.0674,https://api.coinmarketcap.com/data-api/v3/global-metrics/quotes/historical,0,0,0,0,0,28.73722697102781,0.9622934656484962,0.6724633859502075,-0.8862537318530405,0,0,0,0
2026-01-29,3020556483515.94,104472125797.37,58.9858,12.0115,https://api.coinmarketcap.com/data-api/v3/global-metrics/quotes/historical,0,0,0,0,0,28.736462196405302,0.9613174057748457,0.681713192197601,-0.901505363578562,0,0,0,0
2026-01-30,2875687027669.77,156961595857.26,58.7564,11.8277,https://api.coinmarketcap.com/data-api/v3/global-metrics/quotes/historical,0,0,0,0,0,28.687312727776007,0.8985893513539893,0.6548536282336513,-0.9516529469622992,0,0,0,0
2026-01-31,2841155122820.61,170679744443.46,59.1663,11.48,https://api.coinmarketcap.com/data-api/v3/global-metrics/quotes/historical,0,0,0,0,0,28.6752318187956,0.8831708343870577,0.7028472431805695,-1.0465186419705985,0,0,0,0
2026-02-01,2660524317026.48,180978003026.74,59.0654,11.1014,https://api.coinmarketcap.com/data-api/v3/global-metrics/quotes/historical,0,0,0,0,0,28.609544330962294,0.7993357813032707,0.6910332501380123,-1.1498150242833458,0,0,0,0
2026-02-02,2590179375124.41,140064859446.3,59.353,10.5656,https://api.coinmarketcap.com/data-api/v3/global-metrics/quotes/historical,0,0,0,0,0,28.582748246046645,0.765136708154943,0.7247072283247259,-1.2960015051158071,0,0,0,0
2026-02-03,2648043207932.09,207243386161.24,59.3776,10.686,https://api.coinmarketcap.com/data-api/v3/global-metrics/quotes/historical,0,0,0,0,0,28.604842071065082,0.7933344221236219,0.727587547738471,-1.2631518367839139,0,0,0,0
2026-02-04,2559559718481.03,169163101986.87,59.0594,10.5117,https://api.coinmarketcap.com/data-api/v3/global-metrics/quotes/historical,0,0,0,0,0,28.57085637466056,0.7499594544373421,0.6903307332078306,-1.310707461287643,0,0,0,0
2026-02-05,2479257387783.53,165877704079.23,58.868,10.4354,https://api.coinmarketcap.com/data-api/v3/global-metrics/quotes/historical,0,0,0,0,0,28.53898019085434,0.7092767970599617,0.6679204431350326,-1.3315249836607614,0,0,0,0
2026-02-06,2165376390515.56,268871243551.13,57.9165,10.1564,https://api.coinmarketcap.com/data-api/v3/global-metrics/quotes/historical,0,0,0,0,0,28.40361531470455,0.5365144955620489,0.5565129666237063,-1.407646723399949,0,0,0,0
2026-02-07,2400781264841.82,259063111510.54,58.7204,10.3696,https://api.coinmarketcap.com/data-api/v3/global-metrics/quotes/historical,0,0,0,0,0,28.50681532732745,0.6682257060507779,0.6506385266525606,-1.3494777093770285,0,0,0,0
2026-02-08,2374499382435.29,148521174713.63,58.3231,10.6228,https://api.coinmarketcap.com/data-api/v3/global-metrics/quotes/historical,0,0,0,0,0,28.495807744853554,0.65417704486031,0.6041201972590241,-1.2803951842803893,0,0,0,0
2026-02-09,2390772306664.45,89356096829.7,58.7483,10.543,https://api.coinmarketcap.com/data-api/v3/global-metrics/quotes/historical,0,0,0,0,0,28.50263757053699,0.6628937551138199,0.6539052303779062,-1.3021676388724583,0,0,0,0
2026-02-10,2389099143159.16,117123248524.14,58.6644,10.6286,https://api.coinmarketcap.com/data-api/v3/global-metrics/quotes/historical,0,0,0,0,0,28.501937483268456,0.6620002538511477,0.6440817019708643,-1.2788127251747001,0,0,0,0
2026-02-11,2342019545304.21,98367408888.61,58.7084,10.4096,https://api.coinmarketcap.com/data-api/v3/global-metrics/quotes/historical,0,0,0,0,0,28.4820347266304,0.6365989374923993,0.649233492792197,-1.33856419830331,0,0,0,0
2026-02-12,2287353016865.78,115219192597.5,58.5552,10.2421,https://api.coinmarketcap.com/data-api/v3/global-metrics/quotes/historical,0,0,0,0,0,28.45841637710959,0.6064555167110587,0.6312958938415559,-1.3842645259245066,0,0,0,0
2026-02-13,2275136543637.08,103392850398.92,58.1676,10.3253,https://api.coinmarketcap.com/data-api/v3/global-metrics/quotes/historical,0,0,0,0,0,28.453061185711515,0.5996208398199179,0.5859133001518136,-1.3615644228911719,0,0,0,0
2026-02-14,2355867536230.18,96735550296.98,58.4235,10.4939,https://api.coinmarketcap.com/data-api/v3/global-metrics/quotes/historical,0,0,0,0,0,28.4879301561263,0.6441231047431671,0.6158756472240658,-1.3155639737154476,0,0,0,0
2026-02-15,2400255908414.88,84112476525.57,58.0978,10.4877,https://api.coinmarketcap.com/data-api/v3/global-metrics/quotes/historical,0,0,0,0,0,28.50659647610423,0.667946392523636,0.5777406865306989,-1.317255567931874,0,0,0,0
2026-02-16,2351359325805.8,110448343528.66,58.4728,10.0888,https://api.coinmarketcap.com/data-api/v3/global-metrics/quotes/historical,0,0,0,0,0,28.48601471336781,0.6416784801938984,0.6216479946670597,-1.4260905571145333,0,0,0,0
2026-02-17,2361037352302.79,85502557076.49,58.2925,10.2128,https://api.coinmarketcap.com/data-api/v3/global-metrics/quotes/historical,0,0,0,0,0,28.490122194450105,0.6469207402640182,0.6005373609150971,-1.3922586727860056,0,0,0,0
2026-02-18,2328042922228.27,87687984066.52,57.9461,10.3259,https://api.coinmarketcap.com/data-api/v3/global-metrics/quotes/historical,0,0,0,0,0,28.476049083011052,0.6289596325483279,0.5599787168126034,-1.361400720225066,0,0,0,0
2026-02-19,2290230419094.46,82750968402.52,57.9903,10.2993,https://api.coinmarketcap.com/data-api/v3/global-metrics/quotes/historical,0,0,0,0,0,28.45967354812478,0.6080600079508719,0.565153924864942,-1.3686582050890888,0,0,0,0
2026-02-20,2299600581997.44,77789573607.96,58.2124,10.2254,https://api.coinmarketcap.com/data-api/v3/global-metrics/quotes/historical,0,0,0,0,0,28.463756563781896,0.6132710435018875,0.591158759897171,-1.388820916797784,0,0,0,0
2026-02-21,2332894416878.06,103595062645.11,58.2733,10.1849,https://api.coinmarketcap.com/data-api/v3/global-metrics/quotes/historical,0,0,0,0,0,28.47813085156914,0.6316165339359776,0.5982893067385157,-1.3998708467599241,0,0,0,0
2026-02-22,2333014242991.92,52441277099.53,58.2659,10.209,https://api.coinmarketcap.com/data-api/v3/global-metrics/quotes/historical,0,0,0,0,0,28.478182213960743,0.6316820862803966,0.5974228691912918,-1.3932954563380089,0,0,0,0
2026-02-23,2314274534973.84,49466536618.87,58.4373,10.2088,https://api.coinmarketcap.com/data-api/v3/global-metrics/quotes/historical,0,0,0,0,0,28.470117378533047,0.6213891685803214,0.6174914361634842,-1.3933500238933774,0,0,0,0
2026-02-24,2225518171446.21,115501385951.95,58.0576,10.0634,https://api.coinmarketcap.com/data-api/v3/global-metrics/quotes/historical,0,0,0,0,0,28.431010890476248,0.5714786816625991,0.5730338230984812,-1.433020636646345,0,0,0,0
2026-02-25,2213549044343.99,92071655380.71,57.8675,10.1005,https://api.coinmarketcap.com/data-api/v3/global-metrics/quotes/historical,0,0,0,0,0,28.425618245793856,0.5645962042209656,0.5507757450272219,-1.4228983551254706,0,0,0,0
2026-02-26,2346452096651.67,126676168986.89,57.9181,10.5718,https://api.coinmarketcap.com/data-api/v3/global-metrics/quotes/historical,0,0,0,0,0,28.48392555716392,0.6390121501662126,0.5567003044717552,-1.2943099108993807,0,0,0,0
2026-02-27,2326893457092.33,104282252961.48,57.9748,10.5141,https://api.coinmarketcap.com/data-api/v3/global-metrics/quotes/historical,0,0,0,0,0,28.475555213679385,0.6283293213124681,0.5633390894619729,-1.31005265062322,0,0,0,0
2026-02-28,2271948950710.83,97314040428.0,57.9767,10.2545,https://api.coinmarketcap.com/data-api/v3/global-metrics/quotes/historical,0,0,0,0,0,28.45165914765775,0.5978314589417638,0.5635615531565303,-1.3808813374916538,0,0,0,0
2026-03-01,2304037439470.58,102407056705.14,58.1458,10.2941,https://api.coinmarketcap.com/data-api/v3/global-metrics/quotes/historical,0,0,0,0,0,28.465684108400385,0.6157311133073046,0.5833608219721533,-1.3700769615286723,0,0,0,0
2026-03-02,2270028628658.73,100208703972.67,57.9156,10.3107,https://api.coinmarketcap.com/data-api/v3/global-metrics/quotes/historical,0,0,0,0,0,28.450813559086267,0.5967522585473566,0.5564075890841789,-1.365547854433079,0,0,0,0
2026-03-03,2353233659996.14,127249408045.28,58.4597,10.3972,https://api.coinmarketcap.com/data-api/v3/global-metrics/quotes/historical,0,0,0,0,0,28.48681152375934,0.6426954263989539,0.6201141660361627,-1.3419473867361627,0,0,0,0
2026-03-04,2333680512743.56,113100447428.66,58.5303,10.2545,https://api.coinmarketcap.com/data-api/v3/global-metrics/quotes/historical,0,0,0,0,0,28.478467756423253,0.6320465159197669,0.6283804485813014,-1.3808813374916538,0,0,0,0
2026-03-05,2455986104085.64,155254645778.52,59.1958,10.4511,https://api.coinmarketcap.com/data-api/v3/global-metrics/quotes/historical,0,0,0,0,0,28.52954946825185,0.6972406368097108,0.706301284753963,-1.3272414305643265,0,0,0,0
2026-03-06,2406044730645.46,111679151937.16,58.8972,10.3957,https://api.coinmarketcap.com/data-api/v3/global-metrics/quotes/historical,0,0,0,0,0,28.509005324598935,0.671020736635207,0.6713393588619169,-1.3423566434014271,0,0,0,0
2026-03-07,2328054756450.63,96288970822.43,58.5263,10.2576,https://api.coinmarketcap.com/data-api/v3/global-metrics/quotes/historical,0,0,0,0,0,28.476054166333256,0.6289661202463793,0.6279121039611804,-1.3800355403834408,0,0,0,0
2026-03-08,2304947749107.55,55500143083.5,58.3604,10.312,https://api.coinmarketcap.com/data-api/v3/global-metrics/quotes/historical,0,0,0,0,0,28.466079123620247,0.6162352598810033,0.6084875108416543,-1.3651931653231835,0,0,0,0
2026-03-09,2270115604214.35,75155532368.54,58.1218,10.2975,https://api.coinmarketcap.com/data-api/v3/global-metrics/quotes/historical,0,0,0,0,0,28.4508518730918,0.596801157611602,0.5805507542514261,-1.3691493130874064,0,0,0,0
2026-03-10,2337499887152.53,108743480148.8,58.544,10.2939,https://api.coinmarketcap.com/data-api/v3/global-metrics/quotes/historical,0,0,0,0,0,28.48010304983226,0.6341335939048388,0.6299845289052164,-1.3701315290840408,0,0,0,0
2026-03-11,2380086793505.14,114831821515.66,58.776,10.3301,https://api.coinmarketcap.com/data-api/v3/global-metrics/quotes/historical,0,0,0,0,0,28.498158070806298,0.65717669833332,0.6571485168722456,-1.3602548015623257,0,0,0,0
2026-03-12,2392060343614.59,99042740510.16,58.7023,10.3538,https://api.coinmarketcap.com/data-api/v3/global-metrics/quotes/historical,0,0,0,0,0,28.503176178962356,0.6635811655693165,0.6485192672465127,-1.3537885462511474,0,0,0,0
2026-03-13,2402712055027.06,95642849028.47,58.6906,10.4158,https://api.coinmarketcap.com/data-api/v3/global-metrics/quotes/historical,0,0,0,0,0,28.507619238215067,0.6692517144149462,0.6471493592326585,-1.3368726040868832,0,0,0,0
2026-03-14,2416336264579.12,133610216933.08,58.7378,10.4517,https://api.coinmarketcap.com/data-api/v3/global-metrics/quotes/historical,0,0,0,0,0,28.513273568675057,0.6764681738945578,0.652675825750088,-1.3270777278982206,0,0,0,0
2026-03-15,2423903250372.04,56565868132.69,58.7661,10.4403,https://api.coinmarketcap.com/data-api/v3/global-metrics/quotes/historical,0,0,0,0,0,28.51640027012621,0.6804586931057602,0.6559893639374456,-1.3301880785542306,0,0,0,0
2026-03-16,2475733149082.16,71747227317.25,58.826,10.6183,https://api.coinmarketcap.com/data-api/v3/global-metrics/quotes/historical,0,0,0,0,0,28.53755768993555,0.7074613000152119,0.66300282462376,-1.2816229542761828,0,0,0,0
2026-03-17,2556327401344.12,141022295063.7,58.5796,11.1016,https://api.coinmarketcap.com/data-api/v3/global-metrics/quotes/historical,0,0,0,0,0,28.56959273553354,0.7483467081322708,0.6341527960242952,-1.1497604567279773,0,0,0,0
2026-03-18,2528135919069.45,115375647270.0,58.4988,11.0675,https://api.coinmarketcap.com/data-api/v3/global-metrics/quotes/historical,0,0,0,0,0,28.558503356222538,0.7341936519891683,0.6246922346978477,-1.159064224918322,0,0,0,0
2026-03-19,2444340754170.12,111146167690.46,58.3076,10.8803,https://api.coinmarketcap.com/data-api/v3/global-metrics/quotes/historical,0,0,0,0,0,28.524796572302357,0.6911746522916438,0.602305361856055,-1.2101394567433255,0,0,0,0
2026-03-20,2402862731735.62,105176508223.04,58.2034,10.7365,https://api.coinmarketcap.com/data-api/v3/global-metrics/quotes/historical,0,0,0,0,0,28.507681947345734,0.6693317482763664,0.5901049845018984,-1.2493735290533443,0,0,0,0
2026-03-21,2417008969944.12,89063741072.33,58.362,10.719,https://api.coinmarketcap.com/data-api/v3/global-metrics/quotes/historical,0,0,0,0,0,28.513551928832136,0.6768234369639015,0.6086748486897032,-1.2541481901480962,0,0,0,0
2026-03-22,2367252863106.9,51189301598.43,58.1525,10.6095,https://api.coinmarketcap.com/data-api/v3/global-metrics/quotes/historical,0,0,0,0,0,28.49275126927466,0.6502761529118133,0.5841452992108566,-1.2840239267124007,0,0,0,0
2026-03-23,2337308374320.64,74978674405.1,58.0662,10.6021,https://api.coinmarketcap.com/data-api/v3/global-metrics/quotes/historical,0,0,0,0,0,28.48002111584854,0.6340290239159263,0.5740407640317419,-1.2860429262610387,0,0,0,0
2026-03-24,2426522821630.58,124726403123.08,58.4511,10.7035,https://api.coinmarketcap.com/data-api/v3/global-metrics/quotes/historical,0,0,0,0,0,28.51748041091151,0.6818372457504209,0.619107225102902,-1.258377175689162,0,0,0,0
2026-03-25,2417642258268.2,95659652802.62,58.349,10.7618,https://api.coinmarketcap.com/data-api/v3/global-metrics/quotes/historical,0,0,0,0,0,28.51381390774139,0.6771577931173883,0.6071527286743088,-1.2424707332992173,0,0,0,0
2026-03-26,2441585324140.87,87676550779.9,58.4225,10.7175,https://api.coinmarketcap.com/data-api/v3/global-metrics/quotes/historical,0,0,0,0,0,28.5236686672636,0.689735139502882,0.6157585610690358,-1.2545574468133607,0,0,0,0
2026-03-27,2358801733778.56,93245872627.93,58.3307,10.5364,https://api.coinmarketcap.com/data-api/v3/global-metrics/quotes/historical,0,0,0,0,0,28.489174866098164,0.6457116923114719,0.6050100520372548,-1.3039683681996215,0,0,0,0
2026-03-28,2290037061438.48,100849309238.08,57.9639,10.4956,https://api.coinmarketcap.com/data-api/v3/global-metrics/quotes/historical,0,0,0,0,0,28.459589117398007,0.6079522514405475,0.5620628503721427,-1.315100149494815,0,0,0,0
2026-03-29,2291589340168.25,52390550786.89,57.9106,10.4967,https://api.coinmarketcap.com/data-api/v3/global-metrics/quotes/historical,0,0,0,0,0,28.460266727771746,0.6088170660883031,0.5558221583090279,-1.3148000279402874,0,0,0,0
2026-03-30,2279499711125.01,54318895460.3,57.8964,10.4974,https://api.coinmarketcap.com/data-api/v3/global-metrics/quotes/historical,0,0,0,0,0,28.45497710987255,0.6020660787694203,0.5541595349075975,-1.3146090414964973,0,0,0,0
2026-03-31,2301333098946.08,88721282138.69,58.003,10.6148,https://api.coinmarketcap.com/data-api/v3/global-metrics/quotes/historical,0,0,0,0,0,28.4645096791931,0.6142322230591984,0.566640919033827,-1.282577886495133,0,0,0,0
2026-04-01,2345871850149.12,99801061877.86,58.1975,10.8272,https://api.coinmarketcap.com/data-api/v3/global-metrics/quotes/historical,0,0,0,0,0,28.48367823983797,0.6386965061701718,0.5894141761872191,-1.2246271426936872,0,0,0,0
2026-04-02,2348541924002.81,93278546832.66,58.0117,10.9932,https://api.coinmarketcap.com/data-api/v3/global-metrics/quotes/historical,0,0,0,0,0,28.48481579364983,0.6401483334107696,0.5676595685825903,-1.1793360717377548,0,0,0,0
2026-04-03,2303738300226.11,97407802976.57,58.1008,10.7751,https://api.coinmarketcap.com/data-api/v3/global-metrics/quotes/historical,0,0,0,0,0,28.465554267339627,0.615565400892655,0.5780919449957898,-1.2388419908672055,0,0,0,0
2026-04-04,2306147704170.02,59592298894.33,58.084,10.7472,https://api.coinmarketcap.com/data-api/v3/global-metrics/quotes/historical,0,0,0,0,0,28.466599587836058,0.616899513403248,0.5761248975912813,-1.2464541648411245,0,0,0,0
2026-04-05,2318250643816.9,44130005627.51,58.0873,10.7522,https://api.coinmarketcap.com/data-api/v3/global-metrics/quotes/historical,0,0,0,0,0,28.471833984343476,0.6235800232466848,0.5765112819028807,-1.2450899759569094,0,0,0,0
2026-04-06,2360161314748.85,56293830933.53,58.4894,10.784,https://api.coinmarketcap.com/data-api/v3/global-metrics/quotes/historical,0,0,0,0,0,28.489751086337197,0.6464471056439145,0.623591624840563,-1.236413734653303,0,0,0,0
2026-04-07,2353816237677.66,91804299363.63,58.5454,10.8067,https://api.coinmarketcap.com/data-api/v3/global-metrics/quotes/historical,0,0,0,0,0,28.487059057861234,0.6430113470599036,0.6301484495222592,-1.230220317118968,0,0,0,0
2026-04-08,2452418042126.31,107549855877.7,58.7047,11.0291,https://api.coinmarketcap.com/data-api/v3/global-metrics/quotes/historical,0,0,0,0,0,28.528095609734283,0.6953851189627516,0.6488002740185855,-1.1695411955490922,0,0,0,0
2026-04-09,2417860235358.74,102130642915.51,58.8573,10.9319,https://api.coinmarketcap.com/data-api/v3/global-metrics/quotes/historical,0,0,0,0,0,28.513904064696526,0.6772728578484192,0.6666676212762085,-1.1960610274582284,0,0,0,0
2026-04-10,2435400628513.6,93725019364.92,58.9868,10.8514,https://api.coinmarketcap.com/data-api/v3/global-metrics/quotes/historical,0,0,0,0,0,28.52113238809336,0.6864981592820528,0.6818302783526318,-1.2180244684940873,0,0,0,0
2026-04-11,2469200620759.58,99348099625.57,59.1501,10.9745,https://api.coinmarketcap.com/data-api/v3/global-metrics/quotes/historical,0,0,0,0,0,28.534915578867214,0.7040892495840954,0.700950447469079,-1.184438138164718,0,0,0,0
2026-04-12,2476315972549.09,72423026352.99,59.0471,11.1385,https://api.coinmarketcap.com/data-api/v3/global-metrics/quotes/historical,0,0,0,0,0,28.53779307672405,0.7077617174091483,0.6888905735009584,-1.1396927427624715,0,0,0,0
2026-04-13,2408226487937.34,75889437382.64,58.8005,10.9855,https://api.coinmarketcap.com/data-api/v3/global-metrics/quotes/historical,0,0,0,0,0,28.509911695404476,0.6721775116482657,0.6600171276704875,-1.1814369226194454,0,0,0,0
2026-04-14,2522246699219.07,116615554405.32,59.0885,11.3411,https://api.coinmarketcap.com/data-api/v3/global-metrics/quotes/historical,0,0,0,0,0,28.55617116756879,0.7312171466296641,0.693737940319213,-1.0844158091740865,0,0,0,0
2026-04-15,2509003792463.73,156313384404.94,59.1771,11.1756,https://api.coinmarketcap.com/data-api/v3/global-metrics/quotes/historical,0,0,0,0,0,28.550906894855625,0.7244985066433736,0.7041117736548971,-1.1295704612415978,0,0,0,0
2026-04-16,2531413658600.72,132540939640.89,59.1553,11.251,https://api.coinmarketcap.com/data-api/v3/global-metrics/quotes/historical,0,0,0,0,0,28.559799020960867,0.7358472716616432,0.7015592954752359,-1.108998492867638,0,0,0,0
2026-04-17,2555696804792.52,152063229025.18,58.8656,11.0914,https://api.coinmarketcap.com/data-api/v3/global-metrics/quotes/historical,0,0,0,0,0,28.56934602443462,0.7480318378463668,0.6676394363629597,-1.1525434020517753,0,0,0,0
2026-04-18,2609181803991.12,175737309975.42,59.1738,11.1987,https://api.coinmarketcap.com/data-api/v3/global-metrics/quotes/historical,0,0,0,0,0,28.590057803055565,0.7744656857133005,0.7037253893432968,-1.123267908596525,0,0,0,0
2026-04-19,2553835239177.74,119941767425.53,59.3544,11.1102,https://api.coinmarketcap.com/data-api/v3/global-metrics/quotes/historical,0,0,0,0,0,28.568617360564378,0.7471018650881314,0.7248711489417679,-1.1474140518471274,0,0,0,0
2026-04-20,2494934725428.5,125226986402.94,59.2437,10.9528,https://api.coinmarketcap.com/data-api/v3/global-metrics/quotes/historical,0,0,0,0,0,28.54528368263689,0.7173217624808396,0.711909711579914,-1.1903587179222106,0,0,0,0
2026-04-21,2549700499846.87,143239222439.11,59.5635,10.9571,https://api.coinmarketcap.com/data-api/v3/global-metrics/quotes/historical,0,0,0,0,0,28.566997017160528,0.7450338673650266,0.7493538639586026,-1.1891855154817856,0,0,0,0
2026-04-22,2564248543217.03,132812492740.4,59.6048,10.9561,https://api.coinmarketcap.com/data-api/v3/global-metrics/quotes/historical,0,0,0,0,0,28.572686586021078,0.7522953006026398,0.7541895221613537,-1.189458353258629,0,0,0,0
2026-04-23,2610474995048.88,153159227771.81,59.9697,10.9831,https://api.coinmarketcap.com/data-api/v3/global-metrics/quotes/historical,0,0,0,0,0,28.590553311145083,0.7750980884487134,0.7969142601319091,-1.1820917332838685,0,0,0,0
2026-04-24,2607747464829.18,145436855836.39,60.0894,10.7907,https://api.coinmarketcap.com/data-api/v3/global-metrics/quotes/historical,0,0,0,0,0,28.58950792433413,0.7737638913027995,0.8109294728890348,-1.2345857215484555,0,0,0,0
2026-04-25,2588159839378.11,132755908140.27,59.9157,10.7986,https://api.coinmarketcap.com/data-api/v3/global-metrics/quotes/historical,0,0,0,0,0,28.581968252398088,0.7641412246756886,0.7905916077602729,-1.2324303031113957,0,0,0,0
2026-04-26,2590201307560.45,98340939748.37,59.9978,10.8058,https://api.coinmarketcap.com/data-api/v3/global-metrics/quotes/historical,0,0,0,0,0,28.582756713546384,0.7651475149815331,0.8002043810882599,-1.2304658711181267,0,0,0,0
2026-04-27,2623120725227.89,105813368650.73,60.0425,10.9046,https://api.coinmarketcap.com/data-api/v3/global-metrics/quotes/historical,0,0,0,0,0,28.595385841384292,0.7812657079223221,0.8054381322181139,-1.2035094987660413,0,0,0,0
2026-04-28,2580083139361.93,141380491667.22,60.0384,10.7737,https://api.coinmarketcap.com/data-api/v3/global-metrics/quotes/historical,0,0,0,0,0,28.578842738901763,0.7601522216170928,0.8049580789824904,-1.2392239637547857,0,0,0,0
2026-04-29,2553807030321.88,119150659303.05,59.8556,10.8189,https://api.coinmarketcap.com/data-api/v3/global-metrics/quotes/historical,0,0,0,0,0,28.568606314819835,0.7470877677217888,0.7835547298429524,-1.226891696241484,0,0,0,0
2026-04-30,2535273210987.7,138991149954.67,59.8359,10.7249,https://api.coinmarketcap.com/data-api/v3/global-metrics/quotes/historical,0,0,0,0,0,28.561322522701882,0.7377916731533765,0.7812481325888555,-1.2525384472647225,0,0,0,0
2026-05-01,2544943244677.18,122132606594.0,60.0353,10.7003,https://api.coinmarketcap.com/data-api/v3/global-metrics/quotes/historical,0,0,0,0,0,28.565129464966134,0.7426503641665014,0.8045951119018961,-1.2592502565750594,0,0,0,0
2026-05-02,2593241053229.18,131594709547.81,60.3784,10.6812,https://api.coinmarketcap.com/data-api/v3/global-metrics/quotes/historical,0,0,0,0,0,28.58392958122991,0.7666444123017372,0.8447673716927904,-1.26446145811276,0,0,0,0
2026-05-03,2606994034907.71,90283275543.91,60.4187,10.7236,https://api.coinmarketcap.com/data-api/v3/global-metrics/quotes/historical,0,0,0,0,0,28.589218962771316,0.7733950979639668,0.8494859437405116,-1.2528931363746185,0,0,0,0
2026-05-04,2605472227794.47,94293269792.0,60.3608,10.7564,https://api.coinmarketcap.com/data-api/v3/global-metrics/quotes/historical,0,0,0,0,0,28.58863505216939,0.7726498696423598,0.842706655364257,-1.2439440572941693,0,0,0,0
2026-05-05,2638846176828.43,169914137705.88,60.5702,10.7319,https://api.coinmarketcap.com/data-api/v3/global-metrics/quotes/historical,0,0,0,0,0,28.60136288331908,0.7888940347835739,0.8672244962276011,-1.2506285828268218,0,0,0,0
2026-05-06,2676466285954.24,145740607836.76,60.5409,10.6461,https://api.coinmarketcap.com/data-api/v3/global-metrics/quotes/historical,0,0,0,0,0,28.615518490382275,0.8069604292937089,0.8637938718852135,-1.274038064079948,0,0,0,0
2026-05-07,2697883510640.86,154228720016.31,60.4407,10.516,https://api.coinmarketcap.com/data-api/v3/global-metrics/quotes/historical,0,0,0,0,0,28.623488696592542,0.8171325744429053,0.8520618391511778,-1.309534258847218,0,0,0,0
2026-05-08,2655783201562.67,140816374676.55,60.3362,10.4109,https://api.coinmarketcap.com/data-api/v3/global-metrics/quotes/historical,0,0,0,0,0,28.60776071829349,0.7970594077091179,0.8398263359505118,-1.338209509193414,0,0,0,0
2026-05-09,2675049580817.23,96636527651.12,60.0308,10.4086,https://api.coinmarketcap.com/data-api/v3/global-metrics/quotes/historical,0,0,0,0,0,28.614989030989694,0.8062846954858429,0.8040682242042597,-1.338837036080153,0,0,0,0
2026-05-10,2685463231291.39,63141179913.23,60.1535,10.4554,https://api.coinmarketcap.com/data-api/v3/global-metrics/quotes/historical,0,0,0,0,0,28.618874354629174,0.8112434223957545,0.8184346954264772,-1.3260682281239022,0,0,0,0
2026-05-11,2734766909991.24,88191883389.77,60.1625,10.4558,https://api.coinmarketcap.com/data-api/v3/global-metrics/quotes/historical,0,0,0,0,0,28.637067323304557,0.8344625855113069,0.8194884708217499,-1.3259590930131648,0,0,0,0
2026-05-12,2720943662604.91,91432944989.05,60.1544,10.3761,https://api.coinmarketcap.com/data-api/v3/global-metrics/quotes/historical,0,0,0,0,0,28.631999870849715,0.8279951415647622,0.8185400729660046,-1.3477042638275494,0,0,0,0
2026-05-13,2679082987828.19,87671766735.68,60.1625,10.2461,https://api.coinmarketcap.com/data-api/v3/global-metrics/quotes/historical,0,0,0,0,0,28.616495683177416,0.8082075923769066,0.8194884708217499,-1.3831731748171348,0,0,0,0
2026-05-14,2646588235842.2,93672631636.92,59.998,10.295,https://api.coinmarketcap.com/data-api/v3/global-metrics/quotes/historical,0,0,0,0,0,28.604292468267623,0.7926329798669636,0.8002277983192658,-1.3698314075295137,0,0,0,0
2026-05-15,2695026436853.4,105773258619.31,60.2425,10.2177,https://api.coinmarketcap.com/data-api/v3/global-metrics/quotes/historical,0,0,0,0,0,28.622429129834494,0.8157802798379996,0.8288553632241733,-1.390921767679475,0,0,0,0
2026-05-16,2632157588765.3,96509231550.89,60.1658,10.194,https://api.coinmarketcap.com/data-api/v3/global-metrics/quotes/historical,0,0,0,0,0,28.598825001750182,0.7856550094673848,0.8198748551333493,-1.397388022990653,0,0,0,0
2026-05-17,2599699928514.64,65558649851.33,60.1942,10.1195,https://api.coinmarketcap.com/data-api/v3/global-metrics/quotes/historical,0,0,0,0,0,28.58641714218574,0.7698192148655149,0.8232001019362103,-1.4177144373654542,0,0,0,0
2026-05-18,2573828230574.09,57065924330.68,60.2516,9.9817,https://api.coinmarketcap.com/data-api/v3/global-metrics/quotes/historical,0,0,0,0,0,28.576415490387074,0.7570543940887686,0.8299208472349494,-1.4553114830144152,0,0,0,0
2026-05-19,2564248072727.97,100202338712.23,60.114,10.0179,https://api.coinmarketcap.com/data-api/v3/global-metrics/quotes/historical,0,0,0,0,0,28.572686402540775,0.7522950664320018,0.81380979230278,-1.4454347554927,0,0,0,0
2026-05-20,2553453440138.83,70080826675.31,60.2126,9.9725,https://api.coinmarketcap.com/data-api/v3/global-metrics/quotes/historical,0,0,0,0,0,28.568467849125494,0.7469110479351398,0.8253544871887677,-1.4578215905613703,0,0,0,0
2026-05-21,2579317177822.19,75691936284.41,60.1647,9.9534,https://api.coinmarketcap.com/data-api/v3/global-metrics/quotes/historical,0,0,0,0,0,28.57854582007466,0.7597732726505105,0.8197460603628168,-1.463032792099071,0,0,0,0
2026-05-22,2589823180309.06,80066673817.35,59.9798,9.933,https://api.coinmarketcap.com/data-api/v3/global-metrics/quotes/historical,0,0,0,0,0,28.58261071915854,0.7649611865397177,0.7980968302977145,-1.4685986827466677,0,0,0,0
2026-05-23,2525702422897.51,79851239254.97,59.8595,9.8628,https://api.coinmarketcap.com/data-api/v3/global-metrics/quotes/historical,0,0,0,0,0,28.557540327255104,0.7329645657922523,0.7840113658475699,-1.4877518946810437,0,0,0,0
2026-05-24,2563132063824.95,80932213661.56,59.9206,9.96,https://api.coinmarketcap.com/data-api/v3/global-metrics/quotes/historical,0,0,0,0,0,28.572251089031372,0.7517394883093996,0.7911653299199213,-1.4612320627719073,0,0,0,0
2026-05-25,2566624473248.23,59930319182.34,60.0834,9.864,https://api.coinmarketcap.com/data-api/v3/global-metrics/quotes/historical,0,0,0,0,0,28.57361271699076,0.7534772949453491,0.8102269559588531,-1.487424489348832,0,0,0,0
2026-05-26,2579108875863.71,63672949547.84,60.0261,9.8788,https://api.coinmarketcap.com/data-api/v3/global-metrics/quotes/historical,0,0,0,0,0,28.578465058246756,0.7596701986503821,0.8035179192756174,-1.4833864902515563,0,0,0,0
2026-05-27,2537380279586.97,95801714921.59,59.8726,9.8502,https://api.coinmarketcap.com/data-api/v3/global-metrics/quotes/historical,0,0,0,0,0,28.562153278725084,0.7388519431926501,0.7855451944784669,-1.4911896506692655,0,0,0,0
2026-05-28,2494110418135.96,88507992545.82,59.7148,9.7841,https://api.coinmarketcap.com/data-api/v3/global-metrics/quotes/historical,0,0,0,0,0,28.54495323571716,0.7169000225731237,0.7670689992146862,-1.5092242277185852,0,0,0,0
2026-05-29,2471704057218.53,100932002319.54,59.6052,9.8008,https://api.coinmarketcap.com/data-api/v3/global-metrics/quotes/historical,0,0,0,0,0,28.535928930403557,0.7053825610296096,0.7542363566233665,-1.5046678368453075,0,0,0,0
2026-05-30,2471692542303.36,89619325334.18,59.476,9.8234,https://api.coinmarketcap.com/data-api/v3/global-metrics/quotes/historical,0,0,0,0,0,28.53592427169777,0.7053766152572888,0.7391088253934519,-1.498501703088657,0,0,0,0
2026-05-31,2492142106415.57,60420493223.47,59.298,9.7785,https://api.coinmarketcap.com/data-api/v3/global-metrics/quotes/historical,0,0,0,0,0,28.544163740274264,0.7158924122268053,0.7182674897980597,-1.510752119268906,0,0,0,0
2026-06-01,2488888162967.24,58256214746.94,59.2305,9.718,https://api.coinmarketcap.com/data-api/v3/global-metrics/quotes/historical,0,0,0,0,0,28.542857205788334,0.7142249198078265,0.7103641743335144,-1.5272588047679054,0,0,0,0
2026-06-02,2437223359354.95,111676315856.1,58.6363,9.9209,https://api.coinmarketcap.com/data-api/v3/global-metrics/quotes/historical,0,0,0,0,0,28.52188053977956,0.6874530037797814,0.6407915810145128,-1.4719000198464676,0,0,0,0
2026-06-03,2300212605026.85,129507676340.47,58.0881,9.7457,https://api.coinmarketcap.com/data-api/v3/global-metrics/quotes/historical,0,0,0,0,0,28.464022671559814,0.6136106692118002,0.5766049508269048,-1.5197011983493554,0,0,0,0
2026-06-04,2237946263880.01,124511765298.87,57.3313,9.768,https://api.coinmarketcap.com/data-api/v3/global-metrics/quotes/historical,0,0,0,0,0,28.436579714752543,0.5785860120571221,0.4879941486999775,-1.5136169159257569,0,0,0,0
2026-06-05,2207931253100.38,145820894025.94,57.9126,9.6716,https://api.coinmarketcap.com/data-api/v3/global-metrics/quotes/historical,0,0,0,0,0,28.423077108487476,0.5613530237005868,0.556056330619088,-1.539918477613419,0,0,0,0
2026-06-06,2100508271053.51,170408905760.01,58.1748,9.0895,https://api.coinmarketcap.com/data-api/v3/global-metrics/quotes/historical,0,0,0,0,0,28.373200465207468,0.4976968971695836,0.5867563204680314,-1.69873734751371,0,0,0,0
2026-06-07,2095567529990.77,82554271665.47,58.2034,9.0348,https://api.coinmarketcap.com/data-api/v3/global-metrics/quotes/historical,0,0,0,0,0,28.370845529986877,0.49469136102047484,0.5901049845018984,-1.7136615739070198,0,0,0,0
2026-06-08,2177252270206.05,84770964184.35,58.2393,9.3566,https://api.coinmarketcap.com/data-api/v3/global-metrics/quotes/historical,0,0,0,0,0,28.409084771212964,0.5434950057299219,0.5943083774674858,-1.6258623773189533,0,0,0,0
2026-06-09,2175066240501.42,88094734740.6,58.1216,9.3773,https://api.coinmarketcap.com/data-api/v3/global-metrics/quotes/historical,0,0,0,0,0,28.40808023540839,0.5422129455495327,0.5805273370204201,-1.620214635338304,0,0,0,0
2026-06-10,2128413723824.95,90795386813.48,58.0509,9.288,https://api.coinmarketcap.com/data-api/v3/global-metrics/quotes/historical,0,0,0,0,0,28.386398087601677,0.5145406433759547,0.5722493458597779,-1.6445790488103809,0,0,0,0
2026-06-11,2112501235963.05,74665250032.66,58.2979,9.2563,https://api.coinmarketcap.com/data-api/v3/global-metrics/quotes/historical,0,0,0,0,0,28.378893781248834,0.5049631128263913,0.6011696261522609,-1.653228006336303,0,0,0,0
2026-06-12,2178294183422.07,77601686072.6,58.4698,9.2621,https://api.coinmarketcap.com/data-api/v3/global-metrics/quotes/historical,0,0,0,0,0,28.40956320175985,0.5441056128884231,0.6212967362019688,-1.6516455472306135,0,0,0,0
2026-06-13,2174442338532.04,72791448188.8,58.5673,9.2417,https://api.coinmarketcap.com/data-api/v3/global-metrics/quotes/historical,0,0,0,0,0,28.40779335151688,0.5418468038828758,0.632712636317423,-1.6572114378782103,0,0,0,0
2026-06-14,2200815491046.22,49022759173.39,58.6627,9.2132,https://api.coinmarketcap.com/data-api/v3/global-metrics/quotes/historical,0,0,0,0,0,28.419849085357075,0.5572331905418033,0.6438826555073129,-1.6649873145182346,0,0,0,0
2026-06-15,2241187979870.29,56656033140.73,58.7646,9.2862,https://api.coinmarketcap.com/data-api/v3/global-metrics/quotes/historical,0,0,0,0,0,28.438027189366995,0.5804333823119859,0.6558137347049001,-1.6450701568086985,0,0,0,0
2026-06-16,2269630890145.72,91630885146.77,58.5397,9.5443,https://api.coinmarketcap.com/data-api/v3/global-metrics/quotes/historical,0,0,0,0,0,28.45063833074045,0.5965286196450641,0.6294810584385868,-1.5746507266055287,0,0,0,0
2026-06-17,2250755772515.81,75577135511.46,58.4218,9.6008,https://api.coinmarketcap.com/data-api/v3/global-metrics/quotes/historical,0,0,0,0,0,28.44228717463939,0.5858702790974689,0.6156766007605143,-1.559235392213901,0,0,0,0
2026-06-18,2217319048570.16,83055560428.28,58.2482,9.5161,https://api.coinmarketcap.com/data-api/v3/global-metrics/quotes/historical,0,0,0,0,0,28.427319946253842,0.5667680356168875,0.595350444247255,-1.5823447519125002,0,0,0,0
2026-06-19,2170175971581.07,78073735647.14,58.0882,9.5055,https://api.coinmarketcap.com/data-api/v3/global-metrics/quotes/historical,0,0,0,0,0,28.405829373087567,0.5393402346516902,0.5766166594424081,-1.5852368323470358,0,0,0,0
2026-06-20,2182306409683.16,58254648795.67,58.336,9.4583,https://api.coinmarketcap.com/data-api/v3/global-metrics/quotes/historical,0,0,0,0,0,28.411403419549885,0.5464542299721654,0.6056306086589152,-1.598114775414024,0,0,0,0
2026-06-21,2203420325058.28,50142890671.82,58.4439,9.526,https://api.coinmarketcap.com/data-api/v3/global-metrics/quotes/historical,0,0,0,0,0,28.421031962216784,0.5587428622859396,0.6182642047866841,-1.579643657921755,0,0,0,0
2026-06-22,2174113833422.87,48764942736.07,58.3109,9.4631,https://api.coinmarketcap.com/data-api/v3/global-metrics/quotes/historical,0,0,0,0,0,28.407642264536832,0.5416539759119744,0.6026917461676545,-1.5968051540851773,0,0,0,0
2026-06-23,2191469060792.05,70822006487.33,58.5006,9.5079,https://api.coinmarketcap.com/data-api/v3/global-metrics/quotes/historical,0,0,0,0,0,28.415593238883144,0.5518015759858635,0.6249029897769017,-1.5845820216826128,0,0,0,0
2026-06-24,2149493762557.07,71650423594.64,58.4409,9.3494,https://api.coinmarketcap.com/data-api/v3/global-metrics/quotes/historical,0,0,0,0,0,28.39625347106745,0.5271187860826885,0.6179129463215932,-1.627826809312223,0,0,0,0
2026-06-25,2101491533289.17,92870296891.96,58.1805,9.3015,https://api.coinmarketcap.com/data-api/v3/global-metrics/quotes/historical,0,0,0,0,0,28.373668462494184,0.4982941886579483,0.5874237115517046,-1.6408957388230005,0,0,0,0
2026-06-26,2061313583586.17,94416995377.31,58.0728,9.1611,https://api.coinmarketcap.com/data-api/v3/global-metrics/quotes/historical,0,0,0,0,0,28.354364557445088,0.473657169373207,0.5748135326549417,-1.6792021626917535,0,0,0,0
2026-06-27,2074477539876.74,93702689506.72,58.0008,9.1718,https://api.coinmarketcap.com/data-api/v3/global-metrics/quotes/historical,0,0,0,0,0,28.360730449896078,0.48178177497402963,0.56638332949276,-1.6762827984795337,0,0,0,0
2026-06-28,2066972131670.31,43696001907.82,58.1403,9.1762,https://api.coinmarketcap.com/data-api/v3/global-metrics/quotes/historical,0,0,0,0,0,28.35710591403623,0.4771558840130956,0.5827168481194869,-1.6750823122614247,0,0,0,0
2026-06-29,2056614417810.17,45749494034.56,58.0148,9.2119,https://api.coinmarketcap.com/data-api/v3/global-metrics/quotes/historical,0,0,0,0,0,28.352082260224645,0.470744339016315,0.5680225356631846,-1.6653420036281306,0,0,0,0
2026-06-30,2082772399709.04,80947941588.72,57.8966,9.3308,https://api.coinmarketcap.com/data-api/v3/global-metrics/quotes/historical,0,0,0,0,0,28.3647210066153,0.48687480783957254,0.5541829521386035,-1.632901591961502,0,0,0,0
2026-07-01,2036206647825.95,76402113040.71,57.6599,9.3042,https://api.coinmarketcap.com/data-api/v3/global-metrics/quotes/historical,0,0,0,0,0,28.342109706433916,0.4580166551909225,0.5264686592429327,-1.6401590768255248,0,0,0,0
2026-07-02,2076307352175.69,85439614251.63,57.9257,9.349,https://api.coinmarketcap.com/data-api/v3/global-metrics/quotes/historical,0,0,0,0,0,28.36161212045481,0.4829070257718896,0.557590159249985,-1.6279359444229597,0,0,0,0
2026-07-03,2127835586044.13,88271790720.0,57.9463,9.6327,https://api.coinmarketcap.com/data-api/v3/global-metrics/quotes/historical,0,0,0,0,0,28.38612642222576,0.5141939246634242,0.5600021340436093,-1.5505318671326105,0,0,0,0
2026-07-04,2168569171832.98,67184055771.29,57.8341,9.7763,https://api.coinmarketcap.com/data-api/v3/global-metrics/quotes/historical,0,0,0,0,0,28.405088698183448,0.5383949325560734,0.54686506744921,-1.5113523623779601,0,0,0,0
2026-07-05,2184368324496.01,53184751693.36,57.9143,9.829,https://api.coinmarketcap.com/data-api/v3/global-metrics/quotes/historical,0,0,0,0,0,28.4123478063392,0.5476595236928612,0.5562553770826394,-1.496973811538336,0,0,0,0
2026-07-06,2195935631140.2,53896812718.01,58.0507,9.8021,https://api.coinmarketcap.com/data-api/v3/global-metrics/quotes/historical,0,0,0,0,0,28.41762932727929,0.55440017709552,0.572225928628772,-1.5043131477354121,0,0,0,0
2026-07-07,2204416762718.81,86833948512.69,58.2153,9.8415,https://api.coinmarketcap.com/data-api/v3/global-metrics/quotes/historical,0,0,0,0,0,28.4214840831358,0.5593198912224451,0.5914983097467585,-1.493563339327799,0,0,0,0
2026-07-08,2179916907548.42,73041535226.31,58.2362,9.7926,https://api.coinmarketcap.com/data-api/v3/global-metrics/quotes/historical,0,0,0,0,0,28.410307876199642,0.5450560194764887,0.5939454103868914,-1.50690510661542,0,0,0,0
2026-07-09,2148328128617.33,69234495974.35,58.1037,9.7878,https://api.coinmarketcap.com/data-api/v3/global-metrics/quotes/historical,0,0,0,0,0,28.39571104097247,0.5264264981400837,0.5784314948453781,-1.5082147279442661,0,0,0,0
2026-07-10,2168542296512.62,62865550550.48,58.4364,9.7078,https://api.coinmarketcap.com/data-api/v3/global-metrics/quotes/historical,0,0,0,0,0,28.405076304994775,0.5383791154855092,0.6173860586239568,-1.5300417500917034,0,0,0,0
2026-07-11,2198784426682.84,66224690315.6,58.4887,9.8562,https://api.coinmarketcap.com/data-api/v3/global-metrics/quotes/historical,0,0,0,0,0,28.418925790264048,0.5560548155469733,0.6235096645320416,-1.4895526240082075,0,0,0,0
2026-07-12,2187494805535.63,44051898661.9,58.4779,9.86,https://api.coinmarketcap.com/data-api/v3/global-metrics/quotes/historical,0,0,0,0,0,28.413778080563077,0.549484941583518,0.622245134057714,-1.4885158404562042,0,0,0,0
2026-07-13,2188905257109.58,46003128148.88,58.4112,9.9551,https://api.coinmarketcap.com/data-api/v3/global-metrics/quotes/historical,0,0,0,0,0,28.414422652175634,0.5503075898098012,0.6144354875171937,-1.4625689678784382,0,0,0,0
2026-07-14,2145725536452.29,72528361522.64,58.1836,9.9764,https://api.coinmarketcap.com/data-api/v3/global-metrics/quotes/historical,0,0,0,0,0,28.39449885654874,0.5248794219941896,0.5877866786322982,-1.456757523231683,0,0,0,0
2026-07-15,2227221406425.37,72046357303.67,58.504,10.2396,https://api.coinmarketcap.com/data-api/v3/global-metrics/quotes/historical,0,0,0,0,0,28.431775918402288,0.5724550648202693,0.6253010827040046,-1.3849466203666143,0,0,0,0
2026-07-16,2224231971711.84,67160107361.33,58.358,10.4014,https://api.coinmarketcap.com/data-api/v3/global-metrics/quotes/historical,0,0,0,0,0,28.430432790704884,0.5707408695370543,0.6082065040695814,-1.340801468073422,0,0,0,0
2026-07-17,2189890178869.41,64639793411.38,58.4248,10.2679,https://api.coinmarketcap.com/data-api/v3/global-metrics/quotes/historical,0,0,0,0,0,28.4148725118646,0.5508817328033725,0.6160278592256052,-1.3772253112819584,0,0,0,0
2026-07-18,2190100017808.23,64247385781.03,58.516,10.1439,https://api.coinmarketcap.com/data-api/v3/global-metrics/quotes/historical,0,0,0,0,0,28.414968328946173,0.5510040213911217,0.6267061165643683,-1.4110571956104858,0,0,0,0
2026-07-19,2210993825835.68,36461979031.7,58.7837,10.1602,https://api.coinmarketcap.com/data-api/v3/global-metrics/quotes/historical,0,0,0,0,0,28.42446322532401,0.5631220847867126,0.6580500802659789,-1.4066099398479457,0,0,0,0
2026-07-20,2210330338918.87,40504582571.5,58.6991,10.2169,https://api.coinmarketcap.com/data-api/v3/global-metrics/quotes/historical,0,0,0,0,0,28.424163094911915,0.5627390369664943,0.6481445915504157,-1.3911400379009493,0,0,0,0
2026-07-21,2228584113143.08,70380378345.19,58.7049,10.308,https://api.coinmarketcap.com/data-api/v3/global-metrics/quotes/historical,0,0,0,0,0,28.4323875729075,0.5732357018883767,0.6488236912495915,-1.3662845164305553,0,0,0,0
2026-07-22,2260726763304.86,69205127577.46,59.0128,10.2943,https://api.coinmarketcap.com/data-api/v3/global-metrics/quotes/historical,0,0,0,0,0,28.446707454201608,0.5915117548787343,0.6848745183834191,-1.3700223939733038,0,0,0,0
2026-07-23,2249444152930.26,64917763826.66,58.9378,10.3727,https://api.coinmarketcap.com/data-api/v3/global-metrics/quotes/historical,0,0,0,0,0,28.441704258482588,0.5851263199575962,0.6760930567561474,-1.3486319122688153,0,0,0,0
2026-07-24,2213593514170.65,60629115148.5,58.9473,10.2332,https://api.coinmarketcap.com/data-api/v3/global-metrics/quotes/historical,0,0,0,0,0,28.425638335423262,0.5646218440376671,0.6772053752289346,-1.386692782138409,0,0,0,0
2026-07-25,2189384863154.65,62382523141.26,58.729,10.2532,https://api.coinmarketcap.com/data-api/v3/global-metrics/quotes/historical,0,0,0,0,0,28.414641735897277,0.5505872000680029,0.6516454675858213,-1.3812360266015498,0,0,0,0
2026-07-26,2198245001275.96,38694180680.17,58.6907,10.284,https://api.coinmarketcap.com/data-api/v3/global-metrics/quotes/historical,0,0,0,0,0,28.418680431246816,0.5557416708840751,0.6471610678481611,-1.3728326230747863,0,0,0,0
2026-07-27,2234188500853.61,42181477034.14,58.6687,10.5505,https://api.coinmarketcap.com/data-api/v3/global-metrics/quotes/historical,0,0,0,0,0,28.43489919119569,0.576441208134115,0.6445851724374947,-1.300121355546136,0,0,0,0
2026-07-28,2179895478247.53,68151135258.79,58.6387,10.467,https://api.coinmarketcap.com/data-api/v3/global-metrics/quotes/historical,0,0,0,0,0,28.4102980458221,0.5450434732481225,0.6410725877865857,-1.3229033099125234,0,0,0,0
2026-07-29,2187980138918.93,62995390532.04,58.5583,10.5894,https://api.coinmarketcap.com/data-api/v3/global-metrics/quotes/historical,0,0,0,0,0,28.413999923170543,0.5497680729284155,0.6316588609221503,-1.2895079660269446,0,0,0,0
2026-07-30,2185802659760.39,67535538949.6,58.6576,10.537,https://api.coinmarketcap.com/data-api/v3/global-metrics/quotes/historical,0,0,0,0,0,28.413004227024363,0.5484972945500097,0.6432855161166585,-1.3038046655335156,0,0,0,0
2026-07-31,2208333746605.97,58815631975.08,58.8041,10.477,https://api.coinmarketcap.com/data-api/v3/global-metrics/quotes/historical,0,0,0,0,0,28.42325938627503,0.561585659602792,0.6604386378285964,-1.3201749321440939,0,0,0,0
