Date,Aggregate_Crypto_Market_Cap_USD,Aggregate_Crypto_Volume_24H_USD,BTC_Dominance_Percent,ETH_Dominance_Percent,Source_URL,Is_Interpolated
2020-01-01,190906009352.88,68967599558.58,68.3033,0.0,https://api.coinmarketcap.com/data-api/v3/global-metrics/quotes/historical,0
2020-01-02,191542043659.12,61537198640.32,68.191,0.0,https://api.coinmarketcap.com/data-api/v3/global-metrics/quotes/historical,0
2020-01-03,185801651215.77,67968229449.61,68.1546,0.0,https://api.coinmarketcap.com/data-api/v3/global-metrics/quotes/historical,0
2020-01-04,195561663745.56,89683613405.89,68.1903,0.0,https://api.coinmarketcap.com/data-api/v3/global-metrics/quotes/historical,0
2020-01-05,197601246408.57,62858900974.31,68.1272,0.0,https://api.coinmarketcap.com/data-api/v3/global-metrics/quotes/historical,0
2020-01-06,197779783038.89,67673095532.85,67.9849,0.0,https://api.coinmarketcap.com/data-api/v3/global-metrics/quotes/historical,0
2020-01-07,208829737313.18,81914860924.1,67.5872,0.0,https://api.coinmarketcap.com/data-api/v3/global-metrics/quotes/historical,0
2020-01-08,215477982659.48,90640060982.89,68.825,0.0,https://api.coinmarketcap.com/data-api/v3/global-metrics/quotes/historical,0
2020-01-09,212579989779.82,96417460157.84,68.8697,0.0,https://api.coinmarketcap.com/data-api/v3/global-metrics/quotes/historical,0
2020-01-10,208391004804.04,76792347658.35,68.5321,0.0,https://api.coinmarketcap.com/data-api/v3/global-metrics/quotes/historical,0
2020-01-11,217142833904.37,94863790145.25,68.3113,0.0,https://api.coinmarketcap.com/data-api/v3/global-metrics/quotes/historical,0
2020-01-12,213912161290.96,88206299492.02,68.0386,0.0,https://api.coinmarketcap.com/data-api/v3/global-metrics/quotes/historical,0
2020-01-13,218845911766.87,79886153277.92,67.9123,0.0,https://api.coinmarketcap.com/data-api/v3/global-metrics/quotes/historical,0
2020-01-14,217302263269.43,76542192567.0,68.0319,0.0,https://api.coinmarketcap.com/data-api/v3/global-metrics/quotes/historical,0
2020-01-15,241690318632.41,162337957911.43,66.0767,0.0,https://api.coinmarketcap.com/data-api/v3/global-metrics/quotes/historical,0
2020-01-16,241800731133.13,144578067793.22,66.2298,0.0,https://api.coinmarketcap.com/data-api/v3/global-metrics/quotes/historical,0
2020-01-17,239495173360.02,119393234203.89,66.1773,0.0,https://api.coinmarketcap.com/data-api/v3/global-metrics/quotes/historical,0
2020-01-18,245136022351.94,137079364761.41,65.9473,0.0,https://api.coinmarketcap.com/data-api/v3/global-metrics/quotes/historical,0
2020-01-19,244524577534.93,125135420549.4,66.3028,0.0,https://api.coinmarketcap.com/data-api/v3/global-metrics/quotes/historical,0
2020-01-20,238885714824.02,122591548910.68,66.275,0.0,https://api.coinmarketcap.com/data-api/v3/global-metrics/quotes/historical,0
2020-01-21,238430922469.24,96638062390.01,65.948,0.0,https://api.coinmarketcap.com/data-api/v3/global-metrics/quotes/historical,0
2020-01-22,241570437714.8,88652213131.11,65.7571,0.0,https://api.coinmarketcap.com/data-api/v3/global-metrics/quotes/historical,0
2020-01-23,240267938713.9,83729457733.32,65.6642,0.0,https://api.coinmarketcap.com/data-api/v3/global-metrics/quotes/historical,0
2020-01-24,231568764821.78,93767603078.63,65.9755,0.0,https://api.coinmarketcap.com/data-api/v3/global-metrics/quotes/historical,0
2020-01-25,232407217157.28,93144055613.84,66.1028,0.0,https://api.coinmarketcap.com/data-api/v3/global-metrics/quotes/historical,0
2020-01-26,229601452323.23,74506660153.02,66.1857,0.0,https://api.coinmarketcap.com/data-api/v3/global-metrics/quotes/historical,0
2020-01-27,237755757505.3,83531643318.45,65.8236,0.0,https://api.coinmarketcap.com/data-api/v3/global-metrics/quotes/historical,0
2020-01-28,245557058625.93,106306511528.97,65.9908,0.0,https://api.coinmarketcap.com/data-api/v3/global-metrics/quotes/historical,0
2020-01-29,256574234368.08,122588027069.85,66.496,0.0,https://api.coinmarketcap.com/data-api/v3/global-metrics/quotes/historical,0
2020-01-30,254824602587.36,116180209197.45,66.444,0.0,https://api.coinmarketcap.com/data-api/v3/global-metrics/quotes/historical,0
2020-01-31,262023250691.98,122010640093.35,65.9566,0.0,https://api.coinmarketcap.com/data-api/v3/global-metrics/quotes/historical,0
2020-02-01,257141798147.88,113397823901.3,66.162,0.0,https://api.coinmarketcap.com/data-api/v3/global-metrics/quotes/historical,0
2020-02-02,259115266400.08,99860408541.86,0.0,0.0,https://api.coinmarketcap.com/data-api/v3/global-metrics/quotes/historical,0
2020-02-03,259643454502.83,114681253384.76,65.4761,0.0,https://api.coinmarketcap.com/data-api/v3/global-metrics/quotes/historical,0
2020-02-04,259637740495.12,112517394109.32,65.1192,0.0,https://api.coinmarketcap.com/data-api/v3/global-metrics/quotes/historical,0
2020-02-05,258031287663.73,106538796907.01,64.7499,0.0,https://api.coinmarketcap.com/data-api/v3/global-metrics/quotes/historical,0
2020-02-06,272040179475.93,133658671242.94,64.3859,0.0,https://api.coinmarketcap.com/data-api/v3/global-metrics/quotes/historical,0
2020-02-07,275980858371.69,137155614086.77,64.1799,0.0,https://api.coinmarketcap.com/data-api/v3/global-metrics/quotes/historical,0
2020-02-08,278843832637.22,128147270077.95,63.9356,0.0,https://api.coinmarketcap.com/data-api/v3/global-metrics/quotes/historical,0
2020-02-09,281368466963.51,132066970018.91,63.7816,0.0,https://api.coinmarketcap.com/data-api/v3/global-metrics/quotes/historical,0
2020-02-10,289967404094.29,132255252697.71,63.6231,0.0,https://api.coinmarketcap.com/data-api/v3/global-metrics/quotes/historical,0
2020-02-11,283671652202.42,144600230822.82,63.246,0.0,https://api.coinmarketcap.com/data-api/v3/global-metrics/quotes/historical,0
2020-02-12,294226229673.34,136829373939.86,63.169,0.0,https://api.coinmarketcap.com/data-api/v3/global-metrics/quotes/historical,0
2020-02-13,302858654579.49,165489689737.29,62.0509,0.0,https://api.coinmarketcap.com/data-api/v3/global-metrics/quotes/historical,0
2020-02-14,301351995936.52,187532603478.89,61.6874,0.0,https://api.coinmarketcap.com/data-api/v3/global-metrics/quotes/historical,0
2020-02-15,308079263556.73,162518023841.4,60.9996,0.0,https://api.coinmarketcap.com/data-api/v3/global-metrics/quotes/historical,0
2020-02-16,290967846084.15,168384313779.74,61.9628,0.0,https://api.coinmarketcap.com/data-api/v3/global-metrics/quotes/historical,0
2020-02-17,288032593679.92,175100800773.61,62.8024,0.0,https://api.coinmarketcap.com/data-api/v3/global-metrics/quotes/historical,0
2020-02-18,283498176398.9,181054522902.95,62.236,0.0,https://api.coinmarketcap.com/data-api/v3/global-metrics/quotes/historical,0
2020-02-19,296512753130.03,174269189199.61,62.3883,0.0,https://api.coinmarketcap.com/data-api/v3/global-metrics/quotes/historical,0
2020-02-20,279069958247.02,161625924473.69,62.8671,0.0,https://api.coinmarketcap.com/data-api/v3/global-metrics/quotes/historical,0
2020-02-21,278139908243.86,166435377869.69,62.9577,0.0,https://api.coinmarketcap.com/data-api/v3/global-metrics/quotes/historical,0
2020-02-22,281461430066.85,144600262697.81,62.7238,0.0,https://api.coinmarketcap.com/data-api/v3/global-metrics/quotes/historical,0
2020-02-23,280184042427.29,125133541943.89,62.8667,0.0,https://api.coinmarketcap.com/data-api/v3/global-metrics/quotes/historical,0
2020-02-24,289022567872.44,142014747849.58,62.5778,0.0,https://api.coinmarketcap.com/data-api/v3/global-metrics/quotes/historical,0
2020-02-25,279557111926.53,160852920418.46,62.9358,0.0,https://api.coinmarketcap.com/data-api/v3/global-metrics/quotes/historical,0
2020-02-26,267659886323.56,156156127183.39,63.6613,0.0,https://api.coinmarketcap.com/data-api/v3/global-metrics/quotes/historical,0
2020-02-27,249569511347.98,189988162451.22,64.4957,0.0,https://api.coinmarketcap.com/data-api/v3/global-metrics/quotes/historical,0
2020-02-28,250860225333.47,170640350104.12,63.9496,0.0,https://api.coinmarketcap.com/data-api/v3/global-metrics/quotes/historical,0
2020-02-29,247691279806.4,159056824282.08,63.8706,0.0,https://api.coinmarketcap.com/data-api/v3/global-metrics/quotes/historical,0
2020-03-01,245016228835.25,128935991272.48,64.0496,0.0,https://api.coinmarketcap.com/data-api/v3/global-metrics/quotes/historical,0
2020-03-02,243559652309.56,129880123881.63,64.0846,0.0,https://api.coinmarketcap.com/data-api/v3/global-metrics/quotes/historical,0
2020-03-03,254099538219.92,181440967513.31,63.6857,0.0,https://api.coinmarketcap.com/data-api/v3/global-metrics/quotes/historical,0
2020-03-04,251545638677.94,173136422543.39,63.7851,0.0,https://api.coinmarketcap.com/data-api/v3/global-metrics/quotes/historical,0
2020-03-05,251430824416.41,136172503420.74,63.7059,0.0,https://api.coinmarketcap.com/data-api/v3/global-metrics/quotes/historical,0
2020-03-06,259454088291.83,140044426474.29,63.9298,0.0,https://api.coinmarketcap.com/data-api/v3/global-metrics/quotes/historical,0
2020-03-07,263364575633.36,140565387465.47,63.2332,0.0,https://api.coinmarketcap.com/data-api/v3/global-metrics/quotes/historical,0
2020-03-08,256378312657.83,131817966953.13,63.4863,0.0,https://api.coinmarketcap.com/data-api/v3/global-metrics/quotes/historical,0
2020-03-09,231145558855.08,150783410130.55,64.008,0.0,https://api.coinmarketcap.com/data-api/v3/global-metrics/quotes/historical,0
2020-03-10,227631260801.88,171208491871.64,63.7093,0.0,https://api.coinmarketcap.com/data-api/v3/global-metrics/quotes/historical,0
2020-03-11,225342205926.88,140897698295.2,64.0479,0.0,https://api.coinmarketcap.com/data-api/v3/global-metrics/quotes/historical,0
2020-03-12,223936047902.73,130232893958.16,64.6118,0.0,https://api.coinmarketcap.com/data-api/v3/global-metrics/quotes/historical,0
2020-03-13,142897912556.92,192950889418.95,64.3322,0.0,https://api.coinmarketcap.com/data-api/v3/global-metrics/quotes/historical,0
2020-03-14,160732124376.88,255120202251.3,63.426,0.0,https://api.coinmarketcap.com/data-api/v3/global-metrics/quotes/historical,0
2020-03-15,148748542369.05,123571214236.96,63.5218,0.0,https://api.coinmarketcap.com/data-api/v3/global-metrics/quotes/historical,0
2020-03-16,152899471729.92,115229711545.42,63.7472,0.0,https://api.coinmarketcap.com/data-api/v3/global-metrics/quotes/historical,0
2020-03-17,142633255585.11,148892777188.89,64.2795,0.0,https://api.coinmarketcap.com/data-api/v3/global-metrics/quotes/historical,0
2020-03-18,149316408512.45,120867394963.16,63.8515,0.0,https://api.coinmarketcap.com/data-api/v3/global-metrics/quotes/historical,0
2020-03-19,150971345133.11,119539558479.46,63.6878,0.0,https://api.coinmarketcap.com/data-api/v3/global-metrics/quotes/historical,0
2020-03-20,175207095665.5,169463828443.57,64.706,0.0,https://api.coinmarketcap.com/data-api/v3/global-metrics/quotes/historical,0
2020-03-21,173221023662.35,183017751032.82,65.0284,0.0,https://api.coinmarketcap.com/data-api/v3/global-metrics/quotes/historical,0
2020-03-22,174118493965.9,137524051353.17,64.9257,0.0,https://api.coinmarketcap.com/data-api/v3/global-metrics/quotes/historical,0
2020-03-23,163354331068.49,128959423074.93,64.7551,0.0,https://api.coinmarketcap.com/data-api/v3/global-metrics/quotes/historical,0
2020-03-24,184665034905.21,147976813767.78,63.9917,0.0,https://api.coinmarketcap.com/data-api/v3/global-metrics/quotes/historical,0
2020-03-25,186199661159.28,148529407873.94,65.9854,0.0,https://api.coinmarketcap.com/data-api/v3/global-metrics/quotes/historical,0
2020-03-26,185509062533.46,136921094622.06,65.9627,0.0,https://api.coinmarketcap.com/data-api/v3/global-metrics/quotes/historical,0
2020-03-27,187791438192.16,112475058471.02,65.6494,0.0,https://api.coinmarketcap.com/data-api/v3/global-metrics/quotes/historical,0
2020-03-28,179963102773.1,112444370676.35,65.3557,0.0,https://api.coinmarketcap.com/data-api/v3/global-metrics/quotes/historical,0
2020-03-29,175761793543.83,117045937077.48,64.8982,0.0,https://api.coinmarketcap.com/data-api/v3/global-metrics/quotes/historical,0
2020-03-30,167994375804.33,95417790611.08,64.409,0.0,https://api.coinmarketcap.com/data-api/v3/global-metrics/quotes/historical,0
2020-03-31,179004620408.42,120067660437.62,65.7528,0.0,https://api.coinmarketcap.com/data-api/v3/global-metrics/quotes/historical,0
2020-04-01,180965099061.58,105966267719.6,65.0457,0.0,https://api.coinmarketcap.com/data-api/v3/global-metrics/quotes/historical,0
2020-04-02,185907562467.74,126724022166.39,65.4098,0.0,https://api.coinmarketcap.com/data-api/v3/global-metrics/quotes/historical,0
2020-04-03,190041172057.38,149014324829.18,65.447,0.0,https://api.coinmarketcap.com/data-api/v3/global-metrics/quotes/historical,0
2020-04-04,189324175844.15,124769415485.85,65.0947,0.0,https://api.coinmarketcap.com/data-api/v3/global-metrics/quotes/historical,0
2020-04-05,192890422623.33,108291293270.43,65.211,0.0,https://api.coinmarketcap.com/data-api/v3/global-metrics/quotes/historical,0
2020-04-06,190553835278.15,98481971430.27,65.1669,0.0,https://api.coinmarketcap.com/data-api/v3/global-metrics/quotes/historical,0
2020-04-07,206897708040.81,162766898283.78,64.4748,0.0,https://api.coinmarketcap.com/data-api/v3/global-metrics/quotes/historical,0
2020-04-08,203656663262.74,156245172850.22,64.5072,0.0,https://api.coinmarketcap.com/data-api/v3/global-metrics/quotes/historical,0
2020-04-09,209782873298.31,138057738560.69,63.9607,0.0,https://api.coinmarketcap.com/data-api/v3/global-metrics/quotes/historical,0
2020-04-10,208982008814.87,120237473143.53,63.9765,0.0,https://api.coinmarketcap.com/data-api/v3/global-metrics/quotes/historical,0
2020-04-11,196193718614.81,149901273918.25,64.1851,0.0,https://api.coinmarketcap.com/data-api/v3/global-metrics/quotes/historical,0
2020-04-12,195938721149.61,110211851286.12,64.13,0.0,https://api.coinmarketcap.com/data-api/v3/global-metrics/quotes/historical,0
2020-04-13,198521261835.83,123306024032.27,64.149,0.0,https://api.coinmarketcap.com/data-api/v3/global-metrics/quotes/historical,0
2020-04-14,195537345136.44,132520511886.96,64.2034,0.0,https://api.coinmarketcap.com/data-api/v3/global-metrics/quotes/historical,0
2020-04-15,195202053528.77,117625847388.77,64.1724,0.0,https://api.coinmarketcap.com/data-api/v3/global-metrics/quotes/historical,0
2020-04-16,189006663543.68,112732530921.27,64.0468,0.0,https://api.coinmarketcap.com/data-api/v3/global-metrics/quotes/historical,0
2020-04-17,203538405735.91,165320372325.13,63.94,0.0,https://api.coinmarketcap.com/data-api/v3/global-metrics/quotes/historical,0
2020-04-18,203760455786.76,119998416239.09,63.8731,0.0,https://api.coinmarketcap.com/data-api/v3/global-metrics/quotes/historical,0
2020-04-19,210091706887.07,127425582377.2,63.3454,0.0,https://api.coinmarketcap.com/data-api/v3/global-metrics/quotes/historical,0
2020-04-20,206876648151.5,123894637922.39,63.6524,0.0,https://api.coinmarketcap.com/data-api/v3/global-metrics/quotes/historical,0
2020-04-21,198279570171.76,146122415514.6,63.6469,0.0,https://api.coinmarketcap.com/data-api/v3/global-metrics/quotes/historical,0
2020-04-22,198531006715.65,117930065779.02,63.5343,0.0,https://api.coinmarketcap.com/data-api/v3/global-metrics/quotes/historical,0
2020-04-23,205956894776.33,123280757601.31,63.4761,0.0,https://api.coinmarketcap.com/data-api/v3/global-metrics/quotes/historical,0
2020-04-24,213212605910.54,152276653797.72,64.0512,0.0,https://api.coinmarketcap.com/data-api/v3/global-metrics/quotes/historical,0
2020-04-25,216674137449.86,124186028539.19,63.9016,0.0,https://api.coinmarketcap.com/data-api/v3/global-metrics/quotes/historical,0
2020-04-26,218337748656.88,123817805691.79,63.5712,0.0,https://api.coinmarketcap.com/data-api/v3/global-metrics/quotes/historical,0
2020-04-27,221610785841.97,127992990764.74,63.7704,0.0,https://api.coinmarketcap.com/data-api/v3/global-metrics/quotes/historical,0
2020-04-28,223396700061.91,135841142068.3,63.952,0.0,https://api.coinmarketcap.com/data-api/v3/global-metrics/quotes/historical,0
2020-04-29,225062168283.75,126177308207.73,63.6155,0.0,https://api.coinmarketcap.com/data-api/v3/global-metrics/quotes/historical,0
2020-04-30,248445875018.99,207212949734.98,64.958,0.0,https://api.coinmarketcap.com/data-api/v3/global-metrics/quotes/historical,0
2020-05-01,243138650002.87,228953952638.95,65.4798,0.0,https://api.coinmarketcap.com/data-api/v3/global-metrics/quotes/historical,0
2020-05-02,248672837525.42,152203851984.11,65.3807,0.0,https://api.coinmarketcap.com/data-api/v3/global-metrics/quotes/historical,0
2020-05-03,252156470811.77,137730159610.57,65.4414,0.0,https://api.coinmarketcap.com/data-api/v3/global-metrics/quotes/historical,0
2020-05-04,248947970054.02,158942868105.15,65.7388,0.0,https://api.coinmarketcap.com/data-api/v3/global-metrics/quotes/historical,0
2020-05-05,248643650991.88,162685103400.49,65.8989,0.0,https://api.coinmarketcap.com/data-api/v3/global-metrics/quotes/historical,0
2020-05-06,249584132598.12,146222096621.39,66.2141,0.0,https://api.coinmarketcap.com/data-api/v3/global-metrics/quotes/historical,0
2020-05-07,253224242766.61,160893363131.36,66.9874,0.0,https://api.coinmarketcap.com/data-api/v3/global-metrics/quotes/historical,0
2020-05-08,269024453121.22,192153793723.11,67.9003,0.0,https://api.coinmarketcap.com/data-api/v3/global-metrics/quotes/historical,0
2020-05-09,267222497107.86,169523686151.06,67.5105,0.0,https://api.coinmarketcap.com/data-api/v3/global-metrics/quotes/historical,0
2020-05-10,262419623119.76,157002189778.36,67.0774,0.0,https://api.coinmarketcap.com/data-api/v3/global-metrics/quotes/historical,0
2020-05-11,239905498766.75,207500270575.05,67.111,0.0,https://api.coinmarketcap.com/data-api/v3/global-metrics/quotes/historical,0
2020-05-12,235531548194.97,180381091455.61,66.9088,0.0,https://api.coinmarketcap.com/data-api/v3/global-metrics/quotes/historical,0
2020-05-13,241577838734.57,136371133740.47,67.0516,0.0,https://api.coinmarketcap.com/data-api/v3/global-metrics/quotes/historical,0
2020-05-14,252415621562.45,144038496641.84,67.599,0.0,https://api.coinmarketcap.com/data-api/v3/global-metrics/quotes/historical,0
2020-05-15,264661769847.45,174846669894.7,67.7409,0.0,https://api.coinmarketcap.com/data-api/v3/global-metrics/quotes/historical,0
2020-05-16,258952934234.05,175747473490.06,66.2322,0.0,https://api.coinmarketcap.com/data-api/v3/global-metrics/quotes/historical,0
2020-05-17,261728797382.22,175747473490.06,66.4892,0.0,https://api.coinmarketcap.com/data-api/v3/global-metrics/quotes/historical,0
2020-05-18,272773461240.49,175747473490.06,0.0,0.0,https://api.coinmarketcap.com/data-api/v3/global-metrics/quotes/historical,0
2020-05-19,265552242186.84,135053104249.5,0.0,0.0,https://api.coinmarketcap.com/data-api/v3/global-metrics/quotes/historical,0
2020-05-20,261561632338.35,123941268368.67,0.0,0.0,https://api.coinmarketcap.com/data-api/v3/global-metrics/quotes/historical,0
2020-05-21,262083059149.23,120405744864.7,66.6972,0.0,https://api.coinmarketcap.com/data-api/v3/global-metrics/quotes/historical,0
2020-05-22,250877075733.58,127145162603.1,66.4426,0.0,https://api.coinmarketcap.com/data-api/v3/global-metrics/quotes/historical,0
2020-05-23,255973855249.76,105373246350.02,65.9754,0.0,https://api.coinmarketcap.com/data-api/v3/global-metrics/quotes/historical,0
2020-05-24,256076822519.13,93777128666.31,66.0264,0.0,https://api.coinmarketcap.com/data-api/v3/global-metrics/quotes/historical,0
2020-05-25,245307463085.45,106687107046.48,65.6724,0.0,https://api.coinmarketcap.com/data-api/v3/global-metrics/quotes/historical,0
2020-05-26,250129346422.25,100229270448.08,65.4796,0.0,https://api.coinmarketcap.com/data-api/v3/global-metrics/quotes/historical,0
2020-05-27,247898276955.0,94638813909.07,65.5225,0.0,https://api.coinmarketcap.com/data-api/v3/global-metrics/quotes/historical,0
2020-05-28,256310023012.92,102051966387.34,65.9059,0.0,https://api.coinmarketcap.com/data-api/v3/global-metrics/quotes/historical,0
2020-05-29,265482468347.8,107715047299.13,66.0504,0.0,https://api.coinmarketcap.com/data-api/v3/global-metrics/quotes/historical,0
2020-05-30,263503313795.46,104192550380.4,65.8267,0.0,https://api.coinmarketcap.com/data-api/v3/global-metrics/quotes/historical,0
2020-05-31,273399601030.28,114542187996.57,65.2249,0.0,https://api.coinmarketcap.com/data-api/v3/global-metrics/quotes/historical,0
2020-06-01,265879743003.06,100985785037.81,65.4246,0.0,https://api.coinmarketcap.com/data-api/v3/global-metrics/quotes/historical,0
2020-06-02,283622394999.81,116574656272.6,65.8572,0.0,https://api.coinmarketcap.com/data-api/v3/global-metrics/quotes/historical,0
2020-06-03,269669185656.96,128183531608.65,64.9626,0.0,https://api.coinmarketcap.com/data-api/v3/global-metrics/quotes/historical,0
2020-06-04,274151564785.2,88006798254.57,64.7742,0.0,https://api.coinmarketcap.com/data-api/v3/global-metrics/quotes/historical,0
2020-06-05,277698210836.31,90069281108.44,64.969,0.0,https://api.coinmarketcap.com/data-api/v3/global-metrics/quotes/historical,0
2020-06-06,274096163172.04,84358842355.79,64.7035,0.0,https://api.coinmarketcap.com/data-api/v3/global-metrics/quotes/historical,0
2020-06-07,274332683081.12,69886580941.17,64.6942,0.0,https://api.coinmarketcap.com/data-api/v3/global-metrics/quotes/historical,0
2020-06-08,277380076894.01,84732651340.62,64.8078,0.0,https://api.coinmarketcap.com/data-api/v3/global-metrics/quotes/historical,0
2020-06-09,278096680550.81,72334494642.26,64.8166,0.0,https://api.coinmarketcap.com/data-api/v3/global-metrics/quotes/historical,0
2020-06-10,278040733449.28,76337955822.49,64.8101,0.0,https://api.coinmarketcap.com/data-api/v3/global-metrics/quotes/historical,0
2020-06-11,280341768033.13,80033826208.76,64.7861,0.0,https://api.coinmarketcap.com/data-api/v3/global-metrics/quotes/historical,0
2020-06-12,262936200561.58,104889416078.59,65.0664,0.0,https://api.coinmarketcap.com/data-api/v3/global-metrics/quotes/historical,0
2020-06-13,269409716517.27,79566758965.27,64.8098,0.0,https://api.coinmarketcap.com/data-api/v3/global-metrics/quotes/historical,0
2020-06-14,269522607497.99,62811020346.84,64.7181,0.0,https://api.coinmarketcap.com/data-api/v3/global-metrics/quotes/historical,0
2020-06-15,266035895347.15,63470008834.37,64.9232,0.0,https://api.coinmarketcap.com/data-api/v3/global-metrics/quotes/historical,0
2020-06-16,266622801180.69,89917033080.12,65.2329,0.0,https://api.coinmarketcap.com/data-api/v3/global-metrics/quotes/historical,0
2020-06-17,269178229660.08,71434478011.97,65.1751,0.0,https://api.coinmarketcap.com/data-api/v3/global-metrics/quotes/historical,0
2020-06-18,268500160916.02,69433067011.82,64.9889,0.0,https://api.coinmarketcap.com/data-api/v3/global-metrics/quotes/historical,0
2020-06-19,266619579292.93,61269048243.31,64.954,0.0,https://api.coinmarketcap.com/data-api/v3/global-metrics/quotes/historical,0
2020-06-20,263460088359.75,66359834343.44,64.8664,0.0,https://api.coinmarketcap.com/data-api/v3/global-metrics/quotes/historical,0
2020-06-21,266022682513.16,59369170115.95,64.8134,0.0,https://api.coinmarketcap.com/data-api/v3/global-metrics/quotes/historical,0
2020-06-22,264363305114.11,53756780220.55,64.7461,0.0,https://api.coinmarketcap.com/data-api/v3/global-metrics/quotes/historical,0
2020-06-23,274231132219.34,73492518369.09,64.8125,0.0,https://api.coinmarketcap.com/data-api/v3/global-metrics/quotes/historical,0
2020-06-24,274415084009.52,60809621251.33,64.6293,0.0,https://api.coinmarketcap.com/data-api/v3/global-metrics/quotes/historical,0
2020-06-25,265664251280.1,68954772301.42,64.5056,0.0,https://api.coinmarketcap.com/data-api/v3/global-metrics/quotes/historical,0
2020-06-26,264249039210.3,60551195454.4,64.5483,0.0,https://api.coinmarketcap.com/data-api/v3/global-metrics/quotes/historical,0
2020-06-27,261915394219.36,63599010300.6,64.4938,0.0,https://api.coinmarketcap.com/data-api/v3/global-metrics/quotes/historical,0
2020-06-28,256683113723.66,61281854694.23,64.9597,0.0,https://api.coinmarketcap.com/data-api/v3/global-metrics/quotes/historical,0
2020-06-29,259040084886.56,52156497097.72,64.8973,0.0,https://api.coinmarketcap.com/data-api/v3/global-metrics/quotes/historical,0
2020-06-30,261229652828.12,57673660243.69,64.7074,0.0,https://api.coinmarketcap.com/data-api/v3/global-metrics/quotes/historical,0
2020-07-01,260320888909.67,53952721893.81,64.7972,0.0,https://api.coinmarketcap.com/data-api/v3/global-metrics/quotes/historical,0
2020-07-02,263115754743.22,56936944693.85,64.6054,0.0,https://api.coinmarketcap.com/data-api/v3/global-metrics/quotes/historical,0
2020-07-03,260857828462.15,58063186463.91,64.4048,0.0,https://api.coinmarketcap.com/data-api/v3/global-metrics/quotes/historical,0
2020-07-04,259448465559.54,48357643864.73,64.4854,0.0,https://api.coinmarketcap.com/data-api/v3/global-metrics/quotes/historical,0
2020-07-05,261182291101.76,47020077010.9,64.2307,0.0,https://api.coinmarketcap.com/data-api/v3/global-metrics/quotes/historical,0
2020-07-06,260306522652.66,50770212056.16,64.1911,0.0,https://api.coinmarketcap.com/data-api/v3/global-metrics/quotes/historical,0
2020-07-07,270192602657.79,73479666925.46,63.58,0.0,https://api.coinmarketcap.com/data-api/v3/global-metrics/quotes/historical,0
2020-07-08,269315231661.25,56470274252.87,63.3439,0.0,https://api.coinmarketcap.com/data-api/v3/global-metrics/quotes/historical,0
2020-07-09,276880592437.92,79860176009.97,62.7688,0.0,https://api.coinmarketcap.com/data-api/v3/global-metrics/quotes/historical,0
2020-07-10,272563372849.37,69877329175.99,62.6314,0.0,https://api.coinmarketcap.com/data-api/v3/global-metrics/quotes/historical,0
2020-07-11,272331437056.72,59283788347.95,62.8263,0.0,https://api.coinmarketcap.com/data-api/v3/global-metrics/quotes/historical,0
2020-07-12,272534506383.59,49393605468.76,62.4895,0.0,https://api.coinmarketcap.com/data-api/v3/global-metrics/quotes/historical,0
2020-07-13,274590327540.7,53578817272.07,62.3843,0.0,https://api.coinmarketcap.com/data-api/v3/global-metrics/quotes/historical,0
2020-07-14,272377789266.65,65908835962.42,62.5319,0.0,https://api.coinmarketcap.com/data-api/v3/global-metrics/quotes/historical,0
2020-07-15,273330065471.21,63158768374.96,62.3378,0.0,https://api.coinmarketcap.com/data-api/v3/global-metrics/quotes/historical,0
2020-07-16,272564922679.2,56672872493.94,62.1933,0.0,https://api.coinmarketcap.com/data-api/v3/global-metrics/quotes/historical,0
2020-07-17,269849125577.79,58293541126.99,62.3728,0.0,https://api.coinmarketcap.com/data-api/v3/global-metrics/quotes/historical,0
2020-07-18,270503463234.1,49526346320.59,62.3679,0.0,https://api.coinmarketcap.com/data-api/v3/global-metrics/quotes/historical,0
2020-07-19,271688028820.17,44970095319.0,62.1405,0.0,https://api.coinmarketcap.com/data-api/v3/global-metrics/quotes/historical,0
2020-07-20,273663203342.16,47670540655.03,62.0082,0.0,https://api.coinmarketcap.com/data-api/v3/global-metrics/quotes/historical,0
2020-07-21,270807056798.71,49282340770.91,62.3267,0.0,https://api.coinmarketcap.com/data-api/v3/global-metrics/quotes/historical,0
2020-07-22,277880541033.02,61362409372.16,62.2143,0.0,https://api.coinmarketcap.com/data-api/v3/global-metrics/quotes/historical,0
2020-07-23,284405679305.48,59140376978.83,61.7285,0.0,https://api.coinmarketcap.com/data-api/v3/global-metrics/quotes/historical,0
2020-07-24,287777703349.12,69065547787.56,61.4269,0.0,https://api.coinmarketcap.com/data-api/v3/global-metrics/quotes/historical,0
2020-07-25,286767769660.61,62829965757.42,61.3495,0.0,https://api.coinmarketcap.com/data-api/v3/global-metrics/quotes/historical,0
2020-07-26,294997375792.62,69656804856.76,60.509,0.0,https://api.coinmarketcap.com/data-api/v3/global-metrics/quotes/historical,0
2020-07-27,299852311722.38,80198364054.7,60.9377,0.0,https://api.coinmarketcap.com/data-api/v3/global-metrics/quotes/historical,0
2020-07-28,323033150312.8,121364853968.81,63.0999,0.0,https://api.coinmarketcap.com/data-api/v3/global-metrics/quotes/historical,0
2020-07-29,322202500952.51,101283387275.01,62.5121,0.0,https://api.coinmarketcap.com/data-api/v3/global-metrics/quotes/historical,0
2020-07-30,325282044762.39,88109965992.77,62.839,0.0,https://api.coinmarketcap.com/data-api/v3/global-metrics/quotes/historical,0
2020-07-31,328863389993.88,84227395800.88,62.3547,0.0,https://api.coinmarketcap.com/data-api/v3/global-metrics/quotes/historical,0
2020-08-01,336164467809.56,86038004144.8,62.2885,0.0,https://api.coinmarketcap.com/data-api/v3/global-metrics/quotes/historical,0
2020-08-02,353064238860.0,102768393729.66,61.5078,0.0,https://api.coinmarketcap.com/data-api/v3/global-metrics/quotes/historical,0
2020-08-03,333882055719.94,121696417525.42,61.0044,0.0,https://api.coinmarketcap.com/data-api/v3/global-metrics/quotes/historical,0
2020-08-04,343012862913.12,84725918471.92,60.4838,0.0,https://api.coinmarketcap.com/data-api/v3/global-metrics/quotes/historical,0
2020-08-05,343073470927.81,88501802750.9,60.2936,0.0,https://api.coinmarketcap.com/data-api/v3/global-metrics/quotes/historical,0
2020-08-06,355796884138.52,90590726287.11,61.0019,0.0,https://api.coinmarketcap.com/data-api/v3/global-metrics/quotes/historical,0
2020-08-07,356551104258.56,88335988324.11,60.9511,0.0,https://api.coinmarketcap.com/data-api/v3/global-metrics/quotes/historical,0
2020-08-08,350215991454.09,98814483385.34,61.1393,0.0,https://api.coinmarketcap.com/data-api/v3/global-metrics/quotes/historical,0
2020-08-09,358447921936.55,73006305175.68,60.558,0.0,https://api.coinmarketcap.com/data-api/v3/global-metrics/quotes/historical,0
2020-08-10,357297704990.78,73461663443.91,60.3636,0.0,https://api.coinmarketcap.com/data-api/v3/global-metrics/quotes/historical,0
2020-08-11,364207711950.89,100007273993.58,60.2664,0.0,https://api.coinmarketcap.com/data-api/v3/global-metrics/quotes/historical,0
2020-08-12,348972550558.98,109899478616.04,60.294,0.0,https://api.coinmarketcap.com/data-api/v3/global-metrics/quotes/historical,0
2020-08-13,358006269803.14,102139790416.36,59.7278,0.0,https://api.coinmarketcap.com/data-api/v3/global-metrics/quotes/historical,0
2020-08-14,369417711004.01,121835451295.89,58.9955,0.0,https://api.coinmarketcap.com/data-api/v3/global-metrics/quotes/historical,0
2020-08-15,370156171458.71,103585844876.02,58.707,0.0,https://api.coinmarketcap.com/data-api/v3/global-metrics/quotes/historical,0
2020-08-16,372982747508.72,103148119966.54,58.7265,0.0,https://api.coinmarketcap.com/data-api/v3/global-metrics/quotes/historical,0
2020-08-17,376535095494.19,96787351264.63,58.3722,0.0,https://api.coinmarketcap.com/data-api/v3/global-metrics/quotes/historical,0
2020-08-18,383377492060.84,115281734292.5,59.0938,0.0,https://api.coinmarketcap.com/data-api/v3/global-metrics/quotes/historical,0
2020-08-19,374964554228.23,108034281294.27,59.0068,0.0,https://api.coinmarketcap.com/data-api/v3/global-metrics/quotes/historical,0
2020-08-20,365420906813.08,106561349405.99,59.3795,0.0,https://api.coinmarketcap.com/data-api/v3/global-metrics/quotes/historical,0
2020-08-21,372862154031.1,87391080548.79,58.8368,0.0,https://api.coinmarketcap.com/data-api/v3/global-metrics/quotes/historical,0
2020-08-22,358605318729.22,110529262939.47,59.6121,0.0,https://api.coinmarketcap.com/data-api/v3/global-metrics/quotes/historical,0
2020-08-23,364684962617.6,87501191224.67,59.1269,0.0,https://api.coinmarketcap.com/data-api/v3/global-metrics/quotes/historical,0
2020-08-24,363519561203.83,76834148022.63,59.2354,0.0,https://api.coinmarketcap.com/data-api/v3/global-metrics/quotes/historical,0
2020-08-25,369526870847.28,83769950048.3,58.8479,0.0,https://api.coinmarketcap.com/data-api/v3/global-metrics/quotes/historical,0
2020-08-26,354049798580.44,107729913774.56,59.2271,0.0,https://api.coinmarketcap.com/data-api/v3/global-metrics/quotes/historical,0
2020-08-27,359336226125.74,93908658506.97,59.0225,0.0,https://api.coinmarketcap.com/data-api/v3/global-metrics/quotes/historical,0
2020-08-28,352749467573.2,97304102328.88,59.336,0.0,https://api.coinmarketcap.com/data-api/v3/global-metrics/quotes/historical,0
2020-08-29,361736022917.49,82228462440.75,58.9599,0.0,https://api.coinmarketcap.com/data-api/v3/global-metrics/quotes/historical,0
2020-08-30,363413622317.6,81595839844.7,58.423,0.0,https://api.coinmarketcap.com/data-api/v3/global-metrics/quotes/historical,0
2020-08-31,373760804695.97,94786673670.49,57.8802,0.0,https://api.coinmarketcap.com/data-api/v3/global-metrics/quotes/historical,0
2020-09-01,377429479714.17,99201011088.05,57.1796,0.0,https://api.coinmarketcap.com/data-api/v3/global-metrics/quotes/historical,0
2020-09-02,390803527915.99,130521593353.58,56.5229,0.0,https://api.coinmarketcap.com/data-api/v3/global-metrics/quotes/historical,0
2020-09-03,375587086048.11,136115249524.18,56.0866,0.0,https://api.coinmarketcap.com/data-api/v3/global-metrics/quotes/historical,0
2020-09-04,334122390605.8,147097082070.6,56.5458,0.0,https://api.coinmarketcap.com/data-api/v3/global-metrics/quotes/historical,0
2020-09-05,342425218920.61,140210466280.47,56.7373,0.0,https://api.coinmarketcap.com/data-api/v3/global-metrics/quotes/historical,0
2020-09-06,321664616571.63,192759416897.63,58.4959,0.0,https://api.coinmarketcap.com/data-api/v3/global-metrics/quotes/historical,0
2020-09-07,330496789159.04,164069975000.42,57.4773,0.0,https://api.coinmarketcap.com/data-api/v3/global-metrics/quotes/historical,0
2020-09-08,332018032720.92,147053793865.37,57.7817,0.0,https://api.coinmarketcap.com/data-api/v3/global-metrics/quotes/historical,0
2020-09-09,323532314808.98,138423927251.43,57.8769,0.0,https://api.coinmarketcap.com/data-api/v3/global-metrics/quotes/historical,0
2020-09-10,330559114017.34,106455405034.51,57.3134,0.0,https://api.coinmarketcap.com/data-api/v3/global-metrics/quotes/historical,0
2020-09-11,336184918587.58,223147985654.59,56.7896,0.0,https://api.coinmarketcap.com/data-api/v3/global-metrics/quotes/historical,0
2020-09-12,339832899537.44,193879933387.37,56.6818,0.0,https://api.coinmarketcap.com/data-api/v3/global-metrics/quotes/historical,0
2020-09-13,344614053270.44,149284620904.12,56.0781,0.0,https://api.coinmarketcap.com/data-api/v3/global-metrics/quotes/historical,0
2020-09-14,337006816516.43,183787961806.9,56.6702,0.0,https://api.coinmarketcap.com/data-api/v3/global-metrics/quotes/historical,0
2020-09-15,347071719896.29,142097718959.51,56.9591,0.0,https://api.coinmarketcap.com/data-api/v3/global-metrics/quotes/historical,0
2020-09-16,344781485880.53,131129967919.97,57.8962,0.0,https://api.coinmarketcap.com/data-api/v3/global-metrics/quotes/historical,0
2020-09-17,347965535929.32,129292211243.73,58.3034,0.0,https://api.coinmarketcap.com/data-api/v3/global-metrics/quotes/historical,0
2020-09-18,351598855637.39,141655049893.17,57.6275,0.0,https://api.coinmarketcap.com/data-api/v3/global-metrics/quotes/historical,0
2020-09-19,350895477289.46,122167455145.26,57.7011,0.0,https://api.coinmarketcap.com/data-api/v3/global-metrics/quotes/historical,0
2020-09-20,354137607350.84,97519909465.98,57.8943,0.0,https://api.coinmarketcap.com/data-api/v3/global-metrics/quotes/historical,0
2020-09-21,347033217718.37,103447989188.73,58.2788,0.0,https://api.coinmarketcap.com/data-api/v3/global-metrics/quotes/historical,0
2020-09-22,327731497589.63,130611747588.47,58.9081,0.0,https://api.coinmarketcap.com/data-api/v3/global-metrics/quotes/historical,0
2020-09-23,332027368586.14,97425724479.93,58.728,0.0,https://api.coinmarketcap.com/data-api/v3/global-metrics/quotes/historical,0
2020-09-24,318976234710.22,94656609379.6,59.2733,0.0,https://api.coinmarketcap.com/data-api/v3/global-metrics/quotes/historical,0
2020-09-25,337981088523.23,95200968853.5,58.8523,0.0,https://api.coinmarketcap.com/data-api/v3/global-metrics/quotes/historical,0
2020-09-26,339757512440.31,92105056967.8,58.2777,0.0,https://api.coinmarketcap.com/data-api/v3/global-metrics/quotes/historical,0
2020-09-27,341673718633.88,79963648755.2,58.1757,0.0,https://api.coinmarketcap.com/data-api/v3/global-metrics/quotes/historical,0
2020-09-28,344251832740.74,80772167442.99,58.2177,0.0,https://api.coinmarketcap.com/data-api/v3/global-metrics/quotes/historical,0
2020-09-29,340861714277.42,92780333922.32,58.1388,0.0,https://api.coinmarketcap.com/data-api/v3/global-metrics/quotes/historical,0
2020-09-30,345412564397.67,82963451798.46,58.1376,0.0,https://api.coinmarketcap.com/data-api/v3/global-metrics/quotes/historical,0
2020-10-01,344524134993.74,80421404805.97,57.9912,0.0,https://api.coinmarketcap.com/data-api/v3/global-metrics/quotes/historical,0
2020-10-02,338747511469.35,99177391297.0,58.0297,0.0,https://api.coinmarketcap.com/data-api/v3/global-metrics/quotes/historical,0
2020-10-03,335281202262.36,97363868224.1,58.427,0.0,https://api.coinmarketcap.com/data-api/v3/global-metrics/quotes/historical,0
2020-10-04,335000601208.81,66672390834.24,58.3396,0.0,https://api.coinmarketcap.com/data-api/v3/global-metrics/quotes/historical,0
2020-10-05,339534475425.58,70393369351.75,58.254,0.0,https://api.coinmarketcap.com/data-api/v3/global-metrics/quotes/historical,0
2020-10-06,342175344403.82,75518713892.75,58.4263,0.0,https://api.coinmarketcap.com/data-api/v3/global-metrics/quotes/historical,0
2020-10-07,333624112364.85,97920955450.48,58.9511,0.0,https://api.coinmarketcap.com/data-api/v3/global-metrics/quotes/historical,0
2020-10-08,335851867860.45,77407130563.98,58.8731,0.0,https://api.coinmarketcap.com/data-api/v3/global-metrics/quotes/historical,0
2020-10-09,343540317957.84,91180890837.06,58.9279,0.0,https://api.coinmarketcap.com/data-api/v3/global-metrics/quotes/historical,0
2020-10-10,350453038073.5,93804782714.38,58.5205,0.0,https://api.coinmarketcap.com/data-api/v3/global-metrics/quotes/historical,0
2020-10-11,357912892945.41,78216024243.13,58.4273,11.7061,https://api.coinmarketcap.com/data-api/v3/global-metrics/quotes/historical,0
2020-10-12,360699683538.96,69761310491.04,58.4338,11.7481,https://api.coinmarketcap.com/data-api/v3/global-metrics/quotes/historical,0
2020-10-13,365679314190.56,88132535313.19,58.5069,11.9793,https://api.coinmarketcap.com/data-api/v3/global-metrics/quotes/historical,0
2020-10-14,361984974231.78,78724567414.12,58.4469,11.8995,https://api.coinmarketcap.com/data-api/v3/global-metrics/quotes/historical,0
2020-10-15,360732167029.59,75012768221.45,58.6674,11.8871,https://api.coinmarketcap.com/data-api/v3/global-metrics/quotes/historical,0
2020-10-16,362557610974.42,77492818135.99,58.7123,11.7655,https://api.coinmarketcap.com/data-api/v3/global-metrics/quotes/historical,0
2020-10-17,355188138511.74,80860778559.37,59.0335,11.6551,https://api.coinmarketcap.com/data-api/v3/global-metrics/quotes/historical,0
2020-10-18,356531115436.62,59465745079.86,58.9983,11.6956,https://api.coinmarketcap.com/data-api/v3/global-metrics/quotes/historical,0
2020-10-19,361126871930.7,58303186795.66,58.8907,11.8412,https://api.coinmarketcap.com/data-api/v3/global-metrics/quotes/historical,0
2020-10-20,365537367571.53,72386128953.68,59.4954,11.7527,https://api.coinmarketcap.com/data-api/v3/global-metrics/quotes/historical,0
2020-10-21,364646583208.62,86354549691.16,60.5288,11.4474,https://api.coinmarketcap.com/data-api/v3/global-metrics/quotes/historical,0
2020-10-22,387217676543.42,120000803705.07,61.3409,11.4546,https://api.coinmarketcap.com/data-api/v3/global-metrics/quotes/historical,0
2020-10-23,394720890092.92,102075373669.46,60.8464,11.8554,https://api.coinmarketcap.com/data-api/v3/global-metrics/quotes/historical,0
2020-10-24,392938880651.47,87548609575.84,60.9574,11.7918,https://api.coinmarketcap.com/data-api/v3/global-metrics/quotes/historical,0
2020-10-25,398069341441.43,73991781846.92,61.0169,11.7265,https://api.coinmarketcap.com/data-api/v3/global-metrics/quotes/historical,0
2020-10-26,395020775608.59,72524703299.63,61.1,11.6356,https://api.coinmarketcap.com/data-api/v3/global-metrics/quotes/historical,0
2020-10-27,393177378815.86,103775249657.4,61.6061,11.3343,https://api.coinmarketcap.com/data-api/v3/global-metrics/quotes/historical,0
2020-10-28,405831302119.0,96816028716.67,62.295,11.2586,https://api.coinmarketcap.com/data-api/v3/global-metrics/quotes/historical,0
2020-10-29,394477096476.48,103912058771.92,62.3436,11.1573,https://api.coinmarketcap.com/data-api/v3/global-metrics/quotes/historical,0
2020-10-30,395724541581.12,141134530005.28,62.9539,11.0634,https://api.coinmarketcap.com/data-api/v3/global-metrics/quotes/historical,0
2020-10-31,395999585957.65,91855661090.6,63.4478,10.9545,https://api.coinmarketcap.com/data-api/v3/global-metrics/quotes/historical,0
2020-11-01,401102887541.66,81043254521.35,63.6621,10.9131,https://api.coinmarketcap.com/data-api/v3/global-metrics/quotes/historical,0
2020-11-02,401824507173.2,65619735261.08,63.2843,11.1549,https://api.coinmarketcap.com/data-api/v3/global-metrics/quotes/historical,0
2020-11-03,394576942039.75,89704150204.98,63.6662,11.0109,https://api.coinmarketcap.com/data-api/v3/global-metrics/quotes/historical,0
2020-11-04,401023565313.12,87673913518.24,64.3727,10.9412,https://api.coinmarketcap.com/data-api/v3/global-metrics/quotes/historical,0
2020-11-05,406544594779.04,102300481116.44,64.4165,11.201,https://api.coinmarketcap.com/data-api/v3/global-metrics/quotes/historical,0
2020-11-06,437549654410.55,134072613937.85,65.9389,10.7216,https://api.coinmarketcap.com/data-api/v3/global-metrics/quotes/historical,0
2020-11-07,447416537279.64,140421276284.99,64.4549,11.5138,https://api.coinmarketcap.com/data-api/v3/global-metrics/quotes/historical,0
2020-11-08,428851811023.74,143472608351.47,64.158,11.5196,https://api.coinmarketcap.com/data-api/v3/global-metrics/quotes/historical,0
2020-11-09,446246872494.5,98613532020.68,64.3205,11.5217,https://api.coinmarketcap.com/data-api/v3/global-metrics/quotes/historical,0
2020-11-10,441394336668.18,119721463533.4,64.4062,11.4139,https://api.coinmarketcap.com/data-api/v3/global-metrics/quotes/historical,0
2020-11-11,442807777253.78,101771831299.12,64.0134,11.512,https://api.coinmarketcap.com/data-api/v3/global-metrics/quotes/historical,0
2020-11-12,451901023061.24,112069013048.19,64.3935,11.6099,https://api.coinmarketcap.com/data-api/v3/global-metrics/quotes/historical,0
2020-11-13,461951179267.05,115696338971.29,65.3298,11.3137,https://api.coinmarketcap.com/data-api/v3/global-metrics/quotes/historical,0
2020-11-14,467536036680.91,116123549333.61,64.6868,11.512,https://api.coinmarketcap.com/data-api/v3/global-metrics/quotes/historical,0
2020-11-15,460717550683.66,101174377302.29,64.6717,11.3335,https://api.coinmarketcap.com/data-api/v3/global-metrics/quotes/historical,0
2020-11-16,455640762342.77,92010423015.05,64.9335,11.1471,https://api.coinmarketcap.com/data-api/v3/global-metrics/quotes/historical,0
2020-11-17,474483337309.75,110023303907.6,65.29,11.0006,https://api.coinmarketcap.com/data-api/v3/global-metrics/quotes/historical,0
2020-11-18,498409255225.89,144227979733.67,65.7098,10.9436,https://api.coinmarketcap.com/data-api/v3/global-metrics/quotes/historical,0
2020-11-19,499383676173.62,176165848981.31,66.1432,10.8972,https://api.coinmarketcap.com/data-api/v3/global-metrics/quotes/historical,0
2020-11-20,499329478518.06,136687860550.36,66.1407,10.7156,https://api.coinmarketcap.com/data-api/v3/global-metrics/quotes/historical,0
2020-11-21,523496257846.75,151699824277.1,65.9898,11.0529,https://api.coinmarketcap.com/data-api/v3/global-metrics/quotes/historical,0
2020-11-22,541419963033.64,199112219933.01,63.866,11.5291,https://api.coinmarketcap.com/data-api/v3/global-metrics/quotes/historical,0
2020-11-23,534708757258.93,210916044039.69,63.7842,11.8789,https://api.coinmarketcap.com/data-api/v3/global-metrics/quotes/historical,0
2020-11-24,554170017481.06,223550795321.44,61.4529,12.4582,https://api.coinmarketcap.com/data-api/v3/global-metrics/quotes/historical,0
2020-11-25,576480056951.06,270680997667.14,61.4507,11.8847,https://api.coinmarketcap.com/data-api/v3/global-metrics/quotes/historical,0
2020-11-26,559593841229.0,226170486858.95,62.1665,11.5955,https://api.coinmarketcap.com/data-api/v3/global-metrics/quotes/historical,0
2020-11-27,508923217353.29,292856851262.43,62.4431,11.5726,https://api.coinmarketcap.com/data-api/v3/global-metrics/quotes/historical,0
2020-11-28,510351295856.8,182830808552.67,62.1696,11.51,https://api.coinmarketcap.com/data-api/v3/global-metrics/quotes/historical,0
2020-11-29,530913238735.19,155949319705.93,61.9218,11.5153,https://api.coinmarketcap.com/data-api/v3/global-metrics/quotes/historical,0
2020-11-30,544589320351.08,146720222075.07,61.918,11.9978,https://api.coinmarketcap.com/data-api/v3/global-metrics/quotes/historical,0
2020-12-01,584024794487.98,206105822465.9,62.4505,11.968,https://api.coinmarketcap.com/data-api/v3/global-metrics/quotes/historical,0
2020-12-02,559470038896.67,232949207786.02,62.4886,11.9568,https://api.coinmarketcap.com/data-api/v3/global-metrics/quotes/historical,0
2020-12-03,571382903267.67,168516882687.43,62.3792,11.9061,https://api.coinmarketcap.com/data-api/v3/global-metrics/quotes/historical,0
2020-12-04,579480943320.72,142325217110.59,62.2831,12.1008,https://api.coinmarketcap.com/data-api/v3/global-metrics/quotes/historical,0
2020-12-05,552420643594.1,149970824460.27,62.9614,11.739,https://api.coinmarketcap.com/data-api/v3/global-metrics/quotes/historical,0
2020-12-06,568375469439.93,121814229906.07,62.5375,11.9288,https://api.coinmarketcap.com/data-api/v3/global-metrics/quotes/historical,0
2020-12-07,573838755753.35,112360169509.2,62.5654,11.9278,https://api.coinmarketcap.com/data-api/v3/global-metrics/quotes/historical,0
2020-12-08,569021068193.99,112551522266.13,62.6287,11.8351,https://api.coinmarketcap.com/data-api/v3/global-metrics/quotes/historical,0
2020-12-09,540994202129.59,132721445431.25,62.8883,11.6633,https://api.coinmarketcap.com/data-api/v3/global-metrics/quotes/historical,0
2020-12-10,550913634569.53,152377667948.67,62.5568,11.8454,https://api.coinmarketcap.com/data-api/v3/global-metrics/quotes/historical,0
2020-12-11,540615658936.79,111884632446.85,62.7518,11.7903,https://api.coinmarketcap.com/data-api/v3/global-metrics/quotes/historical,0
2020-12-12,532039480570.26,121520380485.05,63.0548,11.6742,https://api.coinmarketcap.com/data-api/v3/global-metrics/quotes/historical,0
2020-12-13,550108027522.3,98004221310.83,63.4622,11.7595,https://api.coinmarketcap.com/data-api/v3/global-metrics/quotes/historical,0
2020-12-14,562303659635.7,105342810142.5,63.2269,11.9379,https://api.coinmarketcap.com/data-api/v3/global-metrics/quotes/historical,0
2020-12-15,563583183356.43,93387368442.65,63.4374,11.8339,https://api.coinmarketcap.com/data-api/v3/global-metrics/quotes/historical,0
2020-12-16,566555638559.17,110755182869.07,63.6627,11.8435,https://api.coinmarketcap.com/data-api/v3/global-metrics/quotes/historical,0
2020-12-17,617233878970.85,176533957327.63,64.1733,11.738,https://api.coinmarketcap.com/data-api/v3/global-metrics/quotes/historical,0
2020-12-18,646662647680.5,279395483914.52,65.5085,11.3321,https://api.coinmarketcap.com/data-api/v3/global-metrics/quotes/historical,0
2020-12-19,656811291446.32,180713082444.32,65.4007,11.3534,https://api.coinmarketcap.com/data-api/v3/global-metrics/quotes/historical,0
2020-12-20,672830201076.79,161049166154.15,65.8869,11.1624,https://api.coinmarketcap.com/data-api/v3/global-metrics/quotes/historical,0
2020-12-21,662256546234.09,166298209339.6,65.9392,10.9955,https://api.coinmarketcap.com/data-api/v3/global-metrics/quotes/historical,0
2020-12-22,639482098768.53,188291126666.59,66.3766,10.8735,https://api.coinmarketcap.com/data-api/v3/global-metrics/quotes/historical,0
2020-12-23,659168264910.21,192251530225.7,67.033,10.9742,https://api.coinmarketcap.com/data-api/v3/global-metrics/quotes/historical,0
2020-12-24,624113054376.15,225585965492.39,69.2394,10.6814,https://api.coinmarketcap.com/data-api/v3/global-metrics/quotes/historical,0
2020-12-25,647402293656.33,188251119545.3,68.1597,10.774,https://api.coinmarketcap.com/data-api/v3/global-metrics/quotes/historical,0
2020-12-26,667349490727.7,185977723498.09,68.6839,10.7037,https://api.coinmarketcap.com/data-api/v3/global-metrics/quotes/historical,0
2020-12-27,701188197535.36,188852985196.0,70.0526,10.3386,https://api.coinmarketcap.com/data-api/v3/global-metrics/quotes/historical,0
2020-12-28,704185686414.61,261857126362.03,69.4167,11.0673,https://api.coinmarketcap.com/data-api/v3/global-metrics/quotes/historical,0
2020-12-29,728179385072.71,205319228594.65,69.1401,11.4448,https://api.coinmarketcap.com/data-api/v3/global-metrics/quotes/historical,0
2020-12-30,732422027293.74,199301806904.62,69.4398,11.3996,https://api.coinmarketcap.com/data-api/v3/global-metrics/quotes/historical,0
2020-12-31,760731060139.62,191906601060.48,70.425,11.2736,https://api.coinmarketcap.com/data-api/v3/global-metrics/quotes/historical,0
2021-01-01,765312965839.57,167124239672.76,70.4528,11.0002,https://api.coinmarketcap.com/data-api/v3/global-metrics/quotes/historical,0
2021-01-02,772481366071.7,161674914466.97,70.6696,10.7852,https://api.coinmarketcap.com/data-api/v3/global-metrics/quotes/historical,0
2021-01-03,831050843622.62,232555411727.42,71.798,10.635,https://api.coinmarketcap.com/data-api/v3/global-metrics/quotes/historical,0
2021-01-04,876589922892.12,320443594023.47,69.5703,12.7394,https://api.coinmarketcap.com/data-api/v3/global-metrics/quotes/historical,0
2021-01-05,869548486452.6,174321177974.47,68.3439,13.649,https://api.coinmarketcap.com/data-api/v3/global-metrics/quotes/historical,0
2021-01-06,920624311572.56,141977339323.72,68.7089,13.6515,https://api.coinmarketcap.com/data-api/v3/global-metrics/quotes/historical,0
2021-01-07,1000232390769.68,164039168270.47,68.5012,13.7656,https://api.coinmarketcap.com/data-api/v3/global-metrics/quotes/historical,0
2021-01-08,1052206214274.87,180029012156.19,69.6016,13.2963,https://api.coinmarketcap.com/data-api/v3/global-metrics/quotes/historical,0
2021-01-09,1078151392864.04,177851128738.93,70.3697,12.9469,https://api.coinmarketcap.com/data-api/v3/global-metrics/quotes/historical,0
2021-01-10,1088240613852.74,143317089479.62,68.8379,13.4529,https://api.coinmarketcap.com/data-api/v3/global-metrics/quotes/historical,0
2021-01-11,1047705851913.44,184458707534.94,68.1367,13.7675,https://api.coinmarketcap.com/data-api/v3/global-metrics/quotes/historical,0
2021-01-12,957506510510.2,244799025184.36,69.1322,13.0059,https://api.coinmarketcap.com/data-api/v3/global-metrics/quotes/historical,0
2021-01-13,919926156837.37,155615242438.11,68.5632,12.9539,https://api.coinmarketcap.com/data-api/v3/global-metrics/quotes/historical,0
2021-01-14,1007426555868.52,132229001782.59,68.905,12.8109,https://api.coinmarketcap.com/data-api/v3/global-metrics/quotes/historical,0
2021-01-15,1059027014104.1,132492785124.05,68.831,13.1571,https://api.coinmarketcap.com/data-api/v3/global-metrics/quotes/historical,0
2021-01-16,1005282606669.72,149530603908.59,68.0186,13.2956,https://api.coinmarketcap.com/data-api/v3/global-metrics/quotes/historical,0
2021-01-17,1012362471103.07,135680686064.59,66.53,13.9412,https://api.coinmarketcap.com/data-api/v3/global-metrics/quotes/historical,0
2021-01-18,1007051878926.17,121675774736.41,66.1606,13.9799,https://api.coinmarketcap.com/data-api/v3/global-metrics/quotes/historical,0
2021-01-19,1030379574330.94,110191430518.12,66.2562,13.9593,https://api.coinmarketcap.com/data-api/v3/global-metrics/quotes/historical,0
2021-01-20,1032869171007.11,142055504111.51,65.1071,15.2803,https://api.coinmarketcap.com/data-api/v3/global-metrics/quotes/historical,0
2021-01-21,1025653410835.52,152550937127.47,64.5811,15.4345,https://api.coinmarketcap.com/data-api/v3/global-metrics/quotes/historical,0
2021-01-22,885703222647.15,161255657777.05,64.8111,14.4944,https://api.coinmarketcap.com/data-api/v3/global-metrics/quotes/historical,0
2021-01-23,949923044916.44,158724977471.27,64.5717,14.8801,https://api.coinmarketcap.com/data-api/v3/global-metrics/quotes/historical,0
2021-01-24,936376288463.76,107038040266.94,63.706,15.0298,https://api.coinmarketcap.com/data-api/v3/global-metrics/quotes/historical,0
2021-01-25,963889593144.28,113214077395.04,62.3748,16.5296,https://api.coinmarketcap.com/data-api/v3/global-metrics/quotes/historical,0
2021-01-26,952725120616.35,134284000028.15,63.1847,15.8903,https://api.coinmarketcap.com/data-api/v3/global-metrics/quotes/historical,0
2021-01-27,962965946229.64,132777082522.17,62.9842,16.1089,https://api.coinmarketcap.com/data-api/v3/global-metrics/quotes/historical,0
2021-01-28,899608105524.53,136309454820.55,62.8927,15.9226,https://api.coinmarketcap.com/data-api/v3/global-metrics/quotes/historical,0
2021-01-29,981399142368.02,142638847963.5,63.3916,15.5296,https://api.coinmarketcap.com/data-api/v3/global-metrics/quotes/historical,0
2021-01-30,1008115569246.02,237763757633.95,63.2399,15.7046,https://api.coinmarketcap.com/data-api/v3/global-metrics/quotes/historical,0
2021-01-31,1018463731294.19,153684257076.48,62.6685,15.4778,https://api.coinmarketcap.com/data-api/v3/global-metrics/quotes/historical,0
2021-02-01,990275887106.73,134883270003.64,62.2892,15.2092,https://api.coinmarketcap.com/data-api/v3/global-metrics/quotes/historical,0
2021-02-02,1006449250810.23,158462046846.98,61.994,15.5938,https://api.coinmarketcap.com/data-api/v3/global-metrics/quotes/historical,0
2021-02-03,1065615072249.44,151102833655.03,62.045,16.2774,https://api.coinmarketcap.com/data-api/v3/global-metrics/quotes/historical,0
2021-02-04,1132177735792.22,144177129930.67,61.57,16.7886,https://api.coinmarketcap.com/data-api/v3/global-metrics/quotes/historical,0
2021-02-05,1121071194215.43,171880746244.4,61.3403,16.2912,https://api.coinmarketcap.com/data-api/v3/global-metrics/quotes/historical,0
2021-02-06,1176650523167.46,156414407919.21,60.2552,16.7342,https://api.coinmarketcap.com/data-api/v3/global-metrics/quotes/historical,0
2021-02-07,1194592738676.8,164318443394.79,61.1832,16.0859,https://api.coinmarketcap.com/data-api/v3/global-metrics/quotes/historical,0
2021-02-08,1184569745811.79,171306699712.46,61.1644,15.603,https://api.coinmarketcap.com/data-api/v3/global-metrics/quotes/historical,0
2021-02-09,1356473377047.12,211946253650.01,63.3904,14.7526,https://api.coinmarketcap.com/data-api/v3/global-metrics/quotes/historical,0
2021-02-10,1384154619947.43,208763683230.2,62.5384,14.636,https://api.coinmarketcap.com/data-api/v3/global-metrics/quotes/historical,0
2021-02-11,1370856155170.38,226885051713.53,61.0014,14.5752,https://api.coinmarketcap.com/data-api/v3/global-metrics/quotes/historical,0
2021-02-12,1445387833199.8,196533919942.38,61.6307,14.1325,https://api.coinmarketcap.com/data-api/v3/global-metrics/quotes/historical,0
2021-02-13,1471565274739.58,199354538960.94,60.1672,14.3662,https://api.coinmarketcap.com/data-api/v3/global-metrics/quotes/historical,0
2021-02-14,1472225150017.07,207685526841.64,59.5947,14.1296,https://api.coinmarketcap.com/data-api/v3/global-metrics/quotes/historical,0
2021-02-15,1489533291681.0,189560253079.69,60.9341,13.9017,https://api.coinmarketcap.com/data-api/v3/global-metrics/quotes/historical,0
2021-02-16,1464258536313.8,216272304969.28,61.0149,13.924,https://api.coinmarketcap.com/data-api/v3/global-metrics/quotes/historical,0
2021-02-17,1490946011412.48,188285633185.66,61.5149,13.7089,https://api.coinmarketcap.com/data-api/v3/global-metrics/quotes/historical,0
2021-02-18,1571730150472.86,191801867278.34,61.8264,13.4713,https://api.coinmarketcap.com/data-api/v3/global-metrics/quotes/historical,0
2021-02-19,1587960801799.29,138297572149.71,60.654,14.0058,https://api.coinmarketcap.com/data-api/v3/global-metrics/quotes/historical,0
2021-02-20,1706551988686.55,166915431853.1,60.9757,13.1823,https://api.coinmarketcap.com/data-api/v3/global-metrics/quotes/historical,0
2021-02-21,1699848120501.44,192679832452.38,61.5163,12.9659,https://api.coinmarketcap.com/data-api/v3/global-metrics/quotes/historical,0
2021-02-22,1744111720940.62,145089923751.24,61.4551,12.7395,https://api.coinmarketcap.com/data-api/v3/global-metrics/quotes/historical,0
2021-02-23,1647603133821.13,232632635406.34,61.3438,12.4133,https://api.coinmarketcap.com/data-api/v3/global-metrics/quotes/historical,0
2021-02-24,1467056625531.13,261706706377.61,61.8556,12.2295,https://api.coinmarketcap.com/data-api/v3/global-metrics/quotes/historical,0
2021-02-25,1510602884475.79,171777263157.76,61.2704,12.3395,https://api.coinmarketcap.com/data-api/v3/global-metrics/quotes/historical,0
2021-02-26,1430592091566.2,142819282110.83,61.6063,11.8802,https://api.coinmarketcap.com/data-api/v3/global-metrics/quotes/historical,0
2021-02-27,1408473597631.53,455253020446.06,61.2638,11.7733,https://api.coinmarketcap.com/data-api/v3/global-metrics/quotes/historical,0
2021-02-28,1421511102160.5,128030108281.81,60.6459,11.8177,https://api.coinmarketcap.com/data-api/v3/global-metrics/quotes/historical,0
2021-03-01,1380689031695.14,140673015102.24,60.9004,11.7711,https://api.coinmarketcap.com/data-api/v3/global-metrics/quotes/historical,0
2021-03-02,1515177964309.47,129331510686.43,61.0605,11.8634,https://api.coinmarketcap.com/data-api/v3/global-metrics/quotes/historical,0
2021-03-03,1479787789839.6,124739563455.68,60.9434,11.5844,https://api.coinmarketcap.com/data-api/v3/global-metrics/quotes/historical,0
2021-03-04,1543748682020.24,129121018461.24,61.0884,11.7428,https://api.coinmarketcap.com/data-api/v3/global-metrics/quotes/historical,0
2021-03-05,1492279202668.93,137051382398.95,60.6724,11.8701,https://api.coinmarketcap.com/data-api/v3/global-metrics/quotes/historical,0
2021-03-06,1502552865324.52,118697130190.25,60.7347,11.7271,https://api.coinmarketcap.com/data-api/v3/global-metrics/quotes/historical,0
2021-03-07,1518551847557.71,93176734777.41,60.0835,12.5427,https://api.coinmarketcap.com/data-api/v3/global-metrics/quotes/historical,0
2021-03-08,1585196572691.68,103042841496.9,60.3591,12.5226,https://api.coinmarketcap.com/data-api/v3/global-metrics/quotes/historical,0
2021-03-09,1623367549044.83,123853327399.99,60.0369,12.9956,https://api.coinmarketcap.com/data-api/v3/global-metrics/quotes/historical,0
2021-03-10,1704294520581.81,133751159450.26,59.9459,12.5932,https://api.coinmarketcap.com/data-api/v3/global-metrics/quotes/historical,0
2021-03-11,1708422615326.76,134140394089.13,61.1765,12.1233,https://api.coinmarketcap.com/data-api/v3/global-metrics/quotes/historical,0
2021-03-12,1751033647877.46,131978421610.65,61.5417,11.9855,https://api.coinmarketcap.com/data-api/v3/global-metrics/quotes/historical,0
2021-03-13,1728235544521.7,139845647304.46,61.8837,11.7874,https://api.coinmarketcap.com/data-api/v3/global-metrics/quotes/historical,0
2021-03-14,1841094129185.99,148672539842.08,62.059,12.0273,https://api.coinmarketcap.com/data-api/v3/global-metrics/quotes/historical,0
2021-03-15,1789792456499.14,117865928232.09,61.9431,11.9615,https://api.coinmarketcap.com/data-api/v3/global-metrics/quotes/historical,0
2021-03-16,1707276189268.97,153414047450.51,61.0555,12.0653,https://api.coinmarketcap.com/data-api/v3/global-metrics/quotes/historical,0
2021-03-17,1738831316438.59,143465062404.9,60.7882,11.928,https://api.coinmarketcap.com/data-api/v3/global-metrics/quotes/historical,0
2021-03-18,1801671789498.99,140430860674.19,60.9259,11.6385,https://api.coinmarketcap.com/data-api/v3/global-metrics/quotes/historical,0
2021-03-19,1771215330271.86,129645807572.16,60.9504,11.5851,https://api.coinmarketcap.com/data-api/v3/global-metrics/quotes/historical,0
2021-03-20,1800100265836.79,117543420876.99,60.4699,11.6196,https://api.coinmarketcap.com/data-api/v3/global-metrics/quotes/historical,0
2021-03-21,1797970179884.56,120482799718.51,60.5572,11.6167,https://api.coinmarketcap.com/data-api/v3/global-metrics/quotes/historical,0
2021-03-22,1781647327529.74,113914702301.46,60.2432,11.5562,https://api.coinmarketcap.com/data-api/v3/global-metrics/quotes/historical,0
2021-03-23,1701640874999.6,127708449642.38,59.8264,11.4484,https://api.coinmarketcap.com/data-api/v3/global-metrics/quotes/historical,0
2021-03-24,1707727162944.86,129923304356.64,59.8703,11.3303,https://api.coinmarketcap.com/data-api/v3/global-metrics/quotes/historical,0
2021-03-25,1634570685516.3,146466168744.48,60.274,11.2315,https://api.coinmarketcap.com/data-api/v3/global-metrics/quotes/historical,0
2021-03-26,1623529674149.42,142683958716.3,59.4432,11.3191,https://api.coinmarketcap.com/data-api/v3/global-metrics/quotes/historical,0
2021-03-27,1734484004138.44,122050569883.64,59.3271,11.3102,https://api.coinmarketcap.com/data-api/v3/global-metrics/quotes/historical,0
2021-03-28,1755880628770.7,109051738578.35,59.5427,11.2707,https://api.coinmarketcap.com/data-api/v3/global-metrics/quotes/historical,0
2021-03-29,1758110718730.48,104824838770.7,59.424,11.0899,https://api.coinmarketcap.com/data-api/v3/global-metrics/quotes/historical,0
2021-03-30,1825801906631.66,127188399468.76,59.0507,11.4907,https://api.coinmarketcap.com/data-api/v3/global-metrics/quotes/historical,0
2021-03-31,1863981199793.12,125685877328.63,59.0175,11.4185,https://api.coinmarketcap.com/data-api/v3/global-metrics/quotes/historical,0
2021-04-01,1879792110128.97,163117996908.1,58.5257,11.7638,https://api.coinmarketcap.com/data-api/v3/global-metrics/quotes/historical,0
2021-04-02,1903824109713.87,163676633225.68,57.9703,11.9775,https://api.coinmarketcap.com/data-api/v3/global-metrics/quotes/historical,0
2021-04-03,1948275550271.01,161115894959.99,56.9111,12.6812,https://api.coinmarketcap.com/data-api/v3/global-metrics/quotes/historical,0
2021-04-04,1882423093695.86,162198933895.23,57.159,12.4308,https://api.coinmarketcap.com/data-api/v3/global-metrics/quotes/historical,0
2021-04-05,1949002578558.65,145257022241.68,56.2923,12.3867,https://api.coinmarketcap.com/data-api/v3/global-metrics/quotes/historical,0
2021-04-06,1976828143329.49,192034307844.73,55.7368,12.2894,https://api.coinmarketcap.com/data-api/v3/global-metrics/quotes/historical,0
2021-04-07,1984148829242.77,211536479485.84,54.8009,12.3223,https://api.coinmarketcap.com/data-api/v3/global-metrics/quotes/historical,0
2021-04-08,1881979289294.0,219869853167.62,55.7265,12.0986,https://api.coinmarketcap.com/data-api/v3/global-metrics/quotes/historical,0
2021-04-09,1977830891895.14,142953119956.45,55.0741,12.1876,https://api.coinmarketcap.com/data-api/v3/global-metrics/quotes/historical,0
2021-04-10,1980748568310.93,122484326765.29,54.9262,12.0731,https://api.coinmarketcap.com/data-api/v3/global-metrics/quotes/historical,0
2021-04-11,2045405684064.1,158640312340.03,54.6103,12.0566,https://api.coinmarketcap.com/data-api/v3/global-metrics/quotes/historical,0
2021-04-12,2072661874926.67,142581800513.52,54.2631,12.0153,https://api.coinmarketcap.com/data-api/v3/global-metrics/quotes/historical,0
2021-04-13,2080396210743.75,151460437918.49,53.794,11.878,https://api.coinmarketcap.com/data-api/v3/global-metrics/quotes/historical,0
2021-04-14,2197811709903.58,193839805893.63,54.0325,12.0946,https://api.coinmarketcap.com/data-api/v3/global-metrics/quotes/historical,0
2021-04-15,2217887624034.03,235242383393.08,53.0721,12.6606,https://api.coinmarketcap.com/data-api/v3/global-metrics/quotes/historical,0
2021-04-16,2259233680547.6,188963558142.96,52.3264,12.8665,https://api.coinmarketcap.com/data-api/v3/global-metrics/quotes/historical,0
2021-04-17,2237628557667.6,308040023462.59,51.451,12.5584,https://api.coinmarketcap.com/data-api/v3/global-metrics/quotes/historical,0
2021-04-18,2198602921303.39,239650692830.02,51.6228,12.3422,https://api.coinmarketcap.com/data-api/v3/global-metrics/quotes/historical,0
2021-04-19,2049504342804.95,300690499650.8,51.2376,12.6002,https://api.coinmarketcap.com/data-api/v3/global-metrics/quotes/historical,0
2021-04-20,2013020032223.88,225776133997.89,51.699,12.4189,https://api.coinmarketcap.com/data-api/v3/global-metrics/quotes/historical,0
2021-04-21,2068523587315.62,229497301644.32,50.9968,13.0104,https://api.coinmarketcap.com/data-api/v3/global-metrics/quotes/historical,0
2021-04-22,1994278314257.17,179642303211.82,50.4943,13.6825,https://api.coinmarketcap.com/data-api/v3/global-metrics/quotes/historical,0
2021-04-23,1916829750697.46,226959790955.32,50.4688,14.4998,https://api.coinmarketcap.com/data-api/v3/global-metrics/quotes/historical,0
2021-04-24,1896561955270.02,267844058775.64,50.3437,14.4176,https://api.coinmarketcap.com/data-api/v3/global-metrics/quotes/historical,0
2021-04-25,1826281250070.77,143290977318.89,51.2053,13.997,https://api.coinmarketcap.com/data-api/v3/global-metrics/quotes/historical,0
2021-04-26,1824757624647.65,127311587950.35,50.2333,14.6664,https://api.coinmarketcap.com/data-api/v3/global-metrics/quotes/historical,0
2021-04-27,2019390396279.5,160865425588.5,50.0009,14.5083,https://api.coinmarketcap.com/data-api/v3/global-metrics/quotes/historical,0
2021-04-28,2085563671994.19,145098174112.29,49.2961,14.7411,https://api.coinmarketcap.com/data-api/v3/global-metrics/quotes/historical,0
2021-04-29,2094349280175.74,151727679331.87,48.9268,15.1653,https://api.coinmarketcap.com/data-api/v3/global-metrics/quotes/historical,0
2021-04-30,2076747433317.0,136793042461.92,48.2182,15.3568,https://api.coinmarketcap.com/data-api/v3/global-metrics/quotes/historical,0
2021-05-01,2202189769327.3,144779478387.96,49.0324,14.5665,https://api.coinmarketcap.com/data-api/v3/global-metrics/quotes/historical,0
2021-05-02,2244084268334.95,133721460219.21,48.1702,15.186,https://api.coinmarketcap.com/data-api/v3/global-metrics/quotes/historical,0
2021-05-03,2213766969074.5,125314942137.82,47.8168,15.4294,https://api.coinmarketcap.com/data-api/v3/global-metrics/quotes/historical,0
2021-05-04,2312368990373.25,167204217435.2,46.258,17.1583,https://api.coinmarketcap.com/data-api/v3/global-metrics/quotes/historical,0
2021-05-05,2177702251591.46,252866697686.89,45.7342,17.2141,https://api.coinmarketcap.com/data-api/v3/global-metrics/quotes/historical,0
2021-05-06,2386883839277.0,265435714688.67,44.9585,17.075,https://api.coinmarketcap.com/data-api/v3/global-metrics/quotes/historical,0
2021-05-07,2371260683957.56,284705205267.1,44.4769,17.0354,https://api.coinmarketcap.com/data-api/v3/global-metrics/quotes/historical,0
2021-05-08,2379475419702.69,267518828381.27,45.0737,16.9544,https://api.coinmarketcap.com/data-api/v3/global-metrics/quotes/historical,0
2021-05-09,2463506402007.01,218839699630.8,44.6338,18.3501,https://api.coinmarketcap.com/data-api/v3/global-metrics/quotes/historical,0
2021-05-10,2456518166904.53,243951910748.73,44.3289,18.5082,https://api.coinmarketcap.com/data-api/v3/global-metrics/quotes/historical,0
2021-05-11,2354289970693.0,269499409229.87,44.3493,19.4209,https://api.coinmarketcap.com/data-api/v3/global-metrics/quotes/historical,0
2021-05-12,2502801521503.85,237260535325.89,42.3958,19.308,https://api.coinmarketcap.com/data-api/v3/global-metrics/quotes/historical,0
2021-05-13,2210077001195.96,252883647394.69,42.1965,20.1111,https://api.coinmarketcap.com/data-api/v3/global-metrics/quotes/historical,0
2021-05-14,2237244955780.75,320296984198.08,41.5677,19.2811,https://api.coinmarketcap.com/data-api/v3/global-metrics/quotes/historical,0
2021-05-15,2335084960875.95,210942290777.58,39.9721,20.2345,https://api.coinmarketcap.com/data-api/v3/global-metrics/quotes/historical,0
2021-05-16,2177512723943.98,212358673843.02,40.2005,19.4073,https://api.coinmarketcap.com/data-api/v3/global-metrics/quotes/historical,0
2021-05-17,2169168079472.59,210568489198.43,40.0596,19.1486,https://api.coinmarketcap.com/data-api/v3/global-metrics/quotes/historical,0
2021-05-18,2021563048922.92,231016632418.07,40.2289,18.7789,https://api.coinmarketcap.com/data-api/v3/global-metrics/quotes/historical,0
2021-05-19,2047589623111.84,187401765676.43,39.2584,19.1569,https://api.coinmarketcap.com/data-api/v3/global-metrics/quotes/historical,0
2021-05-20,1586428418885.85,375723146159.7,43.7153,18.0457,https://api.coinmarketcap.com/data-api/v3/global-metrics/quotes/historical,0
2021-05-21,1787816617243.12,277060349562.83,42.5661,18.0132,https://api.coinmarketcap.com/data-api/v3/global-metrics/quotes/historical,0
2021-05-22,1597425646826.4,235966802078.69,43.6864,17.6198,https://api.coinmarketcap.com/data-api/v3/global-metrics/quotes/historical,0
2021-05-23,1552307006310.07,170375303170.08,45.2667,17.1615,https://api.coinmarketcap.com/data-api/v3/global-metrics/quotes/historical,0
2021-05-24,1418495270201.05,228287891301.26,45.907,17.2594,https://api.coinmarketcap.com/data-api/v3/global-metrics/quotes/historical,0
2021-05-25,1661357595908.09,210578671955.14,43.5643,18.4381,https://api.coinmarketcap.com/data-api/v3/global-metrics/quotes/historical,0
2021-05-26,1658843816739.54,185853784915.43,43.2494,18.8928,https://api.coinmarketcap.com/data-api/v3/global-metrics/quotes/historical,0
2021-05-27,1751087019178.69,163148538731.82,42.0176,19.1122,https://api.coinmarketcap.com/data-api/v3/global-metrics/quotes/historical,0
2021-05-28,1691490891974.8,135805800862.11,42.561,18.7954,https://api.coinmarketcap.com/data-api/v3/global-metrics/quotes/historical,0
2021-05-29,1550715146762.87,158527175700.59,43.0715,18.1036,https://api.coinmarketcap.com/data-api/v3/global-metrics/quotes/historical,0
2021-05-30,1484497152534.16,127657075061.5,43.6175,17.8072,https://api.coinmarketcap.com/data-api/v3/global-metrics/quotes/historical,0
2021-05-31,1543725890384.16,102993035350.77,43.2404,17.9633,https://api.coinmarketcap.com/data-api/v3/global-metrics/quotes/historical,0
2021-06-01,1659100453454.15,119138090762.6,42.1135,18.9459,https://api.coinmarketcap.com/data-api/v3/global-metrics/quotes/historical,0
2021-06-02,1635922584515.64,112534285923.18,41.9713,18.6765,https://api.coinmarketcap.com/data-api/v3/global-metrics/quotes/historical,0
2021-06-03,1693469168939.95,111189461700.3,41.5796,18.5792,https://api.coinmarketcap.com/data-api/v3/global-metrics/quotes/historical,0
2021-06-04,1767339896058.76,112999898117.23,41.5235,18.76,https://api.coinmarketcap.com/data-api/v3/global-metrics/quotes/historical,0
2021-06-05,1660961801310.91,129514217618.62,41.6159,18.8108,https://api.coinmarketcap.com/data-api/v3/global-metrics/quotes/historical,0
2021-06-06,1612808480193.27,103981945713.85,41.2765,18.9301,https://api.coinmarketcap.com/data-api/v3/global-metrics/quotes/historical,0
2021-06-07,1636932562394.85,78104697076.19,41.0008,19.2519,https://api.coinmarketcap.com/data-api/v3/global-metrics/quotes/historical,0
2021-06-08,1533003950260.85,98361534914.85,41.0136,19.6462,https://api.coinmarketcap.com/data-api/v3/global-metrics/quotes/historical,0
2021-06-09,1522153846982.68,136894406682.96,41.1667,19.2061,https://api.coinmarketcap.com/data-api/v3/global-metrics/quotes/historical,0
2021-06-10,1630806890792.87,129462236711.36,42.8766,18.5877,https://api.coinmarketcap.com/data-api/v3/global-metrics/quotes/historical,0
2021-06-11,1578378270924.34,103511580627.46,43.5877,18.2058,https://api.coinmarketcap.com/data-api/v3/global-metrics/quotes/historical,0
2021-06-12,1551277554865.42,91340482256.6,45.0222,17.6259,https://api.coinmarketcap.com/data-api/v3/global-metrics/quotes/historical,0
2021-06-13,1517151283644.55,89266077914.49,43.8802,18.1868,https://api.coinmarketcap.com/data-api/v3/global-metrics/quotes/historical,0
2021-06-14,1629650696539.94,90707282874.04,44.9064,17.8991,https://api.coinmarketcap.com/data-api/v3/global-metrics/quotes/historical,0
2021-06-15,1671750632515.21,100186848860.97,45.216,17.8625,https://api.coinmarketcap.com/data-api/v3/global-metrics/quotes/historical,0
2021-06-16,1651468714192.19,89186212915.63,45.5713,17.9225,https://api.coinmarketcap.com/data-api/v3/global-metrics/quotes/historical,0
2021-06-17,1586167060397.71,88200900526.0,45.2909,17.3604,https://api.coinmarketcap.com/data-api/v3/global-metrics/quotes/historical,0
2021-06-18,1585439969106.78,79991535301.96,45.0277,17.4238,https://api.coinmarketcap.com/data-api/v3/global-metrics/quotes/historical,0
2021-06-19,1499518129332.01,83144013075.39,44.8044,17.3424,https://api.coinmarketcap.com/data-api/v3/global-metrics/quotes/historical,0
2021-06-20,1477596721768.39,68649065199.63,45.1011,17.0992,https://api.coinmarketcap.com/data-api/v3/global-metrics/quotes/historical,0
2021-06-21,1492167308397.19,81971253320.94,44.7603,17.5111,https://api.coinmarketcap.com/data-api/v3/global-metrics/quotes/historical,0
2021-06-22,1276173404169.88,126542176910.78,46.4365,17.2064,https://api.coinmarketcap.com/data-api/v3/global-metrics/quotes/historical,0
2021-06-23,1282593465902.12,143327708005.56,47.5107,17.0492,https://api.coinmarketcap.com/data-api/v3/global-metrics/quotes/historical,0
2021-06-24,1353218312400.25,103823866640.3,46.649,16.9384,https://api.coinmarketcap.com/data-api/v3/global-metrics/quotes/historical,0
2021-06-25,1394656334645.45,78900934271.92,46.6353,16.6332,https://api.coinmarketcap.com/data-api/v3/global-metrics/quotes/historical,0
2021-06-26,1278048997056.57,93436258117.52,46.3339,16.4985,https://api.coinmarketcap.com/data-api/v3/global-metrics/quotes/historical,0
2021-06-27,1295821836507.49,83877945727.84,46.6459,16.4185,https://api.coinmarketcap.com/data-api/v3/global-metrics/quotes/historical,0
2021-06-28,1381613853117.83,75782275348.9,47.0475,16.7025,https://api.coinmarketcap.com/data-api/v3/global-metrics/quotes/historical,0
2021-06-29,1395514135235.1,81339006029.05,46.2802,17.3703,https://api.coinmarketcap.com/data-api/v3/global-metrics/quotes/historical,0
2021-06-30,1453057024141.87,92506924538.53,46.2959,17.3452,https://api.coinmarketcap.com/data-api/v3/global-metrics/quotes/historical,0
2021-07-01,1443740569103.02,89429950138.79,45.4903,18.354,https://api.coinmarketcap.com/data-api/v3/global-metrics/quotes/historical,0
2021-07-02,1383828223983.63,84802808105.89,45.4476,17.7656,https://api.coinmarketcap.com/data-api/v3/global-metrics/quotes/historical,0
2021-07-03,1399096678469.44,78268790328.77,45.3615,17.9148,https://api.coinmarketcap.com/data-api/v3/global-metrics/quotes/historical,0
2021-07-04,1433810438951.76,60476741421.23,45.3256,18.0985,https://api.coinmarketcap.com/data-api/v3/global-metrics/quotes/historical,0
2021-07-05,1466939884287.63,63819227568.74,45.0946,18.4496,https://api.coinmarketcap.com/data-api/v3/global-metrics/quotes/historical,0
2021-07-06,1408670057645.14,69049295622.53,44.8845,18.1888,https://api.coinmarketcap.com/data-api/v3/global-metrics/quotes/historical,0
2021-07-07,1447160819009.8,75267273556.26,44.3434,18.7164,https://api.coinmarketcap.com/data-api/v3/global-metrics/quotes/historical,0
2021-07-08,1441909752646.65,75072129288.99,44.0697,18.7442,https://api.coinmarketcap.com/data-api/v3/global-metrics/quotes/historical,0
2021-07-09,1373437544731.84,80965213324.67,44.8654,17.9627,https://api.coinmarketcap.com/data-api/v3/global-metrics/quotes/historical,0
2021-07-10,1405548705051.49,74506102125.69,45.1092,17.8151,https://api.coinmarketcap.com/data-api/v3/global-metrics/quotes/historical,0
2021-07-11,1389401173477.36,60710205299.21,45.2282,17.7209,https://api.coinmarketcap.com/data-api/v3/global-metrics/quotes/historical,0
2021-07-12,1413837577847.68,52379822196.46,45.4364,17.6611,https://api.coinmarketcap.com/data-api/v3/global-metrics/quotes/historical,0
2021-07-13,1368394038633.56,63045285332.24,45.4005,17.3425,https://api.coinmarketcap.com/data-api/v3/global-metrics/quotes/historical,0
2021-07-14,1337726918122.82,59177331833.44,45.8803,16.9315,https://api.coinmarketcap.com/data-api/v3/global-metrics/quotes/historical,0
2021-07-15,1345660454551.38,65556803013.86,45.7574,17.2979,https://api.coinmarketcap.com/data-api/v3/global-metrics/quotes/historical,0
2021-07-16,1305800227300.81,66098805742.36,45.7394,17.1299,https://api.coinmarketcap.com/data-api/v3/global-metrics/quotes/historical,0
2021-07-17,1276125597537.53,65003817060.75,46.1523,17.1669,https://api.coinmarketcap.com/data-api/v3/global-metrics/quotes/historical,0
2021-07-18,1259003870112.32,54570461067.46,46.9857,17.6185,https://api.coinmarketcap.com/data-api/v3/global-metrics/quotes/historical,0
2021-07-19,1294032244032.82,52262113679.86,46.1019,17.0791,https://api.coinmarketcap.com/data-api/v3/global-metrics/quotes/historical,0
2021-07-20,1245202814756.7,56374562154.26,46.4633,17.0573,https://api.coinmarketcap.com/data-api/v3/global-metrics/quotes/historical,0
2021-07-21,1204677240889.18,66023270004.43,46.4055,17.3151,https://api.coinmarketcap.com/data-api/v3/global-metrics/quotes/historical,0
2021-07-22,1307987250061.45,81890599530.35,46.1027,17.8114,https://api.coinmarketcap.com/data-api/v3/global-metrics/quotes/historical,0
2021-07-23,1324921902082.75,64743820281.67,45.7523,17.8527,https://api.coinmarketcap.com/data-api/v3/global-metrics/quotes/historical,0
2021-07-24,1372969711997.31,70364952896.46,45.9133,18.071,https://api.coinmarketcap.com/data-api/v3/global-metrics/quotes/historical,0
2021-07-25,1402256802749.15,73527008222.34,45.8902,18.222,https://api.coinmarketcap.com/data-api/v3/global-metrics/quotes/historical,0
2021-07-26,1426244767009.43,65901911221.67,46.5584,17.9517,https://api.coinmarketcap.com/data-api/v3/global-metrics/quotes/historical,0
2021-07-27,1472981630084.41,130817047763.4,47.4942,17.6925,https://api.coinmarketcap.com/data-api/v3/global-metrics/quotes/historical,0
2021-07-28,1537614832648.81,97846185317.39,48.2187,17.4971,https://api.coinmarketcap.com/data-api/v3/global-metrics/quotes/historical,0
2021-07-29,1552331698844.43,92964434201.17,48.3594,17.31,https://api.coinmarketcap.com/data-api/v3/global-metrics/quotes/historical,0
2021-07-30,1570822811697.76,75178917742.71,47.8309,17.7298,https://api.coinmarketcap.com/data-api/v3/global-metrics/quotes/historical,0
2021-07-31,1634296830979.41,88471091517.98,48.4894,17.6277,https://api.coinmarketcap.com/data-api/v3/global-metrics/quotes/historical,0
2021-08-01,1635499465717.85,75378684765.9,47.5896,18.0899,https://api.coinmarketcap.com/data-api/v3/global-metrics/quotes/historical,0
2021-08-02,1605291730562.67,82987225975.1,46.7104,18.6462,https://api.coinmarketcap.com/data-api/v3/global-metrics/quotes/historical,0
2021-08-03,1599832267571.21,77237872681.51,45.9907,19.0772,https://api.coinmarketcap.com/data-api/v3/global-metrics/quotes/historical,0
2021-08-04,1562901785892.3,78104822543.75,45.8815,18.7494,https://api.coinmarketcap.com/data-api/v3/global-metrics/quotes/historical,0
2021-08-05,1635780430423.28,81014998384.55,45.6193,19.4909,https://api.coinmarketcap.com/data-api/v3/global-metrics/quotes/historical,0
2021-08-06,1678061403940.65,99435926118.23,45.7286,19.7119,https://api.coinmarketcap.com/data-api/v3/global-metrics/quotes/historical,0
2021-08-07,1735655255290.46,100225078506.64,46.3415,19.4928,https://api.coinmarketcap.com/data-api/v3/global-metrics/quotes/historical,0
2021-08-08,1831731527441.35,120756240043.19,45.6989,20.1943,https://api.coinmarketcap.com/data-api/v3/global-metrics/quotes/historical,0
2021-08-09,1774501349978.63,105730122702.38,46.347,19.8696,https://api.coinmarketcap.com/data-api/v3/global-metrics/quotes/historical,0
2021-08-10,1864264417198.56,111432014017.97,46.6252,19.8579,https://api.coinmarketcap.com/data-api/v3/global-metrics/quotes/historical,0
2021-08-11,1869799155703.19,107126726065.94,45.8055,19.6748,https://api.coinmarketcap.com/data-api/v3/global-metrics/quotes/historical,0
2021-08-12,1901686429134.03,125916640589.3,45.0171,19.4785,https://api.coinmarketcap.com/data-api/v3/global-metrics/quotes/historical,0
2021-08-13,1858196176272.52,119046367159.67,44.9232,19.211,https://api.coinmarketcap.com/data-api/v3/global-metrics/quotes/historical,0
2021-08-14,2005227678476.43,106841841663.6,44.7894,19.403,https://api.coinmarketcap.com/data-api/v3/global-metrics/quotes/historical,0
2021-08-15,1998619494676.87,110602206348.3,44.2688,19.1384,https://api.coinmarketcap.com/data-api/v3/global-metrics/quotes/historical,0
2021-08-16,2018285326179.09,111808041373.53,43.7686,19.2045,https://api.coinmarketcap.com/data-api/v3/global-metrics/quotes/historical,0
2021-08-17,1966489225457.42,119834487459.51,43.8888,18.7593,https://api.coinmarketcap.com/data-api/v3/global-metrics/quotes/historical,0
2021-08-18,1898164006594.37,124747048015.51,44.2341,18.5887,https://api.coinmarketcap.com/data-api/v3/global-metrics/quotes/historical,0
2021-08-19,1915630974639.44,115320635254.52,43.8868,18.4652,https://api.coinmarketcap.com/data-api/v3/global-metrics/quotes/historical,0
2021-08-20,2015577125330.44,115136959521.11,43.5597,18.4994,https://api.coinmarketcap.com/data-api/v3/global-metrics/quotes/historical,0
2021-08-21,2105331098043.51,110968374364.09,44.0293,18.2959,https://api.coinmarketcap.com/data-api/v3/global-metrics/quotes/historical,0
2021-08-22,2080789866038.47,110777880609.12,44.1375,18.1719,https://api.coinmarketcap.com/data-api/v3/global-metrics/quotes/historical,0
2021-08-23,2103254071104.22,91573004077.69,44.0459,18.0642,https://api.coinmarketcap.com/data-api/v3/global-metrics/quotes/historical,0
2021-08-24,2147406305136.86,117101255882.68,43.3802,18.1507,https://api.coinmarketcap.com/data-api/v3/global-metrics/quotes/historical,0
2021-08-25,2046971679006.08,121023640490.24,43.8161,18.1809,https://api.coinmarketcap.com/data-api/v3/global-metrics/quotes/historical,0
2021-08-26,2096980430009.91,114018305922.75,43.9075,18.0433,https://api.coinmarketcap.com/data-api/v3/global-metrics/quotes/historical,0
2021-08-27,1997932828867.22,109238518117.74,44.1451,18.186,https://api.coinmarketcap.com/data-api/v3/global-metrics/quotes/historical,0
2021-08-28,2115878389097.14,111371142631.21,43.6152,18.1476,https://api.coinmarketcap.com/data-api/v3/global-metrics/quotes/historical,0
2021-08-29,2104359656052.3,91273248703.69,43.7106,18.0977,https://api.coinmarketcap.com/data-api/v3/global-metrics/quotes/historical,0
2021-08-30,2098254859020.15,91058405993.68,43.7601,18.0445,https://api.coinmarketcap.com/data-api/v3/global-metrics/quotes/historical,0
2021-08-31,2046396184884.7,108061739226.31,43.1792,18.4906,https://api.coinmarketcap.com/data-api/v3/global-metrics/quotes/historical,0
2021-09-01,2090108123816.08,125951816595.65,42.3663,19.2064,https://api.coinmarketcap.com/data-api/v3/global-metrics/quotes/historical,0
2021-09-02,2210190743182.79,127041591164.32,41.5744,20.3347,https://api.coinmarketcap.com/data-api/v3/global-metrics/quotes/historical,0
2021-09-03,2223262376536.0,124670993995.77,41.7002,20.0325,https://api.coinmarketcap.com/data-api/v3/global-metrics/quotes/historical,0
2021-09-04,2269225310292.2,139914486939.2,41.3877,20.341,https://api.coinmarketcap.com/data-api/v3/global-metrics/quotes/historical,0
2021-09-05,2270810366334.45,126030611692.82,41.3648,20.108,https://api.coinmarketcap.com/data-api/v3/global-metrics/quotes/historical,0
2021-09-06,2343397052207.83,120135090083.38,41.5298,19.774,https://api.coinmarketcap.com/data-api/v3/global-metrics/quotes/historical,0
2021-09-07,2367110899522.54,138337042998.1,41.8268,19.4717,https://api.coinmarketcap.com/data-api/v3/global-metrics/quotes/historical,0
2021-09-08,2084766535702.86,235764136192.61,42.2686,19.3518,https://api.coinmarketcap.com/data-api/v3/global-metrics/quotes/historical,0
2021-09-09,2093266027712.8,182474313876.78,41.4216,19.6691,https://api.coinmarketcap.com/data-api/v3/global-metrics/quotes/historical,0
2021-09-10,2116290061816.93,145883168099.18,41.2805,19.0462,https://api.coinmarketcap.com/data-api/v3/global-metrics/quotes/historical,0
2021-09-11,2038038722056.34,140816757831.17,41.4509,18.5325,https://api.coinmarketcap.com/data-api/v3/global-metrics/quotes/historical,0
2021-09-12,2066435429814.47,112978393565.25,41.1558,18.5815,https://api.coinmarketcap.com/data-api/v3/global-metrics/quotes/historical,0
2021-09-13,2121600275771.01,106497712540.43,40.839,18.8592,https://api.coinmarketcap.com/data-api/v3/global-metrics/quotes/historical,0
2021-09-14,2049083378297.22,140510625486.65,41.2538,18.8276,https://api.coinmarketcap.com/data-api/v3/global-metrics/quotes/historical,0
2021-09-15,2131773368969.14,113531477530.77,41.6072,18.9737,https://api.coinmarketcap.com/data-api/v3/global-metrics/quotes/historical,0
2021-09-16,2193850208470.17,100260768151.47,41.3071,19.3643,https://api.coinmarketcap.com/data-api/v3/global-metrics/quotes/historical,0
2021-09-17,2165882966767.53,111089182675.05,41.4972,19.3616,https://api.coinmarketcap.com/data-api/v3/global-metrics/quotes/historical,0
2021-09-18,2110336104813.56,101095984285.93,42.1748,18.9264,https://api.coinmarketcap.com/data-api/v3/global-metrics/quotes/historical,0
2021-09-19,2151845798097.24,89128620907.52,42.208,18.7457,https://api.coinmarketcap.com/data-api/v3/global-metrics/quotes/historical,0
2021-09-20,2102146817352.21,82217964160.9,42.3241,18.6608,https://api.coinmarketcap.com/data-api/v3/global-metrics/quotes/historical,0
2021-09-21,1888633277740.66,143887194143.16,42.8362,18.5289,https://api.coinmarketcap.com/data-api/v3/global-metrics/quotes/historical,0
2021-09-22,1789919374944.78,140150884471.96,42.8497,18.2074,https://api.coinmarketcap.com/data-api/v3/global-metrics/quotes/historical,0
2021-09-23,1959270141458.51,117805440571.05,41.8424,18.4694,https://api.coinmarketcap.com/data-api/v3/global-metrics/quotes/historical,0
2021-09-24,2013411569329.61,101677856685.21,41.9757,18.4286,https://api.coinmarketcap.com/data-api/v3/global-metrics/quotes/historical,0
2021-09-25,1911127480162.45,132296187288.7,42.1967,18.0584,https://api.coinmarketcap.com/data-api/v3/global-metrics/quotes/historical,0
2021-09-26,1898759245195.11,94399231691.44,42.3521,18.1314,https://api.coinmarketcap.com/data-api/v3/global-metrics/quotes/historical,0
2021-09-27,1917022703480.15,110738963328.67,42.4036,18.781,https://api.coinmarketcap.com/data-api/v3/global-metrics/quotes/historical,0
2021-09-28,1867797174802.72,98279126182.81,42.549,18.4248,https://api.coinmarketcap.com/data-api/v3/global-metrics/quotes/historical,0
2021-09-29,1813411098326.22,90996443498.42,42.6425,18.2656,https://api.coinmarketcap.com/data-api/v3/global-metrics/quotes/historical,0
2021-09-30,1843843859701.15,89045505975.21,42.43,18.2065,https://api.coinmarketcap.com/data-api/v3/global-metrics/quotes/historical,0
2021-10-01,1930206546551.02,92640990063.92,42.747,18.3067,https://api.coinmarketcap.com/data-api/v3/global-metrics/quotes/historical,0
2021-10-02,2107108356132.57,117134614352.67,43.0217,18.4914,https://api.coinmarketcap.com/data-api/v3/global-metrics/quotes/historical,0
2021-10-03,2118041594222.74,97294096326.71,42.3955,18.8535,https://api.coinmarketcap.com/data-api/v3/global-metrics/quotes/historical,0
2021-10-04,2144334561753.68,89505500142.15,42.3423,18.7782,https://api.coinmarketcap.com/data-api/v3/global-metrics/quotes/historical,0
2021-10-05,2151193957976.05,107575875915.43,43.0553,18.5179,https://api.coinmarketcap.com/data-api/v3/global-metrics/quotes/historical,0
2021-10-06,2230198463918.98,111551676652.97,43.4847,18.576,https://api.coinmarketcap.com/data-api/v3/global-metrics/quotes/historical,0
2021-10-07,2307759140110.85,142285176191.45,45.1693,18.2613,https://api.coinmarketcap.com/data-api/v3/global-metrics/quotes/historical,0
2021-10-08,2284858519632.81,130195654413.76,44.3573,18.5032,https://api.coinmarketcap.com/data-api/v3/global-metrics/quotes/historical,0
2021-10-09,2282617879057.19,116418741703.03,44.508,18.3798,https://api.coinmarketcap.com/data-api/v3/global-metrics/quotes/historical,0
2021-10-10,2320592869768.16,96069068193.48,44.6122,18.1573,https://api.coinmarketcap.com/data-api/v3/global-metrics/quotes/historical,0
2021-10-11,2263956492331.17,99482106793.28,45.5488,17.8051,https://api.coinmarketcap.com/data-api/v3/global-metrics/quotes/historical,0
2021-10-12,2337846752408.15,108037005201.9,46.3619,17.8835,https://api.coinmarketcap.com/data-api/v3/global-metrics/quotes/historical,0
2021-10-13,2301188084255.03,108221709181.44,45.8838,17.8952,https://api.coinmarketcap.com/data-api/v3/global-metrics/quotes/historical,0
2021-10-14,2362017168443.25,113141028585.24,45.7693,17.9962,https://api.coinmarketcap.com/data-api/v3/global-metrics/quotes/historical,0
2021-10-15,2389974462411.1,101274153774.48,45.2147,18.7016,https://api.coinmarketcap.com/data-api/v3/global-metrics/quotes/historical,0
2021-10-16,2489474164126.01,134699121367.84,46.6372,18.3141,https://api.coinmarketcap.com/data-api/v3/global-metrics/quotes/historical,0
2021-10-17,2472363690507.54,94826087161.41,46.4117,18.2721,https://api.coinmarketcap.com/data-api/v3/global-metrics/quotes/historical,0
2021-10-18,2482132715354.28,85383083895.84,46.7335,18.2872,https://api.coinmarketcap.com/data-api/v3/global-metrics/quotes/historical,0
2021-10-19,2476826071321.6,98932054728.89,47.2121,17.8494,https://api.coinmarketcap.com/data-api/v3/global-metrics/quotes/historical,0
2021-10-20,2539301745464.84,93009947079.51,47.7166,18.0189,https://api.coinmarketcap.com/data-api/v3/global-metrics/quotes/historical,0
2021-10-21,2645014414565.28,106949756945.14,47.0358,18.5677,https://api.coinmarketcap.com/data-api/v3/global-metrics/quotes/historical,0
2021-10-22,2543946325264.84,127620316150.1,46.1176,18.8157,https://api.coinmarketcap.com/data-api/v3/global-metrics/quotes/historical,0
2021-10-23,2429579196015.08,71156643894.7,47.0936,19.294,https://api.coinmarketcap.com/data-api/v3/global-metrics/quotes/historical,0
2021-10-24,2558355886312.44,81232292516.94,45.2218,19.2501,https://api.coinmarketcap.com/data-api/v3/global-metrics/quotes/historical,0
2021-10-25,2518922930927.89,95608985254.87,45.5769,19.1438,https://api.coinmarketcap.com/data-api/v3/global-metrics/quotes/historical,0
2021-10-26,2620270321258.32,97113680848.13,45.3557,19.0044,https://api.coinmarketcap.com/data-api/v3/global-metrics/quotes/historical,0
2021-10-27,2562836163405.7,114137140542.34,44.4022,19.0401,https://api.coinmarketcap.com/data-api/v3/global-metrics/quotes/historical,0
2021-10-28,2453041063932.37,178766445087.99,45.0048,18.9412,https://api.coinmarketcap.com/data-api/v3/global-metrics/quotes/historical,0
2021-10-29,2585645667861.5,174477281953.41,44.2193,19.5834,https://api.coinmarketcap.com/data-api/v3/global-metrics/quotes/historical,0
2021-10-30,2660968465494.5,131626633162.43,44.1327,19.6288,https://api.coinmarketcap.com/data-api/v3/global-metrics/quotes/historical,0
2021-10-31,2635516181597.75,134783670568.4,44.4419,19.3871,https://api.coinmarketcap.com/data-api/v3/global-metrics/quotes/historical,0
2021-11-01,2623470715128.38,137671546847.22,44.0615,19.3082,https://api.coinmarketcap.com/data-api/v3/global-metrics/quotes/historical,0
2021-11-02,2639747768929.52,129671065575.28,43.5669,19.3541,https://api.coinmarketcap.com/data-api/v3/global-metrics/quotes/historical,0
2021-11-03,2744413323694.91,197185337811.71,43.5434,19.7987,https://api.coinmarketcap.com/data-api/v3/global-metrics/quotes/historical,0
2021-11-04,2756013114635.46,137033866081.49,43.0763,19.7343,https://api.coinmarketcap.com/data-api/v3/global-metrics/quotes/historical,0
2021-11-05,2708056483341.32,129646723869.47,42.7861,19.7734,https://api.coinmarketcap.com/data-api/v3/global-metrics/quotes/historical,0
2021-11-06,2701917317104.94,113586667365.59,42.5846,19.5679,https://api.coinmarketcap.com/data-api/v3/global-metrics/quotes/historical,0
2021-11-07,2730012879478.47,97756649332.22,42.5245,19.5534,https://api.coinmarketcap.com/data-api/v3/global-metrics/quotes/historical,0
2021-11-08,2798837945006.15,85518458179.38,42.8079,19.5642,https://api.coinmarketcap.com/data-api/v3/global-metrics/quotes/historical,0
2021-11-09,2919712061567.39,126063347098.88,43.5675,19.448,https://api.coinmarketcap.com/data-api/v3/global-metrics/quotes/historical,0
2021-11-10,2904441786523.23,139801903387.39,43.5851,19.308,https://api.coinmarketcap.com/data-api/v3/global-metrics/quotes/historical,0
2021-11-11,2795662464235.44,172306870718.37,43.6364,19.4891,https://api.coinmarketcap.com/data-api/v3/global-metrics/quotes/historical,0
2021-11-12,2839026028977.3,124513097942.55,43.1067,19.651,https://api.coinmarketcap.com/data-api/v3/global-metrics/quotes/historical,0
2021-11-13,2816319098401.41,123107178534.27,43.1118,19.7086,https://api.coinmarketcap.com/data-api/v3/global-metrics/quotes/historical,0
2021-11-14,2828244768580.86,96517259414.18,43.0427,19.4273,https://api.coinmarketcap.com/data-api/v3/global-metrics/quotes/historical,0
2021-11-15,2856402443353.2,83603296927.95,43.5049,19.225,https://api.coinmarketcap.com/data-api/v3/global-metrics/quotes/historical,0
2021-11-16,2770352701376.63,98862064232.7,43.0779,19.3916,https://api.coinmarketcap.com/data-api/v3/global-metrics/quotes/historical,0
2021-11-17,2610277667843.23,153351505019.49,43.4186,19.1004,https://api.coinmarketcap.com/data-api/v3/global-metrics/quotes/historical,0
2021-11-18,2632515813852.25,129559517900.38,43.2047,19.2422,https://api.coinmarketcap.com/data-api/v3/global-metrics/quotes/historical,0
2021-11-19,2479966732735.88,146527792352.78,43.3808,19.105,https://api.coinmarketcap.com/data-api/v3/global-metrics/quotes/historical,0
2021-11-20,2601441808254.25,122107886043.71,42.2236,19.5887,https://api.coinmarketcap.com/data-api/v3/global-metrics/quotes/historical,0
2021-11-21,2661883324166.28,106063881037.66,42.3182,19.6116,https://api.coinmarketcap.com/data-api/v3/global-metrics/quotes/historical,0
2021-11-22,2621705856761.9,101773701101.08,42.229,19.2297,https://api.coinmarketcap.com/data-api/v3/global-metrics/quotes/historical,0
2021-11-23,2531838134679.18,119046941227.34,41.9984,19.0941,https://api.coinmarketcap.com/data-api/v3/global-metrics/quotes/historical,0
2021-11-24,2615121702569.8,125734506735.44,41.6311,19.7712,https://api.coinmarketcap.com/data-api/v3/global-metrics/quotes/historical,0
2021-11-25,2578175921072.41,133396083265.31,42.0099,19.663,https://api.coinmarketcap.com/data-api/v3/global-metrics/quotes/historical,0
2021-11-26,2674346782847.32,141915348440.25,41.6918,20.0769,https://api.coinmarketcap.com/data-api/v3/global-metrics/quotes/historical,0
2021-11-27,2432377040254.63,160857781834.06,41.7303,19.6891,https://api.coinmarketcap.com/data-api/v3/global-metrics/quotes/historical,0
2021-11-28,2470050367465.36,106459059505.81,41.7714,19.5945,https://api.coinmarketcap.com/data-api/v3/global-metrics/quotes/historical,0
2021-11-29,2570958702692.84,108997791713.72,42.1869,19.8633,https://api.coinmarketcap.com/data-api/v3/global-metrics/quotes/historical,0
2021-11-30,2610403565918.97,107909496106.79,41.7463,20.1724,https://api.coinmarketcap.com/data-api/v3/global-metrics/quotes/historical,0
2021-12-01,2610697177790.38,130255545597.81,41.0543,20.9385,https://api.coinmarketcap.com/data-api/v3/global-metrics/quotes/historical,0
2021-12-02,2620337568877.35,122510733559.49,41.1268,20.6799,https://api.coinmarketcap.com/data-api/v3/global-metrics/quotes/historical,0
2021-12-03,2606278892433.23,116190327495.8,40.9904,20.5523,https://api.coinmarketcap.com/data-api/v3/global-metrics/quotes/historical,0
2021-12-04,2469728395954.19,134476399938.08,41.0364,20.1995,https://api.coinmarketcap.com/data-api/v3/global-metrics/quotes/historical,0
2021-12-05,2325276769609.98,204965025217.93,40.1492,21.1283,https://api.coinmarketcap.com/data-api/v3/global-metrics/quotes/historical,0
2021-12-06,2291059411505.28,122661770129.76,40.672,21.6982,https://api.coinmarketcap.com/data-api/v3/global-metrics/quotes/historical,0
2021-12-07,2365667098833.1,139187510452.98,40.4173,21.9034,https://api.coinmarketcap.com/data-api/v3/global-metrics/quotes/historical,0
2021-12-08,2353043988076.8,110468751346.15,40.6219,21.7281,https://api.coinmarketcap.com/data-api/v3/global-metrics/quotes/historical,0
2021-12-09,2398128952717.08,102461604942.1,39.8482,22.0358,https://api.coinmarketcap.com/data-api/v3/global-metrics/quotes/historical,0
2021-12-10,2246451014482.47,103295371200.87,40.0664,21.7529,https://api.coinmarketcap.com/data-api/v3/global-metrics/quotes/historical,0
2021-12-11,2186225143946.02,103643600188.03,40.9057,21.2329,https://api.coinmarketcap.com/data-api/v3/global-metrics/quotes/historical,0
2021-12-12,2276678136332.38,81999989169.17,41.0081,21.3152,https://api.coinmarketcap.com/data-api/v3/global-metrics/quotes/historical,0
2021-12-13,2307655957452.67,67548077617.86,41.0782,21.2958,https://api.coinmarketcap.com/data-api/v3/global-metrics/quotes/historical,0
2021-12-14,2120949294197.65,96646749088.96,41.5126,21.1372,https://api.coinmarketcap.com/data-api/v3/global-metrics/quotes/historical,0
2021-12-15,2194857907305.78,100215475694.98,41.6117,20.8791,https://api.coinmarketcap.com/data-api/v3/global-metrics/quotes/historical,0
2021-12-16,2254885775437.92,115303583176.45,41.0045,21.2126,https://api.coinmarketcap.com/data-api/v3/global-metrics/quotes/historical,0
2021-12-17,2204653085516.86,89665706106.83,40.8143,21.3078,https://api.coinmarketcap.com/data-api/v3/global-metrics/quotes/historical,0
2021-12-18,2160497217354.23,102768760227.87,40.3564,21.2894,https://api.coinmarketcap.com/data-api/v3/global-metrics/quotes/historical,0
2021-12-19,2206935070001.73,82175240795.86,40.1496,21.3193,https://api.coinmarketcap.com/data-api/v3/global-metrics/quotes/historical,0
2021-12-20,2185279151480.47,74631155502.99,40.2981,21.2718,https://api.coinmarketcap.com/data-api/v3/global-metrics/quotes/historical,0
2021-12-21,2197867669214.83,97449403517.26,40.401,21.4315,https://api.coinmarketcap.com/data-api/v3/global-metrics/quotes/historical,0
2021-12-22,2274542949222.24,83182788022.71,40.7138,21.0311,https://api.coinmarketcap.com/data-api/v3/global-metrics/quotes/historical,0
2021-12-23,2276758327799.92,86234296540.48,40.4206,20.8052,https://api.coinmarketcap.com/data-api/v3/global-metrics/quotes/historical,0
2021-12-24,2382714955203.91,102875737021.9,40.3586,20.5424,https://api.coinmarketcap.com/data-api/v3/global-metrics/quotes/historical,0
2021-12-25,2351520040972.63,89693142265.28,40.8062,20.4102,https://api.coinmarketcap.com/data-api/v3/global-metrics/quotes/historical,0
2021-12-26,2372345031391.49,71129630972.87,40.2176,20.502,https://api.coinmarketcap.com/data-api/v3/global-metrics/quotes/historical,0
2021-12-27,2391312129050.74,75212941894.54,40.1894,20.2401,https://api.coinmarketcap.com/data-api/v3/global-metrics/quotes/historical,0
2021-12-28,2379601905151.61,81628266032.94,40.2457,20.123,https://api.coinmarketcap.com/data-api/v3/global-metrics/quotes/historical,0
2021-12-29,2239793448093.28,107406711238.7,40.1962,20.1647,https://api.coinmarketcap.com/data-api/v3/global-metrics/quotes/historical,0
2021-12-30,2176300394043.55,92301517680.54,40.3838,19.8481,https://api.coinmarketcap.com/data-api/v3/global-metrics/quotes/historical,0
2021-12-31,2217587341587.41,79859922253.59,40.2889,19.9808,https://api.coinmarketcap.com/data-api/v3/global-metrics/quotes/historical,0
2022-01-01,2188927499015.76,91350861845.16,40.0513,20.0488,https://api.coinmarketcap.com/data-api/v3/global-metrics/quotes/historical,0
2022-01-02,2253025340162.08,66638131551.96,40.0386,19.9016,https://api.coinmarketcap.com/data-api/v3/global-metrics/quotes/historical,0
2022-01-03,2255963303858.94,73253871166.58,39.6628,20.1753,https://api.coinmarketcap.com/data-api/v3/global-metrics/quotes/historical,0
2022-01-04,2225213380991.03,87772654928.84,39.5255,20.1455,https://api.coinmarketcap.com/data-api/v3/global-metrics/quotes/historical,0
2022-01-05,2206005900549.9,101800178203.34,39.3336,20.4348,https://api.coinmarketcap.com/data-api/v3/global-metrics/quotes/historical,0
2022-01-06,2082775500630.5,112003900838.45,39.4781,20.2288,https://api.coinmarketcap.com/data-api/v3/global-metrics/quotes/historical,0
2022-01-07,2067677528682.61,105959376584.79,39.4849,19.6918,https://api.coinmarketcap.com/data-api/v3/global-metrics/quotes/historical,0
2022-01-08,1969496245696.54,142860989808.14,40.0048,19.3462,https://api.coinmarketcap.com/data-api/v3/global-metrics/quotes/historical,0
2022-01-09,1941933529129.49,90480440846.51,40.616,18.9318,https://api.coinmarketcap.com/data-api/v3/global-metrics/quotes/historical,0
2022-01-10,1969300758849.55,72302255348.86,40.2969,19.0917,https://api.coinmarketcap.com/data-api/v3/global-metrics/quotes/historical,0
2022-01-11,1935846004184.75,100912419170.77,40.8623,18.9517,https://api.coinmarketcap.com/data-api/v3/global-metrics/quotes/historical,0
2022-01-12,2010183566518.26,87696385857.95,40.2759,19.2204,https://api.coinmarketcap.com/data-api/v3/global-metrics/quotes/historical,0
2022-01-13,2087721022892.51,95200039571.6,39.8542,19.2625,https://api.coinmarketcap.com/data-api/v3/global-metrics/quotes/historical,0
2022-01-14,2019726952110.09,102390004137.43,39.9045,19.1404,https://api.coinmarketcap.com/data-api/v3/global-metrics/quotes/historical,0
2022-01-15,2060979891846.87,86791653248.99,39.6271,19.1727,https://api.coinmarketcap.com/data-api/v3/global-metrics/quotes/historical,0
2022-01-16,2067705583569.23,61894761298.36,39.4873,19.1864,https://api.coinmarketcap.com/data-api/v3/global-metrics/quotes/historical,0
2022-01-17,2078540080706.28,62372947488.35,39.2906,19.2233,https://api.coinmarketcap.com/data-api/v3/global-metrics/quotes/historical,0
2022-01-18,2018661958726.47,76827074990.27,39.6399,18.9769,https://api.coinmarketcap.com/data-api/v3/global-metrics/quotes/historical,0
2022-01-19,2003711640480.49,77960572300.2,40.0397,18.824,https://api.coinmarketcap.com/data-api/v3/global-metrics/quotes/historical,0
2022-01-20,1963424131727.88,74238843482.45,40.2492,18.7896,https://api.coinmarketcap.com/data-api/v3/global-metrics/quotes/historical,0
2022-01-21,1905499311655.53,230699755078.31,40.415,18.7846,https://api.coinmarketcap.com/data-api/v3/global-metrics/quotes/historical,0
2022-01-22,1701513109218.73,128887040190.27,40.7876,18.1413,https://api.coinmarketcap.com/data-api/v3/global-metrics/quotes/historical,0
2022-01-23,1603209042332.5,132430434193.79,41.394,17.9092,https://api.coinmarketcap.com/data-api/v3/global-metrics/quotes/historical,0
2022-01-24,1672150757366.93,85310684697.24,40.9939,18.0695,https://api.coinmarketcap.com/data-api/v3/global-metrics/quotes/historical,0
2022-01-25,1648838906691.41,128882156030.31,42.0438,17.6271,https://api.coinmarketcap.com/data-api/v3/global-metrics/quotes/historical,0
2022-01-26,1680833241296.57,85815992952.1,41.6385,17.4318,https://api.coinmarketcap.com/data-api/v3/global-metrics/quotes/historical,0
2022-01-27,1677745802850.06,103606885332.84,41.598,17.5501,https://api.coinmarketcap.com/data-api/v3/global-metrics/quotes/historical,0
2022-01-28,1672297868711.29,81892258093.96,42.0597,17.2861,https://api.coinmarketcap.com/data-api/v3/global-metrics/quotes/historical,0
2022-01-29,1707020008438.95,76409686661.68,41.9267,17.807,https://api.coinmarketcap.com/data-api/v3/global-metrics/quotes/historical,0
2022-01-30,1731076093854.02,59923101329.65,41.7428,17.9131,https://api.coinmarketcap.com/data-api/v3/global-metrics/quotes/historical,0
2022-01-31,1715526833234.09,52780237047.14,41.8779,18.1217,https://api.coinmarketcap.com/data-api/v3/global-metrics/quotes/historical,0
2022-02-01,1747697914960.14,67032400737.68,41.6495,18.3312,https://api.coinmarketcap.com/data-api/v3/global-metrics/quotes/historical,0
2022-02-02,1781167366800.51,65105292554.59,41.223,18.7188,https://api.coinmarketcap.com/data-api/v3/global-metrics/quotes/historical,0
2022-02-03,1706863307646.47,66856039035.3,41.026,18.7906,https://api.coinmarketcap.com/data-api/v3/global-metrics/quotes/historical,0
2022-02-04,1720302767061.88,63370347878.9,41.0077,18.6556,https://api.coinmarketcap.com/data-api/v3/global-metrics/quotes/historical,0
2022-02-05,1879304102089.98,86190568078.42,41.812,18.9678,https://api.coinmarketcap.com/data-api/v3/global-metrics/quotes/historical,0
2022-02-06,1895043129794.91,74498766531.97,41.4431,19.0179,https://api.coinmarketcap.com/data-api/v3/global-metrics/quotes/historical,0
2022-02-07,1934046813498.54,61398325062.44,41.5127,18.8666,https://api.coinmarketcap.com/data-api/v3/global-metrics/quotes/historical,0
2022-02-08,2010523948074.08,94424406162.44,41.3888,18.7083,https://api.coinmarketcap.com/data-api/v3/global-metrics/quotes/historical,0
2022-02-09,1999216084043.86,104663584806.77,41.7715,18.6393,https://api.coinmarketcap.com/data-api/v3/global-metrics/quotes/historical,0
2022-02-10,2031874561528.74,78701880577.94,41.3526,19.0643,https://api.coinmarketcap.com/data-api/v3/global-metrics/quotes/historical,0
2022-02-11,1968237227424.53,108684639366.41,41.8997,18.653,https://api.coinmarketcap.com/data-api/v3/global-metrics/quotes/historical,0
2022-02-12,1893201871382.25,93809558679.81,42.4322,18.4639,https://api.coinmarketcap.com/data-api/v3/global-metrics/quotes/historical,0
2022-02-13,1891821619436.48,70167467408.02,42.2879,18.4157,https://api.coinmarketcap.com/data-api/v3/global-metrics/quotes/historical,0
2022-02-14,1878359557297.44,59350320353.98,42.5012,18.3134,https://api.coinmarketcap.com/data-api/v3/global-metrics/quotes/historical,0
2022-02-15,1899897565889.97,68851421413.85,42.496,18.4624,https://api.coinmarketcap.com/data-api/v3/global-metrics/quotes/historical,0
2022-02-16,2006110544466.53,77475297838.91,42.0733,18.9528,https://api.coinmarketcap.com/data-api/v3/global-metrics/quotes/historical,0
2022-02-17,1983350838637.84,70785121330.72,42.0084,18.87,https://api.coinmarketcap.com/data-api/v3/global-metrics/quotes/historical,0
2022-02-18,1841059855052.45,84545554192.84,41.721,18.7513,https://api.coinmarketcap.com/data-api/v3/global-metrics/quotes/historical,0
2022-02-19,1813268592522.52,75282111752.5,41.8544,18.3637,https://api.coinmarketcap.com/data-api/v3/global-metrics/quotes/historical,0
2022-02-20,1815074513996.24,53931450519.54,41.9095,18.2132,https://api.coinmarketcap.com/data-api/v3/global-metrics/quotes/historical,0
2022-02-21,1735862785646.88,65556633194.74,41.9233,18.0797,https://api.coinmarketcap.com/data-api/v3/global-metrics/quotes/historical,0
2022-02-22,1674156716081.72,99622055925.91,42.03,18.4152,https://api.coinmarketcap.com/data-api/v3/global-metrics/quotes/historical,0
2022-02-23,1723289051013.58,84882622303.56,42.096,18.3203,https://api.coinmarketcap.com/data-api/v3/global-metrics/quotes/historical,0
2022-02-24,1689631859713.11,109756861.8,41.8424,18.326,https://api.coinmarketcap.com/data-api/v3/global-metrics/quotes/historical,0
2022-02-25,1710733287020.27,150946705399.02,42.4983,18.1827,https://api.coinmarketcap.com/data-api/v3/global-metrics/quotes/historical,0
2022-02-26,1776643564418.71,95210334276.42,41.8718,18.6417,https://api.coinmarketcap.com/data-api/v3/global-metrics/quotes/historical,0
2022-02-27,1779018648489.38,69270988790.81,41.6992,18.7173,https://api.coinmarketcap.com/data-api/v3/global-metrics/quotes/historical,0
2022-02-28,1709714818781.76,81848489143.74,41.834,18.3535,https://api.coinmarketcap.com/data-api/v3/global-metrics/quotes/historical,0
2022-03-01,1908897877352.67,104290665882.84,42.9267,18.3181,https://api.coinmarketcap.com/data-api/v3/global-metrics/quotes/historical,0
2022-03-02,1944935693858.79,108651051093.03,43.2792,18.3128,https://api.coinmarketcap.com/data-api/v3/global-metrics/quotes/historical,0
2022-03-03,1929361073402.29,97371440674.91,43.1965,18.3199,https://api.coinmarketcap.com/data-api/v3/global-metrics/quotes/historical,0
2022-03-04,1873577424734.18,81407179034.33,42.9973,18.1299,https://api.coinmarketcap.com/data-api/v3/global-metrics/quotes/historical,0
2022-03-05,1749503595810.7,87933155136.57,42.4689,17.9424,https://api.coinmarketcap.com/data-api/v3/global-metrics/quotes/historical,0
2022-03-06,1773221304629.7,56900344964.19,42.1674,18.0115,https://api.coinmarketcap.com/data-api/v3/global-metrics/quotes/historical,0
2022-03-07,1723621761763.7,62778297248.91,42.3183,17.7674,https://api.coinmarketcap.com/data-api/v3/global-metrics/quotes/historical,0
2022-03-08,1702978646889.8,85575511798.21,42.3966,17.5731,https://api.coinmarketcap.com/data-api/v3/global-metrics/quotes/historical,0
2022-03-09,1735324509581.52,78427169255.7,42.3671,17.8042,https://api.coinmarketcap.com/data-api/v3/global-metrics/quotes/historical,0
2022-03-10,1840926736254.95,94837875191.79,43.2686,17.7708,https://api.coinmarketcap.com/data-api/v3/global-metrics/quotes/historical,0
2022-03-11,1757146126223.41,91138959524.2,42.5966,17.798,https://api.coinmarketcap.com/data-api/v3/global-metrics/quotes/historical,0
2022-03-12,1732014742949.07,81531503641.3,42.5084,17.7209,https://api.coinmarketcap.com/data-api/v3/global-metrics/quotes/historical,0
2022-03-13,1735530252915.07,54584860570.58,42.5209,17.7797,https://api.coinmarketcap.com/data-api/v3/global-metrics/quotes/historical,0
2022-03-14,1696301916874.15,60253823259.04,42.3333,17.8048,https://api.coinmarketcap.com/data-api/v3/global-metrics/quotes/historical,0
2022-03-15,1754651434997.2,74252010392.71,42.9104,17.71,https://api.coinmarketcap.com/data-api/v3/global-metrics/quotes/historical,0
2022-03-16,1749724151838.29,74221804325.22,42.6697,17.9616,https://api.coinmarketcap.com/data-api/v3/global-metrics/quotes/historical,0
2022-03-17,1825738833245.35,104698803910.01,42.7761,18.2175,https://api.coinmarketcap.com/data-api/v3/global-metrics/quotes/historical,0
2022-03-18,1831023941249.34,76803452930.49,42.4504,18.4425,https://api.coinmarketcap.com/data-api/v3/global-metrics/quotes/historical,0
2022-03-19,1877294040726.05,97069363443.27,42.2608,18.8196,https://api.coinmarketcap.com/data-api/v3/global-metrics/quotes/historical,0
2022-03-20,1900933342870.07,82866120368.12,42.146,18.6119,https://api.coinmarketcap.com/data-api/v3/global-metrics/quotes/historical,0
2022-03-21,1858489052537.3,80142662841.44,42.1553,18.4786,https://api.coinmarketcap.com/data-api/v3/global-metrics/quotes/historical,0
2022-03-22,1869269060178.52,89532075389.3,41.713,18.6036,https://api.coinmarketcap.com/data-api/v3/global-metrics/quotes/historical,0
2022-03-23,1917114273924.95,100378436422.7,41.9801,18.6191,https://api.coinmarketcap.com/data-api/v3/global-metrics/quotes/historical,0
2022-03-24,1951616316096.99,95065418239.22,41.7377,18.6502,https://api.coinmarketcap.com/data-api/v3/global-metrics/quotes/historical,0
2022-03-25,1995485207938.21,109920283154.75,41.8434,18.7057,https://api.coinmarketcap.com/data-api/v3/global-metrics/quotes/historical,0
2022-03-26,1991293918291.93,91336161229.3,42.3023,18.7388,https://api.coinmarketcap.com/data-api/v3/global-metrics/quotes/historical,0
2022-03-27,2012084245260.48,59910844731.47,42.0125,18.7652,https://api.coinmarketcap.com/data-api/v3/global-metrics/quotes/historical,0
2022-03-28,2103474483298.77,85919528862.64,42.2824,18.7995,https://api.coinmarketcap.com/data-api/v3/global-metrics/quotes/historical,0
2022-03-29,2112204792356.44,120398068878.97,42.3733,18.9802,https://api.coinmarketcap.com/data-api/v3/global-metrics/quotes/historical,0
2022-03-30,2141883962333.05,116373259989.19,42.0961,19.0859,https://api.coinmarketcap.com/data-api/v3/global-metrics/quotes/historical,0
2022-03-31,2142202038307.02,112602389245.96,41.738,18.9908,https://api.coinmarketcap.com/data-api/v3/global-metrics/quotes/historical,0
2022-04-01,2082095621891.59,128634994317.65,41.5615,18.9437,https://api.coinmarketcap.com/data-api/v3/global-metrics/quotes/historical,0
2022-04-02,2139468598908.0,128343448828.44,41.1035,19.3812,https://api.coinmarketcap.com/data-api/v3/global-metrics/quotes/historical,0
2022-04-03,2129598041309.94,114237935539.1,40.9215,19.4471,https://api.coinmarketcap.com/data-api/v3/global-metrics/quotes/historical,0
2022-04-04,2166647653492.07,94103285157.76,40.7369,19.5477,https://api.coinmarketcap.com/data-api/v3/global-metrics/quotes/historical,0
2022-04-05,2160036369638.58,110814687356.14,41.017,19.6021,https://api.coinmarketcap.com/data-api/v3/global-metrics/quotes/historical,0
2022-04-06,2110999077617.25,100157035046.16,41.0054,19.4362,https://api.coinmarketcap.com/data-api/v3/global-metrics/quotes/historical,0
2022-04-07,1980493912054.59,126688200867.83,41.4613,19.2612,https://api.coinmarketcap.com/data-api/v3/global-metrics/quotes/historical,0
2022-04-08,2013774280303.93,87427165744.16,41.0586,19.3129,https://api.coinmarketcap.com/data-api/v3/global-metrics/quotes/historical,0
2022-04-09,1956014446768.46,89756927838.7,41.0878,19.6317,https://api.coinmarketcap.com/data-api/v3/global-metrics/quotes/historical,0
2022-04-10,1986574058614.36,57912192000.66,40.9331,19.7532,https://api.coinmarketcap.com/data-api/v3/global-metrics/quotes/historical,0
2022-04-11,1957656513477.26,61256177404.82,40.9791,19.7416,https://api.coinmarketcap.com/data-api/v3/global-metrics/quotes/historical,0
2022-04-12,1827232552985.02,102579491470.54,41.1216,19.6329,https://api.coinmarketcap.com/data-api/v3/global-metrics/quotes/historical,0
2022-04-13,1864839919149.3,94789049760.13,40.9035,19.5575,https://api.coinmarketcap.com/data-api/v3/global-metrics/quotes/historical,0
2022-04-14,1910202868623.24,83749269604.51,40.9671,19.6495,https://api.coinmarketcap.com/data-api/v3/global-metrics/quotes/historical,0
2022-04-15,1860534665195.87,78603106396.79,40.8099,19.5394,https://api.coinmarketcap.com/data-api/v3/global-metrics/quotes/historical,0
2022-04-16,1884081931511.96,63399692524.91,40.923,19.4316,https://api.coinmarketcap.com/data-api/v3/global-metrics/quotes/historical,0
2022-04-17,1885057863724.37,50373706394.03,40.7707,19.559,https://api.coinmarketcap.com/data-api/v3/global-metrics/quotes/historical,0
2022-04-18,1846230971848.56,57929287845.83,40.9073,19.5245,https://api.coinmarketcap.com/data-api/v3/global-metrics/quotes/historical,0
2022-04-19,1892298042872.79,93897901021.16,41.0268,19.4598,https://api.coinmarketcap.com/data-api/v3/global-metrics/quotes/historical,0
2022-04-20,1925877976585.35,80931927000.78,40.9796,19.413,https://api.coinmarketcap.com/data-api/v3/global-metrics/quotes/historical,0
2022-04-21,1914112895269.67,90783115660.59,41.1053,19.3694,https://api.coinmarketcap.com/data-api/v3/global-metrics/quotes/historical,0
2022-04-22,1869964856358.09,104503927703.89,41.2172,19.2454,https://api.coinmarketcap.com/data-api/v3/global-metrics/quotes/historical,0
2022-04-23,1851001110959.29,83735005991.95,40.8326,19.2989,https://api.coinmarketcap.com/data-api/v3/global-metrics/quotes/historical,0
2022-04-24,1836887852587.82,54999242858.47,40.8825,19.2715,https://api.coinmarketcap.com/data-api/v3/global-metrics/quotes/historical,0
2022-04-25,1828331719908.61,55986249711.75,41.064,19.266,https://api.coinmarketcap.com/data-api/v3/global-metrics/quotes/historical,0
2022-04-26,1866741324696.47,101627136740.13,41.2223,19.4289,https://api.coinmarketcap.com/data-api/v3/global-metrics/quotes/historical,0
2022-04-27,1758264083993.15,94893107536.81,41.2418,19.254,https://api.coinmarketcap.com/data-api/v3/global-metrics/quotes/historical,0
2022-04-28,1800422932555.41,84135423411.7,41.4644,19.3437,https://api.coinmarketcap.com/data-api/v3/global-metrics/quotes/historical,0
2022-04-29,1817880992312.91,94410919785.74,41.6226,19.4782,https://api.coinmarketcap.com/data-api/v3/global-metrics/quotes/historical,0
2022-04-30,1755332617995.95,93640423923.76,41.8469,19.3413,https://api.coinmarketcap.com/data-api/v3/global-metrics/quotes/historical,0
2022-05-01,1693345382417.17,80072582373.27,42.3766,19.4428,https://api.coinmarketcap.com/data-api/v3/global-metrics/quotes/historical,0
2022-05-02,1736689493706.14,83494798193.63,42.1501,19.6374,https://api.coinmarketcap.com/data-api/v3/global-metrics/quotes/historical,0
2022-05-03,1736808174629.35,86935756863.3,42.213,19.8438,https://api.coinmarketcap.com/data-api/v3/global-metrics/quotes/historical,0
2022-05-04,1707255031148.14,72536850733.48,42.077,19.6668,https://api.coinmarketcap.com/data-api/v3/global-metrics/quotes/historical,0
2022-05-05,1803486551946.1,98326938726.04,41.8892,19.6706,https://api.coinmarketcap.com/data-api/v3/global-metrics/quotes/historical,0
2022-05-06,1677074080534.15,114325090368.92,41.505,19.7788,https://api.coinmarketcap.com/data-api/v3/global-metrics/quotes/historical,0
2022-05-07,1655749859058.39,92837625017.16,41.4295,19.6415,https://api.coinmarketcap.com/data-api/v3/global-metrics/quotes/historical,0
2022-05-08,1620601533242.5,76921052027.91,41.6968,19.6313,https://api.coinmarketcap.com/data-api/v3/global-metrics/quotes/historical,0
2022-05-09,1565264594253.84,103112492774.63,41.4185,19.4167,https://api.coinmarketcap.com/data-api/v3/global-metrics/quotes/historical,0
2022-05-10,1380631810481.0,159101117269.94,41.7559,19.6205,https://api.coinmarketcap.com/data-api/v3/global-metrics/quotes/historical,0
2022-05-11,1415452718527.68,170212438067.64,41.7182,19.9851,https://api.coinmarketcap.com/data-api/v3/global-metrics/quotes/historical,0
2022-05-12,1259685975101.05,213727678738.79,43.731,19.863,https://api.coinmarketcap.com/data-api/v3/global-metrics/quotes/historical,0
2022-05-13,1259790492542.045,166829728905.74,43.9898,19.5835,https://api.coinmarketcap.com/data-api/v3/global-metrics/quotes/historical,1
2022-05-14,1259895009983.04,119931779072.69,44.2486,19.304,https://api.coinmarketcap.com/data-api/v3/global-metrics/quotes/historical,0
2022-05-15,1290062500750.44,90067337736.89,44.4245,19.2511,https://api.coinmarketcap.com/data-api/v3/global-metrics/quotes/historical,0
2022-05-16,1340727354741.77,76918927624.34,44.4585,19.3324,https://api.coinmarketcap.com/data-api/v3/global-metrics/quotes/historical,0
2022-05-17,1276945482042.39,88943005329.11,44.5311,19.1369,https://api.coinmarketcap.com/data-api/v3/global-metrics/quotes/historical,0
2022-05-18,1310623492596.71,78334689676.88,44.2063,19.2706,https://api.coinmarketcap.com/data-api/v3/global-metrics/quotes/historical,0
2022-05-19,1226040356031.56,79312434278.8,44.6101,18.8897,https://api.coinmarketcap.com/data-api/v3/global-metrics/quotes/historical,0
2022-05-20,1284446454170.97,84007749705.03,44.9443,18.9877,https://api.coinmarketcap.com/data-api/v3/global-metrics/quotes/historical,0
2022-05-21,1247747612485.61,76165061493.88,44.5702,18.9961,https://api.coinmarketcap.com/data-api/v3/global-metrics/quotes/historical,0
2022-05-22,1259469044786.43,50221546604.78,44.5083,18.9495,https://api.coinmarketcap.com/data-api/v3/global-metrics/quotes/historical,0
2022-05-23,1294498240079.56,60071895372.73,44.6067,19.0759,https://api.coinmarketcap.com/data-api/v3/global-metrics/quotes/historical,0
2022-05-24,1251603961234.32,83845649277.51,44.2864,19.05,https://api.coinmarketcap.com/data-api/v3/global-metrics/quotes/historical,0
2022-05-25,1269044934413.2,70618686606.32,44.5116,18.8536,https://api.coinmarketcap.com/data-api/v3/global-metrics/quotes/historical,0
2022-05-26,1259528121492.91,70677604885.02,44.7126,18.6726,https://api.coinmarketcap.com/data-api/v3/global-metrics/quotes/historical,0
2022-05-27,1215915464317.68,95985042148.4,45.8416,17.935,https://api.coinmarketcap.com/data-api/v3/global-metrics/quotes/historical,0
2022-05-28,1184959234425.29,94646223757.36,46.0219,17.6048,https://api.coinmarketcap.com/data-api/v3/global-metrics/quotes/historical,0
2022-05-29,1209009255029.13,53368296305.52,45.7336,17.932,https://api.coinmarketcap.com/data-api/v3/global-metrics/quotes/historical,0
2022-05-30,1224305629472.27,50284426004.87,45.8227,17.9041,https://api.coinmarketcap.com/data-api/v3/global-metrics/quotes/historical,0
2022-05-31,1313815238862.78,90273700055.32,46.0102,18.3848,https://api.coinmarketcap.com/data-api/v3/global-metrics/quotes/historical,0
2022-06-01,1309096207704.8,88598223382.43,46.2762,17.9517,https://api.coinmarketcap.com/data-api/v3/global-metrics/quotes/historical,0
2022-06-02,1234102908925.65,97264390742.05,46.0094,17.8758,https://api.coinmarketcap.com/data-api/v3/global-metrics/quotes/historical,0
2022-06-03,1257315278519.81,71963363050.54,46.1783,17.655,https://api.coinmarketcap.com/data-api/v3/global-metrics/quotes/historical,0
2022-06-04,1224144161697.26,62692992854.92,46.2449,17.552,https://api.coinmarketcap.com/data-api/v3/global-metrics/quotes/historical,0
2022-06-05,1233065389887.51,44175826409.59,46.1115,17.6876,https://api.coinmarketcap.com/data-api/v3/global-metrics/quotes/historical,0
2022-06-06,1234089501735.15,45151931584.01,46.1904,17.7111,https://api.coinmarketcap.com/data-api/v3/global-metrics/quotes/historical,0
2022-06-07,1276723377196.49,72936300242.03,46.8338,17.6324,https://api.coinmarketcap.com/data-api/v3/global-metrics/quotes/historical,0
2022-06-08,1261682263786.71,92670845981.42,47.0657,17.4103,https://api.coinmarketcap.com/data-api/v3/global-metrics/quotes/historical,0
2022-06-09,1238829879210.49,72744502058.87,46.4924,17.5326,https://api.coinmarketcap.com/data-api/v3/global-metrics/quotes/historical,0
2022-06-10,1237318651528.38,58778745667.02,46.3917,17.5187,https://api.coinmarketcap.com/data-api/v3/global-metrics/quotes/historical,0
2022-06-11,1187216558811.33,70660931568.92,46.7029,16.9883,https://api.coinmarketcap.com/data-api/v3/global-metrics/quotes/historical,0
2022-06-12,1139214785477.76,70005818026.08,47.473,16.2683,https://api.coinmarketcap.com/data-api/v3/global-metrics/quotes/historical,0
2022-06-13,1081333363726.9,83361542617.46,47.1652,16.184,https://api.coinmarketcap.com/data-api/v3/global-metrics/quotes/historical,0
2022-06-14,944917063345.24,152394396672.49,45.376,15.4455,https://api.coinmarketcap.com/data-api/v3/global-metrics/quotes/historical,0
2022-06-15,943479821065.54,115227136776.74,44.8693,15.5598,https://api.coinmarketcap.com/data-api/v3/global-metrics/quotes/historical,0
2022-06-16,968860131733.83,126848423848.75,44.4301,15.4275,https://api.coinmarketcap.com/data-api/v3/global-metrics/quotes/historical,0
2022-06-17,880972456707.04,75567867300.0,44.1221,14.6908,https://api.coinmarketcap.com/data-api/v3/global-metrics/quotes/historical,0
2022-06-18,891411077791.7,62276843388.07,43.7969,14.7731,https://api.coinmarketcap.com/data-api/v3/global-metrics/quotes/historical,0
2022-06-19,839650962999.44,87173093137.72,43.1871,14.3437,https://api.coinmarketcap.com/data-api/v3/global-metrics/quotes/historical,0
2022-06-20,901399351176.46,79134402796.83,43.4868,15.1665,https://api.coinmarketcap.com/data-api/v3/global-metrics/quotes/historical,0
2022-06-21,906369414385.51,73377981928.47,43.3419,15.0838,https://api.coinmarketcap.com/data-api/v3/global-metrics/quotes/historical,0
2022-06-22,913620025532.34,70911680866.03,43.2466,14.9326,https://api.coinmarketcap.com/data-api/v3/global-metrics/quotes/historical,0
2022-06-23,883095045011.47,65176705807.12,43.1704,14.4378,https://api.coinmarketcap.com/data-api/v3/global-metrics/quotes/historical,0
2022-06-24,929596227295.69,61523435492.31,43.267,14.9161,https://api.coinmarketcap.com/data-api/v3/global-metrics/quotes/historical,0
2022-06-25,955238172988.68,66174094513.22,42.4017,15.5771,https://api.coinmarketcap.com/data-api/v3/global-metrics/quotes/historical,0
2022-06-26,965084267347.38,50874543851.27,42.4985,15.6262,https://api.coinmarketcap.com/data-api/v3/global-metrics/quotes/historical,0
2022-06-27,941715698414.9,51243900209.17,42.5996,15.4557,https://api.coinmarketcap.com/data-api/v3/global-metrics/quotes/historical,0
2022-06-28,934175654099.83,54885227157.38,42.3442,15.5,https://api.coinmarketcap.com/data-api/v3/global-metrics/quotes/historical,0
2022-06-29,908640044126.71,57125007131.97,42.5861,15.2839,https://api.coinmarketcap.com/data-api/v3/global-metrics/quotes/historical,0
2022-06-30,896757783095.82,62401180840.2,42.7807,14.8734,https://api.coinmarketcap.com/data-api/v3/global-metrics/quotes/historical,0
2022-07-01,884026054929.61,65299942090.58,42.7439,14.6589,https://api.coinmarketcap.com/data-api/v3/global-metrics/quotes/historical,0
2022-07-02,868145263703.86,68822231399.92,42.3618,14.8187,https://api.coinmarketcap.com/data-api/v3/global-metrics/quotes/historical,0
2022-07-03,870694559732.85,44011118725.7,42.174,14.8682,https://api.coinmarketcap.com/data-api/v3/global-metrics/quotes/historical,0
2022-07-04,873658987260.77,39463136646.21,42.1532,14.9208,https://api.coinmarketcap.com/data-api/v3/global-metrics/quotes/historical,0
2022-07-05,911335062932.44,53360378667.25,42.3624,15.3314,https://api.coinmarketcap.com/data-api/v3/global-metrics/quotes/historical,0
2022-07-06,905158500281.15,64540257339.01,42.5774,15.2217,https://api.coinmarketcap.com/data-api/v3/global-metrics/quotes/historical,0
2022-07-07,923318115009.18,59198855208.79,42.4769,15.6117,https://api.coinmarketcap.com/data-api/v3/global-metrics/quotes/historical,0
2022-07-08,958373466358.13,59383106871.45,43.0949,15.6838,https://api.coinmarketcap.com/data-api/v3/global-metrics/quotes/historical,0
2022-07-09,956068228844.79,86167770987.68,43.3738,15.5305,https://api.coinmarketcap.com/data-api/v3/global-metrics/quotes/historical,0
2022-07-10,956960576045.51,54247860579.89,43.0712,15.4484,https://api.coinmarketcap.com/data-api/v3/global-metrics/quotes/historical,0
2022-07-11,927919604901.18,55230620788.84,42.913,15.2964,https://api.coinmarketcap.com/data-api/v3/global-metrics/quotes/historical,0
2022-07-12,889072921269.98,53495882651.63,42.8833,14.9959,https://api.coinmarketcap.com/data-api/v3/global-metrics/quotes/historical,0
2022-07-13,863767929602.87,55226540928.34,42.7148,14.606,https://api.coinmarketcap.com/data-api/v3/global-metrics/quotes/historical,0
2022-07-14,900717591718.62,71605337185.61,42.8439,15.0251,https://api.coinmarketcap.com/data-api/v3/global-metrics/quotes/historical,0
2022-07-15,924679773714.18,69477851265.52,42.4781,15.6635,https://api.coinmarketcap.com/data-api/v3/global-metrics/quotes/historical,0
2022-07-16,935912347104.07,64033096683.96,42.5083,16.0144,https://api.coinmarketcap.com/data-api/v3/global-metrics/quotes/historical,0
2022-07-17,966593664917.4,61101459536.86,41.8671,17.0166,https://api.coinmarketcap.com/data-api/v3/global-metrics/quotes/historical,0
2022-07-18,953526446987.57,58301396592.48,41.6174,17.0707,https://api.coinmarketcap.com/data-api/v3/global-metrics/quotes/historical,0
2022-07-19,1037991980400.82,96995594449.72,41.3531,18.493,https://api.coinmarketcap.com/data-api/v3/global-metrics/quotes/historical,0
2022-07-20,1056348564754.33,108298181019.02,42.2897,17.764,https://api.coinmarketcap.com/data-api/v3/global-metrics/quotes/historical,0
2022-07-21,1038728376196.05,95960356171.54,42.7167,17.8018,https://api.coinmarketcap.com/data-api/v3/global-metrics/quotes/historical,0
2022-07-22,1051291271400.53,77193189873.52,42.0842,18.2443,https://api.coinmarketcap.com/data-api/v3/global-metrics/quotes/historical,0
2022-07-23,1031757201913.72,72049344884.78,42.0438,18.1279,https://api.coinmarketcap.com/data-api/v3/global-metrics/quotes/historical,0
2022-07-24,1029480335962.46,59283284890.87,41.6834,18.3101,https://api.coinmarketcap.com/data-api/v3/global-metrics/quotes/historical,0
2022-07-25,1040257197191.05,58279935786.75,41.5157,18.7079,https://api.coinmarketcap.com/data-api/v3/global-metrics/quotes/historical,0
2022-07-26,978521062470.84,76102664448.07,41.7031,17.976,https://api.coinmarketcap.com/data-api/v3/global-metrics/quotes/historical,0
2022-07-27,976010072010.68,66286352332.57,41.5787,17.9796,https://api.coinmarketcap.com/data-api/v3/global-metrics/quotes/historical,0
2022-07-28,1054678227732.53,83900307501.79,41.5412,18.8843,https://api.coinmarketcap.com/data-api/v3/global-metrics/quotes/historical,0
2022-07-29,1095068233082.87,104736164002.52,41.6027,19.1815,https://api.coinmarketcap.com/data-api/v3/global-metrics/quotes/historical,0
2022-07-30,1098632382007.06,100324318668.74,41.3935,19.1432,https://api.coinmarketcap.com/data-api/v3/global-metrics/quotes/historical,0
2022-07-31,1092674957538.31,78383131427.77,41.3647,18.8994,https://api.coinmarketcap.com/data-api/v3/global-metrics/quotes/historical,0
2022-08-01,1082465015425.74,71721670030.5,41.1967,18.9172,https://api.coinmarketcap.com/data-api/v3/global-metrics/quotes/historical,0
2022-08-02,1076452655518.82,72697520281.87,41.3834,18.5008,https://api.coinmarketcap.com/data-api/v3/global-metrics/quotes/historical,0
2022-08-03,1064857531037.37,77328206049.63,41.2411,18.6786,https://api.coinmarketcap.com/data-api/v3/global-metrics/quotes/historical,0
2022-08-04,1063605530517.46,67351062564.34,41.0537,18.5415,https://api.coinmarketcap.com/data-api/v3/global-metrics/quotes/historical,0
2022-08-05,1062431553531.93,62694689603.88,40.7079,18.4417,https://api.coinmarketcap.com/data-api/v3/global-metrics/quotes/historical,0
2022-08-06,1101827326982.49,69406924643.74,40.4017,19.1561,https://api.coinmarketcap.com/data-api/v3/global-metrics/quotes/historical,0
2022-08-07,1088158476453.97,45660682726.96,40.3353,18.9449,https://api.coinmarketcap.com/data-api/v3/global-metrics/quotes/historical,0
2022-08-08,1097375715084.31,41713178118.06,40.3736,18.8726,https://api.coinmarketcap.com/data-api/v3/global-metrics/quotes/historical,0
2022-08-09,1124714161841.73,69830686765.15,40.4696,19.2413,https://api.coinmarketcap.com/data-api/v3/global-metrics/quotes/historical,0
2022-08-10,1095020263036.44,65800051665.36,40.4396,18.9583,https://api.coinmarketcap.com/data-api/v3/global-metrics/quotes/historical,0
2022-08-11,1140268140392.0,89167964569.49,40.152,19.7984,https://api.coinmarketcap.com/data-api/v3/global-metrics/quotes/historical,0
2022-08-12,1142713417538.08,88820372199.68,40.0835,20.0706,https://api.coinmarketcap.com/data-api/v3/global-metrics/quotes/historical,0
2022-08-13,1167053952302.46,65053200477.23,39.9787,20.4506,https://api.coinmarketcap.com/data-api/v3/global-metrics/quotes/historical,0
2022-08-14,1171016455089.17,58107250470.21,39.8846,20.6364,https://api.coinmarketcap.com/data-api/v3/global-metrics/quotes/historical,0
2022-08-15,1162168587472.8,61043490817.9,40.0127,20.3258,https://api.coinmarketcap.com/data-api/v3/global-metrics/quotes/historical,0
2022-08-16,1149666537328.04,79350933435.78,40.1383,20.1963,https://api.coinmarketcap.com/data-api/v3/global-metrics/quotes/historical,0
2022-08-17,1141282193913.31,64638103532.21,40.0174,20.0744,https://api.coinmarketcap.com/data-api/v3/global-metrics/quotes/historical,0
2022-08-18,1114499232189.02,73767087926.07,40.0477,20.066,https://api.coinmarketcap.com/data-api/v3/global-metrics/quotes/historical,0
2022-08-19,1104495345759.08,58465039885.26,40.1951,20.4052,https://api.coinmarketcap.com/data-api/v3/global-metrics/quotes/historical,0
2022-08-20,1006016564920.7,92469208178.8,39.6876,19.5638,https://api.coinmarketcap.com/data-api/v3/global-metrics/quotes/historical,0
2022-08-21,1007871584128.26,74279531752.76,40.1632,19.0934,https://api.coinmarketcap.com/data-api/v3/global-metrics/quotes/historical,0
2022-08-22,1028890777487.94,58461687188.73,40.0316,19.2101,https://api.coinmarketcap.com/data-api/v3/global-metrics/quotes/historical,0
2022-08-23,1024859097062.76,69584693985.49,39.9431,19.3283,https://api.coinmarketcap.com/data-api/v3/global-metrics/quotes/historical,0
2022-08-24,1035973082047.57,70024101419.66,39.7518,19.5945,https://api.coinmarketcap.com/data-api/v3/global-metrics/quotes/historical,0
2022-08-25,1030737972278.74,69339620922.02,39.7106,19.6306,https://api.coinmarketcap.com/data-api/v3/global-metrics/quotes/historical,0
2022-08-26,1043190518189.12,63981451444.89,39.6113,19.8571,https://api.coinmarketcap.com/data-api/v3/global-metrics/quotes/historical,0
2022-08-27,973690272798.25,92082679863.38,39.8135,18.9135,https://api.coinmarketcap.com/data-api/v3/global-metrics/quotes/historical,0
2022-08-28,967810386075.82,68447233586.53,39.6226,18.8201,https://api.coinmarketcap.com/data-api/v3/global-metrics/quotes/historical,0
2022-08-29,945298873089.24,50647265612.86,39.7072,18.4846,https://api.coinmarketcap.com/data-api/v3/global-metrics/quotes/historical,0
2022-08-30,986070848659.7,66835639464.22,39.3915,19.2412,https://api.coinmarketcap.com/data-api/v3/global-metrics/quotes/historical,0
2022-08-31,968007001645.5,72607626676.72,39.1399,19.2358,https://api.coinmarketcap.com/data-api/v3/global-metrics/quotes/historical,0
2022-09-01,977461199593.76,69485888477.77,39.2565,19.4226,https://api.coinmarketcap.com/data-api/v3/global-metrics/quotes/historical,0
2022-09-02,985802356570.52,64006149341.26,39.0746,19.6616,https://api.coinmarketcap.com/data-api/v3/global-metrics/quotes/historical,0
2022-09-03,980309974525.62,62924029602.61,38.9889,19.6632,https://api.coinmarketcap.com/data-api/v3/global-metrics/quotes/historical,0
2022-09-04,976231655346.37,44928970333.73,38.8841,19.4929,https://api.coinmarketcap.com/data-api/v3/global-metrics/quotes/historical,0
2022-09-05,985415723231.75,46411964057.5,38.8259,19.5723,https://api.coinmarketcap.com/data-api/v3/global-metrics/quotes/historical,0
2022-09-06,987113284853.46,57993227722.28,38.4261,20.0293,https://api.coinmarketcap.com/data-api/v3/global-metrics/quotes/historical,0
2022-09-07,946025849261.37,90056081628.9,38.1191,20.179,https://api.coinmarketcap.com/data-api/v3/global-metrics/quotes/historical,0
2022-09-08,974419687085.15,74759309931.72,37.8991,20.4532,https://api.coinmarketcap.com/data-api/v3/global-metrics/quotes/historical,0
2022-09-09,982761823144.78,72045179488.33,37.6546,20.3491,https://api.coinmarketcap.com/data-api/v3/global-metrics/quotes/historical,0
2022-09-10,1046572404358.09,100910033922.44,39.1108,20.0892,https://api.coinmarketcap.com/data-api/v3/global-metrics/quotes/historical,0
2022-09-11,1062501927930.7,74876384006.21,39.068,20.447,https://api.coinmarketcap.com/data-api/v3/global-metrics/quotes/historical,0
2022-09-12,1061255536784.28,66970051831.45,39.2788,20.31,https://api.coinmarketcap.com/data-api/v3/global-metrics/quotes/historical,0
2022-09-13,1066761673362.16,93553397585.58,40.1574,19.6559,https://api.coinmarketcap.com/data-api/v3/global-metrics/quotes/historical,0
2022-09-14,987946352969.7,102888796768.68,39.1245,19.5042,https://api.coinmarketcap.com/data-api/v3/global-metrics/quotes/historical,0
2022-09-15,1000185081910.45,77376489332.52,38.7572,20.0027,https://api.coinmarketcap.com/data-api/v3/global-metrics/quotes/historical,0
2022-09-16,960062701109.57,85664742459.18,39.3035,18.7618,https://api.coinmarketcap.com/data-api/v3/global-metrics/quotes/historical,0
2022-09-17,959872374393.37,66744907084.39,39.4569,18.2683,https://api.coinmarketcap.com/data-api/v3/global-metrics/quotes/historical,0
2022-09-18,978457022868.12,49555837775.13,39.3998,18.3872,https://api.coinmarketcap.com/data-api/v3/global-metrics/quotes/historical,0
2022-09-19,929481300890.9,64407867894.83,40.0182,17.5878,https://api.coinmarketcap.com/data-api/v3/global-metrics/quotes/historical,0
2022-09-20,944174134646.38,79538631452.75,39.6524,17.8644,https://api.coinmarketcap.com/data-api/v3/global-metrics/quotes/historical,0
2022-09-21,921392471045.92,69764853858.96,39.2755,17.6001,https://api.coinmarketcap.com/data-api/v3/global-metrics/quotes/historical,0
2022-09-22,900280246375.15,88170797808.62,39.4536,17.0326,https://api.coinmarketcap.com/data-api/v3/global-metrics/quotes/historical,0
2022-09-23,943471693458.89,76770784247.26,39.4196,17.2361,https://api.coinmarketcap.com/data-api/v3/global-metrics/quotes/historical,0
2022-09-24,944429439095.91,82360289575.37,39.1467,17.2282,https://api.coinmarketcap.com/data-api/v3/global-metrics/quotes/historical,0
2022-09-25,932005271632.78,55538989006.76,38.9289,17.3249,https://api.coinmarketcap.com/data-api/v3/global-metrics/quotes/historical,0
2022-09-26,923565129007.53,50504119604.46,39.0093,17.1698,https://api.coinmarketcap.com/data-api/v3/global-metrics/quotes/historical,0
2022-09-27,938830688985.02,77537834041.98,39.2326,17.4291,https://api.coinmarketcap.com/data-api/v3/global-metrics/quotes/historical,0
2022-09-28,933295280804.14,94671176141.55,39.2315,17.4664,https://api.coinmarketcap.com/data-api/v3/global-metrics/quotes/historical,0
2022-09-29,941494448042.75,87331385052.88,39.5424,17.4111,https://api.coinmarketcap.com/data-api/v3/global-metrics/quotes/historical,0
2022-09-30,947311152505.71,70110085425.41,39.5968,17.2835,https://api.coinmarketcap.com/data-api/v3/global-metrics/quotes/historical,0
2022-10-01,941591522475.82,74333278602.87,39.5509,17.2906,https://api.coinmarketcap.com/data-api/v3/global-metrics/quotes/historical,0
2022-10-02,935479628742.66,37302772267.0,39.5669,17.1915,https://api.coinmarketcap.com/data-api/v3/global-metrics/quotes/historical,0
2022-10-03,921169893135.97,41423817571.08,39.6262,16.9873,https://api.coinmarketcap.com/data-api/v3/global-metrics/quotes/historical,0
2022-10-04,943902738005.02,54872574511.44,39.8506,17.1953,https://api.coinmarketcap.com/data-api/v3/global-metrics/quotes/historical,0
2022-10-05,969001925491.8,60129292188.61,40.2305,17.2415,https://api.coinmarketcap.com/data-api/v3/global-metrics/quotes/historical,0
2022-10-06,963595096609.65,56838217662.27,40.1095,17.222,https://api.coinmarketcap.com/data-api/v3/global-metrics/quotes/historical,0
2022-10-07,956460304815.51,59710337462.62,40.0011,17.3381,https://api.coinmarketcap.com/data-api/v3/global-metrics/quotes/historical,0
2022-10-08,946602239863.89,52501578015.01,39.5896,17.2719,https://api.coinmarketcap.com/data-api/v3/global-metrics/quotes/historical,0
2022-10-09,939379283592.62,32921494922.12,39.6318,17.1845,https://api.coinmarketcap.com/data-api/v3/global-metrics/quotes/historical,0
2022-10-10,943771480926.06,32086577632.02,39.5092,17.1989,https://api.coinmarketcap.com/data-api/v3/global-metrics/quotes/historical,0
2022-10-11,924514904382.68,50972145766.53,39.6992,17.144,https://api.coinmarketcap.com/data-api/v3/global-metrics/quotes/historical,0
2022-10-12,917597919457.94,52664489076.17,39.8162,17.1179,https://api.coinmarketcap.com/data-api/v3/global-metrics/quotes/historical,0
2022-10-13,921631155257.85,44720804676.45,39.8627,17.2492,https://api.coinmarketcap.com/data-api/v3/global-metrics/quotes/historical,0
2022-10-14,923223867894.39,81191934186.93,40.2641,17.1313,https://api.coinmarketcap.com/data-api/v3/global-metrics/quotes/historical,0
2022-10-15,919198303939.68,66638975298.55,40.0311,17.3325,https://api.coinmarketcap.com/data-api/v3/global-metrics/quotes/historical,0
2022-10-16,912085340842.26,35505098045.97,39.9951,17.1334,https://api.coinmarketcap.com/data-api/v3/global-metrics/quotes/historical,0
2022-10-17,926743260655.18,40502472096.21,40.0769,17.3819,https://api.coinmarketcap.com/data-api/v3/global-metrics/quotes/historical,0
2022-10-18,936323400389.87,49983953608.58,40.0525,17.405,https://api.coinmarketcap.com/data-api/v3/global-metrics/quotes/historical,0
2022-10-19,930767744061.88,53868444600.06,39.8486,17.2293,https://api.coinmarketcap.com/data-api/v3/global-metrics/quotes/historical,0
2022-10-20,918204960913.66,63274396177.58,39.9865,17.1358,https://api.coinmarketcap.com/data-api/v3/global-metrics/quotes/historical,0
2022-10-21,913317057090.35,45356822558.5,40.0231,17.1933,https://api.coinmarketcap.com/data-api/v3/global-metrics/quotes/historical,0
2022-10-22,919961107374.68,55284383225.6,39.9842,17.292,https://api.coinmarketcap.com/data-api/v3/global-metrics/quotes/historical,0
2022-10-23,923502090908.36,33199793506.44,39.9065,17.4159,https://api.coinmarketcap.com/data-api/v3/global-metrics/quotes/historical,0
2022-10-24,941978088189.21,43092165455.55,39.8578,17.7128,https://api.coinmarketcap.com/data-api/v3/global-metrics/quotes/historical,0
2022-10-25,931039149518.89,54514883032.64,39.8701,17.6784,https://api.coinmarketcap.com/data-api/v3/global-metrics/quotes/historical,0
2022-10-26,970409904052.8,86073465820.56,39.7347,18.4324,https://api.coinmarketcap.com/data-api/v3/global-metrics/quotes/historical,0
2022-10-27,1002977060493.01,103989331247.24,39.7428,19.1138,https://api.coinmarketcap.com/data-api/v3/global-metrics/quotes/historical,0
2022-10-28,983556747306.8,89273527016.08,39.5836,18.8418,https://api.coinmarketcap.com/data-api/v3/global-metrics/quotes/historical,0
2022-10-29,1002936573726.14,80319022784.31,39.4107,18.9792,https://api.coinmarketcap.com/data-api/v3/global-metrics/quotes/historical,0
2022-10-30,1024316330884.41,90364341714.15,39.0078,19.3503,https://api.coinmarketcap.com/data-api/v3/global-metrics/quotes/historical,0
2022-10-31,1015953394662.61,70268970463.34,38.9838,19.1613,https://api.coinmarketcap.com/data-api/v3/global-metrics/quotes/historical,0
2022-11-01,1016101923638.05,87904654646.76,38.717,18.9409,https://api.coinmarketcap.com/data-api/v3/global-metrics/quotes/historical,0
2022-11-02,1016153400661.43,74996780632.22,38.6958,19.0242,https://api.coinmarketcap.com/data-api/v3/global-metrics/quotes/historical,0
2022-11-03,994159124418.94,100855909146.44,38.9298,18.7066,https://api.coinmarketcap.com/data-api/v3/global-metrics/quotes/historical,0
2022-11-04,1001545778865.78,80090006107.42,38.7373,18.7131,https://api.coinmarketcap.com/data-api/v3/global-metrics/quotes/historical,0
2022-11-05,1055629736075.07,113237758904.62,38.4576,19.0707,https://api.coinmarketcap.com/data-api/v3/global-metrics/quotes/historical,0
2022-11-06,1057293384002.61,74247124309.67,38.6493,18.8421,https://api.coinmarketcap.com/data-api/v3/global-metrics/quotes/historical,0
2022-11-07,1029852768064.03,66264515821.84,39.0128,18.6823,https://api.coinmarketcap.com/data-api/v3/global-metrics/quotes/historical,0
2022-11-08,1024292503555.91,92642549993.37,38.6194,18.7402,https://api.coinmarketcap.com/data-api/v3/global-metrics/quotes/historical,0
2022-11-09,920048077204.3,209604219538.89,38.6995,17.7278,https://api.coinmarketcap.com/data-api/v3/global-metrics/quotes/historical,0
2022-11-10,794331764018.25,184329307126.45,38.3947,16.9491,https://api.coinmarketcap.com/data-api/v3/global-metrics/quotes/historical,0
2022-11-11,885027733402.98,151781269848.66,38.1572,17.9679,https://api.coinmarketcap.com/data-api/v3/global-metrics/quotes/historical,0
2022-11-12,863039068527.06,100104063677.62,37.9084,18.252,https://api.coinmarketcap.com/data-api/v3/global-metrics/quotes/historical,0
2022-11-13,845298425854.95,57400108170.76,38.1696,18.1725,https://api.coinmarketcap.com/data-api/v3/global-metrics/quotes/historical,0
2022-11-14,824954511603.51,54542454407.48,38.0725,18.1245,https://api.coinmarketcap.com/data-api/v3/global-metrics/quotes/historical,0
2022-11-15,837175503257.68,85862370234.07,38.1265,18.1491,https://api.coinmarketcap.com/data-api/v3/global-metrics/quotes/historical,0
2022-11-16,846463366113.21,64085527423.76,38.3151,18.0964,https://api.coinmarketcap.com/data-api/v3/global-metrics/quotes/historical,0
2022-11-17,833492490363.59,60946752934.69,38.4188,17.8475,https://api.coinmarketcap.com/data-api/v3/global-metrics/quotes/historical,0
2022-11-18,830099250096.84,50315921386.59,38.6188,17.7024,https://api.coinmarketcap.com/data-api/v3/global-metrics/quotes/historical,0
2022-11-19,833897922942.26,46381921201.63,38.4659,17.7904,https://api.coinmarketcap.com/data-api/v3/global-metrics/quotes/historical,0
2022-11-20,835426245135.27,32359111653.25,38.4325,17.8477,https://api.coinmarketcap.com/data-api/v3/global-metrics/quotes/historical,0
2022-11-21,806933231060.66,48538490383.02,38.7897,17.3253,https://api.coinmarketcap.com/data-api/v3/global-metrics/quotes/historical,0
2022-11-22,788135744889.64,72353092800.9,38.4812,17.2059,https://api.coinmarketcap.com/data-api/v3/global-metrics/quotes/historical,0
2022-11-23,806539054321.71,60281864099.78,38.5765,17.2255,https://api.coinmarketcap.com/data-api/v3/global-metrics/quotes/historical,0
2022-11-24,832845172232.41,62066462016.86,38.3252,17.3864,https://api.coinmarketcap.com/data-api/v3/global-metrics/quotes/historical,0
2022-11-25,836021770978.78,50715576968.76,38.1633,17.6221,https://api.coinmarketcap.com/data-api/v3/global-metrics/quotes/historical,0
2022-11-26,833281598804.3,36971663565.81,38.102,17.6062,https://api.coinmarketcap.com/data-api/v3/global-metrics/quotes/historical,0
2022-11-27,835125705619.11,35598150574.23,37.8866,17.6705,https://api.coinmarketcap.com/data-api/v3/global-metrics/quotes/historical,0
2022-11-28,834144584739.19,37446145928.27,37.8829,17.532,https://api.coinmarketcap.com/data-api/v3/global-metrics/quotes/historical,0
2022-11-29,820118905600.9,50009040792.45,38.0054,17.4578,https://api.coinmarketcap.com/data-api/v3/global-metrics/quotes/historical,0
2022-11-30,833582469673.54,43549687810.14,37.9182,17.8649,https://api.coinmarketcap.com/data-api/v3/global-metrics/quotes/historical,0
2022-12-01,865280321577.53,53508153531.02,38.137,18.3251,https://api.coinmarketcap.com/data-api/v3/global-metrics/quotes/historical,0
2022-12-02,853750513601.95,43263026782.6,38.2028,18.2941,https://api.coinmarketcap.com/data-api/v3/global-metrics/quotes/historical,0
2022-12-03,861937517393.97,38563146840.82,38.1124,18.377,https://api.coinmarketcap.com/data-api/v3/global-metrics/quotes/historical,0
2022-12-04,847609512975.23,31107617432.63,38.3474,17.9498,https://api.coinmarketcap.com/data-api/v3/global-metrics/quotes/historical,0
2022-12-05,859993293104.71,30985039172.39,38.292,18.2157,https://api.coinmarketcap.com/data-api/v3/global-metrics/quotes/historical,0
2022-12-06,852725946536.27,40952353022.79,38.2714,18.0788,https://api.coinmarketcap.com/data-api/v3/global-metrics/quotes/historical,0
2022-12-07,857232871647.94,36215521621.8,38.3287,18.1527,https://api.coinmarketcap.com/data-api/v3/global-metrics/quotes/historical,0
2022-12-08,841172408010.25,37197846820.24,38.5101,17.9296,https://api.coinmarketcap.com/data-api/v3/global-metrics/quotes/historical,0
2022-12-09,859576210907.25,36987663759.17,38.549,18.2384,https://api.coinmarketcap.com/data-api/v3/global-metrics/quotes/historical,0
2022-12-10,853451483785.05,35792454020.07,38.6043,18.1289,https://api.coinmarketcap.com/data-api/v3/global-metrics/quotes/historical,0
2022-12-11,854202845056.21,24048277720.91,38.5621,18.1426,https://api.coinmarketcap.com/data-api/v3/global-metrics/quotes/historical,0
2022-12-12,850335384728.14,25118322642.01,38.6809,18.1865,https://api.coinmarketcap.com/data-api/v3/global-metrics/quotes/historical,0
2022-12-13,851490261907.57,36767277915.3,38.863,18.3188,https://api.coinmarketcap.com/data-api/v3/global-metrics/quotes/historical,0
2022-12-14,869455503217.59,53252048502.15,39.3345,18.5874,https://api.coinmarketcap.com/data-api/v3/global-metrics/quotes/historical,0
2022-12-15,866697919250.39,44926853370.62,39.5347,18.4862,https://api.coinmarketcap.com/data-api/v3/global-metrics/quotes/historical,0
2022-12-16,846593463891.11,35960419506.71,39.4531,18.3057,https://api.coinmarketcap.com/data-api/v3/global-metrics/quotes/historical,0
2022-12-17,800566129517.81,45801883751.73,39.9993,17.8564,https://api.coinmarketcap.com/data-api/v3/global-metrics/quotes/historical,0
2022-12-18,810569289635.72,30180761749.78,39.8589,17.9377,https://api.coinmarketcap.com/data-api/v3/global-metrics/quotes/historical,0
2022-12-19,810215735889.84,20573019600.16,39.7907,17.8941,https://api.coinmarketcap.com/data-api/v3/global-metrics/quotes/historical,0
2022-12-20,792401270999.2,31370924055.93,39.9156,18.034,https://api.coinmarketcap.com/data-api/v3/global-metrics/quotes/historical,0
2022-12-21,814606870523.14,37623012860.32,39.9268,18.292,https://api.coinmarketcap.com/data-api/v3/global-metrics/quotes/historical,0
2022-12-22,809581597303.54,26429482455.51,39.9686,18.345,https://api.coinmarketcap.com/data-api/v3/global-metrics/quotes/historical,0
2022-12-23,811200671225.28,28961157427.07,39.9192,18.3761,https://api.coinmarketcap.com/data-api/v3/global-metrics/quotes/historical,0
2022-12-24,810659246046.12,26450723855.98,39.8692,18.4187,https://api.coinmarketcap.com/data-api/v3/global-metrics/quotes/historical,0
2022-12-25,811438681199.83,16607815949.52,39.9522,18.4164,https://api.coinmarketcap.com/data-api/v3/global-metrics/quotes/historical,0
2022-12-26,810083859115.48,21109472741.41,40.0077,18.4137,https://api.coinmarketcap.com/data-api/v3/global-metrics/quotes/historical,0
2022-12-27,814903547383.63,21434044368.4,39.9556,18.4255,https://api.coinmarketcap.com/data-api/v3/global-metrics/quotes/historical,0
2022-12-28,807372501990.81,27256205863.41,39.8465,18.3819,https://api.coinmarketcap.com/data-api/v3/global-metrics/quotes/historical,0
2022-12-29,795301489646.14,30921932039.02,40.0558,18.3106,https://api.coinmarketcap.com/data-api/v3/global-metrics/quotes/historical,0
2022-12-30,798316858352.07,27094556091.96,40.1219,18.419,https://api.coinmarketcap.com/data-api/v3/global-metrics/quotes/historical,0
2022-12-31,796250986547.87,27631790518.1,40.1343,18.4317,https://api.coinmarketcap.com/data-api/v3/global-metrics/quotes/historical,0
2023-01-01,795532009425.33,19881266055.53,40.0387,18.4091,https://api.coinmarketcap.com/data-api/v3/global-metrics/quotes/historical,0
2023-01-02,798558682944.8,16724262386.4,40.0759,18.4051,https://api.coinmarketcap.com/data-api/v3/global-metrics/quotes/historical,0
2023-01-03,805985802601.42,24052080196.22,39.86,18.443,https://api.coinmarketcap.com/data-api/v3/global-metrics/quotes/historical,0
2023-01-04,806055809207.06,26170560117.73,39.8378,18.4421,https://api.coinmarketcap.com/data-api/v3/global-metrics/quotes/historical,0
2023-01-05,811697355137.79,26786686576.3,39.7492,18.582050000000002,https://api.coinmarketcap.com/data-api/v3/global-metrics/quotes/historical,1
2023-01-06,817338901068.52,27402813034.87,39.6606,18.722,https://api.coinmarketcap.com/data-api/v3/global-metrics/quotes/historical,0
2023-01-07,824876026116.15,29691779490.38,39.5699,18.8321,https://api.coinmarketcap.com/data-api/v3/global-metrics/quotes/historical,0
2023-01-08,824447232481.07,17229444788.02,39.5986,18.7651,https://api.coinmarketcap.com/data-api/v3/global-metrics/quotes/historical,0
2023-01-09,837399569381.43,22406111785.29,39.3052,18.8136,https://api.coinmarketcap.com/data-api/v3/global-metrics/quotes/historical,0
2023-01-10,848143875052.55,46737548471.45,39.0412,19.0667,https://api.coinmarketcap.com/data-api/v3/global-metrics/quotes/historical,0
2023-01-11,858138218471.18,35190776600.23,39.1532,19.0595,https://api.coinmarketcap.com/data-api/v3/global-metrics/quotes/historical,0
2023-01-12,880115750657.84,38042894266.22,39.2424,19.297,https://api.coinmarketcap.com/data-api/v3/global-metrics/quotes/historical,0
2023-01-13,906463039393.48,63387011331.23,40.0929,19.1424,https://api.coinmarketcap.com/data-api/v3/global-metrics/quotes/historical,0
2023-01-14,939407328290.8,53279274376.22,40.8228,18.9086,https://api.coinmarketcap.com/data-api/v3/global-metrics/quotes/historical,0
2023-01-15,985176419016.13,82519395124.36,41.0143,19.2623,https://api.coinmarketcap.com/data-api/v3/global-metrics/quotes/historical,0
2023-01-16,982748084895.92,46465363034.47,40.931,19.332,https://api.coinmarketcap.com/data-api/v3/global-metrics/quotes/historical,0
2023-01-17,990375757999.46,54007483271.22,41.1842,19.4855,https://api.coinmarketcap.com/data-api/v3/global-metrics/quotes/historical,0
2023-01-18,987748507121.63,48647297644.64,41.2734,19.4234,https://api.coinmarketcap.com/data-api/v3/global-metrics/quotes/historical,0
2023-01-19,961289904211.85,61608563604.17,41.4624,19.291,https://api.coinmarketcap.com/data-api/v3/global-metrics/quotes/historical,0
2023-01-20,980831842034.48,40547298217.26,41.4206,19.3694,https://api.coinmarketcap.com/data-api/v3/global-metrics/quotes/historical,0
2023-01-21,1042190218741.52,53098890300.86,41.9249,19.4885,https://api.coinmarketcap.com/data-api/v3/global-metrics/quotes/historical,0
2023-01-22,1036917597874.56,62733288677.41,42.3274,19.2042,https://api.coinmarketcap.com/data-api/v3/global-metrics/quotes/historical,0
2023-01-23,1039953113862.48,51552421107.57,42.1001,19.1626,https://api.coinmarketcap.com/data-api/v3/global-metrics/quotes/historical,0
2023-01-24,1049043473416.26,55980792550.18,42.1255,18.9917,https://api.coinmarketcap.com/data-api/v3/global-metrics/quotes/historical,0
2023-01-25,1024052655950.07,55233936238.38,42.6018,18.6026,https://api.coinmarketcap.com/data-api/v3/global-metrics/quotes/historical,0
2023-01-26,1050702697969.12,61950522869.99,42.3958,18.7677,https://api.coinmarketcap.com/data-api/v3/global-metrics/quotes/historical,0
2023-01-27,1049463666822.53,54426623483.32,42.2981,18.693,https://api.coinmarketcap.com/data-api/v3/global-metrics/quotes/historical,0
2023-01-28,1055230006832.02,53636787014.43,42.156,18.5335,https://api.coinmarketcap.com/data-api/v3/global-metrics/quotes/historical,0
2023-01-29,1048839400594.33,36865642480.52,42.3268,18.3476,https://api.coinmarketcap.com/data-api/v3/global-metrics/quotes/historical,0
2023-01-30,1081269921766.65,52215648093.49,42.3846,18.6305,https://api.coinmarketcap.com/data-api/v3/global-metrics/quotes/historical,0
2023-01-31,1038184168292.52,57104997411.62,42.4111,18.4751,https://api.coinmarketcap.com/data-api/v3/global-metrics/quotes/historical,0
2023-02-01,1052447330811.81,47229356160.18,42.3839,18.4472,https://api.coinmarketcap.com/data-api/v3/global-metrics/quotes/historical,0
2023-02-02,1079368080356.3,55907439918.36,42.3712,18.6115,https://api.coinmarketcap.com/data-api/v3/global-metrics/quotes/historical,0
2023-02-03,1074883020346.56,65908105085.18,42.0986,18.7061,https://api.coinmarketcap.com/data-api/v3/global-metrics/quotes/historical,0
2023-02-04,1085135800599.04,56726164973.43,41.6621,18.7723,https://api.coinmarketcap.com/data-api/v3/global-metrics/quotes/historical,0
2023-02-05,1083672907518.97,38673691662.3,41.5142,18.8259,https://api.coinmarketcap.com/data-api/v3/global-metrics/quotes/historical,0
2023-02-06,1065820780089.09,48566666147.31,41.5292,18.734,https://api.coinmarketcap.com/data-api/v3/global-metrics/quotes/historical,0
2023-02-07,1055615189036.14,49571616450.79,41.5745,18.7352,https://api.coinmarketcap.com/data-api/v3/global-metrics/quotes/historical,0
2023-02-08,1087350031990.26,59423580843.29,41.2588,18.8167,https://api.coinmarketcap.com/data-api/v3/global-metrics/quotes/historical,0
2023-02-09,1072799678657.28,58256419279.51,41.2435,18.8317,https://api.coinmarketcap.com/data-api/v3/global-metrics/quotes/historical,0
2023-02-10,1015022886376.74,79208103009.37,41.4578,18.6452,https://api.coinmarketcap.com/data-api/v3/global-metrics/quotes/historical,0
2023-02-11,1008850447625.1,57145322794.75,41.3931,18.3759,https://api.coinmarketcap.com/data-api/v3/global-metrics/quotes/historical,0
2023-02-12,1021065764990.42,35260984420.94,41.3144,18.455,https://api.coinmarketcap.com/data-api/v3/global-metrics/quotes/historical,0
2023-02-13,1013799601952.38,37854397620.34,41.4542,18.287,https://api.coinmarketcap.com/data-api/v3/global-metrics/quotes/historical,0
2023-02-14,1006679733579.84,59253250100.32,41.7827,18.3203,https://api.coinmarketcap.com/data-api/v3/global-metrics/quotes/historical,0
2023-02-15,1030129662052.34,57819763109.55,41.6122,18.4942,https://api.coinmarketcap.com/data-api/v3/global-metrics/quotes/historical,0
2023-02-16,1103889918757.99,64877813855.61,42.4809,18.5553,https://api.coinmarketcap.com/data-api/v3/global-metrics/quotes/historical,0
2023-02-17,1073316020438.25,82872820210.92,42.4618,18.7004,https://api.coinmarketcap.com/data-api/v3/global-metrics/quotes/historical,0
2023-02-18,1114348219233.85,76168686272.84,42.5333,18.6113,https://api.coinmarketcap.com/data-api/v3/global-metrics/quotes/historical,0
2023-02-19,1117148887398.39,44275930199.19,42.559,18.5316,https://api.coinmarketcap.com/data-api/v3/global-metrics/quotes/historical,0
2023-02-20,1109583735636.79,56307800976.88,42.3148,18.5492,https://api.coinmarketcap.com/data-api/v3/global-metrics/quotes/historical,0
2023-02-21,1128772610999.91,64517089719.8,42.4505,18.4599,https://api.coinmarketcap.com/data-api/v3/global-metrics/quotes/historical,0
2023-02-22,1107713462647.65,66728454697.12,42.5731,18.3176,https://api.coinmarketcap.com/data-api/v3/global-metrics/quotes/historical,0
2023-02-23,1100428687615.49,63527964747.65,42.4234,18.274,https://api.coinmarketcap.com/data-api/v3/global-metrics/quotes/historical,0
2023-02-24,1094247702767.35,59210213277.3,42.2368,18.4636,https://api.coinmarketcap.com/data-api/v3/global-metrics/quotes/historical,0
2023-02-25,1063198874005.93,58013494228.19,42.115,18.514,https://api.coinmarketcap.com/data-api/v3/global-metrics/quotes/historical,0
2023-02-26,1058520984537.45,37413629731.13,42.2582,18.4377,https://api.coinmarketcap.com/data-api/v3/global-metrics/quotes/historical,0
2023-02-27,1078240731969.19,34341666010.34,42.1796,18.622,https://api.coinmarketcap.com/data-api/v3/global-metrics/quotes/historical,0
2023-02-28,1073293611797.83,45362478074.36,42.3058,18.6351,https://api.coinmarketcap.com/data-api/v3/global-metrics/quotes/historical,0
2023-03-01,1056525760908.85,42666748722.72,42.2972,18.6014,https://api.coinmarketcap.com/data-api/v3/global-metrics/quotes/historical,0
2023-03-02,1081249585434.97,48678729349.86,42.2208,18.8271,https://api.coinmarketcap.com/data-api/v3/global-metrics/quotes/historical,0
2023-03-03,1070204199000.59,42543211782.68,42.3506,18.8378,https://api.coinmarketcap.com/data-api/v3/global-metrics/quotes/historical,0
2023-03-04,1028052926302.48,54664109491.33,41.9986,18.6792,https://api.coinmarketcap.com/data-api/v3/global-metrics/quotes/historical,0
2023-03-05,1022767784265.27,26938448848.66,42.2007,18.7497,https://api.coinmarketcap.com/data-api/v3/global-metrics/quotes/historical,0
2023-03-06,1024951173177.32,28750383104.81,42.2682,18.6784,https://api.coinmarketcap.com/data-api/v3/global-metrics/quotes/historical,0
2023-03-07,1024529362847.64,35225327862.28,42.2739,18.7218,https://api.coinmarketcap.com/data-api/v3/global-metrics/quotes/historical,0
2023-03-08,1017418783044.55,44482339994.83,42.1713,18.787,https://api.coinmarketcap.com/data-api/v3/global-metrics/quotes/historical,0
2023-03-09,994277359445.18,44320979167.78,42.1855,18.8809,https://api.coinmarketcap.com/data-api/v3/global-metrics/quotes/historical,0
2023-03-10,944168313860.41,57773496227.85,41.6565,18.6472,https://api.coinmarketcap.com/data-api/v3/global-metrics/quotes/historical,0
2023-03-11,940408550880.81,76289657908.14,41.4604,18.597,https://api.coinmarketcap.com/data-api/v3/global-metrics/quotes/historical,0
2023-03-12,951967403420.31,91096944569.08,41.8573,19.0576,https://api.coinmarketcap.com/data-api/v3/global-metrics/quotes/historical,0
2023-03-13,1013838148032.96,64580463010.92,42.2199,19.1986,https://api.coinmarketcap.com/data-api/v3/global-metrics/quotes/historical,0
2023-03-14,1074729507891.88,97270664123.23,43.4954,19.1327,https://api.coinmarketcap.com/data-api/v3/global-metrics/quotes/historical,0
2023-03-15,1093183678306.77,101182591590.01,43.7508,19.0789,https://api.coinmarketcap.com/data-api/v3/global-metrics/quotes/historical,0
2023-03-16,1064655214409.96,83701408243.65,44.2288,19.0374,https://api.coinmarketcap.com/data-api/v3/global-metrics/quotes/historical,0
2023-03-17,1088592130913.77,62601200934.48,44.4637,18.8548,https://api.coinmarketcap.com/data-api/v3/global-metrics/quotes/historical,0
2023-03-18,1166253531968.25,84321789109.78,45.4509,18.8142,https://api.coinmarketcap.com/data-api/v3/global-metrics/quotes/historical,0
2023-03-19,1145640894647.41,68924084925.26,45.4814,18.8245,https://api.coinmarketcap.com/data-api/v3/global-metrics/quotes/historical,0
2023-03-20,1175626910203.8,65056772847.18,46.086,18.5857,https://api.coinmarketcap.com/data-api/v3/global-metrics/quotes/historical,0
2023-03-21,1152833369209.93,77383433884.74,46.5431,18.4221,https://api.coinmarketcap.com/data-api/v3/global-metrics/quotes/historical,0
2023-03-22,1182800706981.5,67723817736.0,46.0186,18.6836,https://api.coinmarketcap.com/data-api/v3/global-metrics/quotes/historical,0
2023-03-23,1144997903838.9,69463882830.51,46.0846,18.5691,https://api.coinmarketcap.com/data-api/v3/global-metrics/quotes/historical,0
2023-03-24,1185764476460.89,55703450260.6,46.1724,18.7427,https://api.coinmarketcap.com/data-api/v3/global-metrics/quotes/historical,0
2023-03-25,1151301162287.42,54992894975.01,46.149,18.6197,https://api.coinmarketcap.com/data-api/v3/global-metrics/quotes/historical,0
2023-03-26,1147888688788.54,32983707724.72,46.2965,18.5903,https://api.coinmarketcap.com/data-api/v3/global-metrics/quotes/historical,0
2023-03-27,1166614358045.19,31515223763.7,46.3824,18.6252,https://api.coinmarketcap.com/data-api/v3/global-metrics/quotes/historical,0
2023-03-28,1133247655824.84,42377984347.67,46.2872,18.5237,https://api.coinmarketcap.com/data-api/v3/global-metrics/quotes/historical,0
2023-03-29,1149951260042.02,40036422743.91,45.8374,18.866,https://api.coinmarketcap.com/data-api/v3/global-metrics/quotes/historical,0
2023-03-30,1181645138837.99,47058201981.09,46.3796,18.5705,https://api.coinmarketcap.com/data-api/v3/global-metrics/quotes/historical,0
2023-03-31,1172903467797.31,50873473705.86,46.206,18.709,https://api.coinmarketcap.com/data-api/v3/global-metrics/quotes/historical,0
2023-04-01,1187304591349.8,43800734346.52,46.3692,18.4837,https://api.coinmarketcap.com/data-api/v3/global-metrics/quotes/historical,0
2023-04-02,1186182338347.54,31095093332.11,46.394,18.4954,https://api.coinmarketcap.com/data-api/v3/global-metrics/quotes/historical,0
2023-04-03,1173729564560.52,31925080914.24,46.4408,18.425,https://api.coinmarketcap.com/data-api/v3/global-metrics/quotes/historical,0
2023-04-04,1168517121895.68,48986217518.21,45.9907,18.6608,https://api.coinmarketcap.com/data-api/v3/global-metrics/quotes/historical,0
2023-04-05,1187283888063.25,42013585460.02,45.8786,18.9824,https://api.coinmarketcap.com/data-api/v3/global-metrics/quotes/historical,0
2023-04-06,1194470635423.77,43898178157.34,45.6171,19.2528,https://api.coinmarketcap.com/data-api/v3/global-metrics/quotes/historical,0
2023-04-07,1183473039111.85,37033375218.8,45.8227,19.0623,https://api.coinmarketcap.com/data-api/v3/global-metrics/quotes/historical,0
2023-04-08,1178722452763.51,30162320386.68,45.8153,19.0607,https://api.coinmarketcap.com/data-api/v3/global-metrics/quotes/historical,0
2023-04-09,1175705519761.06,27341712671.25,45.9793,18.9501,https://api.coinmarketcap.com/data-api/v3/global-metrics/quotes/historical,0
2023-04-10,1186469173909.93,29603164737.32,46.1912,18.8795,https://api.coinmarketcap.com/data-api/v3/global-metrics/quotes/historical,0
2023-04-11,1224314269340.28,40721826862.93,46.8487,18.8048,https://api.coinmarketcap.com/data-api/v3/global-metrics/quotes/historical,0
2023-04-12,1234603276299.42,44418849673.6,47.3691,18.4605,https://api.coinmarketcap.com/data-api/v3/global-metrics/quotes/historical,0
2023-04-13,1228187207745.42,48234780317.02,47.0829,18.8095,https://api.coinmarketcap.com/data-api/v3/global-metrics/quotes/historical,0
2023-04-14,1257089294871.11,45450261019.25,46.7895,19.2918,https://api.coinmarketcap.com/data-api/v3/global-metrics/quotes/historical,0
2023-04-15,1275619778482.57,63108090693.47,46.2391,19.8057,https://api.coinmarketcap.com/data-api/v3/global-metrics/quotes/historical,0
2023-04-16,1272308854423.25,35403809366.17,46.1019,19.7526,https://api.coinmarketcap.com/data-api/v3/global-metrics/quotes/historical,0
2023-04-17,1281350156306.89,36693765812.84,45.777,19.8072,https://api.coinmarketcap.com/data-api/v3/global-metrics/quotes/historical,0
2023-04-18,1252121628040.14,46765212440.53,45.5048,19.8026,https://api.coinmarketcap.com/data-api/v3/global-metrics/quotes/historical,0
2023-04-19,1281436072304.01,46893048612.33,45.8989,19.6014,https://api.coinmarketcap.com/data-api/v3/global-metrics/quotes/historical,0
2023-04-20,1207742665879.22,61366623614.09,46.1818,19.1348,https://api.coinmarketcap.com/data-api/v3/global-metrics/quotes/historical,0
2023-04-21,1192679746259.05,52573332528.06,45.8332,19.6217,https://api.coinmarketcap.com/data-api/v3/global-metrics/quotes/historical,0
2023-04-22,1152874818412.54,50856264676.28,45.7792,19.3193,https://api.coinmarketcap.com/data-api/v3/global-metrics/quotes/historical,0
2023-04-23,1173885720427.83,31006148039.28,45.8612,19.2251,https://api.coinmarketcap.com/data-api/v3/global-metrics/quotes/historical,0
2023-04-24,1164226275750.82,30093079797.04,45.8694,19.2588,https://api.coinmarketcap.com/data-api/v3/global-metrics/quotes/historical,0
2023-04-25,1159583910036.04,38405334555.9,45.9359,19.132,https://api.coinmarketcap.com/data-api/v3/global-metrics/quotes/historical,0
2023-04-26,1182825744182.45,39538742427.17,46.3176,18.9997,https://api.coinmarketcap.com/data-api/v3/global-metrics/quotes/historical,0
2023-04-27,1180847546468.08,64226853050.34,46.5967,19.033,https://api.coinmarketcap.com/data-api/v3/global-metrics/quotes/historical,0
2023-04-28,1210771940661.43,54511450507.59,47.1286,18.9839,https://api.coinmarketcap.com/data-api/v3/global-metrics/quotes/historical,0
2023-04-29,1205188547671.96,39379327826.37,47.126,18.9074,https://api.coinmarketcap.com/data-api/v3/global-metrics/quotes/historical,0
2023-04-30,1206623693405.96,24771847803.25,46.9253,19.0465,https://api.coinmarketcap.com/data-api/v3/global-metrics/quotes/historical,0
2023-05-01,1201145917496.18,31897279995.43,47.1431,18.773,https://api.coinmarketcap.com/data-api/v3/global-metrics/quotes/historical,0
2023-05-02,1165408544465.5,40810771252.63,46.6667,18.924,https://api.coinmarketcap.com/data-api/v3/global-metrics/quotes/historical,0
2023-05-03,1182377779493.73,35176475458.64,46.9668,19.0477,https://api.coinmarketcap.com/data-api/v3/global-metrics/quotes/historical,0
2023-05-04,1195915355366.97,42043679699.05,46.9852,19.175,https://api.coinmarketcap.com/data-api/v3/global-metrics/quotes/historical,0
2023-05-05,1185919033324.54,32912154108.68,47.1072,19.0602,https://api.coinmarketcap.com/data-api/v3/global-metrics/quotes/historical,0
2023-05-06,1219932160469.87,42864216955.31,46.8861,19.6872,https://api.coinmarketcap.com/data-api/v3/global-metrics/quotes/historical,0
2023-05-07,1187051646719.99,39352635794.44,47.1537,19.2651,https://api.coinmarketcap.com/data-api/v3/global-metrics/quotes/historical,0
2023-05-08,1172950585268.7,27741671879.54,46.9789,19.2147,https://api.coinmarketcap.com/data-api/v3/global-metrics/quotes/historical,0
2023-05-09,1142228138195.64,46572605157.71,46.9594,19.48,https://api.coinmarketcap.com/data-api/v3/global-metrics/quotes/historical,0
2023-05-10,1141816056349.67,31936584768.74,46.9142,19.4787,https://api.coinmarketcap.com/data-api/v3/global-metrics/quotes/historical,0
2023-05-11,1142914575699.0,45887894685.18,46.8119,19.3959,https://api.coinmarketcap.com/data-api/v3/global-metrics/quotes/historical,0
2023-05-12,1117071625654.42,37849293416.72,46.8095,19.3413,https://api.coinmarketcap.com/data-api/v3/global-metrics/quotes/historical,0
2023-05-13,1123373193788.81,41515886992.11,46.2251,19.7664,https://api.coinmarketcap.com/data-api/v3/global-metrics/quotes/historical,0
2023-05-14,1120563284619.52,22736824841.1,46.309,19.6898,https://api.coinmarketcap.com/data-api/v3/global-metrics/quotes/historical,0
2023-05-15,1126129060708.0,22048926216.23,46.3312,19.6574,https://api.coinmarketcap.com/data-api/v3/global-metrics/quotes/historical,0
2023-05-16,1134524450202.64,31232667514.22,46.4194,19.6951,https://api.coinmarketcap.com/data-api/v3/global-metrics/quotes/historical,0
2023-05-17,1128065356726.9,28503434501.75,46.4366,19.4505,https://api.coinmarketcap.com/data-api/v3/global-metrics/quotes/historical,0
2023-05-18,1139537975900.49,34363999774.5,46.5906,19.2316,https://api.coinmarketcap.com/data-api/v3/global-metrics/quotes/historical,0
2023-05-19,1122684786946.14,32096067293.3,46.3071,19.299,https://api.coinmarketcap.com/data-api/v3/global-metrics/quotes/historical,0
2023-05-20,1125750276154.75,25385427378.49,46.2865,19.3667,https://api.coinmarketcap.com/data-api/v3/global-metrics/quotes/historical,0
2023-05-21,1132119586673.94,17071105239.84,46.4295,19.3384,https://api.coinmarketcap.com/data-api/v3/global-metrics/quotes/historical,0
2023-05-22,1118255293392.19,19705728479.39,46.3625,19.4098,https://api.coinmarketcap.com/data-api/v3/global-metrics/quotes/historical,0
2023-05-23,1123799321986.28,25124546524.13,46.3114,19.4526,https://api.coinmarketcap.com/data-api/v3/global-metrics/quotes/historical,0
2023-05-24,1138323039474.38,30753018683.44,46.3554,19.5915,https://api.coinmarketcap.com/data-api/v3/global-metrics/quotes/historical,0
2023-05-25,1107058187851.86,36030850734.88,46.1032,19.5536,https://api.coinmarketcap.com/data-api/v3/global-metrics/quotes/historical,0
2023-05-26,1110074243461.14,30478156200.28,46.23,19.5636,https://api.coinmarketcap.com/data-api/v3/global-metrics/quotes/historical,0
2023-05-27,1120278246898.01,27682593768.86,46.2343,19.6298,https://api.coinmarketcap.com/data-api/v3/global-metrics/quotes/historical,0
2023-05-28,1126119219087.63,18302089413.29,46.2549,19.5542,https://api.coinmarketcap.com/data-api/v3/global-metrics/quotes/historical,0
2023-05-29,1165912227241.03,30629539696.06,46.6919,19.7015,https://api.coinmarketcap.com/data-api/v3/global-metrics/quotes/historical,0
2023-05-30,1155541150266.57,31671659594.4,46.5511,19.7009,https://api.coinmarketcap.com/data-api/v3/global-metrics/quotes/historical,0
2023-05-31,1157517351489.13,30459508251.71,46.4001,19.7497,https://api.coinmarketcap.com/data-api/v3/global-metrics/quotes/historical,0
2023-06-01,1141386025717.69,33069748499.63,46.2386,19.7434,https://api.coinmarketcap.com/data-api/v3/global-metrics/quotes/historical,0
2023-06-02,1130322801196.87,30335501140.38,46.0125,19.8116,https://api.coinmarketcap.com/data-api/v3/global-metrics/quotes/historical,0
2023-06-03,1150072084709.49,31148280082.37,45.9476,19.9417,https://api.coinmarketcap.com/data-api/v3/global-metrics/quotes/historical,0
2023-06-04,1143438619013.72,19690672252.98,45.9179,19.8993,https://api.coinmarketcap.com/data-api/v3/global-metrics/quotes/historical,0
2023-06-05,1145085643469.01,21804578581.58,45.9319,19.8502,https://api.coinmarketcap.com/data-api/v3/global-metrics/quotes/historical,0
2023-06-06,1089983827627.7,48295838529.01,45.8095,19.9793,https://api.coinmarketcap.com/data-api/v3/global-metrics/quotes/historical,0
2023-06-07,1134368224163.94,44069589650.12,46.5688,19.9735,https://api.coinmarketcap.com/data-api/v3/global-metrics/quotes/historical,0
2023-06-08,1097885285219.47,40625628696.97,46.5452,20.0676,https://api.coinmarketcap.com/data-api/v3/global-metrics/quotes/historical,0
2023-06-09,1103969173108.02,26114471296.76,46.5727,20.1065,https://api.coinmarketcap.com/data-api/v3/global-metrics/quotes/historical,0
2023-06-10,1099705595019.4,25979215626.84,46.7098,20.1198,https://api.coinmarketcap.com/data-api/v3/global-metrics/quotes/historical,0
2023-06-11,1053854087683.9,54676156906.26,47.5877,19.9927,https://api.coinmarketcap.com/data-api/v3/global-metrics/quotes/historical,0
2023-06-12,1055658271915.24,24709772288.43,47.6645,19.9674,https://api.coinmarketcap.com/data-api/v3/global-metrics/quotes/historical,0
2023-06-13,1053321471181.85,29781917699.24,47.7089,19.8886,https://api.coinmarketcap.com/data-api/v3/global-metrics/quotes/historical,0
2023-06-14,1055974909050.23,33613807356.3,47.6222,19.8008,https://api.coinmarketcap.com/data-api/v3/global-metrics/quotes/historical,0
2023-06-15,1025169913018.33,33013066941.15,47.548,19.3559,https://api.coinmarketcap.com/data-api/v3/global-metrics/quotes/historical,0
2023-06-16,1036376111963.25,37258140758.64,47.8836,19.319,https://api.coinmarketcap.com/data-api/v3/global-metrics/quotes/historical,0
2023-06-17,1061030715762.65,32299360665.14,48.1489,19.4499,https://api.coinmarketcap.com/data-api/v3/global-metrics/quotes/historical,0
2023-06-18,1069223848966.28,23935025257.12,48.1134,19.4189,https://api.coinmarketcap.com/data-api/v3/global-metrics/quotes/historical,0
2023-06-19,1062998307234.91,20558873686.97,48.0784,19.457,https://api.coinmarketcap.com/data-api/v3/global-metrics/quotes/historical,0
2023-06-20,1076488359786.43,26049414545.99,48.3985,19.3997,https://api.coinmarketcap.com/data-api/v3/global-metrics/quotes/historical,0
2023-06-21,1118136277429.04,39554147708.58,49.1545,19.2657,https://api.coinmarketcap.com/data-api/v3/global-metrics/quotes/historical,0
2023-06-22,1171484161022.83,60328118017.7,49.7216,19.3965,https://api.coinmarketcap.com/data-api/v3/global-metrics/quotes/historical,0
2023-06-23,1164511643979.7,44314563215.41,49.8427,19.33,https://api.coinmarketcap.com/data-api/v3/global-metrics/quotes/historical,0
2023-06-24,1190408236019.41,46501485989.92,50.0612,19.117,https://api.coinmarketcap.com/data-api/v3/global-metrics/quotes/historical,0
2023-06-25,1182714342718.72,30951557814.34,50.1346,19.0644,https://api.coinmarketcap.com/data-api/v3/global-metrics/quotes/historical,0
2023-06-26,1187181553019.6,31999934124.49,49.8396,19.2386,https://api.coinmarketcap.com/data-api/v3/global-metrics/quotes/historical,0
2023-06-27,1173770599195.32,38651174717.38,50.0678,19.0392,https://api.coinmarketcap.com/data-api/v3/global-metrics/quotes/historical,0
2023-06-28,1188437057477.2,35549731564.51,50.1377,19.1116,https://api.coinmarketcap.com/data-api/v3/global-metrics/quotes/historical,0
2023-06-29,1159129967797.16,34103094016.86,50.3919,18.9597,https://api.coinmarketcap.com/data-api/v3/global-metrics/quotes/historical,0
2023-06-30,1173857798372.55,29971175518.2,50.3527,18.9686,https://api.coinmarketcap.com/data-api/v3/global-metrics/quotes/historical,0
2023-07-01,1194104821380.71,62657652263.1,49.5523,19.4637,https://api.coinmarketcap.com/data-api/v3/global-metrics/quotes/historical,0
2023-07-02,1199536209909.9,28936813850.42,49.5147,19.2877,https://api.coinmarketcap.com/data-api/v3/global-metrics/quotes/historical,0
2023-07-03,1203000452278.47,30128549940.35,49.4296,19.3635,https://api.coinmarketcap.com/data-api/v3/global-metrics/quotes/historical,0
2023-07-04,1218521713154.76,37764555911.44,49.6532,19.2925,https://api.coinmarketcap.com/data-api/v3/global-metrics/quotes/historical,0
2023-07-05,1204716166099.71,30794379592.97,49.6144,19.3266,https://api.coinmarketcap.com/data-api/v3/global-metrics/quotes/historical,0
2023-07-06,1190972637821.09,31607993243.46,49.7532,19.2847,https://api.coinmarketcap.com/data-api/v3/global-metrics/quotes/historical,0
2023-07-07,1165097671211.44,44309607949.81,49.8569,19.0683,https://api.coinmarketcap.com/data-api/v3/global-metrics/quotes/historical,0
2023-07-08,1180115765334.86,30705959659.72,49.9427,19.0566,https://api.coinmarketcap.com/data-api/v3/global-metrics/quotes/historical,0
2023-07-09,1179320427088.28,19878534366.52,49.8927,19.0159,https://api.coinmarketcap.com/data-api/v3/global-metrics/quotes/historical,0
2023-07-10,1174873887113.13,19725790995.39,49.8855,19.0628,https://api.coinmarketcap.com/data-api/v3/global-metrics/quotes/historical,0
2023-07-11,1184948422383.82,33649579246.73,49.8642,19.078,https://api.coinmarketcap.com/data-api/v3/global-metrics/quotes/historical,0
2023-07-12,1189774023800.27,27182439112.71,49.9998,18.9776,https://api.coinmarketcap.com/data-api/v3/global-metrics/quotes/historical,0
2023-07-13,1182243036977.16,31116788493.35,49.9392,19.0349,https://api.coinmarketcap.com/data-api/v3/global-metrics/quotes/historical,0
2023-07-14,1256989265356.72,60736595875.74,48.6498,19.1844,https://api.coinmarketcap.com/data-api/v3/global-metrics/quotes/historical,0
2023-07-15,1215343018636.36,56566851617.72,48.4927,19.1802,https://api.coinmarketcap.com/data-api/v3/global-metrics/quotes/historical,0
2023-07-16,1214770944438.23,27442600292.56,48.4596,19.1128,https://api.coinmarketcap.com/data-api/v3/global-metrics/quotes/historical,0
2023-07-17,1210039419682.48,25724476071.66,48.5755,19.1091,https://api.coinmarketcap.com/data-api/v3/global-metrics/quotes/historical,0
2023-07-18,1207175878074.08,35271056572.52,48.5272,19.0349,https://api.coinmarketcap.com/data-api/v3/global-metrics/quotes/historical,0
2023-07-19,1198817727279.92,32088058036.73,48.4026,19.0275,https://api.coinmarketcap.com/data-api/v3/global-metrics/quotes/historical,0
2023-07-20,1202050942289.6,31362915624.95,48.3641,18.8895,https://api.coinmarketcap.com/data-api/v3/global-metrics/quotes/historical,0
2023-07-21,1199821606876.71,36901483544.14,48.2681,18.9465,https://api.coinmarketcap.com/data-api/v3/global-metrics/quotes/historical,0
2023-07-22,1202430059408.43,33547586300.15,48.3431,18.9251,https://api.coinmarketcap.com/data-api/v3/global-metrics/quotes/historical,0
2023-07-23,1191643148427.29,22413059869.42,48.5744,18.8162,https://api.coinmarketcap.com/data-api/v3/global-metrics/quotes/historical,0
2023-07-24,1203080973493.21,23613007970.16,48.6031,18.8721,https://api.coinmarketcap.com/data-api/v3/global-metrics/quotes/historical,0
2023-07-25,1171685588054.51,35398797540.32,48.4062,18.9778,https://api.coinmarketcap.com/data-api/v3/global-metrics/quotes/historical,0
2023-07-26,1175578928225.96,25703626696.38,48.3285,19.008,https://api.coinmarketcap.com/data-api/v3/global-metrics/quotes/historical,0
2023-07-27,1182701156936.86,31409877395.1,48.2497,19.0792,https://api.coinmarketcap.com/data-api/v3/global-metrics/quotes/historical,0
2023-07-28,1177880788379.4,25943404114.22,48.2133,18.9848,https://api.coinmarketcap.com/data-api/v3/global-metrics/quotes/historical,0
2023-07-29,1184378628058.55,25272534404.91,48.1282,19.1255,https://api.coinmarketcap.com/data-api/v3/global-metrics/quotes/historical,0
2023-07-30,1186925083706.07,17778212780.78,48.0886,19.0464,https://api.coinmarketcap.com/data-api/v3/global-metrics/quotes/historical,0
2023-07-31,1181621186644.45,24169910071.28,48.175,19.0654,https://api.coinmarketcap.com/data-api/v3/global-metrics/quotes/historical,0
2023-08-01,1176013336537.18,28340330956.25,48.3305,18.9685,https://api.coinmarketcap.com/data-api/v3/global-metrics/quotes/historical,0
2023-08-02,1189867379623.23,39618911455.21,48.5207,18.9134,https://api.coinmarketcap.com/data-api/v3/global-metrics/quotes/historical,0
2023-08-03,1169718673389.78,38198593979.4,48.4727,19.0718,https://api.coinmarketcap.com/data-api/v3/global-metrics/quotes/historical,0
2023-08-04,1164656172414.18,29245341607.92,48.7186,18.9339,https://api.coinmarketcap.com/data-api/v3/global-metrics/quotes/historical,0
2023-08-05,1160155487524.85,29128208292.28,48.7389,18.9318,https://api.coinmarketcap.com/data-api/v3/global-metrics/quotes/historical,0
2023-08-06,1161697134650.26,20241668833.22,48.6233,18.9804,https://api.coinmarketcap.com/data-api/v3/global-metrics/quotes/historical,0
2023-08-07,1160281982994.49,20655635028.29,48.6806,18.9247,https://api.coinmarketcap.com/data-api/v3/global-metrics/quotes/historical,0
2023-08-08,1162687277885.27,32919645559.26,48.8165,18.881,https://api.coinmarketcap.com/data-api/v3/global-metrics/quotes/historical,0
2023-08-09,1182605780571.14,36006447526.98,48.9599,18.8559,https://api.coinmarketcap.com/data-api/v3/global-metrics/quotes/historical,0
2023-08-10,1178625089431.3,35546358274.25,48.7921,18.9041,https://api.coinmarketcap.com/data-api/v3/global-metrics/quotes/historical,0
2023-08-11,1174029082809.46,26133839466.51,48.7606,18.9409,https://api.coinmarketcap.com/data-api/v3/global-metrics/quotes/historical,0
2023-08-12,1172831964140.99,22907590547.53,48.7655,18.9229,https://api.coinmarketcap.com/data-api/v3/global-metrics/quotes/historical,0
2023-08-13,1174409648297.14,16545264352.66,48.7316,18.9158,https://api.coinmarketcap.com/data-api/v3/global-metrics/quotes/historical,0
2023-08-14,1169116064432.26,19376785083.97,48.7327,18.9018,https://api.coinmarketcap.com/data-api/v3/global-metrics/quotes/historical,0
2023-08-15,1173911487219.06,28557513693.77,48.7437,18.8743,https://api.coinmarketcap.com/data-api/v3/global-metrics/quotes/historical,0
2023-08-16,1158906738926.79,29935482466.96,48.977,18.9401,https://api.coinmarketcap.com/data-api/v3/global-metrics/quotes/historical,0
2023-08-17,1137568287868.92,34321985607.85,49.0962,19.0692,https://api.coinmarketcap.com/data-api/v3/global-metrics/quotes/historical,0
2023-08-18,1064404161356.54,63377899625.17,48.7247,19.001,https://api.coinmarketcap.com/data-api/v3/global-metrics/quotes/historical,0
2023-08-19,1051146223087.08,47531023493.38,48.2274,18.9946,https://api.coinmarketcap.com/data-api/v3/global-metrics/quotes/historical,0
2023-08-20,1056354911960.4,24779195648.31,48.0801,18.9989,https://api.coinmarketcap.com/data-api/v3/global-metrics/quotes/historical,0
2023-08-21,1061887440957.66,21753799324.09,48.0018,19.0744,https://api.coinmarketcap.com/data-api/v3/global-metrics/quotes/historical,0
2023-08-22,1053745017025.04,29284145639.63,48.2552,19.0209,https://api.coinmarketcap.com/data-api/v3/global-metrics/quotes/historical,0
2023-08-23,1046007630054.52,33084239848.12,48.4504,18.7802,https://api.coinmarketcap.com/data-api/v3/global-metrics/quotes/historical,0
2023-08-24,1064882221991.8,34697011299.75,48.317,18.9571,https://api.coinmarketcap.com/data-api/v3/global-metrics/quotes/historical,0
2023-08-25,1054311694140.14,27502627322.68,48.3078,18.9288,https://api.coinmarketcap.com/data-api/v3/global-metrics/quotes/historical,0
2023-08-26,1050573300381.91,27537097350.98,48.2675,18.9144,https://api.coinmarketcap.com/data-api/v3/global-metrics/quotes/historical,0
2023-08-27,1048640170544.89,15142066308.98,48.286,18.8731,https://api.coinmarketcap.com/data-api/v3/global-metrics/quotes/historical,0
2023-08-28,1053098943196.97,16329890710.52,48.2337,18.921,https://api.coinmarketcap.com/data-api/v3/global-metrics/quotes/historical,0
2023-08-29,1052892008490.65,24577299869.87,48.2721,18.8665,https://api.coinmarketcap.com/data-api/v3/global-metrics/quotes/historical,0
2023-08-30,1102884983370.28,52903434518.44,48.9507,18.8542,https://api.coinmarketcap.com/data-api/v3/global-metrics/quotes/historical,0
2023-08-31,1086855012886.33,31552475320.23,48.9094,18.8615,https://api.coinmarketcap.com/data-api/v3/global-metrics/quotes/historical,0
2023-09-01,1046144517702.37,37571352059.13,48.2708,18.9102,https://api.coinmarketcap.com/data-api/v3/global-metrics/quotes/historical,0
2023-09-02,1039655934927.76,33960057979.21,48.3273,18.8307,https://api.coinmarketcap.com/data-api/v3/global-metrics/quotes/historical,0
2023-09-03,1042569720049.44,21932761798.03,48.3222,18.8762,https://api.coinmarketcap.com/data-api/v3/global-metrics/quotes/historical,0
2023-09-04,1044553481554.5,19855263792.02,48.4188,18.8277,https://api.coinmarketcap.com/data-api/v3/global-metrics/quotes/historical,0
2023-09-05,1040971064456.37,24054019621.64,48.2974,18.8217,https://api.coinmarketcap.com/data-api/v3/global-metrics/quotes/historical,0
2023-09-06,1041166631106.19,24778543297.08,48.231,18.8643,https://api.coinmarketcap.com/data-api/v3/global-metrics/quotes/historical,0
2023-09-07,1040848209981.33,27029764183.92,48.1895,18.8527,https://api.coinmarketcap.com/data-api/v3/global-metrics/quotes/historical,0
2023-09-08,1053594075056.86,24167769182.71,48.5181,18.8009,https://api.coinmarketcap.com/data-api/v3/global-metrics/quotes/historical,0
2023-09-09,1044137912140.25,23561309545.85,48.3306,18.8375,https://api.coinmarketcap.com/data-api/v3/global-metrics/quotes/historical,0
2023-09-10,1043586526789.19,13440240267.55,48.3396,18.8371,https://api.coinmarketcap.com/data-api/v3/global-metrics/quotes/historical,0
2023-09-11,1035507857537.16,20279672156.4,48.5997,18.7707,https://api.coinmarketcap.com/data-api/v3/global-metrics/quotes/historical,0
2023-09-12,1007169395785.06,32530881578.69,48.6729,18.5204,https://api.coinmarketcap.com/data-api/v3/global-metrics/quotes/historical,0
2023-09-13,1029085048058.72,35423451439.22,48.9142,18.6061,https://api.coinmarketcap.com/data-api/v3/global-metrics/quotes/historical,0
2023-09-14,1041455228178.83,27302036656.18,49.0705,18.5624,https://api.coinmarketcap.com/data-api/v3/global-metrics/quotes/historical,0
2023-09-15,1052417682131.76,28414670934.81,49.1329,18.5851,https://api.coinmarketcap.com/data-api/v3/global-metrics/quotes/historical,0
2023-09-16,1059895167761.48,25608292082.29,48.9193,18.6199,https://api.coinmarketcap.com/data-api/v3/global-metrics/quotes/historical,0
2023-09-17,1059874488138.3,19496196198.49,48.8503,18.5485,https://api.coinmarketcap.com/data-api/v3/global-metrics/quotes/historical,0
2023-09-18,1054114116355.4,17607070976.34,49.0559,18.5106,https://api.coinmarketcap.com/data-api/v3/global-metrics/quotes/historical,0
2023-09-19,1063330646470.47,31127779684.52,49.0436,18.5125,https://api.coinmarketcap.com/data-api/v3/global-metrics/quotes/historical,0
2023-09-20,1077461946206.82,27278835522.59,49.2221,18.3389,https://api.coinmarketcap.com/data-api/v3/global-metrics/quotes/historical,0
2023-09-21,1072488425423.51,28082794439.47,49.3078,18.1911,https://api.coinmarketcap.com/data-api/v3/global-metrics/quotes/historical,0
2023-09-22,1052168523016.98,32352223636.24,49.2154,18.1016,https://api.coinmarketcap.com/data-api/v3/global-metrics/quotes/historical,0
2023-09-23,1054710914959.55,22126067423.01,49.1232,18.1616,https://api.coinmarketcap.com/data-api/v3/global-metrics/quotes/historical,0
2023-09-24,1054731717099.65,16244650304.88,49.1253,18.1682,https://api.coinmarketcap.com/data-api/v3/global-metrics/quotes/historical,0
2023-09-25,1043687188538.18,17995019275.53,49.0422,18.2104,https://api.coinmarketcap.com/data-api/v3/global-metrics/quotes/historical,0
2023-09-26,1047178228939.27,24689515114.64,48.9578,18.2345,https://api.coinmarketcap.com/data-api/v3/global-metrics/quotes/historical,0
2023-09-27,1045283965763.64,22702290381.43,48.8935,18.3263,https://api.coinmarketcap.com/data-api/v3/global-metrics/quotes/historical,0
2023-09-28,1048964411622.17,27303085450.61,48.9863,18.3117,https://api.coinmarketcap.com/data-api/v3/global-metrics/quotes/historical,0
2023-09-29,1073830375025.56,31004821037.08,49.0688,18.5077,https://api.coinmarketcap.com/data-api/v3/global-metrics/quotes/historical,0
2023-09-30,1074492624286.71,40311855811.08,48.8385,18.6637,https://api.coinmarketcap.com/data-api/v3/global-metrics/quotes/historical,0
2023-10-01,1076839086689.66,32436623763.63,48.8356,18.6598,https://api.coinmarketcap.com/data-api/v3/global-metrics/quotes/historical,0
2023-10-02,1110774639228.37,33129903900.2,49.1235,18.7636,https://api.coinmarketcap.com/data-api/v3/global-metrics/quotes/historical,0
2023-10-03,1087603651244.27,43833929056.94,49.3464,18.3882,https://api.coinmarketcap.com/data-api/v3/global-metrics/quotes/historical,0
2023-10-04,1085141311636.84,35973907826.5,49.2992,18.3574,https://api.coinmarketcap.com/data-api/v3/global-metrics/quotes/historical,0
2023-10-05,1090762128883.91,28002070268.38,49.708,18.1649,https://api.coinmarketcap.com/data-api/v3/global-metrics/quotes/historical,0
2023-10-06,1076484719293.35,26024174048.55,49.6719,17.9995,https://api.coinmarketcap.com/data-api/v3/global-metrics/quotes/historical,0
2023-10-07,1095067311152.66,26479956729.31,49.7804,18.072,https://api.coinmarketcap.com/data-api/v3/global-metrics/quotes/historical,0
2023-10-08,1093098548403.85,15736210617.32,49.9148,17.9812,https://api.coinmarketcap.com/data-api/v3/global-metrics/quotes/historical,0
2023-10-09,1091179431499.26,17993484538.15,49.9415,18.0011,https://api.coinmarketcap.com/data-api/v3/global-metrics/quotes/historical,0
2023-10-10,1070423866234.62,28659929370.74,50.2774,17.7489,https://api.coinmarketcap.com/data-api/v3/global-metrics/quotes/historical,0
2023-10-11,1064750812935.9,23901300194.51,50.191,17.7052,https://api.coinmarketcap.com/data-api/v3/global-metrics/quotes/historical,0
2023-10-12,1052280272133.4,27203644812.6,49.8275,17.8994,https://api.coinmarketcap.com/data-api/v3/global-metrics/quotes/historical,0
2023-10-13,1044356785290.49,22468366832.39,49.9867,17.727,https://api.coinmarketcap.com/data-api/v3/global-metrics/quotes/historical,0
2023-10-14,1050094148491.25,27421676398.6,49.9193,17.7753,https://api.coinmarketcap.com/data-api/v3/global-metrics/quotes/historical,0
2023-10-15,1051769112210.66,13946542632.74,49.8339,17.7813,https://api.coinmarketcap.com/data-api/v3/global-metrics/quotes/historical,0
2023-10-16,1059425864624.88,18364309175.51,50.0314,17.6874,https://api.coinmarketcap.com/data-api/v3/global-metrics/quotes/historical,0
2023-10-17,1095710203484.59,60535714366.94,50.7984,17.5672,https://api.coinmarketcap.com/data-api/v3/global-metrics/quotes/historical,0
2023-10-18,1086436130507.98,46588112216.24,51.044,17.328,https://api.coinmarketcap.com/data-api/v3/global-metrics/quotes/historical,0
2023-10-19,1082263475877.94,40508041359.24,51.0912,17.3777,https://api.coinmarketcap.com/data-api/v3/global-metrics/quotes/historical,0
2023-10-20,1094005072553.77,40993099711.61,51.2516,17.2316,https://api.coinmarketcap.com/data-api/v3/global-metrics/quotes/historical,0
2023-10-21,1121831459276.21,51089976603.22,51.6474,17.2035,https://api.coinmarketcap.com/data-api/v3/global-metrics/quotes/historical,0
2023-10-22,1135772003962.88,38310201989.95,51.4203,17.2525,https://api.coinmarketcap.com/data-api/v3/global-metrics/quotes/historical,0
2023-10-23,1145025658169.76,40315072632.84,51.143,17.4764,https://api.coinmarketcap.com/data-api/v3/global-metrics/quotes/historical,0
2023-10-24,1229974525135.45,69650080042.63,52.5076,17.2651,https://api.coinmarketcap.com/data-api/v3/global-metrics/quotes/historical,0
2023-10-25,1248180982644.24,83170507698.84,53.0373,17.1958,https://api.coinmarketcap.com/data-api/v3/global-metrics/quotes/historical,0
2023-10-26,1263748056115.35,51801603619.23,53.3053,17.0099,https://api.coinmarketcap.com/data-api/v3/global-metrics/quotes/historical,0
2023-10-27,1259755328202.72,47964994144.38,52.9391,17.2207,https://api.coinmarketcap.com/data-api/v3/global-metrics/quotes/historical,0
2023-10-28,1249435415222.27,37642422539.1,52.9916,17.1345,https://api.coinmarketcap.com/data-api/v3/global-metrics/quotes/historical,0
2023-10-29,1255780027773.15,24444477110.81,53.0076,17.0147,https://api.coinmarketcap.com/data-api/v3/global-metrics/quotes/historical,0
2023-10-30,1271072550582.4,25807550720.52,53.0568,16.9896,https://api.coinmarketcap.com/data-api/v3/global-metrics/quotes/historical,0
2023-10-31,1277029061226.45,39460377437.05,52.7601,17.0475,https://api.coinmarketcap.com/data-api/v3/global-metrics/quotes/historical,0
2023-11-01,1281992776894.48,40580055949.27,52.8041,17.0383,https://api.coinmarketcap.com/data-api/v3/global-metrics/quotes/historical,0
2023-11-02,1308678434166.76,53554876705.39,52.8894,16.9758,https://api.coinmarketcap.com/data-api/v3/global-metrics/quotes/historical,0
2023-11-03,1291414042107.93,50250607101.33,52.8441,16.7705,https://api.coinmarketcap.com/data-api/v3/global-metrics/quotes/historical,0
2023-11-04,1293261871779.75,41557961734.12,52.4597,17.0469,https://api.coinmarketcap.com/data-api/v3/global-metrics/quotes/historical,0
2023-11-05,1309015796545.3,27906586640.41,52.356,17.0666,https://api.coinmarketcap.com/data-api/v3/global-metrics/quotes/historical,0
2023-11-06,1320182625569.52,38262295253.18,51.8582,17.2552,https://api.coinmarketcap.com/data-api/v3/global-metrics/quotes/historical,0
2023-11-07,1333308694649.49,39648091326.31,51.3431,17.1406,https://api.coinmarketcap.com/data-api/v3/global-metrics/quotes/historical,0
2023-11-08,1335127572367.48,49256435921.19,51.8445,17.0037,https://api.coinmarketcap.com/data-api/v3/global-metrics/quotes/historical,0
2023-11-09,1346084005957.99,42168545573.94,51.7341,16.8787,https://api.coinmarketcap.com/data-api/v3/global-metrics/quotes/historical,0
2023-11-10,1398383575385.91,96163729885.64,51.2729,18.2399,https://api.coinmarketcap.com/data-api/v3/global-metrics/quotes/historical,0
2023-11-11,1418844964727.99,69117600853.58,51.382,17.6149,https://api.coinmarketcap.com/data-api/v3/global-metrics/quotes/historical,0
2023-11-12,1414865971470.37,55155651521.86,51.286,17.4495,https://api.coinmarketcap.com/data-api/v3/global-metrics/quotes/historical,0
2023-11-13,1415333472844.52,46268513172.43,51.1702,17.3787,https://api.coinmarketcap.com/data-api/v3/global-metrics/quotes/historical,0
2023-11-14,1394265987209.0,64604877784.23,51.153,17.7252,https://api.coinmarketcap.com/data-api/v3/global-metrics/quotes/historical,0
2023-11-15,1364502154648.59,65405333333.81,50.9045,17.4438,https://api.coinmarketcap.com/data-api/v3/global-metrics/quotes/historical,0
2023-11-16,1440170833742.97,67376307046.17,51.4041,17.2028,https://api.coinmarketcap.com/data-api/v3/global-metrics/quotes/historical,0
2023-11-17,1381335242906.16,71621942772.77,51.1618,17.0751,https://api.coinmarketcap.com/data-api/v3/global-metrics/quotes/historical,0
2023-11-18,1392113702451.12,61641466980.23,51.4016,16.9436,https://api.coinmarketcap.com/data-api/v3/global-metrics/quotes/historical,0
2023-11-19,1390730073576.85,40607308190.97,51.4196,16.9755,https://api.coinmarketcap.com/data-api/v3/global-metrics/quotes/historical,0
2023-11-20,1420313224272.62,38807583588.79,51.4451,17.0393,https://api.coinmarketcap.com/data-api/v3/global-metrics/quotes/historical,0
2023-11-21,1417560728672.17,55029365347.64,51.6755,17.1547,https://api.coinmarketcap.com/data-api/v3/global-metrics/quotes/historical,0
2023-11-22,1351079062227.38,66410016904.96,51.7786,17.2251,https://api.coinmarketcap.com/data-api/v3/global-metrics/quotes/historical,0
2023-11-23,1418535373207.75,59415066531.37,51.5806,17.4979,https://api.coinmarketcap.com/data-api/v3/global-metrics/quotes/historical,0
2023-11-24,1416271368894.3,39948340991.0,51.4812,17.5099,https://api.coinmarketcap.com/data-api/v3/global-metrics/quotes/historical,0
2023-11-25,1431273819704.62,54210631246.48,51.5287,17.485,https://api.coinmarketcap.com/data-api/v3/global-metrics/quotes/historical,0
2023-11-26,1439185469599.81,31220639691.41,51.3514,17.4145,https://api.coinmarketcap.com/data-api/v3/global-metrics/quotes/historical,0
2023-11-27,1426561110016.36,40656263052.68,51.3557,17.3877,https://api.coinmarketcap.com/data-api/v3/global-metrics/quotes/historical,0
2023-11-28,1410404031441.63,51966232264.82,51.6473,17.2853,https://api.coinmarketcap.com/data-api/v3/global-metrics/quotes/historical,0
2023-11-29,1423588669812.78,51267542363.8,51.9648,17.3092,https://api.coinmarketcap.com/data-api/v3/global-metrics/quotes/historical,0
2023-11-30,1421170963266.71,48539289994.2,52.0983,17.1722,https://api.coinmarketcap.com/data-api/v3/global-metrics/quotes/historical,0
2023-12-01,1422813233503.07,42479582594.91,51.8418,17.344,https://api.coinmarketcap.com/data-api/v3/global-metrics/quotes/historical,0
2023-12-02,1451579404781.26,50793444368.72,52.1291,17.2905,https://api.coinmarketcap.com/data-api/v3/global-metrics/quotes/historical,0
2023-12-03,1485069548685.56,42481035444.68,51.9898,17.5349,https://api.coinmarketcap.com/data-api/v3/global-metrics/quotes/historical,0
2023-12-04,1498312891719.88,44075804300.86,52.1913,17.6035,https://api.coinmarketcap.com/data-api/v3/global-metrics/quotes/historical,0
2023-12-05,1550068073028.41,95714033402.13,52.9809,17.3993,https://api.coinmarketcap.com/data-api/v3/global-metrics/quotes/historical,0
2023-12-06,1601656435248.47,80606214908.36,53.8383,17.2182,https://api.coinmarketcap.com/data-api/v3/global-metrics/quotes/historical,0
2023-12-07,1587619574933.8,77231711597.17,53.9191,16.9057,https://api.coinmarketcap.com/data-api/v3/global-metrics/quotes/historical,0
2023-12-08,1602895300033.9,71213191115.16,52.8398,17.6812,https://api.coinmarketcap.com/data-api/v3/global-metrics/quotes/historical,0
2023-12-09,1640137689741.01,66671389101.46,52.6925,17.289,https://api.coinmarketcap.com/data-api/v3/global-metrics/quotes/historical,0
2023-12-10,1628340641736.58,61781506150.61,52.5407,17.2855,https://api.coinmarketcap.com/data-api/v3/global-metrics/quotes/historical,0
2023-12-11,1639844113351.76,44627330832.33,52.2445,17.246,https://api.coinmarketcap.com/data-api/v3/global-metrics/quotes/historical,0
2023-12-12,1555170606714.12,97464486356.76,51.89,17.1954,https://api.coinmarketcap.com/data-api/v3/global-metrics/quotes/historical,0
2023-12-13,1563228562115.44,69514717258.5,51.8981,16.9361,https://api.coinmarketcap.com/data-api/v3/global-metrics/quotes/historical,0
2023-12-14,1608677425918.02,70160286457.22,52.1714,16.8935,https://api.coinmarketcap.com/data-api/v3/global-metrics/quotes/historical,0
2023-12-15,1625208845100.88,105054292786.84,51.8103,17.1329,https://api.coinmarketcap.com/data-api/v3/global-metrics/quotes/historical,0
2023-12-16,1582494624018.18,99526228660.57,51.8605,16.8622,https://api.coinmarketcap.com/data-api/v3/global-metrics/quotes/historical,0
2023-12-17,1599685273364.12,47379271774.47,51.6779,16.7333,https://api.coinmarketcap.com/data-api/v3/global-metrics/quotes/historical,0
2023-12-18,1568028389888.06,47526180366.85,51.6233,16.8331,https://api.coinmarketcap.com/data-api/v3/global-metrics/quotes/historical,0
2023-12-19,1599568036103.31,64592434078.85,52.1696,16.6651,https://api.coinmarketcap.com/data-api/v3/global-metrics/quotes/historical,0
2023-12-20,1584407035121.43,60233140532.78,52.2187,16.519,https://api.coinmarketcap.com/data-api/v3/global-metrics/quotes/historical,0
2023-12-21,1625478027741.18,69468687267.61,52.5687,16.0538,https://api.coinmarketcap.com/data-api/v3/global-metrics/quotes/historical,0
2023-12-22,1656956943109.25,66237580785.93,51.831,16.2447,https://api.coinmarketcap.com/data-api/v3/global-metrics/quotes/historical,0
2023-12-23,1676335969152.05,70942829263.62,51.3933,16.6807,https://api.coinmarketcap.com/data-api/v3/global-metrics/quotes/historical,0
2023-12-24,1676210411830.28,48938113761.63,51.0832,16.5579,https://api.coinmarketcap.com/data-api/v3/global-metrics/quotes/historical,0
2023-12-25,1656582894748.92,64524457197.07,50.8396,16.4361,https://api.coinmarketcap.com/data-api/v3/global-metrics/quotes/historical,0
2023-12-26,1686182449757.13,76648251979.4,50.6382,16.1966,https://api.coinmarketcap.com/data-api/v3/global-metrics/quotes/historical,0
2023-12-27,1654251277637.67,81638929657.22,50.331,16.2117,https://api.coinmarketcap.com/data-api/v3/global-metrics/quotes/historical,0
2023-12-28,1699092662960.57,74943723670.46,50.0837,16.831,https://api.coinmarketcap.com/data-api/v3/global-metrics/quotes/historical,0
2023-12-29,1670123853309.12,78922292937.41,49.9761,16.8907,https://api.coinmarketcap.com/data-api/v3/global-metrics/quotes/historical,0
2023-12-30,1651319430957.1,70807962155.44,49.9243,16.7433,https://api.coinmarketcap.com/data-api/v3/global-metrics/quotes/historical,0
2023-12-31,1650457252142.8,43629092637.98,50.0225,16.6899,https://api.coinmarketcap.com/data-api/v3/global-metrics/quotes/historical,0
2024-01-01,1647895239480.1,45890790502.08,50.2434,16.6402,https://api.coinmarketcap.com/data-api/v3/global-metrics/quotes/historical,0
2024-01-02,1711920394246.82,48834341831.19,50.5456,16.5153,https://api.coinmarketcap.com/data-api/v3/global-metrics/quotes/historical,0
2024-01-03,1722002934615.59,81798818096.8,51.142,16.4428,https://api.coinmarketcap.com/data-api/v3/global-metrics/quotes/historical,0
2024-01-04,1637244188137.75,116308696896.23,51.2703,16.2277,https://api.coinmarketcap.com/data-api/v3/global-metrics/quotes/historical,0
2024-01-05,1683933362957.3,74231853887.32,51.4041,16.1957,https://api.coinmarketcap.com/data-api/v3/global-metrics/quotes/historical,0
2024-01-06,1670815972358.85,73556752295.75,51.7916,16.3219,https://api.coinmarketcap.com/data-api/v3/global-metrics/quotes/historical,0
2024-01-07,1651760668915.86,45881164457.03,52.1815,16.3118,https://api.coinmarketcap.com/data-api/v3/global-metrics/quotes/historical,0
2024-01-08,1635454867091.54,47874661366.64,52.6463,16.3352,https://api.coinmarketcap.com/data-api/v3/global-metrics/quotes/historical,0
2024-01-09,1729897502023.57,86836407855.63,53.2095,16.2081,https://api.coinmarketcap.com/data-api/v3/global-metrics/quotes/historical,0
2024-01-10,1705891985197.72,84904697914.19,52.9863,16.5202,https://api.coinmarketcap.com/data-api/v3/global-metrics/quotes/historical,0
2024-01-11,1769019931447.03,112210131304.42,51.664,17.5494,https://api.coinmarketcap.com/data-api/v3/global-metrics/quotes/historical,0
2024-01-12,1774422173721.75,106938283077.2,51.2,17.7413,https://api.coinmarketcap.com/data-api/v3/global-metrics/quotes/historical,0
2024-01-13,1674602580778.05,99537952126.0,50.1176,18.1118,https://api.coinmarketcap.com/data-api/v3/global-metrics/quotes/historical,0
2024-01-14,1689693799791.85,54364011990.57,49.691,18.3313,https://api.coinmarketcap.com/data-api/v3/global-metrics/quotes/historical,0
2024-01-15,1645890473684.53,48568967323.33,49.7217,18.05,https://api.coinmarketcap.com/data-api/v3/global-metrics/quotes/historical,0
2024-01-16,1674078332753.98,56405252244.24,49.7643,18.0262,https://api.coinmarketcap.com/data-api/v3/global-metrics/quotes/historical,0
2024-01-17,1699949742503.76,58593142716.96,49.7445,18.2918,https://api.coinmarketcap.com/data-api/v3/global-metrics/quotes/historical,0
2024-01-18,1683643666920.57,55319956386.51,49.7612,18.0485,https://api.coinmarketcap.com/data-api/v3/global-metrics/quotes/historical,0
2024-01-19,1630908410094.85,63084768018.95,49.603,18.1851,https://api.coinmarketcap.com/data-api/v3/global-metrics/quotes/historical,0
2024-01-20,1639959782989.59,63855641107.64,49.7512,18.2444,https://api.coinmarketcap.com/data-api/v3/global-metrics/quotes/historical,0
2024-01-21,1642051980365.67,35417530928.59,49.7462,18.0747,https://api.coinmarketcap.com/data-api/v3/global-metrics/quotes/historical,0
2024-01-22,1634220237273.51,30221722660.74,49.8443,18.0495,https://api.coinmarketcap.com/data-api/v3/global-metrics/quotes/historical,0
2024-01-23,1556200458260.09,69362799082.74,49.78,17.8459,https://api.coinmarketcap.com/data-api/v3/global-metrics/quotes/historical,0
2024-01-24,1552061251441.3,72206307832.66,50.3555,17.3541,https://api.coinmarketcap.com/data-api/v3/global-metrics/quotes/historical,0
2024-01-25,1561892695798.95,53449482801.12,50.3104,17.1876,https://api.coinmarketcap.com/data-api/v3/global-metrics/quotes/historical,0
2024-01-26,1553151153442.3,47208330479.13,50.4185,17.1592,https://api.coinmarketcap.com/data-api/v3/global-metrics/quotes/historical,0
2024-01-27,1612314125133.8,57849734430.55,50.8585,16.8999,https://api.coinmarketcap.com/data-api/v3/global-metrics/quotes/historical,0
2024-01-28,1622950425700.9,32374020083.58,50.8987,16.7949,https://api.coinmarketcap.com/data-api/v3/global-metrics/quotes/historical,0
2024-01-29,1618249953970.65,42362491759.43,50.9403,16.7626,https://api.coinmarketcap.com/data-api/v3/global-metrics/quotes/historical,0
2024-01-30,1663411086072.74,50038660306.12,51.0465,16.7423,https://api.coinmarketcap.com/data-api/v3/global-metrics/quotes/historical,0
2024-01-31,1654099236635.1,57650543059.28,50.9274,17.0312,https://api.coinmarketcap.com/data-api/v3/global-metrics/quotes/historical,0
2024-02-01,1628623575395.08,60788770938.71,51.2768,16.8425,https://api.coinmarketcap.com/data-api/v3/global-metrics/quotes/historical,0
2024-02-02,1645573465455.66,52624229565.45,51.3476,16.8253,https://api.coinmarketcap.com/data-api/v3/global-metrics/quotes/historical,0
2024-02-03,1654644834611.77,45739909474.89,51.198,16.7638,https://api.coinmarketcap.com/data-api/v3/global-metrics/quotes/historical,0
2024-02-04,1647007757572.07,29518768535.87,51.2095,16.7544,https://api.coinmarketcap.com/data-api/v3/global-metrics/quotes/historical,0
2024-02-05,1632931794935.99,33241624743.13,51.1573,16.8496,https://api.coinmarketcap.com/data-api/v3/global-metrics/quotes/historical,0
2024-02-06,1636654079824.89,43911905092.17,51.1363,16.8815,https://api.coinmarketcap.com/data-api/v3/global-metrics/quotes/historical,0
2024-02-07,1655839211363.85,44152008380.03,51.0551,17.2181,https://api.coinmarketcap.com/data-api/v3/global-metrics/quotes/historical,0
2024-02-08,1696992917817.09,50643521783.06,51.2508,17.1663,https://api.coinmarketcap.com/data-api/v3/global-metrics/quotes/historical,0
2024-02-09,1721113607773.85,57954458472.96,51.6457,16.897,https://api.coinmarketcap.com/data-api/v3/global-metrics/quotes/historical,0
2024-02-10,1778770039518.05,77878473125.73,52.0161,16.8065,https://api.coinmarketcap.com/data-api/v3/global-metrics/quotes/historical,0
2024-02-11,1795914117772.02,41003465775.02,52.1993,16.7364,https://api.coinmarketcap.com/data-api/v3/global-metrics/quotes/historical,0
2024-02-12,1806535731763.11,45439137951.37,52.465,16.6804,https://api.coinmarketcap.com/data-api/v3/global-metrics/quotes/historical,0
2024-02-13,1870791944289.62,71263903655.97,52.4016,17.0791,https://api.coinmarketcap.com/data-api/v3/global-metrics/quotes/historical,0
2024-02-14,1861545364916.97,78236881415.85,52.4409,17.0545,https://api.coinmarketcap.com/data-api/v3/global-metrics/quotes/historical,0
2024-02-15,1936566880630.91,85859240745.13,52.5338,17.2364,https://api.coinmarketcap.com/data-api/v3/global-metrics/quotes/historical,0
2024-02-16,1952129892510.32,93803689966.05,52.2246,17.3894,https://api.coinmarketcap.com/data-api/v3/global-metrics/quotes/historical,0
2024-02-17,1953276393460.69,72846308770.32,52.42,17.2485,https://api.coinmarketcap.com/data-api/v3/global-metrics/quotes/historical,0
2024-02-18,1939867589085.9,60181687493.73,52.2804,17.2622,https://api.coinmarketcap.com/data-api/v3/global-metrics/quotes/historical,0
2024-02-19,1969694654317.08,64182744937.96,51.9554,17.571,https://api.coinmarketcap.com/data-api/v3/global-metrics/quotes/historical,0
2024-02-20,1978226747854.8,68149540351.92,51.386,17.8821,https://api.coinmarketcap.com/data-api/v3/global-metrics/quotes/historical,0
2024-02-21,1992573712300.35,91344467063.84,51.5117,18.1798,https://api.coinmarketcap.com/data-api/v3/global-metrics/quotes/historical,0
2024-02-22,1971740336161.7,80913912721.55,51.6278,18.0998,https://api.coinmarketcap.com/data-api/v3/global-metrics/quotes/historical,0
2024-02-23,1960266634598.79,76673944262.3,51.3789,18.2091,https://api.coinmarketcap.com/data-api/v3/global-metrics/quotes/historical,0
2024-02-24,1941517982381.92,66759133627.77,51.3108,18.0828,https://api.coinmarketcap.com/data-api/v3/global-metrics/quotes/historical,0
2024-02-25,1978931703345.18,49308164083.24,51.1706,18.1691,https://api.coinmarketcap.com/data-api/v3/global-metrics/quotes/historical,0
2024-02-26,2000679858530.21,52750989868.24,50.7777,18.6936,https://api.coinmarketcap.com/data-api/v3/global-metrics/quotes/historical,0
2024-02-27,2084913343439.5,85790849360.12,51.3553,18.3191,https://api.coinmarketcap.com/data-api/v3/global-metrics/quotes/historical,0
2024-02-28,2147905041854.19,111940458402.51,52.1897,18.1481,https://api.coinmarketcap.com/data-api/v3/global-metrics/quotes/historical,0
2024-02-29,2289759613158.26,175925228955.61,53.6109,17.7688,https://api.coinmarketcap.com/data-api/v3/global-metrics/quotes/historical,0
2024-03-01,2262267045079.07,154815261549.5,53.1198,17.7488,https://api.coinmarketcap.com/data-api/v3/global-metrics/quotes/historical,0
2024-03-02,2328429668644.46,106180247399.15,52.6698,17.727,https://api.coinmarketcap.com/data-api/v3/global-metrics/quotes/historical,0
2024-03-03,2345448294605.43,93011989407.85,51.9502,17.5306,https://api.coinmarketcap.com/data-api/v3/global-metrics/quotes/historical,0
2024-03-04,2376725934234.39,97597784318.7,52.1961,17.6417,https://api.coinmarketcap.com/data-api/v3/global-metrics/quotes/historical,0
2024-03-05,2515541965737.49,170941712555.99,53.3657,17.3412,https://api.coinmarketcap.com/data-api/v3/global-metrics/quotes/historical,0
2024-03-06,2382473149905.46,261866570378.7,52.6052,17.9311,https://api.coinmarketcap.com/data-api/v3/global-metrics/quotes/historical,0
2024-03-07,2495816953042.41,179252017359.93,52.0284,18.3796,https://api.coinmarketcap.com/data-api/v3/global-metrics/quotes/historical,0
2024-03-08,2543584754426.72,135817396708.15,51.7033,18.2984,https://api.coinmarketcap.com/data-api/v3/global-metrics/quotes/historical,0
2024-03-09,2584406400510.68,153068139756.37,51.9208,18.0881,https://api.coinmarketcap.com/data-api/v3/global-metrics/quotes/historical,0
2024-03-10,2604521486537.47,88482700400.87,51.6677,18.0521,https://api.coinmarketcap.com/data-api/v3/global-metrics/quotes/historical,0
2024-03-11,2611405017260.58,110847085387.27,51.9393,17.8522,https://api.coinmarketcap.com/data-api/v3/global-metrics/quotes/historical,0
2024-03-12,2724366347156.13,169351233660.28,52.0166,17.9257,https://api.coinmarketcap.com/data-api/v3/global-metrics/quotes/historical,0
2024-03-13,2702455243821.11,162830942683.25,51.9789,17.6874,https://api.coinmarketcap.com/data-api/v3/global-metrics/quotes/historical,0
2024-03-14,2766421242865.48,134539193347.49,51.9266,17.3909,https://api.coinmarketcap.com/data-api/v3/global-metrics/quotes/historical,0
2024-03-15,2712374343100.34,164949314479.47,51.7209,17.1849,https://api.coinmarketcap.com/data-api/v3/global-metrics/quotes/historical,0
2024-03-16,2638800135784.86,202673871649.05,51.7269,17.0156,https://api.coinmarketcap.com/data-api/v3/global-metrics/quotes/historical,0
2024-03-17,2482336255824.97,143052508217.06,51.6973,17.0357,https://api.coinmarketcap.com/data-api/v3/global-metrics/quotes/historical,0
2024-03-18,2593967840121.63,128707900338.64,51.8085,16.8606,https://api.coinmarketcap.com/data-api/v3/global-metrics/quotes/historical,0
2024-03-19,2543180164476.73,134978436903.21,52.2326,16.6192,https://api.coinmarketcap.com/data-api/v3/global-metrics/quotes/historical,0
2024-03-20,2332165085284.75,188222137776.02,52.2039,16.262,https://api.coinmarketcap.com/data-api/v3/global-metrics/quotes/historical,0
2024-03-21,2553534036855.56,167795892705.42,52.2743,16.5297,https://api.coinmarketcap.com/data-api/v3/global-metrics/quotes/historical,0
2024-03-22,2494253819480.45,120862353646.27,51.6225,16.8128,https://api.coinmarketcap.com/data-api/v3/global-metrics/quotes/historical,0
2024-03-23,2431168688325.8,111392812338.09,51.6022,16.4754,https://api.coinmarketcap.com/data-api/v3/global-metrics/quotes/historical,0
2024-03-24,2443224857298.82,74245811351.64,51.5451,16.3877,https://api.coinmarketcap.com/data-api/v3/global-metrics/quotes/historical,0
2024-03-25,2547654020781.56,74750553044.33,51.8834,16.2805,https://api.coinmarketcap.com/data-api/v3/global-metrics/quotes/historical,0
2024-03-26,2639960273520.6,110347353369.4,52.0805,16.3331,https://api.coinmarketcap.com/data-api/v3/global-metrics/quotes/historical,0
2024-03-27,2645174287243.57,106990977340.48,52.0332,16.2846,https://api.coinmarketcap.com/data-api/v3/global-metrics/quotes/historical,0
2024-03-28,2612964988643.82,116659911260.97,52.2671,16.084,https://api.coinmarketcap.com/data-api/v3/global-metrics/quotes/historical,0
2024-03-29,2662192649637.29,101656338413.21,52.2776,16.062,https://api.coinmarketcap.com/data-api/v3/global-metrics/quotes/historical,0
2024-03-30,2643541867940.1,86138137159.96,51.9992,15.9498,https://api.coinmarketcap.com/data-api/v3/global-metrics/quotes/historical,0
2024-03-31,2630605390148.13,67661161029.18,52.0752,16.0121,https://api.coinmarketcap.com/data-api/v3/global-metrics/quotes/historical,0
2024-04-01,2702110380158.71,66064724773.37,51.9186,16.206,https://api.coinmarketcap.com/data-api/v3/global-metrics/quotes/historical,0
2024-04-02,2621751984020.23,104401487897.81,52.2946,16.0528,https://api.coinmarketcap.com/data-api/v3/global-metrics/quotes/historical,0
2024-04-03,2469110490474.71,131737700307.84,52.1493,15.9398,https://api.coinmarketcap.com/data-api/v3/global-metrics/quotes/historical,0
2024-04-04,2482939356244.87,101198779944.0,52.2787,16.0148,https://api.coinmarketcap.com/data-api/v3/global-metrics/quotes/historical,0
2024-04-05,2552830574787.12,96902671048.67,52.8032,15.6642,https://api.coinmarketcap.com/data-api/v3/global-metrics/quotes/historical,0
2024-04-06,2525250173369.25,95782588641.34,52.8568,15.7807,https://api.coinmarketcap.com/data-api/v3/global-metrics/quotes/historical,0
2024-04-07,2565997363251.02,62177110399.09,52.8315,15.694,https://api.coinmarketcap.com/data-api/v3/global-metrics/quotes/historical,0
2024-04-08,2595923117967.1,63183450187.7,52.574,15.9746,https://api.coinmarketcap.com/data-api/v3/global-metrics/quotes/historical,0
2024-04-09,2690115456643.2,97132434144.94,52.397,16.4935,https://api.coinmarketcap.com/data-api/v3/global-metrics/quotes/historical,0
2024-04-10,2590332383182.75,99161692210.25,52.5234,16.2478,https://api.coinmarketcap.com/data-api/v3/global-metrics/quotes/historical,0
2024-04-11,2629244612586.56,96004098380.2,52.8461,16.1863,https://api.coinmarketcap.com/data-api/v3/global-metrics/quotes/historical,0
2024-04-12,2606519159137.88,79854552750.22,52.8876,16.144,https://api.coinmarketcap.com/data-api/v3/global-metrics/quotes/historical,0
2024-04-13,2446022444649.57,127961832566.58,54.0436,15.9102,https://api.coinmarketcap.com/data-api/v3/global-metrics/quotes/historical,0
2024-04-14,2295029087077.94,156335648896.07,54.8254,15.7413,https://api.coinmarketcap.com/data-api/v3/global-metrics/quotes/historical,0
2024-04-15,2386104470436.41,131235743503.22,54.2351,15.8908,https://api.coinmarketcap.com/data-api/v3/global-metrics/quotes/historical,0
2024-04-16,2312536134625.53,114917318308.87,53.9905,16.1041,https://api.coinmarketcap.com/data-api/v3/global-metrics/quotes/historical,0
2024-04-17,2314115029263.64,103439194443.31,54.2952,16.0079,https://api.coinmarketcap.com/data-api/v3/global-metrics/quotes/historical,0
2024-04-18,2237583484356.61,97029800847.01,53.911,16.0183,https://api.coinmarketcap.com/data-api/v3/global-metrics/quotes/historical,0
2024-04-19,2312087835648.24,85381487149.36,54.0763,15.9224,https://api.coinmarketcap.com/data-api/v3/global-metrics/quotes/historical,0
2024-04-20,2321310734155.77,113515796090.43,54.1493,15.8238,https://api.coinmarketcap.com/data-api/v3/global-metrics/quotes/historical,0
2024-04-21,2391289833671.96,62028256100.36,53.5058,15.8546,https://api.coinmarketcap.com/data-api/v3/global-metrics/quotes/historical,0
2024-04-22,2383944533885.66,56538236066.74,53.6288,15.8539,https://api.coinmarketcap.com/data-api/v3/global-metrics/quotes/historical,0
2024-04-23,2448876315429.2,72717474279.15,53.7411,15.6981,https://api.coinmarketcap.com/data-api/v3/global-metrics/quotes/historical,0
2024-04-24,2444719597048.95,68873086373.69,53.4884,16.0738,https://api.coinmarketcap.com/data-api/v3/global-metrics/quotes/historical,0
2024-04-25,2371015986187.0,85155293523.63,53.3767,16.1611,https://api.coinmarketcap.com/data-api/v3/global-metrics/quotes/historical,0
2024-04-26,2377171562504.47,80341921215.47,53.4126,16.2043,https://api.coinmarketcap.com/data-api/v3/global-metrics/quotes/historical,0
2024-04-27,2346041034187.67,62712506894.43,53.508,16.2826,https://api.coinmarketcap.com/data-api/v3/global-metrics/quotes/historical,0
2024-04-28,2357067109046.17,56413070929.33,52.9818,16.8422,https://api.coinmarketcap.com/data-api/v3/global-metrics/quotes/historical,0
2024-04-29,2347932832710.39,50536955388.53,52.9245,16.959,https://api.coinmarketcap.com/data-api/v3/global-metrics/quotes/historical,0
2024-04-30,2353093636672.24,69182941183.56,53.424,16.678,https://api.coinmarketcap.com/data-api/v3/global-metrics/quotes/historical,0
2024-05-01,2234609305389.39,90167587988.28,53.4133,16.4472,https://api.coinmarketcap.com/data-api/v3/global-metrics/quotes/historical,0
2024-05-02,2188656460739.3,105693601082.04,52.4211,16.5599,https://api.coinmarketcap.com/data-api/v3/global-metrics/quotes/historical,0
2024-05-03,2210508623713.37,75000422381.25,52.6565,16.2311,https://api.coinmarketcap.com/data-api/v3/global-metrics/quotes/historical,0
2024-05-04,2325108015887.24,74793197433.6,53.2774,16.0328,https://api.coinmarketcap.com/data-api/v3/global-metrics/quotes/historical,0
2024-05-05,2351104742384.51,54860177487.08,53.5227,15.9248,https://api.coinmarketcap.com/data-api/v3/global-metrics/quotes/historical,0
2024-05-06,2361950003809.62,49878355034.88,53.3944,15.9529,https://api.coinmarketcap.com/data-api/v3/global-metrics/quotes/historical,0
2024-05-07,2331942992513.07,73428276360.93,53.3457,15.7733,https://api.coinmarketcap.com/data-api/v3/global-metrics/quotes/historical,0
2024-05-08,2295857550237.38,65536216914.51,53.4683,15.7255,https://api.coinmarketcap.com/data-api/v3/global-metrics/quotes/historical,0
2024-05-09,2262486691395.08,66713750869.78,53.2602,15.7846,https://api.coinmarketcap.com/data-api/v3/global-metrics/quotes/historical,0
2024-05-10,2327651559053.77,63860923900.02,53.3589,15.6657,https://api.coinmarketcap.com/data-api/v3/global-metrics/quotes/historical,0
2024-05-11,2250668759351.94,68644656075.29,53.2022,15.5278,https://api.coinmarketcap.com/data-api/v3/global-metrics/quotes/historical,0
2024-05-12,2250568869932.33,39921264046.34,53.2143,15.5392,https://api.coinmarketcap.com/data-api/v3/global-metrics/quotes/historical,0
2024-05-13,2263903579689.51,35871621702.28,53.4662,15.5377,https://api.coinmarketcap.com/data-api/v3/global-metrics/quotes/historical,0
2024-05-14,2296221656028.04,72814513782.48,53.9647,15.4299,https://api.coinmarketcap.com/data-api/v3/global-metrics/quotes/historical,0
2024-05-15,2243947967000.46,75436102137.4,54.0329,15.4222,https://api.coinmarketcap.com/data-api/v3/global-metrics/quotes/historical,0
2024-05-16,2391521965794.53,93133466995.84,54.5738,15.2473,https://api.coinmarketcap.com/data-api/v3/global-metrics/quotes/historical,0
2024-05-17,2355764734038.59,81099494492.18,54.5516,15.0166,https://api.coinmarketcap.com/data-api/v3/global-metrics/quotes/historical,0
2024-05-18,2427531663542.14,74900615607.4,54.4198,15.3105,https://api.coinmarketcap.com/data-api/v3/global-metrics/quotes/historical,0
2024-05-19,2429296554607.77,51222827829.37,54.2811,15.4427,https://api.coinmarketcap.com/data-api/v3/global-metrics/quotes/historical,0
2024-05-20,2395126595314.28,50739104392.35,54.5158,15.4045,https://api.coinmarketcap.com/data-api/v3/global-metrics/quotes/historical,0
2024-05-21,2615573718092.34,114445563764.61,53.8069,16.8201,https://api.coinmarketcap.com/data-api/v3/global-metrics/quotes/historical,0
2024-05-22,2604361294724.86,134744785277.27,53.0587,17.4786,https://api.coinmarketcap.com/data-api/v3/global-metrics/quotes/historical,0
2024-05-23,2570965883244.09,99612466656.02,52.9744,17.4613,https://api.coinmarketcap.com/data-api/v3/global-metrics/quotes/historical,0
2024-05-24,2541932883977.79,140417302346.7,52.6568,17.8632,https://api.coinmarketcap.com/data-api/v3/global-metrics/quotes/historical,0
2024-05-25,2547610708503.64,89233008495.94,53.0021,17.5744,https://api.coinmarketcap.com/data-api/v3/global-metrics/quotes/historical,0
2024-05-26,2573187323023.6,53254458320.97,53.0431,17.5038,https://api.coinmarketcap.com/data-api/v3/global-metrics/quotes/historical,0
2024-05-27,2557829022721.66,58994734520.13,52.7643,17.9665,https://api.coinmarketcap.com/data-api/v3/global-metrics/quotes/historical,0
2024-05-28,2597544972957.73,83891583207.14,52.6364,17.9993,https://api.coinmarketcap.com/data-api/v3/global-metrics/quotes/historical,0
2024-05-29,2565726025170.29,96330445389.8,52.4616,17.9817,https://api.coinmarketcap.com/data-api/v3/global-metrics/quotes/historical,0
2024-05-30,2527402129678.35,83465570885.49,52.684,17.8879,https://api.coinmarketcap.com/data-api/v3/global-metrics/quotes/historical,0
2024-05-31,2537683768904.6,84594934988.34,53.0807,17.7383,https://api.coinmarketcap.com/data-api/v3/global-metrics/quotes/historical,0
2024-06-01,2519825642968.84,76087028837.78,52.7744,17.9248,https://api.coinmarketcap.com/data-api/v3/global-metrics/quotes/historical,0
2024-06-02,2534191856410.43,44005482579.0,52.6545,18.0782,https://api.coinmarketcap.com/data-api/v3/global-metrics/quotes/historical,0
2024-06-03,2527418313923.05,60217613865.99,52.8211,17.9691,https://api.coinmarketcap.com/data-api/v3/global-metrics/quotes/historical,0
2024-06-04,2553181907090.25,85079944489.48,53.1059,17.7232,https://api.coinmarketcap.com/data-api/v3/global-metrics/quotes/historical,0
2024-06-05,2616428352349.35,83061657878.41,53.1495,17.505,https://api.coinmarketcap.com/data-api/v3/global-metrics/quotes/historical,0
2024-06-06,2641855435511.78,87137675027.71,53.0347,17.5775,https://api.coinmarketcap.com/data-api/v3/global-metrics/quotes/historical,0
2024-06-07,2624002542274.16,75183493516.51,53.151,17.454,https://api.coinmarketcap.com/data-api/v3/global-metrics/quotes/historical,0
2024-06-08,2546857535177.09,106318544773.76,53.6546,17.3513,https://api.coinmarketcap.com/data-api/v3/global-metrics/quotes/historical,0
2024-06-09,2533193929265.58,54597642423.12,53.9207,17.4587,https://api.coinmarketcap.com/data-api/v3/global-metrics/quotes/historical,0
2024-06-10,2549432399899.93,48502937747.85,53.8448,17.4654,https://api.coinmarketcap.com/data-api/v3/global-metrics/quotes/historical,0
2024-06-11,2525455364000.95,65904968653.08,54.2512,17.4444,https://api.coinmarketcap.com/data-api/v3/global-metrics/quotes/historical,0
2024-06-12,2438116119633.84,94465545431.32,54.4304,17.2395,https://api.coinmarketcap.com/data-api/v3/global-metrics/quotes/historical,0
2024-06-13,2486779961497.64,88956117378.54,54.0922,17.1993,https://api.coinmarketcap.com/data-api/v3/global-metrics/quotes/historical,0
2024-06-14,2422127857891.97,73787958080.16,54.3245,17.2065,https://api.coinmarketcap.com/data-api/v3/global-metrics/quotes/historical,0
2024-06-15,2399558954907.6,74939168323.35,54.2257,17.4253,https://api.coinmarketcap.com/data-api/v3/global-metrics/quotes/historical,0
2024-06-16,2419640895422.37,46672913502.3,53.9242,17.7089,https://api.coinmarketcap.com/data-api/v3/global-metrics/quotes/historical,0
2024-06-17,2442288500428.58,41936417632.67,53.7876,17.8168,https://api.coinmarketcap.com/data-api/v3/global-metrics/quotes/historical,0
2024-06-18,2401046544002.34,79142808653.58,54.5919,17.5705,https://api.coinmarketcap.com/data-api/v3/global-metrics/quotes/historical,0
2024-06-19,2354546170486.31,101393273225.89,54.5436,18.0881,https://api.coinmarketcap.com/data-api/v3/global-metrics/quotes/historical,0
2024-06-20,2366746114029.34,62963090749.42,54.1107,18.3891,https://api.coinmarketcap.com/data-api/v3/global-metrics/quotes/historical,0
2024-06-21,2357760699876.26,69594137950.28,54.2113,18.2092,https://api.coinmarketcap.com/data-api/v3/global-metrics/quotes/historical,0
2024-06-22,2342469133752.69,68697862970.81,53.9532,18.3551,https://api.coinmarketcap.com/data-api/v3/global-metrics/quotes/historical,0
2024-06-23,2342749758265.42,35006004201.25,54.0702,18.241,https://api.coinmarketcap.com/data-api/v3/global-metrics/quotes/historical,0
2024-06-24,2300610267516.85,38257668625.89,54.1414,18.1702,https://api.coinmarketcap.com/data-api/v3/global-metrics/quotes/historical,0
2024-06-25,2230520379018.54,98106598382.2,53.2762,18.0481,https://api.coinmarketcap.com/data-api/v3/global-metrics/quotes/historical,0
2024-06-26,2279168197877.6,68632727854.96,53.4598,17.8997,https://api.coinmarketcap.com/data-api/v3/global-metrics/quotes/historical,0
2024-06-27,2251209730721.5,58370640294.24,53.262,17.9861,https://api.coinmarketcap.com/data-api/v3/global-metrics/quotes/historical,0
2024-06-28,2290527323716.67,59657917364.66,53.0357,18.0762,https://api.coinmarketcap.com/data-api/v3/global-metrics/quotes/historical,0
2024-06-29,2239560907950.68,63114655010.51,53.1088,18.1043,https://api.coinmarketcap.com/data-api/v3/global-metrics/quotes/historical,0
2024-06-30,2249710371399.39,36085948903.29,53.3678,18.0195,https://api.coinmarketcap.com/data-api/v3/global-metrics/quotes/historical,0
2024-07-01,2306953889585.33,45106391467.36,53.5727,17.8838,https://api.coinmarketcap.com/data-api/v3/global-metrics/quotes/historical,0
2024-07-02,2311916483553.84,59822087977.38,53.6054,17.8828,https://api.coinmarketcap.com/data-api/v3/global-metrics/quotes/historical,0
2024-07-03,2297948619115.12,51160159438.45,53.2311,17.8686,https://api.coinmarketcap.com/data-api/v3/global-metrics/quotes/historical,0
2024-07-04,2219313450381.92,73488992939.08,53.4547,17.8308,https://api.coinmarketcap.com/data-api/v3/global-metrics/quotes/historical,0
2024-07-05,2086926699007.72,95335450955.79,53.8598,17.6018,https://api.coinmarketcap.com/data-api/v3/global-metrics/quotes/historical,0
2024-07-06,2068016542791.24,131734133940.11,54.0287,17.3307,https://api.coinmarketcap.com/data-api/v3/global-metrics/quotes/historical,0
2024-07-07,2140034481027.61,55973691381.12,53.6949,17.2341,https://api.coinmarketcap.com/data-api/v3/global-metrics/quotes/historical,0
2024-07-08,2042484361089.75,54899595424.36,53.921,17.2409,https://api.coinmarketcap.com/data-api/v3/global-metrics/quotes/historical,0
2024-07-09,2086874335853.81,96137070559.0,53.5826,17.388,https://api.coinmarketcap.com/data-api/v3/global-metrics/quotes/historical,0
2024-07-10,2127519693665.83,67761765505.45,53.7796,17.3178,https://api.coinmarketcap.com/data-api/v3/global-metrics/quotes/historical,0
2024-07-11,2130632979309.23,62508443511.16,53.4371,17.4998,https://api.coinmarketcap.com/data-api/v3/global-metrics/quotes/historical,0
2024-07-12,2117203596483.9,67665589952.3,53.4103,17.6019,https://api.coinmarketcap.com/data-api/v3/global-metrics/quotes/historical,0
2024-07-13,2143136663028.72,60298089500.43,53.2807,17.581,https://api.coinmarketcap.com/data-api/v3/global-metrics/quotes/historical,0
2024-07-14,2184698034864.01,44592603514.51,53.4629,17.4813,https://api.coinmarketcap.com/data-api/v3/global-metrics/quotes/historical,0
2024-07-15,2235487391543.43,53155204337.2,53.6361,17.4509,https://api.coinmarketcap.com/data-api/v3/global-metrics/quotes/historical,0
2024-07-16,2377311440200.79,85500455679.31,53.7916,17.6377,https://api.coinmarketcap.com/data-api/v3/global-metrics/quotes/historical,0
2024-07-17,2378159542460.7,97327557230.8,53.9952,17.4156,https://api.coinmarketcap.com/data-api/v3/global-metrics/quotes/historical,0
2024-07-18,2347458349055.82,79356242246.1,53.8769,17.3531,https://api.coinmarketcap.com/data-api/v3/global-metrics/quotes/historical,0
2024-07-19,2345729682270.61,69864805150.35,53.8012,17.5593,https://api.coinmarketcap.com/data-api/v3/global-metrics/quotes/historical,0
2024-07-20,2429223937336.48,83941976631.53,54.1749,17.3499,https://api.coinmarketcap.com/data-api/v3/global-metrics/quotes/historical,0
2024-07-21,2446305800507.15,52190548965.31,54.1664,17.2953,https://api.coinmarketcap.com/data-api/v3/global-metrics/quotes/historical,0
2024-07-22,2480571182912.81,66252880041.53,54.2109,17.1398,https://api.coinmarketcap.com/data-api/v3/global-metrics/quotes/historical,0
2024-07-23,2438970748615.08,87254785296.84,54.6667,16.961,https://api.coinmarketcap.com/data-api/v3/global-metrics/quotes/historical,0
2024-07-24,2400619048326.51,88025406742.96,54.1912,17.442,https://api.coinmarketcap.com/data-api/v3/global-metrics/quotes/historical,0
2024-07-25,2367659644777.78,67222812469.39,54.4777,16.9395,https://api.coinmarketcap.com/data-api/v3/global-metrics/quotes/historical,0
2024-07-26,2345393393057.63,91814770075.53,55.3367,16.2718,https://api.coinmarketcap.com/data-api/v3/global-metrics/quotes/historical,0
2024-07-27,2420506209109.66,68626009679.17,55.3616,16.2711,https://api.coinmarketcap.com/data-api/v3/global-metrics/quotes/historical,0
2024-07-28,2415371874133.68,72217674805.18,55.4316,16.1688,https://api.coinmarketcap.com/data-api/v3/global-metrics/quotes/historical,0
2024-07-29,2422253724674.67,44175426500.64,55.5999,16.2359,https://api.coinmarketcap.com/data-api/v3/global-metrics/quotes/historical,0
2024-07-30,2396120180016.28,83123679325.34,55.0149,16.6557,https://api.coinmarketcap.com/data-api/v3/global-metrics/quotes/historical,0
2024-07-31,2374705242028.52,67083108766.82,55.0068,16.6006,https://api.coinmarketcap.com/data-api/v3/global-metrics/quotes/historical,0
2024-08-01,2326133820855.18,69922216071.8,54.828,16.7058,https://api.coinmarketcap.com/data-api/v3/global-metrics/quotes/historical,0
2024-08-02,2329935456276.36,88361161096.01,55.334,16.5233,https://api.coinmarketcap.com/data-api/v3/global-metrics/quotes/historical,0
2024-08-03,2191214261815.97,91751031090.08,55.3128,16.3868,https://api.coinmarketcap.com/data-api/v3/global-metrics/quotes/historical,0
2024-08-04,2149874157221.39,72872986825.29,55.6989,16.2359,https://api.coinmarketcap.com/data-api/v3/global-metrics/quotes/historical,0
2024-08-05,2051299308403.97,77898599707.53,55.924,15.7527,https://api.coinmarketcap.com/data-api/v3/global-metrics/quotes/historical,0
2024-08-06,1907676295786.55,246974908798.03,55.8642,15.2435,https://api.coinmarketcap.com/data-api/v3/global-metrics/quotes/historical,0
2024-08-07,1977319473550.58,107967649668.85,55.9473,14.9663,https://api.coinmarketcap.com/data-api/v3/global-metrics/quotes/historical,0
2024-08-08,1940974262187.04,97698170607.2,56.0134,14.4989,https://api.coinmarketcap.com/data-api/v3/global-metrics/quotes/historical,0
2024-08-09,2158778820012.68,98283397437.81,56.4288,14.9529,https://api.coinmarketcap.com/data-api/v3/global-metrics/quotes/historical,0
2024-08-10,2122501571994.94,73806306977.2,56.6073,14.7301,https://api.coinmarketcap.com/data-api/v3/global-metrics/quotes/historical,0
2024-08-11,2129065315217.66,41055786152.73,56.5002,14.7442,https://api.coinmarketcap.com/data-api/v3/global-metrics/quotes/historical,0
2024-08-12,2053476248580.97,55406204698.3,56.4457,14.9602,https://api.coinmarketcap.com/data-api/v3/global-metrics/quotes/historical,0
2024-08-13,2103681579522.86,83445264713.66,55.6955,15.5731,https://api.coinmarketcap.com/data-api/v3/global-metrics/quotes/historical,0
2024-08-14,2130183445477.85,66930736870.33,56.1623,15.2637,https://api.coinmarketcap.com/data-api/v3/global-metrics/quotes/historical,0
2024-08-15,2082894307755.6,67731750970.01,55.653,15.3764,https://api.coinmarketcap.com/data-api/v3/global-metrics/quotes/historical,0
2024-08-16,2039663236575.86,75051382920.64,55.7072,15.1556,https://api.coinmarketcap.com/data-api/v3/global-metrics/quotes/historical,0
2024-08-17,2068776806213.3,63712908469.27,56.1999,15.0772,https://api.coinmarketcap.com/data-api/v3/global-metrics/quotes/historical,0
2024-08-18,2090410011920.08,35539366618.54,56.169,15.0426,https://api.coinmarketcap.com/data-api/v3/global-metrics/quotes/historical,0
2024-08-19,2068731558937.02,44999813865.25,55.7955,15.1917,https://api.coinmarketcap.com/data-api/v3/global-metrics/quotes/historical,0
2024-08-20,2104286209496.39,60162454865.44,55.8055,15.0758,https://api.coinmarketcap.com/data-api/v3/global-metrics/quotes/historical,0
2024-08-21,2092105964420.92,68034564199.9,55.6939,14.7951,https://api.coinmarketcap.com/data-api/v3/global-metrics/quotes/historical,0
2024-08-22,2151071214186.33,67910483910.16,56.142,14.713,https://api.coinmarketcap.com/data-api/v3/global-metrics/quotes/historical,0
2024-08-23,2140944615895.16,58968878566.52,55.6849,14.7384,https://api.coinmarketcap.com/data-api/v3/global-metrics/quotes/historical,0
2024-08-24,2257815451085.0,86574458625.64,56.0515,14.7318,https://api.coinmarketcap.com/data-api/v3/global-metrics/quotes/historical,0
2024-08-25,2264200294830.6,59245728073.15,55.9653,14.7146,https://api.coinmarketcap.com/data-api/v3/global-metrics/quotes/historical,0
2024-08-26,2256397901581.43,52031370392.99,56.2779,14.6547,https://api.coinmarketcap.com/data-api/v3/global-metrics/quotes/historical,0
2024-08-27,2201246509885.14,65549489892.15,56.3937,14.6536,https://api.coinmarketcap.com/data-api/v3/global-metrics/quotes/historical,0
2024-08-28,2085987150563.27,82868246537.2,56.309,14.1802,https://api.coinmarketcap.com/data-api/v3/global-metrics/quotes/historical,0
2024-08-29,2082152431598.38,89070808304.89,55.9813,14.6079,https://api.coinmarketcap.com/data-api/v3/global-metrics/quotes/historical,0
2024-08-30,2086431434871.71,66675177391.47,56.2013,14.5789,https://api.coinmarketcap.com/data-api/v3/global-metrics/quotes/historical,0
2024-08-31,2080581815978.75,68724335066.25,56.1117,14.605,https://api.coinmarketcap.com/data-api/v3/global-metrics/quotes/historical,0
2024-09-01,2070839343078.55,31551858910.74,56.2327,14.6005,https://api.coinmarketcap.com/data-api/v3/global-metrics/quotes/historical,0
2024-09-02,2009407868097.39,52493141460.48,56.3349,14.5343,https://api.coinmarketcap.com/data-api/v3/global-metrics/quotes/historical,0
2024-09-03,2074078109093.68,58240498392.4,56.2907,14.7232,https://api.coinmarketcap.com/data-api/v3/global-metrics/quotes/historical,0
2024-09-04,2010418670748.81,56374571440.89,56.4435,14.4965,https://api.coinmarketcap.com/data-api/v3/global-metrics/quotes/historical,0
2024-09-05,2027297100460.6,74639685004.29,56.4743,14.5375,https://api.coinmarketcap.com/data-api/v3/global-metrics/quotes/historical,0
2024-09-06,1974526271998.48,62228922504.72,56.1746,14.4275,https://api.coinmarketcap.com/data-api/v3/global-metrics/quotes/historical,0
2024-09-07,1900955521605.02,99458218322.36,56.0539,14.0779,https://api.coinmarketcap.com/data-api/v3/global-metrics/quotes/historical,0
2024-09-08,1918138161150.91,44499826402.31,55.7568,14.2645,https://api.coinmarketcap.com/data-api/v3/global-metrics/quotes/historical,0
2024-09-09,1944195134890.39,43214527636.73,55.7323,14.2191,https://api.coinmarketcap.com/data-api/v3/global-metrics/quotes/historical,0
2024-09-10,2010843076815.53,70315200668.07,56.0264,14.1167,https://api.coinmarketcap.com/data-api/v3/global-metrics/quotes/historical,0
2024-09-11,2031024882697.5,59090233312.37,56.0596,14.1536,https://api.coinmarketcap.com/data-api/v3/global-metrics/quotes/historical,0
2024-09-12,2015741646724.72,71269216639.14,56.1928,13.9702,https://api.coinmarketcap.com/data-api/v3/global-metrics/quotes/historical,0
2024-09-13,2045329928450.0,64939814943.97,56.1404,13.8945,https://api.coinmarketcap.com/data-api/v3/global-metrics/quotes/historical,0
2024-09-14,2113952597260.69,66228812902.73,56.5869,13.8969,https://api.coinmarketcap.com/data-api/v3/global-metrics/quotes/historical,0
2024-09-15,2097498134906.21,40424402431.71,56.5118,13.8743,https://api.coinmarketcap.com/data-api/v3/global-metrics/quotes/historical,0
2024-09-16,2057410658749.32,44625319169.99,56.8071,13.5637,https://api.coinmarketcap.com/data-api/v3/global-metrics/quotes/historical,0
2024-09-17,2027558160819.87,69121026054.71,56.7041,13.623,https://api.coinmarketcap.com/data-api/v3/global-metrics/quotes/historical,0
2024-09-18,2083060693121.4,73883273105.33,57.1998,13.529,https://api.coinmarketcap.com/data-api/v3/global-metrics/quotes/historical,0
2024-09-19,2124664753083.19,82919461803.23,57.3762,13.4351,https://api.coinmarketcap.com/data-api/v3/global-metrics/quotes/historical,0
2024-09-20,2175120212584.88,89480599725.66,57.1765,13.6398,https://api.coinmarketcap.com/data-api/v3/global-metrics/quotes/historical,0
2024-09-21,2198584340003.1,82776052273.18,56.7851,14.0186,https://api.coinmarketcap.com/data-api/v3/global-metrics/quotes/historical,0
2024-09-22,2221582367264.55,44991499938.85,56.3715,14.1662,https://api.coinmarketcap.com/data-api/v3/global-metrics/quotes/historical,0
2024-09-23,2213827759436.73,54294134911.53,56.7862,14.0389,https://api.coinmarketcap.com/data-api/v3/global-metrics/quotes/historical,0
2024-09-24,2225346983560.31,78541441823.87,56.2265,14.3218,https://api.coinmarketcap.com/data-api/v3/global-metrics/quotes/historical,0
2024-09-25,2257772231906.25,74595604528.25,56.2591,14.1481,https://api.coinmarketcap.com/data-api/v3/global-metrics/quotes/historical,0
2024-09-26,2216998201365.29,65767791465.29,56.2726,14.0033,https://api.coinmarketcap.com/data-api/v3/global-metrics/quotes/historical,0
2024-09-27,2284040590283.76,86584923851.3,56.3878,13.8718,https://api.coinmarketcap.com/data-api/v3/global-metrics/quotes/historical,0
2024-09-28,2315963922823.78,79968173618.25,56.1325,14.0093,https://api.coinmarketcap.com/data-api/v3/global-metrics/quotes/historical,0
2024-09-29,2312128500905.48,50097117212.17,56.3107,13.9374,https://api.coinmarketcap.com/data-api/v3/global-metrics/quotes/historical,0
2024-09-30,2306181620068.54,50991304060.36,56.2292,13.8767,https://api.coinmarketcap.com/data-api/v3/global-metrics/quotes/historical,0
2024-10-01,2229803903919.32,83851176981.74,56.1202,14.0489,https://api.coinmarketcap.com/data-api/v3/global-metrics/quotes/historical,0
2024-10-02,2136953003242.0,115557490185.56,56.2534,13.793,https://api.coinmarketcap.com/data-api/v3/global-metrics/quotes/historical,0
2024-10-03,2110770733745.94,92194673765.61,56.7689,13.4844,https://api.coinmarketcap.com/data-api/v3/global-metrics/quotes/historical,0
2024-10-04,2106577056233.18,83022148305.14,56.9929,13.4261,https://api.coinmarketcap.com/data-api/v3/global-metrics/quotes/historical,0
2024-10-05,2157919831897.52,69968058267.29,56.8438,13.4695,https://api.coinmarketcap.com/data-api/v3/global-metrics/quotes/historical,0
2024-10-06,2156377087100.65,39134337819.86,56.8935,13.4821,https://api.coinmarketcap.com/data-api/v3/global-metrics/quotes/historical,0
2024-10-07,2184731052744.7,41910520986.21,56.828,13.4436,https://api.coinmarketcap.com/data-api/v3/global-metrics/quotes/historical,0
2024-10-08,2165360275189.33,82089206773.05,56.7962,13.4655,https://api.coinmarketcap.com/data-api/v3/global-metrics/quotes/historical,0
2024-10-09,2165508168659.59,69453100745.22,56.7049,13.5622,https://api.coinmarketcap.com/data-api/v3/global-metrics/quotes/historical,0
2024-10-10,2114888906888.61,67754785718.21,56.6185,13.4797,https://api.coinmarketcap.com/data-api/v3/global-metrics/quotes/historical,0
2024-10-11,2110603716102.6,69535965779.63,56.4506,13.5975,https://api.coinmarketcap.com/data-api/v3/global-metrics/quotes/historical,0
2024-10-12,2177354952137.5,66984621163.97,56.7188,13.4764,https://api.coinmarketcap.com/data-api/v3/global-metrics/quotes/historical,0
2024-10-13,2203077262237.06,46712687173.65,56.6981,13.5309,https://api.coinmarketcap.com/data-api/v3/global-metrics/quotes/historical,0
2024-10-14,2192108898362.88,48214149945.94,56.6712,13.5507,https://api.coinmarketcap.com/data-api/v3/global-metrics/quotes/historical,0
2024-10-15,2297371509584.36,94910845937.04,56.8389,13.7769,https://api.coinmarketcap.com/data-api/v3/global-metrics/quotes/historical,0
2024-10-16,2309078971392.39,107860187482.33,57.4001,13.5891,https://api.coinmarketcap.com/data-api/v3/global-metrics/quotes/historical,0
2024-10-17,2320316457139.61,83302455868.67,57.6043,13.5466,https://api.coinmarketcap.com/data-api/v3/global-metrics/quotes/historical,0
2024-10-18,2307153529591.12,72531164513.99,57.7655,13.593,https://api.coinmarketcap.com/data-api/v3/global-metrics/quotes/historical,0
2024-10-19,2344156786785.66,77926074159.8,57.7025,13.5665,https://api.coinmarketcap.com/data-api/v3/global-metrics/quotes/historical,0
2024-10-20,2347331543282.18,42781991001.28,57.5791,13.5845,https://api.coinmarketcap.com/data-api/v3/global-metrics/quotes/historical,0
2024-10-21,2385197146408.51,59020517699.49,57.198,13.8614,https://api.coinmarketcap.com/data-api/v3/global-metrics/quotes/historical,0
2024-10-22,2332371897529.42,85994754374.6,57.0998,13.7594,https://api.coinmarketcap.com/data-api/v3/global-metrics/quotes/historical,0
2024-10-23,2324261428376.11,75808949173.77,57.3079,13.5733,https://api.coinmarketcap.com/data-api/v3/global-metrics/quotes/historical,0
2024-10-24,2291131104177.58,79420720703.49,57.5139,13.2601,https://api.coinmarketcap.com/data-api/v3/global-metrics/quotes/historical,0
2024-10-25,2332504889688.17,75114637983.59,57.7814,13.0822,https://api.coinmarketcap.com/data-api/v3/global-metrics/quotes/historical,0
2024-10-26,2256518029813.26,100281080763.84,58.3698,13.0023,https://api.coinmarketcap.com/data-api/v3/global-metrics/quotes/historical,0
2024-10-27,2280149860475.13,56721880610.26,58.1199,13.0949,https://api.coinmarketcap.com/data-api/v3/global-metrics/quotes/historical,0
2024-10-28,2310213765382.02,45717624593.94,58.1475,13.0596,https://api.coinmarketcap.com/data-api/v3/global-metrics/quotes/historical,0
2024-10-29,2364036805535.51,87291939750.03,58.4768,13.0673,https://api.coinmarketcap.com/data-api/v3/global-metrics/quotes/historical,0
2024-10-30,2442274861588.49,113292026883.57,58.874,13.004,https://api.coinmarketcap.com/data-api/v3/global-metrics/quotes/historical,0
2024-10-31,2430682184963.43,89825655386.71,58.85,13.1654,https://api.coinmarketcap.com/data-api/v3/global-metrics/quotes/historical,0
2024-11-01,2351531452195.02,87209654078.96,59.0453,12.8811,https://api.coinmarketcap.com/data-api/v3/global-metrics/quotes/historical,0
2024-11-02,2331728462827.88,97906599389.8,58.9304,12.9713,https://api.coinmarketcap.com/data-api/v3/global-metrics/quotes/historical,0
2024-11-03,2319882521470.87,46462654022.78,59.0963,12.934,https://api.coinmarketcap.com/data-api/v3/global-metrics/quotes/historical,0
2024-11-04,2291490609534.01,75138196433.71,59.3318,12.9074,https://api.coinmarketcap.com/data-api/v3/global-metrics/quotes/historical,0
2024-11-05,2256274212685.71,83405813335.08,59.4298,12.7905,https://api.coinmarketcap.com/data-api/v3/global-metrics/quotes/historical,0
2024-11-06,2309804334194.16,90880961605.68,59.3953,12.6294,https://api.coinmarketcap.com/data-api/v3/global-metrics/quotes/historical,0
2024-11-07,2518854265967.66,222983220758.89,59.3914,13.0237,https://api.coinmarketcap.com/data-api/v3/global-metrics/quotes/historical,0
2024-11-08,2504380105336.88,139745495385.64,59.9458,13.9242,https://api.coinmarketcap.com/data-api/v3/global-metrics/quotes/historical,0
2024-11-09,2585834661831.96,130499317033.6,58.5569,13.7982,https://api.coinmarketcap.com/data-api/v3/global-metrics/quotes/historical,0
2024-11-10,2633943829411.79,101921587558.6,57.6367,14.3101,https://api.coinmarketcap.com/data-api/v3/global-metrics/quotes/historical,0
2024-11-11,2722276314514.16,219211722905.84,58.4617,14.1083,https://api.coinmarketcap.com/data-api/v3/global-metrics/quotes/historical,0
2024-11-12,2985151619830.18,280407001794.18,58.7924,13.6176,https://api.coinmarketcap.com/data-api/v3/global-metrics/quotes/historical,0
2024-11-13,2942242979132.74,333939286102.43,59.1519,13.2846,https://api.coinmarketcap.com/data-api/v3/global-metrics/quotes/historical,0
2024-11-14,2986605300921.9,311292374594.49,59.9668,12.8699,https://api.coinmarketcap.com/data-api/v3/global-metrics/quotes/historical,0
2024-11-15,2893265721238.15,235694371502.32,59.7018,12.7348,https://api.coinmarketcap.com/data-api/v3/global-metrics/quotes/historical,0
2024-11-16,3010795419540.48,200300090611.36,59.8262,12.3576,https://api.coinmarketcap.com/data-api/v3/global-metrics/quotes/historical,0
2024-11-17,3037660380460.84,164930220643.88,58.9781,12.4214,https://api.coinmarketcap.com/data-api/v3/global-metrics/quotes/historical,0
2024-11-18,3013295825375.71,163656874217.17,58.99,12.2915,https://api.coinmarketcap.com/data-api/v3/global-metrics/quotes/historical,0
2024-11-19,3067134588352.3,198877120789.96,58.3852,12.5951,https://api.coinmarketcap.com/data-api/v3/global-metrics/quotes/historical,0
2024-11-20,3086246487333.64,180916284295.85,59.2093,12.1399,https://api.coinmarketcap.com/data-api/v3/global-metrics/quotes/historical,0
2024-11-21,3106477817930.27,176093678179.13,60.0869,11.9088,https://api.coinmarketcap.com/data-api/v3/global-metrics/quotes/historical,0
2024-11-22,3266768156800.32,246628621638.45,59.6425,12.3856,https://api.coinmarketcap.com/data-api/v3/global-metrics/quotes/historical,0
2024-11-23,3316915399425.73,214064299641.84,59.0591,12.0963,https://api.coinmarketcap.com/data-api/v3/global-metrics/quotes/historical,0
2024-11-24,3334036945276.56,217655597975.19,58.0248,12.2711,https://api.coinmarketcap.com/data-api/v3/global-metrics/quotes/historical,0
2024-11-25,3340351384919.09,200087860671.33,58.0154,12.1259,https://api.coinmarketcap.com/data-api/v3/global-metrics/quotes/historical,0
2024-11-26,3213127046331.37,239757942129.01,57.3123,12.7955,https://api.coinmarketcap.com/data-api/v3/global-metrics/quotes/historical,0
2024-11-27,3172467328924.79,225248765213.47,57.3579,12.6244,https://api.coinmarketcap.com/data-api/v3/global-metrics/quotes/historical,0
2024-11-28,3333668213375.94,198431982649.16,56.9557,13.2112,https://api.coinmarketcap.com/data-api/v3/global-metrics/quotes/historical,0
2024-11-29,3323287594018.09,158595961980.78,56.9642,12.973,https://api.coinmarketcap.com/data-api/v3/global-metrics/quotes/historical,0
2024-11-30,3400297194886.94,166450714186.02,56.7302,12.7286,https://api.coinmarketcap.com/data-api/v3/global-metrics/quotes/historical,0
2024-12-01,3411190371140.16,150960273480.18,55.9609,13.0859,https://api.coinmarketcap.com/data-api/v3/global-metrics/quotes/historical,0
2024-12-02,3466836003440.1,162612250061.35,55.5257,12.8918,https://api.coinmarketcap.com/data-api/v3/global-metrics/quotes/historical,0
2024-12-03,3465724388227.53,288571014779.49,54.7365,12.6641,https://api.coinmarketcap.com/data-api/v3/global-metrics/quotes/historical,0
2024-12-04,3506787309735.75,286682251140.98,54.1544,12.4293,https://api.coinmarketcap.com/data-api/v3/global-metrics/quotes/historical,0
2024-12-05,3590416779173.57,284778253625.48,54.4297,12.889,https://api.coinmarketcap.com/data-api/v3/global-metrics/quotes/historical,0
2024-12-06,3541356395514.92,369472452977.86,54.2491,12.8937,https://api.coinmarketcap.com/data-api/v3/global-metrics/quotes/historical,0
2024-12-07,3666504425640.29,261810071573.16,53.9221,13.1587,https://api.coinmarketcap.com/data-api/v3/global-metrics/quotes/historical,0
2024-12-08,3651323373496.61,159075270544.96,54.1553,13.1982,https://api.coinmarketcap.com/data-api/v3/global-metrics/quotes/historical,0
2024-12-09,3712940445460.34,148776448356.94,53.9544,12.9982,https://api.coinmarketcap.com/data-api/v3/global-metrics/quotes/historical,0
2024-12-10,3465642120589.85,319454957155.61,55.6324,12.9217,https://api.coinmarketcap.com/data-api/v3/global-metrics/quotes/historical,0
2024-12-11,3438231342620.71,312088874555.66,55.6448,12.7207,https://api.coinmarketcap.com/data-api/v3/global-metrics/quotes/historical,0
2024-12-12,3610480945066.78,220977476583.03,55.4727,12.7888,https://api.coinmarketcap.com/data-api/v3/global-metrics/quotes/historical,0
2024-12-13,3598529706326.72,213049922021.37,55.0304,12.9956,https://api.coinmarketcap.com/data-api/v3/global-metrics/quotes/historical,0
2024-12-14,3641265145505.97,171591397120.84,55.1509,12.9299,https://api.coinmarketcap.com/data-api/v3/global-metrics/quotes/historical,0
2024-12-15,3607060533474.7,136169357033.68,55.6411,12.9187,https://api.coinmarketcap.com/data-api/v3/global-metrics/quotes/historical,0
2024-12-16,3699070084343.39,136660841482.76,55.8634,12.8767,https://api.coinmarketcap.com/data-api/v3/global-metrics/quotes/historical,0
2024-12-17,3721464308632.09,220584859417.92,56.4109,12.9048,https://api.coinmarketcap.com/data-api/v3/global-metrics/quotes/historical,0
2024-12-18,3702886479765.24,189223390430.57,56.7497,12.6543,https://api.coinmarketcap.com/data-api/v3/global-metrics/quotes/historical,0
2024-12-19,3478746478546.05,246563049128.49,56.9999,12.5432,https://api.coinmarketcap.com/data-api/v3/global-metrics/quotes/historical,0
2024-12-20,3347912807432.93,279695999868.5,57.626,12.2919,https://api.coinmarketcap.com/data-api/v3/global-metrics/quotes/historical,0
2024-12-21,3392045025205.56,307342602622.51,57.0626,12.33,https://api.coinmarketcap.com/data-api/v3/global-metrics/quotes/historical,0
2024-12-22,3333161232578.76,173182352206.17,57.7511,12.0585,https://api.coinmarketcap.com/data-api/v3/global-metrics/quotes/historical,0
2024-12-23,3275157665449.97,135225799058.13,57.4899,12.0549,https://api.coinmarketcap.com/data-api/v3/global-metrics/quotes/historical,0
2024-12-24,3330204205477.62,172395017699.65,56.3265,12.3607,https://api.coinmarketcap.com/data-api/v3/global-metrics/quotes/historical,0
2024-12-25,3443448784766.45,133676217490.55,56.7261,12.2144,https://api.coinmarketcap.com/data-api/v3/global-metrics/quotes/historical,0
2024-12-26,3448687737498.91,116542518215.12,57.0358,12.2041,https://api.coinmarketcap.com/data-api/v3/global-metrics/quotes/historical,0
2024-12-27,3315007830548.19,125826857466.03,57.15,12.1041,https://api.coinmarketcap.com/data-api/v3/global-metrics/quotes/historical,0
2024-12-28,3283624827657.58,132212632436.62,56.7789,12.2112,https://api.coinmarketcap.com/data-api/v3/global-metrics/quotes/historical,0
2024-12-29,3337384190449.78,83146890356.37,56.4627,12.266,https://api.coinmarketcap.com/data-api/v3/global-metrics/quotes/historical,0
2024-12-30,3267393362606.53,85913433776.13,56.6932,12.3503,https://api.coinmarketcap.com/data-api/v3/global-metrics/quotes/historical,0
2024-12-31,3247898394633.62,140202669025.15,56.4801,12.4482,https://api.coinmarketcap.com/data-api/v3/global-metrics/quotes/historical,0
2025-01-01,3258746507343.04,115220336975.45,56.7671,12.3175,https://api.coinmarketcap.com/data-api/v3/global-metrics/quotes/historical,0
2025-01-02,3320489672657.69,85537859519.7,56.3047,12.1665,https://api.coinmarketcap.com/data-api/v3/global-metrics/quotes/historical,0
2025-01-03,3405927430240.98,129650628919.13,56.3374,12.2095,https://api.coinmarketcap.com/data-api/v3/global-metrics/quotes/historical,0
2025-01-04,3495925745929.8,121703354054.28,55.5999,12.428,https://api.coinmarketcap.com/data-api/v3/global-metrics/quotes/historical,0
2025-01-05,3504945338235.71,92573950200.45,55.5045,12.5704,https://api.coinmarketcap.com/data-api/v3/global-metrics/quotes/historical,0
2025-01-06,3498617459363.75,82666431723.72,55.6628,12.5154,https://api.coinmarketcap.com/data-api/v3/global-metrics/quotes/historical,0
2025-01-07,3595363765063.57,133216589657.54,56.3399,12.3602,https://api.coinmarketcap.com/data-api/v3/global-metrics/quotes/historical,0
2025-01-08,3380563758123.9,161158751592.35,56.7933,12.0497,https://api.coinmarketcap.com/data-api/v3/global-metrics/quotes/historical,0
2025-01-09,3324489803269.58,169993862959.69,56.6258,12.0549,https://api.coinmarketcap.com/data-api/v3/global-metrics/quotes/historical,0
2025-01-10,3229618490789.13,154724842219.34,56.7404,12.0096,https://api.coinmarketcap.com/data-api/v3/global-metrics/quotes/historical,0
2025-01-11,3301102095312.17,147522058703.68,56.8241,11.9239,https://api.coinmarketcap.com/data-api/v3/global-metrics/quotes/historical,0
2025-01-12,3318364500460.98,73388446370.39,56.4512,11.917,https://api.coinmarketcap.com/data-api/v3/global-metrics/quotes/historical,0
2025-01-13,3300218680026.26,68690226545.9,56.7167,11.9235,https://api.coinmarketcap.com/data-api/v3/global-metrics/quotes/historical,0
2025-01-14,3270257202523.72,177509424097.33,57.252,11.5548,https://api.coinmarketcap.com/data-api/v3/global-metrics/quotes/historical,0
2025-01-15,3350823804176.3,122357249180.36,57.074,11.5927,https://api.coinmarketcap.com/data-api/v3/global-metrics/quotes/historical,0
2025-01-16,3535019661394.52,154399593950.83,56.3235,11.7613,https://api.coinmarketcap.com/data-api/v3/global-metrics/quotes/historical,0
2025-01-17,3510134503065.26,155841184441.28,56.4343,11.3556,https://api.coinmarketcap.com/data-api/v3/global-metrics/quotes/historical,0
2025-01-18,3655480693951.43,169046953341.92,56.4296,11.4512,https://api.coinmarketcap.com/data-api/v3/global-metrics/quotes/historical,0
2025-01-19,3638190132866.74,194132968104.8,56.8622,10.9476,https://api.coinmarketcap.com/data-api/v3/global-metrics/quotes/historical,0
2025-01-20,3491688992644.81,307337808886.32,57.3799,11.0813,https://api.coinmarketcap.com/data-api/v3/global-metrics/quotes/historical,0
2025-01-21,3527959268473.6,341184847367.11,57.3344,11.2012,https://api.coinmarketcap.com/data-api/v3/global-metrics/quotes/historical,0
2025-01-22,3643530974678.86,219618822937.04,57.7211,11.005,https://api.coinmarketcap.com/data-api/v3/global-metrics/quotes/historical,0
2025-01-23,3575509686929.14,142586785230.31,57.4414,10.9223,https://api.coinmarketcap.com/data-api/v3/global-metrics/quotes/historical,0
2025-01-24,3583557277067.62,205681930796.46,57.4712,11.2247,https://api.coinmarketcap.com/data-api/v3/global-metrics/quotes/historical,0
2025-01-25,3588317671694.16,136527614559.24,57.8867,11.1149,https://api.coinmarketcap.com/data-api/v3/global-metrics/quotes/historical,0
2025-01-26,3593420557034.11,85025501839.14,57.7389,11.1246,https://api.coinmarketcap.com/data-api/v3/global-metrics/quotes/historical,0
2025-01-27,3512866013502.11,83743654722.68,57.9022,11.0963,https://api.coinmarketcap.com/data-api/v3/global-metrics/quotes/historical,0
2025-01-28,3489061617847.85,209574891215.78,57.9842,10.9849,https://api.coinmarketcap.com/data-api/v3/global-metrics/quotes/historical,0
2025-01-29,3431419006241.1,120238304379.87,58.4987,10.8032,https://api.coinmarketcap.com/data-api/v3/global-metrics/quotes/historical,0
2025-01-30,3497403781609.53,121632400444.78,58.7658,10.7291,https://api.coinmarketcap.com/data-api/v3/global-metrics/quotes/historical,0
2025-01-31,3568224709032.81,108621722338.67,58.1759,10.9693,https://api.coinmarketcap.com/data-api/v3/global-metrics/quotes/historical,0
2025-02-01,3516993057788.09,124232182849.05,57.7038,11.3044,https://api.coinmarketcap.com/data-api/v3/global-metrics/quotes/historical,0
2025-02-02,3404785947219.02,93296537496.34,58.5817,11.0361,https://api.coinmarketcap.com/data-api/v3/global-metrics/quotes/historical,0
2025-02-03,3237065223245.08,185765968881.16,59.7831,10.6808,https://api.coinmarketcap.com/data-api/v3/global-metrics/quotes/historical,0
2025-02-04,3347044150619.95,362153467660.01,60.0624,10.3838,https://api.coinmarketcap.com/data-api/v3/global-metrics/quotes/historical,0
2025-02-05,3211896616067.22,195093120103.87,60.3659,10.2577,https://api.coinmarketcap.com/data-api/v3/global-metrics/quotes/historical,0
2025-02-06,3170964823563.68,126642637235.32,60.3696,10.5969,https://api.coinmarketcap.com/data-api/v3/global-metrics/quotes/historical,0
2025-02-07,3140898658992.51,123101971873.01,60.9692,10.3167,https://api.coinmarketcap.com/data-api/v3/global-metrics/quotes/historical,0
2025-02-08,3137762374344.57,134727100912.36,60.9825,10.0758,https://api.coinmarketcap.com/data-api/v3/global-metrics/quotes/historical,0
2025-02-09,3156658483674.17,74665088014.43,60.5815,10.0529,https://api.coinmarketcap.com/data-api/v3/global-metrics/quotes/historical,0
2025-02-10,3152772812294.35,86622684004.34,60.6678,10.0485,https://api.coinmarketcap.com/data-api/v3/global-metrics/quotes/historical,0
2025-02-11,3187922451217.23,104552607006.16,60.593,10.063,https://api.coinmarketcap.com/data-api/v3/global-metrics/quotes/historical,0
2025-02-12,3148688017432.79,106623221698.39,60.2812,9.964,https://api.coinmarketcap.com/data-api/v3/global-metrics/quotes/historical,0
2025-02-13,3234606452886.7,129889869725.47,59.9812,10.2014,https://api.coinmarketcap.com/data-api/v3/global-metrics/quotes/historical,0
2025-02-14,3195309929461.84,105357730234.84,59.9444,10.0957,https://api.coinmarketcap.com/data-api/v3/global-metrics/quotes/historical,0
2025-02-15,3242462500405.79,106165408802.33,59.6132,10.1343,https://api.coinmarketcap.com/data-api/v3/global-metrics/quotes/historical,0
2025-02-16,3232035644670.51,63674622511.77,59.8564,10.0465,https://api.coinmarketcap.com/data-api/v3/global-metrics/quotes/historical,0
2025-02-17,3191800094884.11,59069779871.13,59.7272,10.057,https://api.coinmarketcap.com/data-api/v3/global-metrics/quotes/historical,0
2025-02-18,3182099475264.11,93806021817.89,59.6711,10.3935,https://api.coinmarketcap.com/data-api/v3/global-metrics/quotes/historical,0
2025-02-19,3141277235758.08,107293420731.05,60.3199,10.2453,https://api.coinmarketcap.com/data-api/v3/global-metrics/quotes/historical,0
2025-02-20,3186823379381.67,83182996218.1,60.118,10.273,https://api.coinmarketcap.com/data-api/v3/global-metrics/quotes/historical,0
2025-02-21,3237095123386.73,91726482162.05,60.2324,10.2038,https://api.coinmarketcap.com/data-api/v3/global-metrics/quotes/historical,0
2025-02-22,3157246552852.82,138640600154.03,60.3624,10.159,https://api.coinmarketcap.com/data-api/v3/global-metrics/quotes/historical,0
2025-02-23,3194694521035.13,73024001412.15,59.9388,10.4313,https://api.coinmarketcap.com/data-api/v3/global-metrics/quotes/historical,0
2025-02-24,3189407296499.41,68801769380.76,59.8519,10.661,https://api.coinmarketcap.com/data-api/v3/global-metrics/quotes/historical,0
2025-02-25,2977207640155.26,129521943878.71,60.9141,10.1816,https://api.coinmarketcap.com/data-api/v3/global-metrics/quotes/historical,0
2025-02-26,2926200617553.67,205145277845.51,60.0417,10.2718,https://api.coinmarketcap.com/data-api/v3/global-metrics/quotes/historical,0
2025-02-27,2799523154088.58,149767870583.33,59.5722,10.0441,https://api.coinmarketcap.com/data-api/v3/global-metrics/quotes/historical,0
2025-02-28,2810724469054.45,122483345874.72,59.7488,9.8908,https://api.coinmarketcap.com/data-api/v3/global-metrics/quotes/historical,0
2025-03-01,2794952485170.98,182228469930.84,59.8498,9.6504,https://api.coinmarketcap.com/data-api/v3/global-metrics/quotes/historical,0
2025-03-02,2833440231117.95,80110155957.23,60.2114,9.4324,https://api.coinmarketcap.com/data-api/v3/global-metrics/quotes/historical,0
2025-03-03,3145935962311.2,173165786091.94,59.4301,9.6567,https://api.coinmarketcap.com/data-api/v3/global-metrics/quotes/historical,0
2025-03-04,2822210600612.19,174173054036.15,60.5092,9.1723,https://api.coinmarketcap.com/data-api/v3/global-metrics/quotes/historical,0
2025-03-05,2868032589798.71,167966722251.23,60.316,9.1255,https://api.coinmarketcap.com/data-api/v3/global-metrics/quotes/historical,0
2025-03-06,2963845654848.98,117722066115.9,60.6374,9.1218,https://api.coinmarketcap.com/data-api/v3/global-metrics/quotes/historical,0
2025-03-07,2942575723599.91,112154884668.33,60.6268,9.026,https://api.coinmarketcap.com/data-api/v3/global-metrics/quotes/historical,0
2025-03-08,2846132338534.98,141763100984.79,60.4212,9.0677,https://api.coinmarketcap.com/data-api/v3/global-metrics/quotes/historical,0
2025-03-09,2833093956356.32,57434908422.42,60.3264,9.3746,https://api.coinmarketcap.com/data-api/v3/global-metrics/quotes/historical,0
2025-03-10,2649816819071.97,84995818327.1,60.3851,9.1795,https://api.coinmarketcap.com/data-api/v3/global-metrics/quotes/historical,0
2025-03-11,2558936833651.42,141377442955.02,60.9068,8.7747,https://api.coinmarketcap.com/data-api/v3/global-metrics/quotes/historical,0
2025-03-12,2679998804426.44,139197309906.61,61.3372,8.6438,https://api.coinmarketcap.com/data-api/v3/global-metrics/quotes/historical,0
2025-03-13,2711966393587.14,104520277857.92,61.2047,8.4879,https://api.coinmarketcap.com/data-api/v3/global-metrics/quotes/historical,0
2025-03-14,2647509050533.26,91985857464.15,60.7605,8.4883,https://api.coinmarketcap.com/data-api/v3/global-metrics/quotes/historical,0
2025-03-15,2733771554175.94,78843180040.93,60.9407,8.4278,https://api.coinmarketcap.com/data-api/v3/global-metrics/quotes/historical,0
2025-03-16,2760351361704.98,48616098191.6,60.6177,8.465,https://api.coinmarketcap.com/data-api/v3/global-metrics/quotes/historical,0
2025-03-17,2693217623381.76,61942728952.92,60.8226,8.4526,https://api.coinmarketcap.com/data-api/v3/global-metrics/quotes/historical,0
2025-03-18,2745435274756.97,72841625966.58,60.737,8.4654,https://api.coinmarketcap.com/data-api/v3/global-metrics/quotes/historical,0
2025-03-19,2711707476050.95,71974205496.23,60.5108,8.5947,https://api.coinmarketcap.com/data-api/v3/global-metrics/quotes/historical,0
2025-03-20,2842050798568.89,101927386774.99,60.6417,8.7341,https://api.coinmarketcap.com/data-api/v3/global-metrics/quotes/historical,0
2025-03-21,2760879877591.82,80447534922.29,60.4843,8.6603,https://api.coinmarketcap.com/data-api/v3/global-metrics/quotes/historical,0
2025-03-22,2750368289836.87,63264973923.65,60.6251,8.619,https://api.coinmarketcap.com/data-api/v3/global-metrics/quotes/historical,0
2025-03-23,2750136299498.24,42190220694.49,60.4789,8.6856,https://api.coinmarketcap.com/data-api/v3/global-metrics/quotes/historical,0
2025-03-24,2805913365720.63,50244017968.01,60.8461,8.624,https://api.coinmarketcap.com/data-api/v3/global-metrics/quotes/historical,0
2025-03-25,2863279147575.78,88560197889.71,60.6446,8.7645,https://api.coinmarketcap.com/data-api/v3/global-metrics/quotes/historical,0
2025-03-26,2867131763166.54,77205197848.88,60.5263,8.6988,https://api.coinmarketcap.com/data-api/v3/global-metrics/quotes/historical,0
2025-03-27,2834782213887.99,78152467350.18,60.8286,8.5508,https://api.coinmarketcap.com/data-api/v3/global-metrics/quotes/historical,0
2025-03-28,2845132366870.99,73445897846.59,60.8118,8.4917,https://api.coinmarketcap.com/data-api/v3/global-metrics/quotes/historical,0
2025-03-29,2741206846571.8,92252224980.42,61.0687,8.3436,https://api.coinmarketcap.com/data-api/v3/global-metrics/quotes/historical,0
2025-03-30,2675468576833.92,59166242655.19,61.2697,8.2407,https://api.coinmarketcap.com/data-api/v3/global-metrics/quotes/historical,0
2025-03-31,2665255723028.77,49336236680.84,61.3103,8.178,https://api.coinmarketcap.com/data-api/v3/global-metrics/quotes/historical,0
2025-04-01,2667542682341.72,80330493308.13,61.4073,8.2455,https://api.coinmarketcap.com/data-api/v3/global-metrics/quotes/historical,0
2025-04-02,2742142137874.53,77583995300.02,61.6421,8.3841,https://api.coinmarketcap.com/data-api/v3/global-metrics/quotes/historical,0
2025-04-03,2644295755496.96,119528382473.49,61.9144,8.1904,https://api.coinmarketcap.com/data-api/v3/global-metrics/quotes/historical,0
2025-04-04,2662216496096.46,95277013760.04,61.9644,8.231,https://api.coinmarketcap.com/data-api/v3/global-metrics/quotes/historical,0
2025-04-05,2685795066701.58,104369755311.03,61.9603,8.1562,https://api.coinmarketcap.com/data-api/v3/global-metrics/quotes/historical,0
2025-04-06,2674309952996.06,43141876234.49,61.9717,8.1491,https://api.coinmarketcap.com/data-api/v3/global-metrics/quotes/historical,0
2025-04-07,2485869405665.09,94826732931.77,62.5001,7.6602,https://api.coinmarketcap.com/data-api/v3/global-metrics/quotes/historical,0
2025-04-08,2506456117484.03,206668712171.19,62.7009,7.4793,https://api.coinmarketcap.com/data-api/v3/global-metrics/quotes/historical,0
2025-04-09,2420957450085.37,110196076629.14,62.5291,7.3388,https://api.coinmarketcap.com/data-api/v3/global-metrics/quotes/historical,0
2025-04-10,2626946878705.57,178875382658.79,62.3915,7.665,https://api.coinmarketcap.com/data-api/v3/global-metrics/quotes/historical,0
2025-04-11,2533574147525.09,104565632309.52,62.3548,7.2496,https://api.coinmarketcap.com/data-api/v3/global-metrics/quotes/historical,0
2025-04-12,2635035024204.48,92244811444.01,62.8249,7.1752,https://api.coinmarketcap.com/data-api/v3/global-metrics/quotes/historical,0
2025-04-13,2710025730557.76,71748018243.3,62.4635,7.3197,https://api.coinmarketcap.com/data-api/v3/global-metrics/quotes/historical,0
2025-04-14,2651914257272.77,78157302792.06,62.6569,7.2673,https://api.coinmarketcap.com/data-api/v3/global-metrics/quotes/historical,0
2025-04-15,2671852379559.01,86678407608.93,62.8196,7.331,https://api.coinmarketcap.com/data-api/v3/global-metrics/quotes/historical,0
2025-04-16,2637947431994.9,73697600984.96,62.9578,7.2698,https://api.coinmarketcap.com/data-api/v3/global-metrics/quotes/historical,0
2025-04-17,2645449093617.8,80926101688.44,63.0587,7.1977,https://api.coinmarketcap.com/data-api/v3/global-metrics/quotes/historical,0
2025-04-18,2669373250053.47,63159296202.41,63.1502,7.1563,https://api.coinmarketcap.com/data-api/v3/global-metrics/quotes/historical,0
2025-04-19,2663370088681.14,44678551821.39,62.9509,7.2005,https://api.coinmarketcap.com/data-api/v3/global-metrics/quotes/historical,0
2025-04-20,2689723413368.2,45722679255.57,62.7918,7.2386,https://api.coinmarketcap.com/data-api/v3/global-metrics/quotes/historical,0
2025-04-21,2686531790539.74,48855810605.29,62.9429,7.1321,https://api.coinmarketcap.com/data-api/v3/global-metrics/quotes/historical,0
2025-04-22,2735184068666.69,91989075518.69,63.5284,6.9713,https://api.coinmarketcap.com/data-api/v3/global-metrics/quotes/historical,0
2025-04-23,2915705611165.02,123404933206.55,63.634,7.2742,https://api.coinmarketcap.com/data-api/v3/global-metrics/quotes/historical,0
2025-04-24,2931025902543.43,117181690985.54,63.4725,7.3969,https://api.coinmarketcap.com/data-api/v3/global-metrics/quotes/historical,0
2025-04-25,2940262416387.24,91245031507.94,63.4587,7.267,https://api.coinmarketcap.com/data-api/v3/global-metrics/quotes/historical,0
2025-04-26,2959859067146.07,106549580116.03,63.539,7.2859,https://api.coinmarketcap.com/data-api/v3/global-metrics/quotes/historical,0
2025-04-27,2969192395640.96,65632317925.63,63.3053,7.4077,https://api.coinmarketcap.com/data-api/v3/global-metrics/quotes/historical,0
2025-04-28,2941512672805.8,60650412067.82,63.3001,7.3555,https://api.coinmarketcap.com/data-api/v3/global-metrics/quotes/historical,0
2025-04-29,2975175235909.15,92205023614.91,63.4169,7.3022,https://api.coinmarketcap.com/data-api/v3/global-metrics/quotes/historical,0
2025-04-30,2950185417932.73,77052797594.85,63.4611,7.3616,https://api.coinmarketcap.com/data-api/v3/global-metrics/quotes/historical,0
2025-05-01,2944967064868.37,79492511052.04,63.5229,7.3548,https://api.coinmarketcap.com/data-api/v3/global-metrics/quotes/historical,0
2025-05-02,3005742722444.4,82928583117.08,63.7525,7.3866,https://api.coinmarketcap.com/data-api/v3/global-metrics/quotes/historical,0
2025-05-03,3016087433285.38,71226465132.69,63.8073,7.3763,https://api.coinmarketcap.com/data-api/v3/global-metrics/quotes/historical,0
2025-05-04,2981403745766.67,48550366119.12,63.8639,7.4258,https://api.coinmarketcap.com/data-api/v3/global-metrics/quotes/historical,0
2025-05-05,2935729267530.39,51135034066.92,63.8009,7.4384,https://api.coinmarketcap.com/data-api/v3/global-metrics/quotes/historical,0
2025-05-06,2947183238128.65,67273959173.21,63.849,7.455,https://api.coinmarketcap.com/data-api/v3/global-metrics/quotes/historical,0
2025-05-07,2989982517103.93,73774396334.84,64.3098,7.3323,https://api.coinmarketcap.com/data-api/v3/global-metrics/quotes/historical,0
2025-05-08,2993482192419.78,124043409424.15,64.383,7.3063,https://api.coinmarketcap.com/data-api/v3/global-metrics/quotes/historical,0
2025-05-09,3228661003151.7,162228657312.15,63.5161,8.2517,https://api.coinmarketcap.com/data-api/v3/global-metrics/quotes/historical,0
2025-05-10,3265491894823.65,174637758130.18,62.6355,8.672,https://api.coinmarketcap.com/data-api/v3/global-metrics/quotes/historical,0
2025-05-11,3371555312987.71,131504788923.11,61.7123,9.2496,https://api.coinmarketcap.com/data-api/v3/global-metrics/quotes/historical,0
2025-05-12,3327829196151.48,129065852332.33,62.1463,9.1151,https://api.coinmarketcap.com/data-api/v3/global-metrics/quotes/historical,0
2025-05-13,3315483887226.43,180686917309.45,61.5968,9.0897,https://api.coinmarketcap.com/data-api/v3/global-metrics/quotes/historical,0
2025-05-14,3384993704659.26,148864262004.06,61.127,9.5594,https://api.coinmarketcap.com/data-api/v3/global-metrics/quotes/historical,0
2025-05-15,3341132865123.04,127575048510.14,61.5572,9.4312,https://api.coinmarketcap.com/data-api/v3/global-metrics/quotes/historical,0
2025-05-16,3306851935866.14,133125570906.25,62.3222,9.3008,https://api.coinmarketcap.com/data-api/v3/global-metrics/quotes/historical,0
2025-05-17,3296202571544.31,109018019744.93,62.3721,9.2923,https://api.coinmarketcap.com/data-api/v3/global-metrics/quotes/historical,0
2025-05-18,3269729880656.18,93708649277.6,62.6841,9.1412,https://api.coinmarketcap.com/data-api/v3/global-metrics/quotes/historical,0
2025-05-19,3365862234590.21,122440977924.21,62.8405,8.9644,https://api.coinmarketcap.com/data-api/v3/global-metrics/quotes/historical,0
2025-05-20,3334929360512.02,138337288635.66,62.9163,9.1547,https://api.coinmarketcap.com/data-api/v3/global-metrics/quotes/historical,0
2025-05-21,3361605784601.77,107062008254.79,63.1336,9.0662,https://api.coinmarketcap.com/data-api/v3/global-metrics/quotes/historical,0
2025-05-22,3441643763241.35,172915877576.77,63.3104,8.9531,https://api.coinmarketcap.com/data-api/v3/global-metrics/quotes/historical,0
2025-05-23,3521198923414.85,163241461699.66,63.0212,9.1351,https://api.coinmarketcap.com/data-api/v3/global-metrics/quotes/historical,0
2025-05-24,3375353066586.07,172245079173.61,63.1658,9.0364,https://api.coinmarketcap.com/data-api/v3/global-metrics/quotes/historical,0
2025-05-25,3394107202665.36,95962508702.49,63.1047,9.0009,https://api.coinmarketcap.com/data-api/v3/global-metrics/quotes/historical,0
2025-05-26,3425272030195.48,103453439172.3,63.2434,8.9935,https://api.coinmarketcap.com/data-api/v3/global-metrics/quotes/historical,0
2025-05-27,3429916633449.51,103370553748.48,63.4069,9.0259,https://api.coinmarketcap.com/data-api/v3/global-metrics/quotes/historical,0
2025-05-28,3441420258700.16,132560042498.69,62.929,9.3403,https://api.coinmarketcap.com/data-api/v3/global-metrics/quotes/historical,0
2025-05-29,3411688276306.9,116705882803.11,62.7853,9.4901,https://api.coinmarketcap.com/data-api/v3/global-metrics/quotes/historical,0
2025-05-30,3344158837150.71,135572077211.01,62.7573,9.5025,https://api.coinmarketcap.com/data-api/v3/global-metrics/quotes/historical,0
2025-05-31,3257644725323.91,150209766209.61,63.4427,9.3776,https://api.coinmarketcap.com/data-api/v3/global-metrics/quotes/historical,0
2025-06-01,3275399283271.81,102369694163.04,63.4887,9.3219,https://api.coinmarketcap.com/data-api/v3/global-metrics/quotes/historical,0
2025-06-02,3302646623160.53,88111607455.88,63.5764,9.2758,https://api.coinmarketcap.com/data-api/v3/global-metrics/quotes/historical,0
2025-06-03,3322372941727.33,105318828902.31,63.3375,9.4744,https://api.coinmarketcap.com/data-api/v3/global-metrics/quotes/historical,0
2025-06-04,3313020619377.92,111737129534.39,63.2486,9.4522,https://api.coinmarketcap.com/data-api/v3/global-metrics/quotes/historical,0
2025-06-05,3290728491343.64,104637725601.77,63.2642,9.57,https://api.coinmarketcap.com/data-api/v3/global-metrics/quotes/historical,0
2025-06-06,3171640219646.37,137030274449.34,63.6527,9.1974,https://api.coinmarketcap.com/data-api/v3/global-metrics/quotes/historical,0
2025-06-07,3250773613241.06,111686175096.3,63.825,9.201,https://api.coinmarketcap.com/data-api/v3/global-metrics/quotes/historical,0
2025-06-08,3295079839234.35,85348922273.22,63.7146,9.2555,https://api.coinmarketcap.com/data-api/v3/global-metrics/quotes/historical,0
2025-06-09,3301947743973.64,89177750002.44,63.6821,9.18,https://api.coinmarketcap.com/data-api/v3/global-metrics/quotes/historical,0
2025-06-10,3440137021406.84,122300615404.95,63.7291,9.4093,https://api.coinmarketcap.com/data-api/v3/global-metrics/quotes/historical,0
2025-06-11,3469534860205.16,144905293680.9,63.1665,9.7923,https://api.coinmarketcap.com/data-api/v3/global-metrics/quotes/historical,0
2025-06-12,3417060495421.26,133670615315.03,63.2249,9.7976,https://api.coinmarketcap.com/data-api/v3/global-metrics/quotes/historical,0
2025-06-13,3316178396809.45,127160863010.93,63.4355,9.6392,https://api.coinmarketcap.com/data-api/v3/global-metrics/quotes/historical,0
2025-06-14,3303513358182.01,167117046235.32,63.8481,9.4273,https://api.coinmarketcap.com/data-api/v3/global-metrics/quotes/historical,0
2025-06-15,3275383864728.55,82538151594.87,64.0106,9.3358,https://api.coinmarketcap.com/data-api/v3/global-metrics/quotes/historical,0
2025-06-16,3287463042469.71,81507637580.79,63.8318,9.3548,https://api.coinmarketcap.com/data-api/v3/global-metrics/quotes/historical,0
2025-06-17,3315140978188.43,123693969818.42,64.0365,9.2548,https://api.coinmarketcap.com/data-api/v3/global-metrics/quotes/historical,0
2025-06-18,3250011514831.32,132023219344.45,63.9744,9.3252,https://api.coinmarketcap.com/data-api/v3/global-metrics/quotes/historical,0
2025-06-19,3257429809184.11,110796480712.41,64.019,9.3568,https://api.coinmarketcap.com/data-api/v3/global-metrics/quotes/historical,0
2025-06-20,3252118162853.55,84905800849.17,63.9933,9.36,https://api.coinmarketcap.com/data-api/v3/global-metrics/quotes/historical,0
2025-06-21,3193619333281.39,115295735404.15,64.3162,9.0988,https://api.coinmarketcap.com/data-api/v3/global-metrics/quotes/historical,0
2025-06-22,3138352601451.89,92339334420.25,64.7368,8.8384,https://api.coinmarketcap.com/data-api/v3/global-metrics/quotes/historical,0
2025-06-23,3092059833701.08,144566501365.38,64.9398,8.6998,https://api.coinmarketcap.com/data-api/v3/global-metrics/quotes/historical,0
2025-06-24,3251422984478.75,145370532299.99,64.5104,8.975,https://api.coinmarketcap.com/data-api/v3/global-metrics/quotes/historical,0
2025-06-25,3272564487406.99,115907633538.93,64.4476,9.0347,https://api.coinmarketcap.com/data-api/v3/global-metrics/quotes/historical,0
2025-06-26,3288731370968.22,109154726645.23,64.9175,8.8802,https://api.coinmarketcap.com/data-api/v3/global-metrics/quotes/historical,0
2025-06-27,3266323067177.36,102512696862.55,65.1177,8.9298,https://api.coinmarketcap.com/data-api/v3/global-metrics/quotes/historical,0
2025-06-28,3278624909730.19,97131729846.71,64.9492,8.9248,https://api.coinmarketcap.com/data-api/v3/global-metrics/quotes/historical,0
2025-06-29,3297877117822.64,66379128693.18,64.7124,8.9207,https://api.coinmarketcap.com/data-api/v3/global-metrics/quotes/historical,0
2025-06-30,3340390617686.81,79213143423.58,64.5198,9.0368,https://api.coinmarketcap.com/data-api/v3/global-metrics/quotes/historical,0
2025-07-01,3309726866995.0,102305812622.83,64.3824,9.0703,https://api.coinmarketcap.com/data-api/v3/global-metrics/quotes/historical,0
2025-07-02,3249064580818.2,97853901270.09,64.6941,8.9384,https://api.coinmarketcap.com/data-api/v3/global-metrics/quotes/historical,0
2025-07-03,3359230686524.17,127746350750.45,64.4382,9.2382,https://api.coinmarketcap.com/data-api/v3/global-metrics/quotes/historical,0
2025-07-04,3383128377207.79,116401514233.0,64.4485,9.2455,https://api.coinmarketcap.com/data-api/v3/global-metrics/quotes/historical,0
2025-07-05,3322183505343.47,97314083570.83,64.6629,9.1142,https://api.coinmarketcap.com/data-api/v3/global-metrics/quotes/historical,0
2025-07-06,3329243611099.58,65679146413.27,64.6551,9.1275,https://api.coinmarketcap.com/data-api/v3/global-metrics/quotes/historical,0
2025-07-07,3368903740745.58,82101595211.89,64.486,9.2134,https://api.coinmarketcap.com/data-api/v3/global-metrics/quotes/historical,0
2025-07-08,3340490469840.17,101182692207.58,64.4749,9.189,https://api.coinmarketcap.com/data-api/v3/global-metrics/quotes/historical,0
2025-07-09,3372141459977.23,99809526761.02,64.2632,9.3632,https://api.coinmarketcap.com/data-api/v3/global-metrics/quotes/historical,0
2025-07-10,3462715757240.17,134210140295.09,63.9403,9.6587,https://api.coinmarketcap.com/data-api/v3/global-metrics/quotes/historical,0
2025-07-11,3613640884854.91,193145116248.24,63.8418,9.8639,https://api.coinmarketcap.com/data-api/v3/global-metrics/quotes/historical,0
2025-07-12,3665570910840.58,215901360946.25,63.7757,9.742,https://api.coinmarketcap.com/data-api/v3/global-metrics/quotes/historical,0
2025-07-13,3659383301005.78,120693905188.58,63.8392,9.7087,https://api.coinmarketcap.com/data-api/v3/global-metrics/quotes/historical,0
2025-07-14,3716211159114.99,122706827701.24,63.7605,9.6578,https://api.coinmarketcap.com/data-api/v3/global-metrics/quotes/historical,0
2025-07-15,3745815779140.9,297063806487.85,63.6484,9.7121,https://api.coinmarketcap.com/data-api/v3/global-metrics/quotes/historical,0
2025-07-16,3725825731262.98,209240262381.13,62.8844,10.1732,https://api.coinmarketcap.com/data-api/v3/global-metrics/quotes/historical,0
2025-07-17,3797747452611.02,195654443892.18,62.1934,10.7186,https://api.coinmarketcap.com/data-api/v3/global-metrics/quotes/historical,0
2025-07-18,3864463609209.33,202847137744.3,61.3959,10.8601,https://api.coinmarketcap.com/data-api/v3/global-metrics/quotes/historical,0
2025-07-19,3846761518959.17,245507308899.42,61.0259,11.1352,https://api.coinmarketcap.com/data-api/v3/global-metrics/quotes/historical,0
2025-07-20,3859940982598.73,131641583294.34,60.7821,11.2424,https://api.coinmarketcap.com/data-api/v3/global-metrics/quotes/historical,0
2025-07-21,3891487437183.71,179671114337.25,59.9782,11.6609,https://api.coinmarketcap.com/data-api/v3/global-metrics/quotes/historical,0
2025-07-22,3914541031797.71,203672233598.52,59.6801,11.6043,https://api.coinmarketcap.com/data-api/v3/global-metrics/quotes/historical,0
2025-07-23,3975636632856.58,219490951729.3,60.0532,11.3829,https://api.coinmarketcap.com/data-api/v3/global-metrics/quotes/historical,0
2025-07-24,3872291607259.01,206846395648.84,61.0286,11.3144,https://api.coinmarketcap.com/data-api/v3/global-metrics/quotes/historical,0
2025-07-25,3860448257469.04,202459763682.83,61.006,11.5931,https://api.coinmarketcap.com/data-api/v3/global-metrics/quotes/historical,0
2025-07-26,3863480415856.83,224610104100.87,60.5837,11.6435,https://api.coinmarketcap.com/data-api/v3/global-metrics/quotes/historical,0
2025-07-27,3877931493684.97,123026511607.07,60.5204,11.6471,https://api.coinmarketcap.com/data-api/v3/global-metrics/quotes/historical,0
2025-07-28,3948544615623.41,140164426843.02,60.1961,11.8462,https://api.coinmarketcap.com/data-api/v3/global-metrics/quotes/historical,0
2025-07-29,3873826505516.51,175973832451.87,60.6019,11.8165,https://api.coinmarketcap.com/data-api/v3/global-metrics/quotes/historical,0
2025-07-30,3868437749046.61,172177478755.85,60.6566,11.8368,https://api.coinmarketcap.com/data-api/v3/global-metrics/quotes/historical,0
2025-07-31,3857231591412.11,169988516378.55,60.7898,11.9188,https://api.coinmarketcap.com/data-api/v3/global-metrics/quotes/historical,0
2025-08-01,3780087321041.26,163829760262.55,60.9352,11.8055,https://api.coinmarketcap.com/data-api/v3/global-metrics/quotes/historical,0
2025-08-02,3681223544371.78,211187714740.87,61.2459,11.4356,https://api.coinmarketcap.com/data-api/v3/global-metrics/quotes/historical,0
2025-08-03,3627818740391.8,134865563143.77,61.728,11.2892,https://api.coinmarketcap.com/data-api/v3/global-metrics/quotes/historical,0
2025-08-04,3703975645932.46,106538229871.39,61.3709,11.3979,https://api.coinmarketcap.com/data-api/v3/global-metrics/quotes/historical,0
2025-08-05,3776771547549.3,118300822841.16,60.6389,11.8898,https://api.coinmarketcap.com/data-api/v3/global-metrics/quotes/historical,0
2025-08-06,3720352203083.95,146666065520.78,61.0555,11.7192,https://api.coinmarketcap.com/data-api/v3/global-metrics/quotes/historical,0
2025-08-07,3759963070600.88,129620515189.43,60.886,11.8267,https://api.coinmarketcap.com/data-api/v3/global-metrics/quotes/historical,0
2025-08-08,3884377153423.13,163260312499.02,60.2129,12.161,https://api.coinmarketcap.com/data-api/v3/global-metrics/quotes/historical,0
2025-08-09,3888254278468.31,174127637251.13,59.7298,12.4473,https://api.coinmarketcap.com/data-api/v3/global-metrics/quotes/historical,0
2025-08-10,3927105101686.92,157916204287.68,59.0473,13.1048,https://api.coinmarketcap.com/data-api/v3/global-metrics/quotes/historical,0
2025-08-11,3980340328098.71,161383807766.26,59.6591,12.8977,https://api.coinmarketcap.com/data-api/v3/global-metrics/quotes/historical,0
2025-08-12,3943808853058.7,214864335667.67,59.9163,12.9348,https://api.coinmarketcap.com/data-api/v3/global-metrics/quotes/historical,0
2025-08-13,4060031322321.97,208784679151.96,58.9044,13.6472,https://api.coinmarketcap.com/data-api/v3/global-metrics/quotes/historical,0
2025-08-14,4172149391652.69,244520534392.06,58.8472,13.7515,https://api.coinmarketcap.com/data-api/v3/global-metrics/quotes/historical,0
2025-08-15,4004132426774.25,287210632784.18,58.8495,13.7145,https://api.coinmarketcap.com/data-api/v3/global-metrics/quotes/historical,0
2025-08-16,3963573258872.9,194058123381.58,58.9661,13.5267,https://api.coinmarketcap.com/data-api/v3/global-metrics/quotes/historical,0
2025-08-17,3973562525362.8,120552947110.1,58.8529,13.4438,https://api.coinmarketcap.com/data-api/v3/global-metrics/quotes/historical,0
2025-08-18,3988427090708.63,127530322364.43,58.631,13.5415,https://api.coinmarketcap.com/data-api/v3/global-metrics/quotes/historical,0
2025-08-19,3923496984498.12,194164417238.39,58.9897,13.2711,https://api.coinmarketcap.com/data-api/v3/global-metrics/quotes/historical,0
2025-08-20,3786913651750.15,189877271744.19,59.3228,12.9863,https://api.coinmarketcap.com/data-api/v3/global-metrics/quotes/historical,0
2025-08-21,3884119772887.84,184546966061.63,58.5738,13.4717,https://api.coinmarketcap.com/data-api/v3/global-metrics/quotes/historical,0
2025-08-22,3810520784548.13,147195334224.23,58.7533,13.3807,https://api.coinmarketcap.com/data-api/v3/global-metrics/quotes/historical,0
2025-08-23,4040858970682.4,245748611645.15,57.5895,14.4298,https://api.coinmarketcap.com/data-api/v3/global-metrics/quotes/historical,0
2025-08-24,3997638084457.27,151380520201.56,57.4676,14.4228,https://api.coinmarketcap.com/data-api/v3/global-metrics/quotes/historical,0
2025-08-25,3952051896250.28,200007749171.23,57.1651,14.5985,https://api.coinmarketcap.com/data-api/v3/global-metrics/quotes/historical,0
2025-08-26,3779490353606.92,230429510799.95,58.0185,13.9712,https://api.coinmarketcap.com/data-api/v3/global-metrics/quotes/historical,0
2025-08-27,3875088960828.19,188281805222.04,57.4464,14.3312,https://api.coinmarketcap.com/data-api/v3/global-metrics/quotes/historical,0
2025-08-28,3849439690642.03,173365765044.11,57.5426,14.1271,https://api.coinmarketcap.com/data-api/v3/global-metrics/quotes/historical,0
2025-08-29,3897230544082.87,161840758401.64,57.5132,13.9689,https://api.coinmarketcap.com/data-api/v3/global-metrics/quotes/historical,0
2025-08-30,3763781119268.45,199681440424.94,57.3532,13.9829,https://api.coinmarketcap.com/data-api/v3/global-metrics/quotes/historical,0
2025-08-31,3777244254407.55,120610489953.98,57.3714,13.9798,https://api.coinmarketcap.com/data-api/v3/global-metrics/quotes/historical,0
2025-09-01,3758950865270.84,117896818454.78,57.3442,14.0984,https://api.coinmarketcap.com/data-api/v3/global-metrics/quotes/historical,0
2025-09-02,3762088070214.27,173061948360.64,57.8286,13.8426,https://api.coinmarketcap.com/data-api/v3/global-metrics/quotes/historical,0
2025-09-03,3830057403802.4,176584656133.48,57.8243,13.6319,https://api.coinmarketcap.com/data-api/v3/global-metrics/quotes/historical,0
2025-09-04,3862052276812.46,149981002753.64,57.6162,13.9122,https://api.coinmarketcap.com/data-api/v3/global-metrics/quotes/historical,0
2025-09-05,3800304306576.44,144858025339.47,58.0284,13.6547,https://api.coinmarketcap.com/data-api/v3/global-metrics/quotes/historical,0
2025-09-06,3809690437352.44,163021076244.28,57.8475,13.6459,https://api.coinmarketcap.com/data-api/v3/global-metrics/quotes/historical,0
2025-09-07,3794143819617.98,77185980961.78,57.8583,13.597,https://api.coinmarketcap.com/data-api/v3/global-metrics/quotes/historical,0
2025-09-08,3836663835419.05,84794676622.46,57.7037,13.5455,https://api.coinmarketcap.com/data-api/v3/global-metrics/quotes/historical,0
2025-09-09,3877964626711.72,140453607287.71,57.5593,13.4075,https://api.coinmarketcap.com/data-api/v3/global-metrics/quotes/historical,0
2025-09-10,3870761701942.21,151088280343.43,57.3952,13.439,https://api.coinmarketcap.com/data-api/v3/global-metrics/quotes/historical,0
2025-09-11,3942094066374.19,162162623480.29,57.5844,13.3162,https://api.coinmarketcap.com/data-api/v3/global-metrics/quotes/historical,0
2025-09-12,4001901923620.56,149620558090.15,57.4948,13.456,https://api.coinmarketcap.com/data-api/v3/global-metrics/quotes/historical,0
2025-09-13,4070516921201.28,173951302295.83,56.8154,13.9814,https://api.coinmarketcap.com/data-api/v3/global-metrics/quotes/historical,0
2025-09-14,4071141488937.63,144149045856.46,56.7359,13.8408,https://api.coinmarketcap.com/data-api/v3/global-metrics/quotes/historical,0
2025-09-15,4032044654711.0,129734731905.19,57.0097,13.7976,https://api.coinmarketcap.com/data-api/v3/global-metrics/quotes/historical,0
2025-09-16,4006446451887.87,170521375033.3,57.3892,13.635,https://api.coinmarketcap.com/data-api/v3/global-metrics/quotes/historical,0
2025-09-17,4046883226054.64,142237773441.32,57.5188,13.4332,https://api.coinmarketcap.com/data-api/v3/global-metrics/quotes/historical,0
2025-09-18,4077209274237.12,188111014235.81,56.9077,13.5961,https://api.coinmarketcap.com/data-api/v3/global-metrics/quotes/historical,0
2025-09-19,4097611382320.37,171555814979.4,56.9472,13.5195,https://api.coinmarketcap.com/data-api/v3/global-metrics/quotes/historical,0
2025-09-20,4027179557845.82,137251023388.71,57.2351,13.4008,https://api.coinmarketcap.com/data-api/v3/global-metrics/quotes/historical,0
2025-09-21,4040165764283.03,95684493569.95,57.0694,13.3915,https://api.coinmarketcap.com/data-api/v3/global-metrics/quotes/historical,0
2025-09-22,4019479262530.72,104715579283.52,57.1508,13.3623,https://api.coinmarketcap.com/data-api/v3/global-metrics/quotes/historical,0
2025-09-23,3892285391346.74,235217896157.61,57.7248,13.034,https://api.coinmarketcap.com/data-api/v3/global-metrics/quotes/historical,0
2025-09-24,3866807940007.29,158534002973.27,57.719,13.0017,https://api.coinmarketcap.com/data-api/v3/global-metrics/quotes/historical,0
2025-09-25,3900714237081.73,156619241744.33,57.8942,12.8532,https://api.coinmarketcap.com/data-api/v3/global-metrics/quotes/historical,0
2025-09-26,3724052157508.57,245740991618.15,58.3411,12.5468,https://api.coinmarketcap.com/data-api/v3/global-metrics/quotes/historical,0
2025-09-27,3785100578979.93,188427990097.71,57.754,12.8694,https://api.coinmarketcap.com/data-api/v3/global-metrics/quotes/historical,0
2025-09-28,3783381657744.54,100361144612.16,57.771,12.8223,https://api.coinmarketcap.com/data-api/v3/global-metrics/quotes/historical,0
2025-09-29,3868622810249.71,111808311929.34,57.7738,12.9262,https://api.coinmarketcap.com/data-api/v3/global-metrics/quotes/historical,0
2025-09-30,3927591899491.65,177176921337.5,58.0413,12.9607,https://api.coinmarketcap.com/data-api/v3/global-metrics/quotes/historical,0
2025-10-01,3899878206959.86,170101446884.8,58.2793,12.8316,https://api.coinmarketcap.com/data-api/v3/global-metrics/quotes/historical,0
2025-10-02,4054434829623.38,194134474126.99,58.313,12.9532,https://api.coinmarketcap.com/data-api/v3/global-metrics/quotes/historical,0
2025-10-03,4147788703177.12,204283433928.23,57.9579,13.0578,https://api.coinmarketcap.com/data-api/v3/global-metrics/quotes/historical,0
2025-10-04,4198276257821.33,217884525773.72,58.0396,12.9805,https://api.coinmarketcap.com/data-api/v3/global-metrics/quotes/historical,0
2025-10-05,4176964075761.32,118895585187.86,58.4075,12.9725,https://api.coinmarketcap.com/data-api/v3/global-metrics/quotes/historical,0
2025-10-06,4203977685865.46,188382223415.84,58.5459,12.9641,https://api.coinmarketcap.com/data-api/v3/global-metrics/quotes/historical,0
2025-10-07,4276096147344.24,203069961391.44,58.1387,13.2302,https://api.coinmarketcap.com/data-api/v3/global-metrics/quotes/historical,0
2025-10-08,4156729862708.31,232638702938.0,58.225,12.9241,https://api.coinmarketcap.com/data-api/v3/global-metrics/quotes/historical,0
2025-10-09,4219881862458.85,193057155783.26,58.2586,12.9491,https://api.coinmarketcap.com/data-api/v3/global-metrics/quotes/historical,0
2025-10-10,4140370931751.28,211711221331.15,58.5943,12.7389,https://api.coinmarketcap.com/data-api/v3/global-metrics/quotes/historical,0
2025-10-11,3749317655375.35,417331388487.48,60.1327,12.358,https://api.coinmarketcap.com/data-api/v3/global-metrics/quotes/historical,0
2025-10-12,3691252258730.43,296052259501.3,59.8352,12.264,https://api.coinmarketcap.com/data-api/v3/global-metrics/quotes/historical,0
2025-10-13,3902591403361.21,262597668722.59,58.8017,12.8715,https://api.coinmarketcap.com/data-api/v3/global-metrics/quotes/historical,0
2025-10-14,3939084414401.06,234109459252.65,58.3302,13.0081,https://api.coinmarketcap.com/data-api/v3/global-metrics/quotes/historical,0
2025-10-15,3847725242515.07,267487194252.09,58.5948,12.9429,https://api.coinmarketcap.com/data-api/v3/global-metrics/quotes/historical,0
2025-10-16,3752771974745.55,204264857004.22,58.8506,12.8239,https://api.coinmarketcap.com/data-api/v3/global-metrics/quotes/historical,0
2025-10-17,3664296743180.6,222364951392.6,58.8603,12.8292,https://api.coinmarketcap.com/data-api/v3/global-metrics/quotes/historical,0
2025-10-18,3599873305696.44,245028901764.81,58.9681,12.8512,https://api.coinmarketcap.com/data-api/v3/global-metrics/quotes/historical,0
2025-10-19,3637138018596.93,110794138685.79,58.7614,12.9101,https://api.coinmarketcap.com/data-api/v3/global-metrics/quotes/historical,0
2025-10-20,3678341634508.39,135742396996.42,58.8992,12.7555,https://api.coinmarketcap.com/data-api/v3/global-metrics/quotes/historical,0
2025-10-21,3738741078709.74,169099320694.49,58.9732,12.8511,https://api.coinmarketcap.com/data-api/v3/global-metrics/quotes/historical,0
2025-10-22,3660221077917.81,229137936282.69,59.0672,12.7813,https://api.coinmarketcap.com/data-api/v3/global-metrics/quotes/historical,0
2025-10-23,3623935438825.19,197278838912.11,59.2247,12.6808,https://api.coinmarketcap.com/data-api/v3/global-metrics/quotes/historical,0
2025-10-24,3703709473490.72,155527002516.8,59.268,12.5691,https://api.coinmarketcap.com/data-api/v3/global-metrics/quotes/historical,0
2025-10-25,3744347471368.37,144348346916.44,59.1298,12.684,https://api.coinmarketcap.com/data-api/v3/global-metrics/quotes/historical,0
2025-10-26,3767718805606.62,84273754265.55,59.086,12.6655,https://api.coinmarketcap.com/data-api/v3/global-metrics/quotes/historical,0
2025-10-27,3873674588309.92,123807275190.99,58.9506,12.9573,https://api.coinmarketcap.com/data-api/v3/global-metrics/quotes/historical,0
2025-10-28,3851991443223.37,169984114696.53,59.0789,12.9107,https://api.coinmarketcap.com/data-api/v3/global-metrics/quotes/historical,0
2025-10-29,3795223610355.91,172991008417.65,59.3306,12.6602,https://api.coinmarketcap.com/data-api/v3/global-metrics/quotes/historical,0
2025-10-30,3727456158702.79,168775355737.64,58.8832,12.6402,https://api.coinmarketcap.com/data-api/v3/global-metrics/quotes/historical,0
2025-10-31,3644635239380.09,186433740224.94,59.2555,12.5981,https://api.coinmarketcap.com/data-api/v3/global-metrics/quotes/historical,0
2025-11-01,3687696202680.25,162383279578.24,59.2483,12.5917,https://api.coinmarketcap.com/data-api/v3/global-metrics/quotes/historical,0
2025-11-02,3707325180562.38,88831043085.34,59.2036,12.6108,https://api.coinmarketcap.com/data-api/v3/global-metrics/quotes/historical,0
2025-11-03,3723628148439.64,104021467218.44,59.2448,12.6731,https://api.coinmarketcap.com/data-api/v3/global-metrics/quotes/historical,0
2025-11-04,3534206605351.27,212062696371.79,60.1276,12.3025,https://api.coinmarketcap.com/data-api/v3/global-metrics/quotes/historical,0
2025-11-05,3368737767516.78,290948210234.43,60.1201,11.7897,https://api.coinmarketcap.com/data-api/v3/global-metrics/quotes/historical,0
2025-11-06,3458865996569.55,197660680881.44,59.907,11.9512,https://api.coinmarketcap.com/data-api/v3/global-metrics/quotes/historical,0
2025-11-07,3371986733027.51,166736639486.24,59.9145,11.857,https://api.coinmarketcap.com/data-api/v3/global-metrics/quotes/historical,0
2025-11-08,3475899478372.93,222982440117.36,59.2964,11.9268,https://api.coinmarketcap.com/data-api/v3/global-metrics/quotes/historical,0
2025-11-09,3441080584438.74,139677780571.14,59.2883,11.9267,https://api.coinmarketcap.com/data-api/v3/global-metrics/quotes/historical,0
2025-11-10,3527376685155.67,145822784627.24,59.2195,12.2617,https://api.coinmarketcap.com/data-api/v3/global-metrics/quotes/historical,0
2025-11-11,3567270051349.99,176675860282.66,59.2666,12.0704,https://api.coinmarketcap.com/data-api/v3/global-metrics/quotes/historical,0
2025-11-12,3454136912294.99,177369935688.4,59.491,11.9363,https://api.coinmarketcap.com/data-api/v3/global-metrics/quotes/historical,0
2025-11-13,3423467037517.58,162043597354.67,59.24,12.0341,https://api.coinmarketcap.com/data-api/v3/global-metrics/quotes/historical,0
2025-11-14,3346329391947.81,219786929402.36,59.4296,11.6592,https://api.coinmarketcap.com/data-api/v3/global-metrics/quotes/historical,0
2025-11-15,3203271709223.11,234817175345.49,58.8293,11.7055,https://api.coinmarketcap.com/data-api/v3/global-metrics/quotes/historical,0
2025-11-16,3241911688566.6,103180573421.59,58.7952,11.7892,https://api.coinmarketcap.com/data-api/v3/global-metrics/quotes/historical,0
2025-11-17,3195192164876.78,157104836334.0,58.8049,11.6851,https://api.coinmarketcap.com/data-api/v3/global-metrics/quotes/historical,0
2025-11-18,3126931383746.27,203131673856.93,58.7592,11.6771,https://api.coinmarketcap.com/data-api/v3/global-metrics/quotes/historical,0
2025-11-19,3177409320943.4,207665190806.42,58.3588,11.8608,https://api.coinmarketcap.com/data-api/v3/global-metrics/quotes/historical,0
2025-11-20,3113320924061.28,180909960424.15,58.611,11.7191,https://api.coinmarketcap.com/data-api/v3/global-metrics/quotes/historical,0
2025-11-21,2965135089214.47,205707205214.66,58.2184,11.5192,https://api.coinmarketcap.com/data-api/v3/global-metrics/quotes/historical,0
2025-11-22,2904895832898.94,262183342152.65,58.4373,11.4898,https://api.coinmarketcap.com/data-api/v3/global-metrics/quotes/historical,0
2025-11-23,2894335861303.77,101140126165.93,58.3639,11.543,https://api.coinmarketcap.com/data-api/v3/global-metrics/quotes/historical,0
2025-11-24,2955026694506.42,122532435842.49,58.6059,11.4412,https://api.coinmarketcap.com/data-api/v3/global-metrics/quotes/historical,0
2025-11-25,3031240619876.72,162468676225.77,58.1036,11.7563,https://api.coinmarketcap.com/data-api/v3/global-metrics/quotes/historical,0
2025-11-26,3013140717682.51,140402884916.42,57.8378,11.8515,https://api.coinmarketcap.com/data-api/v3/global-metrics/quotes/historical,0
2025-11-27,3099796507303.76,139920152857.87,58.2653,11.7888,https://api.coinmarketcap.com/data-api/v3/global-metrics/quotes/historical,0
2025-11-28,3110368201688.38,118289959188.66,58.5707,11.6986,https://api.coinmarketcap.com/data-api/v3/global-metrics/quotes/historical,0
2025-11-29,3097354048626.7,130062590231.39,58.5733,11.8157,https://api.coinmarketcap.com/data-api/v3/global-metrics/quotes/historical,0
2025-11-30,3086627556076.25,84158288425.61,58.7277,11.696,https://api.coinmarketcap.com/data-api/v3/global-metrics/quotes/historical,0
2025-12-01,3071711460766.56,84354417578.23,58.7201,11.7561,https://api.coinmarketcap.com/data-api/v3/global-metrics/quotes/historical,0
2025-12-02,2931539712013.4,181784971722.91,58.7584,11.5281,https://api.coinmarketcap.com/data-api/v3/global-metrics/quotes/historical,0
2025-12-03,3093030885993.87,156821898412.51,58.9377,11.6979,https://api.coinmarketcap.com/data-api/v3/global-metrics/quotes/historical,0
2025-12-04,3181627825841.59,158576614193.74,58.6235,12.0967,https://api.coinmarketcap.com/data-api/v3/global-metrics/quotes/historical,0
2025-12-05,3130735049271.67,134990550313.45,58.7347,12.0832,https://api.coinmarketcap.com/data-api/v3/global-metrics/quotes/historical,0
2025-12-06,3041893784254.5,135627956125.7,58.6388,11.998,https://api.coinmarketcap.com/data-api/v3/global-metrics/quotes/historical,0
2025-12-07,3043695850628.64,78629766912.27,58.5287,12.0539,https://api.coinmarketcap.com/data-api/v3/global-metrics/quotes/historical,0
2025-12-08,3067794380088.19,104609886385.11,58.8308,12.0445,https://api.coinmarketcap.com/data-api/v3/global-metrics/quotes/historical,0
2025-12-09,3088492345273.68,123122589868.5,58.5777,12.2115,https://api.coinmarketcap.com/data-api/v3/global-metrics/quotes/historical,0
2025-12-10,3165260348352.59,147808606858.04,58.4563,12.6625,https://api.coinmarketcap.com/data-api/v3/global-metrics/quotes/historical,0
2025-12-11,3141462062831.25,144916697303.25,58.47,12.7726,https://api.coinmarketcap.com/data-api/v3/global-metrics/quotes/historical,0
2025-12-12,3138717203208.4,140955430663.96,58.8375,12.4485,https://api.coinmarketcap.com/data-api/v3/global-metrics/quotes/historical,0
2025-12-13,3064936086159.75,146860462471.0,58.7909,12.1467,https://api.coinmarketcap.com/data-api/v3/global-metrics/quotes/historical,0
2025-12-14,3075544208039.34,102053589995.9,58.5981,12.2284,https://api.coinmarketcap.com/data-api/v3/global-metrics/quotes/historical,0
2025-12-15,3010235906439.55,96448069081.47,58.4691,12.2741,https://api.coinmarketcap.com/data-api/v3/global-metrics/quotes/historical,0
2025-12-16,2950968811410.86,118899883205.97,58.464,12.1242,https://api.coinmarketcap.com/data-api/v3/global-metrics/quotes/historical,0
2025-12-17,2982808459352.01,104463664213.13,58.7923,11.9907,https://api.coinmarketcap.com/data-api/v3/global-metrics/quotes/historical,0
2025-12-18,2908913333027.86,115169674942.15,59.1378,11.751,https://api.coinmarketcap.com/data-api/v3/global-metrics/quotes/historical,0
2025-12-19,2879542664557.9,130093541518.32,59.2564,11.8501,https://api.coinmarketcap.com/data-api/v3/global-metrics/quotes/historical,0
2025-12-20,2981811194912.08,124314566536.95,58.9865,12.0534,https://api.coinmarketcap.com/data-api/v3/global-metrics/quotes/historical,0
2025-12-21,2990613320545.69,54411472214.62,58.976,12.0158,https://api.coinmarketcap.com/data-api/v3/global-metrics/quotes/historical,0
2025-12-22,2997407400024.44,68983001077.75,59.0295,12.0858,https://api.coinmarketcap.com/data-api/v3/global-metrics/quotes/historical,0
2025-12-23,2994312469900.24,103385813710.36,59.0177,12.119,https://api.coinmarketcap.com/data-api/v3/global-metrics/quotes/historical,0
2025-12-24,2957176632218.16,102088658647.57,59.0224,12.0926,https://api.coinmarketcap.com/data-api/v3/global-metrics/quotes/historical,0
2025-12-25,2957884186914.29,75158900610.56,59.1383,12.0186,https://api.coinmarketcap.com/data-api/v3/global-metrics/quotes/historical,0
2025-12-26,2934700277588.46,64300755845.82,59.3462,11.9396,https://api.coinmarketcap.com/data-api/v3/global-metrics/quotes/historical,0
2025-12-27,2947572443450.84,97040599006.26,59.1404,11.9801,https://api.coinmarketcap.com/data-api/v3/global-metrics/quotes/historical,0
2025-12-28,2973923395929.38,48195628249.64,58.9539,11.9616,https://api.coinmarketcap.com/data-api/v3/global-metrics/quotes/historical,0
2025-12-29,2976710235974.97,52358732248.91,58.9301,11.9555,https://api.coinmarketcap.com/data-api/v3/global-metrics/quotes/historical,0
2025-12-30,2951927310595.86,117125977919.13,58.9435,11.9994,https://api.coinmarketcap.com/data-api/v3/global-metrics/quotes/historical,0
2025-12-31,2988937415573.34,90083989817.52,59.0733,11.9972,https://api.coinmarketcap.com/data-api/v3/global-metrics/quotes/historical,0
2026-01-01,2962686913811.92,87825284543.53,58.9858,12.0872,https://api.coinmarketcap.com/data-api/v3/global-metrics/quotes/historical,0
2026-01-02,3004534871630.71,60763165835.69,58.9757,12.0527,https://api.coinmarketcap.com/data-api/v3/global-metrics/quotes/historical,0
2026-01-03,3069214747084.34,118434512841.52,58.5264,12.2859,https://api.coinmarketcap.com/data-api/v3/global-metrics/quotes/historical,0
2026-01-04,3089360589368.91,67206026264.46,58.5689,12.2122,https://api.coinmarketcap.com/data-api/v3/global-metrics/quotes/historical,0
2026-01-05,3121302203496.37,80698829864.05,58.5183,12.151,https://api.coinmarketcap.com/data-api/v3/global-metrics/quotes/historical,0
2026-01-06,3208060885996.93,133240409078.8,58.4391,12.1358,https://api.coinmarketcap.com/data-api/v3/global-metrics/quotes/historical,0
2026-01-07,3214487569219.65,137384919078.81,58.229,12.3743,https://api.coinmarketcap.com/data-api/v3/global-metrics/quotes/historical,0
2026-01-08,3126397327476.89,110297322167.36,58.3237,12.2238,https://api.coinmarketcap.com/data-api/v3/global-metrics/quotes/historical,0
2026-01-09,3106463656563.03,112093617884.01,58.5242,12.0608,https://api.coinmarketcap.com/data-api/v3/global-metrics/quotes/historical,0
2026-01-10,3089606517552.13,97780395048.9,58.5158,12.0451,https://api.coinmarketcap.com/data-api/v3/global-metrics/quotes/historical,0
2026-01-11,3087244401681.41,45505426812.24,58.4788,12.0505,https://api.coinmarketcap.com/data-api/v3/global-metrics/quotes/historical,0
2026-01-12,3102959243476.82,58339682476.26,58.4756,12.1307,https://api.coinmarketcap.com/data-api/v3/global-metrics/quotes/historical,0
2026-01-13,3103751137437.92,107121690382.23,58.6883,12.0246,https://api.coinmarketcap.com/data-api/v3/global-metrics/quotes/historical,0
2026-01-14,3247757333484.21,137333657852.9,58.6414,12.3481,https://api.coinmarketcap.com/data-api/v3/global-metrics/quotes/historical,0
2026-01-15,3283479128666.19,153765682434.14,58.9718,12.3316,https://api.coinmarketcap.com/data-api/v3/global-metrics/quotes/historical,0
2026-01-16,3231735580943.48,129201591559.75,59.0676,12.3896,https://api.coinmarketcap.com/data-api/v3/global-metrics/quotes/historical,0
2026-01-17,3230505135067.08,96789608709.11,59.0675,12.3111,https://api.coinmarketcap.com/data-api/v3/global-metrics/quotes/historical,0
2026-01-18,3224199088328.39,59037250962.23,58.9283,12.387,https://api.coinmarketcap.com/data-api/v3/global-metrics/quotes/historical,0
2026-01-19,3173322436541.21,68899775009.91,58.9582,12.4839,https://api.coinmarketcap.com/data-api/v3/global-metrics/quotes/historical,0
2026-01-20,3130750940939.45,120236477334.26,59.0704,12.2855,https://api.coinmarketcap.com/data-api/v3/global-metrics/quotes/historical,0
2026-01-21,2983907165594.0,140673192204.51,59.1367,11.8759,https://api.coinmarketcap.com/data-api/v3/global-metrics/quotes/historical,0
2026-01-22,3022772747468.19,146424590620.46,59.0726,11.8966,https://api.coinmarketcap.com/data-api/v3/global-metrics/quotes/historical,0
2026-01-23,3018034650925.23,99620652811.76,59.2235,11.7951,https://api.coinmarketcap.com/data-api/v3/global-metrics/quotes/historical,0
2026-01-24,3019706207536.56,110344345214.97,59.2154,11.8028,https://api.coinmarketcap.com/data-api/v3/global-metrics/quotes/historical,0
2026-01-25,3010541590050.43,53608532603.16,59.1336,11.8211,https://api.coinmarketcap.com/data-api/v3/global-metrics/quotes/historical,0
2026-01-26,2919003314601.78,102101281264.06,59.2585,11.6416,https://api.coinmarketcap.com/data-api/v3/global-metrics/quotes/historical,0
2026-01-27,2984538775089.33,119519166869.86,59.0879,11.8348,https://api.coinmarketcap.com/data-api/v3/global-metrics/quotes/historical,0
2026-01-28,3022867412017.49,117064497915.55,58.9068,12.0674,https://api.coinmarketcap.com/data-api/v3/global-metrics/quotes/historical,0
2026-01-29,3020556483515.94,104472125797.37,58.9858,12.0115,https://api.coinmarketcap.com/data-api/v3/global-metrics/quotes/historical,0
2026-01-30,2875687027669.77,156961595857.26,58.7564,11.8277,https://api.coinmarketcap.com/data-api/v3/global-metrics/quotes/historical,0
2026-01-31,2841155122820.61,170679744443.46,59.1663,11.48,https://api.coinmarketcap.com/data-api/v3/global-metrics/quotes/historical,0
2026-02-01,2660524317026.48,180978003026.74,59.0654,11.1014,https://api.coinmarketcap.com/data-api/v3/global-metrics/quotes/historical,0
2026-02-02,2590179375124.41,140064859446.3,59.353,10.5656,https://api.coinmarketcap.com/data-api/v3/global-metrics/quotes/historical,0
2026-02-03,2648043207932.09,207243386161.24,59.3776,10.686,https://api.coinmarketcap.com/data-api/v3/global-metrics/quotes/historical,0
2026-02-04,2559559718481.03,169163101986.87,59.0594,10.5117,https://api.coinmarketcap.com/data-api/v3/global-metrics/quotes/historical,0
2026-02-05,2479257387783.53,165877704079.23,58.868,10.4354,https://api.coinmarketcap.com/data-api/v3/global-metrics/quotes/historical,0
2026-02-06,2165376390515.56,268871243551.13,57.9165,10.1564,https://api.coinmarketcap.com/data-api/v3/global-metrics/quotes/historical,0
2026-02-07,2400781264841.82,259063111510.54,58.7204,10.3696,https://api.coinmarketcap.com/data-api/v3/global-metrics/quotes/historical,0
2026-02-08,2374499382435.29,148521174713.63,58.3231,10.6228,https://api.coinmarketcap.com/data-api/v3/global-metrics/quotes/historical,0
2026-02-09,2390772306664.45,89356096829.7,58.7483,10.543,https://api.coinmarketcap.com/data-api/v3/global-metrics/quotes/historical,0
2026-02-10,2389099143159.16,117123248524.14,58.6644,10.6286,https://api.coinmarketcap.com/data-api/v3/global-metrics/quotes/historical,0
2026-02-11,2342019545304.21,98367408888.61,58.7084,10.4096,https://api.coinmarketcap.com/data-api/v3/global-metrics/quotes/historical,0
2026-02-12,2287353016865.78,115219192597.5,58.5552,10.2421,https://api.coinmarketcap.com/data-api/v3/global-metrics/quotes/historical,0
2026-02-13,2275136543637.08,103392850398.92,58.1676,10.3253,https://api.coinmarketcap.com/data-api/v3/global-metrics/quotes/historical,0
2026-02-14,2355867536230.18,96735550296.98,58.4235,10.4939,https://api.coinmarketcap.com/data-api/v3/global-metrics/quotes/historical,0
2026-02-15,2400255908414.88,84112476525.57,58.0978,10.4877,https://api.coinmarketcap.com/data-api/v3/global-metrics/quotes/historical,0
2026-02-16,2351359325805.8,110448343528.66,58.4728,10.0888,https://api.coinmarketcap.com/data-api/v3/global-metrics/quotes/historical,0
2026-02-17,2361037352302.79,85502557076.49,58.2925,10.2128,https://api.coinmarketcap.com/data-api/v3/global-metrics/quotes/historical,0
2026-02-18,2328042922228.27,87687984066.52,57.9461,10.3259,https://api.coinmarketcap.com/data-api/v3/global-metrics/quotes/historical,0
2026-02-19,2290230419094.46,82750968402.52,57.9903,10.2993,https://api.coinmarketcap.com/data-api/v3/global-metrics/quotes/historical,0
2026-02-20,2299600581997.44,77789573607.96,58.2124,10.2254,https://api.coinmarketcap.com/data-api/v3/global-metrics/quotes/historical,0
2026-02-21,2332894416878.06,103595062645.11,58.2733,10.1849,https://api.coinmarketcap.com/data-api/v3/global-metrics/quotes/historical,0
2026-02-22,2333014242991.92,52441277099.53,58.2659,10.209,https://api.coinmarketcap.com/data-api/v3/global-metrics/quotes/historical,0
2026-02-23,2314274534973.84,49466536618.87,58.4373,10.2088,https://api.coinmarketcap.com/data-api/v3/global-metrics/quotes/historical,0
2026-02-24,2225518171446.21,115501385951.95,58.0576,10.0634,https://api.coinmarketcap.com/data-api/v3/global-metrics/quotes/historical,0
2026-02-25,2213549044343.99,92071655380.71,57.8675,10.1005,https://api.coinmarketcap.com/data-api/v3/global-metrics/quotes/historical,0
2026-02-26,2346452096651.67,126676168986.89,57.9181,10.5718,https://api.coinmarketcap.com/data-api/v3/global-metrics/quotes/historical,0
2026-02-27,2326893457092.33,104282252961.48,57.9748,10.5141,https://api.coinmarketcap.com/data-api/v3/global-metrics/quotes/historical,0
2026-02-28,2271948950710.83,97314040428.0,57.9767,10.2545,https://api.coinmarketcap.com/data-api/v3/global-metrics/quotes/historical,0
2026-03-01,2304037439470.58,102407056705.14,58.1458,10.2941,https://api.coinmarketcap.com/data-api/v3/global-metrics/quotes/historical,0
2026-03-02,2270028628658.73,100208703972.67,57.9156,10.3107,https://api.coinmarketcap.com/data-api/v3/global-metrics/quotes/historical,0
2026-03-03,2353233659996.14,127249408045.28,58.4597,10.3972,https://api.coinmarketcap.com/data-api/v3/global-metrics/quotes/historical,0
2026-03-04,2333680512743.56,113100447428.66,58.5303,10.2545,https://api.coinmarketcap.com/data-api/v3/global-metrics/quotes/historical,0
2026-03-05,2455986104085.64,155254645778.52,59.1958,10.4511,https://api.coinmarketcap.com/data-api/v3/global-metrics/quotes/historical,0
2026-03-06,2406044730645.46,111679151937.16,58.8972,10.3957,https://api.coinmarketcap.com/data-api/v3/global-metrics/quotes/historical,0
2026-03-07,2328054756450.63,96288970822.43,58.5263,10.2576,https://api.coinmarketcap.com/data-api/v3/global-metrics/quotes/historical,0
2026-03-08,2304947749107.55,55500143083.5,58.3604,10.312,https://api.coinmarketcap.com/data-api/v3/global-metrics/quotes/historical,0
2026-03-09,2270115604214.35,75155532368.54,58.1218,10.2975,https://api.coinmarketcap.com/data-api/v3/global-metrics/quotes/historical,0
2026-03-10,2337499887152.53,108743480148.8,58.544,10.2939,https://api.coinmarketcap.com/data-api/v3/global-metrics/quotes/historical,0
2026-03-11,2380086793505.14,114831821515.66,58.776,10.3301,https://api.coinmarketcap.com/data-api/v3/global-metrics/quotes/historical,0
2026-03-12,2392060343614.59,99042740510.16,58.7023,10.3538,https://api.coinmarketcap.com/data-api/v3/global-metrics/quotes/historical,0
2026-03-13,2402712055027.06,95642849028.47,58.6906,10.4158,https://api.coinmarketcap.com/data-api/v3/global-metrics/quotes/historical,0
2026-03-14,2416336264579.12,133610216933.08,58.7378,10.4517,https://api.coinmarketcap.com/data-api/v3/global-metrics/quotes/historical,0
2026-03-15,2423903250372.04,56565868132.69,58.7661,10.4403,https://api.coinmarketcap.com/data-api/v3/global-metrics/quotes/historical,0
2026-03-16,2475733149082.16,71747227317.25,58.826,10.6183,https://api.coinmarketcap.com/data-api/v3/global-metrics/quotes/historical,0
2026-03-17,2556327401344.12,141022295063.7,58.5796,11.1016,https://api.coinmarketcap.com/data-api/v3/global-metrics/quotes/historical,0
2026-03-18,2528135919069.45,115375647270.0,58.4988,11.0675,https://api.coinmarketcap.com/data-api/v3/global-metrics/quotes/historical,0
2026-03-19,2444340754170.12,111146167690.46,58.3076,10.8803,https://api.coinmarketcap.com/data-api/v3/global-metrics/quotes/historical,0
2026-03-20,2402862731735.62,105176508223.04,58.2034,10.7365,https://api.coinmarketcap.com/data-api/v3/global-metrics/quotes/historical,0
2026-03-21,2417008969944.12,89063741072.33,58.362,10.719,https://api.coinmarketcap.com/data-api/v3/global-metrics/quotes/historical,0
2026-03-22,2367252863106.9,51189301598.43,58.1525,10.6095,https://api.coinmarketcap.com/data-api/v3/global-metrics/quotes/historical,0
2026-03-23,2337308374320.64,74978674405.1,58.0662,10.6021,https://api.coinmarketcap.com/data-api/v3/global-metrics/quotes/historical,0
2026-03-24,2426522821630.58,124726403123.08,58.4511,10.7035,https://api.coinmarketcap.com/data-api/v3/global-metrics/quotes/historical,0
2026-03-25,2417642258268.2,95659652802.62,58.349,10.7618,https://api.coinmarketcap.com/data-api/v3/global-metrics/quotes/historical,0
2026-03-26,2441585324140.87,87676550779.9,58.4225,10.7175,https://api.coinmarketcap.com/data-api/v3/global-metrics/quotes/historical,0
2026-03-27,2358801733778.56,93245872627.93,58.3307,10.5364,https://api.coinmarketcap.com/data-api/v3/global-metrics/quotes/historical,0
2026-03-28,2290037061438.48,100849309238.08,57.9639,10.4956,https://api.coinmarketcap.com/data-api/v3/global-metrics/quotes/historical,0
2026-03-29,2291589340168.25,52390550786.89,57.9106,10.4967,https://api.coinmarketcap.com/data-api/v3/global-metrics/quotes/historical,0
2026-03-30,2279499711125.01,54318895460.3,57.8964,10.4974,https://api.coinmarketcap.com/data-api/v3/global-metrics/quotes/historical,0
2026-03-31,2301333098946.08,88721282138.69,58.003,10.6148,https://api.coinmarketcap.com/data-api/v3/global-metrics/quotes/historical,0
2026-04-01,2345871850149.12,99801061877.86,58.1975,10.8272,https://api.coinmarketcap.com/data-api/v3/global-metrics/quotes/historical,0
2026-04-02,2348541924002.81,93278546832.66,58.0117,10.9932,https://api.coinmarketcap.com/data-api/v3/global-metrics/quotes/historical,0
2026-04-03,2303738300226.11,97407802976.57,58.1008,10.7751,https://api.coinmarketcap.com/data-api/v3/global-metrics/quotes/historical,0
2026-04-04,2306147704170.02,59592298894.33,58.084,10.7472,https://api.coinmarketcap.com/data-api/v3/global-metrics/quotes/historical,0
2026-04-05,2318250643816.9,44130005627.51,58.0873,10.7522,https://api.coinmarketcap.com/data-api/v3/global-metrics/quotes/historical,0
2026-04-06,2360161314748.85,56293830933.53,58.4894,10.784,https://api.coinmarketcap.com/data-api/v3/global-metrics/quotes/historical,0
2026-04-07,2353816237677.66,91804299363.63,58.5454,10.8067,https://api.coinmarketcap.com/data-api/v3/global-metrics/quotes/historical,0
2026-04-08,2452418042126.31,107549855877.7,58.7047,11.0291,https://api.coinmarketcap.com/data-api/v3/global-metrics/quotes/historical,0
2026-04-09,2417860235358.74,102130642915.51,58.8573,10.9319,https://api.coinmarketcap.com/data-api/v3/global-metrics/quotes/historical,0
2026-04-10,2435400628513.6,93725019364.92,58.9868,10.8514,https://api.coinmarketcap.com/data-api/v3/global-metrics/quotes/historical,0
2026-04-11,2469200620759.58,99348099625.57,59.1501,10.9745,https://api.coinmarketcap.com/data-api/v3/global-metrics/quotes/historical,0
2026-04-12,2476315972549.09,72423026352.99,59.0471,11.1385,https://api.coinmarketcap.com/data-api/v3/global-metrics/quotes/historical,0
2026-04-13,2408226487937.34,75889437382.64,58.8005,10.9855,https://api.coinmarketcap.com/data-api/v3/global-metrics/quotes/historical,0
2026-04-14,2522246699219.07,116615554405.32,59.0885,11.3411,https://api.coinmarketcap.com/data-api/v3/global-metrics/quotes/historical,0
2026-04-15,2509003792463.73,156313384404.94,59.1771,11.1756,https://api.coinmarketcap.com/data-api/v3/global-metrics/quotes/historical,0
2026-04-16,2531413658600.72,132540939640.89,59.1553,11.251,https://api.coinmarketcap.com/data-api/v3/global-metrics/quotes/historical,0
2026-04-17,2555696804792.52,152063229025.18,58.8656,11.0914,https://api.coinmarketcap.com/data-api/v3/global-metrics/quotes/historical,0
2026-04-18,2609181803991.12,175737309975.42,59.1738,11.1987,https://api.coinmarketcap.com/data-api/v3/global-metrics/quotes/historical,0
2026-04-19,2553835239177.74,119941767425.53,59.3544,11.1102,https://api.coinmarketcap.com/data-api/v3/global-metrics/quotes/historical,0
2026-04-20,2494934725428.5,125226986402.94,59.2437,10.9528,https://api.coinmarketcap.com/data-api/v3/global-metrics/quotes/historical,0
2026-04-21,2549700499846.87,143239222439.11,59.5635,10.9571,https://api.coinmarketcap.com/data-api/v3/global-metrics/quotes/historical,0
2026-04-22,2564248543217.03,132812492740.4,59.6048,10.9561,https://api.coinmarketcap.com/data-api/v3/global-metrics/quotes/historical,0
2026-04-23,2610474995048.88,153159227771.81,59.9697,10.9831,https://api.coinmarketcap.com/data-api/v3/global-metrics/quotes/historical,0
2026-04-24,2607747464829.18,145436855836.39,60.0894,10.7907,https://api.coinmarketcap.com/data-api/v3/global-metrics/quotes/historical,0
2026-04-25,2588159839378.11,132755908140.27,59.9157,10.7986,https://api.coinmarketcap.com/data-api/v3/global-metrics/quotes/historical,0
2026-04-26,2590201307560.45,98340939748.37,59.9978,10.8058,https://api.coinmarketcap.com/data-api/v3/global-metrics/quotes/historical,0
2026-04-27,2623120725227.89,105813368650.73,60.0425,10.9046,https://api.coinmarketcap.com/data-api/v3/global-metrics/quotes/historical,0
2026-04-28,2580083139361.93,141380491667.22,60.0384,10.7737,https://api.coinmarketcap.com/data-api/v3/global-metrics/quotes/historical,0
2026-04-29,2553807030321.88,119150659303.05,59.8556,10.8189,https://api.coinmarketcap.com/data-api/v3/global-metrics/quotes/historical,0
2026-04-30,2535273210987.7,138991149954.67,59.8359,10.7249,https://api.coinmarketcap.com/data-api/v3/global-metrics/quotes/historical,0
2026-05-01,2544943244677.18,122132606594.0,60.0353,10.7003,https://api.coinmarketcap.com/data-api/v3/global-metrics/quotes/historical,0
2026-05-02,2593241053229.18,131594709547.81,60.3784,10.6812,https://api.coinmarketcap.com/data-api/v3/global-metrics/quotes/historical,0
2026-05-03,2606994034907.71,90283275543.91,60.4187,10.7236,https://api.coinmarketcap.com/data-api/v3/global-metrics/quotes/historical,0
2026-05-04,2605472227794.47,94293269792.0,60.3608,10.7564,https://api.coinmarketcap.com/data-api/v3/global-metrics/quotes/historical,0
2026-05-05,2638846176828.43,169914137705.88,60.5702,10.7319,https://api.coinmarketcap.com/data-api/v3/global-metrics/quotes/historical,0
2026-05-06,2676466285954.24,145740607836.76,60.5409,10.6461,https://api.coinmarketcap.com/data-api/v3/global-metrics/quotes/historical,0
2026-05-07,2697883510640.86,154228720016.31,60.4407,10.516,https://api.coinmarketcap.com/data-api/v3/global-metrics/quotes/historical,0
2026-05-08,2655783201562.67,140816374676.55,60.3362,10.4109,https://api.coinmarketcap.com/data-api/v3/global-metrics/quotes/historical,0
2026-05-09,2675049580817.23,96636527651.12,60.0308,10.4086,https://api.coinmarketcap.com/data-api/v3/global-metrics/quotes/historical,0
2026-05-10,2685463231291.39,63141179913.23,60.1535,10.4554,https://api.coinmarketcap.com/data-api/v3/global-metrics/quotes/historical,0
2026-05-11,2734766909991.24,88191883389.77,60.1625,10.4558,https://api.coinmarketcap.com/data-api/v3/global-metrics/quotes/historical,0
2026-05-12,2720943662604.91,91432944989.05,60.1544,10.3761,https://api.coinmarketcap.com/data-api/v3/global-metrics/quotes/historical,0
2026-05-13,2679082987828.19,87671766735.68,60.1625,10.2461,https://api.coinmarketcap.com/data-api/v3/global-metrics/quotes/historical,0
2026-05-14,2646588235842.2,93672631636.92,59.998,10.295,https://api.coinmarketcap.com/data-api/v3/global-metrics/quotes/historical,0
2026-05-15,2695026436853.4,105773258619.31,60.2425,10.2177,https://api.coinmarketcap.com/data-api/v3/global-metrics/quotes/historical,0
2026-05-16,2632157588765.3,96509231550.89,60.1658,10.194,https://api.coinmarketcap.com/data-api/v3/global-metrics/quotes/historical,0
2026-05-17,2599699928514.64,65558649851.33,60.1942,10.1195,https://api.coinmarketcap.com/data-api/v3/global-metrics/quotes/historical,0
2026-05-18,2573828230574.09,57065924330.68,60.2516,9.9817,https://api.coinmarketcap.com/data-api/v3/global-metrics/quotes/historical,0
2026-05-19,2564248072727.97,100202338712.23,60.114,10.0179,https://api.coinmarketcap.com/data-api/v3/global-metrics/quotes/historical,0
2026-05-20,2553453440138.83,70080826675.31,60.2126,9.9725,https://api.coinmarketcap.com/data-api/v3/global-metrics/quotes/historical,0
2026-05-21,2579317177822.19,75691936284.41,60.1647,9.9534,https://api.coinmarketcap.com/data-api/v3/global-metrics/quotes/historical,0
2026-05-22,2589823180309.06,80066673817.35,59.9798,9.933,https://api.coinmarketcap.com/data-api/v3/global-metrics/quotes/historical,0
2026-05-23,2525702422897.51,79851239254.97,59.8595,9.8628,https://api.coinmarketcap.com/data-api/v3/global-metrics/quotes/historical,0
2026-05-24,2563132063824.95,80932213661.56,59.9206,9.96,https://api.coinmarketcap.com/data-api/v3/global-metrics/quotes/historical,0
2026-05-25,2566624473248.23,59930319182.34,60.0834,9.864,https://api.coinmarketcap.com/data-api/v3/global-metrics/quotes/historical,0
2026-05-26,2579108875863.71,63672949547.84,60.0261,9.8788,https://api.coinmarketcap.com/data-api/v3/global-metrics/quotes/historical,0
2026-05-27,2537380279586.97,95801714921.59,59.8726,9.8502,https://api.coinmarketcap.com/data-api/v3/global-metrics/quotes/historical,0
2026-05-28,2494110418135.96,88507992545.82,59.7148,9.7841,https://api.coinmarketcap.com/data-api/v3/global-metrics/quotes/historical,0
2026-05-29,2471704057218.53,100932002319.54,59.6052,9.8008,https://api.coinmarketcap.com/data-api/v3/global-metrics/quotes/historical,0
2026-05-30,2471692542303.36,89619325334.18,59.476,9.8234,https://api.coinmarketcap.com/data-api/v3/global-metrics/quotes/historical,0
2026-05-31,2492142106415.57,60420493223.47,59.298,9.7785,https://api.coinmarketcap.com/data-api/v3/global-metrics/quotes/historical,0
2026-06-01,2488888162967.24,58256214746.94,59.2305,9.718,https://api.coinmarketcap.com/data-api/v3/global-metrics/quotes/historical,0
2026-06-02,2437223359354.95,111676315856.1,58.6363,9.9209,https://api.coinmarketcap.com/data-api/v3/global-metrics/quotes/historical,0
2026-06-03,2300212605026.85,129507676340.47,58.0881,9.7457,https://api.coinmarketcap.com/data-api/v3/global-metrics/quotes/historical,0
2026-06-04,2237946263880.01,124511765298.87,57.3313,9.768,https://api.coinmarketcap.com/data-api/v3/global-metrics/quotes/historical,0
2026-06-05,2207931253100.38,145820894025.94,57.9126,9.6716,https://api.coinmarketcap.com/data-api/v3/global-metrics/quotes/historical,0
2026-06-06,2100508271053.51,170408905760.01,58.1748,9.0895,https://api.coinmarketcap.com/data-api/v3/global-metrics/quotes/historical,0
2026-06-07,2095567529990.77,82554271665.47,58.2034,9.0348,https://api.coinmarketcap.com/data-api/v3/global-metrics/quotes/historical,0
2026-06-08,2177252270206.05,84770964184.35,58.2393,9.3566,https://api.coinmarketcap.com/data-api/v3/global-metrics/quotes/historical,0
2026-06-09,2175066240501.42,88094734740.6,58.1216,9.3773,https://api.coinmarketcap.com/data-api/v3/global-metrics/quotes/historical,0
2026-06-10,2128413723824.95,90795386813.48,58.0509,9.288,https://api.coinmarketcap.com/data-api/v3/global-metrics/quotes/historical,0
2026-06-11,2112501235963.05,74665250032.66,58.2979,9.2563,https://api.coinmarketcap.com/data-api/v3/global-metrics/quotes/historical,0
2026-06-12,2178294183422.07,77601686072.6,58.4698,9.2621,https://api.coinmarketcap.com/data-api/v3/global-metrics/quotes/historical,0
2026-06-13,2174442338532.04,72791448188.8,58.5673,9.2417,https://api.coinmarketcap.com/data-api/v3/global-metrics/quotes/historical,0
2026-06-14,2200815491046.22,49022759173.39,58.6627,9.2132,https://api.coinmarketcap.com/data-api/v3/global-metrics/quotes/historical,0
2026-06-15,2241187979870.29,56656033140.73,58.7646,9.2862,https://api.coinmarketcap.com/data-api/v3/global-metrics/quotes/historical,0
2026-06-16,2269630890145.72,91630885146.77,58.5397,9.5443,https://api.coinmarketcap.com/data-api/v3/global-metrics/quotes/historical,0
2026-06-17,2250755772515.81,75577135511.46,58.4218,9.6008,https://api.coinmarketcap.com/data-api/v3/global-metrics/quotes/historical,0
2026-06-18,2217319048570.16,83055560428.28,58.2482,9.5161,https://api.coinmarketcap.com/data-api/v3/global-metrics/quotes/historical,0
2026-06-19,2170175971581.07,78073735647.14,58.0882,9.5055,https://api.coinmarketcap.com/data-api/v3/global-metrics/quotes/historical,0
2026-06-20,2182306409683.16,58254648795.67,58.336,9.4583,https://api.coinmarketcap.com/data-api/v3/global-metrics/quotes/historical,0
2026-06-21,2203420325058.28,50142890671.82,58.4439,9.526,https://api.coinmarketcap.com/data-api/v3/global-metrics/quotes/historical,0
2026-06-22,2174113833422.87,48764942736.07,58.3109,9.4631,https://api.coinmarketcap.com/data-api/v3/global-metrics/quotes/historical,0
2026-06-23,2191469060792.05,70822006487.33,58.5006,9.5079,https://api.coinmarketcap.com/data-api/v3/global-metrics/quotes/historical,0
2026-06-24,2149493762557.07,71650423594.64,58.4409,9.3494,https://api.coinmarketcap.com/data-api/v3/global-metrics/quotes/historical,0
2026-06-25,2101491533289.17,92870296891.96,58.1805,9.3015,https://api.coinmarketcap.com/data-api/v3/global-metrics/quotes/historical,0
2026-06-26,2061313583586.17,94416995377.31,58.0728,9.1611,https://api.coinmarketcap.com/data-api/v3/global-metrics/quotes/historical,0
2026-06-27,2074477539876.74,93702689506.72,58.0008,9.1718,https://api.coinmarketcap.com/data-api/v3/global-metrics/quotes/historical,0
2026-06-28,2066972131670.31,43696001907.82,58.1403,9.1762,https://api.coinmarketcap.com/data-api/v3/global-metrics/quotes/historical,0
2026-06-29,2056614417810.17,45749494034.56,58.0148,9.2119,https://api.coinmarketcap.com/data-api/v3/global-metrics/quotes/historical,0
2026-06-30,2082772399709.04,80947941588.72,57.8966,9.3308,https://api.coinmarketcap.com/data-api/v3/global-metrics/quotes/historical,0
2026-07-01,2036206647825.95,76402113040.71,57.6599,9.3042,https://api.coinmarketcap.com/data-api/v3/global-metrics/quotes/historical,0
2026-07-02,2076307352175.69,85439614251.63,57.9257,9.349,https://api.coinmarketcap.com/data-api/v3/global-metrics/quotes/historical,0
2026-07-03,2127835586044.13,88271790720.0,57.9463,9.6327,https://api.coinmarketcap.com/data-api/v3/global-metrics/quotes/historical,0
2026-07-04,2168569171832.98,67184055771.29,57.8341,9.7763,https://api.coinmarketcap.com/data-api/v3/global-metrics/quotes/historical,0
2026-07-05,2184368324496.01,53184751693.36,57.9143,9.829,https://api.coinmarketcap.com/data-api/v3/global-metrics/quotes/historical,0
2026-07-06,2195935631140.2,53896812718.01,58.0507,9.8021,https://api.coinmarketcap.com/data-api/v3/global-metrics/quotes/historical,0
2026-07-07,2204416762718.81,86833948512.69,58.2153,9.8415,https://api.coinmarketcap.com/data-api/v3/global-metrics/quotes/historical,0
2026-07-08,2179916907548.42,73041535226.31,58.2362,9.7926,https://api.coinmarketcap.com/data-api/v3/global-metrics/quotes/historical,0
2026-07-09,2148328128617.33,69234495974.35,58.1037,9.7878,https://api.coinmarketcap.com/data-api/v3/global-metrics/quotes/historical,0
2026-07-10,2168542296512.62,62865550550.48,58.4364,9.7078,https://api.coinmarketcap.com/data-api/v3/global-metrics/quotes/historical,0
2026-07-11,2198784426682.84,66224690315.6,58.4887,9.8562,https://api.coinmarketcap.com/data-api/v3/global-metrics/quotes/historical,0
2026-07-12,2187494805535.63,44051898661.9,58.4779,9.86,https://api.coinmarketcap.com/data-api/v3/global-metrics/quotes/historical,0
2026-07-13,2188905257109.58,46003128148.88,58.4112,9.9551,https://api.coinmarketcap.com/data-api/v3/global-metrics/quotes/historical,0
2026-07-14,2145725536452.29,72528361522.64,58.1836,9.9764,https://api.coinmarketcap.com/data-api/v3/global-metrics/quotes/historical,0
2026-07-15,2227221406425.37,72046357303.67,58.504,10.2396,https://api.coinmarketcap.com/data-api/v3/global-metrics/quotes/historical,0
2026-07-16,2224231971711.84,67160107361.33,58.358,10.4014,https://api.coinmarketcap.com/data-api/v3/global-metrics/quotes/historical,0
2026-07-17,2189890178869.41,64639793411.38,58.4248,10.2679,https://api.coinmarketcap.com/data-api/v3/global-metrics/quotes/historical,0
2026-07-18,2190100017808.23,64247385781.03,58.516,10.1439,https://api.coinmarketcap.com/data-api/v3/global-metrics/quotes/historical,0
2026-07-19,2210993825835.68,36461979031.7,58.7837,10.1602,https://api.coinmarketcap.com/data-api/v3/global-metrics/quotes/historical,0
2026-07-20,2210330338918.87,40504582571.5,58.6991,10.2169,https://api.coinmarketcap.com/data-api/v3/global-metrics/quotes/historical,0
2026-07-21,2228584113143.08,70380378345.19,58.7049,10.308,https://api.coinmarketcap.com/data-api/v3/global-metrics/quotes/historical,0
2026-07-22,2260726763304.86,69205127577.46,59.0128,10.2943,https://api.coinmarketcap.com/data-api/v3/global-metrics/quotes/historical,0
2026-07-23,2249444152930.26,64917763826.66,58.9378,10.3727,https://api.coinmarketcap.com/data-api/v3/global-metrics/quotes/historical,0
2026-07-24,2213593514170.65,60629115148.5,58.9473,10.2332,https://api.coinmarketcap.com/data-api/v3/global-metrics/quotes/historical,0
2026-07-25,2189384863154.65,62382523141.26,58.729,10.2532,https://api.coinmarketcap.com/data-api/v3/global-metrics/quotes/historical,0
2026-07-26,2198245001275.96,38694180680.17,58.6907,10.284,https://api.coinmarketcap.com/data-api/v3/global-metrics/quotes/historical,0
2026-07-27,2234188500853.61,42181477034.14,58.6687,10.5505,https://api.coinmarketcap.com/data-api/v3/global-metrics/quotes/historical,0
2026-07-28,2179895478247.53,68151135258.79,58.6387,10.467,https://api.coinmarketcap.com/data-api/v3/global-metrics/quotes/historical,0
2026-07-29,2187980138918.93,62995390532.04,58.5583,10.5894,https://api.coinmarketcap.com/data-api/v3/global-metrics/quotes/historical,0
2026-07-30,2185802659760.39,67535538949.6,58.6576,10.537,https://api.coinmarketcap.com/data-api/v3/global-metrics/quotes/historical,0
2026-07-31,2208333746605.97,58815631975.08,58.8041,10.477,https://api.coinmarketcap.com/data-api/v3/global-metrics/quotes/historical,0
