Date,Mean_Bank_5Y_CDS_bps,Bank_CDS_95pct_Threshold_bps,Bank_CDS_Stress_Dummy,Max_SOFR_OIS_Spread_bps,SOFR_OIS_95pct_Threshold_bps,SOFR_OIS_Stress_Dummy,Funding_Stress_Dummy
2020-01-01,,,0,,,0,0
2020-01-02,37.050000000000004,,0,,,0,0
2020-01-03,38.77666666666667,,0,,,0,0
2020-01-04,,,0,,,0,0
2020-01-05,,,0,,,0,0
2020-01-06,39.95666666666667,,0,,,0,0
2020-01-07,40.01,,0,,,0,0
2020-01-08,39.61333333333334,,0,,,0,0
2020-01-09,38.0,,0,,,0,0
2020-01-10,37.10333333333333,,0,,,0,0
2020-01-11,,,0,,,0,0
2020-01-12,,,0,,,0,0
2020-01-13,37.620000000000005,,0,,,0,0
2020-01-14,37.11333333333334,,0,,,0,0
2020-01-15,37.17666666666666,,0,,,0,0
2020-01-16,35.86,,0,,,0,0
2020-01-17,35.580000000000005,,0,,,0,0
2020-01-18,,,0,,,0,0
2020-01-19,,,0,,,0,0
2020-01-20,35.59,,0,,,0,0
2020-01-21,35.68,,0,,,0,0
2020-01-22,35.39666666666667,,0,,,0,0
2020-01-23,35.583333333333336,,0,,,0,0
2020-01-24,37.21333333333333,,0,,,0,0
2020-01-25,,,0,,,0,0
2020-01-26,,,0,,,0,0
2020-01-27,39.35333333333333,,0,,,0,0
2020-01-28,37.27,,0,,,0,0
2020-01-29,37.01,,0,,,0,0
2020-01-30,37.22666666666667,39.95933333333334,0,,,0,0
2020-01-31,38.57,39.95666666666667,0,,,0,0
2020-02-01,,,0,,,0,0
2020-02-02,,,0,,,0,0
2020-02-03,38.19,39.9395,0,,,0,0
2020-02-04,36.01333333333333,39.922333333333334,0,,,0,0
2020-02-05,34.586666666666666,39.905166666666666,0,,,0,0
2020-02-06,34.40333333333333,39.888000000000005,0,,,0,0
2020-02-07,34.013333333333335,39.87083333333334,0,,,0,0
2020-02-08,,,0,,,0,0
2020-02-09,,,0,,,0,0
2020-02-10,33.95333333333334,39.85366666666667,0,,,0,0
2020-02-11,33.446666666666665,39.8365,0,,,0,0
2020-02-12,33.06666666666667,39.81933333333333,0,,,0,0
2020-02-13,33.11333333333334,39.80216666666667,0,,,0,0
2020-02-14,33.18,39.785000000000004,0,,,0,0
2020-02-15,,,0,,,0,0
2020-02-16,,,0,,,0,0
2020-02-17,33.163333333333334,39.767833333333336,0,,,0,0
2020-02-18,33.96666666666667,39.75066666666667,0,,,0,0
2020-02-19,33.68666666666667,39.7335,0,,,0,0
2020-02-20,34.556666666666665,39.71633333333334,0,,,0,0
2020-02-21,35.946666666666665,39.69916666666667,0,,,0,0
2020-02-22,,,0,,,0,0
2020-02-23,,,0,,,0,0
2020-02-24,42.07333333333333,39.682,1,,,0,1
2020-02-25,45.18333333333334,39.964666666666666,1,,,0,1
2020-02-26,47.120000000000005,40.21633333333333,1,,,0,1
2020-02-27,55.85,42.22883333333332,1,,,0,1
2020-02-28,59.06999999999999,45.18333333333334,1,,,0,1
2020-02-29,,,1,,,0,1
2020-03-01,,,1,,,0,1
2020-03-02,58.529999999999994,47.02316666666666,1,,,0,1
2020-03-03,59.61666666666667,54.97699999999999,1,,,0,1
2020-03-04,56.56666666666666,58.128,0,,,0,0
2020-03-05,63.28333333333334,58.13733333333332,1,,,0,1
2020-03-06,78.33333333333333,58.934999999999995,1,,,0,1
2020-03-07,,,1,,,0,1
2020-03-08,,,1,,,0,1
2020-03-09,,59.452666666666666,0,,,0,0
2020-03-10,88.51666666666667,59.452666666666666,1,,,0,1
2020-03-11,101.77999999999999,62.0,1,,,0,1
2020-03-12,,72.31333333333325,0,,,0,0
2020-03-13,109.25999999999999,72.31333333333325,1,,,0,1
2020-03-14,,,1,,,0,1
2020-03-15,,,1,,,0,1
2020-03-16,135.40333333333334,83.93416666666664,1,,,0,1
2020-03-17,138.52,95.14833333333333,1,,,0,1
2020-03-18,168.76,105.14599999999996,1,,,0,1
2020-03-19,169.71333333333334,119.71733333333329,1,,,0,1
2020-03-20,185.45666666666668,136.49416666666664,1,,,0,1
2020-03-21,,,1,,,0,1
2020-03-22,,,1,,,0,1
2020-03-23,172.0533333333333,147.59199999999993,1,,,0,1
2020-03-24,150.76333333333332,168.99833333333333,0,,,0,0
2020-03-25,137.49333333333334,168.95066666666665,0,,,0,0
2020-03-26,120.08,168.903,0,,,0,0
2020-03-27,118.44,168.85533333333333,0,,,0,0
2020-03-28,,,0,,,0,0
2020-03-29,,,0,,,0,0
2020-03-30,107.87,168.80766666666665,0,,,0,0
2020-03-31,101.30333333333334,168.76,0,,,0,0
2020-04-01,103.76666666666667,167.86016666666657,0,,,0,0
2020-04-02,103.76666666666667,166.9603333333333,0,,,0,0
2020-04-03,110.20333333333333,166.06049999999988,0,,,0,0
2020-04-04,,,0,,,0,0
2020-04-05,,,0,,,0,0
2020-04-06,105.2,165.1606666666666,0,,,0,0
2020-04-07,101.60333333333334,164.26083333333332,0,,,0,0
2020-04-08,95.72666666666667,163.3609999999999,0,,,0,0
2020-04-09,74.11999999999999,162.46116666666663,0,,,0,0
2020-04-10,74.11999999999999,161.5613333333332,0,,,0,0
2020-04-11,,,0,,,0,0
2020-04-12,,,0,,,0,0
2020-04-13,67.72000000000001,160.66149999999993,0,,,0,0
2020-04-14,63.69333333333333,159.76166666666666,0,,,0,0
2020-04-15,65.73333333333333,158.86183333333338,0,,,0,0
2020-04-16,71.52999999999999,157.96199999999985,0,,,0,0
2020-04-17,72.85333333333334,157.06216666666654,0,,,0,0
2020-04-18,,,0,,,0,0
2020-04-19,,,0,,,0,0
2020-04-20,77.63333333333334,156.16233333333327,0,,,0,0
2020-04-21,82.08333333333333,155.2625,0,,,0,0
2020-04-22,80.85666666666667,154.3626666666667,0,,,0,0
2020-04-23,74.61333333333333,153.46283333333318,0,,,0,0
2020-04-24,77.37666666666667,152.56299999999987,0,,,0,0
2020-04-25,,,0,,,0,0
2020-04-26,,,0,,,0,0
2020-04-27,76.08333333333333,151.6631666666666,0,,,0,0
2020-04-28,72.88333333333333,150.76333333333332,0,,,0,0
2020-04-29,70.44,150.15116666666668,0,,,0,0
2020-04-30,69.62666666666667,149.53899999999987,0,,,0,0
2020-05-01,72.84333333333335,148.92683333333326,0,,,0,0
2020-05-02,,,0,,,0,0
2020-05-03,,,0,,,0,0
2020-05-04,74.92666666666668,148.31466666666662,0,,,0,0
2020-05-05,74.96666666666667,147.7025,0,,,0,0
2020-05-06,75.41666666666667,147.09033333333338,0,,,0,0
2020-05-07,75.55999999999999,146.47816666666657,0,,,0,0
2020-05-08,75.75999999999999,145.86599999999993,0,,,0,0
2020-05-09,,,0,,,0,0
2020-05-10,,,0,,,0,0
2020-05-11,77.34333333333332,145.2538333333333,0,,,0,0
2020-05-12,76.64666666666666,144.64166666666665,0,,,0,0
2020-05-13,81.44,144.02950000000004,0,,,0,0
2020-05-14,90.08666666666666,143.41733333333323,0,,,0,0
2020-05-15,88.73333333333333,142.8051666666666,0,,,0,0
2020-05-16,,,0,,,0,0
2020-05-17,,,0,,,0,0
2020-05-18,81.12,142.19299999999996,0,,,0,0
2020-05-19,79.13,141.58083333333335,0,,,0,0
2020-05-20,74.31333333333333,140.96866666666654,0,,,0,0
2020-05-21,75.39,140.3564999999999,0,,,0,0
2020-05-22,75.43,139.74433333333326,0,,,0,0
2020-05-23,,,0,,,0,0
2020-05-24,,,0,,,0,0
2020-05-25,75.43,139.13216666666665,0,,,0,0
2020-05-26,71.24000000000001,138.52,0,,,0,0
2020-05-27,67.73333333333333,138.46866666666668,0,,,0,0
2020-05-28,67.46,138.41733333333335,0,,,0,0
2020-05-29,67.87,138.366,0,,,0,0
2020-05-30,,,0,,,0,0
2020-05-31,,,0,,,0,0
2020-06-01,67.95,138.31466666666668,0,,,0,0
2020-06-02,65.54,138.26333333333335,0,,,0,0
2020-06-03,58.92666666666668,138.212,0,,,0,0
2020-06-04,58.77633333333333,138.16066666666666,0,,,0,0
2020-06-05,53.196666666666665,138.10933333333332,0,,,0,0
2020-06-06,,,0,,,0,0
2020-06-07,,,0,,,0,0
2020-06-08,53.22666666666667,138.058,0,,,0,0
2020-06-09,60.376666666666665,138.00666666666666,0,,,0,0
2020-06-10,63.29,137.95533333333333,0,,,0,0
2020-06-11,74.53666666666665,137.904,0,,,0,0
2020-06-12,72.57000000000001,137.85266666666666,0,,,0,0
2020-06-13,,,0,,,0,0
2020-06-14,,,0,,,0,0
2020-06-15,65.47000000000001,137.80133333333333,0,,,0,0
2020-06-16,57.873333333333335,137.75,0,,,0,0
2020-06-17,57.64000000000001,137.69866666666667,0,,,0,0
2020-06-18,60.370000000000005,137.64733333333334,0,,,0,0
2020-06-19,60.36666666666667,137.596,0,,,0,0
2020-06-20,,,0,,,0,0
2020-06-21,,,0,,,0,0
2020-06-22,60.673333333333325,137.54466666666667,0,,,0,0
2020-06-23,60.23666666666667,137.49333333333334,0,,,0,0
2020-06-24,64.13666666666667,137.3888333333333,0,,,0,0
2020-06-25,64.83999999999999,137.2843333333333,0,,,0,0
2020-06-26,65.59333333333332,137.17983333333333,0,,,0,0
2020-06-27,,,0,,,0,0
2020-06-28,,,0,,,0,0
2020-06-29,65.85000000000001,137.07533333333333,0,,,0,0
2020-06-30,65.61,136.97083333333333,0,,,0,0
2020-07-01,64.97333333333334,136.8663333333333,0,,,0,0
2020-07-02,62.07666666666666,136.76183333333333,0,,,0,0
2020-07-03,62.24,136.65733333333333,0,,,0,0
2020-07-04,,,0,,,0,0
2020-07-05,,,0,,,0,0
2020-07-06,60.24666666666667,136.55283333333333,0,,,0,0
2020-07-07,60.38333333333333,136.44833333333332,0,,,0,0
2020-07-08,59.50333333333333,136.34383333333332,0,,,0,0
2020-07-09,60.076666666666675,136.23933333333332,0,,,0,0
2020-07-10,60.78333333333334,136.13483333333332,0,,,0,0
2020-07-11,,,0,,,0,0
2020-07-12,,,0,,,0,0
2020-07-13,59.279999999999994,136.03033333333332,0,,,0,0
2020-07-14,58.61433333333334,135.92583333333334,0,,,0,0
2020-07-15,57.29333333333333,135.8213333333333,0,,,0,0
2020-07-16,57.16,135.71683333333334,0,,,0,0
2020-07-17,56.86333333333334,135.6123333333333,0,,,0,0
2020-07-18,,,0,,,0,0
2020-07-19,,,0,,,0,0
2020-07-20,56.22,135.5078333333333,0,,,0,0
2020-07-21,55.19666666666666,135.40333333333334,0,,,0,0
2020-07-22,55.29,134.6371666666665,0,,,0,0
2020-07-23,54.919999999999995,133.8710000000001,0,,,0,0
2020-07-24,55.66,133.10483333333326,0,,,0,0
2020-07-25,,,0,,,0,0
2020-07-26,,,0,,,0,0
2020-07-27,55.95666666666667,132.3386666666664,0,,,0,0
2020-07-28,56.44333333333333,131.5725,0,,,0,0
2020-07-29,56.406666666666666,130.80633333333316,0,1.4,,0,0
2020-07-30,57.74666666666667,130.04016666666675,0,3.0,,0,0
2020-07-31,57.842333333333336,129.27399999999992,0,2.800000000000001,,0,0
2020-08-01,,,0,,,0,0
2020-08-02,,,0,,,0,0
2020-08-03,57.620000000000005,128.50783333333308,0,2.600000000000001,,0,0
2020-08-04,57.89000000000001,127.74166666666667,0,1.7000000000000002,,0,0
2020-08-05,56.57,126.97549999999983,0,1.8000000000000005,,0,0
2020-08-06,56.23333333333333,126.20933333333342,0,1.6,,0,0
2020-08-07,55.663333333333334,125.44316666666658,0,1.8000000000000005,,0,0
2020-08-08,,,0,,,0,0
2020-08-09,,,0,,,0,0
2020-08-10,55.13666666666666,124.67699999999974,0,1.5,,0,0
2020-08-11,54.81333333333333,123.91083333333333,0,2.700000000000001,,0,0
2020-08-12,54.51333333333333,123.1446666666665,0,1.0999999999999996,,0,0
2020-08-13,54.39333333333334,122.37850000000009,0,0.8999999999999995,,0,0
2020-08-14,54.11333333333334,121.61233333333324,0,0.5999999999999992,,0,0
2020-08-15,,,0,,,0,0
2020-08-16,,,0,,,0,0
2020-08-17,53.870000000000005,120.8461666666664,0,1.6,,0,0
2020-08-18,53.906666666666666,120.08,0,0.6999999999999993,,0,0
2020-08-19,53.553333333333335,119.99799999999998,0,1.6,,0,0
2020-08-20,53.629999999999995,119.91600000000001,0,-0.2999999999999989,,0,0
2020-08-21,54.07333333333333,119.83399999999999,0,0.1,,0,0
2020-08-22,,,0,,,0,0
2020-08-23,,,0,,,0,0
2020-08-24,53.169999999999995,119.75199999999997,0,1.0999999999999996,,0,0
2020-08-25,52.01666666666666,119.67,0,0.7000000000000006,,0,0
2020-08-26,51.333333333333336,119.58799999999998,0,-0.1999999999999988,2.8100000000000014,0,0
2020-08-27,50.913333333333334,119.50600000000001,0,-0.3999999999999989,2.800000000000001,0,0
2020-08-28,51.52333333333333,119.42399999999999,0,-0.2999999999999989,2.7950000000000013,0,0
2020-08-29,,,0,,,0,0
2020-08-30,,,0,,,0,0
2020-08-31,50.910000000000004,119.34199999999997,0,1.6,2.790000000000001,0,0
2020-09-01,50.53,119.25999999999999,0,1.7000000000000002,2.785000000000001,0,0
2020-09-02,49.44,119.17799999999998,0,1.7000000000000002,2.7800000000000007,0,0
2020-09-03,49.67000000000001,119.096,0,2.500000000000001,2.7750000000000012,0,0
2020-09-04,49.73333333333333,119.01399999999998,0,0.7999999999999994,2.770000000000001,0,0
2020-09-05,,,0,,,0,0
2020-09-06,,,0,,,0,0
2020-09-07,49.73333333333333,118.93199999999997,0,,,0,0
2020-09-08,50.95333333333334,118.85,0,0.7999999999999994,2.765000000000001,0,0
2020-09-09,50.41,118.76799999999997,0,0.6999999999999993,2.760000000000001,0,0
2020-09-10,50.42333333333334,118.686,0,0.6999999999999993,2.755000000000001,0,0
2020-09-11,50.79333333333333,118.60399999999998,0,1.0999999999999996,2.750000000000001,0,0
2020-09-12,,,0,,,0,0
2020-09-13,,,0,,,0,0
2020-09-14,50.71333333333333,118.52199999999996,0,1.1999999999999995,2.745000000000001,0,0
2020-09-15,49.343333333333334,118.44,0,2.1000000000000005,2.740000000000001,0,0
2020-09-16,49.556666666666665,118.02816666666656,0,2.500000000000001,2.7350000000000008,0,0
2020-09-17,50.01,117.61633333333337,0,2.500000000000001,2.730000000000001,0,0
2020-09-18,50.326666666666675,117.20449999999995,0,1.4,2.725000000000001,0,0
2020-09-19,,,0,,,0,0
2020-09-20,,,0,,,0,0
2020-09-21,56.13333333333333,116.79266666666652,0,0.5000000000000004,2.7200000000000006,0,0
2020-09-22,56.166666666666664,116.38083333333333,0,-0.499999999999999,2.7150000000000007,0,0
2020-09-23,57.276666666666664,115.96899999999991,0,-1.0000000000000009,2.7100000000000013,0,0
2020-09-24,58.22666666666667,115.55716666666672,0,-0.2999999999999989,2.705000000000001,0,0
2020-09-25,58.53,115.14533333333328,0,0.5000000000000004,2.700000000000001,0,0
2020-09-26,,,0,,,0,0
2020-09-27,,,0,,,0,0
2020-09-28,56.666666666666664,114.73349999999986,0,0.6000000000000005,2.6950000000000007,0,0
2020-09-29,56.36000000000001,114.32166666666666,0,-0.5999999999999992,2.690000000000001,0,0
2020-09-30,56.586666666666666,113.90983333333324,0,0.4000000000000003,2.6850000000000014,0,0
2020-10-01,55.60666666666666,113.4979999999998,0,0.5000000000000004,2.6800000000000006,0,0
2020-10-02,55.620000000000005,113.08616666666661,0,2.3000000000000007,2.675000000000001,0,0
2020-10-03,,,0,,,0,0
2020-10-04,,,0,,,0,0
2020-10-05,53.843333333333334,112.6743333333332,0,1.1999999999999995,2.670000000000001,0,0
2020-10-06,52.330000000000005,112.2625,0,2.2000000000000006,2.665000000000001,0,0
2020-10-07,52.31333333333333,111.85066666666657,0,1.2999999999999998,2.6600000000000006,0,0
2020-10-08,51.913333333333334,111.43883333333315,0,0.5000000000000004,2.6550000000000007,0,0
2020-10-09,51.903333333333336,111.02699999999996,0,1.2999999999999998,2.6500000000000012,0,0
2020-10-10,,,0,,,0,0
2020-10-11,,,0,,,0,0
2020-10-12,51.906666666666666,110.61516666666652,0,,,0,0
2020-10-13,50.083333333333336,110.20333333333333,0,1.1999999999999995,2.6450000000000005,0,0
2020-10-14,50.61000000000001,110.15616666666665,0,0.7999999999999994,2.640000000000001,0,0
2020-10-15,52.67666666666667,110.10899999999998,0,1.3000000000000012,2.6350000000000002,0,0
2020-10-16,51.89000000000001,110.06183333333333,0,0.4000000000000003,2.630000000000001,0,0
2020-10-17,,,0,,,0,0
2020-10-18,,,0,,,0,0
2020-10-19,51.06333333333333,110.01466666666664,0,0.499999999999999,2.625000000000001,0,0
2020-10-20,49.52333333333333,109.9675,0,-0.4000000000000003,2.6200000000000006,0,0
2020-10-21,50.24,109.92033333333332,0,-1.4,2.6150000000000007,0,0
2020-10-22,49.22,109.87316666666665,0,-0.9999999999999996,2.6100000000000003,0,0
2020-10-23,49.199999999999996,109.826,0,-0.4000000000000003,2.605000000000001,0,0
2020-10-24,,,0,,,0,0
2020-10-25,,,0,,,0,0
2020-10-26,50.300000000000004,109.77883333333331,0,0.8999999999999995,2.600000000000001,0,0
2020-10-27,49.69,109.73166666666665,0,0.7999999999999994,2.5950000000000006,0,0
2020-10-28,52.67333333333334,109.68449999999999,0,-0.2000000000000001,2.5900000000000007,0,0
2020-10-29,51.446666666666665,109.6373333333333,0,0.9999999999999996,2.5850000000000004,0,0
2020-10-30,51.54,109.59016666666666,0,0.7999999999999994,2.5800000000000005,0,0
2020-10-31,,,0,,,0,0
2020-11-01,,,0,,,0,0
2020-11-02,51.6,109.54299999999998,0,3.0399999999999996,2.575000000000001,1,1
2020-11-03,50.0,109.49583333333332,0,1.5200000000000005,2.670000000000001,0,0
2020-11-04,48.156666666666666,109.44866666666665,0,1.250000000000001,2.665000000000001,0,0
2020-11-05,45.916666666666664,109.40149999999997,0,2.880000000000001,2.6600000000000006,1,1
2020-11-06,45.72,109.35433333333332,0,1.050000000000001,2.755000000000001,0,0
2020-11-07,,,0,,,0,0
2020-11-08,,,0,,,0,0
2020-11-09,40.19333333333333,109.30716666666665,0,1.45,2.750000000000001,0,0
2020-11-10,42.46927,109.25999999999999,0,1.4200000000000004,2.7450000000000014,0,0
2020-11-11,41.56856666666667,109.19049999999997,0,,,0,0
2020-11-12,43.43,109.12099999999997,0,0.499999999999999,2.74,0,0
2020-11-13,43.053333333333335,109.05149999999999,0,0.1099999999999989,2.7350000000000003,0,0
2020-11-14,,,0,,,0,0
2020-11-15,,,0,,,0,0
2020-11-16,41.97,108.98199999999997,0,1.5200000000000005,2.730000000000001,0,0
2020-11-17,42.76666666666667,108.9125,0,1.0899999999999994,2.725000000000001,0,0
2020-11-18,42.879999999999995,108.84299999999998,0,-0.8399999999999991,2.7200000000000015,0,0
2020-11-19,43.24,108.77349999999997,0,-1.5200000000000005,2.7150000000000003,0,0
2020-11-20,45.39666666666667,108.704,0,-2.7899999999999996,2.7100000000000004,0,0
2020-11-21,,,0,,,0,0
2020-11-22,,,0,,,0,0
2020-11-23,45.31666666666666,108.63449999999997,0,-1.6100000000000003,2.705000000000001,0,0
2020-11-24,43.56999999999999,108.565,0,0.0700000000000006,2.700000000000001,0,0
2020-11-25,44.086666666666666,108.49549999999998,0,0.7000000000000006,2.695000000000001,0,0
2020-11-26,44.083333333333336,108.42599999999997,0,,,0,0
2020-11-27,44.00333333333333,108.3565,0,0.4100000000000006,2.6900000000000004,0,0
2020-11-28,,,0,,,0,0
2020-11-29,,,0,,,0,0
2020-11-30,44.77,108.28699999999998,0,1.6199999999999992,2.6850000000000005,0,0
2020-12-01,43.75666666666666,108.2175,0,0.6199999999999997,2.6800000000000006,0,0
2020-12-02,43.76,108.14799999999998,0,0.6400000000000003,2.675000000000001,0,0
2020-12-03,42.77,108.07849999999998,0,0.63,2.6700000000000013,0,0
2020-12-04,42.74,108.009,0,1.9999999999999991,2.665,0,0
2020-12-05,,,0,,,0,0
2020-12-06,,,0,,,0,0
2020-12-07,43.78666666666667,107.93949999999998,0,0.8900000000000006,2.6600000000000006,0,0
2020-12-08,44.75,107.87,0,-0.1099999999999989,2.6550000000000007,0,0
2020-12-09,45.4,107.73649999999998,0,1.5200000000000005,2.6500000000000012,0,0
2020-12-10,46.416666666666664,107.60299999999994,0,1.5399999999999996,2.6450000000000014,0,0
2020-12-11,48.73,107.46949999999998,0,1.77,2.64,0,0
2020-12-12,,,0,,,0,0
2020-12-13,,,0,,,0,0
2020-12-14,48.370000000000005,107.33599999999996,0,1.2300000000000004,2.6350000000000002,0,0
2020-12-15,47.373333333333335,107.2025,0,2.0099999999999993,2.630000000000001,0,0
2020-12-16,46.71333333333334,107.06899999999997,0,1.84,2.625000000000001,0,0
2020-12-17,46.71,106.93549999999995,0,1.98,2.6199999999999997,0,0
2020-12-18,47.38,106.80199999999999,0,1.98,2.615,0,0
2020-12-19,,,0,,,0,0
2020-12-20,,,0,,,0,0
2020-12-21,50.36666666666667,106.66849999999995,0,2.149999999999999,2.6100000000000003,0,0
2020-12-22,50.373333333333335,106.66849999999995,0,-0.449999999999999,2.605000000000001,0,0
2020-12-23,49.699999999999996,106.66849999999995,0,-1.2499999999999998,2.600000000000001,0,0
2020-12-24,49.376666666666665,106.66849999999995,0,1.2300000000000004,2.5949999999999998,0,0
2020-12-25,49.376666666666665,106.66849999999995,0,,,0,0
2020-12-26,,,0,,,0,0
2020-12-27,,,0,,,0,0
2020-12-28,48.699999999999996,106.66849999999995,0,1.79,2.5900000000000003,0,0
2020-12-29,48.70666666666667,106.66849999999995,0,2.950000000000001,2.5850000000000004,1,1
2020-12-30,48.053333333333335,106.66849999999995,0,2.2699999999999996,2.6800000000000006,0,0
2020-12-31,48.053333333333335,106.66849999999995,0,0.7100000000000009,2.675000000000001,0,0
2021-01-01,48.053333333333335,106.66849999999995,0,,,0,0
2021-01-02,,,0,,,0,0
2021-01-03,,,0,,,0,0
2021-01-04,46.72933333333333,106.66849999999995,0,3.4100000000000006,2.67,1,1
2021-01-05,47.71333333333334,106.66849999999995,0,4.720000000000001,2.765,1,1
2021-01-06,45.35666666666666,106.66849999999995,0,3.2100000000000004,2.8480000000000003,1,1
2021-01-07,42.70666666666667,106.66849999999995,0,2.8200000000000003,2.9185000000000008,0,0
2021-01-08,41.71333333333334,106.66849999999995,0,2.6599999999999997,2.915000000000001,0,0
2021-01-09,,,0,,,0,0
2021-01-10,,,0,,,0,0
2021-01-11,42.72333333333333,106.66849999999995,0,3.65,2.9115,1,1
2021-01-12,43.06666666666666,106.66849999999995,0,1.07,2.97,0,0
2021-01-13,43.1,106.66849999999995,0,1.16,2.9675000000000002,0,0
2021-01-14,43.083333333333336,106.66849999999995,0,1.1700000000000002,2.9650000000000007,0,0
2021-01-15,44.75666666666667,106.66849999999995,0,1.7600000000000005,2.962500000000001,0,0
2021-01-16,,,0,,,0,0
2021-01-17,,,0,,,0,0
2021-01-18,44.74666666666667,106.66849999999995,0,,,0,0
2021-01-19,44.413333333333334,106.66849999999995,0,0.34,2.9600000000000004,0,0
2021-01-20,44.39666666666667,106.66849999999995,0,0.1199999999999999,2.9575000000000005,0,0
2021-01-21,44.06666666666666,106.66849999999995,0,-1.6099999999999997,2.9550000000000005,0,0
2021-01-22,44.74,106.66849999999995,0,-0.9299999999999996,2.952500000000001,0,0
2021-01-23,,,0,,,0,0
2021-01-24,,,0,,,0,0
2021-01-25,45.74666666666667,106.66849999999995,0,2.73,2.950000000000001,0,0
2021-01-26,44.39666666666667,106.66849999999995,0,-0.2599999999999998,2.9465000000000003,0,0
2021-01-27,46.07333333333333,106.66849999999995,0,-2.37,2.9430000000000005,0,0
2021-01-28,46.723333333333336,106.66849999999995,0,-0.5199999999999996,2.9395000000000007,0,0
2021-01-29,46.40333333333333,106.66849999999995,0,0.6099999999999994,2.936000000000001,0,0
2021-01-30,,,0,,,0,0
2021-01-31,,,0,,,0,0
2021-02-01,46.72666666666667,106.66849999999995,0,2.500000000000001,2.932500000000001,0,0
2021-02-02,46.03666666666666,106.66849999999995,0,2.7400000000000007,2.9290000000000003,0,0
2021-02-03,45.71,106.66849999999995,0,2.500000000000001,2.9255000000000004,0,0
2021-02-04,45.39000000000001,106.66849999999995,0,1.8800000000000003,2.9220000000000006,0,0
2021-02-05,44.06666666666666,106.66849999999995,0,-2.8899999999999997,2.9185000000000008,0,0
2021-02-06,,,0,,,0,0
2021-02-07,,,0,,,0,0
2021-02-08,43.39333333333334,106.66849999999995,0,-2.3,2.915000000000001,0,0
2021-02-09,44.40333333333333,106.66849999999995,0,1.96,2.9115,0,0
2021-02-10,44.416666666666664,106.66849999999995,0,3.0,2.9080000000000004,1,1
2021-02-11,44.38666666666666,106.66849999999995,0,1.04,2.9675000000000002,0,0
2021-02-12,44.376666666666665,106.66849999999995,0,0.1300000000000002,2.9650000000000007,0,0
2021-02-13,,,0,,,0,0
2021-02-14,,,0,,,0,0
2021-02-15,44.38666666666666,106.66849999999995,0,,,0,0
2021-02-16,43.343333333333334,106.66849999999995,0,2.6499999999999995,2.962500000000001,0,0
2021-02-17,43.74333333333334,106.66849999999995,0,1.0299999999999996,2.9600000000000004,0,0
2021-02-18,44.04999999999999,106.66849999999995,0,-1.99,2.9575000000000014,0,0
2021-02-19,44.02,106.66849999999995,0,-3.16,2.9550000000000005,0,0
2021-02-20,,,0,,,0,0
2021-02-21,,,0,,,0,0
2021-02-22,45.85633333333333,106.66849999999995,0,0.4899999999999998,2.9525,0,0
2021-02-23,47.04999999999999,106.66849999999995,0,-1.56,2.950000000000001,0,0
2021-02-24,45.70666666666667,106.66849999999995,0,-1.73,2.9465000000000003,0,0
2021-02-25,48.26,106.535,0,-2.31,2.9430000000000014,0,0
2021-02-26,48.449999999999996,106.535,0,-4.13,2.9395000000000007,0,0
2021-02-27,,,0,,,0,0
2021-02-28,,,0,,,0,0
2021-03-01,46.4,106.535,0,-3.4799999999999995,2.936,0,0
2021-03-02,45.74666666666667,106.40149999999997,0,0.4799999999999998,2.932500000000001,0,0
2021-03-03,45.70333333333334,104.41166666666665,0,-1.2999999999999998,2.9290000000000003,0,0
2021-03-04,47.70333333333334,103.76666666666667,0,-3.3000000000000003,2.9255000000000013,0,0
2021-03-05,47.07,102.57683333333331,0,-3.129999999999999,2.9220000000000006,0,0
2021-03-06,,,0,,,0,0
2021-03-07,,,0,,,0,0
2021-03-08,48.04,101.43833333333333,0,-2.83,2.9185,0,0
2021-03-09,48.443333333333335,98.2361666666666,0,-2.83,2.915000000000001,0,0
2021-03-10,49.089999999999996,92.6246666666666,0,-1.6700000000000004,2.9115,0,0
2021-03-11,47.406666666666666,89.34233333333331,0,-3.83,2.9080000000000013,0,0
2021-03-12,48.03666666666667,85.07583333333325,0,-4.18,2.9045000000000005,0,0
2021-03-13,,,0,,,0,0
2021-03-14,,,0,,,0,0
2021-03-15,48.74333333333333,81.72949999999999,0,-4.12,2.901,0,0
2021-03-16,47.75333333333333,81.264,0,-1.23,2.897500000000001,0,0
2021-03-17,48.76666666666667,80.97516666666667,0,-4.13,2.894,0,0
2021-03-18,47.71666666666667,79.90699999999998,0,-3.83,2.890500000000001,0,0
2021-03-19,47.39333333333334,78.30683333333332,0,-4.18,2.8870000000000005,0,0
2021-03-20,,,0,,,0,0
2021-03-21,,,0,,,0,0
2021-03-22,50.473333333333336,77.49216666666666,0,-3.5699999999999994,2.8834999999999997,0,0
2021-03-23,50.49666666666666,77.35833333333332,0,-3.88,2.880000000000001,0,0
2021-03-24,50.46666666666666,76.96016666666665,0,-3.88,2.8770000000000002,0,0
2021-03-25,50.46,76.33683333333332,0,-3.88,2.874000000000001,0,0
2021-03-26,49.77333333333333,75.90549999999999,0,-4.18,2.8710000000000004,0,0
2021-03-27,,,0,,,0,0
2021-03-28,,,0,,,0,0
2021-03-29,51.10333333333333,75.64999999999999,0,-0.22,2.8679999999999994,0,0
2021-03-30,52.10999999999999,75.64999999999999,0,-0.19,2.8650000000000007,0,0
2021-03-31,51.11333333333334,75.64999999999999,0,-3.5999999999999996,2.862,0,0
2021-04-01,50.82333333333333,75.64999999999999,0,-0.5900000000000001,2.859000000000001,0,0
2021-04-02,50.14000000000001,75.64999999999999,0,,,0,0
2021-04-03,,,0,,,0,0
2021-04-04,,,0,,,0,0
2021-04-05,48.85999999999999,75.64999999999999,0,-3.4999999999999996,2.8560000000000003,0,0
2021-04-06,49.21666666666667,75.64999999999999,0,-3.4999999999999996,2.8529999999999993,0,0
2021-04-07,48.833333333333336,75.64999999999999,0,-3.4999999999999996,2.8500000000000005,0,0
2021-04-08,48.19,75.4885,0,-3.4999999999999996,2.847,0,0
2021-04-09,47.47666666666667,75.43,0,-3.4999999999999996,2.8440000000000007,0,0
2021-04-10,,,0,,,0,0
2021-04-11,,,0,,,0,0
2021-04-12,47.470000000000006,75.42266666666667,0,-3.4999999999999996,2.841,0,0
2021-04-13,46.879999999999995,75.42266666666667,0,-3.4999999999999996,2.837999999999999,0,0
2021-04-14,44.48666666666667,75.402,0,-3.4999999999999996,2.8350000000000004,0,0
2021-04-15,43.85999999999999,75.15716666666667,0,-3.4999999999999996,2.832,0,0
2021-04-16,45.133333333333326,75.15716666666667,0,-3.4999999999999996,2.8290000000000006,0,0
2021-04-17,,,0,,,0,0
2021-04-18,,,0,,,0,0
2021-04-19,47.153333333333336,75.15716666666667,0,-1.05,2.826,0,0
2021-04-20,47.48666666666667,75.15716666666667,0,-1.11,2.822999999999999,0,0
2021-04-21,47.126666666666665,75.15716666666667,0,-1.05,2.8200000000000003,0,0
2021-04-22,48.446666666666665,75.15716666666667,0,-1.28,2.819,0,0
2021-04-23,47.77,74.92066666666665,0,-1.28,2.8180000000000005,0,0
2021-04-24,,,0,,,0,0
2021-04-25,,,0,,,0,0
2021-04-26,46.79,74.41383333333332,0,-1.0,2.817,0,0
2021-04-27,46.78,73.35449999999999,0,-1.0299999999999998,2.8160000000000003,0,0
2021-04-28,46.81333333333333,71.8385,0,0.0,2.8150000000000004,0,0
2021-04-29,46.133333333333326,69.43049999999997,0,-1.0299999999999998,2.8140000000000005,0,0
2021-04-30,46.47333333333333,67.906,0,-1.2100000000000002,2.8130000000000006,0,0
2021-05-01,,,0,,,0,0
2021-05-02,,,0,,,0,0
2021-05-03,46.15,67.79483333333333,0,-1.0799999999999998,2.8120000000000007,0,0
2021-05-04,46.14666666666667,67.583,0,-0.91,2.8110000000000004,0,0
2021-05-05,46.48,66.57449999999999,0,-0.8700000000000001,2.8100000000000005,0,0
2021-05-06,46.46666666666666,65.718,0,-0.5699999999999998,2.8090000000000006,0,0
2021-05-07,46.49666666666666,65.60083333333333,0,-0.6,2.8080000000000003,0,0
2021-05-08,,,0,,,0,0
2021-05-09,,,0,,,0,0
2021-05-10,46.129999999999995,65.564,0,-0.51,2.807000000000001,0,0
2021-05-11,47.945,65.50150000000001,0,-0.5599999999999999,2.8060000000000005,0,0
2021-05-12,47.73333333333333,65.19683333333334,0,-0.49,2.805000000000001,0,0
2021-05-13,48.150000000000006,64.89999999999999,0,-2.0,2.8040000000000007,0,0
2021-05-14,47.78333333333333,64.45316666666666,0,-3.5699999999999994,2.8030000000000004,0,0
2021-05-15,,,0,,,0,0
2021-05-16,,,0,,,0,0
2021-05-17,47.78333333333333,63.67099999999999,0,-0.49,2.802000000000001,0,0
2021-05-18,47.78333333333333,62.71249999999999,0,-0.5299999999999999,2.8010000000000006,0,0
2021-05-19,49.73333333333333,62.150166666666664,0,0.48,2.800000000000001,0,0
2021-05-20,49.79,61.36533333333332,0,-0.6400000000000001,2.7970000000000006,0,0
2021-05-21,49.09666666666667,60.72283333333333,0,-0.45,2.7939999999999996,0,0
2021-05-22,,,0,,,0,0
2021-05-23,,,0,,,0,0
2021-05-24,49.11666666666667,60.72283333333333,0,-0.6899999999999998,2.791000000000001,0,0
2021-05-25,48.45666666666667,60.72283333333333,0,-0.61,2.788,0,0
2021-05-26,48.419999999999995,60.72283333333333,0,-0.4,2.785000000000001,0,0
2021-05-27,48.4,60.72283333333333,0,-0.95,2.7820000000000005,0,0
2021-05-28,48.416666666666664,60.72283333333333,0,-0.8999999999999999,2.7789999999999995,0,0
2021-05-29,,,0,,,0,0
2021-05-30,,,0,,,0,0
2021-05-31,48.38999999999999,60.513833333333324,0,,,0,0
2021-06-01,47.39666666666667,60.376000000000005,0,-1.23,2.7760000000000007,0,0
2021-06-02,47.43000000000001,60.36816666666667,0,-1.25,2.7729999999999997,0,0
2021-06-03,47.71333333333334,60.300666666666665,0,-1.2,2.770000000000001,0,0
2021-06-04,47.79666666666666,60.300666666666665,0,-1.37,2.7670000000000003,0,0
2021-06-05,,,0,,,0,0
2021-06-06,,,0,,,0,0
2021-06-07,47.413333333333334,60.300666666666665,0,-1.16,2.7639999999999993,0,0
2021-06-08,46.77333333333333,60.24116666666667,0,-1.2100000000000002,2.7610000000000006,0,0
2021-06-09,46.44,60.14866666666667,0,-0.91,2.7579999999999996,0,0
2021-06-10,46.43000000000001,59.761333333333326,0,-1.0199999999999998,2.755000000000001,0,0
2021-06-11,46.373333333333335,59.38049999999999,0,-1.12,2.7520000000000002,0,0
2021-06-12,,,0,,,0,0
2021-06-13,,,0,,,0,0
2021-06-14,46.35999999999999,58.91388333333333,0,-1.6399999999999997,2.748999999999999,0,0
2021-06-15,46.39666666666667,58.56795,0,-1.8000000000000005,2.7460000000000004,0,0
2021-06-16,46.29666666666666,58.363166666666665,0,-4.29,2.7429999999999994,0,0
2021-06-17,46.45333333333334,58.0415,0,0.4099999999999999,2.7400000000000007,0,0
2021-06-18,47.446666666666665,57.86378333333334,0,0.39,2.7395000000000005,0,0
2021-06-19,,,0,,,0,0
2021-06-20,,,0,,,0,0
2021-06-21,47.78666666666667,57.78971666666667,0,0.2000000000000001,2.7390000000000003,0,0
2021-06-22,47.82,57.677,0,0.8,2.7385000000000006,0,0
2021-06-23,47.75666666666666,57.44033333333333,0,0.7000000000000006,2.7380000000000004,0,0
2021-06-24,47.78666666666667,57.284166666666664,0,0.56,2.7375000000000007,0,0
2021-06-25,47.445,57.2125,0,0.2000000000000001,2.7370000000000005,0,0
2021-06-26,,,0,,,0,0
2021-06-27,,,0,,,0,0
2021-06-28,46.49,56.99683333333333,0,0.3000000000000002,2.7365000000000004,0,0
2021-06-29,45.80333333333334,56.75516666666667,0,0.4000000000000003,2.736,0,0
2021-06-30,45.15,56.62266666666667,0,0.1,2.7355,0,0
2021-07-01,44.78666666666667,56.5775,0,0.4000000000000003,2.7350000000000003,0,0
2021-07-02,44.51333333333333,56.50033333333333,0,0.0900000000000005,2.7345,0,0
2021-07-03,,,0,,,0,0
2021-07-04,,,0,,,0,0
2021-07-05,44.473333333333336,56.42316666666667,0,,,0,0
2021-07-06,44.52333333333333,56.381,0,0.2700000000000001,2.734,0,0
2021-07-07,44.81666666666666,56.29033333333333,0,0.22,2.7335000000000003,0,0
2021-07-08,46.51,56.29033333333333,0,0.1199999999999999,2.733,0,0
2021-07-09,46.083333333333336,56.29033333333333,0,0.3100000000000005,2.7325,0,0
2021-07-10,,,0,,,0,0
2021-07-11,,,0,,,0,0
2021-07-12,45.79333333333333,56.29033333333333,0,0.3100000000000005,2.732,0,0
2021-07-13,45.75333333333333,56.29033333333333,0,0.3500000000000003,2.7315,0,0
2021-07-14,47.49,56.29033333333333,0,0.3600000000000006,2.731,0,0
2021-07-15,47.47,56.29033333333333,0,0.3700000000000002,2.7304999999999997,0,0
2021-07-16,47.446666666666665,56.19666666666666,0,0.39,2.73,0,0
2021-07-17,,,0,,,0,0
2021-07-18,,,0,,,0,0
2021-07-19,49.85666666666666,56.14833333333333,0,0.39,2.7284999999999995,0,0
2021-07-20,50.129999999999995,55.87483333333333,0,0.4099999999999999,2.7269999999999994,0,0
2021-07-21,49.73,55.639500000000005,0,0.4000000000000003,2.7255,0,0
2021-07-22,48.79666666666666,55.61266666666667,0,0.2399999999999999,2.7239999999999998,0,0
2021-07-23,48.43666666666667,55.34816666666666,0,0.2300000000000003,2.7225,0,0
2021-07-24,,,0,,,0,0
2021-07-25,,,0,,,0,0
2021-07-26,48.43,54.95883333333333,0,0.2399999999999999,2.721,0,0
2021-07-27,49.46,54.648333333333326,0,0.2100000000000004,2.7194999999999996,0,0
2021-07-28,49.43666666666667,54.44733333333333,0,0.4000000000000003,2.7180000000000004,0,0
2021-07-29,49.419999999999995,54.239333333333335,0,0.2100000000000004,2.7165,0,0
2021-07-30,49.46333333333333,54.09133333333333,0,0.1500000000000001,2.7150000000000007,0,0
2021-07-31,,,0,,,0,0
2021-08-01,,,0,,,0,0
2021-08-02,48.80666666666667,53.98166666666666,0,0.1199999999999999,2.7135000000000002,0,0
2021-08-03,48.78666666666667,53.886500000000005,0,0.4000000000000003,2.7135000000000002,0,0
2021-08-04,49.076666666666675,53.855333333333334,0,0.1,2.678,0,0
2021-08-05,48.72666666666667,53.72599999999999,0,0.0700000000000006,2.6544999999999996,0,0
2021-08-06,47.40333333333333,53.58783333333333,0,0.3000000000000002,2.6544999999999996,0,0
2021-08-07,,,0,,,0,0
2021-08-08,,,0,,,0,0
2021-08-09,47.76333333333333,53.37699999999999,0,0.1300000000000002,2.6544999999999996,0,0
2021-08-10,47.75333333333333,52.898666666666664,0,0.1100000000000003,2.6544999999999996,0,0
2021-08-11,47.803333333333335,52.67483333333334,0,0.1,2.6544999999999996,0,0
2021-08-12,47.423333333333325,52.484500000000004,0,0.3000000000000002,2.6544999999999996,0,0
2021-08-13,47.47,52.484500000000004,0,0.0100000000000002,2.6544999999999996,0,0
2021-08-14,,,0,,,0,0
2021-08-15,,,0,,,0,0
2021-08-16,48.47,52.484500000000004,0,0.0100000000000002,2.5674999999999986,0,0
2021-08-17,49.419999999999995,52.484500000000004,0,0.0,2.5674999999999986,0,0
2021-08-18,48.76,52.484500000000004,0,0.0,2.5674999999999986,0,0
2021-08-19,49.77,52.484500000000004,0,0.1900000000000005,2.5674999999999986,0,0
2021-08-20,48.75666666666666,52.484500000000004,0,0.3000000000000002,2.5674999999999986,0,0
2021-08-21,,,0,,,0,0
2021-08-22,,,0,,,0,0
2021-08-23,47.78333333333333,52.484500000000004,0,0.0900000000000005,2.5674999999999986,0,0
2021-08-24,45.76333333333334,52.484500000000004,0,-0.0999999999999994,2.5674999999999986,0,0
2021-08-25,44.75666666666666,52.484500000000004,0,-0.0999999999999994,2.5674999999999986,0,0
2021-08-26,44.78333333333333,52.484500000000004,0,-0.2999999999999996,2.5674999999999986,0,0
2021-08-27,45.48333333333334,52.484500000000004,0,-0.0099999999999995,2.5674999999999986,0,0
2021-08-28,,,0,,,0,0
2021-08-29,,,0,,,0,0
2021-08-30,44.97666666666667,52.484500000000004,0,0.1,2.5674999999999986,0,0
2021-08-31,44.449999999999996,52.484500000000004,0,-0.0699999999999999,2.5674999999999986,0,0
2021-09-01,44.11666666666667,52.484500000000004,0,-0.0999999999999994,2.5674999999999986,0,0
2021-09-02,44.126666666666665,52.484500000000004,0,-0.0799999999999995,2.5674999999999986,0,0
2021-09-03,44.11666666666667,52.484500000000004,0,-0.17,2.5674999999999986,0,0
2021-09-04,,,0,,,0,0
2021-09-05,,,0,,,0,0
2021-09-06,44.11666666666667,52.484500000000004,0,,,0,0
2021-09-07,44.086666666666666,52.484500000000004,0,0.0,2.5674999999999986,0,0
2021-09-08,44.126666666666665,52.484500000000004,0,0.0,2.5674999999999986,0,0
2021-09-09,43.46666666666667,52.32083333333333,0,-0.17,2.5674999999999986,0,0
2021-09-10,43.43000000000001,52.201499999999996,0,-0.1499999999999994,2.5674999999999986,0,0
2021-09-11,,,0,,,0,0
2021-09-12,,,0,,,0,0
2021-09-13,43.13,52.00183333333333,0,-0.2999999999999996,2.5674999999999986,0,0
2021-09-14,43.14666666666667,51.909666666666666,0,-0.2299999999999996,2.5674999999999986,0,0
2021-09-15,43.10999999999999,51.904833333333336,0,-0.5199999999999996,2.5674999999999986,0,0
2021-09-16,43.080000000000005,51.89600000000001,0,-0.7199999999999998,2.5674999999999986,0,0
2021-09-17,43.1,51.7305,0,-0.5999999999999999,2.5674999999999986,0,0
2021-09-18,,,0,,,0,0
2021-09-19,,,0,,,0,0
2021-09-20,47.879999999999995,51.567,0,-0.5699999999999996,2.5674999999999986,0,0
2021-09-21,47.843333333333334,51.48866666666667,0,-0.0999999999999994,2.5674999999999986,0,0
2021-09-22,46.81333333333333,51.26333333333333,0,-0.4599999999999999,2.5674999999999986,0,0
2021-09-23,46.77,51.10783333333333,0,-0.58,2.5674999999999986,0,0
2021-09-24,46.156666666666666,51.08133333333333,0,-0.5399999999999995,2.5674999999999986,0,0
2021-09-25,,,0,,,0,0
2021-09-26,,,0,,,0,0
2021-09-27,46.153333333333336,50.93133333333333,0,-0.6899999999999996,2.5674999999999986,0,0
2021-09-28,47.830000000000005,50.706,0,-0.8500000000000001,2.5674999999999986,0,0
2021-09-29,47.85666666666666,50.547666666666665,0,-0.6099999999999994,2.5674999999999986,0,0
2021-09-30,49.17333333333334,50.48383333333333,0,-0.4399999999999994,2.5674999999999986,0,0
2021-10-01,49.199999999999996,50.48383333333333,0,-0.5899999999999995,2.5674999999999986,0,0
2021-10-02,,,0,,,0,0
2021-10-03,,,0,,,0,0
2021-10-04,50.15,50.46966666666666,0,-0.6399999999999996,2.5674999999999986,0,0
2021-10-05,49.79,50.463,0,-0.6699999999999997,2.5674999999999986,0,0
2021-10-06,51.13666666666666,50.412333333333336,1,-0.4599999999999999,2.5674999999999986,0,1
2021-10-07,50.45333333333334,50.412333333333336,1,-0.3199999999999994,2.5674999999999986,0,1
2021-10-08,50.46,50.45633333333334,1,-0.29,2.5674999999999986,0,1
2021-10-09,,,1,,,0,1
2021-10-10,,,1,,,0,1
2021-10-11,50.446666666666665,50.46,0,,,0,0
2021-10-12,51.446666666666665,50.46,1,-0.3199999999999994,2.5674999999999986,0,1
2021-10-13,51.446666666666665,50.463,1,-0.29,2.5674999999999986,0,1
2021-10-14,50.0,50.46966666666666,0,-0.2799999999999997,2.5674999999999986,0,0
2021-10-15,49.093333333333334,50.46966666666666,0,-0.1799999999999996,2.5674999999999986,0,0
2021-10-16,,,0,,,0,0
2021-10-17,,,0,,,0,0
2021-10-18,49.11666666666667,50.463,0,0.1500000000000001,2.5674999999999986,0,0
2021-10-19,49.17666666666667,50.46,0,-1.72,2.5674999999999986,0,0
2021-10-20,49.17333333333334,50.45633333333334,0,-0.9500000000000002,2.5674999999999986,0,0
2021-10-21,49.413333333333334,50.449666666666666,0,-1.31,2.5674999999999986,0,0
2021-10-22,49.48666666666667,50.449666666666666,0,0.7200000000000005,2.5674999999999986,0,0
2021-10-23,,,0,,,0,0
2021-10-24,,,0,,,0,0
2021-10-25,49.85,50.449666666666666,0,-0.5499999999999998,2.5674999999999986,0,0
2021-10-26,49.150000000000006,50.449666666666666,0,0.8100000000000003,2.5674999999999986,0,0
2021-10-27,49.0,50.449666666666666,0,0.5700000000000004,2.5674999999999986,0,0
2021-10-28,49.153333333333336,50.449666666666666,0,0.6900000000000004,2.5674999999999986,0,0
2021-10-29,50.16333333333333,50.449666666666666,0,0.56,2.5674999999999986,0,0
2021-10-30,,,0,,,0,0
2021-10-31,,,0,,,0,0
2021-11-01,49.49666666666666,50.449666666666666,0,0.6700000000000005,2.5674999999999986,0,0
2021-11-02,49.56333333333333,50.449666666666666,0,0.63,2.5674999999999986,0,0
2021-11-03,49.46666666666666,50.449666666666666,0,0.6600000000000001,2.5674999999999986,0,0
2021-11-04,49.23,50.449666666666666,0,0.7400000000000004,2.5674999999999986,0,0
2021-11-05,49.550000000000004,50.449666666666666,0,0.7700000000000006,2.500000000000001,0,0
2021-11-06,,,0,,,0,0
2021-11-07,,,0,,,0,0
2021-11-08,49.11333333333334,50.449666666666666,0,0.6100000000000001,2.500000000000001,0,0
2021-11-09,48.576666666666675,50.449666666666666,0,0.6000000000000005,2.500000000000001,0,0
2021-11-10,49.38666666666666,50.449666666666666,0,0.6000000000000005,2.3734999999999977,0,0
2021-11-11,49.5,50.449666666666666,0,,,0,0
2021-11-12,49.81333333333333,50.449666666666666,0,0.7000000000000006,2.3734999999999977,0,0
2021-11-13,,,0,,,0,0
2021-11-14,,,0,,,0,0
2021-11-15,49.163333333333334,50.449666666666666,0,0.6000000000000005,2.3734999999999977,0,0
2021-11-16,49.166666666666664,50.449666666666666,0,0.5500000000000005,2.3734999999999977,0,0
2021-11-17,49.870000000000005,50.449666666666666,0,0.6000000000000005,2.3734999999999977,0,0
2021-11-18,49.53,50.449666666666666,0,0.3000000000000002,2.3734999999999977,0,0
2021-11-19,50.50333333333333,50.449666666666666,1,0.1,2.3734999999999977,0,1
2021-11-20,,,1,,,0,1
2021-11-21,,,1,,,0,1
2021-11-22,50.39666666666667,50.45633333333334,0,0.3000000000000002,2.3734999999999977,0,0
2021-11-23,51.50333333333333,50.45633333333334,1,0.5000000000000004,2.3734999999999977,0,1
2021-11-24,51.833333333333336,50.46,1,-0.0699999999999999,2.3734999999999977,0,1
2021-11-25,51.82666666666666,50.463,1,,,0,1
2021-11-26,56.96666666666667,50.46966666666666,1,-0.1999999999999994,2.3734999999999977,0,1
2021-11-27,,,1,,,0,1
2021-11-28,,,1,,,0,1
2021-11-29,56.13,50.48383333333333,1,-0.1999999999999994,2.3734999999999977,0,1
2021-11-30,58.133333333333326,50.49966666666666,1,-0.1999999999999994,2.3734999999999977,0,1
2021-12-01,59.13333333333333,50.64733333333333,1,-0.2999999999999996,2.3734999999999977,0,1
2021-12-02,59.07333333333333,50.94933333333333,1,-0.2999999999999996,2.3734999999999977,0,1
2021-12-03,59.50333333333333,51.10783333333333,1,-0.2999999999999996,2.3734999999999977,0,1
2021-12-04,,,1,,,0,1
2021-12-05,,,1,,,0,1
2021-12-06,59.73,51.12383333333333,1,-0.2999999999999996,2.3734999999999977,0,1
2021-12-07,56.080000000000005,51.27616666666666,1,-0.2999999999999996,2.3734999999999977,0,1
2021-12-08,53.81,51.446666666666665,1,-0.2999999999999996,2.3734999999999977,0,1
2021-12-09,53.833333333333336,51.472166666666666,1,-0.0999999999999994,2.3734999999999977,0,1
2021-12-10,52.51666666666667,51.64883333333333,1,-0.1999999999999994,2.3734999999999977,0,1
2021-12-11,,,1,,,0,1
2021-12-12,,,1,,,0,1
2021-12-13,52.54333333333333,51.82966666666666,1,-0.7,2.3734999999999977,0,1
2021-12-14,53.46,51.957833333333326,1,-0.5999999999999999,2.3734999999999977,0,1
2021-12-15,52.48666666666667,52.29299999999999,1,-0.8,2.3734999999999977,0,1
2021-12-16,52.53666666666666,52.50016666666667,1,-0.5999999999999999,2.3734999999999977,0,1
2021-12-17,53.46333333333333,52.525666666666666,1,-0.2999999999999996,2.3734999999999977,0,1
2021-12-18,,,1,,,0,1
2021-12-19,,,1,,,0,1
2021-12-20,55.81666666666666,52.53966666666666,1,-1.2999999999999998,2.3734999999999977,0,1
2021-12-21,54.076666666666675,52.955833333333324,1,-0.2999999999999996,2.3734999999999977,0,1
2021-12-22,53.79333333333333,53.4615,1,-0.1899999999999999,2.3734999999999977,0,1
2021-12-23,53.77333333333333,53.61183333333333,1,-0.1999999999999994,2.3734999999999977,0,1
2021-12-24,53.803333333333335,53.782333333333334,1,,,0,1
2021-12-25,,,1,,,0,1
2021-12-26,,,1,,,0,1
2021-12-27,52.79333333333333,53.79783333333333,0,-0.2999999999999996,2.3734999999999977,0,0
2021-12-28,52.15,53.79783333333333,0,-0.2999999999999996,2.3734999999999977,0,0
2021-12-29,52.10999999999999,53.79783333333333,0,-0.2499999999999995,2.3734999999999977,0,0
2021-12-30,51.14666666666667,53.79783333333333,0,-0.3999999999999997,2.3734999999999977,0,0
2021-12-31,51.153333333333336,53.79783333333333,0,-0.3999999999999997,2.3734999999999977,0,0
2022-01-01,,,0,,,0,0
2022-01-02,,,0,,,0,0
2022-01-03,50.06,53.79783333333333,0,-0.5999999999999999,2.0994999999999964,0,0
2022-01-04,49.49333333333333,53.79783333333333,0,-0.34,1.9159999999999993,0,0
2022-01-05,51.333333333333336,53.79783333333333,0,-0.4999999999999998,1.9159999999999993,0,0
2022-01-06,51.07333333333333,53.79783333333333,0,-0.4999999999999998,1.813999999999999,0,0
2022-01-07,50.78666666666667,53.79783333333333,0,-0.7,1.4354999999999936,0,0
2022-01-08,,,0,,,0,0
2022-01-09,,,0,,,0,0
2022-01-10,52.10333333333333,53.79783333333333,0,-1.1999999999999995,1.1644999999999999,0,0
2022-01-11,51.173333333333325,53.79783333333333,0,-0.5999999999999999,1.110499999999999,0,0
2022-01-12,49.49666666666667,53.79783333333333,0,-0.7,1.0534999999999997,0,0
2022-01-13,50.843333333333334,53.79783333333333,0,-0.5299999999999999,1.0344999999999998,0,0
2022-01-14,52.04999999999999,53.79783333333333,0,-0.5999999999999999,0.9089999999999975,0,0
2022-01-15,,,0,,,0,0
2022-01-16,,,0,,,0,0
2022-01-17,52.09,53.79783333333333,0,,,0,0
2022-01-18,53.71333333333333,53.79783333333333,0,-0.8999999999999995,0.8045,0,0
2022-01-19,52.836666666666666,53.79783333333333,0,-0.9099999999999996,0.7835,0,0
2022-01-20,55.13333333333333,53.79783333333333,1,-2.0999999999999996,0.7535000000000002,0,1
2022-01-21,56.81666666666666,53.806333333333335,1,-0.7,0.7535000000000002,0,1
2022-01-22,,,1,,,0,1
2022-01-23,,,1,,,0,1
2022-01-24,55.803333333333335,53.8205,1,-1.6,0.7535000000000002,0,1
2022-01-25,56.74666666666667,53.94283333333333,1,-0.8,0.7535000000000002,0,1
2022-01-26,56.63999999999999,54.55216666666666,1,-1.0999999999999996,0.7535000000000002,0,1
2022-01-27,59.06,55.43483333333332,1,-1.1999999999999995,0.7290000000000003,0,1
2022-01-28,61.42666666666667,55.809333333333335,1,0.0,0.7290000000000003,0,1
2022-01-29,,,1,,,0,1
2022-01-30,,,1,,,0,1
2022-01-31,62.053333333333335,55.93516666666667,1,0.2000000000000001,0.7290000000000003,0,1
2022-02-01,61.07,56.102500000000006,1,0.1,0.7290000000000003,0,1
2022-02-02,60.74666666666667,56.35949999999999,1,0.1,0.7290000000000003,0,1
2022-02-03,61.98666666666667,56.687999999999995,1,0.1,0.7090000000000004,0,1
2022-02-04,64.92,56.778166666666664,1,-1.2999999999999998,0.7000000000000006,0,1
2022-02-05,,,1,,,0,1
2022-02-06,,,1,,,0,1
2022-02-07,66.34333333333333,56.884166666666665,1,-0.8999999999999995,0.6945000000000003,0,1
2022-02-08,64.00333333333333,57.49166666666665,1,-0.5999999999999999,0.6790000000000003,0,1
2022-02-09,61.71333333333333,58.55033333333332,1,-1.6,0.6790000000000003,0,1
2022-02-10,64.19333333333334,59.066,1,-9.9,0.6790000000000003,0,1
2022-02-11,67.11666666666667,59.10033333333333,1,-3.1,0.6645000000000002,0,1
2022-02-12,,,1,,,0,1
2022-02-13,,,1,,,0,1
2022-02-14,68.94333333333333,59.299833333333325,1,-1.7000000000000002,0.6434999999999997,0,1
2022-02-15,67.34666666666668,59.60533333333333,1,-1.7000000000000002,0.6189999999999999,0,1
2022-02-16,68.37666666666667,60.187499999999986,1,-2.8,0.6189999999999999,0,1
2022-02-17,71.02666666666667,60.89216666666667,1,-6.709999999999999,0.6045000000000003,0,1
2022-02-18,71.99666666666667,61.2305,1,-7.32,0.6000000000000005,0,1
2022-02-19,,,1,,,0,1
2022-02-20,,,1,,,0,1
2022-02-21,71.99666666666667,61.55566666666667,1,,,0,1
2022-02-22,71.28333333333335,61.83633333333333,1,-9.349999999999998,0.6000000000000005,0,1
2022-02-23,71.95,62.016666666666666,1,-10.31,0.6000000000000005,0,1
2022-02-24,74.30666666666667,62.93083333333331,1,-13.52,0.6000000000000005,0,1
2022-02-25,69.00333333333333,64.08883333333333,1,-15.699999999999998,0.6000000000000005,0,1
2022-02-26,,,1,,,0,1
2022-02-27,,,1,,,0,1
2022-02-28,71.41333333333334,64.52033333333333,1,-9.26,0.6000000000000005,0,1
2022-03-01,75.39999999999999,65.56049999999999,1,-15.399999999999997,0.6000000000000005,0,1
2022-03-02,75.51666666666667,66.69133333333333,1,-15.899999999999997,0.6000000000000005,0,1
2022-03-03,77.27999999999999,67.22016666666667,1,-18.7,0.6000000000000005,0,1
2022-03-04,81.92333333333333,67.81016666666666,1,-18.6,0.6000000000000005,0,1
2022-03-05,,,1,,,0,1
2022-03-06,,,1,,,0,1
2022-03-07,86.16333333333334,68.63166666666666,1,-22.24,0.6000000000000005,0,1
2022-03-08,94.39666666666666,68.97033333333333,1,-20.9,0.6000000000000005,0,1
2022-03-09,85.82666666666667,69.91383333333332,1,-22.110000000000003,0.6000000000000005,0,1
2022-03-10,89.12666666666667,71.14216666666667,1,-24.1,0.6000000000000005,0,1
2022-03-11,93.41000000000001,71.34183333333334,1,-24.8,0.6000000000000005,0,1
2022-03-12,,,1,,,0,1
2022-03-13,,,1,,,0,1
2022-03-14,92.40333333333332,71.65483333333333,1,-29.4,0.6000000000000005,0,1
2022-03-15,90.08999999999999,71.971,1,-28.700000000000003,0.6000000000000005,0,1
2022-03-16,82.18333333333332,71.99666666666667,1,-26.580000000000005,0.6000000000000005,0,1
2022-03-17,76.94333333333334,73.03616666666665,1,0.1,0.6000000000000005,0,1
2022-03-18,75.62333333333333,74.79866666666665,1,-0.5000000000000004,0.6000000000000005,0,1
2022-03-19,,,1,,,0,1
2022-03-20,,,1,,,0,1
2022-03-21,77.88333333333334,75.4525,1,-2.100000000000002,0.6000000000000005,0,1
2022-03-22,76.96,75.56466666666667,1,-3.1999999999999975,0.6000000000000005,0,1
2022-03-23,78.01666666666667,76.21733333333333,1,-4.199999999999998,0.6000000000000005,0,1
2022-03-24,77.60333333333334,76.95083333333334,1,-3.3999999999999977,0.6000000000000005,0,1
2022-03-25,78.53999999999999,77.10399999999998,1,-2.599999999999997,0.6000000000000005,0,1
2022-03-26,,,1,,,0,1
2022-03-27,,,1,,,0,1
2022-03-28,77.62666666666667,77.42549999999999,1,-3.099999999999997,0.6000000000000005,0,1
2022-03-29,75.35000000000001,77.61383333333333,0,-2.2999999999999963,0.6000000000000005,0,0
2022-03-30,74.35666666666667,77.61383333333333,0,-2.799999999999997,0.6000000000000005,0,0
2022-03-31,74.34333333333335,77.61383333333333,0,0.2000000000000001,0.6000000000000005,0,0
2022-04-01,74.27,77.61383333333333,0,0.2000000000000001,0.6000000000000005,0,0
2022-04-02,,,0,,,0,0
2022-04-03,,,0,,,0,0
2022-04-04,73.17666666666666,77.61383333333333,0,-1.9000000000000017,0.6000000000000005,0,0
2022-04-05,72.06333333333333,77.61383333333333,0,-6.1,0.6000000000000005,0,0
2022-04-06,76.49666666666666,77.61383333333333,0,-6.800000000000001,0.6000000000000005,0,0
2022-04-07,76.48666666666666,77.61383333333333,0,-9.090000000000003,0.6000000000000005,0,0
2022-04-08,76.43333333333334,77.61383333333333,0,-11.4,0.6000000000000005,0,0
2022-04-09,,,0,,,0,0
2022-04-10,,,0,,,0,0
2022-04-11,78.46666666666665,77.61383333333333,1,-14.000000000000002,0.6000000000000005,0,1
2022-04-12,78.70333333333333,77.74216666666666,1,-17.200000000000003,0.6000000000000005,0,1
2022-04-13,81.48666666666666,77.94333333333333,1,-17.92,0.6000000000000005,0,1
2022-04-14,81.08333333333333,78.21916666666665,1,-21.99000000000001,0.6000000000000005,0,1
2022-04-15,81.13333333333333,78.49966666666666,1,,,0,1
2022-04-16,,,1,,,0,1
2022-04-17,,,1,,,0,1
2022-04-18,82.12,78.61349999999999,1,-25.010000000000005,0.6000000000000005,0,1
2022-04-19,83.06333333333333,79.7743333333333,1,-29.299999999999994,0.6000000000000005,0,1
2022-04-20,81.8,81.10583333333332,1,-30.74,0.6000000000000005,0,1
2022-04-21,84.39999999999999,81.29233333333332,1,-35.5,0.6000000000000005,0,1
2022-04-22,88.41000000000001,81.62766666666666,1,-37.22,0.6000000000000005,0,1
2022-04-23,,,1,,,0,1
2022-04-24,,,1,,,0,1
2022-04-25,88.43666666666667,81.85549999999999,1,-38.74999999999999,0.6000000000000005,0,1
2022-04-26,90.75333333333333,82.01183333333333,1,-41.3,0.6000000000000005,0,1
2022-04-27,91.04666666666667,82.1485,1,-41.43,0.6000000000000005,0,1
2022-04-28,91.37333333333333,82.57933333333332,1,-46.7,0.6000000000000005,0,1
2022-04-29,94.35666666666667,83.66483333333332,1,-49.53999999999999,0.6000000000000005,0,1
2022-04-30,,,1,,,0,1
2022-05-01,,,1,,,0,1
2022-05-02,95.02333333333333,85.04199999999997,1,-48.84,0.6000000000000005,0,1
2022-05-03,94.03666666666668,85.97816666666667,1,-50.760000000000005,0.6000000000000005,0,1
2022-05-04,93.88333333333333,87.17433333333332,1,-49.059999999999995,0.6000000000000005,0,1
2022-05-05,97.00999999999999,88.42200000000001,1,0.4000000000000003,0.6000000000000005,0,1
2022-05-06,97.01333333333334,88.74716666666666,1,-0.5000000000000004,0.6000000000000005,0,1
2022-05-07,,,1,,,0,1
2022-05-08,,,1,,,0,1
2022-05-09,100.98,89.56016666666665,1,-1.200000000000001,0.6000000000000005,0,1
2022-05-10,99.99333333333334,90.38849999999998,1,0.2000000000000001,0.6000000000000005,0,1
2022-05-11,99.99333333333334,90.88533333333334,1,0.0,0.6000000000000005,0,1
2022-05-12,99.66333333333334,91.19366666666666,1,1.100000000000001,0.6000000000000005,1,1
2022-05-13,98.33666666666666,91.83683333333332,1,-0.7900000000000018,0.6045000000000003,0,1
2022-05-14,,,1,,,0,1
2022-05-15,,,1,,,0,1
2022-05-16,98.50666666666666,92.85633333333332,1,-6.059999999999999,0.6045000000000003,0,1
2022-05-17,98.33,93.62299999999999,1,-6.369999999999997,0.6045000000000003,0,1
2022-05-18,102.96,93.95233333333333,1,-7.699999999999996,0.6045000000000003,0,1
2022-05-19,105.27333333333333,94.18066666666667,1,-11.3,0.6045000000000003,0,1
2022-05-20,106.26333333333334,94.37466666666667,1,-14.1,0.6045000000000003,0,1
2022-05-21,,,1,,,0,1
2022-05-22,,,1,,,0,1
2022-05-23,102.31,94.67866666666666,1,-18.59999999999999,0.6045000000000003,0,1
2022-05-24,102.3,95.9173333333333,1,-18.399999999999995,0.6045000000000003,0,1
2022-05-25,98.67333333333335,97.0115,1,-20.199999999999996,0.6045000000000003,0,1
2022-05-26,94.69999999999999,97.60583333333332,0,-24.8,0.6045000000000003,0,0
2022-05-27,91.71333333333332,97.60583333333332,0,-25.8,0.6045000000000003,0,0
2022-05-28,,,0,,,0,0
2022-05-29,,,0,,,0,0
2022-05-30,91.70666666666666,97.60583333333332,0,,,0,0
2022-05-31,89.05666666666667,97.60583333333332,0,-28.800000000000004,0.6045000000000003,0,0
2022-06-01,90.03666666666668,97.60583333333332,0,-28.81,0.6045000000000003,0,0
2022-06-02,90.06333333333333,97.60583333333332,0,-33.650000000000006,0.6045000000000003,0,0
2022-06-03,90.38333333333334,97.60583333333332,0,-36.3,0.6045000000000003,0,0
2022-06-04,,,0,,,0,0
2022-06-05,,,0,,,0,0
2022-06-06,88.71666666666665,97.60583333333332,0,-37.79999999999999,0.6045000000000003,0,0
2022-06-07,90.07,97.60583333333332,0,-41.470000000000006,0.6045000000000003,0,0
2022-06-08,90.38666666666667,97.60583333333332,0,-43.43999999999999,0.6045000000000003,0,0
2022-06-09,92.04,97.60583333333332,0,-48.78,0.6045000000000003,0,0
2022-06-10,97.33,97.60583333333332,0,-51.849999999999994,0.6045000000000003,0,0
2022-06-11,,,0,,,0,0
2022-06-12,,,0,,,0,0
2022-06-13,105.98333333333333,97.77999999999999,1,-70.7,0.6045000000000003,0,1
2022-06-14,106.28333333333335,98.333,1,-79.70000000000002,0.6045000000000003,0,1
2022-06-15,105.90666666666665,98.41316666666665,1,-80.89999999999999,0.6045000000000003,0,1
2022-06-16,110.54666666666667,98.58166666666666,1,-5.600000000000005,0.6045000000000003,0,1
2022-06-17,108.92333333333333,99.11883333333333,1,-4.500000000000015,0.6045000000000003,0,1
2022-06-18,,,1,,,0,1
2022-06-19,,,1,,,0,1
2022-06-20,108.92333333333333,99.81183333333334,1,,,0,1
2022-06-21,104.61666666666667,99.99333333333334,1,-5.099999999999993,0.6045000000000003,0,1
2022-06-22,106.24666666666667,100.43733333333333,1,-3.420000000000001,0.6045000000000003,0,1
2022-06-23,107.25,101.57399999999998,1,-4.9000000000000155,0.6045000000000003,0,1
2022-06-24,103.63333333333333,102.3045,1,-3.9300000000000113,0.6045000000000003,0,1
2022-06-25,,,1,,,0,1
2022-06-26,,,1,,,0,1
2022-06-27,102.64,102.60249999999999,1,-2.50999999999999,0.6000000000000005,0,1
2022-06-28,108.91333333333334,102.78399999999999,1,-0.8599999999999941,0.6000000000000005,0,1
2022-06-29,111.21,103.26299999999999,1,-7.400000000000007,0.6000000000000005,0,1
2022-06-30,114.16000000000001,104.07583333333332,1,-17.500000000000004,0.6000000000000005,0,1
2022-07-01,112.5,104.91216666666666,1,-20.97,0.6000000000000005,0,1
2022-07-02,,,1,,,0,1
2022-07-03,,,1,,,0,1
2022-07-04,112.55666666666667,105.55833333333331,1,,,0,1
2022-07-05,112.85333333333334,105.94116666666666,1,-20.300000000000008,0.6000000000000005,0,1
2022-07-06,111.59333333333332,106.10183333333333,1,-22.799999999999997,0.6000000000000005,0,1
2022-07-07,107.27666666666669,106.25416666666666,1,-30.180000000000007,0.6000000000000005,0,1
2022-07-08,104.96,106.27233333333334,0,-35.79999999999999,0.6000000000000005,0,0
2022-07-09,,,0,,,0,0
2022-07-10,,,0,,,0,0
2022-07-11,104.61333333333334,106.27233333333334,0,-40.3,0.6000000000000005,0,0
2022-07-12,104.62,106.27233333333334,0,-40.3,0.6000000000000005,0,0
2022-07-13,104.63,106.27233333333334,0,-52.500000000000014,0.6000000000000005,0,0
2022-07-14,107.93333333333332,106.27233333333334,1,-56.09,0.6000000000000005,0,1
2022-07-15,104.62,106.71833333333333,0,-55.500000000000014,0.6000000000000005,0,0
2022-07-16,,,0,,,0,0
2022-07-17,,,0,,,0,0
2022-07-18,102.31,106.71833333333333,0,-59.26999999999998,0.6000000000000005,0,0
2022-07-19,101.98000000000002,106.71833333333333,0,-62.40000000000001,0.6000000000000005,0,0
2022-07-20,99.66000000000001,106.71833333333333,0,-65.10000000000001,0.6000000000000005,0,0
2022-07-21,96.36666666666667,106.71833333333333,0,-71.86000000000001,0.6000000000000005,0,0
2022-07-22,95.04333333333334,106.71833333333333,0,-74.12,0.6000000000000005,0,0
2022-07-23,,,0,,,0,0
2022-07-24,,,0,,,0,0
2022-07-25,95.02,106.71833333333333,0,-76.8,0.6000000000000005,0,0
2022-07-26,98.17333333333333,106.71833333333333,0,-79.50000000000001,0.6000000000000005,0,0
2022-07-27,95.69333333333333,106.71833333333333,0,-75.9,0.6000000000000005,0,0
2022-07-28,94.38,106.71833333333333,0,0.0,0.6000000000000005,0,0
2022-07-29,90.72000000000001,106.71833333333333,0,-1.4699999999999935,0.6000000000000005,0,0
2022-07-30,,,0,,,0,0
2022-07-31,,,0,,,0,0
2022-08-01,90.72000000000001,106.71833333333333,0,-0.3000000000000113,0.6000000000000005,0,0
2022-08-02,91.69333333333333,106.71833333333333,0,0.8999999999999897,0.6000000000000005,1,1
2022-08-03,88.73666666666666,106.71833333333333,0,-0.1900000000000012,0.6000000000000005,0,0
2022-08-04,87.42333333333333,106.71833333333333,0,-0.1999999999999779,0.6000000000000005,0,0
2022-08-05,88.00999999999999,106.71833333333333,0,-2.5000000000000355,0.6000000000000005,0,0
2022-08-06,,,0,,,0,0
2022-08-07,,,0,,,0,0
2022-08-08,86.09333333333335,106.71833333333333,0,-2.010000000000023,0.6000000000000005,0,0
2022-08-09,85.72666666666665,106.71833333333333,0,-2.2399999999999753,0.6000000000000005,0,0
2022-08-10,80.46000000000001,106.71833333333333,0,-1.240000000000041,0.6000000000000005,0,0
2022-08-11,79.77,106.71833333333333,0,-1.6000000000000014,0.6000000000000005,0,0
2022-08-12,78.44999999999999,106.71833333333333,0,-1.360000000000028,0.6000000000000005,0,0
2022-08-13,,,0,,,0,0
2022-08-14,,,0,,,0,0
2022-08-15,79.8,106.71833333333333,0,-0.4900000000000126,0.6000000000000005,0,0
2022-08-16,79.08999999999999,106.71833333333333,0,-0.5199999999999871,0.6000000000000005,0,0
2022-08-17,81.39333333333333,106.71833333333333,0,-0.4999999999999893,0.6000000000000005,0,0
2022-08-18,81.12333333333333,106.71833333333333,0,-1.3000000000000345,0.6000000000000005,0,0
2022-08-19,82.39999999999999,106.71833333333333,0,-3.54000000000001,0.6000000000000005,0,0
2022-08-20,,,0,,,0,0
2022-08-21,,,0,,,0,0
2022-08-22,85.05333333333333,106.71833333333333,0,-9.90000000000002,0.6000000000000005,0,0
2022-08-23,84.42,106.71833333333333,0,-10.570000000000013,0.6000000000000005,0,0
2022-08-24,84.07333333333334,106.71833333333333,0,-10.709999999999996,0.6000000000000005,0,0
2022-08-25,82.77333333333333,106.71833333333333,0,-15.850000000000009,0.6000000000000005,0,0
2022-08-26,85.07000000000001,106.71833333333333,0,-16.170000000000016,0.6000000000000005,0,0
2022-08-27,,,0,,,0,0
2022-08-28,,,0,,,0,0
2022-08-29,87.05333333333333,106.71833333333333,0,-18.20000000000004,0.6000000000000005,0,0
2022-08-30,89.71666666666665,106.71833333333333,0,-22.16999999999998,0.6000000000000005,0,0
2022-08-31,93.37,106.71833333333333,0,-23.099999999999987,0.6000000000000005,0,0
2022-09-01,94.35666666666667,106.71833333333333,0,-30.889999999999993,0.6000000000000005,0,0
2022-09-02,94.05,106.71833333333333,0,-30.73000000000001,0.6000000000000005,0,0
2022-09-03,,,0,,,0,0
2022-09-04,,,0,,,0,0
2022-09-05,94.08,106.71833333333333,0,,,0,0
2022-09-06,94.13,106.71833333333333,0,-38.390000000000015,0.6000000000000005,0,0
2022-09-07,94.19,106.71833333333333,0,-40.7,0.6000000000000005,0,0
2022-09-08,94.19,106.71833333333333,0,-47.670000000000016,0.6000000000000005,0,0
2022-09-09,86.39333333333333,106.71833333333333,0,-50.18000000000002,0.6000000000000005,0,0
2022-09-10,,,0,,,0,0
2022-09-11,,,0,,,0,0
2022-09-12,86.44033333333333,106.71833333333333,0,-53.18000000000001,0.6000000000000005,0,0
2022-09-13,86.35666666666667,106.71833333333333,0,-64.63000000000001,0.6000000000000005,0,0
2022-09-14,91.04,106.71833333333333,0,-65.39999999999999,0.6000000000000005,0,0
2022-09-15,93.02666666666666,106.71833333333333,0,-72.00000000000001,0.6000000000000005,0,0
2022-09-16,94.04,106.71833333333333,0,-74.79999999999998,0.6000000000000005,0,0
2022-09-17,,,0,,,0,0
2022-09-18,,,0,,,0,0
2022-09-19,92.03333333333335,106.71833333333333,0,-78.2,0.6000000000000005,0,0
2022-09-20,99.32666666666667,106.71833333333333,0,-81.66000000000003,0.6000000000000005,0,0
2022-09-21,100.98333333333333,106.71833333333333,0,-77.89999999999999,0.6000000000000005,0,0
2022-09-22,105.62333333333333,106.71833333333333,0,-3.979999999999962,0.6000000000000005,0,0
2022-09-23,114.53666666666668,106.71833333333333,1,-4.630000000000001,0.6000000000000005,0,1
2022-09-24,,,1,,,0,1
2022-09-25,,,1,,,0,1
2022-09-26,114.53666666666668,107.26200000000001,1,-5.339999999999989,0.6000000000000005,0,1
2022-09-27,120.75333333333333,107.57216666666666,1,-5.200000000000005,0.6000000000000005,0,1
2022-09-28,117.71666666666665,108.37433333333333,1,-4.139999999999988,0.6000000000000005,0,1
2022-09-29,120.79666666666667,108.91783333333333,1,-6.030000000000024,0.6000000000000005,0,1
2022-09-30,119.14666666666666,108.92333333333333,1,-6.800000000000006,0.6000000000000005,0,1
2022-10-01,,,1,,,0,1
2022-10-02,,,1,,,0,1
2022-10-03,118.07666666666667,109.65383333333331,1,-11.47999999999998,0.6000000000000005,0,1
2022-10-04,110.87,110.84516666666666,1,-8.729999999999993,0.6000000000000005,0,1
2022-10-05,112.89333333333333,111.023,1,-9.129999999999994,0.6000000000000005,0,1
2022-10-06,113.54666666666667,111.38249999999998,1,-22.00000000000002,0.6000000000000005,0,1
2022-10-07,115.85666666666667,112.00133333333332,1,-23.10000000000003,0.6000000000000005,0,1
2022-10-08,,,1,,,0,1
2022-10-09,,,1,,,0,1
2022-10-10,115.86000000000001,112.52550000000001,1,,,0,1
2022-10-11,121.10000000000001,112.69016666666667,1,-24.83,0.6000000000000005,0,1
2022-10-12,120.08999999999999,112.87133333333334,1,-26.39,0.6000000000000005,0,1
2022-10-13,123.46,113.18733333333333,1,-35.9,0.6000000000000005,0,1
2022-10-14,121.78333333333335,113.82266666666666,1,-37.53999999999999,0.6000000000000005,0,1
2022-10-15,,,1,,,0,1
2022-10-16,,,1,,,0,1
2022-10-17,121.39333333333333,114.32950000000001,1,-41.1,0.6000000000000005,0,1
2022-10-18,116.48000000000002,114.53666666666668,1,-43.54,0.6000000000000005,0,1
2022-10-19,116.54666666666667,115.13066666666666,1,-45.69000000000001,0.6000000000000005,0,1
2022-10-20,116.36666666666667,115.85816666666668,1,-55.09000000000004,0.6000000000000005,0,1
2022-10-21,112.82666666666667,116.08800000000001,0,-56.89999999999999,0.6000000000000005,0,0
2022-10-22,,,0,,,0,0
2022-10-23,,,0,,,0,0
2022-10-24,110.56333333333333,116.08800000000001,0,-62.1,0.6000000000000005,0,0
2022-10-25,108.56666666666666,116.08800000000001,0,-62.59999999999999,0.6000000000000005,0,0
2022-10-26,107.57333333333332,116.08800000000001,0,-62.300000000000026,0.6000000000000005,0,0
2022-10-27,107.24000000000001,116.08800000000001,0,-67.8,0.6000000000000005,0,0
2022-10-28,103.96666666666665,116.08800000000001,0,-68.80000000000001,0.6000000000000005,0,0
2022-10-29,,,0,,,0,0
2022-10-30,,,0,,,0,0
2022-10-31,102.30666666666667,116.08800000000001,0,-72.30000000000003,0.6000000000000005,0,0
2022-11-01,101.97333333333334,116.08800000000001,0,-75.43000000000002,0.6000000000000005,0,0
2022-11-02,103.63,116.08800000000001,0,-75.70000000000002,0.5779999999999998,0,0
2022-11-03,105.28333333333335,116.08800000000001,0,-0.5300000000000082,0.5724999999999999,0,0
2022-11-04,101.96666666666665,116.08800000000001,0,0.1199999999999867,0.5224999999999999,0,0
2022-11-05,,,0,,,0,0
2022-11-06,,,0,,,0,0
2022-11-07,99.98666666666666,116.08800000000001,0,-1.8600000000000172,0.44499999999999923,0,0
2022-11-08,98.99666666666667,116.08800000000001,0,-1.470000000000038,0.34499999999999914,0,0
2022-11-09,100.97666666666667,116.08800000000001,0,-1.3000000000000345,0.3000000000000002,0,0
2022-11-10,94.39999999999999,116.08800000000001,0,-0.9400000000000296,0.244999999999999,0,0
2022-11-11,94.35666666666667,116.08800000000001,0,,,0,0
2022-11-12,,,0,,,0,0
2022-11-13,,,0,,,0,0
2022-11-14,92.37,116.08800000000001,0,-2.1999999999999797,0.2000000000000001,0,0
2022-11-15,88.42999999999999,116.08800000000001,0,-7.740000000000036,0.2000000000000001,0,0
2022-11-16,88.74666666666667,116.08800000000001,0,-6.570000000000009,0.2000000000000001,0,0
2022-11-17,88.71,116.08800000000001,0,-11.3,0.1559999999999918,0,0
2022-11-18,87.71666666666665,116.08800000000001,0,-12.9,0.1089999999999938,0,0
2022-11-19,,,0,,,0,0
2022-11-20,,,0,,,0,0
2022-11-21,87.74000000000001,116.08800000000001,0,-16.1,0.1,0,0
2022-11-22,87.42666666666666,116.08800000000001,0,-22.70000000000003,0.1,0,0
2022-11-23,84.76666666666667,116.08800000000001,0,-28.960000000000008,0.1,0,0
2022-11-24,84.77666666666666,116.08800000000001,0,,,0,0
2022-11-25,84.76,116.08800000000001,0,-26.6,0.1,0,0
2022-11-26,,,0,,,0,0
2022-11-27,,,0,,,0,0
2022-11-28,85.75666666666666,116.08800000000001,0,-28.10000000000006,0.04499999999999887,0,0
2022-11-29,83.76,116.08800000000001,0,-31.059999999999953,0.0,0,0
2022-11-30,81.51333333333334,116.08800000000001,0,-30.800000000000026,0.0,0,0
2022-12-01,80.47333333333334,116.08800000000001,0,-35.00000000000001,0.0,0,0
2022-12-02,81.77,116.08800000000001,0,-37.299999999999976,0.0,0,0
2022-12-03,,,0,,,0,0
2022-12-04,,,0,,,0,0
2022-12-05,83.7,116.08800000000001,0,-39.95000000000002,0.0,0,0
2022-12-06,86.76333333333334,116.08800000000001,0,-41.469999999999985,0.0,0,0
2022-12-07,87.77333333333333,116.08800000000001,0,-42.700000000000045,0.0,0,0
2022-12-08,86.05666666666666,116.08800000000001,0,-47.36000000000003,0.0,0,0
2022-12-09,85.41000000000001,116.08800000000001,0,-48.96000000000002,0.0,0,0
2022-12-10,,,0,,,0,0
2022-12-11,,,0,,,0,0
2022-12-12,83.75,116.08800000000001,0,-51.29999999999999,0.0,0,0
2022-12-13,79.53666666666668,116.08800000000001,0,-52.059999999999995,0.0,0,0
2022-12-14,80.8,116.08800000000001,0,-52.01000000000002,0.0,0,0
2022-12-15,83.42666666666668,116.08800000000001,0,0.3000000000000113,0.0,1,1
2022-12-16,85.76666666666667,116.08800000000001,0,-0.2199999999999313,0.04499999999999887,0,0
2022-12-17,,,0,,,0,0
2022-12-18,,,0,,,0,0
2022-12-19,88.71666666666665,116.08800000000001,0,-2.260000000000062,0.04499999999999887,0,0
2022-12-20,88.72333333333334,116.08800000000001,0,-1.9600000000000504,0.04499999999999887,0,0
2022-12-21,86.75666666666666,116.08800000000001,0,-1.5900000000000247,0.04499999999999887,0,0
2022-12-22,86.74,116.08800000000001,0,-1.920000000000055,0.04499999999999887,0,0
2022-12-23,87.73,116.08800000000001,0,-2.2199999999999775,0.04499999999999887,0,0
2022-12-24,,,0,,,0,0
2022-12-25,,,0,,,0,0
2022-12-26,87.75,116.08800000000001,0,,,0,0
2022-12-27,87.73,116.08800000000001,0,-2.200000000000024,0.04499999999999887,0,0
2022-12-28,86.74333333333334,116.08800000000001,0,-2.040000000000042,0.04499999999999887,0,0
2022-12-29,86.75333333333333,116.08800000000001,0,-2.8100000000000236,0.04499999999999887,0,0
2022-12-30,86.74,116.08800000000001,0,-5.799999999999983,0.04499999999999887,0,0
2022-12-31,,,0,,,0,0
2023-01-01,,,0,,,0,0
2023-01-02,86.75999999999999,116.08800000000001,0,,,0,0
2023-01-03,86.11333333333334,116.08800000000001,0,-5.440000000000023,0.04499999999999887,0,0
2023-01-04,85.10666666666667,116.08800000000001,0,-6.350000000000033,0.04499999999999887,0,0
2023-01-05,85.06666666666668,116.08800000000001,0,-8.980000000000032,0.04499999999999887,0,0
2023-01-06,82.19,116.08800000000001,0,-9.600000000000009,0.04499999999999887,0,0
2023-01-07,,,0,,,0,0
2023-01-08,,,0,,,0,0
2023-01-09,80.47,116.08800000000001,0,-11.50000000000002,0.04499999999999887,0,0
2023-01-10,77.43666666666667,116.08800000000001,0,-12.100000000000044,0.04499999999999887,0,0
2023-01-11,75.50333333333333,116.08800000000001,0,-13.600000000000012,0.04499999999999887,0,0
2023-01-12,73.21,116.08800000000001,0,-15.800000000000036,0.04499999999999887,0,0
2023-01-13,74.44000000000001,116.08800000000001,0,-17.70000000000005,0.04499999999999887,0,0
2023-01-14,,,0,,,0,0
2023-01-15,,,0,,,0,0
2023-01-16,74.48,116.08800000000001,0,,,0,0
2023-01-17,73.50333333333333,116.08800000000001,0,-17.100000000000026,0.04499999999999887,0,0
2023-01-18,73.90333333333332,116.08800000000001,0,-18.71999999999998,0.04499999999999887,0,0
2023-01-19,76.78999999999999,116.08800000000001,0,-19.900000000000073,0.04499999999999887,0,0
2023-01-20,76.44000000000001,116.08800000000001,0,-21.199999999999974,0.04499999999999887,0,0
2023-01-21,,,0,,,0,0
2023-01-22,,,0,,,0,0
2023-01-23,75.11333333333333,116.08800000000001,0,-22.820000000000014,0.04499999999999887,0,0
2023-01-24,75.83,116.08800000000001,0,-22.84000000000006,0.04499999999999887,0,0
2023-01-25,74.833,116.08800000000001,0,-21.920000000000073,0.04499999999999887,0,0
2023-01-26,72.79,116.08800000000001,0,-25.59000000000005,0.04499999999999887,0,0
2023-01-27,72.47666666666667,116.08800000000001,0,-25.769999999999985,0.04499999999999887,0,0
2023-01-28,,,0,,,0,0
2023-01-29,,,0,,,0,0
2023-01-30,72.12333333333333,116.08800000000001,0,-26.639999999999997,0.04499999999999887,0,0
2023-01-31,70.54666666666667,116.08800000000001,0,-26.250000000000018,0.04499999999999887,0,0
2023-02-01,70.37333333333333,116.08800000000001,0,-25.90000000000003,0.04499999999999887,0,0
2023-02-02,67.52333333333333,116.08800000000001,0,-0.6099999999999994,0.04499999999999887,0,0
2023-02-03,65.41,116.08800000000001,0,-1.5000000000000568,0.04499999999999887,0,0
2023-02-04,,,0,,,0,0
2023-02-05,,,0,,,0,0
2023-02-06,66.08666666666666,116.08800000000001,0,-1.529999999999987,0.0,0,0
2023-02-07,66.02666666666666,116.08800000000001,0,-0.990000000000002,-0.10450000000000281,0,0
2023-02-08,66.86666666666666,116.08800000000001,0,-1.0500000000000398,-0.1954999999999885,0,0
2023-02-09,68.13666666666667,116.08800000000001,0,-1.0699999999999932,-0.2109999999999525,0,0
2023-02-10,67.50000000000001,116.08800000000001,0,-1.2000000000000457,-0.2109999999999525,0,0
2023-02-11,,,0,,,0,0
2023-02-12,,,0,,,0,0
2023-02-13,67.17999999999999,116.08800000000001,0,-1.29999999999999,-0.2109999999999525,0,0
2023-02-14,67.76,116.08800000000001,0,-1.1200000000000545,-0.2109999999999525,0,0
2023-02-15,67.50666666666667,116.08800000000001,0,-1.0800000000000587,-0.2109999999999525,0,0
2023-02-16,68.84333333333333,116.08800000000001,0,-0.8700000000000152,-0.2109999999999525,0,0
2023-02-17,69.54,116.08800000000001,0,-0.6199999999999761,-0.2109999999999525,0,0
2023-02-18,,,0,,,0,0
2023-02-19,,,0,,,0,0
2023-02-20,69.49,116.08800000000001,0,,,0,0
2023-02-21,71.11,116.08800000000001,0,-0.2100000000000434,-0.2109999999999525,1,1
2023-02-22,72.83333333333333,116.08800000000001,0,-2.5000000000000355,-0.20550000000001403,0,0
2023-02-23,71.52,116.08800000000001,0,-5.630000000000024,-0.20550000000001403,0,0
2023-02-24,73.75666666666666,116.08800000000001,0,-8.769999999999989,-0.20550000000001403,0,0
2023-02-25,,,0,,,0,0
2023-02-26,,,0,,,0,0
2023-02-27,72.51666666666667,116.08800000000001,0,-10.829999999999984,-0.20550000000001403,0,0
2023-02-28,72.15666666666665,116.08800000000001,0,-11.09,-0.20550000000001403,0,0
2023-03-01,72.11,116.08800000000001,0,-11.790000000000056,-0.20550000000001403,0,0
2023-03-02,71.14,116.08800000000001,0,-14.500000000000046,-0.20550000000001403,0,0
2023-03-03,69.20333333333333,116.08800000000001,0,-15.600000000000058,-0.20550000000001403,0,0
2023-03-04,,,0,,,0,0
2023-03-05,,,0,,,0,0
2023-03-06,68.49333333333333,116.08800000000001,0,-17.900000000000027,-0.20550000000001403,0,0
2023-03-07,68.77333333333333,116.08800000000001,0,-23.62000000000002,-0.20550000000001403,0,0
2023-03-08,70.33999999999999,116.08800000000001,0,-26.140000000000008,-0.20550000000001403,0,0
2023-03-09,76.57000000000001,116.08800000000001,0,-27.700000000000017,-0.20550000000001403,0,0
2023-03-10,88.49000000000001,116.08800000000001,0,-23.599999999999977,-0.20550000000001403,0,0
2023-03-11,,,0,,,0,0
2023-03-12,,,0,,,0,0
2023-03-13,,116.08800000000001,0,-11.249999999999982,-0.20550000000001403,0,0
2023-03-14,102.96,116.11333333333334,0,-18.20000000000004,-0.20550000000001403,0,0
2023-03-15,106.91000000000001,116.11333333333334,0,-9.520000000000016,-0.20550000000001403,0,0
2023-03-16,104.65666666666668,116.11333333333334,0,-18.72999999999996,-0.20550000000001403,0,0
2023-03-17,107.89,116.11333333333334,0,-17.97000000000004,-0.20550000000001403,0,0
2023-03-18,,,0,,,0,0
2023-03-19,,,0,,,0,0
2023-03-20,110.59666666666665,116.11333333333334,0,-20.610000000000017,-0.20550000000001403,0,0
2023-03-21,99.66000000000001,116.11333333333334,0,-22.90000000000001,-0.20550000000001403,0,0
2023-03-22,98.34666666666665,116.11333333333334,0,-25.729999999999983,-0.20550000000001403,0,0
2023-03-23,106.08999999999999,116.11333333333334,0,0.0399999999999955,-0.21549999999998187,1,1
2023-03-24,113.36333333333333,116.11333333333334,0,0.6400000000000183,-0.20550000000001403,1,1
2023-03-25,,,0,,,1,1
2023-03-26,,,0,,,1,1
2023-03-27,108.96333333333332,116.11333333333334,0,-0.6300000000000416,-0.1954999999999885,0,0
2023-03-28,107.93666666666667,116.11333333333334,0,2.0199999999999996,-0.1954999999999885,1,1
2023-03-29,104.95666666666666,116.11333333333334,0,2.550000000000008,-0.10450000000000281,1,1
2023-03-30,93.36666666666667,116.11333333333334,0,1.6600000000000392,0.0,1,1
2023-03-31,88.75,116.11333333333334,0,6.329999999999991,0.017999999999997518,1,1
2023-04-01,,,0,,,1,1
2023-04-02,,,0,,,1,1
2023-04-03,88.07333333333334,116.11333333333334,0,2.59999999999998,0.07599999999999063,1,1
2023-04-04,96.03333333333335,116.11333333333334,0,0.2600000000000158,0.1559999999999918,1,1
2023-04-05,101.80666666666666,116.11333333333334,0,-1.6000000000000014,0.2000000000000001,0,0
2023-04-06,102.64333333333333,116.11333333333334,0,-2.200000000000024,0.1559999999999918,0,0
2023-04-07,103.65333333333335,116.11333333333334,0,,,0,0
2023-04-08,,,0,,,0,0
2023-04-09,,,0,,,0,0
2023-04-10,105.63,116.11333333333334,0,-5.430000000000046,0.07599999999999063,0,0
2023-04-11,102.31666666666668,116.11333333333334,0,-8.10000000000004,0.07599999999999063,0,0
2023-04-12,99.67833333333334,116.11333333333334,0,-7.750000000000057,0.07599999999999063,0,0
2023-04-13,93.37333333333333,116.11333333333334,0,-8.410000000000029,0.07599999999999063,0,0
2023-04-14,87.37333333333333,116.11333333333334,0,-10.81000000000003,0.07599999999999063,0,0
2023-04-15,,,0,,,0,0
2023-04-16,,,0,,,0,0
2023-04-17,85.37666666666667,116.11333333333334,0,-12.539999999999996,0.07599999999999063,0,0
2023-04-18,82.42999999999999,116.11333333333334,0,-13.87999999999998,0.07599999999999063,0,0
2023-04-19,82.07333333333332,116.11333333333334,0,-14.400000000000013,0.07599999999999063,0,0
2023-04-20,84.12666666666667,116.11333333333334,0,-15.620000000000012,0.07599999999999063,0,0
2023-04-21,84.07333333333332,116.11333333333334,0,-16.80999999999999,0.07599999999999063,0,0
2023-04-22,,,0,,,0,0
2023-04-23,,,0,,,0,0
2023-04-24,84.10666666666667,116.11333333333334,0,-18.00000000000006,0.07599999999999063,0,0
2023-04-25,86.8,116.11333333333334,0,-17.28000000000005,0.07599999999999063,0,0
2023-04-26,91.70333333333333,116.11333333333334,0,-17.379999999999995,0.07599999999999063,0,0
2023-04-27,90.35666666666667,116.11333333333334,0,-20.480000000000057,0.07599999999999063,0,0
2023-04-28,90.73666666666668,116.11333333333334,0,-20.340000000000025,0.07599999999999063,0,0
2023-04-29,,,0,,,0,0
2023-04-30,,,0,,,0,0
2023-05-01,90.02333333333333,116.11333333333334,0,-23.70000000000001,0.07599999999999063,0,0
2023-05-02,95.05333333333333,116.11333333333334,0,-22.77000000000005,0.07599999999999063,0,0
2023-05-03,97.36333333333334,116.11333333333334,0,-24.820000000000064,0.07599999999999063,0,0
2023-05-04,105.62333333333333,116.11333333333334,0,1.359999999999939,0.07599999999999063,1,1
2023-05-05,100.00333333333333,116.11333333333334,0,1.1999999999999569,0.1559999999999918,1,1
2023-05-06,,,0,,,1,1
2023-05-07,,,0,,,1,1
2023-05-08,100.00666666666666,116.11333333333334,0,0.1999999999999779,0.22700000000000647,0,0
2023-05-09,101.66000000000001,116.11333333333334,0,0.1900000000000012,0.22700000000000647,0,0
2023-05-10,98.42700000000002,116.11333333333334,0,0.3599999999999603,0.22700000000000647,1,1
2023-05-11,100.38833333333334,116.11333333333334,0,-0.5500000000000504,0.22700000000000647,0,0
2023-05-12,98.89733333333334,116.11333333333334,0,-0.5600000000000271,0.22700000000000647,0,0
2023-05-13,,,0,,,0,0
2023-05-14,,,0,,,0,0
2023-05-15,98.30966666666667,116.11333333333334,0,-0.4000000000000447,0.22700000000000647,0,0
2023-05-16,97.74366666666667,116.11333333333334,0,-2.4200000000000443,0.22699999999999426,0,0
2023-05-17,96.71900000000001,116.11333333333334,0,-2.430000000000021,0.22699999999999426,0,0
2023-05-18,95.91866666666665,116.11333333333334,0,-3.929999999999989,0.1944999999999906,0,0
2023-05-19,91.70333333333333,116.11333333333334,0,-3.5499999999999865,0.1944999999999906,0,0
2023-05-20,,,0,,,0,0
2023-05-21,,,0,,,0,0
2023-05-22,89.71666666666668,116.11333333333334,0,-5.069999999999997,0.1944999999999906,0,0
2023-05-23,88.39333333333333,116.11333333333334,0,-5.400000000000027,0.1944999999999906,0,0
2023-05-24,88.71333333333332,116.11333333333334,0,-7.380000000000031,0.1944999999999906,0,0
2023-05-25,87.36,116.11333333333334,0,-8.980000000000032,0.1944999999999906,0,0
2023-05-26,85.73,116.11333333333334,0,-8.840000000000003,0.1944999999999906,0,0
2023-05-27,,,0,,,0,0
2023-05-28,,,0,,,0,0
2023-05-29,85.74,116.11333333333334,0,,,0,0
2023-05-30,81.48,116.11333333333334,0,-11.100000000000064,0.1944999999999906,0,0
2023-05-31,82.44,116.11333333333334,0,-4.800000000000004,0.1944999999999906,0,0
2023-06-01,81.78,116.11333333333334,0,-5.400000000000027,0.1944999999999906,0,0
2023-06-02,79.35,116.11333333333334,0,-6.699999999999928,0.1944999999999906,0,0
2023-06-03,,,0,,,0,0
2023-06-04,,,0,,,0,0
2023-06-05,77.95666666666666,116.11333333333334,0,-6.9100000000000605,0.1944999999999906,0,0
2023-06-06,78.08666666666666,116.11333333333334,0,-7.750000000000057,0.1944999999999906,0,0
2023-06-07,77.40666666666665,116.11333333333334,0,-8.999999999999986,0.1944999999999906,0,0
2023-06-08,77.81333333333333,116.11333333333334,0,-8.560000000000034,0.1944999999999906,0,0
2023-06-09,76.41,116.11333333333334,0,-10.020000000000008,0.1944999999999906,0,0
2023-06-10,,,0,,,0,0
2023-06-11,,,0,,,0,0
2023-06-12,76.77666666666666,116.11333333333334,0,-9.079999999999975,0.1944999999999906,0,0
2023-06-13,77.05,116.11333333333334,0,-4.760000000000009,0.1944999999999906,0,0
2023-06-14,77.13666666666667,116.11333333333334,0,-2.320000000000011,0.1944999999999906,0,0
2023-06-15,78.49333333333334,116.11333333333334,0,-1.5000000000000568,0.1944999999999906,0,0
2023-06-16,77.77666666666666,116.11333333333334,0,-2.4200000000000443,0.1944999999999906,0,0
2023-06-17,,,0,,,0,0
2023-06-18,,,0,,,0,0
2023-06-19,77.42,116.11333333333334,0,,,0,0
2023-06-20,77.96666666666665,116.11333333333334,0,-3.5200000000000564,0.1944999999999906,0,0
2023-06-21,77.92999999999999,116.11333333333334,0,-3.900000000000059,0.1944999999999906,0,0
2023-06-22,78.91333333333334,116.11333333333334,0,-3.200000000000003,0.1944999999999906,0,0
2023-06-23,79.88,116.11333333333334,0,-2.9600000000000293,0.1944999999999906,0,0
2023-06-24,,,0,,,0,0
2023-06-25,,,0,,,0,0
2023-06-26,80.29,116.11333333333334,0,-3.6599999999999966,0.1944999999999906,0,0
2023-06-27,79.66,116.11333333333334,0,-4.910000000000014,0.1944999999999906,0,0
2023-06-28,78.47333333333333,116.11333333333334,0,-3.330000000000055,0.1944999999999906,0,0
2023-06-29,78.2,116.11333333333334,0,-5.600000000000005,0.1944999999999906,0,0
2023-06-30,76.62,116.11333333333334,0,-5.299999999999994,0.1944999999999906,0,0
2023-07-01,,,0,,,0,0
2023-07-02,,,0,,,0,0
2023-07-03,76.42,116.11333333333334,0,-8.400000000000052,0.1944999999999906,0,0
2023-07-04,76.46666666666667,116.11333333333334,0,,,0,0
2023-07-05,76.43666666666667,116.11333333333334,0,-8.300000000000018,0.1944999999999906,0,0
2023-07-06,77.72,116.11333333333334,0,-10.9,0.1944999999999906,0,0
2023-07-07,77.78,116.11333333333334,0,-11.800000000000033,0.1944999999999906,0,0
2023-07-08,,,0,,,0,0
2023-07-09,,,0,,,0,0
2023-07-10,76.32666666666667,116.11333333333334,0,-13.500000000000068,0.1944999999999906,0,0
2023-07-11,74.97,116.11333333333334,0,-13.80000000000008,0.1944999999999906,0,0
2023-07-12,72.55666666666667,116.11333333333334,0,-15.000000000000036,0.1944999999999906,0,0
2023-07-13,71.71333333333332,116.11333333333334,0,-16.000000000000014,0.1944999999999906,0,0
2023-07-14,70.56,116.11333333333334,0,-18.50000000000005,0.1944999999999906,0,0
2023-07-15,,,0,,,0,0
2023-07-16,,,0,,,0,0
2023-07-17,71.49000000000001,116.11333333333334,0,-19.100000000000072,0.1944999999999906,0,0
2023-07-18,69.36333333333333,116.11333333333334,0,-19.80000000000004,0.1944999999999906,0,0
2023-07-19,68.33333333333333,116.11333333333334,0,-21.300000000000008,0.1944999999999906,0,0
2023-07-20,68.90666666666667,116.11333333333334,0,-22.40000000000002,0.1944999999999906,0,0
2023-07-21,68.48333333333333,116.11333333333334,0,-24.50000000000001,0.1944999999999906,0,0
2023-07-22,,,0,,,0,0
2023-07-23,,,0,,,0,0
2023-07-24,68.64666666666666,116.11333333333334,0,-25.8,0.1944999999999906,0,0
2023-07-25,67.14666666666666,116.11333333333334,0,-25.600000000000023,0.1944999999999906,0,0
2023-07-26,67.31666666666666,116.11333333333334,0,-25.600000000000023,0.1944999999999906,0,0
2023-07-27,64.56333333333333,116.11333333333334,0,-0.6000000000000227,0.1944999999999906,0,0
2023-07-28,64.54666666666667,116.11333333333334,0,-1.5000000000000568,0.1944999999999906,0,0
2023-07-29,,,0,,,0,0
2023-07-30,,,0,,,0,0
2023-07-31,63.51666666666667,116.11333333333334,0,-0.6000000000000227,0.1944999999999906,0,0
2023-08-01,63.96333333333333,116.11333333333334,0,-0.6000000000000227,0.1944999999999906,0,0
2023-08-02,65.84666666666668,116.11333333333334,0,-1.6000000000000014,0.1944999999999906,0,0
2023-08-03,66.47333333333333,116.11333333333334,0,-1.4000000000000234,0.1944999999999906,0,0
2023-08-04,65.25,116.11333333333334,0,-1.29999999999999,0.1944999999999906,0,0
2023-08-05,,,0,,,0,0
2023-08-06,,,0,,,0,0
2023-08-07,64.66000000000001,116.11333333333334,0,-1.100000000000012,0.1944999999999906,0,0
2023-08-08,66.93333333333332,116.11333333333334,0,-1.100000000000012,0.15149999999999242,0,0
2023-08-09,66.06666666666666,116.11333333333334,0,-1.100000000000012,0.15149999999999242,0,0
2023-08-10,64.48066666666666,116.11333333333334,0,-1.3550000000000395,0.15149999999999242,0,0
2023-08-11,65.28333333333335,116.11333333333334,0,-1.1050000000000004,0.15149999999999242,0,0
2023-08-12,,,0,,,0,0
2023-08-13,,,0,,,0,0
2023-08-14,64.79666666666667,116.11333333333334,0,-1.0250000000000092,0.15149999999999242,0,0
2023-08-15,65.50999999999999,116.11333333333334,0,-1.085000000000047,0.15149999999999242,0,0
2023-08-16,65.81666666666666,116.11333333333334,0,-1.1050000000000004,0.15149999999999242,0,0
2023-08-17,66.57,116.11333333333334,0,-1.0050000000000558,0.15149999999999242,0,0
2023-08-18,67.83666666666666,116.11333333333334,0,-1.4000000000000234,0.15149999999999242,0,0
2023-08-19,,,0,,,0,0
2023-08-20,,,0,,,0,0
2023-08-21,67.59333333333332,116.11333333333334,0,-1.6049999999999898,0.15149999999999242,0,0
2023-08-22,68.12666666666667,116.11333333333334,0,-1.6750000000000045,0.15149999999999242,0,0
2023-08-23,68.14333333333333,116.11333333333334,0,-1.6750000000000045,0.15149999999999242,0,0
2023-08-24,67.96,116.11333333333334,0,-2.6050000000000573,0.15149999999999242,0,0
2023-08-25,69.79666666666667,116.11333333333334,0,-3.045000000000009,0.15149999999999242,0,0
2023-08-26,,,0,,,0,0
2023-08-27,,,0,,,0,0
2023-08-28,69.00333333333334,116.11333333333334,0,-3.005000000000013,0.15149999999999242,0,0
2023-08-29,68.55333333333333,116.11333333333334,0,-2.5650000000000617,0.15149999999999242,0,0
2023-08-30,67.15666666666667,116.11333333333334,0,-2.495000000000047,0.15149999999999242,0,0
2023-08-31,67.17999999999999,116.11333333333334,0,-1.965000000000039,0.15149999999999242,0,0
2023-09-01,66.80333333333333,116.11333333333334,0,-1.3850000000000584,0.15149999999999242,0,0
2023-09-02,,,0,,,0,0
2023-09-03,,,0,,,0,0
2023-09-04,66.80666666666666,116.11333333333334,0,,,0,0
2023-09-05,67.18333333333334,116.11333333333334,0,-1.8050000000000568,0.15149999999999242,0,0
2023-09-06,68.76333333333334,116.11333333333334,0,-2.90499999999998,0.15149999999999242,0,0
2023-09-07,69.52,116.11333333333334,0,-1.7050000000000232,0.15149999999999242,0,0
2023-09-08,69.46333333333332,116.11333333333334,0,-2.6550000000000296,0.15149999999999242,0,0
2023-09-09,,,0,,,0,0
2023-09-10,,,0,,,0,0
2023-09-11,68.97333333333333,116.11333333333334,0,-3.1050000000000466,0.15149999999999242,0,0
2023-09-12,69.54666666666667,116.11333333333334,0,-3.204999999999991,0.15149999999999242,0,0
2023-09-13,70.47666666666667,116.11333333333334,0,-2.505000000000024,0.15149999999999242,0,0
2023-09-14,70.63333333333334,116.11333333333334,0,-2.505000000000024,0.15149999999999242,0,0
2023-09-15,70.63333333333333,115.85833333333335,0,-1.4050000000000118,0.15149999999999242,0,0
2023-09-16,,,0,,,0,0
2023-09-17,,,0,,,0,0
2023-09-18,71.05,114.70166666666667,0,-1.3050000000000672,0.15149999999999242,0,0
2023-09-19,70.79333333333334,113.455,0,-1.3050000000000672,0.15149999999999242,0,0
2023-09-20,75.02333333333334,113.12833333333333,0,-1.6049999999999898,0.15149999999999242,0,0
2023-09-21,76.30333333333333,112.86,0,-1.7050000000000232,0.15149999999999242,0,0
2023-09-22,76.67666666666666,112.86,0,-1.8050000000000568,0.15149999999999242,0,0
2023-09-23,,,0,,,0,0
2023-09-24,,,0,,,0,0
2023-09-25,77.79666666666667,111.71166666666666,0,-0.8050000000000779,0.15149999999999242,0,0
2023-09-26,81.11666666666667,110.57999999999998,0,-0.9050000000000225,0.15149999999999242,0,0
2023-09-27,81.09333333333333,109.76333333333332,0,0.2850000000000463,0.15149999999999242,1,1
2023-09-28,82.79666666666667,108.76499999999999,0,-0.6750000000000256,0.1944999999999906,0,0
2023-09-29,82.13,108.25166666666667,0,-1.6050000000000786,0.1944999999999906,0,0
2023-09-30,,,0,,,0,0
2023-10-01,,,0,,,0,0
2023-10-02,84.07333333333332,107.91333333333333,0,-0.8249999999999424,0.1944999999999906,0,0
2023-10-03,82.79666666666667,107.73166666666665,0,0.1249999999999751,0.1944999999999906,0,0
2023-10-04,87.77333333333335,107.40666666666667,0,-0.9349999999999524,0.1944999999999906,0,0
2023-10-05,87.92666666666666,107.07500000000002,0,-1.5049999999999564,0.1944999999999906,0,0
2023-10-06,87.89333333333333,106.5,0,-3.70500000000007,0.1944999999999906,0,0
2023-10-07,,,0,,,0,0
2023-10-08,,,0,,,0,0
2023-10-09,86.80333333333334,105.85999999999999,0,,,0,0
2023-10-10,83.58,105.62666666666667,0,-2.2350000000000314,0.1944999999999906,0,0
2023-10-11,82.52,105.45333333333335,0,-1.7549999999999957,0.1944999999999906,0,0
2023-10-12,82.41000000000001,105.12,0,-2.4350000000000094,0.1944999999999906,0,0
2023-10-13,81.13666666666667,104.80666666666667,0,-2.0250000000000767,0.1944999999999906,0,0
2023-10-14,,,0,,,0,0
2023-10-15,,,0,,,0,0
2023-10-16,81.42666666666666,104.31166666666667,0,-2.305000000000046,0.1944999999999906,0,0
2023-10-17,87.30333333333333,103.81,0,-2.785000000000082,0.1944999999999906,0,0
2023-10-18,85.25,103.64166666666668,0,-2.90499999999998,0.1944999999999906,0,0
2023-10-19,88.08666666666666,103.64166666666668,0,-2.5249999999999773,0.1944999999999906,0,0
2023-10-20,89.75999999999999,103.64166666666668,0,-2.305000000000046,0.1944999999999906,0,0
2023-10-21,,,0,,,0,0
2023-10-22,,,0,,,0,0
2023-10-23,90.07333333333334,103.30666666666667,0,-2.505000000000024,0.1944999999999906,0,0
2023-10-24,85.04333333333334,102.80166666666666,0,-2.3450000000000415,0.1944999999999906,0,0
2023-10-25,92.19999999999999,102.80166666666666,0,-2.6050000000000573,0.1944999999999906,0,0
2023-10-26,91.57000000000001,102.80166666666666,0,-1.3050000000000672,0.1944999999999906,0,0
2023-10-27,91.88999999999999,102.80166666666666,0,-0.9050000000000225,0.1944999999999906,0,0
2023-10-28,,,0,,,0,0
2023-10-29,,,0,,,0,0
2023-10-30,91.21,102.80166666666666,0,-0.9050000000000225,0.1944999999999906,0,0
2023-10-31,89.88666666666666,102.80166666666666,0,2.7949999999999697,0.1944999999999906,1,1
2023-11-01,88.11333333333333,102.80166666666666,0,-0.3449999999999953,0.22699999999999426,0,0
2023-11-02,83.93333333333334,102.80166666666666,0,0.9549999999999949,0.22699999999999426,1,1
2023-11-03,88.42333333333333,102.80166666666666,0,-0.0449999999999839,0.27125000000002925,0,0
2023-11-04,,,0,,,0,0
2023-11-05,,,0,,,0,0
2023-11-06,81.24333333333334,102.80166666666666,0,-0.0449999999999839,0.27125000000002925,0,0
2023-11-07,78.81666666666666,102.80166666666666,0,0.0850000000000683,0.27125000000002925,0,0
2023-11-08,78.78666666666668,102.80166666666666,0,0.095000000000045,0.27125000000002925,0,0
2023-11-09,78.58666666666666,102.80166666666666,0,-0.0049999999999883,0.27125000000002925,0,0
2023-11-10,78.55333333333334,102.80166666666666,0,-0.0049999999999883,0.27125000000002925,0,0
2023-11-11,,,0,,,0,0
2023-11-12,,,0,,,0,0
2023-11-13,77.95666666666666,102.80166666666666,0,-0.3149999999999764,0.27125000000002925,0,0
2023-11-14,75.01666666666667,102.80166666666666,0,-0.5049999999999777,0.27125000000002925,0,0
2023-11-15,73.58333333333333,102.80166666666666,0,-0.5049999999999777,0.27125000000002925,0,0
2023-11-16,74.03333333333333,102.80166666666666,0,-0.9949999999999904,0.27125000000002925,0,0
2023-11-17,73.45666666666666,102.80166666666666,0,-1.1149999999999771,0.27125000000002925,0,0
2023-11-18,,,0,,,0,0
2023-11-19,,,0,,,0,0
2023-11-20,73.46333333333332,102.80166666666666,0,-2.2499999999999964,0.27125000000002925,0,0
2023-11-21,72.67333333333333,102.80166666666666,0,-2.8050000000000352,0.27125000000002925,0,0
2023-11-22,71.95333333333333,102.80166666666666,0,-3.200000000000003,0.27125000000002925,0,0
2023-11-23,71.95,102.80166666666666,0,,,0,0
2023-11-24,72.27,102.80166666666666,0,-2.349999999999941,0.27125000000002925,0,0
2023-11-25,,,0,,,0,0
2023-11-26,,,0,,,0,0
2023-11-27,72.51,102.80166666666666,0,-2.149999999999963,0.27125000000002925,0,0
2023-11-28,72.36666666666666,102.80166666666666,0,-1.7749999999999488,0.27125000000002925,0,0
2023-11-29,69.71333333333332,102.80166666666666,0,-3.3500000000000085,0.27125000000002925,0,0
2023-11-30,69.19666666666667,102.80166666666666,0,-1.639999999999997,0.27125000000002925,0,0
2023-12-01,68.76,102.80166666666666,0,4.6949999999999825,0.27125000000002925,1,1
2023-12-02,,,0,,,1,1
2023-12-03,,,0,,,1,1
2023-12-04,69.01666666666667,102.80166666666666,0,0.694999999999979,0.2917500000000304,1,1
2023-12-05,68.7,102.80166666666666,0,-3.54000000000001,0.3269999999999877,0,0
2023-12-06,68.32666666666667,102.80166666666666,0,-3.304999999999936,0.3269999999999877,0,0
2023-12-07,67.83666666666666,102.80166666666666,0,-3.500000000000014,0.3269999999999877,0,0
2023-12-08,66.23333333333333,102.80166666666666,0,-3.9049999999999585,0.3269999999999877,0,0
2023-12-09,,,0,,,0,0
2023-12-10,,,0,,,0,0
2023-12-11,66.31333333333333,102.80166666666666,0,-4.429999999999978,0.3269999999999877,0,0
2023-12-12,65.34333333333333,102.80166666666666,0,-5.205000000000037,0.3269999999999877,0,0
2023-12-13,63.23,102.80166666666666,0,-4.570000000000007,0.3269999999999877,0,0
2023-12-14,59.99333333333334,102.80166666666666,0,-4.805000000000081,0.3269999999999877,0,0
2023-12-15,59.97666666666667,102.80166666666666,0,-3.805000000000014,0.3269999999999877,0,0
2023-12-16,,,0,,,0,0
2023-12-17,,,0,,,0,0
2023-12-18,60.660000000000004,102.80166666666666,0,-3.649999999999931,0.3269999999999877,0,0
2023-12-19,59.53,102.80166666666666,0,-4.705000000000048,0.3269999999999877,0,0
2023-12-20,60.56666666666666,102.80166666666666,0,-4.70000000000006,0.31875000000000675,0,0
2023-12-21,60.53333333333334,102.80166666666666,0,-4.250000000000043,0.31875000000000675,0,0
2023-12-22,60.18666666666667,102.80166666666666,0,-2.5399999999999423,0.31875000000000675,0,0
2023-12-23,,,0,,,0,0
2023-12-24,,,0,,,0,0
2023-12-25,60.19,102.80166666666666,0,,,0,0
2023-12-26,59.18333333333334,102.80166666666666,0,0.5949999999999456,0.31875000000000675,1,1
2023-12-27,59.26333333333334,102.80166666666666,0,4.994999999999994,0.465749999999951,1,1
2023-12-28,58.47666666666667,102.80166666666666,0,6.784999999999997,0.6152499999999778,1,1
2023-12-29,59.02,102.80166666666666,0,5.360000000000031,0.66475,1,1
2023-12-30,,,0,,,1,1
2023-12-31,,,0,,,1,1
2024-01-01,59.02666666666667,102.80166666666666,0,,,1,1
2024-01-02,60.28333333333334,102.80166666666666,0,6.7700000000000315,0.8119999999999832,1,1
2024-01-03,64.16666666666667,102.80166666666666,0,5.534999999999979,1.065249999999975,1,1
2024-01-04,64.10666666666667,102.80166666666666,0,-0.6999999999999673,1.271999999999947,0,0
2024-01-05,64.32000000000001,102.80166666666666,0,-1.455000000000073,1.271999999999947,0,0
2024-01-06,,,0,,,0,0
2024-01-07,,,0,,,0,0
2024-01-08,64.45333333333333,102.80166666666666,0,-1.770000000000049,1.271999999999947,0,0
2024-01-09,63.59,102.80166666666666,0,-1.5000000000000568,1.271999999999947,0,0
2024-01-10,60.35999999999999,102.80166666666666,0,-1.0950000000000235,1.271999999999947,0,0
2024-01-11,60.413333333333334,102.80166666666666,0,-0.1200000000000756,1.271999999999947,0,0
2024-01-12,61.586666666666666,102.80166666666666,0,1.1949999999999683,1.271999999999947,0,0
2024-01-13,,,0,,,0,0
2024-01-14,,,0,,,0,0
2024-01-15,61.49,102.80166666666666,0,,,0,0
2024-01-16,61.61333333333332,102.80166666666666,0,0.9000000000000341,1.271999999999947,0,0
2024-01-17,62.0,102.80166666666666,0,0.0799999999999911,1.271999999999947,0,0
2024-01-18,61.68000000000001,102.80166666666666,0,-0.5700000000000038,1.271999999999947,0,0
2024-01-19,60.29666666666666,102.80166666666666,0,-1.0900000000000354,1.271999999999947,0,0
2024-01-20,,,0,,,0,0
2024-01-21,,,0,,,0,0
2024-01-22,59.54,102.80166666666666,0,-1.470000000000038,1.271999999999947,0,0
2024-01-23,59.84,102.80166666666666,0,-0.8200000000000429,1.271999999999947,0,0
2024-01-24,59.156666666666666,102.80166666666666,0,-1.6200000000000436,1.271999999999947,0,0
2024-01-25,57.59666666666667,102.80166666666666,0,0.8200000000000429,1.271999999999947,0,0
2024-01-26,56.973333333333336,102.80166666666666,0,1.020000000000021,1.271999999999947,0,0
2024-01-27,,,0,,,0,0
2024-01-28,,,0,,,0,0
2024-01-29,56.24666666666667,102.80166666666666,0,0.2899999999999458,1.271999999999947,0,0
2024-01-30,55.31333333333333,102.80166666666666,0,-0.1600000000000712,1.271999999999947,0,0
2024-01-31,57.25,102.80166666666666,0,0.7550000000000168,1.271999999999947,0,0
2024-02-01,57.67666666666668,102.80166666666666,0,2.6100000000000456,1.271999999999947,1,1
2024-02-02,57.169999999999995,102.80166666666666,0,0.3500000000000725,1.4949999999999808,0,0
2024-02-03,,,0,,,0,0
2024-02-04,,,0,,,0,0
2024-02-05,58.25,102.80166666666666,0,-1.4050000000000118,1.4949999999999808,0,0
2024-02-06,57.443333333333335,102.80166666666666,0,-0.6300000000000416,1.4949999999999808,0,0
2024-02-07,57.19333333333333,102.80166666666666,0,-0.4750000000000476,1.4949999999999808,0,0
2024-02-08,57.163333333333334,102.80166666666666,0,0.0,1.4949999999999808,0,0
2024-02-09,57.00333333333333,102.80166666666666,0,-0.1600000000000712,1.4949999999999808,0,0
2024-02-10,,,0,,,0,0
2024-02-11,,,0,,,0,0
2024-02-12,56.050000000000004,102.80166666666666,0,-0.0700000000000145,1.4949999999999808,0,0
2024-02-13,56.663333333333334,102.80166666666666,0,-1.100000000000012,1.4949999999999808,0,0
2024-02-14,56.1,102.80166666666666,0,-2.200000000000024,1.4949999999999808,0,0
2024-02-15,55.22666666666666,102.80166666666666,0,-0.5500000000000504,1.4949999999999808,0,0
2024-02-16,53.46,102.80166666666666,0,-1.750000000000007,1.4949999999999808,0,0
2024-02-17,,,0,,,0,0
2024-02-18,,,0,,,0,0
2024-02-19,53.526666666666664,102.80166666666666,0,,,0,0
2024-02-20,53.57,102.80166666666666,0,-1.7450000000000188,1.4949999999999808,0,0
2024-02-21,53.48,102.80166666666666,0,-1.7999999999999794,1.4949999999999808,0,0
2024-02-22,51.31666666666666,102.80166666666666,0,-1.7999999999999794,1.4949999999999808,0,0
2024-02-23,51.39333333333334,102.80166666666666,0,-1.100000000000012,1.4949999999999808,0,0
2024-02-24,,,0,,,0,0
2024-02-25,,,0,,,0,0
2024-02-26,51.99333333333334,102.80166666666666,0,-1.2000000000000457,1.4949999999999808,0,0
2024-02-27,51.836666666666666,102.80166666666666,0,-1.4499999999999955,1.4949999999999808,0,0
2024-02-28,52.39666666666667,102.80166666666666,0,-1.2100000000000222,1.4949999999999808,0,0
2024-02-29,52.54,102.78583333333333,0,-0.3800000000000025,1.4949999999999808,0,0
2024-03-01,52.11333333333334,102.46366666666667,0,-0.990000000000002,1.4949999999999808,0,0
2024-03-02,,,0,,,0,0
2024-03-03,,,0,,,0,0
2024-03-04,51.72666666666667,102.03616666666666,0,-1.2050000000000338,1.4949999999999808,0,0
2024-03-05,52.830000000000005,101.726,0,-1.1500000000000732,1.4949999999999808,0,0
2024-03-06,51.85666666666666,100.96058333333332,0,-0.8800000000000807,1.4949999999999808,0,0
2024-03-07,52.38999999999999,100.17841666666666,0,-0.7100000000000328,1.4949999999999808,0,0
2024-03-08,51.223333333333336,100.17841666666666,0,-0.9549999999999949,1.4949999999999808,0,0
2024-03-09,,,0,,,0,0
2024-03-10,,,0,,,0,0
2024-03-11,51.153333333333336,100.17841666666666,0,-1.750000000000007,1.4949999999999808,0,0
2024-03-12,50.96333333333334,100.00483333333332,0,-1.6600000000000392,1.4949999999999808,0,0
2024-03-13,50.48333333333333,99.82458333333334,0,-1.6500000000000623,1.4949999999999808,0,0
2024-03-14,50.42666666666667,99.24878333333334,0,-1.750000000000007,1.4949999999999808,0,0
2024-03-15,50.48,98.63865000000001,0,-1.780000000000026,1.4949999999999808,0,0
2024-03-16,,,0,,,0,0
2024-03-17,,,0,,,0,0
2024-03-18,50.18,98.36246666666668,0,-1.950000000000074,1.4949999999999808,0,0
2024-03-19,50.57666666666666,98.36246666666668,0,-1.950000000000074,1.4949999999999808,0,0
2024-03-20,53.31,98.36246666666668,0,-0.5100000000000549,1.4949999999999808,0,0
2024-03-21,52.24,98.36246666666668,0,-0.6300000000000416,1.4949999999999808,0,0
2024-03-22,52.81666666666666,98.36246666666668,0,0.2499999999999502,1.4949999999999808,0,0
2024-03-23,,,0,,,0,0
2024-03-24,,,0,,,0,0
2024-03-25,51.873333333333335,97.99836666666667,0,-0.4600000000000825,1.4949999999999808,0,0
2024-03-26,51.776666666666664,97.53448333333334,0,1.3200000000000325,1.4949999999999808,0,0
2024-03-27,51.79,97.00895,0,2.48999999999997,1.4949999999999808,1,1
2024-03-28,50.900000000000006,96.27881666666666,0,3.3299999999999663,1.8220000000000174,1,1
2024-03-29,50.94,95.44273333333331,0,,,1,1
2024-03-30,,,0,,,1,1
2024-03-31,,,0,,,1,1
2024-04-01,50.38333333333333,94.1293333333333,0,3.794999999999949,2.231499999999981,1,1
2024-04-02,51.24333333333334,93.48399999999995,0,3.495000000000026,2.516999999999986,1,1
2024-04-03,50.92333333333334,93.48399999999995,0,1.3850000000000584,2.5394999999999732,0,0
2024-04-04,50.60333333333333,93.48399999999995,0,3.6300000000000665,2.5394999999999732,1,1
2024-04-05,50.13333333333333,93.48399999999995,0,1.2750000000000483,2.5394999999999732,0,0
2024-04-06,,,0,,,0,0
2024-04-07,,,0,,,0,0
2024-04-08,50.196666666666665,93.48399999999995,0,-0.1200000000000756,1.882250000000006,0,0
2024-04-09,50.64000000000001,93.48399999999995,0,0.8000000000000007,1.882250000000006,0,0
2024-04-10,51.49333333333334,93.48399999999995,0,-1.1500000000000732,1.882250000000006,0,0
2024-04-11,53.43000000000001,93.48399999999995,0,-0.9400000000000296,1.882250000000006,0,0
2024-04-12,56.98333333333333,93.48399999999995,0,-0.7000000000000561,1.882250000000006,0,0
2024-04-13,,,0,,,0,0
2024-04-14,,,0,,,0,0
2024-04-15,58.52,93.48399999999995,0,0.3000000000000113,1.882250000000006,0,0
2024-04-16,59.68333333333333,93.48399999999995,0,-0.9000000000000341,1.882250000000006,0,0
2024-04-17,59.373333333333335,93.48399999999995,0,-0.8000000000000007,1.882250000000006,0,0
2024-04-18,59.17666666666667,93.48399999999995,0,-1.750000000000007,1.882250000000006,0,0
2024-04-19,59.25,92.02949999999998,0,-0.5000000000000782,1.882250000000006,0,0
2024-04-20,,,0,,,0,0
2024-04-21,,,0,,,0,0
2024-04-22,57.25,91.78733333333332,0,-0.5500000000000504,1.882250000000006,0,0
2024-04-23,54.946666666666665,91.63,0,-0.945000000000018,1.882250000000006,0,0
2024-04-24,55.20666666666667,91.372,0,-0.8500000000000618,1.882250000000006,0,0
2024-04-25,55.00333333333334,90.58483333333332,0,-0.5050000000000665,1.882250000000006,0,0
2024-04-26,54.089999999999996,89.97066666666666,0,0.4999999999999893,1.882250000000006,0,0
2024-04-27,,,0,,,0,0
2024-04-28,,,0,,,0,0
2024-04-29,53.62,89.817,0,0.2500000000000391,1.882250000000006,0,0
2024-04-30,54.68000000000001,89.73616666666668,0,1.7999999999999794,1.882250000000006,0,0
2024-05-01,55.526666666666664,89.16483333333332,0,-0.3999999999999559,2.110499999999967,0,0
2024-05-02,54.51,88.55383333333333,0,-1.2500000000000178,2.110499999999967,0,0
2024-05-03,53.35333333333333,88.40683333333332,0,-1.100000000000012,2.110499999999967,0,0
2024-05-04,,,0,,,0,0
2024-05-05,,,0,,,0,0
2024-05-06,52.916666666666664,88.23933333333332,0,-1.1500000000000732,2.110499999999967,0,0
2024-05-07,52.60333333333333,88.09866666666666,0,-1.1500000000000732,2.110499999999967,0,0
2024-05-08,52.800000000000004,87.99866666666667,0,-1.1500000000000732,2.110499999999967,0,0
2024-05-09,52.43666666666667,87.90833333333333,0,-1.0050000000000558,2.110499999999967,0,0
2024-05-10,51.19,87.82733333333334,0,-0.9050000000000225,2.110499999999967,0,0
2024-05-11,,,0,,,0,0
2024-05-12,,,0,,,0,0
2024-05-13,50.343333333333334,87.546,0,-1.1050000000000004,2.110499999999967,0,0
2024-05-14,50.63333333333333,87.51483333333333,0,-1.1100000000000776,2.110499999999967,0,0
2024-05-15,49.28,87.51483333333333,0,-1.1100000000000776,2.110499999999967,0,0
2024-05-16,48.01,87.51483333333333,0,-1.055000000000028,2.110499999999967,0,0
2024-05-17,47.703333333333326,87.51483333333333,0,-0.9000000000000341,2.110499999999967,0,0
2024-05-18,,,0,,,0,0
2024-05-19,,,0,,,0,0
2024-05-20,46.550000000000004,87.51483333333333,0,-0.9850000000000136,2.110499999999967,0,0
2024-05-21,46.26666666666667,87.51483333333333,0,-1.0500000000000398,2.110499999999967,0,0
2024-05-22,46.60999999999999,87.51483333333333,0,-1.2500000000000178,2.110499999999967,0,0
2024-05-23,46.16,87.51483333333333,0,-1.5000000000000568,2.110499999999967,0,0
2024-05-24,46.23666666666667,87.51483333333333,0,-0.4999999999999893,2.110499999999967,0,0
2024-05-25,,,0,,,0,0
2024-05-26,,,0,,,0,0
2024-05-27,46.24333333333333,87.51483333333333,0,,,0,0
2024-05-28,45.43,87.51483333333333,0,-0.7499999999999396,2.110499999999967,0,0
2024-05-29,46.50333333333333,87.51483333333333,0,0.2500000000000391,2.110499999999967,0,0
2024-05-30,46.553333333333335,87.51483333333333,0,0.0499999999999722,2.110499999999967,0,0
2024-05-31,47.78,87.51483333333333,0,1.2500000000000178,2.110499999999967,0,0
2024-06-01,,,0,,,0,0
2024-06-02,,,0,,,0,0
2024-06-03,48.163333333333334,87.51483333333333,0,2.4999999999999467,2.110499999999967,1,1
2024-06-04,49.38666666666666,87.51483333333333,0,-0.0250000000000305,2.4944999999999595,0,0
2024-06-05,50.10999999999999,87.51483333333333,0,0.1700000000000479,2.4944999999999595,0,0
2024-06-06,50.080000000000005,87.51483333333333,0,0.3499999999999836,2.4944999999999595,0,0
2024-06-07,49.89000000000001,87.51483333333333,0,-0.1500000000000056,2.4944999999999595,0,0
2024-06-08,,,0,,,0,0
2024-06-09,,,0,,,0,0
2024-06-10,50.050000000000004,87.51483333333333,0,-0.9500000000000064,2.4944999999999595,0,0
2024-06-11,52.13666666666666,87.51483333333333,0,-1.1499999999999844,2.4944999999999595,0,0
2024-06-12,50.52,87.51483333333333,0,-2.2050000000000125,2.4944999999999595,0,0
2024-06-13,51.6,87.51483333333333,0,-2.2499999999999964,2.4944999999999595,0,0
2024-06-14,54.26333333333334,87.51483333333333,0,-2.8050000000000352,2.4944999999999595,0,0
2024-06-15,,,0,,,0,0
2024-06-16,,,0,,,0,0
2024-06-17,53.33666666666667,87.51483333333333,0,-1.29999999999999,2.4944999999999595,0,0
2024-06-18,52.65,87.51483333333333,0,-1.3499999999999623,2.4944999999999595,0,0
2024-06-19,52.56333333333333,87.51483333333333,0,,,0,0
2024-06-20,53.126666666666665,87.51483333333333,0,-2.550000000000008,2.4944999999999595,0,0
2024-06-21,53.57666666666666,87.51483333333333,0,-3.130000000000077,2.4944999999999595,0,0
2024-06-22,,,0,,,0,0
2024-06-23,,,0,,,0,0
2024-06-24,52.74333333333333,87.51483333333333,0,-2.9300000000000104,2.4944999999999595,0,0
2024-06-25,52.97,87.51483333333333,0,-0.7500000000000284,2.4944999999999595,0,0
2024-06-26,53.49,87.51483333333333,0,0.6299999999999528,2.4944999999999595,0,0
2024-06-27,53.43000000000001,87.51483333333333,0,1.5099999999999447,2.4944999999999595,0,0
2024-06-28,53.38666666666666,87.51483333333333,0,0.5500000000000504,2.4944999999999595,0,0
2024-06-29,,,0,,,0,0
2024-06-30,,,0,,,0,0
2024-07-01,52.51,87.51483333333333,0,7.720000000000038,2.4944999999999595,1,1
2024-07-02,51.626666666666665,87.51483333333333,0,3.4399999999999764,2.54949999999999,1,1
2024-07-03,51.14666666666667,87.51483333333333,0,2.320000000000011,2.6932500000000092,0,0
2024-07-04,51.07333333333333,87.51483333333333,0,,,0,0
2024-07-05,50.68666666666667,87.51483333333333,0,1.7100000000000115,2.6932500000000092,0,0
2024-07-06,,,0,,,0,0
2024-07-07,,,0,,,0,0
2024-07-08,49.72,87.51483333333333,0,1.5600000000000058,2.6932500000000092,0,0
2024-07-09,48.89000000000001,87.51483333333333,0,3.1200000000000117,2.6932500000000092,1,1
2024-07-10,48.57333333333333,87.51483333333333,0,3.5700000000000287,2.941249999999985,1,1
2024-07-11,48.73,87.51483333333333,0,5.600000000000005,3.214499999999989,1,1
2024-07-12,48.93666666666667,87.51483333333333,0,5.149999999999988,3.3794999999999695,1,1
2024-07-13,,,0,,,1,1
2024-07-14,,,0,,,1,1
2024-07-15,48.07333333333333,87.51483333333333,0,5.790000000000006,3.464749999999998,1,1
2024-07-16,47.50333333333333,87.51483333333333,0,6.929999999999925,3.5287500000000263,1,1
2024-07-17,47.73333333333333,87.51483333333333,0,6.049999999999933,3.597000000000045,1,1
2024-07-18,48.22,87.51483333333333,0,5.440000000000023,3.7042500000000116,1,1
2024-07-19,48.696666666666665,87.51483333333333,0,5.710000000000015,4.199999999999954,1,1
2024-07-20,,,0,,,1,1
2024-07-21,,,0,,,1,1
2024-07-22,48.400000000000006,87.51483333333333,0,4.429999999999978,4.829999999999984,0,0
2024-07-23,48.09666666666667,87.51483333333333,0,5.8399999999999785,4.829999999999984,1,1
2024-07-24,48.61000000000001,87.51483333333333,0,7.32999999999997,5.064749999999989,1,1
2024-07-25,49.85666666666666,87.51483333333333,0,8.95999999999999,5.244500000000005,1,1
2024-07-26,49.63666666666666,87.51483333333333,0,10.00999999999994,5.3960000000000266,1,1
2024-07-27,,,0,,,1,1
2024-07-28,,,0,,,1,1
2024-07-29,49.406666666666666,87.51483333333333,0,8.040000000000003,5.482750000000002,1,1
2024-07-30,49.76333333333333,87.51483333333333,0,8.589999999999964,5.56424999999999,1,1
2024-07-31,49.800000000000004,87.51483333333333,0,13.529999999999998,5.649500000000009,1,1
2024-08-01,51.52333333333333,87.51483333333333,0,14.07999999999996,5.74600000000001,1,1
2024-08-02,56.49666666666667,87.51483333333333,0,21.82499999999994,5.812499999999993,1,1
2024-08-03,,,0,,,1,1
2024-08-04,,,0,,,1,1
2024-08-05,63.879999999999995,87.51483333333333,0,22.065,5.9344999999999555,1,1
2024-08-06,61.22,87.51483333333333,0,19.850000000000012,6.3739999999999695,1,1
2024-08-07,60.21,87.51483333333333,0,22.280000000000033,6.776750000000016,1,1
2024-08-08,57.85333333333333,87.51483333333333,0,21.389999999999976,6.850249999999963,1,1
2024-08-09,58.086666666666666,87.51483333333333,0,20.889999999999983,7.109999999999941,1,1
2024-08-10,,,0,,,1,1
2024-08-11,,,0,,,1,1
2024-08-12,58.51666666666667,87.51483333333333,0,21.54999999999996,7.505499999999996,1,1
2024-08-13,59.443333333333335,87.51483333333333,0,22.860000000000017,7.8640000000000185,1,1
2024-08-14,56.553333333333335,87.51483333333333,0,20.450000000000035,8.287499999999978,1,1
2024-08-15,53.43333333333334,87.51483333333333,0,21.53999999999998,8.756499999999972,1,1
2024-08-16,53.57333333333333,87.51483333333333,0,19.22000000000006,9.432499999999955,1,1
2024-08-17,,,0,,,1,1
2024-08-18,,,0,,,1,1
2024-08-19,52.07,87.51483333333333,0,18.955000000000055,11.593999999999925,1,1
2024-08-20,52.13666666666666,87.51483333333333,0,21.38,13.777499999999973,1,1
2024-08-21,51.96333333333333,87.51483333333333,0,23.360000000000003,16.273749999999946,1,1
2024-08-22,51.56999999999999,87.51483333333333,0,21.499999999999982,19.074250000000053,1,1
2024-08-23,50.50666666666667,87.51483333333333,0,26.44000000000002,19.50350000000003,1,1
2024-08-24,,,0,,,1,1
2024-08-25,,,0,,,1,1
2024-08-26,49.30666666666667,87.51483333333333,0,27.339999999999964,20.120000000000015,1,1
2024-08-27,49.163333333333334,87.51483333333333,0,29.47999999999995,20.648000000000007,1,1
2024-08-28,49.07666666666666,87.51483333333333,0,30.55999999999992,21.110499999999984,1,1
2024-08-29,49.22,87.51483333333333,0,30.26,21.38449999999999,1,1
2024-08-30,48.696666666666665,87.51483333333333,0,30.190000000000072,21.439499999999978,1,1
2024-08-31,,,0,,,1,1
2024-09-01,,,0,,,1,1
2024-09-02,48.72333333333333,87.51483333333333,0,,,1,1
2024-09-03,51.159333333333336,87.51483333333333,0,34.060000000000024,21.517999999999983,1,1
2024-09-04,49.656666666666666,87.51483333333333,0,38.59999999999992,21.54449999999997,1,1
2024-09-05,49.580000000000005,87.51483333333333,0,40.34999999999993,21.67374999999995,1,1
2024-09-06,49.98666666666667,87.51483333333333,0,37.96999999999997,21.932999999999964,1,1
2024-09-07,,,0,,,1,1
2024-09-08,,,0,,,1,1
2024-09-09,49.903333333333336,87.51483333333333,0,38.849999999999966,22.161750000000012,1,1
2024-09-10,50.81666666666666,87.51483333333333,0,39.29999999999998,22.541000000000018,1,1
2024-09-11,52.71333333333334,87.51483333333333,0,33.959999999999994,23.085000000000004,1,1
2024-09-12,53.06,87.51483333333333,0,41.910000000000025,24.745999999999974,1,1
2024-09-13,52.78333333333333,87.51483333333333,0,46.21000000000003,26.844999999999985,1,1
2024-09-14,,,0,,,1,1
2024-09-15,,,0,,,1,1
2024-09-16,52.42333333333334,87.51483333333333,0,55.79999999999998,28.302999999999933,1,1
2024-09-17,51.18666666666667,87.51483333333333,0,56.050000000000026,29.7995,1,1
2024-09-18,49.190333333333335,87.51483333333333,0,60.310000000000045,30.221500000000038,1,1
2024-09-19,49.25333333333333,87.51483333333333,0,13.010000000000057,30.39499999999996,0,0
2024-09-20,53.61666666666667,87.51483333333333,0,16.100000000000048,30.39499999999996,0,0
2024-09-21,,,0,,,0,0
2024-09-22,,,0,,,0,0
2024-09-23,51.99733333333333,87.02833333333334,0,17.490000000000006,30.39499999999996,0,0
2024-09-24,53.14666666666667,85.94899999999998,0,20.254999999999956,30.39499999999996,0,0
2024-09-25,53.81,85.13633333333333,0,21.439999999999948,30.39499999999996,0,0
2024-09-26,53.07333333333333,84.43283333333332,0,21.72000000000001,30.39499999999996,0,0
2024-09-27,53.343333333333334,84.43283333333332,0,24.679999999999943,30.39499999999996,0,0
2024-09-28,,,0,,,0,0
2024-09-29,,,0,,,0,0
2024-09-30,51.14033333333333,84.43283333333332,0,33.37000000000003,30.39499999999996,1,1
2024-10-01,54.89666666666667,84.43283333333332,0,43.510000000000026,31.82449999999994,1,1
2024-10-02,54.98333333333334,84.43283333333332,0,31.649999999999956,33.63550000000001,0,0
2024-10-03,57.727000000000004,84.43283333333332,0,25.65999999999997,33.63550000000001,0,0
2024-10-04,54.21,82.45383333333331,0,17.799999999999994,33.63550000000001,0,0
2024-10-05,,,0,,,0,0
2024-10-06,,,0,,,0,0
2024-10-07,54.196666666666665,79.90866666666663,0,15.010000000000012,33.63550000000001,0,0
2024-10-08,53.61333333333334,78.80016666666667,0,16.990000000000016,33.63550000000001,0,0
2024-10-09,55.15200000000001,78.67666666666666,0,15.310000000000024,33.63550000000001,0,0
2024-10-10,53.803333333333335,78.56833333333333,0,16.680000000000028,33.63550000000001,0,0
2024-10-11,52.79333333333333,78.22516666666667,0,16.54,33.63550000000001,0,0
2024-10-12,,,0,,,0,0
2024-10-13,,,0,,,0,0
2024-10-14,52.75666666666667,76.33966666666663,0,,,0,0
2024-10-15,51.28666666666666,74.47583333333333,0,22.660000000000036,33.63550000000001,0,0
2024-10-16,50.96666666666667,73.78583333333333,0,23.019999999999996,33.63550000000001,0,0
2024-10-17,50.79,73.51733333333333,0,20.819999999999972,33.63550000000001,0,0
2024-10-18,50.626666666666665,73.45966666666666,0,21.34999999999998,33.63550000000001,0,0
2024-10-19,,,0,,,0,0
2024-10-20,,,0,,,0,0
2024-10-21,50.99,73.02583333333332,0,17.81000000000006,33.63550000000001,0,0
2024-10-22,51.42333333333334,72.5835,0,20.110000000000028,33.63550000000001,0,0
2024-10-23,52.71666666666667,72.43116666666667,0,20.140000000000047,33.63550000000001,0,0
2024-10-24,52.623333333333335,72.31349999999999,0,22.339999999999986,33.63550000000001,0,0
2024-10-25,52.403333333333336,72.09583333333333,0,23.66999999999999,33.63550000000001,0,0
2024-10-26,,,0,,,0,0
2024-10-27,,,0,,,0,0
2024-10-28,51.89333333333334,71.9515,0,22.77000000000005,33.63550000000001,0,0
2024-10-29,52.126666666666665,70.7198333333333,0,24.06000000000006,33.63550000000001,0,0
2024-10-30,52.23,69.42916666666666,0,23.849999999999927,33.63550000000001,0,0
2024-10-31,53.27,69.09766666666667,0,34.78000000000003,33.63550000000001,1,1
2024-11-01,52.89666666666667,68.8755,0,32.18000000000005,34.005,0,0
2024-11-02,,,0,,,0,0
2024-11-03,,,0,,,0,0
2024-11-04,52.98666666666667,68.727,0,29.15000000000001,34.005,0,0
2024-11-05,52.46333333333333,68.49466666666666,0,29.159999999999982,34.005,0,0
2024-11-06,49.04,68.05716666666666,0,28.78999999999996,34.005,0,0
2024-11-07,48.53666666666666,66.99883333333331,0,30.61000000000007,34.005,0,0
2024-11-08,47.88333333333333,66.26933333333334,0,7.639999999999958,34.005,0,0
2024-11-09,,,0,,,0,0
2024-11-10,,,0,,,0,0
2024-11-11,47.88666666666666,65.74383333333333,0,,,0,0
2024-11-12,47.296666666666674,64.85383333333333,0,7.129999999999992,34.005,0,0
2024-11-13,47.63333333333333,64.38,0,10.449999999999982,34.005,0,0
2024-11-14,47.806666666666665,64.23566666666667,0,5.430000000000046,34.005,0,0
2024-11-15,48.95666666666667,64.13366666666667,0,5.180000000000007,34.005,0,0
2024-11-16,,,0,,,0,0
2024-11-17,,,0,,,0,0
2024-11-18,49.346666666666664,63.982,0,4.919999999999991,34.005,0,0
2024-11-19,50.20000000000001,63.720499999999994,0,4.940000000000033,34.005,0,0
2024-11-20,49.89333333333334,63.391999999999996,0,3.339999999999943,34.005,0,0
2024-11-21,49.81333333333333,62.553499999999985,0,4.640000000000022,34.005,0,0
2024-11-22,49.39666666666667,61.824,0,4.850000000000065,34.005,0,0
2024-11-23,,,0,,,0,0
2024-11-24,,,0,,,0,0
2024-11-25,49.53666666666667,61.64333333333333,0,6.289999999999996,34.005,0,0
2024-11-26,49.370000000000005,61.59866666666666,0,9.109999999999996,34.005,0,0
2024-11-27,49.49,61.5335,0,10.179999999999987,34.005,0,0
2024-11-28,49.403333333333336,61.341499999999996,0,,,0,0
2024-11-29,49.443333333333335,60.91199999999999,0,12.5,34.005,0,0
2024-11-30,,,0,,,0,0
2024-12-01,,,0,,,0,0
2024-12-02,49.38,60.608666666666664,0,16.329999999999956,34.005,0,0
2024-12-03,49.400000000000006,60.608666666666664,0,19.339999999999957,34.005,0,0
2024-12-04,49.453333333333326,60.608666666666664,0,15.37999999999995,34.005,0,0
2024-12-05,49.39000000000001,60.54833333333333,0,16.20999999999997,34.005,0,0
2024-12-06,49.453333333333326,60.54833333333333,0,20.819999999999972,34.005,0,0
2024-12-07,,,0,,,0,0
2024-12-08,,,0,,,0,0
2024-12-09,48.870000000000005,60.467333333333336,0,23.299999999999965,34.005,0,0
2024-12-10,48.54,60.38399999999999,0,24.049999999999994,34.005,0,0
2024-12-11,48.199999999999996,60.38399999999999,0,25.15000000000001,34.005,0,0
2024-12-12,48.01666666666667,60.38399999999999,0,26.670000000000016,34.005,0,0
2024-12-13,48.336666666666666,60.38399999999999,0,24.129999999999985,34.005,0,0
2024-12-14,,,0,,,0,0
2024-12-15,,,0,,,0,0
2024-12-16,48.39333333333334,60.38399999999999,0,29.110000000000017,34.005,0,0
2024-12-17,49.23,60.38399999999999,0,26.180000000000003,34.005,0,0
2024-12-18,50.43666666666667,60.38399999999999,0,22.630000000000017,34.005,0,0
2024-12-19,52.23666666666666,60.38399999999999,0,-3.000000000000025,34.005,0,0
2024-12-20,53.11666666666667,60.38399999999999,0,-3.1000000000000583,34.005,0,0
2024-12-21,,,0,,,0,0
2024-12-22,,,0,,,0,0
2024-12-23,52.623333333333335,60.32516666666666,0,-1.780000000000026,34.005,0,0
2024-12-24,52.56333333333333,60.248999999999995,0,6.930000000000014,34.005,0,0
2024-12-25,52.593333333333334,60.006499999999996,0,,,0,0
2024-12-26,52.096666666666664,59.75383333333333,0,20.509999999999984,34.005,0,0
2024-12-27,52.06,59.604499999999994,0,14.470000000000027,34.005,0,0
2024-12-28,,,0,,,0,0
2024-12-29,,,0,,,0,0
2024-12-30,52.82666666666666,59.48683333333333,0,6.400000000000006,34.005,0,0
2024-12-31,51.75666666666667,59.404833333333336,0,18.730000000000047,34.005,0,0
2025-01-01,51.73666666666667,59.3055,0,,,0,0
2025-01-02,52.623333333333335,59.20966666666667,0,10.580000000000034,34.005,0,0
2025-01-03,51.35999999999999,59.16566666666667,0,1.949999999999985,34.005,0,0
2025-01-04,,,0,,,0,0
2025-01-05,,,0,,,0,0
2025-01-06,50.88999999999999,58.80649999999999,0,-1.8000000000000682,34.005,0,0
2025-01-07,50.85333333333333,58.51816666666667,0,-2.46000000000004,34.005,0,0
2025-01-08,51.17333333333334,58.37,0,-0.3700000000000258,34.005,0,0
2025-01-09,50.92333333333334,58.16016666666666,0,1.020000000000021,34.005,0,0
2025-01-10,49.75,57.95833333333333,0,-0.6300000000000416,34.005,0,0
2025-01-11,,,0,,,0,0
2025-01-12,,,0,,,0,0
2025-01-13,50.70666666666667,57.78385,0,-1.499999999999968,34.005,0,0
2025-01-14,51.086666666666666,57.78385,0,-2.0999999999999908,34.005,0,0
2025-01-15,49.78333333333333,57.78385,0,-1.6199999999999548,34.005,0,0
2025-01-16,48.953333333333326,57.78385,0,-0.2500000000000391,34.005,0,0
2025-01-17,48.54666666666666,57.78385,0,-0.3499999999999836,34.005,0,0
2025-01-18,,,0,,,0,0
2025-01-19,,,0,,,0,0
2025-01-20,48.583333333333336,57.78385,0,,,0,0
2025-01-21,47.83666666666667,57.78385,0,-0.9999999999999788,34.005,0,0
2025-01-22,47.54333333333333,57.78385,0,-0.3800000000000025,34.005,0,0
2025-01-23,47.57,57.57098333333333,0,5.039999999999978,34.005,0,0
2025-01-24,47.42666666666667,57.46465,0,4.380000000000006,34.005,0,0
2025-01-25,,,0,,,0,0
2025-01-26,,,0,,,0,0
2025-01-27,48.49,57.46465,0,4.800000000000004,34.005,0,0
2025-01-28,47.55666666666667,57.46465,0,5.790000000000006,34.005,0,0
2025-01-29,47.53333333333333,57.46465,0,5.1899999999999835,34.005,0,0
2025-01-30,47.586666666666666,57.46465,0,5.740000000000034,34.005,0,0
2025-01-31,47.53333333333334,57.46465,0,7.540000000000013,34.005,0,0
2025-02-01,,,0,,,0,0
2025-02-02,,,0,,,0,0
2025-02-03,48.52666666666667,57.46465,0,4.499999999999993,34.005,0,0
2025-02-04,47.94,57.46465,0,2.6399999999999757,34.005,0,0
2025-02-05,47.54666666666666,57.46465,0,2.5900000000000034,34.005,0,0
2025-02-06,47.373333333333335,57.46465,0,5.510000000000037,34.005,0,0
2025-02-07,47.31666666666666,57.46465,0,3.449999999999953,34.005,0,0
2025-02-08,,,0,,,0,0
2025-02-09,,,0,,,0,0
2025-02-10,47.41333333333333,57.46465,0,3.200000000000003,34.005,0,0
2025-02-11,47.11666666666667,57.46465,0,2.2999999999999687,34.005,0,0
2025-02-12,47.27,57.46465,0,0.5500000000000504,34.005,0,0
2025-02-13,46.82333333333333,57.46465,0,1.7000000000000348,34.005,0,0
2025-02-14,46.32333333333333,57.46465,0,1.4000000000000234,34.005,0,0
2025-02-15,,,0,,,0,0
2025-02-16,,,0,,,0,0
2025-02-17,46.24,57.46465,0,,,0,0
2025-02-18,46.173333333333325,57.46465,0,4.999999999999982,34.005,0,0
2025-02-19,46.25666666666667,57.46465,0,2.6499999999999524,34.005,0,0
2025-02-20,46.25,57.46465,0,0.9700000000000486,34.005,0,0
2025-02-21,46.49333333333334,57.46465,0,2.6499999999999524,34.005,0,0
2025-02-22,,,0,,,0,0
2025-02-23,,,0,,,0,0
2025-02-24,46.669999999999995,57.46465,0,2.200000000000024,34.005,0,0
2025-02-25,47.163333333333334,57.46465,0,1.440000000000019,34.005,0,0
2025-02-26,47.07999999999999,57.46465,0,1.360000000000028,34.005,0,0
2025-02-27,47.11666666666667,57.46465,0,4.670000000000041,34.005,0,0
2025-02-28,47.45666666666667,57.46465,0,8.539999999999992,34.005,0,0
2025-03-01,,,0,,,0,0
2025-03-02,,,0,,,0,0
2025-03-03,47.4,57.46465,0,3.2700000000000173,34.005,0,0
2025-03-04,48.379999999999995,57.46465,0,3.3700000000000507,34.005,0,0
2025-03-05,48.31,57.46465,0,3.6699999999999737,34.005,0,0
2025-03-06,49.32666666666666,57.46465,0,6.590000000000007,34.005,0,0
2025-03-07,48.52,57.46465,0,3.5800000000000054,34.005,0,0
2025-03-08,,,0,,,0,0
2025-03-09,,,0,,,0,0
2025-03-10,50.18333333333334,57.46465,0,4.089999999999971,34.005,0,0
2025-03-11,52.5,57.46465,0,2.68000000000006,34.005,0,0
2025-03-12,51.99,57.46465,0,0.8799999999999919,34.005,0,0
2025-03-13,54.096666666666664,57.46465,0,0.8700000000000152,34.005,0,0
2025-03-14,53.81,57.46465,0,0.2399999999999735,34.005,0,0
2025-03-15,,,0,,,0,0
2025-03-16,,,0,,,0,0
2025-03-17,53.36666666666667,57.46465,0,0.990000000000002,34.005,0,0
2025-03-18,52.893333333333324,57.46465,0,0.0899999999999678,34.005,0,0
2025-03-19,52.43666666666667,57.46465,0,-1.2399999999999525,34.005,0,0
2025-03-20,55.606666666666676,57.46465,0,-0.9400000000000296,34.005,0,0
2025-03-21,56.606666666666676,57.46465,0,0.1800000000000245,34.005,0,0
2025-03-22,,,0,,,0,0
2025-03-23,,,0,,,0,0
2025-03-24,55.48333333333333,57.46465,0,0.3199999999999647,34.005,0,0
2025-03-25,55.11666666666667,57.46465,0,2.3299999999999876,34.005,0,0
2025-03-26,55.06333333333333,57.46465,0,4.819999999999958,34.005,0,0
2025-03-27,55.583333333333336,57.46465,0,6.020000000000003,34.005,0,0
2025-03-28,57.69,57.46465,1,5.560000000000009,34.005,0,1
2025-03-29,,,1,,,0,1
2025-03-30,,,1,,,0,1
2025-03-31,59.586666666666666,57.70665,1,12.290000000000044,34.005,0,1
2025-04-01,59.620000000000005,57.78385,1,10.860000000000005,34.005,0,1
2025-04-02,59.376666666666665,57.95833333333333,1,6.899999999999995,34.005,0,1
2025-04-03,64.92666666666666,57.95833333333333,1,13.27999999999996,34.005,0,1
2025-04-04,,57.95833333333333,0,13.18999999999999,34.005,0,0
2025-04-05,,,0,,,0,0
2025-04-06,,,0,,,0,0
2025-04-07,,,0,10.31000000000004,34.005,0,0
2025-04-08,81.85333333333334,57.790166666666664,1,21.76,34.005,0,1
2025-04-09,69.71333333333332,57.790166666666664,1,12.91000000000002,34.005,0,1
2025-04-10,71.23666666666666,57.790166666666664,1,11.55999999999997,34.005,0,1
2025-04-11,72.13,57.97,1,5.8100000000000485,34.005,0,1
2025-04-12,,,1,,,0,1
2025-04-13,,,1,,,0,1
2025-04-14,70.28333333333335,58.30166666666667,1,5.259999999999998,34.005,0,1
2025-04-15,68.41,58.94666666666667,1,8.340000000000014,34.005,0,1
2025-04-16,68.93666666666667,59.41,1,3.8699999999999513,34.005,0,1
2025-04-17,68.87,59.515,1,3.2900000000000595,34.005,0,1
2025-04-18,68.89666666666666,59.60333333333334,1,,,0,1
2025-04-19,,,1,,,0,1
2025-04-20,,,1,,,0,1
2025-04-21,70.42333333333333,59.915000000000006,1,3.9500000000000313,34.005,0,1
2025-04-22,70.34,60.715,1,1.4299999999999535,34.005,0,1
2025-04-23,66.86333333333333,62.55,1,-0.9500000000000064,34.005,0,1
2025-04-24,67.09333333333333,64.40333333333334,1,0.8399999999999963,34.005,0,1
2025-04-25,66.07666666666667,65.895,1,5.159999999999965,34.005,0,1
2025-04-26,,,1,,,0,1
2025-04-27,,,1,,,0,1
2025-04-28,66.10000000000001,66.47,0,8.15999999999999,34.005,0,0
2025-04-29,66.07333333333334,66.48166666666667,0,8.790000000000031,34.005,0,0
2025-04-30,66.58333333333333,66.48166666666667,1,14.500000000000046,34.005,0,1
2025-05-01,65.98333333333333,66.72333333333333,0,12.319999999999975,34.005,0,0
2025-05-02,64.43666666666667,66.72333333333333,0,5.8100000000000485,34.005,0,0
2025-05-03,,,0,,,0,0
2025-05-04,,,0,,,0,0
2025-05-05,64.28666666666668,66.72333333333333,0,2.210000000000001,34.005,0,0
2025-05-06,63.1,66.72333333333333,0,1.949999999999985,34.005,0,0
2025-05-07,62.05333333333334,66.72333333333333,0,-0.4800000000000359,34.005,0,0
2025-05-08,60.94,66.72333333333333,0,-2.37999999999996,34.005,0,0
2025-05-09,60.56,66.72333333333333,0,-3.080000000000016,34.005,0,0
2025-05-10,,,0,,,0,0
2025-05-11,,,0,,,0,0
2025-05-12,56.27333333333333,66.72333333333333,0,-4.669999999999952,34.005,0,0
2025-05-13,54.88333333333333,66.72333333333333,0,-2.5000000000000355,34.005,0,0
2025-05-14,54.34666666666667,66.72333333333333,0,-3.54000000000001,34.005,0,0
2025-05-15,54.50333333333333,66.72333333333333,0,-1.1200000000000545,34.005,0,0
2025-05-16,54.059999999999995,66.72333333333333,0,-2.150000000000052,34.005,0,0
2025-05-17,,,0,,,0,0
2025-05-18,,,0,,,0,0
2025-05-19,54.416666666666664,66.72333333333333,0,-3.1500000000000306,34.005,0,0
2025-05-20,54.393333333333324,66.72333333333333,0,-5.000000000000071,34.005,0,0
2025-05-21,55.00666666666667,66.72333333333333,0,-5.799999999999983,34.005,0,0
2025-05-22,56.75666666666667,66.72333333333333,0,-6.230000000000047,34.005,0,0
2025-05-23,58.42666666666667,66.72333333333333,0,-6.300000000000061,34.005,0,0
2025-05-24,,,0,,,0,0
2025-05-25,,,0,,,0,0
2025-05-26,58.38666666666666,66.72333333333333,0,,,0,0
2025-05-27,56.413333333333334,66.72333333333333,0,-1.3000000000000789,34.005,0,0
2025-05-28,55.85999999999999,66.72333333333333,0,0.6400000000000183,34.005,0,0
2025-05-29,55.61000000000001,66.72333333333333,0,1.2000000000000457,34.005,0,0
2025-05-30,55.583333333333336,66.72333333333333,0,3.3199999999999896,34.005,0,0
2025-05-31,,,0,,,0,0
2025-06-01,,,0,,,0,0
2025-06-02,55.51666666666667,66.72333333333333,0,3.419999999999934,34.005,0,0
2025-06-03,55.026666666666664,66.72333333333333,0,0.5300000000000082,34.005,0,0
2025-06-04,54.14000000000001,66.72333333333333,0,-2.8999999999999915,34.005,0,0
2025-06-05,53.99666666666667,66.72333333333333,0,-1.890000000000036,34.005,0,0
2025-06-06,53.26666666666667,66.72333333333333,0,-2.48999999999997,34.005,0,0
2025-06-07,,,0,,,0,0
2025-06-08,,,0,,,0,0
2025-06-09,52.93,66.72333333333333,0,-2.37999999999996,34.005,0,0
2025-06-10,52.88999999999999,66.72333333333333,0,-3.1899999999999373,34.005,0,0
2025-06-11,52.46666666666666,66.72333333333333,0,-2.939999999999987,34.005,0,0
2025-06-12,52.94,66.72333333333333,0,-2.859999999999996,34.005,0,0
2025-06-13,54.85,66.72333333333333,0,-3.2700000000000173,34.005,0,0
2025-06-14,,,0,,,0,0
2025-06-15,,,0,,,0,0
2025-06-16,53.86666666666667,66.72333333333333,0,-0.1500000000000056,34.005,0,0
2025-06-17,54.94,66.72333333333333,0,-1.100000000000012,34.005,0,0
2025-06-18,55.39666666666667,66.72333333333333,0,-4.089999999999971,34.005,0,0
2025-06-19,55.39666666666667,66.72333333333333,0,,,0,0
2025-06-20,54.916666666666664,66.72333333333333,0,-2.749999999999986,34.005,0,0
2025-06-21,,,0,,,0,0
2025-06-22,,,0,,,0,0
2025-06-23,54.71,66.72333333333333,0,-1.529999999999987,34.005,0,0
2025-06-24,53.60999999999999,66.72333333333333,0,-0.8200000000000429,34.005,0,0
2025-06-25,53.580000000000005,66.72333333333333,0,6.420000000000048,34.005,0,0
2025-06-26,52.61666666666667,66.72333333333333,0,10.650000000000048,34.005,0,0
2025-06-27,52.53333333333334,66.72333333333333,0,9.279999999999957,34.005,0,0
2025-06-28,,,0,,,0,0
2025-06-29,,,0,,,0,0
2025-06-30,52.083333333333336,66.72333333333333,0,14.789999999999992,34.005,0,0
2025-07-01,51.85666666666666,66.72333333333333,0,14.139999999999995,34.005,0,0
2025-07-02,51.376666666666665,66.72333333333333,0,11.900000000000066,34.005,0,0
2025-07-03,50.81333333333333,66.72333333333333,0,1.9999999999999576,34.005,0,0
2025-07-04,50.9,66.72333333333333,0,,,0,0
2025-07-05,,,0,,,0,0
2025-07-06,,,0,,,0,0
2025-07-07,50.379999999999995,66.72333333333333,0,0.0899999999999678,34.005,0,0
2025-07-08,50.370000000000005,66.72333333333333,0,0.4999999999999893,34.005,0,0
2025-07-09,49.95666666666667,66.72333333333333,0,-0.3499999999999836,34.005,0,0
2025-07-10,49.04666666666666,66.72333333333333,0,-1.0000000000000675,34.005,0,0
2025-07-11,49.52333333333333,66.72333333333333,0,-0.649999999999995,34.005,0,0
2025-07-12,,,0,,,0,0
2025-07-13,,,0,,,0,0
2025-07-14,50.04666666666666,66.72333333333333,0,0.4000000000000447,34.005,0,0
2025-07-15,50.49333333333334,66.72333333333333,0,3.450000000000042,34.005,0,0
2025-07-16,50.626666666666665,66.72333333333333,0,0.849999999999973,34.005,0,0
2025-07-17,50.53666666666667,66.72333333333333,0,0.6000000000000227,34.005,0,0
2025-07-18,50.60666666666666,66.72333333333333,0,-1.9000000000000128,34.005,0,0
2025-07-19,,,0,,,0,0
2025-07-20,,,0,,,0,0
2025-07-21,50.580000000000005,66.72333333333333,0,-4.349999999999987,34.005,0,0
2025-07-22,50.76666666666667,66.72333333333333,0,-4.0000000000000036,34.005,0,0
2025-07-23,50.169999999999995,66.72333333333333,0,-3.730000000000011,34.005,0,0
2025-07-24,49.69,66.72333333333333,0,-1.6300000000000203,34.005,0,0
2025-07-25,49.72,66.72333333333333,0,4.550000000000054,34.005,0,0
2025-07-26,,,0,,,0,0
2025-07-27,,,0,,,0,0
2025-07-28,49.71333333333333,66.72333333333333,0,5.100000000000016,34.005,0,0
2025-07-29,49.79,66.72333333333333,0,5.9200000000000585,34.005,0,0
2025-07-30,49.669999999999995,66.72333333333333,0,-0.1999999999999779,34.005,0,0
2025-07-31,49.73666666666667,66.72333333333333,0,6.699999999999928,34.005,0,0
2025-08-01,51.78333333333333,66.72333333333333,0,9.34999999999997,34.005,0,0
2025-08-02,,,0,,,0,0
2025-08-03,,,0,,,0,0
2025-08-04,51.04,66.72333333333333,0,9.450000000000005,34.005,0,0
2025-08-05,51.02666666666667,66.72333333333333,0,9.600000000000009,34.005,0,0
2025-08-06,50.55666666666667,66.72333333333333,0,10.9,34.005,0,0
2025-08-07,49.53,66.72333333333333,0,12.5,34.005,0,0
2025-08-08,49.49,66.72333333333333,0,11.499999999999932,34.005,0,0
2025-08-09,,,0,,,0,0
2025-08-10,,,0,,,0,0
2025-08-11,49.550000000000004,66.72333333333333,0,10.250000000000004,34.005,0,0
2025-08-12,48.586666666666666,66.72333333333333,0,14.35000000000004,34.005,0,0
2025-08-13,48.60999999999999,66.72333333333333,0,14.470000000000027,34.005,0,0
2025-08-14,47.99333333333333,66.72333333333333,0,13.79999999999999,34.005,0,0
2025-08-15,47.18333333333334,66.72333333333333,0,14.59999999999999,34.005,0,0
2025-08-16,,,0,,,0,0
2025-08-17,,,0,,,0,0
2025-08-18,47.376666666666665,66.72333333333333,0,12.219999999999942,34.005,0,0
2025-08-19,47.41,66.72333333333333,0,12.319999999999975,34.005,0,0
2025-08-20,47.90333333333333,66.72333333333333,0,9.969999999999946,34.005,0,0
2025-08-21,48.346666666666664,66.72333333333333,0,9.299999999999995,34.005,0,0
2025-08-22,47.48666666666667,66.72333333333333,0,15.600000000000058,34.005,0,0
2025-08-23,,,0,,,0,0
2025-08-24,,,0,,,0,0
2025-08-25,47.336666666666666,66.72333333333333,0,16.07000000000003,34.005,0,0
2025-08-26,47.43333333333334,66.72333333333333,0,18.41999999999997,34.005,0,0
2025-08-27,47.406666666666666,66.72333333333333,0,17.630000000000035,34.005,0,0
2025-08-28,47.623333333333335,66.72333333333333,0,16.89999999999996,34.005,0,0
2025-08-29,47.84766666666667,66.72333333333333,0,17.900000000000027,34.005,0,0
2025-08-30,,,0,,,0,0
2025-08-31,,,0,,,0,0
2025-09-01,47.839999999999996,66.72333333333333,0,,,0,0
2025-09-02,48.715666666666664,66.72333333333333,0,23.719999999999963,34.005,0,0
2025-09-03,48.748,66.72333333333333,0,25.089999999999968,34.005,0,0
2025-09-04,48.70366666666666,66.72333333333333,0,28.770000000000007,34.005,0,0
2025-09-05,48.16233333333333,66.72333333333333,0,34.76999999999997,34.005,1,1
2025-09-06,,,0,,,1,1
2025-09-07,,,0,,,1,1
2025-09-08,48.085,66.72333333333333,0,34.05000000000005,34.37949999999999,0,0
2025-09-09,48.03466666666667,66.72333333333333,0,32.75000000000006,34.374,0,0
2025-09-10,47.73766666666666,66.72333333333333,0,32.649999999999935,34.00050000000002,0,0
2025-09-11,47.23333333333333,66.72333333333333,0,38.10000000000002,33.63550000000001,1,1
2025-09-12,46.87799999999999,66.72333333333333,0,37.469999999999985,33.63550000000001,1,1
2025-09-13,,,0,,,1,1
2025-09-14,,,0,,,1,1
2025-09-15,46.689,66.72333333333333,0,46.99999999999997,33.63550000000001,1,1
2025-09-16,46.906,66.72333333333333,0,36.249999999999986,33.63550000000001,1,1
2025-09-17,46.922666666666665,66.72333333333333,0,36.00000000000003,33.67600000000003,1,1
2025-09-18,46.434666666666665,66.72333333333333,0,12.869999999999935,33.67600000000003,0,0
2025-09-19,46.451666666666675,66.72333333333333,0,13.229999999999986,33.02900000000004,0,0
2025-09-20,,,0,,,0,0
2025-09-21,,,0,,,0,0
2025-09-22,49.288999999999994,66.72333333333333,0,13.199999999999967,32.694999999999986,0,0
2025-09-23,49.87466666666668,66.72333333333333,0,12.199999999999989,32.39149999999999,0,0
2025-09-24,50.226,66.72333333333333,0,12.519999999999952,31.888499999999993,0,0
2025-09-25,51.04466666666667,66.72333333333333,0,17.579999999999973,31.888499999999993,0,0
2025-09-26,51.08533333333333,66.72333333333333,0,16.95000000000002,31.888499999999993,0,0
2025-09-27,,,0,,,0,0
2025-09-28,,,0,,,0,0
2025-09-29,51.09866666666667,66.72333333333333,0,15.300000000000002,31.888499999999993,0,0
2025-09-30,51.480999999999995,66.72333333333333,0,27.30000000000001,31.888499999999993,0,0
2025-10-01,52.01333333333334,66.72333333333333,0,25.100000000000033,31.888499999999993,0,0
2025-10-02,51.583333333333336,66.72333333333333,0,25.450000000000017,31.888499999999993,0,0
2025-10-03,51.672666666666665,66.72333333333333,0,23.34999999999998,31.888499999999993,0,0
2025-10-04,,,0,,,0,0
2025-10-05,,,0,,,0,0
2025-10-06,51.346,66.72333333333333,0,20.450000000000035,31.078000000000007,0,0
2025-10-07,51.20633333333333,66.72333333333333,0,20.199999999999953,29.812500000000007,0,0
2025-10-08,51.192,66.72333333333333,0,18.999999999999993,29.1545,0,0
2025-10-09,51.69466666666667,66.72333333333333,0,21.74999999999998,29.1545,0,0
2025-10-10,53.40833333333333,66.72333333333333,0,25.200000000000024,29.1545,0,0
2025-10-11,,,0,,,0,0
2025-10-12,,,0,,,0,0
2025-10-13,53.36766666666666,66.72333333333333,0,,,0,0
2025-10-14,53.15766666666667,66.72333333333333,0,29.40000000000005,29.1545,1,1
2025-10-15,52.190333333333335,66.72333333333333,0,39.130000000000024,29.268000000000008,1,1
2025-10-16,52.797666666666665,66.72333333333333,0,44.04999999999997,29.944500000000044,1,1
2025-10-17,53.00300000000001,66.72333333333333,0,31.599999999999984,31.316500000000044,1,1
2025-10-18,,,0,,,1,1
2025-10-19,,,0,,,1,1
2025-10-20,52.644000000000005,66.72333333333333,0,29.200000000000024,31.861000000000008,0,0
2025-10-21,52.36866666666666,66.72333333333333,0,34.970000000000034,31.861000000000008,1,1
2025-10-22,53.19566666666666,66.72333333333333,0,33.5,32.39149999999999,1,1
2025-10-23,53.00733333333333,66.72333333333333,0,37.97000000000001,32.694999999999986,1,1
2025-10-24,52.534,66.72333333333333,0,39.5,33.08750000000002,1,1
2025-10-25,,,0,,,1,1
2025-10-26,,,0,,,1,1
2025-10-27,51.57433333333333,66.72333333333333,0,42.34999999999998,33.74750000000002,1,1
2025-10-28,51.13966666666667,66.72333333333333,0,47.56999999999998,34.374,1,1
2025-10-29,51.684666666666665,66.72333333333333,0,35.84999999999994,34.774499999999996,1,1
2025-10-30,51.75133333333334,66.72333333333333,0,14.900000000000002,34.86550000000003,0,0
2025-10-31,51.859,66.72333333333333,0,32.19999999999996,34.86550000000003,0,0
2025-11-01,,,0,,,0,0
2025-11-02,,,0,,,0,0
2025-11-03,52.13566666666667,66.72333333333333,0,24.120000000000008,34.86550000000003,0,0
2025-11-04,52.53666666666667,66.72333333333333,0,12.5,34.86550000000003,0,0
2025-11-05,52.669000000000004,66.72333333333333,0,3.4000000000000252,34.86550000000003,0,0
2025-11-06,52.573,66.72333333333333,0,6.800000000000006,34.85999999999999,0,0
2025-11-07,53.25866666666667,66.72333333333333,0,7.650000000000024,34.85999999999999,0,0
2025-11-08,,,0,,,0,0
2025-11-09,,,0,,,0,0
2025-11-10,53.154999999999994,66.72333333333333,0,8.370000000000033,34.85999999999999,0,0
2025-11-11,53.214333333333336,66.72333333333333,0,,,0,0
2025-11-12,52.93299999999999,66.72333333333333,0,12.00000000000001,34.85999999999999,0,0
2025-11-13,,66.72333333333333,0,11.92000000000002,34.85999999999999,0,0
2025-11-14,,66.73733333333332,0,6.500000000000039,34.85999999999999,0,0
2025-11-15,,,0,,,0,0
2025-11-16,,,0,,,0,0
2025-11-17,53.86366666666667,66.75133333333332,0,11.09,34.85999999999999,0,0
2025-11-18,54.209333333333326,66.75133333333332,0,6.579999999999986,34.85999999999999,0,0
2025-11-19,53.85,66.75133333333332,0,1.429999999999998,34.85999999999999,0,0
2025-11-20,54.15366666666667,66.75133333333332,0,2.5900000000000034,34.85999999999999,0,0
2025-11-21,55.65,66.75133333333332,0,8.990000000000009,34.85999999999999,0,0
2025-11-22,,,0,,,0,0
2025-11-23,,,0,,,0,0
2025-11-24,55.35366666666667,66.75133333333332,0,15.03000000000001,34.85999999999999,0,0
2025-11-25,54.818999999999996,66.75133333333332,0,21.029999999999973,34.85999999999999,0,0
2025-11-26,54.34866666666667,66.75133333333332,0,25.99,34.85999999999999,0,0
2025-11-27,54.35233333333333,66.75133333333332,0,,,0,0
2025-11-28,54.059666666666665,66.75133333333332,0,34.10000000000002,34.85999999999999,0,0
2025-11-29,,,0,,,0,0
2025-11-30,,,0,,,0,0
2025-12-01,53.82266666666667,66.75133333333332,0,34.29000000000002,34.85999999999999,0,0
2025-12-02,52.919999999999995,66.75133333333332,0,24.86999999999999,34.85999999999999,0,0
2025-12-03,52.42133333333334,66.75133333333332,0,19.950000000000003,34.85999999999999,0,0
2025-12-04,52.495666666666665,66.75133333333332,0,17.720000000000002,34.85999999999999,0,0
2025-12-05,52.102666666666664,66.75133333333332,0,18.550000000000026,34.85999999999999,0,0
2025-12-06,,,0,,,0,0
2025-12-07,,,0,,,0,0
2025-12-08,52.163333333333334,66.75133333333332,0,20.760000000000023,34.85999999999999,0,0
2025-12-09,52.446,66.75133333333332,0,19.210000000000036,34.85999999999999,0,0
2025-12-10,52.30166666666667,66.75133333333332,0,18.549999999999976,34.85999999999999,0,0
2025-12-11,51.699666666666666,66.75133333333332,0,-4.919999999999991,34.85999999999999,0,0
2025-12-12,51.4,66.75133333333332,0,-3.849999999999998,34.85999999999999,0,0
2025-12-13,,,0,,,0,0
2025-12-14,,,0,,,0,0
2025-12-15,51.531000000000006,66.75133333333332,0,4.559999999999986,34.85999999999999,0,0
2025-12-16,51.254,66.75133333333332,0,-1.5000000000000124,34.85999999999999,0,0
2025-12-17,51.286,66.75133333333332,0,-1.200000000000001,34.85999999999999,0,0
2025-12-18,50.928666666666665,66.75133333333332,0,-2.9799999999999827,34.85999999999999,0,0
2025-12-19,50.50266666666666,66.75133333333332,0,-3.5800000000000054,34.85999999999999,0,0
2025-12-20,,,0,,,0,0
2025-12-21,,,0,,,0,0
2025-12-22,50.909333333333336,66.75133333333332,0,-1.7900000000000027,34.85999999999999,0,0
2025-12-23,50.952333333333335,66.75133333333332,0,-3.89999999999997,34.85999999999999,0,0
2025-12-24,50.812666666666665,66.75133333333332,0,-2.649999999999997,34.85999999999999,0,0
2025-12-25,50.80466666666666,66.75133333333332,0,,,0,0
2025-12-26,50.80833333333333,66.75133333333332,0,9.019999999999984,34.85999999999999,0,0
2025-12-27,,,0,,,0,0
2025-12-28,,,0,,,0,0
2025-12-29,50.36766666666667,66.75133333333332,0,10.440000000000005,34.85999999999999,0,0
2025-12-30,50.355,66.75133333333332,0,5.399999999999983,34.85999999999999,0,0
2025-12-31,50.344,66.75133333333332,0,21.819999999999993,34.85999999999999,0,0
2026-01-01,50.364666666666665,66.75133333333332,0,,,0,0
2026-01-02,50.13066666666666,66.75133333333332,0,10.449999999999982,34.85999999999999,0,0
2026-01-03,,,0,,,0,0
2026-01-04,,,0,,,0,0
2026-01-05,49.589999999999996,66.75133333333332,0,5.469999999999997,34.85999999999999,0,0
2026-01-06,49.23166666666666,66.75133333333332,0,1.0299999999999976,34.85999999999999,0,0
2026-01-07,49.24333333333333,66.75133333333332,0,-0.7600000000000051,34.85999999999999,0,0
2026-01-08,48.223333333333336,66.75133333333332,0,-1.2599999999999945,34.85999999999999,0,0
2026-01-09,47.499,66.75133333333332,0,-3.1899999999999817,34.85999999999999,0,0
2026-01-10,,,0,,,0,0
2026-01-11,,,0,,,0,0
2026-01-12,47.678,66.75133333333332,0,-3.279999999999994,34.85999999999999,0,0
2026-01-13,47.25366666666667,66.75133333333332,0,-2.3400000000000087,34.85999999999999,0,0
2026-01-14,47.64566666666667,66.75133333333332,0,-2.950000000000008,34.85999999999999,0,0
2026-01-15,47.382000000000005,66.75133333333332,0,-1.0199999999999765,34.85999999999999,0,0
2026-01-16,47.663333333333334,66.75133333333332,0,-1.990000000000025,34.85999999999999,0,0
2026-01-17,,,0,,,0,0
2026-01-18,,,0,,,0,0
2026-01-19,47.913000000000004,66.75133333333332,0,,,0,0
2026-01-20,48.62633333333334,66.75133333333332,0,-3.149999999999986,34.85999999999999,0,0
2026-01-21,48.01766666666666,66.75133333333332,0,-4.05000000000002,34.85999999999999,0,0
2026-01-22,47.28233333333333,66.75133333333332,0,-3.200000000000003,34.85999999999999,0,0
2026-01-23,47.25133333333334,66.75133333333332,0,-2.190000000000003,34.85999999999999,0,0
2026-01-24,,,0,,,0,0
2026-01-25,,,0,,,0,0
2026-01-26,46.97966666666667,66.75133333333332,0,-1.2699999999999712,34.85999999999999,0,0
2026-01-27,46.80833333333334,66.75133333333332,0,-0.5399999999999849,34.85999999999999,0,0
2026-01-28,46.841,66.75133333333332,0,-2.950000000000008,34.85999999999999,0,0
2026-01-29,46.598000000000006,66.75133333333332,0,-0.9600000000000276,34.85999999999999,0,0
2026-01-30,46.24866666666666,66.75133333333332,0,2.010000000000023,34.85999999999999,0,0
2026-01-31,,,0,,,0,0
2026-02-01,,,0,,,0,0
2026-02-02,45.77,66.75133333333332,0,2.7000000000000135,34.85999999999999,0,0
2026-02-03,45.955999999999996,66.75133333333332,0,2.4399999999999977,34.85999999999999,0,0
2026-02-04,46.345333333333336,66.75133333333332,0,-1.2399999999999969,34.85999999999999,0,0
2026-02-05,47.90333333333333,66.75133333333332,0,1.1499999999999844,34.85999999999999,0,0
2026-02-06,47.66066666666666,66.75133333333332,0,-0.3299999999999858,34.85999999999999,0,0
2026-02-07,,,0,,,0,0
2026-02-08,,,0,,,0,0
2026-02-09,47.190666666666665,66.75133333333332,0,-0.9800000000000252,34.85999999999999,0,0
2026-02-10,47.102666666666664,66.75133333333332,0,1.7199999999999882,34.85999999999999,0,0
2026-02-11,46.986333333333334,66.75133333333332,0,-0.7500000000000284,34.85999999999999,0,0
2026-02-12,47.50033333333332,66.75133333333332,0,-0.649999999999995,34.85999999999999,0,0
2026-02-13,47.714333333333336,66.75133333333332,0,0.6000000000000227,34.85999999999999,0,0
2026-02-14,,,0,,,0,0
2026-02-15,,,0,,,0,0
2026-02-16,47.684666666666665,66.75133333333332,0,,,0,0
2026-02-17,48.066,66.75133333333332,0,5.109999999999992,34.85999999999999,0,0
2026-02-18,47.54966666666667,66.75133333333332,0,6.340000000000012,34.85999999999999,0,0
2026-02-19,48.01433333333333,66.75133333333332,0,0.3400000000000069,34.85999999999999,0,0
2026-02-20,48.124,66.75133333333332,0,-1.0399999999999745,34.85999999999999,0,0
2026-02-21,,,0,,,0,0
2026-02-22,,,0,,,0,0
2026-02-23,48.88133333333334,66.75133333333332,0,-1.1199999999999657,34.85999999999999,0,0
2026-02-24,49.38399999999999,66.75133333333332,0,-0.1800000000000245,34.85999999999999,0,0
2026-02-25,49.713666666666676,66.75133333333332,0,0.4000000000000003,34.85999999999999,0,0
2026-02-26,50.86333333333334,66.75133333333332,0,0.649999999999995,34.85999999999999,0,0
2026-02-27,52.876,66.75133333333332,0,2.660000000000018,34.85999999999999,0,0
2026-02-28,,,0,,,0,0
2026-03-01,,,0,,,0,0
2026-03-02,53.77033333333333,66.75133333333332,0,4.300000000000015,34.85999999999999,0,0
2026-03-03,54.62766666666667,66.75133333333332,0,3.0100000000000016,34.85999999999999,0,0
2026-03-04,52.674333333333344,66.75133333333332,0,-0.0399999999999955,34.85999999999999,0,0
2026-03-05,53.260333333333335,66.75133333333332,0,-0.7600000000000051,34.85999999999999,0,0
2026-03-06,55.279666666666664,66.75133333333332,0,-1.3900000000000023,34.85999999999999,0,0
2026-03-07,,,0,,,0,0
2026-03-08,,,0,,,0,0
2026-03-09,55.53,66.75133333333332,0,-2.229999999999998,34.85999999999999,0,0
2026-03-10,54.59666666666667,66.75133333333332,0,-3.2899999999999707,34.85999999999999,0,0
2026-03-11,55.28333333333333,66.75133333333332,0,-3.3299999999999663,34.85999999999999,0,0
2026-03-12,57.464666666666666,66.75133333333332,0,-3.049999999999997,34.85999999999999,0,0
2026-03-13,59.08066666666667,66.75133333333332,0,-3.1500000000000306,34.85999999999999,0,0
2026-03-14,,,0,,,0,0
2026-03-15,,,0,,,0,0
2026-03-16,59.123333333333335,66.75133333333332,0,2.550000000000008,34.85999999999999,0,0
2026-03-17,58.30466666666666,66.75133333333332,0,-2.6000000000000245,34.85999999999999,0,0
2026-03-18,58.98999999999999,66.75133333333332,0,-6.000000000000005,34.85999999999999,0,0
2026-03-19,59.007666666666665,66.75133333333332,0,-5.649999999999977,34.85999999999999,0,0
2026-03-20,63.998,66.75133333333332,0,-5.949999999999989,34.85999999999999,0,0
2026-03-21,,,0,,,0,0
2026-03-22,,,0,,,0,0
2026-03-23,62.653,66.75133333333332,0,-5.949999999999989,34.85999999999999,0,0
2026-03-24,62.775,66.75133333333332,0,-4.760000000000009,34.85999999999999,0,0
2026-03-25,62.272333333333336,66.75133333333332,0,-3.4499999999999975,34.85999999999999,0,0
2026-03-26,64.30433333333333,66.73733333333332,0,-1.849999999999996,34.85999999999999,0,0
2026-03-27,66.54333333333334,66.36583333333333,1,-3.299999999999992,34.85999999999999,0,1
2026-03-28,,,1,,,0,1
2026-03-29,,,1,,,0,1
2026-03-30,66.37866666666666,66.34383333333334,1,-3.299999999999992,34.85999999999999,0,1
2026-03-31,65.15533333333333,66.25326666666666,0,1.8000000000000238,34.85999999999999,0,0
2026-04-01,63.115,66.0895,0,-0.9600000000000276,34.85999999999999,0,0
2026-04-02,63.148666666666664,66.07516666666668,0,0.0,34.85999999999999,0,0
2026-04-03,62.60333333333333,66.03283333333333,0,,,0,0
2026-04-04,,,0,,,0,0
2026-04-05,,,0,,,0,0
2026-04-06,61.645999999999994,65.61073333333331,0,-1.040000000000019,34.85999999999999,0,0
2026-04-07,62.18800000000001,64.83193333333332,0,-3.7799999999999834,34.85999999999999,0,0
2026-04-08,58.708000000000006,64.37711666666667,0,-6.030000000000024,34.85999999999999,0,0
2026-04-09,57.54066666666666,64.29638333333334,0,-8.000000000000007,34.85999999999999,0,0
2026-04-10,56.833666666666666,64.15676666666667,0,-4.590000000000005,34.85999999999999,0,0
2026-04-11,,,0,,,0,0
2026-04-12,,,0,,,0,0
2026-04-13,56.269666666666666,63.615799999999986,0,-3.3700000000000063,34.85999999999999,0,0
2026-04-14,54.82933333333333,63.133516666666665,0,-0.6399999999999739,34.85999999999999,0,0
2026-04-15,53.77733333333333,63.10825,0,6.059999999999999,34.85999999999999,0,0
2026-04-16,54.084666666666664,62.95374999999999,0,1.4800000000000146,34.85999999999999,0,0
2026-04-17,53.15233333333333,62.720099999999995,0,-0.0199999999999977,34.85999999999999,0,0
2026-04-18,,,0,,,0,0
2026-04-19,,,0,,,0,0
2026-04-20,53.334666666666664,62.630649999999996,0,-1.9500000000000297,34.85999999999999,0,0
2026-04-21,53.84566666666666,62.454383333333325,0,-2.220000000000022,34.85999999999999,0,0
2026-04-22,53.70333333333334,62.23438333333334,0,-1.3599999999999834,34.85999999999999,0,0
2026-04-23,54.050999999999995,62.12740000000001,0,-0.5300000000000082,34.85999999999999,0,0
2026-04-24,53.96733333333333,61.870033333333325,0,0.3800000000000025,34.85999999999999,0,0
2026-04-25,,,0,,,0,0
2026-04-26,,,0,,,0,0
2026-04-27,53.163333333333334,61.328299999999984,0,0.6000000000000227,34.85999999999999,0,0
2026-04-28,53.54833333333334,61.15729999999998,0,-0.749999999999984,34.85999999999999,0,0
2026-04-29,53.633,60.51079999999995,0,-1.9400000000000084,34.85999999999999,0,0
2026-04-30,53.61666666666667,60.51079999999995,0,1.5000000000000124,34.85999999999999,0,0
2026-05-01,53.230333333333334,60.51079999999995,0,-0.3499999999999836,34.85999999999999,0,0
2026-05-02,,,0,,,0,0
2026-05-03,,,0,,,0,0
2026-05-04,53.37200000000001,60.51079999999995,0,-1.100000000000012,34.85999999999999,0,0
2026-05-05,52.730333333333334,60.51079999999995,0,-1.9699999999999829,34.85999999999999,0,0
2026-05-06,51.51,60.51079999999995,0,-2.610000000000001,34.85999999999999,0,0
2026-05-07,50.76766666666666,60.51079999999995,0,-3.3500000000000085,34.85999999999999,0,0
2026-05-08,50.627,60.51079999999995,0,-3.069999999999995,34.85999999999999,0,0
2026-05-09,,,0,,,0,0
2026-05-10,,,0,,,0,0
2026-05-11,50.62200000000001,60.51079999999995,0,-3.049999999999997,34.85999999999999,0,0
2026-05-12,50.98566666666667,60.51079999999995,0,-2.950000000000008,34.85999999999999,0,0
2026-05-13,50.786,60.51079999999995,0,-3.310000000000013,34.85999999999999,0,0
2026-05-14,50.824666666666666,60.51079999999995,0,-5.299999999999994,34.85999999999999,0,0
2026-05-15,51.24266666666667,60.51079999999995,0,-5.35000000000001,34.85999999999999,0,0
2026-05-16,,,0,,,0,0
2026-05-17,,,0,,,0,0
2026-05-18,51.48466666666667,60.51079999999995,0,-6.800000000000006,34.85999999999999,0,0
2026-05-19,51.64633333333333,60.51079999999995,0,-6.240000000000023,34.85999999999999,0,0
2026-05-20,51.316,60.51079999999995,0,-7.390000000000008,34.85999999999999,0,0
2026-05-21,51.498,60.51079999999995,0,-9.670000000000025,34.85999999999999,0,0
2026-05-22,51.298333333333325,60.51079999999995,0,-6.500000000000039,34.85999999999999,0,0
2026-05-23,,,0,,,0,0
2026-05-24,,,0,,,0,0
2026-05-25,51.330999999999996,60.51079999999995,0,,,0,0
2026-05-26,51.151,60.51079999999995,0,1.059999999999972,34.85999999999999,0,0
2026-05-27,51.17600000000001,60.51079999999995,0,1.1099999999999888,34.85999999999999,0,0
2026-05-28,51.042,60.51079999999995,0,0.1700000000000034,34.85999999999999,0,0
2026-05-29,50.959,60.51079999999995,0,1.4499999999999955,34.85999999999999,0,0
2026-05-30,,,0,,,0,0
2026-05-31,,,0,,,0,0
2026-06-01,50.88066666666666,60.51079999999995,0,3.649999999999975,34.85999999999999,0,0
2026-06-02,50.671,60.51079999999995,0,1.8899999999999917,34.85999999999999,0,0
2026-06-03,50.711000000000006,60.51079999999995,0,-0.0300000000000189,34.85999999999999,0,0
2026-06-04,50.46133333333333,60.51079999999995,0,0.4700000000000148,34.85999999999999,0,0
2026-06-05,50.88166666666666,60.51079999999995,0,1.18999999999998,34.85999999999999,0,0
2026-06-06,,,0,,,0,0
2026-06-07,,,0,,,0,0
2026-06-08,50.864666666666665,60.51079999999995,0,1.0499999999999954,34.85999999999999,0,0
2026-06-09,51.276666666666664,60.51079999999995,0,-1.949999999999985,34.85999999999999,0,0
2026-06-10,51.10833333333333,60.51079999999995,0,-2.8000000000000025,34.85999999999999,0,0
2026-06-11,50.428666666666665,60.51079999999995,0,-2.3800000000000043,34.85999999999999,0,0
2026-06-12,50.37833333333333,60.51079999999995,0,2.119999999999989,34.85999999999999,0,0
2026-06-13,,,0,,,0,0
2026-06-14,,,0,,,0,0
2026-06-15,49.67933333333334,60.51079999999995,0,6.440000000000001,34.85999999999999,0,0
2026-06-16,49.49033333333333,60.51079999999995,0,0.1199999999999867,34.85999999999999,0,0
2026-06-17,49.36666666666667,60.51079999999995,0,-1.4499999999999955,34.85999999999999,0,0
2026-06-18,49.635,60.51079999999995,0,-2.2999999999999687,34.85999999999999,0,0
2026-06-19,49.61266666666666,60.51079999999995,0,,,0,0
2026-06-20,,,0,,,0,0
2026-06-21,,,0,,,0,0
2026-06-22,49.309,60.51079999999995,0,-3.639999999999999,34.85999999999999,0,0
2026-06-23,49.34866666666667,60.51079999999995,0,-2.959999999999985,34.85999999999999,0,0
2026-06-24,49.50899999999999,60.51079999999995,0,-3.049999999999997,34.85999999999999,0,0
2026-06-25,49.15333333333333,60.51079999999995,0,-0.4499999999999726,34.85999999999999,0,0
2026-06-26,49.76833333333334,60.51079999999995,0,-1.839999999999975,34.85999999999999,0,0
2026-06-27,,,0,,,0,0
2026-06-28,,,0,,,0,0
2026-06-29,49.44,60.51079999999995,0,-3.390000000000004,34.85999999999999,0,0
2026-06-30,49.35833333333333,60.51079999999995,0,2.4599999999999955,34.85999999999999,0,0
2026-07-01,49.37733333333333,60.51079999999995,0,-0.4599999999999937,34.85999999999999,0,0
2026-07-02,48.96,60.51079999999995,0,-2.2399999999999753,34.85999999999999,0,0
2026-07-03,48.95366666666666,60.51079999999995,0,,,0,0
2026-07-04,,,0,,,0,0
2026-07-05,,,0,,,0,0
2026-07-06,48.821666666666665,60.51079999999995,0,-4.190000000000005,34.85999999999999,0,0
2026-07-07,48.35433333333333,60.51079999999995,0,-5.169999999999986,34.85999999999999,0,0
2026-07-08,48.70066666666667,60.51079999999995,0,-8.409999999999984,34.85999999999999,0,0
2026-07-09,48.794333333333334,60.51079999999995,0,-12.919999999999998,34.85999999999999,0,0
2026-07-10,48.68066666666667,60.51079999999995,0,-13.01000000000001,34.85999999999999,0,0
2026-07-11,,,0,,,0,0
2026-07-12,,,0,,,0,0
2026-07-13,49.080000000000005,60.51079999999995,0,-10.939999999999994,34.85999999999999,0,0
2026-07-14,49.25133333333334,60.51079999999995,0,-4.830000000000023,34.85999999999999,0,0
2026-07-15,49.74466666666667,60.51079999999995,0,-2.4499999999999744,34.85999999999999,0,0
2026-07-16,49.52700000000001,60.51079999999995,0,-4.55000000000001,34.85999999999999,0,0
2026-07-17,49.83033333333333,60.51079999999995,0,-8.140000000000036,34.85999999999999,0,0
2026-07-18,,,0,,,0,0
2026-07-19,,,0,,,0,0
2026-07-20,49.81666666666666,60.51079999999995,0,-10.850000000000026,34.85999999999999,0,0
2026-07-21,49.47733333333333,60.51079999999995,0,-8.67,34.85999999999999,0,0
2026-07-22,49.428666666666665,60.51079999999995,0,-9.929999999999994,34.85999999999999,0,0
2026-07-23,50.28866666666667,60.51079999999995,0,-9.56999999999999,34.85999999999999,0,0
2026-07-24,50.03666666666667,60.51079999999995,0,-10.519999999999996,34.85999999999999,0,0
2026-07-25,,,0,,,0,0
2026-07-26,,,0,,,0,0
2026-07-27,50.20133333333333,60.51079999999995,0,-10.86999999999998,34.85999999999999,0,0
2026-07-28,50.54533333333333,60.51079999999995,0,,,0,0
2026-07-29,51.12866666666667,60.51079999999995,0,,,0,0
2026-07-30,,,0,,,0,0
2026-07-31,,,0,,,0,0
